ISO-10303-21;
HEADER;
/* Generated by software containing ST-Developer
 * from STEP Tools, Inc. (www.steptools.com) 
 */

FILE_DESCRIPTION(
/* description */ (''),
/* implementation_level */ '2;1');

FILE_NAME(
/* name */ '7in Touch Display Faceplate.stp',
/* time_stamp */ '2026-02-05T23:53:09-05:00',
/* author */ ('JoshuaEah'),
/* organization */ (''),
/* preprocessor_version */ 'ST-DEVELOPER v20.1',
/* originating_system */ 'Autodesk Inventor 2026',
/* authorisation */ '');

FILE_SCHEMA (('AUTOMOTIVE_DESIGN { 1 0 10303 214 3 1 1 }'));
ENDSEC;

DATA;
#10=MECHANICAL_DESIGN_GEOMETRIC_PRESENTATION_REPRESENTATION('',(#13),#2953);
#11=SHAPE_REPRESENTATION_RELATIONSHIP('SRR','None',#2960,#12);
#12=ADVANCED_BREP_SHAPE_REPRESENTATION('',(#14),#2952);
#13=STYLED_ITEM('',(#2969),#14);
#14=MANIFOLD_SOLID_BREP('Solid5',#1738);
#15=CYLINDRICAL_SURFACE('',#1869,10.);
#16=CYLINDRICAL_SURFACE('',#1871,10.);
#17=CYLINDRICAL_SURFACE('',#1873,7.5);
#18=CYLINDRICAL_SURFACE('',#1875,7.5);
#19=CYLINDRICAL_SURFACE('',#1877,7.5);
#20=CYLINDRICAL_SURFACE('',#1879,7.5);
#21=CYLINDRICAL_SURFACE('',#1886,7.5);
#22=CYLINDRICAL_SURFACE('',#1888,7.5);
#23=CYLINDRICAL_SURFACE('',#1890,7.5);
#24=CYLINDRICAL_SURFACE('',#1891,7.5);
#25=CYLINDRICAL_SURFACE('',#1893,10.);
#26=CYLINDRICAL_SURFACE('',#1894,10.);
#27=CYLINDRICAL_SURFACE('',#1909,1.);
#28=CYLINDRICAL_SURFACE('',#1914,1.);
#29=CYLINDRICAL_SURFACE('',#1918,2.);
#30=CYLINDRICAL_SURFACE('',#1921,2.);
#31=CYLINDRICAL_SURFACE('',#1924,2.);
#32=CYLINDRICAL_SURFACE('',#1927,2.);
#33=FACE_BOUND('',#270,.T.);
#34=FACE_BOUND('',#271,.T.);
#35=FACE_BOUND('',#272,.T.);
#36=FACE_BOUND('',#273,.T.);
#37=FACE_BOUND('',#274,.T.);
#38=FACE_BOUND('',#276,.T.);
#39=FACE_BOUND('',#318,.T.);
#40=FACE_BOUND('',#343,.T.);
#41=FACE_BOUND('',#358,.T.);
#42=CIRCLE('',#1763,10.);
#43=CIRCLE('',#1764,9.25);
#44=CIRCLE('',#1767,7.5);
#45=CIRCLE('',#1768,6.74999999999999);
#46=CIRCLE('',#1771,7.5);
#47=CIRCLE('',#1772,8.25);
#48=CIRCLE('',#1775,7.5);
#49=CIRCLE('',#1776,8.25);
#50=CIRCLE('',#1779,7.5);
#51=CIRCLE('',#1780,6.75);
#52=CIRCLE('',#1783,10.);
#53=CIRCLE('',#1784,9.24999999999999);
#54=CIRCLE('',#1787,10.);
#55=CIRCLE('',#1788,9.25);
#56=CIRCLE('',#1791,7.5);
#57=CIRCLE('',#1792,6.75);
#58=CIRCLE('',#1795,7.5);
#59=CIRCLE('',#1796,8.25);
#60=CIRCLE('',#1799,7.5);
#61=CIRCLE('',#1800,8.25000000000001);
#62=CIRCLE('',#1803,7.5);
#63=CIRCLE('',#1804,6.74999999999999);
#64=CIRCLE('',#1807,10.);
#65=CIRCLE('',#1808,9.25000000000001);
#66=CIRCLE('',#1811,2.);
#67=CIRCLE('',#1812,2.);
#68=CIRCLE('',#1813,2.);
#69=CIRCLE('',#1814,2.);
#70=CIRCLE('',#1816,1.);
#71=CIRCLE('',#1823,7.5);
#72=CIRCLE('',#1824,4.49999999999999);
#73=CIRCLE('',#1827,7.5);
#74=CIRCLE('',#1828,10.5);
#75=CIRCLE('',#1831,7.5);
#76=CIRCLE('',#1832,10.5);
#77=CIRCLE('',#1835,7.5);
#78=CIRCLE('',#1836,4.49999999999999);
#79=CIRCLE('',#1839,10.);
#80=CIRCLE('',#1840,7.);
#81=CIRCLE('',#1843,10.);
#82=CIRCLE('',#1844,7.);
#83=CIRCLE('',#1847,7.5);
#84=CIRCLE('',#1848,4.5);
#85=CIRCLE('',#1851,7.5);
#86=CIRCLE('',#1852,10.5);
#87=CIRCLE('',#1855,7.5);
#88=CIRCLE('',#1856,10.5);
#89=CIRCLE('',#1859,7.5);
#90=CIRCLE('',#1860,4.5);
#91=CIRCLE('',#1863,10.);
#92=CIRCLE('',#1864,7.);
#93=CIRCLE('',#1867,10.);
#94=CIRCLE('',#1868,7.);
#95=CIRCLE('',#1882,7.99999999999999);
#96=CIRCLE('',#1883,8.);
#97=CIRCLE('',#1884,8.);
#98=CIRCLE('',#1885,7.99999999999999);
#99=CIRCLE('',#1899,5.);
#100=CIRCLE('',#1902,5.);
#101=CIRCLE('',#1905,5.);
#102=CIRCLE('',#1908,5.);
#103=CIRCLE('',#1910,1.);
#104=CIRCLE('',#1911,1.);
#105=CIRCLE('',#1913,1.);
#106=CIRCLE('',#1919,2.);
#107=CIRCLE('',#1922,2.);
#108=CIRCLE('',#1925,2.);
#109=CIRCLE('',#1928,2.);
#110=CONICAL_SURFACE('',#1762,9.625,0.785398163397447);
#111=CONICAL_SURFACE('',#1766,7.125,0.785398163397451);
#112=CONICAL_SURFACE('',#1770,7.875,0.785398163397451);
#113=CONICAL_SURFACE('',#1774,7.875,0.785398163397449);
#114=CONICAL_SURFACE('',#1778,7.125,0.785398163397449);
#115=CONICAL_SURFACE('',#1782,9.62499999999999,0.785398163397453);
#116=CONICAL_SURFACE('',#1786,9.625,0.785398163397447);
#117=CONICAL_SURFACE('',#1790,7.125,0.785398163397449);
#118=CONICAL_SURFACE('',#1794,7.875,0.785398163397448);
#119=CONICAL_SURFACE('',#1798,7.875,0.785398163397451);
#120=CONICAL_SURFACE('',#1802,7.125,0.785398163397453);
#121=CONICAL_SURFACE('',#1806,9.62500000000001,0.785398163397442);
#122=CONICAL_SURFACE('',#1822,5.99999999999999,0.78539816339745);
#123=CONICAL_SURFACE('',#1826,9.,0.78539816339745);
#124=CONICAL_SURFACE('',#1830,9.,0.78539816339745);
#125=CONICAL_SURFACE('',#1834,6.,0.785398163397449);
#126=CONICAL_SURFACE('',#1838,8.5,0.785398163397447);
#127=CONICAL_SURFACE('',#1842,8.5,0.785398163397448);
#128=CONICAL_SURFACE('',#1846,6.,0.785398163397448);
#129=CONICAL_SURFACE('',#1850,9.,0.785398163397449);
#130=CONICAL_SURFACE('',#1854,9.,0.785398163397448);
#131=CONICAL_SURFACE('',#1858,6.,0.785398163397448);
#132=CONICAL_SURFACE('',#1862,8.5,0.785398163397448);
#133=CONICAL_SURFACE('',#1866,8.5,0.785398163397447);
#134=CONICAL_SURFACE('',#1898,6.5,0.785398163397447);
#135=CONICAL_SURFACE('',#1901,6.5,0.785398163397448);
#136=CONICAL_SURFACE('',#1904,6.5,0.785398163397449);
#137=CONICAL_SURFACE('',#1907,6.5,0.785398163397447);
#138=FACE_OUTER_BOUND('',#244,.T.);
#139=FACE_OUTER_BOUND('',#245,.T.);
#140=FACE_OUTER_BOUND('',#246,.T.);
#141=FACE_OUTER_BOUND('',#247,.T.);
#142=FACE_OUTER_BOUND('',#248,.T.);
#143=FACE_OUTER_BOUND('',#249,.T.);
#144=FACE_OUTER_BOUND('',#250,.T.);
#145=FACE_OUTER_BOUND('',#251,.T.);
#146=FACE_OUTER_BOUND('',#252,.T.);
#147=FACE_OUTER_BOUND('',#253,.T.);
#148=FACE_OUTER_BOUND('',#254,.T.);
#149=FACE_OUTER_BOUND('',#255,.T.);
#150=FACE_OUTER_BOUND('',#256,.T.);
#151=FACE_OUTER_BOUND('',#257,.T.);
#152=FACE_OUTER_BOUND('',#258,.T.);
#153=FACE_OUTER_BOUND('',#259,.T.);
#154=FACE_OUTER_BOUND('',#260,.T.);
#155=FACE_OUTER_BOUND('',#261,.T.);
#156=FACE_OUTER_BOUND('',#262,.T.);
#157=FACE_OUTER_BOUND('',#263,.T.);
#158=FACE_OUTER_BOUND('',#264,.T.);
#159=FACE_OUTER_BOUND('',#265,.T.);
#160=FACE_OUTER_BOUND('',#266,.T.);
#161=FACE_OUTER_BOUND('',#267,.T.);
#162=FACE_OUTER_BOUND('',#268,.T.);
#163=FACE_OUTER_BOUND('',#269,.T.);
#164=FACE_OUTER_BOUND('',#275,.T.);
#165=FACE_OUTER_BOUND('',#277,.T.);
#166=FACE_OUTER_BOUND('',#278,.T.);
#167=FACE_OUTER_BOUND('',#279,.T.);
#168=FACE_OUTER_BOUND('',#280,.T.);
#169=FACE_OUTER_BOUND('',#281,.T.);
#170=FACE_OUTER_BOUND('',#282,.T.);
#171=FACE_OUTER_BOUND('',#283,.T.);
#172=FACE_OUTER_BOUND('',#284,.T.);
#173=FACE_OUTER_BOUND('',#285,.T.);
#174=FACE_OUTER_BOUND('',#286,.T.);
#175=FACE_OUTER_BOUND('',#287,.T.);
#176=FACE_OUTER_BOUND('',#288,.T.);
#177=FACE_OUTER_BOUND('',#289,.T.);
#178=FACE_OUTER_BOUND('',#290,.T.);
#179=FACE_OUTER_BOUND('',#291,.T.);
#180=FACE_OUTER_BOUND('',#292,.T.);
#181=FACE_OUTER_BOUND('',#293,.T.);
#182=FACE_OUTER_BOUND('',#294,.T.);
#183=FACE_OUTER_BOUND('',#295,.T.);
#184=FACE_OUTER_BOUND('',#296,.T.);
#185=FACE_OUTER_BOUND('',#297,.T.);
#186=FACE_OUTER_BOUND('',#298,.T.);
#187=FACE_OUTER_BOUND('',#299,.T.);
#188=FACE_OUTER_BOUND('',#300,.T.);
#189=FACE_OUTER_BOUND('',#301,.T.);
#190=FACE_OUTER_BOUND('',#302,.T.);
#191=FACE_OUTER_BOUND('',#303,.T.);
#192=FACE_OUTER_BOUND('',#304,.T.);
#193=FACE_OUTER_BOUND('',#305,.T.);
#194=FACE_OUTER_BOUND('',#306,.T.);
#195=FACE_OUTER_BOUND('',#307,.T.);
#196=FACE_OUTER_BOUND('',#308,.T.);
#197=FACE_OUTER_BOUND('',#309,.T.);
#198=FACE_OUTER_BOUND('',#310,.T.);
#199=FACE_OUTER_BOUND('',#311,.T.);
#200=FACE_OUTER_BOUND('',#312,.T.);
#201=FACE_OUTER_BOUND('',#313,.T.);
#202=FACE_OUTER_BOUND('',#314,.T.);
#203=FACE_OUTER_BOUND('',#315,.T.);
#204=FACE_OUTER_BOUND('',#316,.T.);
#205=FACE_OUTER_BOUND('',#317,.T.);
#206=FACE_OUTER_BOUND('',#319,.T.);
#207=FACE_OUTER_BOUND('',#320,.T.);
#208=FACE_OUTER_BOUND('',#321,.T.);
#209=FACE_OUTER_BOUND('',#322,.T.);
#210=FACE_OUTER_BOUND('',#323,.T.);
#211=FACE_OUTER_BOUND('',#324,.T.);
#212=FACE_OUTER_BOUND('',#325,.T.);
#213=FACE_OUTER_BOUND('',#326,.T.);
#214=FACE_OUTER_BOUND('',#327,.T.);
#215=FACE_OUTER_BOUND('',#328,.T.);
#216=FACE_OUTER_BOUND('',#329,.T.);
#217=FACE_OUTER_BOUND('',#330,.T.);
#218=FACE_OUTER_BOUND('',#331,.T.);
#219=FACE_OUTER_BOUND('',#332,.T.);
#220=FACE_OUTER_BOUND('',#333,.T.);
#221=FACE_OUTER_BOUND('',#334,.T.);
#222=FACE_OUTER_BOUND('',#335,.T.);
#223=FACE_OUTER_BOUND('',#336,.T.);
#224=FACE_OUTER_BOUND('',#337,.T.);
#225=FACE_OUTER_BOUND('',#338,.T.);
#226=FACE_OUTER_BOUND('',#339,.T.);
#227=FACE_OUTER_BOUND('',#340,.T.);
#228=FACE_OUTER_BOUND('',#341,.T.);
#229=FACE_OUTER_BOUND('',#342,.T.);
#230=FACE_OUTER_BOUND('',#344,.T.);
#231=FACE_OUTER_BOUND('',#345,.T.);
#232=FACE_OUTER_BOUND('',#346,.T.);
#233=FACE_OUTER_BOUND('',#347,.T.);
#234=FACE_OUTER_BOUND('',#348,.T.);
#235=FACE_OUTER_BOUND('',#349,.T.);
#236=FACE_OUTER_BOUND('',#350,.T.);
#237=FACE_OUTER_BOUND('',#351,.T.);
#238=FACE_OUTER_BOUND('',#352,.T.);
#239=FACE_OUTER_BOUND('',#353,.T.);
#240=FACE_OUTER_BOUND('',#354,.T.);
#241=FACE_OUTER_BOUND('',#355,.T.);
#242=FACE_OUTER_BOUND('',#356,.T.);
#243=FACE_OUTER_BOUND('',#357,.T.);
#244=EDGE_LOOP('',(#1090,#1091,#1092,#1093));
#245=EDGE_LOOP('',(#1094,#1095,#1096,#1097));
#246=EDGE_LOOP('',(#1098,#1099,#1100,#1101));
#247=EDGE_LOOP('',(#1102,#1103,#1104,#1105));
#248=EDGE_LOOP('',(#1106,#1107,#1108,#1109));
#249=EDGE_LOOP('',(#1110,#1111,#1112,#1113));
#250=EDGE_LOOP('',(#1114,#1115,#1116,#1117));
#251=EDGE_LOOP('',(#1118,#1119,#1120,#1121));
#252=EDGE_LOOP('',(#1122,#1123,#1124,#1125));
#253=EDGE_LOOP('',(#1126,#1127,#1128,#1129));
#254=EDGE_LOOP('',(#1130,#1131,#1132,#1133));
#255=EDGE_LOOP('',(#1134,#1135,#1136,#1137));
#256=EDGE_LOOP('',(#1138,#1139,#1140,#1141));
#257=EDGE_LOOP('',(#1142,#1143,#1144,#1145));
#258=EDGE_LOOP('',(#1146,#1147,#1148,#1149));
#259=EDGE_LOOP('',(#1150,#1151,#1152,#1153));
#260=EDGE_LOOP('',(#1154,#1155,#1156,#1157));
#261=EDGE_LOOP('',(#1158,#1159,#1160,#1161));
#262=EDGE_LOOP('',(#1162,#1163,#1164,#1165));
#263=EDGE_LOOP('',(#1166,#1167,#1168,#1169));
#264=EDGE_LOOP('',(#1170,#1171,#1172,#1173));
#265=EDGE_LOOP('',(#1174,#1175,#1176,#1177));
#266=EDGE_LOOP('',(#1178,#1179,#1180,#1181));
#267=EDGE_LOOP('',(#1182,#1183,#1184,#1185));
#268=EDGE_LOOP('',(#1186,#1187,#1188,#1189));
#269=EDGE_LOOP('',(#1190,#1191,#1192,#1193,#1194,#1195,#1196,#1197,#1198,
#1199,#1200,#1201,#1202,#1203,#1204,#1205,#1206,#1207,#1208,#1209,#1210,
#1211,#1212,#1213,#1214,#1215,#1216,#1217));
#270=EDGE_LOOP('',(#1218,#1219,#1220,#1221));
#271=EDGE_LOOP('',(#1222));
#272=EDGE_LOOP('',(#1223));
#273=EDGE_LOOP('',(#1224));
#274=EDGE_LOOP('',(#1225));
#275=EDGE_LOOP('',(#1226,#1227,#1228,#1229,#1230,#1231));
#276=EDGE_LOOP('',(#1232));
#277=EDGE_LOOP('',(#1233,#1234,#1235,#1236));
#278=EDGE_LOOP('',(#1237,#1238,#1239,#1240));
#279=EDGE_LOOP('',(#1241,#1242,#1243,#1244));
#280=EDGE_LOOP('',(#1245,#1246,#1247,#1248));
#281=EDGE_LOOP('',(#1249,#1250,#1251,#1252));
#282=EDGE_LOOP('',(#1253,#1254,#1255,#1256));
#283=EDGE_LOOP('',(#1257,#1258,#1259,#1260));
#284=EDGE_LOOP('',(#1261,#1262,#1263,#1264));
#285=EDGE_LOOP('',(#1265,#1266,#1267,#1268));
#286=EDGE_LOOP('',(#1269,#1270,#1271,#1272));
#287=EDGE_LOOP('',(#1273,#1274,#1275,#1276));
#288=EDGE_LOOP('',(#1277,#1278,#1279,#1280));
#289=EDGE_LOOP('',(#1281,#1282,#1283,#1284));
#290=EDGE_LOOP('',(#1285,#1286,#1287,#1288));
#291=EDGE_LOOP('',(#1289,#1290,#1291,#1292));
#292=EDGE_LOOP('',(#1293,#1294,#1295,#1296));
#293=EDGE_LOOP('',(#1297,#1298,#1299,#1300));
#294=EDGE_LOOP('',(#1301,#1302,#1303,#1304));
#295=EDGE_LOOP('',(#1305,#1306,#1307,#1308));
#296=EDGE_LOOP('',(#1309,#1310,#1311,#1312));
#297=EDGE_LOOP('',(#1313,#1314,#1315,#1316));
#298=EDGE_LOOP('',(#1317,#1318,#1319,#1320));
#299=EDGE_LOOP('',(#1321,#1322,#1323,#1324));
#300=EDGE_LOOP('',(#1325,#1326,#1327,#1328));
#301=EDGE_LOOP('',(#1329,#1330,#1331,#1332));
#302=EDGE_LOOP('',(#1333,#1334,#1335,#1336));
#303=EDGE_LOOP('',(#1337,#1338,#1339,#1340,#1341,#1342));
#304=EDGE_LOOP('',(#1343,#1344,#1345,#1346));
#305=EDGE_LOOP('',(#1347,#1348,#1349,#1350));
#306=EDGE_LOOP('',(#1351,#1352,#1353,#1354));
#307=EDGE_LOOP('',(#1355,#1356,#1357,#1358));
#308=EDGE_LOOP('',(#1359,#1360,#1361,#1362));
#309=EDGE_LOOP('',(#1363,#1364,#1365,#1366));
#310=EDGE_LOOP('',(#1367,#1368,#1369,#1370));
#311=EDGE_LOOP('',(#1371,#1372,#1373,#1374));
#312=EDGE_LOOP('',(#1375,#1376,#1377,#1378));
#313=EDGE_LOOP('',(#1379,#1380,#1381,#1382));
#314=EDGE_LOOP('',(#1383,#1384,#1385,#1386));
#315=EDGE_LOOP('',(#1387,#1388,#1389,#1390));
#316=EDGE_LOOP('',(#1391,#1392,#1393,#1394));
#317=EDGE_LOOP('',(#1395,#1396,#1397,#1398,#1399,#1400,#1401,#1402,#1403,
#1404,#1405,#1406,#1407,#1408,#1409,#1410,#1411,#1412,#1413,#1414,#1415,
#1416,#1417,#1418));
#318=EDGE_LOOP('',(#1419,#1420,#1421,#1422,#1423,#1424,#1425,#1426));
#319=EDGE_LOOP('',(#1427,#1428,#1429,#1430));
#320=EDGE_LOOP('',(#1431,#1432,#1433,#1434));
#321=EDGE_LOOP('',(#1435,#1436,#1437,#1438));
#322=EDGE_LOOP('',(#1439,#1440,#1441,#1442));
#323=EDGE_LOOP('',(#1443,#1444,#1445,#1446));
#324=EDGE_LOOP('',(#1447,#1448,#1449,#1450));
#325=EDGE_LOOP('',(#1451,#1452,#1453,#1454));
#326=EDGE_LOOP('',(#1455,#1456,#1457,#1458));
#327=EDGE_LOOP('',(#1459,#1460,#1461,#1462));
#328=EDGE_LOOP('',(#1463,#1464,#1465,#1466));
#329=EDGE_LOOP('',(#1467,#1468,#1469,#1470));
#330=EDGE_LOOP('',(#1471,#1472,#1473,#1474));
#331=EDGE_LOOP('',(#1475,#1476,#1477,#1478));
#332=EDGE_LOOP('',(#1479,#1480,#1481,#1482));
#333=EDGE_LOOP('',(#1483,#1484,#1485,#1486));
#334=EDGE_LOOP('',(#1487,#1488,#1489,#1490));
#335=EDGE_LOOP('',(#1491,#1492,#1493,#1494));
#336=EDGE_LOOP('',(#1495,#1496,#1497,#1498));
#337=EDGE_LOOP('',(#1499,#1500,#1501,#1502));
#338=EDGE_LOOP('',(#1503,#1504,#1505,#1506));
#339=EDGE_LOOP('',(#1507));
#340=EDGE_LOOP('',(#1508,#1509,#1510,#1511));
#341=EDGE_LOOP('',(#1512));
#342=EDGE_LOOP('',(#1513,#1514,#1515,#1516,#1517,#1518));
#343=EDGE_LOOP('',(#1519));
#344=EDGE_LOOP('',(#1520,#1521,#1522,#1523));
#345=EDGE_LOOP('',(#1524,#1525,#1526,#1527));
#346=EDGE_LOOP('',(#1528));
#347=EDGE_LOOP('',(#1529,#1530,#1531,#1532));
#348=EDGE_LOOP('',(#1533));
#349=EDGE_LOOP('',(#1534,#1535,#1536,#1537));
#350=EDGE_LOOP('',(#1538));
#351=EDGE_LOOP('',(#1539,#1540,#1541,#1542));
#352=EDGE_LOOP('',(#1543));
#353=EDGE_LOOP('',(#1544,#1545,#1546,#1547));
#354=EDGE_LOOP('',(#1548,#1549,#1550,#1551));
#355=EDGE_LOOP('',(#1552,#1553,#1554,#1555));
#356=EDGE_LOOP('',(#1556,#1557,#1558,#1559));
#357=EDGE_LOOP('',(#1560,#1561,#1562,#1563));
#358=EDGE_LOOP('',(#1564,#1565,#1566,#1567,#1568,#1569,#1570,#1571));
#359=LINE('',#2462,#532);
#360=LINE('',#2464,#533);
#361=LINE('',#2466,#534);
#362=LINE('',#2467,#535);
#363=LINE('',#2471,#536);
#364=LINE('',#2477,#537);
#365=LINE('',#2478,#538);
#366=LINE('',#2479,#539);
#367=LINE('',#2483,#540);
#368=LINE('',#2489,#541);
#369=LINE('',#2490,#542);
#370=LINE('',#2491,#543);
#371=LINE('',#2495,#544);
#372=LINE('',#2500,#545);
#373=LINE('',#2502,#546);
#374=LINE('',#2503,#547);
#375=LINE('',#2507,#548);
#376=LINE('',#2513,#549);
#377=LINE('',#2514,#550);
#378=LINE('',#2515,#551);
#379=LINE('',#2519,#552);
#380=LINE('',#2525,#553);
#381=LINE('',#2526,#554);
#382=LINE('',#2527,#555);
#383=LINE('',#2531,#556);
#384=LINE('',#2537,#557);
#385=LINE('',#2538,#558);
#386=LINE('',#2539,#559);
#387=LINE('',#2543,#560);
#388=LINE('',#2549,#561);
#389=LINE('',#2550,#562);
#390=LINE('',#2551,#563);
#391=LINE('',#2555,#564);
#392=LINE('',#2561,#565);
#393=LINE('',#2562,#566);
#394=LINE('',#2563,#567);
#395=LINE('',#2567,#568);
#396=LINE('',#2572,#569);
#397=LINE('',#2574,#570);
#398=LINE('',#2575,#571);
#399=LINE('',#2579,#572);
#400=LINE('',#2585,#573);
#401=LINE('',#2586,#574);
#402=LINE('',#2587,#575);
#403=LINE('',#2591,#576);
#404=LINE('',#2597,#577);
#405=LINE('',#2598,#578);
#406=LINE('',#2599,#579);
#407=LINE('',#2603,#580);
#408=LINE('',#2609,#581);
#409=LINE('',#2610,#582);
#410=LINE('',#2611,#583);
#411=LINE('',#2614,#584);
#412=LINE('',#2616,#585);
#413=LINE('',#2617,#586);
#414=LINE('',#2620,#587);
#415=LINE('',#2622,#588);
#416=LINE('',#2624,#589);
#417=LINE('',#2625,#590);
#418=LINE('',#2636,#591);
#419=LINE('',#2638,#592);
#420=LINE('',#2640,#593);
#421=LINE('',#2641,#594);
#422=LINE('',#2646,#595);
#423=LINE('',#2647,#596);
#424=LINE('',#2651,#597);
#425=LINE('',#2652,#598);
#426=LINE('',#2653,#599);
#427=LINE('',#2656,#600);
#428=LINE('',#2657,#601);
#429=LINE('',#2659,#602);
#430=LINE('',#2661,#603);
#431=LINE('',#2662,#604);
#432=LINE('',#2666,#605);
#433=LINE('',#2668,#606);
#434=LINE('',#2670,#607);
#435=LINE('',#2671,#608);
#436=LINE('',#2676,#609);
#437=LINE('',#2680,#610);
#438=LINE('',#2682,#611);
#439=LINE('',#2683,#612);
#440=LINE('',#2688,#613);
#441=LINE('',#2693,#614);
#442=LINE('',#2694,#615);
#443=LINE('',#2695,#616);
#444=LINE('',#2700,#617);
#445=LINE('',#2704,#618);
#446=LINE('',#2706,#619);
#447=LINE('',#2707,#620);
#448=LINE('',#2712,#621);
#449=LINE('',#2717,#622);
#450=LINE('',#2718,#623);
#451=LINE('',#2719,#624);
#452=LINE('',#2724,#625);
#453=LINE('',#2729,#626);
#454=LINE('',#2730,#627);
#455=LINE('',#2731,#628);
#456=LINE('',#2736,#629);
#457=LINE('',#2741,#630);
#458=LINE('',#2742,#631);
#459=LINE('',#2743,#632);
#460=LINE('',#2748,#633);
#461=LINE('',#2752,#634);
#462=LINE('',#2754,#635);
#463=LINE('',#2755,#636);
#464=LINE('',#2760,#637);
#465=LINE('',#2765,#638);
#466=LINE('',#2766,#639);
#467=LINE('',#2767,#640);
#468=LINE('',#2772,#641);
#469=LINE('',#2776,#642);
#470=LINE('',#2778,#643);
#471=LINE('',#2779,#644);
#472=LINE('',#2784,#645);
#473=LINE('',#2789,#646);
#474=LINE('',#2790,#647);
#475=LINE('',#2791,#648);
#476=LINE('',#2795,#649);
#477=LINE('',#2799,#650);
#478=LINE('',#2800,#651);
#479=LINE('',#2805,#652);
#480=LINE('',#2806,#653);
#481=LINE('',#2808,#654);
#482=LINE('',#2810,#655);
#483=LINE('',#2812,#656);
#484=LINE('',#2814,#657);
#485=LINE('',#2816,#658);
#486=LINE('',#2818,#659);
#487=LINE('',#2820,#660);
#488=LINE('',#2822,#661);
#489=LINE('',#2824,#662);
#490=LINE('',#2826,#663);
#491=LINE('',#2828,#664);
#492=LINE('',#2832,#665);
#493=LINE('',#2836,#666);
#494=LINE('',#2840,#667);
#495=LINE('',#2844,#668);
#496=LINE('',#2847,#669);
#497=LINE('',#2848,#670);
#498=LINE('',#2850,#671);
#499=LINE('',#2852,#672);
#500=LINE('',#2853,#673);
#501=LINE('',#2856,#674);
#502=LINE('',#2858,#675);
#503=LINE('',#2859,#676);
#504=LINE('',#2863,#677);
#505=LINE('',#2868,#678);
#506=LINE('',#2870,#679);
#507=LINE('',#2871,#680);
#508=LINE('',#2875,#681);
#509=LINE('',#2878,#682);
#510=LINE('',#2879,#683);
#511=LINE('',#2883,#684);
#512=LINE('',#2886,#685);
#513=LINE('',#2887,#686);
#514=LINE('',#2891,#687);
#515=LINE('',#2894,#688);
#516=LINE('',#2895,#689);
#517=LINE('',#2902,#690);
#518=LINE('',#2908,#691);
#519=LINE('',#2911,#692);
#520=LINE('',#2915,#693);
#521=LINE('',#2920,#694);
#522=LINE('',#2925,#695);
#523=LINE('',#2930,#696);
#524=LINE('',#2935,#697);
#525=LINE('',#2937,#698);
#526=LINE('',#2938,#699);
#527=LINE('',#2941,#700);
#528=LINE('',#2942,#701);
#529=LINE('',#2945,#702);
#530=LINE('',#2946,#703);
#531=LINE('',#2948,#704);
#532=VECTOR('',#1939,10.);
#533=VECTOR('',#1940,10.);
#534=VECTOR('',#1941,10.);
#535=VECTOR('',#1942,10.);
#536=VECTOR('',#1945,10.);
#537=VECTOR('',#1952,10.);
#538=VECTOR('',#1953,10.);
#539=VECTOR('',#1954,10.);
#540=VECTOR('',#1957,10.);
#541=VECTOR('',#1964,10.);
#542=VECTOR('',#1965,10.);
#543=VECTOR('',#1966,10.);
#544=VECTOR('',#1969,10.);
#545=VECTOR('',#1976,10.);
#546=VECTOR('',#1977,10.);
#547=VECTOR('',#1978,10.);
#548=VECTOR('',#1981,10.);
#549=VECTOR('',#1988,10.);
#550=VECTOR('',#1989,10.);
#551=VECTOR('',#1990,10.);
#552=VECTOR('',#1993,10.);
#553=VECTOR('',#2000,10.);
#554=VECTOR('',#2001,10.);
#555=VECTOR('',#2002,10.);
#556=VECTOR('',#2005,10.);
#557=VECTOR('',#2012,10.);
#558=VECTOR('',#2013,10.);
#559=VECTOR('',#2014,10.);
#560=VECTOR('',#2017,10.);
#561=VECTOR('',#2024,10.);
#562=VECTOR('',#2025,10.);
#563=VECTOR('',#2026,10.);
#564=VECTOR('',#2029,10.);
#565=VECTOR('',#2036,10.);
#566=VECTOR('',#2037,10.);
#567=VECTOR('',#2038,10.);
#568=VECTOR('',#2041,10.);
#569=VECTOR('',#2048,10.);
#570=VECTOR('',#2049,10.);
#571=VECTOR('',#2050,10.);
#572=VECTOR('',#2053,10.);
#573=VECTOR('',#2060,10.);
#574=VECTOR('',#2061,10.);
#575=VECTOR('',#2062,10.);
#576=VECTOR('',#2065,10.);
#577=VECTOR('',#2072,10.);
#578=VECTOR('',#2073,10.);
#579=VECTOR('',#2074,10.);
#580=VECTOR('',#2077,10.);
#581=VECTOR('',#2084,10.);
#582=VECTOR('',#2085,10.);
#583=VECTOR('',#2086,10.);
#584=VECTOR('',#2089,10.);
#585=VECTOR('',#2090,10.);
#586=VECTOR('',#2091,10.);
#587=VECTOR('',#2092,10.);
#588=VECTOR('',#2093,10.);
#589=VECTOR('',#2094,10.);
#590=VECTOR('',#2095,10.);
#591=VECTOR('',#2106,10.);
#592=VECTOR('',#2107,10.);
#593=VECTOR('',#2108,10.);
#594=VECTOR('',#2109,10.);
#595=VECTOR('',#2114,10.);
#596=VECTOR('',#2115,10.);
#597=VECTOR('',#2118,10.);
#598=VECTOR('',#2119,10.);
#599=VECTOR('',#2120,10.);
#600=VECTOR('',#2123,10.);
#601=VECTOR('',#2124,10.);
#602=VECTOR('',#2127,10.);
#603=VECTOR('',#2128,10.);
#604=VECTOR('',#2129,10.);
#605=VECTOR('',#2132,10.);
#606=VECTOR('',#2133,10.);
#607=VECTOR('',#2134,10.);
#608=VECTOR('',#2135,10.);
#609=VECTOR('',#2140,10.);
#610=VECTOR('',#2145,10.);
#611=VECTOR('',#2146,10.);
#612=VECTOR('',#2147,10.);
#613=VECTOR('',#2152,10.);
#614=VECTOR('',#2157,10.);
#615=VECTOR('',#2158,10.);
#616=VECTOR('',#2159,10.);
#617=VECTOR('',#2164,10.);
#618=VECTOR('',#2169,10.);
#619=VECTOR('',#2170,10.);
#620=VECTOR('',#2171,10.);
#621=VECTOR('',#2176,10.);
#622=VECTOR('',#2181,10.);
#623=VECTOR('',#2182,10.);
#624=VECTOR('',#2183,10.);
#625=VECTOR('',#2188,10.);
#626=VECTOR('',#2193,10.);
#627=VECTOR('',#2194,10.);
#628=VECTOR('',#2195,10.);
#629=VECTOR('',#2200,10.);
#630=VECTOR('',#2205,10.);
#631=VECTOR('',#2206,10.);
#632=VECTOR('',#2207,10.);
#633=VECTOR('',#2212,10.);
#634=VECTOR('',#2217,10.);
#635=VECTOR('',#2218,10.);
#636=VECTOR('',#2219,10.);
#637=VECTOR('',#2224,10.);
#638=VECTOR('',#2229,10.);
#639=VECTOR('',#2230,10.);
#640=VECTOR('',#2231,10.);
#641=VECTOR('',#2236,10.);
#642=VECTOR('',#2241,10.);
#643=VECTOR('',#2242,10.);
#644=VECTOR('',#2243,10.);
#645=VECTOR('',#2248,10.);
#646=VECTOR('',#2253,10.);
#647=VECTOR('',#2254,10.);
#648=VECTOR('',#2255,10.);
#649=VECTOR('',#2260,10.);
#650=VECTOR('',#2265,10.);
#651=VECTOR('',#2266,10.);
#652=VECTOR('',#2275,10.);
#653=VECTOR('',#2276,10.);
#654=VECTOR('',#2279,10.);
#655=VECTOR('',#2282,10.);
#656=VECTOR('',#2285,10.);
#657=VECTOR('',#2288,10.);
#658=VECTOR('',#2291,10.);
#659=VECTOR('',#2294,10.);
#660=VECTOR('',#2297,10.);
#661=VECTOR('',#2300,10.);
#662=VECTOR('',#2303,10.);
#663=VECTOR('',#2306,10.);
#664=VECTOR('',#2309,10.);
#665=VECTOR('',#2312,10.);
#666=VECTOR('',#2315,10.);
#667=VECTOR('',#2318,10.);
#668=VECTOR('',#2321,10.);
#669=VECTOR('',#2326,10.);
#670=VECTOR('',#2327,10.);
#671=VECTOR('',#2330,10.);
#672=VECTOR('',#2333,10.);
#673=VECTOR('',#2334,10.);
#674=VECTOR('',#2339,10.);
#675=VECTOR('',#2342,10.);
#676=VECTOR('',#2343,10.);
#677=VECTOR('',#2350,10.);
#678=VECTOR('',#2357,10.);
#679=VECTOR('',#2358,10.);
#680=VECTOR('',#2359,10.);
#681=VECTOR('',#2364,10.);
#682=VECTOR('',#2367,10.);
#683=VECTOR('',#2368,10.);
#684=VECTOR('',#2373,10.);
#685=VECTOR('',#2376,10.);
#686=VECTOR('',#2377,10.);
#687=VECTOR('',#2382,10.);
#688=VECTOR('',#2385,10.);
#689=VECTOR('',#2386,10.);
#690=VECTOR('',#2395,1.);
#691=VECTOR('',#2404,1.);
#692=VECTOR('',#2409,10.);
#693=VECTOR('',#2414,2.);
#694=VECTOR('',#2421,2.);
#695=VECTOR('',#2428,2.);
#696=VECTOR('',#2435,2.);
#697=VECTOR('',#2442,10.);
#698=VECTOR('',#2443,10.);
#699=VECTOR('',#2444,10.);
#700=VECTOR('',#2447,10.);
#701=VECTOR('',#2448,10.);
#702=VECTOR('',#2451,10.);
#703=VECTOR('',#2452,10.);
#704=VECTOR('',#2455,10.);
#705=VERTEX_POINT('',#2460);
#706=VERTEX_POINT('',#2461);
#707=VERTEX_POINT('',#2463);
#708=VERTEX_POINT('',#2465);
#709=VERTEX_POINT('',#2469);
#710=VERTEX_POINT('',#2470);
#711=VERTEX_POINT('',#2475);
#712=VERTEX_POINT('',#2476);
#713=VERTEX_POINT('',#2481);
#714=VERTEX_POINT('',#2482);
#715=VERTEX_POINT('',#2487);
#716=VERTEX_POINT('',#2488);
#717=VERTEX_POINT('',#2493);
#718=VERTEX_POINT('',#2494);
#719=VERTEX_POINT('',#2499);
#720=VERTEX_POINT('',#2501);
#721=VERTEX_POINT('',#2505);
#722=VERTEX_POINT('',#2506);
#723=VERTEX_POINT('',#2511);
#724=VERTEX_POINT('',#2512);
#725=VERTEX_POINT('',#2517);
#726=VERTEX_POINT('',#2518);
#727=VERTEX_POINT('',#2523);
#728=VERTEX_POINT('',#2524);
#729=VERTEX_POINT('',#2529);
#730=VERTEX_POINT('',#2530);
#731=VERTEX_POINT('',#2535);
#732=VERTEX_POINT('',#2536);
#733=VERTEX_POINT('',#2541);
#734=VERTEX_POINT('',#2542);
#735=VERTEX_POINT('',#2547);
#736=VERTEX_POINT('',#2548);
#737=VERTEX_POINT('',#2553);
#738=VERTEX_POINT('',#2554);
#739=VERTEX_POINT('',#2559);
#740=VERTEX_POINT('',#2560);
#741=VERTEX_POINT('',#2565);
#742=VERTEX_POINT('',#2566);
#743=VERTEX_POINT('',#2571);
#744=VERTEX_POINT('',#2573);
#745=VERTEX_POINT('',#2577);
#746=VERTEX_POINT('',#2578);
#747=VERTEX_POINT('',#2583);
#748=VERTEX_POINT('',#2584);
#749=VERTEX_POINT('',#2589);
#750=VERTEX_POINT('',#2590);
#751=VERTEX_POINT('',#2595);
#752=VERTEX_POINT('',#2596);
#753=VERTEX_POINT('',#2601);
#754=VERTEX_POINT('',#2602);
#755=VERTEX_POINT('',#2607);
#756=VERTEX_POINT('',#2608);
#757=VERTEX_POINT('',#2613);
#758=VERTEX_POINT('',#2615);
#759=VERTEX_POINT('',#2618);
#760=VERTEX_POINT('',#2619);
#761=VERTEX_POINT('',#2621);
#762=VERTEX_POINT('',#2623);
#763=VERTEX_POINT('',#2626);
#764=VERTEX_POINT('',#2628);
#765=VERTEX_POINT('',#2630);
#766=VERTEX_POINT('',#2632);
#767=VERTEX_POINT('',#2635);
#768=VERTEX_POINT('',#2637);
#769=VERTEX_POINT('',#2639);
#770=VERTEX_POINT('',#2642);
#771=VERTEX_POINT('',#2645);
#772=VERTEX_POINT('',#2649);
#773=VERTEX_POINT('',#2650);
#774=VERTEX_POINT('',#2655);
#775=VERTEX_POINT('',#2660);
#776=VERTEX_POINT('',#2664);
#777=VERTEX_POINT('',#2665);
#778=VERTEX_POINT('',#2667);
#779=VERTEX_POINT('',#2669);
#780=VERTEX_POINT('',#2673);
#781=VERTEX_POINT('',#2675);
#782=VERTEX_POINT('',#2679);
#783=VERTEX_POINT('',#2681);
#784=VERTEX_POINT('',#2685);
#785=VERTEX_POINT('',#2687);
#786=VERTEX_POINT('',#2691);
#787=VERTEX_POINT('',#2692);
#788=VERTEX_POINT('',#2697);
#789=VERTEX_POINT('',#2699);
#790=VERTEX_POINT('',#2703);
#791=VERTEX_POINT('',#2705);
#792=VERTEX_POINT('',#2709);
#793=VERTEX_POINT('',#2711);
#794=VERTEX_POINT('',#2715);
#795=VERTEX_POINT('',#2716);
#796=VERTEX_POINT('',#2721);
#797=VERTEX_POINT('',#2723);
#798=VERTEX_POINT('',#2727);
#799=VERTEX_POINT('',#2728);
#800=VERTEX_POINT('',#2733);
#801=VERTEX_POINT('',#2735);
#802=VERTEX_POINT('',#2739);
#803=VERTEX_POINT('',#2740);
#804=VERTEX_POINT('',#2745);
#805=VERTEX_POINT('',#2747);
#806=VERTEX_POINT('',#2751);
#807=VERTEX_POINT('',#2753);
#808=VERTEX_POINT('',#2757);
#809=VERTEX_POINT('',#2759);
#810=VERTEX_POINT('',#2763);
#811=VERTEX_POINT('',#2764);
#812=VERTEX_POINT('',#2769);
#813=VERTEX_POINT('',#2771);
#814=VERTEX_POINT('',#2775);
#815=VERTEX_POINT('',#2777);
#816=VERTEX_POINT('',#2781);
#817=VERTEX_POINT('',#2783);
#818=VERTEX_POINT('',#2787);
#819=VERTEX_POINT('',#2788);
#820=VERTEX_POINT('',#2794);
#821=VERTEX_POINT('',#2798);
#822=VERTEX_POINT('',#2830);
#823=VERTEX_POINT('',#2831);
#824=VERTEX_POINT('',#2833);
#825=VERTEX_POINT('',#2835);
#826=VERTEX_POINT('',#2837);
#827=VERTEX_POINT('',#2839);
#828=VERTEX_POINT('',#2841);
#829=VERTEX_POINT('',#2843);
#830=VERTEX_POINT('',#2867);
#831=VERTEX_POINT('',#2869);
#832=VERTEX_POINT('',#2873);
#833=VERTEX_POINT('',#2877);
#834=VERTEX_POINT('',#2881);
#835=VERTEX_POINT('',#2885);
#836=VERTEX_POINT('',#2889);
#837=VERTEX_POINT('',#2893);
#838=VERTEX_POINT('',#2899);
#839=VERTEX_POINT('',#2901);
#840=VERTEX_POINT('',#2905);
#841=VERTEX_POINT('',#2914);
#842=VERTEX_POINT('',#2919);
#843=VERTEX_POINT('',#2924);
#844=VERTEX_POINT('',#2929);
#845=VERTEX_POINT('',#2934);
#846=VERTEX_POINT('',#2936);
#847=VERTEX_POINT('',#2940);
#848=VERTEX_POINT('',#2944);
#849=EDGE_CURVE('',#705,#706,#359,.T.);
#850=EDGE_CURVE('',#706,#707,#360,.T.);
#851=EDGE_CURVE('',#707,#708,#361,.T.);
#852=EDGE_CURVE('',#708,#705,#362,.T.);
#853=EDGE_CURVE('',#709,#710,#363,.T.);
#854=EDGE_CURVE('',#710,#708,#42,.T.);
#855=EDGE_CURVE('',#707,#709,#43,.T.);
#856=EDGE_CURVE('',#711,#712,#364,.T.);
#857=EDGE_CURVE('',#712,#710,#365,.T.);
#858=EDGE_CURVE('',#709,#711,#366,.T.);
#859=EDGE_CURVE('',#713,#714,#367,.T.);
#860=EDGE_CURVE('',#714,#712,#44,.T.);
#861=EDGE_CURVE('',#711,#713,#45,.T.);
#862=EDGE_CURVE('',#715,#716,#368,.T.);
#863=EDGE_CURVE('',#716,#714,#369,.T.);
#864=EDGE_CURVE('',#713,#715,#370,.T.);
#865=EDGE_CURVE('',#717,#718,#371,.T.);
#866=EDGE_CURVE('',#718,#716,#46,.T.);
#867=EDGE_CURVE('',#715,#717,#47,.T.);
#868=EDGE_CURVE('',#717,#719,#372,.T.);
#869=EDGE_CURVE('',#719,#720,#373,.T.);
#870=EDGE_CURVE('',#720,#718,#374,.T.);
#871=EDGE_CURVE('',#721,#722,#375,.T.);
#872=EDGE_CURVE('',#722,#720,#48,.T.);
#873=EDGE_CURVE('',#719,#721,#49,.T.);
#874=EDGE_CURVE('',#723,#724,#376,.T.);
#875=EDGE_CURVE('',#724,#722,#377,.T.);
#876=EDGE_CURVE('',#721,#723,#378,.T.);
#877=EDGE_CURVE('',#725,#726,#379,.T.);
#878=EDGE_CURVE('',#726,#724,#50,.T.);
#879=EDGE_CURVE('',#723,#725,#51,.T.);
#880=EDGE_CURVE('',#727,#728,#380,.T.);
#881=EDGE_CURVE('',#728,#726,#381,.T.);
#882=EDGE_CURVE('',#725,#727,#382,.T.);
#883=EDGE_CURVE('',#729,#730,#383,.T.);
#884=EDGE_CURVE('',#730,#728,#52,.T.);
#885=EDGE_CURVE('',#727,#729,#53,.T.);
#886=EDGE_CURVE('',#731,#732,#384,.T.);
#887=EDGE_CURVE('',#732,#730,#385,.T.);
#888=EDGE_CURVE('',#729,#731,#386,.T.);
#889=EDGE_CURVE('',#733,#734,#387,.T.);
#890=EDGE_CURVE('',#734,#732,#54,.T.);
#891=EDGE_CURVE('',#731,#733,#55,.T.);
#892=EDGE_CURVE('',#735,#736,#388,.T.);
#893=EDGE_CURVE('',#736,#734,#389,.T.);
#894=EDGE_CURVE('',#733,#735,#390,.T.);
#895=EDGE_CURVE('',#737,#738,#391,.T.);
#896=EDGE_CURVE('',#738,#736,#56,.T.);
#897=EDGE_CURVE('',#735,#737,#57,.T.);
#898=EDGE_CURVE('',#739,#740,#392,.T.);
#899=EDGE_CURVE('',#740,#738,#393,.T.);
#900=EDGE_CURVE('',#737,#739,#394,.T.);
#901=EDGE_CURVE('',#741,#742,#395,.T.);
#902=EDGE_CURVE('',#742,#740,#58,.T.);
#903=EDGE_CURVE('',#739,#741,#59,.T.);
#904=EDGE_CURVE('',#741,#743,#396,.T.);
#905=EDGE_CURVE('',#743,#744,#397,.T.);
#906=EDGE_CURVE('',#744,#742,#398,.T.);
#907=EDGE_CURVE('',#745,#746,#399,.T.);
#908=EDGE_CURVE('',#746,#744,#60,.T.);
#909=EDGE_CURVE('',#743,#745,#61,.T.);
#910=EDGE_CURVE('',#747,#748,#400,.T.);
#911=EDGE_CURVE('',#748,#746,#401,.T.);
#912=EDGE_CURVE('',#745,#747,#402,.T.);
#913=EDGE_CURVE('',#749,#750,#403,.T.);
#914=EDGE_CURVE('',#750,#748,#62,.T.);
#915=EDGE_CURVE('',#747,#749,#63,.T.);
#916=EDGE_CURVE('',#751,#752,#404,.T.);
#917=EDGE_CURVE('',#752,#750,#405,.T.);
#918=EDGE_CURVE('',#749,#751,#406,.T.);
#919=EDGE_CURVE('',#753,#754,#407,.T.);
#920=EDGE_CURVE('',#754,#752,#64,.T.);
#921=EDGE_CURVE('',#751,#753,#65,.T.);
#922=EDGE_CURVE('',#755,#756,#408,.T.);
#923=EDGE_CURVE('',#756,#754,#409,.T.);
#924=EDGE_CURVE('',#753,#755,#410,.T.);
#925=EDGE_CURVE('',#706,#757,#411,.F.);
#926=EDGE_CURVE('',#757,#758,#412,.F.);
#927=EDGE_CURVE('',#758,#755,#413,.F.);
#928=EDGE_CURVE('',#759,#760,#414,.T.);
#929=EDGE_CURVE('',#760,#761,#415,.T.);
#930=EDGE_CURVE('',#761,#762,#416,.T.);
#931=EDGE_CURVE('',#762,#759,#417,.T.);
#932=EDGE_CURVE('',#763,#763,#66,.T.);
#933=EDGE_CURVE('',#764,#764,#67,.T.);
#934=EDGE_CURVE('',#765,#765,#68,.T.);
#935=EDGE_CURVE('',#766,#766,#69,.T.);
#936=EDGE_CURVE('',#767,#705,#418,.T.);
#937=EDGE_CURVE('',#768,#767,#419,.F.);
#938=EDGE_CURVE('',#768,#769,#420,.T.);
#939=EDGE_CURVE('',#769,#757,#421,.T.);
#940=EDGE_CURVE('',#770,#770,#70,.T.);
#941=EDGE_CURVE('',#771,#708,#422,.T.);
#942=EDGE_CURVE('',#767,#771,#423,.T.);
#943=EDGE_CURVE('',#772,#773,#424,.F.);
#944=EDGE_CURVE('',#773,#768,#425,.T.);
#945=EDGE_CURVE('',#772,#767,#426,.T.);
#946=EDGE_CURVE('',#773,#774,#427,.F.);
#947=EDGE_CURVE('',#774,#769,#428,.T.);
#948=EDGE_CURVE('',#756,#772,#429,.T.);
#949=EDGE_CURVE('',#775,#772,#430,.T.);
#950=EDGE_CURVE('',#754,#775,#431,.T.);
#951=EDGE_CURVE('',#776,#777,#432,.T.);
#952=EDGE_CURVE('',#777,#778,#433,.T.);
#953=EDGE_CURVE('',#778,#779,#434,.T.);
#954=EDGE_CURVE('',#779,#776,#435,.T.);
#955=EDGE_CURVE('',#776,#780,#71,.T.);
#956=EDGE_CURVE('',#780,#781,#436,.T.);
#957=EDGE_CURVE('',#781,#777,#72,.T.);
#958=EDGE_CURVE('',#780,#782,#437,.T.);
#959=EDGE_CURVE('',#782,#783,#438,.T.);
#960=EDGE_CURVE('',#783,#781,#439,.T.);
#961=EDGE_CURVE('',#782,#784,#73,.T.);
#962=EDGE_CURVE('',#784,#785,#440,.T.);
#963=EDGE_CURVE('',#785,#783,#74,.T.);
#964=EDGE_CURVE('',#786,#787,#441,.T.);
#965=EDGE_CURVE('',#787,#785,#442,.T.);
#966=EDGE_CURVE('',#784,#786,#443,.T.);
#967=EDGE_CURVE('',#786,#788,#75,.T.);
#968=EDGE_CURVE('',#788,#789,#444,.T.);
#969=EDGE_CURVE('',#789,#787,#76,.T.);
#970=EDGE_CURVE('',#788,#790,#445,.T.);
#971=EDGE_CURVE('',#790,#791,#446,.T.);
#972=EDGE_CURVE('',#791,#789,#447,.T.);
#973=EDGE_CURVE('',#790,#792,#77,.T.);
#974=EDGE_CURVE('',#792,#793,#448,.T.);
#975=EDGE_CURVE('',#793,#791,#78,.T.);
#976=EDGE_CURVE('',#794,#795,#449,.T.);
#977=EDGE_CURVE('',#795,#793,#450,.T.);
#978=EDGE_CURVE('',#792,#794,#451,.T.);
#979=EDGE_CURVE('',#794,#796,#79,.T.);
#980=EDGE_CURVE('',#796,#797,#452,.T.);
#981=EDGE_CURVE('',#797,#795,#80,.T.);
#982=EDGE_CURVE('',#798,#799,#453,.T.);
#983=EDGE_CURVE('',#799,#797,#454,.T.);
#984=EDGE_CURVE('',#796,#798,#455,.T.);
#985=EDGE_CURVE('',#798,#800,#81,.T.);
#986=EDGE_CURVE('',#800,#801,#456,.T.);
#987=EDGE_CURVE('',#801,#799,#82,.T.);
#988=EDGE_CURVE('',#802,#803,#457,.T.);
#989=EDGE_CURVE('',#803,#801,#458,.T.);
#990=EDGE_CURVE('',#800,#802,#459,.T.);
#991=EDGE_CURVE('',#802,#804,#83,.T.);
#992=EDGE_CURVE('',#804,#805,#460,.T.);
#993=EDGE_CURVE('',#805,#803,#84,.T.);
#994=EDGE_CURVE('',#804,#806,#461,.T.);
#995=EDGE_CURVE('',#806,#807,#462,.T.);
#996=EDGE_CURVE('',#807,#805,#463,.T.);
#997=EDGE_CURVE('',#806,#808,#85,.T.);
#998=EDGE_CURVE('',#808,#809,#464,.T.);
#999=EDGE_CURVE('',#809,#807,#86,.T.);
#1000=EDGE_CURVE('',#810,#811,#465,.T.);
#1001=EDGE_CURVE('',#811,#809,#466,.T.);
#1002=EDGE_CURVE('',#808,#810,#467,.T.);
#1003=EDGE_CURVE('',#810,#812,#87,.T.);
#1004=EDGE_CURVE('',#812,#813,#468,.T.);
#1005=EDGE_CURVE('',#813,#811,#88,.T.);
#1006=EDGE_CURVE('',#812,#814,#469,.T.);
#1007=EDGE_CURVE('',#814,#815,#470,.T.);
#1008=EDGE_CURVE('',#815,#813,#471,.T.);
#1009=EDGE_CURVE('',#814,#816,#89,.T.);
#1010=EDGE_CURVE('',#816,#817,#472,.T.);
#1011=EDGE_CURVE('',#817,#815,#90,.T.);
#1012=EDGE_CURVE('',#818,#819,#473,.T.);
#1013=EDGE_CURVE('',#819,#817,#474,.T.);
#1014=EDGE_CURVE('',#816,#818,#475,.T.);
#1015=EDGE_CURVE('',#818,#775,#91,.T.);
#1016=EDGE_CURVE('',#775,#820,#476,.T.);
#1017=EDGE_CURVE('',#820,#819,#92,.T.);
#1018=EDGE_CURVE('',#771,#821,#477,.T.);
#1019=EDGE_CURVE('',#821,#820,#478,.T.);
#1020=EDGE_CURVE('',#771,#779,#93,.T.);
#1021=EDGE_CURVE('',#778,#821,#94,.T.);
#1022=EDGE_CURVE('',#734,#800,#479,.T.);
#1023=EDGE_CURVE('',#798,#732,#480,.T.);
#1024=EDGE_CURVE('',#730,#796,#481,.T.);
#1025=EDGE_CURVE('',#794,#728,#482,.T.);
#1026=EDGE_CURVE('',#726,#792,#483,.T.);
#1027=EDGE_CURVE('',#790,#724,#484,.T.);
#1028=EDGE_CURVE('',#722,#788,#485,.T.);
#1029=EDGE_CURVE('',#786,#720,#486,.T.);
#1030=EDGE_CURVE('',#718,#784,#487,.T.);
#1031=EDGE_CURVE('',#782,#716,#488,.T.);
#1032=EDGE_CURVE('',#714,#780,#489,.T.);
#1033=EDGE_CURVE('',#776,#712,#490,.T.);
#1034=EDGE_CURVE('',#710,#779,#491,.T.);
#1035=EDGE_CURVE('',#822,#823,#492,.T.);
#1036=EDGE_CURVE('',#824,#822,#95,.T.);
#1037=EDGE_CURVE('',#825,#824,#493,.T.);
#1038=EDGE_CURVE('',#826,#825,#96,.T.);
#1039=EDGE_CURVE('',#827,#826,#494,.T.);
#1040=EDGE_CURVE('',#828,#827,#97,.T.);
#1041=EDGE_CURVE('',#829,#828,#495,.T.);
#1042=EDGE_CURVE('',#823,#829,#98,.T.);
#1043=EDGE_CURVE('',#742,#808,#496,.T.);
#1044=EDGE_CURVE('',#806,#740,#497,.T.);
#1045=EDGE_CURVE('',#810,#744,#498,.T.);
#1046=EDGE_CURVE('',#738,#804,#499,.T.);
#1047=EDGE_CURVE('',#802,#736,#500,.T.);
#1048=EDGE_CURVE('',#746,#812,#501,.T.);
#1049=EDGE_CURVE('',#750,#816,#502,.T.);
#1050=EDGE_CURVE('',#814,#748,#503,.T.);
#1051=EDGE_CURVE('',#818,#752,#504,.T.);
#1052=EDGE_CURVE('',#830,#822,#505,.T.);
#1053=EDGE_CURVE('',#823,#831,#506,.T.);
#1054=EDGE_CURVE('',#831,#830,#507,.T.);
#1055=EDGE_CURVE('',#830,#832,#99,.T.);
#1056=EDGE_CURVE('',#832,#824,#508,.T.);
#1057=EDGE_CURVE('',#833,#825,#509,.T.);
#1058=EDGE_CURVE('',#832,#833,#510,.T.);
#1059=EDGE_CURVE('',#833,#834,#100,.T.);
#1060=EDGE_CURVE('',#834,#826,#511,.T.);
#1061=EDGE_CURVE('',#835,#827,#512,.T.);
#1062=EDGE_CURVE('',#834,#835,#513,.T.);
#1063=EDGE_CURVE('',#835,#836,#101,.T.);
#1064=EDGE_CURVE('',#836,#828,#514,.T.);
#1065=EDGE_CURVE('',#837,#829,#515,.T.);
#1066=EDGE_CURVE('',#836,#837,#516,.T.);
#1067=EDGE_CURVE('',#837,#831,#102,.T.);
#1068=EDGE_CURVE('',#838,#838,#103,.T.);
#1069=EDGE_CURVE('',#838,#839,#517,.T.);
#1070=EDGE_CURVE('',#839,#839,#104,.T.);
#1071=EDGE_CURVE('',#840,#840,#105,.T.);
#1072=EDGE_CURVE('',#840,#770,#518,.T.);
#1073=EDGE_CURVE('',#758,#774,#519,.T.);
#1074=EDGE_CURVE('',#766,#841,#520,.T.);
#1075=EDGE_CURVE('',#841,#841,#106,.T.);
#1076=EDGE_CURVE('',#765,#842,#521,.T.);
#1077=EDGE_CURVE('',#842,#842,#107,.T.);
#1078=EDGE_CURVE('',#764,#843,#522,.T.);
#1079=EDGE_CURVE('',#843,#843,#108,.T.);
#1080=EDGE_CURVE('',#763,#844,#523,.T.);
#1081=EDGE_CURVE('',#844,#844,#109,.T.);
#1082=EDGE_CURVE('',#759,#845,#524,.T.);
#1083=EDGE_CURVE('',#845,#846,#525,.T.);
#1084=EDGE_CURVE('',#760,#846,#526,.T.);
#1085=EDGE_CURVE('',#762,#847,#527,.T.);
#1086=EDGE_CURVE('',#847,#845,#528,.T.);
#1087=EDGE_CURVE('',#761,#848,#529,.T.);
#1088=EDGE_CURVE('',#848,#847,#530,.T.);
#1089=EDGE_CURVE('',#846,#848,#531,.T.);
#1090=ORIENTED_EDGE('',*,*,#849,.T.);
#1091=ORIENTED_EDGE('',*,*,#850,.T.);
#1092=ORIENTED_EDGE('',*,*,#851,.T.);
#1093=ORIENTED_EDGE('',*,*,#852,.T.);
#1094=ORIENTED_EDGE('',*,*,#853,.T.);
#1095=ORIENTED_EDGE('',*,*,#854,.T.);
#1096=ORIENTED_EDGE('',*,*,#851,.F.);
#1097=ORIENTED_EDGE('',*,*,#855,.T.);
#1098=ORIENTED_EDGE('',*,*,#856,.T.);
#1099=ORIENTED_EDGE('',*,*,#857,.T.);
#1100=ORIENTED_EDGE('',*,*,#853,.F.);
#1101=ORIENTED_EDGE('',*,*,#858,.T.);
#1102=ORIENTED_EDGE('',*,*,#859,.T.);
#1103=ORIENTED_EDGE('',*,*,#860,.T.);
#1104=ORIENTED_EDGE('',*,*,#856,.F.);
#1105=ORIENTED_EDGE('',*,*,#861,.T.);
#1106=ORIENTED_EDGE('',*,*,#862,.T.);
#1107=ORIENTED_EDGE('',*,*,#863,.T.);
#1108=ORIENTED_EDGE('',*,*,#859,.F.);
#1109=ORIENTED_EDGE('',*,*,#864,.T.);
#1110=ORIENTED_EDGE('',*,*,#865,.T.);
#1111=ORIENTED_EDGE('',*,*,#866,.T.);
#1112=ORIENTED_EDGE('',*,*,#862,.F.);
#1113=ORIENTED_EDGE('',*,*,#867,.T.);
#1114=ORIENTED_EDGE('',*,*,#865,.F.);
#1115=ORIENTED_EDGE('',*,*,#868,.T.);
#1116=ORIENTED_EDGE('',*,*,#869,.T.);
#1117=ORIENTED_EDGE('',*,*,#870,.T.);
#1118=ORIENTED_EDGE('',*,*,#871,.T.);
#1119=ORIENTED_EDGE('',*,*,#872,.T.);
#1120=ORIENTED_EDGE('',*,*,#869,.F.);
#1121=ORIENTED_EDGE('',*,*,#873,.T.);
#1122=ORIENTED_EDGE('',*,*,#874,.T.);
#1123=ORIENTED_EDGE('',*,*,#875,.T.);
#1124=ORIENTED_EDGE('',*,*,#871,.F.);
#1125=ORIENTED_EDGE('',*,*,#876,.T.);
#1126=ORIENTED_EDGE('',*,*,#877,.T.);
#1127=ORIENTED_EDGE('',*,*,#878,.T.);
#1128=ORIENTED_EDGE('',*,*,#874,.F.);
#1129=ORIENTED_EDGE('',*,*,#879,.T.);
#1130=ORIENTED_EDGE('',*,*,#880,.T.);
#1131=ORIENTED_EDGE('',*,*,#881,.T.);
#1132=ORIENTED_EDGE('',*,*,#877,.F.);
#1133=ORIENTED_EDGE('',*,*,#882,.T.);
#1134=ORIENTED_EDGE('',*,*,#883,.T.);
#1135=ORIENTED_EDGE('',*,*,#884,.T.);
#1136=ORIENTED_EDGE('',*,*,#880,.F.);
#1137=ORIENTED_EDGE('',*,*,#885,.T.);
#1138=ORIENTED_EDGE('',*,*,#886,.T.);
#1139=ORIENTED_EDGE('',*,*,#887,.T.);
#1140=ORIENTED_EDGE('',*,*,#883,.F.);
#1141=ORIENTED_EDGE('',*,*,#888,.T.);
#1142=ORIENTED_EDGE('',*,*,#889,.T.);
#1143=ORIENTED_EDGE('',*,*,#890,.T.);
#1144=ORIENTED_EDGE('',*,*,#886,.F.);
#1145=ORIENTED_EDGE('',*,*,#891,.T.);
#1146=ORIENTED_EDGE('',*,*,#892,.T.);
#1147=ORIENTED_EDGE('',*,*,#893,.T.);
#1148=ORIENTED_EDGE('',*,*,#889,.F.);
#1149=ORIENTED_EDGE('',*,*,#894,.T.);
#1150=ORIENTED_EDGE('',*,*,#895,.T.);
#1151=ORIENTED_EDGE('',*,*,#896,.T.);
#1152=ORIENTED_EDGE('',*,*,#892,.F.);
#1153=ORIENTED_EDGE('',*,*,#897,.T.);
#1154=ORIENTED_EDGE('',*,*,#898,.T.);
#1155=ORIENTED_EDGE('',*,*,#899,.T.);
#1156=ORIENTED_EDGE('',*,*,#895,.F.);
#1157=ORIENTED_EDGE('',*,*,#900,.T.);
#1158=ORIENTED_EDGE('',*,*,#901,.T.);
#1159=ORIENTED_EDGE('',*,*,#902,.T.);
#1160=ORIENTED_EDGE('',*,*,#898,.F.);
#1161=ORIENTED_EDGE('',*,*,#903,.T.);
#1162=ORIENTED_EDGE('',*,*,#901,.F.);
#1163=ORIENTED_EDGE('',*,*,#904,.T.);
#1164=ORIENTED_EDGE('',*,*,#905,.T.);
#1165=ORIENTED_EDGE('',*,*,#906,.T.);
#1166=ORIENTED_EDGE('',*,*,#907,.T.);
#1167=ORIENTED_EDGE('',*,*,#908,.T.);
#1168=ORIENTED_EDGE('',*,*,#905,.F.);
#1169=ORIENTED_EDGE('',*,*,#909,.T.);
#1170=ORIENTED_EDGE('',*,*,#910,.T.);
#1171=ORIENTED_EDGE('',*,*,#911,.T.);
#1172=ORIENTED_EDGE('',*,*,#907,.F.);
#1173=ORIENTED_EDGE('',*,*,#912,.T.);
#1174=ORIENTED_EDGE('',*,*,#913,.T.);
#1175=ORIENTED_EDGE('',*,*,#914,.T.);
#1176=ORIENTED_EDGE('',*,*,#910,.F.);
#1177=ORIENTED_EDGE('',*,*,#915,.T.);
#1178=ORIENTED_EDGE('',*,*,#916,.T.);
#1179=ORIENTED_EDGE('',*,*,#917,.T.);
#1180=ORIENTED_EDGE('',*,*,#913,.F.);
#1181=ORIENTED_EDGE('',*,*,#918,.T.);
#1182=ORIENTED_EDGE('',*,*,#919,.T.);
#1183=ORIENTED_EDGE('',*,*,#920,.T.);
#1184=ORIENTED_EDGE('',*,*,#916,.F.);
#1185=ORIENTED_EDGE('',*,*,#921,.T.);
#1186=ORIENTED_EDGE('',*,*,#922,.T.);
#1187=ORIENTED_EDGE('',*,*,#923,.T.);
#1188=ORIENTED_EDGE('',*,*,#919,.F.);
#1189=ORIENTED_EDGE('',*,*,#924,.T.);
#1190=ORIENTED_EDGE('',*,*,#924,.F.);
#1191=ORIENTED_EDGE('',*,*,#921,.F.);
#1192=ORIENTED_EDGE('',*,*,#918,.F.);
#1193=ORIENTED_EDGE('',*,*,#915,.F.);
#1194=ORIENTED_EDGE('',*,*,#912,.F.);
#1195=ORIENTED_EDGE('',*,*,#909,.F.);
#1196=ORIENTED_EDGE('',*,*,#904,.F.);
#1197=ORIENTED_EDGE('',*,*,#903,.F.);
#1198=ORIENTED_EDGE('',*,*,#900,.F.);
#1199=ORIENTED_EDGE('',*,*,#897,.F.);
#1200=ORIENTED_EDGE('',*,*,#894,.F.);
#1201=ORIENTED_EDGE('',*,*,#891,.F.);
#1202=ORIENTED_EDGE('',*,*,#888,.F.);
#1203=ORIENTED_EDGE('',*,*,#885,.F.);
#1204=ORIENTED_EDGE('',*,*,#882,.F.);
#1205=ORIENTED_EDGE('',*,*,#879,.F.);
#1206=ORIENTED_EDGE('',*,*,#876,.F.);
#1207=ORIENTED_EDGE('',*,*,#873,.F.);
#1208=ORIENTED_EDGE('',*,*,#868,.F.);
#1209=ORIENTED_EDGE('',*,*,#867,.F.);
#1210=ORIENTED_EDGE('',*,*,#864,.F.);
#1211=ORIENTED_EDGE('',*,*,#861,.F.);
#1212=ORIENTED_EDGE('',*,*,#858,.F.);
#1213=ORIENTED_EDGE('',*,*,#855,.F.);
#1214=ORIENTED_EDGE('',*,*,#850,.F.);
#1215=ORIENTED_EDGE('',*,*,#925,.T.);
#1216=ORIENTED_EDGE('',*,*,#926,.T.);
#1217=ORIENTED_EDGE('',*,*,#927,.T.);
#1218=ORIENTED_EDGE('',*,*,#928,.T.);
#1219=ORIENTED_EDGE('',*,*,#929,.T.);
#1220=ORIENTED_EDGE('',*,*,#930,.T.);
#1221=ORIENTED_EDGE('',*,*,#931,.T.);
#1222=ORIENTED_EDGE('',*,*,#932,.T.);
#1223=ORIENTED_EDGE('',*,*,#933,.T.);
#1224=ORIENTED_EDGE('',*,*,#934,.T.);
#1225=ORIENTED_EDGE('',*,*,#935,.T.);
#1226=ORIENTED_EDGE('',*,*,#849,.F.);
#1227=ORIENTED_EDGE('',*,*,#936,.F.);
#1228=ORIENTED_EDGE('',*,*,#937,.F.);
#1229=ORIENTED_EDGE('',*,*,#938,.T.);
#1230=ORIENTED_EDGE('',*,*,#939,.T.);
#1231=ORIENTED_EDGE('',*,*,#925,.F.);
#1232=ORIENTED_EDGE('',*,*,#940,.T.);
#1233=ORIENTED_EDGE('',*,*,#852,.F.);
#1234=ORIENTED_EDGE('',*,*,#941,.F.);
#1235=ORIENTED_EDGE('',*,*,#942,.F.);
#1236=ORIENTED_EDGE('',*,*,#936,.T.);
#1237=ORIENTED_EDGE('',*,*,#943,.T.);
#1238=ORIENTED_EDGE('',*,*,#944,.T.);
#1239=ORIENTED_EDGE('',*,*,#937,.T.);
#1240=ORIENTED_EDGE('',*,*,#945,.F.);
#1241=ORIENTED_EDGE('',*,*,#944,.F.);
#1242=ORIENTED_EDGE('',*,*,#946,.T.);
#1243=ORIENTED_EDGE('',*,*,#947,.T.);
#1244=ORIENTED_EDGE('',*,*,#938,.F.);
#1245=ORIENTED_EDGE('',*,*,#923,.F.);
#1246=ORIENTED_EDGE('',*,*,#948,.T.);
#1247=ORIENTED_EDGE('',*,*,#949,.F.);
#1248=ORIENTED_EDGE('',*,*,#950,.F.);
#1249=ORIENTED_EDGE('',*,*,#951,.T.);
#1250=ORIENTED_EDGE('',*,*,#952,.T.);
#1251=ORIENTED_EDGE('',*,*,#953,.T.);
#1252=ORIENTED_EDGE('',*,*,#954,.T.);
#1253=ORIENTED_EDGE('',*,*,#951,.F.);
#1254=ORIENTED_EDGE('',*,*,#955,.T.);
#1255=ORIENTED_EDGE('',*,*,#956,.T.);
#1256=ORIENTED_EDGE('',*,*,#957,.T.);
#1257=ORIENTED_EDGE('',*,*,#956,.F.);
#1258=ORIENTED_EDGE('',*,*,#958,.T.);
#1259=ORIENTED_EDGE('',*,*,#959,.T.);
#1260=ORIENTED_EDGE('',*,*,#960,.T.);
#1261=ORIENTED_EDGE('',*,*,#959,.F.);
#1262=ORIENTED_EDGE('',*,*,#961,.T.);
#1263=ORIENTED_EDGE('',*,*,#962,.T.);
#1264=ORIENTED_EDGE('',*,*,#963,.T.);
#1265=ORIENTED_EDGE('',*,*,#964,.T.);
#1266=ORIENTED_EDGE('',*,*,#965,.T.);
#1267=ORIENTED_EDGE('',*,*,#962,.F.);
#1268=ORIENTED_EDGE('',*,*,#966,.T.);
#1269=ORIENTED_EDGE('',*,*,#964,.F.);
#1270=ORIENTED_EDGE('',*,*,#967,.T.);
#1271=ORIENTED_EDGE('',*,*,#968,.T.);
#1272=ORIENTED_EDGE('',*,*,#969,.T.);
#1273=ORIENTED_EDGE('',*,*,#968,.F.);
#1274=ORIENTED_EDGE('',*,*,#970,.T.);
#1275=ORIENTED_EDGE('',*,*,#971,.T.);
#1276=ORIENTED_EDGE('',*,*,#972,.T.);
#1277=ORIENTED_EDGE('',*,*,#971,.F.);
#1278=ORIENTED_EDGE('',*,*,#973,.T.);
#1279=ORIENTED_EDGE('',*,*,#974,.T.);
#1280=ORIENTED_EDGE('',*,*,#975,.T.);
#1281=ORIENTED_EDGE('',*,*,#976,.T.);
#1282=ORIENTED_EDGE('',*,*,#977,.T.);
#1283=ORIENTED_EDGE('',*,*,#974,.F.);
#1284=ORIENTED_EDGE('',*,*,#978,.T.);
#1285=ORIENTED_EDGE('',*,*,#976,.F.);
#1286=ORIENTED_EDGE('',*,*,#979,.T.);
#1287=ORIENTED_EDGE('',*,*,#980,.T.);
#1288=ORIENTED_EDGE('',*,*,#981,.T.);
#1289=ORIENTED_EDGE('',*,*,#982,.T.);
#1290=ORIENTED_EDGE('',*,*,#983,.T.);
#1291=ORIENTED_EDGE('',*,*,#980,.F.);
#1292=ORIENTED_EDGE('',*,*,#984,.T.);
#1293=ORIENTED_EDGE('',*,*,#982,.F.);
#1294=ORIENTED_EDGE('',*,*,#985,.T.);
#1295=ORIENTED_EDGE('',*,*,#986,.T.);
#1296=ORIENTED_EDGE('',*,*,#987,.T.);
#1297=ORIENTED_EDGE('',*,*,#988,.T.);
#1298=ORIENTED_EDGE('',*,*,#989,.T.);
#1299=ORIENTED_EDGE('',*,*,#986,.F.);
#1300=ORIENTED_EDGE('',*,*,#990,.T.);
#1301=ORIENTED_EDGE('',*,*,#988,.F.);
#1302=ORIENTED_EDGE('',*,*,#991,.T.);
#1303=ORIENTED_EDGE('',*,*,#992,.T.);
#1304=ORIENTED_EDGE('',*,*,#993,.T.);
#1305=ORIENTED_EDGE('',*,*,#992,.F.);
#1306=ORIENTED_EDGE('',*,*,#994,.T.);
#1307=ORIENTED_EDGE('',*,*,#995,.T.);
#1308=ORIENTED_EDGE('',*,*,#996,.T.);
#1309=ORIENTED_EDGE('',*,*,#995,.F.);
#1310=ORIENTED_EDGE('',*,*,#997,.T.);
#1311=ORIENTED_EDGE('',*,*,#998,.T.);
#1312=ORIENTED_EDGE('',*,*,#999,.T.);
#1313=ORIENTED_EDGE('',*,*,#1000,.T.);
#1314=ORIENTED_EDGE('',*,*,#1001,.T.);
#1315=ORIENTED_EDGE('',*,*,#998,.F.);
#1316=ORIENTED_EDGE('',*,*,#1002,.T.);
#1317=ORIENTED_EDGE('',*,*,#1000,.F.);
#1318=ORIENTED_EDGE('',*,*,#1003,.T.);
#1319=ORIENTED_EDGE('',*,*,#1004,.T.);
#1320=ORIENTED_EDGE('',*,*,#1005,.T.);
#1321=ORIENTED_EDGE('',*,*,#1004,.F.);
#1322=ORIENTED_EDGE('',*,*,#1006,.T.);
#1323=ORIENTED_EDGE('',*,*,#1007,.T.);
#1324=ORIENTED_EDGE('',*,*,#1008,.T.);
#1325=ORIENTED_EDGE('',*,*,#1007,.F.);
#1326=ORIENTED_EDGE('',*,*,#1009,.T.);
#1327=ORIENTED_EDGE('',*,*,#1010,.T.);
#1328=ORIENTED_EDGE('',*,*,#1011,.T.);
#1329=ORIENTED_EDGE('',*,*,#1012,.T.);
#1330=ORIENTED_EDGE('',*,*,#1013,.T.);
#1331=ORIENTED_EDGE('',*,*,#1010,.F.);
#1332=ORIENTED_EDGE('',*,*,#1014,.T.);
#1333=ORIENTED_EDGE('',*,*,#1012,.F.);
#1334=ORIENTED_EDGE('',*,*,#1015,.T.);
#1335=ORIENTED_EDGE('',*,*,#1016,.T.);
#1336=ORIENTED_EDGE('',*,*,#1017,.T.);
#1337=ORIENTED_EDGE('',*,*,#1018,.T.);
#1338=ORIENTED_EDGE('',*,*,#1019,.T.);
#1339=ORIENTED_EDGE('',*,*,#1016,.F.);
#1340=ORIENTED_EDGE('',*,*,#949,.T.);
#1341=ORIENTED_EDGE('',*,*,#945,.T.);
#1342=ORIENTED_EDGE('',*,*,#942,.T.);
#1343=ORIENTED_EDGE('',*,*,#1018,.F.);
#1344=ORIENTED_EDGE('',*,*,#1020,.T.);
#1345=ORIENTED_EDGE('',*,*,#953,.F.);
#1346=ORIENTED_EDGE('',*,*,#1021,.T.);
#1347=ORIENTED_EDGE('',*,*,#890,.F.);
#1348=ORIENTED_EDGE('',*,*,#1022,.T.);
#1349=ORIENTED_EDGE('',*,*,#985,.F.);
#1350=ORIENTED_EDGE('',*,*,#1023,.T.);
#1351=ORIENTED_EDGE('',*,*,#887,.F.);
#1352=ORIENTED_EDGE('',*,*,#1023,.F.);
#1353=ORIENTED_EDGE('',*,*,#984,.F.);
#1354=ORIENTED_EDGE('',*,*,#1024,.F.);
#1355=ORIENTED_EDGE('',*,*,#884,.F.);
#1356=ORIENTED_EDGE('',*,*,#1024,.T.);
#1357=ORIENTED_EDGE('',*,*,#979,.F.);
#1358=ORIENTED_EDGE('',*,*,#1025,.T.);
#1359=ORIENTED_EDGE('',*,*,#881,.F.);
#1360=ORIENTED_EDGE('',*,*,#1025,.F.);
#1361=ORIENTED_EDGE('',*,*,#978,.F.);
#1362=ORIENTED_EDGE('',*,*,#1026,.F.);
#1363=ORIENTED_EDGE('',*,*,#878,.F.);
#1364=ORIENTED_EDGE('',*,*,#1026,.T.);
#1365=ORIENTED_EDGE('',*,*,#973,.F.);
#1366=ORIENTED_EDGE('',*,*,#1027,.T.);
#1367=ORIENTED_EDGE('',*,*,#875,.F.);
#1368=ORIENTED_EDGE('',*,*,#1027,.F.);
#1369=ORIENTED_EDGE('',*,*,#970,.F.);
#1370=ORIENTED_EDGE('',*,*,#1028,.F.);
#1371=ORIENTED_EDGE('',*,*,#872,.F.);
#1372=ORIENTED_EDGE('',*,*,#1028,.T.);
#1373=ORIENTED_EDGE('',*,*,#967,.F.);
#1374=ORIENTED_EDGE('',*,*,#1029,.T.);
#1375=ORIENTED_EDGE('',*,*,#870,.F.);
#1376=ORIENTED_EDGE('',*,*,#1029,.F.);
#1377=ORIENTED_EDGE('',*,*,#966,.F.);
#1378=ORIENTED_EDGE('',*,*,#1030,.F.);
#1379=ORIENTED_EDGE('',*,*,#866,.F.);
#1380=ORIENTED_EDGE('',*,*,#1030,.T.);
#1381=ORIENTED_EDGE('',*,*,#961,.F.);
#1382=ORIENTED_EDGE('',*,*,#1031,.T.);
#1383=ORIENTED_EDGE('',*,*,#863,.F.);
#1384=ORIENTED_EDGE('',*,*,#1031,.F.);
#1385=ORIENTED_EDGE('',*,*,#958,.F.);
#1386=ORIENTED_EDGE('',*,*,#1032,.F.);
#1387=ORIENTED_EDGE('',*,*,#860,.F.);
#1388=ORIENTED_EDGE('',*,*,#1032,.T.);
#1389=ORIENTED_EDGE('',*,*,#955,.F.);
#1390=ORIENTED_EDGE('',*,*,#1033,.T.);
#1391=ORIENTED_EDGE('',*,*,#857,.F.);
#1392=ORIENTED_EDGE('',*,*,#1033,.F.);
#1393=ORIENTED_EDGE('',*,*,#954,.F.);
#1394=ORIENTED_EDGE('',*,*,#1034,.F.);
#1395=ORIENTED_EDGE('',*,*,#952,.F.);
#1396=ORIENTED_EDGE('',*,*,#957,.F.);
#1397=ORIENTED_EDGE('',*,*,#960,.F.);
#1398=ORIENTED_EDGE('',*,*,#963,.F.);
#1399=ORIENTED_EDGE('',*,*,#965,.F.);
#1400=ORIENTED_EDGE('',*,*,#969,.F.);
#1401=ORIENTED_EDGE('',*,*,#972,.F.);
#1402=ORIENTED_EDGE('',*,*,#975,.F.);
#1403=ORIENTED_EDGE('',*,*,#977,.F.);
#1404=ORIENTED_EDGE('',*,*,#981,.F.);
#1405=ORIENTED_EDGE('',*,*,#983,.F.);
#1406=ORIENTED_EDGE('',*,*,#987,.F.);
#1407=ORIENTED_EDGE('',*,*,#989,.F.);
#1408=ORIENTED_EDGE('',*,*,#993,.F.);
#1409=ORIENTED_EDGE('',*,*,#996,.F.);
#1410=ORIENTED_EDGE('',*,*,#999,.F.);
#1411=ORIENTED_EDGE('',*,*,#1001,.F.);
#1412=ORIENTED_EDGE('',*,*,#1005,.F.);
#1413=ORIENTED_EDGE('',*,*,#1008,.F.);
#1414=ORIENTED_EDGE('',*,*,#1011,.F.);
#1415=ORIENTED_EDGE('',*,*,#1013,.F.);
#1416=ORIENTED_EDGE('',*,*,#1017,.F.);
#1417=ORIENTED_EDGE('',*,*,#1019,.F.);
#1418=ORIENTED_EDGE('',*,*,#1021,.F.);
#1419=ORIENTED_EDGE('',*,*,#1035,.F.);
#1420=ORIENTED_EDGE('',*,*,#1036,.F.);
#1421=ORIENTED_EDGE('',*,*,#1037,.F.);
#1422=ORIENTED_EDGE('',*,*,#1038,.F.);
#1423=ORIENTED_EDGE('',*,*,#1039,.F.);
#1424=ORIENTED_EDGE('',*,*,#1040,.F.);
#1425=ORIENTED_EDGE('',*,*,#1041,.F.);
#1426=ORIENTED_EDGE('',*,*,#1042,.F.);
#1427=ORIENTED_EDGE('',*,*,#902,.F.);
#1428=ORIENTED_EDGE('',*,*,#1043,.T.);
#1429=ORIENTED_EDGE('',*,*,#997,.F.);
#1430=ORIENTED_EDGE('',*,*,#1044,.T.);
#1431=ORIENTED_EDGE('',*,*,#906,.F.);
#1432=ORIENTED_EDGE('',*,*,#1045,.F.);
#1433=ORIENTED_EDGE('',*,*,#1002,.F.);
#1434=ORIENTED_EDGE('',*,*,#1043,.F.);
#1435=ORIENTED_EDGE('',*,*,#896,.F.);
#1436=ORIENTED_EDGE('',*,*,#1046,.T.);
#1437=ORIENTED_EDGE('',*,*,#991,.F.);
#1438=ORIENTED_EDGE('',*,*,#1047,.T.);
#1439=ORIENTED_EDGE('',*,*,#893,.F.);
#1440=ORIENTED_EDGE('',*,*,#1047,.F.);
#1441=ORIENTED_EDGE('',*,*,#990,.F.);
#1442=ORIENTED_EDGE('',*,*,#1022,.F.);
#1443=ORIENTED_EDGE('',*,*,#908,.F.);
#1444=ORIENTED_EDGE('',*,*,#1048,.T.);
#1445=ORIENTED_EDGE('',*,*,#1003,.F.);
#1446=ORIENTED_EDGE('',*,*,#1045,.T.);
#1447=ORIENTED_EDGE('',*,*,#914,.F.);
#1448=ORIENTED_EDGE('',*,*,#1049,.T.);
#1449=ORIENTED_EDGE('',*,*,#1009,.F.);
#1450=ORIENTED_EDGE('',*,*,#1050,.T.);
#1451=ORIENTED_EDGE('',*,*,#911,.F.);
#1452=ORIENTED_EDGE('',*,*,#1050,.F.);
#1453=ORIENTED_EDGE('',*,*,#1006,.F.);
#1454=ORIENTED_EDGE('',*,*,#1048,.F.);
#1455=ORIENTED_EDGE('',*,*,#854,.F.);
#1456=ORIENTED_EDGE('',*,*,#1034,.T.);
#1457=ORIENTED_EDGE('',*,*,#1020,.F.);
#1458=ORIENTED_EDGE('',*,*,#941,.T.);
#1459=ORIENTED_EDGE('',*,*,#920,.F.);
#1460=ORIENTED_EDGE('',*,*,#950,.T.);
#1461=ORIENTED_EDGE('',*,*,#1015,.F.);
#1462=ORIENTED_EDGE('',*,*,#1051,.T.);
#1463=ORIENTED_EDGE('',*,*,#917,.F.);
#1464=ORIENTED_EDGE('',*,*,#1051,.F.);
#1465=ORIENTED_EDGE('',*,*,#1014,.F.);
#1466=ORIENTED_EDGE('',*,*,#1049,.F.);
#1467=ORIENTED_EDGE('',*,*,#899,.F.);
#1468=ORIENTED_EDGE('',*,*,#1044,.F.);
#1469=ORIENTED_EDGE('',*,*,#994,.F.);
#1470=ORIENTED_EDGE('',*,*,#1046,.F.);
#1471=ORIENTED_EDGE('',*,*,#1052,.T.);
#1472=ORIENTED_EDGE('',*,*,#1035,.T.);
#1473=ORIENTED_EDGE('',*,*,#1053,.T.);
#1474=ORIENTED_EDGE('',*,*,#1054,.T.);
#1475=ORIENTED_EDGE('',*,*,#1052,.F.);
#1476=ORIENTED_EDGE('',*,*,#1055,.T.);
#1477=ORIENTED_EDGE('',*,*,#1056,.T.);
#1478=ORIENTED_EDGE('',*,*,#1036,.T.);
#1479=ORIENTED_EDGE('',*,*,#1057,.T.);
#1480=ORIENTED_EDGE('',*,*,#1037,.T.);
#1481=ORIENTED_EDGE('',*,*,#1056,.F.);
#1482=ORIENTED_EDGE('',*,*,#1058,.T.);
#1483=ORIENTED_EDGE('',*,*,#1057,.F.);
#1484=ORIENTED_EDGE('',*,*,#1059,.T.);
#1485=ORIENTED_EDGE('',*,*,#1060,.T.);
#1486=ORIENTED_EDGE('',*,*,#1038,.T.);
#1487=ORIENTED_EDGE('',*,*,#1061,.T.);
#1488=ORIENTED_EDGE('',*,*,#1039,.T.);
#1489=ORIENTED_EDGE('',*,*,#1060,.F.);
#1490=ORIENTED_EDGE('',*,*,#1062,.T.);
#1491=ORIENTED_EDGE('',*,*,#1061,.F.);
#1492=ORIENTED_EDGE('',*,*,#1063,.T.);
#1493=ORIENTED_EDGE('',*,*,#1064,.T.);
#1494=ORIENTED_EDGE('',*,*,#1040,.T.);
#1495=ORIENTED_EDGE('',*,*,#1065,.T.);
#1496=ORIENTED_EDGE('',*,*,#1041,.T.);
#1497=ORIENTED_EDGE('',*,*,#1064,.F.);
#1498=ORIENTED_EDGE('',*,*,#1066,.T.);
#1499=ORIENTED_EDGE('',*,*,#1065,.F.);
#1500=ORIENTED_EDGE('',*,*,#1067,.T.);
#1501=ORIENTED_EDGE('',*,*,#1053,.F.);
#1502=ORIENTED_EDGE('',*,*,#1042,.T.);
#1503=ORIENTED_EDGE('',*,*,#1068,.F.);
#1504=ORIENTED_EDGE('',*,*,#1069,.T.);
#1505=ORIENTED_EDGE('',*,*,#1070,.T.);
#1506=ORIENTED_EDGE('',*,*,#1069,.F.);
#1507=ORIENTED_EDGE('',*,*,#1071,.F.);
#1508=ORIENTED_EDGE('',*,*,#1071,.T.);
#1509=ORIENTED_EDGE('',*,*,#1072,.T.);
#1510=ORIENTED_EDGE('',*,*,#940,.F.);
#1511=ORIENTED_EDGE('',*,*,#1072,.F.);
#1512=ORIENTED_EDGE('',*,*,#1070,.F.);
#1513=ORIENTED_EDGE('',*,*,#922,.F.);
#1514=ORIENTED_EDGE('',*,*,#927,.F.);
#1515=ORIENTED_EDGE('',*,*,#1073,.T.);
#1516=ORIENTED_EDGE('',*,*,#946,.F.);
#1517=ORIENTED_EDGE('',*,*,#943,.F.);
#1518=ORIENTED_EDGE('',*,*,#948,.F.);
#1519=ORIENTED_EDGE('',*,*,#1068,.T.);
#1520=ORIENTED_EDGE('',*,*,#926,.F.);
#1521=ORIENTED_EDGE('',*,*,#939,.F.);
#1522=ORIENTED_EDGE('',*,*,#947,.F.);
#1523=ORIENTED_EDGE('',*,*,#1073,.F.);
#1524=ORIENTED_EDGE('',*,*,#935,.F.);
#1525=ORIENTED_EDGE('',*,*,#1074,.T.);
#1526=ORIENTED_EDGE('',*,*,#1075,.T.);
#1527=ORIENTED_EDGE('',*,*,#1074,.F.);
#1528=ORIENTED_EDGE('',*,*,#1075,.F.);
#1529=ORIENTED_EDGE('',*,*,#934,.F.);
#1530=ORIENTED_EDGE('',*,*,#1076,.T.);
#1531=ORIENTED_EDGE('',*,*,#1077,.T.);
#1532=ORIENTED_EDGE('',*,*,#1076,.F.);
#1533=ORIENTED_EDGE('',*,*,#1077,.F.);
#1534=ORIENTED_EDGE('',*,*,#933,.F.);
#1535=ORIENTED_EDGE('',*,*,#1078,.T.);
#1536=ORIENTED_EDGE('',*,*,#1079,.T.);
#1537=ORIENTED_EDGE('',*,*,#1078,.F.);
#1538=ORIENTED_EDGE('',*,*,#1079,.F.);
#1539=ORIENTED_EDGE('',*,*,#932,.F.);
#1540=ORIENTED_EDGE('',*,*,#1080,.T.);
#1541=ORIENTED_EDGE('',*,*,#1081,.T.);
#1542=ORIENTED_EDGE('',*,*,#1080,.F.);
#1543=ORIENTED_EDGE('',*,*,#1081,.F.);
#1544=ORIENTED_EDGE('',*,*,#928,.F.);
#1545=ORIENTED_EDGE('',*,*,#1082,.T.);
#1546=ORIENTED_EDGE('',*,*,#1083,.T.);
#1547=ORIENTED_EDGE('',*,*,#1084,.F.);
#1548=ORIENTED_EDGE('',*,*,#931,.F.);
#1549=ORIENTED_EDGE('',*,*,#1085,.T.);
#1550=ORIENTED_EDGE('',*,*,#1086,.T.);
#1551=ORIENTED_EDGE('',*,*,#1082,.F.);
#1552=ORIENTED_EDGE('',*,*,#930,.F.);
#1553=ORIENTED_EDGE('',*,*,#1087,.T.);
#1554=ORIENTED_EDGE('',*,*,#1088,.T.);
#1555=ORIENTED_EDGE('',*,*,#1085,.F.);
#1556=ORIENTED_EDGE('',*,*,#929,.F.);
#1557=ORIENTED_EDGE('',*,*,#1084,.T.);
#1558=ORIENTED_EDGE('',*,*,#1089,.T.);
#1559=ORIENTED_EDGE('',*,*,#1087,.F.);
#1560=ORIENTED_EDGE('',*,*,#1089,.F.);
#1561=ORIENTED_EDGE('',*,*,#1083,.F.);
#1562=ORIENTED_EDGE('',*,*,#1086,.F.);
#1563=ORIENTED_EDGE('',*,*,#1088,.F.);
#1564=ORIENTED_EDGE('',*,*,#1055,.F.);
#1565=ORIENTED_EDGE('',*,*,#1054,.F.);
#1566=ORIENTED_EDGE('',*,*,#1067,.F.);
#1567=ORIENTED_EDGE('',*,*,#1066,.F.);
#1568=ORIENTED_EDGE('',*,*,#1063,.F.);
#1569=ORIENTED_EDGE('',*,*,#1062,.F.);
#1570=ORIENTED_EDGE('',*,*,#1059,.F.);
#1571=ORIENTED_EDGE('',*,*,#1058,.F.);
#1572=PLANE('',#1761);
#1573=PLANE('',#1765);
#1574=PLANE('',#1769);
#1575=PLANE('',#1773);
#1576=PLANE('',#1777);
#1577=PLANE('',#1781);
#1578=PLANE('',#1785);
#1579=PLANE('',#1789);
#1580=PLANE('',#1793);
#1581=PLANE('',#1797);
#1582=PLANE('',#1801);
#1583=PLANE('',#1805);
#1584=PLANE('',#1809);
#1585=PLANE('',#1810);
#1586=PLANE('',#1815);
#1587=PLANE('',#1817);
#1588=PLANE('',#1818);
#1589=PLANE('',#1819);
#1590=PLANE('',#1820);
#1591=PLANE('',#1821);
#1592=PLANE('',#1825);
#1593=PLANE('',#1829);
#1594=PLANE('',#1833);
#1595=PLANE('',#1837);
#1596=PLANE('',#1841);
#1597=PLANE('',#1845);
#1598=PLANE('',#1849);
#1599=PLANE('',#1853);
#1600=PLANE('',#1857);
#1601=PLANE('',#1861);
#1602=PLANE('',#1865);
#1603=PLANE('',#1870);
#1604=PLANE('',#1872);
#1605=PLANE('',#1874);
#1606=PLANE('',#1876);
#1607=PLANE('',#1878);
#1608=PLANE('',#1880);
#1609=PLANE('',#1881);
#1610=PLANE('',#1887);
#1611=PLANE('',#1889);
#1612=PLANE('',#1892);
#1613=PLANE('',#1895);
#1614=PLANE('',#1896);
#1615=PLANE('',#1897);
#1616=PLANE('',#1900);
#1617=PLANE('',#1903);
#1618=PLANE('',#1906);
#1619=PLANE('',#1912);
#1620=PLANE('',#1915);
#1621=PLANE('',#1916);
#1622=PLANE('',#1917);
#1623=PLANE('',#1920);
#1624=PLANE('',#1923);
#1625=PLANE('',#1926);
#1626=PLANE('',#1929);
#1627=PLANE('',#1930);
#1628=PLANE('',#1931);
#1629=PLANE('',#1932);
#1630=PLANE('',#1933);
#1631=PLANE('',#1934);
#1632=ADVANCED_FACE('',(#138),#1572,.T.);
#1633=ADVANCED_FACE('',(#139),#110,.T.);
#1634=ADVANCED_FACE('',(#140),#1573,.T.);
#1635=ADVANCED_FACE('',(#141),#111,.T.);
#1636=ADVANCED_FACE('',(#142),#1574,.T.);
#1637=ADVANCED_FACE('',(#143),#112,.F.);
#1638=ADVANCED_FACE('',(#144),#1575,.T.);
#1639=ADVANCED_FACE('',(#145),#113,.F.);
#1640=ADVANCED_FACE('',(#146),#1576,.T.);
#1641=ADVANCED_FACE('',(#147),#114,.T.);
#1642=ADVANCED_FACE('',(#148),#1577,.T.);
#1643=ADVANCED_FACE('',(#149),#115,.T.);
#1644=ADVANCED_FACE('',(#150),#1578,.T.);
#1645=ADVANCED_FACE('',(#151),#116,.T.);
#1646=ADVANCED_FACE('',(#152),#1579,.T.);
#1647=ADVANCED_FACE('',(#153),#117,.T.);
#1648=ADVANCED_FACE('',(#154),#1580,.T.);
#1649=ADVANCED_FACE('',(#155),#118,.F.);
#1650=ADVANCED_FACE('',(#156),#1581,.T.);
#1651=ADVANCED_FACE('',(#157),#119,.F.);
#1652=ADVANCED_FACE('',(#158),#1582,.T.);
#1653=ADVANCED_FACE('',(#159),#120,.T.);
#1654=ADVANCED_FACE('',(#160),#1583,.T.);
#1655=ADVANCED_FACE('',(#161),#121,.T.);
#1656=ADVANCED_FACE('',(#162),#1584,.T.);
#1657=ADVANCED_FACE('',(#163,#33,#34,#35,#36,#37),#1585,.F.);
#1658=ADVANCED_FACE('',(#164,#38),#1586,.F.);
#1659=ADVANCED_FACE('',(#165),#1587,.T.);
#1660=ADVANCED_FACE('',(#166),#1588,.T.);
#1661=ADVANCED_FACE('',(#167),#1589,.F.);
#1662=ADVANCED_FACE('',(#168),#1590,.T.);
#1663=ADVANCED_FACE('',(#169),#1591,.T.);
#1664=ADVANCED_FACE('',(#170),#122,.T.);
#1665=ADVANCED_FACE('',(#171),#1592,.T.);
#1666=ADVANCED_FACE('',(#172),#123,.F.);
#1667=ADVANCED_FACE('',(#173),#1593,.T.);
#1668=ADVANCED_FACE('',(#174),#124,.F.);
#1669=ADVANCED_FACE('',(#175),#1594,.T.);
#1670=ADVANCED_FACE('',(#176),#125,.T.);
#1671=ADVANCED_FACE('',(#177),#1595,.T.);
#1672=ADVANCED_FACE('',(#178),#126,.T.);
#1673=ADVANCED_FACE('',(#179),#1596,.T.);
#1674=ADVANCED_FACE('',(#180),#127,.T.);
#1675=ADVANCED_FACE('',(#181),#1597,.T.);
#1676=ADVANCED_FACE('',(#182),#128,.T.);
#1677=ADVANCED_FACE('',(#183),#1598,.T.);
#1678=ADVANCED_FACE('',(#184),#129,.F.);
#1679=ADVANCED_FACE('',(#185),#1599,.T.);
#1680=ADVANCED_FACE('',(#186),#130,.F.);
#1681=ADVANCED_FACE('',(#187),#1600,.T.);
#1682=ADVANCED_FACE('',(#188),#131,.T.);
#1683=ADVANCED_FACE('',(#189),#1601,.T.);
#1684=ADVANCED_FACE('',(#190),#132,.T.);
#1685=ADVANCED_FACE('',(#191),#1602,.T.);
#1686=ADVANCED_FACE('',(#192),#133,.T.);
#1687=ADVANCED_FACE('',(#193),#15,.T.);
#1688=ADVANCED_FACE('',(#194),#1603,.T.);
#1689=ADVANCED_FACE('',(#195),#16,.T.);
#1690=ADVANCED_FACE('',(#196),#1604,.T.);
#1691=ADVANCED_FACE('',(#197),#17,.T.);
#1692=ADVANCED_FACE('',(#198),#1605,.T.);
#1693=ADVANCED_FACE('',(#199),#18,.F.);
#1694=ADVANCED_FACE('',(#200),#1606,.F.);
#1695=ADVANCED_FACE('',(#201),#19,.F.);
#1696=ADVANCED_FACE('',(#202),#1607,.T.);
#1697=ADVANCED_FACE('',(#203),#20,.T.);
#1698=ADVANCED_FACE('',(#204),#1608,.T.);
#1699=ADVANCED_FACE('',(#205,#39),#1609,.T.);
#1700=ADVANCED_FACE('',(#206),#21,.F.);
#1701=ADVANCED_FACE('',(#207),#1610,.F.);
#1702=ADVANCED_FACE('',(#208),#22,.T.);
#1703=ADVANCED_FACE('',(#209),#1611,.T.);
#1704=ADVANCED_FACE('',(#210),#23,.F.);
#1705=ADVANCED_FACE('',(#211),#24,.T.);
#1706=ADVANCED_FACE('',(#212),#1612,.T.);
#1707=ADVANCED_FACE('',(#213),#25,.T.);
#1708=ADVANCED_FACE('',(#214),#26,.T.);
#1709=ADVANCED_FACE('',(#215),#1613,.T.);
#1710=ADVANCED_FACE('',(#216),#1614,.T.);
#1711=ADVANCED_FACE('',(#217),#1615,.T.);
#1712=ADVANCED_FACE('',(#218),#134,.F.);
#1713=ADVANCED_FACE('',(#219),#1616,.T.);
#1714=ADVANCED_FACE('',(#220),#135,.F.);
#1715=ADVANCED_FACE('',(#221),#1617,.T.);
#1716=ADVANCED_FACE('',(#222),#136,.F.);
#1717=ADVANCED_FACE('',(#223),#1618,.T.);
#1718=ADVANCED_FACE('',(#224),#137,.F.);
#1719=ADVANCED_FACE('',(#225),#27,.F.);
#1720=ADVANCED_FACE('',(#226),#1619,.T.);
#1721=ADVANCED_FACE('',(#227),#28,.F.);
#1722=ADVANCED_FACE('',(#228),#1620,.F.);
#1723=ADVANCED_FACE('',(#229,#40),#1621,.F.);
#1724=ADVANCED_FACE('',(#230),#1622,.F.);
#1725=ADVANCED_FACE('',(#231),#29,.F.);
#1726=ADVANCED_FACE('',(#232),#1623,.F.);
#1727=ADVANCED_FACE('',(#233),#30,.F.);
#1728=ADVANCED_FACE('',(#234),#1624,.F.);
#1729=ADVANCED_FACE('',(#235),#31,.F.);
#1730=ADVANCED_FACE('',(#236),#1625,.F.);
#1731=ADVANCED_FACE('',(#237),#32,.F.);
#1732=ADVANCED_FACE('',(#238),#1626,.F.);
#1733=ADVANCED_FACE('',(#239),#1627,.F.);
#1734=ADVANCED_FACE('',(#240),#1628,.F.);
#1735=ADVANCED_FACE('',(#241),#1629,.F.);
#1736=ADVANCED_FACE('',(#242),#1630,.F.);
#1737=ADVANCED_FACE('',(#243,#41),#1631,.F.);
#1738=CLOSED_SHELL('',(#1632,#1633,#1634,#1635,#1636,#1637,#1638,#1639,
#1640,#1641,#1642,#1643,#1644,#1645,#1646,#1647,#1648,#1649,#1650,#1651,
#1652,#1653,#1654,#1655,#1656,#1657,#1658,#1659,#1660,#1661,#1662,#1663,
#1664,#1665,#1666,#1667,#1668,#1669,#1670,#1671,#1672,#1673,#1674,#1675,
#1676,#1677,#1678,#1679,#1680,#1681,#1682,#1683,#1684,#1685,#1686,#1687,
#1688,#1689,#1690,#1691,#1692,#1693,#1694,#1695,#1696,#1697,#1698,#1699,
#1700,#1701,#1702,#1703,#1704,#1705,#1706,#1707,#1708,#1709,#1710,#1711,
#1712,#1713,#1714,#1715,#1716,#1717,#1718,#1719,#1720,#1721,#1722,#1723,
#1724,#1725,#1726,#1727,#1728,#1729,#1730,#1731,#1732,#1733,#1734,#1735,
#1736,#1737));
#1739=DERIVED_UNIT_ELEMENT(#1742,1.);
#1740=DERIVED_UNIT_ELEMENT(#2955,-3.);
#1741=DIMENSIONAL_EXPONENTS(0.,1.,0.,0.,0.,0.,0.);
#1742=(
CONVERSION_BASED_UNIT('gram',#1744)
MASS_UNIT()
NAMED_UNIT(#1741)
);
#1743=(
MASS_UNIT()
NAMED_UNIT(*)
SI_UNIT(.KILO.,.GRAM.)
);
#1744=MASS_MEASURE_WITH_UNIT(MASS_MEASURE(0.001),#1743);
#1745=DERIVED_UNIT((#1739,#1740));
#1746=MEASURE_REPRESENTATION_ITEM('density measure',
POSITIVE_RATIO_MEASURE(1.06),#1745);
#1747=PROPERTY_DEFINITION_REPRESENTATION(#1752,#1749);
#1748=PROPERTY_DEFINITION_REPRESENTATION(#1753,#1750);
#1749=REPRESENTATION('material name',(#1751),#2952);
#1750=REPRESENTATION('density',(#1746),#2952);
#1751=DESCRIPTIVE_REPRESENTATION_ITEM('ABS Plastic','ABS Plastic');
#1752=PROPERTY_DEFINITION('material property','material name',#2962);
#1753=PROPERTY_DEFINITION('material property','density of part',#2962);
#1754=DATE_TIME_ROLE('creation_date');
#1755=APPLIED_DATE_AND_TIME_ASSIGNMENT(#1756,#1754,(#2962));
#1756=DATE_AND_TIME(#1757,#1758);
#1757=CALENDAR_DATE(2026,20,1);
#1758=LOCAL_TIME(0,0,0.,#1759);
#1759=COORDINATED_UNIVERSAL_TIME_OFFSET(0,0,.BEHIND.);
#1760=AXIS2_PLACEMENT_3D('',#2458,#1935,#1936);
#1761=AXIS2_PLACEMENT_3D('',#2459,#1937,#1938);
#1762=AXIS2_PLACEMENT_3D('',#2468,#1943,#1944);
#1763=AXIS2_PLACEMENT_3D('',#2472,#1946,#1947);
#1764=AXIS2_PLACEMENT_3D('',#2473,#1948,#1949);
#1765=AXIS2_PLACEMENT_3D('',#2474,#1950,#1951);
#1766=AXIS2_PLACEMENT_3D('',#2480,#1955,#1956);
#1767=AXIS2_PLACEMENT_3D('',#2484,#1958,#1959);
#1768=AXIS2_PLACEMENT_3D('',#2485,#1960,#1961);
#1769=AXIS2_PLACEMENT_3D('',#2486,#1962,#1963);
#1770=AXIS2_PLACEMENT_3D('',#2492,#1967,#1968);
#1771=AXIS2_PLACEMENT_3D('',#2496,#1970,#1971);
#1772=AXIS2_PLACEMENT_3D('',#2497,#1972,#1973);
#1773=AXIS2_PLACEMENT_3D('',#2498,#1974,#1975);
#1774=AXIS2_PLACEMENT_3D('',#2504,#1979,#1980);
#1775=AXIS2_PLACEMENT_3D('',#2508,#1982,#1983);
#1776=AXIS2_PLACEMENT_3D('',#2509,#1984,#1985);
#1777=AXIS2_PLACEMENT_3D('',#2510,#1986,#1987);
#1778=AXIS2_PLACEMENT_3D('',#2516,#1991,#1992);
#1779=AXIS2_PLACEMENT_3D('',#2520,#1994,#1995);
#1780=AXIS2_PLACEMENT_3D('',#2521,#1996,#1997);
#1781=AXIS2_PLACEMENT_3D('',#2522,#1998,#1999);
#1782=AXIS2_PLACEMENT_3D('',#2528,#2003,#2004);
#1783=AXIS2_PLACEMENT_3D('',#2532,#2006,#2007);
#1784=AXIS2_PLACEMENT_3D('',#2533,#2008,#2009);
#1785=AXIS2_PLACEMENT_3D('',#2534,#2010,#2011);
#1786=AXIS2_PLACEMENT_3D('',#2540,#2015,#2016);
#1787=AXIS2_PLACEMENT_3D('',#2544,#2018,#2019);
#1788=AXIS2_PLACEMENT_3D('',#2545,#2020,#2021);
#1789=AXIS2_PLACEMENT_3D('',#2546,#2022,#2023);
#1790=AXIS2_PLACEMENT_3D('',#2552,#2027,#2028);
#1791=AXIS2_PLACEMENT_3D('',#2556,#2030,#2031);
#1792=AXIS2_PLACEMENT_3D('',#2557,#2032,#2033);
#1793=AXIS2_PLACEMENT_3D('',#2558,#2034,#2035);
#1794=AXIS2_PLACEMENT_3D('',#2564,#2039,#2040);
#1795=AXIS2_PLACEMENT_3D('',#2568,#2042,#2043);
#1796=AXIS2_PLACEMENT_3D('',#2569,#2044,#2045);
#1797=AXIS2_PLACEMENT_3D('',#2570,#2046,#2047);
#1798=AXIS2_PLACEMENT_3D('',#2576,#2051,#2052);
#1799=AXIS2_PLACEMENT_3D('',#2580,#2054,#2055);
#1800=AXIS2_PLACEMENT_3D('',#2581,#2056,#2057);
#1801=AXIS2_PLACEMENT_3D('',#2582,#2058,#2059);
#1802=AXIS2_PLACEMENT_3D('',#2588,#2063,#2064);
#1803=AXIS2_PLACEMENT_3D('',#2592,#2066,#2067);
#1804=AXIS2_PLACEMENT_3D('',#2593,#2068,#2069);
#1805=AXIS2_PLACEMENT_3D('',#2594,#2070,#2071);
#1806=AXIS2_PLACEMENT_3D('',#2600,#2075,#2076);
#1807=AXIS2_PLACEMENT_3D('',#2604,#2078,#2079);
#1808=AXIS2_PLACEMENT_3D('',#2605,#2080,#2081);
#1809=AXIS2_PLACEMENT_3D('',#2606,#2082,#2083);
#1810=AXIS2_PLACEMENT_3D('',#2612,#2087,#2088);
#1811=AXIS2_PLACEMENT_3D('',#2627,#2096,#2097);
#1812=AXIS2_PLACEMENT_3D('',#2629,#2098,#2099);
#1813=AXIS2_PLACEMENT_3D('',#2631,#2100,#2101);
#1814=AXIS2_PLACEMENT_3D('',#2633,#2102,#2103);
#1815=AXIS2_PLACEMENT_3D('',#2634,#2104,#2105);
#1816=AXIS2_PLACEMENT_3D('',#2643,#2110,#2111);
#1817=AXIS2_PLACEMENT_3D('',#2644,#2112,#2113);
#1818=AXIS2_PLACEMENT_3D('',#2648,#2116,#2117);
#1819=AXIS2_PLACEMENT_3D('',#2654,#2121,#2122);
#1820=AXIS2_PLACEMENT_3D('',#2658,#2125,#2126);
#1821=AXIS2_PLACEMENT_3D('',#2663,#2130,#2131);
#1822=AXIS2_PLACEMENT_3D('',#2672,#2136,#2137);
#1823=AXIS2_PLACEMENT_3D('',#2674,#2138,#2139);
#1824=AXIS2_PLACEMENT_3D('',#2677,#2141,#2142);
#1825=AXIS2_PLACEMENT_3D('',#2678,#2143,#2144);
#1826=AXIS2_PLACEMENT_3D('',#2684,#2148,#2149);
#1827=AXIS2_PLACEMENT_3D('',#2686,#2150,#2151);
#1828=AXIS2_PLACEMENT_3D('',#2689,#2153,#2154);
#1829=AXIS2_PLACEMENT_3D('',#2690,#2155,#2156);
#1830=AXIS2_PLACEMENT_3D('',#2696,#2160,#2161);
#1831=AXIS2_PLACEMENT_3D('',#2698,#2162,#2163);
#1832=AXIS2_PLACEMENT_3D('',#2701,#2165,#2166);
#1833=AXIS2_PLACEMENT_3D('',#2702,#2167,#2168);
#1834=AXIS2_PLACEMENT_3D('',#2708,#2172,#2173);
#1835=AXIS2_PLACEMENT_3D('',#2710,#2174,#2175);
#1836=AXIS2_PLACEMENT_3D('',#2713,#2177,#2178);
#1837=AXIS2_PLACEMENT_3D('',#2714,#2179,#2180);
#1838=AXIS2_PLACEMENT_3D('',#2720,#2184,#2185);
#1839=AXIS2_PLACEMENT_3D('',#2722,#2186,#2187);
#1840=AXIS2_PLACEMENT_3D('',#2725,#2189,#2190);
#1841=AXIS2_PLACEMENT_3D('',#2726,#2191,#2192);
#1842=AXIS2_PLACEMENT_3D('',#2732,#2196,#2197);
#1843=AXIS2_PLACEMENT_3D('',#2734,#2198,#2199);
#1844=AXIS2_PLACEMENT_3D('',#2737,#2201,#2202);
#1845=AXIS2_PLACEMENT_3D('',#2738,#2203,#2204);
#1846=AXIS2_PLACEMENT_3D('',#2744,#2208,#2209);
#1847=AXIS2_PLACEMENT_3D('',#2746,#2210,#2211);
#1848=AXIS2_PLACEMENT_3D('',#2749,#2213,#2214);
#1849=AXIS2_PLACEMENT_3D('',#2750,#2215,#2216);
#1850=AXIS2_PLACEMENT_3D('',#2756,#2220,#2221);
#1851=AXIS2_PLACEMENT_3D('',#2758,#2222,#2223);
#1852=AXIS2_PLACEMENT_3D('',#2761,#2225,#2226);
#1853=AXIS2_PLACEMENT_3D('',#2762,#2227,#2228);
#1854=AXIS2_PLACEMENT_3D('',#2768,#2232,#2233);
#1855=AXIS2_PLACEMENT_3D('',#2770,#2234,#2235);
#1856=AXIS2_PLACEMENT_3D('',#2773,#2237,#2238);
#1857=AXIS2_PLACEMENT_3D('',#2774,#2239,#2240);
#1858=AXIS2_PLACEMENT_3D('',#2780,#2244,#2245);
#1859=AXIS2_PLACEMENT_3D('',#2782,#2246,#2247);
#1860=AXIS2_PLACEMENT_3D('',#2785,#2249,#2250);
#1861=AXIS2_PLACEMENT_3D('',#2786,#2251,#2252);
#1862=AXIS2_PLACEMENT_3D('',#2792,#2256,#2257);
#1863=AXIS2_PLACEMENT_3D('',#2793,#2258,#2259);
#1864=AXIS2_PLACEMENT_3D('',#2796,#2261,#2262);
#1865=AXIS2_PLACEMENT_3D('',#2797,#2263,#2264);
#1866=AXIS2_PLACEMENT_3D('',#2801,#2267,#2268);
#1867=AXIS2_PLACEMENT_3D('',#2802,#2269,#2270);
#1868=AXIS2_PLACEMENT_3D('',#2803,#2271,#2272);
#1869=AXIS2_PLACEMENT_3D('',#2804,#2273,#2274);
#1870=AXIS2_PLACEMENT_3D('',#2807,#2277,#2278);
#1871=AXIS2_PLACEMENT_3D('',#2809,#2280,#2281);
#1872=AXIS2_PLACEMENT_3D('',#2811,#2283,#2284);
#1873=AXIS2_PLACEMENT_3D('',#2813,#2286,#2287);
#1874=AXIS2_PLACEMENT_3D('',#2815,#2289,#2290);
#1875=AXIS2_PLACEMENT_3D('',#2817,#2292,#2293);
#1876=AXIS2_PLACEMENT_3D('',#2819,#2295,#2296);
#1877=AXIS2_PLACEMENT_3D('',#2821,#2298,#2299);
#1878=AXIS2_PLACEMENT_3D('',#2823,#2301,#2302);
#1879=AXIS2_PLACEMENT_3D('',#2825,#2304,#2305);
#1880=AXIS2_PLACEMENT_3D('',#2827,#2307,#2308);
#1881=AXIS2_PLACEMENT_3D('',#2829,#2310,#2311);
#1882=AXIS2_PLACEMENT_3D('',#2834,#2313,#2314);
#1883=AXIS2_PLACEMENT_3D('',#2838,#2316,#2317);
#1884=AXIS2_PLACEMENT_3D('',#2842,#2319,#2320);
#1885=AXIS2_PLACEMENT_3D('',#2845,#2322,#2323);
#1886=AXIS2_PLACEMENT_3D('',#2846,#2324,#2325);
#1887=AXIS2_PLACEMENT_3D('',#2849,#2328,#2329);
#1888=AXIS2_PLACEMENT_3D('',#2851,#2331,#2332);
#1889=AXIS2_PLACEMENT_3D('',#2854,#2335,#2336);
#1890=AXIS2_PLACEMENT_3D('',#2855,#2337,#2338);
#1891=AXIS2_PLACEMENT_3D('',#2857,#2340,#2341);
#1892=AXIS2_PLACEMENT_3D('',#2860,#2344,#2345);
#1893=AXIS2_PLACEMENT_3D('',#2861,#2346,#2347);
#1894=AXIS2_PLACEMENT_3D('',#2862,#2348,#2349);
#1895=AXIS2_PLACEMENT_3D('',#2864,#2351,#2352);
#1896=AXIS2_PLACEMENT_3D('',#2865,#2353,#2354);
#1897=AXIS2_PLACEMENT_3D('',#2866,#2355,#2356);
#1898=AXIS2_PLACEMENT_3D('',#2872,#2360,#2361);
#1899=AXIS2_PLACEMENT_3D('',#2874,#2362,#2363);
#1900=AXIS2_PLACEMENT_3D('',#2876,#2365,#2366);
#1901=AXIS2_PLACEMENT_3D('',#2880,#2369,#2370);
#1902=AXIS2_PLACEMENT_3D('',#2882,#2371,#2372);
#1903=AXIS2_PLACEMENT_3D('',#2884,#2374,#2375);
#1904=AXIS2_PLACEMENT_3D('',#2888,#2378,#2379);
#1905=AXIS2_PLACEMENT_3D('',#2890,#2380,#2381);
#1906=AXIS2_PLACEMENT_3D('',#2892,#2383,#2384);
#1907=AXIS2_PLACEMENT_3D('',#2896,#2387,#2388);
#1908=AXIS2_PLACEMENT_3D('',#2897,#2389,#2390);
#1909=AXIS2_PLACEMENT_3D('',#2898,#2391,#2392);
#1910=AXIS2_PLACEMENT_3D('',#2900,#2393,#2394);
#1911=AXIS2_PLACEMENT_3D('',#2903,#2396,#2397);
#1912=AXIS2_PLACEMENT_3D('',#2904,#2398,#2399);
#1913=AXIS2_PLACEMENT_3D('',#2906,#2400,#2401);
#1914=AXIS2_PLACEMENT_3D('',#2907,#2402,#2403);
#1915=AXIS2_PLACEMENT_3D('',#2909,#2405,#2406);
#1916=AXIS2_PLACEMENT_3D('',#2910,#2407,#2408);
#1917=AXIS2_PLACEMENT_3D('',#2912,#2410,#2411);
#1918=AXIS2_PLACEMENT_3D('',#2913,#2412,#2413);
#1919=AXIS2_PLACEMENT_3D('',#2916,#2415,#2416);
#1920=AXIS2_PLACEMENT_3D('',#2917,#2417,#2418);
#1921=AXIS2_PLACEMENT_3D('',#2918,#2419,#2420);
#1922=AXIS2_PLACEMENT_3D('',#2921,#2422,#2423);
#1923=AXIS2_PLACEMENT_3D('',#2922,#2424,#2425);
#1924=AXIS2_PLACEMENT_3D('',#2923,#2426,#2427);
#1925=AXIS2_PLACEMENT_3D('',#2926,#2429,#2430);
#1926=AXIS2_PLACEMENT_3D('',#2927,#2431,#2432);
#1927=AXIS2_PLACEMENT_3D('',#2928,#2433,#2434);
#1928=AXIS2_PLACEMENT_3D('',#2931,#2436,#2437);
#1929=AXIS2_PLACEMENT_3D('',#2932,#2438,#2439);
#1930=AXIS2_PLACEMENT_3D('',#2933,#2440,#2441);
#1931=AXIS2_PLACEMENT_3D('',#2939,#2445,#2446);
#1932=AXIS2_PLACEMENT_3D('',#2943,#2449,#2450);
#1933=AXIS2_PLACEMENT_3D('',#2947,#2453,#2454);
#1934=AXIS2_PLACEMENT_3D('',#2949,#2456,#2457);
#1935=DIRECTION('axis',(0.,0.,1.));
#1936=DIRECTION('refdir',(1.,0.,0.));
#1937=DIRECTION('center_axis',(0.707106781186551,0.,-0.707106781186544));
#1938=DIRECTION('ref_axis',(-0.707106781186544,0.,-0.707106781186551));
#1939=DIRECTION('',(-0.707106781186544,0.,-0.707106781186551));
#1940=DIRECTION('',(0.,1.,0.));
#1941=DIRECTION('',(0.707106781186544,0.,0.707106781186551));
#1942=DIRECTION('',(0.,-1.,0.));
#1943=DIRECTION('center_axis',(0.,0.,1.));
#1944=DIRECTION('ref_axis',(0.707106781186548,0.707106781186548,0.));
#1945=DIRECTION('',(0.,0.707106781186544,0.707106781186551));
#1946=DIRECTION('center_axis',(0.,0.,-1.));
#1947=DIRECTION('ref_axis',(0.707106781186547,0.707106781186547,0.));
#1948=DIRECTION('center_axis',(0.,0.,1.));
#1949=DIRECTION('ref_axis',(0.707106781186548,0.707106781186548,0.));
#1950=DIRECTION('center_axis',(0.,0.707106781186551,-0.707106781186544));
#1951=DIRECTION('ref_axis',(-1.,0.,0.));
#1952=DIRECTION('',(0.,0.707106781186544,0.707106781186551));
#1953=DIRECTION('',(1.,0.,0.));
#1954=DIRECTION('',(-1.,0.,0.));
#1955=DIRECTION('center_axis',(0.,0.,1.));
#1956=DIRECTION('ref_axis',(-0.382683432365089,0.923879532511287,0.));
#1957=DIRECTION('',(-0.500000000000004,0.500000000000004,0.707106781186542));
#1958=DIRECTION('center_axis',(0.,0.,-1.));
#1959=DIRECTION('ref_axis',(-0.382683432365089,0.923879532511287,0.));
#1960=DIRECTION('center_axis',(0.,0.,1.));
#1961=DIRECTION('ref_axis',(-0.382683432365089,0.923879532511287,0.));
#1962=DIRECTION('center_axis',(-0.499999999999988,0.499999999999988,-0.707106781186565));
#1963=DIRECTION('ref_axis',(-0.816496580927739,0.,0.577350269189607));
#1964=DIRECTION('',(-0.500000000000016,0.499999999999999,0.707106781186536));
#1965=DIRECTION('',(0.707106781186548,0.707106781186548,0.));
#1966=DIRECTION('',(-0.707106781186548,-0.707106781186548,0.));
#1967=DIRECTION('center_axis',(0.,0.,-1.));
#1968=DIRECTION('ref_axis',(0.38268343236509,-0.923879532511287,0.));
#1969=DIRECTION('',(0.,0.707106781186544,0.707106781186551));
#1970=DIRECTION('center_axis',(0.,0.,1.));
#1971=DIRECTION('ref_axis',(0.38268343236509,-0.923879532511287,0.));
#1972=DIRECTION('center_axis',(0.,0.,-1.));
#1973=DIRECTION('ref_axis',(0.38268343236509,-0.923879532511287,0.));
#1974=DIRECTION('center_axis',(0.,0.707106781186551,-0.707106781186544));
#1975=DIRECTION('ref_axis',(-1.,0.,0.));
#1976=DIRECTION('',(-1.,0.,0.));
#1977=DIRECTION('',(0.,0.707106781186544,0.707106781186551));
#1978=DIRECTION('',(1.,0.,0.));
#1979=DIRECTION('center_axis',(0.,0.,-1.));
#1980=DIRECTION('ref_axis',(-0.38268343236509,-0.923879532511287,0.));
#1981=DIRECTION('',(0.499999999999998,0.499999999999994,0.707106781186553));
#1982=DIRECTION('center_axis',(0.,0.,1.));
#1983=DIRECTION('ref_axis',(-0.38268343236509,-0.923879532511287,0.));
#1984=DIRECTION('center_axis',(0.,0.,-1.));
#1985=DIRECTION('ref_axis',(-0.38268343236509,-0.923879532511287,0.));
#1986=DIRECTION('center_axis',(0.499999999999996,0.499999999999996,-0.707106781186553));
#1987=DIRECTION('ref_axis',(-0.81649658092773,0.,-0.57735026918962));
#1988=DIRECTION('',(0.500000000000008,0.499999999999991,0.707106781186548));
#1989=DIRECTION('',(0.707106781186548,-0.707106781186547,0.));
#1990=DIRECTION('',(-0.707106781186548,0.707106781186547,0.));
#1991=DIRECTION('center_axis',(0.,0.,1.));
#1992=DIRECTION('ref_axis',(0.382683432365089,0.923879532511287,0.));
#1993=DIRECTION('',(0.,0.707106781186561,0.707106781186534));
#1994=DIRECTION('center_axis',(0.,0.,-1.));
#1995=DIRECTION('ref_axis',(0.382683432365089,0.923879532511287,0.));
#1996=DIRECTION('center_axis',(0.,0.,1.));
#1997=DIRECTION('ref_axis',(0.382683432365089,0.923879532511287,0.));
#1998=DIRECTION('center_axis',(0.,0.707106781186551,-0.707106781186544));
#1999=DIRECTION('ref_axis',(-1.,0.,0.));
#2000=DIRECTION('',(0.,0.707106781186544,0.707106781186551));
#2001=DIRECTION('',(1.,0.,0.));
#2002=DIRECTION('',(-1.,0.,0.));
#2003=DIRECTION('center_axis',(0.,0.,1.));
#2004=DIRECTION('ref_axis',(-0.707106781186548,0.707106781186548,0.));
#2005=DIRECTION('',(-0.70710678118655,0.,0.707106781186545));
#2006=DIRECTION('center_axis',(0.,0.,-1.));
#2007=DIRECTION('ref_axis',(-0.707106781186547,0.707106781186547,0.));
#2008=DIRECTION('center_axis',(0.,0.,1.));
#2009=DIRECTION('ref_axis',(-0.707106781186548,0.707106781186548,0.));
#2010=DIRECTION('center_axis',(-0.707106781186549,0.,-0.707106781186546));
#2011=DIRECTION('ref_axis',(-0.707106781186546,0.,0.707106781186549));
#2012=DIRECTION('',(-0.707106781186546,0.,0.707106781186549));
#2013=DIRECTION('',(0.,1.,0.));
#2014=DIRECTION('',(0.,-1.,0.));
#2015=DIRECTION('center_axis',(0.,0.,1.));
#2016=DIRECTION('ref_axis',(-0.707106781186548,-0.707106781186548,0.));
#2017=DIRECTION('',(0.,-0.707106781186547,0.707106781186548));
#2018=DIRECTION('center_axis',(0.,0.,-1.));
#2019=DIRECTION('ref_axis',(-0.707106781186547,-0.707106781186547,0.));
#2020=DIRECTION('center_axis',(0.,0.,1.));
#2021=DIRECTION('ref_axis',(-0.707106781186548,-0.707106781186548,0.));
#2022=DIRECTION('center_axis',(0.,-0.707106781186547,-0.707106781186548));
#2023=DIRECTION('ref_axis',(-1.,0.,0.));
#2024=DIRECTION('',(0.,-0.707106781186548,0.707106781186547));
#2025=DIRECTION('',(-1.,0.,0.));
#2026=DIRECTION('',(1.,0.,0.));
#2027=DIRECTION('center_axis',(0.,0.,1.));
#2028=DIRECTION('ref_axis',(0.38268343236509,-0.923879532511287,0.));
#2029=DIRECTION('',(0.499999999999999,-0.500000000000002,0.707106781186547));
#2030=DIRECTION('center_axis',(0.,0.,-1.));
#2031=DIRECTION('ref_axis',(0.38268343236509,-0.923879532511287,0.));
#2032=DIRECTION('center_axis',(0.,0.,1.));
#2033=DIRECTION('ref_axis',(0.38268343236509,-0.923879532511287,0.));
#2034=DIRECTION('center_axis',(0.500000000000002,-0.500000000000002,-0.707106781186545));
#2035=DIRECTION('ref_axis',(-0.816496580927724,0.,-0.577350269189628));
#2036=DIRECTION('',(0.500000000000002,-0.499999999999991,0.707106781186552));
#2037=DIRECTION('',(-0.707106781186548,-0.707106781186548,0.));
#2038=DIRECTION('',(0.707106781186548,0.707106781186548,0.));
#2039=DIRECTION('center_axis',(0.,0.,-1.));
#2040=DIRECTION('ref_axis',(-0.38268343236509,0.923879532511287,0.));
#2041=DIRECTION('',(0.,-0.707106781186547,0.707106781186548));
#2042=DIRECTION('center_axis',(0.,0.,1.));
#2043=DIRECTION('ref_axis',(-0.38268343236509,0.923879532511287,0.));
#2044=DIRECTION('center_axis',(0.,0.,-1.));
#2045=DIRECTION('ref_axis',(-0.38268343236509,0.923879532511287,0.));
#2046=DIRECTION('center_axis',(0.,-0.707106781186547,-0.707106781186548));
#2047=DIRECTION('ref_axis',(-1.,0.,0.));
#2048=DIRECTION('',(1.,0.,0.));
#2049=DIRECTION('',(0.,-0.707106781186548,0.707106781186547));
#2050=DIRECTION('',(-1.,0.,0.));
#2051=DIRECTION('center_axis',(0.,0.,-1.));
#2052=DIRECTION('ref_axis',(0.38268343236509,0.923879532511287,0.));
#2053=DIRECTION('',(-0.499999999999994,-0.499999999999999,0.707106781186553));
#2054=DIRECTION('center_axis',(0.,0.,1.));
#2055=DIRECTION('ref_axis',(0.38268343236509,0.923879532511287,0.));
#2056=DIRECTION('center_axis',(0.,0.,-1.));
#2057=DIRECTION('ref_axis',(0.38268343236509,0.923879532511287,0.));
#2058=DIRECTION('center_axis',(-0.500000000000007,-0.500000000000007,-0.707106781186538));
#2059=DIRECTION('ref_axis',(-0.816496580927719,0.,0.577350269189636));
#2060=DIRECTION('',(-0.499999999999998,-0.499999999999987,0.707106781186558));
#2061=DIRECTION('',(-0.707106781186548,0.707106781186548,0.));
#2062=DIRECTION('',(0.707106781186548,-0.707106781186548,0.));
#2063=DIRECTION('center_axis',(0.,0.,1.));
#2064=DIRECTION('ref_axis',(-0.38268343236509,-0.923879532511287,0.));
#2065=DIRECTION('',(0.,-0.70710678118655,0.707106781186545));
#2066=DIRECTION('center_axis',(0.,0.,-1.));
#2067=DIRECTION('ref_axis',(-0.38268343236509,-0.923879532511287,0.));
#2068=DIRECTION('center_axis',(0.,0.,1.));
#2069=DIRECTION('ref_axis',(-0.38268343236509,-0.923879532511287,0.));
#2070=DIRECTION('center_axis',(0.,-0.707106781186547,-0.707106781186548));
#2071=DIRECTION('ref_axis',(-1.,0.,0.));
#2072=DIRECTION('',(0.,-0.707106781186548,0.707106781186547));
#2073=DIRECTION('',(-1.,0.,0.));
#2074=DIRECTION('',(1.,0.,0.));
#2075=DIRECTION('center_axis',(0.,0.,1.));
#2076=DIRECTION('ref_axis',(0.707106781186547,-0.707106781186547,0.));
#2077=DIRECTION('',(0.707106781186527,0.,0.707106781186568));
#2078=DIRECTION('center_axis',(0.,0.,-1.));
#2079=DIRECTION('ref_axis',(0.707106781186547,-0.707106781186547,0.));
#2080=DIRECTION('center_axis',(0.,0.,1.));
#2081=DIRECTION('ref_axis',(0.707106781186547,-0.707106781186547,0.));
#2082=DIRECTION('center_axis',(0.707106781186551,0.,-0.707106781186544));
#2083=DIRECTION('ref_axis',(-0.707106781186544,0.,-0.707106781186551));
#2084=DIRECTION('',(0.707106781186544,0.,0.707106781186551));
#2085=DIRECTION('',(0.,-1.,0.));
#2086=DIRECTION('',(0.,1.,0.));
#2087=DIRECTION('center_axis',(0.,0.,1.));
#2088=DIRECTION('ref_axis',(1.,0.,0.));
#2089=DIRECTION('',(1.,0.,0.));
#2090=DIRECTION('',(0.,1.,0.));
#2091=DIRECTION('',(-1.,0.,0.));
#2092=DIRECTION('',(1.,0.,0.));
#2093=DIRECTION('',(0.,1.,0.));
#2094=DIRECTION('',(-1.,0.,0.));
#2095=DIRECTION('',(0.,-1.,0.));
#2096=DIRECTION('center_axis',(0.,0.,1.));
#2097=DIRECTION('ref_axis',(1.,0.,0.));
#2098=DIRECTION('center_axis',(0.,0.,1.));
#2099=DIRECTION('ref_axis',(1.,0.,0.));
#2100=DIRECTION('center_axis',(0.,0.,1.));
#2101=DIRECTION('ref_axis',(1.,0.,0.));
#2102=DIRECTION('center_axis',(0.,0.,1.));
#2103=DIRECTION('ref_axis',(1.,0.,0.));
#2104=DIRECTION('center_axis',(0.,1.,0.));
#2105=DIRECTION('ref_axis',(0.,0.,-1.));
#2106=DIRECTION('',(0.,0.,-1.));
#2107=DIRECTION('',(-0.707106781186542,0.,-0.707106781186553));
#2108=DIRECTION('',(-1.,0.,0.));
#2109=DIRECTION('',(0.,0.,-1.));
#2110=DIRECTION('center_axis',(0.,1.,0.));
#2111=DIRECTION('ref_axis',(1.,0.,0.));
#2112=DIRECTION('center_axis',(1.,0.,0.));
#2113=DIRECTION('ref_axis',(0.,1.,0.));
#2114=DIRECTION('',(0.,0.,-1.));
#2115=DIRECTION('',(0.,1.,0.));
#2116=DIRECTION('center_axis',(0.707106781186553,2.09345661157835E-16,-0.707106781186542));
#2117=DIRECTION('ref_axis',(-0.707106781186542,0.,-0.707106781186553));
#2118=DIRECTION('',(0.707106781186542,0.,0.707106781186553));
#2119=DIRECTION('',(0.,1.,2.96059473233375E-16));
#2120=DIRECTION('',(0.,1.,0.));
#2121=DIRECTION('center_axis',(0.,-2.96059473233375E-16,1.));
#2122=DIRECTION('ref_axis',(0.,1.,2.96059473233375E-16));
#2123=DIRECTION('',(1.,0.,0.));
#2124=DIRECTION('',(0.,1.,2.96059473233375E-16));
#2125=DIRECTION('center_axis',(1.,0.,0.));
#2126=DIRECTION('ref_axis',(0.,1.,0.));
#2127=DIRECTION('',(0.,0.,1.));
#2128=DIRECTION('',(0.,1.,0.));
#2129=DIRECTION('',(0.,0.,1.));
#2130=DIRECTION('center_axis',(0.,0.707106781186547,0.707106781186548));
#2131=DIRECTION('ref_axis',(1.,0.,0.));
#2132=DIRECTION('',(0.,-0.707106781186548,0.707106781186547));
#2133=DIRECTION('',(1.,0.,0.));
#2134=DIRECTION('',(0.,0.707106781186548,-0.707106781186547));
#2135=DIRECTION('',(-1.,0.,0.));
#2136=DIRECTION('center_axis',(0.,0.,-1.));
#2137=DIRECTION('ref_axis',(-0.382683432365089,0.923879532511287,0.));
#2138=DIRECTION('center_axis',(0.,0.,1.));
#2139=DIRECTION('ref_axis',(-0.382683432365089,0.923879532511287,0.));
#2140=DIRECTION('',(0.500000000000002,-0.500000000000002,0.707106781186545));
#2141=DIRECTION('center_axis',(0.,0.,-1.));
#2142=DIRECTION('ref_axis',(-0.382683432365089,0.923879532511287,0.));
#2143=DIRECTION('center_axis',(-0.500000000000001,0.500000000000001,0.707106781186547));
#2144=DIRECTION('ref_axis',(0.816496580927725,0.,0.577350269189627));
#2145=DIRECTION('',(-0.707106781186548,-0.707106781186548,0.));
#2146=DIRECTION('',(0.500000000000001,-0.499999999999996,0.70710678118655));
#2147=DIRECTION('',(0.707106781186548,0.707106781186548,0.));
#2148=DIRECTION('center_axis',(0.,0.,1.));
#2149=DIRECTION('ref_axis',(0.38268343236509,-0.923879532511287,0.));
#2150=DIRECTION('center_axis',(0.,0.,-1.));
#2151=DIRECTION('ref_axis',(0.38268343236509,-0.923879532511287,0.));
#2152=DIRECTION('',(0.,-0.707106781186548,0.707106781186547));
#2153=DIRECTION('center_axis',(0.,0.,1.));
#2154=DIRECTION('ref_axis',(0.38268343236509,-0.923879532511287,0.));
#2155=DIRECTION('center_axis',(0.,0.707106781186547,0.707106781186548));
#2156=DIRECTION('ref_axis',(1.,0.,0.));
#2157=DIRECTION('',(0.,-0.707106781186548,0.707106781186547));
#2158=DIRECTION('',(1.,0.,0.));
#2159=DIRECTION('',(-1.,0.,0.));
#2160=DIRECTION('center_axis',(0.,0.,1.));
#2161=DIRECTION('ref_axis',(-0.38268343236509,-0.923879532511287,0.));
#2162=DIRECTION('center_axis',(0.,0.,-1.));
#2163=DIRECTION('ref_axis',(-0.38268343236509,-0.923879532511287,0.));
#2164=DIRECTION('',(-0.5,-0.499999999999999,0.707106781186548));
#2165=DIRECTION('center_axis',(0.,0.,1.));
#2166=DIRECTION('ref_axis',(-0.38268343236509,-0.923879532511287,0.));
#2167=DIRECTION('center_axis',(0.500000000000001,0.500000000000001,0.707106781186546));
#2168=DIRECTION('ref_axis',(0.816496580927725,0.,-0.577350269189627));
#2169=DIRECTION('',(-0.707106781186548,0.707106781186547,0.));
#2170=DIRECTION('',(-0.499999999999999,-0.499999999999999,0.707106781186548));
#2171=DIRECTION('',(0.707106781186548,-0.707106781186547,0.));
#2172=DIRECTION('center_axis',(0.,0.,-1.));
#2173=DIRECTION('ref_axis',(0.382683432365089,0.923879532511287,0.));
#2174=DIRECTION('center_axis',(0.,0.,1.));
#2175=DIRECTION('ref_axis',(0.382683432365089,0.923879532511287,0.));
#2176=DIRECTION('',(0.,-0.70710678118655,0.707106781186545));
#2177=DIRECTION('center_axis',(0.,0.,-1.));
#2178=DIRECTION('ref_axis',(0.382683432365089,0.923879532511287,0.));
#2179=DIRECTION('center_axis',(0.,0.707106781186547,0.707106781186548));
#2180=DIRECTION('ref_axis',(1.,0.,0.));
#2181=DIRECTION('',(0.,-0.707106781186548,0.707106781186547));
#2182=DIRECTION('',(1.,0.,0.));
#2183=DIRECTION('',(-1.,0.,0.));
#2184=DIRECTION('center_axis',(0.,0.,-1.));
#2185=DIRECTION('ref_axis',(-0.707106781186548,0.707106781186548,0.));
#2186=DIRECTION('center_axis',(0.,0.,1.));
#2187=DIRECTION('ref_axis',(-0.707106781186547,0.707106781186547,0.));
#2188=DIRECTION('',(0.707106781186547,0.,0.707106781186548));
#2189=DIRECTION('center_axis',(0.,0.,-1.));
#2190=DIRECTION('ref_axis',(-0.707106781186548,0.707106781186548,0.));
#2191=DIRECTION('center_axis',(-0.707106781186547,0.,0.707106781186548));
#2192=DIRECTION('ref_axis',(0.707106781186548,0.,0.707106781186547));
#2193=DIRECTION('',(0.707106781186548,0.,0.707106781186547));
#2194=DIRECTION('',(0.,1.,0.));
#2195=DIRECTION('',(0.,-1.,0.));
#2196=DIRECTION('center_axis',(0.,0.,-1.));
#2197=DIRECTION('ref_axis',(-0.707106781186548,-0.707106781186548,0.));
#2198=DIRECTION('center_axis',(0.,0.,1.));
#2199=DIRECTION('ref_axis',(-0.707106781186547,-0.707106781186547,0.));
#2200=DIRECTION('',(0.,0.707106781186547,0.707106781186548));
#2201=DIRECTION('center_axis',(0.,0.,-1.));
#2202=DIRECTION('ref_axis',(-0.707106781186548,-0.707106781186548,0.));
#2203=DIRECTION('center_axis',(0.,-0.707106781186548,0.707106781186547));
#2204=DIRECTION('ref_axis',(1.,0.,0.));
#2205=DIRECTION('',(0.,0.707106781186547,0.707106781186548));
#2206=DIRECTION('',(-1.,0.,0.));
#2207=DIRECTION('',(1.,0.,0.));
#2208=DIRECTION('center_axis',(0.,0.,-1.));
#2209=DIRECTION('ref_axis',(0.38268343236509,-0.923879532511287,0.));
#2210=DIRECTION('center_axis',(0.,0.,1.));
#2211=DIRECTION('ref_axis',(0.38268343236509,-0.923879532511287,0.));
#2212=DIRECTION('',(-0.5,0.5,0.707106781186547));
#2213=DIRECTION('center_axis',(0.,0.,-1.));
#2214=DIRECTION('ref_axis',(0.38268343236509,-0.923879532511287,0.));
#2215=DIRECTION('center_axis',(0.5,-0.5,0.707106781186547));
#2216=DIRECTION('ref_axis',(0.816496580927726,0.,-0.577350269189626));
#2217=DIRECTION('',(0.707106781186548,0.707106781186548,0.));
#2218=DIRECTION('',(-0.5,0.499999999999999,0.707106781186548));
#2219=DIRECTION('',(-0.707106781186548,-0.707106781186548,0.));
#2220=DIRECTION('center_axis',(0.,0.,1.));
#2221=DIRECTION('ref_axis',(-0.38268343236509,0.923879532511287,0.));
#2222=DIRECTION('center_axis',(0.,0.,-1.));
#2223=DIRECTION('ref_axis',(-0.38268343236509,0.923879532511287,0.));
#2224=DIRECTION('',(1.04672830578918E-15,0.707106781186548,0.707106781186548));
#2225=DIRECTION('center_axis',(0.,0.,1.));
#2226=DIRECTION('ref_axis',(-0.38268343236509,0.923879532511287,0.));
#2227=DIRECTION('center_axis',(0.,-0.707106781186547,0.707106781186548));
#2228=DIRECTION('ref_axis',(1.,0.,0.));
#2229=DIRECTION('',(0.,0.707106781186548,0.707106781186547));
#2230=DIRECTION('',(-1.,0.,0.));
#2231=DIRECTION('',(1.,0.,0.));
#2232=DIRECTION('center_axis',(0.,0.,1.));
#2233=DIRECTION('ref_axis',(0.38268343236509,0.923879532511287,0.));
#2234=DIRECTION('center_axis',(0.,0.,-1.));
#2235=DIRECTION('ref_axis',(0.38268343236509,0.923879532511287,0.));
#2236=DIRECTION('',(0.5,0.499999999999998,0.707106781186549));
#2237=DIRECTION('center_axis',(0.,0.,1.));
#2238=DIRECTION('ref_axis',(0.38268343236509,0.923879532511287,0.));
#2239=DIRECTION('center_axis',(-0.500000000000003,-0.500000000000003,0.707106781186544));
#2240=DIRECTION('ref_axis',(0.816496580927723,0.,0.57735026918963));
#2241=DIRECTION('',(0.707106781186548,-0.707106781186548,0.));
#2242=DIRECTION('',(0.5,0.499999999999997,0.70710678118655));
#2243=DIRECTION('',(-0.707106781186548,0.707106781186548,0.));
#2244=DIRECTION('center_axis',(0.,0.,-1.));
#2245=DIRECTION('ref_axis',(-0.38268343236509,-0.923879532511287,0.));
#2246=DIRECTION('center_axis',(0.,0.,1.));
#2247=DIRECTION('ref_axis',(-0.38268343236509,-0.923879532511287,0.));
#2248=DIRECTION('',(0.,0.707106781186547,0.707106781186548));
#2249=DIRECTION('center_axis',(0.,0.,-1.));
#2250=DIRECTION('ref_axis',(-0.38268343236509,-0.923879532511287,0.));
#2251=DIRECTION('center_axis',(0.,-0.707106781186548,0.707106781186547));
#2252=DIRECTION('ref_axis',(1.,0.,0.));
#2253=DIRECTION('',(0.,0.707106781186547,0.707106781186548));
#2254=DIRECTION('',(-1.,0.,0.));
#2255=DIRECTION('',(1.,0.,0.));
#2256=DIRECTION('center_axis',(0.,0.,-1.));
#2257=DIRECTION('ref_axis',(0.707106781186548,-0.707106781186548,0.));
#2258=DIRECTION('center_axis',(0.,0.,1.));
#2259=DIRECTION('ref_axis',(0.707106781186547,-0.707106781186547,0.));
#2260=DIRECTION('',(-0.707106781186544,0.,0.707106781186551));
#2261=DIRECTION('center_axis',(0.,0.,-1.));
#2262=DIRECTION('ref_axis',(0.707106781186548,-0.707106781186548,0.));
#2263=DIRECTION('center_axis',(0.707106781186547,0.,0.707106781186548));
#2264=DIRECTION('ref_axis',(0.707106781186548,0.,-0.707106781186547));
#2265=DIRECTION('',(-0.707106781186548,0.,0.707106781186547));
#2266=DIRECTION('',(0.,-1.,0.));
#2267=DIRECTION('center_axis',(0.,0.,-1.));
#2268=DIRECTION('ref_axis',(0.707106781186548,0.707106781186548,0.));
#2269=DIRECTION('center_axis',(0.,0.,1.));
#2270=DIRECTION('ref_axis',(0.707106781186547,0.707106781186547,0.));
#2271=DIRECTION('center_axis',(0.,0.,-1.));
#2272=DIRECTION('ref_axis',(0.707106781186548,0.707106781186548,0.));
#2273=DIRECTION('center_axis',(0.,0.,1.));
#2274=DIRECTION('ref_axis',(-0.707106781186547,-0.707106781186547,0.));
#2275=DIRECTION('',(0.,0.,1.));
#2276=DIRECTION('',(0.,0.,-1.));
#2277=DIRECTION('center_axis',(-1.,0.,0.));
#2278=DIRECTION('ref_axis',(0.,-1.,0.));
#2279=DIRECTION('',(0.,0.,1.));
#2280=DIRECTION('center_axis',(0.,0.,1.));
#2281=DIRECTION('ref_axis',(-0.707106781186547,0.707106781186547,0.));
#2282=DIRECTION('',(0.,0.,-1.));
#2283=DIRECTION('center_axis',(0.,1.,0.));
#2284=DIRECTION('ref_axis',(-1.,0.,0.));
#2285=DIRECTION('',(0.,0.,1.));
#2286=DIRECTION('center_axis',(0.,0.,-1.));
#2287=DIRECTION('ref_axis',(0.382683432365089,0.923879532511287,0.));
#2288=DIRECTION('',(0.,0.,-1.));
#2289=DIRECTION('center_axis',(0.707106781186547,0.707106781186548,0.));
#2290=DIRECTION('ref_axis',(0.,0.,-1.));
#2291=DIRECTION('',(0.,0.,1.));
#2292=DIRECTION('center_axis',(0.,0.,-1.));
#2293=DIRECTION('ref_axis',(-0.38268343236509,-0.923879532511287,0.));
#2294=DIRECTION('',(0.,0.,-1.));
#2295=DIRECTION('center_axis',(0.,-1.,0.));
#2296=DIRECTION('ref_axis',(1.,0.,0.));
#2297=DIRECTION('',(0.,0.,1.));
#2298=DIRECTION('center_axis',(0.,0.,1.));
#2299=DIRECTION('ref_axis',(0.38268343236509,-0.923879532511287,0.));
#2300=DIRECTION('',(0.,0.,-1.));
#2301=DIRECTION('center_axis',(-0.707106781186548,0.707106781186548,0.));
#2302=DIRECTION('ref_axis',(0.,0.,1.));
#2303=DIRECTION('',(0.,0.,1.));
#2304=DIRECTION('center_axis',(0.,0.,1.));
#2305=DIRECTION('ref_axis',(-0.382683432365089,0.923879532511287,0.));
#2306=DIRECTION('',(0.,0.,-1.));
#2307=DIRECTION('center_axis',(0.,1.,0.));
#2308=DIRECTION('ref_axis',(-1.,0.,0.));
#2309=DIRECTION('',(0.,0.,1.));
#2310=DIRECTION('center_axis',(0.,0.,1.));
#2311=DIRECTION('ref_axis',(1.,0.,0.));
#2312=DIRECTION('',(-1.,0.,0.));
#2313=DIRECTION('center_axis',(0.,0.,1.));
#2314=DIRECTION('ref_axis',(0.707106781186548,0.707106781186548,0.));
#2315=DIRECTION('',(0.,1.,0.));
#2316=DIRECTION('center_axis',(0.,0.,1.));
#2317=DIRECTION('ref_axis',(0.707106781186548,-0.707106781186548,0.));
#2318=DIRECTION('',(1.,0.,0.));
#2319=DIRECTION('center_axis',(0.,0.,1.));
#2320=DIRECTION('ref_axis',(-0.707106781186548,-0.707106781186548,0.));
#2321=DIRECTION('',(0.,-1.,0.));
#2322=DIRECTION('center_axis',(0.,0.,1.));
#2323=DIRECTION('ref_axis',(-0.707106781186548,0.707106781186548,0.));
#2324=DIRECTION('center_axis',(0.,0.,1.));
#2325=DIRECTION('ref_axis',(-0.38268343236509,0.923879532511287,0.));
#2326=DIRECTION('',(0.,0.,1.));
#2327=DIRECTION('',(0.,0.,-1.));
#2328=DIRECTION('center_axis',(0.,1.,0.));
#2329=DIRECTION('ref_axis',(-1.,0.,0.));
#2330=DIRECTION('',(0.,0.,-1.));
#2331=DIRECTION('center_axis',(0.,0.,1.));
#2332=DIRECTION('ref_axis',(0.38268343236509,-0.923879532511287,0.));
#2333=DIRECTION('',(0.,0.,1.));
#2334=DIRECTION('',(0.,0.,-1.));
#2335=DIRECTION('center_axis',(0.,-1.,0.));
#2336=DIRECTION('ref_axis',(1.,0.,0.));
#2337=DIRECTION('center_axis',(0.,0.,-1.));
#2338=DIRECTION('ref_axis',(0.38268343236509,0.923879532511287,0.));
#2339=DIRECTION('',(0.,0.,1.));
#2340=DIRECTION('center_axis',(0.,0.,-1.));
#2341=DIRECTION('ref_axis',(-0.38268343236509,-0.923879532511287,0.));
#2342=DIRECTION('',(0.,0.,1.));
#2343=DIRECTION('',(0.,0.,-1.));
#2344=DIRECTION('center_axis',(-0.707106781186548,-0.707106781186548,0.));
#2345=DIRECTION('ref_axis',(0.,0.,1.));
#2346=DIRECTION('center_axis',(0.,0.,1.));
#2347=DIRECTION('ref_axis',(0.707106781186547,0.707106781186547,0.));
#2348=DIRECTION('center_axis',(0.,0.,1.));
#2349=DIRECTION('ref_axis',(0.707106781186547,-0.707106781186547,0.));
#2350=DIRECTION('',(0.,0.,-1.));
#2351=DIRECTION('center_axis',(0.,-1.,0.));
#2352=DIRECTION('ref_axis',(1.,0.,0.));
#2353=DIRECTION('center_axis',(0.707106781186548,-0.707106781186548,0.));
#2354=DIRECTION('ref_axis',(0.,0.,-1.));
#2355=DIRECTION('center_axis',(0.,-0.707106781186547,0.707106781186548));
#2356=DIRECTION('ref_axis',(1.,0.,0.));
#2357=DIRECTION('',(0.,0.707106781186548,0.707106781186547));
#2358=DIRECTION('',(0.,-0.707106781186548,-0.707106781186547));
#2359=DIRECTION('',(1.,0.,0.));
#2360=DIRECTION('center_axis',(0.,0.,1.));
#2361=DIRECTION('ref_axis',(0.707106781186547,0.707106781186547,0.));
#2362=DIRECTION('center_axis',(0.,0.,-1.));
#2363=DIRECTION('ref_axis',(0.707106781186547,0.707106781186547,0.));
#2364=DIRECTION('',(0.707106781186544,0.,0.707106781186551));
#2365=DIRECTION('center_axis',(-0.707106781186547,0.,0.707106781186548));
#2366=DIRECTION('ref_axis',(0.707106781186548,0.,0.707106781186547));
#2367=DIRECTION('',(0.707106781186548,0.,0.707106781186547));
#2368=DIRECTION('',(0.,-1.,0.));
#2369=DIRECTION('center_axis',(0.,0.,1.));
#2370=DIRECTION('ref_axis',(0.707106781186548,-0.707106781186548,0.));
#2371=DIRECTION('center_axis',(0.,0.,-1.));
#2372=DIRECTION('ref_axis',(0.707106781186547,-0.707106781186547,0.));
#2373=DIRECTION('',(-4.18691322315674E-15,-0.707106781186547,0.707106781186548));
#2374=DIRECTION('center_axis',(0.,0.707106781186548,0.707106781186548));
#2375=DIRECTION('ref_axis',(1.,0.,0.));
#2376=DIRECTION('',(0.,-0.707106781186548,0.707106781186547));
#2377=DIRECTION('',(-1.,0.,0.));
#2378=DIRECTION('center_axis',(0.,0.,1.));
#2379=DIRECTION('ref_axis',(-0.707106781186548,-0.707106781186548,0.));
#2380=DIRECTION('center_axis',(0.,0.,-1.));
#2381=DIRECTION('ref_axis',(-0.707106781186547,-0.707106781186547,0.));
#2382=DIRECTION('',(-0.707106781186548,0.,0.707106781186547));
#2383=DIRECTION('center_axis',(0.707106781186548,0.,0.707106781186547));
#2384=DIRECTION('ref_axis',(0.707106781186547,0.,-0.707106781186548));
#2385=DIRECTION('',(-0.707106781186547,0.,0.707106781186548));
#2386=DIRECTION('',(0.,1.,0.));
#2387=DIRECTION('center_axis',(0.,0.,1.));
#2388=DIRECTION('ref_axis',(-0.707106781186547,0.707106781186547,0.));
#2389=DIRECTION('center_axis',(0.,0.,-1.));
#2390=DIRECTION('ref_axis',(-0.707106781186547,0.707106781186547,0.));
#2391=DIRECTION('center_axis',(0.,-1.,0.));
#2392=DIRECTION('ref_axis',(1.,0.,0.));
#2393=DIRECTION('center_axis',(0.,-1.,0.));
#2394=DIRECTION('ref_axis',(1.,0.,0.));
#2395=DIRECTION('',(0.,-1.,0.));
#2396=DIRECTION('center_axis',(0.,-1.,0.));
#2397=DIRECTION('ref_axis',(1.,0.,0.));
#2398=DIRECTION('center_axis',(0.,-1.,0.));
#2399=DIRECTION('ref_axis',(0.,0.,-1.));
#2400=DIRECTION('center_axis',(0.,1.,0.));
#2401=DIRECTION('ref_axis',(1.,0.,0.));
#2402=DIRECTION('center_axis',(0.,-1.,0.));
#2403=DIRECTION('ref_axis',(1.,0.,0.));
#2404=DIRECTION('',(0.,-1.,0.));
#2405=DIRECTION('center_axis',(0.,-1.,0.));
#2406=DIRECTION('ref_axis',(0.,0.,-1.));
#2407=DIRECTION('center_axis',(0.,-1.,0.));
#2408=DIRECTION('ref_axis',(0.,0.,1.));
#2409=DIRECTION('',(0.,0.,1.));
#2410=DIRECTION('center_axis',(-1.,0.,0.));
#2411=DIRECTION('ref_axis',(0.,0.,1.));
#2412=DIRECTION('center_axis',(0.,0.,1.));
#2413=DIRECTION('ref_axis',(1.,0.,0.));
#2414=DIRECTION('',(0.,0.,1.));
#2415=DIRECTION('center_axis',(0.,0.,1.));
#2416=DIRECTION('ref_axis',(1.,0.,0.));
#2417=DIRECTION('center_axis',(0.,0.,1.));
#2418=DIRECTION('ref_axis',(1.,0.,0.));
#2419=DIRECTION('center_axis',(0.,0.,1.));
#2420=DIRECTION('ref_axis',(1.,0.,0.));
#2421=DIRECTION('',(0.,0.,1.));
#2422=DIRECTION('center_axis',(0.,0.,1.));
#2423=DIRECTION('ref_axis',(1.,0.,0.));
#2424=DIRECTION('center_axis',(0.,0.,1.));
#2425=DIRECTION('ref_axis',(1.,0.,0.));
#2426=DIRECTION('center_axis',(0.,0.,1.));
#2427=DIRECTION('ref_axis',(1.,0.,0.));
#2428=DIRECTION('',(0.,0.,1.));
#2429=DIRECTION('center_axis',(0.,0.,1.));
#2430=DIRECTION('ref_axis',(1.,0.,0.));
#2431=DIRECTION('center_axis',(0.,0.,1.));
#2432=DIRECTION('ref_axis',(1.,0.,0.));
#2433=DIRECTION('center_axis',(0.,0.,1.));
#2434=DIRECTION('ref_axis',(1.,0.,0.));
#2435=DIRECTION('',(0.,0.,1.));
#2436=DIRECTION('center_axis',(0.,0.,1.));
#2437=DIRECTION('ref_axis',(1.,0.,0.));
#2438=DIRECTION('center_axis',(0.,0.,1.));
#2439=DIRECTION('ref_axis',(1.,0.,0.));
#2440=DIRECTION('center_axis',(0.,-1.,0.));
#2441=DIRECTION('ref_axis',(1.,0.,0.));
#2442=DIRECTION('',(0.,0.,1.));
#2443=DIRECTION('',(1.,0.,0.));
#2444=DIRECTION('',(0.,0.,1.));
#2445=DIRECTION('center_axis',(-1.,0.,0.));
#2446=DIRECTION('ref_axis',(0.,-1.,0.));
#2447=DIRECTION('',(0.,0.,1.));
#2448=DIRECTION('',(0.,-1.,0.));
#2449=DIRECTION('center_axis',(0.,1.,0.));
#2450=DIRECTION('ref_axis',(-1.,0.,0.));
#2451=DIRECTION('',(0.,0.,1.));
#2452=DIRECTION('',(-1.,0.,0.));
#2453=DIRECTION('center_axis',(1.,0.,0.));
#2454=DIRECTION('ref_axis',(0.,1.,0.));
#2455=DIRECTION('',(0.,1.,0.));
#2456=DIRECTION('center_axis',(0.,0.,1.));
#2457=DIRECTION('ref_axis',(1.,0.,0.));
#2458=CARTESIAN_POINT('',(0.,0.,0.));
#2459=CARTESIAN_POINT('Origin',(174.525,30.315,0.375));
#2460=CARTESIAN_POINT('',(174.9,105.99,0.75));
#2461=CARTESIAN_POINT('',(174.15,105.99,0.));
#2462=CARTESIAN_POINT('',(175.775,105.99,1.62500000000002));
#2463=CARTESIAN_POINT('',(174.15,126.26,0.));
#2464=CARTESIAN_POINT('',(174.15,30.315,0.));
#2465=CARTESIAN_POINT('',(174.9,126.26,0.75));
#2466=CARTESIAN_POINT('',(174.15,126.26,0.));
#2467=CARTESIAN_POINT('',(174.9,30.315,0.75));
#2468=CARTESIAN_POINT('Origin',(164.9,126.26,0.375));
#2469=CARTESIAN_POINT('',(164.9,135.51,0.));
#2470=CARTESIAN_POINT('',(164.9,136.26,0.75));
#2471=CARTESIAN_POINT('',(164.9,135.51,0.));
#2472=CARTESIAN_POINT('Origin',(164.9,126.26,0.75));
#2473=CARTESIAN_POINT('Origin',(164.9,126.26,0.));
#2474=CARTESIAN_POINT('Origin',(128.675,135.885,0.375));
#2475=CARTESIAN_POINT('',(148.006601717798,135.51,0.));
#2476=CARTESIAN_POINT('',(148.006601717798,136.26,0.75));
#2477=CARTESIAN_POINT('',(148.006601717798,135.51,0.));
#2478=CARTESIAN_POINT('',(128.675,136.26,0.75));
#2479=CARTESIAN_POINT('',(128.675,135.51,0.));
#2480=CARTESIAN_POINT('Origin',(148.006601717798,128.76,0.375));
#2481=CARTESIAN_POINT('',(143.233630944789,133.532970773009,0.));
#2482=CARTESIAN_POINT('',(142.703300858899,134.063300858899,0.75));
#2483=CARTESIAN_POINT('',(143.233630944789,133.532970773009,0.));
#2484=CARTESIAN_POINT('Origin',(148.006601717798,128.76,0.75));
#2485=CARTESIAN_POINT('Origin',(148.006601717798,128.76,0.));
#2486=CARTESIAN_POINT('Origin',(110.020165042945,100.849834957055,0.375));
#2487=CARTESIAN_POINT('',(140.127029226991,130.426369055211,0.));
#2488=CARTESIAN_POINT('',(139.596699141101,130.956699141101,0.75));
#2489=CARTESIAN_POINT('',(140.127029226991,130.426369055211,0.));
#2490=CARTESIAN_POINT('',(109.755,101.115,0.75));
#2491=CARTESIAN_POINT('',(110.28533008589,100.58466991411,0.));
#2492=CARTESIAN_POINT('Origin',(134.293398282202,136.26,0.375));
#2493=CARTESIAN_POINT('',(134.293398282202,128.01,0.));
#2494=CARTESIAN_POINT('',(134.293398282202,128.76,0.75));
#2495=CARTESIAN_POINT('',(134.293398282202,128.01,0.));
#2496=CARTESIAN_POINT('Origin',(134.293398282202,136.26,0.75));
#2497=CARTESIAN_POINT('Origin',(134.293398282202,136.26,0.));
#2498=CARTESIAN_POINT('Origin',(51.225,128.385,0.375));
#2499=CARTESIAN_POINT('',(30.6066017177982,128.01,0.));
#2500=CARTESIAN_POINT('',(51.225,128.01,0.));
#2501=CARTESIAN_POINT('',(30.6066017177982,128.76,0.75));
#2502=CARTESIAN_POINT('',(30.6066017177982,128.01,0.));
#2503=CARTESIAN_POINT('',(51.225,128.76,0.75));
#2504=CARTESIAN_POINT('Origin',(30.6066017177982,136.26,0.375));
#2505=CARTESIAN_POINT('',(24.7729707730092,130.426369055211,0.));
#2506=CARTESIAN_POINT('',(25.3033008588991,130.956699141101,0.75));
#2507=CARTESIAN_POINT('',(24.7729707730092,130.426369055211,0.));
#2508=CARTESIAN_POINT('Origin',(30.6066017177982,136.26,0.75));
#2509=CARTESIAN_POINT('Origin',(30.6066017177982,136.26,0.));
#2510=CARTESIAN_POINT('Origin',(54.8798349570551,100.849834957055,0.375));
#2511=CARTESIAN_POINT('',(21.666369055211,133.532970773009,0.));
#2512=CARTESIAN_POINT('',(22.1966991411009,134.063300858899,0.75));
#2513=CARTESIAN_POINT('',(21.666369055211,133.532970773009,0.));
#2514=CARTESIAN_POINT('',(55.145,101.115,0.75));
#2515=CARTESIAN_POINT('',(54.6146699141101,100.58466991411,0.));
#2516=CARTESIAN_POINT('Origin',(16.8933982822018,128.76,0.375));
#2517=CARTESIAN_POINT('',(16.8933982822018,135.51,0.));
#2518=CARTESIAN_POINT('',(16.8933982822018,136.26,0.75));
#2519=CARTESIAN_POINT('',(16.8933982822018,135.51,0.));
#2520=CARTESIAN_POINT('Origin',(16.8933982822018,128.76,0.75));
#2521=CARTESIAN_POINT('Origin',(16.8933982822018,128.76,0.));
#2522=CARTESIAN_POINT('Origin',(128.675,135.885,0.375));
#2523=CARTESIAN_POINT('',(0.,135.51,0.));
#2524=CARTESIAN_POINT('',(0.,136.26,0.75));
#2525=CARTESIAN_POINT('',(0.,135.51,0.));
#2526=CARTESIAN_POINT('',(128.675,136.26,0.75));
#2527=CARTESIAN_POINT('',(128.675,135.51,0.));
#2528=CARTESIAN_POINT('Origin',(0.,126.26,0.375));
#2529=CARTESIAN_POINT('',(-9.24999999999999,126.26,0.));
#2530=CARTESIAN_POINT('',(-10.,126.26,0.75));
#2531=CARTESIAN_POINT('',(-9.24999999999999,126.26,0.));
#2532=CARTESIAN_POINT('Origin',(0.,126.26,0.75));
#2533=CARTESIAN_POINT('Origin',(0.,126.26,0.));
#2534=CARTESIAN_POINT('Origin',(-9.625,100.945,0.375));
#2535=CARTESIAN_POINT('',(-9.25,5.,0.));
#2536=CARTESIAN_POINT('',(-10.,5.,0.75));
#2537=CARTESIAN_POINT('',(-9.25,5.,0.));
#2538=CARTESIAN_POINT('',(-10.,100.945,0.75));
#2539=CARTESIAN_POINT('',(-9.25,100.945,0.));
#2540=CARTESIAN_POINT('Origin',(0.,5.,0.375));
#2541=CARTESIAN_POINT('',(0.,-4.25,0.));
#2542=CARTESIAN_POINT('',(0.,-5.,0.75));
#2543=CARTESIAN_POINT('',(0.,-4.25,0.));
#2544=CARTESIAN_POINT('Origin',(0.,5.,0.75));
#2545=CARTESIAN_POINT('Origin',(0.,5.,0.));
#2546=CARTESIAN_POINT('Origin',(36.225,-4.625,0.375));
#2547=CARTESIAN_POINT('',(16.8933982822018,-4.25,0.));
#2548=CARTESIAN_POINT('',(16.8933982822018,-5.,0.75));
#2549=CARTESIAN_POINT('',(16.8933982822018,-4.25,0.));
#2550=CARTESIAN_POINT('',(36.225,-5.,0.75));
#2551=CARTESIAN_POINT('',(36.225,-4.25,0.));
#2552=CARTESIAN_POINT('Origin',(16.8933982822018,2.5,0.375));
#2553=CARTESIAN_POINT('',(21.666369055211,-2.27297077300919,0.));
#2554=CARTESIAN_POINT('',(22.1966991411009,-2.80330085889911,0.75));
#2555=CARTESIAN_POINT('',(21.666369055211,-2.27297077300919,0.));
#2556=CARTESIAN_POINT('Origin',(16.8933982822018,2.5,0.75));
#2557=CARTESIAN_POINT('Origin',(16.8933982822018,2.5,0.));
#2558=CARTESIAN_POINT('Origin',(54.8798349570551,30.4101650429449,0.375));
#2559=CARTESIAN_POINT('',(24.7729707730092,0.833630944788992,0.));
#2560=CARTESIAN_POINT('',(25.3033008588991,0.303300858899095,0.75));
#2561=CARTESIAN_POINT('',(24.7729707730092,0.833630944788992,0.));
#2562=CARTESIAN_POINT('',(55.145,30.145,0.75));
#2563=CARTESIAN_POINT('',(54.6146699141101,30.6753300858899,0.));
#2564=CARTESIAN_POINT('Origin',(30.6066017177982,-5.00000000000001,0.375));
#2565=CARTESIAN_POINT('',(30.6066017177982,3.24999999999999,0.));
#2566=CARTESIAN_POINT('',(30.6066017177982,2.49999999999999,0.75));
#2567=CARTESIAN_POINT('',(30.6066017177982,3.24999999999999,0.));
#2568=CARTESIAN_POINT('Origin',(30.6066017177982,-5.00000000000001,0.75));
#2569=CARTESIAN_POINT('Origin',(30.6066017177982,-5.00000000000001,0.));
#2570=CARTESIAN_POINT('Origin',(113.675,2.87499999999999,0.375));
#2571=CARTESIAN_POINT('',(134.293398282202,3.24999999999999,0.));
#2572=CARTESIAN_POINT('',(113.675,3.24999999999999,0.));
#2573=CARTESIAN_POINT('',(134.293398282202,2.49999999999999,0.75));
#2574=CARTESIAN_POINT('',(134.293398282202,3.24999999999999,0.));
#2575=CARTESIAN_POINT('',(113.675,2.49999999999999,0.75));
#2576=CARTESIAN_POINT('Origin',(134.293398282202,-5.00000000000001,0.375));
#2577=CARTESIAN_POINT('',(140.127029226991,0.833630944789012,0.));
#2578=CARTESIAN_POINT('',(139.596699141101,0.303300858899106,0.75));
#2579=CARTESIAN_POINT('',(140.127029226991,0.833630944789012,0.));
#2580=CARTESIAN_POINT('Origin',(134.293398282202,-5.00000000000001,0.75));
#2581=CARTESIAN_POINT('Origin',(134.293398282202,-5.00000000000001,0.));
#2582=CARTESIAN_POINT('Origin',(110.020165042945,30.4101650429449,0.375));
#2583=CARTESIAN_POINT('',(143.233630944789,-2.27297077300922,0.));
#2584=CARTESIAN_POINT('',(142.703300858899,-2.80330085889911,0.75));
#2585=CARTESIAN_POINT('',(143.233630944789,-2.27297077300922,0.));
#2586=CARTESIAN_POINT('',(109.755,30.145,0.75));
#2587=CARTESIAN_POINT('',(110.28533008589,30.6753300858899,0.));
#2588=CARTESIAN_POINT('Origin',(148.006601717798,2.5,0.375));
#2589=CARTESIAN_POINT('',(148.006601717798,-4.24999999999999,0.));
#2590=CARTESIAN_POINT('',(148.006601717798,-5.,0.75));
#2591=CARTESIAN_POINT('',(148.006601717798,-4.24999999999999,0.));
#2592=CARTESIAN_POINT('Origin',(148.006601717798,2.5,0.75));
#2593=CARTESIAN_POINT('Origin',(148.006601717798,2.5,0.));
#2594=CARTESIAN_POINT('Origin',(36.225,-4.625,0.375));
#2595=CARTESIAN_POINT('',(164.9,-4.25,0.));
#2596=CARTESIAN_POINT('',(164.9,-5.,0.75));
#2597=CARTESIAN_POINT('',(164.9,-4.25,0.));
#2598=CARTESIAN_POINT('',(36.225,-5.,0.75));
#2599=CARTESIAN_POINT('',(36.225,-4.25,0.));
#2600=CARTESIAN_POINT('Origin',(164.9,5.,0.375));
#2601=CARTESIAN_POINT('',(174.15,5.,0.));
#2602=CARTESIAN_POINT('',(174.9,5.,0.75));
#2603=CARTESIAN_POINT('',(174.15,5.,0.));
#2604=CARTESIAN_POINT('Origin',(164.9,5.,0.75));
#2605=CARTESIAN_POINT('Origin',(164.9,5.,0.));
#2606=CARTESIAN_POINT('Origin',(174.525,30.315,0.375));
#2607=CARTESIAN_POINT('',(174.15,80.19,0.));
#2608=CARTESIAN_POINT('',(174.9,80.19,0.75));
#2609=CARTESIAN_POINT('',(174.525,80.19,0.375));
#2610=CARTESIAN_POINT('',(174.9,30.315,0.75));
#2611=CARTESIAN_POINT('',(174.15,30.315,0.));
#2612=CARTESIAN_POINT('Origin',(82.45,65.63,0.));
#2613=CARTESIAN_POINT('',(169.5,105.99,0.));
#2614=CARTESIAN_POINT('',(128.675,105.99,0.));
#2615=CARTESIAN_POINT('',(169.5,80.19,0.));
#2616=CARTESIAN_POINT('',(169.5,79.36,0.));
#2617=CARTESIAN_POINT('',(128.675,80.19,0.));
#2618=CARTESIAN_POINT('',(-1.20000000000002,14.47,0.));
#2619=CARTESIAN_POINT('',(166.1,14.47,0.));
#2620=CARTESIAN_POINT('',(40.625,14.47,0.));
#2621=CARTESIAN_POINT('',(166.1,116.79,0.));
#2622=CARTESIAN_POINT('',(166.1,40.05,0.));
#2623=CARTESIAN_POINT('',(-1.20000000000002,116.79,0.));
#2624=CARTESIAN_POINT('',(124.275,116.79,0.));
#2625=CARTESIAN_POINT('',(-1.20000000000003,91.21,0.));
#2626=CARTESIAN_POINT('',(158.9,119.61,0.));
#2627=CARTESIAN_POINT('Origin',(160.9,119.61,0.));
#2628=CARTESIAN_POINT('',(2.,119.61,0.));
#2629=CARTESIAN_POINT('Origin',(4.,119.61,0.));
#2630=CARTESIAN_POINT('',(2.,4.65,0.));
#2631=CARTESIAN_POINT('Origin',(4.,4.65,0.));
#2632=CARTESIAN_POINT('',(158.9,4.65,0.));
#2633=CARTESIAN_POINT('Origin',(160.9,4.65,0.));
#2634=CARTESIAN_POINT('Origin',(174.9,105.99,5.));
#2635=CARTESIAN_POINT('',(174.9,105.99,7.24));
#2636=CARTESIAN_POINT('',(174.9,105.99,2.5));
#2637=CARTESIAN_POINT('',(173.06,105.99,5.4));
#2638=CARTESIAN_POINT('',(173.88,105.99,6.21999999999999));
#2639=CARTESIAN_POINT('',(169.5,105.99,5.4));
#2640=CARTESIAN_POINT('',(174.9,105.99,5.4));
#2641=CARTESIAN_POINT('',(169.5,105.99,3.75));
#2642=CARTESIAN_POINT('',(171.4,105.99,2.5));
#2643=CARTESIAN_POINT('Origin',(172.4,105.99,2.5));
#2644=CARTESIAN_POINT('Origin',(174.9,-5.,0.));
#2645=CARTESIAN_POINT('',(174.9,126.26,7.24));
#2646=CARTESIAN_POINT('',(174.9,126.26,0.));
#2647=CARTESIAN_POINT('',(174.9,30.315,7.24));
#2648=CARTESIAN_POINT('Origin',(173.98,37.795,6.31999999999998));
#2649=CARTESIAN_POINT('',(174.9,80.19,7.24));
#2650=CARTESIAN_POINT('',(173.06,80.19,5.4));
#2651=CARTESIAN_POINT('',(172.63,80.19,4.96999999999997));
#2652=CARTESIAN_POINT('',(173.06,37.795,5.39999999999998));
#2653=CARTESIAN_POINT('',(174.9,30.315,7.24));
#2654=CARTESIAN_POINT('Origin',(174.9,80.59,5.4));
#2655=CARTESIAN_POINT('',(169.5,80.19,5.4));
#2656=CARTESIAN_POINT('',(174.9,80.19,5.4));
#2657=CARTESIAN_POINT('',(169.5,86.84,5.4));
#2658=CARTESIAN_POINT('Origin',(174.9,-5.,0.));
#2659=CARTESIAN_POINT('',(174.9,80.19,-4.71844785465692E-15));
#2660=CARTESIAN_POINT('',(174.9,5.,7.24));
#2661=CARTESIAN_POINT('',(174.9,30.315,7.24));
#2662=CARTESIAN_POINT('',(174.9,5.,0.));
#2663=CARTESIAN_POINT('Origin',(128.675,134.76,8.74));
#2664=CARTESIAN_POINT('',(148.006601717798,136.26,7.24));
#2665=CARTESIAN_POINT('',(148.006601717798,133.26,10.24));
#2666=CARTESIAN_POINT('',(148.006601717798,136.26,7.24));
#2667=CARTESIAN_POINT('',(164.9,133.26,10.24));
#2668=CARTESIAN_POINT('',(128.675,133.26,10.24));
#2669=CARTESIAN_POINT('',(164.9,136.26,7.24));
#2670=CARTESIAN_POINT('',(164.9,133.26,10.24));
#2671=CARTESIAN_POINT('',(128.675,136.26,7.24));
#2672=CARTESIAN_POINT('Origin',(148.006601717798,128.76,8.74));
#2673=CARTESIAN_POINT('',(142.703300858899,134.063300858899,7.24));
#2674=CARTESIAN_POINT('Origin',(148.006601717798,128.76,7.24));
#2675=CARTESIAN_POINT('',(144.824621202459,131.941980515339,10.24));
#2676=CARTESIAN_POINT('',(142.703300858899,134.063300858899,7.24));
#2677=CARTESIAN_POINT('Origin',(148.006601717798,128.76,10.24));
#2678=CARTESIAN_POINT('Origin',(110.81566017178,100.05433982822,8.74));
#2679=CARTESIAN_POINT('',(139.596699141101,130.956699141101,7.24));
#2680=CARTESIAN_POINT('',(109.755,101.115,7.24));
#2681=CARTESIAN_POINT('',(141.718019484661,128.835378797541,10.24));
#2682=CARTESIAN_POINT('',(139.596699141101,130.956699141101,7.24));
#2683=CARTESIAN_POINT('',(111.87632034356,98.9936796564404,10.24));
#2684=CARTESIAN_POINT('Origin',(134.293398282202,136.26,8.74));
#2685=CARTESIAN_POINT('',(134.293398282202,128.76,7.24));
#2686=CARTESIAN_POINT('Origin',(134.293398282202,136.26,7.24));
#2687=CARTESIAN_POINT('',(134.293398282202,125.76,10.24));
#2688=CARTESIAN_POINT('',(134.293398282202,128.76,7.24));
#2689=CARTESIAN_POINT('Origin',(134.293398282202,136.26,10.24));
#2690=CARTESIAN_POINT('Origin',(51.225,127.26,8.74));
#2691=CARTESIAN_POINT('',(30.6066017177982,128.76,7.24));
#2692=CARTESIAN_POINT('',(30.6066017177982,125.76,10.24));
#2693=CARTESIAN_POINT('',(30.6066017177982,128.76,7.24));
#2694=CARTESIAN_POINT('',(51.225,125.76,10.24));
#2695=CARTESIAN_POINT('',(51.225,128.76,7.24));
#2696=CARTESIAN_POINT('Origin',(30.6066017177982,136.26,8.74));
#2697=CARTESIAN_POINT('',(25.3033008588991,130.956699141101,7.24));
#2698=CARTESIAN_POINT('Origin',(30.6066017177982,136.26,7.24));
#2699=CARTESIAN_POINT('',(23.1819805153395,128.835378797541,10.24));
#2700=CARTESIAN_POINT('',(25.3033008588991,130.956699141101,7.24));
#2701=CARTESIAN_POINT('Origin',(30.6066017177982,136.26,10.24));
#2702=CARTESIAN_POINT('Origin',(54.0843398282202,100.05433982822,8.74));
#2703=CARTESIAN_POINT('',(22.1966991411009,134.063300858899,7.24));
#2704=CARTESIAN_POINT('',(55.145,101.115,7.24));
#2705=CARTESIAN_POINT('',(20.0753787975413,131.941980515339,10.24));
#2706=CARTESIAN_POINT('',(22.1966991411009,134.063300858899,7.24));
#2707=CARTESIAN_POINT('',(53.0236796564404,98.9936796564404,10.24));
#2708=CARTESIAN_POINT('Origin',(16.8933982822018,128.76,8.74));
#2709=CARTESIAN_POINT('',(16.8933982822018,136.26,7.24));
#2710=CARTESIAN_POINT('Origin',(16.8933982822018,128.76,7.24));
#2711=CARTESIAN_POINT('',(16.8933982822018,133.26,10.24));
#2712=CARTESIAN_POINT('',(16.8933982822018,136.26,7.24));
#2713=CARTESIAN_POINT('Origin',(16.8933982822018,128.76,10.24));
#2714=CARTESIAN_POINT('Origin',(128.675,134.76,8.74));
#2715=CARTESIAN_POINT('',(0.,136.26,7.24));
#2716=CARTESIAN_POINT('',(0.,133.26,10.24));
#2717=CARTESIAN_POINT('',(0.,136.26,7.24));
#2718=CARTESIAN_POINT('',(128.675,133.26,10.24));
#2719=CARTESIAN_POINT('',(128.675,136.26,7.24));
#2720=CARTESIAN_POINT('Origin',(0.,126.26,8.74));
#2721=CARTESIAN_POINT('',(-10.,126.26,7.24));
#2722=CARTESIAN_POINT('Origin',(0.,126.26,7.24));
#2723=CARTESIAN_POINT('',(-7.00000000000001,126.26,10.24));
#2724=CARTESIAN_POINT('',(-10.,126.26,7.24));
#2725=CARTESIAN_POINT('Origin',(0.,126.26,10.24));
#2726=CARTESIAN_POINT('Origin',(-8.5,100.945,8.74));
#2727=CARTESIAN_POINT('',(-10.,5.,7.24));
#2728=CARTESIAN_POINT('',(-7.,5.,10.24));
#2729=CARTESIAN_POINT('',(-10.,5.,7.24));
#2730=CARTESIAN_POINT('',(-7.,100.945,10.24));
#2731=CARTESIAN_POINT('',(-10.,100.945,7.24));
#2732=CARTESIAN_POINT('Origin',(0.,5.,8.74));
#2733=CARTESIAN_POINT('',(0.,-5.,7.24));
#2734=CARTESIAN_POINT('Origin',(0.,5.,7.24));
#2735=CARTESIAN_POINT('',(0.,-2.,10.24));
#2736=CARTESIAN_POINT('',(0.,-5.,7.24));
#2737=CARTESIAN_POINT('Origin',(0.,5.,10.24));
#2738=CARTESIAN_POINT('Origin',(36.225,-3.5,8.74));
#2739=CARTESIAN_POINT('',(16.8933982822018,-5.,7.24));
#2740=CARTESIAN_POINT('',(16.8933982822018,-2.,10.24));
#2741=CARTESIAN_POINT('',(16.8933982822018,-5.,7.24));
#2742=CARTESIAN_POINT('',(36.225,-2.,10.24));
#2743=CARTESIAN_POINT('',(36.225,-5.,7.24));
#2744=CARTESIAN_POINT('Origin',(16.8933982822018,2.5,8.74));
#2745=CARTESIAN_POINT('',(22.1966991411009,-2.80330085889911,7.24));
#2746=CARTESIAN_POINT('Origin',(16.8933982822018,2.5,7.24));
#2747=CARTESIAN_POINT('',(20.0753787975413,-0.681980515339463,10.24));
#2748=CARTESIAN_POINT('',(22.1966991411009,-2.80330085889911,7.24));
#2749=CARTESIAN_POINT('Origin',(16.8933982822018,2.5,10.24));
#2750=CARTESIAN_POINT('Origin',(54.0843398282202,31.2056601717798,8.74));
#2751=CARTESIAN_POINT('',(25.3033008588991,0.303300858899095,7.24));
#2752=CARTESIAN_POINT('',(55.145,30.145,7.24));
#2753=CARTESIAN_POINT('',(23.1819805153395,2.42462120245873,10.24));
#2754=CARTESIAN_POINT('',(25.3033008588991,0.303300858899095,7.24));
#2755=CARTESIAN_POINT('',(53.0236796564404,32.2663203435596,10.24));
#2756=CARTESIAN_POINT('Origin',(30.6066017177982,-5.00000000000001,8.74));
#2757=CARTESIAN_POINT('',(30.6066017177982,2.49999999999999,7.24));
#2758=CARTESIAN_POINT('Origin',(30.6066017177982,-5.00000000000001,7.24));
#2759=CARTESIAN_POINT('',(30.6066017177982,5.49999999999999,10.24));
#2760=CARTESIAN_POINT('',(30.6066017177982,2.49999999999999,7.24));
#2761=CARTESIAN_POINT('Origin',(30.6066017177982,-5.00000000000001,10.24));
#2762=CARTESIAN_POINT('Origin',(113.675,3.99999999999999,8.74));
#2763=CARTESIAN_POINT('',(134.293398282202,2.49999999999999,7.24));
#2764=CARTESIAN_POINT('',(134.293398282202,5.49999999999999,10.24));
#2765=CARTESIAN_POINT('',(134.293398282202,2.49999999999999,7.24));
#2766=CARTESIAN_POINT('',(113.675,5.49999999999999,10.24));
#2767=CARTESIAN_POINT('',(113.675,2.49999999999999,7.24));
#2768=CARTESIAN_POINT('Origin',(134.293398282202,-5.00000000000001,8.74));
#2769=CARTESIAN_POINT('',(139.596699141101,0.303300858899106,7.24));
#2770=CARTESIAN_POINT('Origin',(134.293398282202,-5.00000000000001,7.24));
#2771=CARTESIAN_POINT('',(141.718019484661,2.42462120245874,10.24));
#2772=CARTESIAN_POINT('',(139.596699141101,0.303300858899106,7.24));
#2773=CARTESIAN_POINT('Origin',(134.293398282202,-5.00000000000001,10.24));
#2774=CARTESIAN_POINT('Origin',(110.81566017178,31.2056601717798,8.74));
#2775=CARTESIAN_POINT('',(142.703300858899,-2.80330085889911,7.24));
#2776=CARTESIAN_POINT('',(109.755,30.145,7.24));
#2777=CARTESIAN_POINT('',(144.824621202459,-0.681980515339489,10.24));
#2778=CARTESIAN_POINT('',(142.703300858899,-2.80330085889911,7.24));
#2779=CARTESIAN_POINT('',(111.87632034356,32.2663203435596,10.24));
#2780=CARTESIAN_POINT('Origin',(148.006601717798,2.5,8.74));
#2781=CARTESIAN_POINT('',(148.006601717798,-5.,7.24));
#2782=CARTESIAN_POINT('Origin',(148.006601717798,2.5,7.24));
#2783=CARTESIAN_POINT('',(148.006601717798,-2.,10.24));
#2784=CARTESIAN_POINT('',(148.006601717798,-5.,7.24));
#2785=CARTESIAN_POINT('Origin',(148.006601717798,2.5,10.24));
#2786=CARTESIAN_POINT('Origin',(36.225,-3.5,8.74));
#2787=CARTESIAN_POINT('',(164.9,-5.,7.24));
#2788=CARTESIAN_POINT('',(164.9,-2.,10.24));
#2789=CARTESIAN_POINT('',(164.9,-5.,7.24));
#2790=CARTESIAN_POINT('',(36.225,-2.,10.24));
#2791=CARTESIAN_POINT('',(36.225,-5.,7.24));
#2792=CARTESIAN_POINT('Origin',(164.9,5.,8.74));
#2793=CARTESIAN_POINT('Origin',(164.9,5.,7.24));
#2794=CARTESIAN_POINT('',(171.9,5.,10.24));
#2795=CARTESIAN_POINT('',(174.9,5.,7.24));
#2796=CARTESIAN_POINT('Origin',(164.9,5.,10.24));
#2797=CARTESIAN_POINT('Origin',(173.4,30.315,8.74));
#2798=CARTESIAN_POINT('',(171.9,126.26,10.24));
#2799=CARTESIAN_POINT('',(174.9,126.26,7.24));
#2800=CARTESIAN_POINT('',(171.9,30.315,10.24));
#2801=CARTESIAN_POINT('Origin',(164.9,126.26,8.74));
#2802=CARTESIAN_POINT('Origin',(164.9,126.26,7.24));
#2803=CARTESIAN_POINT('Origin',(164.9,126.26,10.24));
#2804=CARTESIAN_POINT('Origin',(0.,5.,0.));
#2805=CARTESIAN_POINT('',(0.,-5.,0.));
#2806=CARTESIAN_POINT('',(-10.,5.,0.));
#2807=CARTESIAN_POINT('Origin',(-10.,136.26,0.));
#2808=CARTESIAN_POINT('',(-10.,126.26,0.));
#2809=CARTESIAN_POINT('Origin',(0.,126.26,0.));
#2810=CARTESIAN_POINT('',(0.,136.26,0.));
#2811=CARTESIAN_POINT('Origin',(174.9,136.26,0.));
#2812=CARTESIAN_POINT('',(16.8933982822018,136.26,0.));
#2813=CARTESIAN_POINT('Origin',(16.8933982822018,128.76,0.));
#2814=CARTESIAN_POINT('',(22.1966991411009,134.063300858899,0.));
#2815=CARTESIAN_POINT('Origin',(23.75,132.51,0.));
#2816=CARTESIAN_POINT('',(25.3033008588991,130.956699141101,0.));
#2817=CARTESIAN_POINT('Origin',(30.6066017177982,136.26,0.));
#2818=CARTESIAN_POINT('',(30.6066017177982,128.76,0.));
#2819=CARTESIAN_POINT('Origin',(20.,128.76,0.));
#2820=CARTESIAN_POINT('',(134.293398282202,128.76,0.));
#2821=CARTESIAN_POINT('Origin',(134.293398282202,136.26,0.));
#2822=CARTESIAN_POINT('',(139.596699141101,130.956699141101,0.));
#2823=CARTESIAN_POINT('Origin',(141.15,132.51,0.));
#2824=CARTESIAN_POINT('',(142.703300858899,134.063300858899,0.));
#2825=CARTESIAN_POINT('Origin',(148.006601717798,128.76,0.));
#2826=CARTESIAN_POINT('',(148.006601717798,136.26,0.));
#2827=CARTESIAN_POINT('Origin',(174.9,136.26,0.));
#2828=CARTESIAN_POINT('',(164.9,136.26,0.));
#2829=CARTESIAN_POINT('Origin',(82.45,65.63,10.24));
#2830=CARTESIAN_POINT('',(159.1,117.79,10.24));
#2831=CARTESIAN_POINT('',(5.79999999999998,117.79,10.24));
#2832=CARTESIAN_POINT('',(41.625,117.79,10.24));
#2833=CARTESIAN_POINT('',(167.1,109.79,10.24));
#2834=CARTESIAN_POINT('Origin',(159.1,109.79,10.24));
#2835=CARTESIAN_POINT('',(167.1,21.47,10.24));
#2836=CARTESIAN_POINT('',(167.1,90.21,10.24));
#2837=CARTESIAN_POINT('',(159.1,13.47,10.24));
#2838=CARTESIAN_POINT('Origin',(159.1,21.47,10.24));
#2839=CARTESIAN_POINT('',(5.79999999999998,13.47,10.24));
#2840=CARTESIAN_POINT('',(123.275,13.47,10.24));
#2841=CARTESIAN_POINT('',(-2.20000000000002,21.47,10.24));
#2842=CARTESIAN_POINT('Origin',(5.79999999999998,21.47,10.24));
#2843=CARTESIAN_POINT('',(-2.20000000000002,109.79,10.24));
#2844=CARTESIAN_POINT('',(-2.20000000000002,41.05,10.24));
#2845=CARTESIAN_POINT('Origin',(5.79999999999998,109.79,10.24));
#2846=CARTESIAN_POINT('Origin',(30.6066017177982,-5.00000000000001,0.));
#2847=CARTESIAN_POINT('',(30.6066017177982,2.49999999999999,0.));
#2848=CARTESIAN_POINT('',(25.3033008588991,0.303300858899095,0.));
#2849=CARTESIAN_POINT('Origin',(144.9,2.49999999999999,0.));
#2850=CARTESIAN_POINT('',(134.293398282202,2.49999999999999,0.));
#2851=CARTESIAN_POINT('Origin',(16.8933982822018,2.5,0.));
#2852=CARTESIAN_POINT('',(22.1966991411009,-2.80330085889911,0.));
#2853=CARTESIAN_POINT('',(16.8933982822018,-5.,0.));
#2854=CARTESIAN_POINT('Origin',(-10.,-5.,0.));
#2855=CARTESIAN_POINT('Origin',(134.293398282202,-5.00000000000001,0.));
#2856=CARTESIAN_POINT('',(139.596699141101,0.303300858899106,0.));
#2857=CARTESIAN_POINT('Origin',(148.006601717798,2.5,0.));
#2858=CARTESIAN_POINT('',(148.006601717798,-5.,0.));
#2859=CARTESIAN_POINT('',(142.703300858899,-2.80330085889911,0.));
#2860=CARTESIAN_POINT('Origin',(141.15,-1.25000000000001,0.));
#2861=CARTESIAN_POINT('Origin',(164.9,126.26,0.));
#2862=CARTESIAN_POINT('Origin',(164.9,5.,0.));
#2863=CARTESIAN_POINT('',(164.9,-5.,0.));
#2864=CARTESIAN_POINT('Origin',(-10.,-5.,0.));
#2865=CARTESIAN_POINT('Origin',(23.75,-1.25000000000001,0.));
#2866=CARTESIAN_POINT('Origin',(41.625,116.29,8.74));
#2867=CARTESIAN_POINT('',(159.1,114.79,7.24));
#2868=CARTESIAN_POINT('',(159.1,114.79,7.24));
#2869=CARTESIAN_POINT('',(5.79999999999998,114.79,7.24));
#2870=CARTESIAN_POINT('',(5.79999999999998,117.79,10.24));
#2871=CARTESIAN_POINT('',(41.625,114.79,7.24));
#2872=CARTESIAN_POINT('Origin',(159.1,109.79,8.74));
#2873=CARTESIAN_POINT('',(164.1,109.79,7.24));
#2874=CARTESIAN_POINT('Origin',(159.1,109.79,7.24));
#2875=CARTESIAN_POINT('',(164.1,109.79,7.24));
#2876=CARTESIAN_POINT('Origin',(165.6,90.21,8.74));
#2877=CARTESIAN_POINT('',(164.1,21.47,7.24));
#2878=CARTESIAN_POINT('',(164.1,21.47,7.24));
#2879=CARTESIAN_POINT('',(164.1,90.21,7.24));
#2880=CARTESIAN_POINT('Origin',(159.1,21.47,8.74));
#2881=CARTESIAN_POINT('',(159.1,16.47,7.24));
#2882=CARTESIAN_POINT('Origin',(159.1,21.47,7.24));
#2883=CARTESIAN_POINT('',(159.1,16.47,7.24));
#2884=CARTESIAN_POINT('Origin',(123.275,14.97,8.74));
#2885=CARTESIAN_POINT('',(5.79999999999998,16.47,7.24));
#2886=CARTESIAN_POINT('',(5.79999999999998,16.47,7.24));
#2887=CARTESIAN_POINT('',(123.275,16.47,7.24));
#2888=CARTESIAN_POINT('Origin',(5.79999999999998,21.47,8.74));
#2889=CARTESIAN_POINT('',(0.799999999999983,21.47,7.24));
#2890=CARTESIAN_POINT('Origin',(5.79999999999998,21.47,7.24));
#2891=CARTESIAN_POINT('',(0.799999999999983,21.47,7.24));
#2892=CARTESIAN_POINT('Origin',(-0.700000000000016,41.05,8.74));
#2893=CARTESIAN_POINT('',(0.799999999999983,109.79,7.24));
#2894=CARTESIAN_POINT('',(0.799999999999983,109.79,7.24));
#2895=CARTESIAN_POINT('',(0.799999999999983,41.05,7.24));
#2896=CARTESIAN_POINT('Origin',(5.79999999999998,109.79,8.74));
#2897=CARTESIAN_POINT('Origin',(5.79999999999998,109.79,7.24));
#2898=CARTESIAN_POINT('Origin',(172.4,93.09,2.5));
#2899=CARTESIAN_POINT('',(171.4,80.19,2.5));
#2900=CARTESIAN_POINT('Origin',(172.4,80.19,2.5));
#2901=CARTESIAN_POINT('',(171.4,77.84,2.5));
#2902=CARTESIAN_POINT('',(171.4,93.09,2.5));
#2903=CARTESIAN_POINT('Origin',(172.4,77.84,2.5));
#2904=CARTESIAN_POINT('Origin',(172.4,108.34,2.5));
#2905=CARTESIAN_POINT('',(171.4,108.34,2.5));
#2906=CARTESIAN_POINT('Origin',(172.4,108.34,2.5));
#2907=CARTESIAN_POINT('Origin',(172.4,93.09,2.5));
#2908=CARTESIAN_POINT('',(171.4,93.09,2.5));
#2909=CARTESIAN_POINT('Origin',(172.4,77.84,2.5));
#2910=CARTESIAN_POINT('Origin',(174.9,80.19,-9.43689570931383E-15));
#2911=CARTESIAN_POINT('',(169.5,80.19,1.24999999999999));
#2912=CARTESIAN_POINT('Origin',(169.5,93.09,2.49999999999999));
#2913=CARTESIAN_POINT('Origin',(160.9,4.65,3.35));
#2914=CARTESIAN_POINT('',(158.9,4.65,6.7));
#2915=CARTESIAN_POINT('',(158.9,4.65,3.35));
#2916=CARTESIAN_POINT('Origin',(160.9,4.65,6.7));
#2917=CARTESIAN_POINT('Origin',(160.9,4.65,6.7));
#2918=CARTESIAN_POINT('Origin',(4.,4.65,3.35));
#2919=CARTESIAN_POINT('',(2.,4.65,6.7));
#2920=CARTESIAN_POINT('',(2.,4.65,3.35));
#2921=CARTESIAN_POINT('Origin',(4.,4.65,6.7));
#2922=CARTESIAN_POINT('Origin',(4.,4.65,6.7));
#2923=CARTESIAN_POINT('Origin',(4.,119.61,3.35));
#2924=CARTESIAN_POINT('',(2.,119.61,6.7));
#2925=CARTESIAN_POINT('',(2.,119.61,3.35));
#2926=CARTESIAN_POINT('Origin',(4.,119.61,6.7));
#2927=CARTESIAN_POINT('Origin',(4.,119.61,6.7));
#2928=CARTESIAN_POINT('Origin',(160.9,119.61,3.35));
#2929=CARTESIAN_POINT('',(158.9,119.61,6.7));
#2930=CARTESIAN_POINT('',(158.9,119.61,3.35));
#2931=CARTESIAN_POINT('Origin',(160.9,119.61,6.7));
#2932=CARTESIAN_POINT('Origin',(160.9,119.61,6.7));
#2933=CARTESIAN_POINT('Origin',(-1.20000000000002,14.47,0.));
#2934=CARTESIAN_POINT('',(-1.20000000000001,14.47,7.24));
#2935=CARTESIAN_POINT('',(-1.20000000000002,14.47,0.));
#2936=CARTESIAN_POINT('',(166.1,14.47,7.24));
#2937=CARTESIAN_POINT('',(-1.20000000000002,14.47,7.24));
#2938=CARTESIAN_POINT('',(166.1,14.47,0.));
#2939=CARTESIAN_POINT('Origin',(-1.20000000000002,116.79,0.));
#2940=CARTESIAN_POINT('',(-1.20000000000001,116.79,7.24));
#2941=CARTESIAN_POINT('',(-1.20000000000002,116.79,0.));
#2942=CARTESIAN_POINT('',(-1.20000000000002,116.79,7.24));
#2943=CARTESIAN_POINT('Origin',(166.1,116.79,0.));
#2944=CARTESIAN_POINT('',(166.1,116.79,7.24));
#2945=CARTESIAN_POINT('',(166.1,116.79,0.));
#2946=CARTESIAN_POINT('',(166.1,116.79,7.24));
#2947=CARTESIAN_POINT('Origin',(166.1,14.47,0.));
#2948=CARTESIAN_POINT('',(166.1,14.47,7.24));
#2949=CARTESIAN_POINT('Origin',(82.45,65.63,7.24));
#2950=UNCERTAINTY_MEASURE_WITH_UNIT(LENGTH_MEASURE(0.01),#2954,
'DISTANCE_ACCURACY_VALUE',
'Maximum model space distance between geometric entities at asserted c
onnectivities');
#2951=UNCERTAINTY_MEASURE_WITH_UNIT(LENGTH_MEASURE(0.01),#2954,
'DISTANCE_ACCURACY_VALUE',
'Maximum model space distance between geometric entities at asserted c
onnectivities');
#2952=(
GEOMETRIC_REPRESENTATION_CONTEXT(3)
GLOBAL_UNCERTAINTY_ASSIGNED_CONTEXT((#2950))
GLOBAL_UNIT_ASSIGNED_CONTEXT((#2954,#2956,#2957))
REPRESENTATION_CONTEXT('','3D')
);
#2953=(
GEOMETRIC_REPRESENTATION_CONTEXT(3)
GLOBAL_UNCERTAINTY_ASSIGNED_CONTEXT((#2951))
GLOBAL_UNIT_ASSIGNED_CONTEXT((#2954,#2956,#2957))
REPRESENTATION_CONTEXT('','3D')
);
#2954=(
LENGTH_UNIT()
NAMED_UNIT(*)
SI_UNIT(.MILLI.,.METRE.)
);
#2955=(
LENGTH_UNIT()
NAMED_UNIT(*)
SI_UNIT(.CENTI.,.METRE.)
);
#2956=(
NAMED_UNIT(*)
PLANE_ANGLE_UNIT()
SI_UNIT($,.RADIAN.)
);
#2957=(
NAMED_UNIT(*)
SI_UNIT($,.STERADIAN.)
SOLID_ANGLE_UNIT()
);
#2958=SHAPE_DEFINITION_REPRESENTATION(#2959,#2960);
#2959=PRODUCT_DEFINITION_SHAPE('',$,#2962);
#2960=SHAPE_REPRESENTATION('',(#1760),#2952);
#2961=PRODUCT_DEFINITION_CONTEXT('part definition',#2966,'design');
#2962=PRODUCT_DEFINITION('7in Touch Display',
'7in Touch Display Faceplate',#2963,#2961);
#2963=PRODUCT_DEFINITION_FORMATION('',$,#2968);
#2964=PRODUCT_RELATED_PRODUCT_CATEGORY('7in Touch Display Faceplate',
'7in Touch Display Faceplate',(#2968));
#2965=APPLICATION_PROTOCOL_DEFINITION('international standard',
'automotive_design',2009,#2966);
#2966=APPLICATION_CONTEXT(
'Core Data for Automotive Mechanical Design Process');
#2967=PRODUCT_CONTEXT('part definition',#2966,'mechanical');
#2968=PRODUCT('7in Touch Display','7in Touch Display Faceplate',$,(#2967));
#2969=PRESENTATION_STYLE_ASSIGNMENT((#2970));
#2970=SURFACE_STYLE_USAGE(.BOTH.,#2973);
#2971=SURFACE_STYLE_RENDERING_WITH_PROPERTIES($,#2977,(#2972));
#2972=SURFACE_STYLE_TRANSPARENT(0.);
#2973=SURFACE_SIDE_STYLE('',(#2974,#2971));
#2974=SURFACE_STYLE_FILL_AREA(#2975);
#2975=FILL_AREA_STYLE('',(#2976));
#2976=FILL_AREA_STYLE_COLOUR('',#2977);
#2977=COLOUR_RGB('',0.,0.,0.);
ENDSEC;
END-ISO-10303-21;
