ISO-10303-21;
HEADER;
/* Generated by software containing ST-Developer
 * from STEP Tools, Inc. (www.steptools.com) 
 */

FILE_DESCRIPTION(
/* description */ (''),
/* implementation_level */ '2;1');

FILE_NAME(
/* name */ '7in Touch Display Backplate.stp',
/* time_stamp */ '2026-02-05T23:53:01-05:00',
/* author */ ('JoshuaEah'),
/* organization */ (''),
/* preprocessor_version */ 'ST-DEVELOPER v20.1',
/* originating_system */ 'Autodesk Inventor 2026',
/* authorisation */ '');

FILE_SCHEMA (('AUTOMOTIVE_DESIGN { 1 0 10303 214 3 1 1 }'));
ENDSEC;

DATA;
#10=MECHANICAL_DESIGN_GEOMETRIC_PRESENTATION_REPRESENTATION('',(#13),#3147);
#11=SHAPE_REPRESENTATION_RELATIONSHIP('SRR','None',#3154,#12);
#12=ADVANCED_BREP_SHAPE_REPRESENTATION('',(#14),#3146);
#13=STYLED_ITEM('',(#3163),#14);
#14=MANIFOLD_SOLID_BREP('Solid5',#1874);
#15=FACE_BOUND('',#313,.T.);
#16=FACE_BOUND('',#314,.T.);
#17=FACE_BOUND('',#315,.T.);
#18=FACE_BOUND('',#316,.T.);
#19=FACE_BOUND('',#329,.T.);
#20=FACE_BOUND('',#333,.T.);
#21=FACE_BOUND('',#337,.T.);
#22=FACE_BOUND('',#341,.T.);
#23=FACE_BOUND('',#354,.T.);
#24=FACE_BOUND('',#356,.T.);
#25=FACE_BOUND('',#358,.T.);
#26=FACE_BOUND('',#360,.T.);
#27=CYLINDRICAL_SURFACE('',#2002,7.5);
#28=CYLINDRICAL_SURFACE('',#2004,7.5);
#29=CYLINDRICAL_SURFACE('',#2006,10.);
#30=CYLINDRICAL_SURFACE('',#2007,10.);
#31=CYLINDRICAL_SURFACE('',#2009,7.5);
#32=CYLINDRICAL_SURFACE('',#2011,7.5);
#33=CYLINDRICAL_SURFACE('',#2019,7.5);
#34=CYLINDRICAL_SURFACE('',#2021,7.5);
#35=CYLINDRICAL_SURFACE('',#2022,7.5);
#36=CYLINDRICAL_SURFACE('',#2023,7.5);
#37=CYLINDRICAL_SURFACE('',#2025,10.);
#38=CYLINDRICAL_SURFACE('',#2027,10.);
#39=CYLINDRICAL_SURFACE('',#2032,3.25);
#40=CYLINDRICAL_SURFACE('',#2033,1.7);
#41=CYLINDRICAL_SURFACE('',#2038,3.25);
#42=CYLINDRICAL_SURFACE('',#2039,1.7);
#43=CYLINDRICAL_SURFACE('',#2044,3.25);
#44=CYLINDRICAL_SURFACE('',#2045,1.7);
#45=CYLINDRICAL_SURFACE('',#2050,3.25);
#46=CYLINDRICAL_SURFACE('',#2051,1.7);
#47=CIRCLE('',#1899,10.);
#48=CIRCLE('',#1900,9.25);
#49=CIRCLE('',#1903,7.5);
#50=CIRCLE('',#1904,6.74999999999999);
#51=CIRCLE('',#1907,7.5);
#52=CIRCLE('',#1908,8.25);
#53=CIRCLE('',#1911,7.5);
#54=CIRCLE('',#1912,8.25);
#55=CIRCLE('',#1915,7.5);
#56=CIRCLE('',#1916,6.75);
#57=CIRCLE('',#1919,10.);
#58=CIRCLE('',#1920,9.24999999999999);
#59=CIRCLE('',#1923,10.);
#60=CIRCLE('',#1924,9.25);
#61=CIRCLE('',#1927,7.5);
#62=CIRCLE('',#1928,6.75);
#63=CIRCLE('',#1931,7.5);
#64=CIRCLE('',#1932,8.25);
#65=CIRCLE('',#1935,7.5);
#66=CIRCLE('',#1936,8.25000000000001);
#67=CIRCLE('',#1939,7.5);
#68=CIRCLE('',#1940,6.74999999999999);
#69=CIRCLE('',#1943,10.);
#70=CIRCLE('',#1944,9.25000000000001);
#71=CIRCLE('',#1957,7.5);
#72=CIRCLE('',#1958,10.5);
#73=CIRCLE('',#1961,7.5);
#74=CIRCLE('',#1962,4.49999999999999);
#75=CIRCLE('',#1965,10.);
#76=CIRCLE('',#1966,7.);
#77=CIRCLE('',#1968,10.);
#78=CIRCLE('',#1969,7.);
#79=CIRCLE('',#1972,7.5);
#80=CIRCLE('',#1973,4.5);
#81=CIRCLE('',#1976,7.5);
#82=CIRCLE('',#1977,10.5);
#83=CIRCLE('',#1980,7.5);
#84=CIRCLE('',#1981,10.5);
#85=CIRCLE('',#1984,7.5);
#86=CIRCLE('',#1985,4.5);
#87=CIRCLE('',#1988,10.);
#88=CIRCLE('',#1989,7.);
#89=CIRCLE('',#1992,10.);
#90=CIRCLE('',#1993,7.);
#91=CIRCLE('',#1996,7.5);
#92=CIRCLE('',#1997,4.49999999999999);
#93=CIRCLE('',#2000,7.5);
#94=CIRCLE('',#2001,10.5);
#95=CIRCLE('',#2014,3.25);
#96=CIRCLE('',#2015,3.25);
#97=CIRCLE('',#2016,3.25);
#98=CIRCLE('',#2017,3.25);
#99=CIRCLE('',#2030,3.25);
#100=CIRCLE('',#2031,1.7);
#101=CIRCLE('',#2034,1.7);
#102=CIRCLE('',#2036,3.25);
#103=CIRCLE('',#2037,1.7);
#104=CIRCLE('',#2040,1.7);
#105=CIRCLE('',#2042,3.25);
#106=CIRCLE('',#2043,1.7);
#107=CIRCLE('',#2046,1.7);
#108=CIRCLE('',#2048,3.25);
#109=CIRCLE('',#2049,1.7);
#110=CIRCLE('',#2052,1.7);
#111=CONICAL_SURFACE('',#1898,9.625,0.785398163397447);
#112=CONICAL_SURFACE('',#1902,7.125,0.785398163397451);
#113=CONICAL_SURFACE('',#1906,7.875,0.785398163397451);
#114=CONICAL_SURFACE('',#1910,7.875,0.78539816339745);
#115=CONICAL_SURFACE('',#1914,7.125,0.785398163397449);
#116=CONICAL_SURFACE('',#1918,9.62499999999999,0.785398163397453);
#117=CONICAL_SURFACE('',#1922,9.625,0.785398163397447);
#118=CONICAL_SURFACE('',#1926,7.125,0.785398163397449);
#119=CONICAL_SURFACE('',#1930,7.875,0.785398163397449);
#120=CONICAL_SURFACE('',#1934,7.875,0.785398163397452);
#121=CONICAL_SURFACE('',#1938,7.125,0.785398163397454);
#122=CONICAL_SURFACE('',#1942,9.62500000000001,0.785398163397443);
#123=CONICAL_SURFACE('',#1956,9.,0.78539816339745);
#124=CONICAL_SURFACE('',#1960,5.99999999999999,0.78539816339745);
#125=CONICAL_SURFACE('',#1964,8.5,0.785398163397447);
#126=CONICAL_SURFACE('',#1967,8.5,0.785398163397448);
#127=CONICAL_SURFACE('',#1971,6.,0.785398163397448);
#128=CONICAL_SURFACE('',#1975,9.,0.785398163397448);
#129=CONICAL_SURFACE('',#1979,9.,0.785398163397449);
#130=CONICAL_SURFACE('',#1983,6.,0.785398163397448);
#131=CONICAL_SURFACE('',#1987,8.5,0.785398163397448);
#132=CONICAL_SURFACE('',#1991,8.5,0.785398163397447);
#133=CONICAL_SURFACE('',#1995,6.,0.785398163397449);
#134=CONICAL_SURFACE('',#1999,9.,0.78539816339745);
#135=FACE_OUTER_BOUND('',#244,.T.);
#136=FACE_OUTER_BOUND('',#245,.T.);
#137=FACE_OUTER_BOUND('',#246,.T.);
#138=FACE_OUTER_BOUND('',#247,.T.);
#139=FACE_OUTER_BOUND('',#248,.T.);
#140=FACE_OUTER_BOUND('',#249,.T.);
#141=FACE_OUTER_BOUND('',#250,.T.);
#142=FACE_OUTER_BOUND('',#251,.T.);
#143=FACE_OUTER_BOUND('',#252,.T.);
#144=FACE_OUTER_BOUND('',#253,.T.);
#145=FACE_OUTER_BOUND('',#254,.T.);
#146=FACE_OUTER_BOUND('',#255,.T.);
#147=FACE_OUTER_BOUND('',#256,.T.);
#148=FACE_OUTER_BOUND('',#257,.T.);
#149=FACE_OUTER_BOUND('',#258,.T.);
#150=FACE_OUTER_BOUND('',#259,.T.);
#151=FACE_OUTER_BOUND('',#260,.T.);
#152=FACE_OUTER_BOUND('',#261,.T.);
#153=FACE_OUTER_BOUND('',#262,.T.);
#154=FACE_OUTER_BOUND('',#263,.T.);
#155=FACE_OUTER_BOUND('',#264,.T.);
#156=FACE_OUTER_BOUND('',#265,.T.);
#157=FACE_OUTER_BOUND('',#266,.T.);
#158=FACE_OUTER_BOUND('',#267,.T.);
#159=FACE_OUTER_BOUND('',#268,.T.);
#160=FACE_OUTER_BOUND('',#269,.T.);
#161=FACE_OUTER_BOUND('',#270,.T.);
#162=FACE_OUTER_BOUND('',#271,.T.);
#163=FACE_OUTER_BOUND('',#272,.T.);
#164=FACE_OUTER_BOUND('',#273,.T.);
#165=FACE_OUTER_BOUND('',#274,.T.);
#166=FACE_OUTER_BOUND('',#275,.T.);
#167=FACE_OUTER_BOUND('',#276,.T.);
#168=FACE_OUTER_BOUND('',#277,.T.);
#169=FACE_OUTER_BOUND('',#278,.T.);
#170=FACE_OUTER_BOUND('',#279,.T.);
#171=FACE_OUTER_BOUND('',#280,.T.);
#172=FACE_OUTER_BOUND('',#281,.T.);
#173=FACE_OUTER_BOUND('',#282,.T.);
#174=FACE_OUTER_BOUND('',#283,.T.);
#175=FACE_OUTER_BOUND('',#284,.T.);
#176=FACE_OUTER_BOUND('',#285,.T.);
#177=FACE_OUTER_BOUND('',#286,.T.);
#178=FACE_OUTER_BOUND('',#287,.T.);
#179=FACE_OUTER_BOUND('',#288,.T.);
#180=FACE_OUTER_BOUND('',#289,.T.);
#181=FACE_OUTER_BOUND('',#290,.T.);
#182=FACE_OUTER_BOUND('',#291,.T.);
#183=FACE_OUTER_BOUND('',#292,.T.);
#184=FACE_OUTER_BOUND('',#293,.T.);
#185=FACE_OUTER_BOUND('',#294,.T.);
#186=FACE_OUTER_BOUND('',#295,.T.);
#187=FACE_OUTER_BOUND('',#296,.T.);
#188=FACE_OUTER_BOUND('',#297,.T.);
#189=FACE_OUTER_BOUND('',#298,.T.);
#190=FACE_OUTER_BOUND('',#299,.T.);
#191=FACE_OUTER_BOUND('',#300,.T.);
#192=FACE_OUTER_BOUND('',#301,.T.);
#193=FACE_OUTER_BOUND('',#302,.T.);
#194=FACE_OUTER_BOUND('',#303,.T.);
#195=FACE_OUTER_BOUND('',#304,.T.);
#196=FACE_OUTER_BOUND('',#305,.T.);
#197=FACE_OUTER_BOUND('',#306,.T.);
#198=FACE_OUTER_BOUND('',#307,.T.);
#199=FACE_OUTER_BOUND('',#308,.T.);
#200=FACE_OUTER_BOUND('',#309,.T.);
#201=FACE_OUTER_BOUND('',#310,.T.);
#202=FACE_OUTER_BOUND('',#311,.T.);
#203=FACE_OUTER_BOUND('',#312,.T.);
#204=FACE_OUTER_BOUND('',#317,.T.);
#205=FACE_OUTER_BOUND('',#318,.T.);
#206=FACE_OUTER_BOUND('',#319,.T.);
#207=FACE_OUTER_BOUND('',#320,.T.);
#208=FACE_OUTER_BOUND('',#321,.T.);
#209=FACE_OUTER_BOUND('',#322,.T.);
#210=FACE_OUTER_BOUND('',#323,.T.);
#211=FACE_OUTER_BOUND('',#324,.T.);
#212=FACE_OUTER_BOUND('',#325,.T.);
#213=FACE_OUTER_BOUND('',#326,.T.);
#214=FACE_OUTER_BOUND('',#327,.T.);
#215=FACE_OUTER_BOUND('',#328,.T.);
#216=FACE_OUTER_BOUND('',#330,.T.);
#217=FACE_OUTER_BOUND('',#331,.T.);
#218=FACE_OUTER_BOUND('',#332,.T.);
#219=FACE_OUTER_BOUND('',#334,.T.);
#220=FACE_OUTER_BOUND('',#335,.T.);
#221=FACE_OUTER_BOUND('',#336,.T.);
#222=FACE_OUTER_BOUND('',#338,.T.);
#223=FACE_OUTER_BOUND('',#339,.T.);
#224=FACE_OUTER_BOUND('',#340,.T.);
#225=FACE_OUTER_BOUND('',#342,.T.);
#226=FACE_OUTER_BOUND('',#343,.T.);
#227=FACE_OUTER_BOUND('',#344,.T.);
#228=FACE_OUTER_BOUND('',#345,.T.);
#229=FACE_OUTER_BOUND('',#346,.T.);
#230=FACE_OUTER_BOUND('',#347,.T.);
#231=FACE_OUTER_BOUND('',#348,.T.);
#232=FACE_OUTER_BOUND('',#349,.T.);
#233=FACE_OUTER_BOUND('',#350,.T.);
#234=FACE_OUTER_BOUND('',#351,.T.);
#235=FACE_OUTER_BOUND('',#352,.T.);
#236=FACE_OUTER_BOUND('',#353,.T.);
#237=FACE_OUTER_BOUND('',#355,.T.);
#238=FACE_OUTER_BOUND('',#357,.T.);
#239=FACE_OUTER_BOUND('',#359,.T.);
#240=FACE_OUTER_BOUND('',#361,.T.);
#241=FACE_OUTER_BOUND('',#362,.T.);
#242=FACE_OUTER_BOUND('',#363,.T.);
#243=FACE_OUTER_BOUND('',#364,.T.);
#244=EDGE_LOOP('',(#1178,#1179,#1180,#1181));
#245=EDGE_LOOP('',(#1182,#1183,#1184,#1185));
#246=EDGE_LOOP('',(#1186,#1187,#1188,#1189));
#247=EDGE_LOOP('',(#1190,#1191,#1192,#1193));
#248=EDGE_LOOP('',(#1194,#1195,#1196,#1197));
#249=EDGE_LOOP('',(#1198,#1199,#1200,#1201));
#250=EDGE_LOOP('',(#1202,#1203,#1204,#1205));
#251=EDGE_LOOP('',(#1206,#1207,#1208,#1209));
#252=EDGE_LOOP('',(#1210,#1211,#1212,#1213));
#253=EDGE_LOOP('',(#1214,#1215,#1216,#1217));
#254=EDGE_LOOP('',(#1218,#1219,#1220,#1221));
#255=EDGE_LOOP('',(#1222,#1223,#1224,#1225));
#256=EDGE_LOOP('',(#1226,#1227,#1228,#1229));
#257=EDGE_LOOP('',(#1230,#1231,#1232,#1233));
#258=EDGE_LOOP('',(#1234,#1235,#1236,#1237));
#259=EDGE_LOOP('',(#1238,#1239,#1240,#1241));
#260=EDGE_LOOP('',(#1242,#1243,#1244,#1245));
#261=EDGE_LOOP('',(#1246,#1247,#1248,#1249));
#262=EDGE_LOOP('',(#1250,#1251,#1252,#1253));
#263=EDGE_LOOP('',(#1254,#1255,#1256,#1257));
#264=EDGE_LOOP('',(#1258,#1259,#1260,#1261));
#265=EDGE_LOOP('',(#1262,#1263,#1264,#1265));
#266=EDGE_LOOP('',(#1266,#1267,#1268,#1269));
#267=EDGE_LOOP('',(#1270,#1271,#1272,#1273));
#268=EDGE_LOOP('',(#1274,#1275,#1276,#1277));
#269=EDGE_LOOP('',(#1278,#1279,#1280,#1281,#1282,#1283,#1284,#1285,#1286,
#1287,#1288,#1289,#1290,#1291,#1292,#1293,#1294,#1295,#1296,#1297,#1298,
#1299,#1300,#1301,#1302,#1303,#1304,#1305,#1306,#1307,#1308,#1309,#1310,
#1311,#1312,#1313,#1314,#1315,#1316,#1317));
#270=EDGE_LOOP('',(#1318,#1319,#1320,#1321,#1322,#1323,#1324,#1325));
#271=EDGE_LOOP('',(#1326,#1327,#1328,#1329));
#272=EDGE_LOOP('',(#1330,#1331,#1332,#1333));
#273=EDGE_LOOP('',(#1334,#1335,#1336,#1337));
#274=EDGE_LOOP('',(#1338,#1339,#1340,#1341));
#275=EDGE_LOOP('',(#1342,#1343,#1344,#1345));
#276=EDGE_LOOP('',(#1346,#1347,#1348,#1349));
#277=EDGE_LOOP('',(#1350,#1351,#1352,#1353,#1354,#1355));
#278=EDGE_LOOP('',(#1356,#1357,#1358,#1359));
#279=EDGE_LOOP('',(#1360,#1361,#1362,#1363));
#280=EDGE_LOOP('',(#1364,#1365,#1366,#1367));
#281=EDGE_LOOP('',(#1368,#1369,#1370,#1371));
#282=EDGE_LOOP('',(#1372,#1373,#1374,#1375));
#283=EDGE_LOOP('',(#1376,#1377,#1378,#1379));
#284=EDGE_LOOP('',(#1380,#1381,#1382,#1383));
#285=EDGE_LOOP('',(#1384,#1385,#1386,#1387));
#286=EDGE_LOOP('',(#1388,#1389,#1390,#1391));
#287=EDGE_LOOP('',(#1392,#1393,#1394,#1395));
#288=EDGE_LOOP('',(#1396,#1397,#1398,#1399));
#289=EDGE_LOOP('',(#1400,#1401,#1402,#1403));
#290=EDGE_LOOP('',(#1404,#1405,#1406,#1407));
#291=EDGE_LOOP('',(#1408,#1409,#1410,#1411));
#292=EDGE_LOOP('',(#1412,#1413,#1414,#1415));
#293=EDGE_LOOP('',(#1416,#1417,#1418,#1419));
#294=EDGE_LOOP('',(#1420,#1421,#1422,#1423));
#295=EDGE_LOOP('',(#1424,#1425,#1426,#1427));
#296=EDGE_LOOP('',(#1428,#1429,#1430,#1431));
#297=EDGE_LOOP('',(#1432,#1433,#1434,#1435));
#298=EDGE_LOOP('',(#1436,#1437,#1438,#1439));
#299=EDGE_LOOP('',(#1440,#1441,#1442,#1443));
#300=EDGE_LOOP('',(#1444,#1445,#1446,#1447));
#301=EDGE_LOOP('',(#1448,#1449,#1450,#1451));
#302=EDGE_LOOP('',(#1452,#1453,#1454,#1455));
#303=EDGE_LOOP('',(#1456,#1457,#1458,#1459));
#304=EDGE_LOOP('',(#1460,#1461,#1462,#1463));
#305=EDGE_LOOP('',(#1464,#1465,#1466,#1467));
#306=EDGE_LOOP('',(#1468,#1469,#1470,#1471));
#307=EDGE_LOOP('',(#1472,#1473,#1474,#1475));
#308=EDGE_LOOP('',(#1476,#1477,#1478,#1479));
#309=EDGE_LOOP('',(#1480,#1481,#1482,#1483));
#310=EDGE_LOOP('',(#1484,#1485,#1486,#1487));
#311=EDGE_LOOP('',(#1488,#1489,#1490,#1491));
#312=EDGE_LOOP('',(#1492,#1493,#1494,#1495,#1496,#1497,#1498,#1499,#1500,
#1501,#1502,#1503,#1504,#1505,#1506,#1507,#1508,#1509,#1510,#1511,#1512,
#1513,#1514,#1515,#1516,#1517,#1518,#1519));
#313=EDGE_LOOP('',(#1520));
#314=EDGE_LOOP('',(#1521));
#315=EDGE_LOOP('',(#1522));
#316=EDGE_LOOP('',(#1523));
#317=EDGE_LOOP('',(#1524,#1525,#1526,#1527));
#318=EDGE_LOOP('',(#1528,#1529,#1530,#1531));
#319=EDGE_LOOP('',(#1532,#1533,#1534,#1535));
#320=EDGE_LOOP('',(#1536,#1537,#1538,#1539));
#321=EDGE_LOOP('',(#1540,#1541,#1542,#1543));
#322=EDGE_LOOP('',(#1544,#1545,#1546,#1547));
#323=EDGE_LOOP('',(#1548,#1549,#1550,#1551));
#324=EDGE_LOOP('',(#1552,#1553,#1554,#1555));
#325=EDGE_LOOP('',(#1556,#1557,#1558,#1559));
#326=EDGE_LOOP('',(#1560,#1561,#1562,#1563));
#327=EDGE_LOOP('',(#1564,#1565,#1566,#1567));
#328=EDGE_LOOP('',(#1568));
#329=EDGE_LOOP('',(#1569));
#330=EDGE_LOOP('',(#1570,#1571,#1572,#1573));
#331=EDGE_LOOP('',(#1574,#1575,#1576,#1577));
#332=EDGE_LOOP('',(#1578));
#333=EDGE_LOOP('',(#1579));
#334=EDGE_LOOP('',(#1580,#1581,#1582,#1583));
#335=EDGE_LOOP('',(#1584,#1585,#1586,#1587));
#336=EDGE_LOOP('',(#1588));
#337=EDGE_LOOP('',(#1589));
#338=EDGE_LOOP('',(#1590,#1591,#1592,#1593));
#339=EDGE_LOOP('',(#1594,#1595,#1596,#1597));
#340=EDGE_LOOP('',(#1598));
#341=EDGE_LOOP('',(#1599));
#342=EDGE_LOOP('',(#1600,#1601,#1602,#1603));
#343=EDGE_LOOP('',(#1604,#1605,#1606,#1607));
#344=EDGE_LOOP('',(#1608,#1609,#1610,#1611));
#345=EDGE_LOOP('',(#1612,#1613,#1614,#1615));
#346=EDGE_LOOP('',(#1616,#1617,#1618,#1619));
#347=EDGE_LOOP('',(#1620,#1621,#1622,#1623));
#348=EDGE_LOOP('',(#1624,#1625,#1626,#1627));
#349=EDGE_LOOP('',(#1628,#1629,#1630,#1631));
#350=EDGE_LOOP('',(#1632,#1633,#1634,#1635));
#351=EDGE_LOOP('',(#1636,#1637,#1638,#1639));
#352=EDGE_LOOP('',(#1640,#1641,#1642,#1643,#1644,#1645,#1646,#1647,#1648,
#1649,#1650,#1651,#1652,#1653));
#353=EDGE_LOOP('',(#1654,#1655,#1656,#1657));
#354=EDGE_LOOP('',(#1658));
#355=EDGE_LOOP('',(#1659,#1660,#1661,#1662));
#356=EDGE_LOOP('',(#1663));
#357=EDGE_LOOP('',(#1664,#1665,#1666,#1667));
#358=EDGE_LOOP('',(#1668));
#359=EDGE_LOOP('',(#1669,#1670,#1671,#1672));
#360=EDGE_LOOP('',(#1673));
#361=EDGE_LOOP('',(#1674,#1675,#1676,#1677,#1678,#1679,#1680,#1681));
#362=EDGE_LOOP('',(#1682,#1683,#1684,#1685,#1686,#1687,#1688,#1689));
#363=EDGE_LOOP('',(#1690,#1691,#1692,#1693,#1694,#1695));
#364=EDGE_LOOP('',(#1696,#1697,#1698,#1699));
#365=LINE('',#2619,#562);
#366=LINE('',#2621,#563);
#367=LINE('',#2623,#564);
#368=LINE('',#2624,#565);
#369=LINE('',#2629,#566);
#370=LINE('',#2634,#567);
#371=LINE('',#2635,#568);
#372=LINE('',#2636,#569);
#373=LINE('',#2641,#570);
#374=LINE('',#2645,#571);
#375=LINE('',#2647,#572);
#376=LINE('',#2648,#573);
#377=LINE('',#2653,#574);
#378=LINE('',#2658,#575);
#379=LINE('',#2659,#576);
#380=LINE('',#2660,#577);
#381=LINE('',#2665,#578);
#382=LINE('',#2669,#579);
#383=LINE('',#2671,#580);
#384=LINE('',#2672,#581);
#385=LINE('',#2677,#582);
#386=LINE('',#2682,#583);
#387=LINE('',#2683,#584);
#388=LINE('',#2684,#585);
#389=LINE('',#2689,#586);
#390=LINE('',#2694,#587);
#391=LINE('',#2695,#588);
#392=LINE('',#2696,#589);
#393=LINE('',#2701,#590);
#394=LINE('',#2706,#591);
#395=LINE('',#2707,#592);
#396=LINE('',#2708,#593);
#397=LINE('',#2713,#594);
#398=LINE('',#2717,#595);
#399=LINE('',#2719,#596);
#400=LINE('',#2720,#597);
#401=LINE('',#2725,#598);
#402=LINE('',#2730,#599);
#403=LINE('',#2731,#600);
#404=LINE('',#2732,#601);
#405=LINE('',#2737,#602);
#406=LINE('',#2741,#603);
#407=LINE('',#2743,#604);
#408=LINE('',#2744,#605);
#409=LINE('',#2749,#606);
#410=LINE('',#2754,#607);
#411=LINE('',#2755,#608);
#412=LINE('',#2756,#609);
#413=LINE('',#2761,#610);
#414=LINE('',#2766,#611);
#415=LINE('',#2767,#612);
#416=LINE('',#2768,#613);
#417=LINE('',#2771,#614);
#418=LINE('',#2773,#615);
#419=LINE('',#2775,#616);
#420=LINE('',#2777,#617);
#421=LINE('',#2779,#618);
#422=LINE('',#2781,#619);
#423=LINE('',#2783,#620);
#424=LINE('',#2785,#621);
#425=LINE('',#2787,#622);
#426=LINE('',#2789,#623);
#427=LINE('',#2791,#624);
#428=LINE('',#2793,#625);
#429=LINE('',#2795,#626);
#430=LINE('',#2797,#627);
#431=LINE('',#2798,#628);
#432=LINE('',#2801,#629);
#433=LINE('',#2803,#630);
#434=LINE('',#2805,#631);
#435=LINE('',#2807,#632);
#436=LINE('',#2809,#633);
#437=LINE('',#2810,#634);
#438=LINE('',#2813,#635);
#439=LINE('',#2815,#636);
#440=LINE('',#2816,#637);
#441=LINE('',#2820,#638);
#442=LINE('',#2822,#639);
#443=LINE('',#2824,#640);
#444=LINE('',#2825,#641);
#445=LINE('',#2828,#642);
#446=LINE('',#2830,#643);
#447=LINE('',#2831,#644);
#448=LINE('',#2833,#645);
#449=LINE('',#2834,#646);
#450=LINE('',#2836,#647);
#451=LINE('',#2839,#648);
#452=LINE('',#2841,#649);
#453=LINE('',#2842,#650);
#454=LINE('',#2845,#651);
#455=LINE('',#2847,#652);
#456=LINE('',#2849,#653);
#457=LINE('',#2850,#654);
#458=LINE('',#2854,#655);
#459=LINE('',#2856,#656);
#460=LINE('',#2858,#657);
#461=LINE('',#2859,#658);
#462=LINE('',#2864,#659);
#463=LINE('',#2868,#660);
#464=LINE('',#2870,#661);
#465=LINE('',#2871,#662);
#466=LINE('',#2876,#663);
#467=LINE('',#2880,#664);
#468=LINE('',#2882,#665);
#469=LINE('',#2883,#666);
#470=LINE('',#2891,#667);
#471=LINE('',#2895,#668);
#472=LINE('',#2897,#669);
#473=LINE('',#2898,#670);
#474=LINE('',#2903,#671);
#475=LINE('',#2907,#672);
#476=LINE('',#2909,#673);
#477=LINE('',#2910,#674);
#478=LINE('',#2915,#675);
#479=LINE('',#2920,#676);
#480=LINE('',#2921,#677);
#481=LINE('',#2922,#678);
#482=LINE('',#2927,#679);
#483=LINE('',#2931,#680);
#484=LINE('',#2933,#681);
#485=LINE('',#2934,#682);
#486=LINE('',#2939,#683);
#487=LINE('',#2943,#684);
#488=LINE('',#2945,#685);
#489=LINE('',#2946,#686);
#490=LINE('',#2951,#687);
#491=LINE('',#2955,#688);
#492=LINE('',#2957,#689);
#493=LINE('',#2958,#690);
#494=LINE('',#2963,#691);
#495=LINE('',#2967,#692);
#496=LINE('',#2969,#693);
#497=LINE('',#2970,#694);
#498=LINE('',#2975,#695);
#499=LINE('',#2979,#696);
#500=LINE('',#2981,#697);
#501=LINE('',#2982,#698);
#502=LINE('',#2987,#699);
#503=LINE('',#2988,#700);
#504=LINE('',#2990,#701);
#505=LINE('',#2992,#702);
#506=LINE('',#2994,#703);
#507=LINE('',#2997,#704);
#508=LINE('',#2999,#705);
#509=LINE('',#3001,#706);
#510=LINE('',#3003,#707);
#511=LINE('',#3005,#708);
#512=LINE('',#3007,#709);
#513=LINE('',#3009,#710);
#514=LINE('',#3019,#711);
#515=LINE('',#3021,#712);
#516=LINE('',#3022,#713);
#517=LINE('',#3024,#714);
#518=LINE('',#3027,#715);
#519=LINE('',#3029,#716);
#520=LINE('',#3030,#717);
#521=LINE('',#3032,#718);
#522=LINE('',#3034,#719);
#523=LINE('',#3035,#720);
#524=LINE('',#3037,#721);
#525=LINE('',#3046,#722);
#526=LINE('',#3049,#723);
#527=LINE('',#3057,#724);
#528=LINE('',#3060,#725);
#529=LINE('',#3068,#726);
#530=LINE('',#3071,#727);
#531=LINE('',#3079,#728);
#532=LINE('',#3082,#729);
#533=LINE('',#3087,#730);
#534=LINE('',#3088,#731);
#535=LINE('',#3089,#732);
#536=LINE('',#3092,#733);
#537=LINE('',#3093,#734);
#538=LINE('',#3096,#735);
#539=LINE('',#3097,#736);
#540=LINE('',#3100,#737);
#541=LINE('',#3101,#738);
#542=LINE('',#3105,#739);
#543=LINE('',#3106,#740);
#544=LINE('',#3107,#741);
#545=LINE('',#3110,#742);
#546=LINE('',#3111,#743);
#547=LINE('',#3115,#744);
#548=LINE('',#3116,#745);
#549=LINE('',#3117,#746);
#550=LINE('',#3119,#747);
#551=LINE('',#3121,#748);
#552=LINE('',#3123,#749);
#553=LINE('',#3125,#750);
#554=LINE('',#3126,#751);
#555=LINE('',#3129,#752);
#556=LINE('',#3130,#753);
#557=LINE('',#3132,#754);
#558=LINE('',#3135,#755);
#559=LINE('',#3138,#756);
#560=LINE('',#3139,#757);
#561=LINE('',#3141,#758);
#562=VECTOR('',#2074,10.);
#563=VECTOR('',#2075,10.);
#564=VECTOR('',#2076,10.);
#565=VECTOR('',#2077,10.);
#566=VECTOR('',#2082,10.);
#567=VECTOR('',#2087,10.);
#568=VECTOR('',#2088,10.);
#569=VECTOR('',#2089,10.);
#570=VECTOR('',#2094,10.);
#571=VECTOR('',#2099,10.);
#572=VECTOR('',#2100,10.);
#573=VECTOR('',#2101,10.);
#574=VECTOR('',#2106,10.);
#575=VECTOR('',#2111,10.);
#576=VECTOR('',#2112,10.);
#577=VECTOR('',#2113,10.);
#578=VECTOR('',#2118,10.);
#579=VECTOR('',#2123,10.);
#580=VECTOR('',#2124,10.);
#581=VECTOR('',#2125,10.);
#582=VECTOR('',#2130,10.);
#583=VECTOR('',#2135,10.);
#584=VECTOR('',#2136,10.);
#585=VECTOR('',#2137,10.);
#586=VECTOR('',#2142,10.);
#587=VECTOR('',#2147,10.);
#588=VECTOR('',#2148,10.);
#589=VECTOR('',#2149,10.);
#590=VECTOR('',#2154,10.);
#591=VECTOR('',#2159,10.);
#592=VECTOR('',#2160,10.);
#593=VECTOR('',#2161,10.);
#594=VECTOR('',#2166,10.);
#595=VECTOR('',#2171,10.);
#596=VECTOR('',#2172,10.);
#597=VECTOR('',#2173,10.);
#598=VECTOR('',#2178,10.);
#599=VECTOR('',#2183,10.);
#600=VECTOR('',#2184,10.);
#601=VECTOR('',#2185,10.);
#602=VECTOR('',#2190,10.);
#603=VECTOR('',#2195,10.);
#604=VECTOR('',#2196,10.);
#605=VECTOR('',#2197,10.);
#606=VECTOR('',#2202,10.);
#607=VECTOR('',#2207,10.);
#608=VECTOR('',#2208,10.);
#609=VECTOR('',#2209,10.);
#610=VECTOR('',#2214,10.);
#611=VECTOR('',#2219,10.);
#612=VECTOR('',#2220,10.);
#613=VECTOR('',#2221,10.);
#614=VECTOR('',#2224,10.);
#615=VECTOR('',#2225,10.);
#616=VECTOR('',#2226,10.);
#617=VECTOR('',#2227,10.);
#618=VECTOR('',#2228,10.);
#619=VECTOR('',#2229,10.);
#620=VECTOR('',#2230,10.);
#621=VECTOR('',#2231,10.);
#622=VECTOR('',#2232,10.);
#623=VECTOR('',#2233,10.);
#624=VECTOR('',#2234,10.);
#625=VECTOR('',#2235,10.);
#626=VECTOR('',#2236,10.);
#627=VECTOR('',#2237,10.);
#628=VECTOR('',#2238,10.);
#629=VECTOR('',#2241,10.);
#630=VECTOR('',#2242,10.);
#631=VECTOR('',#2243,10.);
#632=VECTOR('',#2244,10.);
#633=VECTOR('',#2245,10.);
#634=VECTOR('',#2246,10.);
#635=VECTOR('',#2249,10.);
#636=VECTOR('',#2250,10.);
#637=VECTOR('',#2251,10.);
#638=VECTOR('',#2254,10.);
#639=VECTOR('',#2255,10.);
#640=VECTOR('',#2256,10.);
#641=VECTOR('',#2257,10.);
#642=VECTOR('',#2260,10.);
#643=VECTOR('',#2261,10.);
#644=VECTOR('',#2262,10.);
#645=VECTOR('',#2265,10.);
#646=VECTOR('',#2266,10.);
#647=VECTOR('',#2269,10.);
#648=VECTOR('',#2272,10.);
#649=VECTOR('',#2273,10.);
#650=VECTOR('',#2274,10.);
#651=VECTOR('',#2277,10.);
#652=VECTOR('',#2278,10.);
#653=VECTOR('',#2279,10.);
#654=VECTOR('',#2280,10.);
#655=VECTOR('',#2283,10.);
#656=VECTOR('',#2284,10.);
#657=VECTOR('',#2285,10.);
#658=VECTOR('',#2286,10.);
#659=VECTOR('',#2291,10.);
#660=VECTOR('',#2296,10.);
#661=VECTOR('',#2297,10.);
#662=VECTOR('',#2298,10.);
#663=VECTOR('',#2303,10.);
#664=VECTOR('',#2308,10.);
#665=VECTOR('',#2309,10.);
#666=VECTOR('',#2310,10.);
#667=VECTOR('',#2321,10.);
#668=VECTOR('',#2326,10.);
#669=VECTOR('',#2327,10.);
#670=VECTOR('',#2328,10.);
#671=VECTOR('',#2333,10.);
#672=VECTOR('',#2338,10.);
#673=VECTOR('',#2339,10.);
#674=VECTOR('',#2340,10.);
#675=VECTOR('',#2345,10.);
#676=VECTOR('',#2350,10.);
#677=VECTOR('',#2351,10.);
#678=VECTOR('',#2352,10.);
#679=VECTOR('',#2357,10.);
#680=VECTOR('',#2362,10.);
#681=VECTOR('',#2363,10.);
#682=VECTOR('',#2364,10.);
#683=VECTOR('',#2369,10.);
#684=VECTOR('',#2374,10.);
#685=VECTOR('',#2375,10.);
#686=VECTOR('',#2376,10.);
#687=VECTOR('',#2381,10.);
#688=VECTOR('',#2386,10.);
#689=VECTOR('',#2387,10.);
#690=VECTOR('',#2388,10.);
#691=VECTOR('',#2393,10.);
#692=VECTOR('',#2398,10.);
#693=VECTOR('',#2399,10.);
#694=VECTOR('',#2400,10.);
#695=VECTOR('',#2405,10.);
#696=VECTOR('',#2410,10.);
#697=VECTOR('',#2411,10.);
#698=VECTOR('',#2412,10.);
#699=VECTOR('',#2421,10.);
#700=VECTOR('',#2422,10.);
#701=VECTOR('',#2425,10.);
#702=VECTOR('',#2428,10.);
#703=VECTOR('',#2431,10.);
#704=VECTOR('',#2436,10.);
#705=VECTOR('',#2439,10.);
#706=VECTOR('',#2442,10.);
#707=VECTOR('',#2445,10.);
#708=VECTOR('',#2448,10.);
#709=VECTOR('',#2451,10.);
#710=VECTOR('',#2454,10.);
#711=VECTOR('',#2465,10.);
#712=VECTOR('',#2468,10.);
#713=VECTOR('',#2469,10.);
#714=VECTOR('',#2472,10.);
#715=VECTOR('',#2477,10.);
#716=VECTOR('',#2480,10.);
#717=VECTOR('',#2481,10.);
#718=VECTOR('',#2484,10.);
#719=VECTOR('',#2487,10.);
#720=VECTOR('',#2488,10.);
#721=VECTOR('',#2491,10.);
#722=VECTOR('',#2504,3.25);
#723=VECTOR('',#2507,1.7);
#724=VECTOR('',#2518,3.25);
#725=VECTOR('',#2521,1.7);
#726=VECTOR('',#2532,3.25);
#727=VECTOR('',#2535,1.7);
#728=VECTOR('',#2546,3.25);
#729=VECTOR('',#2549,1.7);
#730=VECTOR('',#2554,10.);
#731=VECTOR('',#2555,10.);
#732=VECTOR('',#2556,10.);
#733=VECTOR('',#2559,10.);
#734=VECTOR('',#2560,10.);
#735=VECTOR('',#2563,10.);
#736=VECTOR('',#2564,10.);
#737=VECTOR('',#2567,10.);
#738=VECTOR('',#2568,10.);
#739=VECTOR('',#2571,10.);
#740=VECTOR('',#2572,10.);
#741=VECTOR('',#2573,10.);
#742=VECTOR('',#2576,10.);
#743=VECTOR('',#2577,10.);
#744=VECTOR('',#2580,10.);
#745=VECTOR('',#2581,10.);
#746=VECTOR('',#2582,10.);
#747=VECTOR('',#2585,10.);
#748=VECTOR('',#2588,10.);
#749=VECTOR('',#2589,10.);
#750=VECTOR('',#2590,10.);
#751=VECTOR('',#2591,10.);
#752=VECTOR('',#2594,10.);
#753=VECTOR('',#2595,10.);
#754=VECTOR('',#2598,10.);
#755=VECTOR('',#2603,10.);
#756=VECTOR('',#2606,10.);
#757=VECTOR('',#2607,10.);
#758=VECTOR('',#2610,10.);
#759=VERTEX_POINT('',#2617);
#760=VERTEX_POINT('',#2618);
#761=VERTEX_POINT('',#2620);
#762=VERTEX_POINT('',#2622);
#763=VERTEX_POINT('',#2626);
#764=VERTEX_POINT('',#2628);
#765=VERTEX_POINT('',#2632);
#766=VERTEX_POINT('',#2633);
#767=VERTEX_POINT('',#2638);
#768=VERTEX_POINT('',#2640);
#769=VERTEX_POINT('',#2644);
#770=VERTEX_POINT('',#2646);
#771=VERTEX_POINT('',#2650);
#772=VERTEX_POINT('',#2652);
#773=VERTEX_POINT('',#2656);
#774=VERTEX_POINT('',#2657);
#775=VERTEX_POINT('',#2662);
#776=VERTEX_POINT('',#2664);
#777=VERTEX_POINT('',#2668);
#778=VERTEX_POINT('',#2670);
#779=VERTEX_POINT('',#2674);
#780=VERTEX_POINT('',#2676);
#781=VERTEX_POINT('',#2680);
#782=VERTEX_POINT('',#2681);
#783=VERTEX_POINT('',#2686);
#784=VERTEX_POINT('',#2688);
#785=VERTEX_POINT('',#2692);
#786=VERTEX_POINT('',#2693);
#787=VERTEX_POINT('',#2698);
#788=VERTEX_POINT('',#2700);
#789=VERTEX_POINT('',#2704);
#790=VERTEX_POINT('',#2705);
#791=VERTEX_POINT('',#2710);
#792=VERTEX_POINT('',#2712);
#793=VERTEX_POINT('',#2716);
#794=VERTEX_POINT('',#2718);
#795=VERTEX_POINT('',#2722);
#796=VERTEX_POINT('',#2724);
#797=VERTEX_POINT('',#2728);
#798=VERTEX_POINT('',#2729);
#799=VERTEX_POINT('',#2734);
#800=VERTEX_POINT('',#2736);
#801=VERTEX_POINT('',#2740);
#802=VERTEX_POINT('',#2742);
#803=VERTEX_POINT('',#2746);
#804=VERTEX_POINT('',#2748);
#805=VERTEX_POINT('',#2752);
#806=VERTEX_POINT('',#2753);
#807=VERTEX_POINT('',#2758);
#808=VERTEX_POINT('',#2760);
#809=VERTEX_POINT('',#2764);
#810=VERTEX_POINT('',#2765);
#811=VERTEX_POINT('',#2770);
#812=VERTEX_POINT('',#2772);
#813=VERTEX_POINT('',#2774);
#814=VERTEX_POINT('',#2776);
#815=VERTEX_POINT('',#2778);
#816=VERTEX_POINT('',#2780);
#817=VERTEX_POINT('',#2782);
#818=VERTEX_POINT('',#2784);
#819=VERTEX_POINT('',#2786);
#820=VERTEX_POINT('',#2788);
#821=VERTEX_POINT('',#2790);
#822=VERTEX_POINT('',#2792);
#823=VERTEX_POINT('',#2794);
#824=VERTEX_POINT('',#2796);
#825=VERTEX_POINT('',#2800);
#826=VERTEX_POINT('',#2802);
#827=VERTEX_POINT('',#2804);
#828=VERTEX_POINT('',#2806);
#829=VERTEX_POINT('',#2808);
#830=VERTEX_POINT('',#2812);
#831=VERTEX_POINT('',#2814);
#832=VERTEX_POINT('',#2818);
#833=VERTEX_POINT('',#2819);
#834=VERTEX_POINT('',#2821);
#835=VERTEX_POINT('',#2823);
#836=VERTEX_POINT('',#2827);
#837=VERTEX_POINT('',#2829);
#838=VERTEX_POINT('',#2838);
#839=VERTEX_POINT('',#2840);
#840=VERTEX_POINT('',#2844);
#841=VERTEX_POINT('',#2846);
#842=VERTEX_POINT('',#2848);
#843=VERTEX_POINT('',#2852);
#844=VERTEX_POINT('',#2853);
#845=VERTEX_POINT('',#2855);
#846=VERTEX_POINT('',#2857);
#847=VERTEX_POINT('',#2861);
#848=VERTEX_POINT('',#2863);
#849=VERTEX_POINT('',#2867);
#850=VERTEX_POINT('',#2869);
#851=VERTEX_POINT('',#2873);
#852=VERTEX_POINT('',#2875);
#853=VERTEX_POINT('',#2879);
#854=VERTEX_POINT('',#2881);
#855=VERTEX_POINT('',#2888);
#856=VERTEX_POINT('',#2890);
#857=VERTEX_POINT('',#2894);
#858=VERTEX_POINT('',#2896);
#859=VERTEX_POINT('',#2900);
#860=VERTEX_POINT('',#2902);
#861=VERTEX_POINT('',#2906);
#862=VERTEX_POINT('',#2908);
#863=VERTEX_POINT('',#2912);
#864=VERTEX_POINT('',#2914);
#865=VERTEX_POINT('',#2918);
#866=VERTEX_POINT('',#2919);
#867=VERTEX_POINT('',#2924);
#868=VERTEX_POINT('',#2926);
#869=VERTEX_POINT('',#2930);
#870=VERTEX_POINT('',#2932);
#871=VERTEX_POINT('',#2936);
#872=VERTEX_POINT('',#2938);
#873=VERTEX_POINT('',#2942);
#874=VERTEX_POINT('',#2944);
#875=VERTEX_POINT('',#2948);
#876=VERTEX_POINT('',#2950);
#877=VERTEX_POINT('',#2954);
#878=VERTEX_POINT('',#2956);
#879=VERTEX_POINT('',#2960);
#880=VERTEX_POINT('',#2962);
#881=VERTEX_POINT('',#2966);
#882=VERTEX_POINT('',#2968);
#883=VERTEX_POINT('',#2972);
#884=VERTEX_POINT('',#2974);
#885=VERTEX_POINT('',#2978);
#886=VERTEX_POINT('',#2980);
#887=VERTEX_POINT('',#3010);
#888=VERTEX_POINT('',#3012);
#889=VERTEX_POINT('',#3014);
#890=VERTEX_POINT('',#3016);
#891=VERTEX_POINT('',#3041);
#892=VERTEX_POINT('',#3043);
#893=VERTEX_POINT('',#3048);
#894=VERTEX_POINT('',#3052);
#895=VERTEX_POINT('',#3054);
#896=VERTEX_POINT('',#3059);
#897=VERTEX_POINT('',#3063);
#898=VERTEX_POINT('',#3065);
#899=VERTEX_POINT('',#3070);
#900=VERTEX_POINT('',#3074);
#901=VERTEX_POINT('',#3076);
#902=VERTEX_POINT('',#3081);
#903=VERTEX_POINT('',#3085);
#904=VERTEX_POINT('',#3086);
#905=VERTEX_POINT('',#3091);
#906=VERTEX_POINT('',#3095);
#907=VERTEX_POINT('',#3099);
#908=VERTEX_POINT('',#3103);
#909=VERTEX_POINT('',#3104);
#910=VERTEX_POINT('',#3109);
#911=VERTEX_POINT('',#3113);
#912=VERTEX_POINT('',#3114);
#913=VERTEX_POINT('',#3122);
#914=VERTEX_POINT('',#3124);
#915=VERTEX_POINT('',#3128);
#916=VERTEX_POINT('',#3137);
#917=EDGE_CURVE('',#759,#760,#365,.T.);
#918=EDGE_CURVE('',#760,#761,#366,.T.);
#919=EDGE_CURVE('',#761,#762,#367,.T.);
#920=EDGE_CURVE('',#762,#759,#368,.T.);
#921=EDGE_CURVE('',#761,#763,#47,.T.);
#922=EDGE_CURVE('',#763,#764,#369,.T.);
#923=EDGE_CURVE('',#764,#762,#48,.T.);
#924=EDGE_CURVE('',#765,#766,#370,.T.);
#925=EDGE_CURVE('',#766,#764,#371,.T.);
#926=EDGE_CURVE('',#763,#765,#372,.T.);
#927=EDGE_CURVE('',#765,#767,#49,.T.);
#928=EDGE_CURVE('',#767,#768,#373,.T.);
#929=EDGE_CURVE('',#768,#766,#50,.T.);
#930=EDGE_CURVE('',#767,#769,#374,.T.);
#931=EDGE_CURVE('',#769,#770,#375,.T.);
#932=EDGE_CURVE('',#770,#768,#376,.T.);
#933=EDGE_CURVE('',#769,#771,#51,.T.);
#934=EDGE_CURVE('',#771,#772,#377,.T.);
#935=EDGE_CURVE('',#772,#770,#52,.T.);
#936=EDGE_CURVE('',#773,#774,#378,.T.);
#937=EDGE_CURVE('',#774,#772,#379,.T.);
#938=EDGE_CURVE('',#771,#773,#380,.T.);
#939=EDGE_CURVE('',#773,#775,#53,.T.);
#940=EDGE_CURVE('',#775,#776,#381,.T.);
#941=EDGE_CURVE('',#776,#774,#54,.T.);
#942=EDGE_CURVE('',#775,#777,#382,.T.);
#943=EDGE_CURVE('',#777,#778,#383,.T.);
#944=EDGE_CURVE('',#778,#776,#384,.T.);
#945=EDGE_CURVE('',#777,#779,#55,.T.);
#946=EDGE_CURVE('',#779,#780,#385,.T.);
#947=EDGE_CURVE('',#780,#778,#56,.T.);
#948=EDGE_CURVE('',#781,#782,#386,.T.);
#949=EDGE_CURVE('',#782,#780,#387,.T.);
#950=EDGE_CURVE('',#779,#781,#388,.T.);
#951=EDGE_CURVE('',#781,#783,#57,.T.);
#952=EDGE_CURVE('',#783,#784,#389,.T.);
#953=EDGE_CURVE('',#784,#782,#58,.T.);
#954=EDGE_CURVE('',#785,#786,#390,.T.);
#955=EDGE_CURVE('',#786,#784,#391,.T.);
#956=EDGE_CURVE('',#783,#785,#392,.T.);
#957=EDGE_CURVE('',#785,#787,#59,.T.);
#958=EDGE_CURVE('',#787,#788,#393,.T.);
#959=EDGE_CURVE('',#788,#786,#60,.T.);
#960=EDGE_CURVE('',#789,#790,#394,.T.);
#961=EDGE_CURVE('',#790,#788,#395,.T.);
#962=EDGE_CURVE('',#787,#789,#396,.T.);
#963=EDGE_CURVE('',#789,#791,#61,.T.);
#964=EDGE_CURVE('',#791,#792,#397,.T.);
#965=EDGE_CURVE('',#792,#790,#62,.T.);
#966=EDGE_CURVE('',#791,#793,#398,.T.);
#967=EDGE_CURVE('',#793,#794,#399,.T.);
#968=EDGE_CURVE('',#794,#792,#400,.T.);
#969=EDGE_CURVE('',#793,#795,#63,.T.);
#970=EDGE_CURVE('',#795,#796,#401,.T.);
#971=EDGE_CURVE('',#796,#794,#64,.T.);
#972=EDGE_CURVE('',#797,#798,#402,.T.);
#973=EDGE_CURVE('',#798,#796,#403,.T.);
#974=EDGE_CURVE('',#795,#797,#404,.T.);
#975=EDGE_CURVE('',#797,#799,#65,.T.);
#976=EDGE_CURVE('',#799,#800,#405,.T.);
#977=EDGE_CURVE('',#800,#798,#66,.T.);
#978=EDGE_CURVE('',#799,#801,#406,.T.);
#979=EDGE_CURVE('',#801,#802,#407,.T.);
#980=EDGE_CURVE('',#802,#800,#408,.T.);
#981=EDGE_CURVE('',#801,#803,#67,.T.);
#982=EDGE_CURVE('',#803,#804,#409,.T.);
#983=EDGE_CURVE('',#804,#802,#68,.T.);
#984=EDGE_CURVE('',#805,#806,#410,.T.);
#985=EDGE_CURVE('',#806,#804,#411,.T.);
#986=EDGE_CURVE('',#803,#805,#412,.T.);
#987=EDGE_CURVE('',#805,#807,#69,.T.);
#988=EDGE_CURVE('',#807,#808,#413,.T.);
#989=EDGE_CURVE('',#808,#806,#70,.T.);
#990=EDGE_CURVE('',#809,#810,#414,.T.);
#991=EDGE_CURVE('',#810,#808,#415,.T.);
#992=EDGE_CURVE('',#807,#809,#416,.T.);
#993=EDGE_CURVE('',#810,#811,#417,.T.);
#994=EDGE_CURVE('',#811,#812,#418,.T.);
#995=EDGE_CURVE('',#812,#813,#419,.T.);
#996=EDGE_CURVE('',#813,#814,#420,.T.);
#997=EDGE_CURVE('',#814,#815,#421,.T.);
#998=EDGE_CURVE('',#815,#816,#422,.T.);
#999=EDGE_CURVE('',#816,#817,#423,.T.);
#1000=EDGE_CURVE('',#817,#818,#424,.T.);
#1001=EDGE_CURVE('',#818,#819,#425,.T.);
#1002=EDGE_CURVE('',#819,#820,#426,.T.);
#1003=EDGE_CURVE('',#820,#821,#427,.T.);
#1004=EDGE_CURVE('',#821,#822,#428,.T.);
#1005=EDGE_CURVE('',#822,#823,#429,.T.);
#1006=EDGE_CURVE('',#823,#824,#430,.T.);
#1007=EDGE_CURVE('',#824,#759,#431,.T.);
#1008=EDGE_CURVE('',#825,#809,#432,.T.);
#1009=EDGE_CURVE('',#826,#825,#433,.T.);
#1010=EDGE_CURVE('',#827,#826,#434,.F.);
#1011=EDGE_CURVE('',#827,#828,#435,.T.);
#1012=EDGE_CURVE('',#829,#828,#436,.T.);
#1013=EDGE_CURVE('',#811,#829,#437,.T.);
#1014=EDGE_CURVE('',#830,#828,#438,.F.);
#1015=EDGE_CURVE('',#831,#827,#439,.T.);
#1016=EDGE_CURVE('',#830,#831,#440,.T.);
#1017=EDGE_CURVE('',#832,#833,#441,.T.);
#1018=EDGE_CURVE('',#833,#834,#442,.T.);
#1019=EDGE_CURVE('',#835,#834,#443,.T.);
#1020=EDGE_CURVE('',#835,#832,#444,.T.);
#1021=EDGE_CURVE('',#825,#836,#445,.T.);
#1022=EDGE_CURVE('',#836,#837,#446,.T.);
#1023=EDGE_CURVE('',#837,#826,#447,.T.);
#1024=EDGE_CURVE('',#760,#832,#448,.T.);
#1025=EDGE_CURVE('',#761,#835,#449,.T.);
#1026=EDGE_CURVE('',#836,#807,#450,.T.);
#1027=EDGE_CURVE('',#838,#824,#451,.F.);
#1028=EDGE_CURVE('',#839,#823,#452,.T.);
#1029=EDGE_CURVE('',#839,#838,#453,.T.);
#1030=EDGE_CURVE('',#829,#840,#454,.T.);
#1031=EDGE_CURVE('',#841,#840,#455,.T.);
#1032=EDGE_CURVE('',#841,#842,#456,.T.);
#1033=EDGE_CURVE('',#842,#812,#457,.F.);
#1034=EDGE_CURVE('',#843,#844,#458,.T.);
#1035=EDGE_CURVE('',#844,#845,#459,.T.);
#1036=EDGE_CURVE('',#845,#846,#460,.T.);
#1037=EDGE_CURVE('',#846,#843,#461,.T.);
#1038=EDGE_CURVE('',#843,#847,#71,.T.);
#1039=EDGE_CURVE('',#847,#848,#462,.T.);
#1040=EDGE_CURVE('',#848,#844,#72,.T.);
#1041=EDGE_CURVE('',#847,#849,#463,.T.);
#1042=EDGE_CURVE('',#849,#850,#464,.T.);
#1043=EDGE_CURVE('',#850,#848,#465,.T.);
#1044=EDGE_CURVE('',#849,#851,#73,.T.);
#1045=EDGE_CURVE('',#851,#852,#466,.T.);
#1046=EDGE_CURVE('',#852,#850,#74,.T.);
#1047=EDGE_CURVE('',#851,#853,#467,.T.);
#1048=EDGE_CURVE('',#853,#854,#468,.T.);
#1049=EDGE_CURVE('',#854,#852,#469,.T.);
#1050=EDGE_CURVE('',#853,#835,#75,.T.);
#1051=EDGE_CURVE('',#834,#854,#76,.T.);
#1052=EDGE_CURVE('',#836,#855,#77,.T.);
#1053=EDGE_CURVE('',#855,#856,#470,.T.);
#1054=EDGE_CURVE('',#856,#837,#78,.T.);
#1055=EDGE_CURVE('',#855,#857,#471,.T.);
#1056=EDGE_CURVE('',#857,#858,#472,.T.);
#1057=EDGE_CURVE('',#858,#856,#473,.T.);
#1058=EDGE_CURVE('',#857,#859,#79,.T.);
#1059=EDGE_CURVE('',#859,#860,#474,.T.);
#1060=EDGE_CURVE('',#860,#858,#80,.T.);
#1061=EDGE_CURVE('',#859,#861,#475,.T.);
#1062=EDGE_CURVE('',#861,#862,#476,.T.);
#1063=EDGE_CURVE('',#862,#860,#477,.T.);
#1064=EDGE_CURVE('',#861,#863,#81,.T.);
#1065=EDGE_CURVE('',#863,#864,#478,.T.);
#1066=EDGE_CURVE('',#864,#862,#82,.T.);
#1067=EDGE_CURVE('',#865,#866,#479,.T.);
#1068=EDGE_CURVE('',#866,#864,#480,.T.);
#1069=EDGE_CURVE('',#863,#865,#481,.T.);
#1070=EDGE_CURVE('',#865,#867,#83,.T.);
#1071=EDGE_CURVE('',#867,#868,#482,.T.);
#1072=EDGE_CURVE('',#868,#866,#84,.T.);
#1073=EDGE_CURVE('',#867,#869,#483,.T.);
#1074=EDGE_CURVE('',#869,#870,#484,.T.);
#1075=EDGE_CURVE('',#870,#868,#485,.T.);
#1076=EDGE_CURVE('',#869,#871,#85,.T.);
#1077=EDGE_CURVE('',#871,#872,#486,.T.);
#1078=EDGE_CURVE('',#872,#870,#86,.T.);
#1079=EDGE_CURVE('',#871,#873,#487,.T.);
#1080=EDGE_CURVE('',#873,#874,#488,.T.);
#1081=EDGE_CURVE('',#874,#872,#489,.T.);
#1082=EDGE_CURVE('',#873,#875,#87,.T.);
#1083=EDGE_CURVE('',#875,#876,#490,.T.);
#1084=EDGE_CURVE('',#876,#874,#88,.T.);
#1085=EDGE_CURVE('',#875,#877,#491,.T.);
#1086=EDGE_CURVE('',#877,#878,#492,.T.);
#1087=EDGE_CURVE('',#878,#876,#493,.T.);
#1088=EDGE_CURVE('',#877,#879,#89,.T.);
#1089=EDGE_CURVE('',#879,#880,#494,.T.);
#1090=EDGE_CURVE('',#880,#878,#90,.T.);
#1091=EDGE_CURVE('',#879,#881,#495,.T.);
#1092=EDGE_CURVE('',#881,#882,#496,.T.);
#1093=EDGE_CURVE('',#882,#880,#497,.T.);
#1094=EDGE_CURVE('',#881,#883,#91,.T.);
#1095=EDGE_CURVE('',#883,#884,#498,.T.);
#1096=EDGE_CURVE('',#884,#882,#92,.T.);
#1097=EDGE_CURVE('',#883,#885,#499,.T.);
#1098=EDGE_CURVE('',#885,#886,#500,.T.);
#1099=EDGE_CURVE('',#886,#884,#501,.T.);
#1100=EDGE_CURVE('',#885,#846,#93,.T.);
#1101=EDGE_CURVE('',#845,#886,#94,.T.);
#1102=EDGE_CURVE('',#797,#863,#502,.T.);
#1103=EDGE_CURVE('',#861,#799,#503,.T.);
#1104=EDGE_CURVE('',#801,#859,#504,.T.);
#1105=EDGE_CURVE('',#857,#803,#505,.T.);
#1106=EDGE_CURVE('',#805,#855,#506,.T.);
#1107=EDGE_CURVE('',#853,#763,#507,.T.);
#1108=EDGE_CURVE('',#765,#851,#508,.T.);
#1109=EDGE_CURVE('',#849,#767,#509,.T.);
#1110=EDGE_CURVE('',#769,#847,#510,.T.);
#1111=EDGE_CURVE('',#843,#771,#511,.T.);
#1112=EDGE_CURVE('',#773,#846,#512,.T.);
#1113=EDGE_CURVE('',#833,#831,#513,.F.);
#1114=EDGE_CURVE('',#887,#887,#95,.T.);
#1115=EDGE_CURVE('',#888,#888,#96,.T.);
#1116=EDGE_CURVE('',#889,#889,#97,.T.);
#1117=EDGE_CURVE('',#890,#890,#98,.T.);
#1118=EDGE_CURVE('',#865,#795,#514,.T.);
#1119=EDGE_CURVE('',#789,#871,#515,.T.);
#1120=EDGE_CURVE('',#869,#791,#516,.T.);
#1121=EDGE_CURVE('',#793,#867,#517,.T.);
#1122=EDGE_CURVE('',#885,#775,#518,.T.);
#1123=EDGE_CURVE('',#777,#883,#519,.T.);
#1124=EDGE_CURVE('',#881,#779,#520,.T.);
#1125=EDGE_CURVE('',#781,#879,#521,.T.);
#1126=EDGE_CURVE('',#785,#875,#522,.T.);
#1127=EDGE_CURVE('',#873,#787,#523,.T.);
#1128=EDGE_CURVE('',#877,#783,#524,.T.);
#1129=EDGE_CURVE('',#891,#891,#99,.T.);
#1130=EDGE_CURVE('',#892,#892,#100,.T.);
#1131=EDGE_CURVE('',#890,#891,#525,.T.);
#1132=EDGE_CURVE('',#892,#893,#526,.T.);
#1133=EDGE_CURVE('',#893,#893,#101,.F.);
#1134=EDGE_CURVE('',#894,#894,#102,.T.);
#1135=EDGE_CURVE('',#895,#895,#103,.T.);
#1136=EDGE_CURVE('',#889,#894,#527,.T.);
#1137=EDGE_CURVE('',#895,#896,#528,.T.);
#1138=EDGE_CURVE('',#896,#896,#104,.F.);
#1139=EDGE_CURVE('',#897,#897,#105,.T.);
#1140=EDGE_CURVE('',#898,#898,#106,.T.);
#1141=EDGE_CURVE('',#888,#897,#529,.T.);
#1142=EDGE_CURVE('',#898,#899,#530,.T.);
#1143=EDGE_CURVE('',#899,#899,#107,.F.);
#1144=EDGE_CURVE('',#900,#900,#108,.T.);
#1145=EDGE_CURVE('',#901,#901,#109,.T.);
#1146=EDGE_CURVE('',#887,#900,#531,.T.);
#1147=EDGE_CURVE('',#901,#902,#532,.T.);
#1148=EDGE_CURVE('',#902,#902,#110,.F.);
#1149=EDGE_CURVE('',#903,#904,#533,.F.);
#1150=EDGE_CURVE('',#820,#904,#534,.T.);
#1151=EDGE_CURVE('',#903,#819,#535,.T.);
#1152=EDGE_CURVE('',#905,#903,#536,.F.);
#1153=EDGE_CURVE('',#905,#818,#537,.F.);
#1154=EDGE_CURVE('',#906,#822,#538,.T.);
#1155=EDGE_CURVE('',#906,#839,#539,.T.);
#1156=EDGE_CURVE('',#907,#821,#540,.T.);
#1157=EDGE_CURVE('',#907,#906,#541,.T.);
#1158=EDGE_CURVE('',#908,#909,#542,.F.);
#1159=EDGE_CURVE('',#909,#816,#543,.T.);
#1160=EDGE_CURVE('',#908,#815,#544,.T.);
#1161=EDGE_CURVE('',#909,#910,#545,.F.);
#1162=EDGE_CURVE('',#910,#817,#546,.F.);
#1163=EDGE_CURVE('',#911,#912,#547,.F.);
#1164=EDGE_CURVE('',#814,#912,#548,.F.);
#1165=EDGE_CURVE('',#911,#813,#549,.F.);
#1166=EDGE_CURVE('',#842,#911,#550,.T.);
#1167=EDGE_CURVE('',#907,#838,#551,.T.);
#1168=EDGE_CURVE('',#913,#904,#552,.T.);
#1169=EDGE_CURVE('',#914,#913,#553,.T.);
#1170=EDGE_CURVE('',#914,#830,#554,.T.);
#1171=EDGE_CURVE('',#910,#915,#555,.F.);
#1172=EDGE_CURVE('',#908,#915,#556,.T.);
#1173=EDGE_CURVE('',#841,#912,#557,.F.);
#1174=EDGE_CURVE('',#913,#905,#558,.T.);
#1175=EDGE_CURVE('',#840,#916,#559,.F.);
#1176=EDGE_CURVE('',#916,#915,#560,.F.);
#1177=EDGE_CURVE('',#916,#914,#561,.F.);
#1178=ORIENTED_EDGE('',*,*,#917,.T.);
#1179=ORIENTED_EDGE('',*,*,#918,.T.);
#1180=ORIENTED_EDGE('',*,*,#919,.T.);
#1181=ORIENTED_EDGE('',*,*,#920,.T.);
#1182=ORIENTED_EDGE('',*,*,#919,.F.);
#1183=ORIENTED_EDGE('',*,*,#921,.T.);
#1184=ORIENTED_EDGE('',*,*,#922,.T.);
#1185=ORIENTED_EDGE('',*,*,#923,.T.);
#1186=ORIENTED_EDGE('',*,*,#924,.T.);
#1187=ORIENTED_EDGE('',*,*,#925,.T.);
#1188=ORIENTED_EDGE('',*,*,#922,.F.);
#1189=ORIENTED_EDGE('',*,*,#926,.T.);
#1190=ORIENTED_EDGE('',*,*,#924,.F.);
#1191=ORIENTED_EDGE('',*,*,#927,.T.);
#1192=ORIENTED_EDGE('',*,*,#928,.T.);
#1193=ORIENTED_EDGE('',*,*,#929,.T.);
#1194=ORIENTED_EDGE('',*,*,#928,.F.);
#1195=ORIENTED_EDGE('',*,*,#930,.T.);
#1196=ORIENTED_EDGE('',*,*,#931,.T.);
#1197=ORIENTED_EDGE('',*,*,#932,.T.);
#1198=ORIENTED_EDGE('',*,*,#931,.F.);
#1199=ORIENTED_EDGE('',*,*,#933,.T.);
#1200=ORIENTED_EDGE('',*,*,#934,.T.);
#1201=ORIENTED_EDGE('',*,*,#935,.T.);
#1202=ORIENTED_EDGE('',*,*,#936,.T.);
#1203=ORIENTED_EDGE('',*,*,#937,.T.);
#1204=ORIENTED_EDGE('',*,*,#934,.F.);
#1205=ORIENTED_EDGE('',*,*,#938,.T.);
#1206=ORIENTED_EDGE('',*,*,#936,.F.);
#1207=ORIENTED_EDGE('',*,*,#939,.T.);
#1208=ORIENTED_EDGE('',*,*,#940,.T.);
#1209=ORIENTED_EDGE('',*,*,#941,.T.);
#1210=ORIENTED_EDGE('',*,*,#940,.F.);
#1211=ORIENTED_EDGE('',*,*,#942,.T.);
#1212=ORIENTED_EDGE('',*,*,#943,.T.);
#1213=ORIENTED_EDGE('',*,*,#944,.T.);
#1214=ORIENTED_EDGE('',*,*,#943,.F.);
#1215=ORIENTED_EDGE('',*,*,#945,.T.);
#1216=ORIENTED_EDGE('',*,*,#946,.T.);
#1217=ORIENTED_EDGE('',*,*,#947,.T.);
#1218=ORIENTED_EDGE('',*,*,#948,.T.);
#1219=ORIENTED_EDGE('',*,*,#949,.T.);
#1220=ORIENTED_EDGE('',*,*,#946,.F.);
#1221=ORIENTED_EDGE('',*,*,#950,.T.);
#1222=ORIENTED_EDGE('',*,*,#948,.F.);
#1223=ORIENTED_EDGE('',*,*,#951,.T.);
#1224=ORIENTED_EDGE('',*,*,#952,.T.);
#1225=ORIENTED_EDGE('',*,*,#953,.T.);
#1226=ORIENTED_EDGE('',*,*,#954,.T.);
#1227=ORIENTED_EDGE('',*,*,#955,.T.);
#1228=ORIENTED_EDGE('',*,*,#952,.F.);
#1229=ORIENTED_EDGE('',*,*,#956,.T.);
#1230=ORIENTED_EDGE('',*,*,#954,.F.);
#1231=ORIENTED_EDGE('',*,*,#957,.T.);
#1232=ORIENTED_EDGE('',*,*,#958,.T.);
#1233=ORIENTED_EDGE('',*,*,#959,.T.);
#1234=ORIENTED_EDGE('',*,*,#960,.T.);
#1235=ORIENTED_EDGE('',*,*,#961,.T.);
#1236=ORIENTED_EDGE('',*,*,#958,.F.);
#1237=ORIENTED_EDGE('',*,*,#962,.T.);
#1238=ORIENTED_EDGE('',*,*,#960,.F.);
#1239=ORIENTED_EDGE('',*,*,#963,.T.);
#1240=ORIENTED_EDGE('',*,*,#964,.T.);
#1241=ORIENTED_EDGE('',*,*,#965,.T.);
#1242=ORIENTED_EDGE('',*,*,#964,.F.);
#1243=ORIENTED_EDGE('',*,*,#966,.T.);
#1244=ORIENTED_EDGE('',*,*,#967,.T.);
#1245=ORIENTED_EDGE('',*,*,#968,.T.);
#1246=ORIENTED_EDGE('',*,*,#967,.F.);
#1247=ORIENTED_EDGE('',*,*,#969,.T.);
#1248=ORIENTED_EDGE('',*,*,#970,.T.);
#1249=ORIENTED_EDGE('',*,*,#971,.T.);
#1250=ORIENTED_EDGE('',*,*,#972,.T.);
#1251=ORIENTED_EDGE('',*,*,#973,.T.);
#1252=ORIENTED_EDGE('',*,*,#970,.F.);
#1253=ORIENTED_EDGE('',*,*,#974,.T.);
#1254=ORIENTED_EDGE('',*,*,#972,.F.);
#1255=ORIENTED_EDGE('',*,*,#975,.T.);
#1256=ORIENTED_EDGE('',*,*,#976,.T.);
#1257=ORIENTED_EDGE('',*,*,#977,.T.);
#1258=ORIENTED_EDGE('',*,*,#976,.F.);
#1259=ORIENTED_EDGE('',*,*,#978,.T.);
#1260=ORIENTED_EDGE('',*,*,#979,.T.);
#1261=ORIENTED_EDGE('',*,*,#980,.T.);
#1262=ORIENTED_EDGE('',*,*,#979,.F.);
#1263=ORIENTED_EDGE('',*,*,#981,.T.);
#1264=ORIENTED_EDGE('',*,*,#982,.T.);
#1265=ORIENTED_EDGE('',*,*,#983,.T.);
#1266=ORIENTED_EDGE('',*,*,#984,.T.);
#1267=ORIENTED_EDGE('',*,*,#985,.T.);
#1268=ORIENTED_EDGE('',*,*,#982,.F.);
#1269=ORIENTED_EDGE('',*,*,#986,.T.);
#1270=ORIENTED_EDGE('',*,*,#984,.F.);
#1271=ORIENTED_EDGE('',*,*,#987,.T.);
#1272=ORIENTED_EDGE('',*,*,#988,.T.);
#1273=ORIENTED_EDGE('',*,*,#989,.T.);
#1274=ORIENTED_EDGE('',*,*,#990,.T.);
#1275=ORIENTED_EDGE('',*,*,#991,.T.);
#1276=ORIENTED_EDGE('',*,*,#988,.F.);
#1277=ORIENTED_EDGE('',*,*,#992,.T.);
#1278=ORIENTED_EDGE('',*,*,#920,.F.);
#1279=ORIENTED_EDGE('',*,*,#923,.F.);
#1280=ORIENTED_EDGE('',*,*,#925,.F.);
#1281=ORIENTED_EDGE('',*,*,#929,.F.);
#1282=ORIENTED_EDGE('',*,*,#932,.F.);
#1283=ORIENTED_EDGE('',*,*,#935,.F.);
#1284=ORIENTED_EDGE('',*,*,#937,.F.);
#1285=ORIENTED_EDGE('',*,*,#941,.F.);
#1286=ORIENTED_EDGE('',*,*,#944,.F.);
#1287=ORIENTED_EDGE('',*,*,#947,.F.);
#1288=ORIENTED_EDGE('',*,*,#949,.F.);
#1289=ORIENTED_EDGE('',*,*,#953,.F.);
#1290=ORIENTED_EDGE('',*,*,#955,.F.);
#1291=ORIENTED_EDGE('',*,*,#959,.F.);
#1292=ORIENTED_EDGE('',*,*,#961,.F.);
#1293=ORIENTED_EDGE('',*,*,#965,.F.);
#1294=ORIENTED_EDGE('',*,*,#968,.F.);
#1295=ORIENTED_EDGE('',*,*,#971,.F.);
#1296=ORIENTED_EDGE('',*,*,#973,.F.);
#1297=ORIENTED_EDGE('',*,*,#977,.F.);
#1298=ORIENTED_EDGE('',*,*,#980,.F.);
#1299=ORIENTED_EDGE('',*,*,#983,.F.);
#1300=ORIENTED_EDGE('',*,*,#985,.F.);
#1301=ORIENTED_EDGE('',*,*,#989,.F.);
#1302=ORIENTED_EDGE('',*,*,#991,.F.);
#1303=ORIENTED_EDGE('',*,*,#993,.T.);
#1304=ORIENTED_EDGE('',*,*,#994,.T.);
#1305=ORIENTED_EDGE('',*,*,#995,.T.);
#1306=ORIENTED_EDGE('',*,*,#996,.T.);
#1307=ORIENTED_EDGE('',*,*,#997,.T.);
#1308=ORIENTED_EDGE('',*,*,#998,.T.);
#1309=ORIENTED_EDGE('',*,*,#999,.T.);
#1310=ORIENTED_EDGE('',*,*,#1000,.T.);
#1311=ORIENTED_EDGE('',*,*,#1001,.T.);
#1312=ORIENTED_EDGE('',*,*,#1002,.T.);
#1313=ORIENTED_EDGE('',*,*,#1003,.T.);
#1314=ORIENTED_EDGE('',*,*,#1004,.T.);
#1315=ORIENTED_EDGE('',*,*,#1005,.T.);
#1316=ORIENTED_EDGE('',*,*,#1006,.T.);
#1317=ORIENTED_EDGE('',*,*,#1007,.T.);
#1318=ORIENTED_EDGE('',*,*,#990,.F.);
#1319=ORIENTED_EDGE('',*,*,#1008,.F.);
#1320=ORIENTED_EDGE('',*,*,#1009,.F.);
#1321=ORIENTED_EDGE('',*,*,#1010,.F.);
#1322=ORIENTED_EDGE('',*,*,#1011,.T.);
#1323=ORIENTED_EDGE('',*,*,#1012,.F.);
#1324=ORIENTED_EDGE('',*,*,#1013,.F.);
#1325=ORIENTED_EDGE('',*,*,#993,.F.);
#1326=ORIENTED_EDGE('',*,*,#1014,.T.);
#1327=ORIENTED_EDGE('',*,*,#1011,.F.);
#1328=ORIENTED_EDGE('',*,*,#1015,.F.);
#1329=ORIENTED_EDGE('',*,*,#1016,.F.);
#1330=ORIENTED_EDGE('',*,*,#1017,.T.);
#1331=ORIENTED_EDGE('',*,*,#1018,.T.);
#1332=ORIENTED_EDGE('',*,*,#1019,.F.);
#1333=ORIENTED_EDGE('',*,*,#1020,.T.);
#1334=ORIENTED_EDGE('',*,*,#1009,.T.);
#1335=ORIENTED_EDGE('',*,*,#1021,.T.);
#1336=ORIENTED_EDGE('',*,*,#1022,.T.);
#1337=ORIENTED_EDGE('',*,*,#1023,.T.);
#1338=ORIENTED_EDGE('',*,*,#918,.F.);
#1339=ORIENTED_EDGE('',*,*,#1024,.T.);
#1340=ORIENTED_EDGE('',*,*,#1020,.F.);
#1341=ORIENTED_EDGE('',*,*,#1025,.F.);
#1342=ORIENTED_EDGE('',*,*,#992,.F.);
#1343=ORIENTED_EDGE('',*,*,#1026,.F.);
#1344=ORIENTED_EDGE('',*,*,#1021,.F.);
#1345=ORIENTED_EDGE('',*,*,#1008,.T.);
#1346=ORIENTED_EDGE('',*,*,#1027,.T.);
#1347=ORIENTED_EDGE('',*,*,#1006,.F.);
#1348=ORIENTED_EDGE('',*,*,#1028,.F.);
#1349=ORIENTED_EDGE('',*,*,#1029,.T.);
#1350=ORIENTED_EDGE('',*,*,#1013,.T.);
#1351=ORIENTED_EDGE('',*,*,#1030,.T.);
#1352=ORIENTED_EDGE('',*,*,#1031,.F.);
#1353=ORIENTED_EDGE('',*,*,#1032,.T.);
#1354=ORIENTED_EDGE('',*,*,#1033,.T.);
#1355=ORIENTED_EDGE('',*,*,#994,.F.);
#1356=ORIENTED_EDGE('',*,*,#1034,.T.);
#1357=ORIENTED_EDGE('',*,*,#1035,.T.);
#1358=ORIENTED_EDGE('',*,*,#1036,.T.);
#1359=ORIENTED_EDGE('',*,*,#1037,.T.);
#1360=ORIENTED_EDGE('',*,*,#1034,.F.);
#1361=ORIENTED_EDGE('',*,*,#1038,.T.);
#1362=ORIENTED_EDGE('',*,*,#1039,.T.);
#1363=ORIENTED_EDGE('',*,*,#1040,.T.);
#1364=ORIENTED_EDGE('',*,*,#1039,.F.);
#1365=ORIENTED_EDGE('',*,*,#1041,.T.);
#1366=ORIENTED_EDGE('',*,*,#1042,.T.);
#1367=ORIENTED_EDGE('',*,*,#1043,.T.);
#1368=ORIENTED_EDGE('',*,*,#1042,.F.);
#1369=ORIENTED_EDGE('',*,*,#1044,.T.);
#1370=ORIENTED_EDGE('',*,*,#1045,.T.);
#1371=ORIENTED_EDGE('',*,*,#1046,.T.);
#1372=ORIENTED_EDGE('',*,*,#1045,.F.);
#1373=ORIENTED_EDGE('',*,*,#1047,.T.);
#1374=ORIENTED_EDGE('',*,*,#1048,.T.);
#1375=ORIENTED_EDGE('',*,*,#1049,.T.);
#1376=ORIENTED_EDGE('',*,*,#1048,.F.);
#1377=ORIENTED_EDGE('',*,*,#1050,.T.);
#1378=ORIENTED_EDGE('',*,*,#1019,.T.);
#1379=ORIENTED_EDGE('',*,*,#1051,.T.);
#1380=ORIENTED_EDGE('',*,*,#1022,.F.);
#1381=ORIENTED_EDGE('',*,*,#1052,.T.);
#1382=ORIENTED_EDGE('',*,*,#1053,.T.);
#1383=ORIENTED_EDGE('',*,*,#1054,.T.);
#1384=ORIENTED_EDGE('',*,*,#1053,.F.);
#1385=ORIENTED_EDGE('',*,*,#1055,.T.);
#1386=ORIENTED_EDGE('',*,*,#1056,.T.);
#1387=ORIENTED_EDGE('',*,*,#1057,.T.);
#1388=ORIENTED_EDGE('',*,*,#1056,.F.);
#1389=ORIENTED_EDGE('',*,*,#1058,.T.);
#1390=ORIENTED_EDGE('',*,*,#1059,.T.);
#1391=ORIENTED_EDGE('',*,*,#1060,.T.);
#1392=ORIENTED_EDGE('',*,*,#1059,.F.);
#1393=ORIENTED_EDGE('',*,*,#1061,.T.);
#1394=ORIENTED_EDGE('',*,*,#1062,.T.);
#1395=ORIENTED_EDGE('',*,*,#1063,.T.);
#1396=ORIENTED_EDGE('',*,*,#1062,.F.);
#1397=ORIENTED_EDGE('',*,*,#1064,.T.);
#1398=ORIENTED_EDGE('',*,*,#1065,.T.);
#1399=ORIENTED_EDGE('',*,*,#1066,.T.);
#1400=ORIENTED_EDGE('',*,*,#1067,.T.);
#1401=ORIENTED_EDGE('',*,*,#1068,.T.);
#1402=ORIENTED_EDGE('',*,*,#1065,.F.);
#1403=ORIENTED_EDGE('',*,*,#1069,.T.);
#1404=ORIENTED_EDGE('',*,*,#1067,.F.);
#1405=ORIENTED_EDGE('',*,*,#1070,.T.);
#1406=ORIENTED_EDGE('',*,*,#1071,.T.);
#1407=ORIENTED_EDGE('',*,*,#1072,.T.);
#1408=ORIENTED_EDGE('',*,*,#1071,.F.);
#1409=ORIENTED_EDGE('',*,*,#1073,.T.);
#1410=ORIENTED_EDGE('',*,*,#1074,.T.);
#1411=ORIENTED_EDGE('',*,*,#1075,.T.);
#1412=ORIENTED_EDGE('',*,*,#1074,.F.);
#1413=ORIENTED_EDGE('',*,*,#1076,.T.);
#1414=ORIENTED_EDGE('',*,*,#1077,.T.);
#1415=ORIENTED_EDGE('',*,*,#1078,.T.);
#1416=ORIENTED_EDGE('',*,*,#1077,.F.);
#1417=ORIENTED_EDGE('',*,*,#1079,.T.);
#1418=ORIENTED_EDGE('',*,*,#1080,.T.);
#1419=ORIENTED_EDGE('',*,*,#1081,.T.);
#1420=ORIENTED_EDGE('',*,*,#1080,.F.);
#1421=ORIENTED_EDGE('',*,*,#1082,.T.);
#1422=ORIENTED_EDGE('',*,*,#1083,.T.);
#1423=ORIENTED_EDGE('',*,*,#1084,.T.);
#1424=ORIENTED_EDGE('',*,*,#1083,.F.);
#1425=ORIENTED_EDGE('',*,*,#1085,.T.);
#1426=ORIENTED_EDGE('',*,*,#1086,.T.);
#1427=ORIENTED_EDGE('',*,*,#1087,.T.);
#1428=ORIENTED_EDGE('',*,*,#1086,.F.);
#1429=ORIENTED_EDGE('',*,*,#1088,.T.);
#1430=ORIENTED_EDGE('',*,*,#1089,.T.);
#1431=ORIENTED_EDGE('',*,*,#1090,.T.);
#1432=ORIENTED_EDGE('',*,*,#1089,.F.);
#1433=ORIENTED_EDGE('',*,*,#1091,.T.);
#1434=ORIENTED_EDGE('',*,*,#1092,.T.);
#1435=ORIENTED_EDGE('',*,*,#1093,.T.);
#1436=ORIENTED_EDGE('',*,*,#1092,.F.);
#1437=ORIENTED_EDGE('',*,*,#1094,.T.);
#1438=ORIENTED_EDGE('',*,*,#1095,.T.);
#1439=ORIENTED_EDGE('',*,*,#1096,.T.);
#1440=ORIENTED_EDGE('',*,*,#1095,.F.);
#1441=ORIENTED_EDGE('',*,*,#1097,.T.);
#1442=ORIENTED_EDGE('',*,*,#1098,.T.);
#1443=ORIENTED_EDGE('',*,*,#1099,.T.);
#1444=ORIENTED_EDGE('',*,*,#1098,.F.);
#1445=ORIENTED_EDGE('',*,*,#1100,.T.);
#1446=ORIENTED_EDGE('',*,*,#1036,.F.);
#1447=ORIENTED_EDGE('',*,*,#1101,.T.);
#1448=ORIENTED_EDGE('',*,*,#975,.F.);
#1449=ORIENTED_EDGE('',*,*,#1102,.T.);
#1450=ORIENTED_EDGE('',*,*,#1064,.F.);
#1451=ORIENTED_EDGE('',*,*,#1103,.T.);
#1452=ORIENTED_EDGE('',*,*,#978,.F.);
#1453=ORIENTED_EDGE('',*,*,#1103,.F.);
#1454=ORIENTED_EDGE('',*,*,#1061,.F.);
#1455=ORIENTED_EDGE('',*,*,#1104,.F.);
#1456=ORIENTED_EDGE('',*,*,#981,.F.);
#1457=ORIENTED_EDGE('',*,*,#1104,.T.);
#1458=ORIENTED_EDGE('',*,*,#1058,.F.);
#1459=ORIENTED_EDGE('',*,*,#1105,.T.);
#1460=ORIENTED_EDGE('',*,*,#986,.F.);
#1461=ORIENTED_EDGE('',*,*,#1105,.F.);
#1462=ORIENTED_EDGE('',*,*,#1055,.F.);
#1463=ORIENTED_EDGE('',*,*,#1106,.F.);
#1464=ORIENTED_EDGE('',*,*,#987,.F.);
#1465=ORIENTED_EDGE('',*,*,#1106,.T.);
#1466=ORIENTED_EDGE('',*,*,#1052,.F.);
#1467=ORIENTED_EDGE('',*,*,#1026,.T.);
#1468=ORIENTED_EDGE('',*,*,#921,.F.);
#1469=ORIENTED_EDGE('',*,*,#1025,.T.);
#1470=ORIENTED_EDGE('',*,*,#1050,.F.);
#1471=ORIENTED_EDGE('',*,*,#1107,.T.);
#1472=ORIENTED_EDGE('',*,*,#926,.F.);
#1473=ORIENTED_EDGE('',*,*,#1107,.F.);
#1474=ORIENTED_EDGE('',*,*,#1047,.F.);
#1475=ORIENTED_EDGE('',*,*,#1108,.F.);
#1476=ORIENTED_EDGE('',*,*,#927,.F.);
#1477=ORIENTED_EDGE('',*,*,#1108,.T.);
#1478=ORIENTED_EDGE('',*,*,#1044,.F.);
#1479=ORIENTED_EDGE('',*,*,#1109,.T.);
#1480=ORIENTED_EDGE('',*,*,#930,.F.);
#1481=ORIENTED_EDGE('',*,*,#1109,.F.);
#1482=ORIENTED_EDGE('',*,*,#1041,.F.);
#1483=ORIENTED_EDGE('',*,*,#1110,.F.);
#1484=ORIENTED_EDGE('',*,*,#933,.F.);
#1485=ORIENTED_EDGE('',*,*,#1110,.T.);
#1486=ORIENTED_EDGE('',*,*,#1038,.F.);
#1487=ORIENTED_EDGE('',*,*,#1111,.T.);
#1488=ORIENTED_EDGE('',*,*,#938,.F.);
#1489=ORIENTED_EDGE('',*,*,#1111,.F.);
#1490=ORIENTED_EDGE('',*,*,#1037,.F.);
#1491=ORIENTED_EDGE('',*,*,#1112,.F.);
#1492=ORIENTED_EDGE('',*,*,#1010,.T.);
#1493=ORIENTED_EDGE('',*,*,#1023,.F.);
#1494=ORIENTED_EDGE('',*,*,#1054,.F.);
#1495=ORIENTED_EDGE('',*,*,#1057,.F.);
#1496=ORIENTED_EDGE('',*,*,#1060,.F.);
#1497=ORIENTED_EDGE('',*,*,#1063,.F.);
#1498=ORIENTED_EDGE('',*,*,#1066,.F.);
#1499=ORIENTED_EDGE('',*,*,#1068,.F.);
#1500=ORIENTED_EDGE('',*,*,#1072,.F.);
#1501=ORIENTED_EDGE('',*,*,#1075,.F.);
#1502=ORIENTED_EDGE('',*,*,#1078,.F.);
#1503=ORIENTED_EDGE('',*,*,#1081,.F.);
#1504=ORIENTED_EDGE('',*,*,#1084,.F.);
#1505=ORIENTED_EDGE('',*,*,#1087,.F.);
#1506=ORIENTED_EDGE('',*,*,#1090,.F.);
#1507=ORIENTED_EDGE('',*,*,#1093,.F.);
#1508=ORIENTED_EDGE('',*,*,#1096,.F.);
#1509=ORIENTED_EDGE('',*,*,#1099,.F.);
#1510=ORIENTED_EDGE('',*,*,#1101,.F.);
#1511=ORIENTED_EDGE('',*,*,#1035,.F.);
#1512=ORIENTED_EDGE('',*,*,#1040,.F.);
#1513=ORIENTED_EDGE('',*,*,#1043,.F.);
#1514=ORIENTED_EDGE('',*,*,#1046,.F.);
#1515=ORIENTED_EDGE('',*,*,#1049,.F.);
#1516=ORIENTED_EDGE('',*,*,#1051,.F.);
#1517=ORIENTED_EDGE('',*,*,#1018,.F.);
#1518=ORIENTED_EDGE('',*,*,#1113,.T.);
#1519=ORIENTED_EDGE('',*,*,#1015,.T.);
#1520=ORIENTED_EDGE('',*,*,#1114,.T.);
#1521=ORIENTED_EDGE('',*,*,#1115,.T.);
#1522=ORIENTED_EDGE('',*,*,#1116,.T.);
#1523=ORIENTED_EDGE('',*,*,#1117,.T.);
#1524=ORIENTED_EDGE('',*,*,#974,.F.);
#1525=ORIENTED_EDGE('',*,*,#1118,.F.);
#1526=ORIENTED_EDGE('',*,*,#1069,.F.);
#1527=ORIENTED_EDGE('',*,*,#1102,.F.);
#1528=ORIENTED_EDGE('',*,*,#963,.F.);
#1529=ORIENTED_EDGE('',*,*,#1119,.T.);
#1530=ORIENTED_EDGE('',*,*,#1076,.F.);
#1531=ORIENTED_EDGE('',*,*,#1120,.T.);
#1532=ORIENTED_EDGE('',*,*,#966,.F.);
#1533=ORIENTED_EDGE('',*,*,#1120,.F.);
#1534=ORIENTED_EDGE('',*,*,#1073,.F.);
#1535=ORIENTED_EDGE('',*,*,#1121,.F.);
#1536=ORIENTED_EDGE('',*,*,#969,.F.);
#1537=ORIENTED_EDGE('',*,*,#1121,.T.);
#1538=ORIENTED_EDGE('',*,*,#1070,.F.);
#1539=ORIENTED_EDGE('',*,*,#1118,.T.);
#1540=ORIENTED_EDGE('',*,*,#939,.F.);
#1541=ORIENTED_EDGE('',*,*,#1112,.T.);
#1542=ORIENTED_EDGE('',*,*,#1100,.F.);
#1543=ORIENTED_EDGE('',*,*,#1122,.T.);
#1544=ORIENTED_EDGE('',*,*,#945,.F.);
#1545=ORIENTED_EDGE('',*,*,#1123,.T.);
#1546=ORIENTED_EDGE('',*,*,#1094,.F.);
#1547=ORIENTED_EDGE('',*,*,#1124,.T.);
#1548=ORIENTED_EDGE('',*,*,#950,.F.);
#1549=ORIENTED_EDGE('',*,*,#1124,.F.);
#1550=ORIENTED_EDGE('',*,*,#1091,.F.);
#1551=ORIENTED_EDGE('',*,*,#1125,.F.);
#1552=ORIENTED_EDGE('',*,*,#957,.F.);
#1553=ORIENTED_EDGE('',*,*,#1126,.T.);
#1554=ORIENTED_EDGE('',*,*,#1082,.F.);
#1555=ORIENTED_EDGE('',*,*,#1127,.T.);
#1556=ORIENTED_EDGE('',*,*,#956,.F.);
#1557=ORIENTED_EDGE('',*,*,#1128,.F.);
#1558=ORIENTED_EDGE('',*,*,#1085,.F.);
#1559=ORIENTED_EDGE('',*,*,#1126,.F.);
#1560=ORIENTED_EDGE('',*,*,#951,.F.);
#1561=ORIENTED_EDGE('',*,*,#1125,.T.);
#1562=ORIENTED_EDGE('',*,*,#1088,.F.);
#1563=ORIENTED_EDGE('',*,*,#1128,.T.);
#1564=ORIENTED_EDGE('',*,*,#942,.F.);
#1565=ORIENTED_EDGE('',*,*,#1122,.F.);
#1566=ORIENTED_EDGE('',*,*,#1097,.F.);
#1567=ORIENTED_EDGE('',*,*,#1123,.F.);
#1568=ORIENTED_EDGE('',*,*,#1129,.F.);
#1569=ORIENTED_EDGE('',*,*,#1130,.T.);
#1570=ORIENTED_EDGE('',*,*,#1117,.F.);
#1571=ORIENTED_EDGE('',*,*,#1131,.T.);
#1572=ORIENTED_EDGE('',*,*,#1129,.T.);
#1573=ORIENTED_EDGE('',*,*,#1131,.F.);
#1574=ORIENTED_EDGE('',*,*,#1130,.F.);
#1575=ORIENTED_EDGE('',*,*,#1132,.T.);
#1576=ORIENTED_EDGE('',*,*,#1133,.F.);
#1577=ORIENTED_EDGE('',*,*,#1132,.F.);
#1578=ORIENTED_EDGE('',*,*,#1134,.F.);
#1579=ORIENTED_EDGE('',*,*,#1135,.T.);
#1580=ORIENTED_EDGE('',*,*,#1116,.F.);
#1581=ORIENTED_EDGE('',*,*,#1136,.T.);
#1582=ORIENTED_EDGE('',*,*,#1134,.T.);
#1583=ORIENTED_EDGE('',*,*,#1136,.F.);
#1584=ORIENTED_EDGE('',*,*,#1135,.F.);
#1585=ORIENTED_EDGE('',*,*,#1137,.T.);
#1586=ORIENTED_EDGE('',*,*,#1138,.F.);
#1587=ORIENTED_EDGE('',*,*,#1137,.F.);
#1588=ORIENTED_EDGE('',*,*,#1139,.F.);
#1589=ORIENTED_EDGE('',*,*,#1140,.T.);
#1590=ORIENTED_EDGE('',*,*,#1115,.F.);
#1591=ORIENTED_EDGE('',*,*,#1141,.T.);
#1592=ORIENTED_EDGE('',*,*,#1139,.T.);
#1593=ORIENTED_EDGE('',*,*,#1141,.F.);
#1594=ORIENTED_EDGE('',*,*,#1140,.F.);
#1595=ORIENTED_EDGE('',*,*,#1142,.T.);
#1596=ORIENTED_EDGE('',*,*,#1143,.F.);
#1597=ORIENTED_EDGE('',*,*,#1142,.F.);
#1598=ORIENTED_EDGE('',*,*,#1144,.F.);
#1599=ORIENTED_EDGE('',*,*,#1145,.T.);
#1600=ORIENTED_EDGE('',*,*,#1114,.F.);
#1601=ORIENTED_EDGE('',*,*,#1146,.T.);
#1602=ORIENTED_EDGE('',*,*,#1144,.T.);
#1603=ORIENTED_EDGE('',*,*,#1146,.F.);
#1604=ORIENTED_EDGE('',*,*,#1145,.F.);
#1605=ORIENTED_EDGE('',*,*,#1147,.T.);
#1606=ORIENTED_EDGE('',*,*,#1148,.F.);
#1607=ORIENTED_EDGE('',*,*,#1147,.F.);
#1608=ORIENTED_EDGE('',*,*,#1149,.T.);
#1609=ORIENTED_EDGE('',*,*,#1150,.F.);
#1610=ORIENTED_EDGE('',*,*,#1002,.F.);
#1611=ORIENTED_EDGE('',*,*,#1151,.F.);
#1612=ORIENTED_EDGE('',*,*,#1152,.T.);
#1613=ORIENTED_EDGE('',*,*,#1151,.T.);
#1614=ORIENTED_EDGE('',*,*,#1001,.F.);
#1615=ORIENTED_EDGE('',*,*,#1153,.F.);
#1616=ORIENTED_EDGE('',*,*,#1005,.F.);
#1617=ORIENTED_EDGE('',*,*,#1154,.F.);
#1618=ORIENTED_EDGE('',*,*,#1155,.T.);
#1619=ORIENTED_EDGE('',*,*,#1028,.T.);
#1620=ORIENTED_EDGE('',*,*,#1004,.F.);
#1621=ORIENTED_EDGE('',*,*,#1156,.F.);
#1622=ORIENTED_EDGE('',*,*,#1157,.T.);
#1623=ORIENTED_EDGE('',*,*,#1154,.T.);
#1624=ORIENTED_EDGE('',*,*,#1158,.T.);
#1625=ORIENTED_EDGE('',*,*,#1159,.T.);
#1626=ORIENTED_EDGE('',*,*,#998,.F.);
#1627=ORIENTED_EDGE('',*,*,#1160,.F.);
#1628=ORIENTED_EDGE('',*,*,#1161,.T.);
#1629=ORIENTED_EDGE('',*,*,#1162,.T.);
#1630=ORIENTED_EDGE('',*,*,#999,.F.);
#1631=ORIENTED_EDGE('',*,*,#1159,.F.);
#1632=ORIENTED_EDGE('',*,*,#1163,.T.);
#1633=ORIENTED_EDGE('',*,*,#1164,.F.);
#1634=ORIENTED_EDGE('',*,*,#996,.F.);
#1635=ORIENTED_EDGE('',*,*,#1165,.F.);
#1636=ORIENTED_EDGE('',*,*,#1166,.T.);
#1637=ORIENTED_EDGE('',*,*,#1165,.T.);
#1638=ORIENTED_EDGE('',*,*,#995,.F.);
#1639=ORIENTED_EDGE('',*,*,#1033,.F.);
#1640=ORIENTED_EDGE('',*,*,#917,.F.);
#1641=ORIENTED_EDGE('',*,*,#1007,.F.);
#1642=ORIENTED_EDGE('',*,*,#1027,.F.);
#1643=ORIENTED_EDGE('',*,*,#1167,.F.);
#1644=ORIENTED_EDGE('',*,*,#1156,.T.);
#1645=ORIENTED_EDGE('',*,*,#1003,.F.);
#1646=ORIENTED_EDGE('',*,*,#1150,.T.);
#1647=ORIENTED_EDGE('',*,*,#1168,.F.);
#1648=ORIENTED_EDGE('',*,*,#1169,.F.);
#1649=ORIENTED_EDGE('',*,*,#1170,.T.);
#1650=ORIENTED_EDGE('',*,*,#1016,.T.);
#1651=ORIENTED_EDGE('',*,*,#1113,.F.);
#1652=ORIENTED_EDGE('',*,*,#1017,.F.);
#1653=ORIENTED_EDGE('',*,*,#1024,.F.);
#1654=ORIENTED_EDGE('',*,*,#1171,.F.);
#1655=ORIENTED_EDGE('',*,*,#1161,.F.);
#1656=ORIENTED_EDGE('',*,*,#1158,.F.);
#1657=ORIENTED_EDGE('',*,*,#1172,.T.);
#1658=ORIENTED_EDGE('',*,*,#1138,.T.);
#1659=ORIENTED_EDGE('',*,*,#1163,.F.);
#1660=ORIENTED_EDGE('',*,*,#1166,.F.);
#1661=ORIENTED_EDGE('',*,*,#1032,.F.);
#1662=ORIENTED_EDGE('',*,*,#1173,.T.);
#1663=ORIENTED_EDGE('',*,*,#1133,.T.);
#1664=ORIENTED_EDGE('',*,*,#1157,.F.);
#1665=ORIENTED_EDGE('',*,*,#1167,.T.);
#1666=ORIENTED_EDGE('',*,*,#1029,.F.);
#1667=ORIENTED_EDGE('',*,*,#1155,.F.);
#1668=ORIENTED_EDGE('',*,*,#1148,.T.);
#1669=ORIENTED_EDGE('',*,*,#1149,.F.);
#1670=ORIENTED_EDGE('',*,*,#1152,.F.);
#1671=ORIENTED_EDGE('',*,*,#1174,.F.);
#1672=ORIENTED_EDGE('',*,*,#1168,.T.);
#1673=ORIENTED_EDGE('',*,*,#1143,.T.);
#1674=ORIENTED_EDGE('',*,*,#1175,.T.);
#1675=ORIENTED_EDGE('',*,*,#1176,.T.);
#1676=ORIENTED_EDGE('',*,*,#1172,.F.);
#1677=ORIENTED_EDGE('',*,*,#1160,.T.);
#1678=ORIENTED_EDGE('',*,*,#997,.F.);
#1679=ORIENTED_EDGE('',*,*,#1164,.T.);
#1680=ORIENTED_EDGE('',*,*,#1173,.F.);
#1681=ORIENTED_EDGE('',*,*,#1031,.T.);
#1682=ORIENTED_EDGE('',*,*,#1176,.F.);
#1683=ORIENTED_EDGE('',*,*,#1177,.T.);
#1684=ORIENTED_EDGE('',*,*,#1169,.T.);
#1685=ORIENTED_EDGE('',*,*,#1174,.T.);
#1686=ORIENTED_EDGE('',*,*,#1153,.T.);
#1687=ORIENTED_EDGE('',*,*,#1000,.F.);
#1688=ORIENTED_EDGE('',*,*,#1162,.F.);
#1689=ORIENTED_EDGE('',*,*,#1171,.T.);
#1690=ORIENTED_EDGE('',*,*,#1170,.F.);
#1691=ORIENTED_EDGE('',*,*,#1177,.F.);
#1692=ORIENTED_EDGE('',*,*,#1175,.F.);
#1693=ORIENTED_EDGE('',*,*,#1030,.F.);
#1694=ORIENTED_EDGE('',*,*,#1012,.T.);
#1695=ORIENTED_EDGE('',*,*,#1014,.F.);
#1696=ORIENTED_EDGE('',*,*,#962,.F.);
#1697=ORIENTED_EDGE('',*,*,#1127,.F.);
#1698=ORIENTED_EDGE('',*,*,#1079,.F.);
#1699=ORIENTED_EDGE('',*,*,#1119,.F.);
#1700=PLANE('',#1897);
#1701=PLANE('',#1901);
#1702=PLANE('',#1905);
#1703=PLANE('',#1909);
#1704=PLANE('',#1913);
#1705=PLANE('',#1917);
#1706=PLANE('',#1921);
#1707=PLANE('',#1925);
#1708=PLANE('',#1929);
#1709=PLANE('',#1933);
#1710=PLANE('',#1937);
#1711=PLANE('',#1941);
#1712=PLANE('',#1945);
#1713=PLANE('',#1946);
#1714=PLANE('',#1947);
#1715=PLANE('',#1948);
#1716=PLANE('',#1949);
#1717=PLANE('',#1950);
#1718=PLANE('',#1951);
#1719=PLANE('',#1952);
#1720=PLANE('',#1953);
#1721=PLANE('',#1954);
#1722=PLANE('',#1955);
#1723=PLANE('',#1959);
#1724=PLANE('',#1963);
#1725=PLANE('',#1970);
#1726=PLANE('',#1974);
#1727=PLANE('',#1978);
#1728=PLANE('',#1982);
#1729=PLANE('',#1986);
#1730=PLANE('',#1990);
#1731=PLANE('',#1994);
#1732=PLANE('',#1998);
#1733=PLANE('',#2003);
#1734=PLANE('',#2005);
#1735=PLANE('',#2008);
#1736=PLANE('',#2010);
#1737=PLANE('',#2012);
#1738=PLANE('',#2013);
#1739=PLANE('',#2018);
#1740=PLANE('',#2020);
#1741=PLANE('',#2024);
#1742=PLANE('',#2026);
#1743=PLANE('',#2028);
#1744=PLANE('',#2029);
#1745=PLANE('',#2035);
#1746=PLANE('',#2041);
#1747=PLANE('',#2047);
#1748=PLANE('',#2053);
#1749=PLANE('',#2054);
#1750=PLANE('',#2055);
#1751=PLANE('',#2056);
#1752=PLANE('',#2057);
#1753=PLANE('',#2058);
#1754=PLANE('',#2059);
#1755=PLANE('',#2060);
#1756=PLANE('',#2061);
#1757=PLANE('',#2062);
#1758=PLANE('',#2063);
#1759=PLANE('',#2064);
#1760=PLANE('',#2065);
#1761=PLANE('',#2066);
#1762=PLANE('',#2067);
#1763=PLANE('',#2068);
#1764=PLANE('',#2069);
#1765=ADVANCED_FACE('',(#135),#1700,.T.);
#1766=ADVANCED_FACE('',(#136),#111,.T.);
#1767=ADVANCED_FACE('',(#137),#1701,.T.);
#1768=ADVANCED_FACE('',(#138),#112,.T.);
#1769=ADVANCED_FACE('',(#139),#1702,.T.);
#1770=ADVANCED_FACE('',(#140),#113,.F.);
#1771=ADVANCED_FACE('',(#141),#1703,.T.);
#1772=ADVANCED_FACE('',(#142),#114,.F.);
#1773=ADVANCED_FACE('',(#143),#1704,.T.);
#1774=ADVANCED_FACE('',(#144),#115,.T.);
#1775=ADVANCED_FACE('',(#145),#1705,.T.);
#1776=ADVANCED_FACE('',(#146),#116,.T.);
#1777=ADVANCED_FACE('',(#147),#1706,.T.);
#1778=ADVANCED_FACE('',(#148),#117,.T.);
#1779=ADVANCED_FACE('',(#149),#1707,.T.);
#1780=ADVANCED_FACE('',(#150),#118,.T.);
#1781=ADVANCED_FACE('',(#151),#1708,.T.);
#1782=ADVANCED_FACE('',(#152),#119,.F.);
#1783=ADVANCED_FACE('',(#153),#1709,.T.);
#1784=ADVANCED_FACE('',(#154),#120,.F.);
#1785=ADVANCED_FACE('',(#155),#1710,.T.);
#1786=ADVANCED_FACE('',(#156),#121,.T.);
#1787=ADVANCED_FACE('',(#157),#1711,.T.);
#1788=ADVANCED_FACE('',(#158),#122,.T.);
#1789=ADVANCED_FACE('',(#159),#1712,.T.);
#1790=ADVANCED_FACE('',(#160),#1713,.T.);
#1791=ADVANCED_FACE('',(#161),#1714,.F.);
#1792=ADVANCED_FACE('',(#162),#1715,.T.);
#1793=ADVANCED_FACE('',(#163),#1716,.T.);
#1794=ADVANCED_FACE('',(#164),#1717,.T.);
#1795=ADVANCED_FACE('',(#165),#1718,.T.);
#1796=ADVANCED_FACE('',(#166),#1719,.T.);
#1797=ADVANCED_FACE('',(#167),#1720,.F.);
#1798=ADVANCED_FACE('',(#168),#1721,.F.);
#1799=ADVANCED_FACE('',(#169),#1722,.T.);
#1800=ADVANCED_FACE('',(#170),#123,.F.);
#1801=ADVANCED_FACE('',(#171),#1723,.T.);
#1802=ADVANCED_FACE('',(#172),#124,.T.);
#1803=ADVANCED_FACE('',(#173),#1724,.T.);
#1804=ADVANCED_FACE('',(#174),#125,.T.);
#1805=ADVANCED_FACE('',(#175),#126,.T.);
#1806=ADVANCED_FACE('',(#176),#1725,.T.);
#1807=ADVANCED_FACE('',(#177),#127,.T.);
#1808=ADVANCED_FACE('',(#178),#1726,.T.);
#1809=ADVANCED_FACE('',(#179),#128,.F.);
#1810=ADVANCED_FACE('',(#180),#1727,.T.);
#1811=ADVANCED_FACE('',(#181),#129,.F.);
#1812=ADVANCED_FACE('',(#182),#1728,.T.);
#1813=ADVANCED_FACE('',(#183),#130,.T.);
#1814=ADVANCED_FACE('',(#184),#1729,.T.);
#1815=ADVANCED_FACE('',(#185),#131,.T.);
#1816=ADVANCED_FACE('',(#186),#1730,.T.);
#1817=ADVANCED_FACE('',(#187),#132,.T.);
#1818=ADVANCED_FACE('',(#188),#1731,.T.);
#1819=ADVANCED_FACE('',(#189),#133,.T.);
#1820=ADVANCED_FACE('',(#190),#1732,.T.);
#1821=ADVANCED_FACE('',(#191),#134,.F.);
#1822=ADVANCED_FACE('',(#192),#27,.F.);
#1823=ADVANCED_FACE('',(#193),#1733,.T.);
#1824=ADVANCED_FACE('',(#194),#28,.T.);
#1825=ADVANCED_FACE('',(#195),#1734,.T.);
#1826=ADVANCED_FACE('',(#196),#29,.T.);
#1827=ADVANCED_FACE('',(#197),#30,.T.);
#1828=ADVANCED_FACE('',(#198),#1735,.T.);
#1829=ADVANCED_FACE('',(#199),#31,.T.);
#1830=ADVANCED_FACE('',(#200),#1736,.T.);
#1831=ADVANCED_FACE('',(#201),#32,.F.);
#1832=ADVANCED_FACE('',(#202),#1737,.F.);
#1833=ADVANCED_FACE('',(#203,#15,#16,#17,#18),#1738,.F.);
#1834=ADVANCED_FACE('',(#204),#1739,.F.);
#1835=ADVANCED_FACE('',(#205),#33,.T.);
#1836=ADVANCED_FACE('',(#206),#1740,.T.);
#1837=ADVANCED_FACE('',(#207),#34,.F.);
#1838=ADVANCED_FACE('',(#208),#35,.F.);
#1839=ADVANCED_FACE('',(#209),#36,.T.);
#1840=ADVANCED_FACE('',(#210),#1741,.T.);
#1841=ADVANCED_FACE('',(#211),#37,.T.);
#1842=ADVANCED_FACE('',(#212),#1742,.T.);
#1843=ADVANCED_FACE('',(#213),#38,.T.);
#1844=ADVANCED_FACE('',(#214),#1743,.T.);
#1845=ADVANCED_FACE('',(#215,#19),#1744,.F.);
#1846=ADVANCED_FACE('',(#216),#39,.F.);
#1847=ADVANCED_FACE('',(#217),#40,.F.);
#1848=ADVANCED_FACE('',(#218,#20),#1745,.F.);
#1849=ADVANCED_FACE('',(#219),#41,.F.);
#1850=ADVANCED_FACE('',(#220),#42,.F.);
#1851=ADVANCED_FACE('',(#221,#21),#1746,.F.);
#1852=ADVANCED_FACE('',(#222),#43,.F.);
#1853=ADVANCED_FACE('',(#223),#44,.F.);
#1854=ADVANCED_FACE('',(#224,#22),#1747,.F.);
#1855=ADVANCED_FACE('',(#225),#45,.F.);
#1856=ADVANCED_FACE('',(#226),#46,.F.);
#1857=ADVANCED_FACE('',(#227),#1748,.F.);
#1858=ADVANCED_FACE('',(#228),#1749,.F.);
#1859=ADVANCED_FACE('',(#229),#1750,.F.);
#1860=ADVANCED_FACE('',(#230),#1751,.F.);
#1861=ADVANCED_FACE('',(#231),#1752,.F.);
#1862=ADVANCED_FACE('',(#232),#1753,.F.);
#1863=ADVANCED_FACE('',(#233),#1754,.F.);
#1864=ADVANCED_FACE('',(#234),#1755,.F.);
#1865=ADVANCED_FACE('',(#235),#1756,.F.);
#1866=ADVANCED_FACE('',(#236,#23),#1757,.T.);
#1867=ADVANCED_FACE('',(#237,#24),#1758,.T.);
#1868=ADVANCED_FACE('',(#238,#25),#1759,.T.);
#1869=ADVANCED_FACE('',(#239,#26),#1760,.T.);
#1870=ADVANCED_FACE('',(#240),#1761,.F.);
#1871=ADVANCED_FACE('',(#241),#1762,.F.);
#1872=ADVANCED_FACE('',(#242),#1763,.T.);
#1873=ADVANCED_FACE('',(#243),#1764,.T.);
#1874=CLOSED_SHELL('',(#1765,#1766,#1767,#1768,#1769,#1770,#1771,#1772,
#1773,#1774,#1775,#1776,#1777,#1778,#1779,#1780,#1781,#1782,#1783,#1784,
#1785,#1786,#1787,#1788,#1789,#1790,#1791,#1792,#1793,#1794,#1795,#1796,
#1797,#1798,#1799,#1800,#1801,#1802,#1803,#1804,#1805,#1806,#1807,#1808,
#1809,#1810,#1811,#1812,#1813,#1814,#1815,#1816,#1817,#1818,#1819,#1820,
#1821,#1822,#1823,#1824,#1825,#1826,#1827,#1828,#1829,#1830,#1831,#1832,
#1833,#1834,#1835,#1836,#1837,#1838,#1839,#1840,#1841,#1842,#1843,#1844,
#1845,#1846,#1847,#1848,#1849,#1850,#1851,#1852,#1853,#1854,#1855,#1856,
#1857,#1858,#1859,#1860,#1861,#1862,#1863,#1864,#1865,#1866,#1867,#1868,
#1869,#1870,#1871,#1872,#1873));
#1875=DERIVED_UNIT_ELEMENT(#1878,1.);
#1876=DERIVED_UNIT_ELEMENT(#3149,-3.);
#1877=DIMENSIONAL_EXPONENTS(0.,1.,0.,0.,0.,0.,0.);
#1878=(
CONVERSION_BASED_UNIT('gram',#1880)
MASS_UNIT()
NAMED_UNIT(#1877)
);
#1879=(
MASS_UNIT()
NAMED_UNIT(*)
SI_UNIT(.KILO.,.GRAM.)
);
#1880=MASS_MEASURE_WITH_UNIT(MASS_MEASURE(0.001),#1879);
#1881=DERIVED_UNIT((#1875,#1876));
#1882=MEASURE_REPRESENTATION_ITEM('density measure',
POSITIVE_RATIO_MEASURE(1.06),#1881);
#1883=PROPERTY_DEFINITION_REPRESENTATION(#1888,#1885);
#1884=PROPERTY_DEFINITION_REPRESENTATION(#1889,#1886);
#1885=REPRESENTATION('material name',(#1887),#3146);
#1886=REPRESENTATION('density',(#1882),#3146);
#1887=DESCRIPTIVE_REPRESENTATION_ITEM('ABS Plastic','ABS Plastic');
#1888=PROPERTY_DEFINITION('material property','material name',#3156);
#1889=PROPERTY_DEFINITION('material property','density of part',#3156);
#1890=DATE_TIME_ROLE('creation_date');
#1891=APPLIED_DATE_AND_TIME_ASSIGNMENT(#1892,#1890,(#3156));
#1892=DATE_AND_TIME(#1893,#1894);
#1893=CALENDAR_DATE(2026,20,1);
#1894=LOCAL_TIME(0,0,0.,#1895);
#1895=COORDINATED_UNIVERSAL_TIME_OFFSET(0,0,.BEHIND.);
#1896=AXIS2_PLACEMENT_3D('',#2615,#2070,#2071);
#1897=AXIS2_PLACEMENT_3D('',#2616,#2072,#2073);
#1898=AXIS2_PLACEMENT_3D('',#2625,#2078,#2079);
#1899=AXIS2_PLACEMENT_3D('',#2627,#2080,#2081);
#1900=AXIS2_PLACEMENT_3D('',#2630,#2083,#2084);
#1901=AXIS2_PLACEMENT_3D('',#2631,#2085,#2086);
#1902=AXIS2_PLACEMENT_3D('',#2637,#2090,#2091);
#1903=AXIS2_PLACEMENT_3D('',#2639,#2092,#2093);
#1904=AXIS2_PLACEMENT_3D('',#2642,#2095,#2096);
#1905=AXIS2_PLACEMENT_3D('',#2643,#2097,#2098);
#1906=AXIS2_PLACEMENT_3D('',#2649,#2102,#2103);
#1907=AXIS2_PLACEMENT_3D('',#2651,#2104,#2105);
#1908=AXIS2_PLACEMENT_3D('',#2654,#2107,#2108);
#1909=AXIS2_PLACEMENT_3D('',#2655,#2109,#2110);
#1910=AXIS2_PLACEMENT_3D('',#2661,#2114,#2115);
#1911=AXIS2_PLACEMENT_3D('',#2663,#2116,#2117);
#1912=AXIS2_PLACEMENT_3D('',#2666,#2119,#2120);
#1913=AXIS2_PLACEMENT_3D('',#2667,#2121,#2122);
#1914=AXIS2_PLACEMENT_3D('',#2673,#2126,#2127);
#1915=AXIS2_PLACEMENT_3D('',#2675,#2128,#2129);
#1916=AXIS2_PLACEMENT_3D('',#2678,#2131,#2132);
#1917=AXIS2_PLACEMENT_3D('',#2679,#2133,#2134);
#1918=AXIS2_PLACEMENT_3D('',#2685,#2138,#2139);
#1919=AXIS2_PLACEMENT_3D('',#2687,#2140,#2141);
#1920=AXIS2_PLACEMENT_3D('',#2690,#2143,#2144);
#1921=AXIS2_PLACEMENT_3D('',#2691,#2145,#2146);
#1922=AXIS2_PLACEMENT_3D('',#2697,#2150,#2151);
#1923=AXIS2_PLACEMENT_3D('',#2699,#2152,#2153);
#1924=AXIS2_PLACEMENT_3D('',#2702,#2155,#2156);
#1925=AXIS2_PLACEMENT_3D('',#2703,#2157,#2158);
#1926=AXIS2_PLACEMENT_3D('',#2709,#2162,#2163);
#1927=AXIS2_PLACEMENT_3D('',#2711,#2164,#2165);
#1928=AXIS2_PLACEMENT_3D('',#2714,#2167,#2168);
#1929=AXIS2_PLACEMENT_3D('',#2715,#2169,#2170);
#1930=AXIS2_PLACEMENT_3D('',#2721,#2174,#2175);
#1931=AXIS2_PLACEMENT_3D('',#2723,#2176,#2177);
#1932=AXIS2_PLACEMENT_3D('',#2726,#2179,#2180);
#1933=AXIS2_PLACEMENT_3D('',#2727,#2181,#2182);
#1934=AXIS2_PLACEMENT_3D('',#2733,#2186,#2187);
#1935=AXIS2_PLACEMENT_3D('',#2735,#2188,#2189);
#1936=AXIS2_PLACEMENT_3D('',#2738,#2191,#2192);
#1937=AXIS2_PLACEMENT_3D('',#2739,#2193,#2194);
#1938=AXIS2_PLACEMENT_3D('',#2745,#2198,#2199);
#1939=AXIS2_PLACEMENT_3D('',#2747,#2200,#2201);
#1940=AXIS2_PLACEMENT_3D('',#2750,#2203,#2204);
#1941=AXIS2_PLACEMENT_3D('',#2751,#2205,#2206);
#1942=AXIS2_PLACEMENT_3D('',#2757,#2210,#2211);
#1943=AXIS2_PLACEMENT_3D('',#2759,#2212,#2213);
#1944=AXIS2_PLACEMENT_3D('',#2762,#2215,#2216);
#1945=AXIS2_PLACEMENT_3D('',#2763,#2217,#2218);
#1946=AXIS2_PLACEMENT_3D('',#2769,#2222,#2223);
#1947=AXIS2_PLACEMENT_3D('',#2799,#2239,#2240);
#1948=AXIS2_PLACEMENT_3D('',#2811,#2247,#2248);
#1949=AXIS2_PLACEMENT_3D('',#2817,#2252,#2253);
#1950=AXIS2_PLACEMENT_3D('',#2826,#2258,#2259);
#1951=AXIS2_PLACEMENT_3D('',#2832,#2263,#2264);
#1952=AXIS2_PLACEMENT_3D('',#2835,#2267,#2268);
#1953=AXIS2_PLACEMENT_3D('',#2837,#2270,#2271);
#1954=AXIS2_PLACEMENT_3D('',#2843,#2275,#2276);
#1955=AXIS2_PLACEMENT_3D('',#2851,#2281,#2282);
#1956=AXIS2_PLACEMENT_3D('',#2860,#2287,#2288);
#1957=AXIS2_PLACEMENT_3D('',#2862,#2289,#2290);
#1958=AXIS2_PLACEMENT_3D('',#2865,#2292,#2293);
#1959=AXIS2_PLACEMENT_3D('',#2866,#2294,#2295);
#1960=AXIS2_PLACEMENT_3D('',#2872,#2299,#2300);
#1961=AXIS2_PLACEMENT_3D('',#2874,#2301,#2302);
#1962=AXIS2_PLACEMENT_3D('',#2877,#2304,#2305);
#1963=AXIS2_PLACEMENT_3D('',#2878,#2306,#2307);
#1964=AXIS2_PLACEMENT_3D('',#2884,#2311,#2312);
#1965=AXIS2_PLACEMENT_3D('',#2885,#2313,#2314);
#1966=AXIS2_PLACEMENT_3D('',#2886,#2315,#2316);
#1967=AXIS2_PLACEMENT_3D('',#2887,#2317,#2318);
#1968=AXIS2_PLACEMENT_3D('',#2889,#2319,#2320);
#1969=AXIS2_PLACEMENT_3D('',#2892,#2322,#2323);
#1970=AXIS2_PLACEMENT_3D('',#2893,#2324,#2325);
#1971=AXIS2_PLACEMENT_3D('',#2899,#2329,#2330);
#1972=AXIS2_PLACEMENT_3D('',#2901,#2331,#2332);
#1973=AXIS2_PLACEMENT_3D('',#2904,#2334,#2335);
#1974=AXIS2_PLACEMENT_3D('',#2905,#2336,#2337);
#1975=AXIS2_PLACEMENT_3D('',#2911,#2341,#2342);
#1976=AXIS2_PLACEMENT_3D('',#2913,#2343,#2344);
#1977=AXIS2_PLACEMENT_3D('',#2916,#2346,#2347);
#1978=AXIS2_PLACEMENT_3D('',#2917,#2348,#2349);
#1979=AXIS2_PLACEMENT_3D('',#2923,#2353,#2354);
#1980=AXIS2_PLACEMENT_3D('',#2925,#2355,#2356);
#1981=AXIS2_PLACEMENT_3D('',#2928,#2358,#2359);
#1982=AXIS2_PLACEMENT_3D('',#2929,#2360,#2361);
#1983=AXIS2_PLACEMENT_3D('',#2935,#2365,#2366);
#1984=AXIS2_PLACEMENT_3D('',#2937,#2367,#2368);
#1985=AXIS2_PLACEMENT_3D('',#2940,#2370,#2371);
#1986=AXIS2_PLACEMENT_3D('',#2941,#2372,#2373);
#1987=AXIS2_PLACEMENT_3D('',#2947,#2377,#2378);
#1988=AXIS2_PLACEMENT_3D('',#2949,#2379,#2380);
#1989=AXIS2_PLACEMENT_3D('',#2952,#2382,#2383);
#1990=AXIS2_PLACEMENT_3D('',#2953,#2384,#2385);
#1991=AXIS2_PLACEMENT_3D('',#2959,#2389,#2390);
#1992=AXIS2_PLACEMENT_3D('',#2961,#2391,#2392);
#1993=AXIS2_PLACEMENT_3D('',#2964,#2394,#2395);
#1994=AXIS2_PLACEMENT_3D('',#2965,#2396,#2397);
#1995=AXIS2_PLACEMENT_3D('',#2971,#2401,#2402);
#1996=AXIS2_PLACEMENT_3D('',#2973,#2403,#2404);
#1997=AXIS2_PLACEMENT_3D('',#2976,#2406,#2407);
#1998=AXIS2_PLACEMENT_3D('',#2977,#2408,#2409);
#1999=AXIS2_PLACEMENT_3D('',#2983,#2413,#2414);
#2000=AXIS2_PLACEMENT_3D('',#2984,#2415,#2416);
#2001=AXIS2_PLACEMENT_3D('',#2985,#2417,#2418);
#2002=AXIS2_PLACEMENT_3D('',#2986,#2419,#2420);
#2003=AXIS2_PLACEMENT_3D('',#2989,#2423,#2424);
#2004=AXIS2_PLACEMENT_3D('',#2991,#2426,#2427);
#2005=AXIS2_PLACEMENT_3D('',#2993,#2429,#2430);
#2006=AXIS2_PLACEMENT_3D('',#2995,#2432,#2433);
#2007=AXIS2_PLACEMENT_3D('',#2996,#2434,#2435);
#2008=AXIS2_PLACEMENT_3D('',#2998,#2437,#2438);
#2009=AXIS2_PLACEMENT_3D('',#3000,#2440,#2441);
#2010=AXIS2_PLACEMENT_3D('',#3002,#2443,#2444);
#2011=AXIS2_PLACEMENT_3D('',#3004,#2446,#2447);
#2012=AXIS2_PLACEMENT_3D('',#3006,#2449,#2450);
#2013=AXIS2_PLACEMENT_3D('',#3008,#2452,#2453);
#2014=AXIS2_PLACEMENT_3D('',#3011,#2455,#2456);
#2015=AXIS2_PLACEMENT_3D('',#3013,#2457,#2458);
#2016=AXIS2_PLACEMENT_3D('',#3015,#2459,#2460);
#2017=AXIS2_PLACEMENT_3D('',#3017,#2461,#2462);
#2018=AXIS2_PLACEMENT_3D('',#3018,#2463,#2464);
#2019=AXIS2_PLACEMENT_3D('',#3020,#2466,#2467);
#2020=AXIS2_PLACEMENT_3D('',#3023,#2470,#2471);
#2021=AXIS2_PLACEMENT_3D('',#3025,#2473,#2474);
#2022=AXIS2_PLACEMENT_3D('',#3026,#2475,#2476);
#2023=AXIS2_PLACEMENT_3D('',#3028,#2478,#2479);
#2024=AXIS2_PLACEMENT_3D('',#3031,#2482,#2483);
#2025=AXIS2_PLACEMENT_3D('',#3033,#2485,#2486);
#2026=AXIS2_PLACEMENT_3D('',#3036,#2489,#2490);
#2027=AXIS2_PLACEMENT_3D('',#3038,#2492,#2493);
#2028=AXIS2_PLACEMENT_3D('',#3039,#2494,#2495);
#2029=AXIS2_PLACEMENT_3D('',#3040,#2496,#2497);
#2030=AXIS2_PLACEMENT_3D('',#3042,#2498,#2499);
#2031=AXIS2_PLACEMENT_3D('',#3044,#2500,#2501);
#2032=AXIS2_PLACEMENT_3D('',#3045,#2502,#2503);
#2033=AXIS2_PLACEMENT_3D('',#3047,#2505,#2506);
#2034=AXIS2_PLACEMENT_3D('',#3050,#2508,#2509);
#2035=AXIS2_PLACEMENT_3D('',#3051,#2510,#2511);
#2036=AXIS2_PLACEMENT_3D('',#3053,#2512,#2513);
#2037=AXIS2_PLACEMENT_3D('',#3055,#2514,#2515);
#2038=AXIS2_PLACEMENT_3D('',#3056,#2516,#2517);
#2039=AXIS2_PLACEMENT_3D('',#3058,#2519,#2520);
#2040=AXIS2_PLACEMENT_3D('',#3061,#2522,#2523);
#2041=AXIS2_PLACEMENT_3D('',#3062,#2524,#2525);
#2042=AXIS2_PLACEMENT_3D('',#3064,#2526,#2527);
#2043=AXIS2_PLACEMENT_3D('',#3066,#2528,#2529);
#2044=AXIS2_PLACEMENT_3D('',#3067,#2530,#2531);
#2045=AXIS2_PLACEMENT_3D('',#3069,#2533,#2534);
#2046=AXIS2_PLACEMENT_3D('',#3072,#2536,#2537);
#2047=AXIS2_PLACEMENT_3D('',#3073,#2538,#2539);
#2048=AXIS2_PLACEMENT_3D('',#3075,#2540,#2541);
#2049=AXIS2_PLACEMENT_3D('',#3077,#2542,#2543);
#2050=AXIS2_PLACEMENT_3D('',#3078,#2544,#2545);
#2051=AXIS2_PLACEMENT_3D('',#3080,#2547,#2548);
#2052=AXIS2_PLACEMENT_3D('',#3083,#2550,#2551);
#2053=AXIS2_PLACEMENT_3D('',#3084,#2552,#2553);
#2054=AXIS2_PLACEMENT_3D('',#3090,#2557,#2558);
#2055=AXIS2_PLACEMENT_3D('',#3094,#2561,#2562);
#2056=AXIS2_PLACEMENT_3D('',#3098,#2565,#2566);
#2057=AXIS2_PLACEMENT_3D('',#3102,#2569,#2570);
#2058=AXIS2_PLACEMENT_3D('',#3108,#2574,#2575);
#2059=AXIS2_PLACEMENT_3D('',#3112,#2578,#2579);
#2060=AXIS2_PLACEMENT_3D('',#3118,#2583,#2584);
#2061=AXIS2_PLACEMENT_3D('',#3120,#2586,#2587);
#2062=AXIS2_PLACEMENT_3D('',#3127,#2592,#2593);
#2063=AXIS2_PLACEMENT_3D('',#3131,#2596,#2597);
#2064=AXIS2_PLACEMENT_3D('',#3133,#2599,#2600);
#2065=AXIS2_PLACEMENT_3D('',#3134,#2601,#2602);
#2066=AXIS2_PLACEMENT_3D('',#3136,#2604,#2605);
#2067=AXIS2_PLACEMENT_3D('',#3140,#2608,#2609);
#2068=AXIS2_PLACEMENT_3D('',#3142,#2611,#2612);
#2069=AXIS2_PLACEMENT_3D('',#3143,#2613,#2614);
#2070=DIRECTION('axis',(0.,0.,1.));
#2071=DIRECTION('refdir',(1.,0.,0.));
#2072=DIRECTION('center_axis',(0.707106781186551,0.,0.707106781186544));
#2073=DIRECTION('ref_axis',(0.707106781186544,0.,-0.707106781186551));
#2074=DIRECTION('',(0.707106781186544,0.,-0.707106781186551));
#2075=DIRECTION('',(0.,1.,0.));
#2076=DIRECTION('',(-0.707106781186544,0.,0.707106781186551));
#2077=DIRECTION('',(0.,-1.,0.));
#2078=DIRECTION('center_axis',(0.,0.,-1.));
#2079=DIRECTION('ref_axis',(0.707106781186548,0.707106781186548,0.));
#2080=DIRECTION('center_axis',(0.,0.,1.));
#2081=DIRECTION('ref_axis',(0.707106781186547,0.707106781186547,0.));
#2082=DIRECTION('',(0.,-0.707106781186544,0.707106781186551));
#2083=DIRECTION('center_axis',(0.,0.,-1.));
#2084=DIRECTION('ref_axis',(0.707106781186548,0.707106781186548,0.));
#2085=DIRECTION('center_axis',(0.,0.707106781186551,0.707106781186544));
#2086=DIRECTION('ref_axis',(1.,0.,0.));
#2087=DIRECTION('',(0.,-0.707106781186544,0.707106781186551));
#2088=DIRECTION('',(1.,0.,0.));
#2089=DIRECTION('',(-1.,0.,0.));
#2090=DIRECTION('center_axis',(0.,0.,-1.));
#2091=DIRECTION('ref_axis',(-0.382683432365089,0.923879532511287,0.));
#2092=DIRECTION('center_axis',(0.,0.,1.));
#2093=DIRECTION('ref_axis',(-0.382683432365089,0.923879532511287,0.));
#2094=DIRECTION('',(0.500000000000004,-0.500000000000004,0.707106781186542));
#2095=DIRECTION('center_axis',(0.,0.,-1.));
#2096=DIRECTION('ref_axis',(-0.382683432365089,0.923879532511287,0.));
#2097=DIRECTION('center_axis',(-0.499999999999988,0.499999999999988,0.707106781186565));
#2098=DIRECTION('ref_axis',(0.816496580927739,0.,0.577350269189607));
#2099=DIRECTION('',(-0.707106781186548,-0.707106781186548,0.));
#2100=DIRECTION('',(0.500000000000016,-0.5,0.707106781186536));
#2101=DIRECTION('',(0.707106781186548,0.707106781186548,0.));
#2102=DIRECTION('center_axis',(0.,0.,1.));
#2103=DIRECTION('ref_axis',(0.38268343236509,-0.923879532511287,0.));
#2104=DIRECTION('center_axis',(0.,0.,-1.));
#2105=DIRECTION('ref_axis',(0.38268343236509,-0.923879532511287,0.));
#2106=DIRECTION('',(0.,-0.707106781186544,0.707106781186551));
#2107=DIRECTION('center_axis',(0.,0.,1.));
#2108=DIRECTION('ref_axis',(0.38268343236509,-0.923879532511287,0.));
#2109=DIRECTION('center_axis',(0.,0.707106781186551,0.707106781186544));
#2110=DIRECTION('ref_axis',(1.,0.,0.));
#2111=DIRECTION('',(0.,-0.707106781186544,0.707106781186551));
#2112=DIRECTION('',(1.,0.,0.));
#2113=DIRECTION('',(-1.,0.,0.));
#2114=DIRECTION('center_axis',(0.,0.,1.));
#2115=DIRECTION('ref_axis',(-0.38268343236509,-0.923879532511287,0.));
#2116=DIRECTION('center_axis',(0.,0.,-1.));
#2117=DIRECTION('ref_axis',(-0.38268343236509,-0.923879532511287,0.));
#2118=DIRECTION('',(-0.499999999999999,-0.499999999999995,0.707106781186552));
#2119=DIRECTION('center_axis',(0.,0.,1.));
#2120=DIRECTION('ref_axis',(-0.38268343236509,-0.923879532511287,0.));
#2121=DIRECTION('center_axis',(0.499999999999995,0.499999999999995,0.707106781186555));
#2122=DIRECTION('ref_axis',(0.816496580927732,0.,-0.577350269189618));
#2123=DIRECTION('',(-0.707106781186548,0.707106781186547,0.));
#2124=DIRECTION('',(-0.500000000000009,-0.499999999999993,0.707106781186546));
#2125=DIRECTION('',(0.707106781186548,-0.707106781186547,0.));
#2126=DIRECTION('center_axis',(0.,0.,-1.));
#2127=DIRECTION('ref_axis',(0.382683432365089,0.923879532511287,0.));
#2128=DIRECTION('center_axis',(0.,0.,1.));
#2129=DIRECTION('ref_axis',(0.382683432365089,0.923879532511287,0.));
#2130=DIRECTION('',(0.,-0.707106781186561,0.707106781186534));
#2131=DIRECTION('center_axis',(0.,0.,-1.));
#2132=DIRECTION('ref_axis',(0.382683432365089,0.923879532511287,0.));
#2133=DIRECTION('center_axis',(0.,0.707106781186551,0.707106781186544));
#2134=DIRECTION('ref_axis',(1.,0.,0.));
#2135=DIRECTION('',(0.,-0.707106781186544,0.707106781186551));
#2136=DIRECTION('',(1.,0.,0.));
#2137=DIRECTION('',(-1.,0.,0.));
#2138=DIRECTION('center_axis',(0.,0.,-1.));
#2139=DIRECTION('ref_axis',(-0.707106781186548,0.707106781186548,0.));
#2140=DIRECTION('center_axis',(0.,0.,1.));
#2141=DIRECTION('ref_axis',(-0.707106781186547,0.707106781186547,0.));
#2142=DIRECTION('',(0.707106781186551,0.,0.707106781186544));
#2143=DIRECTION('center_axis',(0.,0.,-1.));
#2144=DIRECTION('ref_axis',(-0.707106781186548,0.707106781186548,0.));
#2145=DIRECTION('center_axis',(-0.707106781186549,0.,0.707106781186547));
#2146=DIRECTION('ref_axis',(0.707106781186546,0.,0.707106781186548));
#2147=DIRECTION('',(0.707106781186547,0.,0.707106781186549));
#2148=DIRECTION('',(0.,1.,0.));
#2149=DIRECTION('',(0.,-1.,0.));
#2150=DIRECTION('center_axis',(0.,0.,-1.));
#2151=DIRECTION('ref_axis',(-0.707106781186548,-0.707106781186548,0.));
#2152=DIRECTION('center_axis',(0.,0.,1.));
#2153=DIRECTION('ref_axis',(-0.707106781186547,-0.707106781186547,0.));
#2154=DIRECTION('',(0.,0.707106781186547,0.707106781186548));
#2155=DIRECTION('center_axis',(0.,0.,-1.));
#2156=DIRECTION('ref_axis',(-0.707106781186548,-0.707106781186548,0.));
#2157=DIRECTION('center_axis',(0.,-0.707106781186546,0.707106781186549));
#2158=DIRECTION('ref_axis',(1.,0.,0.));
#2159=DIRECTION('',(0.,0.707106781186549,0.707106781186546));
#2160=DIRECTION('',(-1.,0.,0.));
#2161=DIRECTION('',(1.,0.,0.));
#2162=DIRECTION('center_axis',(0.,0.,-1.));
#2163=DIRECTION('ref_axis',(0.38268343236509,-0.923879532511287,0.));
#2164=DIRECTION('center_axis',(0.,0.,1.));
#2165=DIRECTION('ref_axis',(0.38268343236509,-0.923879532511287,0.));
#2166=DIRECTION('',(-0.499999999999999,0.500000000000002,0.707106781186547));
#2167=DIRECTION('center_axis',(0.,0.,-1.));
#2168=DIRECTION('ref_axis',(0.38268343236509,-0.923879532511287,0.));
#2169=DIRECTION('center_axis',(0.500000000000001,-0.500000000000001,0.707106781186546));
#2170=DIRECTION('ref_axis',(0.816496580927724,0.,-0.577350269189628));
#2171=DIRECTION('',(0.707106781186548,0.707106781186548,0.));
#2172=DIRECTION('',(-0.500000000000003,0.499999999999991,0.707106781186552));
#2173=DIRECTION('',(-0.707106781186548,-0.707106781186548,0.));
#2174=DIRECTION('center_axis',(0.,0.,1.));
#2175=DIRECTION('ref_axis',(-0.38268343236509,0.923879532511287,0.));
#2176=DIRECTION('center_axis',(0.,0.,-1.));
#2177=DIRECTION('ref_axis',(-0.38268343236509,0.923879532511287,0.));
#2178=DIRECTION('',(0.,0.707106781186547,0.707106781186547));
#2179=DIRECTION('center_axis',(0.,0.,1.));
#2180=DIRECTION('ref_axis',(-0.38268343236509,0.923879532511287,0.));
#2181=DIRECTION('center_axis',(0.,-0.707106781186547,0.707106781186548));
#2182=DIRECTION('ref_axis',(1.,0.,0.));
#2183=DIRECTION('',(0.,0.707106781186549,0.707106781186546));
#2184=DIRECTION('',(-1.,0.,0.));
#2185=DIRECTION('',(1.,0.,0.));
#2186=DIRECTION('center_axis',(0.,0.,1.));
#2187=DIRECTION('ref_axis',(0.38268343236509,0.923879532511287,0.));
#2188=DIRECTION('center_axis',(0.,0.,-1.));
#2189=DIRECTION('ref_axis',(0.38268343236509,0.923879532511287,0.));
#2190=DIRECTION('',(0.499999999999994,0.499999999999999,0.707106781186552));
#2191=DIRECTION('center_axis',(0.,0.,1.));
#2192=DIRECTION('ref_axis',(0.38268343236509,0.923879532511287,0.));
#2193=DIRECTION('center_axis',(-0.500000000000007,-0.500000000000007,0.707106781186538));
#2194=DIRECTION('ref_axis',(0.816496580927719,0.,0.577350269189636));
#2195=DIRECTION('',(0.707106781186548,-0.707106781186548,0.));
#2196=DIRECTION('',(0.499999999999998,0.499999999999987,0.707106781186558));
#2197=DIRECTION('',(-0.707106781186548,0.707106781186548,0.));
#2198=DIRECTION('center_axis',(0.,0.,-1.));
#2199=DIRECTION('ref_axis',(-0.38268343236509,-0.923879532511287,0.));
#2200=DIRECTION('center_axis',(0.,0.,1.));
#2201=DIRECTION('ref_axis',(-0.38268343236509,-0.923879532511287,0.));
#2202=DIRECTION('',(0.,0.70710678118655,0.707106781186545));
#2203=DIRECTION('center_axis',(0.,0.,-1.));
#2204=DIRECTION('ref_axis',(-0.38268343236509,-0.923879532511287,0.));
#2205=DIRECTION('center_axis',(0.,-0.707106781186546,0.707106781186549));
#2206=DIRECTION('ref_axis',(1.,0.,0.));
#2207=DIRECTION('',(0.,0.707106781186549,0.707106781186546));
#2208=DIRECTION('',(-1.,0.,0.));
#2209=DIRECTION('',(1.,0.,0.));
#2210=DIRECTION('center_axis',(0.,0.,-1.));
#2211=DIRECTION('ref_axis',(0.707106781186547,-0.707106781186547,0.));
#2212=DIRECTION('center_axis',(0.,0.,1.));
#2213=DIRECTION('ref_axis',(0.707106781186547,-0.707106781186547,0.));
#2214=DIRECTION('',(-0.707106781186528,0.,0.707106781186567));
#2215=DIRECTION('center_axis',(0.,0.,-1.));
#2216=DIRECTION('ref_axis',(0.707106781186547,-0.707106781186547,0.));
#2217=DIRECTION('center_axis',(0.707106781186551,0.,0.707106781186544));
#2218=DIRECTION('ref_axis',(0.707106781186544,0.,-0.707106781186551));
#2219=DIRECTION('',(-0.707106781186544,0.,0.707106781186551));
#2220=DIRECTION('',(0.,-1.,0.));
#2221=DIRECTION('',(0.,1.,0.));
#2222=DIRECTION('center_axis',(0.,0.,1.));
#2223=DIRECTION('ref_axis',(1.,0.,0.));
#2224=DIRECTION('',(-1.,0.,0.));
#2225=DIRECTION('',(0.,-1.,0.));
#2226=DIRECTION('',(-1.,0.,0.));
#2227=DIRECTION('',(0.,1.,0.));
#2228=DIRECTION('',(-1.,0.,0.));
#2229=DIRECTION('',(0.,-1.,0.));
#2230=DIRECTION('',(-1.,0.,0.));
#2231=DIRECTION('',(0.,1.,0.));
#2232=DIRECTION('',(1.,0.,0.));
#2233=DIRECTION('',(0.,-1.,0.));
#2234=DIRECTION('',(1.,0.,0.));
#2235=DIRECTION('',(0.,1.,0.));
#2236=DIRECTION('',(1.,0.,0.));
#2237=DIRECTION('',(0.,-1.,0.));
#2238=DIRECTION('',(1.,0.,0.));
#2239=DIRECTION('center_axis',(0.,-1.,0.));
#2240=DIRECTION('ref_axis',(0.,0.,1.));
#2241=DIRECTION('',(0.,0.,1.));
#2242=DIRECTION('',(0.707106781186548,0.,0.707106781186547));
#2243=DIRECTION('',(-1.,0.,0.));
#2244=DIRECTION('',(0.,0.,1.));
#2245=DIRECTION('',(-1.,0.,0.));
#2246=DIRECTION('',(0.,0.,-1.));
#2247=DIRECTION('center_axis',(1.,0.,0.));
#2248=DIRECTION('ref_axis',(0.,0.,-1.));
#2249=DIRECTION('',(0.,1.,0.));
#2250=DIRECTION('',(0.,-1.,0.));
#2251=DIRECTION('',(0.,0.,-1.));
#2252=DIRECTION('center_axis',(0.707106781186547,0.,-0.707106781186548));
#2253=DIRECTION('ref_axis',(-0.707106781186548,0.,-0.707106781186547));
#2254=DIRECTION('',(-0.707106781186548,0.,-0.707106781186547));
#2255=DIRECTION('',(0.,1.,0.));
#2256=DIRECTION('',(-0.707106781186544,0.,-0.707106781186551));
#2257=DIRECTION('',(0.,-1.,0.));
#2258=DIRECTION('center_axis',(0.707106781186547,0.,-0.707106781186548));
#2259=DIRECTION('ref_axis',(-0.707106781186548,0.,-0.707106781186547));
#2260=DIRECTION('',(0.,-1.,0.));
#2261=DIRECTION('',(-0.707106781186548,0.,-0.707106781186547));
#2262=DIRECTION('',(0.,1.,0.));
#2263=DIRECTION('center_axis',(1.,0.,0.));
#2264=DIRECTION('ref_axis',(0.,1.,0.));
#2265=DIRECTION('',(0.,0.,-1.));
#2266=DIRECTION('',(0.,0.,-1.));
#2267=DIRECTION('center_axis',(1.,0.,0.));
#2268=DIRECTION('ref_axis',(0.,1.,0.));
#2269=DIRECTION('',(0.,0.,1.));
#2270=DIRECTION('center_axis',(1.,0.,0.));
#2271=DIRECTION('ref_axis',(0.,-1.,0.));
#2272=DIRECTION('',(0.,0.,-1.));
#2273=DIRECTION('',(0.,0.,1.));
#2274=DIRECTION('',(0.,-1.,0.));
#2275=DIRECTION('center_axis',(1.,0.,0.));
#2276=DIRECTION('ref_axis',(0.,-1.,0.));
#2277=DIRECTION('',(0.,-1.,0.));
#2278=DIRECTION('',(0.,0.,-1.));
#2279=DIRECTION('',(0.,-1.,0.));
#2280=DIRECTION('',(0.,0.,-1.));
#2281=DIRECTION('center_axis',(0.,0.707106781186547,-0.707106781186548));
#2282=DIRECTION('ref_axis',(-1.,0.,0.));
#2283=DIRECTION('',(0.,-0.707106781186548,-0.707106781186547));
#2284=DIRECTION('',(-1.,0.,0.));
#2285=DIRECTION('',(0.,0.707106781186548,0.707106781186547));
#2286=DIRECTION('',(1.,0.,0.));
#2287=DIRECTION('center_axis',(0.,0.,-1.));
#2288=DIRECTION('ref_axis',(0.38268343236509,-0.923879532511287,0.));
#2289=DIRECTION('center_axis',(0.,0.,1.));
#2290=DIRECTION('ref_axis',(0.38268343236509,-0.923879532511287,0.));
#2291=DIRECTION('',(0.499999999999999,-0.499999999999999,-0.707106781186548));
#2292=DIRECTION('center_axis',(0.,0.,-1.));
#2293=DIRECTION('ref_axis',(0.38268343236509,-0.923879532511287,0.));
#2294=DIRECTION('center_axis',(-0.500000000000001,0.500000000000001,-0.707106781186547));
#2295=DIRECTION('ref_axis',(-0.816496580927725,0.,0.577350269189627));
#2296=DIRECTION('',(0.707106781186548,0.707106781186548,0.));
#2297=DIRECTION('',(0.500000000000001,-0.499999999999996,-0.70710678118655));
#2298=DIRECTION('',(-0.707106781186548,-0.707106781186548,0.));
#2299=DIRECTION('center_axis',(0.,0.,1.));
#2300=DIRECTION('ref_axis',(-0.382683432365089,0.923879532511287,0.));
#2301=DIRECTION('center_axis',(0.,0.,-1.));
#2302=DIRECTION('ref_axis',(-0.382683432365089,0.923879532511287,0.));
#2303=DIRECTION('',(0.,-0.70710678118655,-0.707106781186545));
#2304=DIRECTION('center_axis',(0.,0.,1.));
#2305=DIRECTION('ref_axis',(-0.382683432365089,0.923879532511287,0.));
#2306=DIRECTION('center_axis',(0.,0.707106781186547,-0.707106781186548));
#2307=DIRECTION('ref_axis',(-1.,0.,0.));
#2308=DIRECTION('',(1.,0.,0.));
#2309=DIRECTION('',(0.,-0.707106781186548,-0.707106781186547));
#2310=DIRECTION('',(-1.,0.,0.));
#2311=DIRECTION('center_axis',(0.,0.,1.));
#2312=DIRECTION('ref_axis',(0.707106781186548,0.707106781186548,0.));
#2313=DIRECTION('center_axis',(0.,0.,-1.));
#2314=DIRECTION('ref_axis',(0.707106781186547,0.707106781186547,0.));
#2315=DIRECTION('center_axis',(0.,0.,1.));
#2316=DIRECTION('ref_axis',(0.707106781186548,0.707106781186548,0.));
#2317=DIRECTION('center_axis',(0.,0.,1.));
#2318=DIRECTION('ref_axis',(0.707106781186548,-0.707106781186548,0.));
#2319=DIRECTION('center_axis',(0.,0.,-1.));
#2320=DIRECTION('ref_axis',(0.707106781186547,-0.707106781186547,0.));
#2321=DIRECTION('',(0.,0.707106781186547,-0.707106781186548));
#2322=DIRECTION('center_axis',(0.,0.,1.));
#2323=DIRECTION('ref_axis',(0.707106781186548,-0.707106781186548,0.));
#2324=DIRECTION('center_axis',(0.,-0.707106781186548,-0.707106781186547));
#2325=DIRECTION('ref_axis',(-1.,0.,0.));
#2326=DIRECTION('',(-1.,0.,0.));
#2327=DIRECTION('',(0.,0.707106781186547,-0.707106781186548));
#2328=DIRECTION('',(1.,0.,0.));
#2329=DIRECTION('center_axis',(0.,0.,1.));
#2330=DIRECTION('ref_axis',(-0.38268343236509,-0.923879532511287,0.));
#2331=DIRECTION('center_axis',(0.,0.,-1.));
#2332=DIRECTION('ref_axis',(-0.38268343236509,-0.923879532511287,0.));
#2333=DIRECTION('',(0.499999999999999,0.500000000000001,-0.707106781186548));
#2334=DIRECTION('center_axis',(0.,0.,1.));
#2335=DIRECTION('ref_axis',(-0.38268343236509,-0.923879532511287,0.));
#2336=DIRECTION('center_axis',(-0.500000000000003,-0.500000000000003,-0.707106781186544));
#2337=DIRECTION('ref_axis',(-0.816496580927723,0.,0.57735026918963));
#2338=DIRECTION('',(-0.707106781186548,0.707106781186548,0.));
#2339=DIRECTION('',(0.499999999999997,0.499999999999997,-0.707106781186551));
#2340=DIRECTION('',(0.707106781186548,-0.707106781186548,0.));
#2341=DIRECTION('center_axis',(0.,0.,-1.));
#2342=DIRECTION('ref_axis',(0.38268343236509,0.923879532511287,0.));
#2343=DIRECTION('center_axis',(0.,0.,1.));
#2344=DIRECTION('ref_axis',(0.38268343236509,0.923879532511287,0.));
#2345=DIRECTION('',(0.,0.707106781186547,-0.707106781186548));
#2346=DIRECTION('center_axis',(0.,0.,-1.));
#2347=DIRECTION('ref_axis',(0.38268343236509,0.923879532511287,0.));
#2348=DIRECTION('center_axis',(0.,-0.707106781186547,-0.707106781186548));
#2349=DIRECTION('ref_axis',(-1.,0.,0.));
#2350=DIRECTION('',(1.04672830578918E-15,0.707106781186548,-0.707106781186547));
#2351=DIRECTION('',(1.,0.,0.));
#2352=DIRECTION('',(-1.,0.,0.));
#2353=DIRECTION('center_axis',(0.,0.,-1.));
#2354=DIRECTION('ref_axis',(-0.38268343236509,0.923879532511287,0.));
#2355=DIRECTION('center_axis',(0.,0.,1.));
#2356=DIRECTION('ref_axis',(-0.38268343236509,0.923879532511287,0.));
#2357=DIRECTION('',(-0.5,0.5,-0.707106781186547));
#2358=DIRECTION('center_axis',(0.,0.,-1.));
#2359=DIRECTION('ref_axis',(-0.38268343236509,0.923879532511287,0.));
#2360=DIRECTION('center_axis',(0.5,-0.5,-0.707106781186547));
#2361=DIRECTION('ref_axis',(-0.816496580927726,0.,-0.577350269189626));
#2362=DIRECTION('',(-0.707106781186548,-0.707106781186548,0.));
#2363=DIRECTION('',(-0.5,0.5,-0.707106781186548));
#2364=DIRECTION('',(0.707106781186548,0.707106781186548,0.));
#2365=DIRECTION('center_axis',(0.,0.,1.));
#2366=DIRECTION('ref_axis',(0.38268343236509,-0.923879532511287,0.));
#2367=DIRECTION('center_axis',(0.,0.,-1.));
#2368=DIRECTION('ref_axis',(0.38268343236509,-0.923879532511287,0.));
#2369=DIRECTION('',(0.,0.707106781186548,-0.707106781186548));
#2370=DIRECTION('center_axis',(0.,0.,1.));
#2371=DIRECTION('ref_axis',(0.38268343236509,-0.923879532511287,0.));
#2372=DIRECTION('center_axis',(0.,-0.707106781186548,-0.707106781186547));
#2373=DIRECTION('ref_axis',(-1.,0.,0.));
#2374=DIRECTION('',(-1.,0.,0.));
#2375=DIRECTION('',(0.,0.707106781186547,-0.707106781186548));
#2376=DIRECTION('',(1.,0.,0.));
#2377=DIRECTION('center_axis',(0.,0.,1.));
#2378=DIRECTION('ref_axis',(-0.707106781186548,-0.707106781186548,0.));
#2379=DIRECTION('center_axis',(0.,0.,-1.));
#2380=DIRECTION('ref_axis',(-0.707106781186547,-0.707106781186547,0.));
#2381=DIRECTION('',(0.707106781186547,0.,-0.707106781186548));
#2382=DIRECTION('center_axis',(0.,0.,1.));
#2383=DIRECTION('ref_axis',(-0.707106781186548,-0.707106781186548,0.));
#2384=DIRECTION('center_axis',(-0.707106781186547,0.,-0.707106781186548));
#2385=DIRECTION('ref_axis',(-0.707106781186548,0.,0.707106781186547));
#2386=DIRECTION('',(0.,1.,0.));
#2387=DIRECTION('',(0.707106781186548,0.,-0.707106781186547));
#2388=DIRECTION('',(0.,-1.,0.));
#2389=DIRECTION('center_axis',(0.,0.,1.));
#2390=DIRECTION('ref_axis',(-0.707106781186548,0.707106781186548,0.));
#2391=DIRECTION('center_axis',(0.,0.,-1.));
#2392=DIRECTION('ref_axis',(-0.707106781186547,0.707106781186547,0.));
#2393=DIRECTION('',(0.,-0.707106781186548,-0.707106781186547));
#2394=DIRECTION('center_axis',(0.,0.,1.));
#2395=DIRECTION('ref_axis',(-0.707106781186548,0.707106781186548,0.));
#2396=DIRECTION('center_axis',(0.,0.707106781186547,-0.707106781186548));
#2397=DIRECTION('ref_axis',(-1.,0.,0.));
#2398=DIRECTION('',(1.,0.,0.));
#2399=DIRECTION('',(0.,-0.707106781186548,-0.707106781186547));
#2400=DIRECTION('',(-1.,0.,0.));
#2401=DIRECTION('center_axis',(0.,0.,1.));
#2402=DIRECTION('ref_axis',(0.382683432365089,0.923879532511287,0.));
#2403=DIRECTION('center_axis',(0.,0.,-1.));
#2404=DIRECTION('ref_axis',(0.382683432365089,0.923879532511287,0.));
#2405=DIRECTION('',(-0.500000000000003,-0.499999999999998,-0.707106781186547));
#2406=DIRECTION('center_axis',(0.,0.,1.));
#2407=DIRECTION('ref_axis',(0.382683432365089,0.923879532511287,0.));
#2408=DIRECTION('center_axis',(0.500000000000001,0.500000000000001,-0.707106781186546));
#2409=DIRECTION('ref_axis',(-0.816496580927725,0.,-0.577350269189627));
#2410=DIRECTION('',(0.707106781186548,-0.707106781186547,0.));
#2411=DIRECTION('',(-0.499999999999998,-0.5,-0.707106781186549));
#2412=DIRECTION('',(-0.707106781186548,0.707106781186547,0.));
#2413=DIRECTION('center_axis',(0.,0.,-1.));
#2414=DIRECTION('ref_axis',(-0.38268343236509,-0.923879532511287,0.));
#2415=DIRECTION('center_axis',(0.,0.,1.));
#2416=DIRECTION('ref_axis',(-0.38268343236509,-0.923879532511287,0.));
#2417=DIRECTION('center_axis',(0.,0.,-1.));
#2418=DIRECTION('ref_axis',(-0.38268343236509,-0.923879532511287,0.));
#2419=DIRECTION('center_axis',(0.,0.,-1.));
#2420=DIRECTION('ref_axis',(0.38268343236509,0.923879532511287,0.));
#2421=DIRECTION('',(0.,0.,-1.));
#2422=DIRECTION('',(0.,0.,1.));
#2423=DIRECTION('center_axis',(-0.707106781186548,-0.707106781186548,0.));
#2424=DIRECTION('ref_axis',(0.,0.,1.));
#2425=DIRECTION('',(0.,0.,-1.));
#2426=DIRECTION('center_axis',(0.,0.,-1.));
#2427=DIRECTION('ref_axis',(-0.38268343236509,-0.923879532511287,0.));
#2428=DIRECTION('',(0.,0.,1.));
#2429=DIRECTION('center_axis',(0.,-1.,0.));
#2430=DIRECTION('ref_axis',(1.,0.,0.));
#2431=DIRECTION('',(0.,0.,-1.));
#2432=DIRECTION('center_axis',(0.,0.,1.));
#2433=DIRECTION('ref_axis',(0.707106781186547,-0.707106781186547,0.));
#2434=DIRECTION('center_axis',(0.,0.,1.));
#2435=DIRECTION('ref_axis',(0.707106781186547,0.707106781186547,0.));
#2436=DIRECTION('',(0.,0.,1.));
#2437=DIRECTION('center_axis',(0.,1.,0.));
#2438=DIRECTION('ref_axis',(-1.,0.,0.));
#2439=DIRECTION('',(0.,0.,-1.));
#2440=DIRECTION('center_axis',(0.,0.,1.));
#2441=DIRECTION('ref_axis',(-0.382683432365089,0.923879532511287,0.));
#2442=DIRECTION('',(0.,0.,1.));
#2443=DIRECTION('center_axis',(-0.707106781186548,0.707106781186548,0.));
#2444=DIRECTION('ref_axis',(0.,0.,1.));
#2445=DIRECTION('',(0.,0.,-1.));
#2446=DIRECTION('center_axis',(0.,0.,1.));
#2447=DIRECTION('ref_axis',(0.38268343236509,-0.923879532511287,0.));
#2448=DIRECTION('',(0.,0.,1.));
#2449=DIRECTION('center_axis',(0.,-1.,0.));
#2450=DIRECTION('ref_axis',(1.,0.,0.));
#2451=DIRECTION('',(0.,0.,-1.));
#2452=DIRECTION('center_axis',(0.,0.,1.));
#2453=DIRECTION('ref_axis',(1.,0.,0.));
#2454=DIRECTION('',(1.,0.,0.));
#2455=DIRECTION('center_axis',(0.,0.,1.));
#2456=DIRECTION('ref_axis',(1.,0.,0.));
#2457=DIRECTION('center_axis',(0.,0.,1.));
#2458=DIRECTION('ref_axis',(1.,0.,0.));
#2459=DIRECTION('center_axis',(0.,0.,1.));
#2460=DIRECTION('ref_axis',(1.,0.,0.));
#2461=DIRECTION('center_axis',(0.,0.,1.));
#2462=DIRECTION('ref_axis',(1.,0.,0.));
#2463=DIRECTION('center_axis',(0.,1.,0.));
#2464=DIRECTION('ref_axis',(-1.,0.,0.));
#2465=DIRECTION('',(0.,0.,1.));
#2466=DIRECTION('center_axis',(0.,0.,1.));
#2467=DIRECTION('ref_axis',(0.38268343236509,-0.923879532511287,0.));
#2468=DIRECTION('',(0.,0.,-1.));
#2469=DIRECTION('',(0.,0.,1.));
#2470=DIRECTION('center_axis',(0.707106781186548,-0.707106781186548,0.));
#2471=DIRECTION('ref_axis',(0.,0.,-1.));
#2472=DIRECTION('',(0.,0.,-1.));
#2473=DIRECTION('center_axis',(0.,0.,1.));
#2474=DIRECTION('ref_axis',(-0.38268343236509,0.923879532511287,0.));
#2475=DIRECTION('center_axis',(0.,0.,-1.));
#2476=DIRECTION('ref_axis',(-0.38268343236509,-0.923879532511287,0.));
#2477=DIRECTION('',(0.,0.,1.));
#2478=DIRECTION('center_axis',(0.,0.,-1.));
#2479=DIRECTION('ref_axis',(0.382683432365089,0.923879532511287,0.));
#2480=DIRECTION('',(0.,0.,-1.));
#2481=DIRECTION('',(0.,0.,1.));
#2482=DIRECTION('center_axis',(0.,1.,0.));
#2483=DIRECTION('ref_axis',(-1.,0.,0.));
#2484=DIRECTION('',(0.,0.,-1.));
#2485=DIRECTION('center_axis',(0.,0.,1.));
#2486=DIRECTION('ref_axis',(-0.707106781186547,-0.707106781186547,0.));
#2487=DIRECTION('',(0.,0.,-1.));
#2488=DIRECTION('',(0.,0.,1.));
#2489=DIRECTION('center_axis',(-1.,0.,0.));
#2490=DIRECTION('ref_axis',(0.,-1.,0.));
#2491=DIRECTION('',(0.,0.,1.));
#2492=DIRECTION('center_axis',(0.,0.,1.));
#2493=DIRECTION('ref_axis',(-0.707106781186547,0.707106781186547,0.));
#2494=DIRECTION('center_axis',(0.707106781186547,0.707106781186548,0.));
#2495=DIRECTION('ref_axis',(0.,0.,-1.));
#2496=DIRECTION('center_axis',(0.,0.,1.));
#2497=DIRECTION('ref_axis',(1.,0.,0.));
#2498=DIRECTION('center_axis',(0.,0.,1.));
#2499=DIRECTION('ref_axis',(1.,0.,0.));
#2500=DIRECTION('center_axis',(0.,0.,1.));
#2501=DIRECTION('ref_axis',(1.,0.,0.));
#2502=DIRECTION('center_axis',(0.,0.,1.));
#2503=DIRECTION('ref_axis',(1.,0.,0.));
#2504=DIRECTION('',(0.,0.,1.));
#2505=DIRECTION('center_axis',(0.,0.,1.));
#2506=DIRECTION('ref_axis',(1.,0.,0.));
#2507=DIRECTION('',(0.,0.,1.));
#2508=DIRECTION('center_axis',(0.,0.,1.));
#2509=DIRECTION('ref_axis',(1.,0.,0.));
#2510=DIRECTION('center_axis',(0.,0.,1.));
#2511=DIRECTION('ref_axis',(1.,0.,0.));
#2512=DIRECTION('center_axis',(0.,0.,1.));
#2513=DIRECTION('ref_axis',(1.,0.,0.));
#2514=DIRECTION('center_axis',(0.,0.,1.));
#2515=DIRECTION('ref_axis',(1.,0.,0.));
#2516=DIRECTION('center_axis',(0.,0.,1.));
#2517=DIRECTION('ref_axis',(1.,0.,0.));
#2518=DIRECTION('',(0.,0.,1.));
#2519=DIRECTION('center_axis',(0.,0.,1.));
#2520=DIRECTION('ref_axis',(1.,0.,0.));
#2521=DIRECTION('',(0.,0.,1.));
#2522=DIRECTION('center_axis',(0.,0.,1.));
#2523=DIRECTION('ref_axis',(1.,0.,0.));
#2524=DIRECTION('center_axis',(0.,0.,1.));
#2525=DIRECTION('ref_axis',(1.,0.,0.));
#2526=DIRECTION('center_axis',(0.,0.,1.));
#2527=DIRECTION('ref_axis',(1.,0.,0.));
#2528=DIRECTION('center_axis',(0.,0.,1.));
#2529=DIRECTION('ref_axis',(1.,0.,0.));
#2530=DIRECTION('center_axis',(0.,0.,1.));
#2531=DIRECTION('ref_axis',(1.,0.,0.));
#2532=DIRECTION('',(0.,0.,1.));
#2533=DIRECTION('center_axis',(0.,0.,1.));
#2534=DIRECTION('ref_axis',(1.,0.,0.));
#2535=DIRECTION('',(0.,0.,1.));
#2536=DIRECTION('center_axis',(0.,0.,1.));
#2537=DIRECTION('ref_axis',(1.,0.,0.));
#2538=DIRECTION('center_axis',(0.,0.,1.));
#2539=DIRECTION('ref_axis',(1.,0.,0.));
#2540=DIRECTION('center_axis',(0.,0.,1.));
#2541=DIRECTION('ref_axis',(1.,0.,0.));
#2542=DIRECTION('center_axis',(0.,0.,1.));
#2543=DIRECTION('ref_axis',(1.,0.,0.));
#2544=DIRECTION('center_axis',(0.,0.,1.));
#2545=DIRECTION('ref_axis',(1.,0.,0.));
#2546=DIRECTION('',(0.,0.,1.));
#2547=DIRECTION('center_axis',(0.,0.,1.));
#2548=DIRECTION('ref_axis',(1.,0.,0.));
#2549=DIRECTION('',(0.,0.,1.));
#2550=DIRECTION('center_axis',(0.,0.,1.));
#2551=DIRECTION('ref_axis',(1.,0.,0.));
#2552=DIRECTION('center_axis',(1.,0.,0.));
#2553=DIRECTION('ref_axis',(0.,-1.,0.));
#2554=DIRECTION('',(0.,1.,0.));
#2555=DIRECTION('',(0.,0.,-1.));
#2556=DIRECTION('',(0.,0.,1.));
#2557=DIRECTION('center_axis',(0.,1.,0.));
#2558=DIRECTION('ref_axis',(1.,0.,0.));
#2559=DIRECTION('',(-1.,0.,0.));
#2560=DIRECTION('',(0.,0.,-1.));
#2561=DIRECTION('center_axis',(0.,1.,0.));
#2562=DIRECTION('ref_axis',(1.,0.,0.));
#2563=DIRECTION('',(0.,0.,1.));
#2564=DIRECTION('',(1.,0.,0.));
#2565=DIRECTION('center_axis',(-1.,0.,0.));
#2566=DIRECTION('ref_axis',(0.,1.,0.));
#2567=DIRECTION('',(0.,0.,1.));
#2568=DIRECTION('',(0.,1.,0.));
#2569=DIRECTION('center_axis',(1.,0.,0.));
#2570=DIRECTION('ref_axis',(0.,-1.,0.));
#2571=DIRECTION('',(0.,1.,0.));
#2572=DIRECTION('',(0.,0.,1.));
#2573=DIRECTION('',(0.,0.,1.));
#2574=DIRECTION('center_axis',(0.,-1.,0.));
#2575=DIRECTION('ref_axis',(-1.,0.,0.));
#2576=DIRECTION('',(1.,0.,0.));
#2577=DIRECTION('',(0.,0.,-1.));
#2578=DIRECTION('center_axis',(-1.,0.,0.));
#2579=DIRECTION('ref_axis',(0.,1.,0.));
#2580=DIRECTION('',(0.,-1.,0.));
#2581=DIRECTION('',(0.,0.,1.));
#2582=DIRECTION('',(0.,0.,-1.));
#2583=DIRECTION('center_axis',(0.,-1.,0.));
#2584=DIRECTION('ref_axis',(-1.,0.,0.));
#2585=DIRECTION('',(-1.,0.,0.));
#2586=DIRECTION('center_axis',(0.,1.,0.));
#2587=DIRECTION('ref_axis',(1.,0.,0.));
#2588=DIRECTION('',(1.,0.,0.));
#2589=DIRECTION('',(1.,0.,0.));
#2590=DIRECTION('',(0.,0.,1.));
#2591=DIRECTION('',(1.,0.,0.));
#2592=DIRECTION('center_axis',(0.,0.,1.));
#2593=DIRECTION('ref_axis',(1.,0.,0.));
#2594=DIRECTION('',(0.,-1.,0.));
#2595=DIRECTION('',(-1.,0.,0.));
#2596=DIRECTION('center_axis',(0.,0.,1.));
#2597=DIRECTION('ref_axis',(1.,0.,0.));
#2598=DIRECTION('',(1.,0.,0.));
#2599=DIRECTION('center_axis',(0.,0.,1.));
#2600=DIRECTION('ref_axis',(1.,0.,0.));
#2601=DIRECTION('center_axis',(0.,0.,1.));
#2602=DIRECTION('ref_axis',(1.,0.,0.));
#2603=DIRECTION('',(0.,1.,0.));
#2604=DIRECTION('center_axis',(0.,-1.,0.));
#2605=DIRECTION('ref_axis',(-1.,0.,0.));
#2606=DIRECTION('',(1.,0.,0.));
#2607=DIRECTION('',(0.,0.,-1.));
#2608=DIRECTION('center_axis',(-1.,0.,0.));
#2609=DIRECTION('ref_axis',(0.,1.,0.));
#2610=DIRECTION('',(0.,-1.,0.));
#2611=DIRECTION('center_axis',(0.,0.,1.));
#2612=DIRECTION('ref_axis',(1.,0.,0.));
#2613=DIRECTION('center_axis',(0.,-1.,0.));
#2614=DIRECTION('ref_axis',(1.,0.,0.));
#2615=CARTESIAN_POINT('',(0.,0.,0.));
#2616=CARTESIAN_POINT('Origin',(174.525,30.315,12.625));
#2617=CARTESIAN_POINT('',(174.15,116.39,13.));
#2618=CARTESIAN_POINT('',(174.9,116.39,12.25));
#2619=CARTESIAN_POINT('',(134.05,116.39,53.1));
#2620=CARTESIAN_POINT('',(174.9,126.26,12.25));
#2621=CARTESIAN_POINT('',(174.9,30.315,12.25));
#2622=CARTESIAN_POINT('',(174.15,126.26,13.));
#2623=CARTESIAN_POINT('',(174.9,126.26,12.25));
#2624=CARTESIAN_POINT('',(174.15,30.315,13.));
#2625=CARTESIAN_POINT('Origin',(164.9,126.26,12.625));
#2626=CARTESIAN_POINT('',(164.9,136.26,12.25));
#2627=CARTESIAN_POINT('Origin',(164.9,126.26,12.25));
#2628=CARTESIAN_POINT('',(164.9,135.51,13.));
#2629=CARTESIAN_POINT('',(164.9,136.26,12.25));
#2630=CARTESIAN_POINT('Origin',(164.9,126.26,13.));
#2631=CARTESIAN_POINT('Origin',(128.675,135.885,12.625));
#2632=CARTESIAN_POINT('',(148.006601717798,136.26,12.25));
#2633=CARTESIAN_POINT('',(148.006601717798,135.51,13.));
#2634=CARTESIAN_POINT('',(148.006601717798,136.26,12.25));
#2635=CARTESIAN_POINT('',(128.675,135.51,13.));
#2636=CARTESIAN_POINT('',(128.675,136.26,12.25));
#2637=CARTESIAN_POINT('Origin',(148.006601717798,128.76,12.625));
#2638=CARTESIAN_POINT('',(142.703300858899,134.063300858899,12.25));
#2639=CARTESIAN_POINT('Origin',(148.006601717798,128.76,12.25));
#2640=CARTESIAN_POINT('',(143.233630944789,133.532970773009,13.));
#2641=CARTESIAN_POINT('',(142.703300858899,134.063300858899,12.25));
#2642=CARTESIAN_POINT('Origin',(148.006601717798,128.76,13.));
#2643=CARTESIAN_POINT('Origin',(110.020165042945,100.849834957055,12.625));
#2644=CARTESIAN_POINT('',(139.596699141101,130.956699141101,12.25));
#2645=CARTESIAN_POINT('',(109.755,101.115,12.25));
#2646=CARTESIAN_POINT('',(140.127029226991,130.426369055211,13.));
#2647=CARTESIAN_POINT('',(139.596699141101,130.956699141101,12.25));
#2648=CARTESIAN_POINT('',(110.28533008589,100.58466991411,13.));
#2649=CARTESIAN_POINT('Origin',(134.293398282202,136.26,12.625));
#2650=CARTESIAN_POINT('',(134.293398282202,128.76,12.25));
#2651=CARTESIAN_POINT('Origin',(134.293398282202,136.26,12.25));
#2652=CARTESIAN_POINT('',(134.293398282202,128.01,13.));
#2653=CARTESIAN_POINT('',(134.293398282202,128.76,12.25));
#2654=CARTESIAN_POINT('Origin',(134.293398282202,136.26,13.));
#2655=CARTESIAN_POINT('Origin',(51.225,128.385,12.625));
#2656=CARTESIAN_POINT('',(30.6066017177982,128.76,12.25));
#2657=CARTESIAN_POINT('',(30.6066017177982,128.01,13.));
#2658=CARTESIAN_POINT('',(30.6066017177982,128.76,12.25));
#2659=CARTESIAN_POINT('',(51.225,128.01,13.));
#2660=CARTESIAN_POINT('',(51.225,128.76,12.25));
#2661=CARTESIAN_POINT('Origin',(30.6066017177982,136.26,12.625));
#2662=CARTESIAN_POINT('',(25.3033008588991,130.956699141101,12.25));
#2663=CARTESIAN_POINT('Origin',(30.6066017177982,136.26,12.25));
#2664=CARTESIAN_POINT('',(24.7729707730092,130.426369055211,13.));
#2665=CARTESIAN_POINT('',(25.3033008588991,130.956699141101,12.25));
#2666=CARTESIAN_POINT('Origin',(30.6066017177982,136.26,13.));
#2667=CARTESIAN_POINT('Origin',(54.8798349570551,100.849834957055,12.625));
#2668=CARTESIAN_POINT('',(22.1966991411009,134.063300858899,12.25));
#2669=CARTESIAN_POINT('',(55.145,101.115,12.25));
#2670=CARTESIAN_POINT('',(21.666369055211,133.532970773009,13.));
#2671=CARTESIAN_POINT('',(22.1966991411009,134.063300858899,12.25));
#2672=CARTESIAN_POINT('',(54.6146699141101,100.58466991411,13.));
#2673=CARTESIAN_POINT('Origin',(16.8933982822018,128.76,12.625));
#2674=CARTESIAN_POINT('',(16.8933982822018,136.26,12.25));
#2675=CARTESIAN_POINT('Origin',(16.8933982822018,128.76,12.25));
#2676=CARTESIAN_POINT('',(16.8933982822018,135.51,13.));
#2677=CARTESIAN_POINT('',(16.8933982822018,136.26,12.25));
#2678=CARTESIAN_POINT('Origin',(16.8933982822018,128.76,13.));
#2679=CARTESIAN_POINT('Origin',(128.675,135.885,12.625));
#2680=CARTESIAN_POINT('',(0.,136.26,12.25));
#2681=CARTESIAN_POINT('',(0.,135.51,13.));
#2682=CARTESIAN_POINT('',(0.,136.26,12.25));
#2683=CARTESIAN_POINT('',(128.675,135.51,13.));
#2684=CARTESIAN_POINT('',(128.675,136.26,12.25));
#2685=CARTESIAN_POINT('Origin',(0.,126.26,12.625));
#2686=CARTESIAN_POINT('',(-10.,126.26,12.25));
#2687=CARTESIAN_POINT('Origin',(0.,126.26,12.25));
#2688=CARTESIAN_POINT('',(-9.24999999999999,126.26,13.));
#2689=CARTESIAN_POINT('',(-10.,126.26,12.25));
#2690=CARTESIAN_POINT('Origin',(0.,126.26,13.));
#2691=CARTESIAN_POINT('Origin',(-9.625,100.945,12.625));
#2692=CARTESIAN_POINT('',(-10.,5.,12.25));
#2693=CARTESIAN_POINT('',(-9.25,5.,13.));
#2694=CARTESIAN_POINT('',(-10.,5.,12.25));
#2695=CARTESIAN_POINT('',(-9.25,100.945,13.));
#2696=CARTESIAN_POINT('',(-10.,100.945,12.25));
#2697=CARTESIAN_POINT('Origin',(0.,5.,12.625));
#2698=CARTESIAN_POINT('',(0.,-5.,12.25));
#2699=CARTESIAN_POINT('Origin',(0.,5.,12.25));
#2700=CARTESIAN_POINT('',(0.,-4.25,13.));
#2701=CARTESIAN_POINT('',(0.,-5.,12.25));
#2702=CARTESIAN_POINT('Origin',(0.,5.,13.));
#2703=CARTESIAN_POINT('Origin',(36.225,-4.625,12.625));
#2704=CARTESIAN_POINT('',(16.8933982822018,-5.,12.25));
#2705=CARTESIAN_POINT('',(16.8933982822018,-4.25,13.));
#2706=CARTESIAN_POINT('',(16.8933982822018,-5.,12.25));
#2707=CARTESIAN_POINT('',(36.225,-4.25,13.));
#2708=CARTESIAN_POINT('',(36.225,-5.,12.25));
#2709=CARTESIAN_POINT('Origin',(16.8933982822018,2.5,12.625));
#2710=CARTESIAN_POINT('',(22.1966991411009,-2.80330085889911,12.25));
#2711=CARTESIAN_POINT('Origin',(16.8933982822018,2.5,12.25));
#2712=CARTESIAN_POINT('',(21.666369055211,-2.27297077300919,13.));
#2713=CARTESIAN_POINT('',(22.1966991411009,-2.80330085889911,12.25));
#2714=CARTESIAN_POINT('Origin',(16.8933982822018,2.5,13.));
#2715=CARTESIAN_POINT('Origin',(54.8798349570551,30.4101650429449,12.625));
#2716=CARTESIAN_POINT('',(25.3033008588991,0.303300858899095,12.25));
#2717=CARTESIAN_POINT('',(55.145,30.145,12.25));
#2718=CARTESIAN_POINT('',(24.7729707730092,0.833630944788992,13.));
#2719=CARTESIAN_POINT('',(25.3033008588991,0.303300858899095,12.25));
#2720=CARTESIAN_POINT('',(54.6146699141101,30.6753300858899,13.));
#2721=CARTESIAN_POINT('Origin',(30.6066017177982,-5.00000000000001,12.625));
#2722=CARTESIAN_POINT('',(30.6066017177982,2.49999999999999,12.25));
#2723=CARTESIAN_POINT('Origin',(30.6066017177982,-5.00000000000001,12.25));
#2724=CARTESIAN_POINT('',(30.6066017177982,3.24999999999999,13.));
#2725=CARTESIAN_POINT('',(30.6066017177982,2.49999999999999,12.25));
#2726=CARTESIAN_POINT('Origin',(30.6066017177982,-5.00000000000001,13.));
#2727=CARTESIAN_POINT('Origin',(113.675,2.87499999999999,12.625));
#2728=CARTESIAN_POINT('',(134.293398282202,2.49999999999999,12.25));
#2729=CARTESIAN_POINT('',(134.293398282202,3.24999999999999,13.));
#2730=CARTESIAN_POINT('',(134.293398282202,2.49999999999999,12.25));
#2731=CARTESIAN_POINT('',(113.675,3.24999999999999,13.));
#2732=CARTESIAN_POINT('',(113.675,2.49999999999999,12.25));
#2733=CARTESIAN_POINT('Origin',(134.293398282202,-5.00000000000001,12.625));
#2734=CARTESIAN_POINT('',(139.596699141101,0.303300858899106,12.25));
#2735=CARTESIAN_POINT('Origin',(134.293398282202,-5.00000000000001,12.25));
#2736=CARTESIAN_POINT('',(140.127029226991,0.833630944789012,13.));
#2737=CARTESIAN_POINT('',(139.596699141101,0.303300858899106,12.25));
#2738=CARTESIAN_POINT('Origin',(134.293398282202,-5.00000000000001,13.));
#2739=CARTESIAN_POINT('Origin',(110.020165042945,30.4101650429449,12.625));
#2740=CARTESIAN_POINT('',(142.703300858899,-2.80330085889911,12.25));
#2741=CARTESIAN_POINT('',(109.755,30.145,12.25));
#2742=CARTESIAN_POINT('',(143.233630944789,-2.27297077300922,13.));
#2743=CARTESIAN_POINT('',(142.703300858899,-2.80330085889911,12.25));
#2744=CARTESIAN_POINT('',(110.28533008589,30.6753300858899,13.));
#2745=CARTESIAN_POINT('Origin',(148.006601717798,2.5,12.625));
#2746=CARTESIAN_POINT('',(148.006601717798,-5.,12.25));
#2747=CARTESIAN_POINT('Origin',(148.006601717798,2.5,12.25));
#2748=CARTESIAN_POINT('',(148.006601717798,-4.24999999999999,13.));
#2749=CARTESIAN_POINT('',(148.006601717798,-5.,12.25));
#2750=CARTESIAN_POINT('Origin',(148.006601717798,2.5,13.));
#2751=CARTESIAN_POINT('Origin',(36.225,-4.625,12.625));
#2752=CARTESIAN_POINT('',(164.9,-5.,12.25));
#2753=CARTESIAN_POINT('',(164.9,-4.25,13.));
#2754=CARTESIAN_POINT('',(164.9,-5.,12.25));
#2755=CARTESIAN_POINT('',(36.225,-4.25,13.));
#2756=CARTESIAN_POINT('',(36.225,-5.,12.25));
#2757=CARTESIAN_POINT('Origin',(164.9,5.,12.625));
#2758=CARTESIAN_POINT('',(174.9,5.,12.25));
#2759=CARTESIAN_POINT('Origin',(164.9,5.,12.25));
#2760=CARTESIAN_POINT('',(174.15,5.,13.));
#2761=CARTESIAN_POINT('',(174.9,5.,12.25));
#2762=CARTESIAN_POINT('Origin',(164.9,5.,13.));
#2763=CARTESIAN_POINT('Origin',(174.525,30.315,12.625));
#2764=CARTESIAN_POINT('',(174.9,69.79,12.25));
#2765=CARTESIAN_POINT('',(174.15,69.79,13.));
#2766=CARTESIAN_POINT('',(177.775,69.79,9.37499999999997));
#2767=CARTESIAN_POINT('',(174.15,30.315,13.));
#2768=CARTESIAN_POINT('',(174.9,30.315,12.25));
#2769=CARTESIAN_POINT('Origin',(82.45,65.63,13.));
#2770=CARTESIAN_POINT('',(165.7,69.79,13.));
#2771=CARTESIAN_POINT('',(128.675,69.79,13.));
#2772=CARTESIAN_POINT('',(165.7,-0.8,13.));
#2773=CARTESIAN_POINT('',(165.7,90.61,13.));
#2774=CARTESIAN_POINT('',(156.1,-0.8,13.));
#2775=CARTESIAN_POINT('',(123.675,-0.800000000000001,13.));
#2776=CARTESIAN_POINT('',(156.1,7.87000000000001,13.));
#2777=CARTESIAN_POINT('',(156.1,32.815,13.));
#2778=CARTESIAN_POINT('',(8.80000000000001,7.87000000000001,13.));
#2779=CARTESIAN_POINT('',(123.675,7.87000000000001,13.));
#2780=CARTESIAN_POINT('',(8.80000000000001,-0.8,13.));
#2781=CARTESIAN_POINT('',(8.80000000000001,37.15,13.));
#2782=CARTESIAN_POINT('',(-0.8,-0.8,13.));
#2783=CARTESIAN_POINT('',(45.225,-0.800000000000001,13.));
#2784=CARTESIAN_POINT('',(-0.8,125.06,13.));
#2785=CARTESIAN_POINT('',(-0.800000000000001,37.15,13.));
#2786=CARTESIAN_POINT('',(8.80000000000001,125.06,13.));
#2787=CARTESIAN_POINT('',(41.225,125.06,13.));
#2788=CARTESIAN_POINT('',(8.80000000000001,116.39,13.));
#2789=CARTESIAN_POINT('',(8.80000000000001,94.945,13.));
#2790=CARTESIAN_POINT('',(156.1,116.39,13.));
#2791=CARTESIAN_POINT('',(41.225,116.39,13.));
#2792=CARTESIAN_POINT('',(156.1,125.06,13.));
#2793=CARTESIAN_POINT('',(156.1,90.61,13.));
#2794=CARTESIAN_POINT('',(165.7,125.06,13.));
#2795=CARTESIAN_POINT('',(119.675,125.06,13.));
#2796=CARTESIAN_POINT('',(165.7,116.39,13.));
#2797=CARTESIAN_POINT('',(165.7,90.61,13.));
#2798=CARTESIAN_POINT('',(41.225,116.39,13.));
#2799=CARTESIAN_POINT('Origin',(174.9,69.79,-8.88178419700125E-15));
#2800=CARTESIAN_POINT('',(174.9,69.79,3.));
#2801=CARTESIAN_POINT('',(174.9,69.79,-4.44089209850063E-15));
#2802=CARTESIAN_POINT('',(171.9,69.79,0.));
#2803=CARTESIAN_POINT('',(173.4,69.79,1.5));
#2804=CARTESIAN_POINT('',(164.9,69.79,0.));
#2805=CARTESIAN_POINT('',(128.675,69.79,0.));
#2806=CARTESIAN_POINT('',(164.9,69.79,4.2));
#2807=CARTESIAN_POINT('',(164.9,69.79,3.25));
#2808=CARTESIAN_POINT('',(165.7,69.79,4.2));
#2809=CARTESIAN_POINT('',(128.675,69.79,4.2));
#2810=CARTESIAN_POINT('',(165.7,69.79,-4.44089209850063E-15));
#2811=CARTESIAN_POINT('Origin',(164.9,93.09,6.5));
#2812=CARTESIAN_POINT('',(164.9,116.39,4.2));
#2813=CARTESIAN_POINT('',(164.9,77.61,4.2));
#2814=CARTESIAN_POINT('',(164.9,116.39,0.));
#2815=CARTESIAN_POINT('',(164.9,79.36,0.));
#2816=CARTESIAN_POINT('',(164.9,116.39,3.25));
#2817=CARTESIAN_POINT('Origin',(173.4,30.315,1.5));
#2818=CARTESIAN_POINT('',(174.9,116.39,3.));
#2819=CARTESIAN_POINT('',(171.9,116.39,0.));
#2820=CARTESIAN_POINT('',(129.675,116.39,-42.225));
#2821=CARTESIAN_POINT('',(171.9,126.26,0.));
#2822=CARTESIAN_POINT('',(171.9,30.315,0.));
#2823=CARTESIAN_POINT('',(174.9,126.26,3.));
#2824=CARTESIAN_POINT('',(174.9,126.26,3.));
#2825=CARTESIAN_POINT('',(174.9,30.315,3.));
#2826=CARTESIAN_POINT('Origin',(173.4,30.315,1.5));
#2827=CARTESIAN_POINT('',(174.9,5.,3.));
#2828=CARTESIAN_POINT('',(174.9,30.315,3.));
#2829=CARTESIAN_POINT('',(171.9,5.,0.));
#2830=CARTESIAN_POINT('',(174.9,5.,3.));
#2831=CARTESIAN_POINT('',(171.9,30.315,0.));
#2832=CARTESIAN_POINT('Origin',(174.9,-5.,0.));
#2833=CARTESIAN_POINT('',(174.9,116.39,0.));
#2834=CARTESIAN_POINT('',(174.9,126.26,0.));
#2835=CARTESIAN_POINT('Origin',(174.9,-5.,0.));
#2836=CARTESIAN_POINT('',(174.9,5.,0.));
#2837=CARTESIAN_POINT('Origin',(165.7,115.59,0.));
#2838=CARTESIAN_POINT('',(165.7,116.39,10.64));
#2839=CARTESIAN_POINT('',(165.7,116.39,0.));
#2840=CARTESIAN_POINT('',(165.7,125.06,10.64));
#2841=CARTESIAN_POINT('',(165.7,125.06,0.));
#2842=CARTESIAN_POINT('',(165.7,88.86,10.64));
#2843=CARTESIAN_POINT('Origin',(165.7,115.59,0.));
#2844=CARTESIAN_POINT('',(165.7,7.87000000000001,4.2));
#2845=CARTESIAN_POINT('',(165.7,88.86,4.2));
#2846=CARTESIAN_POINT('',(165.7,7.87000000000001,10.64));
#2847=CARTESIAN_POINT('',(165.7,7.87000000000001,0.));
#2848=CARTESIAN_POINT('',(165.7,-0.8,10.64));
#2849=CARTESIAN_POINT('',(165.7,88.86,10.64));
#2850=CARTESIAN_POINT('',(165.7,-0.800000000000001,0.));
#2851=CARTESIAN_POINT('Origin',(51.225,127.26,1.5));
#2852=CARTESIAN_POINT('',(134.293398282202,128.76,3.));
#2853=CARTESIAN_POINT('',(134.293398282202,125.76,0.));
#2854=CARTESIAN_POINT('',(134.293398282202,128.76,3.));
#2855=CARTESIAN_POINT('',(30.6066017177982,125.76,0.));
#2856=CARTESIAN_POINT('',(51.225,125.76,0.));
#2857=CARTESIAN_POINT('',(30.6066017177982,128.76,3.));
#2858=CARTESIAN_POINT('',(30.6066017177982,125.76,0.));
#2859=CARTESIAN_POINT('',(51.225,128.76,3.));
#2860=CARTESIAN_POINT('Origin',(134.293398282202,136.26,1.5));
#2861=CARTESIAN_POINT('',(139.596699141101,130.956699141101,3.));
#2862=CARTESIAN_POINT('Origin',(134.293398282202,136.26,3.));
#2863=CARTESIAN_POINT('',(141.718019484661,128.835378797541,0.));
#2864=CARTESIAN_POINT('',(139.596699141101,130.956699141101,3.));
#2865=CARTESIAN_POINT('Origin',(134.293398282202,136.26,0.));
#2866=CARTESIAN_POINT('Origin',(110.81566017178,100.05433982822,1.5));
#2867=CARTESIAN_POINT('',(142.703300858899,134.063300858899,3.));
#2868=CARTESIAN_POINT('',(109.755,101.115,3.));
#2869=CARTESIAN_POINT('',(144.824621202459,131.94198051534,0.));
#2870=CARTESIAN_POINT('',(142.703300858899,134.063300858899,3.));
#2871=CARTESIAN_POINT('',(111.87632034356,98.9936796564404,0.));
#2872=CARTESIAN_POINT('Origin',(148.006601717798,128.76,1.5));
#2873=CARTESIAN_POINT('',(148.006601717798,136.26,3.));
#2874=CARTESIAN_POINT('Origin',(148.006601717798,128.76,3.));
#2875=CARTESIAN_POINT('',(148.006601717798,133.26,0.));
#2876=CARTESIAN_POINT('',(148.006601717798,136.26,3.));
#2877=CARTESIAN_POINT('Origin',(148.006601717798,128.76,0.));
#2878=CARTESIAN_POINT('Origin',(128.675,134.76,1.5));
#2879=CARTESIAN_POINT('',(164.9,136.26,3.));
#2880=CARTESIAN_POINT('',(128.675,136.26,3.));
#2881=CARTESIAN_POINT('',(164.9,133.26,0.));
#2882=CARTESIAN_POINT('',(164.9,136.26,3.));
#2883=CARTESIAN_POINT('',(128.675,133.26,0.));
#2884=CARTESIAN_POINT('Origin',(164.9,126.26,1.5));
#2885=CARTESIAN_POINT('Origin',(164.9,126.26,3.));
#2886=CARTESIAN_POINT('Origin',(164.9,126.26,0.));
#2887=CARTESIAN_POINT('Origin',(164.9,5.,1.5));
#2888=CARTESIAN_POINT('',(164.9,-5.,3.));
#2889=CARTESIAN_POINT('Origin',(164.9,5.,3.));
#2890=CARTESIAN_POINT('',(164.9,-2.,0.));
#2891=CARTESIAN_POINT('',(164.9,-5.,3.));
#2892=CARTESIAN_POINT('Origin',(164.9,5.,0.));
#2893=CARTESIAN_POINT('Origin',(36.225,-3.5,1.5));
#2894=CARTESIAN_POINT('',(148.006601717798,-5.,3.));
#2895=CARTESIAN_POINT('',(36.225,-5.,3.));
#2896=CARTESIAN_POINT('',(148.006601717798,-2.,0.));
#2897=CARTESIAN_POINT('',(148.006601717798,-5.,3.));
#2898=CARTESIAN_POINT('',(36.225,-2.,0.));
#2899=CARTESIAN_POINT('Origin',(148.006601717798,2.5,1.5));
#2900=CARTESIAN_POINT('',(142.703300858899,-2.80330085889911,3.));
#2901=CARTESIAN_POINT('Origin',(148.006601717798,2.5,3.));
#2902=CARTESIAN_POINT('',(144.824621202459,-0.681980515339466,0.));
#2903=CARTESIAN_POINT('',(142.703300858899,-2.80330085889911,3.));
#2904=CARTESIAN_POINT('Origin',(148.006601717798,2.5,0.));
#2905=CARTESIAN_POINT('Origin',(110.81566017178,31.2056601717798,1.5));
#2906=CARTESIAN_POINT('',(139.596699141101,0.303300858899106,3.));
#2907=CARTESIAN_POINT('',(109.755,30.145,3.));
#2908=CARTESIAN_POINT('',(141.718019484661,2.42462120245873,0.));
#2909=CARTESIAN_POINT('',(139.596699141101,0.303300858899106,3.));
#2910=CARTESIAN_POINT('',(111.87632034356,32.2663203435596,0.));
#2911=CARTESIAN_POINT('Origin',(134.293398282202,-5.00000000000001,1.5));
#2912=CARTESIAN_POINT('',(134.293398282202,2.49999999999999,3.));
#2913=CARTESIAN_POINT('Origin',(134.293398282202,-5.00000000000001,3.));
#2914=CARTESIAN_POINT('',(134.293398282202,5.49999999999999,0.));
#2915=CARTESIAN_POINT('',(134.293398282202,2.49999999999999,3.));
#2916=CARTESIAN_POINT('Origin',(134.293398282202,-5.00000000000001,0.));
#2917=CARTESIAN_POINT('Origin',(113.675,3.99999999999999,1.5));
#2918=CARTESIAN_POINT('',(30.6066017177982,2.49999999999999,3.));
#2919=CARTESIAN_POINT('',(30.6066017177982,5.49999999999999,0.));
#2920=CARTESIAN_POINT('',(30.6066017177982,2.49999999999999,3.));
#2921=CARTESIAN_POINT('',(113.675,5.49999999999999,0.));
#2922=CARTESIAN_POINT('',(113.675,2.49999999999999,3.));
#2923=CARTESIAN_POINT('Origin',(30.6066017177982,-5.00000000000001,1.5));
#2924=CARTESIAN_POINT('',(25.3033008588991,0.303300858899095,3.));
#2925=CARTESIAN_POINT('Origin',(30.6066017177982,-5.00000000000001,3.));
#2926=CARTESIAN_POINT('',(23.1819805153395,2.42462120245874,0.));
#2927=CARTESIAN_POINT('',(25.3033008588991,0.303300858899095,3.));
#2928=CARTESIAN_POINT('Origin',(30.6066017177982,-5.00000000000001,0.));
#2929=CARTESIAN_POINT('Origin',(54.0843398282202,31.2056601717798,1.5));
#2930=CARTESIAN_POINT('',(22.1966991411009,-2.80330085889911,3.));
#2931=CARTESIAN_POINT('',(55.145,30.145,3.));
#2932=CARTESIAN_POINT('',(20.0753787975413,-0.681980515339466,0.));
#2933=CARTESIAN_POINT('',(22.1966991411009,-2.80330085889911,3.));
#2934=CARTESIAN_POINT('',(53.0236796564404,32.2663203435596,0.));
#2935=CARTESIAN_POINT('Origin',(16.8933982822018,2.5,1.5));
#2936=CARTESIAN_POINT('',(16.8933982822018,-5.,3.));
#2937=CARTESIAN_POINT('Origin',(16.8933982822018,2.5,3.));
#2938=CARTESIAN_POINT('',(16.8933982822018,-2.,0.));
#2939=CARTESIAN_POINT('',(16.8933982822018,-5.,3.));
#2940=CARTESIAN_POINT('Origin',(16.8933982822018,2.5,0.));
#2941=CARTESIAN_POINT('Origin',(36.225,-3.5,1.5));
#2942=CARTESIAN_POINT('',(0.,-5.,3.));
#2943=CARTESIAN_POINT('',(36.225,-5.,3.));
#2944=CARTESIAN_POINT('',(0.,-2.,0.));
#2945=CARTESIAN_POINT('',(0.,-5.,3.));
#2946=CARTESIAN_POINT('',(36.225,-2.,0.));
#2947=CARTESIAN_POINT('Origin',(0.,5.,1.5));
#2948=CARTESIAN_POINT('',(-10.,5.,3.));
#2949=CARTESIAN_POINT('Origin',(0.,5.,3.));
#2950=CARTESIAN_POINT('',(-7.,5.,0.));
#2951=CARTESIAN_POINT('',(-10.,5.,3.));
#2952=CARTESIAN_POINT('Origin',(0.,5.,0.));
#2953=CARTESIAN_POINT('Origin',(-8.5,100.945,1.5));
#2954=CARTESIAN_POINT('',(-10.,126.26,3.));
#2955=CARTESIAN_POINT('',(-10.,100.945,3.));
#2956=CARTESIAN_POINT('',(-7.,126.26,0.));
#2957=CARTESIAN_POINT('',(-10.,126.26,3.));
#2958=CARTESIAN_POINT('',(-7.,100.945,0.));
#2959=CARTESIAN_POINT('Origin',(0.,126.26,1.5));
#2960=CARTESIAN_POINT('',(0.,136.26,3.));
#2961=CARTESIAN_POINT('Origin',(0.,126.26,3.));
#2962=CARTESIAN_POINT('',(0.,133.26,0.));
#2963=CARTESIAN_POINT('',(0.,136.26,3.));
#2964=CARTESIAN_POINT('Origin',(0.,126.26,0.));
#2965=CARTESIAN_POINT('Origin',(128.675,134.76,1.5));
#2966=CARTESIAN_POINT('',(16.8933982822018,136.26,3.));
#2967=CARTESIAN_POINT('',(128.675,136.26,3.));
#2968=CARTESIAN_POINT('',(16.8933982822018,133.26,0.));
#2969=CARTESIAN_POINT('',(16.8933982822018,136.26,3.));
#2970=CARTESIAN_POINT('',(128.675,133.26,0.));
#2971=CARTESIAN_POINT('Origin',(16.8933982822018,128.76,1.5));
#2972=CARTESIAN_POINT('',(22.1966991411009,134.063300858899,3.));
#2973=CARTESIAN_POINT('Origin',(16.8933982822018,128.76,3.));
#2974=CARTESIAN_POINT('',(20.0753787975413,131.941980515339,0.));
#2975=CARTESIAN_POINT('',(22.1966991411009,134.063300858899,3.));
#2976=CARTESIAN_POINT('Origin',(16.8933982822018,128.76,0.));
#2977=CARTESIAN_POINT('Origin',(54.0843398282202,100.05433982822,1.5));
#2978=CARTESIAN_POINT('',(25.3033008588991,130.956699141101,3.));
#2979=CARTESIAN_POINT('',(55.145,101.115,3.));
#2980=CARTESIAN_POINT('',(23.1819805153395,128.835378797541,0.));
#2981=CARTESIAN_POINT('',(25.3033008588991,130.956699141101,3.));
#2982=CARTESIAN_POINT('',(53.0236796564404,98.9936796564404,0.));
#2983=CARTESIAN_POINT('Origin',(30.6066017177982,136.26,1.5));
#2984=CARTESIAN_POINT('Origin',(30.6066017177982,136.26,3.));
#2985=CARTESIAN_POINT('Origin',(30.6066017177982,136.26,0.));
#2986=CARTESIAN_POINT('Origin',(134.293398282202,-5.00000000000001,0.));
#2987=CARTESIAN_POINT('',(134.293398282202,2.49999999999999,0.));
#2988=CARTESIAN_POINT('',(139.596699141101,0.303300858899106,0.));
#2989=CARTESIAN_POINT('Origin',(141.15,-1.25000000000001,0.));
#2990=CARTESIAN_POINT('',(142.703300858899,-2.80330085889911,0.));
#2991=CARTESIAN_POINT('Origin',(148.006601717798,2.5,0.));
#2992=CARTESIAN_POINT('',(148.006601717798,-5.,0.));
#2993=CARTESIAN_POINT('Origin',(-10.,-5.,0.));
#2994=CARTESIAN_POINT('',(164.9,-5.,0.));
#2995=CARTESIAN_POINT('Origin',(164.9,5.,0.));
#2996=CARTESIAN_POINT('Origin',(164.9,126.26,0.));
#2997=CARTESIAN_POINT('',(164.9,136.26,0.));
#2998=CARTESIAN_POINT('Origin',(174.9,136.26,0.));
#2999=CARTESIAN_POINT('',(148.006601717798,136.26,0.));
#3000=CARTESIAN_POINT('Origin',(148.006601717798,128.76,0.));
#3001=CARTESIAN_POINT('',(142.703300858899,134.063300858899,0.));
#3002=CARTESIAN_POINT('Origin',(141.15,132.51,0.));
#3003=CARTESIAN_POINT('',(139.596699141101,130.956699141101,0.));
#3004=CARTESIAN_POINT('Origin',(134.293398282202,136.26,0.));
#3005=CARTESIAN_POINT('',(134.293398282202,128.76,0.));
#3006=CARTESIAN_POINT('Origin',(20.,128.76,0.));
#3007=CARTESIAN_POINT('',(30.6066017177982,128.76,0.));
#3008=CARTESIAN_POINT('Origin',(82.45,65.63,0.));
#3009=CARTESIAN_POINT('',(41.225,116.39,0.));
#3010=CARTESIAN_POINT('',(157.65,119.61,0.));
#3011=CARTESIAN_POINT('Origin',(160.9,119.61,0.));
#3012=CARTESIAN_POINT('',(0.750000000000003,119.61,0.));
#3013=CARTESIAN_POINT('Origin',(4.,119.61,0.));
#3014=CARTESIAN_POINT('',(0.750000000000003,4.65,0.));
#3015=CARTESIAN_POINT('Origin',(4.,4.65,0.));
#3016=CARTESIAN_POINT('',(157.65,4.65,0.));
#3017=CARTESIAN_POINT('Origin',(160.9,4.65,0.));
#3018=CARTESIAN_POINT('Origin',(144.9,2.49999999999999,0.));
#3019=CARTESIAN_POINT('',(30.6066017177982,2.49999999999999,0.));
#3020=CARTESIAN_POINT('Origin',(16.8933982822018,2.5,0.));
#3021=CARTESIAN_POINT('',(16.8933982822018,-5.,0.));
#3022=CARTESIAN_POINT('',(22.1966991411009,-2.80330085889911,0.));
#3023=CARTESIAN_POINT('Origin',(23.75,-1.25000000000001,0.));
#3024=CARTESIAN_POINT('',(25.3033008588991,0.303300858899095,0.));
#3025=CARTESIAN_POINT('Origin',(30.6066017177982,-5.00000000000001,0.));
#3026=CARTESIAN_POINT('Origin',(30.6066017177982,136.26,0.));
#3027=CARTESIAN_POINT('',(25.3033008588991,130.956699141101,0.));
#3028=CARTESIAN_POINT('Origin',(16.8933982822018,128.76,0.));
#3029=CARTESIAN_POINT('',(22.1966991411009,134.063300858899,0.));
#3030=CARTESIAN_POINT('',(16.8933982822018,136.26,0.));
#3031=CARTESIAN_POINT('Origin',(174.9,136.26,0.));
#3032=CARTESIAN_POINT('',(0.,136.26,0.));
#3033=CARTESIAN_POINT('Origin',(0.,5.,0.));
#3034=CARTESIAN_POINT('',(-10.,5.,0.));
#3035=CARTESIAN_POINT('',(0.,-5.,0.));
#3036=CARTESIAN_POINT('Origin',(-10.,136.26,0.));
#3037=CARTESIAN_POINT('',(-10.,126.26,0.));
#3038=CARTESIAN_POINT('Origin',(0.,126.26,0.));
#3039=CARTESIAN_POINT('Origin',(23.75,132.51,0.));
#3040=CARTESIAN_POINT('Origin',(160.9,4.65,3.));
#3041=CARTESIAN_POINT('',(157.65,4.65,3.));
#3042=CARTESIAN_POINT('Origin',(160.9,4.65,3.));
#3043=CARTESIAN_POINT('',(159.2,4.65,3.00000000000001));
#3044=CARTESIAN_POINT('Origin',(160.9,4.65,3.00000000000001));
#3045=CARTESIAN_POINT('Origin',(160.9,4.65,1.5));
#3046=CARTESIAN_POINT('',(157.65,4.65,1.5));
#3047=CARTESIAN_POINT('Origin',(160.9,4.65,233.048058563036));
#3048=CARTESIAN_POINT('',(159.2,4.65,10.64));
#3049=CARTESIAN_POINT('',(159.2,4.65,233.048058563036));
#3050=CARTESIAN_POINT('Origin',(160.9,4.65,10.64));
#3051=CARTESIAN_POINT('Origin',(4.,4.65,3.));
#3052=CARTESIAN_POINT('',(0.750000000000003,4.65,3.));
#3053=CARTESIAN_POINT('Origin',(4.,4.65,3.));
#3054=CARTESIAN_POINT('',(2.3,4.65,3.00000000000001));
#3055=CARTESIAN_POINT('Origin',(4.,4.65,3.00000000000001));
#3056=CARTESIAN_POINT('Origin',(4.,4.65,1.5));
#3057=CARTESIAN_POINT('',(0.750000000000003,4.65,1.5));
#3058=CARTESIAN_POINT('Origin',(4.,4.65,233.048058563036));
#3059=CARTESIAN_POINT('',(2.3,4.65,10.64));
#3060=CARTESIAN_POINT('',(2.3,4.65,233.048058563036));
#3061=CARTESIAN_POINT('Origin',(4.,4.65,10.64));
#3062=CARTESIAN_POINT('Origin',(4.,119.61,3.));
#3063=CARTESIAN_POINT('',(0.750000000000003,119.61,3.));
#3064=CARTESIAN_POINT('Origin',(4.,119.61,3.));
#3065=CARTESIAN_POINT('',(2.3,119.61,3.00000000000001));
#3066=CARTESIAN_POINT('Origin',(4.,119.61,3.00000000000001));
#3067=CARTESIAN_POINT('Origin',(4.,119.61,1.5));
#3068=CARTESIAN_POINT('',(0.750000000000003,119.61,1.5));
#3069=CARTESIAN_POINT('Origin',(4.,119.61,233.048058563036));
#3070=CARTESIAN_POINT('',(2.3,119.61,10.64));
#3071=CARTESIAN_POINT('',(2.3,119.61,233.048058563036));
#3072=CARTESIAN_POINT('Origin',(4.,119.61,10.64));
#3073=CARTESIAN_POINT('Origin',(160.9,119.61,3.));
#3074=CARTESIAN_POINT('',(157.65,119.61,3.));
#3075=CARTESIAN_POINT('Origin',(160.9,119.61,3.));
#3076=CARTESIAN_POINT('',(159.2,119.61,3.00000000000001));
#3077=CARTESIAN_POINT('Origin',(160.9,119.61,3.00000000000001));
#3078=CARTESIAN_POINT('Origin',(160.9,119.61,1.5));
#3079=CARTESIAN_POINT('',(157.65,119.61,1.5));
#3080=CARTESIAN_POINT('Origin',(160.9,119.61,233.048058563036));
#3081=CARTESIAN_POINT('',(159.2,119.61,10.64));
#3082=CARTESIAN_POINT('',(159.2,119.61,233.048058563036));
#3083=CARTESIAN_POINT('Origin',(160.9,119.61,10.64));
#3084=CARTESIAN_POINT('Origin',(8.80000000000001,124.26,0.));
#3085=CARTESIAN_POINT('',(8.80000000000001,125.06,10.64));
#3086=CARTESIAN_POINT('',(8.80000000000001,116.39,10.64));
#3087=CARTESIAN_POINT('',(8.80000000000001,93.195,10.64));
#3088=CARTESIAN_POINT('',(8.80000000000001,116.39,0.));
#3089=CARTESIAN_POINT('',(8.80000000000001,125.06,0.));
#3090=CARTESIAN_POINT('Origin',(0.,125.06,0.));
#3091=CARTESIAN_POINT('',(-0.8,125.06,10.64));
#3092=CARTESIAN_POINT('',(41.225,125.06,10.64));
#3093=CARTESIAN_POINT('',(-0.8,125.06,0.));
#3094=CARTESIAN_POINT('Origin',(156.9,125.06,0.));
#3095=CARTESIAN_POINT('',(156.1,125.06,10.64));
#3096=CARTESIAN_POINT('',(156.1,125.06,0.));
#3097=CARTESIAN_POINT('',(119.675,125.06,10.64));
#3098=CARTESIAN_POINT('Origin',(156.1,115.59,0.));
#3099=CARTESIAN_POINT('',(156.1,116.39,10.64));
#3100=CARTESIAN_POINT('',(156.1,116.39,0.));
#3101=CARTESIAN_POINT('',(156.1,88.86,10.64));
#3102=CARTESIAN_POINT('Origin',(8.80000000000001,8.67000000000001,0.));
#3103=CARTESIAN_POINT('',(8.80000000000001,7.87000000000001,10.64));
#3104=CARTESIAN_POINT('',(8.80000000000001,-0.8,10.64));
#3105=CARTESIAN_POINT('',(8.80000000000001,35.4,10.64));
#3106=CARTESIAN_POINT('',(8.80000000000001,-0.800000000000001,0.));
#3107=CARTESIAN_POINT('',(8.80000000000001,7.87000000000001,0.));
#3108=CARTESIAN_POINT('Origin',(8.00000000000001,-0.8,0.));
#3109=CARTESIAN_POINT('',(-0.8,-0.8,10.64));
#3110=CARTESIAN_POINT('',(45.225,-0.800000000000001,10.64));
#3111=CARTESIAN_POINT('',(-0.8,-0.800000000000001,0.));
#3112=CARTESIAN_POINT('Origin',(156.1,0.,0.));
#3113=CARTESIAN_POINT('',(156.1,-0.8,10.64));
#3114=CARTESIAN_POINT('',(156.1,7.87000000000001,10.64));
#3115=CARTESIAN_POINT('',(156.1,31.065,10.64));
#3116=CARTESIAN_POINT('',(156.1,7.87000000000001,0.));
#3117=CARTESIAN_POINT('',(156.1,-0.8,0.));
#3118=CARTESIAN_POINT('Origin',(164.9,-0.8,0.));
#3119=CARTESIAN_POINT('',(123.675,-0.800000000000001,10.64));
#3120=CARTESIAN_POINT('Origin',(0.,116.39,0.));
#3121=CARTESIAN_POINT('',(41.225,116.39,10.64));
#3122=CARTESIAN_POINT('',(-0.8,116.39,10.64));
#3123=CARTESIAN_POINT('',(41.225,116.39,10.64));
#3124=CARTESIAN_POINT('',(-0.8,116.39,4.2));
#3125=CARTESIAN_POINT('',(-0.8,116.39,0.));
#3126=CARTESIAN_POINT('',(41.225,116.39,4.2));
#3127=CARTESIAN_POINT('Origin',(82.45,62.13,10.64));
#3128=CARTESIAN_POINT('',(-0.799999999999995,7.87000000000001,10.64));
#3129=CARTESIAN_POINT('',(-0.800000000000001,35.4,10.64));
#3130=CARTESIAN_POINT('',(123.675,7.87000000000001,10.64));
#3131=CARTESIAN_POINT('Origin',(82.45,62.13,10.64));
#3132=CARTESIAN_POINT('',(123.675,7.87000000000001,10.64));
#3133=CARTESIAN_POINT('Origin',(82.45,62.13,10.64));
#3134=CARTESIAN_POINT('Origin',(82.45,62.13,10.64));
#3135=CARTESIAN_POINT('',(-0.800000000000001,35.4,10.64));
#3136=CARTESIAN_POINT('Origin',(164.9,7.87000000000001,0.));
#3137=CARTESIAN_POINT('',(-0.799999999999995,7.87000000000001,4.2));
#3138=CARTESIAN_POINT('',(123.675,7.87000000000001,4.2));
#3139=CARTESIAN_POINT('',(-0.800000000000001,7.87000000000001,0.));
#3140=CARTESIAN_POINT('Origin',(-0.8,8.67000000000001,0.));
#3141=CARTESIAN_POINT('',(-0.800000000000001,35.4,4.2));
#3142=CARTESIAN_POINT('Origin',(82.45,62.13,4.2));
#3143=CARTESIAN_POINT('Origin',(-10.,-5.,0.));
#3144=UNCERTAINTY_MEASURE_WITH_UNIT(LENGTH_MEASURE(0.01),#3148,
'DISTANCE_ACCURACY_VALUE',
'Maximum model space distance between geometric entities at asserted c
onnectivities');
#3145=UNCERTAINTY_MEASURE_WITH_UNIT(LENGTH_MEASURE(0.01),#3148,
'DISTANCE_ACCURACY_VALUE',
'Maximum model space distance between geometric entities at asserted c
onnectivities');
#3146=(
GEOMETRIC_REPRESENTATION_CONTEXT(3)
GLOBAL_UNCERTAINTY_ASSIGNED_CONTEXT((#3144))
GLOBAL_UNIT_ASSIGNED_CONTEXT((#3148,#3150,#3151))
REPRESENTATION_CONTEXT('','3D')
);
#3147=(
GEOMETRIC_REPRESENTATION_CONTEXT(3)
GLOBAL_UNCERTAINTY_ASSIGNED_CONTEXT((#3145))
GLOBAL_UNIT_ASSIGNED_CONTEXT((#3148,#3150,#3151))
REPRESENTATION_CONTEXT('','3D')
);
#3148=(
LENGTH_UNIT()
NAMED_UNIT(*)
SI_UNIT(.MILLI.,.METRE.)
);
#3149=(
LENGTH_UNIT()
NAMED_UNIT(*)
SI_UNIT(.CENTI.,.METRE.)
);
#3150=(
NAMED_UNIT(*)
PLANE_ANGLE_UNIT()
SI_UNIT($,.RADIAN.)
);
#3151=(
NAMED_UNIT(*)
SI_UNIT($,.STERADIAN.)
SOLID_ANGLE_UNIT()
);
#3152=SHAPE_DEFINITION_REPRESENTATION(#3153,#3154);
#3153=PRODUCT_DEFINITION_SHAPE('',$,#3156);
#3154=SHAPE_REPRESENTATION('',(#1896),#3146);
#3155=PRODUCT_DEFINITION_CONTEXT('part definition',#3160,'design');
#3156=PRODUCT_DEFINITION('7in Touch Display',
'7in Touch Display Backplate',#3157,#3155);
#3157=PRODUCT_DEFINITION_FORMATION('',$,#3162);
#3158=PRODUCT_RELATED_PRODUCT_CATEGORY('7in Touch Display Backplate',
'7in Touch Display Backplate',(#3162));
#3159=APPLICATION_PROTOCOL_DEFINITION('international standard',
'automotive_design',2009,#3160);
#3160=APPLICATION_CONTEXT(
'Core Data for Automotive Mechanical Design Process');
#3161=PRODUCT_CONTEXT('part definition',#3160,'mechanical');
#3162=PRODUCT('7in Touch Display','7in Touch Display Backplate',$,(#3161));
#3163=PRESENTATION_STYLE_ASSIGNMENT((#3164));
#3164=SURFACE_STYLE_USAGE(.BOTH.,#3167);
#3165=SURFACE_STYLE_RENDERING_WITH_PROPERTIES($,#3171,(#3166));
#3166=SURFACE_STYLE_TRANSPARENT(0.);
#3167=SURFACE_SIDE_STYLE('',(#3168,#3165));
#3168=SURFACE_STYLE_FILL_AREA(#3169);
#3169=FILL_AREA_STYLE('',(#3170));
#3170=FILL_AREA_STYLE_COLOUR('',#3171);
#3171=COLOUR_RGB('',0.,0.,0.);
ENDSEC;
END-ISO-10303-21;
