ISO-10303-21;
HEADER;
/* Generated by software containing ST-Developer
 * from STEP Tools, Inc. (www.steptools.com) 
 */

FILE_DESCRIPTION(
/* description */ (''),
/* implementation_level */ '2;1');

FILE_NAME(
/* name */ 'Tapered Vac Fitting.stp',
/* time_stamp */ '2026-07-13T16:20:27-04:00',
/* author */ ('Joshua Eah'),
/* organization */ (''),
/* preprocessor_version */ 'ST-DEVELOPER v20.1',
/* originating_system */ 'Autodesk Inventor 2026',
/* authorisation */ '');

FILE_SCHEMA (('AUTOMOTIVE_DESIGN { 1 0 10303 214 3 1 1 }'));
ENDSEC;

DATA;
#10=MECHANICAL_DESIGN_GEOMETRIC_PRESENTATION_REPRESENTATION('',(#13),#5617);
#11=SHAPE_REPRESENTATION_RELATIONSHIP('SRR','None',#5628,#12);
#12=ADVANCED_BREP_SHAPE_REPRESENTATION('',(#14),#5616);
#13=STYLED_ITEM('',(#5637),#14);
#14=MANIFOLD_SOLID_BREP('Solid1',#2738);
#15=CONICAL_SURFACE('',#3077,1.01870078740157,0.0810719125451639);
#16=FACE_BOUND('',#490,.T.);
#17=FACE_BOUND('',#497,.T.);
#18=FACE_BOUND('',#504,.T.);
#19=FACE_BOUND('',#511,.T.);
#20=FACE_BOUND('',#518,.T.);
#21=FACE_BOUND('',#551,.T.);
#22=FACE_BOUND('',#557,.T.);
#23=FACE_BOUND('',#563,.T.);
#24=FACE_BOUND('',#564,.T.);
#25=FACE_BOUND('',#565,.T.);
#26=FACE_BOUND('',#566,.T.);
#27=FACE_BOUND('',#567,.T.);
#28=FACE_BOUND('',#568,.T.);
#29=FACE_BOUND('',#569,.T.);
#30=SPHERICAL_SURFACE('',#2776,0.015748031496063);
#31=SPHERICAL_SURFACE('',#2782,0.015748031496063);
#32=SPHERICAL_SURFACE('',#2838,0.0157480314960629);
#33=SPHERICAL_SURFACE('',#2844,0.015748031496063);
#34=SPHERICAL_SURFACE('',#2874,0.015748031496063);
#35=SPHERICAL_SURFACE('',#2880,0.015748031496063);
#36=SPHERICAL_SURFACE('',#2910,0.0157480314960631);
#37=SPHERICAL_SURFACE('',#2916,0.015748031496063);
#38=SPHERICAL_SURFACE('',#2946,0.0157480314960632);
#39=SPHERICAL_SURFACE('',#2952,0.015748031496063);
#40=SPHERICAL_SURFACE('',#3040,0.0157480314960631);
#41=SPHERICAL_SURFACE('',#3047,0.015748031496063);
#42=TOROIDAL_SURFACE('',#2773,1.06692913385827,0.015748031496063);
#43=TOROIDAL_SURFACE('',#2787,0.078740157480315,0.015748031496063);
#44=TOROIDAL_SURFACE('',#2789,1.06692913385827,0.015748031496063);
#45=TOROIDAL_SURFACE('',#2792,1.06692913385827,0.015748031496063);
#46=TOROIDAL_SURFACE('',#2836,1.06692913385827,0.015748031496063);
#47=TOROIDAL_SURFACE('',#2849,0.078740157480315,0.015748031496063);
#48=TOROIDAL_SURFACE('',#2851,1.06692913385827,0.015748031496063);
#49=TOROIDAL_SURFACE('',#2853,1.06692913385827,0.015748031496063);
#50=TOROIDAL_SURFACE('',#2872,1.06692913385827,0.015748031496063);
#51=TOROIDAL_SURFACE('',#2885,0.078740157480315,0.015748031496063);
#52=TOROIDAL_SURFACE('',#2887,1.06692913385827,0.015748031496063);
#53=TOROIDAL_SURFACE('',#2889,1.06692913385827,0.015748031496063);
#54=TOROIDAL_SURFACE('',#2908,1.06692913385827,0.015748031496063);
#55=TOROIDAL_SURFACE('',#2921,0.078740157480315,0.015748031496063);
#56=TOROIDAL_SURFACE('',#2923,1.06692913385827,0.015748031496063);
#57=TOROIDAL_SURFACE('',#2925,1.06692913385827,0.015748031496063);
#58=TOROIDAL_SURFACE('',#2944,1.06692913385827,0.015748031496063);
#59=TOROIDAL_SURFACE('',#2957,0.078740157480315,0.015748031496063);
#60=TOROIDAL_SURFACE('',#2959,1.06692913385827,0.015748031496063);
#61=TOROIDAL_SURFACE('',#2961,1.06692913385827,0.015748031496063);
#62=TOROIDAL_SURFACE('',#3012,1.2007874015748,0.118110236220472);
#63=TOROIDAL_SURFACE('',#3014,1.2007874015748,0.118110236220472);
#64=TOROIDAL_SURFACE('',#3016,1.2007874015748,0.118110236220472);
#65=TOROIDAL_SURFACE('',#3018,1.2007874015748,0.118110236220472);
#66=TOROIDAL_SURFACE('',#3020,1.2007874015748,0.118110236220472);
#67=TOROIDAL_SURFACE('',#3023,1.2007874015748,0.118110236220472);
#68=TOROIDAL_SURFACE('',#3038,1.06692913385827,0.015748031496063);
#69=TOROIDAL_SURFACE('',#3044,1.06692913385827,0.015748031496063);
#70=TOROIDAL_SURFACE('',#3050,0.078740157480315,0.015748031496063);
#71=TOROIDAL_SURFACE('',#3054,1.06692913385827,0.015748031496063);
#72=TOROIDAL_SURFACE('',#3070,0.925910492211976,0.03125);
#73=TOROIDAL_SURFACE('',#3078,0.81865157480315,0.03125);
#74=TOROIDAL_SURFACE('',#3085,0.81865157480315,0.03125);
#75=PLANE('',#2763);
#76=PLANE('',#2766);
#77=PLANE('',#2794);
#78=PLANE('',#2821);
#79=PLANE('',#2822);
#80=PLANE('',#2826);
#81=PLANE('',#2829);
#82=PLANE('',#2854);
#83=PLANE('',#2857);
#84=PLANE('',#2858);
#85=PLANE('',#2862);
#86=PLANE('',#2865);
#87=PLANE('',#2890);
#88=PLANE('',#2893);
#89=PLANE('',#2894);
#90=PLANE('',#2898);
#91=PLANE('',#2901);
#92=PLANE('',#2926);
#93=PLANE('',#2929);
#94=PLANE('',#2930);
#95=PLANE('',#2934);
#96=PLANE('',#2937);
#97=PLANE('',#2962);
#98=PLANE('',#2965);
#99=PLANE('',#2966);
#100=PLANE('',#2967);
#101=PLANE('',#2968);
#102=PLANE('',#2971);
#103=PLANE('',#2972);
#104=PLANE('',#2976);
#105=PLANE('',#2977);
#106=PLANE('',#2980);
#107=PLANE('',#2981);
#108=PLANE('',#2985);
#109=PLANE('',#2986);
#110=PLANE('',#2989);
#111=PLANE('',#2990);
#112=PLANE('',#2994);
#113=PLANE('',#2995);
#114=PLANE('',#2998);
#115=PLANE('',#2999);
#116=PLANE('',#3003);
#117=PLANE('',#3004);
#118=PLANE('',#3007);
#119=PLANE('',#3008);
#120=PLANE('',#3028);
#121=PLANE('',#3031);
#122=PLANE('',#3056);
#123=PLANE('',#3059);
#124=PLANE('',#3060);
#125=PLANE('',#3062);
#126=PLANE('',#3063);
#127=PLANE('',#3066);
#128=PLANE('',#3067);
#129=PLANE('',#3075);
#130=PLANE('',#3088);
#131=B_SPLINE_CURVE_WITH_KNOTS('',3,(#3940,#3941,#3942,#3943,#3944,#3945,
#3946,#3947),.UNSPECIFIED.,.F.,.F.,(4,2,2,4),(0.0239853905548123,0.0407026511306358,
0.0743317819715145,0.0746761740027257),.UNSPECIFIED.);
#132=B_SPLINE_CURVE_WITH_KNOTS('',3,(#3948,#3949,#3950,#3951,#3952,#3953,
#3954,#3955,#3956,#3957,#3958,#3959,#3960,#3961,#3962,#3963),
 .UNSPECIFIED.,.F.,.F.,(4,3,3,3,3,4),(-0.629473348603882,-0.597537223730466,
-0.566318362375703,-0.557552891765979,-0.5349770590172,-0.503583800438182),
 .UNSPECIFIED.);
#133=B_SPLINE_CURVE_WITH_KNOTS('',3,(#3965,#3966,#3967,#3968),
 .UNSPECIFIED.,.F.,.F.,(4,4),(0.503583800438181,0.542703500066305),
 .UNSPECIFIED.);
#134=B_SPLINE_CURVE_WITH_KNOTS('',3,(#3969,#3970,#3971,#3972,#3973,#3974),
 .UNSPECIFIED.,.F.,.F.,(4,2,4),(0.,0.0145445640431461,0.0202834783690946),
 .UNSPECIFIED.);
#135=B_SPLINE_CURVE_WITH_KNOTS('',3,(#3982,#3983,#3984,#3985,#3986,#3987,
#3988,#3989),.UNSPECIFIED.,.F.,.F.,(4,2,2,4),(0.916032216894158,1.00131360508918,
1.11250202348894,1.13487655862545),.UNSPECIFIED.);
#136=B_SPLINE_CURVE_WITH_KNOTS('',3,(#4039,#4040,#4041,#4042,#4043,#4044,
#4045,#4046,#4047,#4048),.UNSPECIFIED.,.F.,.F.,(4,3,3,4),(0.0966105395453661,
0.105046241723762,0.106062736523695,0.114427354673755),.UNSPECIFIED.);
#137=B_SPLINE_CURVE_WITH_KNOTS('',3,(#4049,#4050,#4051,#4052),
 .UNSPECIFIED.,.F.,.F.,(4,4),(0.128841252630002,0.16796095188267),
 .UNSPECIFIED.);
#138=B_SPLINE_CURVE_WITH_KNOTS('',3,(#4054,#4055,#4056,#4057,#4058,#4059,
#4060),.UNSPECIFIED.,.F.,.F.,(4,3,4),(-0.16796095188267,-0.0960240689957172,
-0.042071406830503),.UNSPECIFIED.);
#139=B_SPLINE_CURVE_WITH_KNOTS('',3,(#4061,#4062,#4063,#4064,#4065,#4066,
#4067,#4068),.UNSPECIFIED.,.F.,.F.,(4,2,2,4),(-0.000385375586412252,0.,
0.0376309871871162,0.0563375929606227),.UNSPECIFIED.);
#140=B_SPLINE_CURVE_WITH_KNOTS('',3,(#4085,#4086,#4087,#4088,#4089,#4090,
#4091,#4092,#4093,#4094,#4095,#4096,#4097,#4098,#4099,#4100),
 .UNSPECIFIED.,.F.,.F.,(4,2,2,2,2,2,2,4),(-0.000401428140383848,0.,0.0176665400076746,
0.0345085999345385,0.0519372354474472,0.0649831161254996,0.0763340228041632,
0.0765660003434668),.UNSPECIFIED.);
#141=B_SPLINE_CURVE_WITH_KNOTS('',3,(#4113,#4114,#4115,#4116,#4117,#4118,
#4119,#4120,#4121,#4122,#4123,#4124,#4125,#4126),.UNSPECIFIED.,.F.,.F.,
(4,2,2,2,2,2,4),(0.,0.0112355750036897,0.0240989216328128,0.041245156293621,
0.0581228873772913,0.0758474321304081,0.076245078386954),.UNSPECIFIED.);
#142=B_SPLINE_CURVE_WITH_KNOTS('',3,(#4144,#4145,#4146,#4147,#4148,#4149,
#4150,#4151),.UNSPECIFIED.,.F.,.F.,(4,2,2,4),(-0.000385375534931893,0.,
0.0376309862719093,0.0563375914042612),.UNSPECIFIED.);
#143=B_SPLINE_CURVE_WITH_KNOTS('',3,(#4163,#4164,#4165,#4166,#4167,#4168,
#4169,#4170),.UNSPECIFIED.,.F.,.F.,(4,2,2,4),(0.0239853905547933,0.0407026511305942,
0.0743317789185801,0.0746761712651949),.UNSPECIFIED.);
#144=B_SPLINE_CURVE_WITH_KNOTS('',3,(#4174,#4175,#4176,#4177,#4178,#4179,
#4180,#4181),.UNSPECIFIED.,.F.,.F.,(4,2,2,4),(-0.000385375746426902,0.,
0.0376309881853512,0.0563375939367852),.UNSPECIFIED.);
#145=B_SPLINE_CURVE_WITH_KNOTS('',3,(#4193,#4194,#4195,#4196,#4197,#4198,
#4199,#4200),.UNSPECIFIED.,.F.,.F.,(4,2,2,4),(0.0239853905252323,0.0407026506723139,
0.0743317798211819,0.0746761720552856),.UNSPECIFIED.);
#146=B_SPLINE_CURVE_WITH_KNOTS('',3,(#4204,#4205,#4206,#4207,#4208,#4209,
#4210,#4211),.UNSPECIFIED.,.F.,.F.,(4,2,2,4),(-0.000385375163624656,0.,
0.0376309872841711,0.0563375931578746),.UNSPECIFIED.);
#147=B_SPLINE_CURVE_WITH_KNOTS('',3,(#4223,#4224,#4225,#4226,#4227,#4228,
#4229,#4230),.UNSPECIFIED.,.F.,.F.,(4,2,2,4),(0.0239853905533123,0.0407026511107162,
0.0743317798959909,0.074676172140868),.UNSPECIFIED.);
#148=B_SPLINE_CURVE_WITH_KNOTS('',3,(#4235,#4236,#4237,#4238,#4239,#4240,
#4241,#4242),.UNSPECIFIED.,.F.,.F.,(4,2,2,4),(-0.000385375514695628,0.,
0.037630984112445,0.0563375870106645),.UNSPECIFIED.);
#149=B_SPLINE_CURVE_WITH_KNOTS('',3,(#4254,#4255,#4256,#4257,#4258,#4259,
#4260,#4261),.UNSPECIFIED.,.F.,.F.,(4,2,2,4),(0.023985390525163,0.0407026506720539,
0.074331781525566,0.0746761735836734),.UNSPECIFIED.);
#150=B_SPLINE_CURVE_WITH_KNOTS('',3,(#4265,#4266,#4267,#4268,#4269,#4270,
#4271,#4272),.UNSPECIFIED.,.F.,.F.,(4,2,2,4),(-0.000385375234956576,0.,
0.0376309885259065,0.056337595269375),.UNSPECIFIED.);
#151=B_SPLINE_CURVE_WITH_KNOTS('',3,(#4284,#4285,#4286,#4287,#4288,#4289,
#4290,#4291),.UNSPECIFIED.,.F.,.F.,(4,2,2,4),(0.0239853905533354,0.0407026511106316,
0.074331782689919,0.0746761746456616),.UNSPECIFIED.);
#152=B_SPLINE_CURVE_WITH_KNOTS('',3,(#4337,#4338,#4339,#4340,#4341,#4342,
#4343),.UNSPECIFIED.,.F.,.F.,(4,3,4),(-0.629473342607293,-0.575520680442079,
-0.503583797555127),.UNSPECIFIED.);
#153=B_SPLINE_CURVE_WITH_KNOTS('',3,(#4345,#4346,#4347,#4348),
 .UNSPECIFIED.,.F.,.F.,(4,4),(0.503583797555127,0.542703496807793),
 .UNSPECIFIED.);
#154=B_SPLINE_CURVE_WITH_KNOTS('',3,(#4349,#4350,#4351,#4352,#4353,#4354),
 .UNSPECIFIED.,.F.,.F.,(4,2,4),(0.,0.014544564044804,0.0202834783672346),
 .UNSPECIFIED.);
#155=B_SPLINE_CURVE_WITH_KNOTS('',3,(#4362,#4363,#4364,#4365,#4366,#4367,
#4368,#4369),.UNSPECIFIED.,.F.,.F.,(4,2,2,4),(0.916032216894158,1.00131360508918,
1.11250202348894,1.13487655862545),.UNSPECIFIED.);
#156=B_SPLINE_CURVE_WITH_KNOTS('',3,(#4418,#4419,#4420,#4421,#4422,#4423,
#4424,#4425,#4426,#4427),.UNSPECIFIED.,.F.,.F.,(4,3,3,4),(0.0966105380989826,
0.105046478797734,0.106062740418195,0.114427352149904),.UNSPECIFIED.);
#157=B_SPLINE_CURVE_WITH_KNOTS('',3,(#4428,#4429,#4430,#4431),
 .UNSPECIFIED.,.F.,.F.,(4,4),(0.128841255137602,0.167960954765723),
 .UNSPECIFIED.);
#158=B_SPLINE_CURVE_WITH_KNOTS('',3,(#4432,#4433,#4434,#4435,#4436,#4437,
#4438),.UNSPECIFIED.,.F.,.F.,(4,3,4),(-0.167960954765723,-0.0960240700996081,
-0.0420714066000221),.UNSPECIFIED.);
#159=B_SPLINE_CURVE_WITH_KNOTS('',3,(#4450,#4451,#4452,#4453,#4454,#4455,
#4456,#4457,#4458,#4459,#4460,#4461,#4462,#4463,#4464,#4465),
 .UNSPECIFIED.,.F.,.F.,(4,2,2,2,2,2,2,4),(-0.000401428140420121,0.,0.0176665400076081,
0.0345085999343948,0.0519372354473308,0.0649831161254209,0.0763340228040599,
0.0765660003433771),.UNSPECIFIED.);
#160=B_SPLINE_CURVE_WITH_KNOTS('',3,(#4476,#4477,#4478,#4479,#4480,#4481,
#4482,#4483,#4484,#4485,#4486,#4487,#4488,#4489),.UNSPECIFIED.,.F.,.F.,
(4,2,2,2,2,2,4),(0.,0.0112355750036934,0.0240989216328188,0.0412451562936043,
0.0581228873772858,0.0758474321303867,0.0762450783870299),.UNSPECIFIED.);
#161=B_SPLINE_CURVE_WITH_KNOTS('',3,(#4541,#4542,#4543,#4544,#4545,#4546,
#4547,#4548,#4549,#4550,#4551,#4552,#4553,#4554,#4555,#4556),
 .UNSPECIFIED.,.F.,.F.,(4,3,3,3,3,4),(-0.6294732062093,-0.597784831903997,
-0.566458964034845,-0.557552738402891,-0.535016758019287,-0.503583732095103),
 .UNSPECIFIED.);
#162=B_SPLINE_CURVE_WITH_KNOTS('',3,(#4558,#4559,#4560,#4561),
 .UNSPECIFIED.,.F.,.F.,(4,4),(0.503583732095103,0.542703422941074),
 .UNSPECIFIED.);
#163=B_SPLINE_CURVE_WITH_KNOTS('',3,(#4562,#4563,#4564,#4565,#4566,#4567),
 .UNSPECIFIED.,.F.,.F.,(4,2,4),(0.,0.0145445640775587,0.0202834783179453),
 .UNSPECIFIED.);
#164=B_SPLINE_CURVE_WITH_KNOTS('',3,(#4575,#4576,#4577,#4578,#4579,#4580,
#4581,#4582),.UNSPECIFIED.,.F.,.F.,(4,2,2,4),(0.916032216894158,1.00131360508918,
1.11250202348894,1.13487655862545),.UNSPECIFIED.);
#165=B_SPLINE_CURVE_WITH_KNOTS('',3,(#4631,#4632,#4633,#4634,#4635,#4636,
#4637,#4638,#4639,#4640),.UNSPECIFIED.,.F.,.F.,(4,3,3,4),(0.0966105697247726,
0.105045410529579,0.106062655810872,0.114427407359785),.UNSPECIFIED.);
#166=B_SPLINE_CURVE_WITH_KNOTS('',3,(#4641,#4642,#4643,#4644),
 .UNSPECIFIED.,.F.,.F.,(4,4),(0.128841195576673,0.167960886422648),
 .UNSPECIFIED.);
#167=B_SPLINE_CURVE_WITH_KNOTS('',3,(#4645,#4646,#4647,#4648,#4649,#4650,
#4651),.UNSPECIFIED.,.F.,.F.,(4,3,4),(-0.167960886422645,-0.0960240440716746,
-0.0420714123084467),.UNSPECIFIED.);
#168=B_SPLINE_CURVE_WITH_KNOTS('',3,(#4663,#4664,#4665,#4666,#4667,#4668,
#4669,#4670,#4671,#4672,#4673,#4674,#4675,#4676,#4677,#4678),
 .UNSPECIFIED.,.F.,.F.,(4,2,2,2,2,2,2,4),(-0.000401428140479551,0.,0.0176665400078614,
0.0345085999348722,0.0519372354477033,0.0649831161257246,0.0763340228043667,
0.0765660003435128),.UNSPECIFIED.);
#169=B_SPLINE_CURVE_WITH_KNOTS('',3,(#4689,#4690,#4691,#4692,#4693,#4694,
#4695,#4696,#4697,#4698,#4699,#4700,#4701,#4702),.UNSPECIFIED.,.F.,.F.,
(4,2,2,2,2,2,4),(0.,0.0112355750036848,0.0240989216327915,0.0412451562935847,
0.0581228873772522,0.0758474321303748,0.0762450783868563),.UNSPECIFIED.);
#170=B_SPLINE_CURVE_WITH_KNOTS('',3,(#4754,#4755,#4756,#4757,#4758,#4759,
#4760,#4761,#4762,#4763,#4764,#4765,#4766,#4767,#4768,#4769),
 .UNSPECIFIED.,.F.,.F.,(4,3,3,3,3,4),(-0.629473348603882,-0.597537223730466,
-0.566318362375703,-0.557552891765966,-0.534977059017199,-0.503583800438181),
 .UNSPECIFIED.);
#171=B_SPLINE_CURVE_WITH_KNOTS('',3,(#4771,#4772,#4773,#4774),
 .UNSPECIFIED.,.F.,.F.,(4,4),(0.50358380043818,0.5427035000663),
 .UNSPECIFIED.);
#172=B_SPLINE_CURVE_WITH_KNOTS('',3,(#4775,#4776,#4777,#4778,#4779,#4780),
 .UNSPECIFIED.,.F.,.F.,(4,2,4),(0.,0.0145445640435096,0.0202834783696882),
 .UNSPECIFIED.);
#173=B_SPLINE_CURVE_WITH_KNOTS('',3,(#4788,#4789,#4790,#4791,#4792,#4793,
#4794,#4795),.UNSPECIFIED.,.F.,.F.,(4,2,2,4),(0.916032216894157,1.00131360508918,
1.11250202348894,1.13487655862545),.UNSPECIFIED.);
#174=B_SPLINE_CURVE_WITH_KNOTS('',3,(#4844,#4845,#4846,#4847,#4848,#4849,
#4850,#4851,#4852,#4853),.UNSPECIFIED.,.F.,.F.,(4,3,3,4),(0.0966105395484014,
0.0980994467823979,0.106062736527311,0.114427354677921),.UNSPECIFIED.);
#175=B_SPLINE_CURVE_WITH_KNOTS('',3,(#4854,#4855,#4856,#4857),
 .UNSPECIFIED.,.F.,.F.,(4,4),(0.128841252630001,0.167960951882669),
 .UNSPECIFIED.);
#176=B_SPLINE_CURVE_WITH_KNOTS('',3,(#4858,#4859,#4860,#4861,#4862,#4863,
#4864,#4865,#4866,#4867,#4868,#4869,#4870,#4871,#4872,#4873),
 .UNSPECIFIED.,.F.,.F.,(4,3,3,3,3,4),(-0.167960951882668,-0.136565987168805,
-0.113991864112092,-0.105220395078616,-0.0739970312691816,-0.0420714068305027),
 .UNSPECIFIED.);
#177=B_SPLINE_CURVE_WITH_KNOTS('',3,(#4885,#4886,#4887,#4888,#4889,#4890,
#4891,#4892,#4893,#4894,#4895,#4896,#4897,#4898,#4899,#4900),
 .UNSPECIFIED.,.F.,.F.,(4,2,2,2,2,2,2,4),(-0.00040142814043066,0.,0.0176665400076651,
0.0345085999344867,0.0519372354474172,0.064983116125493,0.0763340228041467,
0.0765660003434324),.UNSPECIFIED.);
#178=B_SPLINE_CURVE_WITH_KNOTS('',3,(#4911,#4912,#4913,#4914,#4915,#4916,
#4917,#4918,#4919,#4920,#4921,#4922,#4923,#4924),.UNSPECIFIED.,.F.,.F.,
(4,2,2,2,2,2,4),(0.,0.0112355750036885,0.02409892163281,0.0412451562936256,
0.0581228873773157,0.0758474321304388,0.076245078387109),.UNSPECIFIED.);
#179=B_SPLINE_CURVE_WITH_KNOTS('',3,(#4976,#4977,#4978,#4979,#4980,#4981,
#4982),.UNSPECIFIED.,.F.,.F.,(4,3,4),(-0.629473342607292,-0.575520680442079,
-0.503583797555127),.UNSPECIFIED.);
#180=B_SPLINE_CURVE_WITH_KNOTS('',3,(#4984,#4985,#4986,#4987),
 .UNSPECIFIED.,.F.,.F.,(4,4),(0.503583797555128,0.542703496807793),
 .UNSPECIFIED.);
#181=B_SPLINE_CURVE_WITH_KNOTS('',3,(#4988,#4989,#4990,#4991,#4992,#4993),
 .UNSPECIFIED.,.F.,.F.,(4,2,4),(0.,0.0145445640445954,0.0202834783668943),
 .UNSPECIFIED.);
#182=B_SPLINE_CURVE_WITH_KNOTS('',3,(#5001,#5002,#5003,#5004,#5005,#5006,
#5007,#5008),.UNSPECIFIED.,.F.,.F.,(4,2,2,4),(0.916032216894158,1.00131360508918,
1.11250202348894,1.13487655862545),.UNSPECIFIED.);
#183=B_SPLINE_CURVE_WITH_KNOTS('',3,(#5057,#5058,#5059,#5060,#5061,#5062,
#5063,#5064,#5065,#5066),.UNSPECIFIED.,.F.,.F.,(4,3,3,4),(0.0966105380967512,
0.105046478795343,0.106062740415657,0.114427352147342),.UNSPECIFIED.);
#184=B_SPLINE_CURVE_WITH_KNOTS('',3,(#5067,#5068,#5069,#5070),
 .UNSPECIFIED.,.F.,.F.,(4,4),(0.128841255137603,0.167960954765723),
 .UNSPECIFIED.);
#185=B_SPLINE_CURVE_WITH_KNOTS('',3,(#5071,#5072,#5073,#5074,#5075,#5076,
#5077),.UNSPECIFIED.,.F.,.F.,(4,3,4),(-0.167960954765723,-0.0960240700996079,
-0.0420714066000219),.UNSPECIFIED.);
#186=B_SPLINE_CURVE_WITH_KNOTS('',3,(#5089,#5090,#5091,#5092,#5093,#5094,
#5095,#5096,#5097,#5098,#5099,#5100,#5101,#5102,#5103,#5104),
 .UNSPECIFIED.,.F.,.F.,(4,2,2,2,2,2,2,4),(-0.000401428140531466,0.,0.0176665400077779,
0.0345085999347097,0.0519372354475813,0.0649831161256088,0.0763340228042444,
0.0765660003434209),.UNSPECIFIED.);
#187=B_SPLINE_CURVE_WITH_KNOTS('',3,(#5115,#5116,#5117,#5118,#5119,#5120,
#5121,#5122,#5123,#5124,#5125,#5126,#5127,#5128),.UNSPECIFIED.,.F.,.F.,
(4,2,2,2,2,2,4),(0.,0.0112355750036846,0.0240989216327909,0.0412451562935779,
0.0581228873772218,0.0758474321303148,0.0762450783867438),.UNSPECIFIED.);
#188=B_SPLINE_CURVE_WITH_KNOTS('',3,(#5148,#5149,#5150,#5151),
 .UNSPECIFIED.,.F.,.F.,(4,4),(1.74148351370328,2.04421191577806),
 .UNSPECIFIED.);
#189=B_SPLINE_CURVE_WITH_KNOTS('',3,(#5163,#5164,#5165,#5166),
 .UNSPECIFIED.,.F.,.F.,(4,4),(0.714229569416313,1.01695797149109),
 .UNSPECIFIED.);
#190=B_SPLINE_CURVE_WITH_KNOTS('',3,(#5169,#5170,#5171,#5172,#5173,#5174,
#5175,#5176),.UNSPECIFIED.,.F.,.F.,(4,2,2,4),(0.645941466016847,0.668316001153356,
0.779504419553123,0.864785807748143),.UNSPECIFIED.);
#191=B_SPLINE_CURVE_WITH_KNOTS('',3,(#5184,#5185,#5186,#5187),
 .UNSPECIFIED.,.F.,.F.,(4,4),(1.74148351370328,2.04421191577806),
 .UNSPECIFIED.);
#192=B_SPLINE_CURVE_WITH_KNOTS('',3,(#5199,#5200,#5201,#5202),
 .UNSPECIFIED.,.F.,.F.,(4,4),(0.714229569416313,1.01695797149109),
 .UNSPECIFIED.);
#193=B_SPLINE_CURVE_WITH_KNOTS('',3,(#5205,#5206,#5207,#5208,#5209,#5210,
#5211,#5212),.UNSPECIFIED.,.F.,.F.,(4,2,2,4),(0.645941466016847,0.668316001153356,
0.779504419553123,0.864785807748142),.UNSPECIFIED.);
#194=B_SPLINE_CURVE_WITH_KNOTS('',3,(#5220,#5221,#5222,#5223),
 .UNSPECIFIED.,.F.,.F.,(4,4),(1.74148351370328,2.04421191577806),
 .UNSPECIFIED.);
#195=B_SPLINE_CURVE_WITH_KNOTS('',3,(#5235,#5236,#5237,#5238),
 .UNSPECIFIED.,.F.,.F.,(4,4),(0.714229569416313,1.01695797149109),
 .UNSPECIFIED.);
#196=B_SPLINE_CURVE_WITH_KNOTS('',3,(#5241,#5242,#5243,#5244,#5245,#5246,
#5247,#5248),.UNSPECIFIED.,.F.,.F.,(4,2,2,4),(0.645941466016846,0.668316001153356,
0.779504419553123,0.864785807748142),.UNSPECIFIED.);
#197=B_SPLINE_CURVE_WITH_KNOTS('',3,(#5256,#5257,#5258,#5259),
 .UNSPECIFIED.,.F.,.F.,(4,4),(1.74148351370328,2.04421191577806),
 .UNSPECIFIED.);
#198=B_SPLINE_CURVE_WITH_KNOTS('',3,(#5271,#5272,#5273,#5274),
 .UNSPECIFIED.,.F.,.F.,(4,4),(0.714229569416313,1.01695797149109),
 .UNSPECIFIED.);
#199=B_SPLINE_CURVE_WITH_KNOTS('',3,(#5277,#5278,#5279,#5280,#5281,#5282,
#5283,#5284),.UNSPECIFIED.,.F.,.F.,(4,2,2,4),(0.645941466016847,0.668316001153356,
0.779504419553123,0.864785807748142),.UNSPECIFIED.);
#200=B_SPLINE_CURVE_WITH_KNOTS('',3,(#5292,#5293,#5294,#5295),
 .UNSPECIFIED.,.F.,.F.,(4,4),(1.74148351370328,2.04421191577806),
 .UNSPECIFIED.);
#201=B_SPLINE_CURVE_WITH_KNOTS('',3,(#5307,#5308,#5309,#5310),
 .UNSPECIFIED.,.F.,.F.,(4,4),(0.714229569416314,1.01695797149109),
 .UNSPECIFIED.);
#202=B_SPLINE_CURVE_WITH_KNOTS('',3,(#5313,#5314,#5315,#5316,#5317,#5318,
#5319,#5320),.UNSPECIFIED.,.F.,.F.,(4,2,2,4),(0.645941466016848,0.668316001153356,
0.779504419553124,0.864785807748143),.UNSPECIFIED.);
#203=B_SPLINE_CURVE_WITH_KNOTS('',3,(#5328,#5329,#5330,#5331,#5332,#5333),
 .UNSPECIFIED.,.F.,.F.,(4,2,4),(0.,0.0145445640775345,0.0202834783179045),
 .UNSPECIFIED.);
#204=B_SPLINE_CURVE_WITH_KNOTS('',3,(#5335,#5336,#5337,#5338,#5339,#5340,
#5341,#5342),.UNSPECIFIED.,.F.,.F.,(4,2,2,4),(0.916032216894158,1.00131360508918,
1.11250202348894,1.13487655862545),.UNSPECIFIED.);
#205=B_SPLINE_CURVE_WITH_KNOTS('',3,(#5344,#5345,#5346,#5347),
 .UNSPECIFIED.,.F.,.F.,(4,4),(1.74148351370328,2.04421191577806),
 .UNSPECIFIED.);
#206=B_SPLINE_CURVE_WITH_KNOTS('',3,(#5363,#5364,#5365,#5366),
 .UNSPECIFIED.,.F.,.F.,(4,4),(0.714229569416313,1.01695797149109),
 .UNSPECIFIED.);
#207=B_SPLINE_CURVE_WITH_KNOTS('',3,(#5368,#5369,#5370,#5371,#5372,#5373,
#5374,#5375),.UNSPECIFIED.,.F.,.F.,(4,2,2,4),(0.645941466016847,0.668316001153356,
0.779504419553123,0.864785807748142),.UNSPECIFIED.);
#208=B_SPLINE_CURVE_WITH_KNOTS('',3,(#5376,#5377,#5378,#5379,#5380,#5381,
#5382,#5383,#5384,#5385),.UNSPECIFIED.,.F.,.F.,(4,3,3,4),(0.0966105697228962,
0.105045410527147,0.106062655808357,0.114427407356745),.UNSPECIFIED.);
#209=B_SPLINE_CURVE_WITH_KNOTS('',3,(#5420,#5421,#5422,#5423,#5424,#5425,
#5426),.UNSPECIFIED.,.F.,.F.,(4,3,4),(-0.629473206209301,-0.575520574446073,
-0.503583732095103),.UNSPECIFIED.);
#210=B_SPLINE_CURVE_WITH_KNOTS('',3,(#5427,#5428,#5429,#5430),
 .UNSPECIFIED.,.F.,.F.,(4,4),(0.503583732095102,0.542703422941073),
 .UNSPECIFIED.);
#211=B_SPLINE_CURVE_WITH_KNOTS('',3,(#5484,#5485,#5486,#5487),
 .UNSPECIFIED.,.F.,.F.,(4,4),(0.128841195576672,0.167960886422644),
 .UNSPECIFIED.);
#212=B_SPLINE_CURVE_WITH_KNOTS('',3,(#5488,#5489,#5490,#5491,#5492,#5493,
#5494),.UNSPECIFIED.,.F.,.F.,(4,3,4),(-0.167960886422644,-0.0960240440716743,
-0.0420714123084467),.UNSPECIFIED.);
#213=B_SPLINE_CURVE_WITH_KNOTS('',3,(#5507,#5508,#5509,#5510,#5511,#5512,
#5513,#5514,#5515,#5516,#5517,#5518,#5519,#5520,#5521,#5522),
 .UNSPECIFIED.,.F.,.F.,(4,2,2,2,2,2,2,4),(-0.000401428140204695,0.,0.0176665400078393,
0.0345085999348052,0.0519372354476046,0.0649831161255879,0.0763340228041964,
0.0765660003433428),.UNSPECIFIED.);
#214=B_SPLINE_CURVE_WITH_KNOTS('',3,(#5535,#5536,#5537,#5538,#5539,#5540,
#5541,#5542,#5543,#5544,#5545,#5546,#5547,#5548),.UNSPECIFIED.,.F.,.F.,
(4,2,2,2,2,2,4),(0.,0.0112355750036964,0.0240989216328323,0.0412451562936324,
0.0581228873773215,0.0758474321304289,0.0762450783871352),.UNSPECIFIED.);
#215=B_SPLINE_SURFACE_WITH_KNOTS('',3,3,((#3913,#3914,#3915,#3916,#3917),
(#3918,#3919,#3920,#3921,#3922),(#3923,#3924,#3925,#3926,#3927),(#3928,
#3929,#3930,#3931,#3932),(#3933,#3934,#3935,#3936,#3937)),.UNSPECIFIED.,
 .F.,.F.,.F.,(4,1,4),(4,1,4),(0.,0.5,1.),(0.503583800438181,0.557536463937767,
0.629473348603883),.UNSPECIFIED.);
#216=B_SPLINE_SURFACE_WITH_KNOTS('',3,3,((#4012,#4013,#4014,#4015,#4016),
(#4017,#4018,#4019,#4020,#4021),(#4022,#4023,#4024,#4025,#4026),(#4027,
#4028,#4029,#4030,#4031),(#4032,#4033,#4034,#4035,#4036)),.UNSPECIFIED.,
 .F.,.F.,.F.,(4,1,4),(4,1,4),(0.,0.5,1.),(0.0420714068305029,0.0960240689957176,
0.16796095188267),.UNSPECIFIED.);
#217=B_SPLINE_SURFACE_WITH_KNOTS('',3,3,((#4312,#4313,#4314,#4315,#4316),
(#4317,#4318,#4319,#4320,#4321),(#4322,#4323,#4324,#4325,#4326),(#4327,
#4328,#4329,#4330,#4331),(#4332,#4333,#4334,#4335,#4336)),.UNSPECIFIED.,
 .F.,.F.,.F.,(4,1,4),(4,1,4),(0.,0.5,1.),(0.503583797555127,0.575520680442079,
0.629473342607293),.UNSPECIFIED.);
#218=B_SPLINE_SURFACE_WITH_KNOTS('',3,3,((#4392,#4393,#4394,#4395,#4396),
(#4397,#4398,#4399,#4400,#4401),(#4402,#4403,#4404,#4405,#4406),(#4407,
#4408,#4409,#4410,#4411),(#4412,#4413,#4414,#4415,#4416)),.UNSPECIFIED.,
 .F.,.F.,.F.,(4,1,4),(4,1,4),(0.,0.5,1.),(0.0420714066000219,0.096024070099608,
0.167960954765723),.UNSPECIFIED.);
#219=B_SPLINE_SURFACE_WITH_KNOTS('',3,3,((#4516,#4517,#4518,#4519,#4520),
(#4521,#4522,#4523,#4524,#4525),(#4526,#4527,#4528,#4529,#4530),(#4531,
#4532,#4533,#4534,#4535),(#4536,#4537,#4538,#4539,#4540)),.UNSPECIFIED.,
 .F.,.F.,.F.,(4,1,4),(4,1,4),(0.,0.5,1.),(0.503583732095103,0.55753636385833,
0.629473206209301),.UNSPECIFIED.);
#220=B_SPLINE_SURFACE_WITH_KNOTS('',3,3,((#4605,#4606,#4607,#4608,#4609),
(#4610,#4611,#4612,#4613,#4614),(#4615,#4616,#4617,#4618,#4619),(#4620,
#4621,#4622,#4623,#4624),(#4625,#4626,#4627,#4628,#4629)),.UNSPECIFIED.,
 .F.,.F.,.F.,(4,1,4),(4,1,4),(0.,0.5,1.),(0.0420714123084466,0.0960240440716756,
0.167960886422648),.UNSPECIFIED.);
#221=B_SPLINE_SURFACE_WITH_KNOTS('',3,3,((#4729,#4730,#4731,#4732,#4733),
(#4734,#4735,#4736,#4737,#4738),(#4739,#4740,#4741,#4742,#4743),(#4744,
#4745,#4746,#4747,#4748),(#4749,#4750,#4751,#4752,#4753)),.UNSPECIFIED.,
 .F.,.F.,.F.,(4,1,4),(4,1,4),(0.,0.5,1.),(0.50358380043818,0.557536463937767,
0.629473348603883),.UNSPECIFIED.);
#222=B_SPLINE_SURFACE_WITH_KNOTS('',3,3,((#4818,#4819,#4820,#4821,#4822),
(#4823,#4824,#4825,#4826,#4827),(#4828,#4829,#4830,#4831,#4832),(#4833,
#4834,#4835,#4836,#4837),(#4838,#4839,#4840,#4841,#4842)),.UNSPECIFIED.,
 .F.,.F.,.F.,(4,1,4),(4,1,4),(0.,0.5,1.),(0.0420714068305027,0.114008289717455,
0.167960951882669),.UNSPECIFIED.);
#223=B_SPLINE_SURFACE_WITH_KNOTS('',3,3,((#4951,#4952,#4953,#4954,#4955),
(#4956,#4957,#4958,#4959,#4960),(#4961,#4962,#4963,#4964,#4965),(#4966,
#4967,#4968,#4969,#4970),(#4971,#4972,#4973,#4974,#4975)),.UNSPECIFIED.,
 .F.,.F.,.F.,(4,1,4),(4,1,4),(0.,0.5,1.),(0.503583797555128,0.575520680442079,
0.629473342607292),.UNSPECIFIED.);
#224=B_SPLINE_SURFACE_WITH_KNOTS('',3,3,((#5031,#5032,#5033,#5034,#5035),
(#5036,#5037,#5038,#5039,#5040),(#5041,#5042,#5043,#5044,#5045),(#5046,
#5047,#5048,#5049,#5050),(#5051,#5052,#5053,#5054,#5055)),.UNSPECIFIED.,
 .F.,.F.,.F.,(4,1,4),(4,1,4),(0.,0.5,1.),(0.0420714066000218,0.096024070099608,
0.167960954765723),.UNSPECIFIED.);
#225=B_SPLINE_SURFACE_WITH_KNOTS('',3,3,((#5395,#5396,#5397,#5398,#5399),
(#5400,#5401,#5402,#5403,#5404),(#5405,#5406,#5407,#5408,#5409),(#5410,
#5411,#5412,#5413,#5414),(#5415,#5416,#5417,#5418,#5419)),.UNSPECIFIED.,
 .F.,.F.,.F.,(4,1,4),(4,1,4),(0.,0.5,1.),(0.503583732095102,0.575520574446073,
0.629473206209301),.UNSPECIFIED.);
#226=B_SPLINE_SURFACE_WITH_KNOTS('',3,3,((#5459,#5460,#5461,#5462,#5463),
(#5464,#5465,#5466,#5467,#5468),(#5469,#5470,#5471,#5472,#5473),(#5474,
#5475,#5476,#5477,#5478),(#5479,#5480,#5481,#5482,#5483)),.UNSPECIFIED.,
 .F.,.F.,.F.,(4,1,4),(4,1,4),(0.,0.5,1.),(0.0420714123084467,0.096024044071674,
0.167960886422644),.UNSPECIFIED.);
#227=FACE_OUTER_BOUND('',#392,.T.);
#228=FACE_OUTER_BOUND('',#393,.T.);
#229=FACE_OUTER_BOUND('',#394,.T.);
#230=FACE_OUTER_BOUND('',#395,.T.);
#231=FACE_OUTER_BOUND('',#396,.T.);
#232=FACE_OUTER_BOUND('',#397,.T.);
#233=FACE_OUTER_BOUND('',#398,.T.);
#234=FACE_OUTER_BOUND('',#399,.T.);
#235=FACE_OUTER_BOUND('',#400,.T.);
#236=FACE_OUTER_BOUND('',#401,.T.);
#237=FACE_OUTER_BOUND('',#402,.T.);
#238=FACE_OUTER_BOUND('',#403,.T.);
#239=FACE_OUTER_BOUND('',#404,.T.);
#240=FACE_OUTER_BOUND('',#405,.T.);
#241=FACE_OUTER_BOUND('',#406,.T.);
#242=FACE_OUTER_BOUND('',#407,.T.);
#243=FACE_OUTER_BOUND('',#408,.T.);
#244=FACE_OUTER_BOUND('',#409,.T.);
#245=FACE_OUTER_BOUND('',#410,.T.);
#246=FACE_OUTER_BOUND('',#411,.T.);
#247=FACE_OUTER_BOUND('',#412,.T.);
#248=FACE_OUTER_BOUND('',#413,.T.);
#249=FACE_OUTER_BOUND('',#414,.T.);
#250=FACE_OUTER_BOUND('',#415,.T.);
#251=FACE_OUTER_BOUND('',#416,.T.);
#252=FACE_OUTER_BOUND('',#417,.T.);
#253=FACE_OUTER_BOUND('',#418,.T.);
#254=FACE_OUTER_BOUND('',#419,.T.);
#255=FACE_OUTER_BOUND('',#420,.T.);
#256=FACE_OUTER_BOUND('',#421,.T.);
#257=FACE_OUTER_BOUND('',#422,.T.);
#258=FACE_OUTER_BOUND('',#423,.T.);
#259=FACE_OUTER_BOUND('',#424,.T.);
#260=FACE_OUTER_BOUND('',#425,.T.);
#261=FACE_OUTER_BOUND('',#426,.T.);
#262=FACE_OUTER_BOUND('',#427,.T.);
#263=FACE_OUTER_BOUND('',#428,.T.);
#264=FACE_OUTER_BOUND('',#429,.T.);
#265=FACE_OUTER_BOUND('',#430,.T.);
#266=FACE_OUTER_BOUND('',#431,.T.);
#267=FACE_OUTER_BOUND('',#432,.T.);
#268=FACE_OUTER_BOUND('',#433,.T.);
#269=FACE_OUTER_BOUND('',#434,.T.);
#270=FACE_OUTER_BOUND('',#435,.T.);
#271=FACE_OUTER_BOUND('',#436,.T.);
#272=FACE_OUTER_BOUND('',#437,.T.);
#273=FACE_OUTER_BOUND('',#438,.T.);
#274=FACE_OUTER_BOUND('',#439,.T.);
#275=FACE_OUTER_BOUND('',#440,.T.);
#276=FACE_OUTER_BOUND('',#441,.T.);
#277=FACE_OUTER_BOUND('',#442,.T.);
#278=FACE_OUTER_BOUND('',#443,.T.);
#279=FACE_OUTER_BOUND('',#444,.T.);
#280=FACE_OUTER_BOUND('',#445,.T.);
#281=FACE_OUTER_BOUND('',#446,.T.);
#282=FACE_OUTER_BOUND('',#447,.T.);
#283=FACE_OUTER_BOUND('',#448,.T.);
#284=FACE_OUTER_BOUND('',#449,.T.);
#285=FACE_OUTER_BOUND('',#450,.T.);
#286=FACE_OUTER_BOUND('',#451,.T.);
#287=FACE_OUTER_BOUND('',#452,.T.);
#288=FACE_OUTER_BOUND('',#453,.T.);
#289=FACE_OUTER_BOUND('',#454,.T.);
#290=FACE_OUTER_BOUND('',#455,.T.);
#291=FACE_OUTER_BOUND('',#456,.T.);
#292=FACE_OUTER_BOUND('',#457,.T.);
#293=FACE_OUTER_BOUND('',#458,.T.);
#294=FACE_OUTER_BOUND('',#459,.T.);
#295=FACE_OUTER_BOUND('',#460,.T.);
#296=FACE_OUTER_BOUND('',#461,.T.);
#297=FACE_OUTER_BOUND('',#462,.T.);
#298=FACE_OUTER_BOUND('',#463,.T.);
#299=FACE_OUTER_BOUND('',#464,.T.);
#300=FACE_OUTER_BOUND('',#465,.T.);
#301=FACE_OUTER_BOUND('',#466,.T.);
#302=FACE_OUTER_BOUND('',#467,.T.);
#303=FACE_OUTER_BOUND('',#468,.T.);
#304=FACE_OUTER_BOUND('',#469,.T.);
#305=FACE_OUTER_BOUND('',#470,.T.);
#306=FACE_OUTER_BOUND('',#471,.T.);
#307=FACE_OUTER_BOUND('',#472,.T.);
#308=FACE_OUTER_BOUND('',#473,.T.);
#309=FACE_OUTER_BOUND('',#474,.T.);
#310=FACE_OUTER_BOUND('',#475,.T.);
#311=FACE_OUTER_BOUND('',#476,.T.);
#312=FACE_OUTER_BOUND('',#477,.T.);
#313=FACE_OUTER_BOUND('',#478,.T.);
#314=FACE_OUTER_BOUND('',#479,.T.);
#315=FACE_OUTER_BOUND('',#480,.T.);
#316=FACE_OUTER_BOUND('',#481,.T.);
#317=FACE_OUTER_BOUND('',#482,.T.);
#318=FACE_OUTER_BOUND('',#483,.T.);
#319=FACE_OUTER_BOUND('',#484,.T.);
#320=FACE_OUTER_BOUND('',#485,.T.);
#321=FACE_OUTER_BOUND('',#486,.T.);
#322=FACE_OUTER_BOUND('',#487,.T.);
#323=FACE_OUTER_BOUND('',#488,.T.);
#324=FACE_OUTER_BOUND('',#489,.T.);
#325=FACE_OUTER_BOUND('',#491,.T.);
#326=FACE_OUTER_BOUND('',#492,.T.);
#327=FACE_OUTER_BOUND('',#493,.T.);
#328=FACE_OUTER_BOUND('',#494,.T.);
#329=FACE_OUTER_BOUND('',#495,.T.);
#330=FACE_OUTER_BOUND('',#496,.T.);
#331=FACE_OUTER_BOUND('',#498,.T.);
#332=FACE_OUTER_BOUND('',#499,.T.);
#333=FACE_OUTER_BOUND('',#500,.T.);
#334=FACE_OUTER_BOUND('',#501,.T.);
#335=FACE_OUTER_BOUND('',#502,.T.);
#336=FACE_OUTER_BOUND('',#503,.T.);
#337=FACE_OUTER_BOUND('',#505,.T.);
#338=FACE_OUTER_BOUND('',#506,.T.);
#339=FACE_OUTER_BOUND('',#507,.T.);
#340=FACE_OUTER_BOUND('',#508,.T.);
#341=FACE_OUTER_BOUND('',#509,.T.);
#342=FACE_OUTER_BOUND('',#510,.T.);
#343=FACE_OUTER_BOUND('',#512,.T.);
#344=FACE_OUTER_BOUND('',#513,.T.);
#345=FACE_OUTER_BOUND('',#514,.T.);
#346=FACE_OUTER_BOUND('',#515,.T.);
#347=FACE_OUTER_BOUND('',#516,.T.);
#348=FACE_OUTER_BOUND('',#517,.T.);
#349=FACE_OUTER_BOUND('',#519,.T.);
#350=FACE_OUTER_BOUND('',#520,.T.);
#351=FACE_OUTER_BOUND('',#521,.T.);
#352=FACE_OUTER_BOUND('',#522,.T.);
#353=FACE_OUTER_BOUND('',#523,.T.);
#354=FACE_OUTER_BOUND('',#524,.T.);
#355=FACE_OUTER_BOUND('',#525,.T.);
#356=FACE_OUTER_BOUND('',#526,.T.);
#357=FACE_OUTER_BOUND('',#527,.T.);
#358=FACE_OUTER_BOUND('',#528,.T.);
#359=FACE_OUTER_BOUND('',#529,.T.);
#360=FACE_OUTER_BOUND('',#530,.T.);
#361=FACE_OUTER_BOUND('',#531,.T.);
#362=FACE_OUTER_BOUND('',#532,.T.);
#363=FACE_OUTER_BOUND('',#533,.T.);
#364=FACE_OUTER_BOUND('',#534,.T.);
#365=FACE_OUTER_BOUND('',#535,.T.);
#366=FACE_OUTER_BOUND('',#536,.T.);
#367=FACE_OUTER_BOUND('',#537,.T.);
#368=FACE_OUTER_BOUND('',#538,.T.);
#369=FACE_OUTER_BOUND('',#539,.T.);
#370=FACE_OUTER_BOUND('',#540,.T.);
#371=FACE_OUTER_BOUND('',#541,.T.);
#372=FACE_OUTER_BOUND('',#542,.T.);
#373=FACE_OUTER_BOUND('',#543,.T.);
#374=FACE_OUTER_BOUND('',#544,.T.);
#375=FACE_OUTER_BOUND('',#545,.T.);
#376=FACE_OUTER_BOUND('',#546,.T.);
#377=FACE_OUTER_BOUND('',#547,.T.);
#378=FACE_OUTER_BOUND('',#548,.T.);
#379=FACE_OUTER_BOUND('',#549,.T.);
#380=FACE_OUTER_BOUND('',#550,.T.);
#381=FACE_OUTER_BOUND('',#552,.T.);
#382=FACE_OUTER_BOUND('',#553,.T.);
#383=FACE_OUTER_BOUND('',#554,.T.);
#384=FACE_OUTER_BOUND('',#555,.T.);
#385=FACE_OUTER_BOUND('',#556,.T.);
#386=FACE_OUTER_BOUND('',#558,.T.);
#387=FACE_OUTER_BOUND('',#559,.T.);
#388=FACE_OUTER_BOUND('',#560,.T.);
#389=FACE_OUTER_BOUND('',#561,.T.);
#390=FACE_OUTER_BOUND('',#562,.T.);
#391=FACE_OUTER_BOUND('',#570,.T.);
#392=EDGE_LOOP('',(#1702,#1703,#1704,#1705));
#393=EDGE_LOOP('',(#1706,#1707,#1708,#1709,#1710));
#394=EDGE_LOOP('',(#1711,#1712,#1713,#1714,#1715,#1716));
#395=EDGE_LOOP('',(#1717,#1718,#1719,#1720));
#396=EDGE_LOOP('',(#1721,#1722,#1723,#1724,#1725,#1726,#1727));
#397=EDGE_LOOP('',(#1728,#1729,#1730,#1731));
#398=EDGE_LOOP('',(#1732,#1733,#1734,#1735,#1736));
#399=EDGE_LOOP('',(#1737,#1738,#1739,#1740));
#400=EDGE_LOOP('',(#1741,#1742,#1743));
#401=EDGE_LOOP('',(#1744,#1745,#1746,#1747,#1748));
#402=EDGE_LOOP('',(#1749,#1750,#1751));
#403=EDGE_LOOP('',(#1752,#1753,#1754,#1755,#1756));
#404=EDGE_LOOP('',(#1757,#1758,#1759,#1760));
#405=EDGE_LOOP('',(#1761,#1762,#1763,#1764));
#406=EDGE_LOOP('',(#1765,#1766,#1767,#1768));
#407=EDGE_LOOP('',(#1769,#1770,#1771,#1772));
#408=EDGE_LOOP('',(#1773,#1774,#1775,#1776,#1777,#1778,#1779,#1780,#1781,
#1782,#1783,#1784,#1785,#1786,#1787,#1788,#1789,#1790,#1791,#1792,#1793,
#1794,#1795,#1796,#1797,#1798,#1799,#1800,#1801,#1802,#1803,#1804,#1805,
#1806,#1807,#1808,#1809,#1810,#1811,#1812,#1813,#1814,#1815,#1816,#1817,
#1818,#1819,#1820,#1821,#1822,#1823,#1824));
#409=EDGE_LOOP('',(#1825,#1826,#1827,#1828));
#410=EDGE_LOOP('',(#1829,#1830,#1831,#1832));
#411=EDGE_LOOP('',(#1833,#1834,#1835,#1836));
#412=EDGE_LOOP('',(#1837,#1838,#1839,#1840));
#413=EDGE_LOOP('',(#1841,#1842,#1843,#1844,#1845));
#414=EDGE_LOOP('',(#1846,#1847,#1848,#1849,#1850,#1851));
#415=EDGE_LOOP('',(#1852,#1853,#1854,#1855));
#416=EDGE_LOOP('',(#1856,#1857,#1858,#1859,#1860,#1861,#1862));
#417=EDGE_LOOP('',(#1863,#1864,#1865,#1866));
#418=EDGE_LOOP('',(#1867,#1868,#1869,#1870,#1871));
#419=EDGE_LOOP('',(#1872,#1873,#1874,#1875));
#420=EDGE_LOOP('',(#1876,#1877,#1878));
#421=EDGE_LOOP('',(#1879,#1880,#1881,#1882,#1883));
#422=EDGE_LOOP('',(#1884,#1885,#1886));
#423=EDGE_LOOP('',(#1887,#1888,#1889,#1890,#1891));
#424=EDGE_LOOP('',(#1892,#1893,#1894,#1895));
#425=EDGE_LOOP('',(#1896,#1897,#1898,#1899));
#426=EDGE_LOOP('',(#1900,#1901,#1902,#1903));
#427=EDGE_LOOP('',(#1904,#1905,#1906,#1907));
#428=EDGE_LOOP('',(#1908,#1909,#1910,#1911));
#429=EDGE_LOOP('',(#1912,#1913,#1914,#1915));
#430=EDGE_LOOP('',(#1916,#1917,#1918,#1919));
#431=EDGE_LOOP('',(#1920,#1921,#1922,#1923));
#432=EDGE_LOOP('',(#1924,#1925,#1926,#1927,#1928));
#433=EDGE_LOOP('',(#1929,#1930,#1931,#1932,#1933,#1934));
#434=EDGE_LOOP('',(#1935,#1936,#1937,#1938));
#435=EDGE_LOOP('',(#1939,#1940,#1941,#1942,#1943,#1944,#1945));
#436=EDGE_LOOP('',(#1946,#1947,#1948,#1949));
#437=EDGE_LOOP('',(#1950,#1951,#1952,#1953,#1954));
#438=EDGE_LOOP('',(#1955,#1956,#1957,#1958));
#439=EDGE_LOOP('',(#1959,#1960,#1961));
#440=EDGE_LOOP('',(#1962,#1963,#1964,#1965,#1966));
#441=EDGE_LOOP('',(#1967,#1968,#1969));
#442=EDGE_LOOP('',(#1970,#1971,#1972,#1973,#1974));
#443=EDGE_LOOP('',(#1975,#1976,#1977,#1978));
#444=EDGE_LOOP('',(#1979,#1980,#1981,#1982));
#445=EDGE_LOOP('',(#1983,#1984,#1985,#1986));
#446=EDGE_LOOP('',(#1987,#1988,#1989,#1990));
#447=EDGE_LOOP('',(#1991,#1992,#1993,#1994));
#448=EDGE_LOOP('',(#1995,#1996,#1997,#1998));
#449=EDGE_LOOP('',(#1999,#2000,#2001,#2002));
#450=EDGE_LOOP('',(#2003,#2004,#2005,#2006));
#451=EDGE_LOOP('',(#2007,#2008,#2009,#2010,#2011));
#452=EDGE_LOOP('',(#2012,#2013,#2014,#2015,#2016,#2017));
#453=EDGE_LOOP('',(#2018,#2019,#2020,#2021));
#454=EDGE_LOOP('',(#2022,#2023,#2024,#2025,#2026,#2027,#2028));
#455=EDGE_LOOP('',(#2029,#2030,#2031,#2032));
#456=EDGE_LOOP('',(#2033,#2034,#2035,#2036,#2037));
#457=EDGE_LOOP('',(#2038,#2039,#2040,#2041));
#458=EDGE_LOOP('',(#2042,#2043,#2044));
#459=EDGE_LOOP('',(#2045,#2046,#2047,#2048,#2049));
#460=EDGE_LOOP('',(#2050,#2051,#2052));
#461=EDGE_LOOP('',(#2053,#2054,#2055,#2056,#2057));
#462=EDGE_LOOP('',(#2058,#2059,#2060,#2061));
#463=EDGE_LOOP('',(#2062,#2063,#2064,#2065));
#464=EDGE_LOOP('',(#2066,#2067,#2068,#2069));
#465=EDGE_LOOP('',(#2070,#2071,#2072,#2073));
#466=EDGE_LOOP('',(#2074,#2075,#2076,#2077));
#467=EDGE_LOOP('',(#2078,#2079,#2080,#2081));
#468=EDGE_LOOP('',(#2082,#2083,#2084,#2085));
#469=EDGE_LOOP('',(#2086,#2087,#2088,#2089));
#470=EDGE_LOOP('',(#2090,#2091,#2092,#2093,#2094));
#471=EDGE_LOOP('',(#2095,#2096,#2097,#2098,#2099,#2100));
#472=EDGE_LOOP('',(#2101,#2102,#2103,#2104));
#473=EDGE_LOOP('',(#2105,#2106,#2107,#2108,#2109,#2110,#2111));
#474=EDGE_LOOP('',(#2112,#2113,#2114,#2115));
#475=EDGE_LOOP('',(#2116,#2117,#2118,#2119,#2120));
#476=EDGE_LOOP('',(#2121,#2122,#2123,#2124));
#477=EDGE_LOOP('',(#2125,#2126,#2127));
#478=EDGE_LOOP('',(#2128,#2129,#2130,#2131,#2132));
#479=EDGE_LOOP('',(#2133,#2134,#2135));
#480=EDGE_LOOP('',(#2136,#2137,#2138,#2139,#2140));
#481=EDGE_LOOP('',(#2141,#2142,#2143,#2144));
#482=EDGE_LOOP('',(#2145,#2146,#2147,#2148));
#483=EDGE_LOOP('',(#2149,#2150,#2151,#2152));
#484=EDGE_LOOP('',(#2153,#2154,#2155,#2156));
#485=EDGE_LOOP('',(#2157,#2158,#2159,#2160));
#486=EDGE_LOOP('',(#2161,#2162,#2163,#2164));
#487=EDGE_LOOP('',(#2165,#2166,#2167,#2168));
#488=EDGE_LOOP('',(#2169,#2170,#2171));
#489=EDGE_LOOP('',(#2172,#2173,#2174,#2175,#2176,#2177,#2178));
#490=EDGE_LOOP('',(#2179));
#491=EDGE_LOOP('',(#2180,#2181,#2182));
#492=EDGE_LOOP('',(#2183,#2184,#2185,#2186,#2187,#2188));
#493=EDGE_LOOP('',(#2189,#2190,#2191,#2192));
#494=EDGE_LOOP('',(#2193,#2194,#2195,#2196));
#495=EDGE_LOOP('',(#2197,#2198,#2199));
#496=EDGE_LOOP('',(#2200,#2201,#2202,#2203,#2204,#2205,#2206));
#497=EDGE_LOOP('',(#2207));
#498=EDGE_LOOP('',(#2208,#2209,#2210));
#499=EDGE_LOOP('',(#2211,#2212,#2213,#2214,#2215,#2216));
#500=EDGE_LOOP('',(#2217,#2218,#2219,#2220));
#501=EDGE_LOOP('',(#2221,#2222,#2223,#2224));
#502=EDGE_LOOP('',(#2225,#2226,#2227));
#503=EDGE_LOOP('',(#2228,#2229,#2230,#2231,#2232,#2233,#2234));
#504=EDGE_LOOP('',(#2235));
#505=EDGE_LOOP('',(#2236,#2237,#2238));
#506=EDGE_LOOP('',(#2239,#2240,#2241,#2242,#2243,#2244));
#507=EDGE_LOOP('',(#2245,#2246,#2247,#2248));
#508=EDGE_LOOP('',(#2249,#2250,#2251,#2252));
#509=EDGE_LOOP('',(#2253,#2254,#2255));
#510=EDGE_LOOP('',(#2256,#2257,#2258,#2259,#2260,#2261,#2262));
#511=EDGE_LOOP('',(#2263));
#512=EDGE_LOOP('',(#2264,#2265,#2266));
#513=EDGE_LOOP('',(#2267,#2268,#2269,#2270,#2271,#2272));
#514=EDGE_LOOP('',(#2273,#2274,#2275,#2276));
#515=EDGE_LOOP('',(#2277,#2278,#2279,#2280));
#516=EDGE_LOOP('',(#2281,#2282,#2283));
#517=EDGE_LOOP('',(#2284,#2285,#2286,#2287,#2288,#2289,#2290));
#518=EDGE_LOOP('',(#2291));
#519=EDGE_LOOP('',(#2292,#2293,#2294));
#520=EDGE_LOOP('',(#2295,#2296,#2297,#2298,#2299,#2300));
#521=EDGE_LOOP('',(#2301,#2302,#2303,#2304));
#522=EDGE_LOOP('',(#2305,#2306,#2307,#2308));
#523=EDGE_LOOP('',(#2309,#2310,#2311,#2312,#2313,#2314,#2315,#2316));
#524=EDGE_LOOP('',(#2317,#2318,#2319,#2320,#2321,#2322,#2323,#2324,#2325));
#525=EDGE_LOOP('',(#2326,#2327,#2328,#2329,#2330,#2331,#2332,#2333));
#526=EDGE_LOOP('',(#2334,#2335,#2336,#2337,#2338,#2339,#2340,#2341));
#527=EDGE_LOOP('',(#2342,#2343,#2344,#2345,#2346,#2347,#2348,#2349,#2350));
#528=EDGE_LOOP('',(#2351,#2352,#2353,#2354,#2355,#2356,#2357,#2358));
#529=EDGE_LOOP('',(#2359,#2360,#2361,#2362));
#530=EDGE_LOOP('',(#2363,#2364,#2365,#2366,#2367));
#531=EDGE_LOOP('',(#2368,#2369,#2370,#2371,#2372,#2373));
#532=EDGE_LOOP('',(#2374,#2375,#2376,#2377));
#533=EDGE_LOOP('',(#2378,#2379,#2380,#2381,#2382,#2383,#2384));
#534=EDGE_LOOP('',(#2385,#2386,#2387,#2388));
#535=EDGE_LOOP('',(#2389,#2390,#2391,#2392,#2393));
#536=EDGE_LOOP('',(#2394,#2395,#2396,#2397));
#537=EDGE_LOOP('',(#2398,#2399,#2400));
#538=EDGE_LOOP('',(#2401,#2402,#2403,#2404));
#539=EDGE_LOOP('',(#2405,#2406,#2407,#2408,#2409));
#540=EDGE_LOOP('',(#2410,#2411,#2412));
#541=EDGE_LOOP('',(#2413,#2414,#2415,#2416));
#542=EDGE_LOOP('',(#2417,#2418,#2419,#2420,#2421));
#543=EDGE_LOOP('',(#2422,#2423,#2424,#2425));
#544=EDGE_LOOP('',(#2426,#2427,#2428,#2429));
#545=EDGE_LOOP('',(#2430,#2431,#2432,#2433));
#546=EDGE_LOOP('',(#2434,#2435,#2436,#2437));
#547=EDGE_LOOP('',(#2438,#2439,#2440,#2441));
#548=EDGE_LOOP('',(#2442,#2443,#2444,#2445));
#549=EDGE_LOOP('',(#2446,#2447,#2448));
#550=EDGE_LOOP('',(#2449,#2450,#2451,#2452,#2453,#2454,#2455));
#551=EDGE_LOOP('',(#2456));
#552=EDGE_LOOP('',(#2457,#2458,#2459));
#553=EDGE_LOOP('',(#2460,#2461,#2462,#2463,#2464,#2465));
#554=EDGE_LOOP('',(#2466,#2467,#2468,#2469));
#555=EDGE_LOOP('',(#2470,#2471,#2472,#2473,#2474));
#556=EDGE_LOOP('',(#2475));
#557=EDGE_LOOP('',(#2476));
#558=EDGE_LOOP('',(#2477,#2478,#2479,#2480,#2481));
#559=EDGE_LOOP('',(#2482,#2483,#2484,#2485,#2486));
#560=EDGE_LOOP('',(#2487,#2488,#2489,#2490,#2491,#2492));
#561=EDGE_LOOP('',(#2493,#2494,#2495,#2496,#2497));
#562=EDGE_LOOP('',(#2498));
#563=EDGE_LOOP('',(#2499));
#564=EDGE_LOOP('',(#2500));
#565=EDGE_LOOP('',(#2501));
#566=EDGE_LOOP('',(#2502));
#567=EDGE_LOOP('',(#2503));
#568=EDGE_LOOP('',(#2504));
#569=EDGE_LOOP('',(#2505));
#570=EDGE_LOOP('',(#2506,#2507,#2508,#2509,#2510,#2511,#2512,#2513,#2514,
#2515,#2516,#2517,#2518,#2519,#2520,#2521));
#571=CIRCLE('',#2762,0.015748031496063);
#572=CIRCLE('',#2767,1.06692913385827);
#573=CIRCLE('',#2768,0.078740157480315);
#574=CIRCLE('',#2769,1.06692913385827);
#575=CIRCLE('',#2772,0.015748031496063);
#576=CIRCLE('',#2774,0.015748031496063);
#577=CIRCLE('',#2775,1.08267716535433);
#578=CIRCLE('',#2777,0.0157480314960631);
#579=CIRCLE('',#2778,0.015748031496063);
#580=CIRCLE('',#2779,0.015748031496063);
#581=CIRCLE('',#2781,0.015748031496063);
#582=CIRCLE('',#2783,0.015748031496063);
#583=CIRCLE('',#2784,0.015748031496063);
#584=CIRCLE('',#2786,0.015748031496063);
#585=CIRCLE('',#2788,0.062992125984252);
#586=CIRCLE('',#2790,1.08267716535433);
#587=CIRCLE('',#2791,1.06692913385827);
#588=CIRCLE('',#2793,1.08267716535433);
#589=CIRCLE('',#2795,0.062992125984252);
#590=CIRCLE('',#2797,1.08267716535433);
#591=CIRCLE('',#2798,1.08267716535433);
#592=CIRCLE('',#2799,1.08267716535433);
#593=CIRCLE('',#2800,1.08267716535433);
#594=CIRCLE('',#2801,1.08267716535433);
#595=CIRCLE('',#2802,1.08267716535433);
#596=CIRCLE('',#2803,1.08267716535433);
#597=CIRCLE('',#2804,1.08267716535433);
#598=CIRCLE('',#2805,1.08267716535433);
#599=CIRCLE('',#2806,1.08267716535433);
#600=CIRCLE('',#2807,1.08267716535433);
#601=CIRCLE('',#2808,1.08267716535433);
#602=CIRCLE('',#2809,1.08267716535433);
#603=CIRCLE('',#2810,1.08267716535433);
#604=CIRCLE('',#2811,1.08267716535433);
#605=CIRCLE('',#2812,1.08267716535433);
#606=CIRCLE('',#2813,1.08267716535433);
#607=CIRCLE('',#2814,1.08267716535433);
#608=CIRCLE('',#2815,1.08267716535433);
#609=CIRCLE('',#2816,1.08267716535433);
#610=CIRCLE('',#2817,1.08267716535433);
#611=CIRCLE('',#2818,1.08267716535433);
#612=CIRCLE('',#2819,1.08267716535433);
#613=CIRCLE('',#2825,0.015748031496063);
#614=CIRCLE('',#2830,1.06692913385827);
#615=CIRCLE('',#2831,0.078740157480315);
#616=CIRCLE('',#2832,1.06692913385827);
#617=CIRCLE('',#2835,0.015748031496063);
#618=CIRCLE('',#2837,0.015748031496063);
#619=CIRCLE('',#2839,0.0157480314960632);
#620=CIRCLE('',#2840,0.0157480314960629);
#621=CIRCLE('',#2841,0.015748031496063);
#622=CIRCLE('',#2843,0.015748031496063);
#623=CIRCLE('',#2845,0.0157480314960629);
#624=CIRCLE('',#2846,0.015748031496063);
#625=CIRCLE('',#2848,0.015748031496063);
#626=CIRCLE('',#2850,0.062992125984252);
#627=CIRCLE('',#2852,1.06692913385827);
#628=CIRCLE('',#2855,0.062992125984252);
#629=CIRCLE('',#2861,0.015748031496063);
#630=CIRCLE('',#2866,1.06692913385827);
#631=CIRCLE('',#2867,0.078740157480315);
#632=CIRCLE('',#2868,1.06692913385827);
#633=CIRCLE('',#2871,0.015748031496063);
#634=CIRCLE('',#2873,0.015748031496063);
#635=CIRCLE('',#2875,0.0157480314960631);
#636=CIRCLE('',#2876,0.015748031496063);
#637=CIRCLE('',#2877,0.015748031496063);
#638=CIRCLE('',#2879,0.015748031496063);
#639=CIRCLE('',#2881,0.015748031496063);
#640=CIRCLE('',#2882,0.015748031496063);
#641=CIRCLE('',#2884,0.015748031496063);
#642=CIRCLE('',#2886,0.062992125984252);
#643=CIRCLE('',#2888,1.06692913385827);
#644=CIRCLE('',#2891,0.062992125984252);
#645=CIRCLE('',#2897,0.015748031496063);
#646=CIRCLE('',#2902,1.06692913385827);
#647=CIRCLE('',#2903,0.078740157480315);
#648=CIRCLE('',#2904,1.06692913385827);
#649=CIRCLE('',#2907,0.015748031496063);
#650=CIRCLE('',#2909,0.015748031496063);
#651=CIRCLE('',#2911,0.0157480314960629);
#652=CIRCLE('',#2912,0.0157480314960631);
#653=CIRCLE('',#2913,0.015748031496063);
#654=CIRCLE('',#2915,0.015748031496063);
#655=CIRCLE('',#2917,0.0157480314960629);
#656=CIRCLE('',#2918,0.015748031496063);
#657=CIRCLE('',#2920,0.015748031496063);
#658=CIRCLE('',#2922,0.062992125984252);
#659=CIRCLE('',#2924,1.06692913385827);
#660=CIRCLE('',#2927,0.062992125984252);
#661=CIRCLE('',#2933,0.015748031496063);
#662=CIRCLE('',#2938,1.06692913385827);
#663=CIRCLE('',#2939,0.078740157480315);
#664=CIRCLE('',#2940,1.06692913385827);
#665=CIRCLE('',#2943,0.015748031496063);
#666=CIRCLE('',#2945,0.015748031496063);
#667=CIRCLE('',#2947,0.0157480314960633);
#668=CIRCLE('',#2948,0.0157480314960632);
#669=CIRCLE('',#2949,0.015748031496063);
#670=CIRCLE('',#2951,0.015748031496063);
#671=CIRCLE('',#2953,0.015748031496063);
#672=CIRCLE('',#2954,0.015748031496063);
#673=CIRCLE('',#2956,0.015748031496063);
#674=CIRCLE('',#2958,0.062992125984252);
#675=CIRCLE('',#2960,1.06692913385827);
#676=CIRCLE('',#2963,0.062992125984252);
#677=CIRCLE('',#2969,1.18110236220472);
#678=CIRCLE('',#2970,0.067);
#679=CIRCLE('',#2975,0.067);
#680=CIRCLE('',#2978,1.18110236220472);
#681=CIRCLE('',#2979,0.067);
#682=CIRCLE('',#2984,0.067);
#683=CIRCLE('',#2987,1.18110236220472);
#684=CIRCLE('',#2988,0.067);
#685=CIRCLE('',#2993,0.067);
#686=CIRCLE('',#2996,1.18110236220472);
#687=CIRCLE('',#2997,0.067);
#688=CIRCLE('',#3002,0.067);
#689=CIRCLE('',#3005,1.18110236220472);
#690=CIRCLE('',#3006,0.067);
#691=CIRCLE('',#3011,0.067);
#692=CIRCLE('',#3013,1.18110236220472);
#693=CIRCLE('',#3015,1.18110236220472);
#694=CIRCLE('',#3017,1.18110236220472);
#695=CIRCLE('',#3019,1.18110236220472);
#696=CIRCLE('',#3021,1.18110236220472);
#697=CIRCLE('',#3022,1.18110236220472);
#698=CIRCLE('',#3024,1.18110236220472);
#699=CIRCLE('',#3027,0.015748031496063);
#700=CIRCLE('',#3032,1.06692913385827);
#701=CIRCLE('',#3033,0.078740157480315);
#702=CIRCLE('',#3034,1.06692913385827);
#703=CIRCLE('',#3037,0.015748031496063);
#704=CIRCLE('',#3039,0.015748031496063);
#705=CIRCLE('',#3041,0.015748031496063);
#706=CIRCLE('',#3042,0.0157480314960631);
#707=CIRCLE('',#3043,0.0157480314960629);
#708=CIRCLE('',#3046,0.015748031496063);
#709=CIRCLE('',#3048,0.015748031496063);
#710=CIRCLE('',#3049,0.015748031496063);
#711=CIRCLE('',#3051,0.062992125984252);
#712=CIRCLE('',#3053,0.015748031496063);
#713=CIRCLE('',#3055,1.06692913385827);
#714=CIRCLE('',#3057,0.062992125984252);
#715=CIRCLE('',#3064,1.18110236220472);
#716=CIRCLE('',#3065,0.067);
#717=CIRCLE('',#3069,0.067);
#718=CIRCLE('',#3071,0.925910492211976);
#719=CIRCLE('',#3072,0.03125);
#720=CIRCLE('',#3073,0.957057850714952);
#721=CIRCLE('',#3074,0.957057850714952);
#722=CIRCLE('',#3076,0.81865157480315);
#723=CIRCLE('',#3079,0.78740157480315);
#724=CIRCLE('',#3080,0.78740157480315);
#725=CIRCLE('',#3081,0.03125);
#726=CIRCLE('',#3083,0.78740157480315);
#727=CIRCLE('',#3084,0.78740157480315);
#728=CIRCLE('',#3086,0.81865157480315);
#729=CIRCLE('',#3087,0.03125);
#730=CIRCLE('',#3089,1.18110236220472);
#731=LINE('',#3909,#879);
#732=LINE('',#3912,#880);
#733=LINE('',#3977,#881);
#734=LINE('',#3979,#882);
#735=LINE('',#3981,#883);
#736=LINE('',#3992,#884);
#737=LINE('',#3995,#885);
#738=LINE('',#4004,#886);
#739=LINE('',#4005,#887);
#740=LINE('',#4011,#888);
#741=LINE('',#4081,#889);
#742=LINE('',#4083,#890);
#743=LINE('',#4108,#891);
#744=LINE('',#4110,#892);
#745=LINE('',#4140,#893);
#746=LINE('',#4155,#894);
#747=LINE('',#4159,#895);
#748=LINE('',#4185,#896);
#749=LINE('',#4189,#897);
#750=LINE('',#4215,#898);
#751=LINE('',#4219,#899);
#752=LINE('',#4246,#900);
#753=LINE('',#4250,#901);
#754=LINE('',#4276,#902);
#755=LINE('',#4280,#903);
#756=LINE('',#4294,#904);
#757=LINE('',#4297,#905);
#758=LINE('',#4298,#906);
#759=LINE('',#4301,#907);
#760=LINE('',#4302,#908);
#761=LINE('',#4308,#909);
#762=LINE('',#4311,#910);
#763=LINE('',#4357,#911);
#764=LINE('',#4359,#912);
#765=LINE('',#4361,#913);
#766=LINE('',#4372,#914);
#767=LINE('',#4375,#915);
#768=LINE('',#4384,#916);
#769=LINE('',#4385,#917);
#770=LINE('',#4391,#918);
#771=LINE('',#4448,#919);
#772=LINE('',#4473,#920);
#773=LINE('',#4498,#921);
#774=LINE('',#4501,#922);
#775=LINE('',#4502,#923);
#776=LINE('',#4505,#924);
#777=LINE('',#4506,#925);
#778=LINE('',#4512,#926);
#779=LINE('',#4515,#927);
#780=LINE('',#4570,#928);
#781=LINE('',#4572,#929);
#782=LINE('',#4574,#930);
#783=LINE('',#4585,#931);
#784=LINE('',#4588,#932);
#785=LINE('',#4597,#933);
#786=LINE('',#4598,#934);
#787=LINE('',#4604,#935);
#788=LINE('',#4661,#936);
#789=LINE('',#4686,#937);
#790=LINE('',#4711,#938);
#791=LINE('',#4714,#939);
#792=LINE('',#4715,#940);
#793=LINE('',#4718,#941);
#794=LINE('',#4719,#942);
#795=LINE('',#4725,#943);
#796=LINE('',#4728,#944);
#797=LINE('',#4783,#945);
#798=LINE('',#4785,#946);
#799=LINE('',#4787,#947);
#800=LINE('',#4798,#948);
#801=LINE('',#4801,#949);
#802=LINE('',#4810,#950);
#803=LINE('',#4811,#951);
#804=LINE('',#4817,#952);
#805=LINE('',#4883,#953);
#806=LINE('',#4908,#954);
#807=LINE('',#4933,#955);
#808=LINE('',#4936,#956);
#809=LINE('',#4937,#957);
#810=LINE('',#4940,#958);
#811=LINE('',#4941,#959);
#812=LINE('',#4947,#960);
#813=LINE('',#4950,#961);
#814=LINE('',#4996,#962);
#815=LINE('',#4998,#963);
#816=LINE('',#5000,#964);
#817=LINE('',#5011,#965);
#818=LINE('',#5014,#966);
#819=LINE('',#5023,#967);
#820=LINE('',#5024,#968);
#821=LINE('',#5030,#969);
#822=LINE('',#5087,#970);
#823=LINE('',#5112,#971);
#824=LINE('',#5137,#972);
#825=LINE('',#5140,#973);
#826=LINE('',#5141,#974);
#827=LINE('',#5144,#975);
#828=LINE('',#5145,#976);
#829=LINE('',#5152,#977);
#830=LINE('',#5157,#978);
#831=LINE('',#5158,#979);
#832=LINE('',#5167,#980);
#833=LINE('',#5180,#981);
#834=LINE('',#5188,#982);
#835=LINE('',#5193,#983);
#836=LINE('',#5194,#984);
#837=LINE('',#5203,#985);
#838=LINE('',#5216,#986);
#839=LINE('',#5224,#987);
#840=LINE('',#5229,#988);
#841=LINE('',#5230,#989);
#842=LINE('',#5239,#990);
#843=LINE('',#5252,#991);
#844=LINE('',#5260,#992);
#845=LINE('',#5265,#993);
#846=LINE('',#5266,#994);
#847=LINE('',#5275,#995);
#848=LINE('',#5288,#996);
#849=LINE('',#5296,#997);
#850=LINE('',#5301,#998);
#851=LINE('',#5302,#999);
#852=LINE('',#5311,#1000);
#853=LINE('',#5324,#1001);
#854=LINE('',#5391,#1002);
#855=LINE('',#5394,#1003);
#856=LINE('',#5433,#1004);
#857=LINE('',#5435,#1005);
#858=LINE('',#5436,#1006);
#859=LINE('',#5439,#1007);
#860=LINE('',#5442,#1008);
#861=LINE('',#5451,#1009);
#862=LINE('',#5452,#1010);
#863=LINE('',#5458,#1011);
#864=LINE('',#5505,#1012);
#865=LINE('',#5532,#1013);
#866=LINE('',#5554,#1014);
#867=LINE('',#5557,#1015);
#868=LINE('',#5558,#1016);
#869=LINE('',#5561,#1017);
#870=LINE('',#5562,#1018);
#871=LINE('',#5565,#1019);
#872=LINE('',#5569,#1020);
#873=LINE('',#5570,#1021);
#874=LINE('',#5574,#1022);
#875=LINE('',#5578,#1023);
#876=LINE('',#5592,#1024);
#877=LINE('',#5603,#1025);
#878=LINE('',#5613,#1026);
#879=VECTOR('',#3097,0.393700787401575);
#880=VECTOR('',#3100,0.393700787401575);
#881=VECTOR('',#3103,0.393700787401575);
#882=VECTOR('',#3104,0.393700787401575);
#883=VECTOR('',#3105,0.393700787401575);
#884=VECTOR('',#3108,0.393700787401575);
#885=VECTOR('',#3111,0.393700787401575);
#886=VECTOR('',#3120,0.393700787401575);
#887=VECTOR('',#3121,0.393700787401575);
#888=VECTOR('',#3128,0.393700787401575);
#889=VECTOR('',#3145,0.393700787401575);
#890=VECTOR('',#3146,0.393700787401575);
#891=VECTOR('',#3157,0.393700787401575);
#892=VECTOR('',#3158,0.393700787401575);
#893=VECTOR('',#3183,1.08267716535433);
#894=VECTOR('',#3188,0.393700787401575);
#895=VECTOR('',#3191,0.393700787401575);
#896=VECTOR('',#3198,0.393700787401575);
#897=VECTOR('',#3201,0.393700787401575);
#898=VECTOR('',#3208,0.393700787401575);
#899=VECTOR('',#3211,0.393700787401575);
#900=VECTOR('',#3220,0.393700787401575);
#901=VECTOR('',#3223,0.393700787401575);
#902=VECTOR('',#3230,0.393700787401575);
#903=VECTOR('',#3233,0.393700787401575);
#904=VECTOR('',#3240,0.393700787401575);
#905=VECTOR('',#3243,0.393700787401575);
#906=VECTOR('',#3244,0.393700787401575);
#907=VECTOR('',#3247,0.393700787401575);
#908=VECTOR('',#3248,0.393700787401575);
#909=VECTOR('',#3253,0.393700787401575);
#910=VECTOR('',#3256,0.393700787401575);
#911=VECTOR('',#3259,0.393700787401575);
#912=VECTOR('',#3260,0.393700787401575);
#913=VECTOR('',#3261,0.393700787401575);
#914=VECTOR('',#3264,0.393700787401575);
#915=VECTOR('',#3267,0.393700787401575);
#916=VECTOR('',#3276,0.393700787401575);
#917=VECTOR('',#3277,0.393700787401575);
#918=VECTOR('',#3284,0.393700787401575);
#919=VECTOR('',#3299,0.393700787401575);
#920=VECTOR('',#3310,0.393700787401575);
#921=VECTOR('',#3329,0.393700787401575);
#922=VECTOR('',#3332,0.393700787401575);
#923=VECTOR('',#3333,0.393700787401575);
#924=VECTOR('',#3336,0.393700787401575);
#925=VECTOR('',#3337,0.393700787401575);
#926=VECTOR('',#3342,0.393700787401575);
#927=VECTOR('',#3345,0.393700787401575);
#928=VECTOR('',#3348,0.393700787401575);
#929=VECTOR('',#3349,0.393700787401575);
#930=VECTOR('',#3350,0.393700787401575);
#931=VECTOR('',#3353,0.393700787401575);
#932=VECTOR('',#3356,0.393700787401575);
#933=VECTOR('',#3365,0.393700787401575);
#934=VECTOR('',#3366,0.393700787401575);
#935=VECTOR('',#3373,0.393700787401575);
#936=VECTOR('',#3388,0.393700787401575);
#937=VECTOR('',#3399,0.393700787401575);
#938=VECTOR('',#3418,0.393700787401575);
#939=VECTOR('',#3421,0.393700787401575);
#940=VECTOR('',#3422,0.393700787401575);
#941=VECTOR('',#3425,0.393700787401575);
#942=VECTOR('',#3426,0.393700787401575);
#943=VECTOR('',#3431,0.393700787401575);
#944=VECTOR('',#3434,0.393700787401575);
#945=VECTOR('',#3437,0.393700787401575);
#946=VECTOR('',#3438,0.393700787401575);
#947=VECTOR('',#3439,0.393700787401575);
#948=VECTOR('',#3442,0.393700787401575);
#949=VECTOR('',#3445,0.393700787401575);
#950=VECTOR('',#3454,0.393700787401575);
#951=VECTOR('',#3455,0.393700787401575);
#952=VECTOR('',#3462,0.393700787401575);
#953=VECTOR('',#3477,0.393700787401575);
#954=VECTOR('',#3488,0.393700787401575);
#955=VECTOR('',#3507,0.393700787401575);
#956=VECTOR('',#3510,0.393700787401575);
#957=VECTOR('',#3511,0.393700787401575);
#958=VECTOR('',#3514,0.393700787401575);
#959=VECTOR('',#3515,0.393700787401575);
#960=VECTOR('',#3520,0.393700787401575);
#961=VECTOR('',#3523,0.393700787401575);
#962=VECTOR('',#3526,0.393700787401575);
#963=VECTOR('',#3527,0.393700787401575);
#964=VECTOR('',#3528,0.393700787401575);
#965=VECTOR('',#3531,0.393700787401575);
#966=VECTOR('',#3534,0.393700787401575);
#967=VECTOR('',#3543,0.393700787401575);
#968=VECTOR('',#3544,0.393700787401575);
#969=VECTOR('',#3551,0.393700787401575);
#970=VECTOR('',#3566,0.393700787401575);
#971=VECTOR('',#3577,0.393700787401575);
#972=VECTOR('',#3596,0.393700787401575);
#973=VECTOR('',#3599,0.393700787401575);
#974=VECTOR('',#3600,0.393700787401575);
#975=VECTOR('',#3603,0.393700787401575);
#976=VECTOR('',#3604,0.393700787401575);
#977=VECTOR('',#3607,0.393700787401575);
#978=VECTOR('',#3612,0.393700787401575);
#979=VECTOR('',#3613,0.393700787401575);
#980=VECTOR('',#3618,0.393700787401575);
#981=VECTOR('',#3625,0.067);
#982=VECTOR('',#3630,0.393700787401575);
#983=VECTOR('',#3635,0.393700787401575);
#984=VECTOR('',#3636,0.393700787401575);
#985=VECTOR('',#3641,0.393700787401575);
#986=VECTOR('',#3648,0.067);
#987=VECTOR('',#3653,0.393700787401575);
#988=VECTOR('',#3658,0.393700787401575);
#989=VECTOR('',#3659,0.393700787401575);
#990=VECTOR('',#3664,0.393700787401575);
#991=VECTOR('',#3671,0.067);
#992=VECTOR('',#3676,0.393700787401575);
#993=VECTOR('',#3681,0.393700787401575);
#994=VECTOR('',#3682,0.393700787401575);
#995=VECTOR('',#3687,0.393700787401575);
#996=VECTOR('',#3694,0.067);
#997=VECTOR('',#3699,0.393700787401575);
#998=VECTOR('',#3704,0.393700787401575);
#999=VECTOR('',#3705,0.393700787401575);
#1000=VECTOR('',#3710,0.393700787401575);
#1001=VECTOR('',#3717,0.067);
#1002=VECTOR('',#3750,0.393700787401575);
#1003=VECTOR('',#3753,0.393700787401575);
#1004=VECTOR('',#3756,0.393700787401575);
#1005=VECTOR('',#3757,0.393700787401575);
#1006=VECTOR('',#3758,0.393700787401575);
#1007=VECTOR('',#3761,0.393700787401575);
#1008=VECTOR('',#3764,0.393700787401575);
#1009=VECTOR('',#3773,0.393700787401575);
#1010=VECTOR('',#3774,0.393700787401575);
#1011=VECTOR('',#3781,0.393700787401575);
#1012=VECTOR('',#3798,0.393700787401575);
#1013=VECTOR('',#3813,0.393700787401575);
#1014=VECTOR('',#3826,0.393700787401575);
#1015=VECTOR('',#3829,0.393700787401575);
#1016=VECTOR('',#3830,0.393700787401575);
#1017=VECTOR('',#3833,0.393700787401575);
#1018=VECTOR('',#3834,0.393700787401575);
#1019=VECTOR('',#3839,0.393700787401575);
#1020=VECTOR('',#3844,0.393700787401575);
#1021=VECTOR('',#3845,0.393700787401575);
#1022=VECTOR('',#3850,0.393700787401575);
#1023=VECTOR('',#3855,0.067);
#1024=VECTOR('',#3874,1.01870078740157);
#1025=VECTOR('',#3887,0.78740157480315);
#1026=VECTOR('',#3902,1.18110236220472);
#1027=ELLIPSE('',#2761,0.0181842604469173,0.015748031496063);
#1028=ELLIPSE('',#2765,0.0181842604469173,0.015748031496063);
#1029=ELLIPSE('',#2771,0.0181842604469173,0.015748031496063);
#1030=ELLIPSE('',#2824,0.0181842604469173,0.015748031496063);
#1031=ELLIPSE('',#2828,0.0181842604469173,0.015748031496063);
#1032=ELLIPSE('',#2834,0.0181842604469173,0.015748031496063);
#1033=ELLIPSE('',#2860,0.0181842604469174,0.015748031496063);
#1034=ELLIPSE('',#2864,0.0181842604469173,0.015748031496063);
#1035=ELLIPSE('',#2870,0.0181842604469173,0.015748031496063);
#1036=ELLIPSE('',#2896,0.0181842604469173,0.015748031496063);
#1037=ELLIPSE('',#2900,0.0181842604469174,0.015748031496063);
#1038=ELLIPSE('',#2906,0.0181842604469173,0.015748031496063);
#1039=ELLIPSE('',#2932,0.0181842604469174,0.015748031496063);
#1040=ELLIPSE('',#2936,0.0181842604469174,0.015748031496063);
#1041=ELLIPSE('',#2942,0.0181842604469173,0.015748031496063);
#1042=ELLIPSE('',#3026,0.0181842604469174,0.015748031496063);
#1043=ELLIPSE('',#3030,0.0181842604469173,0.015748031496063);
#1044=ELLIPSE('',#3036,0.0181842604469173,0.015748031496063);
#1045=VERTEX_POINT('',#3905);
#1046=VERTEX_POINT('',#3906);
#1047=VERTEX_POINT('',#3908);
#1048=VERTEX_POINT('',#3910);
#1049=VERTEX_POINT('',#3938);
#1050=VERTEX_POINT('',#3939);
#1051=VERTEX_POINT('',#3964);
#1052=VERTEX_POINT('',#3976);
#1053=VERTEX_POINT('',#3978);
#1054=VERTEX_POINT('',#3980);
#1055=VERTEX_POINT('',#3991);
#1056=VERTEX_POINT('',#3993);
#1057=VERTEX_POINT('',#3997);
#1058=VERTEX_POINT('',#3999);
#1059=VERTEX_POINT('',#4001);
#1060=VERTEX_POINT('',#4003);
#1061=VERTEX_POINT('',#4007);
#1062=VERTEX_POINT('',#4009);
#1063=VERTEX_POINT('',#4037);
#1064=VERTEX_POINT('',#4038);
#1065=VERTEX_POINT('',#4053);
#1066=VERTEX_POINT('',#4070);
#1067=VERTEX_POINT('',#4074);
#1068=VERTEX_POINT('',#4076);
#1069=VERTEX_POINT('',#4080);
#1070=VERTEX_POINT('',#4082);
#1071=VERTEX_POINT('',#4084);
#1072=VERTEX_POINT('',#4103);
#1073=VERTEX_POINT('',#4107);
#1074=VERTEX_POINT('',#4109);
#1075=VERTEX_POINT('',#4111);
#1076=VERTEX_POINT('',#4137);
#1077=VERTEX_POINT('',#4139);
#1078=VERTEX_POINT('',#4141);
#1079=VERTEX_POINT('',#4143);
#1080=VERTEX_POINT('',#4152);
#1081=VERTEX_POINT('',#4154);
#1082=VERTEX_POINT('',#4156);
#1083=VERTEX_POINT('',#4158);
#1084=VERTEX_POINT('',#4160);
#1085=VERTEX_POINT('',#4162);
#1086=VERTEX_POINT('',#4171);
#1087=VERTEX_POINT('',#4173);
#1088=VERTEX_POINT('',#4182);
#1089=VERTEX_POINT('',#4184);
#1090=VERTEX_POINT('',#4186);
#1091=VERTEX_POINT('',#4188);
#1092=VERTEX_POINT('',#4190);
#1093=VERTEX_POINT('',#4192);
#1094=VERTEX_POINT('',#4201);
#1095=VERTEX_POINT('',#4203);
#1096=VERTEX_POINT('',#4212);
#1097=VERTEX_POINT('',#4214);
#1098=VERTEX_POINT('',#4216);
#1099=VERTEX_POINT('',#4218);
#1100=VERTEX_POINT('',#4220);
#1101=VERTEX_POINT('',#4222);
#1102=VERTEX_POINT('',#4232);
#1103=VERTEX_POINT('',#4234);
#1104=VERTEX_POINT('',#4243);
#1105=VERTEX_POINT('',#4245);
#1106=VERTEX_POINT('',#4247);
#1107=VERTEX_POINT('',#4249);
#1108=VERTEX_POINT('',#4251);
#1109=VERTEX_POINT('',#4253);
#1110=VERTEX_POINT('',#4262);
#1111=VERTEX_POINT('',#4264);
#1112=VERTEX_POINT('',#4273);
#1113=VERTEX_POINT('',#4275);
#1114=VERTEX_POINT('',#4277);
#1115=VERTEX_POINT('',#4279);
#1116=VERTEX_POINT('',#4281);
#1117=VERTEX_POINT('',#4283);
#1118=VERTEX_POINT('',#4296);
#1119=VERTEX_POINT('',#4300);
#1120=VERTEX_POINT('',#4304);
#1121=VERTEX_POINT('',#4305);
#1122=VERTEX_POINT('',#4307);
#1123=VERTEX_POINT('',#4309);
#1124=VERTEX_POINT('',#4344);
#1125=VERTEX_POINT('',#4356);
#1126=VERTEX_POINT('',#4358);
#1127=VERTEX_POINT('',#4360);
#1128=VERTEX_POINT('',#4371);
#1129=VERTEX_POINT('',#4373);
#1130=VERTEX_POINT('',#4377);
#1131=VERTEX_POINT('',#4379);
#1132=VERTEX_POINT('',#4381);
#1133=VERTEX_POINT('',#4383);
#1134=VERTEX_POINT('',#4387);
#1135=VERTEX_POINT('',#4389);
#1136=VERTEX_POINT('',#4417);
#1137=VERTEX_POINT('',#4443);
#1138=VERTEX_POINT('',#4447);
#1139=VERTEX_POINT('',#4449);
#1140=VERTEX_POINT('',#4468);
#1141=VERTEX_POINT('',#4472);
#1142=VERTEX_POINT('',#4474);
#1143=VERTEX_POINT('',#4500);
#1144=VERTEX_POINT('',#4504);
#1145=VERTEX_POINT('',#4508);
#1146=VERTEX_POINT('',#4509);
#1147=VERTEX_POINT('',#4511);
#1148=VERTEX_POINT('',#4513);
#1149=VERTEX_POINT('',#4557);
#1150=VERTEX_POINT('',#4569);
#1151=VERTEX_POINT('',#4571);
#1152=VERTEX_POINT('',#4573);
#1153=VERTEX_POINT('',#4584);
#1154=VERTEX_POINT('',#4586);
#1155=VERTEX_POINT('',#4590);
#1156=VERTEX_POINT('',#4592);
#1157=VERTEX_POINT('',#4594);
#1158=VERTEX_POINT('',#4596);
#1159=VERTEX_POINT('',#4600);
#1160=VERTEX_POINT('',#4602);
#1161=VERTEX_POINT('',#4630);
#1162=VERTEX_POINT('',#4656);
#1163=VERTEX_POINT('',#4660);
#1164=VERTEX_POINT('',#4662);
#1165=VERTEX_POINT('',#4681);
#1166=VERTEX_POINT('',#4685);
#1167=VERTEX_POINT('',#4687);
#1168=VERTEX_POINT('',#4713);
#1169=VERTEX_POINT('',#4717);
#1170=VERTEX_POINT('',#4721);
#1171=VERTEX_POINT('',#4722);
#1172=VERTEX_POINT('',#4724);
#1173=VERTEX_POINT('',#4726);
#1174=VERTEX_POINT('',#4770);
#1175=VERTEX_POINT('',#4782);
#1176=VERTEX_POINT('',#4784);
#1177=VERTEX_POINT('',#4786);
#1178=VERTEX_POINT('',#4797);
#1179=VERTEX_POINT('',#4799);
#1180=VERTEX_POINT('',#4803);
#1181=VERTEX_POINT('',#4805);
#1182=VERTEX_POINT('',#4807);
#1183=VERTEX_POINT('',#4809);
#1184=VERTEX_POINT('',#4813);
#1185=VERTEX_POINT('',#4815);
#1186=VERTEX_POINT('',#4843);
#1187=VERTEX_POINT('',#4878);
#1188=VERTEX_POINT('',#4882);
#1189=VERTEX_POINT('',#4884);
#1190=VERTEX_POINT('',#4903);
#1191=VERTEX_POINT('',#4907);
#1192=VERTEX_POINT('',#4909);
#1193=VERTEX_POINT('',#4935);
#1194=VERTEX_POINT('',#4939);
#1195=VERTEX_POINT('',#4943);
#1196=VERTEX_POINT('',#4944);
#1197=VERTEX_POINT('',#4946);
#1198=VERTEX_POINT('',#4948);
#1199=VERTEX_POINT('',#4983);
#1200=VERTEX_POINT('',#4995);
#1201=VERTEX_POINT('',#4997);
#1202=VERTEX_POINT('',#4999);
#1203=VERTEX_POINT('',#5010);
#1204=VERTEX_POINT('',#5012);
#1205=VERTEX_POINT('',#5016);
#1206=VERTEX_POINT('',#5018);
#1207=VERTEX_POINT('',#5020);
#1208=VERTEX_POINT('',#5022);
#1209=VERTEX_POINT('',#5026);
#1210=VERTEX_POINT('',#5028);
#1211=VERTEX_POINT('',#5056);
#1212=VERTEX_POINT('',#5082);
#1213=VERTEX_POINT('',#5086);
#1214=VERTEX_POINT('',#5088);
#1215=VERTEX_POINT('',#5107);
#1216=VERTEX_POINT('',#5111);
#1217=VERTEX_POINT('',#5113);
#1218=VERTEX_POINT('',#5139);
#1219=VERTEX_POINT('',#5143);
#1220=VERTEX_POINT('',#5147);
#1221=VERTEX_POINT('',#5154);
#1222=VERTEX_POINT('',#5156);
#1223=VERTEX_POINT('',#5159);
#1224=VERTEX_POINT('',#5162);
#1225=VERTEX_POINT('',#5179);
#1226=VERTEX_POINT('',#5183);
#1227=VERTEX_POINT('',#5190);
#1228=VERTEX_POINT('',#5192);
#1229=VERTEX_POINT('',#5195);
#1230=VERTEX_POINT('',#5198);
#1231=VERTEX_POINT('',#5215);
#1232=VERTEX_POINT('',#5219);
#1233=VERTEX_POINT('',#5226);
#1234=VERTEX_POINT('',#5228);
#1235=VERTEX_POINT('',#5231);
#1236=VERTEX_POINT('',#5234);
#1237=VERTEX_POINT('',#5251);
#1238=VERTEX_POINT('',#5255);
#1239=VERTEX_POINT('',#5262);
#1240=VERTEX_POINT('',#5264);
#1241=VERTEX_POINT('',#5267);
#1242=VERTEX_POINT('',#5270);
#1243=VERTEX_POINT('',#5287);
#1244=VERTEX_POINT('',#5291);
#1245=VERTEX_POINT('',#5298);
#1246=VERTEX_POINT('',#5300);
#1247=VERTEX_POINT('',#5303);
#1248=VERTEX_POINT('',#5306);
#1249=VERTEX_POINT('',#5323);
#1250=VERTEX_POINT('',#5327);
#1251=VERTEX_POINT('',#5334);
#1252=VERTEX_POINT('',#5343);
#1253=VERTEX_POINT('',#5356);
#1254=VERTEX_POINT('',#5360);
#1255=VERTEX_POINT('',#5362);
#1256=VERTEX_POINT('',#5367);
#1257=VERTEX_POINT('',#5387);
#1258=VERTEX_POINT('',#5388);
#1259=VERTEX_POINT('',#5390);
#1260=VERTEX_POINT('',#5392);
#1261=VERTEX_POINT('',#5432);
#1262=VERTEX_POINT('',#5434);
#1263=VERTEX_POINT('',#5438);
#1264=VERTEX_POINT('',#5440);
#1265=VERTEX_POINT('',#5444);
#1266=VERTEX_POINT('',#5446);
#1267=VERTEX_POINT('',#5448);
#1268=VERTEX_POINT('',#5450);
#1269=VERTEX_POINT('',#5454);
#1270=VERTEX_POINT('',#5456);
#1271=VERTEX_POINT('',#5498);
#1272=VERTEX_POINT('',#5504);
#1273=VERTEX_POINT('',#5506);
#1274=VERTEX_POINT('',#5525);
#1275=VERTEX_POINT('',#5531);
#1276=VERTEX_POINT('',#5533);
#1277=VERTEX_POINT('',#5556);
#1278=VERTEX_POINT('',#5560);
#1279=VERTEX_POINT('',#5568);
#1280=VERTEX_POINT('',#5571);
#1281=VERTEX_POINT('',#5577);
#1282=VERTEX_POINT('',#5581);
#1283=VERTEX_POINT('',#5583);
#1284=VERTEX_POINT('',#5585);
#1285=VERTEX_POINT('',#5589);
#1286=VERTEX_POINT('',#5594);
#1287=VERTEX_POINT('',#5595);
#1288=VERTEX_POINT('',#5600);
#1289=VERTEX_POINT('',#5601);
#1290=VERTEX_POINT('',#5606);
#1291=VERTEX_POINT('',#5610);
#1292=EDGE_CURVE('',#1045,#1046,#1027,.T.);
#1293=EDGE_CURVE('',#1045,#1047,#731,.T.);
#1294=EDGE_CURVE('',#1047,#1048,#571,.T.);
#1295=EDGE_CURVE('',#1048,#1046,#732,.T.);
#1296=EDGE_CURVE('',#1049,#1050,#131,.T.);
#1297=EDGE_CURVE('',#1050,#1048,#132,.T.);
#1298=EDGE_CURVE('',#1047,#1051,#133,.T.);
#1299=EDGE_CURVE('',#1051,#1049,#134,.T.);
#1300=EDGE_CURVE('',#1052,#1045,#733,.T.);
#1301=EDGE_CURVE('',#1053,#1052,#734,.T.);
#1302=EDGE_CURVE('',#1053,#1054,#735,.T.);
#1303=EDGE_CURVE('',#1051,#1054,#135,.T.);
#1304=EDGE_CURVE('',#1046,#1055,#736,.T.);
#1305=EDGE_CURVE('',#1055,#1056,#1028,.T.);
#1306=EDGE_CURVE('',#1056,#1045,#737,.T.);
#1307=EDGE_CURVE('',#1057,#1048,#572,.T.);
#1308=EDGE_CURVE('',#1058,#1057,#573,.T.);
#1309=EDGE_CURVE('',#1059,#1058,#574,.T.);
#1310=EDGE_CURVE('',#1060,#1059,#738,.T.);
#1311=EDGE_CURVE('',#1055,#1060,#739,.T.);
#1312=EDGE_CURVE('',#1060,#1061,#1029,.T.);
#1313=EDGE_CURVE('',#1059,#1062,#575,.T.);
#1314=EDGE_CURVE('',#1062,#1061,#740,.T.);
#1315=EDGE_CURVE('',#1063,#1064,#136,.F.);
#1316=EDGE_CURVE('',#1063,#1062,#137,.T.);
#1317=EDGE_CURVE('',#1059,#1065,#138,.T.);
#1318=EDGE_CURVE('',#1065,#1064,#139,.T.);
#1319=EDGE_CURVE('',#1058,#1066,#576,.F.);
#1320=EDGE_CURVE('',#1066,#1065,#577,.T.);
#1321=EDGE_CURVE('',#1067,#1057,#578,.F.);
#1322=EDGE_CURVE('',#1068,#1067,#579,.F.);
#1323=EDGE_CURVE('',#1057,#1068,#580,.F.);
#1324=EDGE_CURVE('',#1069,#1068,#741,.T.);
#1325=EDGE_CURVE('',#1067,#1070,#742,.T.);
#1326=EDGE_CURVE('',#1070,#1071,#140,.T.);
#1327=EDGE_CURVE('',#1071,#1069,#581,.T.);
#1328=EDGE_CURVE('',#1072,#1058,#582,.F.);
#1329=EDGE_CURVE('',#1066,#1072,#583,.F.);
#1330=EDGE_CURVE('',#1073,#1066,#743,.T.);
#1331=EDGE_CURVE('',#1072,#1074,#744,.T.);
#1332=EDGE_CURVE('',#1074,#1075,#584,.T.);
#1333=EDGE_CURVE('',#1075,#1073,#141,.T.);
#1334=EDGE_CURVE('',#1068,#1072,#585,.T.);
#1335=EDGE_CURVE('',#1070,#1073,#586,.T.);
#1336=EDGE_CURVE('',#1075,#1071,#587,.T.);
#1337=EDGE_CURVE('',#1050,#1067,#588,.T.);
#1338=EDGE_CURVE('',#1069,#1074,#589,.T.);
#1339=EDGE_CURVE('',#1076,#1076,#590,.T.);
#1340=EDGE_CURVE('',#1076,#1077,#745,.T.);
#1341=EDGE_CURVE('',#1078,#1077,#591,.F.);
#1342=EDGE_CURVE('',#1079,#1078,#142,.T.);
#1343=EDGE_CURVE('',#1080,#1079,#592,.T.);
#1344=EDGE_CURVE('',#1081,#1080,#746,.T.);
#1345=EDGE_CURVE('',#1082,#1081,#593,.T.);
#1346=EDGE_CURVE('',#1083,#1082,#747,.T.);
#1347=EDGE_CURVE('',#1084,#1083,#594,.T.);
#1348=EDGE_CURVE('',#1085,#1084,#143,.T.);
#1349=EDGE_CURVE('',#1086,#1085,#595,.F.);
#1350=EDGE_CURVE('',#1087,#1086,#144,.T.);
#1351=EDGE_CURVE('',#1088,#1087,#596,.T.);
#1352=EDGE_CURVE('',#1089,#1088,#748,.T.);
#1353=EDGE_CURVE('',#1090,#1089,#597,.T.);
#1354=EDGE_CURVE('',#1091,#1090,#749,.T.);
#1355=EDGE_CURVE('',#1092,#1091,#598,.T.);
#1356=EDGE_CURVE('',#1093,#1092,#145,.T.);
#1357=EDGE_CURVE('',#1094,#1093,#599,.F.);
#1358=EDGE_CURVE('',#1095,#1094,#146,.T.);
#1359=EDGE_CURVE('',#1096,#1095,#600,.T.);
#1360=EDGE_CURVE('',#1097,#1096,#750,.T.);
#1361=EDGE_CURVE('',#1098,#1097,#601,.T.);
#1362=EDGE_CURVE('',#1099,#1098,#751,.T.);
#1363=EDGE_CURVE('',#1100,#1099,#602,.T.);
#1364=EDGE_CURVE('',#1101,#1100,#147,.T.);
#1365=EDGE_CURVE('',#1064,#1101,#603,.F.);
#1366=EDGE_CURVE('',#1049,#1102,#604,.T.);
#1367=EDGE_CURVE('',#1103,#1102,#148,.T.);
#1368=EDGE_CURVE('',#1104,#1103,#605,.T.);
#1369=EDGE_CURVE('',#1105,#1104,#752,.T.);
#1370=EDGE_CURVE('',#1106,#1105,#606,.T.);
#1371=EDGE_CURVE('',#1107,#1106,#753,.T.);
#1372=EDGE_CURVE('',#1108,#1107,#607,.T.);
#1373=EDGE_CURVE('',#1109,#1108,#149,.T.);
#1374=EDGE_CURVE('',#1110,#1109,#608,.F.);
#1375=EDGE_CURVE('',#1111,#1110,#150,.T.);
#1376=EDGE_CURVE('',#1112,#1111,#609,.T.);
#1377=EDGE_CURVE('',#1113,#1112,#754,.T.);
#1378=EDGE_CURVE('',#1114,#1113,#610,.T.);
#1379=EDGE_CURVE('',#1115,#1114,#755,.T.);
#1380=EDGE_CURVE('',#1116,#1115,#611,.T.);
#1381=EDGE_CURVE('',#1117,#1116,#151,.T.);
#1382=EDGE_CURVE('',#1077,#1117,#612,.F.);
#1383=EDGE_CURVE('',#1061,#1056,#756,.T.);
#1384=EDGE_CURVE('',#1118,#1056,#757,.T.);
#1385=EDGE_CURVE('',#1052,#1118,#758,.T.);
#1386=EDGE_CURVE('',#1119,#1061,#759,.T.);
#1387=EDGE_CURVE('',#1118,#1119,#760,.T.);
#1388=EDGE_CURVE('',#1120,#1121,#1030,.T.);
#1389=EDGE_CURVE('',#1120,#1122,#761,.T.);
#1390=EDGE_CURVE('',#1122,#1123,#613,.T.);
#1391=EDGE_CURVE('',#1123,#1121,#762,.T.);
#1392=EDGE_CURVE('',#1100,#1123,#152,.T.);
#1393=EDGE_CURVE('',#1122,#1124,#153,.T.);
#1394=EDGE_CURVE('',#1124,#1101,#154,.T.);
#1395=EDGE_CURVE('',#1125,#1120,#763,.T.);
#1396=EDGE_CURVE('',#1126,#1125,#764,.T.);
#1397=EDGE_CURVE('',#1126,#1127,#765,.T.);
#1398=EDGE_CURVE('',#1124,#1127,#155,.T.);
#1399=EDGE_CURVE('',#1121,#1128,#766,.T.);
#1400=EDGE_CURVE('',#1128,#1129,#1031,.T.);
#1401=EDGE_CURVE('',#1129,#1120,#767,.T.);
#1402=EDGE_CURVE('',#1130,#1123,#614,.T.);
#1403=EDGE_CURVE('',#1131,#1130,#615,.T.);
#1404=EDGE_CURVE('',#1132,#1131,#616,.T.);
#1405=EDGE_CURVE('',#1133,#1132,#768,.T.);
#1406=EDGE_CURVE('',#1128,#1133,#769,.T.);
#1407=EDGE_CURVE('',#1133,#1134,#1032,.T.);
#1408=EDGE_CURVE('',#1132,#1135,#617,.T.);
#1409=EDGE_CURVE('',#1135,#1134,#770,.T.);
#1410=EDGE_CURVE('',#1136,#1094,#156,.F.);
#1411=EDGE_CURVE('',#1136,#1135,#157,.T.);
#1412=EDGE_CURVE('',#1132,#1095,#158,.T.);
#1413=EDGE_CURVE('',#1131,#1096,#618,.F.);
#1414=EDGE_CURVE('',#1099,#1130,#619,.F.);
#1415=EDGE_CURVE('',#1137,#1099,#620,.F.);
#1416=EDGE_CURVE('',#1130,#1137,#621,.F.);
#1417=EDGE_CURVE('',#1138,#1137,#771,.T.);
#1418=EDGE_CURVE('',#1098,#1139,#159,.T.);
#1419=EDGE_CURVE('',#1139,#1138,#622,.T.);
#1420=EDGE_CURVE('',#1140,#1131,#623,.F.);
#1421=EDGE_CURVE('',#1096,#1140,#624,.F.);
#1422=EDGE_CURVE('',#1140,#1141,#772,.T.);
#1423=EDGE_CURVE('',#1141,#1142,#625,.T.);
#1424=EDGE_CURVE('',#1142,#1097,#160,.T.);
#1425=EDGE_CURVE('',#1137,#1140,#626,.T.);
#1426=EDGE_CURVE('',#1142,#1139,#627,.T.);
#1427=EDGE_CURVE('',#1138,#1141,#628,.T.);
#1428=EDGE_CURVE('',#1134,#1129,#773,.T.);
#1429=EDGE_CURVE('',#1143,#1129,#774,.T.);
#1430=EDGE_CURVE('',#1125,#1143,#775,.T.);
#1431=EDGE_CURVE('',#1144,#1134,#776,.T.);
#1432=EDGE_CURVE('',#1143,#1144,#777,.T.);
#1433=EDGE_CURVE('',#1145,#1146,#1033,.T.);
#1434=EDGE_CURVE('',#1145,#1147,#778,.T.);
#1435=EDGE_CURVE('',#1147,#1148,#629,.T.);
#1436=EDGE_CURVE('',#1148,#1146,#779,.T.);
#1437=EDGE_CURVE('',#1092,#1148,#161,.T.);
#1438=EDGE_CURVE('',#1147,#1149,#162,.T.);
#1439=EDGE_CURVE('',#1149,#1093,#163,.T.);
#1440=EDGE_CURVE('',#1150,#1145,#780,.T.);
#1441=EDGE_CURVE('',#1151,#1150,#781,.T.);
#1442=EDGE_CURVE('',#1151,#1152,#782,.T.);
#1443=EDGE_CURVE('',#1149,#1152,#164,.T.);
#1444=EDGE_CURVE('',#1146,#1153,#783,.T.);
#1445=EDGE_CURVE('',#1153,#1154,#1034,.T.);
#1446=EDGE_CURVE('',#1154,#1145,#784,.T.);
#1447=EDGE_CURVE('',#1155,#1148,#630,.T.);
#1448=EDGE_CURVE('',#1156,#1155,#631,.T.);
#1449=EDGE_CURVE('',#1157,#1156,#632,.T.);
#1450=EDGE_CURVE('',#1158,#1157,#785,.T.);
#1451=EDGE_CURVE('',#1153,#1158,#786,.T.);
#1452=EDGE_CURVE('',#1158,#1159,#1035,.T.);
#1453=EDGE_CURVE('',#1157,#1160,#633,.T.);
#1454=EDGE_CURVE('',#1160,#1159,#787,.T.);
#1455=EDGE_CURVE('',#1161,#1086,#165,.F.);
#1456=EDGE_CURVE('',#1161,#1160,#166,.T.);
#1457=EDGE_CURVE('',#1157,#1087,#167,.T.);
#1458=EDGE_CURVE('',#1156,#1088,#634,.F.);
#1459=EDGE_CURVE('',#1091,#1155,#635,.F.);
#1460=EDGE_CURVE('',#1162,#1091,#636,.F.);
#1461=EDGE_CURVE('',#1155,#1162,#637,.F.);
#1462=EDGE_CURVE('',#1163,#1162,#788,.T.);
#1463=EDGE_CURVE('',#1090,#1164,#168,.T.);
#1464=EDGE_CURVE('',#1164,#1163,#638,.T.);
#1465=EDGE_CURVE('',#1165,#1156,#639,.F.);
#1466=EDGE_CURVE('',#1088,#1165,#640,.F.);
#1467=EDGE_CURVE('',#1165,#1166,#789,.T.);
#1468=EDGE_CURVE('',#1166,#1167,#641,.T.);
#1469=EDGE_CURVE('',#1167,#1089,#169,.T.);
#1470=EDGE_CURVE('',#1162,#1165,#642,.T.);
#1471=EDGE_CURVE('',#1167,#1164,#643,.T.);
#1472=EDGE_CURVE('',#1163,#1166,#644,.T.);
#1473=EDGE_CURVE('',#1159,#1154,#790,.T.);
#1474=EDGE_CURVE('',#1168,#1154,#791,.T.);
#1475=EDGE_CURVE('',#1150,#1168,#792,.T.);
#1476=EDGE_CURVE('',#1169,#1159,#793,.T.);
#1477=EDGE_CURVE('',#1168,#1169,#794,.T.);
#1478=EDGE_CURVE('',#1170,#1171,#1036,.T.);
#1479=EDGE_CURVE('',#1170,#1172,#795,.T.);
#1480=EDGE_CURVE('',#1172,#1173,#645,.T.);
#1481=EDGE_CURVE('',#1173,#1171,#796,.T.);
#1482=EDGE_CURVE('',#1084,#1173,#170,.T.);
#1483=EDGE_CURVE('',#1172,#1174,#171,.T.);
#1484=EDGE_CURVE('',#1174,#1085,#172,.T.);
#1485=EDGE_CURVE('',#1175,#1170,#797,.T.);
#1486=EDGE_CURVE('',#1176,#1175,#798,.T.);
#1487=EDGE_CURVE('',#1176,#1177,#799,.T.);
#1488=EDGE_CURVE('',#1174,#1177,#173,.T.);
#1489=EDGE_CURVE('',#1171,#1178,#800,.T.);
#1490=EDGE_CURVE('',#1178,#1179,#1037,.T.);
#1491=EDGE_CURVE('',#1179,#1170,#801,.T.);
#1492=EDGE_CURVE('',#1180,#1173,#646,.T.);
#1493=EDGE_CURVE('',#1181,#1180,#647,.T.);
#1494=EDGE_CURVE('',#1182,#1181,#648,.T.);
#1495=EDGE_CURVE('',#1183,#1182,#802,.T.);
#1496=EDGE_CURVE('',#1178,#1183,#803,.T.);
#1497=EDGE_CURVE('',#1183,#1184,#1038,.T.);
#1498=EDGE_CURVE('',#1182,#1185,#649,.T.);
#1499=EDGE_CURVE('',#1185,#1184,#804,.T.);
#1500=EDGE_CURVE('',#1186,#1078,#174,.F.);
#1501=EDGE_CURVE('',#1186,#1185,#175,.T.);
#1502=EDGE_CURVE('',#1182,#1079,#176,.T.);
#1503=EDGE_CURVE('',#1181,#1080,#650,.F.);
#1504=EDGE_CURVE('',#1083,#1180,#651,.F.);
#1505=EDGE_CURVE('',#1187,#1083,#652,.F.);
#1506=EDGE_CURVE('',#1180,#1187,#653,.F.);
#1507=EDGE_CURVE('',#1188,#1187,#805,.T.);
#1508=EDGE_CURVE('',#1082,#1189,#177,.T.);
#1509=EDGE_CURVE('',#1189,#1188,#654,.T.);
#1510=EDGE_CURVE('',#1190,#1181,#655,.F.);
#1511=EDGE_CURVE('',#1080,#1190,#656,.F.);
#1512=EDGE_CURVE('',#1190,#1191,#806,.T.);
#1513=EDGE_CURVE('',#1191,#1192,#657,.T.);
#1514=EDGE_CURVE('',#1192,#1081,#178,.T.);
#1515=EDGE_CURVE('',#1187,#1190,#658,.T.);
#1516=EDGE_CURVE('',#1192,#1189,#659,.T.);
#1517=EDGE_CURVE('',#1188,#1191,#660,.T.);
#1518=EDGE_CURVE('',#1184,#1179,#807,.T.);
#1519=EDGE_CURVE('',#1193,#1179,#808,.T.);
#1520=EDGE_CURVE('',#1175,#1193,#809,.T.);
#1521=EDGE_CURVE('',#1194,#1184,#810,.T.);
#1522=EDGE_CURVE('',#1193,#1194,#811,.T.);
#1523=EDGE_CURVE('',#1195,#1196,#1039,.T.);
#1524=EDGE_CURVE('',#1195,#1197,#812,.T.);
#1525=EDGE_CURVE('',#1197,#1198,#661,.T.);
#1526=EDGE_CURVE('',#1198,#1196,#813,.T.);
#1527=EDGE_CURVE('',#1116,#1198,#179,.T.);
#1528=EDGE_CURVE('',#1197,#1199,#180,.T.);
#1529=EDGE_CURVE('',#1199,#1117,#181,.T.);
#1530=EDGE_CURVE('',#1200,#1195,#814,.T.);
#1531=EDGE_CURVE('',#1201,#1200,#815,.T.);
#1532=EDGE_CURVE('',#1201,#1202,#816,.T.);
#1533=EDGE_CURVE('',#1199,#1202,#182,.T.);
#1534=EDGE_CURVE('',#1196,#1203,#817,.T.);
#1535=EDGE_CURVE('',#1203,#1204,#1040,.T.);
#1536=EDGE_CURVE('',#1204,#1195,#818,.T.);
#1537=EDGE_CURVE('',#1205,#1198,#662,.T.);
#1538=EDGE_CURVE('',#1206,#1205,#663,.T.);
#1539=EDGE_CURVE('',#1207,#1206,#664,.T.);
#1540=EDGE_CURVE('',#1208,#1207,#819,.T.);
#1541=EDGE_CURVE('',#1203,#1208,#820,.T.);
#1542=EDGE_CURVE('',#1208,#1209,#1041,.T.);
#1543=EDGE_CURVE('',#1207,#1210,#665,.T.);
#1544=EDGE_CURVE('',#1210,#1209,#821,.T.);
#1545=EDGE_CURVE('',#1211,#1110,#183,.F.);
#1546=EDGE_CURVE('',#1211,#1210,#184,.T.);
#1547=EDGE_CURVE('',#1207,#1111,#185,.T.);
#1548=EDGE_CURVE('',#1206,#1112,#666,.F.);
#1549=EDGE_CURVE('',#1115,#1205,#667,.F.);
#1550=EDGE_CURVE('',#1212,#1115,#668,.F.);
#1551=EDGE_CURVE('',#1205,#1212,#669,.F.);
#1552=EDGE_CURVE('',#1213,#1212,#822,.T.);
#1553=EDGE_CURVE('',#1114,#1214,#186,.T.);
#1554=EDGE_CURVE('',#1214,#1213,#670,.T.);
#1555=EDGE_CURVE('',#1215,#1206,#671,.F.);
#1556=EDGE_CURVE('',#1112,#1215,#672,.F.);
#1557=EDGE_CURVE('',#1215,#1216,#823,.T.);
#1558=EDGE_CURVE('',#1216,#1217,#673,.T.);
#1559=EDGE_CURVE('',#1217,#1113,#187,.T.);
#1560=EDGE_CURVE('',#1212,#1215,#674,.T.);
#1561=EDGE_CURVE('',#1217,#1214,#675,.T.);
#1562=EDGE_CURVE('',#1213,#1216,#676,.T.);
#1563=EDGE_CURVE('',#1209,#1204,#824,.T.);
#1564=EDGE_CURVE('',#1218,#1204,#825,.T.);
#1565=EDGE_CURVE('',#1200,#1218,#826,.T.);
#1566=EDGE_CURVE('',#1219,#1209,#827,.T.);
#1567=EDGE_CURVE('',#1218,#1219,#828,.T.);
#1568=EDGE_CURVE('',#1054,#1220,#188,.T.);
#1569=EDGE_CURVE('',#1220,#1053,#829,.T.);
#1570=EDGE_CURVE('',#1221,#1220,#677,.T.);
#1571=EDGE_CURVE('',#1119,#1222,#830,.T.);
#1572=EDGE_CURVE('',#1222,#1221,#831,.T.);
#1573=EDGE_CURVE('',#1223,#1223,#678,.T.);
#1574=EDGE_CURVE('',#1221,#1224,#189,.T.);
#1575=EDGE_CURVE('',#1222,#1224,#832,.T.);
#1576=EDGE_CURVE('',#1224,#1063,#190,.T.);
#1577=EDGE_CURVE('',#1223,#1225,#833,.T.);
#1578=EDGE_CURVE('',#1225,#1225,#679,.T.);
#1579=EDGE_CURVE('',#1127,#1226,#191,.T.);
#1580=EDGE_CURVE('',#1226,#1126,#834,.T.);
#1581=EDGE_CURVE('',#1227,#1226,#680,.T.);
#1582=EDGE_CURVE('',#1144,#1228,#835,.T.);
#1583=EDGE_CURVE('',#1228,#1227,#836,.T.);
#1584=EDGE_CURVE('',#1229,#1229,#681,.T.);
#1585=EDGE_CURVE('',#1227,#1230,#192,.T.);
#1586=EDGE_CURVE('',#1228,#1230,#837,.T.);
#1587=EDGE_CURVE('',#1230,#1136,#193,.T.);
#1588=EDGE_CURVE('',#1229,#1231,#838,.T.);
#1589=EDGE_CURVE('',#1231,#1231,#682,.T.);
#1590=EDGE_CURVE('',#1152,#1232,#194,.T.);
#1591=EDGE_CURVE('',#1232,#1151,#839,.T.);
#1592=EDGE_CURVE('',#1233,#1232,#683,.T.);
#1593=EDGE_CURVE('',#1169,#1234,#840,.T.);
#1594=EDGE_CURVE('',#1234,#1233,#841,.T.);
#1595=EDGE_CURVE('',#1235,#1235,#684,.T.);
#1596=EDGE_CURVE('',#1233,#1236,#195,.T.);
#1597=EDGE_CURVE('',#1234,#1236,#842,.T.);
#1598=EDGE_CURVE('',#1236,#1161,#196,.T.);
#1599=EDGE_CURVE('',#1235,#1237,#843,.T.);
#1600=EDGE_CURVE('',#1237,#1237,#685,.T.);
#1601=EDGE_CURVE('',#1177,#1238,#197,.T.);
#1602=EDGE_CURVE('',#1238,#1176,#844,.T.);
#1603=EDGE_CURVE('',#1239,#1238,#686,.T.);
#1604=EDGE_CURVE('',#1194,#1240,#845,.T.);
#1605=EDGE_CURVE('',#1240,#1239,#846,.T.);
#1606=EDGE_CURVE('',#1241,#1241,#687,.T.);
#1607=EDGE_CURVE('',#1239,#1242,#198,.T.);
#1608=EDGE_CURVE('',#1240,#1242,#847,.T.);
#1609=EDGE_CURVE('',#1242,#1186,#199,.T.);
#1610=EDGE_CURVE('',#1241,#1243,#848,.T.);
#1611=EDGE_CURVE('',#1243,#1243,#688,.T.);
#1612=EDGE_CURVE('',#1202,#1244,#200,.T.);
#1613=EDGE_CURVE('',#1244,#1201,#849,.T.);
#1614=EDGE_CURVE('',#1245,#1244,#689,.T.);
#1615=EDGE_CURVE('',#1219,#1246,#850,.T.);
#1616=EDGE_CURVE('',#1246,#1245,#851,.T.);
#1617=EDGE_CURVE('',#1247,#1247,#690,.T.);
#1618=EDGE_CURVE('',#1245,#1248,#201,.T.);
#1619=EDGE_CURVE('',#1246,#1248,#852,.T.);
#1620=EDGE_CURVE('',#1248,#1211,#202,.T.);
#1621=EDGE_CURVE('',#1247,#1249,#853,.T.);
#1622=EDGE_CURVE('',#1249,#1249,#691,.T.);
#1623=EDGE_CURVE('',#1250,#1109,#203,.T.);
#1624=EDGE_CURVE('',#1250,#1251,#204,.T.);
#1625=EDGE_CURVE('',#1251,#1252,#205,.T.);
#1626=EDGE_CURVE('',#1252,#1245,#692,.T.);
#1627=EDGE_CURVE('',#1244,#1239,#693,.T.);
#1628=EDGE_CURVE('',#1238,#1233,#694,.T.);
#1629=EDGE_CURVE('',#1232,#1227,#695,.T.);
#1630=EDGE_CURVE('',#1226,#1253,#696,.T.);
#1631=EDGE_CURVE('',#1253,#1221,#697,.T.);
#1632=EDGE_CURVE('',#1220,#1254,#698,.T.);
#1633=EDGE_CURVE('',#1254,#1255,#206,.T.);
#1634=EDGE_CURVE('',#1255,#1256,#207,.T.);
#1635=EDGE_CURVE('',#1256,#1102,#208,.F.);
#1636=EDGE_CURVE('',#1257,#1258,#1042,.T.);
#1637=EDGE_CURVE('',#1257,#1259,#854,.T.);
#1638=EDGE_CURVE('',#1259,#1260,#699,.T.);
#1639=EDGE_CURVE('',#1260,#1258,#855,.T.);
#1640=EDGE_CURVE('',#1108,#1260,#209,.T.);
#1641=EDGE_CURVE('',#1259,#1250,#210,.T.);
#1642=EDGE_CURVE('',#1261,#1257,#856,.T.);
#1643=EDGE_CURVE('',#1262,#1261,#857,.T.);
#1644=EDGE_CURVE('',#1262,#1251,#858,.T.);
#1645=EDGE_CURVE('',#1258,#1263,#859,.T.);
#1646=EDGE_CURVE('',#1263,#1264,#1043,.T.);
#1647=EDGE_CURVE('',#1264,#1257,#860,.T.);
#1648=EDGE_CURVE('',#1265,#1260,#700,.T.);
#1649=EDGE_CURVE('',#1266,#1265,#701,.T.);
#1650=EDGE_CURVE('',#1267,#1266,#702,.T.);
#1651=EDGE_CURVE('',#1268,#1267,#861,.T.);
#1652=EDGE_CURVE('',#1263,#1268,#862,.T.);
#1653=EDGE_CURVE('',#1268,#1269,#1044,.T.);
#1654=EDGE_CURVE('',#1267,#1270,#703,.T.);
#1655=EDGE_CURVE('',#1270,#1269,#863,.T.);
#1656=EDGE_CURVE('',#1256,#1270,#211,.T.);
#1657=EDGE_CURVE('',#1267,#1103,#212,.T.);
#1658=EDGE_CURVE('',#1266,#1104,#704,.F.);
#1659=EDGE_CURVE('',#1265,#1271,#705,.F.);
#1660=EDGE_CURVE('',#1107,#1265,#706,.F.);
#1661=EDGE_CURVE('',#1271,#1107,#707,.F.);
#1662=EDGE_CURVE('',#1272,#1271,#864,.T.);
#1663=EDGE_CURVE('',#1106,#1273,#213,.T.);
#1664=EDGE_CURVE('',#1273,#1272,#708,.T.);
#1665=EDGE_CURVE('',#1274,#1266,#709,.F.);
#1666=EDGE_CURVE('',#1104,#1274,#710,.F.);
#1667=EDGE_CURVE('',#1271,#1274,#711,.T.);
#1668=EDGE_CURVE('',#1274,#1275,#865,.T.);
#1669=EDGE_CURVE('',#1275,#1276,#712,.T.);
#1670=EDGE_CURVE('',#1276,#1105,#214,.T.);
#1671=EDGE_CURVE('',#1276,#1273,#713,.T.);
#1672=EDGE_CURVE('',#1272,#1275,#714,.T.);
#1673=EDGE_CURVE('',#1269,#1264,#866,.T.);
#1674=EDGE_CURVE('',#1277,#1264,#867,.T.);
#1675=EDGE_CURVE('',#1261,#1277,#868,.T.);
#1676=EDGE_CURVE('',#1278,#1269,#869,.T.);
#1677=EDGE_CURVE('',#1277,#1278,#870,.T.);
#1678=EDGE_CURVE('',#1252,#1262,#871,.T.);
#1679=EDGE_CURVE('',#1254,#1252,#715,.T.);
#1680=EDGE_CURVE('',#1278,#1279,#872,.T.);
#1681=EDGE_CURVE('',#1279,#1254,#873,.T.);
#1682=EDGE_CURVE('',#1280,#1280,#716,.T.);
#1683=EDGE_CURVE('',#1279,#1255,#874,.T.);
#1684=EDGE_CURVE('',#1280,#1281,#875,.T.);
#1685=EDGE_CURVE('',#1281,#1281,#717,.T.);
#1686=EDGE_CURVE('',#1282,#1282,#718,.T.);
#1687=EDGE_CURVE('',#1282,#1283,#719,.T.);
#1688=EDGE_CURVE('',#1283,#1284,#720,.T.);
#1689=EDGE_CURVE('',#1284,#1283,#721,.T.);
#1690=EDGE_CURVE('',#1285,#1285,#722,.T.);
#1691=EDGE_CURVE('',#1284,#1076,#876,.T.);
#1692=EDGE_CURVE('',#1286,#1287,#723,.T.);
#1693=EDGE_CURVE('',#1287,#1286,#724,.T.);
#1694=EDGE_CURVE('',#1286,#1285,#725,.T.);
#1695=EDGE_CURVE('',#1288,#1289,#726,.T.);
#1696=EDGE_CURVE('',#1288,#1287,#877,.T.);
#1697=EDGE_CURVE('',#1289,#1288,#727,.T.);
#1698=EDGE_CURVE('',#1290,#1290,#728,.T.);
#1699=EDGE_CURVE('',#1290,#1289,#729,.T.);
#1700=EDGE_CURVE('',#1291,#1291,#730,.T.);
#1701=EDGE_CURVE('',#1291,#1253,#878,.T.);
#1702=ORIENTED_EDGE('',*,*,#1292,.F.);
#1703=ORIENTED_EDGE('',*,*,#1293,.T.);
#1704=ORIENTED_EDGE('',*,*,#1294,.T.);
#1705=ORIENTED_EDGE('',*,*,#1295,.T.);
#1706=ORIENTED_EDGE('',*,*,#1296,.T.);
#1707=ORIENTED_EDGE('',*,*,#1297,.T.);
#1708=ORIENTED_EDGE('',*,*,#1294,.F.);
#1709=ORIENTED_EDGE('',*,*,#1298,.T.);
#1710=ORIENTED_EDGE('',*,*,#1299,.T.);
#1711=ORIENTED_EDGE('',*,*,#1298,.F.);
#1712=ORIENTED_EDGE('',*,*,#1293,.F.);
#1713=ORIENTED_EDGE('',*,*,#1300,.F.);
#1714=ORIENTED_EDGE('',*,*,#1301,.F.);
#1715=ORIENTED_EDGE('',*,*,#1302,.T.);
#1716=ORIENTED_EDGE('',*,*,#1303,.F.);
#1717=ORIENTED_EDGE('',*,*,#1292,.T.);
#1718=ORIENTED_EDGE('',*,*,#1304,.T.);
#1719=ORIENTED_EDGE('',*,*,#1305,.T.);
#1720=ORIENTED_EDGE('',*,*,#1306,.T.);
#1721=ORIENTED_EDGE('',*,*,#1295,.F.);
#1722=ORIENTED_EDGE('',*,*,#1307,.F.);
#1723=ORIENTED_EDGE('',*,*,#1308,.F.);
#1724=ORIENTED_EDGE('',*,*,#1309,.F.);
#1725=ORIENTED_EDGE('',*,*,#1310,.F.);
#1726=ORIENTED_EDGE('',*,*,#1311,.F.);
#1727=ORIENTED_EDGE('',*,*,#1304,.F.);
#1728=ORIENTED_EDGE('',*,*,#1312,.F.);
#1729=ORIENTED_EDGE('',*,*,#1310,.T.);
#1730=ORIENTED_EDGE('',*,*,#1313,.T.);
#1731=ORIENTED_EDGE('',*,*,#1314,.T.);
#1732=ORIENTED_EDGE('',*,*,#1315,.F.);
#1733=ORIENTED_EDGE('',*,*,#1316,.T.);
#1734=ORIENTED_EDGE('',*,*,#1313,.F.);
#1735=ORIENTED_EDGE('',*,*,#1317,.T.);
#1736=ORIENTED_EDGE('',*,*,#1318,.T.);
#1737=ORIENTED_EDGE('',*,*,#1317,.F.);
#1738=ORIENTED_EDGE('',*,*,#1309,.T.);
#1739=ORIENTED_EDGE('',*,*,#1319,.T.);
#1740=ORIENTED_EDGE('',*,*,#1320,.T.);
#1741=ORIENTED_EDGE('',*,*,#1321,.F.);
#1742=ORIENTED_EDGE('',*,*,#1322,.F.);
#1743=ORIENTED_EDGE('',*,*,#1323,.F.);
#1744=ORIENTED_EDGE('',*,*,#1324,.T.);
#1745=ORIENTED_EDGE('',*,*,#1322,.T.);
#1746=ORIENTED_EDGE('',*,*,#1325,.T.);
#1747=ORIENTED_EDGE('',*,*,#1326,.T.);
#1748=ORIENTED_EDGE('',*,*,#1327,.T.);
#1749=ORIENTED_EDGE('',*,*,#1328,.F.);
#1750=ORIENTED_EDGE('',*,*,#1329,.F.);
#1751=ORIENTED_EDGE('',*,*,#1319,.F.);
#1752=ORIENTED_EDGE('',*,*,#1330,.T.);
#1753=ORIENTED_EDGE('',*,*,#1329,.T.);
#1754=ORIENTED_EDGE('',*,*,#1331,.T.);
#1755=ORIENTED_EDGE('',*,*,#1332,.T.);
#1756=ORIENTED_EDGE('',*,*,#1333,.T.);
#1757=ORIENTED_EDGE('',*,*,#1323,.T.);
#1758=ORIENTED_EDGE('',*,*,#1334,.T.);
#1759=ORIENTED_EDGE('',*,*,#1328,.T.);
#1760=ORIENTED_EDGE('',*,*,#1308,.T.);
#1761=ORIENTED_EDGE('',*,*,#1335,.T.);
#1762=ORIENTED_EDGE('',*,*,#1333,.F.);
#1763=ORIENTED_EDGE('',*,*,#1336,.T.);
#1764=ORIENTED_EDGE('',*,*,#1326,.F.);
#1765=ORIENTED_EDGE('',*,*,#1297,.F.);
#1766=ORIENTED_EDGE('',*,*,#1337,.T.);
#1767=ORIENTED_EDGE('',*,*,#1321,.T.);
#1768=ORIENTED_EDGE('',*,*,#1307,.T.);
#1769=ORIENTED_EDGE('',*,*,#1336,.F.);
#1770=ORIENTED_EDGE('',*,*,#1332,.F.);
#1771=ORIENTED_EDGE('',*,*,#1338,.F.);
#1772=ORIENTED_EDGE('',*,*,#1327,.F.);
#1773=ORIENTED_EDGE('',*,*,#1339,.F.);
#1774=ORIENTED_EDGE('',*,*,#1340,.T.);
#1775=ORIENTED_EDGE('',*,*,#1341,.F.);
#1776=ORIENTED_EDGE('',*,*,#1342,.F.);
#1777=ORIENTED_EDGE('',*,*,#1343,.F.);
#1778=ORIENTED_EDGE('',*,*,#1344,.F.);
#1779=ORIENTED_EDGE('',*,*,#1345,.F.);
#1780=ORIENTED_EDGE('',*,*,#1346,.F.);
#1781=ORIENTED_EDGE('',*,*,#1347,.F.);
#1782=ORIENTED_EDGE('',*,*,#1348,.F.);
#1783=ORIENTED_EDGE('',*,*,#1349,.F.);
#1784=ORIENTED_EDGE('',*,*,#1350,.F.);
#1785=ORIENTED_EDGE('',*,*,#1351,.F.);
#1786=ORIENTED_EDGE('',*,*,#1352,.F.);
#1787=ORIENTED_EDGE('',*,*,#1353,.F.);
#1788=ORIENTED_EDGE('',*,*,#1354,.F.);
#1789=ORIENTED_EDGE('',*,*,#1355,.F.);
#1790=ORIENTED_EDGE('',*,*,#1356,.F.);
#1791=ORIENTED_EDGE('',*,*,#1357,.F.);
#1792=ORIENTED_EDGE('',*,*,#1358,.F.);
#1793=ORIENTED_EDGE('',*,*,#1359,.F.);
#1794=ORIENTED_EDGE('',*,*,#1360,.F.);
#1795=ORIENTED_EDGE('',*,*,#1361,.F.);
#1796=ORIENTED_EDGE('',*,*,#1362,.F.);
#1797=ORIENTED_EDGE('',*,*,#1363,.F.);
#1798=ORIENTED_EDGE('',*,*,#1364,.F.);
#1799=ORIENTED_EDGE('',*,*,#1365,.F.);
#1800=ORIENTED_EDGE('',*,*,#1318,.F.);
#1801=ORIENTED_EDGE('',*,*,#1320,.F.);
#1802=ORIENTED_EDGE('',*,*,#1330,.F.);
#1803=ORIENTED_EDGE('',*,*,#1335,.F.);
#1804=ORIENTED_EDGE('',*,*,#1325,.F.);
#1805=ORIENTED_EDGE('',*,*,#1337,.F.);
#1806=ORIENTED_EDGE('',*,*,#1296,.F.);
#1807=ORIENTED_EDGE('',*,*,#1366,.T.);
#1808=ORIENTED_EDGE('',*,*,#1367,.F.);
#1809=ORIENTED_EDGE('',*,*,#1368,.F.);
#1810=ORIENTED_EDGE('',*,*,#1369,.F.);
#1811=ORIENTED_EDGE('',*,*,#1370,.F.);
#1812=ORIENTED_EDGE('',*,*,#1371,.F.);
#1813=ORIENTED_EDGE('',*,*,#1372,.F.);
#1814=ORIENTED_EDGE('',*,*,#1373,.F.);
#1815=ORIENTED_EDGE('',*,*,#1374,.F.);
#1816=ORIENTED_EDGE('',*,*,#1375,.F.);
#1817=ORIENTED_EDGE('',*,*,#1376,.F.);
#1818=ORIENTED_EDGE('',*,*,#1377,.F.);
#1819=ORIENTED_EDGE('',*,*,#1378,.F.);
#1820=ORIENTED_EDGE('',*,*,#1379,.F.);
#1821=ORIENTED_EDGE('',*,*,#1380,.F.);
#1822=ORIENTED_EDGE('',*,*,#1381,.F.);
#1823=ORIENTED_EDGE('',*,*,#1382,.F.);
#1824=ORIENTED_EDGE('',*,*,#1340,.F.);
#1825=ORIENTED_EDGE('',*,*,#1312,.T.);
#1826=ORIENTED_EDGE('',*,*,#1383,.T.);
#1827=ORIENTED_EDGE('',*,*,#1305,.F.);
#1828=ORIENTED_EDGE('',*,*,#1311,.T.);
#1829=ORIENTED_EDGE('',*,*,#1306,.F.);
#1830=ORIENTED_EDGE('',*,*,#1384,.F.);
#1831=ORIENTED_EDGE('',*,*,#1385,.F.);
#1832=ORIENTED_EDGE('',*,*,#1300,.T.);
#1833=ORIENTED_EDGE('',*,*,#1383,.F.);
#1834=ORIENTED_EDGE('',*,*,#1386,.F.);
#1835=ORIENTED_EDGE('',*,*,#1387,.F.);
#1836=ORIENTED_EDGE('',*,*,#1384,.T.);
#1837=ORIENTED_EDGE('',*,*,#1388,.F.);
#1838=ORIENTED_EDGE('',*,*,#1389,.T.);
#1839=ORIENTED_EDGE('',*,*,#1390,.T.);
#1840=ORIENTED_EDGE('',*,*,#1391,.T.);
#1841=ORIENTED_EDGE('',*,*,#1364,.T.);
#1842=ORIENTED_EDGE('',*,*,#1392,.T.);
#1843=ORIENTED_EDGE('',*,*,#1390,.F.);
#1844=ORIENTED_EDGE('',*,*,#1393,.T.);
#1845=ORIENTED_EDGE('',*,*,#1394,.T.);
#1846=ORIENTED_EDGE('',*,*,#1393,.F.);
#1847=ORIENTED_EDGE('',*,*,#1389,.F.);
#1848=ORIENTED_EDGE('',*,*,#1395,.F.);
#1849=ORIENTED_EDGE('',*,*,#1396,.F.);
#1850=ORIENTED_EDGE('',*,*,#1397,.T.);
#1851=ORIENTED_EDGE('',*,*,#1398,.F.);
#1852=ORIENTED_EDGE('',*,*,#1388,.T.);
#1853=ORIENTED_EDGE('',*,*,#1399,.T.);
#1854=ORIENTED_EDGE('',*,*,#1400,.T.);
#1855=ORIENTED_EDGE('',*,*,#1401,.T.);
#1856=ORIENTED_EDGE('',*,*,#1391,.F.);
#1857=ORIENTED_EDGE('',*,*,#1402,.F.);
#1858=ORIENTED_EDGE('',*,*,#1403,.F.);
#1859=ORIENTED_EDGE('',*,*,#1404,.F.);
#1860=ORIENTED_EDGE('',*,*,#1405,.F.);
#1861=ORIENTED_EDGE('',*,*,#1406,.F.);
#1862=ORIENTED_EDGE('',*,*,#1399,.F.);
#1863=ORIENTED_EDGE('',*,*,#1407,.F.);
#1864=ORIENTED_EDGE('',*,*,#1405,.T.);
#1865=ORIENTED_EDGE('',*,*,#1408,.T.);
#1866=ORIENTED_EDGE('',*,*,#1409,.T.);
#1867=ORIENTED_EDGE('',*,*,#1410,.F.);
#1868=ORIENTED_EDGE('',*,*,#1411,.T.);
#1869=ORIENTED_EDGE('',*,*,#1408,.F.);
#1870=ORIENTED_EDGE('',*,*,#1412,.T.);
#1871=ORIENTED_EDGE('',*,*,#1358,.T.);
#1872=ORIENTED_EDGE('',*,*,#1412,.F.);
#1873=ORIENTED_EDGE('',*,*,#1404,.T.);
#1874=ORIENTED_EDGE('',*,*,#1413,.T.);
#1875=ORIENTED_EDGE('',*,*,#1359,.T.);
#1876=ORIENTED_EDGE('',*,*,#1414,.F.);
#1877=ORIENTED_EDGE('',*,*,#1415,.F.);
#1878=ORIENTED_EDGE('',*,*,#1416,.F.);
#1879=ORIENTED_EDGE('',*,*,#1417,.T.);
#1880=ORIENTED_EDGE('',*,*,#1415,.T.);
#1881=ORIENTED_EDGE('',*,*,#1362,.T.);
#1882=ORIENTED_EDGE('',*,*,#1418,.T.);
#1883=ORIENTED_EDGE('',*,*,#1419,.T.);
#1884=ORIENTED_EDGE('',*,*,#1420,.F.);
#1885=ORIENTED_EDGE('',*,*,#1421,.F.);
#1886=ORIENTED_EDGE('',*,*,#1413,.F.);
#1887=ORIENTED_EDGE('',*,*,#1360,.T.);
#1888=ORIENTED_EDGE('',*,*,#1421,.T.);
#1889=ORIENTED_EDGE('',*,*,#1422,.T.);
#1890=ORIENTED_EDGE('',*,*,#1423,.T.);
#1891=ORIENTED_EDGE('',*,*,#1424,.T.);
#1892=ORIENTED_EDGE('',*,*,#1416,.T.);
#1893=ORIENTED_EDGE('',*,*,#1425,.T.);
#1894=ORIENTED_EDGE('',*,*,#1420,.T.);
#1895=ORIENTED_EDGE('',*,*,#1403,.T.);
#1896=ORIENTED_EDGE('',*,*,#1361,.T.);
#1897=ORIENTED_EDGE('',*,*,#1424,.F.);
#1898=ORIENTED_EDGE('',*,*,#1426,.T.);
#1899=ORIENTED_EDGE('',*,*,#1418,.F.);
#1900=ORIENTED_EDGE('',*,*,#1392,.F.);
#1901=ORIENTED_EDGE('',*,*,#1363,.T.);
#1902=ORIENTED_EDGE('',*,*,#1414,.T.);
#1903=ORIENTED_EDGE('',*,*,#1402,.T.);
#1904=ORIENTED_EDGE('',*,*,#1426,.F.);
#1905=ORIENTED_EDGE('',*,*,#1423,.F.);
#1906=ORIENTED_EDGE('',*,*,#1427,.F.);
#1907=ORIENTED_EDGE('',*,*,#1419,.F.);
#1908=ORIENTED_EDGE('',*,*,#1407,.T.);
#1909=ORIENTED_EDGE('',*,*,#1428,.T.);
#1910=ORIENTED_EDGE('',*,*,#1400,.F.);
#1911=ORIENTED_EDGE('',*,*,#1406,.T.);
#1912=ORIENTED_EDGE('',*,*,#1401,.F.);
#1913=ORIENTED_EDGE('',*,*,#1429,.F.);
#1914=ORIENTED_EDGE('',*,*,#1430,.F.);
#1915=ORIENTED_EDGE('',*,*,#1395,.T.);
#1916=ORIENTED_EDGE('',*,*,#1428,.F.);
#1917=ORIENTED_EDGE('',*,*,#1431,.F.);
#1918=ORIENTED_EDGE('',*,*,#1432,.F.);
#1919=ORIENTED_EDGE('',*,*,#1429,.T.);
#1920=ORIENTED_EDGE('',*,*,#1433,.F.);
#1921=ORIENTED_EDGE('',*,*,#1434,.T.);
#1922=ORIENTED_EDGE('',*,*,#1435,.T.);
#1923=ORIENTED_EDGE('',*,*,#1436,.T.);
#1924=ORIENTED_EDGE('',*,*,#1356,.T.);
#1925=ORIENTED_EDGE('',*,*,#1437,.T.);
#1926=ORIENTED_EDGE('',*,*,#1435,.F.);
#1927=ORIENTED_EDGE('',*,*,#1438,.T.);
#1928=ORIENTED_EDGE('',*,*,#1439,.T.);
#1929=ORIENTED_EDGE('',*,*,#1438,.F.);
#1930=ORIENTED_EDGE('',*,*,#1434,.F.);
#1931=ORIENTED_EDGE('',*,*,#1440,.F.);
#1932=ORIENTED_EDGE('',*,*,#1441,.F.);
#1933=ORIENTED_EDGE('',*,*,#1442,.T.);
#1934=ORIENTED_EDGE('',*,*,#1443,.F.);
#1935=ORIENTED_EDGE('',*,*,#1433,.T.);
#1936=ORIENTED_EDGE('',*,*,#1444,.T.);
#1937=ORIENTED_EDGE('',*,*,#1445,.T.);
#1938=ORIENTED_EDGE('',*,*,#1446,.T.);
#1939=ORIENTED_EDGE('',*,*,#1436,.F.);
#1940=ORIENTED_EDGE('',*,*,#1447,.F.);
#1941=ORIENTED_EDGE('',*,*,#1448,.F.);
#1942=ORIENTED_EDGE('',*,*,#1449,.F.);
#1943=ORIENTED_EDGE('',*,*,#1450,.F.);
#1944=ORIENTED_EDGE('',*,*,#1451,.F.);
#1945=ORIENTED_EDGE('',*,*,#1444,.F.);
#1946=ORIENTED_EDGE('',*,*,#1452,.F.);
#1947=ORIENTED_EDGE('',*,*,#1450,.T.);
#1948=ORIENTED_EDGE('',*,*,#1453,.T.);
#1949=ORIENTED_EDGE('',*,*,#1454,.T.);
#1950=ORIENTED_EDGE('',*,*,#1455,.F.);
#1951=ORIENTED_EDGE('',*,*,#1456,.T.);
#1952=ORIENTED_EDGE('',*,*,#1453,.F.);
#1953=ORIENTED_EDGE('',*,*,#1457,.T.);
#1954=ORIENTED_EDGE('',*,*,#1350,.T.);
#1955=ORIENTED_EDGE('',*,*,#1457,.F.);
#1956=ORIENTED_EDGE('',*,*,#1449,.T.);
#1957=ORIENTED_EDGE('',*,*,#1458,.T.);
#1958=ORIENTED_EDGE('',*,*,#1351,.T.);
#1959=ORIENTED_EDGE('',*,*,#1459,.F.);
#1960=ORIENTED_EDGE('',*,*,#1460,.F.);
#1961=ORIENTED_EDGE('',*,*,#1461,.F.);
#1962=ORIENTED_EDGE('',*,*,#1462,.T.);
#1963=ORIENTED_EDGE('',*,*,#1460,.T.);
#1964=ORIENTED_EDGE('',*,*,#1354,.T.);
#1965=ORIENTED_EDGE('',*,*,#1463,.T.);
#1966=ORIENTED_EDGE('',*,*,#1464,.T.);
#1967=ORIENTED_EDGE('',*,*,#1465,.F.);
#1968=ORIENTED_EDGE('',*,*,#1466,.F.);
#1969=ORIENTED_EDGE('',*,*,#1458,.F.);
#1970=ORIENTED_EDGE('',*,*,#1352,.T.);
#1971=ORIENTED_EDGE('',*,*,#1466,.T.);
#1972=ORIENTED_EDGE('',*,*,#1467,.T.);
#1973=ORIENTED_EDGE('',*,*,#1468,.T.);
#1974=ORIENTED_EDGE('',*,*,#1469,.T.);
#1975=ORIENTED_EDGE('',*,*,#1461,.T.);
#1976=ORIENTED_EDGE('',*,*,#1470,.T.);
#1977=ORIENTED_EDGE('',*,*,#1465,.T.);
#1978=ORIENTED_EDGE('',*,*,#1448,.T.);
#1979=ORIENTED_EDGE('',*,*,#1353,.T.);
#1980=ORIENTED_EDGE('',*,*,#1469,.F.);
#1981=ORIENTED_EDGE('',*,*,#1471,.T.);
#1982=ORIENTED_EDGE('',*,*,#1463,.F.);
#1983=ORIENTED_EDGE('',*,*,#1437,.F.);
#1984=ORIENTED_EDGE('',*,*,#1355,.T.);
#1985=ORIENTED_EDGE('',*,*,#1459,.T.);
#1986=ORIENTED_EDGE('',*,*,#1447,.T.);
#1987=ORIENTED_EDGE('',*,*,#1471,.F.);
#1988=ORIENTED_EDGE('',*,*,#1468,.F.);
#1989=ORIENTED_EDGE('',*,*,#1472,.F.);
#1990=ORIENTED_EDGE('',*,*,#1464,.F.);
#1991=ORIENTED_EDGE('',*,*,#1452,.T.);
#1992=ORIENTED_EDGE('',*,*,#1473,.T.);
#1993=ORIENTED_EDGE('',*,*,#1445,.F.);
#1994=ORIENTED_EDGE('',*,*,#1451,.T.);
#1995=ORIENTED_EDGE('',*,*,#1446,.F.);
#1996=ORIENTED_EDGE('',*,*,#1474,.F.);
#1997=ORIENTED_EDGE('',*,*,#1475,.F.);
#1998=ORIENTED_EDGE('',*,*,#1440,.T.);
#1999=ORIENTED_EDGE('',*,*,#1473,.F.);
#2000=ORIENTED_EDGE('',*,*,#1476,.F.);
#2001=ORIENTED_EDGE('',*,*,#1477,.F.);
#2002=ORIENTED_EDGE('',*,*,#1474,.T.);
#2003=ORIENTED_EDGE('',*,*,#1478,.F.);
#2004=ORIENTED_EDGE('',*,*,#1479,.T.);
#2005=ORIENTED_EDGE('',*,*,#1480,.T.);
#2006=ORIENTED_EDGE('',*,*,#1481,.T.);
#2007=ORIENTED_EDGE('',*,*,#1348,.T.);
#2008=ORIENTED_EDGE('',*,*,#1482,.T.);
#2009=ORIENTED_EDGE('',*,*,#1480,.F.);
#2010=ORIENTED_EDGE('',*,*,#1483,.T.);
#2011=ORIENTED_EDGE('',*,*,#1484,.T.);
#2012=ORIENTED_EDGE('',*,*,#1483,.F.);
#2013=ORIENTED_EDGE('',*,*,#1479,.F.);
#2014=ORIENTED_EDGE('',*,*,#1485,.F.);
#2015=ORIENTED_EDGE('',*,*,#1486,.F.);
#2016=ORIENTED_EDGE('',*,*,#1487,.T.);
#2017=ORIENTED_EDGE('',*,*,#1488,.F.);
#2018=ORIENTED_EDGE('',*,*,#1478,.T.);
#2019=ORIENTED_EDGE('',*,*,#1489,.T.);
#2020=ORIENTED_EDGE('',*,*,#1490,.T.);
#2021=ORIENTED_EDGE('',*,*,#1491,.T.);
#2022=ORIENTED_EDGE('',*,*,#1481,.F.);
#2023=ORIENTED_EDGE('',*,*,#1492,.F.);
#2024=ORIENTED_EDGE('',*,*,#1493,.F.);
#2025=ORIENTED_EDGE('',*,*,#1494,.F.);
#2026=ORIENTED_EDGE('',*,*,#1495,.F.);
#2027=ORIENTED_EDGE('',*,*,#1496,.F.);
#2028=ORIENTED_EDGE('',*,*,#1489,.F.);
#2029=ORIENTED_EDGE('',*,*,#1497,.F.);
#2030=ORIENTED_EDGE('',*,*,#1495,.T.);
#2031=ORIENTED_EDGE('',*,*,#1498,.T.);
#2032=ORIENTED_EDGE('',*,*,#1499,.T.);
#2033=ORIENTED_EDGE('',*,*,#1500,.F.);
#2034=ORIENTED_EDGE('',*,*,#1501,.T.);
#2035=ORIENTED_EDGE('',*,*,#1498,.F.);
#2036=ORIENTED_EDGE('',*,*,#1502,.T.);
#2037=ORIENTED_EDGE('',*,*,#1342,.T.);
#2038=ORIENTED_EDGE('',*,*,#1502,.F.);
#2039=ORIENTED_EDGE('',*,*,#1494,.T.);
#2040=ORIENTED_EDGE('',*,*,#1503,.T.);
#2041=ORIENTED_EDGE('',*,*,#1343,.T.);
#2042=ORIENTED_EDGE('',*,*,#1504,.F.);
#2043=ORIENTED_EDGE('',*,*,#1505,.F.);
#2044=ORIENTED_EDGE('',*,*,#1506,.F.);
#2045=ORIENTED_EDGE('',*,*,#1507,.T.);
#2046=ORIENTED_EDGE('',*,*,#1505,.T.);
#2047=ORIENTED_EDGE('',*,*,#1346,.T.);
#2048=ORIENTED_EDGE('',*,*,#1508,.T.);
#2049=ORIENTED_EDGE('',*,*,#1509,.T.);
#2050=ORIENTED_EDGE('',*,*,#1510,.F.);
#2051=ORIENTED_EDGE('',*,*,#1511,.F.);
#2052=ORIENTED_EDGE('',*,*,#1503,.F.);
#2053=ORIENTED_EDGE('',*,*,#1344,.T.);
#2054=ORIENTED_EDGE('',*,*,#1511,.T.);
#2055=ORIENTED_EDGE('',*,*,#1512,.T.);
#2056=ORIENTED_EDGE('',*,*,#1513,.T.);
#2057=ORIENTED_EDGE('',*,*,#1514,.T.);
#2058=ORIENTED_EDGE('',*,*,#1506,.T.);
#2059=ORIENTED_EDGE('',*,*,#1515,.T.);
#2060=ORIENTED_EDGE('',*,*,#1510,.T.);
#2061=ORIENTED_EDGE('',*,*,#1493,.T.);
#2062=ORIENTED_EDGE('',*,*,#1345,.T.);
#2063=ORIENTED_EDGE('',*,*,#1514,.F.);
#2064=ORIENTED_EDGE('',*,*,#1516,.T.);
#2065=ORIENTED_EDGE('',*,*,#1508,.F.);
#2066=ORIENTED_EDGE('',*,*,#1482,.F.);
#2067=ORIENTED_EDGE('',*,*,#1347,.T.);
#2068=ORIENTED_EDGE('',*,*,#1504,.T.);
#2069=ORIENTED_EDGE('',*,*,#1492,.T.);
#2070=ORIENTED_EDGE('',*,*,#1516,.F.);
#2071=ORIENTED_EDGE('',*,*,#1513,.F.);
#2072=ORIENTED_EDGE('',*,*,#1517,.F.);
#2073=ORIENTED_EDGE('',*,*,#1509,.F.);
#2074=ORIENTED_EDGE('',*,*,#1497,.T.);
#2075=ORIENTED_EDGE('',*,*,#1518,.T.);
#2076=ORIENTED_EDGE('',*,*,#1490,.F.);
#2077=ORIENTED_EDGE('',*,*,#1496,.T.);
#2078=ORIENTED_EDGE('',*,*,#1491,.F.);
#2079=ORIENTED_EDGE('',*,*,#1519,.F.);
#2080=ORIENTED_EDGE('',*,*,#1520,.F.);
#2081=ORIENTED_EDGE('',*,*,#1485,.T.);
#2082=ORIENTED_EDGE('',*,*,#1518,.F.);
#2083=ORIENTED_EDGE('',*,*,#1521,.F.);
#2084=ORIENTED_EDGE('',*,*,#1522,.F.);
#2085=ORIENTED_EDGE('',*,*,#1519,.T.);
#2086=ORIENTED_EDGE('',*,*,#1523,.F.);
#2087=ORIENTED_EDGE('',*,*,#1524,.T.);
#2088=ORIENTED_EDGE('',*,*,#1525,.T.);
#2089=ORIENTED_EDGE('',*,*,#1526,.T.);
#2090=ORIENTED_EDGE('',*,*,#1381,.T.);
#2091=ORIENTED_EDGE('',*,*,#1527,.T.);
#2092=ORIENTED_EDGE('',*,*,#1525,.F.);
#2093=ORIENTED_EDGE('',*,*,#1528,.T.);
#2094=ORIENTED_EDGE('',*,*,#1529,.T.);
#2095=ORIENTED_EDGE('',*,*,#1528,.F.);
#2096=ORIENTED_EDGE('',*,*,#1524,.F.);
#2097=ORIENTED_EDGE('',*,*,#1530,.F.);
#2098=ORIENTED_EDGE('',*,*,#1531,.F.);
#2099=ORIENTED_EDGE('',*,*,#1532,.T.);
#2100=ORIENTED_EDGE('',*,*,#1533,.F.);
#2101=ORIENTED_EDGE('',*,*,#1523,.T.);
#2102=ORIENTED_EDGE('',*,*,#1534,.T.);
#2103=ORIENTED_EDGE('',*,*,#1535,.T.);
#2104=ORIENTED_EDGE('',*,*,#1536,.T.);
#2105=ORIENTED_EDGE('',*,*,#1526,.F.);
#2106=ORIENTED_EDGE('',*,*,#1537,.F.);
#2107=ORIENTED_EDGE('',*,*,#1538,.F.);
#2108=ORIENTED_EDGE('',*,*,#1539,.F.);
#2109=ORIENTED_EDGE('',*,*,#1540,.F.);
#2110=ORIENTED_EDGE('',*,*,#1541,.F.);
#2111=ORIENTED_EDGE('',*,*,#1534,.F.);
#2112=ORIENTED_EDGE('',*,*,#1542,.F.);
#2113=ORIENTED_EDGE('',*,*,#1540,.T.);
#2114=ORIENTED_EDGE('',*,*,#1543,.T.);
#2115=ORIENTED_EDGE('',*,*,#1544,.T.);
#2116=ORIENTED_EDGE('',*,*,#1545,.F.);
#2117=ORIENTED_EDGE('',*,*,#1546,.T.);
#2118=ORIENTED_EDGE('',*,*,#1543,.F.);
#2119=ORIENTED_EDGE('',*,*,#1547,.T.);
#2120=ORIENTED_EDGE('',*,*,#1375,.T.);
#2121=ORIENTED_EDGE('',*,*,#1547,.F.);
#2122=ORIENTED_EDGE('',*,*,#1539,.T.);
#2123=ORIENTED_EDGE('',*,*,#1548,.T.);
#2124=ORIENTED_EDGE('',*,*,#1376,.T.);
#2125=ORIENTED_EDGE('',*,*,#1549,.F.);
#2126=ORIENTED_EDGE('',*,*,#1550,.F.);
#2127=ORIENTED_EDGE('',*,*,#1551,.F.);
#2128=ORIENTED_EDGE('',*,*,#1552,.T.);
#2129=ORIENTED_EDGE('',*,*,#1550,.T.);
#2130=ORIENTED_EDGE('',*,*,#1379,.T.);
#2131=ORIENTED_EDGE('',*,*,#1553,.T.);
#2132=ORIENTED_EDGE('',*,*,#1554,.T.);
#2133=ORIENTED_EDGE('',*,*,#1555,.F.);
#2134=ORIENTED_EDGE('',*,*,#1556,.F.);
#2135=ORIENTED_EDGE('',*,*,#1548,.F.);
#2136=ORIENTED_EDGE('',*,*,#1377,.T.);
#2137=ORIENTED_EDGE('',*,*,#1556,.T.);
#2138=ORIENTED_EDGE('',*,*,#1557,.T.);
#2139=ORIENTED_EDGE('',*,*,#1558,.T.);
#2140=ORIENTED_EDGE('',*,*,#1559,.T.);
#2141=ORIENTED_EDGE('',*,*,#1551,.T.);
#2142=ORIENTED_EDGE('',*,*,#1560,.T.);
#2143=ORIENTED_EDGE('',*,*,#1555,.T.);
#2144=ORIENTED_EDGE('',*,*,#1538,.T.);
#2145=ORIENTED_EDGE('',*,*,#1378,.T.);
#2146=ORIENTED_EDGE('',*,*,#1559,.F.);
#2147=ORIENTED_EDGE('',*,*,#1561,.T.);
#2148=ORIENTED_EDGE('',*,*,#1553,.F.);
#2149=ORIENTED_EDGE('',*,*,#1527,.F.);
#2150=ORIENTED_EDGE('',*,*,#1380,.T.);
#2151=ORIENTED_EDGE('',*,*,#1549,.T.);
#2152=ORIENTED_EDGE('',*,*,#1537,.T.);
#2153=ORIENTED_EDGE('',*,*,#1561,.F.);
#2154=ORIENTED_EDGE('',*,*,#1558,.F.);
#2155=ORIENTED_EDGE('',*,*,#1562,.F.);
#2156=ORIENTED_EDGE('',*,*,#1554,.F.);
#2157=ORIENTED_EDGE('',*,*,#1542,.T.);
#2158=ORIENTED_EDGE('',*,*,#1563,.T.);
#2159=ORIENTED_EDGE('',*,*,#1535,.F.);
#2160=ORIENTED_EDGE('',*,*,#1541,.T.);
#2161=ORIENTED_EDGE('',*,*,#1536,.F.);
#2162=ORIENTED_EDGE('',*,*,#1564,.F.);
#2163=ORIENTED_EDGE('',*,*,#1565,.F.);
#2164=ORIENTED_EDGE('',*,*,#1530,.T.);
#2165=ORIENTED_EDGE('',*,*,#1563,.F.);
#2166=ORIENTED_EDGE('',*,*,#1566,.F.);
#2167=ORIENTED_EDGE('',*,*,#1567,.F.);
#2168=ORIENTED_EDGE('',*,*,#1564,.T.);
#2169=ORIENTED_EDGE('',*,*,#1568,.F.);
#2170=ORIENTED_EDGE('',*,*,#1302,.F.);
#2171=ORIENTED_EDGE('',*,*,#1569,.F.);
#2172=ORIENTED_EDGE('',*,*,#1570,.T.);
#2173=ORIENTED_EDGE('',*,*,#1569,.T.);
#2174=ORIENTED_EDGE('',*,*,#1301,.T.);
#2175=ORIENTED_EDGE('',*,*,#1385,.T.);
#2176=ORIENTED_EDGE('',*,*,#1387,.T.);
#2177=ORIENTED_EDGE('',*,*,#1571,.T.);
#2178=ORIENTED_EDGE('',*,*,#1572,.T.);
#2179=ORIENTED_EDGE('',*,*,#1573,.T.);
#2180=ORIENTED_EDGE('',*,*,#1574,.F.);
#2181=ORIENTED_EDGE('',*,*,#1572,.F.);
#2182=ORIENTED_EDGE('',*,*,#1575,.T.);
#2183=ORIENTED_EDGE('',*,*,#1316,.F.);
#2184=ORIENTED_EDGE('',*,*,#1576,.F.);
#2185=ORIENTED_EDGE('',*,*,#1575,.F.);
#2186=ORIENTED_EDGE('',*,*,#1571,.F.);
#2187=ORIENTED_EDGE('',*,*,#1386,.T.);
#2188=ORIENTED_EDGE('',*,*,#1314,.F.);
#2189=ORIENTED_EDGE('',*,*,#1324,.F.);
#2190=ORIENTED_EDGE('',*,*,#1338,.T.);
#2191=ORIENTED_EDGE('',*,*,#1331,.F.);
#2192=ORIENTED_EDGE('',*,*,#1334,.F.);
#2193=ORIENTED_EDGE('',*,*,#1573,.F.);
#2194=ORIENTED_EDGE('',*,*,#1577,.T.);
#2195=ORIENTED_EDGE('',*,*,#1578,.F.);
#2196=ORIENTED_EDGE('',*,*,#1577,.F.);
#2197=ORIENTED_EDGE('',*,*,#1579,.F.);
#2198=ORIENTED_EDGE('',*,*,#1397,.F.);
#2199=ORIENTED_EDGE('',*,*,#1580,.F.);
#2200=ORIENTED_EDGE('',*,*,#1581,.T.);
#2201=ORIENTED_EDGE('',*,*,#1580,.T.);
#2202=ORIENTED_EDGE('',*,*,#1396,.T.);
#2203=ORIENTED_EDGE('',*,*,#1430,.T.);
#2204=ORIENTED_EDGE('',*,*,#1432,.T.);
#2205=ORIENTED_EDGE('',*,*,#1582,.T.);
#2206=ORIENTED_EDGE('',*,*,#1583,.T.);
#2207=ORIENTED_EDGE('',*,*,#1584,.T.);
#2208=ORIENTED_EDGE('',*,*,#1585,.F.);
#2209=ORIENTED_EDGE('',*,*,#1583,.F.);
#2210=ORIENTED_EDGE('',*,*,#1586,.T.);
#2211=ORIENTED_EDGE('',*,*,#1411,.F.);
#2212=ORIENTED_EDGE('',*,*,#1587,.F.);
#2213=ORIENTED_EDGE('',*,*,#1586,.F.);
#2214=ORIENTED_EDGE('',*,*,#1582,.F.);
#2215=ORIENTED_EDGE('',*,*,#1431,.T.);
#2216=ORIENTED_EDGE('',*,*,#1409,.F.);
#2217=ORIENTED_EDGE('',*,*,#1417,.F.);
#2218=ORIENTED_EDGE('',*,*,#1427,.T.);
#2219=ORIENTED_EDGE('',*,*,#1422,.F.);
#2220=ORIENTED_EDGE('',*,*,#1425,.F.);
#2221=ORIENTED_EDGE('',*,*,#1584,.F.);
#2222=ORIENTED_EDGE('',*,*,#1588,.T.);
#2223=ORIENTED_EDGE('',*,*,#1589,.F.);
#2224=ORIENTED_EDGE('',*,*,#1588,.F.);
#2225=ORIENTED_EDGE('',*,*,#1590,.F.);
#2226=ORIENTED_EDGE('',*,*,#1442,.F.);
#2227=ORIENTED_EDGE('',*,*,#1591,.F.);
#2228=ORIENTED_EDGE('',*,*,#1592,.T.);
#2229=ORIENTED_EDGE('',*,*,#1591,.T.);
#2230=ORIENTED_EDGE('',*,*,#1441,.T.);
#2231=ORIENTED_EDGE('',*,*,#1475,.T.);
#2232=ORIENTED_EDGE('',*,*,#1477,.T.);
#2233=ORIENTED_EDGE('',*,*,#1593,.T.);
#2234=ORIENTED_EDGE('',*,*,#1594,.T.);
#2235=ORIENTED_EDGE('',*,*,#1595,.T.);
#2236=ORIENTED_EDGE('',*,*,#1596,.F.);
#2237=ORIENTED_EDGE('',*,*,#1594,.F.);
#2238=ORIENTED_EDGE('',*,*,#1597,.T.);
#2239=ORIENTED_EDGE('',*,*,#1456,.F.);
#2240=ORIENTED_EDGE('',*,*,#1598,.F.);
#2241=ORIENTED_EDGE('',*,*,#1597,.F.);
#2242=ORIENTED_EDGE('',*,*,#1593,.F.);
#2243=ORIENTED_EDGE('',*,*,#1476,.T.);
#2244=ORIENTED_EDGE('',*,*,#1454,.F.);
#2245=ORIENTED_EDGE('',*,*,#1462,.F.);
#2246=ORIENTED_EDGE('',*,*,#1472,.T.);
#2247=ORIENTED_EDGE('',*,*,#1467,.F.);
#2248=ORIENTED_EDGE('',*,*,#1470,.F.);
#2249=ORIENTED_EDGE('',*,*,#1595,.F.);
#2250=ORIENTED_EDGE('',*,*,#1599,.T.);
#2251=ORIENTED_EDGE('',*,*,#1600,.F.);
#2252=ORIENTED_EDGE('',*,*,#1599,.F.);
#2253=ORIENTED_EDGE('',*,*,#1601,.F.);
#2254=ORIENTED_EDGE('',*,*,#1487,.F.);
#2255=ORIENTED_EDGE('',*,*,#1602,.F.);
#2256=ORIENTED_EDGE('',*,*,#1603,.T.);
#2257=ORIENTED_EDGE('',*,*,#1602,.T.);
#2258=ORIENTED_EDGE('',*,*,#1486,.T.);
#2259=ORIENTED_EDGE('',*,*,#1520,.T.);
#2260=ORIENTED_EDGE('',*,*,#1522,.T.);
#2261=ORIENTED_EDGE('',*,*,#1604,.T.);
#2262=ORIENTED_EDGE('',*,*,#1605,.T.);
#2263=ORIENTED_EDGE('',*,*,#1606,.T.);
#2264=ORIENTED_EDGE('',*,*,#1607,.F.);
#2265=ORIENTED_EDGE('',*,*,#1605,.F.);
#2266=ORIENTED_EDGE('',*,*,#1608,.T.);
#2267=ORIENTED_EDGE('',*,*,#1501,.F.);
#2268=ORIENTED_EDGE('',*,*,#1609,.F.);
#2269=ORIENTED_EDGE('',*,*,#1608,.F.);
#2270=ORIENTED_EDGE('',*,*,#1604,.F.);
#2271=ORIENTED_EDGE('',*,*,#1521,.T.);
#2272=ORIENTED_EDGE('',*,*,#1499,.F.);
#2273=ORIENTED_EDGE('',*,*,#1507,.F.);
#2274=ORIENTED_EDGE('',*,*,#1517,.T.);
#2275=ORIENTED_EDGE('',*,*,#1512,.F.);
#2276=ORIENTED_EDGE('',*,*,#1515,.F.);
#2277=ORIENTED_EDGE('',*,*,#1606,.F.);
#2278=ORIENTED_EDGE('',*,*,#1610,.T.);
#2279=ORIENTED_EDGE('',*,*,#1611,.F.);
#2280=ORIENTED_EDGE('',*,*,#1610,.F.);
#2281=ORIENTED_EDGE('',*,*,#1612,.F.);
#2282=ORIENTED_EDGE('',*,*,#1532,.F.);
#2283=ORIENTED_EDGE('',*,*,#1613,.F.);
#2284=ORIENTED_EDGE('',*,*,#1614,.T.);
#2285=ORIENTED_EDGE('',*,*,#1613,.T.);
#2286=ORIENTED_EDGE('',*,*,#1531,.T.);
#2287=ORIENTED_EDGE('',*,*,#1565,.T.);
#2288=ORIENTED_EDGE('',*,*,#1567,.T.);
#2289=ORIENTED_EDGE('',*,*,#1615,.T.);
#2290=ORIENTED_EDGE('',*,*,#1616,.T.);
#2291=ORIENTED_EDGE('',*,*,#1617,.T.);
#2292=ORIENTED_EDGE('',*,*,#1618,.F.);
#2293=ORIENTED_EDGE('',*,*,#1616,.F.);
#2294=ORIENTED_EDGE('',*,*,#1619,.T.);
#2295=ORIENTED_EDGE('',*,*,#1546,.F.);
#2296=ORIENTED_EDGE('',*,*,#1620,.F.);
#2297=ORIENTED_EDGE('',*,*,#1619,.F.);
#2298=ORIENTED_EDGE('',*,*,#1615,.F.);
#2299=ORIENTED_EDGE('',*,*,#1566,.T.);
#2300=ORIENTED_EDGE('',*,*,#1544,.F.);
#2301=ORIENTED_EDGE('',*,*,#1552,.F.);
#2302=ORIENTED_EDGE('',*,*,#1562,.T.);
#2303=ORIENTED_EDGE('',*,*,#1557,.F.);
#2304=ORIENTED_EDGE('',*,*,#1560,.F.);
#2305=ORIENTED_EDGE('',*,*,#1617,.F.);
#2306=ORIENTED_EDGE('',*,*,#1621,.T.);
#2307=ORIENTED_EDGE('',*,*,#1622,.F.);
#2308=ORIENTED_EDGE('',*,*,#1621,.F.);
#2309=ORIENTED_EDGE('',*,*,#1618,.T.);
#2310=ORIENTED_EDGE('',*,*,#1620,.T.);
#2311=ORIENTED_EDGE('',*,*,#1545,.T.);
#2312=ORIENTED_EDGE('',*,*,#1374,.T.);
#2313=ORIENTED_EDGE('',*,*,#1623,.F.);
#2314=ORIENTED_EDGE('',*,*,#1624,.T.);
#2315=ORIENTED_EDGE('',*,*,#1625,.T.);
#2316=ORIENTED_EDGE('',*,*,#1626,.T.);
#2317=ORIENTED_EDGE('',*,*,#1607,.T.);
#2318=ORIENTED_EDGE('',*,*,#1609,.T.);
#2319=ORIENTED_EDGE('',*,*,#1500,.T.);
#2320=ORIENTED_EDGE('',*,*,#1341,.T.);
#2321=ORIENTED_EDGE('',*,*,#1382,.T.);
#2322=ORIENTED_EDGE('',*,*,#1529,.F.);
#2323=ORIENTED_EDGE('',*,*,#1533,.T.);
#2324=ORIENTED_EDGE('',*,*,#1612,.T.);
#2325=ORIENTED_EDGE('',*,*,#1627,.T.);
#2326=ORIENTED_EDGE('',*,*,#1596,.T.);
#2327=ORIENTED_EDGE('',*,*,#1598,.T.);
#2328=ORIENTED_EDGE('',*,*,#1455,.T.);
#2329=ORIENTED_EDGE('',*,*,#1349,.T.);
#2330=ORIENTED_EDGE('',*,*,#1484,.F.);
#2331=ORIENTED_EDGE('',*,*,#1488,.T.);
#2332=ORIENTED_EDGE('',*,*,#1601,.T.);
#2333=ORIENTED_EDGE('',*,*,#1628,.T.);
#2334=ORIENTED_EDGE('',*,*,#1585,.T.);
#2335=ORIENTED_EDGE('',*,*,#1587,.T.);
#2336=ORIENTED_EDGE('',*,*,#1410,.T.);
#2337=ORIENTED_EDGE('',*,*,#1357,.T.);
#2338=ORIENTED_EDGE('',*,*,#1439,.F.);
#2339=ORIENTED_EDGE('',*,*,#1443,.T.);
#2340=ORIENTED_EDGE('',*,*,#1590,.T.);
#2341=ORIENTED_EDGE('',*,*,#1629,.T.);
#2342=ORIENTED_EDGE('',*,*,#1574,.T.);
#2343=ORIENTED_EDGE('',*,*,#1576,.T.);
#2344=ORIENTED_EDGE('',*,*,#1315,.T.);
#2345=ORIENTED_EDGE('',*,*,#1365,.T.);
#2346=ORIENTED_EDGE('',*,*,#1394,.F.);
#2347=ORIENTED_EDGE('',*,*,#1398,.T.);
#2348=ORIENTED_EDGE('',*,*,#1579,.T.);
#2349=ORIENTED_EDGE('',*,*,#1630,.T.);
#2350=ORIENTED_EDGE('',*,*,#1631,.T.);
#2351=ORIENTED_EDGE('',*,*,#1303,.T.);
#2352=ORIENTED_EDGE('',*,*,#1568,.T.);
#2353=ORIENTED_EDGE('',*,*,#1632,.T.);
#2354=ORIENTED_EDGE('',*,*,#1633,.T.);
#2355=ORIENTED_EDGE('',*,*,#1634,.T.);
#2356=ORIENTED_EDGE('',*,*,#1635,.T.);
#2357=ORIENTED_EDGE('',*,*,#1366,.F.);
#2358=ORIENTED_EDGE('',*,*,#1299,.F.);
#2359=ORIENTED_EDGE('',*,*,#1636,.F.);
#2360=ORIENTED_EDGE('',*,*,#1637,.T.);
#2361=ORIENTED_EDGE('',*,*,#1638,.T.);
#2362=ORIENTED_EDGE('',*,*,#1639,.T.);
#2363=ORIENTED_EDGE('',*,*,#1373,.T.);
#2364=ORIENTED_EDGE('',*,*,#1640,.T.);
#2365=ORIENTED_EDGE('',*,*,#1638,.F.);
#2366=ORIENTED_EDGE('',*,*,#1641,.T.);
#2367=ORIENTED_EDGE('',*,*,#1623,.T.);
#2368=ORIENTED_EDGE('',*,*,#1641,.F.);
#2369=ORIENTED_EDGE('',*,*,#1637,.F.);
#2370=ORIENTED_EDGE('',*,*,#1642,.F.);
#2371=ORIENTED_EDGE('',*,*,#1643,.F.);
#2372=ORIENTED_EDGE('',*,*,#1644,.T.);
#2373=ORIENTED_EDGE('',*,*,#1624,.F.);
#2374=ORIENTED_EDGE('',*,*,#1636,.T.);
#2375=ORIENTED_EDGE('',*,*,#1645,.T.);
#2376=ORIENTED_EDGE('',*,*,#1646,.T.);
#2377=ORIENTED_EDGE('',*,*,#1647,.T.);
#2378=ORIENTED_EDGE('',*,*,#1639,.F.);
#2379=ORIENTED_EDGE('',*,*,#1648,.F.);
#2380=ORIENTED_EDGE('',*,*,#1649,.F.);
#2381=ORIENTED_EDGE('',*,*,#1650,.F.);
#2382=ORIENTED_EDGE('',*,*,#1651,.F.);
#2383=ORIENTED_EDGE('',*,*,#1652,.F.);
#2384=ORIENTED_EDGE('',*,*,#1645,.F.);
#2385=ORIENTED_EDGE('',*,*,#1653,.F.);
#2386=ORIENTED_EDGE('',*,*,#1651,.T.);
#2387=ORIENTED_EDGE('',*,*,#1654,.T.);
#2388=ORIENTED_EDGE('',*,*,#1655,.T.);
#2389=ORIENTED_EDGE('',*,*,#1635,.F.);
#2390=ORIENTED_EDGE('',*,*,#1656,.T.);
#2391=ORIENTED_EDGE('',*,*,#1654,.F.);
#2392=ORIENTED_EDGE('',*,*,#1657,.T.);
#2393=ORIENTED_EDGE('',*,*,#1367,.T.);
#2394=ORIENTED_EDGE('',*,*,#1657,.F.);
#2395=ORIENTED_EDGE('',*,*,#1650,.T.);
#2396=ORIENTED_EDGE('',*,*,#1658,.T.);
#2397=ORIENTED_EDGE('',*,*,#1368,.T.);
#2398=ORIENTED_EDGE('',*,*,#1659,.F.);
#2399=ORIENTED_EDGE('',*,*,#1660,.F.);
#2400=ORIENTED_EDGE('',*,*,#1661,.F.);
#2401=ORIENTED_EDGE('',*,*,#1640,.F.);
#2402=ORIENTED_EDGE('',*,*,#1372,.T.);
#2403=ORIENTED_EDGE('',*,*,#1660,.T.);
#2404=ORIENTED_EDGE('',*,*,#1648,.T.);
#2405=ORIENTED_EDGE('',*,*,#1662,.T.);
#2406=ORIENTED_EDGE('',*,*,#1661,.T.);
#2407=ORIENTED_EDGE('',*,*,#1371,.T.);
#2408=ORIENTED_EDGE('',*,*,#1663,.T.);
#2409=ORIENTED_EDGE('',*,*,#1664,.T.);
#2410=ORIENTED_EDGE('',*,*,#1658,.F.);
#2411=ORIENTED_EDGE('',*,*,#1665,.F.);
#2412=ORIENTED_EDGE('',*,*,#1666,.F.);
#2413=ORIENTED_EDGE('',*,*,#1665,.T.);
#2414=ORIENTED_EDGE('',*,*,#1649,.T.);
#2415=ORIENTED_EDGE('',*,*,#1659,.T.);
#2416=ORIENTED_EDGE('',*,*,#1667,.T.);
#2417=ORIENTED_EDGE('',*,*,#1369,.T.);
#2418=ORIENTED_EDGE('',*,*,#1666,.T.);
#2419=ORIENTED_EDGE('',*,*,#1668,.T.);
#2420=ORIENTED_EDGE('',*,*,#1669,.T.);
#2421=ORIENTED_EDGE('',*,*,#1670,.T.);
#2422=ORIENTED_EDGE('',*,*,#1370,.T.);
#2423=ORIENTED_EDGE('',*,*,#1670,.F.);
#2424=ORIENTED_EDGE('',*,*,#1671,.T.);
#2425=ORIENTED_EDGE('',*,*,#1663,.F.);
#2426=ORIENTED_EDGE('',*,*,#1671,.F.);
#2427=ORIENTED_EDGE('',*,*,#1669,.F.);
#2428=ORIENTED_EDGE('',*,*,#1672,.F.);
#2429=ORIENTED_EDGE('',*,*,#1664,.F.);
#2430=ORIENTED_EDGE('',*,*,#1653,.T.);
#2431=ORIENTED_EDGE('',*,*,#1673,.T.);
#2432=ORIENTED_EDGE('',*,*,#1646,.F.);
#2433=ORIENTED_EDGE('',*,*,#1652,.T.);
#2434=ORIENTED_EDGE('',*,*,#1647,.F.);
#2435=ORIENTED_EDGE('',*,*,#1674,.F.);
#2436=ORIENTED_EDGE('',*,*,#1675,.F.);
#2437=ORIENTED_EDGE('',*,*,#1642,.T.);
#2438=ORIENTED_EDGE('',*,*,#1673,.F.);
#2439=ORIENTED_EDGE('',*,*,#1676,.F.);
#2440=ORIENTED_EDGE('',*,*,#1677,.F.);
#2441=ORIENTED_EDGE('',*,*,#1674,.T.);
#2442=ORIENTED_EDGE('',*,*,#1662,.F.);
#2443=ORIENTED_EDGE('',*,*,#1672,.T.);
#2444=ORIENTED_EDGE('',*,*,#1668,.F.);
#2445=ORIENTED_EDGE('',*,*,#1667,.F.);
#2446=ORIENTED_EDGE('',*,*,#1625,.F.);
#2447=ORIENTED_EDGE('',*,*,#1644,.F.);
#2448=ORIENTED_EDGE('',*,*,#1678,.F.);
#2449=ORIENTED_EDGE('',*,*,#1679,.T.);
#2450=ORIENTED_EDGE('',*,*,#1678,.T.);
#2451=ORIENTED_EDGE('',*,*,#1643,.T.);
#2452=ORIENTED_EDGE('',*,*,#1675,.T.);
#2453=ORIENTED_EDGE('',*,*,#1677,.T.);
#2454=ORIENTED_EDGE('',*,*,#1680,.T.);
#2455=ORIENTED_EDGE('',*,*,#1681,.T.);
#2456=ORIENTED_EDGE('',*,*,#1682,.T.);
#2457=ORIENTED_EDGE('',*,*,#1633,.F.);
#2458=ORIENTED_EDGE('',*,*,#1681,.F.);
#2459=ORIENTED_EDGE('',*,*,#1683,.T.);
#2460=ORIENTED_EDGE('',*,*,#1656,.F.);
#2461=ORIENTED_EDGE('',*,*,#1634,.F.);
#2462=ORIENTED_EDGE('',*,*,#1683,.F.);
#2463=ORIENTED_EDGE('',*,*,#1680,.F.);
#2464=ORIENTED_EDGE('',*,*,#1676,.T.);
#2465=ORIENTED_EDGE('',*,*,#1655,.F.);
#2466=ORIENTED_EDGE('',*,*,#1682,.F.);
#2467=ORIENTED_EDGE('',*,*,#1684,.T.);
#2468=ORIENTED_EDGE('',*,*,#1685,.F.);
#2469=ORIENTED_EDGE('',*,*,#1684,.F.);
#2470=ORIENTED_EDGE('',*,*,#1686,.T.);
#2471=ORIENTED_EDGE('',*,*,#1687,.T.);
#2472=ORIENTED_EDGE('',*,*,#1688,.T.);
#2473=ORIENTED_EDGE('',*,*,#1689,.T.);
#2474=ORIENTED_EDGE('',*,*,#1687,.F.);
#2475=ORIENTED_EDGE('',*,*,#1686,.F.);
#2476=ORIENTED_EDGE('',*,*,#1690,.F.);
#2477=ORIENTED_EDGE('',*,*,#1689,.F.);
#2478=ORIENTED_EDGE('',*,*,#1691,.T.);
#2479=ORIENTED_EDGE('',*,*,#1339,.T.);
#2480=ORIENTED_EDGE('',*,*,#1691,.F.);
#2481=ORIENTED_EDGE('',*,*,#1688,.F.);
#2482=ORIENTED_EDGE('',*,*,#1692,.T.);
#2483=ORIENTED_EDGE('',*,*,#1693,.T.);
#2484=ORIENTED_EDGE('',*,*,#1694,.T.);
#2485=ORIENTED_EDGE('',*,*,#1690,.T.);
#2486=ORIENTED_EDGE('',*,*,#1694,.F.);
#2487=ORIENTED_EDGE('',*,*,#1695,.F.);
#2488=ORIENTED_EDGE('',*,*,#1696,.T.);
#2489=ORIENTED_EDGE('',*,*,#1692,.F.);
#2490=ORIENTED_EDGE('',*,*,#1693,.F.);
#2491=ORIENTED_EDGE('',*,*,#1696,.F.);
#2492=ORIENTED_EDGE('',*,*,#1697,.F.);
#2493=ORIENTED_EDGE('',*,*,#1698,.T.);
#2494=ORIENTED_EDGE('',*,*,#1699,.T.);
#2495=ORIENTED_EDGE('',*,*,#1697,.T.);
#2496=ORIENTED_EDGE('',*,*,#1695,.T.);
#2497=ORIENTED_EDGE('',*,*,#1699,.F.);
#2498=ORIENTED_EDGE('',*,*,#1700,.T.);
#2499=ORIENTED_EDGE('',*,*,#1578,.T.);
#2500=ORIENTED_EDGE('',*,*,#1589,.T.);
#2501=ORIENTED_EDGE('',*,*,#1600,.T.);
#2502=ORIENTED_EDGE('',*,*,#1611,.T.);
#2503=ORIENTED_EDGE('',*,*,#1622,.T.);
#2504=ORIENTED_EDGE('',*,*,#1685,.T.);
#2505=ORIENTED_EDGE('',*,*,#1698,.F.);
#2506=ORIENTED_EDGE('',*,*,#1700,.F.);
#2507=ORIENTED_EDGE('',*,*,#1701,.T.);
#2508=ORIENTED_EDGE('',*,*,#1630,.F.);
#2509=ORIENTED_EDGE('',*,*,#1581,.F.);
#2510=ORIENTED_EDGE('',*,*,#1629,.F.);
#2511=ORIENTED_EDGE('',*,*,#1592,.F.);
#2512=ORIENTED_EDGE('',*,*,#1628,.F.);
#2513=ORIENTED_EDGE('',*,*,#1603,.F.);
#2514=ORIENTED_EDGE('',*,*,#1627,.F.);
#2515=ORIENTED_EDGE('',*,*,#1614,.F.);
#2516=ORIENTED_EDGE('',*,*,#1626,.F.);
#2517=ORIENTED_EDGE('',*,*,#1679,.F.);
#2518=ORIENTED_EDGE('',*,*,#1632,.F.);
#2519=ORIENTED_EDGE('',*,*,#1570,.F.);
#2520=ORIENTED_EDGE('',*,*,#1631,.F.);
#2521=ORIENTED_EDGE('',*,*,#1701,.F.);
#2522=CYLINDRICAL_SURFACE('',#2760,0.015748031496063);
#2523=CYLINDRICAL_SURFACE('',#2764,0.015748031496063);
#2524=CYLINDRICAL_SURFACE('',#2770,0.015748031496063);
#2525=CYLINDRICAL_SURFACE('',#2780,0.015748031496063);
#2526=CYLINDRICAL_SURFACE('',#2785,0.015748031496063);
#2527=CYLINDRICAL_SURFACE('',#2796,1.08267716535433);
#2528=CYLINDRICAL_SURFACE('',#2820,0.015748031496063);
#2529=CYLINDRICAL_SURFACE('',#2823,0.015748031496063);
#2530=CYLINDRICAL_SURFACE('',#2827,0.015748031496063);
#2531=CYLINDRICAL_SURFACE('',#2833,0.015748031496063);
#2532=CYLINDRICAL_SURFACE('',#2842,0.015748031496063);
#2533=CYLINDRICAL_SURFACE('',#2847,0.015748031496063);
#2534=CYLINDRICAL_SURFACE('',#2856,0.015748031496063);
#2535=CYLINDRICAL_SURFACE('',#2859,0.015748031496063);
#2536=CYLINDRICAL_SURFACE('',#2863,0.015748031496063);
#2537=CYLINDRICAL_SURFACE('',#2869,0.015748031496063);
#2538=CYLINDRICAL_SURFACE('',#2878,0.015748031496063);
#2539=CYLINDRICAL_SURFACE('',#2883,0.015748031496063);
#2540=CYLINDRICAL_SURFACE('',#2892,0.015748031496063);
#2541=CYLINDRICAL_SURFACE('',#2895,0.015748031496063);
#2542=CYLINDRICAL_SURFACE('',#2899,0.015748031496063);
#2543=CYLINDRICAL_SURFACE('',#2905,0.015748031496063);
#2544=CYLINDRICAL_SURFACE('',#2914,0.015748031496063);
#2545=CYLINDRICAL_SURFACE('',#2919,0.015748031496063);
#2546=CYLINDRICAL_SURFACE('',#2928,0.015748031496063);
#2547=CYLINDRICAL_SURFACE('',#2931,0.015748031496063);
#2548=CYLINDRICAL_SURFACE('',#2935,0.015748031496063);
#2549=CYLINDRICAL_SURFACE('',#2941,0.015748031496063);
#2550=CYLINDRICAL_SURFACE('',#2950,0.015748031496063);
#2551=CYLINDRICAL_SURFACE('',#2955,0.015748031496063);
#2552=CYLINDRICAL_SURFACE('',#2964,0.015748031496063);
#2553=CYLINDRICAL_SURFACE('',#2973,0.062992125984252);
#2554=CYLINDRICAL_SURFACE('',#2974,0.067);
#2555=CYLINDRICAL_SURFACE('',#2982,0.062992125984252);
#2556=CYLINDRICAL_SURFACE('',#2983,0.067);
#2557=CYLINDRICAL_SURFACE('',#2991,0.062992125984252);
#2558=CYLINDRICAL_SURFACE('',#2992,0.067);
#2559=CYLINDRICAL_SURFACE('',#3000,0.062992125984252);
#2560=CYLINDRICAL_SURFACE('',#3001,0.067);
#2561=CYLINDRICAL_SURFACE('',#3009,0.062992125984252);
#2562=CYLINDRICAL_SURFACE('',#3010,0.067);
#2563=CYLINDRICAL_SURFACE('',#3025,0.015748031496063);
#2564=CYLINDRICAL_SURFACE('',#3029,0.015748031496063);
#2565=CYLINDRICAL_SURFACE('',#3035,0.015748031496063);
#2566=CYLINDRICAL_SURFACE('',#3045,0.015748031496063);
#2567=CYLINDRICAL_SURFACE('',#3052,0.015748031496063);
#2568=CYLINDRICAL_SURFACE('',#3058,0.015748031496063);
#2569=CYLINDRICAL_SURFACE('',#3061,0.062992125984252);
#2570=CYLINDRICAL_SURFACE('',#3068,0.067);
#2571=CYLINDRICAL_SURFACE('',#3082,0.78740157480315);
#2572=CYLINDRICAL_SURFACE('',#3090,1.18110236220472);
#2573=ADVANCED_FACE('',(#227),#2522,.F.);
#2574=ADVANCED_FACE('',(#228),#215,.T.);
#2575=ADVANCED_FACE('',(#229),#75,.F.);
#2576=ADVANCED_FACE('',(#230),#2523,.F.);
#2577=ADVANCED_FACE('',(#231),#76,.F.);
#2578=ADVANCED_FACE('',(#232),#2524,.F.);
#2579=ADVANCED_FACE('',(#233),#216,.T.);
#2580=ADVANCED_FACE('',(#234),#42,.T.);
#2581=ADVANCED_FACE('',(#235),#30,.T.);
#2582=ADVANCED_FACE('',(#236),#2525,.T.);
#2583=ADVANCED_FACE('',(#237),#31,.T.);
#2584=ADVANCED_FACE('',(#238),#2526,.T.);
#2585=ADVANCED_FACE('',(#239),#43,.T.);
#2586=ADVANCED_FACE('',(#240),#44,.T.);
#2587=ADVANCED_FACE('',(#241),#45,.T.);
#2588=ADVANCED_FACE('',(#242),#77,.F.);
#2589=ADVANCED_FACE('',(#243),#2527,.T.);
#2590=ADVANCED_FACE('',(#244),#2528,.F.);
#2591=ADVANCED_FACE('',(#245),#78,.F.);
#2592=ADVANCED_FACE('',(#246),#79,.F.);
#2593=ADVANCED_FACE('',(#247),#2529,.F.);
#2594=ADVANCED_FACE('',(#248),#217,.T.);
#2595=ADVANCED_FACE('',(#249),#80,.F.);
#2596=ADVANCED_FACE('',(#250),#2530,.F.);
#2597=ADVANCED_FACE('',(#251),#81,.F.);
#2598=ADVANCED_FACE('',(#252),#2531,.F.);
#2599=ADVANCED_FACE('',(#253),#218,.T.);
#2600=ADVANCED_FACE('',(#254),#46,.T.);
#2601=ADVANCED_FACE('',(#255),#32,.T.);
#2602=ADVANCED_FACE('',(#256),#2532,.T.);
#2603=ADVANCED_FACE('',(#257),#33,.T.);
#2604=ADVANCED_FACE('',(#258),#2533,.T.);
#2605=ADVANCED_FACE('',(#259),#47,.T.);
#2606=ADVANCED_FACE('',(#260),#48,.T.);
#2607=ADVANCED_FACE('',(#261),#49,.T.);
#2608=ADVANCED_FACE('',(#262),#82,.F.);
#2609=ADVANCED_FACE('',(#263),#2534,.F.);
#2610=ADVANCED_FACE('',(#264),#83,.F.);
#2611=ADVANCED_FACE('',(#265),#84,.F.);
#2612=ADVANCED_FACE('',(#266),#2535,.F.);
#2613=ADVANCED_FACE('',(#267),#219,.T.);
#2614=ADVANCED_FACE('',(#268),#85,.F.);
#2615=ADVANCED_FACE('',(#269),#2536,.F.);
#2616=ADVANCED_FACE('',(#270),#86,.F.);
#2617=ADVANCED_FACE('',(#271),#2537,.F.);
#2618=ADVANCED_FACE('',(#272),#220,.T.);
#2619=ADVANCED_FACE('',(#273),#50,.T.);
#2620=ADVANCED_FACE('',(#274),#34,.T.);
#2621=ADVANCED_FACE('',(#275),#2538,.T.);
#2622=ADVANCED_FACE('',(#276),#35,.T.);
#2623=ADVANCED_FACE('',(#277),#2539,.T.);
#2624=ADVANCED_FACE('',(#278),#51,.T.);
#2625=ADVANCED_FACE('',(#279),#52,.T.);
#2626=ADVANCED_FACE('',(#280),#53,.T.);
#2627=ADVANCED_FACE('',(#281),#87,.F.);
#2628=ADVANCED_FACE('',(#282),#2540,.F.);
#2629=ADVANCED_FACE('',(#283),#88,.F.);
#2630=ADVANCED_FACE('',(#284),#89,.F.);
#2631=ADVANCED_FACE('',(#285),#2541,.F.);
#2632=ADVANCED_FACE('',(#286),#221,.T.);
#2633=ADVANCED_FACE('',(#287),#90,.F.);
#2634=ADVANCED_FACE('',(#288),#2542,.F.);
#2635=ADVANCED_FACE('',(#289),#91,.F.);
#2636=ADVANCED_FACE('',(#290),#2543,.F.);
#2637=ADVANCED_FACE('',(#291),#222,.T.);
#2638=ADVANCED_FACE('',(#292),#54,.T.);
#2639=ADVANCED_FACE('',(#293),#36,.T.);
#2640=ADVANCED_FACE('',(#294),#2544,.T.);
#2641=ADVANCED_FACE('',(#295),#37,.T.);
#2642=ADVANCED_FACE('',(#296),#2545,.T.);
#2643=ADVANCED_FACE('',(#297),#55,.T.);
#2644=ADVANCED_FACE('',(#298),#56,.T.);
#2645=ADVANCED_FACE('',(#299),#57,.T.);
#2646=ADVANCED_FACE('',(#300),#92,.F.);
#2647=ADVANCED_FACE('',(#301),#2546,.F.);
#2648=ADVANCED_FACE('',(#302),#93,.F.);
#2649=ADVANCED_FACE('',(#303),#94,.F.);
#2650=ADVANCED_FACE('',(#304),#2547,.F.);
#2651=ADVANCED_FACE('',(#305),#223,.T.);
#2652=ADVANCED_FACE('',(#306),#95,.F.);
#2653=ADVANCED_FACE('',(#307),#2548,.F.);
#2654=ADVANCED_FACE('',(#308),#96,.F.);
#2655=ADVANCED_FACE('',(#309),#2549,.F.);
#2656=ADVANCED_FACE('',(#310),#224,.T.);
#2657=ADVANCED_FACE('',(#311),#58,.T.);
#2658=ADVANCED_FACE('',(#312),#38,.T.);
#2659=ADVANCED_FACE('',(#313),#2550,.T.);
#2660=ADVANCED_FACE('',(#314),#39,.T.);
#2661=ADVANCED_FACE('',(#315),#2551,.T.);
#2662=ADVANCED_FACE('',(#316),#59,.T.);
#2663=ADVANCED_FACE('',(#317),#60,.T.);
#2664=ADVANCED_FACE('',(#318),#61,.T.);
#2665=ADVANCED_FACE('',(#319),#97,.F.);
#2666=ADVANCED_FACE('',(#320),#2552,.F.);
#2667=ADVANCED_FACE('',(#321),#98,.F.);
#2668=ADVANCED_FACE('',(#322),#99,.F.);
#2669=ADVANCED_FACE('',(#323),#100,.F.);
#2670=ADVANCED_FACE('',(#324,#16),#101,.T.);
#2671=ADVANCED_FACE('',(#325),#102,.F.);
#2672=ADVANCED_FACE('',(#326),#103,.F.);
#2673=ADVANCED_FACE('',(#327),#2553,.F.);
#2674=ADVANCED_FACE('',(#328),#2554,.F.);
#2675=ADVANCED_FACE('',(#329),#104,.F.);
#2676=ADVANCED_FACE('',(#330,#17),#105,.T.);
#2677=ADVANCED_FACE('',(#331),#106,.F.);
#2678=ADVANCED_FACE('',(#332),#107,.F.);
#2679=ADVANCED_FACE('',(#333),#2555,.F.);
#2680=ADVANCED_FACE('',(#334),#2556,.F.);
#2681=ADVANCED_FACE('',(#335),#108,.F.);
#2682=ADVANCED_FACE('',(#336,#18),#109,.T.);
#2683=ADVANCED_FACE('',(#337),#110,.F.);
#2684=ADVANCED_FACE('',(#338),#111,.F.);
#2685=ADVANCED_FACE('',(#339),#2557,.F.);
#2686=ADVANCED_FACE('',(#340),#2558,.F.);
#2687=ADVANCED_FACE('',(#341),#112,.F.);
#2688=ADVANCED_FACE('',(#342,#19),#113,.T.);
#2689=ADVANCED_FACE('',(#343),#114,.F.);
#2690=ADVANCED_FACE('',(#344),#115,.F.);
#2691=ADVANCED_FACE('',(#345),#2559,.F.);
#2692=ADVANCED_FACE('',(#346),#2560,.F.);
#2693=ADVANCED_FACE('',(#347),#116,.F.);
#2694=ADVANCED_FACE('',(#348,#20),#117,.T.);
#2695=ADVANCED_FACE('',(#349),#118,.F.);
#2696=ADVANCED_FACE('',(#350),#119,.F.);
#2697=ADVANCED_FACE('',(#351),#2561,.F.);
#2698=ADVANCED_FACE('',(#352),#2562,.F.);
#2699=ADVANCED_FACE('',(#353),#62,.F.);
#2700=ADVANCED_FACE('',(#354),#63,.F.);
#2701=ADVANCED_FACE('',(#355),#64,.F.);
#2702=ADVANCED_FACE('',(#356),#65,.F.);
#2703=ADVANCED_FACE('',(#357),#66,.F.);
#2704=ADVANCED_FACE('',(#358),#67,.F.);
#2705=ADVANCED_FACE('',(#359),#2563,.F.);
#2706=ADVANCED_FACE('',(#360),#225,.T.);
#2707=ADVANCED_FACE('',(#361),#120,.F.);
#2708=ADVANCED_FACE('',(#362),#2564,.F.);
#2709=ADVANCED_FACE('',(#363),#121,.F.);
#2710=ADVANCED_FACE('',(#364),#2565,.F.);
#2711=ADVANCED_FACE('',(#365),#226,.T.);
#2712=ADVANCED_FACE('',(#366),#68,.T.);
#2713=ADVANCED_FACE('',(#367),#40,.T.);
#2714=ADVANCED_FACE('',(#368),#69,.T.);
#2715=ADVANCED_FACE('',(#369),#2566,.T.);
#2716=ADVANCED_FACE('',(#370),#41,.T.);
#2717=ADVANCED_FACE('',(#371),#70,.T.);
#2718=ADVANCED_FACE('',(#372),#2567,.T.);
#2719=ADVANCED_FACE('',(#373),#71,.T.);
#2720=ADVANCED_FACE('',(#374),#122,.F.);
#2721=ADVANCED_FACE('',(#375),#2568,.F.);
#2722=ADVANCED_FACE('',(#376),#123,.F.);
#2723=ADVANCED_FACE('',(#377),#124,.F.);
#2724=ADVANCED_FACE('',(#378),#2569,.F.);
#2725=ADVANCED_FACE('',(#379),#125,.F.);
#2726=ADVANCED_FACE('',(#380,#21),#126,.T.);
#2727=ADVANCED_FACE('',(#381),#127,.F.);
#2728=ADVANCED_FACE('',(#382),#128,.F.);
#2729=ADVANCED_FACE('',(#383),#2570,.F.);
#2730=ADVANCED_FACE('',(#384),#72,.T.);
#2731=ADVANCED_FACE('',(#385,#22),#129,.T.);
#2732=ADVANCED_FACE('',(#386),#15,.T.);
#2733=ADVANCED_FACE('',(#387),#73,.T.);
#2734=ADVANCED_FACE('',(#388),#2571,.F.);
#2735=ADVANCED_FACE('',(#389),#74,.T.);
#2736=ADVANCED_FACE('',(#390,#23,#24,#25,#26,#27,#28,#29),#130,.F.);
#2737=ADVANCED_FACE('',(#391),#2572,.T.);
#2738=CLOSED_SHELL('',(#2573,#2574,#2575,#2576,#2577,#2578,#2579,#2580,
#2581,#2582,#2583,#2584,#2585,#2586,#2587,#2588,#2589,#2590,#2591,#2592,
#2593,#2594,#2595,#2596,#2597,#2598,#2599,#2600,#2601,#2602,#2603,#2604,
#2605,#2606,#2607,#2608,#2609,#2610,#2611,#2612,#2613,#2614,#2615,#2616,
#2617,#2618,#2619,#2620,#2621,#2622,#2623,#2624,#2625,#2626,#2627,#2628,
#2629,#2630,#2631,#2632,#2633,#2634,#2635,#2636,#2637,#2638,#2639,#2640,
#2641,#2642,#2643,#2644,#2645,#2646,#2647,#2648,#2649,#2650,#2651,#2652,
#2653,#2654,#2655,#2656,#2657,#2658,#2659,#2660,#2661,#2662,#2663,#2664,
#2665,#2666,#2667,#2668,#2669,#2670,#2671,#2672,#2673,#2674,#2675,#2676,
#2677,#2678,#2679,#2680,#2681,#2682,#2683,#2684,#2685,#2686,#2687,#2688,
#2689,#2690,#2691,#2692,#2693,#2694,#2695,#2696,#2697,#2698,#2699,#2700,
#2701,#2702,#2703,#2704,#2705,#2706,#2707,#2708,#2709,#2710,#2711,#2712,
#2713,#2714,#2715,#2716,#2717,#2718,#2719,#2720,#2721,#2722,#2723,#2724,
#2725,#2726,#2727,#2728,#2729,#2730,#2731,#2732,#2733,#2734,#2735,#2736,
#2737));
#2739=DERIVED_UNIT_ELEMENT(#2741,1.);
#2740=DERIVED_UNIT_ELEMENT(#5622,-3.);
#2741=(
CONVERSION_BASED_UNIT('gram',#2743)
MASS_UNIT()
NAMED_UNIT(#5619)
);
#2742=(
MASS_UNIT()
NAMED_UNIT(*)
SI_UNIT(.KILO.,.GRAM.)
);
#2743=MASS_MEASURE_WITH_UNIT(MASS_MEASURE(0.001),#2742);
#2744=DERIVED_UNIT((#2739,#2740));
#2745=MEASURE_REPRESENTATION_ITEM('density measure',
POSITIVE_RATIO_MEASURE(1.29),#2744);
#2746=PROPERTY_DEFINITION_REPRESENTATION(#2751,#2748);
#2747=PROPERTY_DEFINITION_REPRESENTATION(#2752,#2749);
#2748=REPRESENTATION('material name',(#2750),#5616);
#2749=REPRESENTATION('density',(#2745),#5616);
#2750=DESCRIPTIVE_REPRESENTATION_ITEM('PVC, Unplasticized',
'PVC, Unplasticized');
#2751=PROPERTY_DEFINITION('material property','material name',#5630);
#2752=PROPERTY_DEFINITION('material property','density of part',#5630);
#2753=DATE_TIME_ROLE('creation_date');
#2754=APPLIED_DATE_AND_TIME_ASSIGNMENT(#2755,#2753,(#5630));
#2755=DATE_AND_TIME(#2756,#2757);
#2756=CALENDAR_DATE(2026,13,7);
#2757=LOCAL_TIME(0,0,0.,#2758);
#2758=COORDINATED_UNIVERSAL_TIME_OFFSET(0,0,.BEHIND.);
#2759=AXIS2_PLACEMENT_3D('',#3903,#3091,#3092);
#2760=AXIS2_PLACEMENT_3D('',#3904,#3093,#3094);
#2761=AXIS2_PLACEMENT_3D('',#3907,#3095,#3096);
#2762=AXIS2_PLACEMENT_3D('',#3911,#3098,#3099);
#2763=AXIS2_PLACEMENT_3D('',#3975,#3101,#3102);
#2764=AXIS2_PLACEMENT_3D('',#3990,#3106,#3107);
#2765=AXIS2_PLACEMENT_3D('',#3994,#3109,#3110);
#2766=AXIS2_PLACEMENT_3D('',#3996,#3112,#3113);
#2767=AXIS2_PLACEMENT_3D('',#3998,#3114,#3115);
#2768=AXIS2_PLACEMENT_3D('',#4000,#3116,#3117);
#2769=AXIS2_PLACEMENT_3D('',#4002,#3118,#3119);
#2770=AXIS2_PLACEMENT_3D('',#4006,#3122,#3123);
#2771=AXIS2_PLACEMENT_3D('',#4008,#3124,#3125);
#2772=AXIS2_PLACEMENT_3D('',#4010,#3126,#3127);
#2773=AXIS2_PLACEMENT_3D('',#4069,#3129,#3130);
#2774=AXIS2_PLACEMENT_3D('',#4071,#3131,#3132);
#2775=AXIS2_PLACEMENT_3D('',#4072,#3133,#3134);
#2776=AXIS2_PLACEMENT_3D('',#4073,#3135,#3136);
#2777=AXIS2_PLACEMENT_3D('',#4075,#3137,#3138);
#2778=AXIS2_PLACEMENT_3D('',#4077,#3139,#3140);
#2779=AXIS2_PLACEMENT_3D('',#4078,#3141,#3142);
#2780=AXIS2_PLACEMENT_3D('',#4079,#3143,#3144);
#2781=AXIS2_PLACEMENT_3D('',#4101,#3147,#3148);
#2782=AXIS2_PLACEMENT_3D('',#4102,#3149,#3150);
#2783=AXIS2_PLACEMENT_3D('',#4104,#3151,#3152);
#2784=AXIS2_PLACEMENT_3D('',#4105,#3153,#3154);
#2785=AXIS2_PLACEMENT_3D('',#4106,#3155,#3156);
#2786=AXIS2_PLACEMENT_3D('',#4112,#3159,#3160);
#2787=AXIS2_PLACEMENT_3D('',#4127,#3161,#3162);
#2788=AXIS2_PLACEMENT_3D('',#4128,#3163,#3164);
#2789=AXIS2_PLACEMENT_3D('',#4129,#3165,#3166);
#2790=AXIS2_PLACEMENT_3D('',#4130,#3167,#3168);
#2791=AXIS2_PLACEMENT_3D('',#4131,#3169,#3170);
#2792=AXIS2_PLACEMENT_3D('',#4132,#3171,#3172);
#2793=AXIS2_PLACEMENT_3D('',#4133,#3173,#3174);
#2794=AXIS2_PLACEMENT_3D('',#4134,#3175,#3176);
#2795=AXIS2_PLACEMENT_3D('',#4135,#3177,#3178);
#2796=AXIS2_PLACEMENT_3D('',#4136,#3179,#3180);
#2797=AXIS2_PLACEMENT_3D('',#4138,#3181,#3182);
#2798=AXIS2_PLACEMENT_3D('',#4142,#3184,#3185);
#2799=AXIS2_PLACEMENT_3D('',#4153,#3186,#3187);
#2800=AXIS2_PLACEMENT_3D('',#4157,#3189,#3190);
#2801=AXIS2_PLACEMENT_3D('',#4161,#3192,#3193);
#2802=AXIS2_PLACEMENT_3D('',#4172,#3194,#3195);
#2803=AXIS2_PLACEMENT_3D('',#4183,#3196,#3197);
#2804=AXIS2_PLACEMENT_3D('',#4187,#3199,#3200);
#2805=AXIS2_PLACEMENT_3D('',#4191,#3202,#3203);
#2806=AXIS2_PLACEMENT_3D('',#4202,#3204,#3205);
#2807=AXIS2_PLACEMENT_3D('',#4213,#3206,#3207);
#2808=AXIS2_PLACEMENT_3D('',#4217,#3209,#3210);
#2809=AXIS2_PLACEMENT_3D('',#4221,#3212,#3213);
#2810=AXIS2_PLACEMENT_3D('',#4231,#3214,#3215);
#2811=AXIS2_PLACEMENT_3D('',#4233,#3216,#3217);
#2812=AXIS2_PLACEMENT_3D('',#4244,#3218,#3219);
#2813=AXIS2_PLACEMENT_3D('',#4248,#3221,#3222);
#2814=AXIS2_PLACEMENT_3D('',#4252,#3224,#3225);
#2815=AXIS2_PLACEMENT_3D('',#4263,#3226,#3227);
#2816=AXIS2_PLACEMENT_3D('',#4274,#3228,#3229);
#2817=AXIS2_PLACEMENT_3D('',#4278,#3231,#3232);
#2818=AXIS2_PLACEMENT_3D('',#4282,#3234,#3235);
#2819=AXIS2_PLACEMENT_3D('',#4292,#3236,#3237);
#2820=AXIS2_PLACEMENT_3D('',#4293,#3238,#3239);
#2821=AXIS2_PLACEMENT_3D('',#4295,#3241,#3242);
#2822=AXIS2_PLACEMENT_3D('',#4299,#3245,#3246);
#2823=AXIS2_PLACEMENT_3D('',#4303,#3249,#3250);
#2824=AXIS2_PLACEMENT_3D('',#4306,#3251,#3252);
#2825=AXIS2_PLACEMENT_3D('',#4310,#3254,#3255);
#2826=AXIS2_PLACEMENT_3D('',#4355,#3257,#3258);
#2827=AXIS2_PLACEMENT_3D('',#4370,#3262,#3263);
#2828=AXIS2_PLACEMENT_3D('',#4374,#3265,#3266);
#2829=AXIS2_PLACEMENT_3D('',#4376,#3268,#3269);
#2830=AXIS2_PLACEMENT_3D('',#4378,#3270,#3271);
#2831=AXIS2_PLACEMENT_3D('',#4380,#3272,#3273);
#2832=AXIS2_PLACEMENT_3D('',#4382,#3274,#3275);
#2833=AXIS2_PLACEMENT_3D('',#4386,#3278,#3279);
#2834=AXIS2_PLACEMENT_3D('',#4388,#3280,#3281);
#2835=AXIS2_PLACEMENT_3D('',#4390,#3282,#3283);
#2836=AXIS2_PLACEMENT_3D('',#4439,#3285,#3286);
#2837=AXIS2_PLACEMENT_3D('',#4440,#3287,#3288);
#2838=AXIS2_PLACEMENT_3D('',#4441,#3289,#3290);
#2839=AXIS2_PLACEMENT_3D('',#4442,#3291,#3292);
#2840=AXIS2_PLACEMENT_3D('',#4444,#3293,#3294);
#2841=AXIS2_PLACEMENT_3D('',#4445,#3295,#3296);
#2842=AXIS2_PLACEMENT_3D('',#4446,#3297,#3298);
#2843=AXIS2_PLACEMENT_3D('',#4466,#3300,#3301);
#2844=AXIS2_PLACEMENT_3D('',#4467,#3302,#3303);
#2845=AXIS2_PLACEMENT_3D('',#4469,#3304,#3305);
#2846=AXIS2_PLACEMENT_3D('',#4470,#3306,#3307);
#2847=AXIS2_PLACEMENT_3D('',#4471,#3308,#3309);
#2848=AXIS2_PLACEMENT_3D('',#4475,#3311,#3312);
#2849=AXIS2_PLACEMENT_3D('',#4490,#3313,#3314);
#2850=AXIS2_PLACEMENT_3D('',#4491,#3315,#3316);
#2851=AXIS2_PLACEMENT_3D('',#4492,#3317,#3318);
#2852=AXIS2_PLACEMENT_3D('',#4493,#3319,#3320);
#2853=AXIS2_PLACEMENT_3D('',#4494,#3321,#3322);
#2854=AXIS2_PLACEMENT_3D('',#4495,#3323,#3324);
#2855=AXIS2_PLACEMENT_3D('',#4496,#3325,#3326);
#2856=AXIS2_PLACEMENT_3D('',#4497,#3327,#3328);
#2857=AXIS2_PLACEMENT_3D('',#4499,#3330,#3331);
#2858=AXIS2_PLACEMENT_3D('',#4503,#3334,#3335);
#2859=AXIS2_PLACEMENT_3D('',#4507,#3338,#3339);
#2860=AXIS2_PLACEMENT_3D('',#4510,#3340,#3341);
#2861=AXIS2_PLACEMENT_3D('',#4514,#3343,#3344);
#2862=AXIS2_PLACEMENT_3D('',#4568,#3346,#3347);
#2863=AXIS2_PLACEMENT_3D('',#4583,#3351,#3352);
#2864=AXIS2_PLACEMENT_3D('',#4587,#3354,#3355);
#2865=AXIS2_PLACEMENT_3D('',#4589,#3357,#3358);
#2866=AXIS2_PLACEMENT_3D('',#4591,#3359,#3360);
#2867=AXIS2_PLACEMENT_3D('',#4593,#3361,#3362);
#2868=AXIS2_PLACEMENT_3D('',#4595,#3363,#3364);
#2869=AXIS2_PLACEMENT_3D('',#4599,#3367,#3368);
#2870=AXIS2_PLACEMENT_3D('',#4601,#3369,#3370);
#2871=AXIS2_PLACEMENT_3D('',#4603,#3371,#3372);
#2872=AXIS2_PLACEMENT_3D('',#4652,#3374,#3375);
#2873=AXIS2_PLACEMENT_3D('',#4653,#3376,#3377);
#2874=AXIS2_PLACEMENT_3D('',#4654,#3378,#3379);
#2875=AXIS2_PLACEMENT_3D('',#4655,#3380,#3381);
#2876=AXIS2_PLACEMENT_3D('',#4657,#3382,#3383);
#2877=AXIS2_PLACEMENT_3D('',#4658,#3384,#3385);
#2878=AXIS2_PLACEMENT_3D('',#4659,#3386,#3387);
#2879=AXIS2_PLACEMENT_3D('',#4679,#3389,#3390);
#2880=AXIS2_PLACEMENT_3D('',#4680,#3391,#3392);
#2881=AXIS2_PLACEMENT_3D('',#4682,#3393,#3394);
#2882=AXIS2_PLACEMENT_3D('',#4683,#3395,#3396);
#2883=AXIS2_PLACEMENT_3D('',#4684,#3397,#3398);
#2884=AXIS2_PLACEMENT_3D('',#4688,#3400,#3401);
#2885=AXIS2_PLACEMENT_3D('',#4703,#3402,#3403);
#2886=AXIS2_PLACEMENT_3D('',#4704,#3404,#3405);
#2887=AXIS2_PLACEMENT_3D('',#4705,#3406,#3407);
#2888=AXIS2_PLACEMENT_3D('',#4706,#3408,#3409);
#2889=AXIS2_PLACEMENT_3D('',#4707,#3410,#3411);
#2890=AXIS2_PLACEMENT_3D('',#4708,#3412,#3413);
#2891=AXIS2_PLACEMENT_3D('',#4709,#3414,#3415);
#2892=AXIS2_PLACEMENT_3D('',#4710,#3416,#3417);
#2893=AXIS2_PLACEMENT_3D('',#4712,#3419,#3420);
#2894=AXIS2_PLACEMENT_3D('',#4716,#3423,#3424);
#2895=AXIS2_PLACEMENT_3D('',#4720,#3427,#3428);
#2896=AXIS2_PLACEMENT_3D('',#4723,#3429,#3430);
#2897=AXIS2_PLACEMENT_3D('',#4727,#3432,#3433);
#2898=AXIS2_PLACEMENT_3D('',#4781,#3435,#3436);
#2899=AXIS2_PLACEMENT_3D('',#4796,#3440,#3441);
#2900=AXIS2_PLACEMENT_3D('',#4800,#3443,#3444);
#2901=AXIS2_PLACEMENT_3D('',#4802,#3446,#3447);
#2902=AXIS2_PLACEMENT_3D('',#4804,#3448,#3449);
#2903=AXIS2_PLACEMENT_3D('',#4806,#3450,#3451);
#2904=AXIS2_PLACEMENT_3D('',#4808,#3452,#3453);
#2905=AXIS2_PLACEMENT_3D('',#4812,#3456,#3457);
#2906=AXIS2_PLACEMENT_3D('',#4814,#3458,#3459);
#2907=AXIS2_PLACEMENT_3D('',#4816,#3460,#3461);
#2908=AXIS2_PLACEMENT_3D('',#4874,#3463,#3464);
#2909=AXIS2_PLACEMENT_3D('',#4875,#3465,#3466);
#2910=AXIS2_PLACEMENT_3D('',#4876,#3467,#3468);
#2911=AXIS2_PLACEMENT_3D('',#4877,#3469,#3470);
#2912=AXIS2_PLACEMENT_3D('',#4879,#3471,#3472);
#2913=AXIS2_PLACEMENT_3D('',#4880,#3473,#3474);
#2914=AXIS2_PLACEMENT_3D('',#4881,#3475,#3476);
#2915=AXIS2_PLACEMENT_3D('',#4901,#3478,#3479);
#2916=AXIS2_PLACEMENT_3D('',#4902,#3480,#3481);
#2917=AXIS2_PLACEMENT_3D('',#4904,#3482,#3483);
#2918=AXIS2_PLACEMENT_3D('',#4905,#3484,#3485);
#2919=AXIS2_PLACEMENT_3D('',#4906,#3486,#3487);
#2920=AXIS2_PLACEMENT_3D('',#4910,#3489,#3490);
#2921=AXIS2_PLACEMENT_3D('',#4925,#3491,#3492);
#2922=AXIS2_PLACEMENT_3D('',#4926,#3493,#3494);
#2923=AXIS2_PLACEMENT_3D('',#4927,#3495,#3496);
#2924=AXIS2_PLACEMENT_3D('',#4928,#3497,#3498);
#2925=AXIS2_PLACEMENT_3D('',#4929,#3499,#3500);
#2926=AXIS2_PLACEMENT_3D('',#4930,#3501,#3502);
#2927=AXIS2_PLACEMENT_3D('',#4931,#3503,#3504);
#2928=AXIS2_PLACEMENT_3D('',#4932,#3505,#3506);
#2929=AXIS2_PLACEMENT_3D('',#4934,#3508,#3509);
#2930=AXIS2_PLACEMENT_3D('',#4938,#3512,#3513);
#2931=AXIS2_PLACEMENT_3D('',#4942,#3516,#3517);
#2932=AXIS2_PLACEMENT_3D('',#4945,#3518,#3519);
#2933=AXIS2_PLACEMENT_3D('',#4949,#3521,#3522);
#2934=AXIS2_PLACEMENT_3D('',#4994,#3524,#3525);
#2935=AXIS2_PLACEMENT_3D('',#5009,#3529,#3530);
#2936=AXIS2_PLACEMENT_3D('',#5013,#3532,#3533);
#2937=AXIS2_PLACEMENT_3D('',#5015,#3535,#3536);
#2938=AXIS2_PLACEMENT_3D('',#5017,#3537,#3538);
#2939=AXIS2_PLACEMENT_3D('',#5019,#3539,#3540);
#2940=AXIS2_PLACEMENT_3D('',#5021,#3541,#3542);
#2941=AXIS2_PLACEMENT_3D('',#5025,#3545,#3546);
#2942=AXIS2_PLACEMENT_3D('',#5027,#3547,#3548);
#2943=AXIS2_PLACEMENT_3D('',#5029,#3549,#3550);
#2944=AXIS2_PLACEMENT_3D('',#5078,#3552,#3553);
#2945=AXIS2_PLACEMENT_3D('',#5079,#3554,#3555);
#2946=AXIS2_PLACEMENT_3D('',#5080,#3556,#3557);
#2947=AXIS2_PLACEMENT_3D('',#5081,#3558,#3559);
#2948=AXIS2_PLACEMENT_3D('',#5083,#3560,#3561);
#2949=AXIS2_PLACEMENT_3D('',#5084,#3562,#3563);
#2950=AXIS2_PLACEMENT_3D('',#5085,#3564,#3565);
#2951=AXIS2_PLACEMENT_3D('',#5105,#3567,#3568);
#2952=AXIS2_PLACEMENT_3D('',#5106,#3569,#3570);
#2953=AXIS2_PLACEMENT_3D('',#5108,#3571,#3572);
#2954=AXIS2_PLACEMENT_3D('',#5109,#3573,#3574);
#2955=AXIS2_PLACEMENT_3D('',#5110,#3575,#3576);
#2956=AXIS2_PLACEMENT_3D('',#5114,#3578,#3579);
#2957=AXIS2_PLACEMENT_3D('',#5129,#3580,#3581);
#2958=AXIS2_PLACEMENT_3D('',#5130,#3582,#3583);
#2959=AXIS2_PLACEMENT_3D('',#5131,#3584,#3585);
#2960=AXIS2_PLACEMENT_3D('',#5132,#3586,#3587);
#2961=AXIS2_PLACEMENT_3D('',#5133,#3588,#3589);
#2962=AXIS2_PLACEMENT_3D('',#5134,#3590,#3591);
#2963=AXIS2_PLACEMENT_3D('',#5135,#3592,#3593);
#2964=AXIS2_PLACEMENT_3D('',#5136,#3594,#3595);
#2965=AXIS2_PLACEMENT_3D('',#5138,#3597,#3598);
#2966=AXIS2_PLACEMENT_3D('',#5142,#3601,#3602);
#2967=AXIS2_PLACEMENT_3D('',#5146,#3605,#3606);
#2968=AXIS2_PLACEMENT_3D('',#5153,#3608,#3609);
#2969=AXIS2_PLACEMENT_3D('',#5155,#3610,#3611);
#2970=AXIS2_PLACEMENT_3D('',#5160,#3614,#3615);
#2971=AXIS2_PLACEMENT_3D('',#5161,#3616,#3617);
#2972=AXIS2_PLACEMENT_3D('',#5168,#3619,#3620);
#2973=AXIS2_PLACEMENT_3D('',#5177,#3621,#3622);
#2974=AXIS2_PLACEMENT_3D('',#5178,#3623,#3624);
#2975=AXIS2_PLACEMENT_3D('',#5181,#3626,#3627);
#2976=AXIS2_PLACEMENT_3D('',#5182,#3628,#3629);
#2977=AXIS2_PLACEMENT_3D('',#5189,#3631,#3632);
#2978=AXIS2_PLACEMENT_3D('',#5191,#3633,#3634);
#2979=AXIS2_PLACEMENT_3D('',#5196,#3637,#3638);
#2980=AXIS2_PLACEMENT_3D('',#5197,#3639,#3640);
#2981=AXIS2_PLACEMENT_3D('',#5204,#3642,#3643);
#2982=AXIS2_PLACEMENT_3D('',#5213,#3644,#3645);
#2983=AXIS2_PLACEMENT_3D('',#5214,#3646,#3647);
#2984=AXIS2_PLACEMENT_3D('',#5217,#3649,#3650);
#2985=AXIS2_PLACEMENT_3D('',#5218,#3651,#3652);
#2986=AXIS2_PLACEMENT_3D('',#5225,#3654,#3655);
#2987=AXIS2_PLACEMENT_3D('',#5227,#3656,#3657);
#2988=AXIS2_PLACEMENT_3D('',#5232,#3660,#3661);
#2989=AXIS2_PLACEMENT_3D('',#5233,#3662,#3663);
#2990=AXIS2_PLACEMENT_3D('',#5240,#3665,#3666);
#2991=AXIS2_PLACEMENT_3D('',#5249,#3667,#3668);
#2992=AXIS2_PLACEMENT_3D('',#5250,#3669,#3670);
#2993=AXIS2_PLACEMENT_3D('',#5253,#3672,#3673);
#2994=AXIS2_PLACEMENT_3D('',#5254,#3674,#3675);
#2995=AXIS2_PLACEMENT_3D('',#5261,#3677,#3678);
#2996=AXIS2_PLACEMENT_3D('',#5263,#3679,#3680);
#2997=AXIS2_PLACEMENT_3D('',#5268,#3683,#3684);
#2998=AXIS2_PLACEMENT_3D('',#5269,#3685,#3686);
#2999=AXIS2_PLACEMENT_3D('',#5276,#3688,#3689);
#3000=AXIS2_PLACEMENT_3D('',#5285,#3690,#3691);
#3001=AXIS2_PLACEMENT_3D('',#5286,#3692,#3693);
#3002=AXIS2_PLACEMENT_3D('',#5289,#3695,#3696);
#3003=AXIS2_PLACEMENT_3D('',#5290,#3697,#3698);
#3004=AXIS2_PLACEMENT_3D('',#5297,#3700,#3701);
#3005=AXIS2_PLACEMENT_3D('',#5299,#3702,#3703);
#3006=AXIS2_PLACEMENT_3D('',#5304,#3706,#3707);
#3007=AXIS2_PLACEMENT_3D('',#5305,#3708,#3709);
#3008=AXIS2_PLACEMENT_3D('',#5312,#3711,#3712);
#3009=AXIS2_PLACEMENT_3D('',#5321,#3713,#3714);
#3010=AXIS2_PLACEMENT_3D('',#5322,#3715,#3716);
#3011=AXIS2_PLACEMENT_3D('',#5325,#3718,#3719);
#3012=AXIS2_PLACEMENT_3D('',#5326,#3720,#3721);
#3013=AXIS2_PLACEMENT_3D('',#5348,#3722,#3723);
#3014=AXIS2_PLACEMENT_3D('',#5349,#3724,#3725);
#3015=AXIS2_PLACEMENT_3D('',#5350,#3726,#3727);
#3016=AXIS2_PLACEMENT_3D('',#5351,#3728,#3729);
#3017=AXIS2_PLACEMENT_3D('',#5352,#3730,#3731);
#3018=AXIS2_PLACEMENT_3D('',#5353,#3732,#3733);
#3019=AXIS2_PLACEMENT_3D('',#5354,#3734,#3735);
#3020=AXIS2_PLACEMENT_3D('',#5355,#3736,#3737);
#3021=AXIS2_PLACEMENT_3D('',#5357,#3738,#3739);
#3022=AXIS2_PLACEMENT_3D('',#5358,#3740,#3741);
#3023=AXIS2_PLACEMENT_3D('',#5359,#3742,#3743);
#3024=AXIS2_PLACEMENT_3D('',#5361,#3744,#3745);
#3025=AXIS2_PLACEMENT_3D('',#5386,#3746,#3747);
#3026=AXIS2_PLACEMENT_3D('',#5389,#3748,#3749);
#3027=AXIS2_PLACEMENT_3D('',#5393,#3751,#3752);
#3028=AXIS2_PLACEMENT_3D('',#5431,#3754,#3755);
#3029=AXIS2_PLACEMENT_3D('',#5437,#3759,#3760);
#3030=AXIS2_PLACEMENT_3D('',#5441,#3762,#3763);
#3031=AXIS2_PLACEMENT_3D('',#5443,#3765,#3766);
#3032=AXIS2_PLACEMENT_3D('',#5445,#3767,#3768);
#3033=AXIS2_PLACEMENT_3D('',#5447,#3769,#3770);
#3034=AXIS2_PLACEMENT_3D('',#5449,#3771,#3772);
#3035=AXIS2_PLACEMENT_3D('',#5453,#3775,#3776);
#3036=AXIS2_PLACEMENT_3D('',#5455,#3777,#3778);
#3037=AXIS2_PLACEMENT_3D('',#5457,#3779,#3780);
#3038=AXIS2_PLACEMENT_3D('',#5495,#3782,#3783);
#3039=AXIS2_PLACEMENT_3D('',#5496,#3784,#3785);
#3040=AXIS2_PLACEMENT_3D('',#5497,#3786,#3787);
#3041=AXIS2_PLACEMENT_3D('',#5499,#3788,#3789);
#3042=AXIS2_PLACEMENT_3D('',#5500,#3790,#3791);
#3043=AXIS2_PLACEMENT_3D('',#5501,#3792,#3793);
#3044=AXIS2_PLACEMENT_3D('',#5502,#3794,#3795);
#3045=AXIS2_PLACEMENT_3D('',#5503,#3796,#3797);
#3046=AXIS2_PLACEMENT_3D('',#5523,#3799,#3800);
#3047=AXIS2_PLACEMENT_3D('',#5524,#3801,#3802);
#3048=AXIS2_PLACEMENT_3D('',#5526,#3803,#3804);
#3049=AXIS2_PLACEMENT_3D('',#5527,#3805,#3806);
#3050=AXIS2_PLACEMENT_3D('',#5528,#3807,#3808);
#3051=AXIS2_PLACEMENT_3D('',#5529,#3809,#3810);
#3052=AXIS2_PLACEMENT_3D('',#5530,#3811,#3812);
#3053=AXIS2_PLACEMENT_3D('',#5534,#3814,#3815);
#3054=AXIS2_PLACEMENT_3D('',#5549,#3816,#3817);
#3055=AXIS2_PLACEMENT_3D('',#5550,#3818,#3819);
#3056=AXIS2_PLACEMENT_3D('',#5551,#3820,#3821);
#3057=AXIS2_PLACEMENT_3D('',#5552,#3822,#3823);
#3058=AXIS2_PLACEMENT_3D('',#5553,#3824,#3825);
#3059=AXIS2_PLACEMENT_3D('',#5555,#3827,#3828);
#3060=AXIS2_PLACEMENT_3D('',#5559,#3831,#3832);
#3061=AXIS2_PLACEMENT_3D('',#5563,#3835,#3836);
#3062=AXIS2_PLACEMENT_3D('',#5564,#3837,#3838);
#3063=AXIS2_PLACEMENT_3D('',#5566,#3840,#3841);
#3064=AXIS2_PLACEMENT_3D('',#5567,#3842,#3843);
#3065=AXIS2_PLACEMENT_3D('',#5572,#3846,#3847);
#3066=AXIS2_PLACEMENT_3D('',#5573,#3848,#3849);
#3067=AXIS2_PLACEMENT_3D('',#5575,#3851,#3852);
#3068=AXIS2_PLACEMENT_3D('',#5576,#3853,#3854);
#3069=AXIS2_PLACEMENT_3D('',#5579,#3856,#3857);
#3070=AXIS2_PLACEMENT_3D('',#5580,#3858,#3859);
#3071=AXIS2_PLACEMENT_3D('',#5582,#3860,#3861);
#3072=AXIS2_PLACEMENT_3D('',#5584,#3862,#3863);
#3073=AXIS2_PLACEMENT_3D('',#5586,#3864,#3865);
#3074=AXIS2_PLACEMENT_3D('',#5587,#3866,#3867);
#3075=AXIS2_PLACEMENT_3D('',#5588,#3868,#3869);
#3076=AXIS2_PLACEMENT_3D('',#5590,#3870,#3871);
#3077=AXIS2_PLACEMENT_3D('',#5591,#3872,#3873);
#3078=AXIS2_PLACEMENT_3D('',#5593,#3875,#3876);
#3079=AXIS2_PLACEMENT_3D('',#5596,#3877,#3878);
#3080=AXIS2_PLACEMENT_3D('',#5597,#3879,#3880);
#3081=AXIS2_PLACEMENT_3D('',#5598,#3881,#3882);
#3082=AXIS2_PLACEMENT_3D('',#5599,#3883,#3884);
#3083=AXIS2_PLACEMENT_3D('',#5602,#3885,#3886);
#3084=AXIS2_PLACEMENT_3D('',#5604,#3888,#3889);
#3085=AXIS2_PLACEMENT_3D('',#5605,#3890,#3891);
#3086=AXIS2_PLACEMENT_3D('',#5607,#3892,#3893);
#3087=AXIS2_PLACEMENT_3D('',#5608,#3894,#3895);
#3088=AXIS2_PLACEMENT_3D('',#5609,#3896,#3897);
#3089=AXIS2_PLACEMENT_3D('',#5611,#3898,#3899);
#3090=AXIS2_PLACEMENT_3D('',#5612,#3900,#3901);
#3091=DIRECTION('axis',(0.,0.,1.));
#3092=DIRECTION('refdir',(1.,0.,0.));
#3093=DIRECTION('center_axis',(-0.86602540378444,0.,0.499999999999998));
#3094=DIRECTION('ref_axis',(-0.353553390593268,0.707106781186552,-0.612372435695793));
#3095=DIRECTION('center_axis',(0.500000000000003,0.,-0.866025403784437));
#3096=DIRECTION('ref_axis',(-0.866025403784437,2.25347189810574E-16,-0.500000000000003));
#3097=DIRECTION('',(0.86602540378444,0.,-0.499999999999998));
#3098=DIRECTION('center_axis',(0.866025403784438,0.,-0.500000000000001));
#3099=DIRECTION('ref_axis',(-0.500000000000001,0.,-0.866025403784438));
#3100=DIRECTION('',(-0.86602540378444,0.,0.499999999999998));
#3101=DIRECTION('center_axis',(-0.499999999999998,0.,-0.86602540378444));
#3102=DIRECTION('ref_axis',(-0.86602540378444,0.,0.499999999999998));
#3103=DIRECTION('',(0.,1.,0.));
#3104=DIRECTION('',(-0.86602540378444,0.,0.499999999999998));
#3105=DIRECTION('',(0.,1.,0.));
#3106=DIRECTION('center_axis',(3.33066907387547E-16,0.,1.));
#3107=DIRECTION('ref_axis',(-0.707106781186547,0.707106781186547,0.));
#3108=DIRECTION('',(3.33066907387547E-16,0.,1.));
#3109=DIRECTION('center_axis',(0.499999999999995,0.,0.866025403784441));
#3110=DIRECTION('ref_axis',(0.866025403784441,0.,-0.499999999999996));
#3111=DIRECTION('',(-3.33066907387547E-16,0.,-1.));
#3112=DIRECTION('center_axis',(0.,1.,0.));
#3113=DIRECTION('ref_axis',(-0.866025403784439,0.,0.499999999999999));
#3114=DIRECTION('center_axis',(0.,1.,0.));
#3115=DIRECTION('ref_axis',(0.825114871453521,0.,-0.564964997947873));
#3116=DIRECTION('center_axis',(0.,-1.,0.));
#3117=DIRECTION('ref_axis',(-0.866025403784439,0.,0.499999999999999));
#3118=DIRECTION('center_axis',(0.,1.,0.));
#3119=DIRECTION('ref_axis',(0.901831476198642,0.,-0.432087940745142));
#3120=DIRECTION('',(0.866025403784439,0.,-0.5));
#3121=DIRECTION('',(0.866025403784438,0.,0.5));
#3122=DIRECTION('center_axis',(0.866025403784439,0.,-0.5));
#3123=DIRECTION('ref_axis',(0.353553390593282,0.707106781186548,0.612372435695789));
#3124=DIRECTION('center_axis',(1.,0.,0.));
#3125=DIRECTION('ref_axis',(0.,3.7557864968429E-16,1.));
#3126=DIRECTION('center_axis',(0.866025403784438,0.,-0.500000000000001));
#3127=DIRECTION('ref_axis',(0.,1.,0.));
#3128=DIRECTION('',(-0.866025403784439,0.,0.5));
#3129=DIRECTION('center_axis',(0.,1.,0.));
#3130=DIRECTION('ref_axis',(0.,0.,1.));
#3131=DIRECTION('center_axis',(-0.435063443632674,0.,-0.900399800096867));
#3132=DIRECTION('ref_axis',(0.,-1.,0.));
#3133=DIRECTION('center_axis',(0.,-1.,0.));
#3134=DIRECTION('ref_axis',(0.901831476198642,0.,-0.432087940745142));
#3135=DIRECTION('center_axis',(0.,0.,1.));
#3136=DIRECTION('ref_axis',(1.,0.,0.));
#3137=DIRECTION('center_axis',(0.56223737863004,-1.08327272249759E-14,0.826975894492228));
#3138=DIRECTION('ref_axis',(0.826975894492228,0.,-0.56223737863004));
#3139=DIRECTION('center_axis',(0.,-1.,0.));
#3140=DIRECTION('ref_axis',(0.410042357889073,0.,0.912066480437018));
#3141=DIRECTION('center_axis',(0.912066480437013,0.,-0.410042357889084));
#3142=DIRECTION('ref_axis',(0.,-1.,0.));
#3143=DIRECTION('center_axis',(0.,-1.,0.));
#3144=DIRECTION('ref_axis',(0.962261142515961,0.,0.272127715611396));
#3145=DIRECTION('',(0.,-1.,0.));
#3146=DIRECTION('',(0.,1.,0.));
#3147=DIRECTION('center_axis',(0.,-1.,0.));
#3148=DIRECTION('ref_axis',(0.962261142515961,0.,0.272127715611396));
#3149=DIRECTION('center_axis',(-0.15071176710741,-0.7893102124773,0.595210342428961));
#3150=DIRECTION('ref_axis',(0.193744918633062,-0.613994616001672,-0.765162412841109));
#3151=DIRECTION('center_axis',(0.811140338778121,1.2252045159591E-14,-0.584851563054178));
#3152=DIRECTION('ref_axis',(-0.584851563054178,0.,-0.811140338778121));
#3153=DIRECTION('center_axis',(0.,-1.,0.));
#3154=DIRECTION('ref_axis',(0.900399800096898,0.,-0.435063443632611));
#3155=DIRECTION('center_axis',(0.,1.,0.));
#3156=DIRECTION('ref_axis',(0.245461056464694,0.,-0.969406452299156));
#3157=DIRECTION('',(0.,-1.,0.));
#3158=DIRECTION('',(0.,1.,0.));
#3159=DIRECTION('center_axis',(0.,-1.,0.));
#3160=DIRECTION('ref_axis',(0.245461056464694,0.,-0.969406452299156));
#3161=DIRECTION('center_axis',(0.,-1.,0.));
#3162=DIRECTION('ref_axis',(-0.866025403784439,0.,0.499999999999999));
#3163=DIRECTION('center_axis',(0.,1.,0.));
#3164=DIRECTION('ref_axis',(-0.866025403784439,0.,0.499999999999999));
#3165=DIRECTION('center_axis',(0.,1.,0.));
#3166=DIRECTION('ref_axis',(0.,0.,1.));
#3167=DIRECTION('center_axis',(0.,-1.,0.));
#3168=DIRECTION('ref_axis',(0.866025403784439,0.,-0.499999999999999));
#3169=DIRECTION('center_axis',(0.,1.,0.));
#3170=DIRECTION('ref_axis',(0.866025403784439,0.,-0.499999999999999));
#3171=DIRECTION('center_axis',(0.,1.,0.));
#3172=DIRECTION('ref_axis',(0.,0.,1.));
#3173=DIRECTION('center_axis',(0.,-1.,0.));
#3174=DIRECTION('ref_axis',(0.825114871453521,0.,-0.564964997947873));
#3175=DIRECTION('center_axis',(0.,1.,0.));
#3176=DIRECTION('ref_axis',(-0.866025403784439,0.,0.499999999999999));
#3177=DIRECTION('center_axis',(0.,1.,0.));
#3178=DIRECTION('ref_axis',(-0.499999999999999,0.,-0.866025403784439));
#3179=DIRECTION('center_axis',(0.,1.,0.));
#3180=DIRECTION('ref_axis',(1.,0.,0.));
#3181=DIRECTION('center_axis',(0.,1.,0.));
#3182=DIRECTION('ref_axis',(1.,0.,0.));
#3183=DIRECTION('',(0.,-1.,0.));
#3184=DIRECTION('center_axis',(0.,1.,0.));
#3185=DIRECTION('ref_axis',(1.,0.,0.));
#3186=DIRECTION('center_axis',(0.,-1.,0.));
#3187=DIRECTION('ref_axis',(-0.901831476198642,0.,0.432087940745143));
#3188=DIRECTION('',(0.,-1.,0.));
#3189=DIRECTION('center_axis',(0.,-1.,0.));
#3190=DIRECTION('ref_axis',(-0.866025403784439,0.,0.5));
#3191=DIRECTION('',(0.,1.,0.));
#3192=DIRECTION('center_axis',(0.,-1.,0.));
#3193=DIRECTION('ref_axis',(-0.82511487145352,0.,0.564964997947873));
#3194=DIRECTION('center_axis',(0.,1.,0.));
#3195=DIRECTION('ref_axis',(1.,0.,0.));
#3196=DIRECTION('center_axis',(0.,-1.,0.));
#3197=DIRECTION('ref_axis',(-0.0767166047451218,0.,0.997052938693017));
#3198=DIRECTION('',(0.,-1.,0.));
#3199=DIRECTION('center_axis',(0.,-1.,0.));
#3200=DIRECTION('ref_axis',(-1.60812264967664E-16,0.,1.));
#3201=DIRECTION('',(0.,1.,0.));
#3202=DIRECTION('center_axis',(0.,-1.,0.));
#3203=DIRECTION('ref_axis',(0.0767166047451215,0.,0.997052938693017));
#3204=DIRECTION('center_axis',(0.,1.,0.));
#3205=DIRECTION('ref_axis',(1.,0.,0.));
#3206=DIRECTION('center_axis',(0.,-1.,0.));
#3207=DIRECTION('ref_axis',(0.82511487145352,0.,0.564964997947874));
#3208=DIRECTION('',(0.,-1.,0.));
#3209=DIRECTION('center_axis',(0.,-1.,0.));
#3210=DIRECTION('ref_axis',(0.866025403784438,0.,0.5));
#3211=DIRECTION('',(0.,1.,0.));
#3212=DIRECTION('center_axis',(0.,-1.,0.));
#3213=DIRECTION('ref_axis',(0.901831476198641,0.,0.432087940745144));
#3214=DIRECTION('center_axis',(0.,1.,0.));
#3215=DIRECTION('ref_axis',(1.,0.,0.));
#3216=DIRECTION('center_axis',(0.,1.,0.));
#3217=DIRECTION('ref_axis',(1.,0.,0.));
#3218=DIRECTION('center_axis',(0.,-1.,0.));
#3219=DIRECTION('ref_axis',(0.0767166047451204,0.,-0.997052938693017));
#3220=DIRECTION('',(0.,-1.,0.));
#3221=DIRECTION('center_axis',(0.,-1.,0.));
#3222=DIRECTION('ref_axis',(6.12323399573677E-17,0.,-1.));
#3223=DIRECTION('',(0.,1.,0.));
#3224=DIRECTION('center_axis',(0.,-1.,0.));
#3225=DIRECTION('ref_axis',(-0.0767166047451205,0.,-0.997052938693017));
#3226=DIRECTION('center_axis',(0.,1.,0.));
#3227=DIRECTION('ref_axis',(1.,0.,0.));
#3228=DIRECTION('center_axis',(0.,-1.,0.));
#3229=DIRECTION('ref_axis',(-0.82511487145352,0.,-0.564964997947874));
#3230=DIRECTION('',(0.,-1.,0.));
#3231=DIRECTION('center_axis',(0.,-1.,0.));
#3232=DIRECTION('ref_axis',(-0.866025403784438,0.,-0.5));
#3233=DIRECTION('',(0.,1.,0.));
#3234=DIRECTION('center_axis',(0.,-1.,0.));
#3235=DIRECTION('ref_axis',(-0.901831476198642,0.,-0.432087940745144));
#3236=DIRECTION('center_axis',(0.,1.,0.));
#3237=DIRECTION('ref_axis',(1.,0.,0.));
#3238=DIRECTION('center_axis',(0.866025403784438,0.,0.5));
#3239=DIRECTION('ref_axis',(-0.353553390593282,0.707106781186548,0.612372435695789));
#3240=DIRECTION('',(-0.866025403784438,0.,-0.5));
#3241=DIRECTION('center_axis',(-1.,0.,3.33066907387547E-16));
#3242=DIRECTION('ref_axis',(3.33066907387547E-16,0.,1.));
#3243=DIRECTION('',(0.,1.,0.));
#3244=DIRECTION('',(3.33066907387547E-16,0.,1.));
#3245=DIRECTION('center_axis',(-0.5,0.,0.866025403784438));
#3246=DIRECTION('ref_axis',(0.866025403784438,0.,0.5));
#3247=DIRECTION('',(0.,1.,0.));
#3248=DIRECTION('',(0.866025403784438,0.,0.5));
#3249=DIRECTION('center_axis',(-0.866025403784438,0.,-0.500000000000002));
#3250=DIRECTION('ref_axis',(0.353553390593282,0.707106781186548,-0.612372435695789));
#3251=DIRECTION('center_axis',(1.,0.,9.61481343191779E-15));
#3252=DIRECTION('ref_axis',(9.58722898318944E-15,3.00462919747433E-16,-1.));
#3253=DIRECTION('',(0.866025403784438,0.,0.500000000000002));
#3254=DIRECTION('center_axis',(0.866025403784438,0.,0.500000000000001));
#3255=DIRECTION('ref_axis',(0.500000000000001,0.,-0.866025403784438));
#3256=DIRECTION('',(-0.866025403784438,0.,-0.500000000000002));
#3257=DIRECTION('center_axis',(0.500000000000002,0.,-0.866025403784438));
#3258=DIRECTION('ref_axis',(-0.866025403784438,0.,-0.500000000000002));
#3259=DIRECTION('',(0.,1.,0.));
#3260=DIRECTION('',(-0.866025403784438,0.,-0.500000000000002));
#3261=DIRECTION('',(0.,1.,0.));
#3262=DIRECTION('center_axis',(-0.866025403784438,0.,0.500000000000001));
#3263=DIRECTION('ref_axis',(-0.35355339059328,0.707106781186544,-0.612372435695794));
#3264=DIRECTION('',(-0.866025403784438,0.,0.500000000000001));
#3265=DIRECTION('center_axis',(-0.5,0.,0.866025403784439));
#3266=DIRECTION('ref_axis',(0.866025403784439,0.,0.5));
#3267=DIRECTION('',(0.866025403784438,0.,-0.500000000000001));
#3268=DIRECTION('center_axis',(0.,1.,0.));
#3269=DIRECTION('ref_axis',(-0.866025403784438,0.,-0.5));
#3270=DIRECTION('center_axis',(0.,1.,0.));
#3271=DIRECTION('ref_axis',(0.901831476198642,0.,0.432087940745144));
#3272=DIRECTION('center_axis',(0.,-1.,0.));
#3273=DIRECTION('ref_axis',(-0.866025403784439,0.,-0.5));
#3274=DIRECTION('center_axis',(0.,1.,0.));
#3275=DIRECTION('ref_axis',(0.82511487145352,0.,0.564964997947874));
#3276=DIRECTION('',(0.866025403784439,0.,0.5));
#3277=DIRECTION('',(-1.66533453693773E-16,0.,1.));
#3278=DIRECTION('center_axis',(0.866025403784439,0.,0.5));
#3279=DIRECTION('ref_axis',(-0.353553390593282,0.707106781186548,0.612372435695789));
#3280=DIRECTION('center_axis',(0.500000000000003,0.,0.866025403784437));
#3281=DIRECTION('ref_axis',(-0.866025403784437,2.25347189810574E-16,0.500000000000003));
#3282=DIRECTION('center_axis',(0.866025403784438,0.,0.500000000000001));
#3283=DIRECTION('ref_axis',(0.,1.,0.));
#3284=DIRECTION('',(-0.866025403784439,0.,-0.5));
#3285=DIRECTION('center_axis',(0.,1.,0.));
#3286=DIRECTION('ref_axis',(0.,0.,1.));
#3287=DIRECTION('center_axis',(0.562237378629987,0.,-0.826975894492265));
#3288=DIRECTION('ref_axis',(0.,-1.,0.));
#3289=DIRECTION('center_axis',(-0.150711767107403,-0.789310212477297,-0.595210342428966));
#3290=DIRECTION('ref_axis',(0.193744918633048,-0.613994616001674,0.76516241284111));
#3291=DIRECTION('center_axis',(-0.435063443632612,0.,0.900399800096898));
#3292=DIRECTION('ref_axis',(0.900399800096898,0.,0.435063443632612));
#3293=DIRECTION('center_axis',(0.,-1.,0.));
#3294=DIRECTION('ref_axis',(-0.584851563054181,0.,0.811140338778119));
#3295=DIRECTION('center_axis',(0.811140338778121,0.,0.584851563054178));
#3296=DIRECTION('ref_axis',(0.,-1.,0.));
#3297=DIRECTION('center_axis',(0.,-1.,0.));
#3298=DIRECTION('ref_axis',(0.245461056464694,0.,0.969406452299156));
#3299=DIRECTION('',(0.,-1.,0.));
#3300=DIRECTION('center_axis',(0.,-1.,0.));
#3301=DIRECTION('ref_axis',(0.245461056464694,0.,0.969406452299156));
#3302=DIRECTION('center_axis',(0.,0.,1.));
#3303=DIRECTION('ref_axis',(1.,0.,0.));
#3304=DIRECTION('center_axis',(0.912066480437017,-1.24021643997003E-14,
0.410042357889075));
#3305=DIRECTION('ref_axis',(0.410042357889075,0.,-0.912066480437017));
#3306=DIRECTION('center_axis',(0.,-1.,0.));
#3307=DIRECTION('ref_axis',(0.826975894492231,0.,0.562237378630036));
#3308=DIRECTION('center_axis',(0.,1.,0.));
#3309=DIRECTION('ref_axis',(0.962261142515961,0.,-0.272127715611396));
#3310=DIRECTION('',(0.,1.,0.));
#3311=DIRECTION('center_axis',(0.,-1.,0.));
#3312=DIRECTION('ref_axis',(0.962261142515961,0.,-0.272127715611396));
#3313=DIRECTION('center_axis',(0.,-1.,0.));
#3314=DIRECTION('ref_axis',(0.,0.,-1.));
#3315=DIRECTION('center_axis',(0.,1.,0.));
#3316=DIRECTION('ref_axis',(-0.866025403784439,0.,-0.5));
#3317=DIRECTION('center_axis',(0.,1.,0.));
#3318=DIRECTION('ref_axis',(0.,0.,1.));
#3319=DIRECTION('center_axis',(0.,1.,0.));
#3320=DIRECTION('ref_axis',(0.866025403784439,0.,0.5));
#3321=DIRECTION('center_axis',(0.,1.,0.));
#3322=DIRECTION('ref_axis',(0.,0.,1.));
#3323=DIRECTION('center_axis',(0.,1.,0.));
#3324=DIRECTION('ref_axis',(-0.866025403784438,0.,-0.5));
#3325=DIRECTION('center_axis',(0.,1.,0.));
#3326=DIRECTION('ref_axis',(0.5,0.,-0.866025403784438));
#3327=DIRECTION('center_axis',(-1.66533453693773E-16,0.,1.));
#3328=DIRECTION('ref_axis',(-0.707106781186547,0.707106781186547,0.));
#3329=DIRECTION('',(1.66533453693773E-16,0.,-1.));
#3330=DIRECTION('center_axis',(-0.500000000000001,0.,-0.866025403784438));
#3331=DIRECTION('ref_axis',(-0.866025403784438,0.,0.500000000000001));
#3332=DIRECTION('',(0.,1.,0.));
#3333=DIRECTION('',(-0.866025403784438,0.,0.500000000000001));
#3334=DIRECTION('center_axis',(-1.,0.,-1.66533453693773E-16));
#3335=DIRECTION('ref_axis',(-1.66533453693773E-16,0.,1.));
#3336=DIRECTION('',(0.,1.,0.));
#3337=DIRECTION('',(-1.66533453693773E-16,0.,1.));
#3338=DIRECTION('center_axis',(1.55431223447522E-15,0.,-1.));
#3339=DIRECTION('ref_axis',(0.707106781186546,0.707106781186548,0.));
#3340=DIRECTION('center_axis',(0.500000000000006,0.,0.866025403784435));
#3341=DIRECTION('ref_axis',(0.866025403784435,1.50231459873715E-16,-0.500000000000006));
#3342=DIRECTION('',(-1.55431223447522E-15,0.,1.));
#3343=DIRECTION('center_axis',(0.,0.,1.));
#3344=DIRECTION('ref_axis',(1.,0.,0.));
#3345=DIRECTION('',(1.55431223447522E-15,0.,-1.));
#3346=DIRECTION('center_axis',(1.,0.,1.55431223447522E-15));
#3347=DIRECTION('ref_axis',(1.55431223447522E-15,0.,-1.));
#3348=DIRECTION('',(0.,1.,0.));
#3349=DIRECTION('',(1.55431223447522E-15,0.,-1.));
#3350=DIRECTION('',(0.,1.,0.));
#3351=DIRECTION('center_axis',(-0.866025403784439,0.,-0.499999999999999));
#3352=DIRECTION('ref_axis',(0.353553390593273,0.707106781186546,-0.612372435695796));
#3353=DIRECTION('',(-0.866025403784439,0.,-0.499999999999999));
#3354=DIRECTION('center_axis',(-1.,-2.08166817117217E-15,-6.61018423444345E-15));
#3355=DIRECTION('ref_axis',(-6.61018423444344E-15,-3.60555503696924E-15,
1.));
#3356=DIRECTION('',(0.866025403784439,0.,0.499999999999999));
#3357=DIRECTION('center_axis',(0.,1.,0.));
#3358=DIRECTION('ref_axis',(1.66533453693773E-16,0.,-1.));
#3359=DIRECTION('center_axis',(0.,1.,0.));
#3360=DIRECTION('ref_axis',(0.0767166047451215,0.,0.997052938693017));
#3361=DIRECTION('center_axis',(0.,-1.,0.));
#3362=DIRECTION('ref_axis',(1.47968513756208E-16,0.,-1.));
#3363=DIRECTION('center_axis',(0.,1.,0.));
#3364=DIRECTION('ref_axis',(-0.0767166047451218,0.,0.997052938693017));
#3365=DIRECTION('',(2.22044604925031E-16,0.,1.));
#3366=DIRECTION('',(-0.866025403784438,0.,0.5));
#3367=DIRECTION('center_axis',(2.22044604925031E-16,0.,1.));
#3368=DIRECTION('ref_axis',(-0.707106781186547,0.707106781186547,0.));
#3369=DIRECTION('center_axis',(-0.499999999999999,0.,0.866025403784439));
#3370=DIRECTION('ref_axis',(-0.866025403784439,0.,-0.499999999999999));
#3371=DIRECTION('center_axis',(0.,0.,1.));
#3372=DIRECTION('ref_axis',(6.93889390390722E-16,1.,0.));
#3373=DIRECTION('',(-2.22044604925031E-16,0.,-1.));
#3374=DIRECTION('center_axis',(0.,1.,0.));
#3375=DIRECTION('ref_axis',(0.,0.,1.));
#3376=DIRECTION('center_axis',(0.997300822262654,0.,0.073423905604612));
#3377=DIRECTION('ref_axis',(0.,-1.,0.));
#3378=DIRECTION('center_axis',(-0.824557866617156,0.421297802917646,-0.377640683529369));
#3379=DIRECTION('ref_axis',(-0.565777628224875,-0.613994616001677,0.55036922781092));
#3380=DIRECTION('center_axis',(-0.997300822262649,6.92016459595996E-16,
0.0734239056046679));
#3381=DIRECTION('ref_axis',(0.0734239056046679,0.,0.997300822262649));
#3382=DIRECTION('center_axis',(0.,-1.,0.));
#3383=DIRECTION('ref_axis',(-0.994893920943257,0.,-0.100926141658897));
#3384=DIRECTION('center_axis',(-0.100926141658897,0.,0.994893920943257));
#3385=DIRECTION('ref_axis',(0.,-1.,0.));
#3386=DIRECTION('center_axis',(0.,-1.,0.));
#3387=DIRECTION('ref_axis',(-0.716800086051271,0.,0.697278736687769));
#3388=DIRECTION('',(0.,-1.,0.));
#3389=DIRECTION('center_axis',(0.,-1.,0.));
#3390=DIRECTION('ref_axis',(-0.716800086051271,0.,0.697278736687769));
#3391=DIRECTION('center_axis',(-0.824557866617157,-0.421297802917644,0.377640683529369));
#3392=DIRECTION('ref_axis',(0.565777628224874,-0.613994616001678,0.550369227810919));
#3393=DIRECTION('center_axis',(0.100926141658897,-1.11856045387284E-14,
0.994893920943257));
#3394=DIRECTION('ref_axis',(0.994893920943257,0.,-0.100926141658897));
#3395=DIRECTION('center_axis',(0.,-1.,0.));
#3396=DIRECTION('ref_axis',(-0.0734239056046687,0.,0.997300822262649));
#3397=DIRECTION('center_axis',(0.,1.,0.));
#3398=DIRECTION('ref_axis',(0.716800086051271,0.,0.697278736687769));
#3399=DIRECTION('',(0.,1.,0.));
#3400=DIRECTION('center_axis',(0.,-1.,0.));
#3401=DIRECTION('ref_axis',(0.716800086051271,0.,0.697278736687769));
#3402=DIRECTION('center_axis',(0.,-1.,0.));
#3403=DIRECTION('ref_axis',(0.,0.,-1.));
#3404=DIRECTION('center_axis',(0.,1.,0.));
#3405=DIRECTION('ref_axis',(1.47968513756208E-16,0.,-1.));
#3406=DIRECTION('center_axis',(0.,1.,0.));
#3407=DIRECTION('ref_axis',(0.,0.,1.));
#3408=DIRECTION('center_axis',(0.,1.,0.));
#3409=DIRECTION('ref_axis',(-1.60812264967664E-16,0.,1.));
#3410=DIRECTION('center_axis',(0.,1.,0.));
#3411=DIRECTION('ref_axis',(0.,0.,1.));
#3412=DIRECTION('center_axis',(0.,1.,0.));
#3413=DIRECTION('ref_axis',(1.66533453693773E-16,0.,-1.));
#3414=DIRECTION('center_axis',(0.,1.,0.));
#3415=DIRECTION('ref_axis',(1.,0.,8.67361737988403E-17));
#3416=DIRECTION('center_axis',(-0.866025403784439,0.,0.5));
#3417=DIRECTION('ref_axis',(-0.353553390593274,0.707106781186546,-0.612372435695796));
#3418=DIRECTION('',(0.866025403784438,0.,-0.5));
#3419=DIRECTION('center_axis',(0.499999999999999,0.,-0.866025403784439));
#3420=DIRECTION('ref_axis',(-0.866025403784439,0.,-0.499999999999999));
#3421=DIRECTION('',(0.,1.,0.));
#3422=DIRECTION('',(-0.866025403784439,0.,-0.499999999999999));
#3423=DIRECTION('center_axis',(-0.5,0.,-0.866025403784439));
#3424=DIRECTION('ref_axis',(-0.866025403784438,0.,0.5));
#3425=DIRECTION('',(0.,1.,0.));
#3426=DIRECTION('',(-0.866025403784439,0.,0.5));
#3427=DIRECTION('center_axis',(0.866025403784439,0.,-0.499999999999999));
#3428=DIRECTION('ref_axis',(0.353553390593268,0.707106781186552,0.612372435695793));
#3429=DIRECTION('center_axis',(-0.500000000000003,0.,0.866025403784437));
#3430=DIRECTION('ref_axis',(0.866025403784437,3.7557864968429E-16,0.500000000000003));
#3431=DIRECTION('',(-0.866025403784439,0.,0.499999999999999));
#3432=DIRECTION('center_axis',(-0.866025403784438,0.,0.500000000000001));
#3433=DIRECTION('ref_axis',(0.500000000000001,0.,0.866025403784438));
#3434=DIRECTION('',(0.866025403784439,0.,-0.499999999999999));
#3435=DIRECTION('center_axis',(0.499999999999999,0.,0.866025403784439));
#3436=DIRECTION('ref_axis',(0.866025403784439,0.,-0.499999999999999));
#3437=DIRECTION('',(0.,1.,0.));
#3438=DIRECTION('',(0.866025403784439,0.,-0.499999999999999));
#3439=DIRECTION('',(0.,1.,0.));
#3440=DIRECTION('center_axis',(-8.88178419700125E-16,0.,-1.));
#3441=DIRECTION('ref_axis',(0.707106781186547,0.707106781186547,0.));
#3442=DIRECTION('',(-8.88178419700125E-16,0.,-1.));
#3443=DIRECTION('center_axis',(-0.500000000000003,0.,-0.866025403784437));
#3444=DIRECTION('ref_axis',(-0.866025403784437,0.,0.500000000000003));
#3445=DIRECTION('',(8.88178419700125E-16,0.,1.));
#3446=DIRECTION('center_axis',(0.,1.,0.));
#3447=DIRECTION('ref_axis',(0.866025403784439,0.,-0.5));
#3448=DIRECTION('center_axis',(0.,1.,0.));
#3449=DIRECTION('ref_axis',(-0.82511487145352,0.,0.564964997947873));
#3450=DIRECTION('center_axis',(0.,-1.,0.));
#3451=DIRECTION('ref_axis',(0.866025403784439,0.,-0.5));
#3452=DIRECTION('center_axis',(0.,1.,0.));
#3453=DIRECTION('ref_axis',(-0.901831476198642,0.,0.432087940745143));
#3454=DIRECTION('',(-0.866025403784439,0.,0.5));
#3455=DIRECTION('',(-0.866025403784439,0.,-0.5));
#3456=DIRECTION('center_axis',(-0.866025403784439,0.,0.5));
#3457=DIRECTION('ref_axis',(-0.35355339059328,0.707106781186544,-0.612372435695794));
#3458=DIRECTION('center_axis',(-1.,0.,0.));
#3459=DIRECTION('ref_axis',(-2.65574210060647E-17,-7.5115729936858E-17,
-1.));
#3460=DIRECTION('center_axis',(-0.866025403784438,0.,0.500000000000001));
#3461=DIRECTION('ref_axis',(0.,1.,0.));
#3462=DIRECTION('',(0.866025403784439,0.,-0.5));
#3463=DIRECTION('center_axis',(0.,1.,0.));
#3464=DIRECTION('ref_axis',(0.,0.,1.));
#3465=DIRECTION('center_axis',(0.435063443632674,0.,0.900399800096867));
#3466=DIRECTION('ref_axis',(0.,-1.,0.));
#3467=DIRECTION('center_axis',(0.,0.,1.));
#3468=DIRECTION('ref_axis',(1.,0.,0.));
#3469=DIRECTION('center_axis',(-0.562237378630041,4.59063839437627E-15,
-0.826975894492227));
#3470=DIRECTION('ref_axis',(-0.826975894492227,0.,0.562237378630041));
#3471=DIRECTION('center_axis',(0.,-1.,0.));
#3472=DIRECTION('ref_axis',(-0.410042357889071,0.,-0.912066480437019));
#3473=DIRECTION('center_axis',(-0.912066480437023,0.,0.410042357889062));
#3474=DIRECTION('ref_axis',(0.,-1.,0.));
#3475=DIRECTION('center_axis',(0.,-1.,0.));
#3476=DIRECTION('ref_axis',(-0.962261142515961,0.,-0.272127715611396));
#3477=DIRECTION('',(0.,-1.,0.));
#3478=DIRECTION('center_axis',(0.,-1.,0.));
#3479=DIRECTION('ref_axis',(-0.962261142515961,0.,-0.272127715611396));
#3480=DIRECTION('center_axis',(0.15071176710741,-0.789310212477294,-0.595210342428969));
#3481=DIRECTION('ref_axis',(-0.193744918633055,-0.61399461600168,0.765162412841105));
#3482=DIRECTION('center_axis',(-0.811140338778119,-6.49315671290762E-15,
0.584851563054181));
#3483=DIRECTION('ref_axis',(0.584851563054181,0.,0.811140338778119));
#3484=DIRECTION('center_axis',(0.,-1.,0.));
#3485=DIRECTION('ref_axis',(-0.900399800096898,0.,0.435063443632611));
#3486=DIRECTION('center_axis',(0.,1.,0.));
#3487=DIRECTION('ref_axis',(-0.245461056464694,0.,0.969406452299156));
#3488=DIRECTION('',(0.,1.,0.));
#3489=DIRECTION('center_axis',(0.,-1.,0.));
#3490=DIRECTION('ref_axis',(-0.245461056464694,0.,0.969406452299156));
#3491=DIRECTION('center_axis',(0.,-1.,0.));
#3492=DIRECTION('ref_axis',(0.,0.,-1.));
#3493=DIRECTION('center_axis',(0.,1.,0.));
#3494=DIRECTION('ref_axis',(0.866025403784439,0.,-0.5));
#3495=DIRECTION('center_axis',(0.,1.,0.));
#3496=DIRECTION('ref_axis',(0.,0.,1.));
#3497=DIRECTION('center_axis',(0.,1.,0.));
#3498=DIRECTION('ref_axis',(-0.866025403784439,0.,0.5));
#3499=DIRECTION('center_axis',(0.,1.,0.));
#3500=DIRECTION('ref_axis',(0.,0.,1.));
#3501=DIRECTION('center_axis',(0.,1.,0.));
#3502=DIRECTION('ref_axis',(0.866025403784439,0.,-0.5));
#3503=DIRECTION('center_axis',(0.,1.,0.));
#3504=DIRECTION('ref_axis',(0.5,0.,0.866025403784439));
#3505=DIRECTION('center_axis',(-0.866025403784439,0.,-0.5));
#3506=DIRECTION('ref_axis',(0.353553390593282,0.707106781186548,-0.612372435695789));
#3507=DIRECTION('',(0.866025403784439,0.,0.5));
#3508=DIRECTION('center_axis',(1.,0.,-8.88178419700125E-16));
#3509=DIRECTION('ref_axis',(-8.88178419700125E-16,0.,-1.));
#3510=DIRECTION('',(0.,1.,0.));
#3511=DIRECTION('',(-8.88178419700125E-16,0.,-1.));
#3512=DIRECTION('center_axis',(0.5,0.,-0.866025403784439));
#3513=DIRECTION('ref_axis',(-0.866025403784439,0.,-0.5));
#3514=DIRECTION('',(0.,1.,0.));
#3515=DIRECTION('',(-0.866025403784439,0.,-0.5));
#3516=DIRECTION('center_axis',(0.866025403784438,0.,0.500000000000001));
#3517=DIRECTION('ref_axis',(-0.35355339059328,0.707106781186544,0.612372435695794));
#3518=DIRECTION('center_axis',(-1.,0.,0.));
#3519=DIRECTION('ref_axis',(2.65574210060647E-17,-6.00925839494863E-16,
1.));
#3520=DIRECTION('',(-0.866025403784438,0.,-0.500000000000001));
#3521=DIRECTION('center_axis',(-0.866025403784438,0.,-0.500000000000001));
#3522=DIRECTION('ref_axis',(-0.500000000000001,0.,0.866025403784438));
#3523=DIRECTION('',(0.866025403784438,0.,0.500000000000001));
#3524=DIRECTION('center_axis',(-0.500000000000001,0.,0.866025403784438));
#3525=DIRECTION('ref_axis',(0.866025403784438,0.,0.500000000000001));
#3526=DIRECTION('',(0.,1.,0.));
#3527=DIRECTION('',(0.866025403784438,0.,0.500000000000001));
#3528=DIRECTION('',(0.,1.,0.));
#3529=DIRECTION('center_axis',(0.866025403784438,0.,-0.500000000000001));
#3530=DIRECTION('ref_axis',(0.353553390593282,0.707106781186548,0.612372435695789));
#3531=DIRECTION('',(0.866025403784438,0.,-0.500000000000001));
#3532=DIRECTION('center_axis',(0.499999999999995,0.,-0.866025403784441));
#3533=DIRECTION('ref_axis',(-0.866025403784441,0.,-0.499999999999995));
#3534=DIRECTION('',(-0.866025403784438,0.,0.500000000000001));
#3535=DIRECTION('center_axis',(0.,1.,0.));
#3536=DIRECTION('ref_axis',(0.866025403784439,0.,0.5));
#3537=DIRECTION('center_axis',(0.,1.,0.));
#3538=DIRECTION('ref_axis',(-0.901831476198642,0.,-0.432087940745144));
#3539=DIRECTION('center_axis',(0.,-1.,0.));
#3540=DIRECTION('ref_axis',(0.866025403784439,0.,0.5));
#3541=DIRECTION('center_axis',(0.,1.,0.));
#3542=DIRECTION('ref_axis',(-0.82511487145352,0.,-0.564964997947874));
#3543=DIRECTION('',(-0.866025403784439,0.,-0.5));
#3544=DIRECTION('',(-2.22044604925031E-16,0.,-1.));
#3545=DIRECTION('center_axis',(-0.866025403784439,0.,-0.5));
#3546=DIRECTION('ref_axis',(0.353553390593266,0.707106781186548,-0.612372435695798));
#3547=DIRECTION('center_axis',(-0.500000000000003,0.,-0.866025403784437));
#3548=DIRECTION('ref_axis',(0.866025403784437,-8.26273029305439E-16,-0.500000000000003));
#3549=DIRECTION('center_axis',(-0.866025403784438,0.,-0.500000000000001));
#3550=DIRECTION('ref_axis',(0.,1.,0.));
#3551=DIRECTION('',(0.866025403784439,0.,0.5));
#3552=DIRECTION('center_axis',(0.,1.,0.));
#3553=DIRECTION('ref_axis',(0.,0.,1.));
#3554=DIRECTION('center_axis',(-0.562237378629983,0.,0.826975894492267));
#3555=DIRECTION('ref_axis',(0.,-1.,0.));
#3556=DIRECTION('center_axis',(0.150711767107394,-0.789310212477301,0.595210342428965));
#3557=DIRECTION('ref_axis',(-0.193744918633032,-0.613994616001672,-0.765162412841117));
#3558=DIRECTION('center_axis',(0.435063443632607,1.48266204172909E-14,-0.9003998000969));
#3559=DIRECTION('ref_axis',(-0.9003998000969,0.,-0.435063443632607));
#3560=DIRECTION('center_axis',(0.,-1.,0.));
#3561=DIRECTION('ref_axis',(0.584851563054183,0.,-0.811140338778118));
#3562=DIRECTION('center_axis',(-0.811140338778121,0.,-0.584851563054178));
#3563=DIRECTION('ref_axis',(0.,-1.,0.));
#3564=DIRECTION('center_axis',(0.,-1.,0.));
#3565=DIRECTION('ref_axis',(-0.245461056464675,0.,-0.969406452299161));
#3566=DIRECTION('',(0.,-1.,0.));
#3567=DIRECTION('center_axis',(0.,-1.,0.));
#3568=DIRECTION('ref_axis',(-0.245461056464675,0.,-0.969406452299161));
#3569=DIRECTION('center_axis',(0.,0.,1.));
#3570=DIRECTION('ref_axis',(1.,0.,0.));
#3571=DIRECTION('center_axis',(-0.912066480437018,-2.48043287994005E-14,
-0.410042357889073));
#3572=DIRECTION('ref_axis',(-0.410042357889073,0.,0.912066480437018));
#3573=DIRECTION('center_axis',(0.,-1.,0.));
#3574=DIRECTION('ref_axis',(-0.826975894492231,0.,-0.562237378630036));
#3575=DIRECTION('center_axis',(0.,1.,0.));
#3576=DIRECTION('ref_axis',(-0.962261142515966,0.,0.27212771561138));
#3577=DIRECTION('',(0.,1.,0.));
#3578=DIRECTION('center_axis',(0.,-1.,0.));
#3579=DIRECTION('ref_axis',(-0.962261142515966,0.,0.27212771561138));
#3580=DIRECTION('center_axis',(0.,-1.,0.));
#3581=DIRECTION('ref_axis',(0.866025403784439,0.,0.499999999999999));
#3582=DIRECTION('center_axis',(0.,1.,0.));
#3583=DIRECTION('ref_axis',(0.866025403784439,0.,0.5));
#3584=DIRECTION('center_axis',(0.,1.,0.));
#3585=DIRECTION('ref_axis',(0.,0.,1.));
#3586=DIRECTION('center_axis',(0.,1.,0.));
#3587=DIRECTION('ref_axis',(-0.866025403784439,0.,-0.5));
#3588=DIRECTION('center_axis',(0.,1.,0.));
#3589=DIRECTION('ref_axis',(0.,0.,1.));
#3590=DIRECTION('center_axis',(0.,1.,0.));
#3591=DIRECTION('ref_axis',(0.866025403784439,0.,0.5));
#3592=DIRECTION('center_axis',(0.,1.,0.));
#3593=DIRECTION('ref_axis',(-0.5,0.,0.866025403784439));
#3594=DIRECTION('center_axis',(-2.22044604925031E-16,0.,-1.));
#3595=DIRECTION('ref_axis',(0.707106781186547,0.707106781186547,0.));
#3596=DIRECTION('',(2.22044604925031E-16,0.,1.));
#3597=DIRECTION('center_axis',(0.500000000000001,0.,0.866025403784438));
#3598=DIRECTION('ref_axis',(0.866025403784438,0.,-0.500000000000001));
#3599=DIRECTION('',(0.,1.,0.));
#3600=DIRECTION('',(0.866025403784438,0.,-0.500000000000001));
#3601=DIRECTION('center_axis',(1.,0.,-2.22044604925031E-16));
#3602=DIRECTION('ref_axis',(-2.22044604925031E-16,0.,-1.));
#3603=DIRECTION('',(0.,1.,0.));
#3604=DIRECTION('',(-2.22044604925031E-16,0.,-1.));
#3605=DIRECTION('center_axis',(0.500000000000001,0.,-0.866025403784438));
#3606=DIRECTION('ref_axis',(-0.866025403784438,0.,-0.500000000000001));
#3607=DIRECTION('',(-0.866025403784438,0.,-0.500000000000001));
#3608=DIRECTION('center_axis',(0.,1.,0.));
#3609=DIRECTION('ref_axis',(-0.866025403784439,0.,0.499999999999999));
#3610=DIRECTION('center_axis',(0.,1.,0.));
#3611=DIRECTION('ref_axis',(-1.,0.,0.));
#3612=DIRECTION('',(0.866025403784439,0.,-0.5));
#3613=DIRECTION('',(7.77156117237609E-16,0.,-1.));
#3614=DIRECTION('center_axis',(0.,-1.,0.));
#3615=DIRECTION('ref_axis',(-0.499999999999999,0.,-0.866025403784439));
#3616=DIRECTION('center_axis',(1.,0.,7.77156117237609E-16));
#3617=DIRECTION('ref_axis',(7.77156117237609E-16,0.,-1.));
#3618=DIRECTION('',(0.,1.,0.));
#3619=DIRECTION('center_axis',(0.5,0.,0.866025403784439));
#3620=DIRECTION('ref_axis',(0.866025403784439,0.,-0.5));
#3621=DIRECTION('center_axis',(0.,1.,0.));
#3622=DIRECTION('ref_axis',(-0.86602540378444,0.,0.499999999999998));
#3623=DIRECTION('center_axis',(0.,1.,0.));
#3624=DIRECTION('ref_axis',(-0.499999999999999,0.,-0.866025403784439));
#3625=DIRECTION('',(0.,-1.,0.));
#3626=DIRECTION('center_axis',(0.,1.,0.));
#3627=DIRECTION('ref_axis',(-0.499999999999999,0.,-0.866025403784439));
#3628=DIRECTION('center_axis',(1.,0.,2.77555756156289E-16));
#3629=DIRECTION('ref_axis',(2.77555756156289E-16,0.,-1.));
#3630=DIRECTION('',(2.77555756156289E-16,0.,-1.));
#3631=DIRECTION('center_axis',(0.,1.,0.));
#3632=DIRECTION('ref_axis',(-0.866025403784438,0.,-0.5));
#3633=DIRECTION('center_axis',(0.,1.,0.));
#3634=DIRECTION('ref_axis',(-1.,0.,0.));
#3635=DIRECTION('',(0.866025403784439,0.,0.5));
#3636=DIRECTION('',(0.866025403784439,0.,-0.5));
#3637=DIRECTION('center_axis',(0.,-1.,0.));
#3638=DIRECTION('ref_axis',(0.5,0.,-0.866025403784438));
#3639=DIRECTION('center_axis',(0.5,0.,0.866025403784439));
#3640=DIRECTION('ref_axis',(0.866025403784439,0.,-0.5));
#3641=DIRECTION('',(0.,1.,0.));
#3642=DIRECTION('center_axis',(-0.5,0.,0.866025403784439));
#3643=DIRECTION('ref_axis',(0.866025403784439,0.,0.5));
#3644=DIRECTION('center_axis',(0.,1.,0.));
#3645=DIRECTION('ref_axis',(-0.866025403784438,0.,-0.500000000000002));
#3646=DIRECTION('center_axis',(0.,1.,0.));
#3647=DIRECTION('ref_axis',(0.5,0.,-0.866025403784438));
#3648=DIRECTION('',(0.,-1.,0.));
#3649=DIRECTION('center_axis',(0.,1.,0.));
#3650=DIRECTION('ref_axis',(0.5,0.,-0.866025403784438));
#3651=DIRECTION('center_axis',(0.5,0.,0.866025403784439));
#3652=DIRECTION('ref_axis',(0.866025403784439,0.,-0.5));
#3653=DIRECTION('',(0.866025403784439,0.,-0.5));
#3654=DIRECTION('center_axis',(0.,1.,0.));
#3655=DIRECTION('ref_axis',(1.66533453693773E-16,0.,-1.));
#3656=DIRECTION('center_axis',(0.,1.,0.));
#3657=DIRECTION('ref_axis',(-1.,0.,0.));
#3658=DIRECTION('',(2.22044604925031E-16,0.,1.));
#3659=DIRECTION('',(0.866025403784439,0.,0.5));
#3660=DIRECTION('center_axis',(0.,-1.,0.));
#3661=DIRECTION('ref_axis',(1.,0.,8.15477013034108E-17));
#3662=DIRECTION('center_axis',(-0.5,0.,0.866025403784439));
#3663=DIRECTION('ref_axis',(0.866025403784439,0.,0.5));
#3664=DIRECTION('',(0.,1.,0.));
#3665=DIRECTION('center_axis',(-1.,0.,2.22044604925031E-16));
#3666=DIRECTION('ref_axis',(2.22044604925031E-16,0.,1.));
#3667=DIRECTION('center_axis',(0.,1.,0.));
#3668=DIRECTION('ref_axis',(1.47968513756208E-16,0.,-1.));
#3669=DIRECTION('center_axis',(0.,1.,0.));
#3670=DIRECTION('ref_axis',(1.,0.,8.15477013034108E-17));
#3671=DIRECTION('',(0.,-1.,0.));
#3672=DIRECTION('center_axis',(0.,1.,0.));
#3673=DIRECTION('ref_axis',(1.,0.,8.15477013034108E-17));
#3674=DIRECTION('center_axis',(-0.5,0.,0.866025403784439));
#3675=DIRECTION('ref_axis',(0.866025403784439,0.,0.5));
#3676=DIRECTION('',(0.866025403784439,0.,0.5));
#3677=DIRECTION('center_axis',(0.,1.,0.));
#3678=DIRECTION('ref_axis',(0.866025403784439,0.,-0.5));
#3679=DIRECTION('center_axis',(0.,1.,0.));
#3680=DIRECTION('ref_axis',(-1.,0.,0.));
#3681=DIRECTION('',(-0.866025403784439,0.,0.5));
#3682=DIRECTION('',(-1.11022302462516E-16,0.,1.));
#3683=DIRECTION('center_axis',(0.,-1.,0.));
#3684=DIRECTION('ref_axis',(0.5,0.,0.866025403784439));
#3685=DIRECTION('center_axis',(-1.,0.,-1.11022302462516E-16));
#3686=DIRECTION('ref_axis',(-1.11022302462516E-16,0.,1.));
#3687=DIRECTION('',(0.,1.,0.));
#3688=DIRECTION('center_axis',(-0.5,0.,-0.866025403784439));
#3689=DIRECTION('ref_axis',(-0.866025403784439,0.,0.5));
#3690=DIRECTION('center_axis',(0.,1.,0.));
#3691=DIRECTION('ref_axis',(0.866025403784439,0.,-0.5));
#3692=DIRECTION('center_axis',(0.,1.,0.));
#3693=DIRECTION('ref_axis',(0.5,0.,0.866025403784439));
#3694=DIRECTION('',(0.,-1.,0.));
#3695=DIRECTION('center_axis',(0.,1.,0.));
#3696=DIRECTION('ref_axis',(0.5,0.,0.866025403784439));
#3697=DIRECTION('center_axis',(-1.,0.,5.55111512312578E-17));
#3698=DIRECTION('ref_axis',(5.55111512312578E-17,0.,1.));
#3699=DIRECTION('',(5.55111512312578E-17,0.,1.));
#3700=DIRECTION('center_axis',(0.,1.,0.));
#3701=DIRECTION('ref_axis',(0.866025403784439,0.,0.5));
#3702=DIRECTION('center_axis',(0.,1.,0.));
#3703=DIRECTION('ref_axis',(-1.,0.,0.));
#3704=DIRECTION('',(-0.866025403784439,0.,-0.5));
#3705=DIRECTION('',(-0.866025403784439,0.,0.5));
#3706=DIRECTION('center_axis',(0.,-1.,0.));
#3707=DIRECTION('ref_axis',(-0.5,0.,0.866025403784439));
#3708=DIRECTION('center_axis',(-0.5,0.,-0.866025403784439));
#3709=DIRECTION('ref_axis',(-0.866025403784439,0.,0.5));
#3710=DIRECTION('',(0.,1.,0.));
#3711=DIRECTION('center_axis',(0.5,0.,-0.866025403784439));
#3712=DIRECTION('ref_axis',(-0.866025403784439,0.,-0.5));
#3713=DIRECTION('center_axis',(0.,1.,0.));
#3714=DIRECTION('ref_axis',(0.866025403784439,0.,0.499999999999999));
#3715=DIRECTION('center_axis',(0.,1.,0.));
#3716=DIRECTION('ref_axis',(-0.5,0.,0.866025403784439));
#3717=DIRECTION('',(0.,-1.,0.));
#3718=DIRECTION('center_axis',(0.,1.,0.));
#3719=DIRECTION('ref_axis',(-0.5,0.,0.866025403784439));
#3720=DIRECTION('center_axis',(0.,-1.,0.));
#3721=DIRECTION('ref_axis',(1.,0.,-1.2325513343268E-16));
#3722=DIRECTION('center_axis',(0.,1.,0.));
#3723=DIRECTION('ref_axis',(-1.,0.,0.));
#3724=DIRECTION('center_axis',(0.,-1.,0.));
#3725=DIRECTION('ref_axis',(-1.,0.,2.45719813347415E-16));
#3726=DIRECTION('center_axis',(0.,1.,0.));
#3727=DIRECTION('ref_axis',(-1.,0.,0.));
#3728=DIRECTION('center_axis',(0.,-1.,0.));
#3729=DIRECTION('ref_axis',(1.,0.,-1.2325513343268E-16));
#3730=DIRECTION('center_axis',(0.,1.,0.));
#3731=DIRECTION('ref_axis',(-1.,0.,0.));
#3732=DIRECTION('center_axis',(0.,-1.,0.));
#3733=DIRECTION('ref_axis',(1.,0.,-1.2325513343268E-16));
#3734=DIRECTION('center_axis',(0.,1.,0.));
#3735=DIRECTION('ref_axis',(-1.,0.,0.));
#3736=DIRECTION('center_axis',(0.,-1.,0.));
#3737=DIRECTION('ref_axis',(1.,0.,-1.2325513343268E-16));
#3738=DIRECTION('center_axis',(0.,1.,0.));
#3739=DIRECTION('ref_axis',(-1.,0.,0.));
#3740=DIRECTION('center_axis',(0.,1.,0.));
#3741=DIRECTION('ref_axis',(-1.,0.,0.));
#3742=DIRECTION('center_axis',(0.,-1.,0.));
#3743=DIRECTION('ref_axis',(1.,0.,-1.2325513343268E-16));
#3744=DIRECTION('center_axis',(0.,1.,0.));
#3745=DIRECTION('ref_axis',(-1.,0.,0.));
#3746=DIRECTION('center_axis',(-1.39851831736986E-15,0.,1.));
#3747=DIRECTION('ref_axis',(-0.707106781186547,0.707106781186548,0.));
#3748=DIRECTION('center_axis',(-0.500000000000006,0.,-0.866025403784435));
#3749=DIRECTION('ref_axis',(-0.866025403784435,7.51157299368576E-17,0.500000000000006));
#3750=DIRECTION('',(1.39851831736986E-15,0.,-1.));
#3751=DIRECTION('center_axis',(0.,0.,-1.));
#3752=DIRECTION('ref_axis',(-1.,0.,0.));
#3753=DIRECTION('',(-1.39851831736986E-15,0.,1.));
#3754=DIRECTION('center_axis',(-1.,0.,-1.39851831736986E-15));
#3755=DIRECTION('ref_axis',(-1.39851831736986E-15,0.,1.));
#3756=DIRECTION('',(0.,1.,0.));
#3757=DIRECTION('',(-1.39851831736986E-15,0.,1.));
#3758=DIRECTION('',(0.,1.,0.));
#3759=DIRECTION('center_axis',(0.866025403784439,0.,0.499999999999999));
#3760=DIRECTION('ref_axis',(-0.353553390593273,0.707106781186546,0.612372435695796));
#3761=DIRECTION('',(0.866025403784439,0.,0.499999999999999));
#3762=DIRECTION('center_axis',(1.,8.67361737988403E-16,-1.20185167898973E-15));
#3763=DIRECTION('ref_axis',(-1.20185167898973E-15,1.50231459873716E-15,
-1.));
#3764=DIRECTION('',(-0.866025403784439,0.,-0.499999999999999));
#3765=DIRECTION('center_axis',(0.,1.,0.));
#3766=DIRECTION('ref_axis',(0.,0.,1.));
#3767=DIRECTION('center_axis',(0.,1.,0.));
#3768=DIRECTION('ref_axis',(-0.0767166047451205,0.,-0.997052938693017));
#3769=DIRECTION('center_axis',(0.,-1.,0.));
#3770=DIRECTION('ref_axis',(-2.83276944882399E-16,0.,1.));
#3771=DIRECTION('center_axis',(0.,1.,0.));
#3772=DIRECTION('ref_axis',(0.0767166047451204,0.,-0.997052938693017));
#3773=DIRECTION('',(-3.49629579342466E-16,0.,-1.));
#3774=DIRECTION('',(0.866025403784438,0.,-0.5));
#3775=DIRECTION('center_axis',(-3.49629579342466E-16,0.,-1.));
#3776=DIRECTION('ref_axis',(0.707106781186547,0.707106781186547,0.));
#3777=DIRECTION('center_axis',(0.499999999999999,0.,-0.866025403784439));
#3778=DIRECTION('ref_axis',(0.866025403784439,2.25347189810574E-16,0.499999999999999));
#3779=DIRECTION('center_axis',(0.,0.,-1.));
#3780=DIRECTION('ref_axis',(-6.93889390390722E-16,1.,0.));
#3781=DIRECTION('',(3.49629579342466E-16,0.,1.));
#3782=DIRECTION('center_axis',(0.,1.,0.));
#3783=DIRECTION('ref_axis',(0.,0.,1.));
#3784=DIRECTION('center_axis',(-0.997300822262649,0.,-0.0734239056046701));
#3785=DIRECTION('ref_axis',(0.,-1.,0.));
#3786=DIRECTION('center_axis',(-0.82455786661716,-0.421297802917642,-0.377640683529365));
#3787=DIRECTION('ref_axis',(0.565777628224869,-0.613994616001678,-0.550369227810926));
#3788=DIRECTION('center_axis',(0.100926141658886,0.,-0.994893920943258));
#3789=DIRECTION('ref_axis',(0.,-1.,0.));
#3790=DIRECTION('center_axis',(0.997300822262649,-7.61218105555595E-15,
-0.0734239056046686));
#3791=DIRECTION('ref_axis',(-0.0734239056046686,0.,-0.997300822262649));
#3792=DIRECTION('center_axis',(0.,-1.,0.));
#3793=DIRECTION('ref_axis',(0.994893920943257,0.,0.100926141658897));
#3794=DIRECTION('center_axis',(0.,1.,0.));
#3795=DIRECTION('ref_axis',(0.,0.,1.));
#3796=DIRECTION('center_axis',(0.,-1.,0.));
#3797=DIRECTION('ref_axis',(0.71680008605127,0.,-0.69727873668777));
#3798=DIRECTION('',(0.,-1.,0.));
#3799=DIRECTION('center_axis',(0.,-1.,0.));
#3800=DIRECTION('ref_axis',(0.71680008605127,0.,-0.69727873668777));
#3801=DIRECTION('center_axis',(-0.824557866617155,0.421297802917648,0.377640683529368));
#3802=DIRECTION('ref_axis',(-0.565777628224875,-0.613994616001679,-0.550369227810917));
#3803=DIRECTION('center_axis',(-0.100926141658897,-1.11155729598182E-14,
-0.994893920943257));
#3804=DIRECTION('ref_axis',(-0.994893920943257,0.,0.100926141658897));
#3805=DIRECTION('center_axis',(0.,-1.,0.));
#3806=DIRECTION('ref_axis',(0.0734239056046687,0.,-0.997300822262649));
#3807=DIRECTION('center_axis',(0.,1.,0.));
#3808=DIRECTION('ref_axis',(0.,0.,1.));
#3809=DIRECTION('center_axis',(0.,1.,0.));
#3810=DIRECTION('ref_axis',(-2.83276944882399E-16,0.,1.));
#3811=DIRECTION('center_axis',(0.,1.,0.));
#3812=DIRECTION('ref_axis',(-0.716800086051273,0.,-0.697278736687766));
#3813=DIRECTION('',(0.,1.,0.));
#3814=DIRECTION('center_axis',(0.,-1.,0.));
#3815=DIRECTION('ref_axis',(-0.716800086051273,0.,-0.697278736687766));
#3816=DIRECTION('center_axis',(0.,1.,0.));
#3817=DIRECTION('ref_axis',(-1.22464679914735E-16,0.,-1.));
#3818=DIRECTION('center_axis',(0.,1.,0.));
#3819=DIRECTION('ref_axis',(6.12323399573677E-17,0.,-1.));
#3820=DIRECTION('center_axis',(0.,1.,0.));
#3821=DIRECTION('ref_axis',(0.,0.,1.));
#3822=DIRECTION('center_axis',(0.,1.,0.));
#3823=DIRECTION('ref_axis',(-1.,0.,0.));
#3824=DIRECTION('center_axis',(0.866025403784438,0.,-0.5));
#3825=DIRECTION('ref_axis',(0.353553390593274,0.707106781186546,0.612372435695796));
#3826=DIRECTION('',(-0.866025403784438,0.,0.5));
#3827=DIRECTION('center_axis',(-0.499999999999999,0.,0.866025403784439));
#3828=DIRECTION('ref_axis',(0.866025403784439,0.,0.499999999999999));
#3829=DIRECTION('',(0.,1.,0.));
#3830=DIRECTION('',(0.866025403784439,0.,0.499999999999999));
#3831=DIRECTION('center_axis',(0.5,0.,0.866025403784438));
#3832=DIRECTION('ref_axis',(0.866025403784438,0.,-0.5));
#3833=DIRECTION('',(0.,1.,0.));
#3834=DIRECTION('',(0.866025403784438,0.,-0.5));
#3835=DIRECTION('center_axis',(0.,1.,0.));
#3836=DIRECTION('ref_axis',(-2.83276944882399E-16,0.,1.));
#3837=DIRECTION('center_axis',(-0.5,0.,-0.866025403784439));
#3838=DIRECTION('ref_axis',(-0.866025403784438,0.,0.5));
#3839=DIRECTION('',(-0.866025403784438,0.,0.5));
#3840=DIRECTION('center_axis',(0.,1.,0.));
#3841=DIRECTION('ref_axis',(0.,0.,1.));
#3842=DIRECTION('center_axis',(0.,1.,0.));
#3843=DIRECTION('ref_axis',(-1.,0.,0.));
#3844=DIRECTION('',(-3.49629579342466E-16,0.,-1.));
#3845=DIRECTION('',(-0.866025403784439,0.,-0.5));
#3846=DIRECTION('center_axis',(0.,-1.,0.));
#3847=DIRECTION('ref_axis',(-1.,0.,0.));
#3848=DIRECTION('center_axis',(0.5,0.,-0.866025403784439));
#3849=DIRECTION('ref_axis',(-0.866025403784439,0.,-0.5));
#3850=DIRECTION('',(0.,1.,0.));
#3851=DIRECTION('center_axis',(1.,0.,-3.49629579342466E-16));
#3852=DIRECTION('ref_axis',(-3.49629579342466E-16,0.,-1.));
#3853=DIRECTION('center_axis',(0.,1.,0.));
#3854=DIRECTION('ref_axis',(-1.,0.,0.));
#3855=DIRECTION('',(0.,-1.,0.));
#3856=DIRECTION('center_axis',(0.,1.,0.));
#3857=DIRECTION('ref_axis',(-1.,0.,0.));
#3858=DIRECTION('center_axis',(0.,1.,0.));
#3859=DIRECTION('ref_axis',(0.,0.,1.));
#3860=DIRECTION('center_axis',(0.,-1.,0.));
#3861=DIRECTION('ref_axis',(-1.,0.,-1.22464679914735E-16));
#3862=DIRECTION('center_axis',(-1.,0.,1.22464679914735E-16));
#3863=DIRECTION('ref_axis',(-1.22464679914735E-16,0.,-1.));
#3864=DIRECTION('center_axis',(0.,1.,0.));
#3865=DIRECTION('ref_axis',(-1.,0.,-2.02818956623039E-32));
#3866=DIRECTION('center_axis',(0.,1.,0.));
#3867=DIRECTION('ref_axis',(-1.,0.,-2.02818956623039E-32));
#3868=DIRECTION('center_axis',(0.,1.,0.));
#3869=DIRECTION('ref_axis',(0.,0.,1.));
#3870=DIRECTION('center_axis',(0.,1.,0.));
#3871=DIRECTION('ref_axis',(-1.,0.,-1.22464679914735E-16));
#3872=DIRECTION('center_axis',(0.,-1.,0.));
#3873=DIRECTION('ref_axis',(1.,0.,0.));
#3874=DIRECTION('',(-0.0809831321077375,-0.996715472095232,9.9175733520668E-18));
#3875=DIRECTION('center_axis',(0.,1.,0.));
#3876=DIRECTION('ref_axis',(0.,0.,1.));
#3877=DIRECTION('center_axis',(0.,-1.,0.));
#3878=DIRECTION('ref_axis',(-1.,0.,-1.22464679914735E-16));
#3879=DIRECTION('center_axis',(0.,-1.,0.));
#3880=DIRECTION('ref_axis',(-1.,0.,-1.22464679914735E-16));
#3881=DIRECTION('center_axis',(-1.,0.,1.22464679914735E-16));
#3882=DIRECTION('ref_axis',(-1.22464679914735E-16,0.,-1.));
#3883=DIRECTION('center_axis',(0.,-1.,0.));
#3884=DIRECTION('ref_axis',(1.,0.,0.));
#3885=DIRECTION('center_axis',(0.,1.,0.));
#3886=DIRECTION('ref_axis',(1.,0.,0.));
#3887=DIRECTION('',(0.,1.,0.));
#3888=DIRECTION('center_axis',(0.,1.,0.));
#3889=DIRECTION('ref_axis',(1.,0.,0.));
#3890=DIRECTION('center_axis',(0.,1.,0.));
#3891=DIRECTION('ref_axis',(0.,0.,1.));
#3892=DIRECTION('center_axis',(0.,-1.,0.));
#3893=DIRECTION('ref_axis',(1.,0.,0.));
#3894=DIRECTION('center_axis',(-1.,0.,1.22464679914735E-16));
#3895=DIRECTION('ref_axis',(-1.22464679914735E-16,0.,-1.));
#3896=DIRECTION('center_axis',(0.,1.,0.));
#3897=DIRECTION('ref_axis',(0.,0.,1.));
#3898=DIRECTION('center_axis',(0.,-1.,0.));
#3899=DIRECTION('ref_axis',(-1.,0.,0.));
#3900=DIRECTION('center_axis',(0.,-1.,0.));
#3901=DIRECTION('ref_axis',(-1.,0.,0.));
#3902=DIRECTION('',(0.,1.,0.));
#3903=CARTESIAN_POINT('',(0.,0.,0.));
#3904=CARTESIAN_POINT('Origin',(0.89541856128022,0.102362204724409,-0.623802677518161));
#3905=CARTESIAN_POINT('',(0.806343758130613,0.102362204724409,-0.59055957638864));
#3906=CARTESIAN_POINT('',(0.822091789626676,0.118110236220472,-0.581467446165181));
#3907=CARTESIAN_POINT('Origin',(0.822091789626676,0.102362204724409,-0.581467446165181));
#3908=CARTESIAN_POINT('',(0.86637329184945,0.102362204724409,-0.625217643840538));
#3909=CARTESIAN_POINT('',(0.887544545532188,0.102362204724409,-0.637440872853349));
#3910=CARTESIAN_POINT('',(0.874247307597481,0.118110236220472,-0.61157944850535));
#3911=CARTESIAN_POINT('Origin',(0.874247307597481,0.102362204724409,-0.61157944850535));
#3912=CARTESIAN_POINT('',(0.89541856128022,0.118110236220472,-0.623802677518161));
#3913=CARTESIAN_POINT('Ctrl Pts',(0.874247307597481,0.118110236220472,-0.61157944850535));
#3914=CARTESIAN_POINT('Ctrl Pts',(0.877489183706985,0.118110236220472,-0.613097998491712));
#3915=CARTESIAN_POINT('Ctrl Pts',(0.885056983801628,0.120977461212837,-0.616661251369473));
#3916=CARTESIAN_POINT('Ctrl Pts',(0.888697354198031,0.129137994181595,-0.618390537622551));
#3917=CARTESIAN_POINT('Ctrl Pts',(0.888697354198031,0.133858267716536,-0.618390537622551));
#3918=CARTESIAN_POINT('Ctrl Pts',(0.872185895095126,0.118110236220472,-0.615149919694787));
#3919=CARTESIAN_POINT('Ctrl Pts',(0.875395955875433,0.118192113169263,-0.616708794252748));
#3920=CARTESIAN_POINT('Ctrl Pts',(0.882771797470988,0.12125654221699,-0.620287862932131));
#3921=CARTESIAN_POINT('Ctrl Pts',(0.8862161080657,0.129260591605897,-0.621956369792936));
#3922=CARTESIAN_POINT('Ctrl Pts',(0.8862161080657,0.133858267716536,-0.621956369792936));
#3923=CARTESIAN_POINT('Ctrl Pts',(0.868080330381529,0.114696159156313,-0.622260966372498));
#3924=CARTESIAN_POINT('Ctrl Pts',(0.871876604484547,0.114845947812608,-0.624349458400099));
#3925=CARTESIAN_POINT('Ctrl Pts',(0.880495670981809,0.118687021008459,-0.629084494983588));
#3926=CARTESIAN_POINT('Ctrl Pts',(0.884409194949671,0.128318479349713,-0.631228240973844));
#3927=CARTESIAN_POINT('Ctrl Pts',(0.884409194949671,0.133858267716536,-0.631228240973844));
#3928=CARTESIAN_POINT('Ctrl Pts',(0.866373291849449,0.106485029729121,-0.625217643840538));
#3929=CARTESIAN_POINT('Ctrl Pts',(0.871706183927482,0.106536502802469,-0.628298509451958));
#3930=CARTESIAN_POINT('Ctrl Pts',(0.884091008500904,0.111643685714598,-0.635450379157825));
#3931=CARTESIAN_POINT('Ctrl Pts',(0.889987690973905,0.12572749486508,-0.638851423531793));
#3932=CARTESIAN_POINT('Ctrl Pts',(0.889987690973905,0.133858267716536,-0.638851423531793));
#3933=CARTESIAN_POINT('Ctrl Pts',(0.866373291849449,0.102362204724409,-0.625217643840538));
#3934=CARTESIAN_POINT('Ctrl Pts',(0.872505099879958,0.102362204724409,-0.628757844857571));
#3935=CARTESIAN_POINT('Ctrl Pts',(0.886838704116614,0.108096654709139,-0.637033355122062));
#3936=CARTESIAN_POINT('Ctrl Pts',(0.893749845420153,0.124417720646654,-0.641023504414067));
#3937=CARTESIAN_POINT('Ctrl Pts',(0.893749845420153,0.133858267716536,-0.641023504414067));
#3938=CARTESIAN_POINT('',(0.880377071721926,0.116458261592411,-0.630179383958263));
#3939=CARTESIAN_POINT('',(0.888697354198031,0.133858267716535,-0.618390537622551));
#3940=CARTESIAN_POINT('Ctrl Pts',(0.880377071721926,0.116458261592411,-0.630179383958263));
#3941=CARTESIAN_POINT('Ctrl Pts',(0.881100322601882,0.118935539991006,-0.629168983573825));
#3942=CARTESIAN_POINT('Ctrl Pts',(0.881983928552676,0.121133710043008,-0.627930281286372));
#3943=CARTESIAN_POINT('Ctrl Pts',(0.884595378080002,0.126844814963818,-0.624251505615161));
#3944=CARTESIAN_POINT('Ctrl Pts',(0.886647569330981,0.130247970034913,-0.621335699805119));
#3945=CARTESIAN_POINT('Ctrl Pts',(0.888656643111848,0.133786497445404,-0.618449040992004));
#3946=CARTESIAN_POINT('Ctrl Pts',(0.888677002373025,0.133822377567769,-0.618419785503842));
#3947=CARTESIAN_POINT('Ctrl Pts',(0.888697354198031,0.133858267716337,-0.618390537622551));
#3948=CARTESIAN_POINT('Ctrl Pts',(0.888697354198031,0.133858267716536,-0.618390537622551));
#3949=CARTESIAN_POINT('Ctrl Pts',(0.888697354198031,0.131762719017864,-0.618390537622551));
#3950=CARTESIAN_POINT('Ctrl Pts',(0.888285919085313,0.129674336056979,-0.618195095048741));
#3951=CARTESIAN_POINT('Ctrl Pts',(0.887536798919115,0.127750592536196,-0.617840144333082));
#3952=CARTESIAN_POINT('Ctrl Pts',(0.886804503479411,0.125870054978947,-0.617493165567691));
#3953=CARTESIAN_POINT('Ctrl Pts',(0.885748978034998,0.124139072126122,-0.616993501376638));
#3954=CARTESIAN_POINT('Ctrl Pts',(0.884427709170675,0.122689807650347,-0.616369582118099));
#3955=CARTESIAN_POINT('Ctrl Pts',(0.884056730124829,0.122282890657963,-0.61619440129195));
#3956=CARTESIAN_POINT('Ctrl Pts',(0.883665075043356,0.121898579543981,-0.61600947387666));
#3957=CARTESIAN_POINT('Ctrl Pts',(0.883254350976381,0.121540110550659,-0.615815610227032));
#3958=CARTESIAN_POINT('Ctrl Pts',(0.882196514123716,0.120616858805355,-0.615316306364758));
#3959=CARTESIAN_POINT('Ctrl Pts',(0.881012091705393,0.119865372757628,-0.614757684093384));
#3960=CARTESIAN_POINT('Ctrl Pts',(0.879758636534679,0.119304767524651,-0.614167684207019));
#3961=CARTESIAN_POINT('Ctrl Pts',(0.878015620331054,0.11852520713211,-0.613347248513668));
#3962=CARTESIAN_POINT('Ctrl Pts',(0.876133647369893,0.118110236220472,-0.61246304218349));
#3963=CARTESIAN_POINT('Ctrl Pts',(0.874247307597481,0.118110236220472,-0.61157944850535));
#3964=CARTESIAN_POINT('',(0.879193733159022,0.10602886175979,-0.632619529081749));
#3965=CARTESIAN_POINT('Ctrl Pts',(0.866373291849449,0.102362204724409,-0.625217643840538));
#3966=CARTESIAN_POINT('Ctrl Pts',(0.870819309390968,0.102362204724409,-0.627784553264955));
#3967=CARTESIAN_POINT('Ctrl Pts',(0.875271196853895,0.103654257424262,-0.630354851690078));
#3968=CARTESIAN_POINT('Ctrl Pts',(0.879205010533903,0.106042755761035,-0.632626040077172));
#3969=CARTESIAN_POINT('Ctrl Pts',(0.879193733159022,0.10602886175979,-0.632619529081749));
#3970=CARTESIAN_POINT('Ctrl Pts',(0.879047039388212,0.107930066349487,-0.632534835393684));
#3971=CARTESIAN_POINT('Ctrl Pts',(0.879068587798424,0.110319435264071,-0.632217469885612));
#3972=CARTESIAN_POINT('Ctrl Pts',(0.879807681095008,0.114332856136777,-0.630997648617514));
#3973=CARTESIAN_POINT('Ctrl Pts',(0.880073905940205,0.115419858337937,-0.630602914507823));
#3974=CARTESIAN_POINT('Ctrl Pts',(0.880377071721926,0.116458261592411,-0.630179383958263));
#3975=CARTESIAN_POINT('Origin',(0.914611474666047,0.,-0.653067971674918));
#3976=CARTESIAN_POINT('',(0.806343758130613,0.,-0.59055957638864));
#3977=CARTESIAN_POINT('',(0.806343758130613,0.,-0.59055957638864));
#3978=CARTESIAN_POINT('',(0.914611474666047,0.,-0.653067971674918));
#3979=CARTESIAN_POINT('',(0.914611474666047,0.,-0.653067971674918));
#3980=CARTESIAN_POINT('',(0.914611474666047,0.0268545658063704,-0.653067971674918));
#3981=CARTESIAN_POINT('',(0.914611474666047,0.,-0.653067971674918));
#3982=CARTESIAN_POINT('Ctrl Pts',(0.879193733159022,0.10602886175979,-0.632619529081749));
#3983=CARTESIAN_POINT('Ctrl Pts',(0.880108757248109,0.0941698169737998,
-0.633147818485898));
#3984=CARTESIAN_POINT('Ctrl Pts',(0.882871108086913,0.0816713504739629,
-0.634742662486278));
#3985=CARTESIAN_POINT('Ctrl Pts',(0.891437677692313,0.0578608993407147,
-0.639688573753987));
#3986=CARTESIAN_POINT('Ctrl Pts',(0.899884153350097,0.0433186947189472,
-0.644565148748713));
#3987=CARTESIAN_POINT('Ctrl Pts',(0.910633549109743,0.0309427946792315,
-0.65077131528417));
#3988=CARTESIAN_POINT('Ctrl Pts',(0.91256720038186,0.0288722952262632,-0.651887709366646));
#3989=CARTESIAN_POINT('Ctrl Pts',(0.914611474666047,0.0268545658063704,
-0.653067971674918));
#3990=CARTESIAN_POINT('Origin',(0.822091789626676,0.102362204724409,-0.559305378745501));
#3991=CARTESIAN_POINT('',(0.822091789626676,0.118110236220472,-0.474634916039542));
#3992=CARTESIAN_POINT('',(0.822091789626676,0.118110236220472,-0.559305378745501));
#3993=CARTESIAN_POINT('',(0.806343758130613,0.102362204724409,-0.465542785816083));
#3994=CARTESIAN_POINT('Origin',(0.822091789626676,0.102362204724409,-0.474634916039542));
#3995=CARTESIAN_POINT('',(0.806343758130613,0.102362204724409,-0.559305378745501));
#3996=CARTESIAN_POINT('Origin',(0.914611474666047,0.118110236220472,-0.528051181102361));
#3997=CARTESIAN_POINT('',(0.882324674832261,0.118110236220472,-0.599867439404489));
#3998=CARTESIAN_POINT('Origin',(0.,0.118110236220472,0.));
#3999=CARTESIAN_POINT('',(0.960662778843541,0.118110236220472,-0.464181863088336));
#4000=CARTESIAN_POINT('Origin',(0.914611474666047,0.118110236220472,-0.528051181102361));
#4001=CARTESIAN_POINT('',(0.966766992636851,0.118110236220472,-0.45133065331689));
#4002=CARTESIAN_POINT('Origin',(0.,0.118110236220472,0.));
#4003=CARTESIAN_POINT('',(0.914611474666046,0.118110236220472,-0.421218650976722));
#4004=CARTESIAN_POINT('',(0.933804388051873,0.118110236220472,-0.432299684686562));
#4005=CARTESIAN_POINT('',(0.841284703012503,0.118110236220472,-0.463553882329701));
#4006=CARTESIAN_POINT('Origin',(0.933804388051873,0.102362204724409,-0.432299684686562));
#4007=CARTESIAN_POINT('',(0.914611474666046,0.102362204724409,-0.403034390529805));
#4008=CARTESIAN_POINT('Origin',(0.914611474666046,0.102362204724409,-0.421218650976722));
#4009=CARTESIAN_POINT('',(0.974641008384883,0.102362204724409,-0.437692457981703));
#4010=CARTESIAN_POINT('Origin',(0.966766992636851,0.102362204724409,-0.45133065331689));
#4011=CARTESIAN_POINT('',(0.941678403799905,0.102362204724409,-0.418661489351374));
#4012=CARTESIAN_POINT('Ctrl Pts',(0.979890592140062,0.133858267716535,-0.460439216200235));
#4013=CARTESIAN_POINT('Ctrl Pts',(0.979890592140062,0.13031806276713,-0.460439216200235));
#4014=CARTESIAN_POINT('Ctrl Pts',(0.977472095914259,0.12205017588561,-0.458771670619962));
#4015=CARTESIAN_POINT('Ctrl Pts',(0.970681713766509,0.118110236220472,-0.454061682680775));
#4016=CARTESIAN_POINT('Ctrl Pts',(0.966766992636851,0.118110236220472,-0.45133065331689));
#4017=CARTESIAN_POINT('Ctrl Pts',(0.981738070319082,0.133858267716535,-0.456507477931402));
#4018=CARTESIAN_POINT('Ctrl Pts',(0.981738070319082,0.130410010830115,-0.456507477931402));
#4019=CARTESIAN_POINT('Ctrl Pts',(0.979437392514433,0.122337929341984,-0.454945840275698));
#4020=CARTESIAN_POINT('Ctrl Pts',(0.972768478853308,0.118219405482826,-0.450427591267426));
#4021=CARTESIAN_POINT('Ctrl Pts',(0.968828405139207,0.118110236220472,-0.447760182127453));
#4022=CARTESIAN_POINT('Ctrl Pts',(0.988864199210227,0.133858267716536,-0.45030642106523));
#4023=CARTESIAN_POINT('Ctrl Pts',(0.988864199210227,0.129703426678254,-0.45030642106523));
#4024=CARTESIAN_POINT('Ctrl Pts',(0.986089574658774,0.119991440680919,-0.448619752112194));
#4025=CARTESIAN_POINT('Ctrl Pts',(0.97787648979211,0.114896052941489,-0.443640215049719));
#4026=CARTESIAN_POINT('Ctrl Pts',(0.972934057643664,0.114696334738035,-0.44064898339151));
#4027=CARTESIAN_POINT('Ctrl Pts',(0.998255407509338,0.133858267716535,-0.451326237672958));
#4028=CARTESIAN_POINT('Ctrl Pts',(0.998255407509338,0.127760188425549,-0.451326237672958));
#4029=CARTESIAN_POINT('Ctrl Pts',(0.993962310673696,0.113510949605382,-0.448846255264032));
#4030=CARTESIAN_POINT('Ctrl Pts',(0.981753746774505,0.106553660491888,-0.441796440826211));
#4031=CARTESIAN_POINT('Ctrl Pts',(0.974641008384882,0.106485029729121,-0.437692457981702));
#4032=CARTESIAN_POINT('Ctrl Pts',(1.00201756195559,0.133858267716535,-0.453498318555232));
#4033=CARTESIAN_POINT('Ctrl Pts',(1.00201756195559,0.126777857817724,-0.453498318555232));
#4034=CARTESIAN_POINT('Ctrl Pts',(0.996979905588206,0.110242084054685,-0.450589826295441));
#4035=CARTESIAN_POINT('Ctrl Pts',(0.982816752223355,0.102362204724409,-0.44241272588767));
#4036=CARTESIAN_POINT('Ctrl Pts',(0.974641008384882,0.10236220472441,-0.437692457981702));
#4037=CARTESIAN_POINT('',(0.987461449694455,0.10602886175979,-0.445094343222914));
#4038=CARTESIAN_POINT('',(0.98593250396778,0.116465915556105,-0.447341205418404));
#4039=CARTESIAN_POINT('Ctrl Pts',(0.985919940032322,0.116478930476198,-0.447344585866615));
#4040=CARTESIAN_POINT('Ctrl Pts',(0.986220961840508,0.115003145114529,-0.44667070271499));
#4041=CARTESIAN_POINT('Ctrl Pts',(0.98651374570636,0.113427008092095,-0.446090010999546));
#4042=CARTESIAN_POINT('Ctrl Pts',(0.986768721179029,0.111774152238276,-0.44568243893745));
#4043=CARTESIAN_POINT('Ctrl Pts',(0.986799445502458,0.111574984540684,-0.445633326857275));
#4044=CARTESIAN_POINT('Ctrl Pts',(0.986829641800824,0.111374759073395,-0.445586746559983));
#4045=CARTESIAN_POINT('Ctrl Pts',(0.986859277560238,0.111173563080012,-0.445542853573938));
#4046=CARTESIAN_POINT('Ctrl Pts',(0.987104965658226,0.109505596342698,-0.445178969385716));
#4047=CARTESIAN_POINT('Ctrl Pts',(0.987307116065546,0.107803632958136,-0.445004556835985));
#4048=CARTESIAN_POINT('Ctrl Pts',(0.987439931879155,0.10608737426367,-0.445081919906458));
#4049=CARTESIAN_POINT('Ctrl Pts',(0.987439931879155,0.10608737426367,-0.445081919906458));
#4050=CARTESIAN_POINT('Ctrl Pts',(0.983508642138258,0.103693790974854,-0.442812188716288));
#4051=CARTESIAN_POINT('Ctrl Pts',(0.97908702588373,0.102362204724409,-0.440259367381484));
#4052=CARTESIAN_POINT('Ctrl Pts',(0.974641008384882,0.10236220472441,-0.437692457981702));
#4053=CARTESIAN_POINT('',(0.979890592140062,0.133858267716535,-0.460439216200235));
#4054=CARTESIAN_POINT('Ctrl Pts',(0.966766992636851,0.118110236220472,-0.45133065331689));
#4055=CARTESIAN_POINT('Ctrl Pts',(0.970681713766509,0.118110236220472,-0.454061682680775));
#4056=CARTESIAN_POINT('Ctrl Pts',(0.974561932136652,0.120361630314837,-0.45675310436031));
#4057=CARTESIAN_POINT('Ctrl Pts',(0.977014595920037,0.12402623166353,-0.45845107547367));
#4058=CARTESIAN_POINT('Ctrl Pts',(0.978854093757575,0.12677468267505,-0.459724553808689));
#4059=CARTESIAN_POINT('Ctrl Pts',(0.979890592140062,0.13031806276713,-0.460439216200235));
#4060=CARTESIAN_POINT('Ctrl Pts',(0.979890592140062,0.133858267716535,-0.460439216200235));
#4061=CARTESIAN_POINT('Ctrl Pts',(0.979890592140062,0.133858267716501,-0.460439216200235));
#4062=CARTESIAN_POINT('Ctrl Pts',(0.9799057456773,0.133822377469558,-0.460406966973725));
#4063=CARTESIAN_POINT('Ctrl Pts',(0.979920901959473,0.133786497543927,-0.460374707769322));
#4064=CARTESIAN_POINT('Ctrl Pts',(0.981416285159885,0.130247969598059,-0.457191468948028));
#4065=CARTESIAN_POINT('Ctrl Pts',(0.9829153513189,0.12684481476612,-0.453956316537197));
#4066=CARTESIAN_POINT('Ctrl Pts',(0.984795539521854,0.121133710510153,-0.44985534754889));
#4067=CARTESIAN_POINT('Ctrl Pts',(0.985426484035822,0.118935541081751,-0.448470771556892));
#4068=CARTESIAN_POINT('Ctrl Pts',(0.985939890926993,0.116458263440714,-0.447339217885664));
#4069=CARTESIAN_POINT('Origin',(0.,0.133858267716535,0.));
#4070=CARTESIAN_POINT('',(0.974842303254516,0.133858267716535,-0.471033255901448));
#4071=CARTESIAN_POINT('Origin',(0.960662778843541,0.133858267716535,-0.464181863088335));
#4072=CARTESIAN_POINT('Origin',(0.,0.133858267716535,0.));
#4073=CARTESIAN_POINT('Origin',(0.882324674832261,0.133858267716535,-0.599867439404489));
#4074=CARTESIAN_POINT('',(0.895347917265209,0.133858267716535,-0.608721571351418));
#4075=CARTESIAN_POINT('Origin',(0.882324674832261,0.133858267716535,-0.599867439404489));
#4076=CARTESIAN_POINT('',(0.888782034799018,0.133858267716535,-0.585504187744063));
#4077=CARTESIAN_POINT('Origin',(0.882324674832261,0.133858267716535,-0.599867439404489));
#4078=CARTESIAN_POINT('Origin',(0.882324674832261,0.133858267716535,-0.599867439404489));
#4079=CARTESIAN_POINT('Origin',(0.882324674832261,0.393700787401575,-0.599867439404489));
#4080=CARTESIAN_POINT('',(0.888782034799018,0.196850393700787,-0.585504187744063));
#4081=CARTESIAN_POINT('',(0.888782034799018,0.393700787401575,-0.585504187744063));
#4082=CARTESIAN_POINT('',(0.89534791726521,0.21259842519685,-0.608721571351418));
#4083=CARTESIAN_POINT('',(0.895347917265209,0.393700787401575,-0.608721571351418));
#4084=CARTESIAN_POINT('',(0.89108245316331,0.196850393700787,-0.5867792074878));
#4085=CARTESIAN_POINT('Ctrl Pts',(0.89534791726521,0.21259842519685,-0.608721571351418));
#4086=CARTESIAN_POINT('Ctrl Pts',(0.895368937742977,0.212561310906045,-0.608690653043484));
#4087=CARTESIAN_POINT('Ctrl Pts',(0.895389848179436,0.212524196504356,-0.608659659786506));
#4088=CARTESIAN_POINT('Ctrl Pts',(0.896326039687683,0.21085373204093,-0.607261330428471));
#4089=CARTESIAN_POINT('Ctrl Pts',(0.897033021387381,0.209211679761756,-0.605741831369186));
#4090=CARTESIAN_POINT('Ctrl Pts',(0.897922090268229,0.206108254448513,-0.602570282842612));
#4091=CARTESIAN_POINT('Ctrl Pts',(0.898132284781737,0.204623335046844,-0.600908516913419));
#4092=CARTESIAN_POINT('Ctrl Pts',(0.897981260669622,0.20182142186589,-0.597408630380268));
#4093=CARTESIAN_POINT('Ctrl Pts',(0.89759807993073,0.200493010427485,-0.595542162271865));
#4094=CARTESIAN_POINT('Ctrl Pts',(0.896232342387416,0.198594277392872,-0.592330214988233));
#4095=CARTESIAN_POINT('Ctrl Pts',(0.895426104768097,0.197921426366966,-0.590977631693971));
#4096=CARTESIAN_POINT('Ctrl Pts',(0.893456230078366,0.197074536616968,-0.588637366924498));
#4097=CARTESIAN_POINT('Ctrl Pts',(0.892379114345112,0.196859125512421,-0.587657354838944));
#4098=CARTESIAN_POINT('Ctrl Pts',(0.891132496930758,0.196850480158585,-0.586812797497444));
#4099=CARTESIAN_POINT('Ctrl Pts',(0.891107493284196,0.196850393700787,-0.586795962678984));
#4100=CARTESIAN_POINT('Ctrl Pts',(0.891082453163311,0.196850393700787,-0.586779207487794));
#4101=CARTESIAN_POINT('Origin',(0.882324674832261,0.196850393700787,-0.599867439404489));
#4102=CARTESIAN_POINT('Origin',(0.960662778843541,0.133858267716535,-0.464181863088336));
#4103=CARTESIAN_POINT('',(0.951452518008042,0.133858267716535,-0.476955726691141));
#4104=CARTESIAN_POINT('Origin',(0.960662778843541,0.133858267716535,-0.464181863088336));
#4105=CARTESIAN_POINT('Origin',(0.960662778843541,0.133858267716535,-0.464181863088336));
#4106=CARTESIAN_POINT('Origin',(0.960662778843541,0.393700787401575,-0.464181863088336));
#4107=CARTESIAN_POINT('',(0.974842303254516,0.21259842519685,-0.471033255901448));
#4108=CARTESIAN_POINT('',(0.974842303254516,0.393700787401575,-0.471033255901448));
#4109=CARTESIAN_POINT('',(0.951452518008042,0.196850393700787,-0.476955726691141));
#4110=CARTESIAN_POINT('',(0.951452518008042,0.393700787401575,-0.476955726691141));
#4111=CARTESIAN_POINT('',(0.953706926678591,0.196850393700787,-0.478310437562082));
#4112=CARTESIAN_POINT('Origin',(0.960662778843541,0.196850393700787,-0.464181863088336));
#4113=CARTESIAN_POINT('Ctrl Pts',(0.953706926678588,0.196850393700787,-0.478310437562087));
#4114=CARTESIAN_POINT('Ctrl Pts',(0.955029782163547,0.196850393700787,-0.478961712551369));
#4115=CARTESIAN_POINT('Ctrl Pts',(0.956414259148159,0.197057251317182,-0.479412705334156));
#4116=CARTESIAN_POINT('Ctrl Pts',(0.959418354136846,0.197886055024522,-0.479965083967183));
#4117=CARTESIAN_POINT('Ctrl Pts',(0.960988090756698,0.19854800211559,-0.479996930852962));
#4118=CARTESIAN_POINT('Ctrl Pts',(0.96444250059676,0.200420627286958,-0.479598141340781));
#4119=CARTESIAN_POINT('Ctrl Pts',(0.966246474139689,0.201732725931812,-0.479013163855202));
#4120=CARTESIAN_POINT('Ctrl Pts',(0.969380260136115,0.204530125936846,-0.477412620395009));
#4121=CARTESIAN_POINT('Ctrl Pts',(0.970737955356569,0.206030377421178,-0.476394124172889));
#4122=CARTESIAN_POINT('Ctrl Pts',(0.973079541895011,0.209169430065512,-0.474017760762544));
#4123=CARTESIAN_POINT('Ctrl Pts',(0.974057442655686,0.210832783973786,-0.472629390155296));
#4124=CARTESIAN_POINT('Ctrl Pts',(0.974809651723626,0.212524196504332,-0.471100524920829));
#4125=CARTESIAN_POINT('Ctrl Pts',(0.974826037453285,0.212561310906041,-0.471066919323166));
#4126=CARTESIAN_POINT('Ctrl Pts',(0.974842303254516,0.21259842519685,-0.471033255901448));
#4127=CARTESIAN_POINT('Origin',(0.914611474666047,0.133858267716535,-0.528051181102361));
#4128=CARTESIAN_POINT('Origin',(0.914611474666047,0.133858267716535,-0.528051181102361));
#4129=CARTESIAN_POINT('Origin',(0.,0.21259842519685,0.));
#4130=CARTESIAN_POINT('Origin',(0.,0.21259842519685,0.));
#4131=CARTESIAN_POINT('Origin',(0.,0.196850393700787,0.));
#4132=CARTESIAN_POINT('Origin',(0.,0.133858267716535,0.));
#4133=CARTESIAN_POINT('Origin',(0.,0.133858267716535,0.));
#4134=CARTESIAN_POINT('Origin',(0.914611474666047,0.196850393700787,-0.528051181102361));
#4135=CARTESIAN_POINT('Origin',(0.914611474666047,0.196850393700787,-0.528051181102361));
#4136=CARTESIAN_POINT('Origin',(0.,0.393700787401575,0.));
#4137=CARTESIAN_POINT('',(-1.08267716535433,0.78740157480315,1.32589712506111E-16));
#4138=CARTESIAN_POINT('Origin',(0.,0.78740157480315,0.));
#4139=CARTESIAN_POINT('',(-1.08267716535433,0.116458261592411,1.32589712506111E-16));
#4140=CARTESIAN_POINT('',(-1.08267716535433,0.393700787401575,1.32589712506111E-16));
#4141=CARTESIAN_POINT('',(-0.985937121557353,0.11646000624018,0.44734439487703));
#4142=CARTESIAN_POINT('Origin',(0.,0.116458263446843,0.));
#4143=CARTESIAN_POINT('',(-0.979890592140062,0.133858267716535,0.460439216200235));
#4144=CARTESIAN_POINT('Ctrl Pts',(-0.979890592140062,0.133858267716501,
0.460439216200235));
#4145=CARTESIAN_POINT('Ctrl Pts',(-0.979905745675276,0.133822377474352,
0.460406966978034));
#4146=CARTESIAN_POINT('Ctrl Pts',(-0.979920901961498,0.133786497539142,
0.460374707765011));
#4147=CARTESIAN_POINT('Ctrl Pts',(-0.981416285123848,0.130247969683164,
0.457191469024741));
#4148=CARTESIAN_POINT('Ctrl Pts',(-0.9829153513064,0.12684481480409,0.453956316564463));
#4149=CARTESIAN_POINT('Ctrl Pts',(-0.984795539521854,0.121133710510154,
0.449855347548892));
#4150=CARTESIAN_POINT('Ctrl Pts',(-0.985426484035821,0.118935541081752,
0.448470771556893));
#4151=CARTESIAN_POINT('Ctrl Pts',(-0.985939890926993,0.116458263440714,
0.447339217885665));
#4152=CARTESIAN_POINT('',(-0.974842303254515,0.133858267716535,0.471033255901449));
#4153=CARTESIAN_POINT('Origin',(0.,0.133858267716535,0.));
#4154=CARTESIAN_POINT('',(-0.974842303254515,0.21259842519685,0.471033255901449));
#4155=CARTESIAN_POINT('',(-0.974842303254515,0.393700787401575,0.471033255901449));
#4156=CARTESIAN_POINT('',(-0.895347917265209,0.21259842519685,0.608721571351419));
#4157=CARTESIAN_POINT('Origin',(0.,0.21259842519685,0.));
#4158=CARTESIAN_POINT('',(-0.895347917265209,0.133858267716535,0.608721571351419));
#4159=CARTESIAN_POINT('',(-0.895347917265209,0.393700787401575,0.608721571351419));
#4160=CARTESIAN_POINT('',(-0.888697354198031,0.133858267716535,0.618390537622552));
#4161=CARTESIAN_POINT('Origin',(0.,0.133858267716535,0.));
#4162=CARTESIAN_POINT('',(-0.880377071721925,0.116458261592411,0.630179383958263));
#4163=CARTESIAN_POINT('Ctrl Pts',(-0.880377071721925,0.116458261592411,
0.630179383958263));
#4164=CARTESIAN_POINT('Ctrl Pts',(-0.881100322601882,0.118935539991006,
0.629168983573825));
#4165=CARTESIAN_POINT('Ctrl Pts',(-0.881983928552675,0.121133710043008,
0.627930281286372));
#4166=CARTESIAN_POINT('Ctrl Pts',(-0.884595377921651,0.126844814617514,
0.624251505838231));
#4167=CARTESIAN_POINT('Ctrl Pts',(-0.886647568889402,0.130247969258722,
0.621335700439584));
#4168=CARTESIAN_POINT('Ctrl Pts',(-0.888656643136892,0.133786497489448,
0.618449040956021));
#4169=CARTESIAN_POINT('Ctrl Pts',(-0.888677002348024,0.13382237752368,0.618419785539772));
#4170=CARTESIAN_POINT('Ctrl Pts',(-0.888697354198031,0.133858267716337,
0.618390537622552));
#4171=CARTESIAN_POINT('',(-0.105557514672087,0.11646596449189,1.07751314297418));
#4172=CARTESIAN_POINT('Origin',(0.,0.116458263446843,0.));
#4173=CARTESIAN_POINT('',(-0.0911932379420317,0.133858267716535,1.07882975382279));
#4174=CARTESIAN_POINT('Ctrl Pts',(-0.0911932379420317,0.133858267716531,
1.07882975382279));
#4175=CARTESIAN_POINT('Ctrl Pts',(-0.0912287433748031,0.133822377454685,
1.07882675255649));
#4176=CARTESIAN_POINT('Ctrl Pts',(-0.0912642587731943,0.133786497562576,
1.07882374868249));
#4177=CARTESIAN_POINT('Ctrl Pts',(-0.0947687161657123,0.130247969508886,
1.07852716910277));
#4178=CARTESIAN_POINT('Ctrl Pts',(-0.0983199734311951,0.126844814663693,
1.07820782227125));
#4179=CARTESIAN_POINT('Ctrl Pts',(-0.102811610823909,0.121133710409774,
1.07778562852738));
#4180=CARTESIAN_POINT('Ctrl Pts',(-0.104326161022187,0.118935541026959,
1.07763975451277));
#4181=CARTESIAN_POINT('Ctrl Pts',(-0.105562818665449,0.116458263440714,
1.07751860109007));
#4182=CARTESIAN_POINT('',(-0.0794943859893066,0.133858267716535,1.07975482725287));
#4183=CARTESIAN_POINT('Origin',(0.,0.133858267716535,0.));
#4184=CARTESIAN_POINT('',(-0.0794943859893065,0.21259842519685,1.07975482725287));
#4185=CARTESIAN_POINT('',(-0.0794943859893065,0.393700787401575,1.07975482725287));
#4186=CARTESIAN_POINT('',(0.0794943859893063,0.21259842519685,1.07975482725287));
#4187=CARTESIAN_POINT('Origin',(0.,0.21259842519685,0.));
#4188=CARTESIAN_POINT('',(0.0794943859893062,0.133858267716535,1.07975482725287));
#4189=CARTESIAN_POINT('',(0.0794943859893062,0.393700787401575,1.07975482725287));
#4190=CARTESIAN_POINT('',(0.0911932379420314,0.133858267716535,1.07882975382279));
#4191=CARTESIAN_POINT('Origin',(0.,0.133858267716535,0.));
#4192=CARTESIAN_POINT('',(0.105562819588121,0.116458261592411,1.07751860099967));
#4193=CARTESIAN_POINT('Ctrl Pts',(0.105562819588121,0.116458261592412,1.07751860099967));
#4194=CARTESIAN_POINT('Ctrl Pts',(0.1043261617758,0.118935539933766,1.07763975444001));
#4195=CARTESIAN_POINT('Ctrl Pts',(0.102811611194832,0.121133709938147,1.07778562849251));
#4196=CARTESIAN_POINT('Ctrl Pts',(0.0983199734401508,0.126844814652306,
1.0782078222704));
#4197=CARTESIAN_POINT('Ctrl Pts',(0.0947687161910446,0.130247969483357,
1.07852716910062));
#4198=CARTESIAN_POINT('Ctrl Pts',(0.0912642588569426,0.133786497478011,
1.0788237486754));
#4199=CARTESIAN_POINT('Ctrl Pts',(0.0912287432910787,0.133822377539124,
1.07882675256357));
#4200=CARTESIAN_POINT('Ctrl Pts',(0.0911932379420314,0.133858267716339,
1.07882975382279));
#4201=CARTESIAN_POINT('',(0.880375125997666,0.116465903555279,0.630171972682561));
#4202=CARTESIAN_POINT('Origin',(0.,0.116458263446843,0.));
#4203=CARTESIAN_POINT('',(0.88869735419803,0.133858267716535,0.618390537622552));
#4204=CARTESIAN_POINT('Ctrl Pts',(0.88869735419803,0.133858267716412,0.618390537622552));
#4205=CARTESIAN_POINT('Ctrl Pts',(0.888677002339567,0.133822377508843,0.618419785551925));
#4206=CARTESIAN_POINT('Ctrl Pts',(0.888656643145347,0.133786497504369,0.618449040943873));
#4207=CARTESIAN_POINT('Ctrl Pts',(0.886647569077205,0.130247969588833,0.621335700169747));
#4208=CARTESIAN_POINT('Ctrl Pts',(0.884595377988999,0.126844814764802,0.624251505743357));
#4209=CARTESIAN_POINT('Ctrl Pts',(0.881983928768334,0.121133710514643,0.627930280982572));
#4210=CARTESIAN_POINT('Ctrl Pts',(0.881100323041703,0.118935541084205,0.629168982957555));
#4211=CARTESIAN_POINT('Ctrl Pts',(0.880377072261544,0.116458263440714,0.630179383204402));
#4212=CARTESIAN_POINT('',(0.895347917265209,0.133858267716535,0.60872157135142));
#4213=CARTESIAN_POINT('Origin',(0.,0.133858267716535,0.));
#4214=CARTESIAN_POINT('',(0.895347917265209,0.21259842519685,0.60872157135142));
#4215=CARTESIAN_POINT('',(0.895347917265209,0.393700787401575,0.60872157135142));
#4216=CARTESIAN_POINT('',(0.974842303254515,0.21259842519685,0.47103325590145));
#4217=CARTESIAN_POINT('Origin',(0.,0.21259842519685,0.));
#4218=CARTESIAN_POINT('',(0.974842303254515,0.133858267716535,0.47103325590145));
#4219=CARTESIAN_POINT('',(0.974842303254515,0.393700787401575,0.47103325590145));
#4220=CARTESIAN_POINT('',(0.979890592140062,0.133858267716535,0.460439216200236));
#4221=CARTESIAN_POINT('Origin',(0.,0.133858267716535,0.));
#4222=CARTESIAN_POINT('',(0.985939891310046,0.116458261592411,0.447339217041411));
#4223=CARTESIAN_POINT('Ctrl Pts',(0.985939891310046,0.116458261592411,0.447339217041411));
#4224=CARTESIAN_POINT('Ctrl Pts',(0.985426484349611,0.118935539988576,0.448470770867872));
#4225=CARTESIAN_POINT('Ctrl Pts',(0.984795539677114,0.121133710038545,0.449855347210244));
#4226=CARTESIAN_POINT('Ctrl Pts',(0.982915351332269,0.126844814725511,0.453956316508038));
#4227=CARTESIAN_POINT('Ctrl Pts',(0.981416285198429,0.13024796950703,0.457191468865978));
#4228=CARTESIAN_POINT('Ctrl Pts',(0.97992090198839,0.133786497475492,0.460374707707766));
#4229=CARTESIAN_POINT('Ctrl Pts',(0.979905745648378,0.133822377537892,0.460406967035276));
#4230=CARTESIAN_POINT('Ctrl Pts',(0.979890592140062,0.133858267716337,0.460439216200236));
#4231=CARTESIAN_POINT('Origin',(0.,0.116458263446843,0.));
#4232=CARTESIAN_POINT('',(0.105557514672087,0.11646596449189,-1.07751314297418));
#4233=CARTESIAN_POINT('Origin',(0.,0.116458263446843,0.));
#4234=CARTESIAN_POINT('',(0.0911932379420314,0.133858267716535,-1.07882975382279));
#4235=CARTESIAN_POINT('Ctrl Pts',(0.0911932379420314,0.133858267716531,
-1.07882975382279));
#4236=CARTESIAN_POINT('Ctrl Pts',(0.091228743353453,0.133822377476266,-1.0788267525583));
#4237=CARTESIAN_POINT('Ctrl Pts',(0.0912642587945627,0.133786497541031,
-1.07882374868068));
#4238=CARTESIAN_POINT('Ctrl Pts',(0.0947687157898731,0.13024796988762,-1.07852716913457));
#4239=CARTESIAN_POINT('Ctrl Pts',(0.0983199732982952,0.126844814832675,
-1.07820782228374));
#4240=CARTESIAN_POINT('Ctrl Pts',(0.102811610823916,0.121133710409765,-1.07778562852737));
#4241=CARTESIAN_POINT('Ctrl Pts',(0.104326161022191,0.11893554102695,-1.07763975451277));
#4242=CARTESIAN_POINT('Ctrl Pts',(0.105562818665448,0.116458263440714,-1.07751860109007));
#4243=CARTESIAN_POINT('',(0.0794943859893064,0.133858267716535,-1.07975482725287));
#4244=CARTESIAN_POINT('Origin',(0.,0.133858267716535,0.));
#4245=CARTESIAN_POINT('',(0.0794943859893064,0.21259842519685,-1.07975482725287));
#4246=CARTESIAN_POINT('',(0.0794943859893064,0.393700787401575,-1.07975482725287));
#4247=CARTESIAN_POINT('',(-0.0794943859893065,0.21259842519685,-1.07975482725287));
#4248=CARTESIAN_POINT('Origin',(0.,0.21259842519685,0.));
#4249=CARTESIAN_POINT('',(-0.0794943859893063,0.133858267716535,-1.07975482725287));
#4250=CARTESIAN_POINT('',(-0.0794943859893063,0.393700787401575,-1.07975482725287));
#4251=CARTESIAN_POINT('',(-0.0911932379420314,0.133858267716535,-1.07882975382279));
#4252=CARTESIAN_POINT('Origin',(0.,0.133858267716535,0.));
#4253=CARTESIAN_POINT('',(-0.105562819588121,0.116458261592412,-1.07751860099967));
#4254=CARTESIAN_POINT('Ctrl Pts',(-0.105562819588121,0.116458261592412,
-1.07751860099967));
#4255=CARTESIAN_POINT('Ctrl Pts',(-0.104326161775806,0.118935539933753,
-1.07763975444001));
#4256=CARTESIAN_POINT('Ctrl Pts',(-0.102811611194843,0.121133709938132,
-1.07778562849251));
#4257=CARTESIAN_POINT('Ctrl Pts',(-0.0983199732880141,0.126844814845747,
-1.0782078222847));
#4258=CARTESIAN_POINT('Ctrl Pts',(-0.0947687157607903,0.130247969916929,
-1.07852716913704));
#4259=CARTESIAN_POINT('Ctrl Pts',(-0.0912642588813539,0.133786497453399,
-1.07882374867333));
#4260=CARTESIAN_POINT('Ctrl Pts',(-0.0912287432667349,0.133822377563732,
-1.07882675256563));
#4261=CARTESIAN_POINT('Ctrl Pts',(-0.0911932379420314,0.133858267716339,
-1.07882975382279));
#4262=CARTESIAN_POINT('',(-0.880375125997666,0.116465903555279,-0.630171972682561));
#4263=CARTESIAN_POINT('Origin',(0.,0.116458263446843,0.));
#4264=CARTESIAN_POINT('',(-0.88869735419803,0.133858267716535,-0.618390537622552));
#4265=CARTESIAN_POINT('Ctrl Pts',(-0.88869735419803,0.133858267716412,-0.618390537622552));
#4266=CARTESIAN_POINT('Ctrl Pts',(-0.8886770023358,0.1338223775022,-0.618419785557339));
#4267=CARTESIAN_POINT('Ctrl Pts',(-0.888656643149125,0.133786497511014,
-0.618449040938444));
#4268=CARTESIAN_POINT('Ctrl Pts',(-0.886647569011522,0.13024796947338,-0.621335700264121));
#4269=CARTESIAN_POINT('Ctrl Pts',(-0.884595377965443,0.126844814713285,
-0.624251505776541));
#4270=CARTESIAN_POINT('Ctrl Pts',(-0.88198392876834,0.121133710514656,-0.627930280982563));
#4271=CARTESIAN_POINT('Ctrl Pts',(-0.881100323041707,0.118935541084217,
-0.62916898295755));
#4272=CARTESIAN_POINT('Ctrl Pts',(-0.880377072261544,0.116458263440714,
-0.630179383204402));
#4273=CARTESIAN_POINT('',(-0.895347917265209,0.133858267716535,-0.608721571351419));
#4274=CARTESIAN_POINT('Origin',(0.,0.133858267716535,0.));
#4275=CARTESIAN_POINT('',(-0.895347917265209,0.21259842519685,-0.608721571351419));
#4276=CARTESIAN_POINT('',(-0.895347917265209,0.393700787401575,-0.608721571351419));
#4277=CARTESIAN_POINT('',(-0.974842303254516,0.21259842519685,-0.471033255901449));
#4278=CARTESIAN_POINT('Origin',(0.,0.21259842519685,0.));
#4279=CARTESIAN_POINT('',(-0.974842303254515,0.133858267716535,-0.471033255901449));
#4280=CARTESIAN_POINT('',(-0.974842303254515,0.393700787401575,-0.471033255901449));
#4281=CARTESIAN_POINT('',(-0.979890592140062,0.133858267716535,-0.460439216200236));
#4282=CARTESIAN_POINT('Origin',(0.,0.133858267716535,0.));
#4283=CARTESIAN_POINT('',(-0.985939891310047,0.116458261592411,-0.44733921704141));
#4284=CARTESIAN_POINT('Ctrl Pts',(-0.985939891310047,0.116458261592411,
-0.44733921704141));
#4285=CARTESIAN_POINT('Ctrl Pts',(-0.985426484349614,0.118935539988562,
-0.448470770867865));
#4286=CARTESIAN_POINT('Ctrl Pts',(-0.98479553967712,0.121133710038529,-0.449855347210232));
#4287=CARTESIAN_POINT('Ctrl Pts',(-0.982915351227908,0.126844815042511,
-0.453956316735666));
#4288=CARTESIAN_POINT('Ctrl Pts',(-0.981416284897566,0.130247970217546,
-0.457191469506428));
#4289=CARTESIAN_POINT('Ctrl Pts',(-0.979920902005483,0.133786497435104,
-0.460374707671379));
#4290=CARTESIAN_POINT('Ctrl Pts',(-0.97990574563132,0.133822377578293,-0.460406967071578));
#4291=CARTESIAN_POINT('Ctrl Pts',(-0.979890592140062,0.133858267716337,
-0.460439216200236));
#4292=CARTESIAN_POINT('Origin',(0.,0.116458263446843,0.));
#4293=CARTESIAN_POINT('Origin',(0.841284703012503,0.102362204724409,-0.463553882329701));
#4294=CARTESIAN_POINT('',(0.833410687264471,0.102362204724409,-0.449915686994513));
#4295=CARTESIAN_POINT('Origin',(0.806343758130613,0.,-0.59055957638864));
#4296=CARTESIAN_POINT('',(0.806343758130613,0.,-0.465542785816083));
#4297=CARTESIAN_POINT('',(0.806343758130613,0.,-0.465542785816083));
#4298=CARTESIAN_POINT('',(0.806343758130613,0.,-0.59055957638864));
#4299=CARTESIAN_POINT('Origin',(0.806343758130613,0.,-0.465542785816083));
#4300=CARTESIAN_POINT('',(0.914611474666046,0.,-0.403034390529805));
#4301=CARTESIAN_POINT('',(0.914611474666046,0.,-0.403034390529805));
#4302=CARTESIAN_POINT('',(0.806343758130613,0.,-0.465542785816083));
#4303=CARTESIAN_POINT('Origin',(0.987938246319589,0.102362204724409,0.463553882329703));
#4304=CARTESIAN_POINT('',(0.914611474666046,0.102362204724409,0.403034390529806));
#4305=CARTESIAN_POINT('',(0.914611474666046,0.118110236220472,0.421218650976723));
#4306=CARTESIAN_POINT('Origin',(0.914611474666046,0.102362204724409,0.421218650976723));
#4307=CARTESIAN_POINT('',(0.974641008384882,0.102362204724409,0.437692457981704));
#4308=CARTESIAN_POINT('',(0.995812262067621,0.102362204724409,0.449915686994515));
#4309=CARTESIAN_POINT('',(0.966766992636851,0.118110236220472,0.451330653316892));
#4310=CARTESIAN_POINT('Origin',(0.966766992636851,0.102362204724409,0.451330653316892));
#4311=CARTESIAN_POINT('',(0.987938246319589,0.118110236220472,0.463553882329703));
#4312=CARTESIAN_POINT('Ctrl Pts',(0.966766992636851,0.118110236220472,0.451330653316892));
#4313=CARTESIAN_POINT('Ctrl Pts',(0.970681713766509,0.118110236220472,0.454061682680776));
#4314=CARTESIAN_POINT('Ctrl Pts',(0.977472095914258,0.12205017588561,0.458771670619963));
#4315=CARTESIAN_POINT('Ctrl Pts',(0.979890592140062,0.13031806276713,0.460439216200236));
#4316=CARTESIAN_POINT('Ctrl Pts',(0.979890592140062,0.133858267716536,0.460439216200236));
#4317=CARTESIAN_POINT('Ctrl Pts',(0.968828405139206,0.118110236220472,0.447760182127454));
#4318=CARTESIAN_POINT('Ctrl Pts',(0.972768478853308,0.118219405482826,0.450427591267428));
#4319=CARTESIAN_POINT('Ctrl Pts',(0.979437392514432,0.122337929341984,0.454945840275699));
#4320=CARTESIAN_POINT('Ctrl Pts',(0.981738070319082,0.130410010830115,0.456507477931403));
#4321=CARTESIAN_POINT('Ctrl Pts',(0.981738070319082,0.133858267716536,0.456507477931403));
#4322=CARTESIAN_POINT('Ctrl Pts',(0.972934057643664,0.114696334738035,0.440648983391512));
#4323=CARTESIAN_POINT('Ctrl Pts',(0.97787648979211,0.11489605294149,0.443640215049721));
#4324=CARTESIAN_POINT('Ctrl Pts',(0.986089574658772,0.119991440680919,0.448619752112194));
#4325=CARTESIAN_POINT('Ctrl Pts',(0.988864199210226,0.129703426678254,0.450306421065231));
#4326=CARTESIAN_POINT('Ctrl Pts',(0.988864199210226,0.133858267716536,0.450306421065231));
#4327=CARTESIAN_POINT('Ctrl Pts',(0.974641008384882,0.10648502972912,0.437692457981704));
#4328=CARTESIAN_POINT('Ctrl Pts',(0.981753746774505,0.106553660491888,0.441796440826213));
#4329=CARTESIAN_POINT('Ctrl Pts',(0.993962310673694,0.113510949605381,0.448846255264032));
#4330=CARTESIAN_POINT('Ctrl Pts',(0.998255407509338,0.127760188425549,0.45132623767296));
#4331=CARTESIAN_POINT('Ctrl Pts',(0.998255407509338,0.133858267716536,0.45132623767296));
#4332=CARTESIAN_POINT('Ctrl Pts',(0.974641008384882,0.102362204724409,0.437692457981704));
#4333=CARTESIAN_POINT('Ctrl Pts',(0.982816752223356,0.102362204724409,0.442412725887672));
#4334=CARTESIAN_POINT('Ctrl Pts',(0.996979905588204,0.110242084054685,0.450589826295441));
#4335=CARTESIAN_POINT('Ctrl Pts',(1.00201756195559,0.126777857817724,0.453498318555233));
#4336=CARTESIAN_POINT('Ctrl Pts',(1.00201756195559,0.133858267716536,0.453498318555233));
#4337=CARTESIAN_POINT('Ctrl Pts',(0.979890592140062,0.133858267716536,0.460439216200236));
#4338=CARTESIAN_POINT('Ctrl Pts',(0.979890592140062,0.13031806276713,0.460439216200236));
#4339=CARTESIAN_POINT('Ctrl Pts',(0.978854093757575,0.12677468267505,0.45972455380869));
#4340=CARTESIAN_POINT('Ctrl Pts',(0.977014595920036,0.12402623166353,0.458451075473671));
#4341=CARTESIAN_POINT('Ctrl Pts',(0.974561932136651,0.120361630314837,0.456753104360311));
#4342=CARTESIAN_POINT('Ctrl Pts',(0.970681713766509,0.118110236220473,0.454061682680776));
#4343=CARTESIAN_POINT('Ctrl Pts',(0.966766992636851,0.118110236220472,0.451330653316892));
#4344=CARTESIAN_POINT('',(0.987461449694454,0.10602886175979,0.445094343222915));
#4345=CARTESIAN_POINT('Ctrl Pts',(0.974641008384882,0.102362204724409,0.437692457981704));
#4346=CARTESIAN_POINT('Ctrl Pts',(0.97908702588373,0.102362204724409,0.440259367381485));
#4347=CARTESIAN_POINT('Ctrl Pts',(0.983508642138257,0.103693790974854,0.44281218871629));
#4348=CARTESIAN_POINT('Ctrl Pts',(0.987439931879154,0.106087374263669,0.445081919906459));
#4349=CARTESIAN_POINT('Ctrl Pts',(0.987461449694454,0.10602886175979,0.445094343222915));
#4350=CARTESIAN_POINT('Ctrl Pts',(0.987314755923628,0.107930066349703,0.44500964953484));
#4351=CARTESIAN_POINT('Ctrl Pts',(0.987050683536402,0.110319435264792,0.445186993759568));
#4352=CARTESIAN_POINT('Ctrl Pts',(0.986363833978335,0.114332856137728,0.446436977964572));
#4353=CARTESIAN_POINT('Ctrl Pts',(0.986155096634289,0.115419858338397,0.446864902498313));
#4354=CARTESIAN_POINT('Ctrl Pts',(0.985939891310046,0.116458261592411,0.447339217041411));
#4355=CARTESIAN_POINT('Origin',(1.02287919120148,0.,0.465542785816084));
#4356=CARTESIAN_POINT('',(0.914611474666046,0.,0.403034390529806));
#4357=CARTESIAN_POINT('',(0.914611474666046,0.,0.403034390529806));
#4358=CARTESIAN_POINT('',(1.02287919120148,0.,0.465542785816084));
#4359=CARTESIAN_POINT('',(1.02287919120148,0.,0.465542785816084));
#4360=CARTESIAN_POINT('',(1.02287919120148,0.0268545658063706,0.465542785816084));
#4361=CARTESIAN_POINT('',(1.02287919120148,0.,0.465542785816084));
#4362=CARTESIAN_POINT('Ctrl Pts',(0.987461449694454,0.10602886175979,0.445094343222915));
#4363=CARTESIAN_POINT('Ctrl Pts',(0.988376473783541,0.0941698169737998,
0.445622632627064));
#4364=CARTESIAN_POINT('Ctrl Pts',(0.991138824622345,0.0816713504739629,
0.447217476627444));
#4365=CARTESIAN_POINT('Ctrl Pts',(0.999705394227745,0.0578608993407147,
0.452163387895153));
#4366=CARTESIAN_POINT('Ctrl Pts',(1.00815186988553,0.0433186947189472,0.457039962889879));
#4367=CARTESIAN_POINT('Ctrl Pts',(1.01890126564518,0.0309427946792316,0.463246129425336));
#4368=CARTESIAN_POINT('Ctrl Pts',(1.02083491691729,0.0288722952262633,0.464362523507812));
#4369=CARTESIAN_POINT('Ctrl Pts',(1.02287919120148,0.0268545658063706,0.465542785816084));
#4370=CARTESIAN_POINT('Origin',(0.895418561280219,0.102362204724409,0.432299684686563));
#4371=CARTESIAN_POINT('',(0.822091789626676,0.118110236220472,0.474634916039543));
#4372=CARTESIAN_POINT('',(0.895418561280219,0.118110236220472,0.432299684686563));
#4373=CARTESIAN_POINT('',(0.806343758130613,0.102362204724409,0.465542785816084));
#4374=CARTESIAN_POINT('Origin',(0.822091789626676,0.102362204724409,0.474634916039543));
#4375=CARTESIAN_POINT('',(0.887544545532187,0.102362204724409,0.418661489351375));
#4376=CARTESIAN_POINT('Origin',(0.914611474666046,0.118110236220472,0.528051181102362));
#4377=CARTESIAN_POINT('',(0.96066277884354,0.118110236220472,0.464181863088338));
#4378=CARTESIAN_POINT('Origin',(0.,0.118110236220472,0.));
#4379=CARTESIAN_POINT('',(0.88232467483226,0.118110236220472,0.59986743940449));
#4380=CARTESIAN_POINT('Origin',(0.914611474666046,0.118110236220472,0.528051181102362));
#4381=CARTESIAN_POINT('',(0.874247307597481,0.118110236220472,0.611579448505351));
#4382=CARTESIAN_POINT('Origin',(0.,0.118110236220472,0.));
#4383=CARTESIAN_POINT('',(0.822091789626676,0.118110236220472,0.581467446165182));
#4384=CARTESIAN_POINT('',(0.841284703012502,0.118110236220472,0.592548479875023));
#4385=CARTESIAN_POINT('',(0.822091789626676,0.118110236220472,0.496796983459223));
#4386=CARTESIAN_POINT('Origin',(0.841284703012502,0.102362204724409,0.592548479875023));
#4387=CARTESIAN_POINT('',(0.806343758130612,0.102362204724409,0.590559576388641));
#4388=CARTESIAN_POINT('Origin',(0.822091789626676,0.102362204724409,0.581467446165182));
#4389=CARTESIAN_POINT('',(0.866373291849449,0.102362204724409,0.625217643840539));
#4390=CARTESIAN_POINT('Origin',(0.874247307597481,0.102362204724409,0.611579448505351));
#4391=CARTESIAN_POINT('',(0.833410687264471,0.102362204724409,0.606186675210211));
#4392=CARTESIAN_POINT('Ctrl Pts',(0.88869735419803,0.133858267716536,0.618390537622552));
#4393=CARTESIAN_POINT('Ctrl Pts',(0.88869735419803,0.13031806256533,0.618390537622552));
#4394=CARTESIAN_POINT('Ctrl Pts',(0.886043963767157,0.122050181360348,0.617129828645341));
#4395=CARTESIAN_POINT('Ctrl Pts',(0.878569809076819,0.118110236220472,0.613604181820501));
#4396=CARTESIAN_POINT('Ctrl Pts',(0.874247307597481,0.118110236220472,0.611579448505351));
#4397=CARTESIAN_POINT('Ctrl Pts',(0.8862161080657,0.133858267716536,0.621956369792938));
#4398=CARTESIAN_POINT('Ctrl Pts',(0.8862161080657,0.130410010633556,0.621956369792938));
#4399=CARTESIAN_POINT('Ctrl Pts',(0.88371334284687,0.122337943407593,0.620744738737095));
#4400=CARTESIAN_POINT('Ctrl Pts',(0.876465976135535,0.118219405485526,0.617228419105403));
#4401=CARTESIAN_POINT('Ctrl Pts',(0.872185895095125,0.118110236220472,0.615149919694788));
#4402=CARTESIAN_POINT('Ctrl Pts',(0.88440919494967,0.133858267716535,0.631228240973845));
#4403=CARTESIAN_POINT('Ctrl Pts',(0.88440919494967,0.129703426441418,0.631228240973845));
#4404=CARTESIAN_POINT('Ctrl Pts',(0.881561107861666,0.119991378299209,0.629668647340495));
#4405=CARTESIAN_POINT('Ctrl Pts',(0.873142029185552,0.114895877364706,0.625045622409301));
#4406=CARTESIAN_POINT('Ctrl Pts',(0.868080330381529,0.114696159156313,0.622260966372499));
#4407=CARTESIAN_POINT('Ctrl Pts',(0.889987690973904,0.133858267716536,0.638851423531795));
#4408=CARTESIAN_POINT('Ctrl Pts',(0.889987690973904,0.127760188077944,0.638851423531795));
#4409=CARTESIAN_POINT('Ctrl Pts',(0.885693404700836,0.113510960822138,0.636373479017715));
#4410=CARTESIAN_POINT('Ctrl Pts',(0.87348381462016,0.106553660493585,0.629325464655766));
#4411=CARTESIAN_POINT('Ctrl Pts',(0.866373291849449,0.10648502972912,0.625217643840539));
#4412=CARTESIAN_POINT('Ctrl Pts',(0.893749845420152,0.133858267716536,0.641023504414069));
#4413=CARTESIAN_POINT('Ctrl Pts',(0.893749845420152,0.126777857414124,0.641023504414069));
#4414=CARTESIAN_POINT('Ctrl Pts',(0.888712178650869,0.11024209500416,0.638115006148736));
#4415=CARTESIAN_POINT('Ctrl Pts',(0.874549035890127,0.102362204724409,0.62993791186325));
#4416=CARTESIAN_POINT('Ctrl Pts',(0.866373291849449,0.102362204724409,0.625217643840539));
#4417=CARTESIAN_POINT('',(0.879193733159021,0.10602886175979,0.63261952908175));
#4418=CARTESIAN_POINT('Ctrl Pts',(0.880371816845389,0.116478893727263,0.630159372877625));
#4419=CARTESIAN_POINT('Ctrl Pts',(0.87993870094507,0.115003069340319,0.630757029155368));
#4420=CARTESIAN_POINT('Ctrl Pts',(0.879582173696465,0.113426892199613,0.63130095654457));
#4421=CARTESIAN_POINT('Ctrl Pts',(0.879356680416612,0.111773994241318,0.631725572880188));
#4422=CARTESIAN_POINT('Ctrl Pts',(0.879329515673026,0.111574872789717,0.631776725596965));
#4423=CARTESIAN_POINT('Ctrl Pts',(0.879304278692052,0.111374694083985,0.631826155903731));
#4424=CARTESIAN_POINT('Ctrl Pts',(0.879281087838193,0.111173545296627,0.631873757940238));
#4425=CARTESIAN_POINT('Ctrl Pts',(0.879088785704562,0.109505588557203,0.632268481361864));
#4426=CARTESIAN_POINT('Ctrl Pts',(0.879038805689561,0.107803635262083,0.63253076360969));
#4427=CARTESIAN_POINT('Ctrl Pts',(0.879172212049936,0.106087377528553,0.632607103863626));
#4428=CARTESIAN_POINT('Ctrl Pts',(0.879172212049936,0.106087377528553,0.632607103863627));
#4429=CARTESIAN_POINT('Ctrl Pts',(0.875240923837166,0.103693792784851,0.630337373555722));
#4430=CARTESIAN_POINT('Ctrl Pts',(0.870819309390967,0.102362204724409,0.627784553264956));
#4431=CARTESIAN_POINT('Ctrl Pts',(0.866373291849449,0.102362204724409,0.625217643840539));
#4432=CARTESIAN_POINT('Ctrl Pts',(0.874247307597481,0.118110236220472,0.611579448505351));
#4433=CARTESIAN_POINT('Ctrl Pts',(0.878569809076819,0.118110236220472,0.613604181820501));
#4434=CARTESIAN_POINT('Ctrl Pts',(0.882840754614155,0.120361633443258,0.615618837148981));
#4435=CARTESIAN_POINT('Ctrl Pts',(0.88553757304636,0.12402623427914,0.616893920935378));
#4436=CARTESIAN_POINT('Ctrl Pts',(0.887560186870513,0.126774684906052,0.617850233775176));
#4437=CARTESIAN_POINT('Ctrl Pts',(0.88869735419803,0.13031806256533,0.618390537622552));
#4438=CARTESIAN_POINT('Ctrl Pts',(0.88869735419803,0.133858267716535,0.618390537622552));
#4439=CARTESIAN_POINT('Origin',(0.,0.133858267716535,0.));
#4440=CARTESIAN_POINT('Origin',(0.88232467483226,0.133858267716535,0.599867439404491));
#4441=CARTESIAN_POINT('Origin',(0.96066277884354,0.133858267716535,0.464181863088338));
#4442=CARTESIAN_POINT('Origin',(0.96066277884354,0.133858267716535,0.464181863088338));
#4443=CARTESIAN_POINT('',(0.951452518008042,0.133858267716535,0.476955726691143));
#4444=CARTESIAN_POINT('Origin',(0.96066277884354,0.133858267716535,0.464181863088338));
#4445=CARTESIAN_POINT('Origin',(0.96066277884354,0.133858267716535,0.464181863088338));
#4446=CARTESIAN_POINT('Origin',(0.96066277884354,0.393700787401575,0.464181863088338));
#4447=CARTESIAN_POINT('',(0.951452518008042,0.196850393700787,0.476955726691143));
#4448=CARTESIAN_POINT('',(0.951452518008042,0.393700787401575,0.476955726691143));
#4449=CARTESIAN_POINT('',(0.95370692667859,0.196850393700787,0.478310437562083));
#4450=CARTESIAN_POINT('Ctrl Pts',(0.974842303254515,0.21259842519685,0.471033255901449));
#4451=CARTESIAN_POINT('Ctrl Pts',(0.974826037453284,0.212561310906041,0.471066919323166));
#4452=CARTESIAN_POINT('Ctrl Pts',(0.974809651723616,0.212524196504322,0.47110052492085));
#4453=CARTESIAN_POINT('Ctrl Pts',(0.974066758730792,0.210853732040968,0.472610455228875));
#4454=CARTESIAN_POINT('Ctrl Pts',(0.973104324794302,0.209211679761736,0.473982468870404));
#4455=CARTESIAN_POINT('Ctrl Pts',(0.970802217641386,0.206108254448508,0.476338199370207));
#4456=CARTESIAN_POINT('Ctrl Pts',(0.969468183388321,0.204623335046845,0.477351116123234));
#4457=CARTESIAN_POINT('Ctrl Pts',(0.966361680684196,0.201821421865894,0.478970268672133));
#4458=CARTESIAN_POINT('Ctrl Pts',(0.964553681517521,0.200493010427488,0.479571658472212));
#4459=CARTESIAN_POINT('Ctrl Pts',(0.961089184802622,0.198594277392875,0.479994868706617));
#4460=CARTESIAN_POINT('Ctrl Pts',(0.959514694499397,0.197921426366968,0.479972938093932));
#4461=CARTESIAN_POINT('Ctrl Pts',(0.956503028412594,0.197074536616971,0.479437108955091));
#4462=CARTESIAN_POINT('Ctrl Pts',(0.955115755183856,0.196859125512422,0.478994305410057));
#4463=CARTESIAN_POINT('Ctrl Pts',(0.953761038363982,0.196850480158585,0.478336981731175));
#4464=CARTESIAN_POINT('Ctrl Pts',(0.953733957160245,0.196850393700787,0.478323745347294));
#4465=CARTESIAN_POINT('Ctrl Pts',(0.953706926678586,0.196850393700787,0.478310437562087));
#4466=CARTESIAN_POINT('Origin',(0.96066277884354,0.196850393700787,0.464181863088338));
#4467=CARTESIAN_POINT('Origin',(0.88232467483226,0.133858267716535,0.59986743940449));
#4468=CARTESIAN_POINT('',(0.888782034799017,0.133858267716535,0.585504187744064));
#4469=CARTESIAN_POINT('Origin',(0.88232467483226,0.133858267716535,0.59986743940449));
#4470=CARTESIAN_POINT('Origin',(0.88232467483226,0.133858267716535,0.59986743940449));
#4471=CARTESIAN_POINT('Origin',(0.88232467483226,0.393700787401575,0.59986743940449));
#4472=CARTESIAN_POINT('',(0.888782034799017,0.196850393700787,0.585504187744064));
#4473=CARTESIAN_POINT('',(0.888782034799017,0.393700787401575,0.585504187744064));
#4474=CARTESIAN_POINT('',(0.891082453163309,0.196850393700787,0.586779207487801));
#4475=CARTESIAN_POINT('Origin',(0.88232467483226,0.196850393700787,0.59986743940449));
#4476=CARTESIAN_POINT('Ctrl Pts',(0.891082453163312,0.196850393700787,0.586779207487796));
#4477=CARTESIAN_POINT('Ctrl Pts',(0.89230790159136,0.196850393700787,0.587599196448665));
#4478=CARTESIAN_POINT('Ctrl Pts',(0.893390711290483,0.197057251317182,0.588572692296902));
#4479=CARTESIAN_POINT('Ctrl Pts',(0.895371132713534,0.197886055024521,0.59089812555597));
#4480=CARTESIAN_POINT('Ctrl Pts',(0.896183581235577,0.198548002115588,0.592241633903122));
#4481=CARTESIAN_POINT('Ctrl Pts',(0.897565424307298,0.200420627286958,0.595432635335792));
#4482=CARTESIAN_POINT('Ctrl Pts',(0.897960805715607,0.201732725931814,0.597287410994515));
#4483=CARTESIAN_POINT('Ctrl Pts',(0.898141587417433,0.204530125936847,0.60080162100754));
#4484=CARTESIAN_POINT('Ctrl Pts',(0.897938391425644,0.206030377421181,0.602486667670111));
#4485=CARTESIAN_POINT('Ctrl Pts',(0.897051193612882,0.209169430065516,0.605702722802736));
#4486=CARTESIAN_POINT('Ctrl Pts',(0.89633777977741,0.210832783973668,0.607243795007579));
#4487=CARTESIAN_POINT('Ctrl Pts',(0.895389848179435,0.212524196504355,0.608659659786506));
#4488=CARTESIAN_POINT('Ctrl Pts',(0.895368937742984,0.212561310906032,0.608690653043474));
#4489=CARTESIAN_POINT('Ctrl Pts',(0.895347917265209,0.21259842519685,0.60872157135142));
#4490=CARTESIAN_POINT('Origin',(0.914611474666046,0.133858267716535,0.528051181102362));
#4491=CARTESIAN_POINT('Origin',(0.914611474666046,0.133858267716535,0.528051181102362));
#4492=CARTESIAN_POINT('Origin',(0.,0.21259842519685,0.));
#4493=CARTESIAN_POINT('Origin',(0.,0.196850393700787,0.));
#4494=CARTESIAN_POINT('Origin',(0.,0.133858267716535,0.));
#4495=CARTESIAN_POINT('Origin',(0.914611474666046,0.196850393700787,0.528051181102362));
#4496=CARTESIAN_POINT('Origin',(0.914611474666046,0.196850393700787,0.528051181102362));
#4497=CARTESIAN_POINT('Origin',(0.822091789626676,0.102362204724409,0.496796983459223));
#4498=CARTESIAN_POINT('',(0.806343758130613,0.102362204724409,0.496796983459223));
#4499=CARTESIAN_POINT('Origin',(0.914611474666046,0.,0.403034390529806));
#4500=CARTESIAN_POINT('',(0.806343758130613,0.,0.465542785816084));
#4501=CARTESIAN_POINT('',(0.806343758130613,0.,0.465542785816084));
#4502=CARTESIAN_POINT('',(0.914611474666046,0.,0.403034390529806));
#4503=CARTESIAN_POINT('Origin',(0.806343758130613,0.,0.465542785816084));
#4504=CARTESIAN_POINT('',(0.806343758130612,0.,0.590559576388641));
#4505=CARTESIAN_POINT('',(0.806343758130612,0.,0.590559576388641));
#4506=CARTESIAN_POINT('',(0.806343758130613,0.,0.465542785816084));
#4507=CARTESIAN_POINT('Origin',(0.09251968503937,0.102362204724409,1.08735655984786));
#4508=CARTESIAN_POINT('',(0.108267716535433,0.102362204724409,0.993593966918446));
#4509=CARTESIAN_POINT('',(0.0925196850393701,0.118110236220472,1.0026860971419));
#4510=CARTESIAN_POINT('Origin',(0.0925196850393701,0.102362204724409,1.0026860971419));
#4511=CARTESIAN_POINT('',(0.108267716535433,0.102362204724409,1.06291010182224));
#4512=CARTESIAN_POINT('',(0.108267716535433,0.102362204724409,1.08735655984786));
#4513=CARTESIAN_POINT('',(0.09251968503937,0.118110236220472,1.06291010182224));
#4514=CARTESIAN_POINT('Origin',(0.09251968503937,0.102362204724409,1.06291010182224));
#4515=CARTESIAN_POINT('',(0.09251968503937,0.118110236220472,1.08735655984786));
#4516=CARTESIAN_POINT('Ctrl Pts',(0.09251968503937,0.118110236220472,1.06291010182224));
#4517=CARTESIAN_POINT('Ctrl Pts',(0.0922138500296243,0.118110236220472,
1.06647692178408));
#4518=CARTESIAN_POINT('Ctrl Pts',(0.0915158170570022,0.120977452583629,
1.07481246011715));
#4519=CARTESIAN_POINT('Ctrl Pts',(0.0911932379420314,0.129138000017277,
1.07882975382279));
#4520=CARTESIAN_POINT('Ctrl Pts',(0.0911932379420314,0.133858267716536,
1.07882975382279));
#4521=CARTESIAN_POINT('Ctrl Pts',(0.096642510044081,0.118110236220472,1.06291010182224));
#4522=CARTESIAN_POINT('Ctrl Pts',(0.0963875047724352,0.118192113121101,
1.06646953119091));
#4523=CARTESIAN_POINT('Ctrl Pts',(0.0957991481354987,0.121256528223723,
1.07464674254907));
#4524=CARTESIAN_POINT('Ctrl Pts',(0.095521962253382,0.129260597290011,1.07846384772434));
#4525=CARTESIAN_POINT('Ctrl Pts',(0.095521962253382,0.133858267716536,1.07846384772434));
#4526=CARTESIAN_POINT('Ctrl Pts',(0.104854468145345,0.114696987830385,1.06291010182224));
#4527=CARTESIAN_POINT('Ctrl Pts',(0.104765018297957,0.11484677639857,1.06724201510084));
#4528=CARTESIAN_POINT('Ctrl Pts',(0.104556195954822,0.11868755777794,1.07707349642984));
#4529=CARTESIAN_POINT('Ctrl Pts',(0.10445606080401,0.128318486198562,1.08153389954294));
#4530=CARTESIAN_POINT('Ctrl Pts',(0.10445606080401,0.133858267716535,1.08153389954294));
#4531=CARTESIAN_POINT('Ctrl Pts',(0.108267716535433,0.10648502972912,1.06291010182224));
#4532=CARTESIAN_POINT('Ctrl Pts',(0.108269378380575,0.106536502772191,1.06906895102037));
#4533=CARTESIAN_POINT('Ctrl Pts',(0.108270665676578,0.111643669719447,1.08337046832651));
#4534=CARTESIAN_POINT('Ctrl Pts',(0.108267716535433,0.125727504917168,1.09017766120475));
#4535=CARTESIAN_POINT('Ctrl Pts',(0.108267716535433,0.133858267716536,1.09017766120475));
#4536=CARTESIAN_POINT('Ctrl Pts',(0.108267716535433,0.102362204724409,1.06291010182224));
#4537=CARTESIAN_POINT('Ctrl Pts',(0.108267716535433,0.102362204724409,1.06999049969143));
#4538=CARTESIAN_POINT('Ctrl Pts',(0.108267716535433,0.108096637450722,1.08654152966491));
#4539=CARTESIAN_POINT('Ctrl Pts',(0.108267716535433,0.124417732318018,1.0945218229693));
#4540=CARTESIAN_POINT('Ctrl Pts',(0.108267716535433,0.133858267716536,1.0945218229693));
#4541=CARTESIAN_POINT('Ctrl Pts',(0.0911932379420314,0.133858267716535,
1.07882975382279));
#4542=CARTESIAN_POINT('Ctrl Pts',(0.0911932379420314,0.131778976983346,
1.07882975382279));
#4543=CARTESIAN_POINT('Ctrl Pts',(0.091229134732785,0.1297066495921,1.07838272437348));
#4544=CARTESIAN_POINT('Ctrl Pts',(0.091295303540954,0.127795390074361,1.07756864732308));
#4545=CARTESIAN_POINT('Ctrl Pts',(0.091360715395844,0.125905994848858,1.07676388309408));
#4546=CARTESIAN_POINT('Ctrl Pts',(0.0914557491113017,0.124166222566199,
1.0755998974388));
#4547=CARTESIAN_POINT('Ctrl Pts',(0.0915762377773894,0.122709418889703,
1.07414132842445));
#4548=CARTESIAN_POINT('Ctrl Pts',(0.0916104937874943,0.122295236518171,
1.0737266441515));
#4549=CARTESIAN_POINT('Ctrl Pts',(0.0916467116117431,0.121904333166396,
1.07328841013722));
#4550=CARTESIAN_POINT('Ctrl Pts',(0.0916847840308799,0.12154010726838,1.07282851178514));
#4551=CARTESIAN_POINT('Ctrl Pts',(0.0917811210569425,0.12061848367247,1.07166480218814));
#4552=CARTESIAN_POINT('Ctrl Pts',(0.0918893438285601,0.119868012286584,
1.07036228091476));
#4553=CARTESIAN_POINT('Ctrl Pts',(0.092004886496097,0.119307730821188,1.06898446761989));
#4554=CARTESIAN_POINT('Ctrl Pts',(0.0921660445909399,0.118526254199053,
1.06706270338869));
#4555=CARTESIAN_POINT('Ctrl Pts',(0.0923415043005314,0.118110236220472,
1.06498814585204));
#4556=CARTESIAN_POINT('Ctrl Pts',(0.09251968503937,0.118110236220472,1.06291010182224));
#4557=CARTESIAN_POINT('',(0.108267716535433,0.10602886175979,1.07771387230466));
#4558=CARTESIAN_POINT('Ctrl Pts',(0.108267716535433,0.102362204724409,1.06291010182224));
#4559=CARTESIAN_POINT('Ctrl Pts',(0.108267716535433,0.102362204724409,1.06804391951856));
#4560=CARTESIAN_POINT('Ctrl Pts',(0.108267716535433,0.103654254475615,1.07318451953882));
#4561=CARTESIAN_POINT('Ctrl Pts',(0.108267716535433,0.106042752755046,1.07772689898388));
#4562=CARTESIAN_POINT('Ctrl Pts',(0.108267716535433,0.10602886175979,1.07771387230466));
#4563=CARTESIAN_POINT('Ctrl Pts',(0.108267716535433,0.107930066353985,1.07754448492813));
#4564=CARTESIAN_POINT('Ctrl Pts',(0.107982095736813,0.110319435280484,1.07740446364398));
#4565=CARTESIAN_POINT('Ctrl Pts',(0.10655615287376,0.11433285615912,1.07743462658239));
#4566=CARTESIAN_POINT('Ctrl Pts',(0.10608119068878,0.115419858348752,1.07746781700645));
#4567=CARTESIAN_POINT('Ctrl Pts',(0.105562819588121,0.116458261592412,1.07751860099967));
#4568=CARTESIAN_POINT('Origin',(0.108267716535433,0.,1.118610757491));
#4569=CARTESIAN_POINT('',(0.108267716535433,0.,0.993593966918446));
#4570=CARTESIAN_POINT('',(0.108267716535433,0.,0.993593966918446));
#4571=CARTESIAN_POINT('',(0.108267716535433,0.,1.118610757491));
#4572=CARTESIAN_POINT('',(0.108267716535433,0.,1.118610757491));
#4573=CARTESIAN_POINT('',(0.108267716535433,0.0268545658063704,1.118610757491));
#4574=CARTESIAN_POINT('',(0.108267716535433,0.,1.118610757491));
#4575=CARTESIAN_POINT('Ctrl Pts',(0.108267716535433,0.10602886175979,1.07771387230466));
#4576=CARTESIAN_POINT('Ctrl Pts',(0.108267716535433,0.0941698169737996,
1.07877045111296));
#4577=CARTESIAN_POINT('Ctrl Pts',(0.108267716535433,0.0816713504739628,
1.08196013911372));
#4578=CARTESIAN_POINT('Ctrl Pts',(0.108267716535433,0.0578608993407147,
1.09185196164914));
#4579=CARTESIAN_POINT('Ctrl Pts',(0.108267716535433,0.0433186947189472,
1.10160511163859));
#4580=CARTESIAN_POINT('Ctrl Pts',(0.108267716535433,0.0309427946792316,
1.11401744470951));
#4581=CARTESIAN_POINT('Ctrl Pts',(0.108267716535433,0.0288722952262632,
1.11625023287446));
#4582=CARTESIAN_POINT('Ctrl Pts',(0.108267716535433,0.0268545658063704,
1.118610757491));
#4583=CARTESIAN_POINT('Origin',(0.0733267716535432,0.102362204724409,0.991605063432065));
#4584=CARTESIAN_POINT('',(-5.27246662777203E-16,0.118110236220472,0.949269832079085));
#4585=CARTESIAN_POINT('',(0.0733267716535432,0.118110236220472,0.991605063432065));
#4586=CARTESIAN_POINT('',(-3.49676543189026E-16,0.102362204724409,0.931085571632168));
#4587=CARTESIAN_POINT('Origin',(-4.69877854910253E-16,0.102362204724409,
0.949269832079085));
#4588=CARTESIAN_POINT('',(0.0812007874015746,0.102362204724409,0.977966868096876));
#4589=CARTESIAN_POINT('Origin',(-1.74838271594513E-16,0.118110236220472,
1.05610236220472));
#4590=CARTESIAN_POINT('',(0.0783381040112799,0.118110236220472,1.06404930249283));
#4591=CARTESIAN_POINT('Origin',(0.,0.118110236220472,0.));
#4592=CARTESIAN_POINT('',(-0.0783381040112803,0.118110236220472,1.06404930249283));
#4593=CARTESIAN_POINT('Origin',(-1.74838271594513E-16,0.118110236220472,
1.05610236220472));
#4594=CARTESIAN_POINT('',(-0.0925196850393703,0.118110236220472,1.06291010182224));
#4595=CARTESIAN_POINT('Origin',(0.,0.118110236220472,0.));
#4596=CARTESIAN_POINT('',(-0.0925196850393703,0.118110236220472,1.0026860971419));
#4597=CARTESIAN_POINT('',(-0.0925196850393703,0.118110236220472,1.02484816456159));
#4598=CARTESIAN_POINT('',(-0.0191929133858271,0.118110236220472,0.960350865788925));
#4599=CARTESIAN_POINT('Origin',(-0.0925196850393703,0.102362204724409,1.02484816456159));
#4600=CARTESIAN_POINT('',(-0.108267716535433,0.102362204724409,0.993593966918446));
#4601=CARTESIAN_POINT('Origin',(-0.0925196850393703,0.102362204724409,1.0026860971419));
#4602=CARTESIAN_POINT('',(-0.108267716535433,0.102362204724409,1.06291010182224));
#4603=CARTESIAN_POINT('Origin',(-0.0925196850393703,0.102362204724409,1.06291010182224));
#4604=CARTESIAN_POINT('',(-0.108267716535433,0.102362204724409,1.02484816456159));
#4605=CARTESIAN_POINT('Ctrl Pts',(-0.0911932379420317,0.133858267716535,
1.07882975382279));
#4606=CARTESIAN_POINT('Ctrl Pts',(-0.0911932379420317,0.130318066942091,
1.07882975382279));
#4607=CARTESIAN_POINT('Ctrl Pts',(-0.0914281271103917,0.122050171026112,
1.07590149634922));
#4608=CARTESIAN_POINT('Ctrl Pts',(-0.092111905026376,0.118110236220472,
1.06766586177136));
#4609=CARTESIAN_POINT('Ctrl Pts',(-0.0925196850393704,0.118110236220472,
1.06291010182224));
#4610=CARTESIAN_POINT('Ctrl Pts',(-0.0955219622533824,0.133858267716535,
1.07846384772434));
#4611=CARTESIAN_POINT('Ctrl Pts',(-0.0955219622533824,0.130410014896642,
1.07846384772434));
#4612=CARTESIAN_POINT('Ctrl Pts',(-0.0957240416071619,0.122337925620542,
1.07569057775006));
#4613=CARTESIAN_POINT('Ctrl Pts',(-0.0963025030152202,0.11821940542131,
1.06765600764713));
#4614=CARTESIAN_POINT('Ctrl Pts',(-0.0966425100440814,0.118110236220472,
1.06291010182224));
#4615=CARTESIAN_POINT('Ctrl Pts',(-0.104456060804011,0.133858267716536,
1.08153389954294));
#4616=CARTESIAN_POINT('Ctrl Pts',(-0.104456060804011,0.129703431578056,
1.08153389954294));
#4617=CARTESIAN_POINT('Ctrl Pts',(-0.104529409190084,0.119991666631755,
1.07828795206129));
#4618=CARTESIAN_POINT('Ctrl Pts',(-0.104735201682162,0.114896705921299,
1.06868598619371));
#4619=CARTESIAN_POINT('Ctrl Pts',(-0.104854468145346,0.114696987830385,
1.06291010182224));
#4620=CARTESIAN_POINT('Ctrl Pts',(-0.108267716535433,0.133858267716535,
1.09017766120475));
#4621=CARTESIAN_POINT('Ctrl Pts',(-0.108267716535433,0.12776019561701,1.09017766120475));
#4622=CARTESIAN_POINT('Ctrl Pts',(-0.108268895994765,0.113510941400492,
1.08521972961063));
#4623=CARTESIAN_POINT('Ctrl Pts',(-0.108269932328956,0.106553660453214,
1.07112190075308));
#4624=CARTESIAN_POINT('Ctrl Pts',(-0.108267716535433,0.10648502972912,1.06291010182224));
#4625=CARTESIAN_POINT('Ctrl Pts',(-0.108267716535433,0.133858267716535,
1.0945218229693));
#4626=CARTESIAN_POINT('Ctrl Pts',(-0.108267716535433,0.126777866167647,
1.0945218229693));
#4627=CARTESIAN_POINT('Ctrl Pts',(-0.108267716535433,0.110242074335689,
1.08870482749938));
#4628=CARTESIAN_POINT('Ctrl Pts',(-0.108267716535433,0.102362204724409,
1.07235063231449));
#4629=CARTESIAN_POINT('Ctrl Pts',(-0.108267716535433,0.102362204724409,
1.06291010182224));
#4630=CARTESIAN_POINT('',(-0.108267716535433,0.10602886175979,1.07771387230466));
#4631=CARTESIAN_POINT('Ctrl Pts',(-0.105548483361872,0.116479077363158,
1.07750384923372));
#4632=CARTESIAN_POINT('Ctrl Pts',(-0.106282474570963,0.11500343427423,1.07742764551404));
#4633=CARTESIAN_POINT('Ctrl Pts',(-0.106931639396737,0.113427443965182,
1.07739089736659));
#4634=CARTESIAN_POINT('Ctrl Pts',(-0.107412021922281,0.111774741355547,
1.07740794210097));
#4635=CARTESIAN_POINT('Ctrl Pts',(-0.107469956253069,0.111575424738917,
1.07740999770297));
#4636=CARTESIAN_POINT('Ctrl Pts',(-0.107525430570662,0.111375048671849,
1.07741286291867));
#4637=CARTESIAN_POINT('Ctrl Pts',(-0.107578293649521,0.11117370062961,1.07741658744472));
#4638=CARTESIAN_POINT('Ctrl Pts',(-0.108016225832546,0.1095056784563,1.07744744243576));
#4639=CARTESIAN_POINT('Ctrl Pts',(-0.108268307034045,0.107803657679587,
1.07753531868741));
#4640=CARTESIAN_POINT('Ctrl Pts',(-0.108267716535433,0.106087374192067,
1.07768902413808));
#4641=CARTESIAN_POINT('Ctrl Pts',(-0.108267716535433,0.106087374192067,
1.07768902413808));
#4642=CARTESIAN_POINT('Ctrl Pts',(-0.108267716535433,0.103693790260857,
1.07314956168695));
#4643=CARTESIAN_POINT('Ctrl Pts',(-0.108267716535433,0.102362204724409,
1.06804391951856));
#4644=CARTESIAN_POINT('Ctrl Pts',(-0.108267716535433,0.102362204724409,
1.06291010182224));
#4645=CARTESIAN_POINT('Ctrl Pts',(-0.0925196850393704,0.118110236220472,
1.06291010182224));
#4646=CARTESIAN_POINT('Ctrl Pts',(-0.092111905026376,0.118110236220472,
1.06766586177136));
#4647=CARTESIAN_POINT('Ctrl Pts',(-0.0917211747886707,0.120361627537981,
1.07237193867299));
#4648=CARTESIAN_POINT('Ctrl Pts',(-0.0914770204685569,0.12402623064662,
1.07534499447935));
#4649=CARTESIAN_POINT('Ctrl Pts',(-0.0912939047284717,0.1267746829781,1.07757478633411));
#4650=CARTESIAN_POINT('Ctrl Pts',(-0.0911932379420317,0.130318066942091,
1.07882975382279));
#4651=CARTESIAN_POINT('Ctrl Pts',(-0.0911932379420317,0.133858267716535,
1.07882975382279));
#4652=CARTESIAN_POINT('Origin',(0.,0.133858267716535,0.));
#4653=CARTESIAN_POINT('Origin',(-0.0783381040112812,0.133858267716535,1.06404930249283));
#4654=CARTESIAN_POINT('Origin',(0.0783381040112799,0.133858267716535,1.06404930249283));
#4655=CARTESIAN_POINT('Origin',(0.0783381040112799,0.133858267716535,1.06404930249283));
#4656=CARTESIAN_POINT('',(0.0626704832090239,0.133858267716535,1.06245991443521));
#4657=CARTESIAN_POINT('Origin',(0.0783381040112799,0.133858267716535,1.06404930249283));
#4658=CARTESIAN_POINT('Origin',(0.0783381040112799,0.133858267716535,1.06404930249283));
#4659=CARTESIAN_POINT('Origin',(0.0783381040112799,0.393700787401575,1.06404930249283));
#4660=CARTESIAN_POINT('',(0.0626704832090239,0.196850393700787,1.06245991443521));
#4661=CARTESIAN_POINT('',(0.0626704832090239,0.393700787401575,1.06245991443521));
#4662=CARTESIAN_POINT('',(0.0626244735152808,0.196850393700787,1.06508964504988));
#4663=CARTESIAN_POINT('Ctrl Pts',(0.0794943859893063,0.21259842519685,1.07975482725287));
#4664=CARTESIAN_POINT('Ctrl Pts',(0.0794570997103002,0.212561310906036,
1.07975757236665));
#4665=CARTESIAN_POINT('Ctrl Pts',(0.0794198035442144,0.212524196504375,
1.07976018470733));
#4666=CARTESIAN_POINT('Ctrl Pts',(0.0777407190431236,0.210853732040948,
1.07987178565727));
#4667=CARTESIAN_POINT('Ctrl Pts',(0.0760713034069135,0.209211679761734,
1.07972430023957));
#4668=CARTESIAN_POINT('Ctrl Pts',(0.0728801273731151,0.206108254448466,
1.0789084822128));
#4669=CARTESIAN_POINT('Ctrl Pts',(0.07133589860652,0.204623335046783,1.07825963303663));
#4670=CARTESIAN_POINT('Ctrl Pts',(0.0683804200145023,0.201821421865828,
1.07637889905235));
#4671=CARTESIAN_POINT('Ctrl Pts',(0.0669556015867317,0.200493010427435,
1.07511382074402));
#4672=CARTESIAN_POINT('Ctrl Pts',(0.0648568424151658,0.198594277392841,
1.07232508369479));
#4673=CARTESIAN_POINT('Ctrl Pts',(0.0640885897312665,0.197921426366942,
1.07095056978784));
#4674=CARTESIAN_POINT('Ctrl Pts',(0.0630467983342008,0.197074536616957,
1.06807447587953));
#4675=CARTESIAN_POINT('Ctrl Pts',(0.0627366408387262,0.196859125512415,
1.06665166024894));
#4676=CARTESIAN_POINT('Ctrl Pts',(0.0626285414332182,0.196850480158585,
1.06514977922858));
#4677=CARTESIAN_POINT('Ctrl Pts',(0.0626264638760465,0.196850393700787,
1.06511970802626));
#4678=CARTESIAN_POINT('Ctrl Pts',(0.0626244735152751,0.196850393700787,
1.06508964504988));
#4679=CARTESIAN_POINT('Origin',(0.0783381040112799,0.196850393700787,1.06404930249283));
#4680=CARTESIAN_POINT('Origin',(-0.0783381040112803,0.133858267716535,1.06404930249283));
#4681=CARTESIAN_POINT('',(-0.0626704832090243,0.133858267716535,1.06245991443521));
#4682=CARTESIAN_POINT('Origin',(-0.0783381040112803,0.133858267716535,1.06404930249283));
#4683=CARTESIAN_POINT('Origin',(-0.0783381040112803,0.133858267716535,1.06404930249283));
#4684=CARTESIAN_POINT('Origin',(-0.0783381040112803,0.393700787401575,1.06404930249283));
#4685=CARTESIAN_POINT('',(-0.0626704832090243,0.196850393700787,1.06245991443521));
#4686=CARTESIAN_POINT('',(-0.0626704832090243,0.393700787401575,1.06245991443521));
#4687=CARTESIAN_POINT('',(-0.0626244735152811,0.196850393700787,1.06508964504988));
#4688=CARTESIAN_POINT('Origin',(-0.0783381040112803,0.196850393700787,1.06404930249283));
#4689=CARTESIAN_POINT('Ctrl Pts',(-0.0626244735152756,0.196850393700787,
1.06508964504988));
#4690=CARTESIAN_POINT('Ctrl Pts',(-0.0627218805721868,0.196850393700787,
1.06656090900003));
#4691=CARTESIAN_POINT('Ctrl Pts',(-0.0630235478576757,0.197057251317182,
1.06798539763106));
#4692=CARTESIAN_POINT('Ctrl Pts',(-0.0640472214233099,0.197886055024522,
1.07086320952316));
#4693=CARTESIAN_POINT('Ctrl Pts',(-0.0648045095211205,0.19854800211559,
1.07223856475609));
#4694=CARTESIAN_POINT('Ctrl Pts',(-0.0668770762894625,0.200420627286958,
1.07503077667657));
#4695=CARTESIAN_POINT('Ctrl Pts',(-0.0682856684240814,0.201732725931813,
1.07630057484972));
#4696=CARTESIAN_POINT('Ctrl Pts',(-0.0712386727186825,0.204530125936846,
1.07821424140255));
#4697=CARTESIAN_POINT('Ctrl Pts',(-0.0727995639309242,0.206030377421179,
1.078880791843));
#4698=CARTESIAN_POINT('Ctrl Pts',(-0.0760283482821351,0.209169430065521,
1.07972048356528));
#4699=CARTESIAN_POINT('Ctrl Pts',(-0.0777196628781471,0.210832783973883,
1.07987318516278));
#4700=CARTESIAN_POINT('Ctrl Pts',(-0.0794198035442083,0.212524196504335,
1.07976018470733));
#4701=CARTESIAN_POINT('Ctrl Pts',(-0.0794570997103117,0.212561310906047,
1.07975757236665));
#4702=CARTESIAN_POINT('Ctrl Pts',(-0.0794943859893066,0.21259842519685,
1.07975482725287));
#4703=CARTESIAN_POINT('Origin',(-1.74838271594513E-16,0.133858267716535,
1.05610236220472));
#4704=CARTESIAN_POINT('Origin',(-1.74838271594513E-16,0.133858267716535,
1.05610236220472));
#4705=CARTESIAN_POINT('Origin',(0.,0.21259842519685,0.));
#4706=CARTESIAN_POINT('Origin',(0.,0.196850393700787,0.));
#4707=CARTESIAN_POINT('Origin',(0.,0.133858267716535,0.));
#4708=CARTESIAN_POINT('Origin',(-1.74838271594513E-16,0.196850393700787,
1.05610236220472));
#4709=CARTESIAN_POINT('Origin',(-1.74838271594513E-16,0.196850393700787,
1.05610236220472));
#4710=CARTESIAN_POINT('Origin',(-0.0191929133858271,0.102362204724409,0.960350865788925));
#4711=CARTESIAN_POINT('',(-0.0270669291338586,0.102362204724409,0.946712670453737));
#4712=CARTESIAN_POINT('Origin',(0.108267716535433,0.,0.993593966918446));
#4713=CARTESIAN_POINT('',(-3.49676543189026E-16,0.,0.931085571632168));
#4714=CARTESIAN_POINT('',(-3.49676543189026E-16,0.,0.931085571632168));
#4715=CARTESIAN_POINT('',(0.108267716535433,0.,0.993593966918446));
#4716=CARTESIAN_POINT('Origin',(-3.49676543189026E-16,0.,0.931085571632168));
#4717=CARTESIAN_POINT('',(-0.108267716535433,0.,0.993593966918446));
#4718=CARTESIAN_POINT('',(-0.108267716535433,0.,0.993593966918446));
#4719=CARTESIAN_POINT('',(-3.49676543189026E-16,0.,0.931085571632168));
#4720=CARTESIAN_POINT('Origin',(-0.895418561280219,0.102362204724409,0.623802677518161));
#4721=CARTESIAN_POINT('',(-0.806343758130613,0.102362204724409,0.59055957638864));
#4722=CARTESIAN_POINT('',(-0.822091789626676,0.118110236220472,0.581467446165182));
#4723=CARTESIAN_POINT('Origin',(-0.822091789626676,0.102362204724409,0.581467446165182));
#4724=CARTESIAN_POINT('',(-0.866373291849449,0.102362204724409,0.625217643840539));
#4725=CARTESIAN_POINT('',(-0.887544545532188,0.102362204724409,0.637440872853349));
#4726=CARTESIAN_POINT('',(-0.874247307597481,0.118110236220472,0.611579448505351));
#4727=CARTESIAN_POINT('Origin',(-0.874247307597481,0.102362204724409,0.611579448505351));
#4728=CARTESIAN_POINT('',(-0.895418561280219,0.118110236220472,0.623802677518161));
#4729=CARTESIAN_POINT('Ctrl Pts',(-0.874247307597481,0.118110236220472,
0.61157944850535));
#4730=CARTESIAN_POINT('Ctrl Pts',(-0.877489183706985,0.118110236220472,
0.613097998491713));
#4731=CARTESIAN_POINT('Ctrl Pts',(-0.885056983801621,0.120977461212838,
0.616661251369471));
#4732=CARTESIAN_POINT('Ctrl Pts',(-0.888697354198031,0.129137994181595,
0.618390537622552));
#4733=CARTESIAN_POINT('Ctrl Pts',(-0.888697354198031,0.133858267716536,
0.618390537622552));
#4734=CARTESIAN_POINT('Ctrl Pts',(-0.872185895095125,0.118110236220472,
0.615149919694788));
#4735=CARTESIAN_POINT('Ctrl Pts',(-0.875395955875433,0.118192113169263,
0.616708794252748));
#4736=CARTESIAN_POINT('Ctrl Pts',(-0.882771797470982,0.121256542216991,
0.620287862932129));
#4737=CARTESIAN_POINT('Ctrl Pts',(-0.8862161080657,0.129260591605897,0.621956369792937));
#4738=CARTESIAN_POINT('Ctrl Pts',(-0.8862161080657,0.133858267716536,0.621956369792937));
#4739=CARTESIAN_POINT('Ctrl Pts',(-0.868080330381529,0.114696159156313,
0.622260966372498));
#4740=CARTESIAN_POINT('Ctrl Pts',(-0.871876604484547,0.114845947812608,
0.6243494584001));
#4741=CARTESIAN_POINT('Ctrl Pts',(-0.880495670981802,0.118687021008459,
0.629084494983585));
#4742=CARTESIAN_POINT('Ctrl Pts',(-0.884409194949671,0.128318479349713,
0.631228240973845));
#4743=CARTESIAN_POINT('Ctrl Pts',(-0.884409194949671,0.133858267716536,
0.631228240973845));
#4744=CARTESIAN_POINT('Ctrl Pts',(-0.866373291849449,0.106485029729121,
0.625217643840538));
#4745=CARTESIAN_POINT('Ctrl Pts',(-0.871706183927483,0.106536502802469,
0.628298509451958));
#4746=CARTESIAN_POINT('Ctrl Pts',(-0.884091008500894,0.111643685714599,
0.635450379157819));
#4747=CARTESIAN_POINT('Ctrl Pts',(-0.889987690973905,0.12572749486508,0.638851423531794));
#4748=CARTESIAN_POINT('Ctrl Pts',(-0.889987690973905,0.133858267716536,
0.638851423531794));
#4749=CARTESIAN_POINT('Ctrl Pts',(-0.866373291849449,0.102362204724409,
0.625217643840538));
#4750=CARTESIAN_POINT('Ctrl Pts',(-0.872505099879958,0.102362204724409,
0.628757844857571));
#4751=CARTESIAN_POINT('Ctrl Pts',(-0.886838704116603,0.10809665470914,0.637033355122056));
#4752=CARTESIAN_POINT('Ctrl Pts',(-0.893749845420152,0.124417720646654,
0.641023504414068));
#4753=CARTESIAN_POINT('Ctrl Pts',(-0.893749845420152,0.133858267716536,
0.641023504414068));
#4754=CARTESIAN_POINT('Ctrl Pts',(-0.888697354198031,0.133858267716536,
0.618390537622552));
#4755=CARTESIAN_POINT('Ctrl Pts',(-0.888697354198031,0.131762719017864,
0.618390537622552));
#4756=CARTESIAN_POINT('Ctrl Pts',(-0.888285919085312,0.12967433605698,0.618195095048741));
#4757=CARTESIAN_POINT('Ctrl Pts',(-0.887536798919113,0.127750592536197,
0.617840144333082));
#4758=CARTESIAN_POINT('Ctrl Pts',(-0.886804503479409,0.125870054978948,
0.617493165567691));
#4759=CARTESIAN_POINT('Ctrl Pts',(-0.885748978034995,0.124139072126124,
0.616993501376638));
#4760=CARTESIAN_POINT('Ctrl Pts',(-0.884427709170673,0.122689807650349,
0.616369582118099));
#4761=CARTESIAN_POINT('Ctrl Pts',(-0.884056730124827,0.122282890657965,
0.61619440129195));
#4762=CARTESIAN_POINT('Ctrl Pts',(-0.883665075043353,0.121898579543981,
0.61600947387666));
#4763=CARTESIAN_POINT('Ctrl Pts',(-0.883254350976378,0.12154011055066,0.615815610227031));
#4764=CARTESIAN_POINT('Ctrl Pts',(-0.882196514123714,0.120616858805355,
0.615316306364758));
#4765=CARTESIAN_POINT('Ctrl Pts',(-0.881012091705392,0.119865372757628,
0.614757684093384));
#4766=CARTESIAN_POINT('Ctrl Pts',(-0.879758636534678,0.119304767524652,
0.61416768420702));
#4767=CARTESIAN_POINT('Ctrl Pts',(-0.878015620331054,0.11852520713211,0.613347248513668));
#4768=CARTESIAN_POINT('Ctrl Pts',(-0.876133647369892,0.118110236220472,
0.61246304218349));
#4769=CARTESIAN_POINT('Ctrl Pts',(-0.874247307597481,0.118110236220472,
0.61157944850535));
#4770=CARTESIAN_POINT('',(-0.879193733159021,0.10602886175979,0.63261952908175));
#4771=CARTESIAN_POINT('Ctrl Pts',(-0.866373291849449,0.102362204724409,
0.625217643840538));
#4772=CARTESIAN_POINT('Ctrl Pts',(-0.870819309390967,0.102362204724409,
0.627784553264956));
#4773=CARTESIAN_POINT('Ctrl Pts',(-0.875271196853892,0.103654257424262,
0.630354851690077));
#4774=CARTESIAN_POINT('Ctrl Pts',(-0.879205010533897,0.106042755761035,
0.63262604007717));
#4775=CARTESIAN_POINT('Ctrl Pts',(-0.879193733159021,0.10602886175979,0.63261952908175));
#4776=CARTESIAN_POINT('Ctrl Pts',(-0.879047039388208,0.107930066349534,
0.632534835393682));
#4777=CARTESIAN_POINT('Ctrl Pts',(-0.879068587798432,0.110319435264114,
0.632217469885599));
#4778=CARTESIAN_POINT('Ctrl Pts',(-0.879807681095008,0.114332856136777,
0.630997648617514));
#4779=CARTESIAN_POINT('Ctrl Pts',(-0.880073905940205,0.115419858337937,
0.630602914507823));
#4780=CARTESIAN_POINT('Ctrl Pts',(-0.880377071721925,0.116458261592411,
0.630179383958263));
#4781=CARTESIAN_POINT('Origin',(-0.914611474666046,0.,0.653067971674919));
#4782=CARTESIAN_POINT('',(-0.806343758130613,0.,0.59055957638864));
#4783=CARTESIAN_POINT('',(-0.806343758130613,0.,0.59055957638864));
#4784=CARTESIAN_POINT('',(-0.914611474666046,0.,0.653067971674919));
#4785=CARTESIAN_POINT('',(-0.914611474666046,0.,0.653067971674919));
#4786=CARTESIAN_POINT('',(-0.914611474666046,0.0268545658063703,0.653067971674919));
#4787=CARTESIAN_POINT('',(-0.914611474666046,0.,0.653067971674919));
#4788=CARTESIAN_POINT('Ctrl Pts',(-0.879193733159021,0.10602886175979,0.63261952908175));
#4789=CARTESIAN_POINT('Ctrl Pts',(-0.880108757248108,0.0941698169737997,
0.633147818485899));
#4790=CARTESIAN_POINT('Ctrl Pts',(-0.882871108086912,0.0816713504739628,
0.634742662486279));
#4791=CARTESIAN_POINT('Ctrl Pts',(-0.891437677692312,0.0578608993407146,
0.639688573753988));
#4792=CARTESIAN_POINT('Ctrl Pts',(-0.899884153350097,0.0433186947189472,
0.644565148748714));
#4793=CARTESIAN_POINT('Ctrl Pts',(-0.910633549109743,0.0309427946792315,
0.650771315284171));
#4794=CARTESIAN_POINT('Ctrl Pts',(-0.91256720038186,0.028872295226263,0.651887709366646));
#4795=CARTESIAN_POINT('Ctrl Pts',(-0.914611474666046,0.0268545658063703,
0.653067971674919));
#4796=CARTESIAN_POINT('Origin',(-0.822091789626676,0.102362204724409,0.559305378745501));
#4797=CARTESIAN_POINT('',(-0.822091789626676,0.118110236220472,0.474634916039542));
#4798=CARTESIAN_POINT('',(-0.822091789626676,0.118110236220472,0.559305378745501));
#4799=CARTESIAN_POINT('',(-0.806343758130613,0.102362204724409,0.465542785816083));
#4800=CARTESIAN_POINT('Origin',(-0.822091789626676,0.102362204724409,0.474634916039542));
#4801=CARTESIAN_POINT('',(-0.806343758130613,0.102362204724409,0.559305378745501));
#4802=CARTESIAN_POINT('Origin',(-0.914611474666046,0.118110236220472,0.528051181102362));
#4803=CARTESIAN_POINT('',(-0.882324674832261,0.118110236220472,0.599867439404489));
#4804=CARTESIAN_POINT('Origin',(0.,0.118110236220472,0.));
#4805=CARTESIAN_POINT('',(-0.960662778843541,0.118110236220472,0.464181863088337));
#4806=CARTESIAN_POINT('Origin',(-0.914611474666046,0.118110236220472,0.528051181102362));
#4807=CARTESIAN_POINT('',(-0.966766992636851,0.118110236220472,0.451330653316891));
#4808=CARTESIAN_POINT('Origin',(0.,0.118110236220472,0.));
#4809=CARTESIAN_POINT('',(-0.914611474666046,0.118110236220472,0.421218650976722));
#4810=CARTESIAN_POINT('',(-0.933804388051873,0.118110236220472,0.432299684686563));
#4811=CARTESIAN_POINT('',(-0.841284703012503,0.118110236220472,0.463553882329702));
#4812=CARTESIAN_POINT('Origin',(-0.933804388051873,0.102362204724409,0.432299684686563));
#4813=CARTESIAN_POINT('',(-0.914611474666046,0.102362204724409,0.403034390529805));
#4814=CARTESIAN_POINT('Origin',(-0.914611474666046,0.102362204724409,0.421218650976722));
#4815=CARTESIAN_POINT('',(-0.974641008384883,0.102362204724409,0.437692457981703));
#4816=CARTESIAN_POINT('Origin',(-0.966766992636851,0.102362204724409,0.451330653316891));
#4817=CARTESIAN_POINT('',(-0.941678403799904,0.102362204724409,0.418661489351375));
#4818=CARTESIAN_POINT('Ctrl Pts',(-0.979890592140062,0.133858267716535,
0.460439216200235));
#4819=CARTESIAN_POINT('Ctrl Pts',(-0.979890592140062,0.129137994450661,
0.460439216200235));
#4820=CARTESIAN_POINT('Ctrl Pts',(-0.976572805226876,0.120977454832028,
0.458151208978959));
#4821=CARTESIAN_POINT('Ctrl Pts',(-0.969703033484094,0.118110236220472,
0.453378925339804));
#4822=CARTESIAN_POINT('Ctrl Pts',(-0.966766992636851,0.118110236220472,
0.451330653316891));
#4823=CARTESIAN_POINT('Ctrl Pts',(-0.981738070319082,0.133858267716535,
0.456507477931403));
#4824=CARTESIAN_POINT('Ctrl Pts',(-0.981738070319082,0.129260591867975,
0.456507477931403));
#4825=CARTESIAN_POINT('Ctrl Pts',(-0.978570955826708,0.12125652963941,0.454358877010013));
#4826=CARTESIAN_POINT('Ctrl Pts',(-0.971783460424783,0.118192113167238,
0.449760738982434));
#4827=CARTESIAN_POINT('Ctrl Pts',(-0.968828405139207,0.118110236220472,
0.447760182127454));
#4828=CARTESIAN_POINT('Ctrl Pts',(-0.988864199210226,0.133858267716535,
0.45030642106523));
#4829=CARTESIAN_POINT('Ctrl Pts',(-0.988864199210226,0.128318479665494,
0.45030642106523));
#4830=CARTESIAN_POINT('Ctrl Pts',(-0.985051017380666,0.118687133505514,
0.447989172661422));
#4831=CARTESIAN_POINT('Ctrl Pts',(-0.976640881754999,0.114846123390626,
0.442892407135168));
#4832=CARTESIAN_POINT('Ctrl Pts',(-0.972934057643664,0.114696334738035,
0.440648983391511));
#4833=CARTESIAN_POINT('Ctrl Pts',(-0.998255407509338,0.133858267716535,
0.451326237672959));
#4834=CARTESIAN_POINT('Ctrl Pts',(-0.998255407509338,0.125727495328553,
0.451326237672959));
#4835=CARTESIAN_POINT('Ctrl Pts',(-0.992361683664645,0.111643673451571,
0.447920089460882));
#4836=CARTESIAN_POINT('Ctrl Pts',(-0.979975562177099,0.106536502801196,
0.440770445115085));
#4837=CARTESIAN_POINT('Ctrl Pts',(-0.974641008384882,0.106485029729121,
0.437692457981703));
#4838=CARTESIAN_POINT('Ctrl Pts',(-1.00201756195559,0.133858267716535,0.453498318555233));
#4839=CARTESIAN_POINT('Ctrl Pts',(-1.00201756195559,0.124417721184787,0.453498318555233));
#4840=CARTESIAN_POINT('Ctrl Pts',(-0.995106429255299,0.108096641947521,
0.449508174230317));
#4841=CARTESIAN_POINT('Ctrl Pts',(-0.980772816263737,0.10236220472441,0.441232658911179));
#4842=CARTESIAN_POINT('Ctrl Pts',(-0.974641008384882,0.10236220472441,0.437692457981703));
#4843=CARTESIAN_POINT('',(-0.987461449694454,0.10602886175979,0.445094343222914));
#4844=CARTESIAN_POINT('Ctrl Pts',(-0.985933000271208,0.116462599817863,
0.447352099107799));
#4845=CARTESIAN_POINT('Ctrl Pts',(-0.985987303280828,0.116200871037654,
0.447233832164851));
#4846=CARTESIAN_POINT('Ctrl Pts',(-0.986041322812779,0.115936171577284,
0.447118463543981));
#4847=CARTESIAN_POINT('Ctrl Pts',(-0.986094853355983,0.115668539884,0.447006396127936));
#4848=CARTESIAN_POINT('Ctrl Pts',(-0.986381156771004,0.114237135247178,
0.446407013382961));
#4849=CARTESIAN_POINT('Ctrl Pts',(-0.986652410149553,0.112718800934162,
0.445901135808157));
#4850=CARTESIAN_POINT('Ctrl Pts',(-0.986886974919394,0.111138720105223,
0.445558634699348));
#4851=CARTESIAN_POINT('Ctrl Pts',(-0.987135198756946,0.109466628736741,
0.445196189223619));
#4852=CARTESIAN_POINT('Ctrl Pts',(-0.987338743697813,0.107761587168617,
0.44502263320962));
#4853=CARTESIAN_POINT('Ctrl Pts',(-0.987472730371631,0.106042751152923,
0.445100856124919));
#4854=CARTESIAN_POINT('Ctrl Pts',(-0.987472730371631,0.106042751152923,
0.445100856124919));
#4855=CARTESIAN_POINT('Ctrl Pts',(-0.983538915356497,0.103654254587998,
0.442829666966989));
#4856=CARTESIAN_POINT('Ctrl Pts',(-0.97908702588373,0.10236220472441,0.440259367381484));
#4857=CARTESIAN_POINT('Ctrl Pts',(-0.974641008384882,0.10236220472441,0.437692457981703));
#4858=CARTESIAN_POINT('Ctrl Pts',(-0.966766992636851,0.118110236220472,
0.451330653316891));
#4859=CARTESIAN_POINT('Ctrl Pts',(-0.968475469940814,0.118110236220472,
0.452522539413018));
#4860=CARTESIAN_POINT('Ctrl Pts',(-0.970182294262636,0.118525251010704,
0.453710336996563));
#4861=CARTESIAN_POINT('Ctrl Pts',(-0.971764393635981,0.119304892681427,
0.454809666077268));
#4862=CARTESIAN_POINT('Ctrl Pts',(-0.972901980706625,0.119865483437793,
0.455600123724659));
#4863=CARTESIAN_POINT('Ctrl Pts',(-0.973977884162388,0.12061692552609,0.456346490735465));
#4864=CARTESIAN_POINT('Ctrl Pts',(-0.974939140056146,0.12154010748151,0.457012902096266));
#4865=CARTESIAN_POINT('Ctrl Pts',(-0.975312648532386,0.121898821833952,
0.457271844895512));
#4866=CARTESIAN_POINT('Ctrl Pts',(-0.975668859726631,0.122283413708687,
0.457518724996412));
#4867=CARTESIAN_POINT('Ctrl Pts',(-0.976006265212534,0.122690640033164,
0.457752553796776));
#4868=CARTESIAN_POINT('Ctrl Pts',(-0.977207310806773,0.124140223407786,
0.458584902594343));
#4869=CARTESIAN_POINT('Ctrl Pts',(-0.978167795734656,0.125871577888325,
0.459249182024774));
#4870=CARTESIAN_POINT('Ctrl Pts',(-0.978834333653459,0.127752489400979,
0.459709808095445));
#4871=CARTESIAN_POINT('Ctrl Pts',(-0.979515863017166,0.12967570545553,0.460180794342433));
#4872=CARTESIAN_POINT('Ctrl Pts',(-0.979890592140062,0.131763408091174,
0.460439216200235));
#4873=CARTESIAN_POINT('Ctrl Pts',(-0.979890592140062,0.133858267716535,
0.460439216200235));
#4874=CARTESIAN_POINT('Origin',(0.,0.133858267716535,0.));
#4875=CARTESIAN_POINT('Origin',(-0.960662778843541,0.133858267716535,0.464181863088336));
#4876=CARTESIAN_POINT('Origin',(-0.882324674832261,0.133858267716535,0.599867439404489));
#4877=CARTESIAN_POINT('Origin',(-0.882324674832261,0.133858267716535,0.599867439404489));
#4878=CARTESIAN_POINT('',(-0.888782034799018,0.133858267716535,0.585504187744064));
#4879=CARTESIAN_POINT('Origin',(-0.882324674832261,0.133858267716535,0.599867439404489));
#4880=CARTESIAN_POINT('Origin',(-0.882324674832261,0.133858267716535,0.599867439404489));
#4881=CARTESIAN_POINT('Origin',(-0.882324674832261,0.393700787401575,0.599867439404489));
#4882=CARTESIAN_POINT('',(-0.888782034799018,0.196850393700787,0.585504187744064));
#4883=CARTESIAN_POINT('',(-0.888782034799018,0.393700787401575,0.585504187744064));
#4884=CARTESIAN_POINT('',(-0.891082453163309,0.196850393700787,0.586779207487801));
#4885=CARTESIAN_POINT('Ctrl Pts',(-0.895347917265209,0.21259842519685,0.608721571351419));
#4886=CARTESIAN_POINT('Ctrl Pts',(-0.89536893774298,0.21256131090604,0.608690653043481));
#4887=CARTESIAN_POINT('Ctrl Pts',(-0.895389848179438,0.212524196504322,
0.608659659786502));
#4888=CARTESIAN_POINT('Ctrl Pts',(-0.896326039687775,0.210853732041052,
0.607261330428332));
#4889=CARTESIAN_POINT('Ctrl Pts',(-0.897033021387389,0.209211679761732,
0.605741831369164));
#4890=CARTESIAN_POINT('Ctrl Pts',(-0.897922090268231,0.206108254448498,
0.602570282842596));
#4891=CARTESIAN_POINT('Ctrl Pts',(-0.898132284781738,0.204623335046833,
0.600908516913406));
#4892=CARTESIAN_POINT('Ctrl Pts',(-0.89798126066962,0.201821421865881,0.597408630380256));
#4893=CARTESIAN_POINT('Ctrl Pts',(-0.897598079930725,0.200493010427478,
0.595542162271857));
#4894=CARTESIAN_POINT('Ctrl Pts',(-0.896232342387412,0.198594277392869,
0.592330214988229));
#4895=CARTESIAN_POINT('Ctrl Pts',(-0.895426104768093,0.197921426366964,
0.590977631693966));
#4896=CARTESIAN_POINT('Ctrl Pts',(-0.893456230078363,0.197074536616968,
0.588637366924498));
#4897=CARTESIAN_POINT('Ctrl Pts',(-0.892379114345108,0.19685912551242,0.587657354838941));
#4898=CARTESIAN_POINT('Ctrl Pts',(-0.891132496930754,0.196850480158585,
0.586812797497442));
#4899=CARTESIAN_POINT('Ctrl Pts',(-0.891107493284194,0.196850393700787,
0.586795962678983));
#4900=CARTESIAN_POINT('Ctrl Pts',(-0.891082453163311,0.196850393700787,
0.586779207487795));
#4901=CARTESIAN_POINT('Origin',(-0.882324674832261,0.196850393700787,0.599867439404489));
#4902=CARTESIAN_POINT('Origin',(-0.960662778843541,0.133858267716535,0.464181863088337));
#4903=CARTESIAN_POINT('',(-0.951452518008042,0.133858267716535,0.476955726691142));
#4904=CARTESIAN_POINT('Origin',(-0.960662778843541,0.133858267716535,0.464181863088337));
#4905=CARTESIAN_POINT('Origin',(-0.960662778843541,0.133858267716535,0.464181863088337));
#4906=CARTESIAN_POINT('Origin',(-0.960662778843541,0.393700787401575,0.464181863088337));
#4907=CARTESIAN_POINT('',(-0.951452518008042,0.196850393700787,0.476955726691142));
#4908=CARTESIAN_POINT('',(-0.951452518008042,0.393700787401575,0.476955726691142));
#4909=CARTESIAN_POINT('',(-0.95370692667859,0.196850393700787,0.478310437562083));
#4910=CARTESIAN_POINT('Origin',(-0.960662778843541,0.196850393700787,0.464181863088337));
#4911=CARTESIAN_POINT('Ctrl Pts',(-0.953706926678588,0.196850393700787,
0.478310437562088));
#4912=CARTESIAN_POINT('Ctrl Pts',(-0.955029782163547,0.196850393700787,
0.47896171255137));
#4913=CARTESIAN_POINT('Ctrl Pts',(-0.956414259148159,0.197057251317182,
0.479412705334157));
#4914=CARTESIAN_POINT('Ctrl Pts',(-0.959418354136846,0.197886055024522,
0.479965083967184));
#4915=CARTESIAN_POINT('Ctrl Pts',(-0.960988090756699,0.19854800211559,0.479996930852963));
#4916=CARTESIAN_POINT('Ctrl Pts',(-0.96444250059676,0.200420627286958,0.479598141340782));
#4917=CARTESIAN_POINT('Ctrl Pts',(-0.966246474139689,0.201732725931813,
0.479013163855202));
#4918=CARTESIAN_POINT('Ctrl Pts',(-0.969380260136116,0.204530125936847,
0.477412620395009));
#4919=CARTESIAN_POINT('Ctrl Pts',(-0.970737955356571,0.20603037742118,0.476394124172888));
#4920=CARTESIAN_POINT('Ctrl Pts',(-0.973079541895015,0.209169430065518,
0.47401776076254));
#4921=CARTESIAN_POINT('Ctrl Pts',(-0.974057442655693,0.210832783973789,
0.472629390155284));
#4922=CARTESIAN_POINT('Ctrl Pts',(-0.974809651723635,0.212524196504355,
0.47110052492081));
#4923=CARTESIAN_POINT('Ctrl Pts',(-0.974826037453279,0.212561310906029,
0.471066919323177));
#4924=CARTESIAN_POINT('Ctrl Pts',(-0.974842303254515,0.21259842519685,0.471033255901449));
#4925=CARTESIAN_POINT('Origin',(-0.914611474666046,0.133858267716535,0.528051181102362));
#4926=CARTESIAN_POINT('Origin',(-0.914611474666046,0.133858267716535,0.528051181102362));
#4927=CARTESIAN_POINT('Origin',(0.,0.21259842519685,0.));
#4928=CARTESIAN_POINT('Origin',(0.,0.196850393700787,0.));
#4929=CARTESIAN_POINT('Origin',(0.,0.133858267716535,0.));
#4930=CARTESIAN_POINT('Origin',(-0.914611474666046,0.196850393700787,0.528051181102362));
#4931=CARTESIAN_POINT('Origin',(-0.914611474666046,0.196850393700787,0.528051181102362));
#4932=CARTESIAN_POINT('Origin',(-0.841284703012503,0.102362204724409,0.463553882329702));
#4933=CARTESIAN_POINT('',(-0.833410687264471,0.102362204724409,0.449915686994514));
#4934=CARTESIAN_POINT('Origin',(-0.806343758130613,0.,0.59055957638864));
#4935=CARTESIAN_POINT('',(-0.806343758130613,0.,0.465542785816083));
#4936=CARTESIAN_POINT('',(-0.806343758130613,0.,0.465542785816083));
#4937=CARTESIAN_POINT('',(-0.806343758130613,0.,0.59055957638864));
#4938=CARTESIAN_POINT('Origin',(-0.806343758130613,0.,0.465542785816083));
#4939=CARTESIAN_POINT('',(-0.914611474666046,0.,0.403034390529805));
#4940=CARTESIAN_POINT('',(-0.914611474666046,0.,0.403034390529805));
#4941=CARTESIAN_POINT('',(-0.806343758130613,0.,0.465542785816083));
#4942=CARTESIAN_POINT('Origin',(-0.987938246319589,0.102362204724409,-0.463553882329702));
#4943=CARTESIAN_POINT('',(-0.914611474666046,0.102362204724409,-0.403034390529805));
#4944=CARTESIAN_POINT('',(-0.914611474666046,0.118110236220472,-0.421218650976723));
#4945=CARTESIAN_POINT('Origin',(-0.914611474666046,0.102362204724409,-0.421218650976723));
#4946=CARTESIAN_POINT('',(-0.974641008384882,0.102362204724409,-0.437692457981703));
#4947=CARTESIAN_POINT('',(-0.995812262067621,0.102362204724409,-0.449915686994514));
#4948=CARTESIAN_POINT('',(-0.966766992636851,0.118110236220472,-0.451330653316891));
#4949=CARTESIAN_POINT('Origin',(-0.966766992636851,0.102362204724409,-0.451330653316891));
#4950=CARTESIAN_POINT('',(-0.987938246319589,0.118110236220472,-0.463553882329702));
#4951=CARTESIAN_POINT('Ctrl Pts',(-0.966766992636851,0.118110236220472,
-0.451330653316891));
#4952=CARTESIAN_POINT('Ctrl Pts',(-0.970681713766508,0.118110236220473,
-0.454061682680775));
#4953=CARTESIAN_POINT('Ctrl Pts',(-0.977472095914259,0.122050175885611,
-0.458771670619963));
#4954=CARTESIAN_POINT('Ctrl Pts',(-0.979890592140062,0.13031806276713,-0.460439216200236));
#4955=CARTESIAN_POINT('Ctrl Pts',(-0.979890592140062,0.133858267716535,
-0.460439216200236));
#4956=CARTESIAN_POINT('Ctrl Pts',(-0.968828405139206,0.118110236220472,
-0.447760182127454));
#4957=CARTESIAN_POINT('Ctrl Pts',(-0.972768478853307,0.118219405482826,
-0.450427591267427));
#4958=CARTESIAN_POINT('Ctrl Pts',(-0.979437392514433,0.122337929341985,
-0.4549458402757));
#4959=CARTESIAN_POINT('Ctrl Pts',(-0.981738070319082,0.130410010830115,
-0.456507477931403));
#4960=CARTESIAN_POINT('Ctrl Pts',(-0.981738070319082,0.133858267716535,
-0.456507477931403));
#4961=CARTESIAN_POINT('Ctrl Pts',(-0.972934057643664,0.114696334738035,
-0.440648983391511));
#4962=CARTESIAN_POINT('Ctrl Pts',(-0.97787648979211,0.11489605294149,-0.44364021504972));
#4963=CARTESIAN_POINT('Ctrl Pts',(-0.986089574658774,0.11999144068092,-0.448619752112195));
#4964=CARTESIAN_POINT('Ctrl Pts',(-0.988864199210226,0.129703426678254,
-0.45030642106523));
#4965=CARTESIAN_POINT('Ctrl Pts',(-0.988864199210226,0.133858267716535,
-0.45030642106523));
#4966=CARTESIAN_POINT('Ctrl Pts',(-0.974641008384882,0.10648502972912,-0.437692457981703));
#4967=CARTESIAN_POINT('Ctrl Pts',(-0.981753746774504,0.106553660491888,
-0.441796440826212));
#4968=CARTESIAN_POINT('Ctrl Pts',(-0.993962310673697,0.113510949605382,
-0.448846255264033));
#4969=CARTESIAN_POINT('Ctrl Pts',(-0.998255407509338,0.127760188425549,
-0.451326237672959));
#4970=CARTESIAN_POINT('Ctrl Pts',(-0.998255407509338,0.133858267716535,
-0.451326237672959));
#4971=CARTESIAN_POINT('Ctrl Pts',(-0.974641008384882,0.102362204724409,
-0.437692457981703));
#4972=CARTESIAN_POINT('Ctrl Pts',(-0.982816752223355,0.10236220472441,-0.442412725887671));
#4973=CARTESIAN_POINT('Ctrl Pts',(-0.996979905588207,0.110242084054686,
-0.450589826295442));
#4974=CARTESIAN_POINT('Ctrl Pts',(-1.00201756195559,0.126777857817724,-0.453498318555233));
#4975=CARTESIAN_POINT('Ctrl Pts',(-1.00201756195559,0.133858267716535,-0.453498318555233));
#4976=CARTESIAN_POINT('Ctrl Pts',(-0.979890592140062,0.133858267716535,
-0.460439216200236));
#4977=CARTESIAN_POINT('Ctrl Pts',(-0.979890592140062,0.13031806276713,-0.460439216200236));
#4978=CARTESIAN_POINT('Ctrl Pts',(-0.978854093757575,0.12677468267505,-0.45972455380869));
#4979=CARTESIAN_POINT('Ctrl Pts',(-0.977014595920036,0.12402623166353,-0.458451075473671));
#4980=CARTESIAN_POINT('Ctrl Pts',(-0.974561932136652,0.120361630314837,
-0.456753104360311));
#4981=CARTESIAN_POINT('Ctrl Pts',(-0.970681713766508,0.118110236220473,
-0.454061682680775));
#4982=CARTESIAN_POINT('Ctrl Pts',(-0.966766992636851,0.118110236220472,
-0.451330653316891));
#4983=CARTESIAN_POINT('',(-0.987461449694454,0.10602886175979,-0.445094343222914));
#4984=CARTESIAN_POINT('Ctrl Pts',(-0.974641008384882,0.102362204724409,
-0.437692457981703));
#4985=CARTESIAN_POINT('Ctrl Pts',(-0.979087025883729,0.102362204724409,
-0.440259367381485));
#4986=CARTESIAN_POINT('Ctrl Pts',(-0.983508642138257,0.103693790974854,
-0.442812188716289));
#4987=CARTESIAN_POINT('Ctrl Pts',(-0.987439931879155,0.10608737426367,-0.445081919906459));
#4988=CARTESIAN_POINT('Ctrl Pts',(-0.987461449694454,0.10602886175979,-0.445094343222914));
#4989=CARTESIAN_POINT('Ctrl Pts',(-0.98731475592363,0.107930066349676,-0.445009649534841));
#4990=CARTESIAN_POINT('Ctrl Pts',(-0.987050683536407,0.110319435264768,
-0.44518699375956));
#4991=CARTESIAN_POINT('Ctrl Pts',(-0.986363833978336,0.114332856137728,
-0.446436977964571));
#4992=CARTESIAN_POINT('Ctrl Pts',(-0.986155096634289,0.115419858338397,
-0.446864902498312));
#4993=CARTESIAN_POINT('Ctrl Pts',(-0.985939891310046,0.116458261592411,
-0.44733921704141));
#4994=CARTESIAN_POINT('Origin',(-1.02287919120148,0.,-0.465542785816084));
#4995=CARTESIAN_POINT('',(-0.914611474666046,0.,-0.403034390529805));
#4996=CARTESIAN_POINT('',(-0.914611474666046,0.,-0.403034390529805));
#4997=CARTESIAN_POINT('',(-1.02287919120148,0.,-0.465542785816084));
#4998=CARTESIAN_POINT('',(-1.02287919120148,0.,-0.465542785816084));
#4999=CARTESIAN_POINT('',(-1.02287919120148,0.0268545658063704,-0.465542785816084));
#5000=CARTESIAN_POINT('',(-1.02287919120148,0.,-0.465542785816084));
#5001=CARTESIAN_POINT('Ctrl Pts',(-0.987461449694454,0.10602886175979,-0.445094343222915));
#5002=CARTESIAN_POINT('Ctrl Pts',(-0.988376473783541,0.0941698169737996,
-0.445622632627064));
#5003=CARTESIAN_POINT('Ctrl Pts',(-0.991138824622345,0.0816713504739628,
-0.447217476627444));
#5004=CARTESIAN_POINT('Ctrl Pts',(-0.999705394227745,0.0578608993407147,
-0.452163387895153));
#5005=CARTESIAN_POINT('Ctrl Pts',(-1.00815186988553,0.0433186947189472,
-0.457039962889879));
#5006=CARTESIAN_POINT('Ctrl Pts',(-1.01890126564518,0.0309427946792315,
-0.463246129425336));
#5007=CARTESIAN_POINT('Ctrl Pts',(-1.02083491691729,0.0288722952262632,
-0.464362523507811));
#5008=CARTESIAN_POINT('Ctrl Pts',(-1.02287919120148,0.0268545658063704,
-0.465542785816084));
#5009=CARTESIAN_POINT('Origin',(-0.895418561280219,0.102362204724409,-0.432299684686563));
#5010=CARTESIAN_POINT('',(-0.822091789626676,0.118110236220472,-0.474634916039543));
#5011=CARTESIAN_POINT('',(-0.895418561280219,0.118110236220472,-0.432299684686563));
#5012=CARTESIAN_POINT('',(-0.806343758130613,0.102362204724409,-0.465542785816084));
#5013=CARTESIAN_POINT('Origin',(-0.822091789626676,0.102362204724409,-0.474634916039543));
#5014=CARTESIAN_POINT('',(-0.887544545532187,0.102362204724409,-0.418661489351375));
#5015=CARTESIAN_POINT('Origin',(-0.914611474666046,0.118110236220472,-0.528051181102362));
#5016=CARTESIAN_POINT('',(-0.96066277884354,0.118110236220472,-0.464181863088337));
#5017=CARTESIAN_POINT('Origin',(0.,0.118110236220472,0.));
#5018=CARTESIAN_POINT('',(-0.88232467483226,0.118110236220472,-0.599867439404489));
#5019=CARTESIAN_POINT('Origin',(-0.914611474666046,0.118110236220472,-0.528051181102362));
#5020=CARTESIAN_POINT('',(-0.874247307597481,0.118110236220472,-0.611579448505351));
#5021=CARTESIAN_POINT('Origin',(0.,0.118110236220472,0.));
#5022=CARTESIAN_POINT('',(-0.822091789626676,0.118110236220472,-0.581467446165182));
#5023=CARTESIAN_POINT('',(-0.841284703012502,0.118110236220472,-0.592548479875022));
#5024=CARTESIAN_POINT('',(-0.822091789626676,0.118110236220472,-0.496796983459223));
#5025=CARTESIAN_POINT('Origin',(-0.841284703012502,0.102362204724409,-0.592548479875022));
#5026=CARTESIAN_POINT('',(-0.806343758130613,0.102362204724409,-0.590559576388641));
#5027=CARTESIAN_POINT('Origin',(-0.822091789626676,0.102362204724409,-0.581467446165182));
#5028=CARTESIAN_POINT('',(-0.866373291849449,0.102362204724409,-0.625217643840539));
#5029=CARTESIAN_POINT('Origin',(-0.874247307597481,0.102362204724409,-0.611579448505351));
#5030=CARTESIAN_POINT('',(-0.833410687264471,0.102362204724409,-0.60618667521021));
#5031=CARTESIAN_POINT('Ctrl Pts',(-0.88869735419803,0.133858267716535,-0.618390537622552));
#5032=CARTESIAN_POINT('Ctrl Pts',(-0.88869735419803,0.13031806256533,-0.618390537622552));
#5033=CARTESIAN_POINT('Ctrl Pts',(-0.886043963767158,0.122050181360348,
-0.617129828645341));
#5034=CARTESIAN_POINT('Ctrl Pts',(-0.87856980907682,0.118110236220472,-0.6136041818205));
#5035=CARTESIAN_POINT('Ctrl Pts',(-0.874247307597481,0.118110236220472,
-0.611579448505351));
#5036=CARTESIAN_POINT('Ctrl Pts',(-0.8862161080657,0.133858267716535,-0.621956369792937));
#5037=CARTESIAN_POINT('Ctrl Pts',(-0.8862161080657,0.130410010633556,-0.621956369792937));
#5038=CARTESIAN_POINT('Ctrl Pts',(-0.88371334284687,0.122337943407594,-0.620744738737095));
#5039=CARTESIAN_POINT('Ctrl Pts',(-0.876465976135536,0.118219405485526,
-0.617228419105402));
#5040=CARTESIAN_POINT('Ctrl Pts',(-0.872185895095125,0.118110236220472,
-0.615149919694788));
#5041=CARTESIAN_POINT('Ctrl Pts',(-0.88440919494967,0.133858267716535,-0.631228240973845));
#5042=CARTESIAN_POINT('Ctrl Pts',(-0.88440919494967,0.129703426441418,-0.631228240973845));
#5043=CARTESIAN_POINT('Ctrl Pts',(-0.881561107861667,0.11999137829921,-0.629668647340495));
#5044=CARTESIAN_POINT('Ctrl Pts',(-0.873142029185553,0.114895877364707,
-0.625045622409301));
#5045=CARTESIAN_POINT('Ctrl Pts',(-0.868080330381529,0.114696159156313,
-0.622260966372499));
#5046=CARTESIAN_POINT('Ctrl Pts',(-0.889987690973905,0.133858267716535,
-0.638851423531794));
#5047=CARTESIAN_POINT('Ctrl Pts',(-0.889987690973905,0.127760188077944,
-0.638851423531794));
#5048=CARTESIAN_POINT('Ctrl Pts',(-0.885693404700837,0.113510960822139,
-0.636373479017715));
#5049=CARTESIAN_POINT('Ctrl Pts',(-0.87348381462016,0.106553660493585,-0.629325464655766));
#5050=CARTESIAN_POINT('Ctrl Pts',(-0.866373291849449,0.10648502972912,-0.625217643840539));
#5051=CARTESIAN_POINT('Ctrl Pts',(-0.893749845420152,0.133858267716535,
-0.641023504414068));
#5052=CARTESIAN_POINT('Ctrl Pts',(-0.893749845420152,0.126777857414124,
-0.641023504414068));
#5053=CARTESIAN_POINT('Ctrl Pts',(-0.88871217865087,0.110242095004161,-0.638115006148736));
#5054=CARTESIAN_POINT('Ctrl Pts',(-0.874549035890127,0.102362204724409,
-0.62993791186325));
#5055=CARTESIAN_POINT('Ctrl Pts',(-0.866373291849449,0.102362204724409,
-0.625217643840539));
#5056=CARTESIAN_POINT('',(-0.879193733159021,0.10602886175979,-0.63261952908175));
#5057=CARTESIAN_POINT('Ctrl Pts',(-0.88037181684539,0.116478893727263,-0.630159372877625));
#5058=CARTESIAN_POINT('Ctrl Pts',(-0.879938700945071,0.115003069340319,
-0.630757029155368));
#5059=CARTESIAN_POINT('Ctrl Pts',(-0.879582173696466,0.113426892199612,
-0.631300956544571));
#5060=CARTESIAN_POINT('Ctrl Pts',(-0.879356680416613,0.111773994241317,
-0.631725572880189));
#5061=CARTESIAN_POINT('Ctrl Pts',(-0.87932951567303,0.111574872789741,-0.631776725596959));
#5062=CARTESIAN_POINT('Ctrl Pts',(-0.879304278692059,0.111374694084034,
-0.631826155903719));
#5063=CARTESIAN_POINT('Ctrl Pts',(-0.879281087838203,0.111173545296701,
-0.631873757940221));
#5064=CARTESIAN_POINT('Ctrl Pts',(-0.879088785704564,0.109505588557253,
-0.632268481361856));
#5065=CARTESIAN_POINT('Ctrl Pts',(-0.879038805689559,0.107803635262109,
-0.632530763609689));
#5066=CARTESIAN_POINT('Ctrl Pts',(-0.879172212049936,0.106087377528553,
-0.632607103863627));
#5067=CARTESIAN_POINT('Ctrl Pts',(-0.879172212049936,0.106087377528553,
-0.632607103863626));
#5068=CARTESIAN_POINT('Ctrl Pts',(-0.875240923837166,0.103693792784851,
-0.630337373555722));
#5069=CARTESIAN_POINT('Ctrl Pts',(-0.870819309390967,0.102362204724409,
-0.627784553264956));
#5070=CARTESIAN_POINT('Ctrl Pts',(-0.866373291849449,0.102362204724409,
-0.625217643840539));
#5071=CARTESIAN_POINT('Ctrl Pts',(-0.874247307597481,0.118110236220472,
-0.611579448505351));
#5072=CARTESIAN_POINT('Ctrl Pts',(-0.87856980907682,0.118110236220472,-0.6136041818205));
#5073=CARTESIAN_POINT('Ctrl Pts',(-0.882840754614156,0.120361633443258,
-0.615618837148981));
#5074=CARTESIAN_POINT('Ctrl Pts',(-0.88553757304636,0.12402623427914,-0.616893920935378));
#5075=CARTESIAN_POINT('Ctrl Pts',(-0.887560186870514,0.126774684906052,
-0.617850233775176));
#5076=CARTESIAN_POINT('Ctrl Pts',(-0.88869735419803,0.13031806256533,-0.618390537622552));
#5077=CARTESIAN_POINT('Ctrl Pts',(-0.88869735419803,0.133858267716535,-0.618390537622552));
#5078=CARTESIAN_POINT('Origin',(0.,0.133858267716535,0.));
#5079=CARTESIAN_POINT('Origin',(-0.88232467483226,0.133858267716535,-0.59986743940449));
#5080=CARTESIAN_POINT('Origin',(-0.960662778843541,0.133858267716535,-0.464181863088337));
#5081=CARTESIAN_POINT('Origin',(-0.960662778843541,0.133858267716535,-0.464181863088337));
#5082=CARTESIAN_POINT('',(-0.951452518008042,0.133858267716535,-0.476955726691142));
#5083=CARTESIAN_POINT('Origin',(-0.960662778843541,0.133858267716535,-0.464181863088337));
#5084=CARTESIAN_POINT('Origin',(-0.96066277884354,0.133858267716535,-0.464181863088337));
#5085=CARTESIAN_POINT('Origin',(-0.960662778843541,0.393700787401575,-0.464181863088337));
#5086=CARTESIAN_POINT('',(-0.951452518008042,0.196850393700787,-0.476955726691142));
#5087=CARTESIAN_POINT('',(-0.951452518008042,0.393700787401575,-0.476955726691142));
#5088=CARTESIAN_POINT('',(-0.95370692667859,0.196850393700787,-0.478310437562083));
#5089=CARTESIAN_POINT('Ctrl Pts',(-0.974842303254515,0.21259842519685,-0.471033255901449));
#5090=CARTESIAN_POINT('Ctrl Pts',(-0.97482603745328,0.212561310906031,-0.471066919323175));
#5091=CARTESIAN_POINT('Ctrl Pts',(-0.974809651723629,0.212524196504342,
-0.471100524920823));
#5092=CARTESIAN_POINT('Ctrl Pts',(-0.974066758730772,0.210853732041015,
-0.47261045522892));
#5093=CARTESIAN_POINT('Ctrl Pts',(-0.973104324794292,0.209211679761718,
-0.473982468870419));
#5094=CARTESIAN_POINT('Ctrl Pts',(-0.97080221764135,0.206108254448464,-0.476338199370238));
#5095=CARTESIAN_POINT('Ctrl Pts',(-0.96946818338827,0.20462333504679,-0.47735111612327));
#5096=CARTESIAN_POINT('Ctrl Pts',(-0.966361680684126,0.20182142186584,-0.478970268672159));
#5097=CARTESIAN_POINT('Ctrl Pts',(-0.964553681517453,0.200493010427444,
-0.479571658472227));
#5098=CARTESIAN_POINT('Ctrl Pts',(-0.961089184802564,0.198594277392848,
-0.479994868706618));
#5099=CARTESIAN_POINT('Ctrl Pts',(-0.95951469449934,0.197921426366947,-0.479972938093928));
#5100=CARTESIAN_POINT('Ctrl Pts',(-0.956503028412535,0.19707453661696,-0.479437108955076));
#5101=CARTESIAN_POINT('Ctrl Pts',(-0.955115755183803,0.196859125512416,
-0.478994305410036));
#5102=CARTESIAN_POINT('Ctrl Pts',(-0.95376103836395,0.196850480158585,-0.478336981731158));
#5103=CARTESIAN_POINT('Ctrl Pts',(-0.953733957160229,0.196850393700787,
-0.478323745347285));
#5104=CARTESIAN_POINT('Ctrl Pts',(-0.953706926678586,0.196850393700787,
-0.478310437562087));
#5105=CARTESIAN_POINT('Origin',(-0.960662778843541,0.196850393700787,-0.464181863088337));
#5106=CARTESIAN_POINT('Origin',(-0.882324674832261,0.133858267716535,-0.599867439404489));
#5107=CARTESIAN_POINT('',(-0.888782034799018,0.133858267716535,-0.585504187744064));
#5108=CARTESIAN_POINT('Origin',(-0.882324674832261,0.133858267716535,-0.59986743940449));
#5109=CARTESIAN_POINT('Origin',(-0.882324674832261,0.133858267716535,-0.599867439404489));
#5110=CARTESIAN_POINT('Origin',(-0.882324674832261,0.393700787401575,-0.599867439404489));
#5111=CARTESIAN_POINT('',(-0.888782034799018,0.196850393700787,-0.585504187744064));
#5112=CARTESIAN_POINT('',(-0.888782034799018,0.393700787401575,-0.585504187744064));
#5113=CARTESIAN_POINT('',(-0.891082453163309,0.196850393700787,-0.586779207487801));
#5114=CARTESIAN_POINT('Origin',(-0.882324674832261,0.196850393700787,-0.599867439404489));
#5115=CARTESIAN_POINT('Ctrl Pts',(-0.891082453163312,0.196850393700787,
-0.586779207487796));
#5116=CARTESIAN_POINT('Ctrl Pts',(-0.892307901591359,0.196850393700787,
-0.587599196448664));
#5117=CARTESIAN_POINT('Ctrl Pts',(-0.893390711290482,0.197057251317182,
-0.588572692296899));
#5118=CARTESIAN_POINT('Ctrl Pts',(-0.895371132713535,0.197886055024522,
-0.59089812555597));
#5119=CARTESIAN_POINT('Ctrl Pts',(-0.896183581235578,0.19854800211559,-0.592241633903124));
#5120=CARTESIAN_POINT('Ctrl Pts',(-0.897565424307298,0.200420627286958,
-0.595432635335791));
#5121=CARTESIAN_POINT('Ctrl Pts',(-0.897960805715608,0.201732725931813,
-0.597287410994513));
#5122=CARTESIAN_POINT('Ctrl Pts',(-0.898141587417433,0.204530125936845,
-0.600801621007537));
#5123=CARTESIAN_POINT('Ctrl Pts',(-0.897938391425646,0.206030377421176,
-0.602486667670105));
#5124=CARTESIAN_POINT('Ctrl Pts',(-0.897051193612885,0.209169430065511,
-0.605702722802729));
#5125=CARTESIAN_POINT('Ctrl Pts',(-0.896337779777492,0.210832783973812,
-0.607243795007458));
#5126=CARTESIAN_POINT('Ctrl Pts',(-0.895389848179441,0.212524196504318,
-0.608659659786498));
#5127=CARTESIAN_POINT('Ctrl Pts',(-0.895368937742973,0.212561310906052,
-0.608690653043491));
#5128=CARTESIAN_POINT('Ctrl Pts',(-0.895347917265209,0.21259842519685,-0.608721571351419));
#5129=CARTESIAN_POINT('Origin',(-0.914611474666046,0.133858267716535,-0.528051181102362));
#5130=CARTESIAN_POINT('Origin',(-0.914611474666046,0.133858267716535,-0.528051181102362));
#5131=CARTESIAN_POINT('Origin',(0.,0.21259842519685,0.));
#5132=CARTESIAN_POINT('Origin',(0.,0.196850393700787,0.));
#5133=CARTESIAN_POINT('Origin',(0.,0.133858267716535,0.));
#5134=CARTESIAN_POINT('Origin',(-0.914611474666046,0.196850393700787,-0.528051181102362));
#5135=CARTESIAN_POINT('Origin',(-0.914611474666046,0.196850393700787,-0.528051181102362));
#5136=CARTESIAN_POINT('Origin',(-0.822091789626676,0.102362204724409,-0.496796983459223));
#5137=CARTESIAN_POINT('',(-0.806343758130613,0.102362204724409,-0.496796983459223));
#5138=CARTESIAN_POINT('Origin',(-0.914611474666046,0.,-0.403034390529805));
#5139=CARTESIAN_POINT('',(-0.806343758130613,0.,-0.465542785816084));
#5140=CARTESIAN_POINT('',(-0.806343758130613,0.,-0.465542785816084));
#5141=CARTESIAN_POINT('',(-0.914611474666046,0.,-0.403034390529805));
#5142=CARTESIAN_POINT('Origin',(-0.806343758130613,0.,-0.465542785816084));
#5143=CARTESIAN_POINT('',(-0.806343758130613,0.,-0.590559576388641));
#5144=CARTESIAN_POINT('',(-0.806343758130613,0.,-0.590559576388641));
#5145=CARTESIAN_POINT('',(-0.806343758130613,0.,-0.465542785816084));
#5146=CARTESIAN_POINT('Origin',(1.02287919120148,0.,-0.59055957638864));
#5147=CARTESIAN_POINT('',(1.02285010845655,0.,-0.590576367319255));
#5148=CARTESIAN_POINT('Ctrl Pts',(0.914611474666047,0.0268545658063704,
-0.653067971674918));
#5149=CARTESIAN_POINT('Ctrl Pts',(0.94897309232003,0.0127396604166563,-0.6332292824726));
#5150=CARTESIAN_POINT('Ctrl Pts',(0.986797969137861,0.00351817848497275,
-0.611391079659761));
#5151=CARTESIAN_POINT('Ctrl Pts',(1.02285010845655,-4.64414158922925E-17,
-0.590576367319255));
#5152=CARTESIAN_POINT('',(1.02287919120148,0.,-0.59055957638864));
#5153=CARTESIAN_POINT('Origin',(0.914611474666047,0.,-0.528051181102361));
#5154=CARTESIAN_POINT('',(1.02287919120148,0.,-0.59052599452741));
#5155=CARTESIAN_POINT('Origin',(0.,0.,0.));
#5156=CARTESIAN_POINT('',(1.02287919120148,0.,-0.465542785816083));
#5157=CARTESIAN_POINT('',(0.914611474666046,0.,-0.403034390529805));
#5158=CARTESIAN_POINT('',(1.02287919120148,0.,-0.465542785816083));
#5159=CARTESIAN_POINT('',(0.948111474666047,0.,-0.470027479048804));
#5160=CARTESIAN_POINT('Origin',(0.914611474666047,0.,-0.528051181102361));
#5161=CARTESIAN_POINT('Origin',(1.02287919120148,0.,-0.465542785816083));
#5162=CARTESIAN_POINT('',(1.02287919120148,0.0268545658063704,-0.465542785816083));
#5163=CARTESIAN_POINT('Ctrl Pts',(1.02287919120148,-1.36592399683213E-17,
-0.59052599452741));
#5164=CARTESIAN_POINT('Ctrl Pts',(1.02287919120148,0.00351923139064528,
-0.548884111167119));
#5165=CARTESIAN_POINT('Ctrl Pts',(1.02287919120148,0.0127394086773674,-0.505220871866627));
#5166=CARTESIAN_POINT('Ctrl Pts',(1.02287919120148,0.0268545658063704,-0.465542785816083));
#5167=CARTESIAN_POINT('',(1.02287919120148,0.,-0.465542785816083));
#5168=CARTESIAN_POINT('Origin',(0.914611474666046,0.,-0.403034390529805));
#5169=CARTESIAN_POINT('Ctrl Pts',(1.02287919120148,0.0268545658063704,-0.465542785816083));
#5170=CARTESIAN_POINT('Ctrl Pts',(1.02083491691729,0.0288722952262632,-0.46436252350781));
#5171=CARTESIAN_POINT('Ctrl Pts',(1.01890126564518,0.0309427946792316,-0.463246129425335));
#5172=CARTESIAN_POINT('Ctrl Pts',(1.00815186988553,0.0433186947189473,-0.457039962889878));
#5173=CARTESIAN_POINT('Ctrl Pts',(0.999705394227745,0.0578608993407146,
-0.452163387895152));
#5174=CARTESIAN_POINT('Ctrl Pts',(0.991138824622345,0.0816713504739628,
-0.447217476627442));
#5175=CARTESIAN_POINT('Ctrl Pts',(0.988376473783542,0.0941698169737997,
-0.445622632627063));
#5176=CARTESIAN_POINT('Ctrl Pts',(0.987461449694455,0.10602886175979,-0.445094343222914));
#5177=CARTESIAN_POINT('Origin',(0.914611474666047,0.,-0.528051181102361));
#5178=CARTESIAN_POINT('Origin',(0.914611474666047,-4.16076731192328,-0.528051181102361));
#5179=CARTESIAN_POINT('',(0.948111474666046,-0.118110236220473,-0.470027479048804));
#5180=CARTESIAN_POINT('',(0.948111474666047,-4.16076731192328,-0.470027479048804));
#5181=CARTESIAN_POINT('Origin',(0.914611474666047,-0.118110236220473,-0.528051181102361));
#5182=CARTESIAN_POINT('Origin',(1.02287919120148,0.,0.590559576388641));
#5183=CARTESIAN_POINT('',(1.02287919120148,0.,0.590525994527412));
#5184=CARTESIAN_POINT('Ctrl Pts',(1.02287919120148,0.0268545658063706,0.465542785816084));
#5185=CARTESIAN_POINT('Ctrl Pts',(1.02287919120148,0.0127396604166563,0.505220164220722));
#5186=CARTESIAN_POINT('Ctrl Pts',(1.02287919120148,0.00351817848497279,
0.548896569846399));
#5187=CARTESIAN_POINT('Ctrl Pts',(1.02287919120148,-3.1416251927139E-17,
0.590525994527412));
#5188=CARTESIAN_POINT('',(1.02287919120148,0.,0.590559576388641));
#5189=CARTESIAN_POINT('Origin',(0.914611474666046,0.,0.528051181102362));
#5190=CARTESIAN_POINT('',(1.02285010845655,0.,0.590576367319256));
#5191=CARTESIAN_POINT('Origin',(0.,0.,0.));
#5192=CARTESIAN_POINT('',(0.914611474666046,0.,0.653067971674919));
#5193=CARTESIAN_POINT('',(0.806343758130612,0.,0.590559576388641));
#5194=CARTESIAN_POINT('',(0.914611474666046,0.,0.653067971674919));
#5195=CARTESIAN_POINT('',(0.881111474666046,0.,0.58607488315592));
#5196=CARTESIAN_POINT('Origin',(0.914611474666046,0.,0.528051181102362));
#5197=CARTESIAN_POINT('Origin',(0.914611474666046,0.,0.653067971674919));
#5198=CARTESIAN_POINT('',(0.914611474666046,0.0268545658063704,0.653067971674919));
#5199=CARTESIAN_POINT('Ctrl Pts',(1.02285010845655,-5.87347318637817E-17,
0.590576367319256));
#5200=CARTESIAN_POINT('Ctrl Pts',(0.986787179605107,0.00351923139064518,
0.611397308999401));
#5201=CARTESIAN_POINT('Ctrl Pts',(0.948973705159362,0.0127394086773674,
0.633228928649647));
#5202=CARTESIAN_POINT('Ctrl Pts',(0.914611474666046,0.0268545658063705,
0.653067971674919));
#5203=CARTESIAN_POINT('',(0.914611474666046,0.,0.653067971674919));
#5204=CARTESIAN_POINT('Origin',(0.806343758130612,0.,0.590559576388641));
#5205=CARTESIAN_POINT('Ctrl Pts',(0.914611474666046,0.0268545658063704,
0.653067971674919));
#5206=CARTESIAN_POINT('Ctrl Pts',(0.912567200381859,0.0288722952262632,
0.651887709366647));
#5207=CARTESIAN_POINT('Ctrl Pts',(0.910633549109742,0.0309427946792315,
0.650771315284171));
#5208=CARTESIAN_POINT('Ctrl Pts',(0.899884153350097,0.0433186947189472,
0.644565148748714));
#5209=CARTESIAN_POINT('Ctrl Pts',(0.891437677692312,0.0578608993407146,
0.639688573753988));
#5210=CARTESIAN_POINT('Ctrl Pts',(0.882871108086912,0.0816713504739628,
0.634742662486279));
#5211=CARTESIAN_POINT('Ctrl Pts',(0.880108757248108,0.0941698169737996,
0.633147818485899));
#5212=CARTESIAN_POINT('Ctrl Pts',(0.879193733159021,0.10602886175979,0.63261952908175));
#5213=CARTESIAN_POINT('Origin',(0.914611474666046,0.,0.528051181102362));
#5214=CARTESIAN_POINT('Origin',(0.914611474666046,-4.16076731192328,0.528051181102362));
#5215=CARTESIAN_POINT('',(0.881111474666046,-0.118110236220473,0.58607488315592));
#5216=CARTESIAN_POINT('',(0.881111474666046,-4.16076731192328,0.58607488315592));
#5217=CARTESIAN_POINT('Origin',(0.914611474666046,-0.118110236220473,0.528051181102362));
#5218=CARTESIAN_POINT('Origin',(-1.74838271594513E-16,0.,1.18111915277728));
#5219=CARTESIAN_POINT('',(2.90827449312821E-5,0.,1.18110236184667));
#5220=CARTESIAN_POINT('Ctrl Pts',(0.108267716535433,0.0268545658063704,
1.118610757491));
#5221=CARTESIAN_POINT('Ctrl Pts',(0.0739060988814493,0.0127396604166564,
1.13844944669332));
#5222=CARTESIAN_POINT('Ctrl Pts',(0.0360812220636189,0.00351817848497275,
1.16028764950616));
#5223=CARTESIAN_POINT('Ctrl Pts',(2.90827449312165E-5,-4.09777199049639E-17,
1.18110236184667));
#5224=CARTESIAN_POINT('',(-1.74838271594513E-16,0.,1.18111915277728));
#5225=CARTESIAN_POINT('Origin',(-1.74838271594513E-16,0.,1.05610236220472));
#5226=CARTESIAN_POINT('',(-2.90827449311946E-5,0.,1.18110236184667));
#5227=CARTESIAN_POINT('Origin',(0.,0.,0.));
#5228=CARTESIAN_POINT('',(-0.108267716535433,0.,1.118610757491));
#5229=CARTESIAN_POINT('',(-0.108267716535433,0.,0.993593966918446));
#5230=CARTESIAN_POINT('',(-0.108267716535433,0.,1.118610757491));
#5231=CARTESIAN_POINT('',(-0.0670000000000002,0.,1.05610236220472));
#5232=CARTESIAN_POINT('Origin',(-1.74838271594513E-16,0.,1.05610236220472));
#5233=CARTESIAN_POINT('Origin',(-0.108267716535433,0.,1.118610757491));
#5234=CARTESIAN_POINT('',(-0.108267716535433,0.0268545658063703,1.118610757491));
#5235=CARTESIAN_POINT('Ctrl Pts',(-2.90827449312056E-5,-9.15169077877528E-17,
1.18110236184667));
#5236=CARTESIAN_POINT('Ctrl Pts',(-0.0360920115963716,0.00351923139064515,
1.16028142016652));
#5237=CARTESIAN_POINT('Ctrl Pts',(-0.0739054860421169,0.0127394086773672,
1.13844980051628));
#5238=CARTESIAN_POINT('Ctrl Pts',(-0.108267716535433,0.0268545658063703,
1.118610757491));
#5239=CARTESIAN_POINT('',(-0.108267716535433,0.,1.118610757491));
#5240=CARTESIAN_POINT('Origin',(-0.108267716535433,0.,0.993593966918446));
#5241=CARTESIAN_POINT('Ctrl Pts',(-0.108267716535433,0.0268545658063703,
1.118610757491));
#5242=CARTESIAN_POINT('Ctrl Pts',(-0.108267716535433,0.0288722952262632,
1.11625023287446));
#5243=CARTESIAN_POINT('Ctrl Pts',(-0.108267716535433,0.0309427946792315,
1.11401744470951));
#5244=CARTESIAN_POINT('Ctrl Pts',(-0.108267716535433,0.0433186947189472,
1.10160511163859));
#5245=CARTESIAN_POINT('Ctrl Pts',(-0.108267716535433,0.0578608993407146,
1.09185196164914));
#5246=CARTESIAN_POINT('Ctrl Pts',(-0.108267716535433,0.0816713504739628,
1.08196013911372));
#5247=CARTESIAN_POINT('Ctrl Pts',(-0.108267716535433,0.0941698169737996,
1.07877045111296));
#5248=CARTESIAN_POINT('Ctrl Pts',(-0.108267716535433,0.10602886175979,1.07771387230466));
#5249=CARTESIAN_POINT('Origin',(-1.74838271594513E-16,0.,1.05610236220472));
#5250=CARTESIAN_POINT('Origin',(-1.74838271594513E-16,-4.16076731192328,
1.05610236220472));
#5251=CARTESIAN_POINT('',(-0.0670000000000003,-0.118110236220473,1.05610236220472));
#5252=CARTESIAN_POINT('',(-0.0670000000000002,-4.16076731192328,1.05610236220472));
#5253=CARTESIAN_POINT('Origin',(-1.74838271594513E-16,-0.118110236220473,
1.05610236220472));
#5254=CARTESIAN_POINT('Origin',(-1.02287919120148,0.,0.59055957638864));
#5255=CARTESIAN_POINT('',(-1.02285010845655,0.,0.590576367319255));
#5256=CARTESIAN_POINT('Ctrl Pts',(-0.914611474666046,0.0268545658063705,
0.653067971674919));
#5257=CARTESIAN_POINT('Ctrl Pts',(-0.94897309232003,0.0127396604166564,
0.6332292824726));
#5258=CARTESIAN_POINT('Ctrl Pts',(-0.98679796913786,0.0035181784849729,
0.611391079659761));
#5259=CARTESIAN_POINT('Ctrl Pts',(-1.02285010845655,2.0488859952482E-17,
0.590576367319255));
#5260=CARTESIAN_POINT('',(-1.02287919120148,0.,0.59055957638864));
#5261=CARTESIAN_POINT('Origin',(-0.914611474666046,0.,0.528051181102362));
#5262=CARTESIAN_POINT('',(-1.02287919120148,0.,0.590525994527411));
#5263=CARTESIAN_POINT('Origin',(0.,0.,0.));
#5264=CARTESIAN_POINT('',(-1.02287919120148,0.,0.465542785816084));
#5265=CARTESIAN_POINT('',(-0.914611474666046,0.,0.403034390529805));
#5266=CARTESIAN_POINT('',(-1.02287919120148,0.,0.465542785816084));
#5267=CARTESIAN_POINT('',(-0.948111474666046,0.,0.470027479048805));
#5268=CARTESIAN_POINT('Origin',(-0.914611474666046,0.,0.528051181102362));
#5269=CARTESIAN_POINT('Origin',(-1.02287919120148,0.,0.465542785816084));
#5270=CARTESIAN_POINT('',(-1.02287919120148,0.0268545658063704,0.465542785816084));
#5271=CARTESIAN_POINT('Ctrl Pts',(-1.02287919120148,-6.82961998416066E-19,
0.590525994527411));
#5272=CARTESIAN_POINT('Ctrl Pts',(-1.02287919120148,0.00351923139064529,
0.54888411116712));
#5273=CARTESIAN_POINT('Ctrl Pts',(-1.02287919120148,0.0127394086773674,
0.505220871866628));
#5274=CARTESIAN_POINT('Ctrl Pts',(-1.02287919120148,0.0268545658063705,
0.465542785816084));
#5275=CARTESIAN_POINT('',(-1.02287919120148,0.,0.465542785816084));
#5276=CARTESIAN_POINT('Origin',(-0.914611474666046,0.,0.403034390529805));
#5277=CARTESIAN_POINT('Ctrl Pts',(-1.02287919120148,0.0268545658063704,
0.465542785816083));
#5278=CARTESIAN_POINT('Ctrl Pts',(-1.02083491691729,0.0288722952262632,
0.464362523507811));
#5279=CARTESIAN_POINT('Ctrl Pts',(-1.01890126564518,0.0309427946792315,
0.463246129425335));
#5280=CARTESIAN_POINT('Ctrl Pts',(-1.00815186988553,0.0433186947189472,
0.457039962889878));
#5281=CARTESIAN_POINT('Ctrl Pts',(-0.999705394227745,0.0578608993407146,
0.452163387895152));
#5282=CARTESIAN_POINT('Ctrl Pts',(-0.991138824622345,0.0816713504739628,
0.447217476627443));
#5283=CARTESIAN_POINT('Ctrl Pts',(-0.988376473783541,0.0941698169737996,
0.445622632627063));
#5284=CARTESIAN_POINT('Ctrl Pts',(-0.987461449694454,0.10602886175979,0.445094343222914));
#5285=CARTESIAN_POINT('Origin',(-0.914611474666046,0.,0.528051181102362));
#5286=CARTESIAN_POINT('Origin',(-0.914611474666046,-4.16076731192328,0.528051181102362));
#5287=CARTESIAN_POINT('',(-0.948111474666046,-0.118110236220473,0.470027479048804));
#5288=CARTESIAN_POINT('',(-0.948111474666046,-4.16076731192328,0.470027479048805));
#5289=CARTESIAN_POINT('Origin',(-0.914611474666046,-0.118110236220473,0.528051181102362));
#5290=CARTESIAN_POINT('Origin',(-1.02287919120148,0.,-0.590559576388641));
#5291=CARTESIAN_POINT('',(-1.02287919120148,0.,-0.590525994527411));
#5292=CARTESIAN_POINT('Ctrl Pts',(-1.02287919120148,0.0268545658063705,
-0.465542785816084));
#5293=CARTESIAN_POINT('Ctrl Pts',(-1.02287919120148,0.0127396604166563,
-0.505220164220721));
#5294=CARTESIAN_POINT('Ctrl Pts',(-1.02287919120148,0.00351817848497282,
-0.548896569846399));
#5295=CARTESIAN_POINT('Ctrl Pts',(-1.02287919120148,-2.18547839493141E-17,
-0.590525994527411));
#5296=CARTESIAN_POINT('',(-1.02287919120148,0.,-0.590559576388641));
#5297=CARTESIAN_POINT('Origin',(-0.914611474666046,0.,-0.528051181102362));
#5298=CARTESIAN_POINT('',(-1.02285010845655,0.,-0.590576367319255));
#5299=CARTESIAN_POINT('Origin',(0.,0.,0.));
#5300=CARTESIAN_POINT('',(-0.914611474666046,0.,-0.653067971674919));
#5301=CARTESIAN_POINT('',(-0.806343758130613,0.,-0.590559576388641));
#5302=CARTESIAN_POINT('',(-0.914611474666046,0.,-0.653067971674919));
#5303=CARTESIAN_POINT('',(-0.881111474666046,0.,-0.58607488315592));
#5304=CARTESIAN_POINT('Origin',(-0.914611474666046,0.,-0.528051181102362));
#5305=CARTESIAN_POINT('Origin',(-0.914611474666046,0.,-0.653067971674919));
#5306=CARTESIAN_POINT('',(-0.914611474666046,0.0268545658063704,-0.653067971674919));
#5307=CARTESIAN_POINT('Ctrl Pts',(-1.02285010845655,-1.22933159714892E-17,
-0.590576367319255));
#5308=CARTESIAN_POINT('Ctrl Pts',(-0.986787179605108,0.00351923139064527,
-0.611397308999401));
#5309=CARTESIAN_POINT('Ctrl Pts',(-0.948973705159362,0.0127394086773673,
-0.633228928649647));
#5310=CARTESIAN_POINT('Ctrl Pts',(-0.914611474666046,0.0268545658063705,
-0.653067971674919));
#5311=CARTESIAN_POINT('',(-0.914611474666046,0.,-0.653067971674919));
#5312=CARTESIAN_POINT('Origin',(-0.806343758130613,0.,-0.590559576388641));
#5313=CARTESIAN_POINT('Ctrl Pts',(-0.914611474666046,0.0268545658063704,
-0.653067971674919));
#5314=CARTESIAN_POINT('Ctrl Pts',(-0.912567200381859,0.0288722952262631,
-0.651887709366647));
#5315=CARTESIAN_POINT('Ctrl Pts',(-0.910633549109742,0.0309427946792316,
-0.650771315284171));
#5316=CARTESIAN_POINT('Ctrl Pts',(-0.899884153350097,0.0433186947189473,
-0.644565148748714));
#5317=CARTESIAN_POINT('Ctrl Pts',(-0.891437677692312,0.0578608993407146,
-0.639688573753988));
#5318=CARTESIAN_POINT('Ctrl Pts',(-0.882871108086912,0.0816713504739628,
-0.634742662486279));
#5319=CARTESIAN_POINT('Ctrl Pts',(-0.880108757248108,0.0941698169737997,
-0.633147818485899));
#5320=CARTESIAN_POINT('Ctrl Pts',(-0.879193733159021,0.10602886175979,-0.63261952908175));
#5321=CARTESIAN_POINT('Origin',(-0.914611474666046,0.,-0.528051181102362));
#5322=CARTESIAN_POINT('Origin',(-0.914611474666046,-4.16076731192328,-0.528051181102362));
#5323=CARTESIAN_POINT('',(-0.881111474666046,-0.118110236220473,-0.58607488315592));
#5324=CARTESIAN_POINT('',(-0.881111474666046,-4.16076731192328,-0.58607488315592));
#5325=CARTESIAN_POINT('Origin',(-0.914611474666046,-0.118110236220473,-0.528051181102362));
#5326=CARTESIAN_POINT('Origin',(0.,0.116458263446843,0.));
#5327=CARTESIAN_POINT('',(-0.108267716535433,0.10602886175979,-1.07771387230466));
#5328=CARTESIAN_POINT('Ctrl Pts',(-0.108267716535433,0.10602886175979,-1.07771387230466));
#5329=CARTESIAN_POINT('Ctrl Pts',(-0.108267716535433,0.107930066353982,
-1.07754448492813));
#5330=CARTESIAN_POINT('Ctrl Pts',(-0.107982095736814,0.110319435280481,
-1.07740446364398));
#5331=CARTESIAN_POINT('Ctrl Pts',(-0.10655615287376,0.11433285615912,-1.07743462658239));
#5332=CARTESIAN_POINT('Ctrl Pts',(-0.106081190688781,0.115419858348752,
-1.07746781700645));
#5333=CARTESIAN_POINT('Ctrl Pts',(-0.105562819588121,0.116458261592412,
-1.07751860099967));
#5334=CARTESIAN_POINT('',(-0.108267716535433,0.0268545658063704,-1.118610757491));
#5335=CARTESIAN_POINT('Ctrl Pts',(-0.108267716535433,0.10602886175979,-1.07771387230466));
#5336=CARTESIAN_POINT('Ctrl Pts',(-0.108267716535433,0.0941698169737997,
-1.07877045111296));
#5337=CARTESIAN_POINT('Ctrl Pts',(-0.108267716535433,0.0816713504739628,
-1.08196013911372));
#5338=CARTESIAN_POINT('Ctrl Pts',(-0.108267716535433,0.0578608993407147,
-1.09185196164914));
#5339=CARTESIAN_POINT('Ctrl Pts',(-0.108267716535433,0.0433186947189472,
-1.10160511163859));
#5340=CARTESIAN_POINT('Ctrl Pts',(-0.108267716535433,0.0309427946792316,
-1.11401744470951));
#5341=CARTESIAN_POINT('Ctrl Pts',(-0.108267716535433,0.0288722952262632,
-1.11625023287446));
#5342=CARTESIAN_POINT('Ctrl Pts',(-0.108267716535433,0.0268545658063704,
-1.118610757491));
#5343=CARTESIAN_POINT('',(-2.90827449311072E-5,0.,-1.18110236184667));
#5344=CARTESIAN_POINT('Ctrl Pts',(-0.108267716535433,0.0268545658063705,
-1.118610757491));
#5345=CARTESIAN_POINT('Ctrl Pts',(-0.0739060988814491,0.0127396604166564,
-1.13844944669332));
#5346=CARTESIAN_POINT('Ctrl Pts',(-0.0360812220636187,0.00351817848497275,
-1.16028764950616));
#5347=CARTESIAN_POINT('Ctrl Pts',(-2.90827449310198E-5,-3.82458719112997E-17,
-1.18110236184667));
#5348=CARTESIAN_POINT('Origin',(0.,0.,0.));
#5349=CARTESIAN_POINT('Origin',(0.,0.116458263446843,0.));
#5350=CARTESIAN_POINT('Origin',(0.,0.,0.));
#5351=CARTESIAN_POINT('Origin',(0.,0.116458263446843,0.));
#5352=CARTESIAN_POINT('Origin',(0.,0.,0.));
#5353=CARTESIAN_POINT('Origin',(0.,0.116458263446843,0.));
#5354=CARTESIAN_POINT('Origin',(0.,0.,0.));
#5355=CARTESIAN_POINT('Origin',(0.,0.116458263446843,0.));
#5356=CARTESIAN_POINT('',(1.18110236220472,0.,1.44643322733939E-16));
#5357=CARTESIAN_POINT('Origin',(0.,0.,0.));
#5358=CARTESIAN_POINT('Origin',(0.,0.,0.));
#5359=CARTESIAN_POINT('Origin',(0.,0.116458263446843,0.));
#5360=CARTESIAN_POINT('',(2.90827449310198E-5,0.,-1.18110236184667));
#5361=CARTESIAN_POINT('Origin',(0.,0.,0.));
#5362=CARTESIAN_POINT('',(0.108267716535433,0.0268545658063704,-1.118610757491));
#5363=CARTESIAN_POINT('Ctrl Pts',(2.90827449309979E-5,-3.41480999208033E-17,
-1.18110236184667));
#5364=CARTESIAN_POINT('Ctrl Pts',(0.0360920115963712,0.00351923139064525,
-1.16028142016652));
#5365=CARTESIAN_POINT('Ctrl Pts',(0.073905486042117,0.0127394086773674,
-1.13844980051627));
#5366=CARTESIAN_POINT('Ctrl Pts',(0.108267716535433,0.0268545658063705,
-1.118610757491));
#5367=CARTESIAN_POINT('',(0.108267716535433,0.10602886175979,-1.07771387230466));
#5368=CARTESIAN_POINT('Ctrl Pts',(0.108267716535433,0.0268545658063704,
-1.118610757491));
#5369=CARTESIAN_POINT('Ctrl Pts',(0.108267716535433,0.0288722952262632,
-1.11625023287446));
#5370=CARTESIAN_POINT('Ctrl Pts',(0.108267716535433,0.0309427946792315,
-1.11401744470951));
#5371=CARTESIAN_POINT('Ctrl Pts',(0.108267716535433,0.0433186947189472,
-1.10160511163859));
#5372=CARTESIAN_POINT('Ctrl Pts',(0.108267716535433,0.0578608993407146,
-1.09185196164914));
#5373=CARTESIAN_POINT('Ctrl Pts',(0.108267716535433,0.0816713504739628,
-1.08196013911372));
#5374=CARTESIAN_POINT('Ctrl Pts',(0.108267716535433,0.0941698169737997,
-1.07877045111296));
#5375=CARTESIAN_POINT('Ctrl Pts',(0.108267716535433,0.10602886175979,-1.07771387230466));
#5376=CARTESIAN_POINT('Ctrl Pts',(0.105548483361872,0.116479077363158,-1.07750384923372));
#5377=CARTESIAN_POINT('Ctrl Pts',(0.106282474570963,0.115003434274231,-1.07742764551404));
#5378=CARTESIAN_POINT('Ctrl Pts',(0.106931639396736,0.113427443965184,-1.07739089736659));
#5379=CARTESIAN_POINT('Ctrl Pts',(0.10741202192228,0.111774741355549,-1.07740794210097));
#5380=CARTESIAN_POINT('Ctrl Pts',(0.107469956253067,0.111575424738922,-1.07740999770297));
#5381=CARTESIAN_POINT('Ctrl Pts',(0.10752543057066,0.111375048671858,-1.07741286291867));
#5382=CARTESIAN_POINT('Ctrl Pts',(0.107578293649518,0.111173700629622,-1.07741658744472));
#5383=CARTESIAN_POINT('Ctrl Pts',(0.108016225832545,0.109505678456308,-1.07744744243576));
#5384=CARTESIAN_POINT('Ctrl Pts',(0.108268307034045,0.107803657679591,-1.07753531868741));
#5385=CARTESIAN_POINT('Ctrl Pts',(0.108267716535433,0.106087374192067,-1.07768902413808));
#5386=CARTESIAN_POINT('Origin',(-0.0925196850393701,0.102362204724409,-1.08735655984786));
#5387=CARTESIAN_POINT('',(-0.108267716535433,0.102362204724409,-0.993593966918446));
#5388=CARTESIAN_POINT('',(-0.0925196850393702,0.118110236220472,-1.0026860971419));
#5389=CARTESIAN_POINT('Origin',(-0.0925196850393702,0.102362204724409,-1.0026860971419));
#5390=CARTESIAN_POINT('',(-0.108267716535433,0.102362204724409,-1.06291010182224));
#5391=CARTESIAN_POINT('',(-0.108267716535433,0.102362204724409,-1.08735655984786));
#5392=CARTESIAN_POINT('',(-0.0925196850393701,0.118110236220472,-1.06291010182224));
#5393=CARTESIAN_POINT('Origin',(-0.0925196850393701,0.102362204724409,-1.06291010182224));
#5394=CARTESIAN_POINT('',(-0.0925196850393701,0.118110236220472,-1.08735655984786));
#5395=CARTESIAN_POINT('Ctrl Pts',(-0.0925196850393702,0.118110236220472,
-1.06291010182224));
#5396=CARTESIAN_POINT('Ctrl Pts',(-0.0921119050263758,0.118110236220472,
-1.06766586177136));
#5397=CARTESIAN_POINT('Ctrl Pts',(-0.0914281271103916,0.122050171026113,
-1.07590149634921));
#5398=CARTESIAN_POINT('Ctrl Pts',(-0.0911932379420314,0.130318066942091,
-1.07882975382279));
#5399=CARTESIAN_POINT('Ctrl Pts',(-0.0911932379420314,0.133858267716535,
-1.07882975382279));
#5400=CARTESIAN_POINT('Ctrl Pts',(-0.0966425100440812,0.118110236220472,
-1.06291010182224));
#5401=CARTESIAN_POINT('Ctrl Pts',(-0.0963025030152199,0.11821940542131,
-1.06765600764713));
#5402=CARTESIAN_POINT('Ctrl Pts',(-0.095724041607162,0.122337925620543,
-1.07569057775006));
#5403=CARTESIAN_POINT('Ctrl Pts',(-0.0955219622533822,0.130410014896642,
-1.07846384772434));
#5404=CARTESIAN_POINT('Ctrl Pts',(-0.0955219622533822,0.133858267716535,
-1.07846384772434));
#5405=CARTESIAN_POINT('Ctrl Pts',(-0.104854468145345,0.114696987830385,
-1.06291010182224));
#5406=CARTESIAN_POINT('Ctrl Pts',(-0.104735201682162,0.114896705921299,
-1.06868598619371));
#5407=CARTESIAN_POINT('Ctrl Pts',(-0.104529409190084,0.119991666631755,
-1.07828795206128));
#5408=CARTESIAN_POINT('Ctrl Pts',(-0.104456060804011,0.129703431578055,
-1.08153389954294));
#5409=CARTESIAN_POINT('Ctrl Pts',(-0.104456060804011,0.133858267716536,
-1.08153389954294));
#5410=CARTESIAN_POINT('Ctrl Pts',(-0.108267716535433,0.10648502972912,-1.06291010182224));
#5411=CARTESIAN_POINT('Ctrl Pts',(-0.108269932328955,0.106553660453215,
-1.07112190075308));
#5412=CARTESIAN_POINT('Ctrl Pts',(-0.108268895994765,0.113510941400493,
-1.08521972961062));
#5413=CARTESIAN_POINT('Ctrl Pts',(-0.108267716535433,0.127760195617009,
-1.09017766120475));
#5414=CARTESIAN_POINT('Ctrl Pts',(-0.108267716535433,0.133858267716535,
-1.09017766120475));
#5415=CARTESIAN_POINT('Ctrl Pts',(-0.108267716535433,0.102362204724409,
-1.06291010182224));
#5416=CARTESIAN_POINT('Ctrl Pts',(-0.108267716535433,0.102362204724409,
-1.07235063231449));
#5417=CARTESIAN_POINT('Ctrl Pts',(-0.108267716535433,0.11024207433569,-1.08870482749938));
#5418=CARTESIAN_POINT('Ctrl Pts',(-0.108267716535433,0.126777866167647,
-1.0945218229693));
#5419=CARTESIAN_POINT('Ctrl Pts',(-0.108267716535433,0.133858267716535,
-1.0945218229693));
#5420=CARTESIAN_POINT('Ctrl Pts',(-0.0911932379420314,0.133858267716535,
-1.07882975382279));
#5421=CARTESIAN_POINT('Ctrl Pts',(-0.0911932379420314,0.130318066942091,
-1.07882975382279));
#5422=CARTESIAN_POINT('Ctrl Pts',(-0.0912939047284715,0.1267746829781,-1.07757478633411));
#5423=CARTESIAN_POINT('Ctrl Pts',(-0.0914770204685568,0.124026230646621,
-1.07534499447934));
#5424=CARTESIAN_POINT('Ctrl Pts',(-0.0917211747886706,0.120361627537981,
-1.07237193867299));
#5425=CARTESIAN_POINT('Ctrl Pts',(-0.0921119050263758,0.118110236220472,
-1.06766586177136));
#5426=CARTESIAN_POINT('Ctrl Pts',(-0.0925196850393701,0.118110236220472,
-1.06291010182224));
#5427=CARTESIAN_POINT('Ctrl Pts',(-0.108267716535433,0.102362204724409,
-1.06291010182224));
#5428=CARTESIAN_POINT('Ctrl Pts',(-0.108267716535433,0.102362204724409,
-1.06804391951856));
#5429=CARTESIAN_POINT('Ctrl Pts',(-0.108267716535433,0.103693790260857,
-1.07314956168695));
#5430=CARTESIAN_POINT('Ctrl Pts',(-0.108267716535433,0.106087374192067,
-1.07768902413808));
#5431=CARTESIAN_POINT('Origin',(-0.108267716535433,0.,-1.118610757491));
#5432=CARTESIAN_POINT('',(-0.108267716535433,0.,-0.993593966918446));
#5433=CARTESIAN_POINT('',(-0.108267716535433,0.,-0.993593966918446));
#5434=CARTESIAN_POINT('',(-0.108267716535433,0.,-1.118610757491));
#5435=CARTESIAN_POINT('',(-0.108267716535433,0.,-1.118610757491));
#5436=CARTESIAN_POINT('',(-0.108267716535433,0.,-1.118610757491));
#5437=CARTESIAN_POINT('Origin',(-0.0733267716535433,0.102362204724409,-0.991605063432064));
#5438=CARTESIAN_POINT('',(1.2839685570222E-16,0.118110236220472,-0.949269832079085));
#5439=CARTESIAN_POINT('',(-0.0733267716535433,0.118110236220472,-0.991605063432064));
#5440=CARTESIAN_POINT('',(1.74838271594513E-16,0.102362204724409,-0.931085571632168));
#5441=CARTESIAN_POINT('Origin',(1.52983487645199E-16,0.102362204724409,
-0.949269832079085));
#5442=CARTESIAN_POINT('',(-0.0812007874015748,0.102362204724409,-0.977966868096876));
#5443=CARTESIAN_POINT('Origin',(-2.18547839493141E-17,0.118110236220472,
-1.05610236220472));
#5444=CARTESIAN_POINT('',(-0.0783381040112801,0.118110236220472,-1.06404930249283));
#5445=CARTESIAN_POINT('Origin',(0.,0.118110236220472,0.));
#5446=CARTESIAN_POINT('',(0.0783381040112801,0.118110236220472,-1.06404930249283));
#5447=CARTESIAN_POINT('Origin',(0.,0.118110236220472,-1.05610236220472));
#5448=CARTESIAN_POINT('',(0.0925196850393701,0.118110236220472,-1.06291010182224));
#5449=CARTESIAN_POINT('Origin',(0.,0.118110236220472,0.));
#5450=CARTESIAN_POINT('',(0.0925196850393702,0.118110236220472,-1.0026860971419));
#5451=CARTESIAN_POINT('',(0.0925196850393702,0.118110236220472,-1.02484816456159));
#5452=CARTESIAN_POINT('',(0.0191929133858269,0.118110236220472,-0.960350865788925));
#5453=CARTESIAN_POINT('Origin',(0.0925196850393702,0.102362204724409,-1.02484816456159));
#5454=CARTESIAN_POINT('',(0.108267716535433,0.102362204724409,-0.993593966918446));
#5455=CARTESIAN_POINT('Origin',(0.0925196850393702,0.102362204724409,-1.0026860971419));
#5456=CARTESIAN_POINT('',(0.108267716535433,0.102362204724409,-1.06291010182224));
#5457=CARTESIAN_POINT('Origin',(0.0925196850393701,0.102362204724409,-1.06291010182224));
#5458=CARTESIAN_POINT('',(0.108267716535433,0.102362204724409,-1.02484816456159));
#5459=CARTESIAN_POINT('Ctrl Pts',(0.0911932379420314,0.133858267716535,
-1.07882975382279));
#5460=CARTESIAN_POINT('Ctrl Pts',(0.0911932379420314,0.130318066942091,
-1.07882975382279));
#5461=CARTESIAN_POINT('Ctrl Pts',(0.0914281271103915,0.122050171026113,
-1.07590149634921));
#5462=CARTESIAN_POINT('Ctrl Pts',(0.0921119050263758,0.118110236220472,
-1.06766586177136));
#5463=CARTESIAN_POINT('Ctrl Pts',(0.0925196850393701,0.118110236220472,
-1.06291010182224));
#5464=CARTESIAN_POINT('Ctrl Pts',(0.0955219622533821,0.133858267716535,
-1.07846384772434));
#5465=CARTESIAN_POINT('Ctrl Pts',(0.0955219622533821,0.130410014896642,
-1.07846384772434));
#5466=CARTESIAN_POINT('Ctrl Pts',(0.0957240416071617,0.122337925620543,
-1.07569057775006));
#5467=CARTESIAN_POINT('Ctrl Pts',(0.09630250301522,0.11821940542131,-1.06765600764713));
#5468=CARTESIAN_POINT('Ctrl Pts',(0.0966425100440812,0.118110236220472,
-1.06291010182224));
#5469=CARTESIAN_POINT('Ctrl Pts',(0.104456060804011,0.133858267716536,-1.08153389954294));
#5470=CARTESIAN_POINT('Ctrl Pts',(0.104456060804011,0.129703431578056,-1.08153389954294));
#5471=CARTESIAN_POINT('Ctrl Pts',(0.104529409190084,0.119991666631756,-1.07828795206128));
#5472=CARTESIAN_POINT('Ctrl Pts',(0.104735201682162,0.114896705921299,-1.06868598619371));
#5473=CARTESIAN_POINT('Ctrl Pts',(0.104854468145345,0.114696987830385,-1.06291010182224));
#5474=CARTESIAN_POINT('Ctrl Pts',(0.108267716535433,0.133858267716535,-1.09017766120475));
#5475=CARTESIAN_POINT('Ctrl Pts',(0.108267716535433,0.12776019561701,-1.09017766120475));
#5476=CARTESIAN_POINT('Ctrl Pts',(0.108268895994765,0.113510941400493,-1.08521972961063));
#5477=CARTESIAN_POINT('Ctrl Pts',(0.108269932328955,0.106553660453215,-1.07112190075308));
#5478=CARTESIAN_POINT('Ctrl Pts',(0.108267716535433,0.10648502972912,-1.06291010182224));
#5479=CARTESIAN_POINT('Ctrl Pts',(0.108267716535433,0.133858267716535,-1.0945218229693));
#5480=CARTESIAN_POINT('Ctrl Pts',(0.108267716535433,0.126777866167647,-1.0945218229693));
#5481=CARTESIAN_POINT('Ctrl Pts',(0.108267716535433,0.11024207433569,-1.08870482749938));
#5482=CARTESIAN_POINT('Ctrl Pts',(0.108267716535433,0.102362204724409,-1.0723506323145));
#5483=CARTESIAN_POINT('Ctrl Pts',(0.108267716535433,0.102362204724409,-1.06291010182224));
#5484=CARTESIAN_POINT('Ctrl Pts',(0.108267716535433,0.106087374192067,-1.07768902413808));
#5485=CARTESIAN_POINT('Ctrl Pts',(0.108267716535433,0.103693790260857,-1.07314956168695));
#5486=CARTESIAN_POINT('Ctrl Pts',(0.108267716535433,0.102362204724409,-1.06804391951856));
#5487=CARTESIAN_POINT('Ctrl Pts',(0.108267716535433,0.102362204724409,-1.06291010182224));
#5488=CARTESIAN_POINT('Ctrl Pts',(0.0925196850393701,0.118110236220472,
-1.06291010182224));
#5489=CARTESIAN_POINT('Ctrl Pts',(0.0921119050263758,0.118110236220473,
-1.06766586177136));
#5490=CARTESIAN_POINT('Ctrl Pts',(0.0917211747886705,0.120361627537981,
-1.07237193867299));
#5491=CARTESIAN_POINT('Ctrl Pts',(0.0914770204685567,0.124026230646621,
-1.07534499447935));
#5492=CARTESIAN_POINT('Ctrl Pts',(0.0912939047284715,0.1267746829781,-1.07757478633411));
#5493=CARTESIAN_POINT('Ctrl Pts',(0.0911932379420314,0.130318066942091,
-1.07882975382279));
#5494=CARTESIAN_POINT('Ctrl Pts',(0.0911932379420314,0.133858267716535,
-1.07882975382279));
#5495=CARTESIAN_POINT('Origin',(0.,0.133858267716535,0.));
#5496=CARTESIAN_POINT('Origin',(0.0783381040112801,0.133858267716535,-1.06404930249283));
#5497=CARTESIAN_POINT('Origin',(-0.07833810401128,0.133858267716535,-1.06404930249283));
#5498=CARTESIAN_POINT('',(-0.0626704832090241,0.133858267716535,-1.06245991443521));
#5499=CARTESIAN_POINT('Origin',(-0.0783381040112801,0.133858267716535,-1.06404930249283));
#5500=CARTESIAN_POINT('Origin',(-0.07833810401128,0.133858267716535,-1.06404930249283));
#5501=CARTESIAN_POINT('Origin',(-0.07833810401128,0.133858267716535,-1.06404930249283));
#5502=CARTESIAN_POINT('Origin',(0.,0.133858267716535,0.));
#5503=CARTESIAN_POINT('Origin',(-0.07833810401128,0.393700787401575,-1.06404930249283));
#5504=CARTESIAN_POINT('',(-0.0626704832090241,0.196850393700787,-1.06245991443521));
#5505=CARTESIAN_POINT('',(-0.0626704832090241,0.393700787401575,-1.06245991443521));
#5506=CARTESIAN_POINT('',(-0.0626244735152809,0.196850393700787,-1.06508964504988));
#5507=CARTESIAN_POINT('Ctrl Pts',(-0.0794943859893065,0.21259842519685,
-1.07975482725287));
#5508=CARTESIAN_POINT('Ctrl Pts',(-0.079457099710326,0.212561310906061,
-1.07975757236665));
#5509=CARTESIAN_POINT('Ctrl Pts',(-0.0794198035442162,0.212524196504343,
-1.07976018470733));
#5510=CARTESIAN_POINT('Ctrl Pts',(-0.0777407190429638,0.210853732041135,
-1.07987178565728));
#5511=CARTESIAN_POINT('Ctrl Pts',(-0.0760713034069157,0.209211679761736,
-1.07972430023957));
#5512=CARTESIAN_POINT('Ctrl Pts',(-0.0728801273731126,0.206108254448464,
-1.0789084822128));
#5513=CARTESIAN_POINT('Ctrl Pts',(-0.0713358986065198,0.204623335046783,
-1.07825963303662));
#5514=CARTESIAN_POINT('Ctrl Pts',(-0.0683804200145034,0.201821421865828,
-1.07637889905235));
#5515=CARTESIAN_POINT('Ctrl Pts',(-0.0669556015867324,0.200493010427435,
-1.07511382074402));
#5516=CARTESIAN_POINT('Ctrl Pts',(-0.0648568424151673,0.198594277392842,
-1.07232508369479));
#5517=CARTESIAN_POINT('Ctrl Pts',(-0.0640885897312668,0.197921426366943,
-1.07095056978785));
#5518=CARTESIAN_POINT('Ctrl Pts',(-0.0630467983342007,0.197074536616957,
-1.06807447587953));
#5519=CARTESIAN_POINT('Ctrl Pts',(-0.0627366408387263,0.196859125512415,
-1.06665166024894));
#5520=CARTESIAN_POINT('Ctrl Pts',(-0.0626285414332183,0.196850480158585,
-1.06514977922858));
#5521=CARTESIAN_POINT('Ctrl Pts',(-0.0626264638760466,0.196850393700787,
-1.06511970802626));
#5522=CARTESIAN_POINT('Ctrl Pts',(-0.0626244735152752,0.196850393700787,
-1.06508964504988));
#5523=CARTESIAN_POINT('Origin',(-0.07833810401128,0.196850393700787,-1.06404930249283));
#5524=CARTESIAN_POINT('Origin',(0.0783381040112801,0.133858267716535,-1.06404930249283));
#5525=CARTESIAN_POINT('',(0.0626704832090241,0.133858267716535,-1.06245991443521));
#5526=CARTESIAN_POINT('Origin',(0.0783381040112801,0.133858267716535,-1.06404930249283));
#5527=CARTESIAN_POINT('Origin',(0.0783381040112802,0.133858267716535,-1.06404930249283));
#5528=CARTESIAN_POINT('Origin',(0.,0.133858267716535,-1.05610236220472));
#5529=CARTESIAN_POINT('Origin',(0.,0.133858267716535,-1.05610236220472));
#5530=CARTESIAN_POINT('Origin',(0.0783381040112802,0.393700787401575,-1.06404930249283));
#5531=CARTESIAN_POINT('',(0.0626704832090241,0.196850393700787,-1.06245991443521));
#5532=CARTESIAN_POINT('',(0.0626704832090241,0.393700787401575,-1.06245991443521));
#5533=CARTESIAN_POINT('',(0.062624473515281,0.196850393700787,-1.06508964504988));
#5534=CARTESIAN_POINT('Origin',(0.0783381040112802,0.196850393700787,-1.06404930249283));
#5535=CARTESIAN_POINT('Ctrl Pts',(0.0626244735152755,0.196850393700787,
-1.06508964504988));
#5536=CARTESIAN_POINT('Ctrl Pts',(0.0627218805721868,0.196850393700787,
-1.06656090900004));
#5537=CARTESIAN_POINT('Ctrl Pts',(0.0630235478576773,0.197057251317183,
-1.06798539763106));
#5538=CARTESIAN_POINT('Ctrl Pts',(0.06404722142331,0.197886055024521,-1.07086320952315));
#5539=CARTESIAN_POINT('Ctrl Pts',(0.0648045095211182,0.198548002115588,
-1.07223856475609));
#5540=CARTESIAN_POINT('Ctrl Pts',(0.0668770762894625,0.200420627286958,
-1.07503077667657));
#5541=CARTESIAN_POINT('Ctrl Pts',(0.0682856684240826,0.201732725931814,
-1.07630057484972));
#5542=CARTESIAN_POINT('Ctrl Pts',(0.0712386727186828,0.204530125936846,
-1.07821424140255));
#5543=CARTESIAN_POINT('Ctrl Pts',(0.0727995639309248,0.20603037742118,-1.078880791843));
#5544=CARTESIAN_POINT('Ctrl Pts',(0.0760283482821312,0.209169430065517,
-1.07972048356528));
#5545=CARTESIAN_POINT('Ctrl Pts',(0.0777196628783105,0.210832783973688,
-1.07987318516277));
#5546=CARTESIAN_POINT('Ctrl Pts',(0.0794198035441985,0.212524196504359,
-1.07976018470734));
#5547=CARTESIAN_POINT('Ctrl Pts',(0.0794570997102905,0.212561310906026,
-1.07975757236665));
#5548=CARTESIAN_POINT('Ctrl Pts',(0.0794943859893065,0.21259842519685,-1.07975482725287));
#5549=CARTESIAN_POINT('Origin',(0.,0.21259842519685,0.));
#5550=CARTESIAN_POINT('Origin',(0.,0.196850393700787,0.));
#5551=CARTESIAN_POINT('Origin',(0.,0.196850393700787,-1.05610236220472));
#5552=CARTESIAN_POINT('Origin',(0.,0.196850393700787,-1.05610236220472));
#5553=CARTESIAN_POINT('Origin',(0.0191929133858269,0.102362204724409,-0.960350865788925));
#5554=CARTESIAN_POINT('',(0.0270669291338584,0.102362204724409,-0.946712670453737));
#5555=CARTESIAN_POINT('Origin',(-0.108267716535433,0.,-0.993593966918446));
#5556=CARTESIAN_POINT('',(1.74838271594513E-16,0.,-0.931085571632168));
#5557=CARTESIAN_POINT('',(1.74838271594513E-16,0.,-0.931085571632168));
#5558=CARTESIAN_POINT('',(-0.108267716535433,0.,-0.993593966918446));
#5559=CARTESIAN_POINT('Origin',(1.74838271594513E-16,0.,-0.931085571632168));
#5560=CARTESIAN_POINT('',(0.108267716535433,0.,-0.993593966918446));
#5561=CARTESIAN_POINT('',(0.108267716535433,0.,-0.993593966918446));
#5562=CARTESIAN_POINT('',(1.74838271594513E-16,0.,-0.931085571632168));
#5563=CARTESIAN_POINT('Origin',(0.,0.,-1.05610236220472));
#5564=CARTESIAN_POINT('Origin',(0.,0.,-1.18111915277728));
#5565=CARTESIAN_POINT('',(0.,0.,-1.18111915277728));
#5566=CARTESIAN_POINT('Origin',(-2.18547839493141E-17,0.,-1.05610236220472));
#5567=CARTESIAN_POINT('Origin',(0.,0.,0.));
#5568=CARTESIAN_POINT('',(0.108267716535433,0.,-1.118610757491));
#5569=CARTESIAN_POINT('',(0.108267716535433,0.,-0.993593966918446));
#5570=CARTESIAN_POINT('',(0.108267716535433,0.,-1.118610757491));
#5571=CARTESIAN_POINT('',(0.067,0.,-1.05610236220472));
#5572=CARTESIAN_POINT('Origin',(0.,0.,-1.05610236220472));
#5573=CARTESIAN_POINT('Origin',(0.108267716535433,0.,-1.118610757491));
#5574=CARTESIAN_POINT('',(0.108267716535433,0.,-1.118610757491));
#5575=CARTESIAN_POINT('Origin',(0.108267716535433,0.,-0.993593966918446));
#5576=CARTESIAN_POINT('Origin',(0.,-4.16076731192328,-1.05610236220472));
#5577=CARTESIAN_POINT('',(0.067,-0.118110236220473,-1.05610236220472));
#5578=CARTESIAN_POINT('',(0.067,-4.16076731192328,-1.05610236220472));
#5579=CARTESIAN_POINT('Origin',(0.,-0.118110236220473,-1.05610236220472));
#5580=CARTESIAN_POINT('Origin',(0.,2.33095472440945,0.));
#5581=CARTESIAN_POINT('',(-1.13391332058435E-16,2.36220472440945,-0.925910492211976));
#5582=CARTESIAN_POINT('Origin',(0.,2.36220472440945,0.));
#5583=CARTESIAN_POINT('',(-1.17205783347691E-16,2.33348544728782,-0.957057850714952));
#5584=CARTESIAN_POINT('Origin',(-1.13391332058435E-16,2.33095472440945,
-0.925910492211976));
#5585=CARTESIAN_POINT('',(-0.957057850714952,2.33348544728782,1.17205783347691E-16));
#5586=CARTESIAN_POINT('Origin',(0.,2.33348544728782,1.17205783347691E-16));
#5587=CARTESIAN_POINT('Origin',(0.,2.33348544728782,1.17205783347691E-16));
#5588=CARTESIAN_POINT('Origin',(0.787401574803149,2.36220472440945,0.));
#5589=CARTESIAN_POINT('',(-1.00255903069962E-16,2.36220472440945,-0.81865157480315));
#5590=CARTESIAN_POINT('Origin',(0.,2.36220472440945,0.));
#5591=CARTESIAN_POINT('Origin',(0.,1.5748031496063,0.));
#5592=CARTESIAN_POINT('',(-1.01870078740157,1.5748031496063,1.24754865858023E-16));
#5593=CARTESIAN_POINT('Origin',(0.,2.33095472440945,0.));
#5594=CARTESIAN_POINT('',(-9.64288818226262E-17,2.33095472440945,-0.78740157480315));
#5595=CARTESIAN_POINT('',(-0.78740157480315,2.33095472440945,-9.64288818226262E-17));
#5596=CARTESIAN_POINT('Origin',(0.,2.33095472440945,0.));
#5597=CARTESIAN_POINT('Origin',(0.,2.33095472440945,0.));
#5598=CARTESIAN_POINT('Origin',(-1.00255903069962E-16,2.33095472440945,
-0.81865157480315));
#5599=CARTESIAN_POINT('Origin',(0.,0.,0.));
#5600=CARTESIAN_POINT('',(-0.78740157480315,-0.0868602362204725,9.64288818226262E-17));
#5601=CARTESIAN_POINT('',(-9.64288818226262E-17,-0.0868602362204725,-0.78740157480315));
#5602=CARTESIAN_POINT('Origin',(0.,-0.0868602362204725,0.));
#5603=CARTESIAN_POINT('',(-0.78740157480315,0.,-9.64288818226262E-17));
#5604=CARTESIAN_POINT('Origin',(0.,-0.0868602362204725,0.));
#5605=CARTESIAN_POINT('Origin',(0.,-0.0868602362204725,0.));
#5606=CARTESIAN_POINT('',(-1.00255903069962E-16,-0.118110236220472,-0.81865157480315));
#5607=CARTESIAN_POINT('Origin',(0.,-0.118110236220472,0.));
#5608=CARTESIAN_POINT('Origin',(-1.00255903069962E-16,-0.0868602362204725,
-0.81865157480315));
#5609=CARTESIAN_POINT('Origin',(0.,-0.118110236220472,0.));
#5610=CARTESIAN_POINT('',(1.18110236220472,-0.118110236220472,1.44643322733939E-16));
#5611=CARTESIAN_POINT('Origin',(0.,-0.118110236220472,0.));
#5612=CARTESIAN_POINT('Origin',(0.,0.,0.));
#5613=CARTESIAN_POINT('',(1.18110236220472,0.,1.44643322733939E-16));
#5614=UNCERTAINTY_MEASURE_WITH_UNIT(LENGTH_MEASURE(0.000393700787401575),
#5620,'DISTANCE_ACCURACY_VALUE',
'Maximum model space distance between geometric entities at asserted c
onnectivities');
#5615=UNCERTAINTY_MEASURE_WITH_UNIT(LENGTH_MEASURE(0.000393700787401575),
#5620,'DISTANCE_ACCURACY_VALUE',
'Maximum model space distance between geometric entities at asserted c
onnectivities');
#5616=(
GEOMETRIC_REPRESENTATION_CONTEXT(3)
GLOBAL_UNCERTAINTY_ASSIGNED_CONTEXT((#5614))
GLOBAL_UNIT_ASSIGNED_CONTEXT((#5620,#5624,#5625))
REPRESENTATION_CONTEXT('','3D')
);
#5617=(
GEOMETRIC_REPRESENTATION_CONTEXT(3)
GLOBAL_UNCERTAINTY_ASSIGNED_CONTEXT((#5615))
GLOBAL_UNIT_ASSIGNED_CONTEXT((#5620,#5624,#5625))
REPRESENTATION_CONTEXT('','3D')
);
#5618=DIMENSIONAL_EXPONENTS(1.,0.,0.,0.,0.,0.,0.);
#5619=DIMENSIONAL_EXPONENTS(0.,1.,0.,0.,0.,0.,0.);
#5620=(
CONVERSION_BASED_UNIT('inch',#5623)
LENGTH_UNIT()
NAMED_UNIT(#5618)
);
#5621=(
LENGTH_UNIT()
NAMED_UNIT(*)
SI_UNIT(.MILLI.,.METRE.)
);
#5622=(
LENGTH_UNIT()
NAMED_UNIT(*)
SI_UNIT(.CENTI.,.METRE.)
);
#5623=LENGTH_MEASURE_WITH_UNIT(LENGTH_MEASURE(25.4),#5621);
#5624=(
NAMED_UNIT(*)
PLANE_ANGLE_UNIT()
SI_UNIT($,.RADIAN.)
);
#5625=(
NAMED_UNIT(*)
SI_UNIT($,.STERADIAN.)
SOLID_ANGLE_UNIT()
);
#5626=SHAPE_DEFINITION_REPRESENTATION(#5627,#5628);
#5627=PRODUCT_DEFINITION_SHAPE('',$,#5630);
#5628=SHAPE_REPRESENTATION('',(#2759),#5616);
#5629=PRODUCT_DEFINITION_CONTEXT('part definition',#5634,'design');
#5630=PRODUCT_DEFINITION('Tapered Vac Fitting','Tapered Vac Fitting',#5631,
#5629);
#5631=PRODUCT_DEFINITION_FORMATION('',$,#5636);
#5632=PRODUCT_RELATED_PRODUCT_CATEGORY('Tapered Vac Fitting',
'Tapered Vac Fitting',(#5636));
#5633=APPLICATION_PROTOCOL_DEFINITION('international standard',
'automotive_design',2009,#5634);
#5634=APPLICATION_CONTEXT(
'Core Data for Automotive Mechanical Design Process');
#5635=PRODUCT_CONTEXT('part definition',#5634,'mechanical');
#5636=PRODUCT('Tapered Vac Fitting','Tapered Vac Fitting',$,(#5635));
#5637=PRESENTATION_STYLE_ASSIGNMENT((#5638));
#5638=SURFACE_STYLE_USAGE(.BOTH.,#5641);
#5639=SURFACE_STYLE_RENDERING_WITH_PROPERTIES($,#5645,(#5640));
#5640=SURFACE_STYLE_TRANSPARENT(0.);
#5641=SURFACE_SIDE_STYLE('',(#5642,#5639));
#5642=SURFACE_STYLE_FILL_AREA(#5643);
#5643=FILL_AREA_STYLE('',(#5644));
#5644=FILL_AREA_STYLE_COLOUR('',#5645);
#5645=COLOUR_RGB('',0.0196078431372549,0.0196078431372549,0.0196078431372549);
ENDSEC;
END-ISO-10303-21;
