ISO-10303-21;
HEADER;
/* Generated by software containing ST-Developer
 * from STEP Tools, Inc. (www.steptools.com) 
 */

FILE_DESCRIPTION(
/* description */ (''),
/* implementation_level */ '2;1');

FILE_NAME(
/* name */ 'Vac Collar.stp',
/* time_stamp */ '2026-07-15T10:39:08-04:00',
/* author */ ('Joshua Eah'),
/* organization */ (''),
/* preprocessor_version */ 'ST-DEVELOPER v20.1',
/* originating_system */ 'Autodesk Inventor 2026',
/* authorisation */ '');

FILE_SCHEMA (('AUTOMOTIVE_DESIGN { 1 0 10303 214 3 1 1 }'));
ENDSEC;

DATA;
#10=MECHANICAL_DESIGN_GEOMETRIC_PRESENTATION_REPRESENTATION('',(#13),#9494);
#11=SHAPE_REPRESENTATION_RELATIONSHIP('SRR','None',#9505,#12);
#12=ADVANCED_BREP_SHAPE_REPRESENTATION('',(#14),#9493);
#13=STYLED_ITEM('',(#9514),#14);
#14=MANIFOLD_SOLID_BREP('Solid1',#4003);
#15=FACE_BOUND('',#717,.T.);
#16=FACE_BOUND('',#724,.T.);
#17=FACE_BOUND('',#731,.T.);
#18=FACE_BOUND('',#738,.T.);
#19=FACE_BOUND('',#745,.T.);
#20=FACE_BOUND('',#780,.T.);
#21=FACE_BOUND('',#784,.T.);
#22=FACE_BOUND('',#788,.T.);
#23=FACE_BOUND('',#801,.T.);
#24=FACE_BOUND('',#802,.T.);
#25=FACE_BOUND('',#803,.T.);
#26=FACE_BOUND('',#804,.T.);
#27=FACE_BOUND('',#805,.T.);
#28=FACE_BOUND('',#806,.T.);
#29=FACE_BOUND('',#807,.T.);
#30=SPHERICAL_SURFACE('',#4041,0.015748031496063);
#31=SPHERICAL_SURFACE('',#4047,0.015748031496063);
#32=SPHERICAL_SURFACE('',#4104,0.0157480314960629);
#33=SPHERICAL_SURFACE('',#4110,0.015748031496063);
#34=SPHERICAL_SURFACE('',#4140,0.015748031496063);
#35=SPHERICAL_SURFACE('',#4146,0.015748031496063);
#36=SPHERICAL_SURFACE('',#4176,0.0157480314960631);
#37=SPHERICAL_SURFACE('',#4182,0.015748031496063);
#38=SPHERICAL_SURFACE('',#4212,0.0157480314960632);
#39=SPHERICAL_SURFACE('',#4218,0.015748031496063);
#40=SPHERICAL_SURFACE('',#4306,0.0157480314960631);
#41=SPHERICAL_SURFACE('',#4313,0.015748031496063);
#42=SPHERICAL_SURFACE('',#4384,0.015748031496063);
#43=SPHERICAL_SURFACE('',#4405,0.015748031496063);
#44=SPHERICAL_SURFACE('',#4436,0.015748031496063);
#45=TOROIDAL_SURFACE('',#4038,1.06692913385827,0.015748031496063);
#46=TOROIDAL_SURFACE('',#4052,0.078740157480315,0.015748031496063);
#47=TOROIDAL_SURFACE('',#4054,1.06692913385827,0.015748031496063);
#48=TOROIDAL_SURFACE('',#4057,1.06692913385827,0.015748031496063);
#49=TOROIDAL_SURFACE('',#4102,1.06692913385827,0.015748031496063);
#50=TOROIDAL_SURFACE('',#4115,0.078740157480315,0.015748031496063);
#51=TOROIDAL_SURFACE('',#4117,1.06692913385827,0.015748031496063);
#52=TOROIDAL_SURFACE('',#4119,1.06692913385827,0.015748031496063);
#53=TOROIDAL_SURFACE('',#4138,1.06692913385827,0.015748031496063);
#54=TOROIDAL_SURFACE('',#4151,0.078740157480315,0.015748031496063);
#55=TOROIDAL_SURFACE('',#4153,1.06692913385827,0.015748031496063);
#56=TOROIDAL_SURFACE('',#4155,1.06692913385827,0.015748031496063);
#57=TOROIDAL_SURFACE('',#4174,1.06692913385827,0.015748031496063);
#58=TOROIDAL_SURFACE('',#4187,0.078740157480315,0.015748031496063);
#59=TOROIDAL_SURFACE('',#4189,1.06692913385827,0.015748031496063);
#60=TOROIDAL_SURFACE('',#4191,1.06692913385827,0.015748031496063);
#61=TOROIDAL_SURFACE('',#4210,1.06692913385827,0.015748031496063);
#62=TOROIDAL_SURFACE('',#4223,0.078740157480315,0.015748031496063);
#63=TOROIDAL_SURFACE('',#4225,1.06692913385827,0.015748031496063);
#64=TOROIDAL_SURFACE('',#4227,1.06692913385827,0.015748031496063);
#65=TOROIDAL_SURFACE('',#4278,1.2007874015748,0.118110236220472);
#66=TOROIDAL_SURFACE('',#4280,1.2007874015748,0.118110236220472);
#67=TOROIDAL_SURFACE('',#4282,1.2007874015748,0.118110236220472);
#68=TOROIDAL_SURFACE('',#4284,1.2007874015748,0.118110236220472);
#69=TOROIDAL_SURFACE('',#4286,1.2007874015748,0.118110236220472);
#70=TOROIDAL_SURFACE('',#4289,1.2007874015748,0.118110236220472);
#71=TOROIDAL_SURFACE('',#4304,1.06692913385827,0.015748031496063);
#72=TOROIDAL_SURFACE('',#4310,1.06692913385827,0.015748031496063);
#73=TOROIDAL_SURFACE('',#4316,0.078740157480315,0.015748031496063);
#74=TOROIDAL_SURFACE('',#4320,1.06692913385827,0.015748031496063);
#75=TOROIDAL_SURFACE('',#4336,1.05142716535433,0.03125);
#76=TOROIDAL_SURFACE('',#4346,0.81865157480315,0.03125);
#77=TOROIDAL_SURFACE('',#4356,0.917076771653544,0.03125);
#78=TOROIDAL_SURFACE('',#4369,0.917076771653543,0.03125);
#79=TOROIDAL_SURFACE('',#4374,0.917076771653543,0.03125);
#80=TOROIDAL_SURFACE('',#4379,0.81865157480315,0.03125);
#81=TOROIDAL_SURFACE('',#4393,0.948818897637796,0.015748031496063);
#82=TOROIDAL_SURFACE('',#4399,0.901574803149606,0.015748031496063);
#83=TOROIDAL_SURFACE('',#4414,0.948818897637795,0.015748031496063);
#84=TOROIDAL_SURFACE('',#4420,0.901574803149606,0.015748031496063);
#85=TOROIDAL_SURFACE('',#4442,0.948818897637795,0.015748031496063);
#86=TOROIDAL_SURFACE('',#4448,0.901574803149606,0.015748031496063);
#87=PLANE('',#4028);
#88=PLANE('',#4031);
#89=PLANE('',#4059);
#90=PLANE('',#4087);
#91=PLANE('',#4088);
#92=PLANE('',#4092);
#93=PLANE('',#4095);
#94=PLANE('',#4120);
#95=PLANE('',#4123);
#96=PLANE('',#4124);
#97=PLANE('',#4128);
#98=PLANE('',#4131);
#99=PLANE('',#4156);
#100=PLANE('',#4159);
#101=PLANE('',#4160);
#102=PLANE('',#4164);
#103=PLANE('',#4167);
#104=PLANE('',#4192);
#105=PLANE('',#4195);
#106=PLANE('',#4196);
#107=PLANE('',#4200);
#108=PLANE('',#4203);
#109=PLANE('',#4228);
#110=PLANE('',#4231);
#111=PLANE('',#4232);
#112=PLANE('',#4233);
#113=PLANE('',#4234);
#114=PLANE('',#4237);
#115=PLANE('',#4238);
#116=PLANE('',#4242);
#117=PLANE('',#4243);
#118=PLANE('',#4246);
#119=PLANE('',#4247);
#120=PLANE('',#4251);
#121=PLANE('',#4252);
#122=PLANE('',#4255);
#123=PLANE('',#4256);
#124=PLANE('',#4260);
#125=PLANE('',#4261);
#126=PLANE('',#4264);
#127=PLANE('',#4265);
#128=PLANE('',#4269);
#129=PLANE('',#4270);
#130=PLANE('',#4273);
#131=PLANE('',#4274);
#132=PLANE('',#4294);
#133=PLANE('',#4297);
#134=PLANE('',#4322);
#135=PLANE('',#4325);
#136=PLANE('',#4326);
#137=PLANE('',#4328);
#138=PLANE('',#4329);
#139=PLANE('',#4330);
#140=PLANE('',#4331);
#141=PLANE('',#4339);
#142=PLANE('',#4354);
#143=PLANE('',#4382);
#144=PLANE('',#4403);
#145=PLANE('',#4424);
#146=PLANE('',#4426);
#147=PLANE('',#4427);
#148=PLANE('',#4430);
#149=PLANE('',#4431);
#150=PLANE('',#4432);
#151=PLANE('',#4435);
#152=PLANE('',#4455);
#153=PLANE('',#4456);
#154=PLANE('',#4460);
#155=PLANE('',#4461);
#156=B_SPLINE_CURVE_WITH_KNOTS('',3,(#5571,#5572,#5573,#5574,#5575,#5576,
#5577,#5578),.UNSPECIFIED.,.F.,.F.,(4,2,2,4),(0.0239853905548123,0.0407026511306358,
0.0743317819715145,0.0746761740027257),.UNSPECIFIED.);
#157=B_SPLINE_CURVE_WITH_KNOTS('',3,(#5579,#5580,#5581,#5582,#5583,#5584,
#5585,#5586,#5587,#5588,#5589,#5590,#5591,#5592,#5593,#5594),
 .UNSPECIFIED.,.F.,.F.,(4,3,3,3,3,4),(-0.629473348603882,-0.597537223730466,
-0.566318362375703,-0.557552891765979,-0.5349770590172,-0.503583800438182),
 .UNSPECIFIED.);
#158=B_SPLINE_CURVE_WITH_KNOTS('',3,(#5596,#5597,#5598,#5599),
 .UNSPECIFIED.,.F.,.F.,(4,4),(0.503583800438181,0.542703500066305),
 .UNSPECIFIED.);
#159=B_SPLINE_CURVE_WITH_KNOTS('',3,(#5600,#5601,#5602,#5603,#5604,#5605),
 .UNSPECIFIED.,.F.,.F.,(4,2,4),(0.,0.0145445640431461,0.0202834783690946),
 .UNSPECIFIED.);
#160=B_SPLINE_CURVE_WITH_KNOTS('',3,(#5613,#5614,#5615,#5616,#5617,#5618,
#5619,#5620),.UNSPECIFIED.,.F.,.F.,(4,2,2,4),(0.916032216894158,1.00131360508918,
1.11250202348894,1.13487655862545),.UNSPECIFIED.);
#161=B_SPLINE_CURVE_WITH_KNOTS('',3,(#5670,#5671,#5672,#5673,#5674,#5675,
#5676,#5677,#5678,#5679),.UNSPECIFIED.,.F.,.F.,(4,3,3,4),(0.0966105395453662,
0.105046241723764,0.106062736523695,0.114427354673755),.UNSPECIFIED.);
#162=B_SPLINE_CURVE_WITH_KNOTS('',3,(#5680,#5681,#5682,#5683),
 .UNSPECIFIED.,.F.,.F.,(4,4),(0.128841252630002,0.16796095188267),
 .UNSPECIFIED.);
#163=B_SPLINE_CURVE_WITH_KNOTS('',3,(#5685,#5686,#5687,#5688,#5689,#5690,
#5691),.UNSPECIFIED.,.F.,.F.,(4,3,4),(-0.16796095188267,-0.0960240689957172,
-0.042071406830503),.UNSPECIFIED.);
#164=B_SPLINE_CURVE_WITH_KNOTS('',3,(#5692,#5693,#5694,#5695,#5696,#5697,
#5698,#5699),.UNSPECIFIED.,.F.,.F.,(4,2,2,4),(-0.000385375586412252,0.,
0.0376309871871162,0.0563375929606227),.UNSPECIFIED.);
#165=B_SPLINE_CURVE_WITH_KNOTS('',3,(#5716,#5717,#5718,#5719,#5720,#5721,
#5722,#5723,#5724,#5725,#5726,#5727,#5728,#5729,#5730,#5731),
 .UNSPECIFIED.,.F.,.F.,(4,2,2,2,2,2,2,4),(-0.000401428140383848,0.,0.0176665400076746,
0.0345085999345385,0.0519372354474472,0.0649831161254996,0.0763340228041632,
0.0765660003434668),.UNSPECIFIED.);
#166=B_SPLINE_CURVE_WITH_KNOTS('',3,(#5744,#5745,#5746,#5747,#5748,#5749,
#5750,#5751,#5752,#5753,#5754,#5755,#5756,#5757),.UNSPECIFIED.,.F.,.F.,
(4,2,2,2,2,2,4),(0.,0.0112355750036897,0.0240989216328128,0.041245156293621,
0.0581228873772913,0.0758474321304081,0.076245078386954),.UNSPECIFIED.);
#167=B_SPLINE_CURVE_WITH_KNOTS('',3,(#5776,#5777,#5778,#5779,#5780,#5781,
#5782,#5783),.UNSPECIFIED.,.F.,.F.,(4,2,2,4),(-0.000385375534931893,0.,
0.0376309862719093,0.0563375914042612),.UNSPECIFIED.);
#168=B_SPLINE_CURVE_WITH_KNOTS('',3,(#5795,#5796,#5797,#5798,#5799,#5800,
#5801,#5802),.UNSPECIFIED.,.F.,.F.,(4,2,2,4),(0.0239853905547933,0.0407026511305942,
0.0743317789185801,0.0746761712651949),.UNSPECIFIED.);
#169=B_SPLINE_CURVE_WITH_KNOTS('',3,(#5806,#5807,#5808,#5809,#5810,#5811,
#5812,#5813),.UNSPECIFIED.,.F.,.F.,(4,2,2,4),(-0.000385375746426902,0.,
0.0376309881853512,0.0563375939367851),.UNSPECIFIED.);
#170=B_SPLINE_CURVE_WITH_KNOTS('',3,(#5825,#5826,#5827,#5828,#5829,#5830,
#5831,#5832),.UNSPECIFIED.,.F.,.F.,(4,2,2,4),(0.0239853905252323,0.0407026506723139,
0.0743317798211819,0.0746761720552856),.UNSPECIFIED.);
#171=B_SPLINE_CURVE_WITH_KNOTS('',3,(#5836,#5837,#5838,#5839,#5840,#5841,
#5842,#5843),.UNSPECIFIED.,.F.,.F.,(4,2,2,4),(-0.000385375163624656,0.,
0.0376309872841711,0.0563375931578746),.UNSPECIFIED.);
#172=B_SPLINE_CURVE_WITH_KNOTS('',3,(#5855,#5856,#5857,#5858,#5859,#5860,
#5861,#5862),.UNSPECIFIED.,.F.,.F.,(4,2,2,4),(0.0239853905533123,0.0407026511107162,
0.0743317798959909,0.074676172140868),.UNSPECIFIED.);
#173=B_SPLINE_CURVE_WITH_KNOTS('',3,(#5867,#5868,#5869,#5870,#5871,#5872,
#5873,#5874),.UNSPECIFIED.,.F.,.F.,(4,2,2,4),(-0.000385375514695628,0.,
0.037630984112445,0.0563375870106645),.UNSPECIFIED.);
#174=B_SPLINE_CURVE_WITH_KNOTS('',3,(#5886,#5887,#5888,#5889,#5890,#5891,
#5892,#5893),.UNSPECIFIED.,.F.,.F.,(4,2,2,4),(0.023985390525163,0.0407026506720539,
0.074331781525566,0.0746761735836734),.UNSPECIFIED.);
#175=B_SPLINE_CURVE_WITH_KNOTS('',3,(#5897,#5898,#5899,#5900,#5901,#5902,
#5903,#5904),.UNSPECIFIED.,.F.,.F.,(4,2,2,4),(-0.000385375234956576,0.,
0.0376309885259065,0.0563375952693749),.UNSPECIFIED.);
#176=B_SPLINE_CURVE_WITH_KNOTS('',3,(#5916,#5917,#5918,#5919,#5920,#5921,
#5922,#5923),.UNSPECIFIED.,.F.,.F.,(4,2,2,4),(0.0239853905533354,0.0407026511106316,
0.074331782689919,0.0746761746456616),.UNSPECIFIED.);
#177=B_SPLINE_CURVE_WITH_KNOTS('',3,(#5970,#5971,#5972,#5973,#5974,#5975,
#5976),.UNSPECIFIED.,.F.,.F.,(4,3,4),(-0.629473342607293,-0.575520680442079,
-0.503583797555127),.UNSPECIFIED.);
#178=B_SPLINE_CURVE_WITH_KNOTS('',3,(#5978,#5979,#5980,#5981),
 .UNSPECIFIED.,.F.,.F.,(4,4),(0.503583797555127,0.542703496807793),
 .UNSPECIFIED.);
#179=B_SPLINE_CURVE_WITH_KNOTS('',3,(#5982,#5983,#5984,#5985,#5986,#5987),
 .UNSPECIFIED.,.F.,.F.,(4,2,4),(0.,0.014544564044804,0.0202834783672346),
 .UNSPECIFIED.);
#180=B_SPLINE_CURVE_WITH_KNOTS('',3,(#5995,#5996,#5997,#5998,#5999,#6000,
#6001,#6002),.UNSPECIFIED.,.F.,.F.,(4,2,2,4),(0.916032216894158,1.00131360508918,
1.11250202348894,1.13487655862545),.UNSPECIFIED.);
#181=B_SPLINE_CURVE_WITH_KNOTS('',3,(#6051,#6052,#6053,#6054,#6055,#6056,
#6057,#6058,#6059,#6060),.UNSPECIFIED.,.F.,.F.,(4,3,3,4),(0.0966105380989826,
0.10504647879773,0.106062740418195,0.114427352149904),.UNSPECIFIED.);
#182=B_SPLINE_CURVE_WITH_KNOTS('',3,(#6061,#6062,#6063,#6064),
 .UNSPECIFIED.,.F.,.F.,(4,4),(0.128841255137602,0.167960954765723),
 .UNSPECIFIED.);
#183=B_SPLINE_CURVE_WITH_KNOTS('',3,(#6065,#6066,#6067,#6068,#6069,#6070,
#6071),.UNSPECIFIED.,.F.,.F.,(4,3,4),(-0.167960954765723,-0.0960240700996081,
-0.0420714066000221),.UNSPECIFIED.);
#184=B_SPLINE_CURVE_WITH_KNOTS('',3,(#6083,#6084,#6085,#6086,#6087,#6088,
#6089,#6090,#6091,#6092,#6093,#6094,#6095,#6096,#6097,#6098),
 .UNSPECIFIED.,.F.,.F.,(4,2,2,2,2,2,2,4),(-0.000401428140420121,0.,0.0176665400076081,
0.0345085999343948,0.0519372354473308,0.0649831161254209,0.0763340228040599,
0.0765660003433771),.UNSPECIFIED.);
#185=B_SPLINE_CURVE_WITH_KNOTS('',3,(#6109,#6110,#6111,#6112,#6113,#6114,
#6115,#6116,#6117,#6118,#6119,#6120,#6121,#6122),.UNSPECIFIED.,.F.,.F.,
(4,2,2,2,2,2,4),(0.,0.0112355750036934,0.0240989216328188,0.0412451562936043,
0.0581228873772858,0.0758474321303867,0.0762450783870299),.UNSPECIFIED.);
#186=B_SPLINE_CURVE_WITH_KNOTS('',3,(#6174,#6175,#6176,#6177,#6178,#6179,
#6180,#6181,#6182,#6183,#6184,#6185,#6186,#6187,#6188,#6189),
 .UNSPECIFIED.,.F.,.F.,(4,3,3,3,3,4),(-0.6294732062093,-0.597784831903997,
-0.566458964034845,-0.557552738402891,-0.535016758019287,-0.503583732095103),
 .UNSPECIFIED.);
#187=B_SPLINE_CURVE_WITH_KNOTS('',3,(#6191,#6192,#6193,#6194),
 .UNSPECIFIED.,.F.,.F.,(4,4),(0.503583732095103,0.542703422941074),
 .UNSPECIFIED.);
#188=B_SPLINE_CURVE_WITH_KNOTS('',3,(#6195,#6196,#6197,#6198,#6199,#6200),
 .UNSPECIFIED.,.F.,.F.,(4,2,4),(0.,0.0145445640775587,0.0202834783179453),
 .UNSPECIFIED.);
#189=B_SPLINE_CURVE_WITH_KNOTS('',3,(#6208,#6209,#6210,#6211,#6212,#6213,
#6214,#6215),.UNSPECIFIED.,.F.,.F.,(4,2,2,4),(0.916032216894158,1.00131360508918,
1.11250202348894,1.13487655862545),.UNSPECIFIED.);
#190=B_SPLINE_CURVE_WITH_KNOTS('',3,(#6264,#6265,#6266,#6267,#6268,#6269,
#6270,#6271,#6272,#6273),.UNSPECIFIED.,.F.,.F.,(4,3,3,4),(0.0966105697247725,
0.105045410529579,0.106062655810872,0.114427407359785),.UNSPECIFIED.);
#191=B_SPLINE_CURVE_WITH_KNOTS('',3,(#6274,#6275,#6276,#6277),
 .UNSPECIFIED.,.F.,.F.,(4,4),(0.128841195576673,0.167960886422648),
 .UNSPECIFIED.);
#192=B_SPLINE_CURVE_WITH_KNOTS('',3,(#6278,#6279,#6280,#6281,#6282,#6283,
#6284),.UNSPECIFIED.,.F.,.F.,(4,3,4),(-0.167960886422645,-0.0960240440716746,
-0.0420714123084467),.UNSPECIFIED.);
#193=B_SPLINE_CURVE_WITH_KNOTS('',3,(#6296,#6297,#6298,#6299,#6300,#6301,
#6302,#6303,#6304,#6305,#6306,#6307,#6308,#6309,#6310,#6311),
 .UNSPECIFIED.,.F.,.F.,(4,2,2,2,2,2,2,4),(-0.000401428140479551,0.,0.0176665400078614,
0.0345085999348722,0.0519372354477033,0.0649831161257246,0.0763340228043667,
0.0765660003435128),.UNSPECIFIED.);
#194=B_SPLINE_CURVE_WITH_KNOTS('',3,(#6322,#6323,#6324,#6325,#6326,#6327,
#6328,#6329,#6330,#6331,#6332,#6333,#6334,#6335),.UNSPECIFIED.,.F.,.F.,
(4,2,2,2,2,2,4),(0.,0.0112355750036848,0.0240989216327915,0.0412451562935847,
0.0581228873772522,0.0758474321303748,0.0762450783868563),.UNSPECIFIED.);
#195=B_SPLINE_CURVE_WITH_KNOTS('',3,(#6387,#6388,#6389,#6390,#6391,#6392,
#6393,#6394,#6395,#6396,#6397,#6398,#6399,#6400,#6401,#6402),
 .UNSPECIFIED.,.F.,.F.,(4,3,3,3,3,4),(-0.629473348603882,-0.597537223730466,
-0.566318362375703,-0.557552891765966,-0.534977059017199,-0.503583800438181),
 .UNSPECIFIED.);
#196=B_SPLINE_CURVE_WITH_KNOTS('',3,(#6404,#6405,#6406,#6407),
 .UNSPECIFIED.,.F.,.F.,(4,4),(0.50358380043818,0.5427035000663),
 .UNSPECIFIED.);
#197=B_SPLINE_CURVE_WITH_KNOTS('',3,(#6408,#6409,#6410,#6411,#6412,#6413),
 .UNSPECIFIED.,.F.,.F.,(4,2,4),(0.,0.0145445640435096,0.0202834783696882),
 .UNSPECIFIED.);
#198=B_SPLINE_CURVE_WITH_KNOTS('',3,(#6421,#6422,#6423,#6424,#6425,#6426,
#6427,#6428),.UNSPECIFIED.,.F.,.F.,(4,2,2,4),(0.916032216894157,1.00131360508918,
1.11250202348894,1.13487655862545),.UNSPECIFIED.);
#199=B_SPLINE_CURVE_WITH_KNOTS('',3,(#6477,#6478,#6479,#6480,#6481,#6482,
#6483,#6484,#6485,#6486),.UNSPECIFIED.,.F.,.F.,(4,3,3,4),(0.0966105395484014,
0.098099446782398,0.106062736527311,0.114427354677921),.UNSPECIFIED.);
#200=B_SPLINE_CURVE_WITH_KNOTS('',3,(#6487,#6488,#6489,#6490),
 .UNSPECIFIED.,.F.,.F.,(4,4),(0.128841252630001,0.167960951882669),
 .UNSPECIFIED.);
#201=B_SPLINE_CURVE_WITH_KNOTS('',3,(#6491,#6492,#6493,#6494,#6495,#6496,
#6497,#6498,#6499,#6500,#6501,#6502,#6503,#6504,#6505,#6506),
 .UNSPECIFIED.,.F.,.F.,(4,3,3,3,3,4),(-0.167960951882668,-0.136565987168805,
-0.113991864112092,-0.105220395078616,-0.0739970312691816,-0.0420714068305027),
 .UNSPECIFIED.);
#202=B_SPLINE_CURVE_WITH_KNOTS('',3,(#6518,#6519,#6520,#6521,#6522,#6523,
#6524,#6525,#6526,#6527,#6528,#6529,#6530,#6531,#6532,#6533),
 .UNSPECIFIED.,.F.,.F.,(4,2,2,2,2,2,2,4),(-0.00040142814043066,0.,0.0176665400076651,
0.0345085999344867,0.0519372354474172,0.064983116125493,0.0763340228041467,
0.0765660003434324),.UNSPECIFIED.);
#203=B_SPLINE_CURVE_WITH_KNOTS('',3,(#6544,#6545,#6546,#6547,#6548,#6549,
#6550,#6551,#6552,#6553,#6554,#6555,#6556,#6557),.UNSPECIFIED.,.F.,.F.,
(4,2,2,2,2,2,4),(0.,0.0112355750036885,0.02409892163281,0.0412451562936256,
0.0581228873773157,0.0758474321304388,0.076245078387109),.UNSPECIFIED.);
#204=B_SPLINE_CURVE_WITH_KNOTS('',3,(#6609,#6610,#6611,#6612,#6613,#6614,
#6615),.UNSPECIFIED.,.F.,.F.,(4,3,4),(-0.629473342607292,-0.575520680442079,
-0.503583797555127),.UNSPECIFIED.);
#205=B_SPLINE_CURVE_WITH_KNOTS('',3,(#6617,#6618,#6619,#6620),
 .UNSPECIFIED.,.F.,.F.,(4,4),(0.503583797555128,0.542703496807793),
 .UNSPECIFIED.);
#206=B_SPLINE_CURVE_WITH_KNOTS('',3,(#6621,#6622,#6623,#6624,#6625,#6626),
 .UNSPECIFIED.,.F.,.F.,(4,2,4),(0.,0.0145445640445954,0.0202834783668943),
 .UNSPECIFIED.);
#207=B_SPLINE_CURVE_WITH_KNOTS('',3,(#6634,#6635,#6636,#6637,#6638,#6639,
#6640,#6641),.UNSPECIFIED.,.F.,.F.,(4,2,2,4),(0.916032216894158,1.00131360508918,
1.11250202348894,1.13487655862545),.UNSPECIFIED.);
#208=B_SPLINE_CURVE_WITH_KNOTS('',3,(#6690,#6691,#6692,#6693,#6694,#6695,
#6696,#6697,#6698,#6699),.UNSPECIFIED.,.F.,.F.,(4,3,3,4),(0.0966105380967511,
0.105046478795344,0.106062740415657,0.114427352147342),.UNSPECIFIED.);
#209=B_SPLINE_CURVE_WITH_KNOTS('',3,(#6700,#6701,#6702,#6703),
 .UNSPECIFIED.,.F.,.F.,(4,4),(0.128841255137603,0.167960954765723),
 .UNSPECIFIED.);
#210=B_SPLINE_CURVE_WITH_KNOTS('',3,(#6704,#6705,#6706,#6707,#6708,#6709,
#6710),.UNSPECIFIED.,.F.,.F.,(4,3,4),(-0.167960954765723,-0.0960240700996079,
-0.0420714066000219),.UNSPECIFIED.);
#211=B_SPLINE_CURVE_WITH_KNOTS('',3,(#6722,#6723,#6724,#6725,#6726,#6727,
#6728,#6729,#6730,#6731,#6732,#6733,#6734,#6735,#6736,#6737),
 .UNSPECIFIED.,.F.,.F.,(4,2,2,2,2,2,2,4),(-0.000401428140531466,0.,0.0176665400077779,
0.0345085999347097,0.0519372354475813,0.0649831161256088,0.0763340228042444,
0.0765660003434209),.UNSPECIFIED.);
#212=B_SPLINE_CURVE_WITH_KNOTS('',3,(#6748,#6749,#6750,#6751,#6752,#6753,
#6754,#6755,#6756,#6757,#6758,#6759,#6760,#6761),.UNSPECIFIED.,.F.,.F.,
(4,2,2,2,2,2,4),(0.,0.0112355750036846,0.0240989216327909,0.0412451562935779,
0.0581228873772218,0.0758474321303148,0.0762450783867438),.UNSPECIFIED.);
#213=B_SPLINE_CURVE_WITH_KNOTS('',3,(#6781,#6782,#6783,#6784),
 .UNSPECIFIED.,.F.,.F.,(4,4),(1.74148351370328,2.04421191577806),
 .UNSPECIFIED.);
#214=B_SPLINE_CURVE_WITH_KNOTS('',3,(#6796,#6797,#6798,#6799),
 .UNSPECIFIED.,.F.,.F.,(4,4),(0.714229569416313,1.01695797149109),
 .UNSPECIFIED.);
#215=B_SPLINE_CURVE_WITH_KNOTS('',3,(#6802,#6803,#6804,#6805,#6806,#6807,
#6808,#6809),.UNSPECIFIED.,.F.,.F.,(4,2,2,4),(0.645941466016847,0.668316001153356,
0.779504419553123,0.864785807748143),.UNSPECIFIED.);
#216=B_SPLINE_CURVE_WITH_KNOTS('',3,(#6817,#6818,#6819,#6820),
 .UNSPECIFIED.,.F.,.F.,(4,4),(1.74148351370328,2.04421191577806),
 .UNSPECIFIED.);
#217=B_SPLINE_CURVE_WITH_KNOTS('',3,(#6832,#6833,#6834,#6835),
 .UNSPECIFIED.,.F.,.F.,(4,4),(0.714229569416313,1.01695797149109),
 .UNSPECIFIED.);
#218=B_SPLINE_CURVE_WITH_KNOTS('',3,(#6838,#6839,#6840,#6841,#6842,#6843,
#6844,#6845),.UNSPECIFIED.,.F.,.F.,(4,2,2,4),(0.645941466016847,0.668316001153356,
0.779504419553123,0.864785807748142),.UNSPECIFIED.);
#219=B_SPLINE_CURVE_WITH_KNOTS('',3,(#6853,#6854,#6855,#6856),
 .UNSPECIFIED.,.F.,.F.,(4,4),(1.74148351370328,2.04421191577806),
 .UNSPECIFIED.);
#220=B_SPLINE_CURVE_WITH_KNOTS('',3,(#6868,#6869,#6870,#6871),
 .UNSPECIFIED.,.F.,.F.,(4,4),(0.714229569416313,1.01695797149109),
 .UNSPECIFIED.);
#221=B_SPLINE_CURVE_WITH_KNOTS('',3,(#6874,#6875,#6876,#6877,#6878,#6879,
#6880,#6881),.UNSPECIFIED.,.F.,.F.,(4,2,2,4),(0.645941466016846,0.668316001153356,
0.779504419553123,0.864785807748142),.UNSPECIFIED.);
#222=B_SPLINE_CURVE_WITH_KNOTS('',3,(#6889,#6890,#6891,#6892),
 .UNSPECIFIED.,.F.,.F.,(4,4),(1.74148351370328,2.04421191577806),
 .UNSPECIFIED.);
#223=B_SPLINE_CURVE_WITH_KNOTS('',3,(#6904,#6905,#6906,#6907),
 .UNSPECIFIED.,.F.,.F.,(4,4),(0.714229569416313,1.01695797149109),
 .UNSPECIFIED.);
#224=B_SPLINE_CURVE_WITH_KNOTS('',3,(#6910,#6911,#6912,#6913,#6914,#6915,
#6916,#6917),.UNSPECIFIED.,.F.,.F.,(4,2,2,4),(0.645941466016847,0.668316001153356,
0.779504419553123,0.864785807748142),.UNSPECIFIED.);
#225=B_SPLINE_CURVE_WITH_KNOTS('',3,(#6925,#6926,#6927,#6928),
 .UNSPECIFIED.,.F.,.F.,(4,4),(1.74148351370328,2.04421191577806),
 .UNSPECIFIED.);
#226=B_SPLINE_CURVE_WITH_KNOTS('',3,(#6940,#6941,#6942,#6943),
 .UNSPECIFIED.,.F.,.F.,(4,4),(0.714229569416314,1.01695797149109),
 .UNSPECIFIED.);
#227=B_SPLINE_CURVE_WITH_KNOTS('',3,(#6946,#6947,#6948,#6949,#6950,#6951,
#6952,#6953),.UNSPECIFIED.,.F.,.F.,(4,2,2,4),(0.645941466016848,0.668316001153356,
0.779504419553124,0.864785807748143),.UNSPECIFIED.);
#228=B_SPLINE_CURVE_WITH_KNOTS('',3,(#6961,#6962,#6963,#6964,#6965,#6966),
 .UNSPECIFIED.,.F.,.F.,(4,2,4),(0.,0.0145445640775345,0.0202834783179045),
 .UNSPECIFIED.);
#229=B_SPLINE_CURVE_WITH_KNOTS('',3,(#6968,#6969,#6970,#6971,#6972,#6973,
#6974,#6975),.UNSPECIFIED.,.F.,.F.,(4,2,2,4),(0.916032216894158,1.00131360508918,
1.11250202348894,1.13487655862545),.UNSPECIFIED.);
#230=B_SPLINE_CURVE_WITH_KNOTS('',3,(#6977,#6978,#6979,#6980),
 .UNSPECIFIED.,.F.,.F.,(4,4),(1.74148351370328,2.04421191577806),
 .UNSPECIFIED.);
#231=B_SPLINE_CURVE_WITH_KNOTS('',3,(#6996,#6997,#6998,#6999),
 .UNSPECIFIED.,.F.,.F.,(4,4),(0.714229569416313,1.01695797149109),
 .UNSPECIFIED.);
#232=B_SPLINE_CURVE_WITH_KNOTS('',3,(#7001,#7002,#7003,#7004,#7005,#7006,
#7007,#7008),.UNSPECIFIED.,.F.,.F.,(4,2,2,4),(0.645941466016847,0.668316001153356,
0.779504419553123,0.864785807748142),.UNSPECIFIED.);
#233=B_SPLINE_CURVE_WITH_KNOTS('',3,(#7009,#7010,#7011,#7012,#7013,#7014,
#7015,#7016,#7017,#7018),.UNSPECIFIED.,.F.,.F.,(4,3,3,4),(0.0966105697228962,
0.105045410527147,0.106062655808357,0.114427407356745),.UNSPECIFIED.);
#234=B_SPLINE_CURVE_WITH_KNOTS('',3,(#7053,#7054,#7055,#7056,#7057,#7058,
#7059),.UNSPECIFIED.,.F.,.F.,(4,3,4),(-0.629473206209301,-0.575520574446073,
-0.503583732095103),.UNSPECIFIED.);
#235=B_SPLINE_CURVE_WITH_KNOTS('',3,(#7060,#7061,#7062,#7063),
 .UNSPECIFIED.,.F.,.F.,(4,4),(0.503583732095102,0.542703422941073),
 .UNSPECIFIED.);
#236=B_SPLINE_CURVE_WITH_KNOTS('',3,(#7117,#7118,#7119,#7120),
 .UNSPECIFIED.,.F.,.F.,(4,4),(0.128841195576672,0.167960886422644),
 .UNSPECIFIED.);
#237=B_SPLINE_CURVE_WITH_KNOTS('',3,(#7121,#7122,#7123,#7124,#7125,#7126,
#7127),.UNSPECIFIED.,.F.,.F.,(4,3,4),(-0.167960886422644,-0.0960240440716743,
-0.0420714123084467),.UNSPECIFIED.);
#238=B_SPLINE_CURVE_WITH_KNOTS('',3,(#7140,#7141,#7142,#7143,#7144,#7145,
#7146,#7147,#7148,#7149,#7150,#7151,#7152,#7153,#7154,#7155),
 .UNSPECIFIED.,.F.,.F.,(4,2,2,2,2,2,2,4),(-0.000401428140204695,0.,0.0176665400078393,
0.0345085999348052,0.0519372354476046,0.0649831161255879,0.0763340228041964,
0.0765660003433428),.UNSPECIFIED.);
#239=B_SPLINE_CURVE_WITH_KNOTS('',3,(#7168,#7169,#7170,#7171,#7172,#7173,
#7174,#7175,#7176,#7177,#7178,#7179,#7180,#7181),.UNSPECIFIED.,.F.,.F.,
(4,2,2,2,2,2,4),(0.,0.0112355750036964,0.0240989216328323,0.0412451562936324,
0.0581228873773215,0.0758474321304289,0.0762450783871352),.UNSPECIFIED.);
#240=B_SPLINE_CURVE_WITH_KNOTS('',3,(#7262,#7263,#7264,#7265,#7266,#7267,
#7268,#7269,#7270,#7271),.UNSPECIFIED.,.F.,.F.,(4,2,2,2,4),(0.0473140125041965,
0.0577922642962328,0.0831003937556631,0.118202472103461,0.118509707962132),
 .UNSPECIFIED.);
#241=B_SPLINE_CURVE_WITH_KNOTS('',3,(#7275,#7276,#7277,#7278,#7279,#7280,
#7281,#7282,#7283,#7284),.UNSPECIFIED.,.F.,.F.,(4,2,2,2,4),(-0.000433118277681293,
0.,0.0280251152922964,0.0562941434071361,0.0715711483153004),
 .UNSPECIFIED.);
#242=B_SPLINE_CURVE_WITH_KNOTS('',3,(#7285,#7286,#7287,#7288,#7289,#7290,
#7291,#7292,#7293,#7294),.UNSPECIFIED.,.F.,.F.,(4,2,2,2,4),(0.0212927355925907,
0.0400375934260936,0.066360507168693,0.0925189014337328,0.0929010739354217),
 .UNSPECIFIED.);
#243=B_SPLINE_CURVE_WITH_KNOTS('',3,(#7295,#7296,#7297,#7298,#7299,#7300,
#7301,#7302,#7303,#7304),.UNSPECIFIED.,.F.,.F.,(4,2,2,2,4),(-0.000426157460740035,
0.,0.0367432649980641,0.0631664603869104,0.0720537852579518),
 .UNSPECIFIED.);
#244=B_SPLINE_CURVE_WITH_KNOTS('',3,(#7310,#7311,#7312,#7313,#7314,#7315,
#7316,#7317,#7318,#7319,#7320,#7321,#7322,#7323,#7324,#7325),
 .UNSPECIFIED.,.F.,.F.,(4,2,2,2,2,2,2,4),(-0.178680969404731,-0.178198496875414,
-0.15683826623767,-0.136426523920481,-0.115338154905382,-0.0995513613774429,
-0.0857671524857321,-0.0856292708756557),.UNSPECIFIED.);
#245=B_SPLINE_CURVE_WITH_KNOTS('',3,(#7336,#7337,#7338,#7339,#7340,#7341,
#7342,#7343,#7344,#7345,#7346,#7347),.UNSPECIFIED.,.F.,.F.,(4,2,1,2,2,1,
4),(-1.85096370186376,-1.69112536857853,-1.49372593429426,-1.29632650000999,
-0.380543041214295,-0.21021012150984,-0.0398772018053847),.UNSPECIFIED.);
#246=B_SPLINE_CURVE_WITH_KNOTS('',3,(#7349,#7350,#7351,#7352,#7353),
 .UNSPECIFIED.,.F.,.F.,(4,1,4),(-0.125662034250843,-0.0718068767147674,
-1.3384584982292E-16),.UNSPECIFIED.);
#247=B_SPLINE_CURVE_WITH_KNOTS('',3,(#7357,#7358,#7359,#7360,#7361),
 .UNSPECIFIED.,.F.,.F.,(4,1,4),(-0.125662037008482,-0.053855158717921,-1.10657863523806E-16),
 .UNSPECIFIED.);
#248=B_SPLINE_CURVE_WITH_KNOTS('',3,(#7363,#7364,#7365,#7366,#7367,#7368,
#7369,#7370,#7371,#7372,#7373,#7374),.UNSPECIFIED.,.F.,.F.,(4,1,2,2,1,2,
4),(-1.91987785227762,-1.72261675353444,-1.52535565479127,-0.609573009848412,
-0.404706596480164,-0.199840183111916,-0.0400030831985019),
 .UNSPECIFIED.);
#249=B_SPLINE_CURVE_WITH_KNOTS('',3,(#7378,#7379,#7380,#7381,#7382),
 .UNSPECIFIED.,.F.,.F.,(4,1,4),(-0.12566225860678,-0.0538552536886198,-8.16572889552861E-18),
 .UNSPECIFIED.);
#250=B_SPLINE_CURVE_WITH_KNOTS('',3,(#7390,#7391,#7392,#7393,#7394,#7395,
#7396,#7397,#7398,#7399,#7400,#7401),.UNSPECIFIED.,.F.,.F.,(4,2,1,2,2,1,
4),(-1.85096370186376,-1.69112536857853,-1.49372593429426,-1.29632650000999,
-0.380543041214294,-0.210210121509839,-0.0398772018053843),
 .UNSPECIFIED.);
#251=B_SPLINE_CURVE_WITH_KNOTS('',3,(#7403,#7404,#7405,#7406,#7407),
 .UNSPECIFIED.,.F.,.F.,(4,1,4),(-0.125662034235077,-0.0538551575293194,
-9.75768743420931E-16),.UNSPECIFIED.);
#252=B_SPLINE_CURVE_WITH_KNOTS('',3,(#7411,#7412,#7413,#7414,#7415),
 .UNSPECIFIED.,.F.,.F.,(4,1,4),(-0.125662037009129,-0.053855158718198,0.),
 .UNSPECIFIED.);
#253=B_SPLINE_CURVE_WITH_KNOTS('',3,(#7417,#7418,#7419,#7420,#7421,#7422,
#7423,#7424,#7425,#7426,#7427,#7428),.UNSPECIFIED.,.F.,.F.,(4,1,2,2,1,2,
4),(-1.91987785227762,-1.72261675353444,-1.52535565479127,-0.609573009848412,
-0.404706596480164,-0.199840183111917,-0.0400030831985005),
 .UNSPECIFIED.);
#254=B_SPLINE_CURVE_WITH_KNOTS('',3,(#7432,#7433,#7434,#7435,#7436),
 .UNSPECIFIED.,.F.,.F.,(4,1,4),(-0.125663383767488,-0.0538557359003523,
-1.09464906275194E-16),.UNSPECIFIED.);
#255=B_SPLINE_CURVE_WITH_KNOTS('',3,(#7447,#7448,#7449,#7450,#7451,#7452,
#7453,#7454,#7455,#7456,#7457,#7458),.UNSPECIFIED.,.F.,.F.,(4,2,1,2,2,1,
4),(-1.85096370186376,-1.69112536857853,-1.49372593429426,-1.29632650000999,
-0.380543041214295,-0.210210121509839,-0.0398772018053836),
 .UNSPECIFIED.);
#256=B_SPLINE_CURVE_WITH_KNOTS('',3,(#7460,#7461,#7462,#7463,#7464),
 .UNSPECIFIED.,.F.,.F.,(4,1,4),(-0.125662034246579,-0.0538551575342484,
-3.37344918193064E-16),.UNSPECIFIED.);
#257=B_SPLINE_CURVE_WITH_KNOTS('',3,(#7468,#7469,#7470,#7471,#7472),
 .UNSPECIFIED.,.F.,.F.,(4,1,4),(-0.125662037008656,-0.0718068782906606,
0.),.UNSPECIFIED.);
#258=B_SPLINE_CURVE_WITH_KNOTS('',3,(#7474,#7475,#7476,#7477,#7478,#7479,
#7480,#7481,#7482,#7483,#7484,#7485),.UNSPECIFIED.,.F.,.F.,(4,1,2,2,1,2,
4),(-1.91987785227762,-1.72261675353444,-1.52535565479127,-0.609573009848411,
-0.404706596480164,-0.199840183111916,-0.0400030831985008),
 .UNSPECIFIED.);
#259=B_SPLINE_CURVE_WITH_KNOTS('',3,(#7488,#7489,#7490,#7491,#7492),
 .UNSPECIFIED.,.F.,.F.,(4,1,4),(-0.125663388290268,-0.0538557378386867,
-4.84140714533493E-16),.UNSPECIFIED.);
#260=B_SPLINE_CURVE_WITH_KNOTS('',3,(#7495,#7496,#7497,#7498,#7499,#7500,
#7501,#7502,#7503,#7504),.UNSPECIFIED.,.F.,.F.,(4,2,2,2,4),(0.0280846331301676,
0.047300329731491,0.0699898179400775,0.0907017890814323,0.091005286296656),
 .UNSPECIFIED.);
#261=B_SPLINE_CURVE_WITH_KNOTS('',3,(#7506,#7507,#7508,#7509,#7510,#7511,
#7512,#7513,#7514,#7515,#7516,#7517),.UNSPECIFIED.,.F.,.F.,(4,2,2,2,2,4),
(-0.000343193653611264,0.,0.0240639402800227,0.0504171326607985,0.0712103709514104,
0.0716477802121332),.UNSPECIFIED.);
#262=B_SPLINE_CURVE_WITH_KNOTS('',3,(#7518,#7519,#7520,#7521,#7522,#7523,
#7524,#7525,#7526,#7527),.UNSPECIFIED.,.F.,.F.,(4,2,2,2,4),(0.0212927530573978,
0.0400951339267324,0.0663646544138374,0.0925147295731659,0.0929006269679985),
 .UNSPECIFIED.);
#263=B_SPLINE_CURVE_WITH_KNOTS('',3,(#7528,#7529,#7530,#7531,#7532,#7533,
#7534,#7535,#7536,#7537),.UNSPECIFIED.,.F.,.F.,(4,2,2,2,4),(-0.000397802681610914,
0.,0.0264406666388616,0.0529130914231986,0.0720474407021465),
 .UNSPECIFIED.);
#264=B_SPLINE_CURVE_WITH_KNOTS('',3,(#7543,#7544,#7545,#7546,#7547,#7548,
#7549,#7550,#7551,#7552,#7553,#7554,#7555,#7556,#7557,#7558),
 .UNSPECIFIED.,.F.,.F.,(4,2,2,2,2,2,2,4),(-0.178680969413536,-0.178198496884137,
-0.156838266245319,-0.136426523927093,-0.115338154910943,-0.0995513613822317,
-0.0857671524898211,-0.0856292708797733),.UNSPECIFIED.);
#265=B_SPLINE_CURVE_WITH_KNOTS('',3,(#7565,#7566,#7567,#7568,#7569,#7570,
#7571,#7572,#7573,#7574),.UNSPECIFIED.,.F.,.F.,(4,2,2,2,4),(0.0213718230964249,
0.0368782200158301,0.0650567720652126,0.0922166351598707,0.0926483767881271),
 .UNSPECIFIED.);
#266=B_SPLINE_CURVE_WITH_KNOTS('',3,(#7576,#7577,#7578,#7579,#7580,#7581,
#7582,#7583,#7584,#7585),.UNSPECIFIED.,.F.,.F.,(4,2,2,2,4),(-0.000309287408964081,
0.,0.02306544916991,0.0481164067226675,0.0732456460823231),
 .UNSPECIFIED.);
#267=B_SPLINE_CURVE_WITH_KNOTS('',3,(#7586,#7587,#7588,#7589,#7590,#7591,
#7592,#7593,#7594,#7595),.UNSPECIFIED.,.F.,.F.,(4,2,2,2,4),(0.0211976941671681,
0.038123864294353,0.0621522169363978,0.0842959894795897,0.0845705579648594),
 .UNSPECIFIED.);
#268=B_SPLINE_CURVE_WITH_KNOTS('',3,(#7596,#7597,#7598,#7599,#7600,#7601,
#7602,#7603,#7604,#7605),.UNSPECIFIED.,.F.,.F.,(4,2,2,2,4),(-0.000371934586892225,
0.,0.0240479308442166,0.0483154395151557,0.0720653674382469),
 .UNSPECIFIED.);
#269=B_SPLINE_CURVE_WITH_KNOTS('',3,(#7611,#7612,#7613,#7614,#7615,#7616,
#7617,#7618,#7619,#7620,#7621,#7622,#7623,#7624,#7625,#7626),
 .UNSPECIFIED.,.F.,.F.,(4,2,2,2,2,2,2,4),(-0.178680969410566,-0.178198496881229,
-0.156838266242724,-0.136426523924801,-0.115338154908948,-0.0995513613804981,
-0.0857671524883213,-0.085629270878248),.UNSPECIFIED.);
#270=B_SPLINE_CURVE_WITH_KNOTS('',3,(#7650,#7651,#7652,#7653,#7654,#7655,
#7656,#7657,#7658,#7659,#7660,#7661),.UNSPECIFIED.,.F.,.F.,(4,2,2,2,2,4),
(-0.000396677645067972,0.,0.0299381509925077,0.053690548354792,0.0713861929195866,
0.0856292708628919),.UNSPECIFIED.);
#271=B_SPLINE_CURVE_WITH_KNOTS('',3,(#7691,#7692,#7693,#7694,#7695),
 .UNSPECIFIED.,.F.,.F.,(4,1,4),(3.37344918193064E-16,0.0538551575342484,
0.125662034246579),.UNSPECIFIED.);
#272=B_SPLINE_CURVE_WITH_KNOTS('',3,(#7757,#7758,#7759,#7760,#7761,#7762,
#7763,#7764,#7765,#7766,#7767,#7768),.UNSPECIFIED.,.F.,.F.,(4,1,2,2,1,2,
4),(0.0398772018053836,0.210210121509839,0.380543041214295,1.29632650000999,
1.49372593429426,1.69112536857853,1.85096370186376),.UNSPECIFIED.);
#273=B_SPLINE_CURVE_WITH_KNOTS('',3,(#7791,#7792,#7793,#7794,#7795,#7796,
#7797,#7798,#7799,#7800,#7801,#7802,#7803,#7804,#7805,#7806),
 .UNSPECIFIED.,.F.,.F.,(4,3,3,3,3,4),(0.,0.0156257915840261,0.0312515432520577,
0.046876731746533,0.054935423242146,0.0629945036474595),.UNSPECIFIED.);
#274=B_SPLINE_CURVE_WITH_KNOTS('',3,(#7807,#7808,#7809,#7810),
 .UNSPECIFIED.,.F.,.F.,(4,4),(-0.000337576784405525,0.0800117948445341),
 .UNSPECIFIED.);
#275=B_SPLINE_CURVE_WITH_KNOTS('',3,(#7811,#7812,#7813,#7814),
 .UNSPECIFIED.,.F.,.F.,(4,4),(-0.0800117948445341,-4.54551760814548E-16),
 .UNSPECIFIED.);
#276=B_SPLINE_CURVE_WITH_KNOTS('',3,(#7844,#7845,#7846,#7847,#7848),
 .UNSPECIFIED.,.F.,.F.,(4,1,4),(0.,0.0718068782906606,0.125662037008656),
 .UNSPECIFIED.);
#277=B_SPLINE_CURVE_WITH_KNOTS('',3,(#7878,#7879,#7880,#7881,#7882),
 .UNSPECIFIED.,.F.,.F.,(4,1,4),(4.84140714533493E-16,0.0538557378386867,
0.125663388290268),.UNSPECIFIED.);
#278=B_SPLINE_CURVE_WITH_KNOTS('',3,(#7944,#7945,#7946,#7947,#7948,#7949,
#7950,#7951,#7952,#7953,#7954,#7955),.UNSPECIFIED.,.F.,.F.,(4,2,1,2,2,1,
4),(0.0400030831985008,0.199840183111916,0.404706596480164,0.609573009848411,
1.52535565479127,1.72261675353444,1.91987785227762),.UNSPECIFIED.);
#279=B_SPLINE_CURVE_WITH_KNOTS('',3,(#7962,#7963,#7964,#7965,#7966,#7967,
#7968,#7969,#7970,#7971),.UNSPECIFIED.,.F.,.F.,(4,2,2,2,4),(0.120550786747626,
0.135618283326334,0.150685779905041,0.165754146961427,0.180822514017813),
 .UNSPECIFIED.);
#280=B_SPLINE_CURVE_WITH_KNOTS('',3,(#7998,#7999,#8000,#8001,#8002,#8003,
#8004,#8005,#8006,#8007,#8008,#8009,#8010,#8011,#8012,#8013),
 .UNSPECIFIED.,.F.,.F.,(4,3,3,3,3,4),(0.,0.0156273401948672,0.0312516983051077,
0.0468765826364761,0.0549357222434832,0.0629948599261413),.UNSPECIFIED.);
#281=B_SPLINE_CURVE_WITH_KNOTS('',3,(#8014,#8015,#8016,#8017),
 .UNSPECIFIED.,.F.,.F.,(4,4),(-0.120018006868869,-0.0400062120243357),
 .UNSPECIFIED.);
#282=B_SPLINE_CURVE_WITH_KNOTS('',3,(#8018,#8019,#8020,#8021),
 .UNSPECIFIED.,.F.,.F.,(4,4),(0.0400062120243357,0.120355583653275),
 .UNSPECIFIED.);
#283=B_SPLINE_CURVE_WITH_KNOTS('',3,(#8044,#8045,#8046,#8047,#8048,#8049,
#8050,#8051,#8052,#8053,#8054,#8055,#8056),.UNSPECIFIED.,.F.,.F.,(4,3,3,
3,4),(0.,0.0156272859043149,0.0312517305920543,0.0468767113501037,0.0624688350374466),
 .UNSPECIFIED.);
#284=B_SPLINE_CURVE_WITH_KNOTS('',3,(#8057,#8058,#8059,#8060),
 .UNSPECIFIED.,.F.,.F.,(4,4),(-0.120017990643337,-0.0400061269331863),
 .UNSPECIFIED.);
#285=B_SPLINE_CURVE_WITH_KNOTS('',3,(#8061,#8062,#8063,#8064),
 .UNSPECIFIED.,.F.,.F.,(4,4),(0.0400061269331863,0.120355500992059),
 .UNSPECIFIED.);
#286=B_SPLINE_CURVE_WITH_KNOTS('',3,(#8114,#8115,#8116,#8117,#8118,#8119,
#8120,#8121,#8122,#8123,#8124,#8125),.UNSPECIFIED.,.F.,.F.,(4,1,2,2,1,2,
4),(0.0872664625997165,0.174532925199433,0.261799387799149,0.654498469497873,
0.74176493209759,0.829031394697306,0.899419418784631),.UNSPECIFIED.);
#287=B_SPLINE_CURVE_WITH_KNOTS('',3,(#8126,#8127,#8128,#8129),
 .UNSPECIFIED.,.F.,.F.,(4,4),(0.0399999999999995,0.12),.UNSPECIFIED.);
#288=B_SPLINE_CURVE_WITH_KNOTS('',3,(#8131,#8132,#8133,#8134),
 .UNSPECIFIED.,.F.,.F.,(4,4),(0.04,0.18),.UNSPECIFIED.);
#289=B_SPLINE_CURVE_WITH_KNOTS('',3,(#8183,#8184,#8185,#8186,#8187,#8188,
#8189,#8190,#8191,#8192,#8193,#8194),.UNSPECIFIED.,.F.,.F.,(4,1,2,2,1,2,
4),(0.116641660420707,0.174532925199433,0.261799387799149,0.654498469497873,
0.74176493209759,0.829031394697306,0.899419418784631),.UNSPECIFIED.);
#290=B_SPLINE_CURVE_WITH_KNOTS('',3,(#8258,#8259,#8260,#8261,#8262,#8263,
#8264,#8265,#8266,#8267,#8268,#8269,#8270,#8271,#8272,#8273),
 .UNSPECIFIED.,.F.,.F.,(4,2,2,2,2,2,2,4),(-0.000396677645041808,0.,0.0175618827434508,
0.0343439405425305,0.0516823050093843,0.0646618379336451,0.0759948925421482,
0.0761082555815826),.UNSPECIFIED.);
#291=B_SPLINE_CURVE_WITH_KNOTS('',3,(#8303,#8304,#8305,#8306,#8307),
 .UNSPECIFIED.,.F.,.F.,(4,1,4),(9.75768743420931E-16,0.0538551575293194,
0.125662034235077),.UNSPECIFIED.);
#292=B_SPLINE_CURVE_WITH_KNOTS('',3,(#8369,#8370,#8371,#8372,#8373,#8374,
#8375,#8376,#8377,#8378,#8379,#8380),.UNSPECIFIED.,.F.,.F.,(4,1,2,2,1,2,
4),(0.0398772018053843,0.210210121509839,0.380543041214294,1.29632650000999,
1.49372593429426,1.69112536857853,1.85096370186376),.UNSPECIFIED.);
#293=B_SPLINE_CURVE_WITH_KNOTS('',3,(#8403,#8404,#8405,#8406,#8407,#8408,
#8409,#8410,#8411,#8412,#8413,#8414,#8415,#8416,#8417,#8418),
 .UNSPECIFIED.,.F.,.F.,(4,3,3,3,3,4),(0.,0.0156257915801811,0.0312515430974306,
0.0468767305869729,0.0549354234373682,0.0629945036395484),.UNSPECIFIED.);
#294=B_SPLINE_CURVE_WITH_KNOTS('',3,(#8419,#8420,#8421,#8422),
 .UNSPECIFIED.,.F.,.F.,(4,4),(-0.000337576784405222,0.080011794844532),
 .UNSPECIFIED.);
#295=B_SPLINE_CURVE_WITH_KNOTS('',3,(#8423,#8424,#8425,#8426),
 .UNSPECIFIED.,.F.,.F.,(4,4),(-0.080011794844532,-9.41087485717418E-16),
 .UNSPECIFIED.);
#296=B_SPLINE_CURVE_WITH_KNOTS('',3,(#8456,#8457,#8458,#8459,#8460),
 .UNSPECIFIED.,.F.,.F.,(4,1,4),(0.,0.053855158718198,0.125662037009129),
 .UNSPECIFIED.);
#297=B_SPLINE_CURVE_WITH_KNOTS('',3,(#8490,#8491,#8492,#8493,#8494),
 .UNSPECIFIED.,.F.,.F.,(4,1,4),(1.09464906275194E-16,0.0538557359003523,
0.125663383767488),.UNSPECIFIED.);
#298=B_SPLINE_CURVE_WITH_KNOTS('',3,(#8556,#8557,#8558,#8559,#8560,#8561,
#8562,#8563,#8564,#8565,#8566,#8567),.UNSPECIFIED.,.F.,.F.,(4,2,1,2,2,1,
4),(0.0400030831985005,0.199840183111917,0.404706596480164,0.609573009848412,
1.52535565479127,1.72261675353444,1.91987785227762),.UNSPECIFIED.);
#299=B_SPLINE_CURVE_WITH_KNOTS('',3,(#8574,#8575,#8576,#8577,#8578,#8579,
#8580,#8581,#8582,#8583),.UNSPECIFIED.,.F.,.F.,(4,2,2,2,4),(0.120550786747626,
0.135618283326333,0.150685779905041,0.165754146961427,0.180822514017813),
 .UNSPECIFIED.);
#300=B_SPLINE_CURVE_WITH_KNOTS('',3,(#8610,#8611,#8612,#8613,#8614,#8615,
#8616,#8617,#8618,#8619,#8620,#8621,#8622,#8623,#8624,#8625),
 .UNSPECIFIED.,.F.,.F.,(4,3,3,3,3,4),(0.,0.0156273436663884,0.0312517035683681,
0.0468765882529425,0.0549357250706993,0.0629948599646895),.UNSPECIFIED.);
#301=B_SPLINE_CURVE_WITH_KNOTS('',3,(#8626,#8627,#8628,#8629),
 .UNSPECIFIED.,.F.,.F.,(4,4),(-0.120018006868869,-0.040006212024337),
 .UNSPECIFIED.);
#302=B_SPLINE_CURVE_WITH_KNOTS('',3,(#8630,#8631,#8632,#8633),
 .UNSPECIFIED.,.F.,.F.,(4,4),(0.040006212024337,0.120355583653275),
 .UNSPECIFIED.);
#303=B_SPLINE_CURVE_WITH_KNOTS('',3,(#8656,#8657,#8658,#8659,#8660,#8661,
#8662,#8663,#8664,#8665,#8666,#8667,#8668),.UNSPECIFIED.,.F.,.F.,(4,3,3,
3,4),(0.,0.0156272896090482,0.0312517361738295,0.0468767173015782,0.0624688350378776),
 .UNSPECIFIED.);
#304=B_SPLINE_CURVE_WITH_KNOTS('',3,(#8669,#8670,#8671,#8672),
 .UNSPECIFIED.,.F.,.F.,(4,4),(-0.120017990643338,-0.0400061269331868),
 .UNSPECIFIED.);
#305=B_SPLINE_CURVE_WITH_KNOTS('',3,(#8673,#8674,#8675,#8676),
 .UNSPECIFIED.,.F.,.F.,(4,4),(0.0400061269331868,0.12035550099206),
 .UNSPECIFIED.);
#306=B_SPLINE_CURVE_WITH_KNOTS('',3,(#8726,#8727,#8728,#8729,#8730,#8731,
#8732,#8733,#8734,#8735,#8736,#8737),.UNSPECIFIED.,.F.,.F.,(4,1,2,2,1,2,
4),(0.0872664625997165,0.174532925199433,0.261799387799149,0.654498469497873,
0.74176493209759,0.829031394697306,0.899419418784631),.UNSPECIFIED.);
#307=B_SPLINE_CURVE_WITH_KNOTS('',3,(#8738,#8739,#8740,#8741),
 .UNSPECIFIED.,.F.,.F.,(4,4),(0.0400000000000002,0.12),.UNSPECIFIED.);
#308=B_SPLINE_CURVE_WITH_KNOTS('',3,(#8743,#8744,#8745,#8746),
 .UNSPECIFIED.,.F.,.F.,(4,4),(0.04,0.18),.UNSPECIFIED.);
#309=B_SPLINE_CURVE_WITH_KNOTS('',3,(#8795,#8796,#8797,#8798,#8799,#8800,
#8801,#8802,#8803,#8804,#8805,#8806),.UNSPECIFIED.,.F.,.F.,(4,1,2,2,1,2,
4),(0.116641660420707,0.174532925199433,0.261799387799149,0.654498469497873,
0.74176493209759,0.829031394697306,0.899419418784631),.UNSPECIFIED.);
#310=B_SPLINE_CURVE_WITH_KNOTS('',3,(#8900,#8901,#8902,#8903,#8904,#8905,
#8906,#8907,#8908,#8909,#8910,#8911,#8912),.UNSPECIFIED.,.F.,.F.,(4,3,3,
3,4),(0.,0.0156272872985017,0.0312517326926181,0.0468767135897908,0.062468835037598),
 .UNSPECIFIED.);
#311=B_SPLINE_CURVE_WITH_KNOTS('',3,(#8913,#8914,#8915,#8916),
 .UNSPECIFIED.,.F.,.F.,(4,4),(9.65482034598342E-17,0.0800118637101501),
 .UNSPECIFIED.);
#312=B_SPLINE_CURVE_WITH_KNOTS('',3,(#8917,#8918,#8919,#8920),
 .UNSPECIFIED.,.F.,.F.,(4,4),(-0.0800118637101501,0.000337510348722916),
 .UNSPECIFIED.);
#313=B_SPLINE_CURVE_WITH_KNOTS('',3,(#8949,#8950,#8951,#8952,#8953),
 .UNSPECIFIED.,.F.,.F.,(4,1,4),(1.3384584982292E-16,0.0718068767147674,
0.125662034250843),.UNSPECIFIED.);
#314=B_SPLINE_CURVE_WITH_KNOTS('',3,(#9015,#9016,#9017,#9018,#9019,#9020,
#9021,#9022,#9023,#9024,#9025,#9026),.UNSPECIFIED.,.F.,.F.,(4,1,2,2,1,2,
4),(0.0398772018053847,0.21021012150984,0.380543041214295,1.29632650000999,
1.49372593429426,1.69112536857853,1.85096370186376),.UNSPECIFIED.);
#315=B_SPLINE_CURVE_WITH_KNOTS('',3,(#9049,#9050,#9051,#9052,#9053,#9054,
#9055,#9056,#9057,#9058,#9059,#9060,#9061,#9062,#9063,#9064),
 .UNSPECIFIED.,.F.,.F.,(4,3,3,3,3,4),(0.,0.015625791585452,0.0312515433093796,
0.0468767321763859,0.054935423169785,0.0629945036504022),.UNSPECIFIED.);
#316=B_SPLINE_CURVE_WITH_KNOTS('',3,(#9065,#9066,#9067,#9068),
 .UNSPECIFIED.,.F.,.F.,(4,4),(-0.000337576784405928,0.0800117948445318),
 .UNSPECIFIED.);
#317=B_SPLINE_CURVE_WITH_KNOTS('',3,(#9069,#9070,#9071,#9072),
 .UNSPECIFIED.,.F.,.F.,(4,4),(-0.0800117948445318,-1.76237063137519E-16),
 .UNSPECIFIED.);
#318=B_SPLINE_CURVE_WITH_KNOTS('',3,(#9076,#9077,#9078,#9079,#9080,#9081,
#9082,#9083,#9084,#9085,#9086,#9087,#9088,#9089),.UNSPECIFIED.,.F.,.F.,
(4,2,2,2,2,2,4),(-0.076109596276972,-0.0647802151102575,-0.0518298509845032,
-0.0345498532699815,-0.0176719650920486,0.,0.000396677645028882),
 .UNSPECIFIED.);
#319=B_SPLINE_CURVE_WITH_KNOTS('',3,(#9117,#9118,#9119,#9120,#9121),
 .UNSPECIFIED.,.F.,.F.,(4,1,4),(1.10657863523806E-16,0.053855158717921,
0.125662037008482),.UNSPECIFIED.);
#320=B_SPLINE_CURVE_WITH_KNOTS('',3,(#9151,#9152,#9153,#9154,#9155),
 .UNSPECIFIED.,.F.,.F.,(4,1,4),(8.16572889552861E-18,0.0538552536886198,
0.12566225860678),.UNSPECIFIED.);
#321=B_SPLINE_CURVE_WITH_KNOTS('',3,(#9217,#9218,#9219,#9220,#9221,#9222,
#9223,#9224,#9225,#9226,#9227,#9228),.UNSPECIFIED.,.F.,.F.,(4,2,1,2,2,1,
4),(0.0400030831985019,0.199840183111916,0.404706596480164,0.609573009848412,
1.52535565479127,1.72261675353444,1.91987785227762),.UNSPECIFIED.);
#322=B_SPLINE_CURVE_WITH_KNOTS('',3,(#9235,#9236,#9237,#9238,#9239,#9240,
#9241,#9242,#9243,#9244),.UNSPECIFIED.,.F.,.F.,(4,2,2,2,4),(0.120550786747626,
0.135618283326334,0.150685779905041,0.165754146961427,0.180822514017813),
 .UNSPECIFIED.);
#323=B_SPLINE_CURVE_WITH_KNOTS('',3,(#9271,#9272,#9273,#9274,#9275,#9276,
#9277,#9278,#9279,#9280,#9281,#9282,#9283,#9284,#9285,#9286),
 .UNSPECIFIED.,.F.,.F.,(4,3,3,3,3,4),(0.,0.015627338907969,0.0312516963540094,
0.046876580554444,0.0549357211954314,0.0629948599118507),.UNSPECIFIED.);
#324=B_SPLINE_CURVE_WITH_KNOTS('',3,(#9287,#9288,#9289,#9290),
 .UNSPECIFIED.,.F.,.F.,(4,4),(-0.120018006868868,-0.0400062120243359),
 .UNSPECIFIED.);
#325=B_SPLINE_CURVE_WITH_KNOTS('',3,(#9291,#9292,#9293,#9294),
 .UNSPECIFIED.,.F.,.F.,(4,4),(0.0400062120243359,0.120355583653274),
 .UNSPECIFIED.);
#326=B_SPLINE_CURVE_WITH_KNOTS('',3,(#9349,#9350,#9351,#9352,#9353,#9354,
#9355,#9356,#9357,#9358,#9359,#9360),.UNSPECIFIED.,.F.,.F.,(4,1,2,2,1,2,
4),(0.116641660420707,0.189220524109928,0.261799387799149,0.654498469497873,
0.74176493209759,0.829031394697306,0.899419418784631),.UNSPECIFIED.);
#327=B_SPLINE_CURVE_WITH_KNOTS('',3,(#9419,#9420,#9421,#9422,#9423,#9424,
#9425,#9426,#9427,#9428,#9429,#9430),.UNSPECIFIED.,.F.,.F.,(4,1,2,2,1,2,
4),(0.0872664625997165,0.174532925199433,0.261799387799149,0.654498469497873,
0.74176493209759,0.829031394697306,0.899419418784631),.UNSPECIFIED.);
#328=B_SPLINE_CURVE_WITH_KNOTS('',3,(#9431,#9432,#9433,#9434),
 .UNSPECIFIED.,.F.,.F.,(4,4),(0.0399999999999996,0.12),.UNSPECIFIED.);
#329=B_SPLINE_CURVE_WITH_KNOTS('',3,(#9483,#9484,#9485,#9486),
 .UNSPECIFIED.,.F.,.F.,(4,4),(0.04,0.18),.UNSPECIFIED.);
#330=B_SPLINE_SURFACE_WITH_KNOTS('',3,3,((#5544,#5545,#5546,#5547,#5548),
(#5549,#5550,#5551,#5552,#5553),(#5554,#5555,#5556,#5557,#5558),(#5559,
#5560,#5561,#5562,#5563),(#5564,#5565,#5566,#5567,#5568)),.UNSPECIFIED.,
 .F.,.F.,.F.,(4,1,4),(4,1,4),(0.,0.5,1.),(0.503583800438181,0.557536463937767,
0.629473348603883),.UNSPECIFIED.);
#331=B_SPLINE_SURFACE_WITH_KNOTS('',3,3,((#5643,#5644,#5645,#5646,#5647),
(#5648,#5649,#5650,#5651,#5652),(#5653,#5654,#5655,#5656,#5657),(#5658,
#5659,#5660,#5661,#5662),(#5663,#5664,#5665,#5666,#5667)),.UNSPECIFIED.,
 .F.,.F.,.F.,(4,1,4),(4,1,4),(0.,0.5,1.),(0.0420714068305029,0.0960240689957176,
0.16796095188267),.UNSPECIFIED.);
#332=B_SPLINE_SURFACE_WITH_KNOTS('',3,3,((#5945,#5946,#5947,#5948,#5949),
(#5950,#5951,#5952,#5953,#5954),(#5955,#5956,#5957,#5958,#5959),(#5960,
#5961,#5962,#5963,#5964),(#5965,#5966,#5967,#5968,#5969)),.UNSPECIFIED.,
 .F.,.F.,.F.,(4,1,4),(4,1,4),(0.,0.5,1.),(0.503583797555127,0.575520680442079,
0.629473342607293),.UNSPECIFIED.);
#333=B_SPLINE_SURFACE_WITH_KNOTS('',3,3,((#6025,#6026,#6027,#6028,#6029),
(#6030,#6031,#6032,#6033,#6034),(#6035,#6036,#6037,#6038,#6039),(#6040,
#6041,#6042,#6043,#6044),(#6045,#6046,#6047,#6048,#6049)),.UNSPECIFIED.,
 .F.,.F.,.F.,(4,1,4),(4,1,4),(0.,0.5,1.),(0.0420714066000219,0.096024070099608,
0.167960954765723),.UNSPECIFIED.);
#334=B_SPLINE_SURFACE_WITH_KNOTS('',3,3,((#6149,#6150,#6151,#6152,#6153),
(#6154,#6155,#6156,#6157,#6158),(#6159,#6160,#6161,#6162,#6163),(#6164,
#6165,#6166,#6167,#6168),(#6169,#6170,#6171,#6172,#6173)),.UNSPECIFIED.,
 .F.,.F.,.F.,(4,1,4),(4,1,4),(0.,0.5,1.),(0.503583732095103,0.55753636385833,
0.629473206209301),.UNSPECIFIED.);
#335=B_SPLINE_SURFACE_WITH_KNOTS('',3,3,((#6238,#6239,#6240,#6241,#6242),
(#6243,#6244,#6245,#6246,#6247),(#6248,#6249,#6250,#6251,#6252),(#6253,
#6254,#6255,#6256,#6257),(#6258,#6259,#6260,#6261,#6262)),.UNSPECIFIED.,
 .F.,.F.,.F.,(4,1,4),(4,1,4),(0.,0.5,1.),(0.0420714123084466,0.0960240440716756,
0.167960886422648),.UNSPECIFIED.);
#336=B_SPLINE_SURFACE_WITH_KNOTS('',3,3,((#6362,#6363,#6364,#6365,#6366),
(#6367,#6368,#6369,#6370,#6371),(#6372,#6373,#6374,#6375,#6376),(#6377,
#6378,#6379,#6380,#6381),(#6382,#6383,#6384,#6385,#6386)),.UNSPECIFIED.,
 .F.,.F.,.F.,(4,1,4),(4,1,4),(0.,0.5,1.),(0.50358380043818,0.557536463937767,
0.629473348603883),.UNSPECIFIED.);
#337=B_SPLINE_SURFACE_WITH_KNOTS('',3,3,((#6451,#6452,#6453,#6454,#6455),
(#6456,#6457,#6458,#6459,#6460),(#6461,#6462,#6463,#6464,#6465),(#6466,
#6467,#6468,#6469,#6470),(#6471,#6472,#6473,#6474,#6475)),.UNSPECIFIED.,
 .F.,.F.,.F.,(4,1,4),(4,1,4),(0.,0.5,1.),(0.0420714068305027,0.114008289717455,
0.167960951882669),.UNSPECIFIED.);
#338=B_SPLINE_SURFACE_WITH_KNOTS('',3,3,((#6584,#6585,#6586,#6587,#6588),
(#6589,#6590,#6591,#6592,#6593),(#6594,#6595,#6596,#6597,#6598),(#6599,
#6600,#6601,#6602,#6603),(#6604,#6605,#6606,#6607,#6608)),.UNSPECIFIED.,
 .F.,.F.,.F.,(4,1,4),(4,1,4),(0.,0.5,1.),(0.503583797555128,0.575520680442079,
0.629473342607292),.UNSPECIFIED.);
#339=B_SPLINE_SURFACE_WITH_KNOTS('',3,3,((#6664,#6665,#6666,#6667,#6668),
(#6669,#6670,#6671,#6672,#6673),(#6674,#6675,#6676,#6677,#6678),(#6679,
#6680,#6681,#6682,#6683),(#6684,#6685,#6686,#6687,#6688)),.UNSPECIFIED.,
 .F.,.F.,.F.,(4,1,4),(4,1,4),(0.,0.5,1.),(0.0420714066000218,0.096024070099608,
0.167960954765723),.UNSPECIFIED.);
#340=B_SPLINE_SURFACE_WITH_KNOTS('',3,3,((#7028,#7029,#7030,#7031,#7032),
(#7033,#7034,#7035,#7036,#7037),(#7038,#7039,#7040,#7041,#7042),(#7043,
#7044,#7045,#7046,#7047),(#7048,#7049,#7050,#7051,#7052)),.UNSPECIFIED.,
 .F.,.F.,.F.,(4,1,4),(4,1,4),(0.,0.5,1.),(0.503583732095102,0.575520574446073,
0.629473206209301),.UNSPECIFIED.);
#341=B_SPLINE_SURFACE_WITH_KNOTS('',3,3,((#7092,#7093,#7094,#7095,#7096),
(#7097,#7098,#7099,#7100,#7101),(#7102,#7103,#7104,#7105,#7106),(#7107,
#7108,#7109,#7110,#7111),(#7112,#7113,#7114,#7115,#7116)),.UNSPECIFIED.,
 .F.,.F.,.F.,(4,1,4),(4,1,4),(0.,0.5,1.),(0.0420714123084467,0.096024044071674,
0.167960886422644),.UNSPECIFIED.);
#342=B_SPLINE_SURFACE_WITH_KNOTS('',3,3,((#7663,#7664,#7665,#7666,#7667),
(#7668,#7669,#7670,#7671,#7672),(#7673,#7674,#7675,#7676,#7677),(#7678,
#7679,#7680,#7681,#7682),(#7683,#7684,#7685,#7686,#7687)),.UNSPECIFIED.,
 .F.,.F.,.F.,(4,1,4),(4,1,4),(0.,0.5,1.),(3.37344918193064E-16,0.0538551575342484,
0.125662034246579),.UNSPECIFIED.);
#343=B_SPLINE_SURFACE_WITH_KNOTS('',3,3,((#7697,#7698,#7699,#7700,#7701,
#7702,#7703,#7704,#7705,#7706,#7707,#7708),(#7709,#7710,#7711,#7712,#7713,
#7714,#7715,#7716,#7717,#7718,#7719,#7720),(#7721,#7722,#7723,#7724,#7725,
#7726,#7727,#7728,#7729,#7730,#7731,#7732),(#7733,#7734,#7735,#7736,#7737,
#7738,#7739,#7740,#7741,#7742,#7743,#7744),(#7745,#7746,#7747,#7748,#7749,
#7750,#7751,#7752,#7753,#7754,#7755,#7756)),.UNSPECIFIED.,.F.,.F.,.F.,(4,
1,4),(4,1,2,2,1,2,4),(0.,0.5,1.),(0.0398772018053836,0.210210121509839,
0.380543041214295,1.29632650000999,1.49372593429426,1.69112536857853,1.85096370186376),
 .UNSPECIFIED.);
#344=B_SPLINE_SURFACE_WITH_KNOTS('',3,3,((#7769,#7770,#7771,#7772),(#7773,
#7774,#7775,#7776),(#7777,#7778,#7779,#7780),(#7781,#7782,#7783,#7784),
(#7785,#7786,#7787,#7788)),.UNSPECIFIED.,.F.,.F.,.F.,(4,1,4),(4,4),(0.,
0.5,1.),(-0.000338183381991089,0.0800117948445341),.UNSPECIFIED.);
#345=B_SPLINE_SURFACE_WITH_KNOTS('',3,3,((#7817,#7818,#7819,#7820,#7821),
(#7822,#7823,#7824,#7825,#7826),(#7827,#7828,#7829,#7830,#7831),(#7832,
#7833,#7834,#7835,#7836),(#7837,#7838,#7839,#7840,#7841)),.UNSPECIFIED.,
 .F.,.F.,.F.,(4,1,4),(4,1,4),(0.,0.5,1.),(0.,0.0718068782906606,0.125662037008656),
 .UNSPECIFIED.);
#346=B_SPLINE_SURFACE_WITH_KNOTS('',3,3,((#7851,#7852,#7853,#7854,#7855),
(#7856,#7857,#7858,#7859,#7860),(#7861,#7862,#7863,#7864,#7865),(#7866,
#7867,#7868,#7869,#7870),(#7871,#7872,#7873,#7874,#7875)),.UNSPECIFIED.,
 .F.,.F.,.F.,(4,1,4),(4,1,4),(0.,0.5,1.),(4.84140714533493E-16,0.0538557378386867,
0.125663388290268),.UNSPECIFIED.);
#347=B_SPLINE_SURFACE_WITH_KNOTS('',3,3,((#7883,#7884,#7885,#7886,#7887,
#7888,#7889,#7890,#7891,#7892,#7893,#7894),(#7895,#7896,#7897,#7898,#7899,
#7900,#7901,#7902,#7903,#7904,#7905,#7906),(#7907,#7908,#7909,#7910,#7911,
#7912,#7913,#7914,#7915,#7916,#7917,#7918),(#7919,#7920,#7921,#7922,#7923,
#7924,#7925,#7926,#7927,#7928,#7929,#7930),(#7931,#7932,#7933,#7934,#7935,
#7936,#7937,#7938,#7939,#7940,#7941,#7942)),.UNSPECIFIED.,.F.,.F.,.F.,(4,
1,4),(4,2,1,2,2,1,4),(0.,0.5,1.),(0.0400030831985008,0.199840183111916,
0.404706596480164,0.609573009848411,1.52535565479127,1.72261675353444,1.91987785227762),
 .UNSPECIFIED.);
#348=B_SPLINE_SURFACE_WITH_KNOTS('',3,3,((#7976,#7977,#7978,#7979),(#7980,
#7981,#7982,#7983),(#7984,#7985,#7986,#7987),(#7988,#7989,#7990,#7991),
(#7992,#7993,#7994,#7995)),.UNSPECIFIED.,.F.,.F.,.F.,(4,1,4),(4,4),(0.,
0.5,1.),(0.0400062120243357,0.12035562907176),.UNSPECIFIED.);
#349=B_SPLINE_SURFACE_WITH_KNOTS('',3,3,((#8022,#8023,#8024,#8025),(#8026,
#8027,#8028,#8029),(#8030,#8031,#8032,#8033),(#8034,#8035,#8036,#8037),
(#8038,#8039,#8040,#8041)),.UNSPECIFIED.,.F.,.F.,.F.,(4,1,4),(4,4),(0.,
0.5,1.),(0.0400061269331863,0.120355500992059),.UNSPECIFIED.);
#350=B_SPLINE_SURFACE_WITH_KNOTS('',3,3,((#8065,#8066,#8067,#8068,#8069,
#8070,#8071,#8072,#8073,#8074,#8075,#8076),(#8077,#8078,#8079,#8080,#8081,
#8082,#8083,#8084,#8085,#8086,#8087,#8088),(#8089,#8090,#8091,#8092,#8093,
#8094,#8095,#8096,#8097,#8098,#8099,#8100),(#8101,#8102,#8103,#8104,#8105,
#8106,#8107,#8108,#8109,#8110,#8111,#8112)),.UNSPECIFIED.,.F.,.F.,.F.,(4,
4),(4,1,2,2,1,2,4),(0.039987521805643,0.12),(0.0872664625997165,0.174532925199433,
0.261799387799149,0.654498469497873,0.74176493209759,0.829031394697306,
0.899419418784631),.UNSPECIFIED.);
#351=B_SPLINE_SURFACE_WITH_KNOTS('',3,3,((#8135,#8136,#8137,#8138,#8139,
#8140,#8141,#8142,#8143,#8144,#8145,#8146),(#8147,#8148,#8149,#8150,#8151,
#8152,#8153,#8154,#8155,#8156,#8157,#8158),(#8159,#8160,#8161,#8162,#8163,
#8164,#8165,#8166,#8167,#8168,#8169,#8170),(#8171,#8172,#8173,#8174,#8175,
#8176,#8177,#8178,#8179,#8180,#8181,#8182)),.UNSPECIFIED.,.F.,.F.,.F.,(4,
4),(4,1,2,2,1,2,4),(0.,0.259689040931625),(0.0872664625997164,0.174532925199433,
0.261799387799149,0.654498469497873,0.74176493209759,0.829031394697306,
0.916297857297023),.UNSPECIFIED.);
#352=B_SPLINE_SURFACE_WITH_KNOTS('',3,3,((#8198,#8199,#8200,#8201,#8202,
#8203,#8204,#8205,#8206,#8207,#8208,#8209),(#8210,#8211,#8212,#8213,#8214,
#8215,#8216,#8217,#8218,#8219,#8220,#8221),(#8222,#8223,#8224,#8225,#8226,
#8227,#8228,#8229,#8230,#8231,#8232,#8233),(#8234,#8235,#8236,#8237,#8238,
#8239,#8240,#8241,#8242,#8243,#8244,#8245)),.UNSPECIFIED.,.F.,.F.,.F.,(4,
4),(4,1,2,2,1,2,4),(0.,0.0800124781943569),(0.116641660420707,0.189220524109928,
0.261799387799149,0.654498469497873,0.74176493209759,0.829031394697306,
0.899419418784631),.UNSPECIFIED.);
#353=B_SPLINE_SURFACE_WITH_KNOTS('',3,3,((#8275,#8276,#8277,#8278,#8279),
(#8280,#8281,#8282,#8283,#8284),(#8285,#8286,#8287,#8288,#8289),(#8290,
#8291,#8292,#8293,#8294),(#8295,#8296,#8297,#8298,#8299)),.UNSPECIFIED.,
 .F.,.F.,.F.,(4,1,4),(4,1,4),(0.,0.5,1.),(9.75768743420931E-16,0.0538551575293194,
0.125662034235077),.UNSPECIFIED.);
#354=B_SPLINE_SURFACE_WITH_KNOTS('',3,3,((#8309,#8310,#8311,#8312,#8313,
#8314,#8315,#8316,#8317,#8318,#8319,#8320),(#8321,#8322,#8323,#8324,#8325,
#8326,#8327,#8328,#8329,#8330,#8331,#8332),(#8333,#8334,#8335,#8336,#8337,
#8338,#8339,#8340,#8341,#8342,#8343,#8344),(#8345,#8346,#8347,#8348,#8349,
#8350,#8351,#8352,#8353,#8354,#8355,#8356),(#8357,#8358,#8359,#8360,#8361,
#8362,#8363,#8364,#8365,#8366,#8367,#8368)),.UNSPECIFIED.,.F.,.F.,.F.,(4,
1,4),(4,1,2,2,1,2,4),(0.,0.5,1.),(0.0398772018053843,0.210210121509839,
0.380543041214294,1.29632650000999,1.49372593429426,1.69112536857853,1.85096370186376),
 .UNSPECIFIED.);
#355=B_SPLINE_SURFACE_WITH_KNOTS('',3,3,((#8381,#8382,#8383,#8384),(#8385,
#8386,#8387,#8388),(#8389,#8390,#8391,#8392),(#8393,#8394,#8395,#8396),
(#8397,#8398,#8399,#8400)),.UNSPECIFIED.,.F.,.F.,.F.,(4,1,4),(4,4),(0.,
0.5,1.),(-0.00033818338199029,0.080011794844532),.UNSPECIFIED.);
#356=B_SPLINE_SURFACE_WITH_KNOTS('',3,3,((#8429,#8430,#8431,#8432,#8433),
(#8434,#8435,#8436,#8437,#8438),(#8439,#8440,#8441,#8442,#8443),(#8444,
#8445,#8446,#8447,#8448),(#8449,#8450,#8451,#8452,#8453)),.UNSPECIFIED.,
 .F.,.F.,.F.,(4,1,4),(4,1,4),(0.,0.5,1.),(0.,0.053855158718198,0.125662037009129),
 .UNSPECIFIED.);
#357=B_SPLINE_SURFACE_WITH_KNOTS('',3,3,((#8463,#8464,#8465,#8466,#8467),
(#8468,#8469,#8470,#8471,#8472),(#8473,#8474,#8475,#8476,#8477),(#8478,
#8479,#8480,#8481,#8482),(#8483,#8484,#8485,#8486,#8487)),.UNSPECIFIED.,
 .F.,.F.,.F.,(4,1,4),(4,1,4),(0.,0.5,1.),(1.09464906275194E-16,0.0538557359003523,
0.125663383767488),.UNSPECIFIED.);
#358=B_SPLINE_SURFACE_WITH_KNOTS('',3,3,((#8495,#8496,#8497,#8498,#8499,
#8500,#8501,#8502,#8503,#8504,#8505,#8506),(#8507,#8508,#8509,#8510,#8511,
#8512,#8513,#8514,#8515,#8516,#8517,#8518),(#8519,#8520,#8521,#8522,#8523,
#8524,#8525,#8526,#8527,#8528,#8529,#8530),(#8531,#8532,#8533,#8534,#8535,
#8536,#8537,#8538,#8539,#8540,#8541,#8542),(#8543,#8544,#8545,#8546,#8547,
#8548,#8549,#8550,#8551,#8552,#8553,#8554)),.UNSPECIFIED.,.F.,.F.,.F.,(4,
1,4),(4,2,1,2,2,1,4),(0.,0.5,1.),(0.0400030831985005,0.199840183111917,
0.404706596480164,0.609573009848412,1.52535565479127,1.72261675353444,1.91987785227762),
 .UNSPECIFIED.);
#359=B_SPLINE_SURFACE_WITH_KNOTS('',3,3,((#8588,#8589,#8590,#8591),(#8592,
#8593,#8594,#8595),(#8596,#8597,#8598,#8599),(#8600,#8601,#8602,#8603),
(#8604,#8605,#8606,#8607)),.UNSPECIFIED.,.F.,.F.,.F.,(4,1,4),(4,4),(0.,
0.5,1.),(0.040006212024337,0.120355629071698),.UNSPECIFIED.);
#360=B_SPLINE_SURFACE_WITH_KNOTS('',3,3,((#8634,#8635,#8636,#8637),(#8638,
#8639,#8640,#8641),(#8642,#8643,#8644,#8645),(#8646,#8647,#8648,#8649),
(#8650,#8651,#8652,#8653)),.UNSPECIFIED.,.F.,.F.,.F.,(4,1,4),(4,4),(0.,
0.5,1.),(0.0400061269331868,0.12035550099206),.UNSPECIFIED.);
#361=B_SPLINE_SURFACE_WITH_KNOTS('',3,3,((#8677,#8678,#8679,#8680,#8681,
#8682,#8683,#8684,#8685,#8686,#8687,#8688),(#8689,#8690,#8691,#8692,#8693,
#8694,#8695,#8696,#8697,#8698,#8699,#8700),(#8701,#8702,#8703,#8704,#8705,
#8706,#8707,#8708,#8709,#8710,#8711,#8712),(#8713,#8714,#8715,#8716,#8717,
#8718,#8719,#8720,#8721,#8722,#8723,#8724)),.UNSPECIFIED.,.F.,.F.,.F.,(4,
4),(4,1,2,2,1,2,4),(0.039987521805644,0.12),(0.0872664625997165,0.174532925199433,
0.261799387799149,0.654498469497873,0.74176493209759,0.829031394697306,
0.899419418784631),.UNSPECIFIED.);
#362=B_SPLINE_SURFACE_WITH_KNOTS('',3,3,((#8747,#8748,#8749,#8750,#8751,
#8752,#8753,#8754,#8755,#8756,#8757,#8758),(#8759,#8760,#8761,#8762,#8763,
#8764,#8765,#8766,#8767,#8768,#8769,#8770),(#8771,#8772,#8773,#8774,#8775,
#8776,#8777,#8778,#8779,#8780,#8781,#8782),(#8783,#8784,#8785,#8786,#8787,
#8788,#8789,#8790,#8791,#8792,#8793,#8794)),.UNSPECIFIED.,.F.,.F.,.F.,(4,
4),(4,1,2,2,1,2,4),(0.,0.259689040931625),(0.0872664625997165,0.174532925199433,
0.261799387799149,0.654498469497873,0.74176493209759,0.829031394697306,
0.916297857297023),.UNSPECIFIED.);
#363=B_SPLINE_SURFACE_WITH_KNOTS('',3,3,((#8810,#8811,#8812,#8813,#8814,
#8815,#8816,#8817,#8818,#8819,#8820,#8821),(#8822,#8823,#8824,#8825,#8826,
#8827,#8828,#8829,#8830,#8831,#8832,#8833),(#8834,#8835,#8836,#8837,#8838,
#8839,#8840,#8841,#8842,#8843,#8844,#8845),(#8846,#8847,#8848,#8849,#8850,
#8851,#8852,#8853,#8854,#8855,#8856,#8857)),.UNSPECIFIED.,.F.,.F.,.F.,(4,
4),(4,1,2,2,1,2,4),(0.,0.0800124781943561),(0.116641660420707,0.189220524109928,
0.261799387799149,0.654498469497873,0.74176493209759,0.829031394697306,
0.899419418784631),.UNSPECIFIED.);
#364=B_SPLINE_SURFACE_WITH_KNOTS('',3,3,((#8878,#8879,#8880,#8881),(#8882,
#8883,#8884,#8885),(#8886,#8887,#8888,#8889),(#8890,#8891,#8892,#8893),
(#8894,#8895,#8896,#8897)),.UNSPECIFIED.,.F.,.F.,.F.,(4,1,4),(4,4),(0.,
0.5,1.),(-0.000337510348722916,0.0800118637101501),.UNSPECIFIED.);
#365=B_SPLINE_SURFACE_WITH_KNOTS('',3,3,((#8921,#8922,#8923,#8924,#8925),
(#8926,#8927,#8928,#8929,#8930),(#8931,#8932,#8933,#8934,#8935),(#8936,
#8937,#8938,#8939,#8940),(#8941,#8942,#8943,#8944,#8945)),.UNSPECIFIED.,
 .F.,.F.,.F.,(4,1,4),(4,1,4),(0.,0.5,1.),(1.3384584982292E-16,0.0718068767147674,
0.125662034250843),.UNSPECIFIED.);
#366=B_SPLINE_SURFACE_WITH_KNOTS('',3,3,((#8955,#8956,#8957,#8958,#8959,
#8960,#8961,#8962,#8963,#8964,#8965,#8966),(#8967,#8968,#8969,#8970,#8971,
#8972,#8973,#8974,#8975,#8976,#8977,#8978),(#8979,#8980,#8981,#8982,#8983,
#8984,#8985,#8986,#8987,#8988,#8989,#8990),(#8991,#8992,#8993,#8994,#8995,
#8996,#8997,#8998,#8999,#9000,#9001,#9002),(#9003,#9004,#9005,#9006,#9007,
#9008,#9009,#9010,#9011,#9012,#9013,#9014)),.UNSPECIFIED.,.F.,.F.,.F.,(4,
1,4),(4,1,2,2,1,2,4),(0.,0.5,1.),(0.0398772018053847,0.21021012150984,0.380543041214295,
1.29632650000999,1.49372593429426,1.69112536857853,1.85096370186376),
 .UNSPECIFIED.);
#367=B_SPLINE_SURFACE_WITH_KNOTS('',3,3,((#9027,#9028,#9029,#9030),(#9031,
#9032,#9033,#9034),(#9035,#9036,#9037,#9038),(#9039,#9040,#9041,#9042),
(#9043,#9044,#9045,#9046)),.UNSPECIFIED.,.F.,.F.,.F.,(4,1,4),(4,4),(0.,
0.5,1.),(-0.000338183381992029,0.0800117948445318),.UNSPECIFIED.);
#368=B_SPLINE_SURFACE_WITH_KNOTS('',3,3,((#9090,#9091,#9092,#9093,#9094),
(#9095,#9096,#9097,#9098,#9099),(#9100,#9101,#9102,#9103,#9104),(#9105,
#9106,#9107,#9108,#9109),(#9110,#9111,#9112,#9113,#9114)),.UNSPECIFIED.,
 .F.,.F.,.F.,(4,1,4),(4,1,4),(0.,0.5,1.),(1.10657863523806E-16,0.053855158717921,
0.125662037008482),.UNSPECIFIED.);
#369=B_SPLINE_SURFACE_WITH_KNOTS('',3,3,((#9124,#9125,#9126,#9127,#9128),
(#9129,#9130,#9131,#9132,#9133),(#9134,#9135,#9136,#9137,#9138),(#9139,
#9140,#9141,#9142,#9143),(#9144,#9145,#9146,#9147,#9148)),.UNSPECIFIED.,
 .F.,.F.,.F.,(4,1,4),(4,1,4),(0.,0.5,1.),(8.16572889552861E-18,0.0538552536886198,
0.12566225860678),.UNSPECIFIED.);
#370=B_SPLINE_SURFACE_WITH_KNOTS('',3,3,((#9156,#9157,#9158,#9159,#9160,
#9161,#9162,#9163,#9164,#9165,#9166,#9167),(#9168,#9169,#9170,#9171,#9172,
#9173,#9174,#9175,#9176,#9177,#9178,#9179),(#9180,#9181,#9182,#9183,#9184,
#9185,#9186,#9187,#9188,#9189,#9190,#9191),(#9192,#9193,#9194,#9195,#9196,
#9197,#9198,#9199,#9200,#9201,#9202,#9203),(#9204,#9205,#9206,#9207,#9208,
#9209,#9210,#9211,#9212,#9213,#9214,#9215)),.UNSPECIFIED.,.F.,.F.,.F.,(4,
1,4),(4,2,1,2,2,1,4),(0.,0.5,1.),(0.0400030831985019,0.199840183111916,
0.404706596480164,0.609573009848412,1.52535565479127,1.72261675353444,1.91987785227762),
 .UNSPECIFIED.);
#371=B_SPLINE_SURFACE_WITH_KNOTS('',3,3,((#9249,#9250,#9251,#9252),(#9253,
#9254,#9255,#9256),(#9257,#9258,#9259,#9260),(#9261,#9262,#9263,#9264),
(#9265,#9266,#9267,#9268)),.UNSPECIFIED.,.F.,.F.,.F.,(4,1,4),(4,4),(0.,
0.5,1.),(0.0400062120243359,0.120355629071784),.UNSPECIFIED.);
#372=B_SPLINE_SURFACE_WITH_KNOTS('',3,3,((#9301,#9302,#9303,#9304,#9305,
#9306,#9307,#9308,#9309,#9310,#9311,#9312),(#9313,#9314,#9315,#9316,#9317,
#9318,#9319,#9320,#9321,#9322,#9323,#9324),(#9325,#9326,#9327,#9328,#9329,
#9330,#9331,#9332,#9333,#9334,#9335,#9336),(#9337,#9338,#9339,#9340,#9341,
#9342,#9343,#9344,#9345,#9346,#9347,#9348)),.UNSPECIFIED.,.F.,.F.,.F.,(4,
4),(4,1,2,2,1,2,4),(0.,0.080012478194356),(0.116641660420707,0.189220524109928,
0.261799387799149,0.654498469497873,0.74176493209759,0.829031394697306,
0.899419418784631),.UNSPECIFIED.);
#373=B_SPLINE_SURFACE_WITH_KNOTS('',3,3,((#9371,#9372,#9373,#9374,#9375,
#9376,#9377,#9378,#9379,#9380,#9381,#9382),(#9383,#9384,#9385,#9386,#9387,
#9388,#9389,#9390,#9391,#9392,#9393,#9394),(#9395,#9396,#9397,#9398,#9399,
#9400,#9401,#9402,#9403,#9404,#9405,#9406),(#9407,#9408,#9409,#9410,#9411,
#9412,#9413,#9414,#9415,#9416,#9417,#9418)),.UNSPECIFIED.,.F.,.F.,.F.,(4,
4),(4,1,2,2,1,2,4),(0.0399875218056438,0.12),(0.0872664625997165,0.174532925199433,
0.261799387799149,0.654498469497873,0.74176493209759,0.829031394697306,
0.899419418784631),.UNSPECIFIED.);
#374=B_SPLINE_SURFACE_WITH_KNOTS('',3,3,((#9435,#9436,#9437,#9438,#9439,
#9440,#9441,#9442,#9443,#9444,#9445,#9446),(#9447,#9448,#9449,#9450,#9451,
#9452,#9453,#9454,#9455,#9456,#9457,#9458),(#9459,#9460,#9461,#9462,#9463,
#9464,#9465,#9466,#9467,#9468,#9469,#9470),(#9471,#9472,#9473,#9474,#9475,
#9476,#9477,#9478,#9479,#9480,#9481,#9482)),.UNSPECIFIED.,.F.,.F.,.F.,(4,
4),(4,1,2,2,1,2,4),(0.,0.259689040931625),(0.0872664625997165,0.174532925199433,
0.261799387799149,0.654498469497873,0.74176493209759,0.829031394697306,
0.916297857297023),.UNSPECIFIED.);
#375=FACE_OUTER_BOUND('',#619,.T.);
#376=FACE_OUTER_BOUND('',#620,.T.);
#377=FACE_OUTER_BOUND('',#621,.T.);
#378=FACE_OUTER_BOUND('',#622,.T.);
#379=FACE_OUTER_BOUND('',#623,.T.);
#380=FACE_OUTER_BOUND('',#624,.T.);
#381=FACE_OUTER_BOUND('',#625,.T.);
#382=FACE_OUTER_BOUND('',#626,.T.);
#383=FACE_OUTER_BOUND('',#627,.T.);
#384=FACE_OUTER_BOUND('',#628,.T.);
#385=FACE_OUTER_BOUND('',#629,.T.);
#386=FACE_OUTER_BOUND('',#630,.T.);
#387=FACE_OUTER_BOUND('',#631,.T.);
#388=FACE_OUTER_BOUND('',#632,.T.);
#389=FACE_OUTER_BOUND('',#633,.T.);
#390=FACE_OUTER_BOUND('',#634,.T.);
#391=FACE_OUTER_BOUND('',#635,.T.);
#392=FACE_OUTER_BOUND('',#636,.T.);
#393=FACE_OUTER_BOUND('',#637,.T.);
#394=FACE_OUTER_BOUND('',#638,.T.);
#395=FACE_OUTER_BOUND('',#639,.T.);
#396=FACE_OUTER_BOUND('',#640,.T.);
#397=FACE_OUTER_BOUND('',#641,.T.);
#398=FACE_OUTER_BOUND('',#642,.T.);
#399=FACE_OUTER_BOUND('',#643,.T.);
#400=FACE_OUTER_BOUND('',#644,.T.);
#401=FACE_OUTER_BOUND('',#645,.T.);
#402=FACE_OUTER_BOUND('',#646,.T.);
#403=FACE_OUTER_BOUND('',#647,.T.);
#404=FACE_OUTER_BOUND('',#648,.T.);
#405=FACE_OUTER_BOUND('',#649,.T.);
#406=FACE_OUTER_BOUND('',#650,.T.);
#407=FACE_OUTER_BOUND('',#651,.T.);
#408=FACE_OUTER_BOUND('',#652,.T.);
#409=FACE_OUTER_BOUND('',#653,.T.);
#410=FACE_OUTER_BOUND('',#654,.T.);
#411=FACE_OUTER_BOUND('',#655,.T.);
#412=FACE_OUTER_BOUND('',#656,.T.);
#413=FACE_OUTER_BOUND('',#657,.T.);
#414=FACE_OUTER_BOUND('',#658,.T.);
#415=FACE_OUTER_BOUND('',#659,.T.);
#416=FACE_OUTER_BOUND('',#660,.T.);
#417=FACE_OUTER_BOUND('',#661,.T.);
#418=FACE_OUTER_BOUND('',#662,.T.);
#419=FACE_OUTER_BOUND('',#663,.T.);
#420=FACE_OUTER_BOUND('',#664,.T.);
#421=FACE_OUTER_BOUND('',#665,.T.);
#422=FACE_OUTER_BOUND('',#666,.T.);
#423=FACE_OUTER_BOUND('',#667,.T.);
#424=FACE_OUTER_BOUND('',#668,.T.);
#425=FACE_OUTER_BOUND('',#669,.T.);
#426=FACE_OUTER_BOUND('',#670,.T.);
#427=FACE_OUTER_BOUND('',#671,.T.);
#428=FACE_OUTER_BOUND('',#672,.T.);
#429=FACE_OUTER_BOUND('',#673,.T.);
#430=FACE_OUTER_BOUND('',#674,.T.);
#431=FACE_OUTER_BOUND('',#675,.T.);
#432=FACE_OUTER_BOUND('',#676,.T.);
#433=FACE_OUTER_BOUND('',#677,.T.);
#434=FACE_OUTER_BOUND('',#678,.T.);
#435=FACE_OUTER_BOUND('',#679,.T.);
#436=FACE_OUTER_BOUND('',#680,.T.);
#437=FACE_OUTER_BOUND('',#681,.T.);
#438=FACE_OUTER_BOUND('',#682,.T.);
#439=FACE_OUTER_BOUND('',#683,.T.);
#440=FACE_OUTER_BOUND('',#684,.T.);
#441=FACE_OUTER_BOUND('',#685,.T.);
#442=FACE_OUTER_BOUND('',#686,.T.);
#443=FACE_OUTER_BOUND('',#687,.T.);
#444=FACE_OUTER_BOUND('',#688,.T.);
#445=FACE_OUTER_BOUND('',#689,.T.);
#446=FACE_OUTER_BOUND('',#690,.T.);
#447=FACE_OUTER_BOUND('',#691,.T.);
#448=FACE_OUTER_BOUND('',#692,.T.);
#449=FACE_OUTER_BOUND('',#693,.T.);
#450=FACE_OUTER_BOUND('',#694,.T.);
#451=FACE_OUTER_BOUND('',#695,.T.);
#452=FACE_OUTER_BOUND('',#696,.T.);
#453=FACE_OUTER_BOUND('',#697,.T.);
#454=FACE_OUTER_BOUND('',#698,.T.);
#455=FACE_OUTER_BOUND('',#699,.T.);
#456=FACE_OUTER_BOUND('',#700,.T.);
#457=FACE_OUTER_BOUND('',#701,.T.);
#458=FACE_OUTER_BOUND('',#702,.T.);
#459=FACE_OUTER_BOUND('',#703,.T.);
#460=FACE_OUTER_BOUND('',#704,.T.);
#461=FACE_OUTER_BOUND('',#705,.T.);
#462=FACE_OUTER_BOUND('',#706,.T.);
#463=FACE_OUTER_BOUND('',#707,.T.);
#464=FACE_OUTER_BOUND('',#708,.T.);
#465=FACE_OUTER_BOUND('',#709,.T.);
#466=FACE_OUTER_BOUND('',#710,.T.);
#467=FACE_OUTER_BOUND('',#711,.T.);
#468=FACE_OUTER_BOUND('',#712,.T.);
#469=FACE_OUTER_BOUND('',#713,.T.);
#470=FACE_OUTER_BOUND('',#714,.T.);
#471=FACE_OUTER_BOUND('',#715,.T.);
#472=FACE_OUTER_BOUND('',#716,.T.);
#473=FACE_OUTER_BOUND('',#718,.T.);
#474=FACE_OUTER_BOUND('',#719,.T.);
#475=FACE_OUTER_BOUND('',#720,.T.);
#476=FACE_OUTER_BOUND('',#721,.T.);
#477=FACE_OUTER_BOUND('',#722,.T.);
#478=FACE_OUTER_BOUND('',#723,.T.);
#479=FACE_OUTER_BOUND('',#725,.T.);
#480=FACE_OUTER_BOUND('',#726,.T.);
#481=FACE_OUTER_BOUND('',#727,.T.);
#482=FACE_OUTER_BOUND('',#728,.T.);
#483=FACE_OUTER_BOUND('',#729,.T.);
#484=FACE_OUTER_BOUND('',#730,.T.);
#485=FACE_OUTER_BOUND('',#732,.T.);
#486=FACE_OUTER_BOUND('',#733,.T.);
#487=FACE_OUTER_BOUND('',#734,.T.);
#488=FACE_OUTER_BOUND('',#735,.T.);
#489=FACE_OUTER_BOUND('',#736,.T.);
#490=FACE_OUTER_BOUND('',#737,.T.);
#491=FACE_OUTER_BOUND('',#739,.T.);
#492=FACE_OUTER_BOUND('',#740,.T.);
#493=FACE_OUTER_BOUND('',#741,.T.);
#494=FACE_OUTER_BOUND('',#742,.T.);
#495=FACE_OUTER_BOUND('',#743,.T.);
#496=FACE_OUTER_BOUND('',#744,.T.);
#497=FACE_OUTER_BOUND('',#746,.T.);
#498=FACE_OUTER_BOUND('',#747,.T.);
#499=FACE_OUTER_BOUND('',#748,.T.);
#500=FACE_OUTER_BOUND('',#749,.T.);
#501=FACE_OUTER_BOUND('',#750,.T.);
#502=FACE_OUTER_BOUND('',#751,.T.);
#503=FACE_OUTER_BOUND('',#752,.T.);
#504=FACE_OUTER_BOUND('',#753,.T.);
#505=FACE_OUTER_BOUND('',#754,.T.);
#506=FACE_OUTER_BOUND('',#755,.T.);
#507=FACE_OUTER_BOUND('',#756,.T.);
#508=FACE_OUTER_BOUND('',#757,.T.);
#509=FACE_OUTER_BOUND('',#758,.T.);
#510=FACE_OUTER_BOUND('',#759,.T.);
#511=FACE_OUTER_BOUND('',#760,.T.);
#512=FACE_OUTER_BOUND('',#761,.T.);
#513=FACE_OUTER_BOUND('',#762,.T.);
#514=FACE_OUTER_BOUND('',#763,.T.);
#515=FACE_OUTER_BOUND('',#764,.T.);
#516=FACE_OUTER_BOUND('',#765,.T.);
#517=FACE_OUTER_BOUND('',#766,.T.);
#518=FACE_OUTER_BOUND('',#767,.T.);
#519=FACE_OUTER_BOUND('',#768,.T.);
#520=FACE_OUTER_BOUND('',#769,.T.);
#521=FACE_OUTER_BOUND('',#770,.T.);
#522=FACE_OUTER_BOUND('',#771,.T.);
#523=FACE_OUTER_BOUND('',#772,.T.);
#524=FACE_OUTER_BOUND('',#773,.T.);
#525=FACE_OUTER_BOUND('',#774,.T.);
#526=FACE_OUTER_BOUND('',#775,.T.);
#527=FACE_OUTER_BOUND('',#776,.T.);
#528=FACE_OUTER_BOUND('',#777,.T.);
#529=FACE_OUTER_BOUND('',#778,.T.);
#530=FACE_OUTER_BOUND('',#779,.T.);
#531=FACE_OUTER_BOUND('',#781,.T.);
#532=FACE_OUTER_BOUND('',#782,.T.);
#533=FACE_OUTER_BOUND('',#783,.T.);
#534=FACE_OUTER_BOUND('',#785,.T.);
#535=FACE_OUTER_BOUND('',#786,.T.);
#536=FACE_OUTER_BOUND('',#787,.T.);
#537=FACE_OUTER_BOUND('',#789,.T.);
#538=FACE_OUTER_BOUND('',#790,.T.);
#539=FACE_OUTER_BOUND('',#791,.T.);
#540=FACE_OUTER_BOUND('',#792,.T.);
#541=FACE_OUTER_BOUND('',#793,.T.);
#542=FACE_OUTER_BOUND('',#794,.T.);
#543=FACE_OUTER_BOUND('',#795,.T.);
#544=FACE_OUTER_BOUND('',#796,.T.);
#545=FACE_OUTER_BOUND('',#797,.T.);
#546=FACE_OUTER_BOUND('',#798,.T.);
#547=FACE_OUTER_BOUND('',#799,.T.);
#548=FACE_OUTER_BOUND('',#800,.T.);
#549=FACE_OUTER_BOUND('',#808,.T.);
#550=FACE_OUTER_BOUND('',#809,.T.);
#551=FACE_OUTER_BOUND('',#810,.T.);
#552=FACE_OUTER_BOUND('',#811,.T.);
#553=FACE_OUTER_BOUND('',#812,.T.);
#554=FACE_OUTER_BOUND('',#813,.T.);
#555=FACE_OUTER_BOUND('',#814,.T.);
#556=FACE_OUTER_BOUND('',#815,.T.);
#557=FACE_OUTER_BOUND('',#816,.T.);
#558=FACE_OUTER_BOUND('',#817,.T.);
#559=FACE_OUTER_BOUND('',#818,.T.);
#560=FACE_OUTER_BOUND('',#819,.T.);
#561=FACE_OUTER_BOUND('',#820,.T.);
#562=FACE_OUTER_BOUND('',#821,.T.);
#563=FACE_OUTER_BOUND('',#822,.T.);
#564=FACE_OUTER_BOUND('',#823,.T.);
#565=FACE_OUTER_BOUND('',#824,.T.);
#566=FACE_OUTER_BOUND('',#825,.T.);
#567=FACE_OUTER_BOUND('',#826,.T.);
#568=FACE_OUTER_BOUND('',#827,.T.);
#569=FACE_OUTER_BOUND('',#828,.T.);
#570=FACE_OUTER_BOUND('',#829,.T.);
#571=FACE_OUTER_BOUND('',#830,.T.);
#572=FACE_OUTER_BOUND('',#831,.T.);
#573=FACE_OUTER_BOUND('',#832,.T.);
#574=FACE_OUTER_BOUND('',#833,.T.);
#575=FACE_OUTER_BOUND('',#834,.T.);
#576=FACE_OUTER_BOUND('',#835,.T.);
#577=FACE_OUTER_BOUND('',#836,.T.);
#578=FACE_OUTER_BOUND('',#837,.T.);
#579=FACE_OUTER_BOUND('',#838,.T.);
#580=FACE_OUTER_BOUND('',#839,.T.);
#581=FACE_OUTER_BOUND('',#840,.T.);
#582=FACE_OUTER_BOUND('',#841,.T.);
#583=FACE_OUTER_BOUND('',#842,.T.);
#584=FACE_OUTER_BOUND('',#843,.T.);
#585=FACE_OUTER_BOUND('',#844,.T.);
#586=FACE_OUTER_BOUND('',#845,.T.);
#587=FACE_OUTER_BOUND('',#846,.T.);
#588=FACE_OUTER_BOUND('',#847,.T.);
#589=FACE_OUTER_BOUND('',#848,.T.);
#590=FACE_OUTER_BOUND('',#849,.T.);
#591=FACE_OUTER_BOUND('',#850,.T.);
#592=FACE_OUTER_BOUND('',#851,.T.);
#593=FACE_OUTER_BOUND('',#852,.T.);
#594=FACE_OUTER_BOUND('',#853,.T.);
#595=FACE_OUTER_BOUND('',#854,.T.);
#596=FACE_OUTER_BOUND('',#855,.T.);
#597=FACE_OUTER_BOUND('',#856,.T.);
#598=FACE_OUTER_BOUND('',#857,.T.);
#599=FACE_OUTER_BOUND('',#858,.T.);
#600=FACE_OUTER_BOUND('',#859,.T.);
#601=FACE_OUTER_BOUND('',#860,.T.);
#602=FACE_OUTER_BOUND('',#861,.T.);
#603=FACE_OUTER_BOUND('',#862,.T.);
#604=FACE_OUTER_BOUND('',#863,.T.);
#605=FACE_OUTER_BOUND('',#864,.T.);
#606=FACE_OUTER_BOUND('',#865,.T.);
#607=FACE_OUTER_BOUND('',#866,.T.);
#608=FACE_OUTER_BOUND('',#867,.T.);
#609=FACE_OUTER_BOUND('',#868,.T.);
#610=FACE_OUTER_BOUND('',#869,.T.);
#611=FACE_OUTER_BOUND('',#870,.T.);
#612=FACE_OUTER_BOUND('',#871,.T.);
#613=FACE_OUTER_BOUND('',#872,.T.);
#614=FACE_OUTER_BOUND('',#873,.T.);
#615=FACE_OUTER_BOUND('',#874,.T.);
#616=FACE_OUTER_BOUND('',#875,.T.);
#617=FACE_OUTER_BOUND('',#876,.T.);
#618=FACE_OUTER_BOUND('',#877,.T.);
#619=EDGE_LOOP('',(#2474,#2475,#2476,#2477));
#620=EDGE_LOOP('',(#2478,#2479,#2480,#2481,#2482));
#621=EDGE_LOOP('',(#2483,#2484,#2485,#2486,#2487,#2488));
#622=EDGE_LOOP('',(#2489,#2490,#2491,#2492));
#623=EDGE_LOOP('',(#2493,#2494,#2495,#2496,#2497,#2498,#2499));
#624=EDGE_LOOP('',(#2500,#2501,#2502,#2503));
#625=EDGE_LOOP('',(#2504,#2505,#2506,#2507,#2508));
#626=EDGE_LOOP('',(#2509,#2510,#2511,#2512));
#627=EDGE_LOOP('',(#2513,#2514,#2515));
#628=EDGE_LOOP('',(#2516,#2517,#2518,#2519,#2520));
#629=EDGE_LOOP('',(#2521,#2522,#2523));
#630=EDGE_LOOP('',(#2524,#2525,#2526,#2527,#2528));
#631=EDGE_LOOP('',(#2529,#2530,#2531,#2532));
#632=EDGE_LOOP('',(#2533,#2534,#2535,#2536));
#633=EDGE_LOOP('',(#2537,#2538,#2539,#2540));
#634=EDGE_LOOP('',(#2541,#2542,#2543,#2544));
#635=EDGE_LOOP('',(#2545,#2546,#2547,#2548,#2549,#2550,#2551,#2552,#2553,
#2554,#2555,#2556,#2557,#2558,#2559,#2560,#2561,#2562,#2563,#2564,#2565,
#2566,#2567,#2568,#2569,#2570,#2571,#2572,#2573,#2574,#2575,#2576,#2577,
#2578,#2579,#2580,#2581,#2582,#2583,#2584,#2585,#2586,#2587,#2588,#2589,
#2590,#2591,#2592,#2593,#2594,#2595,#2596,#2597));
#636=EDGE_LOOP('',(#2598,#2599,#2600,#2601));
#637=EDGE_LOOP('',(#2602,#2603,#2604,#2605));
#638=EDGE_LOOP('',(#2606,#2607,#2608,#2609));
#639=EDGE_LOOP('',(#2610,#2611,#2612,#2613));
#640=EDGE_LOOP('',(#2614,#2615,#2616,#2617,#2618));
#641=EDGE_LOOP('',(#2619,#2620,#2621,#2622,#2623,#2624));
#642=EDGE_LOOP('',(#2625,#2626,#2627,#2628));
#643=EDGE_LOOP('',(#2629,#2630,#2631,#2632,#2633,#2634,#2635));
#644=EDGE_LOOP('',(#2636,#2637,#2638,#2639));
#645=EDGE_LOOP('',(#2640,#2641,#2642,#2643,#2644));
#646=EDGE_LOOP('',(#2645,#2646,#2647,#2648));
#647=EDGE_LOOP('',(#2649,#2650,#2651));
#648=EDGE_LOOP('',(#2652,#2653,#2654,#2655,#2656));
#649=EDGE_LOOP('',(#2657,#2658,#2659));
#650=EDGE_LOOP('',(#2660,#2661,#2662,#2663,#2664));
#651=EDGE_LOOP('',(#2665,#2666,#2667,#2668));
#652=EDGE_LOOP('',(#2669,#2670,#2671,#2672));
#653=EDGE_LOOP('',(#2673,#2674,#2675,#2676));
#654=EDGE_LOOP('',(#2677,#2678,#2679,#2680));
#655=EDGE_LOOP('',(#2681,#2682,#2683,#2684));
#656=EDGE_LOOP('',(#2685,#2686,#2687,#2688));
#657=EDGE_LOOP('',(#2689,#2690,#2691,#2692));
#658=EDGE_LOOP('',(#2693,#2694,#2695,#2696));
#659=EDGE_LOOP('',(#2697,#2698,#2699,#2700,#2701));
#660=EDGE_LOOP('',(#2702,#2703,#2704,#2705,#2706,#2707));
#661=EDGE_LOOP('',(#2708,#2709,#2710,#2711));
#662=EDGE_LOOP('',(#2712,#2713,#2714,#2715,#2716,#2717,#2718));
#663=EDGE_LOOP('',(#2719,#2720,#2721,#2722));
#664=EDGE_LOOP('',(#2723,#2724,#2725,#2726,#2727));
#665=EDGE_LOOP('',(#2728,#2729,#2730,#2731));
#666=EDGE_LOOP('',(#2732,#2733,#2734));
#667=EDGE_LOOP('',(#2735,#2736,#2737,#2738,#2739));
#668=EDGE_LOOP('',(#2740,#2741,#2742));
#669=EDGE_LOOP('',(#2743,#2744,#2745,#2746,#2747));
#670=EDGE_LOOP('',(#2748,#2749,#2750,#2751));
#671=EDGE_LOOP('',(#2752,#2753,#2754,#2755));
#672=EDGE_LOOP('',(#2756,#2757,#2758,#2759));
#673=EDGE_LOOP('',(#2760,#2761,#2762,#2763));
#674=EDGE_LOOP('',(#2764,#2765,#2766,#2767));
#675=EDGE_LOOP('',(#2768,#2769,#2770,#2771));
#676=EDGE_LOOP('',(#2772,#2773,#2774,#2775));
#677=EDGE_LOOP('',(#2776,#2777,#2778,#2779));
#678=EDGE_LOOP('',(#2780,#2781,#2782,#2783,#2784));
#679=EDGE_LOOP('',(#2785,#2786,#2787,#2788,#2789,#2790));
#680=EDGE_LOOP('',(#2791,#2792,#2793,#2794));
#681=EDGE_LOOP('',(#2795,#2796,#2797,#2798,#2799,#2800,#2801));
#682=EDGE_LOOP('',(#2802,#2803,#2804,#2805));
#683=EDGE_LOOP('',(#2806,#2807,#2808,#2809,#2810));
#684=EDGE_LOOP('',(#2811,#2812,#2813,#2814));
#685=EDGE_LOOP('',(#2815,#2816,#2817));
#686=EDGE_LOOP('',(#2818,#2819,#2820,#2821,#2822));
#687=EDGE_LOOP('',(#2823,#2824,#2825));
#688=EDGE_LOOP('',(#2826,#2827,#2828,#2829,#2830));
#689=EDGE_LOOP('',(#2831,#2832,#2833,#2834));
#690=EDGE_LOOP('',(#2835,#2836,#2837,#2838));
#691=EDGE_LOOP('',(#2839,#2840,#2841,#2842));
#692=EDGE_LOOP('',(#2843,#2844,#2845,#2846));
#693=EDGE_LOOP('',(#2847,#2848,#2849,#2850));
#694=EDGE_LOOP('',(#2851,#2852,#2853,#2854));
#695=EDGE_LOOP('',(#2855,#2856,#2857,#2858));
#696=EDGE_LOOP('',(#2859,#2860,#2861,#2862));
#697=EDGE_LOOP('',(#2863,#2864,#2865,#2866,#2867));
#698=EDGE_LOOP('',(#2868,#2869,#2870,#2871,#2872,#2873));
#699=EDGE_LOOP('',(#2874,#2875,#2876,#2877));
#700=EDGE_LOOP('',(#2878,#2879,#2880,#2881,#2882,#2883,#2884));
#701=EDGE_LOOP('',(#2885,#2886,#2887,#2888));
#702=EDGE_LOOP('',(#2889,#2890,#2891,#2892,#2893));
#703=EDGE_LOOP('',(#2894,#2895,#2896,#2897));
#704=EDGE_LOOP('',(#2898,#2899,#2900));
#705=EDGE_LOOP('',(#2901,#2902,#2903,#2904,#2905));
#706=EDGE_LOOP('',(#2906,#2907,#2908));
#707=EDGE_LOOP('',(#2909,#2910,#2911,#2912,#2913));
#708=EDGE_LOOP('',(#2914,#2915,#2916,#2917));
#709=EDGE_LOOP('',(#2918,#2919,#2920,#2921));
#710=EDGE_LOOP('',(#2922,#2923,#2924,#2925));
#711=EDGE_LOOP('',(#2926,#2927,#2928,#2929));
#712=EDGE_LOOP('',(#2930,#2931,#2932,#2933));
#713=EDGE_LOOP('',(#2934,#2935,#2936,#2937));
#714=EDGE_LOOP('',(#2938,#2939,#2940,#2941));
#715=EDGE_LOOP('',(#2942,#2943,#2944));
#716=EDGE_LOOP('',(#2945,#2946,#2947,#2948,#2949,#2950,#2951));
#717=EDGE_LOOP('',(#2952));
#718=EDGE_LOOP('',(#2953,#2954,#2955));
#719=EDGE_LOOP('',(#2956,#2957,#2958,#2959,#2960,#2961));
#720=EDGE_LOOP('',(#2962,#2963,#2964,#2965));
#721=EDGE_LOOP('',(#2966,#2967,#2968,#2969));
#722=EDGE_LOOP('',(#2970,#2971,#2972));
#723=EDGE_LOOP('',(#2973,#2974,#2975,#2976,#2977,#2978,#2979));
#724=EDGE_LOOP('',(#2980));
#725=EDGE_LOOP('',(#2981,#2982,#2983));
#726=EDGE_LOOP('',(#2984,#2985,#2986,#2987,#2988,#2989));
#727=EDGE_LOOP('',(#2990,#2991,#2992,#2993));
#728=EDGE_LOOP('',(#2994,#2995,#2996,#2997));
#729=EDGE_LOOP('',(#2998,#2999,#3000));
#730=EDGE_LOOP('',(#3001,#3002,#3003,#3004,#3005,#3006,#3007));
#731=EDGE_LOOP('',(#3008));
#732=EDGE_LOOP('',(#3009,#3010,#3011));
#733=EDGE_LOOP('',(#3012,#3013,#3014,#3015,#3016,#3017));
#734=EDGE_LOOP('',(#3018,#3019,#3020,#3021));
#735=EDGE_LOOP('',(#3022,#3023,#3024,#3025));
#736=EDGE_LOOP('',(#3026,#3027,#3028));
#737=EDGE_LOOP('',(#3029,#3030,#3031,#3032,#3033,#3034,#3035));
#738=EDGE_LOOP('',(#3036));
#739=EDGE_LOOP('',(#3037,#3038,#3039));
#740=EDGE_LOOP('',(#3040,#3041,#3042,#3043,#3044,#3045));
#741=EDGE_LOOP('',(#3046,#3047,#3048,#3049));
#742=EDGE_LOOP('',(#3050,#3051,#3052,#3053));
#743=EDGE_LOOP('',(#3054,#3055,#3056));
#744=EDGE_LOOP('',(#3057,#3058,#3059,#3060,#3061,#3062,#3063));
#745=EDGE_LOOP('',(#3064));
#746=EDGE_LOOP('',(#3065,#3066,#3067));
#747=EDGE_LOOP('',(#3068,#3069,#3070,#3071,#3072,#3073));
#748=EDGE_LOOP('',(#3074,#3075,#3076,#3077));
#749=EDGE_LOOP('',(#3078,#3079,#3080,#3081));
#750=EDGE_LOOP('',(#3082,#3083,#3084,#3085,#3086,#3087,#3088,#3089));
#751=EDGE_LOOP('',(#3090,#3091,#3092,#3093,#3094,#3095,#3096,#3097,#3098));
#752=EDGE_LOOP('',(#3099,#3100,#3101,#3102,#3103,#3104,#3105,#3106));
#753=EDGE_LOOP('',(#3107,#3108,#3109,#3110,#3111,#3112,#3113,#3114));
#754=EDGE_LOOP('',(#3115,#3116,#3117,#3118,#3119,#3120,#3121,#3122,#3123));
#755=EDGE_LOOP('',(#3124,#3125,#3126,#3127,#3128,#3129,#3130,#3131));
#756=EDGE_LOOP('',(#3132,#3133,#3134,#3135));
#757=EDGE_LOOP('',(#3136,#3137,#3138,#3139,#3140));
#758=EDGE_LOOP('',(#3141,#3142,#3143,#3144,#3145,#3146));
#759=EDGE_LOOP('',(#3147,#3148,#3149,#3150));
#760=EDGE_LOOP('',(#3151,#3152,#3153,#3154,#3155,#3156,#3157));
#761=EDGE_LOOP('',(#3158,#3159,#3160,#3161));
#762=EDGE_LOOP('',(#3162,#3163,#3164,#3165,#3166));
#763=EDGE_LOOP('',(#3167,#3168,#3169,#3170));
#764=EDGE_LOOP('',(#3171,#3172,#3173));
#765=EDGE_LOOP('',(#3174,#3175,#3176,#3177));
#766=EDGE_LOOP('',(#3178,#3179,#3180,#3181,#3182));
#767=EDGE_LOOP('',(#3183,#3184,#3185));
#768=EDGE_LOOP('',(#3186,#3187,#3188,#3189));
#769=EDGE_LOOP('',(#3190,#3191,#3192,#3193,#3194));
#770=EDGE_LOOP('',(#3195,#3196,#3197,#3198));
#771=EDGE_LOOP('',(#3199,#3200,#3201,#3202));
#772=EDGE_LOOP('',(#3203,#3204,#3205,#3206));
#773=EDGE_LOOP('',(#3207,#3208,#3209,#3210));
#774=EDGE_LOOP('',(#3211,#3212,#3213,#3214));
#775=EDGE_LOOP('',(#3215,#3216,#3217,#3218));
#776=EDGE_LOOP('',(#3219,#3220,#3221));
#777=EDGE_LOOP('',(#3222,#3223,#3224));
#778=EDGE_LOOP('',(#3225,#3226,#3227,#3228,#3229,#3230));
#779=EDGE_LOOP('',(#3231,#3232,#3233,#3234,#3235,#3236,#3237));
#780=EDGE_LOOP('',(#3238));
#781=EDGE_LOOP('',(#3239,#3240,#3241,#3242));
#782=EDGE_LOOP('',(#3243,#3244,#3245,#3246,#3247));
#783=EDGE_LOOP('',(#3248));
#784=EDGE_LOOP('',(#3249,#3250,#3251,#3252,#3253,#3254,#3255,#3256,#3257,
#3258,#3259,#3260));
#785=EDGE_LOOP('',(#3261,#3262,#3263,#3264,#3265));
#786=EDGE_LOOP('',(#3266,#3267,#3268,#3269,#3270,#3271));
#787=EDGE_LOOP('',(#3272));
#788=EDGE_LOOP('',(#3273));
#789=EDGE_LOOP('',(#3274,#3275,#3276,#3277,#3278,#3279));
#790=EDGE_LOOP('',(#3280,#3281,#3282,#3283,#3284));
#791=EDGE_LOOP('',(#3285,#3286,#3287,#3288,#3289));
#792=EDGE_LOOP('',(#3290,#3291,#3292,#3293,#3294,#3295,#3296,#3297,#3298,
#3299,#3300,#3301,#3302,#3303,#3304,#3305,#3306,#3307,#3308,#3309,#3310,
#3311,#3312,#3313,#3314,#3315,#3316,#3317,#3318,#3319,#3320,#3321,#3322,
#3323));
#793=EDGE_LOOP('',(#3324,#3325,#3326,#3327,#3328,#3329,#3330));
#794=EDGE_LOOP('',(#3331,#3332,#3333,#3334,#3335));
#795=EDGE_LOOP('',(#3336,#3337,#3338,#3339,#3340));
#796=EDGE_LOOP('',(#3341,#3342,#3343,#3344,#3345,#3346));
#797=EDGE_LOOP('',(#3347,#3348,#3349,#3350,#3351));
#798=EDGE_LOOP('',(#3352,#3353,#3354,#3355,#3356));
#799=EDGE_LOOP('',(#3357,#3358,#3359,#3360,#3361));
#800=EDGE_LOOP('',(#3362));
#801=EDGE_LOOP('',(#3363));
#802=EDGE_LOOP('',(#3364));
#803=EDGE_LOOP('',(#3365));
#804=EDGE_LOOP('',(#3366));
#805=EDGE_LOOP('',(#3367));
#806=EDGE_LOOP('',(#3368));
#807=EDGE_LOOP('',(#3369));
#808=EDGE_LOOP('',(#3370,#3371,#3372));
#809=EDGE_LOOP('',(#3373,#3374,#3375,#3376,#3377));
#810=EDGE_LOOP('',(#3378,#3379,#3380,#3381,#3382));
#811=EDGE_LOOP('',(#3383,#3384,#3385,#3386));
#812=EDGE_LOOP('',(#3387,#3388,#3389,#3390));
#813=EDGE_LOOP('',(#3391,#3392,#3393,#3394));
#814=EDGE_LOOP('',(#3395,#3396,#3397,#3398));
#815=EDGE_LOOP('',(#3399,#3400,#3401,#3402));
#816=EDGE_LOOP('',(#3403,#3404,#3405,#3406));
#817=EDGE_LOOP('',(#3407,#3408,#3409,#3410));
#818=EDGE_LOOP('',(#3411,#3412,#3413,#3414));
#819=EDGE_LOOP('',(#3415,#3416,#3417,#3418));
#820=EDGE_LOOP('',(#3419,#3420,#3421,#3422));
#821=EDGE_LOOP('',(#3423,#3424,#3425,#3426));
#822=EDGE_LOOP('',(#3427,#3428,#3429,#3430));
#823=EDGE_LOOP('',(#3431,#3432,#3433,#3434));
#824=EDGE_LOOP('',(#3435,#3436,#3437,#3438));
#825=EDGE_LOOP('',(#3439,#3440,#3441,#3442,#3443,#3444,#3445,#3446));
#826=EDGE_LOOP('',(#3447,#3448,#3449,#3450));
#827=EDGE_LOOP('',(#3451,#3452,#3453));
#828=EDGE_LOOP('',(#3454,#3455,#3456,#3457,#3458));
#829=EDGE_LOOP('',(#3459,#3460,#3461,#3462,#3463));
#830=EDGE_LOOP('',(#3464,#3465,#3466,#3467));
#831=EDGE_LOOP('',(#3468,#3469,#3470,#3471));
#832=EDGE_LOOP('',(#3472,#3473,#3474,#3475));
#833=EDGE_LOOP('',(#3476,#3477,#3478,#3479));
#834=EDGE_LOOP('',(#3480,#3481,#3482,#3483));
#835=EDGE_LOOP('',(#3484,#3485,#3486,#3487));
#836=EDGE_LOOP('',(#3488,#3489,#3490,#3491));
#837=EDGE_LOOP('',(#3492,#3493,#3494,#3495));
#838=EDGE_LOOP('',(#3496,#3497,#3498,#3499));
#839=EDGE_LOOP('',(#3500,#3501,#3502,#3503));
#840=EDGE_LOOP('',(#3504,#3505,#3506,#3507));
#841=EDGE_LOOP('',(#3508,#3509,#3510,#3511));
#842=EDGE_LOOP('',(#3512,#3513,#3514,#3515));
#843=EDGE_LOOP('',(#3516,#3517,#3518,#3519));
#844=EDGE_LOOP('',(#3520,#3521,#3522,#3523,#3524,#3525,#3526,#3527));
#845=EDGE_LOOP('',(#3528,#3529,#3530,#3531));
#846=EDGE_LOOP('',(#3532,#3533,#3534,#3535));
#847=EDGE_LOOP('',(#3536,#3537,#3538,#3539));
#848=EDGE_LOOP('',(#3540,#3541,#3542,#3543,#3544,#3545,#3546));
#849=EDGE_LOOP('',(#3547,#3548,#3549,#3550));
#850=EDGE_LOOP('',(#3551,#3552,#3553,#3554));
#851=EDGE_LOOP('',(#3555,#3556,#3557,#3558));
#852=EDGE_LOOP('',(#3559,#3560,#3561,#3562,#3563,#3564,#3565));
#853=EDGE_LOOP('',(#3566,#3567,#3568,#3569));
#854=EDGE_LOOP('',(#3570,#3571,#3572));
#855=EDGE_LOOP('',(#3573,#3574,#3575,#3576));
#856=EDGE_LOOP('',(#3577,#3578,#3579,#3580));
#857=EDGE_LOOP('',(#3581,#3582,#3583,#3584));
#858=EDGE_LOOP('',(#3585,#3586,#3587,#3588));
#859=EDGE_LOOP('',(#3589,#3590,#3591,#3592));
#860=EDGE_LOOP('',(#3593,#3594,#3595,#3596));
#861=EDGE_LOOP('',(#3597,#3598,#3599,#3600));
#862=EDGE_LOOP('',(#3601,#3602,#3603,#3604));
#863=EDGE_LOOP('',(#3605,#3606,#3607,#3608));
#864=EDGE_LOOP('',(#3609,#3610,#3611,#3612));
#865=EDGE_LOOP('',(#3613,#3614,#3615,#3616));
#866=EDGE_LOOP('',(#3617,#3618,#3619,#3620));
#867=EDGE_LOOP('',(#3621,#3622,#3623,#3624,#3625));
#868=EDGE_LOOP('',(#3626,#3627,#3628,#3629,#3630));
#869=EDGE_LOOP('',(#3631,#3632,#3633,#3634));
#870=EDGE_LOOP('',(#3635,#3636,#3637,#3638));
#871=EDGE_LOOP('',(#3639,#3640,#3641,#3642));
#872=EDGE_LOOP('',(#3643,#3644,#3645,#3646,#3647,#3648,#3649));
#873=EDGE_LOOP('',(#3650,#3651,#3652,#3653));
#874=EDGE_LOOP('',(#3654,#3655,#3656,#3657,#3658,#3659,#3660,#3661));
#875=EDGE_LOOP('',(#3662,#3663,#3664,#3665));
#876=EDGE_LOOP('',(#3666,#3667,#3668,#3669));
#877=EDGE_LOOP('',(#3670,#3671,#3672,#3673,#3674,#3675,#3676,#3677,#3678,
#3679,#3680,#3681,#3682,#3683,#3684,#3685));
#878=CIRCLE('',#4027,0.015748031496063);
#879=CIRCLE('',#4032,1.06692913385827);
#880=CIRCLE('',#4033,0.078740157480315);
#881=CIRCLE('',#4034,1.06692913385827);
#882=CIRCLE('',#4037,0.015748031496063);
#883=CIRCLE('',#4039,0.015748031496063);
#884=CIRCLE('',#4040,1.08267716535433);
#885=CIRCLE('',#4042,0.0157480314960631);
#886=CIRCLE('',#4043,0.015748031496063);
#887=CIRCLE('',#4044,0.015748031496063);
#888=CIRCLE('',#4046,0.015748031496063);
#889=CIRCLE('',#4048,0.015748031496063);
#890=CIRCLE('',#4049,0.015748031496063);
#891=CIRCLE('',#4051,0.015748031496063);
#892=CIRCLE('',#4053,0.062992125984252);
#893=CIRCLE('',#4055,1.08267716535433);
#894=CIRCLE('',#4056,1.06692913385827);
#895=CIRCLE('',#4058,1.08267716535433);
#896=CIRCLE('',#4060,0.062992125984252);
#897=CIRCLE('',#4062,1.08267716535433);
#898=CIRCLE('',#4063,1.08267716535433);
#899=CIRCLE('',#4064,1.08267716535433);
#900=CIRCLE('',#4065,1.08267716535433);
#901=CIRCLE('',#4066,1.08267716535433);
#902=CIRCLE('',#4067,1.08267716535433);
#903=CIRCLE('',#4068,1.08267716535433);
#904=CIRCLE('',#4069,1.08267716535433);
#905=CIRCLE('',#4070,1.08267716535433);
#906=CIRCLE('',#4071,1.08267716535433);
#907=CIRCLE('',#4072,1.08267716535433);
#908=CIRCLE('',#4073,1.08267716535433);
#909=CIRCLE('',#4074,1.08267716535433);
#910=CIRCLE('',#4075,1.08267716535433);
#911=CIRCLE('',#4076,1.08267716535433);
#912=CIRCLE('',#4077,1.08267716535433);
#913=CIRCLE('',#4078,1.08267716535433);
#914=CIRCLE('',#4079,1.08267716535433);
#915=CIRCLE('',#4080,1.08267716535433);
#916=CIRCLE('',#4081,1.08267716535433);
#917=CIRCLE('',#4082,1.08267716535433);
#918=CIRCLE('',#4083,1.08267716535433);
#919=CIRCLE('',#4084,1.08267716535433);
#920=CIRCLE('',#4085,1.08267716535433);
#921=CIRCLE('',#4091,0.015748031496063);
#922=CIRCLE('',#4096,1.06692913385827);
#923=CIRCLE('',#4097,0.078740157480315);
#924=CIRCLE('',#4098,1.06692913385827);
#925=CIRCLE('',#4101,0.015748031496063);
#926=CIRCLE('',#4103,0.015748031496063);
#927=CIRCLE('',#4105,0.0157480314960632);
#928=CIRCLE('',#4106,0.0157480314960629);
#929=CIRCLE('',#4107,0.015748031496063);
#930=CIRCLE('',#4109,0.015748031496063);
#931=CIRCLE('',#4111,0.0157480314960629);
#932=CIRCLE('',#4112,0.015748031496063);
#933=CIRCLE('',#4114,0.015748031496063);
#934=CIRCLE('',#4116,0.062992125984252);
#935=CIRCLE('',#4118,1.06692913385827);
#936=CIRCLE('',#4121,0.062992125984252);
#937=CIRCLE('',#4127,0.015748031496063);
#938=CIRCLE('',#4132,1.06692913385827);
#939=CIRCLE('',#4133,0.078740157480315);
#940=CIRCLE('',#4134,1.06692913385827);
#941=CIRCLE('',#4137,0.015748031496063);
#942=CIRCLE('',#4139,0.015748031496063);
#943=CIRCLE('',#4141,0.0157480314960631);
#944=CIRCLE('',#4142,0.015748031496063);
#945=CIRCLE('',#4143,0.015748031496063);
#946=CIRCLE('',#4145,0.015748031496063);
#947=CIRCLE('',#4147,0.015748031496063);
#948=CIRCLE('',#4148,0.015748031496063);
#949=CIRCLE('',#4150,0.015748031496063);
#950=CIRCLE('',#4152,0.062992125984252);
#951=CIRCLE('',#4154,1.06692913385827);
#952=CIRCLE('',#4157,0.062992125984252);
#953=CIRCLE('',#4163,0.015748031496063);
#954=CIRCLE('',#4168,1.06692913385827);
#955=CIRCLE('',#4169,0.078740157480315);
#956=CIRCLE('',#4170,1.06692913385827);
#957=CIRCLE('',#4173,0.015748031496063);
#958=CIRCLE('',#4175,0.015748031496063);
#959=CIRCLE('',#4177,0.0157480314960629);
#960=CIRCLE('',#4178,0.0157480314960631);
#961=CIRCLE('',#4179,0.015748031496063);
#962=CIRCLE('',#4181,0.015748031496063);
#963=CIRCLE('',#4183,0.0157480314960629);
#964=CIRCLE('',#4184,0.015748031496063);
#965=CIRCLE('',#4186,0.015748031496063);
#966=CIRCLE('',#4188,0.062992125984252);
#967=CIRCLE('',#4190,1.06692913385827);
#968=CIRCLE('',#4193,0.062992125984252);
#969=CIRCLE('',#4199,0.015748031496063);
#970=CIRCLE('',#4204,1.06692913385827);
#971=CIRCLE('',#4205,0.078740157480315);
#972=CIRCLE('',#4206,1.06692913385827);
#973=CIRCLE('',#4209,0.015748031496063);
#974=CIRCLE('',#4211,0.015748031496063);
#975=CIRCLE('',#4213,0.0157480314960633);
#976=CIRCLE('',#4214,0.0157480314960632);
#977=CIRCLE('',#4215,0.015748031496063);
#978=CIRCLE('',#4217,0.015748031496063);
#979=CIRCLE('',#4219,0.015748031496063);
#980=CIRCLE('',#4220,0.015748031496063);
#981=CIRCLE('',#4222,0.015748031496063);
#982=CIRCLE('',#4224,0.062992125984252);
#983=CIRCLE('',#4226,1.06692913385827);
#984=CIRCLE('',#4229,0.062992125984252);
#985=CIRCLE('',#4235,1.18110236220472);
#986=CIRCLE('',#4236,0.067);
#987=CIRCLE('',#4241,0.067);
#988=CIRCLE('',#4244,1.18110236220472);
#989=CIRCLE('',#4245,0.067);
#990=CIRCLE('',#4250,0.067);
#991=CIRCLE('',#4253,1.18110236220472);
#992=CIRCLE('',#4254,0.067);
#993=CIRCLE('',#4259,0.067);
#994=CIRCLE('',#4262,1.18110236220472);
#995=CIRCLE('',#4263,0.067);
#996=CIRCLE('',#4268,0.067);
#997=CIRCLE('',#4271,1.18110236220472);
#998=CIRCLE('',#4272,0.067);
#999=CIRCLE('',#4277,0.067);
#1000=CIRCLE('',#4279,1.18110236220472);
#1001=CIRCLE('',#4281,1.18110236220472);
#1002=CIRCLE('',#4283,1.18110236220472);
#1003=CIRCLE('',#4285,1.18110236220472);
#1004=CIRCLE('',#4287,1.18110236220472);
#1005=CIRCLE('',#4288,1.18110236220472);
#1006=CIRCLE('',#4290,1.18110236220472);
#1007=CIRCLE('',#4293,0.015748031496063);
#1008=CIRCLE('',#4298,1.06692913385827);
#1009=CIRCLE('',#4299,0.078740157480315);
#1010=CIRCLE('',#4300,1.06692913385827);
#1011=CIRCLE('',#4303,0.015748031496063);
#1012=CIRCLE('',#4305,0.015748031496063);
#1013=CIRCLE('',#4307,0.015748031496063);
#1014=CIRCLE('',#4308,0.0157480314960631);
#1015=CIRCLE('',#4309,0.0157480314960629);
#1016=CIRCLE('',#4312,0.015748031496063);
#1017=CIRCLE('',#4314,0.015748031496063);
#1018=CIRCLE('',#4315,0.015748031496063);
#1019=CIRCLE('',#4317,0.062992125984252);
#1020=CIRCLE('',#4319,0.015748031496063);
#1021=CIRCLE('',#4321,1.06692913385827);
#1022=CIRCLE('',#4323,0.062992125984252);
#1023=CIRCLE('',#4332,1.18110236220472);
#1024=CIRCLE('',#4333,0.067);
#1025=CIRCLE('',#4335,0.067);
#1026=CIRCLE('',#4337,1.05142716535433);
#1027=CIRCLE('',#4338,0.03125);
#1028=CIRCLE('',#4340,0.917076771653543);
#1029=CIRCLE('',#4341,0.948818897637795);
#1030=CIRCLE('',#4342,0.917076771653543);
#1031=CIRCLE('',#4343,0.948818897637795);
#1032=CIRCLE('',#4344,0.917076771653543);
#1033=CIRCLE('',#4345,0.948818897637795);
#1034=CIRCLE('',#4347,0.81865157480315);
#1035=CIRCLE('',#4348,0.03125);
#1036=CIRCLE('',#4349,0.78740157480315);
#1037=CIRCLE('',#4350,0.78740157480315);
#1038=CIRCLE('',#4352,0.78740157480315);
#1039=CIRCLE('',#4353,0.78740157480315);
#1040=CIRCLE('',#4355,0.885826771653543);
#1041=CIRCLE('',#4357,0.885826771653543);
#1042=CIRCLE('',#4361,0.0157480314960631);
#1043=CIRCLE('',#4363,0.885826771653543);
#1044=CIRCLE('',#4364,0.885826771653543);
#1045=CIRCLE('',#4365,0.885826771653543);
#1046=CIRCLE('',#4366,0.885826771653543);
#1047=CIRCLE('',#4367,0.885826771653543);
#1048=CIRCLE('',#4368,0.885826771653543);
#1049=CIRCLE('',#4373,0.015748031496063);
#1050=CIRCLE('',#4378,0.0157480314960631);
#1051=CIRCLE('',#4380,0.81865157480315);
#1052=CIRCLE('',#4381,0.03125);
#1053=CIRCLE('',#4383,1.18110236220472);
#1054=CIRCLE('',#4385,0.015748031496063);
#1055=CIRCLE('',#4386,0.015748031496063);
#1056=CIRCLE('',#4387,0.015748031496063);
#1057=CIRCLE('',#4391,0.015748031496063);
#1058=CIRCLE('',#4392,0.015748031496063);
#1059=CIRCLE('',#4394,0.933070866141732);
#1060=CIRCLE('',#4395,0.0157480314960629);
#1061=CIRCLE('',#4396,0.0157480314960628);
#1062=CIRCLE('',#4397,0.015748031496063);
#1063=CIRCLE('',#4398,0.015748031496063);
#1064=CIRCLE('',#4400,0.901574803149606);
#1065=CIRCLE('',#4404,0.933070866141718);
#1066=CIRCLE('',#4406,0.015748031496063);
#1067=CIRCLE('',#4407,0.015748031496063);
#1068=CIRCLE('',#4408,0.015748031496063);
#1069=CIRCLE('',#4412,0.015748031496063);
#1070=CIRCLE('',#4413,0.015748031496063);
#1071=CIRCLE('',#4415,0.933070866141733);
#1072=CIRCLE('',#4416,0.0157480314960631);
#1073=CIRCLE('',#4417,0.0157480314960631);
#1074=CIRCLE('',#4418,0.015748031496063);
#1075=CIRCLE('',#4419,0.015748031496063);
#1076=CIRCLE('',#4421,0.901574803149606);
#1077=CIRCLE('',#4425,0.933070866141718);
#1078=CIRCLE('',#4428,0.933070866141718);
#1079=CIRCLE('',#4433,0.933070866141718);
#1080=CIRCLE('',#4437,0.015748031496063);
#1081=CIRCLE('',#4438,0.015748031496063);
#1082=CIRCLE('',#4439,0.015748031496063);
#1083=CIRCLE('',#4440,0.015748031496063);
#1084=CIRCLE('',#4441,0.015748031496063);
#1085=CIRCLE('',#4443,0.933070866141732);
#1086=CIRCLE('',#4444,0.015748031496063);
#1087=CIRCLE('',#4445,0.015748031496063);
#1088=CIRCLE('',#4446,0.015748031496063);
#1089=CIRCLE('',#4447,0.015748031496063);
#1090=CIRCLE('',#4449,0.901574803149606);
#1091=CIRCLE('',#4458,0.933070866141718);
#1092=CIRCLE('',#4459,0.933070866141718);
#1093=LINE('',#5540,#1286);
#1094=LINE('',#5543,#1287);
#1095=LINE('',#5608,#1288);
#1096=LINE('',#5610,#1289);
#1097=LINE('',#5612,#1290);
#1098=LINE('',#5623,#1291);
#1099=LINE('',#5626,#1292);
#1100=LINE('',#5635,#1293);
#1101=LINE('',#5636,#1294);
#1102=LINE('',#5642,#1295);
#1103=LINE('',#5712,#1296);
#1104=LINE('',#5714,#1297);
#1105=LINE('',#5739,#1298);
#1106=LINE('',#5741,#1299);
#1107=LINE('',#5772,#1300);
#1108=LINE('',#5787,#1301);
#1109=LINE('',#5791,#1302);
#1110=LINE('',#5817,#1303);
#1111=LINE('',#5821,#1304);
#1112=LINE('',#5847,#1305);
#1113=LINE('',#5851,#1306);
#1114=LINE('',#5878,#1307);
#1115=LINE('',#5882,#1308);
#1116=LINE('',#5908,#1309);
#1117=LINE('',#5912,#1310);
#1118=LINE('',#5927,#1311);
#1119=LINE('',#5930,#1312);
#1120=LINE('',#5931,#1313);
#1121=LINE('',#5934,#1314);
#1122=LINE('',#5935,#1315);
#1123=LINE('',#5941,#1316);
#1124=LINE('',#5944,#1317);
#1125=LINE('',#5990,#1318);
#1126=LINE('',#5992,#1319);
#1127=LINE('',#5994,#1320);
#1128=LINE('',#6005,#1321);
#1129=LINE('',#6008,#1322);
#1130=LINE('',#6017,#1323);
#1131=LINE('',#6018,#1324);
#1132=LINE('',#6024,#1325);
#1133=LINE('',#6081,#1326);
#1134=LINE('',#6106,#1327);
#1135=LINE('',#6131,#1328);
#1136=LINE('',#6134,#1329);
#1137=LINE('',#6135,#1330);
#1138=LINE('',#6138,#1331);
#1139=LINE('',#6139,#1332);
#1140=LINE('',#6145,#1333);
#1141=LINE('',#6148,#1334);
#1142=LINE('',#6203,#1335);
#1143=LINE('',#6205,#1336);
#1144=LINE('',#6207,#1337);
#1145=LINE('',#6218,#1338);
#1146=LINE('',#6221,#1339);
#1147=LINE('',#6230,#1340);
#1148=LINE('',#6231,#1341);
#1149=LINE('',#6237,#1342);
#1150=LINE('',#6294,#1343);
#1151=LINE('',#6319,#1344);
#1152=LINE('',#6344,#1345);
#1153=LINE('',#6347,#1346);
#1154=LINE('',#6348,#1347);
#1155=LINE('',#6351,#1348);
#1156=LINE('',#6352,#1349);
#1157=LINE('',#6358,#1350);
#1158=LINE('',#6361,#1351);
#1159=LINE('',#6416,#1352);
#1160=LINE('',#6418,#1353);
#1161=LINE('',#6420,#1354);
#1162=LINE('',#6431,#1355);
#1163=LINE('',#6434,#1356);
#1164=LINE('',#6443,#1357);
#1165=LINE('',#6444,#1358);
#1166=LINE('',#6450,#1359);
#1167=LINE('',#6516,#1360);
#1168=LINE('',#6541,#1361);
#1169=LINE('',#6566,#1362);
#1170=LINE('',#6569,#1363);
#1171=LINE('',#6570,#1364);
#1172=LINE('',#6573,#1365);
#1173=LINE('',#6574,#1366);
#1174=LINE('',#6580,#1367);
#1175=LINE('',#6583,#1368);
#1176=LINE('',#6629,#1369);
#1177=LINE('',#6631,#1370);
#1178=LINE('',#6633,#1371);
#1179=LINE('',#6644,#1372);
#1180=LINE('',#6647,#1373);
#1181=LINE('',#6656,#1374);
#1182=LINE('',#6657,#1375);
#1183=LINE('',#6663,#1376);
#1184=LINE('',#6720,#1377);
#1185=LINE('',#6745,#1378);
#1186=LINE('',#6770,#1379);
#1187=LINE('',#6773,#1380);
#1188=LINE('',#6774,#1381);
#1189=LINE('',#6777,#1382);
#1190=LINE('',#6778,#1383);
#1191=LINE('',#6785,#1384);
#1192=LINE('',#6790,#1385);
#1193=LINE('',#6791,#1386);
#1194=LINE('',#6800,#1387);
#1195=LINE('',#6813,#1388);
#1196=LINE('',#6821,#1389);
#1197=LINE('',#6826,#1390);
#1198=LINE('',#6827,#1391);
#1199=LINE('',#6836,#1392);
#1200=LINE('',#6849,#1393);
#1201=LINE('',#6857,#1394);
#1202=LINE('',#6862,#1395);
#1203=LINE('',#6863,#1396);
#1204=LINE('',#6872,#1397);
#1205=LINE('',#6885,#1398);
#1206=LINE('',#6893,#1399);
#1207=LINE('',#6898,#1400);
#1208=LINE('',#6899,#1401);
#1209=LINE('',#6908,#1402);
#1210=LINE('',#6921,#1403);
#1211=LINE('',#6929,#1404);
#1212=LINE('',#6934,#1405);
#1213=LINE('',#6935,#1406);
#1214=LINE('',#6944,#1407);
#1215=LINE('',#6957,#1408);
#1216=LINE('',#7024,#1409);
#1217=LINE('',#7027,#1410);
#1218=LINE('',#7066,#1411);
#1219=LINE('',#7068,#1412);
#1220=LINE('',#7069,#1413);
#1221=LINE('',#7072,#1414);
#1222=LINE('',#7075,#1415);
#1223=LINE('',#7084,#1416);
#1224=LINE('',#7085,#1417);
#1225=LINE('',#7091,#1418);
#1226=LINE('',#7138,#1419);
#1227=LINE('',#7165,#1420);
#1228=LINE('',#7187,#1421);
#1229=LINE('',#7190,#1422);
#1230=LINE('',#7191,#1423);
#1231=LINE('',#7194,#1424);
#1232=LINE('',#7195,#1425);
#1233=LINE('',#7198,#1426);
#1234=LINE('',#7201,#1427);
#1235=LINE('',#7202,#1428);
#1236=LINE('',#7204,#1429);
#1237=LINE('',#7211,#1430);
#1238=LINE('',#7222,#1431);
#1239=LINE('',#7226,#1432);
#1240=LINE('',#7230,#1433);
#1241=LINE('',#7234,#1434);
#1242=LINE('',#7238,#1435);
#1243=LINE('',#7241,#1436);
#1244=LINE('',#7254,#1437);
#1245=LINE('',#7309,#1438);
#1246=LINE('',#7328,#1439);
#1247=LINE('',#7331,#1440);
#1248=LINE('',#7334,#1441);
#1249=LINE('',#7355,#1442);
#1250=LINE('',#7384,#1443);
#1251=LINE('',#7388,#1444);
#1252=LINE('',#7409,#1445);
#1253=LINE('',#7438,#1446);
#1254=LINE('',#7441,#1447);
#1255=LINE('',#7445,#1448);
#1256=LINE('',#7466,#1449);
#1257=LINE('',#7542,#1450);
#1258=LINE('',#7562,#1451);
#1259=LINE('',#7610,#1452);
#1260=LINE('',#7630,#1453);
#1261=LINE('',#7647,#1454);
#1262=LINE('',#7662,#1455);
#1263=LINE('',#7972,#1456);
#1264=LINE('',#7973,#1457);
#1265=LINE('',#7975,#1458);
#1266=LINE('',#8196,#1459);
#1267=LINE('',#8255,#1460);
#1268=LINE('',#8274,#1461);
#1269=LINE('',#8584,#1462);
#1270=LINE('',#8585,#1463);
#1271=LINE('',#8587,#1464);
#1272=LINE('',#8808,#1465);
#1273=LINE('',#8859,#1466);
#1274=LINE('',#8863,#1467);
#1275=LINE('',#8866,#1468);
#1276=LINE('',#8870,#1469);
#1277=LINE('',#9245,#1470);
#1278=LINE('',#9246,#1471);
#1279=LINE('',#9248,#1472);
#1280=LINE('',#9297,#1473);
#1281=LINE('',#9300,#1474);
#1282=LINE('',#9362,#1475);
#1283=LINE('',#9364,#1476);
#1284=LINE('',#9370,#1477);
#1285=LINE('',#9490,#1478);
#1286=VECTOR('',#4469,0.393700787401575);
#1287=VECTOR('',#4472,0.393700787401575);
#1288=VECTOR('',#4475,0.393700787401575);
#1289=VECTOR('',#4476,0.393700787401575);
#1290=VECTOR('',#4477,0.393700787401575);
#1291=VECTOR('',#4480,0.393700787401575);
#1292=VECTOR('',#4483,0.393700787401575);
#1293=VECTOR('',#4492,0.393700787401575);
#1294=VECTOR('',#4493,0.393700787401575);
#1295=VECTOR('',#4500,0.393700787401575);
#1296=VECTOR('',#4517,0.393700787401575);
#1297=VECTOR('',#4518,0.393700787401575);
#1298=VECTOR('',#4529,0.393700787401575);
#1299=VECTOR('',#4530,0.393700787401575);
#1300=VECTOR('',#4555,1.08267716535433);
#1301=VECTOR('',#4560,0.393700787401575);
#1302=VECTOR('',#4563,0.393700787401575);
#1303=VECTOR('',#4570,0.393700787401575);
#1304=VECTOR('',#4573,0.393700787401575);
#1305=VECTOR('',#4580,0.393700787401575);
#1306=VECTOR('',#4583,0.393700787401575);
#1307=VECTOR('',#4592,0.393700787401575);
#1308=VECTOR('',#4595,0.393700787401575);
#1309=VECTOR('',#4602,0.393700787401575);
#1310=VECTOR('',#4605,0.393700787401575);
#1311=VECTOR('',#4614,0.393700787401575);
#1312=VECTOR('',#4617,0.393700787401575);
#1313=VECTOR('',#4618,0.393700787401575);
#1314=VECTOR('',#4621,0.393700787401575);
#1315=VECTOR('',#4622,0.393700787401575);
#1316=VECTOR('',#4627,0.393700787401575);
#1317=VECTOR('',#4630,0.393700787401575);
#1318=VECTOR('',#4633,0.393700787401575);
#1319=VECTOR('',#4634,0.393700787401575);
#1320=VECTOR('',#4635,0.393700787401575);
#1321=VECTOR('',#4638,0.393700787401575);
#1322=VECTOR('',#4641,0.393700787401575);
#1323=VECTOR('',#4650,0.393700787401575);
#1324=VECTOR('',#4651,0.393700787401575);
#1325=VECTOR('',#4658,0.393700787401575);
#1326=VECTOR('',#4673,0.393700787401575);
#1327=VECTOR('',#4684,0.393700787401575);
#1328=VECTOR('',#4703,0.393700787401575);
#1329=VECTOR('',#4706,0.393700787401575);
#1330=VECTOR('',#4707,0.393700787401575);
#1331=VECTOR('',#4710,0.393700787401575);
#1332=VECTOR('',#4711,0.393700787401575);
#1333=VECTOR('',#4716,0.393700787401575);
#1334=VECTOR('',#4719,0.393700787401575);
#1335=VECTOR('',#4722,0.393700787401575);
#1336=VECTOR('',#4723,0.393700787401575);
#1337=VECTOR('',#4724,0.393700787401575);
#1338=VECTOR('',#4727,0.393700787401575);
#1339=VECTOR('',#4730,0.393700787401575);
#1340=VECTOR('',#4739,0.393700787401575);
#1341=VECTOR('',#4740,0.393700787401575);
#1342=VECTOR('',#4747,0.393700787401575);
#1343=VECTOR('',#4762,0.393700787401575);
#1344=VECTOR('',#4773,0.393700787401575);
#1345=VECTOR('',#4792,0.393700787401575);
#1346=VECTOR('',#4795,0.393700787401575);
#1347=VECTOR('',#4796,0.393700787401575);
#1348=VECTOR('',#4799,0.393700787401575);
#1349=VECTOR('',#4800,0.393700787401575);
#1350=VECTOR('',#4805,0.393700787401575);
#1351=VECTOR('',#4808,0.393700787401575);
#1352=VECTOR('',#4811,0.393700787401575);
#1353=VECTOR('',#4812,0.393700787401575);
#1354=VECTOR('',#4813,0.393700787401575);
#1355=VECTOR('',#4816,0.393700787401575);
#1356=VECTOR('',#4819,0.393700787401575);
#1357=VECTOR('',#4828,0.393700787401575);
#1358=VECTOR('',#4829,0.393700787401575);
#1359=VECTOR('',#4836,0.393700787401575);
#1360=VECTOR('',#4851,0.393700787401575);
#1361=VECTOR('',#4862,0.393700787401575);
#1362=VECTOR('',#4881,0.393700787401575);
#1363=VECTOR('',#4884,0.393700787401575);
#1364=VECTOR('',#4885,0.393700787401575);
#1365=VECTOR('',#4888,0.393700787401575);
#1366=VECTOR('',#4889,0.393700787401575);
#1367=VECTOR('',#4894,0.393700787401575);
#1368=VECTOR('',#4897,0.393700787401575);
#1369=VECTOR('',#4900,0.393700787401575);
#1370=VECTOR('',#4901,0.393700787401575);
#1371=VECTOR('',#4902,0.393700787401575);
#1372=VECTOR('',#4905,0.393700787401575);
#1373=VECTOR('',#4908,0.393700787401575);
#1374=VECTOR('',#4917,0.393700787401575);
#1375=VECTOR('',#4918,0.393700787401575);
#1376=VECTOR('',#4925,0.393700787401575);
#1377=VECTOR('',#4940,0.393700787401575);
#1378=VECTOR('',#4951,0.393700787401575);
#1379=VECTOR('',#4970,0.393700787401575);
#1380=VECTOR('',#4973,0.393700787401575);
#1381=VECTOR('',#4974,0.393700787401575);
#1382=VECTOR('',#4977,0.393700787401575);
#1383=VECTOR('',#4978,0.393700787401575);
#1384=VECTOR('',#4981,0.393700787401575);
#1385=VECTOR('',#4986,0.393700787401575);
#1386=VECTOR('',#4987,0.393700787401575);
#1387=VECTOR('',#4992,0.393700787401575);
#1388=VECTOR('',#4999,0.067);
#1389=VECTOR('',#5004,0.393700787401575);
#1390=VECTOR('',#5009,0.393700787401575);
#1391=VECTOR('',#5010,0.393700787401575);
#1392=VECTOR('',#5015,0.393700787401575);
#1393=VECTOR('',#5022,0.067);
#1394=VECTOR('',#5027,0.393700787401575);
#1395=VECTOR('',#5032,0.393700787401575);
#1396=VECTOR('',#5033,0.393700787401575);
#1397=VECTOR('',#5038,0.393700787401575);
#1398=VECTOR('',#5045,0.067);
#1399=VECTOR('',#5050,0.393700787401575);
#1400=VECTOR('',#5055,0.393700787401575);
#1401=VECTOR('',#5056,0.393700787401575);
#1402=VECTOR('',#5061,0.393700787401575);
#1403=VECTOR('',#5068,0.067);
#1404=VECTOR('',#5073,0.393700787401575);
#1405=VECTOR('',#5078,0.393700787401575);
#1406=VECTOR('',#5079,0.393700787401575);
#1407=VECTOR('',#5084,0.393700787401575);
#1408=VECTOR('',#5091,0.067);
#1409=VECTOR('',#5124,0.393700787401575);
#1410=VECTOR('',#5127,0.393700787401575);
#1411=VECTOR('',#5130,0.393700787401575);
#1412=VECTOR('',#5131,0.393700787401575);
#1413=VECTOR('',#5132,0.393700787401575);
#1414=VECTOR('',#5135,0.393700787401575);
#1415=VECTOR('',#5138,0.393700787401575);
#1416=VECTOR('',#5147,0.393700787401575);
#1417=VECTOR('',#5148,0.393700787401575);
#1418=VECTOR('',#5155,0.393700787401575);
#1419=VECTOR('',#5172,0.393700787401575);
#1420=VECTOR('',#5187,0.393700787401575);
#1421=VECTOR('',#5200,0.393700787401575);
#1422=VECTOR('',#5203,0.393700787401575);
#1423=VECTOR('',#5204,0.393700787401575);
#1424=VECTOR('',#5207,0.393700787401575);
#1425=VECTOR('',#5208,0.393700787401575);
#1426=VECTOR('',#5213,0.393700787401575);
#1427=VECTOR('',#5216,0.393700787401575);
#1428=VECTOR('',#5217,0.393700787401575);
#1429=VECTOR('',#5220,0.393700787401575);
#1430=VECTOR('',#5229,0.067);
#1431=VECTOR('',#5242,0.393700787401575);
#1432=VECTOR('',#5245,0.393700787401575);
#1433=VECTOR('',#5248,0.393700787401575);
#1434=VECTOR('',#5251,0.393700787401575);
#1435=VECTOR('',#5254,0.393700787401575);
#1436=VECTOR('',#5257,0.393700787401575);
#1437=VECTOR('',#5272,0.78740157480315);
#1438=VECTOR('',#5287,0.393700787401575);
#1439=VECTOR('',#5290,0.393700787401575);
#1440=VECTOR('',#5293,0.393700787401575);
#1441=VECTOR('',#5296,0.393700787401575);
#1442=VECTOR('',#5297,0.393700787401575);
#1443=VECTOR('',#5300,0.393700787401575);
#1444=VECTOR('',#5303,0.393700787401575);
#1445=VECTOR('',#5304,0.393700787401575);
#1446=VECTOR('',#5307,0.393700787401575);
#1447=VECTOR('',#5310,0.885826771653543);
#1448=VECTOR('',#5313,0.393700787401575);
#1449=VECTOR('',#5314,0.393700787401575);
#1450=VECTOR('',#5323,0.393700787401575);
#1451=VECTOR('',#5328,0.393700787401575);
#1452=VECTOR('',#5335,0.393700787401575);
#1453=VECTOR('',#5340,0.393700787401575);
#1454=VECTOR('',#5363,0.393700787401575);
#1455=VECTOR('',#5366,0.393700787401575);
#1456=VECTOR('',#5389,0.393700787401575);
#1457=VECTOR('',#5390,0.393700787401575);
#1458=VECTOR('',#5393,0.393700787401575);
#1459=VECTOR('',#5396,0.393700787401575);
#1460=VECTOR('',#5411,0.393700787401575);
#1461=VECTOR('',#5414,0.393700787401575);
#1462=VECTOR('',#5437,0.393700787401575);
#1463=VECTOR('',#5438,0.393700787401575);
#1464=VECTOR('',#5441,0.393700787401575);
#1465=VECTOR('',#5444,0.393700787401575);
#1466=VECTOR('',#5449,0.393700787401575);
#1467=VECTOR('',#5456,0.393700787401575);
#1468=VECTOR('',#5461,0.393700787401575);
#1469=VECTOR('',#5468,0.393700787401575);
#1470=VECTOR('',#5501,0.393700787401575);
#1471=VECTOR('',#5502,0.393700787401575);
#1472=VECTOR('',#5505,0.393700787401575);
#1473=VECTOR('',#5508,0.393700787401575);
#1474=VECTOR('',#5513,0.393700787401575);
#1475=VECTOR('',#5516,0.393700787401575);
#1476=VECTOR('',#5519,0.393700787401575);
#1477=VECTOR('',#5526,0.393700787401575);
#1478=VECTOR('',#5533,1.18110236220472);
#1479=ELLIPSE('',#4026,0.0181842604469173,0.015748031496063);
#1480=ELLIPSE('',#4030,0.0181842604469173,0.015748031496063);
#1481=ELLIPSE('',#4036,0.0181842604469173,0.015748031496063);
#1482=ELLIPSE('',#4090,0.0181842604469173,0.015748031496063);
#1483=ELLIPSE('',#4094,0.0181842604469173,0.015748031496063);
#1484=ELLIPSE('',#4100,0.0181842604469173,0.015748031496063);
#1485=ELLIPSE('',#4126,0.0181842604469174,0.015748031496063);
#1486=ELLIPSE('',#4130,0.0181842604469173,0.015748031496063);
#1487=ELLIPSE('',#4136,0.0181842604469173,0.015748031496063);
#1488=ELLIPSE('',#4162,0.0181842604469173,0.015748031496063);
#1489=ELLIPSE('',#4166,0.0181842604469174,0.015748031496063);
#1490=ELLIPSE('',#4172,0.0181842604469173,0.015748031496063);
#1491=ELLIPSE('',#4198,0.0181842604469174,0.015748031496063);
#1492=ELLIPSE('',#4202,0.0181842604469174,0.015748031496063);
#1493=ELLIPSE('',#4208,0.0181842604469173,0.015748031496063);
#1494=ELLIPSE('',#4292,0.0181842604469174,0.015748031496063);
#1495=ELLIPSE('',#4296,0.0181842604469173,0.015748031496063);
#1496=ELLIPSE('',#4302,0.0181842604469173,0.015748031496063);
#1497=ELLIPSE('',#4359,0.022271079722411,0.015748031496063);
#1498=ELLIPSE('',#4371,0.0222710797224109,0.015748031496063);
#1499=ELLIPSE('',#4376,0.0222710797224109,0.015748031496063);
#1500=ELLIPSE('',#4389,0.022271079722411,0.015748031496063);
#1501=ELLIPSE('',#4410,0.0222710797224109,0.015748031496063);
#1502=ELLIPSE('',#4453,0.0222710797224109,0.015748031496063);
#1503=VERTEX_POINT('',#5536);
#1504=VERTEX_POINT('',#5537);
#1505=VERTEX_POINT('',#5539);
#1506=VERTEX_POINT('',#5541);
#1507=VERTEX_POINT('',#5569);
#1508=VERTEX_POINT('',#5570);
#1509=VERTEX_POINT('',#5595);
#1510=VERTEX_POINT('',#5607);
#1511=VERTEX_POINT('',#5609);
#1512=VERTEX_POINT('',#5611);
#1513=VERTEX_POINT('',#5622);
#1514=VERTEX_POINT('',#5624);
#1515=VERTEX_POINT('',#5628);
#1516=VERTEX_POINT('',#5630);
#1517=VERTEX_POINT('',#5632);
#1518=VERTEX_POINT('',#5634);
#1519=VERTEX_POINT('',#5638);
#1520=VERTEX_POINT('',#5640);
#1521=VERTEX_POINT('',#5668);
#1522=VERTEX_POINT('',#5669);
#1523=VERTEX_POINT('',#5684);
#1524=VERTEX_POINT('',#5701);
#1525=VERTEX_POINT('',#5705);
#1526=VERTEX_POINT('',#5707);
#1527=VERTEX_POINT('',#5711);
#1528=VERTEX_POINT('',#5713);
#1529=VERTEX_POINT('',#5715);
#1530=VERTEX_POINT('',#5734);
#1531=VERTEX_POINT('',#5738);
#1532=VERTEX_POINT('',#5740);
#1533=VERTEX_POINT('',#5742);
#1534=VERTEX_POINT('',#5768);
#1535=VERTEX_POINT('',#5769);
#1536=VERTEX_POINT('',#5771);
#1537=VERTEX_POINT('',#5773);
#1538=VERTEX_POINT('',#5775);
#1539=VERTEX_POINT('',#5784);
#1540=VERTEX_POINT('',#5786);
#1541=VERTEX_POINT('',#5788);
#1542=VERTEX_POINT('',#5790);
#1543=VERTEX_POINT('',#5792);
#1544=VERTEX_POINT('',#5794);
#1545=VERTEX_POINT('',#5803);
#1546=VERTEX_POINT('',#5805);
#1547=VERTEX_POINT('',#5814);
#1548=VERTEX_POINT('',#5816);
#1549=VERTEX_POINT('',#5818);
#1550=VERTEX_POINT('',#5820);
#1551=VERTEX_POINT('',#5822);
#1552=VERTEX_POINT('',#5824);
#1553=VERTEX_POINT('',#5833);
#1554=VERTEX_POINT('',#5835);
#1555=VERTEX_POINT('',#5844);
#1556=VERTEX_POINT('',#5846);
#1557=VERTEX_POINT('',#5848);
#1558=VERTEX_POINT('',#5850);
#1559=VERTEX_POINT('',#5852);
#1560=VERTEX_POINT('',#5854);
#1561=VERTEX_POINT('',#5864);
#1562=VERTEX_POINT('',#5866);
#1563=VERTEX_POINT('',#5875);
#1564=VERTEX_POINT('',#5877);
#1565=VERTEX_POINT('',#5879);
#1566=VERTEX_POINT('',#5881);
#1567=VERTEX_POINT('',#5883);
#1568=VERTEX_POINT('',#5885);
#1569=VERTEX_POINT('',#5894);
#1570=VERTEX_POINT('',#5896);
#1571=VERTEX_POINT('',#5905);
#1572=VERTEX_POINT('',#5907);
#1573=VERTEX_POINT('',#5909);
#1574=VERTEX_POINT('',#5911);
#1575=VERTEX_POINT('',#5913);
#1576=VERTEX_POINT('',#5915);
#1577=VERTEX_POINT('',#5929);
#1578=VERTEX_POINT('',#5933);
#1579=VERTEX_POINT('',#5937);
#1580=VERTEX_POINT('',#5938);
#1581=VERTEX_POINT('',#5940);
#1582=VERTEX_POINT('',#5942);
#1583=VERTEX_POINT('',#5977);
#1584=VERTEX_POINT('',#5989);
#1585=VERTEX_POINT('',#5991);
#1586=VERTEX_POINT('',#5993);
#1587=VERTEX_POINT('',#6004);
#1588=VERTEX_POINT('',#6006);
#1589=VERTEX_POINT('',#6010);
#1590=VERTEX_POINT('',#6012);
#1591=VERTEX_POINT('',#6014);
#1592=VERTEX_POINT('',#6016);
#1593=VERTEX_POINT('',#6020);
#1594=VERTEX_POINT('',#6022);
#1595=VERTEX_POINT('',#6050);
#1596=VERTEX_POINT('',#6076);
#1597=VERTEX_POINT('',#6080);
#1598=VERTEX_POINT('',#6082);
#1599=VERTEX_POINT('',#6101);
#1600=VERTEX_POINT('',#6105);
#1601=VERTEX_POINT('',#6107);
#1602=VERTEX_POINT('',#6133);
#1603=VERTEX_POINT('',#6137);
#1604=VERTEX_POINT('',#6141);
#1605=VERTEX_POINT('',#6142);
#1606=VERTEX_POINT('',#6144);
#1607=VERTEX_POINT('',#6146);
#1608=VERTEX_POINT('',#6190);
#1609=VERTEX_POINT('',#6202);
#1610=VERTEX_POINT('',#6204);
#1611=VERTEX_POINT('',#6206);
#1612=VERTEX_POINT('',#6217);
#1613=VERTEX_POINT('',#6219);
#1614=VERTEX_POINT('',#6223);
#1615=VERTEX_POINT('',#6225);
#1616=VERTEX_POINT('',#6227);
#1617=VERTEX_POINT('',#6229);
#1618=VERTEX_POINT('',#6233);
#1619=VERTEX_POINT('',#6235);
#1620=VERTEX_POINT('',#6263);
#1621=VERTEX_POINT('',#6289);
#1622=VERTEX_POINT('',#6293);
#1623=VERTEX_POINT('',#6295);
#1624=VERTEX_POINT('',#6314);
#1625=VERTEX_POINT('',#6318);
#1626=VERTEX_POINT('',#6320);
#1627=VERTEX_POINT('',#6346);
#1628=VERTEX_POINT('',#6350);
#1629=VERTEX_POINT('',#6354);
#1630=VERTEX_POINT('',#6355);
#1631=VERTEX_POINT('',#6357);
#1632=VERTEX_POINT('',#6359);
#1633=VERTEX_POINT('',#6403);
#1634=VERTEX_POINT('',#6415);
#1635=VERTEX_POINT('',#6417);
#1636=VERTEX_POINT('',#6419);
#1637=VERTEX_POINT('',#6430);
#1638=VERTEX_POINT('',#6432);
#1639=VERTEX_POINT('',#6436);
#1640=VERTEX_POINT('',#6438);
#1641=VERTEX_POINT('',#6440);
#1642=VERTEX_POINT('',#6442);
#1643=VERTEX_POINT('',#6446);
#1644=VERTEX_POINT('',#6448);
#1645=VERTEX_POINT('',#6476);
#1646=VERTEX_POINT('',#6511);
#1647=VERTEX_POINT('',#6515);
#1648=VERTEX_POINT('',#6517);
#1649=VERTEX_POINT('',#6536);
#1650=VERTEX_POINT('',#6540);
#1651=VERTEX_POINT('',#6542);
#1652=VERTEX_POINT('',#6568);
#1653=VERTEX_POINT('',#6572);
#1654=VERTEX_POINT('',#6576);
#1655=VERTEX_POINT('',#6577);
#1656=VERTEX_POINT('',#6579);
#1657=VERTEX_POINT('',#6581);
#1658=VERTEX_POINT('',#6616);
#1659=VERTEX_POINT('',#6628);
#1660=VERTEX_POINT('',#6630);
#1661=VERTEX_POINT('',#6632);
#1662=VERTEX_POINT('',#6643);
#1663=VERTEX_POINT('',#6645);
#1664=VERTEX_POINT('',#6649);
#1665=VERTEX_POINT('',#6651);
#1666=VERTEX_POINT('',#6653);
#1667=VERTEX_POINT('',#6655);
#1668=VERTEX_POINT('',#6659);
#1669=VERTEX_POINT('',#6661);
#1670=VERTEX_POINT('',#6689);
#1671=VERTEX_POINT('',#6715);
#1672=VERTEX_POINT('',#6719);
#1673=VERTEX_POINT('',#6721);
#1674=VERTEX_POINT('',#6740);
#1675=VERTEX_POINT('',#6744);
#1676=VERTEX_POINT('',#6746);
#1677=VERTEX_POINT('',#6772);
#1678=VERTEX_POINT('',#6776);
#1679=VERTEX_POINT('',#6780);
#1680=VERTEX_POINT('',#6787);
#1681=VERTEX_POINT('',#6789);
#1682=VERTEX_POINT('',#6792);
#1683=VERTEX_POINT('',#6795);
#1684=VERTEX_POINT('',#6812);
#1685=VERTEX_POINT('',#6816);
#1686=VERTEX_POINT('',#6823);
#1687=VERTEX_POINT('',#6825);
#1688=VERTEX_POINT('',#6828);
#1689=VERTEX_POINT('',#6831);
#1690=VERTEX_POINT('',#6848);
#1691=VERTEX_POINT('',#6852);
#1692=VERTEX_POINT('',#6859);
#1693=VERTEX_POINT('',#6861);
#1694=VERTEX_POINT('',#6864);
#1695=VERTEX_POINT('',#6867);
#1696=VERTEX_POINT('',#6884);
#1697=VERTEX_POINT('',#6888);
#1698=VERTEX_POINT('',#6895);
#1699=VERTEX_POINT('',#6897);
#1700=VERTEX_POINT('',#6900);
#1701=VERTEX_POINT('',#6903);
#1702=VERTEX_POINT('',#6920);
#1703=VERTEX_POINT('',#6924);
#1704=VERTEX_POINT('',#6931);
#1705=VERTEX_POINT('',#6933);
#1706=VERTEX_POINT('',#6936);
#1707=VERTEX_POINT('',#6939);
#1708=VERTEX_POINT('',#6956);
#1709=VERTEX_POINT('',#6960);
#1710=VERTEX_POINT('',#6967);
#1711=VERTEX_POINT('',#6976);
#1712=VERTEX_POINT('',#6989);
#1713=VERTEX_POINT('',#6993);
#1714=VERTEX_POINT('',#6995);
#1715=VERTEX_POINT('',#7000);
#1716=VERTEX_POINT('',#7020);
#1717=VERTEX_POINT('',#7021);
#1718=VERTEX_POINT('',#7023);
#1719=VERTEX_POINT('',#7025);
#1720=VERTEX_POINT('',#7065);
#1721=VERTEX_POINT('',#7067);
#1722=VERTEX_POINT('',#7071);
#1723=VERTEX_POINT('',#7073);
#1724=VERTEX_POINT('',#7077);
#1725=VERTEX_POINT('',#7079);
#1726=VERTEX_POINT('',#7081);
#1727=VERTEX_POINT('',#7083);
#1728=VERTEX_POINT('',#7087);
#1729=VERTEX_POINT('',#7089);
#1730=VERTEX_POINT('',#7131);
#1731=VERTEX_POINT('',#7137);
#1732=VERTEX_POINT('',#7139);
#1733=VERTEX_POINT('',#7158);
#1734=VERTEX_POINT('',#7164);
#1735=VERTEX_POINT('',#7166);
#1736=VERTEX_POINT('',#7189);
#1737=VERTEX_POINT('',#7193);
#1738=VERTEX_POINT('',#7200);
#1739=VERTEX_POINT('',#7207);
#1740=VERTEX_POINT('',#7210);
#1741=VERTEX_POINT('',#7214);
#1742=VERTEX_POINT('',#7218);
#1743=VERTEX_POINT('',#7219);
#1744=VERTEX_POINT('',#7221);
#1745=VERTEX_POINT('',#7223);
#1746=VERTEX_POINT('',#7225);
#1747=VERTEX_POINT('',#7227);
#1748=VERTEX_POINT('',#7229);
#1749=VERTEX_POINT('',#7231);
#1750=VERTEX_POINT('',#7233);
#1751=VERTEX_POINT('',#7235);
#1752=VERTEX_POINT('',#7237);
#1753=VERTEX_POINT('',#7239);
#1754=VERTEX_POINT('',#7243);
#1755=VERTEX_POINT('',#7245);
#1756=VERTEX_POINT('',#7247);
#1757=VERTEX_POINT('',#7251);
#1758=VERTEX_POINT('',#7252);
#1759=VERTEX_POINT('',#7257);
#1760=VERTEX_POINT('',#7260);
#1761=VERTEX_POINT('',#7261);
#1762=VERTEX_POINT('',#7272);
#1763=VERTEX_POINT('',#7274);
#1764=VERTEX_POINT('',#7306);
#1765=VERTEX_POINT('',#7308);
#1766=VERTEX_POINT('',#7327);
#1767=VERTEX_POINT('',#7329);
#1768=VERTEX_POINT('',#7333);
#1769=VERTEX_POINT('',#7335);
#1770=VERTEX_POINT('',#7348);
#1771=VERTEX_POINT('',#7354);
#1772=VERTEX_POINT('',#7356);
#1773=VERTEX_POINT('',#7362);
#1774=VERTEX_POINT('',#7375);
#1775=VERTEX_POINT('',#7377);
#1776=VERTEX_POINT('',#7383);
#1777=VERTEX_POINT('',#7385);
#1778=VERTEX_POINT('',#7387);
#1779=VERTEX_POINT('',#7389);
#1780=VERTEX_POINT('',#7402);
#1781=VERTEX_POINT('',#7408);
#1782=VERTEX_POINT('',#7410);
#1783=VERTEX_POINT('',#7416);
#1784=VERTEX_POINT('',#7429);
#1785=VERTEX_POINT('',#7431);
#1786=VERTEX_POINT('',#7437);
#1787=VERTEX_POINT('',#7439);
#1788=VERTEX_POINT('',#7442);
#1789=VERTEX_POINT('',#7444);
#1790=VERTEX_POINT('',#7446);
#1791=VERTEX_POINT('',#7459);
#1792=VERTEX_POINT('',#7465);
#1793=VERTEX_POINT('',#7467);
#1794=VERTEX_POINT('',#7473);
#1795=VERTEX_POINT('',#7486);
#1796=VERTEX_POINT('',#7494);
#1797=VERTEX_POINT('',#7505);
#1798=VERTEX_POINT('',#7539);
#1799=VERTEX_POINT('',#7541);
#1800=VERTEX_POINT('',#7560);
#1801=VERTEX_POINT('',#7564);
#1802=VERTEX_POINT('',#7575);
#1803=VERTEX_POINT('',#7607);
#1804=VERTEX_POINT('',#7609);
#1805=VERTEX_POINT('',#7628);
#1806=VERTEX_POINT('',#7632);
#1807=VERTEX_POINT('',#7636);
#1808=VERTEX_POINT('',#7639);
#1809=VERTEX_POINT('',#7640);
#1810=VERTEX_POINT('',#7645);
#1811=VERTEX_POINT('',#7649);
#1812=VERTEX_POINT('',#7688);
#1813=VERTEX_POINT('',#7690);
#1814=VERTEX_POINT('',#7789);
#1815=VERTEX_POINT('',#7790);
#1816=VERTEX_POINT('',#7842);
#1817=VERTEX_POINT('',#7843);
#1818=VERTEX_POINT('',#7876);
#1819=VERTEX_POINT('',#7943);
#1820=VERTEX_POINT('',#7960);
#1821=VERTEX_POINT('',#7961);
#1822=VERTEX_POINT('',#7996);
#1823=VERTEX_POINT('',#7997);
#1824=VERTEX_POINT('',#8042);
#1825=VERTEX_POINT('',#8043);
#1826=VERTEX_POINT('',#8113);
#1827=VERTEX_POINT('',#8195);
#1828=VERTEX_POINT('',#8247);
#1829=VERTEX_POINT('',#8248);
#1830=VERTEX_POINT('',#8253);
#1831=VERTEX_POINT('',#8257);
#1832=VERTEX_POINT('',#8300);
#1833=VERTEX_POINT('',#8302);
#1834=VERTEX_POINT('',#8401);
#1835=VERTEX_POINT('',#8402);
#1836=VERTEX_POINT('',#8454);
#1837=VERTEX_POINT('',#8455);
#1838=VERTEX_POINT('',#8488);
#1839=VERTEX_POINT('',#8555);
#1840=VERTEX_POINT('',#8572);
#1841=VERTEX_POINT('',#8573);
#1842=VERTEX_POINT('',#8608);
#1843=VERTEX_POINT('',#8609);
#1844=VERTEX_POINT('',#8654);
#1845=VERTEX_POINT('',#8655);
#1846=VERTEX_POINT('',#8725);
#1847=VERTEX_POINT('',#8807);
#1848=VERTEX_POINT('',#8873);
#1849=VERTEX_POINT('',#8875);
#1850=VERTEX_POINT('',#8898);
#1851=VERTEX_POINT('',#8899);
#1852=VERTEX_POINT('',#8946);
#1853=VERTEX_POINT('',#8948);
#1854=VERTEX_POINT('',#9047);
#1855=VERTEX_POINT('',#9048);
#1856=VERTEX_POINT('',#9074);
#1857=VERTEX_POINT('',#9115);
#1858=VERTEX_POINT('',#9116);
#1859=VERTEX_POINT('',#9149);
#1860=VERTEX_POINT('',#9216);
#1861=VERTEX_POINT('',#9233);
#1862=VERTEX_POINT('',#9234);
#1863=VERTEX_POINT('',#9269);
#1864=VERTEX_POINT('',#9270);
#1865=VERTEX_POINT('',#9296);
#1866=VERTEX_POINT('',#9366);
#1867=VERTEX_POINT('',#9368);
#1868=EDGE_CURVE('',#1503,#1504,#1479,.T.);
#1869=EDGE_CURVE('',#1503,#1505,#1093,.T.);
#1870=EDGE_CURVE('',#1505,#1506,#878,.T.);
#1871=EDGE_CURVE('',#1506,#1504,#1094,.T.);
#1872=EDGE_CURVE('',#1507,#1508,#156,.T.);
#1873=EDGE_CURVE('',#1508,#1506,#157,.T.);
#1874=EDGE_CURVE('',#1505,#1509,#158,.T.);
#1875=EDGE_CURVE('',#1509,#1507,#159,.T.);
#1876=EDGE_CURVE('',#1510,#1503,#1095,.T.);
#1877=EDGE_CURVE('',#1511,#1510,#1096,.T.);
#1878=EDGE_CURVE('',#1511,#1512,#1097,.T.);
#1879=EDGE_CURVE('',#1509,#1512,#160,.T.);
#1880=EDGE_CURVE('',#1504,#1513,#1098,.T.);
#1881=EDGE_CURVE('',#1513,#1514,#1480,.T.);
#1882=EDGE_CURVE('',#1514,#1503,#1099,.T.);
#1883=EDGE_CURVE('',#1515,#1506,#879,.T.);
#1884=EDGE_CURVE('',#1516,#1515,#880,.T.);
#1885=EDGE_CURVE('',#1517,#1516,#881,.T.);
#1886=EDGE_CURVE('',#1518,#1517,#1100,.T.);
#1887=EDGE_CURVE('',#1513,#1518,#1101,.T.);
#1888=EDGE_CURVE('',#1518,#1519,#1481,.T.);
#1889=EDGE_CURVE('',#1517,#1520,#882,.T.);
#1890=EDGE_CURVE('',#1520,#1519,#1102,.T.);
#1891=EDGE_CURVE('',#1521,#1522,#161,.F.);
#1892=EDGE_CURVE('',#1521,#1520,#162,.T.);
#1893=EDGE_CURVE('',#1517,#1523,#163,.T.);
#1894=EDGE_CURVE('',#1523,#1522,#164,.T.);
#1895=EDGE_CURVE('',#1516,#1524,#883,.F.);
#1896=EDGE_CURVE('',#1524,#1523,#884,.T.);
#1897=EDGE_CURVE('',#1525,#1515,#885,.F.);
#1898=EDGE_CURVE('',#1526,#1525,#886,.F.);
#1899=EDGE_CURVE('',#1515,#1526,#887,.F.);
#1900=EDGE_CURVE('',#1527,#1526,#1103,.T.);
#1901=EDGE_CURVE('',#1525,#1528,#1104,.T.);
#1902=EDGE_CURVE('',#1528,#1529,#165,.T.);
#1903=EDGE_CURVE('',#1529,#1527,#888,.T.);
#1904=EDGE_CURVE('',#1530,#1516,#889,.F.);
#1905=EDGE_CURVE('',#1524,#1530,#890,.F.);
#1906=EDGE_CURVE('',#1531,#1524,#1105,.T.);
#1907=EDGE_CURVE('',#1530,#1532,#1106,.T.);
#1908=EDGE_CURVE('',#1532,#1533,#891,.T.);
#1909=EDGE_CURVE('',#1533,#1531,#166,.T.);
#1910=EDGE_CURVE('',#1526,#1530,#892,.T.);
#1911=EDGE_CURVE('',#1528,#1531,#893,.T.);
#1912=EDGE_CURVE('',#1533,#1529,#894,.T.);
#1913=EDGE_CURVE('',#1508,#1525,#895,.T.);
#1914=EDGE_CURVE('',#1527,#1532,#896,.T.);
#1915=EDGE_CURVE('',#1534,#1535,#897,.T.);
#1916=EDGE_CURVE('',#1534,#1536,#1107,.T.);
#1917=EDGE_CURVE('',#1536,#1537,#898,.T.);
#1918=EDGE_CURVE('',#1538,#1537,#167,.T.);
#1919=EDGE_CURVE('',#1539,#1538,#899,.T.);
#1920=EDGE_CURVE('',#1540,#1539,#1108,.T.);
#1921=EDGE_CURVE('',#1541,#1540,#900,.T.);
#1922=EDGE_CURVE('',#1542,#1541,#1109,.T.);
#1923=EDGE_CURVE('',#1543,#1542,#901,.T.);
#1924=EDGE_CURVE('',#1544,#1543,#168,.T.);
#1925=EDGE_CURVE('',#1544,#1545,#902,.T.);
#1926=EDGE_CURVE('',#1546,#1545,#169,.T.);
#1927=EDGE_CURVE('',#1547,#1546,#903,.T.);
#1928=EDGE_CURVE('',#1548,#1547,#1110,.T.);
#1929=EDGE_CURVE('',#1549,#1548,#904,.T.);
#1930=EDGE_CURVE('',#1550,#1549,#1111,.T.);
#1931=EDGE_CURVE('',#1551,#1550,#905,.T.);
#1932=EDGE_CURVE('',#1552,#1551,#170,.T.);
#1933=EDGE_CURVE('',#1552,#1553,#906,.T.);
#1934=EDGE_CURVE('',#1554,#1553,#171,.T.);
#1935=EDGE_CURVE('',#1555,#1554,#907,.T.);
#1936=EDGE_CURVE('',#1556,#1555,#1112,.T.);
#1937=EDGE_CURVE('',#1557,#1556,#908,.T.);
#1938=EDGE_CURVE('',#1558,#1557,#1113,.T.);
#1939=EDGE_CURVE('',#1559,#1558,#909,.T.);
#1940=EDGE_CURVE('',#1560,#1559,#172,.T.);
#1941=EDGE_CURVE('',#1560,#1522,#910,.T.);
#1942=EDGE_CURVE('',#1507,#1561,#911,.T.);
#1943=EDGE_CURVE('',#1562,#1561,#173,.T.);
#1944=EDGE_CURVE('',#1563,#1562,#912,.T.);
#1945=EDGE_CURVE('',#1564,#1563,#1114,.T.);
#1946=EDGE_CURVE('',#1565,#1564,#913,.T.);
#1947=EDGE_CURVE('',#1566,#1565,#1115,.T.);
#1948=EDGE_CURVE('',#1567,#1566,#914,.T.);
#1949=EDGE_CURVE('',#1568,#1567,#174,.T.);
#1950=EDGE_CURVE('',#1569,#1568,#915,.T.);
#1951=EDGE_CURVE('',#1570,#1569,#175,.T.);
#1952=EDGE_CURVE('',#1571,#1570,#916,.T.);
#1953=EDGE_CURVE('',#1572,#1571,#1116,.T.);
#1954=EDGE_CURVE('',#1573,#1572,#917,.T.);
#1955=EDGE_CURVE('',#1574,#1573,#1117,.T.);
#1956=EDGE_CURVE('',#1575,#1574,#918,.T.);
#1957=EDGE_CURVE('',#1576,#1575,#176,.T.);
#1958=EDGE_CURVE('',#1576,#1536,#919,.T.);
#1959=EDGE_CURVE('',#1535,#1534,#920,.T.);
#1960=EDGE_CURVE('',#1519,#1514,#1118,.T.);
#1961=EDGE_CURVE('',#1577,#1514,#1119,.T.);
#1962=EDGE_CURVE('',#1510,#1577,#1120,.T.);
#1963=EDGE_CURVE('',#1578,#1519,#1121,.T.);
#1964=EDGE_CURVE('',#1577,#1578,#1122,.T.);
#1965=EDGE_CURVE('',#1579,#1580,#1482,.T.);
#1966=EDGE_CURVE('',#1579,#1581,#1123,.T.);
#1967=EDGE_CURVE('',#1581,#1582,#921,.T.);
#1968=EDGE_CURVE('',#1582,#1580,#1124,.T.);
#1969=EDGE_CURVE('',#1559,#1582,#177,.T.);
#1970=EDGE_CURVE('',#1581,#1583,#178,.T.);
#1971=EDGE_CURVE('',#1583,#1560,#179,.T.);
#1972=EDGE_CURVE('',#1584,#1579,#1125,.T.);
#1973=EDGE_CURVE('',#1585,#1584,#1126,.T.);
#1974=EDGE_CURVE('',#1585,#1586,#1127,.T.);
#1975=EDGE_CURVE('',#1583,#1586,#180,.T.);
#1976=EDGE_CURVE('',#1580,#1587,#1128,.T.);
#1977=EDGE_CURVE('',#1587,#1588,#1483,.T.);
#1978=EDGE_CURVE('',#1588,#1579,#1129,.T.);
#1979=EDGE_CURVE('',#1589,#1582,#922,.T.);
#1980=EDGE_CURVE('',#1590,#1589,#923,.T.);
#1981=EDGE_CURVE('',#1591,#1590,#924,.T.);
#1982=EDGE_CURVE('',#1592,#1591,#1130,.T.);
#1983=EDGE_CURVE('',#1587,#1592,#1131,.T.);
#1984=EDGE_CURVE('',#1592,#1593,#1484,.T.);
#1985=EDGE_CURVE('',#1591,#1594,#925,.T.);
#1986=EDGE_CURVE('',#1594,#1593,#1132,.T.);
#1987=EDGE_CURVE('',#1595,#1553,#181,.F.);
#1988=EDGE_CURVE('',#1595,#1594,#182,.T.);
#1989=EDGE_CURVE('',#1591,#1554,#183,.T.);
#1990=EDGE_CURVE('',#1590,#1555,#926,.F.);
#1991=EDGE_CURVE('',#1558,#1589,#927,.F.);
#1992=EDGE_CURVE('',#1596,#1558,#928,.F.);
#1993=EDGE_CURVE('',#1589,#1596,#929,.F.);
#1994=EDGE_CURVE('',#1597,#1596,#1133,.T.);
#1995=EDGE_CURVE('',#1557,#1598,#184,.T.);
#1996=EDGE_CURVE('',#1598,#1597,#930,.T.);
#1997=EDGE_CURVE('',#1599,#1590,#931,.F.);
#1998=EDGE_CURVE('',#1555,#1599,#932,.F.);
#1999=EDGE_CURVE('',#1599,#1600,#1134,.T.);
#2000=EDGE_CURVE('',#1600,#1601,#933,.T.);
#2001=EDGE_CURVE('',#1601,#1556,#185,.T.);
#2002=EDGE_CURVE('',#1596,#1599,#934,.T.);
#2003=EDGE_CURVE('',#1601,#1598,#935,.T.);
#2004=EDGE_CURVE('',#1597,#1600,#936,.T.);
#2005=EDGE_CURVE('',#1593,#1588,#1135,.T.);
#2006=EDGE_CURVE('',#1602,#1588,#1136,.T.);
#2007=EDGE_CURVE('',#1584,#1602,#1137,.T.);
#2008=EDGE_CURVE('',#1603,#1593,#1138,.T.);
#2009=EDGE_CURVE('',#1602,#1603,#1139,.T.);
#2010=EDGE_CURVE('',#1604,#1605,#1485,.T.);
#2011=EDGE_CURVE('',#1604,#1606,#1140,.T.);
#2012=EDGE_CURVE('',#1606,#1607,#937,.T.);
#2013=EDGE_CURVE('',#1607,#1605,#1141,.T.);
#2014=EDGE_CURVE('',#1551,#1607,#186,.T.);
#2015=EDGE_CURVE('',#1606,#1608,#187,.T.);
#2016=EDGE_CURVE('',#1608,#1552,#188,.T.);
#2017=EDGE_CURVE('',#1609,#1604,#1142,.T.);
#2018=EDGE_CURVE('',#1610,#1609,#1143,.T.);
#2019=EDGE_CURVE('',#1610,#1611,#1144,.T.);
#2020=EDGE_CURVE('',#1608,#1611,#189,.T.);
#2021=EDGE_CURVE('',#1605,#1612,#1145,.T.);
#2022=EDGE_CURVE('',#1612,#1613,#1486,.T.);
#2023=EDGE_CURVE('',#1613,#1604,#1146,.T.);
#2024=EDGE_CURVE('',#1614,#1607,#938,.T.);
#2025=EDGE_CURVE('',#1615,#1614,#939,.T.);
#2026=EDGE_CURVE('',#1616,#1615,#940,.T.);
#2027=EDGE_CURVE('',#1617,#1616,#1147,.T.);
#2028=EDGE_CURVE('',#1612,#1617,#1148,.T.);
#2029=EDGE_CURVE('',#1617,#1618,#1487,.T.);
#2030=EDGE_CURVE('',#1616,#1619,#941,.T.);
#2031=EDGE_CURVE('',#1619,#1618,#1149,.T.);
#2032=EDGE_CURVE('',#1620,#1545,#190,.F.);
#2033=EDGE_CURVE('',#1620,#1619,#191,.T.);
#2034=EDGE_CURVE('',#1616,#1546,#192,.T.);
#2035=EDGE_CURVE('',#1615,#1547,#942,.F.);
#2036=EDGE_CURVE('',#1550,#1614,#943,.F.);
#2037=EDGE_CURVE('',#1621,#1550,#944,.F.);
#2038=EDGE_CURVE('',#1614,#1621,#945,.F.);
#2039=EDGE_CURVE('',#1622,#1621,#1150,.T.);
#2040=EDGE_CURVE('',#1549,#1623,#193,.T.);
#2041=EDGE_CURVE('',#1623,#1622,#946,.T.);
#2042=EDGE_CURVE('',#1624,#1615,#947,.F.);
#2043=EDGE_CURVE('',#1547,#1624,#948,.F.);
#2044=EDGE_CURVE('',#1624,#1625,#1151,.T.);
#2045=EDGE_CURVE('',#1625,#1626,#949,.T.);
#2046=EDGE_CURVE('',#1626,#1548,#194,.T.);
#2047=EDGE_CURVE('',#1621,#1624,#950,.T.);
#2048=EDGE_CURVE('',#1626,#1623,#951,.T.);
#2049=EDGE_CURVE('',#1622,#1625,#952,.T.);
#2050=EDGE_CURVE('',#1618,#1613,#1152,.T.);
#2051=EDGE_CURVE('',#1627,#1613,#1153,.T.);
#2052=EDGE_CURVE('',#1609,#1627,#1154,.T.);
#2053=EDGE_CURVE('',#1628,#1618,#1155,.T.);
#2054=EDGE_CURVE('',#1627,#1628,#1156,.T.);
#2055=EDGE_CURVE('',#1629,#1630,#1488,.T.);
#2056=EDGE_CURVE('',#1629,#1631,#1157,.T.);
#2057=EDGE_CURVE('',#1631,#1632,#953,.T.);
#2058=EDGE_CURVE('',#1632,#1630,#1158,.T.);
#2059=EDGE_CURVE('',#1543,#1632,#195,.T.);
#2060=EDGE_CURVE('',#1631,#1633,#196,.T.);
#2061=EDGE_CURVE('',#1633,#1544,#197,.T.);
#2062=EDGE_CURVE('',#1634,#1629,#1159,.T.);
#2063=EDGE_CURVE('',#1635,#1634,#1160,.T.);
#2064=EDGE_CURVE('',#1635,#1636,#1161,.T.);
#2065=EDGE_CURVE('',#1633,#1636,#198,.T.);
#2066=EDGE_CURVE('',#1630,#1637,#1162,.T.);
#2067=EDGE_CURVE('',#1637,#1638,#1489,.T.);
#2068=EDGE_CURVE('',#1638,#1629,#1163,.T.);
#2069=EDGE_CURVE('',#1639,#1632,#954,.T.);
#2070=EDGE_CURVE('',#1640,#1639,#955,.T.);
#2071=EDGE_CURVE('',#1641,#1640,#956,.T.);
#2072=EDGE_CURVE('',#1642,#1641,#1164,.T.);
#2073=EDGE_CURVE('',#1637,#1642,#1165,.T.);
#2074=EDGE_CURVE('',#1642,#1643,#1490,.T.);
#2075=EDGE_CURVE('',#1641,#1644,#957,.T.);
#2076=EDGE_CURVE('',#1644,#1643,#1166,.T.);
#2077=EDGE_CURVE('',#1645,#1537,#199,.F.);
#2078=EDGE_CURVE('',#1645,#1644,#200,.T.);
#2079=EDGE_CURVE('',#1641,#1538,#201,.T.);
#2080=EDGE_CURVE('',#1640,#1539,#958,.F.);
#2081=EDGE_CURVE('',#1542,#1639,#959,.F.);
#2082=EDGE_CURVE('',#1646,#1542,#960,.F.);
#2083=EDGE_CURVE('',#1639,#1646,#961,.F.);
#2084=EDGE_CURVE('',#1647,#1646,#1167,.T.);
#2085=EDGE_CURVE('',#1541,#1648,#202,.T.);
#2086=EDGE_CURVE('',#1648,#1647,#962,.T.);
#2087=EDGE_CURVE('',#1649,#1640,#963,.F.);
#2088=EDGE_CURVE('',#1539,#1649,#964,.F.);
#2089=EDGE_CURVE('',#1649,#1650,#1168,.T.);
#2090=EDGE_CURVE('',#1650,#1651,#965,.T.);
#2091=EDGE_CURVE('',#1651,#1540,#203,.T.);
#2092=EDGE_CURVE('',#1646,#1649,#966,.T.);
#2093=EDGE_CURVE('',#1651,#1648,#967,.T.);
#2094=EDGE_CURVE('',#1647,#1650,#968,.T.);
#2095=EDGE_CURVE('',#1643,#1638,#1169,.T.);
#2096=EDGE_CURVE('',#1652,#1638,#1170,.T.);
#2097=EDGE_CURVE('',#1634,#1652,#1171,.T.);
#2098=EDGE_CURVE('',#1653,#1643,#1172,.T.);
#2099=EDGE_CURVE('',#1652,#1653,#1173,.T.);
#2100=EDGE_CURVE('',#1654,#1655,#1491,.T.);
#2101=EDGE_CURVE('',#1654,#1656,#1174,.T.);
#2102=EDGE_CURVE('',#1656,#1657,#969,.T.);
#2103=EDGE_CURVE('',#1657,#1655,#1175,.T.);
#2104=EDGE_CURVE('',#1575,#1657,#204,.T.);
#2105=EDGE_CURVE('',#1656,#1658,#205,.T.);
#2106=EDGE_CURVE('',#1658,#1576,#206,.T.);
#2107=EDGE_CURVE('',#1659,#1654,#1176,.T.);
#2108=EDGE_CURVE('',#1660,#1659,#1177,.T.);
#2109=EDGE_CURVE('',#1660,#1661,#1178,.T.);
#2110=EDGE_CURVE('',#1658,#1661,#207,.T.);
#2111=EDGE_CURVE('',#1655,#1662,#1179,.T.);
#2112=EDGE_CURVE('',#1662,#1663,#1492,.T.);
#2113=EDGE_CURVE('',#1663,#1654,#1180,.T.);
#2114=EDGE_CURVE('',#1664,#1657,#970,.T.);
#2115=EDGE_CURVE('',#1665,#1664,#971,.T.);
#2116=EDGE_CURVE('',#1666,#1665,#972,.T.);
#2117=EDGE_CURVE('',#1667,#1666,#1181,.T.);
#2118=EDGE_CURVE('',#1662,#1667,#1182,.T.);
#2119=EDGE_CURVE('',#1667,#1668,#1493,.T.);
#2120=EDGE_CURVE('',#1666,#1669,#973,.T.);
#2121=EDGE_CURVE('',#1669,#1668,#1183,.T.);
#2122=EDGE_CURVE('',#1670,#1569,#208,.F.);
#2123=EDGE_CURVE('',#1670,#1669,#209,.T.);
#2124=EDGE_CURVE('',#1666,#1570,#210,.T.);
#2125=EDGE_CURVE('',#1665,#1571,#974,.F.);
#2126=EDGE_CURVE('',#1574,#1664,#975,.F.);
#2127=EDGE_CURVE('',#1671,#1574,#976,.F.);
#2128=EDGE_CURVE('',#1664,#1671,#977,.F.);
#2129=EDGE_CURVE('',#1672,#1671,#1184,.T.);
#2130=EDGE_CURVE('',#1573,#1673,#211,.T.);
#2131=EDGE_CURVE('',#1673,#1672,#978,.T.);
#2132=EDGE_CURVE('',#1674,#1665,#979,.F.);
#2133=EDGE_CURVE('',#1571,#1674,#980,.F.);
#2134=EDGE_CURVE('',#1674,#1675,#1185,.T.);
#2135=EDGE_CURVE('',#1675,#1676,#981,.T.);
#2136=EDGE_CURVE('',#1676,#1572,#212,.T.);
#2137=EDGE_CURVE('',#1671,#1674,#982,.T.);
#2138=EDGE_CURVE('',#1676,#1673,#983,.T.);
#2139=EDGE_CURVE('',#1672,#1675,#984,.T.);
#2140=EDGE_CURVE('',#1668,#1663,#1186,.T.);
#2141=EDGE_CURVE('',#1677,#1663,#1187,.T.);
#2142=EDGE_CURVE('',#1659,#1677,#1188,.T.);
#2143=EDGE_CURVE('',#1678,#1668,#1189,.T.);
#2144=EDGE_CURVE('',#1677,#1678,#1190,.T.);
#2145=EDGE_CURVE('',#1512,#1679,#213,.T.);
#2146=EDGE_CURVE('',#1679,#1511,#1191,.T.);
#2147=EDGE_CURVE('',#1680,#1679,#985,.T.);
#2148=EDGE_CURVE('',#1578,#1681,#1192,.T.);
#2149=EDGE_CURVE('',#1681,#1680,#1193,.T.);
#2150=EDGE_CURVE('',#1682,#1682,#986,.T.);
#2151=EDGE_CURVE('',#1680,#1683,#214,.T.);
#2152=EDGE_CURVE('',#1681,#1683,#1194,.T.);
#2153=EDGE_CURVE('',#1683,#1521,#215,.T.);
#2154=EDGE_CURVE('',#1682,#1684,#1195,.T.);
#2155=EDGE_CURVE('',#1684,#1684,#987,.T.);
#2156=EDGE_CURVE('',#1586,#1685,#216,.T.);
#2157=EDGE_CURVE('',#1685,#1585,#1196,.T.);
#2158=EDGE_CURVE('',#1686,#1685,#988,.T.);
#2159=EDGE_CURVE('',#1603,#1687,#1197,.T.);
#2160=EDGE_CURVE('',#1687,#1686,#1198,.T.);
#2161=EDGE_CURVE('',#1688,#1688,#989,.T.);
#2162=EDGE_CURVE('',#1686,#1689,#217,.T.);
#2163=EDGE_CURVE('',#1687,#1689,#1199,.T.);
#2164=EDGE_CURVE('',#1689,#1595,#218,.T.);
#2165=EDGE_CURVE('',#1688,#1690,#1200,.T.);
#2166=EDGE_CURVE('',#1690,#1690,#990,.T.);
#2167=EDGE_CURVE('',#1611,#1691,#219,.T.);
#2168=EDGE_CURVE('',#1691,#1610,#1201,.T.);
#2169=EDGE_CURVE('',#1692,#1691,#991,.T.);
#2170=EDGE_CURVE('',#1628,#1693,#1202,.T.);
#2171=EDGE_CURVE('',#1693,#1692,#1203,.T.);
#2172=EDGE_CURVE('',#1694,#1694,#992,.T.);
#2173=EDGE_CURVE('',#1692,#1695,#220,.T.);
#2174=EDGE_CURVE('',#1693,#1695,#1204,.T.);
#2175=EDGE_CURVE('',#1695,#1620,#221,.T.);
#2176=EDGE_CURVE('',#1694,#1696,#1205,.T.);
#2177=EDGE_CURVE('',#1696,#1696,#993,.T.);
#2178=EDGE_CURVE('',#1636,#1697,#222,.T.);
#2179=EDGE_CURVE('',#1697,#1635,#1206,.T.);
#2180=EDGE_CURVE('',#1698,#1697,#994,.T.);
#2181=EDGE_CURVE('',#1653,#1699,#1207,.T.);
#2182=EDGE_CURVE('',#1699,#1698,#1208,.T.);
#2183=EDGE_CURVE('',#1700,#1700,#995,.T.);
#2184=EDGE_CURVE('',#1698,#1701,#223,.T.);
#2185=EDGE_CURVE('',#1699,#1701,#1209,.T.);
#2186=EDGE_CURVE('',#1701,#1645,#224,.T.);
#2187=EDGE_CURVE('',#1700,#1702,#1210,.T.);
#2188=EDGE_CURVE('',#1702,#1702,#996,.T.);
#2189=EDGE_CURVE('',#1661,#1703,#225,.T.);
#2190=EDGE_CURVE('',#1703,#1660,#1211,.T.);
#2191=EDGE_CURVE('',#1704,#1703,#997,.T.);
#2192=EDGE_CURVE('',#1678,#1705,#1212,.T.);
#2193=EDGE_CURVE('',#1705,#1704,#1213,.T.);
#2194=EDGE_CURVE('',#1706,#1706,#998,.T.);
#2195=EDGE_CURVE('',#1704,#1707,#226,.T.);
#2196=EDGE_CURVE('',#1705,#1707,#1214,.T.);
#2197=EDGE_CURVE('',#1707,#1670,#227,.T.);
#2198=EDGE_CURVE('',#1706,#1708,#1215,.T.);
#2199=EDGE_CURVE('',#1708,#1708,#999,.T.);
#2200=EDGE_CURVE('',#1709,#1568,#228,.T.);
#2201=EDGE_CURVE('',#1709,#1710,#229,.T.);
#2202=EDGE_CURVE('',#1710,#1711,#230,.T.);
#2203=EDGE_CURVE('',#1711,#1704,#1000,.T.);
#2204=EDGE_CURVE('',#1703,#1698,#1001,.T.);
#2205=EDGE_CURVE('',#1697,#1692,#1002,.T.);
#2206=EDGE_CURVE('',#1691,#1686,#1003,.T.);
#2207=EDGE_CURVE('',#1685,#1712,#1004,.T.);
#2208=EDGE_CURVE('',#1712,#1680,#1005,.T.);
#2209=EDGE_CURVE('',#1679,#1713,#1006,.T.);
#2210=EDGE_CURVE('',#1713,#1714,#231,.T.);
#2211=EDGE_CURVE('',#1714,#1715,#232,.T.);
#2212=EDGE_CURVE('',#1715,#1561,#233,.F.);
#2213=EDGE_CURVE('',#1716,#1717,#1494,.T.);
#2214=EDGE_CURVE('',#1716,#1718,#1216,.T.);
#2215=EDGE_CURVE('',#1718,#1719,#1007,.T.);
#2216=EDGE_CURVE('',#1719,#1717,#1217,.T.);
#2217=EDGE_CURVE('',#1567,#1719,#234,.T.);
#2218=EDGE_CURVE('',#1718,#1709,#235,.T.);
#2219=EDGE_CURVE('',#1720,#1716,#1218,.T.);
#2220=EDGE_CURVE('',#1721,#1720,#1219,.T.);
#2221=EDGE_CURVE('',#1721,#1710,#1220,.T.);
#2222=EDGE_CURVE('',#1717,#1722,#1221,.T.);
#2223=EDGE_CURVE('',#1722,#1723,#1495,.T.);
#2224=EDGE_CURVE('',#1723,#1716,#1222,.T.);
#2225=EDGE_CURVE('',#1724,#1719,#1008,.T.);
#2226=EDGE_CURVE('',#1725,#1724,#1009,.T.);
#2227=EDGE_CURVE('',#1726,#1725,#1010,.T.);
#2228=EDGE_CURVE('',#1727,#1726,#1223,.T.);
#2229=EDGE_CURVE('',#1722,#1727,#1224,.T.);
#2230=EDGE_CURVE('',#1727,#1728,#1496,.T.);
#2231=EDGE_CURVE('',#1726,#1729,#1011,.T.);
#2232=EDGE_CURVE('',#1729,#1728,#1225,.T.);
#2233=EDGE_CURVE('',#1715,#1729,#236,.T.);
#2234=EDGE_CURVE('',#1726,#1562,#237,.T.);
#2235=EDGE_CURVE('',#1725,#1563,#1012,.F.);
#2236=EDGE_CURVE('',#1724,#1730,#1013,.F.);
#2237=EDGE_CURVE('',#1566,#1724,#1014,.F.);
#2238=EDGE_CURVE('',#1730,#1566,#1015,.F.);
#2239=EDGE_CURVE('',#1731,#1730,#1226,.T.);
#2240=EDGE_CURVE('',#1565,#1732,#238,.T.);
#2241=EDGE_CURVE('',#1732,#1731,#1016,.T.);
#2242=EDGE_CURVE('',#1733,#1725,#1017,.F.);
#2243=EDGE_CURVE('',#1563,#1733,#1018,.F.);
#2244=EDGE_CURVE('',#1730,#1733,#1019,.T.);
#2245=EDGE_CURVE('',#1733,#1734,#1227,.T.);
#2246=EDGE_CURVE('',#1734,#1735,#1020,.T.);
#2247=EDGE_CURVE('',#1735,#1564,#239,.T.);
#2248=EDGE_CURVE('',#1735,#1732,#1021,.T.);
#2249=EDGE_CURVE('',#1731,#1734,#1022,.T.);
#2250=EDGE_CURVE('',#1728,#1723,#1228,.T.);
#2251=EDGE_CURVE('',#1736,#1723,#1229,.T.);
#2252=EDGE_CURVE('',#1720,#1736,#1230,.T.);
#2253=EDGE_CURVE('',#1737,#1728,#1231,.T.);
#2254=EDGE_CURVE('',#1736,#1737,#1232,.T.);
#2255=EDGE_CURVE('',#1711,#1721,#1233,.T.);
#2256=EDGE_CURVE('',#1738,#1713,#1234,.T.);
#2257=EDGE_CURVE('',#1738,#1714,#1235,.T.);
#2258=EDGE_CURVE('',#1737,#1738,#1236,.T.);
#2259=EDGE_CURVE('',#1713,#1711,#1023,.T.);
#2260=EDGE_CURVE('',#1739,#1739,#1024,.T.);
#2261=EDGE_CURVE('',#1739,#1740,#1237,.T.);
#2262=EDGE_CURVE('',#1740,#1740,#1025,.T.);
#2263=EDGE_CURVE('',#1741,#1741,#1026,.T.);
#2264=EDGE_CURVE('',#1741,#1535,#1027,.T.);
#2265=EDGE_CURVE('',#1742,#1743,#1028,.T.);
#2266=EDGE_CURVE('',#1744,#1742,#1238,.T.);
#2267=EDGE_CURVE('',#1745,#1744,#1029,.T.);
#2268=EDGE_CURVE('',#1746,#1745,#1239,.T.);
#2269=EDGE_CURVE('',#1747,#1746,#1030,.T.);
#2270=EDGE_CURVE('',#1748,#1747,#1240,.T.);
#2271=EDGE_CURVE('',#1749,#1748,#1031,.T.);
#2272=EDGE_CURVE('',#1750,#1749,#1241,.T.);
#2273=EDGE_CURVE('',#1751,#1750,#1032,.T.);
#2274=EDGE_CURVE('',#1752,#1751,#1242,.T.);
#2275=EDGE_CURVE('',#1753,#1752,#1033,.T.);
#2276=EDGE_CURVE('',#1743,#1753,#1243,.T.);
#2277=EDGE_CURVE('',#1754,#1754,#1034,.T.);
#2278=EDGE_CURVE('',#1754,#1755,#1035,.T.);
#2279=EDGE_CURVE('',#1755,#1756,#1036,.T.);
#2280=EDGE_CURVE('',#1756,#1755,#1037,.T.);
#2281=EDGE_CURVE('',#1757,#1758,#1038,.T.);
#2282=EDGE_CURVE('',#1757,#1756,#1244,.T.);
#2283=EDGE_CURVE('',#1758,#1757,#1039,.T.);
#2284=EDGE_CURVE('',#1759,#1759,#1040,.T.);
#2285=EDGE_CURVE('',#1760,#1761,#240,.T.);
#2286=EDGE_CURVE('',#1761,#1762,#1041,.T.);
#2287=EDGE_CURVE('',#1762,#1763,#241,.T.);
#2288=EDGE_CURVE('',#1763,#1742,#242,.T.);
#2289=EDGE_CURVE('',#1743,#1760,#243,.T.);
#2290=EDGE_CURVE('',#1764,#1763,#1497,.T.);
#2291=EDGE_CURVE('',#1764,#1765,#1245,.T.);
#2292=EDGE_CURVE('',#1744,#1765,#244,.T.);
#2293=EDGE_CURVE('',#1762,#1766,#1246,.T.);
#2294=EDGE_CURVE('',#1766,#1767,#1042,.T.);
#2295=EDGE_CURVE('',#1767,#1764,#1247,.T.);
#2296=EDGE_CURVE('',#1768,#1761,#1248,.T.);
#2297=EDGE_CURVE('',#1769,#1768,#245,.T.);
#2298=EDGE_CURVE('',#1770,#1769,#246,.T.);
#2299=EDGE_CURVE('',#1771,#1770,#1249,.T.);
#2300=EDGE_CURVE('',#1772,#1771,#247,.T.);
#2301=EDGE_CURVE('',#1773,#1772,#248,.T.);
#2302=EDGE_CURVE('',#1774,#1773,#1043,.T.);
#2303=EDGE_CURVE('',#1775,#1774,#249,.T.);
#2304=EDGE_CURVE('',#1776,#1775,#1250,.T.);
#2305=EDGE_CURVE('',#1777,#1776,#1044,.T.);
#2306=EDGE_CURVE('',#1778,#1777,#1251,.T.);
#2307=EDGE_CURVE('',#1779,#1778,#250,.T.);
#2308=EDGE_CURVE('',#1780,#1779,#251,.T.);
#2309=EDGE_CURVE('',#1781,#1780,#1252,.T.);
#2310=EDGE_CURVE('',#1782,#1781,#252,.T.);
#2311=EDGE_CURVE('',#1783,#1782,#253,.T.);
#2312=EDGE_CURVE('',#1784,#1783,#1045,.T.);
#2313=EDGE_CURVE('',#1785,#1784,#254,.T.);
#2314=EDGE_CURVE('',#1786,#1785,#1253,.T.);
#2315=EDGE_CURVE('',#1787,#1786,#1046,.T.);
#2316=EDGE_CURVE('',#1787,#1759,#1254,.T.);
#2317=EDGE_CURVE('',#1788,#1787,#1047,.T.);
#2318=EDGE_CURVE('',#1789,#1788,#1255,.T.);
#2319=EDGE_CURVE('',#1790,#1789,#255,.T.);
#2320=EDGE_CURVE('',#1791,#1790,#256,.T.);
#2321=EDGE_CURVE('',#1792,#1791,#1256,.T.);
#2322=EDGE_CURVE('',#1793,#1792,#257,.T.);
#2323=EDGE_CURVE('',#1794,#1793,#258,.T.);
#2324=EDGE_CURVE('',#1795,#1794,#1048,.T.);
#2325=EDGE_CURVE('',#1766,#1795,#259,.T.);
#2326=EDGE_CURVE('',#1796,#1788,#260,.T.);
#2327=EDGE_CURVE('',#1786,#1797,#261,.T.);
#2328=EDGE_CURVE('',#1797,#1747,#262,.T.);
#2329=EDGE_CURVE('',#1746,#1796,#263,.T.);
#2330=EDGE_CURVE('',#1798,#1797,#1498,.T.);
#2331=EDGE_CURVE('',#1798,#1799,#1257,.T.);
#2332=EDGE_CURVE('',#1748,#1799,#264,.T.);
#2333=EDGE_CURVE('',#1785,#1800,#1049,.T.);
#2334=EDGE_CURVE('',#1800,#1798,#1258,.T.);
#2335=EDGE_CURVE('',#1801,#1777,#265,.T.);
#2336=EDGE_CURVE('',#1776,#1802,#266,.T.);
#2337=EDGE_CURVE('',#1802,#1751,#267,.T.);
#2338=EDGE_CURVE('',#1750,#1801,#268,.T.);
#2339=EDGE_CURVE('',#1803,#1802,#1499,.T.);
#2340=EDGE_CURVE('',#1803,#1804,#1259,.T.);
#2341=EDGE_CURVE('',#1752,#1804,#269,.T.);
#2342=EDGE_CURVE('',#1775,#1805,#1050,.T.);
#2343=EDGE_CURVE('',#1805,#1803,#1260,.T.);
#2344=EDGE_CURVE('',#1806,#1806,#1051,.T.);
#2345=EDGE_CURVE('',#1806,#1758,#1052,.T.);
#2346=EDGE_CURVE('',#1807,#1807,#1053,.T.);
#2347=EDGE_CURVE('',#1808,#1809,#1054,.F.);
#2348=EDGE_CURVE('',#1789,#1808,#1055,.F.);
#2349=EDGE_CURVE('',#1809,#1789,#1056,.F.);
#2350=EDGE_CURVE('',#1796,#1810,#1500,.T.);
#2351=EDGE_CURVE('',#1810,#1809,#1261,.T.);
#2352=EDGE_CURVE('',#1745,#1811,#270,.T.);
#2353=EDGE_CURVE('',#1811,#1810,#1262,.T.);
#2354=EDGE_CURVE('',#1812,#1790,#1057,.T.);
#2355=EDGE_CURVE('',#1813,#1812,#271,.F.);
#2356=EDGE_CURVE('',#1791,#1813,#1058,.T.);
#2357=EDGE_CURVE('',#1808,#1812,#272,.T.);
#2358=EDGE_CURVE('',#1814,#1815,#273,.T.);
#2359=EDGE_CURVE('',#1814,#1813,#274,.T.);
#2360=EDGE_CURVE('',#1812,#1815,#275,.T.);
#2361=EDGE_CURVE('',#1765,#1811,#1059,.T.);
#2362=EDGE_CURVE('',#1816,#1817,#276,.F.);
#2363=EDGE_CURVE('',#1793,#1816,#1060,.T.);
#2364=EDGE_CURVE('',#1817,#1792,#1061,.T.);
#2365=EDGE_CURVE('',#1818,#1795,#1062,.T.);
#2366=EDGE_CURVE('',#1767,#1818,#277,.F.);
#2367=EDGE_CURVE('',#1816,#1819,#278,.T.);
#2368=EDGE_CURVE('',#1819,#1794,#1063,.T.);
#2369=EDGE_CURVE('',#1819,#1818,#1064,.T.);
#2370=EDGE_CURVE('',#1820,#1821,#279,.T.);
#2371=EDGE_CURVE('',#1820,#1767,#1263,.T.);
#2372=EDGE_CURVE('',#1818,#1821,#1264,.T.);
#2373=EDGE_CURVE('',#1813,#1817,#1265,.T.);
#2374=EDGE_CURVE('',#1822,#1823,#280,.T.);
#2375=EDGE_CURVE('',#1822,#1816,#281,.T.);
#2376=EDGE_CURVE('',#1817,#1823,#282,.T.);
#2377=EDGE_CURVE('',#1824,#1825,#283,.F.);
#2378=EDGE_CURVE('',#1825,#1808,#284,.T.);
#2379=EDGE_CURVE('',#1809,#1824,#285,.T.);
#2380=EDGE_CURVE('',#1826,#1822,#286,.T.);
#2381=EDGE_CURVE('',#1819,#1826,#287,.T.);
#2382=EDGE_CURVE('',#1823,#1814,#288,.T.);
#2383=EDGE_CURVE('',#1825,#1815,#289,.T.);
#2384=EDGE_CURVE('',#1827,#1824,#1266,.T.);
#2385=EDGE_CURVE('',#1826,#1827,#1065,.T.);
#2386=EDGE_CURVE('',#1828,#1829,#1066,.F.);
#2387=EDGE_CURVE('',#1778,#1828,#1067,.F.);
#2388=EDGE_CURVE('',#1829,#1778,#1068,.F.);
#2389=EDGE_CURVE('',#1801,#1830,#1501,.T.);
#2390=EDGE_CURVE('',#1830,#1829,#1267,.T.);
#2391=EDGE_CURVE('',#1749,#1831,#290,.T.);
#2392=EDGE_CURVE('',#1831,#1830,#1268,.T.);
#2393=EDGE_CURVE('',#1832,#1779,#1069,.T.);
#2394=EDGE_CURVE('',#1833,#1832,#291,.F.);
#2395=EDGE_CURVE('',#1780,#1833,#1070,.T.);
#2396=EDGE_CURVE('',#1828,#1832,#292,.T.);
#2397=EDGE_CURVE('',#1834,#1835,#293,.T.);
#2398=EDGE_CURVE('',#1834,#1833,#294,.T.);
#2399=EDGE_CURVE('',#1832,#1835,#295,.T.);
#2400=EDGE_CURVE('',#1799,#1831,#1071,.T.);
#2401=EDGE_CURVE('',#1836,#1837,#296,.F.);
#2402=EDGE_CURVE('',#1782,#1836,#1072,.T.);
#2403=EDGE_CURVE('',#1837,#1781,#1073,.T.);
#2404=EDGE_CURVE('',#1838,#1784,#1074,.T.);
#2405=EDGE_CURVE('',#1800,#1838,#297,.F.);
#2406=EDGE_CURVE('',#1836,#1839,#298,.T.);
#2407=EDGE_CURVE('',#1839,#1783,#1075,.T.);
#2408=EDGE_CURVE('',#1839,#1838,#1076,.T.);
#2409=EDGE_CURVE('',#1840,#1841,#299,.T.);
#2410=EDGE_CURVE('',#1840,#1800,#1269,.T.);
#2411=EDGE_CURVE('',#1838,#1841,#1270,.T.);
#2412=EDGE_CURVE('',#1833,#1837,#1271,.T.);
#2413=EDGE_CURVE('',#1842,#1843,#300,.T.);
#2414=EDGE_CURVE('',#1842,#1836,#301,.T.);
#2415=EDGE_CURVE('',#1837,#1843,#302,.T.);
#2416=EDGE_CURVE('',#1844,#1845,#303,.F.);
#2417=EDGE_CURVE('',#1845,#1828,#304,.T.);
#2418=EDGE_CURVE('',#1829,#1844,#305,.T.);
#2419=EDGE_CURVE('',#1846,#1842,#306,.T.);
#2420=EDGE_CURVE('',#1839,#1846,#307,.T.);
#2421=EDGE_CURVE('',#1843,#1834,#308,.T.);
#2422=EDGE_CURVE('',#1845,#1835,#309,.T.);
#2423=EDGE_CURVE('',#1847,#1844,#1272,.T.);
#2424=EDGE_CURVE('',#1846,#1847,#1077,.T.);
#2425=EDGE_CURVE('',#1824,#1811,#1273,.T.);
#2426=EDGE_CURVE('',#1821,#1826,#1078,.T.);
#2427=EDGE_CURVE('',#1820,#1765,#1274,.T.);
#2428=EDGE_CURVE('',#1844,#1831,#1275,.T.);
#2429=EDGE_CURVE('',#1841,#1846,#1079,.T.);
#2430=EDGE_CURVE('',#1840,#1799,#1276,.T.);
#2431=EDGE_CURVE('',#1848,#1768,#1080,.F.);
#2432=EDGE_CURVE('',#1849,#1848,#1081,.F.);
#2433=EDGE_CURVE('',#1768,#1849,#1082,.F.);
#2434=EDGE_CURVE('',#1850,#1851,#310,.F.);
#2435=EDGE_CURVE('',#1851,#1849,#311,.T.);
#2436=EDGE_CURVE('',#1848,#1850,#312,.T.);
#2437=EDGE_CURVE('',#1852,#1769,#1083,.T.);
#2438=EDGE_CURVE('',#1853,#1852,#313,.F.);
#2439=EDGE_CURVE('',#1770,#1853,#1084,.T.);
#2440=EDGE_CURVE('',#1849,#1852,#314,.T.);
#2441=EDGE_CURVE('',#1854,#1855,#315,.T.);
#2442=EDGE_CURVE('',#1854,#1853,#316,.T.);
#2443=EDGE_CURVE('',#1852,#1855,#317,.T.);
#2444=EDGE_CURVE('',#1804,#1856,#1085,.T.);
#2445=EDGE_CURVE('',#1856,#1753,#318,.T.);
#2446=EDGE_CURVE('',#1857,#1858,#319,.F.);
#2447=EDGE_CURVE('',#1772,#1857,#1086,.T.);
#2448=EDGE_CURVE('',#1858,#1771,#1087,.T.);
#2449=EDGE_CURVE('',#1859,#1774,#1088,.T.);
#2450=EDGE_CURVE('',#1805,#1859,#320,.F.);
#2451=EDGE_CURVE('',#1857,#1860,#321,.T.);
#2452=EDGE_CURVE('',#1860,#1773,#1089,.T.);
#2453=EDGE_CURVE('',#1860,#1859,#1090,.T.);
#2454=EDGE_CURVE('',#1861,#1862,#322,.T.);
#2455=EDGE_CURVE('',#1861,#1805,#1277,.T.);
#2456=EDGE_CURVE('',#1859,#1862,#1278,.T.);
#2457=EDGE_CURVE('',#1853,#1858,#1279,.T.);
#2458=EDGE_CURVE('',#1863,#1864,#323,.T.);
#2459=EDGE_CURVE('',#1863,#1857,#324,.T.);
#2460=EDGE_CURVE('',#1858,#1864,#325,.T.);
#2461=EDGE_CURVE('',#1856,#1865,#1280,.T.);
#2462=EDGE_CURVE('',#1865,#1760,#1502,.T.);
#2463=EDGE_CURVE('',#1865,#1848,#1281,.T.);
#2464=EDGE_CURVE('',#1851,#1855,#326,.T.);
#2465=EDGE_CURVE('',#1850,#1856,#1282,.T.);
#2466=EDGE_CURVE('',#1861,#1804,#1283,.T.);
#2467=EDGE_CURVE('',#1862,#1866,#1091,.T.);
#2468=EDGE_CURVE('',#1866,#1867,#1092,.T.);
#2469=EDGE_CURVE('',#1867,#1850,#1284,.T.);
#2470=EDGE_CURVE('',#1866,#1863,#327,.T.);
#2471=EDGE_CURVE('',#1860,#1866,#328,.T.);
#2472=EDGE_CURVE('',#1864,#1854,#329,.T.);
#2473=EDGE_CURVE('',#1807,#1712,#1285,.T.);
#2474=ORIENTED_EDGE('',*,*,#1868,.F.);
#2475=ORIENTED_EDGE('',*,*,#1869,.T.);
#2476=ORIENTED_EDGE('',*,*,#1870,.T.);
#2477=ORIENTED_EDGE('',*,*,#1871,.T.);
#2478=ORIENTED_EDGE('',*,*,#1872,.T.);
#2479=ORIENTED_EDGE('',*,*,#1873,.T.);
#2480=ORIENTED_EDGE('',*,*,#1870,.F.);
#2481=ORIENTED_EDGE('',*,*,#1874,.T.);
#2482=ORIENTED_EDGE('',*,*,#1875,.T.);
#2483=ORIENTED_EDGE('',*,*,#1874,.F.);
#2484=ORIENTED_EDGE('',*,*,#1869,.F.);
#2485=ORIENTED_EDGE('',*,*,#1876,.F.);
#2486=ORIENTED_EDGE('',*,*,#1877,.F.);
#2487=ORIENTED_EDGE('',*,*,#1878,.T.);
#2488=ORIENTED_EDGE('',*,*,#1879,.F.);
#2489=ORIENTED_EDGE('',*,*,#1868,.T.);
#2490=ORIENTED_EDGE('',*,*,#1880,.T.);
#2491=ORIENTED_EDGE('',*,*,#1881,.T.);
#2492=ORIENTED_EDGE('',*,*,#1882,.T.);
#2493=ORIENTED_EDGE('',*,*,#1871,.F.);
#2494=ORIENTED_EDGE('',*,*,#1883,.F.);
#2495=ORIENTED_EDGE('',*,*,#1884,.F.);
#2496=ORIENTED_EDGE('',*,*,#1885,.F.);
#2497=ORIENTED_EDGE('',*,*,#1886,.F.);
#2498=ORIENTED_EDGE('',*,*,#1887,.F.);
#2499=ORIENTED_EDGE('',*,*,#1880,.F.);
#2500=ORIENTED_EDGE('',*,*,#1888,.F.);
#2501=ORIENTED_EDGE('',*,*,#1886,.T.);
#2502=ORIENTED_EDGE('',*,*,#1889,.T.);
#2503=ORIENTED_EDGE('',*,*,#1890,.T.);
#2504=ORIENTED_EDGE('',*,*,#1891,.F.);
#2505=ORIENTED_EDGE('',*,*,#1892,.T.);
#2506=ORIENTED_EDGE('',*,*,#1889,.F.);
#2507=ORIENTED_EDGE('',*,*,#1893,.T.);
#2508=ORIENTED_EDGE('',*,*,#1894,.T.);
#2509=ORIENTED_EDGE('',*,*,#1893,.F.);
#2510=ORIENTED_EDGE('',*,*,#1885,.T.);
#2511=ORIENTED_EDGE('',*,*,#1895,.T.);
#2512=ORIENTED_EDGE('',*,*,#1896,.T.);
#2513=ORIENTED_EDGE('',*,*,#1897,.F.);
#2514=ORIENTED_EDGE('',*,*,#1898,.F.);
#2515=ORIENTED_EDGE('',*,*,#1899,.F.);
#2516=ORIENTED_EDGE('',*,*,#1900,.T.);
#2517=ORIENTED_EDGE('',*,*,#1898,.T.);
#2518=ORIENTED_EDGE('',*,*,#1901,.T.);
#2519=ORIENTED_EDGE('',*,*,#1902,.T.);
#2520=ORIENTED_EDGE('',*,*,#1903,.T.);
#2521=ORIENTED_EDGE('',*,*,#1904,.F.);
#2522=ORIENTED_EDGE('',*,*,#1905,.F.);
#2523=ORIENTED_EDGE('',*,*,#1895,.F.);
#2524=ORIENTED_EDGE('',*,*,#1906,.T.);
#2525=ORIENTED_EDGE('',*,*,#1905,.T.);
#2526=ORIENTED_EDGE('',*,*,#1907,.T.);
#2527=ORIENTED_EDGE('',*,*,#1908,.T.);
#2528=ORIENTED_EDGE('',*,*,#1909,.T.);
#2529=ORIENTED_EDGE('',*,*,#1899,.T.);
#2530=ORIENTED_EDGE('',*,*,#1910,.T.);
#2531=ORIENTED_EDGE('',*,*,#1904,.T.);
#2532=ORIENTED_EDGE('',*,*,#1884,.T.);
#2533=ORIENTED_EDGE('',*,*,#1911,.T.);
#2534=ORIENTED_EDGE('',*,*,#1909,.F.);
#2535=ORIENTED_EDGE('',*,*,#1912,.T.);
#2536=ORIENTED_EDGE('',*,*,#1902,.F.);
#2537=ORIENTED_EDGE('',*,*,#1873,.F.);
#2538=ORIENTED_EDGE('',*,*,#1913,.T.);
#2539=ORIENTED_EDGE('',*,*,#1897,.T.);
#2540=ORIENTED_EDGE('',*,*,#1883,.T.);
#2541=ORIENTED_EDGE('',*,*,#1912,.F.);
#2542=ORIENTED_EDGE('',*,*,#1908,.F.);
#2543=ORIENTED_EDGE('',*,*,#1914,.F.);
#2544=ORIENTED_EDGE('',*,*,#1903,.F.);
#2545=ORIENTED_EDGE('',*,*,#1915,.F.);
#2546=ORIENTED_EDGE('',*,*,#1916,.T.);
#2547=ORIENTED_EDGE('',*,*,#1917,.T.);
#2548=ORIENTED_EDGE('',*,*,#1918,.F.);
#2549=ORIENTED_EDGE('',*,*,#1919,.F.);
#2550=ORIENTED_EDGE('',*,*,#1920,.F.);
#2551=ORIENTED_EDGE('',*,*,#1921,.F.);
#2552=ORIENTED_EDGE('',*,*,#1922,.F.);
#2553=ORIENTED_EDGE('',*,*,#1923,.F.);
#2554=ORIENTED_EDGE('',*,*,#1924,.F.);
#2555=ORIENTED_EDGE('',*,*,#1925,.T.);
#2556=ORIENTED_EDGE('',*,*,#1926,.F.);
#2557=ORIENTED_EDGE('',*,*,#1927,.F.);
#2558=ORIENTED_EDGE('',*,*,#1928,.F.);
#2559=ORIENTED_EDGE('',*,*,#1929,.F.);
#2560=ORIENTED_EDGE('',*,*,#1930,.F.);
#2561=ORIENTED_EDGE('',*,*,#1931,.F.);
#2562=ORIENTED_EDGE('',*,*,#1932,.F.);
#2563=ORIENTED_EDGE('',*,*,#1933,.T.);
#2564=ORIENTED_EDGE('',*,*,#1934,.F.);
#2565=ORIENTED_EDGE('',*,*,#1935,.F.);
#2566=ORIENTED_EDGE('',*,*,#1936,.F.);
#2567=ORIENTED_EDGE('',*,*,#1937,.F.);
#2568=ORIENTED_EDGE('',*,*,#1938,.F.);
#2569=ORIENTED_EDGE('',*,*,#1939,.F.);
#2570=ORIENTED_EDGE('',*,*,#1940,.F.);
#2571=ORIENTED_EDGE('',*,*,#1941,.T.);
#2572=ORIENTED_EDGE('',*,*,#1894,.F.);
#2573=ORIENTED_EDGE('',*,*,#1896,.F.);
#2574=ORIENTED_EDGE('',*,*,#1906,.F.);
#2575=ORIENTED_EDGE('',*,*,#1911,.F.);
#2576=ORIENTED_EDGE('',*,*,#1901,.F.);
#2577=ORIENTED_EDGE('',*,*,#1913,.F.);
#2578=ORIENTED_EDGE('',*,*,#1872,.F.);
#2579=ORIENTED_EDGE('',*,*,#1942,.T.);
#2580=ORIENTED_EDGE('',*,*,#1943,.F.);
#2581=ORIENTED_EDGE('',*,*,#1944,.F.);
#2582=ORIENTED_EDGE('',*,*,#1945,.F.);
#2583=ORIENTED_EDGE('',*,*,#1946,.F.);
#2584=ORIENTED_EDGE('',*,*,#1947,.F.);
#2585=ORIENTED_EDGE('',*,*,#1948,.F.);
#2586=ORIENTED_EDGE('',*,*,#1949,.F.);
#2587=ORIENTED_EDGE('',*,*,#1950,.F.);
#2588=ORIENTED_EDGE('',*,*,#1951,.F.);
#2589=ORIENTED_EDGE('',*,*,#1952,.F.);
#2590=ORIENTED_EDGE('',*,*,#1953,.F.);
#2591=ORIENTED_EDGE('',*,*,#1954,.F.);
#2592=ORIENTED_EDGE('',*,*,#1955,.F.);
#2593=ORIENTED_EDGE('',*,*,#1956,.F.);
#2594=ORIENTED_EDGE('',*,*,#1957,.F.);
#2595=ORIENTED_EDGE('',*,*,#1958,.T.);
#2596=ORIENTED_EDGE('',*,*,#1916,.F.);
#2597=ORIENTED_EDGE('',*,*,#1959,.F.);
#2598=ORIENTED_EDGE('',*,*,#1888,.T.);
#2599=ORIENTED_EDGE('',*,*,#1960,.T.);
#2600=ORIENTED_EDGE('',*,*,#1881,.F.);
#2601=ORIENTED_EDGE('',*,*,#1887,.T.);
#2602=ORIENTED_EDGE('',*,*,#1882,.F.);
#2603=ORIENTED_EDGE('',*,*,#1961,.F.);
#2604=ORIENTED_EDGE('',*,*,#1962,.F.);
#2605=ORIENTED_EDGE('',*,*,#1876,.T.);
#2606=ORIENTED_EDGE('',*,*,#1960,.F.);
#2607=ORIENTED_EDGE('',*,*,#1963,.F.);
#2608=ORIENTED_EDGE('',*,*,#1964,.F.);
#2609=ORIENTED_EDGE('',*,*,#1961,.T.);
#2610=ORIENTED_EDGE('',*,*,#1965,.F.);
#2611=ORIENTED_EDGE('',*,*,#1966,.T.);
#2612=ORIENTED_EDGE('',*,*,#1967,.T.);
#2613=ORIENTED_EDGE('',*,*,#1968,.T.);
#2614=ORIENTED_EDGE('',*,*,#1940,.T.);
#2615=ORIENTED_EDGE('',*,*,#1969,.T.);
#2616=ORIENTED_EDGE('',*,*,#1967,.F.);
#2617=ORIENTED_EDGE('',*,*,#1970,.T.);
#2618=ORIENTED_EDGE('',*,*,#1971,.T.);
#2619=ORIENTED_EDGE('',*,*,#1970,.F.);
#2620=ORIENTED_EDGE('',*,*,#1966,.F.);
#2621=ORIENTED_EDGE('',*,*,#1972,.F.);
#2622=ORIENTED_EDGE('',*,*,#1973,.F.);
#2623=ORIENTED_EDGE('',*,*,#1974,.T.);
#2624=ORIENTED_EDGE('',*,*,#1975,.F.);
#2625=ORIENTED_EDGE('',*,*,#1965,.T.);
#2626=ORIENTED_EDGE('',*,*,#1976,.T.);
#2627=ORIENTED_EDGE('',*,*,#1977,.T.);
#2628=ORIENTED_EDGE('',*,*,#1978,.T.);
#2629=ORIENTED_EDGE('',*,*,#1968,.F.);
#2630=ORIENTED_EDGE('',*,*,#1979,.F.);
#2631=ORIENTED_EDGE('',*,*,#1980,.F.);
#2632=ORIENTED_EDGE('',*,*,#1981,.F.);
#2633=ORIENTED_EDGE('',*,*,#1982,.F.);
#2634=ORIENTED_EDGE('',*,*,#1983,.F.);
#2635=ORIENTED_EDGE('',*,*,#1976,.F.);
#2636=ORIENTED_EDGE('',*,*,#1984,.F.);
#2637=ORIENTED_EDGE('',*,*,#1982,.T.);
#2638=ORIENTED_EDGE('',*,*,#1985,.T.);
#2639=ORIENTED_EDGE('',*,*,#1986,.T.);
#2640=ORIENTED_EDGE('',*,*,#1987,.F.);
#2641=ORIENTED_EDGE('',*,*,#1988,.T.);
#2642=ORIENTED_EDGE('',*,*,#1985,.F.);
#2643=ORIENTED_EDGE('',*,*,#1989,.T.);
#2644=ORIENTED_EDGE('',*,*,#1934,.T.);
#2645=ORIENTED_EDGE('',*,*,#1989,.F.);
#2646=ORIENTED_EDGE('',*,*,#1981,.T.);
#2647=ORIENTED_EDGE('',*,*,#1990,.T.);
#2648=ORIENTED_EDGE('',*,*,#1935,.T.);
#2649=ORIENTED_EDGE('',*,*,#1991,.F.);
#2650=ORIENTED_EDGE('',*,*,#1992,.F.);
#2651=ORIENTED_EDGE('',*,*,#1993,.F.);
#2652=ORIENTED_EDGE('',*,*,#1994,.T.);
#2653=ORIENTED_EDGE('',*,*,#1992,.T.);
#2654=ORIENTED_EDGE('',*,*,#1938,.T.);
#2655=ORIENTED_EDGE('',*,*,#1995,.T.);
#2656=ORIENTED_EDGE('',*,*,#1996,.T.);
#2657=ORIENTED_EDGE('',*,*,#1997,.F.);
#2658=ORIENTED_EDGE('',*,*,#1998,.F.);
#2659=ORIENTED_EDGE('',*,*,#1990,.F.);
#2660=ORIENTED_EDGE('',*,*,#1936,.T.);
#2661=ORIENTED_EDGE('',*,*,#1998,.T.);
#2662=ORIENTED_EDGE('',*,*,#1999,.T.);
#2663=ORIENTED_EDGE('',*,*,#2000,.T.);
#2664=ORIENTED_EDGE('',*,*,#2001,.T.);
#2665=ORIENTED_EDGE('',*,*,#1993,.T.);
#2666=ORIENTED_EDGE('',*,*,#2002,.T.);
#2667=ORIENTED_EDGE('',*,*,#1997,.T.);
#2668=ORIENTED_EDGE('',*,*,#1980,.T.);
#2669=ORIENTED_EDGE('',*,*,#1937,.T.);
#2670=ORIENTED_EDGE('',*,*,#2001,.F.);
#2671=ORIENTED_EDGE('',*,*,#2003,.T.);
#2672=ORIENTED_EDGE('',*,*,#1995,.F.);
#2673=ORIENTED_EDGE('',*,*,#1969,.F.);
#2674=ORIENTED_EDGE('',*,*,#1939,.T.);
#2675=ORIENTED_EDGE('',*,*,#1991,.T.);
#2676=ORIENTED_EDGE('',*,*,#1979,.T.);
#2677=ORIENTED_EDGE('',*,*,#2003,.F.);
#2678=ORIENTED_EDGE('',*,*,#2000,.F.);
#2679=ORIENTED_EDGE('',*,*,#2004,.F.);
#2680=ORIENTED_EDGE('',*,*,#1996,.F.);
#2681=ORIENTED_EDGE('',*,*,#1984,.T.);
#2682=ORIENTED_EDGE('',*,*,#2005,.T.);
#2683=ORIENTED_EDGE('',*,*,#1977,.F.);
#2684=ORIENTED_EDGE('',*,*,#1983,.T.);
#2685=ORIENTED_EDGE('',*,*,#1978,.F.);
#2686=ORIENTED_EDGE('',*,*,#2006,.F.);
#2687=ORIENTED_EDGE('',*,*,#2007,.F.);
#2688=ORIENTED_EDGE('',*,*,#1972,.T.);
#2689=ORIENTED_EDGE('',*,*,#2005,.F.);
#2690=ORIENTED_EDGE('',*,*,#2008,.F.);
#2691=ORIENTED_EDGE('',*,*,#2009,.F.);
#2692=ORIENTED_EDGE('',*,*,#2006,.T.);
#2693=ORIENTED_EDGE('',*,*,#2010,.F.);
#2694=ORIENTED_EDGE('',*,*,#2011,.T.);
#2695=ORIENTED_EDGE('',*,*,#2012,.T.);
#2696=ORIENTED_EDGE('',*,*,#2013,.T.);
#2697=ORIENTED_EDGE('',*,*,#1932,.T.);
#2698=ORIENTED_EDGE('',*,*,#2014,.T.);
#2699=ORIENTED_EDGE('',*,*,#2012,.F.);
#2700=ORIENTED_EDGE('',*,*,#2015,.T.);
#2701=ORIENTED_EDGE('',*,*,#2016,.T.);
#2702=ORIENTED_EDGE('',*,*,#2015,.F.);
#2703=ORIENTED_EDGE('',*,*,#2011,.F.);
#2704=ORIENTED_EDGE('',*,*,#2017,.F.);
#2705=ORIENTED_EDGE('',*,*,#2018,.F.);
#2706=ORIENTED_EDGE('',*,*,#2019,.T.);
#2707=ORIENTED_EDGE('',*,*,#2020,.F.);
#2708=ORIENTED_EDGE('',*,*,#2010,.T.);
#2709=ORIENTED_EDGE('',*,*,#2021,.T.);
#2710=ORIENTED_EDGE('',*,*,#2022,.T.);
#2711=ORIENTED_EDGE('',*,*,#2023,.T.);
#2712=ORIENTED_EDGE('',*,*,#2013,.F.);
#2713=ORIENTED_EDGE('',*,*,#2024,.F.);
#2714=ORIENTED_EDGE('',*,*,#2025,.F.);
#2715=ORIENTED_EDGE('',*,*,#2026,.F.);
#2716=ORIENTED_EDGE('',*,*,#2027,.F.);
#2717=ORIENTED_EDGE('',*,*,#2028,.F.);
#2718=ORIENTED_EDGE('',*,*,#2021,.F.);
#2719=ORIENTED_EDGE('',*,*,#2029,.F.);
#2720=ORIENTED_EDGE('',*,*,#2027,.T.);
#2721=ORIENTED_EDGE('',*,*,#2030,.T.);
#2722=ORIENTED_EDGE('',*,*,#2031,.T.);
#2723=ORIENTED_EDGE('',*,*,#2032,.F.);
#2724=ORIENTED_EDGE('',*,*,#2033,.T.);
#2725=ORIENTED_EDGE('',*,*,#2030,.F.);
#2726=ORIENTED_EDGE('',*,*,#2034,.T.);
#2727=ORIENTED_EDGE('',*,*,#1926,.T.);
#2728=ORIENTED_EDGE('',*,*,#2034,.F.);
#2729=ORIENTED_EDGE('',*,*,#2026,.T.);
#2730=ORIENTED_EDGE('',*,*,#2035,.T.);
#2731=ORIENTED_EDGE('',*,*,#1927,.T.);
#2732=ORIENTED_EDGE('',*,*,#2036,.F.);
#2733=ORIENTED_EDGE('',*,*,#2037,.F.);
#2734=ORIENTED_EDGE('',*,*,#2038,.F.);
#2735=ORIENTED_EDGE('',*,*,#2039,.T.);
#2736=ORIENTED_EDGE('',*,*,#2037,.T.);
#2737=ORIENTED_EDGE('',*,*,#1930,.T.);
#2738=ORIENTED_EDGE('',*,*,#2040,.T.);
#2739=ORIENTED_EDGE('',*,*,#2041,.T.);
#2740=ORIENTED_EDGE('',*,*,#2042,.F.);
#2741=ORIENTED_EDGE('',*,*,#2043,.F.);
#2742=ORIENTED_EDGE('',*,*,#2035,.F.);
#2743=ORIENTED_EDGE('',*,*,#1928,.T.);
#2744=ORIENTED_EDGE('',*,*,#2043,.T.);
#2745=ORIENTED_EDGE('',*,*,#2044,.T.);
#2746=ORIENTED_EDGE('',*,*,#2045,.T.);
#2747=ORIENTED_EDGE('',*,*,#2046,.T.);
#2748=ORIENTED_EDGE('',*,*,#2038,.T.);
#2749=ORIENTED_EDGE('',*,*,#2047,.T.);
#2750=ORIENTED_EDGE('',*,*,#2042,.T.);
#2751=ORIENTED_EDGE('',*,*,#2025,.T.);
#2752=ORIENTED_EDGE('',*,*,#1929,.T.);
#2753=ORIENTED_EDGE('',*,*,#2046,.F.);
#2754=ORIENTED_EDGE('',*,*,#2048,.T.);
#2755=ORIENTED_EDGE('',*,*,#2040,.F.);
#2756=ORIENTED_EDGE('',*,*,#2014,.F.);
#2757=ORIENTED_EDGE('',*,*,#1931,.T.);
#2758=ORIENTED_EDGE('',*,*,#2036,.T.);
#2759=ORIENTED_EDGE('',*,*,#2024,.T.);
#2760=ORIENTED_EDGE('',*,*,#2048,.F.);
#2761=ORIENTED_EDGE('',*,*,#2045,.F.);
#2762=ORIENTED_EDGE('',*,*,#2049,.F.);
#2763=ORIENTED_EDGE('',*,*,#2041,.F.);
#2764=ORIENTED_EDGE('',*,*,#2029,.T.);
#2765=ORIENTED_EDGE('',*,*,#2050,.T.);
#2766=ORIENTED_EDGE('',*,*,#2022,.F.);
#2767=ORIENTED_EDGE('',*,*,#2028,.T.);
#2768=ORIENTED_EDGE('',*,*,#2023,.F.);
#2769=ORIENTED_EDGE('',*,*,#2051,.F.);
#2770=ORIENTED_EDGE('',*,*,#2052,.F.);
#2771=ORIENTED_EDGE('',*,*,#2017,.T.);
#2772=ORIENTED_EDGE('',*,*,#2050,.F.);
#2773=ORIENTED_EDGE('',*,*,#2053,.F.);
#2774=ORIENTED_EDGE('',*,*,#2054,.F.);
#2775=ORIENTED_EDGE('',*,*,#2051,.T.);
#2776=ORIENTED_EDGE('',*,*,#2055,.F.);
#2777=ORIENTED_EDGE('',*,*,#2056,.T.);
#2778=ORIENTED_EDGE('',*,*,#2057,.T.);
#2779=ORIENTED_EDGE('',*,*,#2058,.T.);
#2780=ORIENTED_EDGE('',*,*,#1924,.T.);
#2781=ORIENTED_EDGE('',*,*,#2059,.T.);
#2782=ORIENTED_EDGE('',*,*,#2057,.F.);
#2783=ORIENTED_EDGE('',*,*,#2060,.T.);
#2784=ORIENTED_EDGE('',*,*,#2061,.T.);
#2785=ORIENTED_EDGE('',*,*,#2060,.F.);
#2786=ORIENTED_EDGE('',*,*,#2056,.F.);
#2787=ORIENTED_EDGE('',*,*,#2062,.F.);
#2788=ORIENTED_EDGE('',*,*,#2063,.F.);
#2789=ORIENTED_EDGE('',*,*,#2064,.T.);
#2790=ORIENTED_EDGE('',*,*,#2065,.F.);
#2791=ORIENTED_EDGE('',*,*,#2055,.T.);
#2792=ORIENTED_EDGE('',*,*,#2066,.T.);
#2793=ORIENTED_EDGE('',*,*,#2067,.T.);
#2794=ORIENTED_EDGE('',*,*,#2068,.T.);
#2795=ORIENTED_EDGE('',*,*,#2058,.F.);
#2796=ORIENTED_EDGE('',*,*,#2069,.F.);
#2797=ORIENTED_EDGE('',*,*,#2070,.F.);
#2798=ORIENTED_EDGE('',*,*,#2071,.F.);
#2799=ORIENTED_EDGE('',*,*,#2072,.F.);
#2800=ORIENTED_EDGE('',*,*,#2073,.F.);
#2801=ORIENTED_EDGE('',*,*,#2066,.F.);
#2802=ORIENTED_EDGE('',*,*,#2074,.F.);
#2803=ORIENTED_EDGE('',*,*,#2072,.T.);
#2804=ORIENTED_EDGE('',*,*,#2075,.T.);
#2805=ORIENTED_EDGE('',*,*,#2076,.T.);
#2806=ORIENTED_EDGE('',*,*,#2077,.F.);
#2807=ORIENTED_EDGE('',*,*,#2078,.T.);
#2808=ORIENTED_EDGE('',*,*,#2075,.F.);
#2809=ORIENTED_EDGE('',*,*,#2079,.T.);
#2810=ORIENTED_EDGE('',*,*,#1918,.T.);
#2811=ORIENTED_EDGE('',*,*,#2079,.F.);
#2812=ORIENTED_EDGE('',*,*,#2071,.T.);
#2813=ORIENTED_EDGE('',*,*,#2080,.T.);
#2814=ORIENTED_EDGE('',*,*,#1919,.T.);
#2815=ORIENTED_EDGE('',*,*,#2081,.F.);
#2816=ORIENTED_EDGE('',*,*,#2082,.F.);
#2817=ORIENTED_EDGE('',*,*,#2083,.F.);
#2818=ORIENTED_EDGE('',*,*,#2084,.T.);
#2819=ORIENTED_EDGE('',*,*,#2082,.T.);
#2820=ORIENTED_EDGE('',*,*,#1922,.T.);
#2821=ORIENTED_EDGE('',*,*,#2085,.T.);
#2822=ORIENTED_EDGE('',*,*,#2086,.T.);
#2823=ORIENTED_EDGE('',*,*,#2087,.F.);
#2824=ORIENTED_EDGE('',*,*,#2088,.F.);
#2825=ORIENTED_EDGE('',*,*,#2080,.F.);
#2826=ORIENTED_EDGE('',*,*,#1920,.T.);
#2827=ORIENTED_EDGE('',*,*,#2088,.T.);
#2828=ORIENTED_EDGE('',*,*,#2089,.T.);
#2829=ORIENTED_EDGE('',*,*,#2090,.T.);
#2830=ORIENTED_EDGE('',*,*,#2091,.T.);
#2831=ORIENTED_EDGE('',*,*,#2083,.T.);
#2832=ORIENTED_EDGE('',*,*,#2092,.T.);
#2833=ORIENTED_EDGE('',*,*,#2087,.T.);
#2834=ORIENTED_EDGE('',*,*,#2070,.T.);
#2835=ORIENTED_EDGE('',*,*,#1921,.T.);
#2836=ORIENTED_EDGE('',*,*,#2091,.F.);
#2837=ORIENTED_EDGE('',*,*,#2093,.T.);
#2838=ORIENTED_EDGE('',*,*,#2085,.F.);
#2839=ORIENTED_EDGE('',*,*,#2059,.F.);
#2840=ORIENTED_EDGE('',*,*,#1923,.T.);
#2841=ORIENTED_EDGE('',*,*,#2081,.T.);
#2842=ORIENTED_EDGE('',*,*,#2069,.T.);
#2843=ORIENTED_EDGE('',*,*,#2093,.F.);
#2844=ORIENTED_EDGE('',*,*,#2090,.F.);
#2845=ORIENTED_EDGE('',*,*,#2094,.F.);
#2846=ORIENTED_EDGE('',*,*,#2086,.F.);
#2847=ORIENTED_EDGE('',*,*,#2074,.T.);
#2848=ORIENTED_EDGE('',*,*,#2095,.T.);
#2849=ORIENTED_EDGE('',*,*,#2067,.F.);
#2850=ORIENTED_EDGE('',*,*,#2073,.T.);
#2851=ORIENTED_EDGE('',*,*,#2068,.F.);
#2852=ORIENTED_EDGE('',*,*,#2096,.F.);
#2853=ORIENTED_EDGE('',*,*,#2097,.F.);
#2854=ORIENTED_EDGE('',*,*,#2062,.T.);
#2855=ORIENTED_EDGE('',*,*,#2095,.F.);
#2856=ORIENTED_EDGE('',*,*,#2098,.F.);
#2857=ORIENTED_EDGE('',*,*,#2099,.F.);
#2858=ORIENTED_EDGE('',*,*,#2096,.T.);
#2859=ORIENTED_EDGE('',*,*,#2100,.F.);
#2860=ORIENTED_EDGE('',*,*,#2101,.T.);
#2861=ORIENTED_EDGE('',*,*,#2102,.T.);
#2862=ORIENTED_EDGE('',*,*,#2103,.T.);
#2863=ORIENTED_EDGE('',*,*,#1957,.T.);
#2864=ORIENTED_EDGE('',*,*,#2104,.T.);
#2865=ORIENTED_EDGE('',*,*,#2102,.F.);
#2866=ORIENTED_EDGE('',*,*,#2105,.T.);
#2867=ORIENTED_EDGE('',*,*,#2106,.T.);
#2868=ORIENTED_EDGE('',*,*,#2105,.F.);
#2869=ORIENTED_EDGE('',*,*,#2101,.F.);
#2870=ORIENTED_EDGE('',*,*,#2107,.F.);
#2871=ORIENTED_EDGE('',*,*,#2108,.F.);
#2872=ORIENTED_EDGE('',*,*,#2109,.T.);
#2873=ORIENTED_EDGE('',*,*,#2110,.F.);
#2874=ORIENTED_EDGE('',*,*,#2100,.T.);
#2875=ORIENTED_EDGE('',*,*,#2111,.T.);
#2876=ORIENTED_EDGE('',*,*,#2112,.T.);
#2877=ORIENTED_EDGE('',*,*,#2113,.T.);
#2878=ORIENTED_EDGE('',*,*,#2103,.F.);
#2879=ORIENTED_EDGE('',*,*,#2114,.F.);
#2880=ORIENTED_EDGE('',*,*,#2115,.F.);
#2881=ORIENTED_EDGE('',*,*,#2116,.F.);
#2882=ORIENTED_EDGE('',*,*,#2117,.F.);
#2883=ORIENTED_EDGE('',*,*,#2118,.F.);
#2884=ORIENTED_EDGE('',*,*,#2111,.F.);
#2885=ORIENTED_EDGE('',*,*,#2119,.F.);
#2886=ORIENTED_EDGE('',*,*,#2117,.T.);
#2887=ORIENTED_EDGE('',*,*,#2120,.T.);
#2888=ORIENTED_EDGE('',*,*,#2121,.T.);
#2889=ORIENTED_EDGE('',*,*,#2122,.F.);
#2890=ORIENTED_EDGE('',*,*,#2123,.T.);
#2891=ORIENTED_EDGE('',*,*,#2120,.F.);
#2892=ORIENTED_EDGE('',*,*,#2124,.T.);
#2893=ORIENTED_EDGE('',*,*,#1951,.T.);
#2894=ORIENTED_EDGE('',*,*,#2124,.F.);
#2895=ORIENTED_EDGE('',*,*,#2116,.T.);
#2896=ORIENTED_EDGE('',*,*,#2125,.T.);
#2897=ORIENTED_EDGE('',*,*,#1952,.T.);
#2898=ORIENTED_EDGE('',*,*,#2126,.F.);
#2899=ORIENTED_EDGE('',*,*,#2127,.F.);
#2900=ORIENTED_EDGE('',*,*,#2128,.F.);
#2901=ORIENTED_EDGE('',*,*,#2129,.T.);
#2902=ORIENTED_EDGE('',*,*,#2127,.T.);
#2903=ORIENTED_EDGE('',*,*,#1955,.T.);
#2904=ORIENTED_EDGE('',*,*,#2130,.T.);
#2905=ORIENTED_EDGE('',*,*,#2131,.T.);
#2906=ORIENTED_EDGE('',*,*,#2132,.F.);
#2907=ORIENTED_EDGE('',*,*,#2133,.F.);
#2908=ORIENTED_EDGE('',*,*,#2125,.F.);
#2909=ORIENTED_EDGE('',*,*,#1953,.T.);
#2910=ORIENTED_EDGE('',*,*,#2133,.T.);
#2911=ORIENTED_EDGE('',*,*,#2134,.T.);
#2912=ORIENTED_EDGE('',*,*,#2135,.T.);
#2913=ORIENTED_EDGE('',*,*,#2136,.T.);
#2914=ORIENTED_EDGE('',*,*,#2128,.T.);
#2915=ORIENTED_EDGE('',*,*,#2137,.T.);
#2916=ORIENTED_EDGE('',*,*,#2132,.T.);
#2917=ORIENTED_EDGE('',*,*,#2115,.T.);
#2918=ORIENTED_EDGE('',*,*,#1954,.T.);
#2919=ORIENTED_EDGE('',*,*,#2136,.F.);
#2920=ORIENTED_EDGE('',*,*,#2138,.T.);
#2921=ORIENTED_EDGE('',*,*,#2130,.F.);
#2922=ORIENTED_EDGE('',*,*,#2104,.F.);
#2923=ORIENTED_EDGE('',*,*,#1956,.T.);
#2924=ORIENTED_EDGE('',*,*,#2126,.T.);
#2925=ORIENTED_EDGE('',*,*,#2114,.T.);
#2926=ORIENTED_EDGE('',*,*,#2138,.F.);
#2927=ORIENTED_EDGE('',*,*,#2135,.F.);
#2928=ORIENTED_EDGE('',*,*,#2139,.F.);
#2929=ORIENTED_EDGE('',*,*,#2131,.F.);
#2930=ORIENTED_EDGE('',*,*,#2119,.T.);
#2931=ORIENTED_EDGE('',*,*,#2140,.T.);
#2932=ORIENTED_EDGE('',*,*,#2112,.F.);
#2933=ORIENTED_EDGE('',*,*,#2118,.T.);
#2934=ORIENTED_EDGE('',*,*,#2113,.F.);
#2935=ORIENTED_EDGE('',*,*,#2141,.F.);
#2936=ORIENTED_EDGE('',*,*,#2142,.F.);
#2937=ORIENTED_EDGE('',*,*,#2107,.T.);
#2938=ORIENTED_EDGE('',*,*,#2140,.F.);
#2939=ORIENTED_EDGE('',*,*,#2143,.F.);
#2940=ORIENTED_EDGE('',*,*,#2144,.F.);
#2941=ORIENTED_EDGE('',*,*,#2141,.T.);
#2942=ORIENTED_EDGE('',*,*,#2145,.F.);
#2943=ORIENTED_EDGE('',*,*,#1878,.F.);
#2944=ORIENTED_EDGE('',*,*,#2146,.F.);
#2945=ORIENTED_EDGE('',*,*,#2147,.T.);
#2946=ORIENTED_EDGE('',*,*,#2146,.T.);
#2947=ORIENTED_EDGE('',*,*,#1877,.T.);
#2948=ORIENTED_EDGE('',*,*,#1962,.T.);
#2949=ORIENTED_EDGE('',*,*,#1964,.T.);
#2950=ORIENTED_EDGE('',*,*,#2148,.T.);
#2951=ORIENTED_EDGE('',*,*,#2149,.T.);
#2952=ORIENTED_EDGE('',*,*,#2150,.T.);
#2953=ORIENTED_EDGE('',*,*,#2151,.F.);
#2954=ORIENTED_EDGE('',*,*,#2149,.F.);
#2955=ORIENTED_EDGE('',*,*,#2152,.T.);
#2956=ORIENTED_EDGE('',*,*,#1892,.F.);
#2957=ORIENTED_EDGE('',*,*,#2153,.F.);
#2958=ORIENTED_EDGE('',*,*,#2152,.F.);
#2959=ORIENTED_EDGE('',*,*,#2148,.F.);
#2960=ORIENTED_EDGE('',*,*,#1963,.T.);
#2961=ORIENTED_EDGE('',*,*,#1890,.F.);
#2962=ORIENTED_EDGE('',*,*,#1900,.F.);
#2963=ORIENTED_EDGE('',*,*,#1914,.T.);
#2964=ORIENTED_EDGE('',*,*,#1907,.F.);
#2965=ORIENTED_EDGE('',*,*,#1910,.F.);
#2966=ORIENTED_EDGE('',*,*,#2150,.F.);
#2967=ORIENTED_EDGE('',*,*,#2154,.T.);
#2968=ORIENTED_EDGE('',*,*,#2155,.F.);
#2969=ORIENTED_EDGE('',*,*,#2154,.F.);
#2970=ORIENTED_EDGE('',*,*,#2156,.F.);
#2971=ORIENTED_EDGE('',*,*,#1974,.F.);
#2972=ORIENTED_EDGE('',*,*,#2157,.F.);
#2973=ORIENTED_EDGE('',*,*,#2158,.T.);
#2974=ORIENTED_EDGE('',*,*,#2157,.T.);
#2975=ORIENTED_EDGE('',*,*,#1973,.T.);
#2976=ORIENTED_EDGE('',*,*,#2007,.T.);
#2977=ORIENTED_EDGE('',*,*,#2009,.T.);
#2978=ORIENTED_EDGE('',*,*,#2159,.T.);
#2979=ORIENTED_EDGE('',*,*,#2160,.T.);
#2980=ORIENTED_EDGE('',*,*,#2161,.T.);
#2981=ORIENTED_EDGE('',*,*,#2162,.F.);
#2982=ORIENTED_EDGE('',*,*,#2160,.F.);
#2983=ORIENTED_EDGE('',*,*,#2163,.T.);
#2984=ORIENTED_EDGE('',*,*,#1988,.F.);
#2985=ORIENTED_EDGE('',*,*,#2164,.F.);
#2986=ORIENTED_EDGE('',*,*,#2163,.F.);
#2987=ORIENTED_EDGE('',*,*,#2159,.F.);
#2988=ORIENTED_EDGE('',*,*,#2008,.T.);
#2989=ORIENTED_EDGE('',*,*,#1986,.F.);
#2990=ORIENTED_EDGE('',*,*,#1994,.F.);
#2991=ORIENTED_EDGE('',*,*,#2004,.T.);
#2992=ORIENTED_EDGE('',*,*,#1999,.F.);
#2993=ORIENTED_EDGE('',*,*,#2002,.F.);
#2994=ORIENTED_EDGE('',*,*,#2161,.F.);
#2995=ORIENTED_EDGE('',*,*,#2165,.T.);
#2996=ORIENTED_EDGE('',*,*,#2166,.F.);
#2997=ORIENTED_EDGE('',*,*,#2165,.F.);
#2998=ORIENTED_EDGE('',*,*,#2167,.F.);
#2999=ORIENTED_EDGE('',*,*,#2019,.F.);
#3000=ORIENTED_EDGE('',*,*,#2168,.F.);
#3001=ORIENTED_EDGE('',*,*,#2169,.T.);
#3002=ORIENTED_EDGE('',*,*,#2168,.T.);
#3003=ORIENTED_EDGE('',*,*,#2018,.T.);
#3004=ORIENTED_EDGE('',*,*,#2052,.T.);
#3005=ORIENTED_EDGE('',*,*,#2054,.T.);
#3006=ORIENTED_EDGE('',*,*,#2170,.T.);
#3007=ORIENTED_EDGE('',*,*,#2171,.T.);
#3008=ORIENTED_EDGE('',*,*,#2172,.T.);
#3009=ORIENTED_EDGE('',*,*,#2173,.F.);
#3010=ORIENTED_EDGE('',*,*,#2171,.F.);
#3011=ORIENTED_EDGE('',*,*,#2174,.T.);
#3012=ORIENTED_EDGE('',*,*,#2033,.F.);
#3013=ORIENTED_EDGE('',*,*,#2175,.F.);
#3014=ORIENTED_EDGE('',*,*,#2174,.F.);
#3015=ORIENTED_EDGE('',*,*,#2170,.F.);
#3016=ORIENTED_EDGE('',*,*,#2053,.T.);
#3017=ORIENTED_EDGE('',*,*,#2031,.F.);
#3018=ORIENTED_EDGE('',*,*,#2039,.F.);
#3019=ORIENTED_EDGE('',*,*,#2049,.T.);
#3020=ORIENTED_EDGE('',*,*,#2044,.F.);
#3021=ORIENTED_EDGE('',*,*,#2047,.F.);
#3022=ORIENTED_EDGE('',*,*,#2172,.F.);
#3023=ORIENTED_EDGE('',*,*,#2176,.T.);
#3024=ORIENTED_EDGE('',*,*,#2177,.F.);
#3025=ORIENTED_EDGE('',*,*,#2176,.F.);
#3026=ORIENTED_EDGE('',*,*,#2178,.F.);
#3027=ORIENTED_EDGE('',*,*,#2064,.F.);
#3028=ORIENTED_EDGE('',*,*,#2179,.F.);
#3029=ORIENTED_EDGE('',*,*,#2180,.T.);
#3030=ORIENTED_EDGE('',*,*,#2179,.T.);
#3031=ORIENTED_EDGE('',*,*,#2063,.T.);
#3032=ORIENTED_EDGE('',*,*,#2097,.T.);
#3033=ORIENTED_EDGE('',*,*,#2099,.T.);
#3034=ORIENTED_EDGE('',*,*,#2181,.T.);
#3035=ORIENTED_EDGE('',*,*,#2182,.T.);
#3036=ORIENTED_EDGE('',*,*,#2183,.T.);
#3037=ORIENTED_EDGE('',*,*,#2184,.F.);
#3038=ORIENTED_EDGE('',*,*,#2182,.F.);
#3039=ORIENTED_EDGE('',*,*,#2185,.T.);
#3040=ORIENTED_EDGE('',*,*,#2078,.F.);
#3041=ORIENTED_EDGE('',*,*,#2186,.F.);
#3042=ORIENTED_EDGE('',*,*,#2185,.F.);
#3043=ORIENTED_EDGE('',*,*,#2181,.F.);
#3044=ORIENTED_EDGE('',*,*,#2098,.T.);
#3045=ORIENTED_EDGE('',*,*,#2076,.F.);
#3046=ORIENTED_EDGE('',*,*,#2084,.F.);
#3047=ORIENTED_EDGE('',*,*,#2094,.T.);
#3048=ORIENTED_EDGE('',*,*,#2089,.F.);
#3049=ORIENTED_EDGE('',*,*,#2092,.F.);
#3050=ORIENTED_EDGE('',*,*,#2183,.F.);
#3051=ORIENTED_EDGE('',*,*,#2187,.T.);
#3052=ORIENTED_EDGE('',*,*,#2188,.F.);
#3053=ORIENTED_EDGE('',*,*,#2187,.F.);
#3054=ORIENTED_EDGE('',*,*,#2189,.F.);
#3055=ORIENTED_EDGE('',*,*,#2109,.F.);
#3056=ORIENTED_EDGE('',*,*,#2190,.F.);
#3057=ORIENTED_EDGE('',*,*,#2191,.T.);
#3058=ORIENTED_EDGE('',*,*,#2190,.T.);
#3059=ORIENTED_EDGE('',*,*,#2108,.T.);
#3060=ORIENTED_EDGE('',*,*,#2142,.T.);
#3061=ORIENTED_EDGE('',*,*,#2144,.T.);
#3062=ORIENTED_EDGE('',*,*,#2192,.T.);
#3063=ORIENTED_EDGE('',*,*,#2193,.T.);
#3064=ORIENTED_EDGE('',*,*,#2194,.T.);
#3065=ORIENTED_EDGE('',*,*,#2195,.F.);
#3066=ORIENTED_EDGE('',*,*,#2193,.F.);
#3067=ORIENTED_EDGE('',*,*,#2196,.T.);
#3068=ORIENTED_EDGE('',*,*,#2123,.F.);
#3069=ORIENTED_EDGE('',*,*,#2197,.F.);
#3070=ORIENTED_EDGE('',*,*,#2196,.F.);
#3071=ORIENTED_EDGE('',*,*,#2192,.F.);
#3072=ORIENTED_EDGE('',*,*,#2143,.T.);
#3073=ORIENTED_EDGE('',*,*,#2121,.F.);
#3074=ORIENTED_EDGE('',*,*,#2129,.F.);
#3075=ORIENTED_EDGE('',*,*,#2139,.T.);
#3076=ORIENTED_EDGE('',*,*,#2134,.F.);
#3077=ORIENTED_EDGE('',*,*,#2137,.F.);
#3078=ORIENTED_EDGE('',*,*,#2194,.F.);
#3079=ORIENTED_EDGE('',*,*,#2198,.T.);
#3080=ORIENTED_EDGE('',*,*,#2199,.F.);
#3081=ORIENTED_EDGE('',*,*,#2198,.F.);
#3082=ORIENTED_EDGE('',*,*,#2195,.T.);
#3083=ORIENTED_EDGE('',*,*,#2197,.T.);
#3084=ORIENTED_EDGE('',*,*,#2122,.T.);
#3085=ORIENTED_EDGE('',*,*,#1950,.T.);
#3086=ORIENTED_EDGE('',*,*,#2200,.F.);
#3087=ORIENTED_EDGE('',*,*,#2201,.T.);
#3088=ORIENTED_EDGE('',*,*,#2202,.T.);
#3089=ORIENTED_EDGE('',*,*,#2203,.T.);
#3090=ORIENTED_EDGE('',*,*,#2184,.T.);
#3091=ORIENTED_EDGE('',*,*,#2186,.T.);
#3092=ORIENTED_EDGE('',*,*,#2077,.T.);
#3093=ORIENTED_EDGE('',*,*,#1917,.F.);
#3094=ORIENTED_EDGE('',*,*,#1958,.F.);
#3095=ORIENTED_EDGE('',*,*,#2106,.F.);
#3096=ORIENTED_EDGE('',*,*,#2110,.T.);
#3097=ORIENTED_EDGE('',*,*,#2189,.T.);
#3098=ORIENTED_EDGE('',*,*,#2204,.T.);
#3099=ORIENTED_EDGE('',*,*,#2173,.T.);
#3100=ORIENTED_EDGE('',*,*,#2175,.T.);
#3101=ORIENTED_EDGE('',*,*,#2032,.T.);
#3102=ORIENTED_EDGE('',*,*,#1925,.F.);
#3103=ORIENTED_EDGE('',*,*,#2061,.F.);
#3104=ORIENTED_EDGE('',*,*,#2065,.T.);
#3105=ORIENTED_EDGE('',*,*,#2178,.T.);
#3106=ORIENTED_EDGE('',*,*,#2205,.T.);
#3107=ORIENTED_EDGE('',*,*,#2162,.T.);
#3108=ORIENTED_EDGE('',*,*,#2164,.T.);
#3109=ORIENTED_EDGE('',*,*,#1987,.T.);
#3110=ORIENTED_EDGE('',*,*,#1933,.F.);
#3111=ORIENTED_EDGE('',*,*,#2016,.F.);
#3112=ORIENTED_EDGE('',*,*,#2020,.T.);
#3113=ORIENTED_EDGE('',*,*,#2167,.T.);
#3114=ORIENTED_EDGE('',*,*,#2206,.T.);
#3115=ORIENTED_EDGE('',*,*,#2151,.T.);
#3116=ORIENTED_EDGE('',*,*,#2153,.T.);
#3117=ORIENTED_EDGE('',*,*,#1891,.T.);
#3118=ORIENTED_EDGE('',*,*,#1941,.F.);
#3119=ORIENTED_EDGE('',*,*,#1971,.F.);
#3120=ORIENTED_EDGE('',*,*,#1975,.T.);
#3121=ORIENTED_EDGE('',*,*,#2156,.T.);
#3122=ORIENTED_EDGE('',*,*,#2207,.T.);
#3123=ORIENTED_EDGE('',*,*,#2208,.T.);
#3124=ORIENTED_EDGE('',*,*,#1879,.T.);
#3125=ORIENTED_EDGE('',*,*,#2145,.T.);
#3126=ORIENTED_EDGE('',*,*,#2209,.T.);
#3127=ORIENTED_EDGE('',*,*,#2210,.T.);
#3128=ORIENTED_EDGE('',*,*,#2211,.T.);
#3129=ORIENTED_EDGE('',*,*,#2212,.T.);
#3130=ORIENTED_EDGE('',*,*,#1942,.F.);
#3131=ORIENTED_EDGE('',*,*,#1875,.F.);
#3132=ORIENTED_EDGE('',*,*,#2213,.F.);
#3133=ORIENTED_EDGE('',*,*,#2214,.T.);
#3134=ORIENTED_EDGE('',*,*,#2215,.T.);
#3135=ORIENTED_EDGE('',*,*,#2216,.T.);
#3136=ORIENTED_EDGE('',*,*,#1949,.T.);
#3137=ORIENTED_EDGE('',*,*,#2217,.T.);
#3138=ORIENTED_EDGE('',*,*,#2215,.F.);
#3139=ORIENTED_EDGE('',*,*,#2218,.T.);
#3140=ORIENTED_EDGE('',*,*,#2200,.T.);
#3141=ORIENTED_EDGE('',*,*,#2218,.F.);
#3142=ORIENTED_EDGE('',*,*,#2214,.F.);
#3143=ORIENTED_EDGE('',*,*,#2219,.F.);
#3144=ORIENTED_EDGE('',*,*,#2220,.F.);
#3145=ORIENTED_EDGE('',*,*,#2221,.T.);
#3146=ORIENTED_EDGE('',*,*,#2201,.F.);
#3147=ORIENTED_EDGE('',*,*,#2213,.T.);
#3148=ORIENTED_EDGE('',*,*,#2222,.T.);
#3149=ORIENTED_EDGE('',*,*,#2223,.T.);
#3150=ORIENTED_EDGE('',*,*,#2224,.T.);
#3151=ORIENTED_EDGE('',*,*,#2216,.F.);
#3152=ORIENTED_EDGE('',*,*,#2225,.F.);
#3153=ORIENTED_EDGE('',*,*,#2226,.F.);
#3154=ORIENTED_EDGE('',*,*,#2227,.F.);
#3155=ORIENTED_EDGE('',*,*,#2228,.F.);
#3156=ORIENTED_EDGE('',*,*,#2229,.F.);
#3157=ORIENTED_EDGE('',*,*,#2222,.F.);
#3158=ORIENTED_EDGE('',*,*,#2230,.F.);
#3159=ORIENTED_EDGE('',*,*,#2228,.T.);
#3160=ORIENTED_EDGE('',*,*,#2231,.T.);
#3161=ORIENTED_EDGE('',*,*,#2232,.T.);
#3162=ORIENTED_EDGE('',*,*,#2212,.F.);
#3163=ORIENTED_EDGE('',*,*,#2233,.T.);
#3164=ORIENTED_EDGE('',*,*,#2231,.F.);
#3165=ORIENTED_EDGE('',*,*,#2234,.T.);
#3166=ORIENTED_EDGE('',*,*,#1943,.T.);
#3167=ORIENTED_EDGE('',*,*,#2234,.F.);
#3168=ORIENTED_EDGE('',*,*,#2227,.T.);
#3169=ORIENTED_EDGE('',*,*,#2235,.T.);
#3170=ORIENTED_EDGE('',*,*,#1944,.T.);
#3171=ORIENTED_EDGE('',*,*,#2236,.F.);
#3172=ORIENTED_EDGE('',*,*,#2237,.F.);
#3173=ORIENTED_EDGE('',*,*,#2238,.F.);
#3174=ORIENTED_EDGE('',*,*,#2217,.F.);
#3175=ORIENTED_EDGE('',*,*,#1948,.T.);
#3176=ORIENTED_EDGE('',*,*,#2237,.T.);
#3177=ORIENTED_EDGE('',*,*,#2225,.T.);
#3178=ORIENTED_EDGE('',*,*,#2239,.T.);
#3179=ORIENTED_EDGE('',*,*,#2238,.T.);
#3180=ORIENTED_EDGE('',*,*,#1947,.T.);
#3181=ORIENTED_EDGE('',*,*,#2240,.T.);
#3182=ORIENTED_EDGE('',*,*,#2241,.T.);
#3183=ORIENTED_EDGE('',*,*,#2235,.F.);
#3184=ORIENTED_EDGE('',*,*,#2242,.F.);
#3185=ORIENTED_EDGE('',*,*,#2243,.F.);
#3186=ORIENTED_EDGE('',*,*,#2242,.T.);
#3187=ORIENTED_EDGE('',*,*,#2226,.T.);
#3188=ORIENTED_EDGE('',*,*,#2236,.T.);
#3189=ORIENTED_EDGE('',*,*,#2244,.T.);
#3190=ORIENTED_EDGE('',*,*,#1945,.T.);
#3191=ORIENTED_EDGE('',*,*,#2243,.T.);
#3192=ORIENTED_EDGE('',*,*,#2245,.T.);
#3193=ORIENTED_EDGE('',*,*,#2246,.T.);
#3194=ORIENTED_EDGE('',*,*,#2247,.T.);
#3195=ORIENTED_EDGE('',*,*,#1946,.T.);
#3196=ORIENTED_EDGE('',*,*,#2247,.F.);
#3197=ORIENTED_EDGE('',*,*,#2248,.T.);
#3198=ORIENTED_EDGE('',*,*,#2240,.F.);
#3199=ORIENTED_EDGE('',*,*,#2248,.F.);
#3200=ORIENTED_EDGE('',*,*,#2246,.F.);
#3201=ORIENTED_EDGE('',*,*,#2249,.F.);
#3202=ORIENTED_EDGE('',*,*,#2241,.F.);
#3203=ORIENTED_EDGE('',*,*,#2230,.T.);
#3204=ORIENTED_EDGE('',*,*,#2250,.T.);
#3205=ORIENTED_EDGE('',*,*,#2223,.F.);
#3206=ORIENTED_EDGE('',*,*,#2229,.T.);
#3207=ORIENTED_EDGE('',*,*,#2224,.F.);
#3208=ORIENTED_EDGE('',*,*,#2251,.F.);
#3209=ORIENTED_EDGE('',*,*,#2252,.F.);
#3210=ORIENTED_EDGE('',*,*,#2219,.T.);
#3211=ORIENTED_EDGE('',*,*,#2250,.F.);
#3212=ORIENTED_EDGE('',*,*,#2253,.F.);
#3213=ORIENTED_EDGE('',*,*,#2254,.F.);
#3214=ORIENTED_EDGE('',*,*,#2251,.T.);
#3215=ORIENTED_EDGE('',*,*,#2239,.F.);
#3216=ORIENTED_EDGE('',*,*,#2249,.T.);
#3217=ORIENTED_EDGE('',*,*,#2245,.F.);
#3218=ORIENTED_EDGE('',*,*,#2244,.F.);
#3219=ORIENTED_EDGE('',*,*,#2202,.F.);
#3220=ORIENTED_EDGE('',*,*,#2221,.F.);
#3221=ORIENTED_EDGE('',*,*,#2255,.F.);
#3222=ORIENTED_EDGE('',*,*,#2210,.F.);
#3223=ORIENTED_EDGE('',*,*,#2256,.F.);
#3224=ORIENTED_EDGE('',*,*,#2257,.T.);
#3225=ORIENTED_EDGE('',*,*,#2233,.F.);
#3226=ORIENTED_EDGE('',*,*,#2211,.F.);
#3227=ORIENTED_EDGE('',*,*,#2257,.F.);
#3228=ORIENTED_EDGE('',*,*,#2258,.F.);
#3229=ORIENTED_EDGE('',*,*,#2253,.T.);
#3230=ORIENTED_EDGE('',*,*,#2232,.F.);
#3231=ORIENTED_EDGE('',*,*,#2259,.T.);
#3232=ORIENTED_EDGE('',*,*,#2255,.T.);
#3233=ORIENTED_EDGE('',*,*,#2220,.T.);
#3234=ORIENTED_EDGE('',*,*,#2252,.T.);
#3235=ORIENTED_EDGE('',*,*,#2254,.T.);
#3236=ORIENTED_EDGE('',*,*,#2258,.T.);
#3237=ORIENTED_EDGE('',*,*,#2256,.T.);
#3238=ORIENTED_EDGE('',*,*,#2260,.T.);
#3239=ORIENTED_EDGE('',*,*,#2260,.F.);
#3240=ORIENTED_EDGE('',*,*,#2261,.T.);
#3241=ORIENTED_EDGE('',*,*,#2262,.F.);
#3242=ORIENTED_EDGE('',*,*,#2261,.F.);
#3243=ORIENTED_EDGE('',*,*,#2263,.T.);
#3244=ORIENTED_EDGE('',*,*,#2264,.T.);
#3245=ORIENTED_EDGE('',*,*,#1959,.T.);
#3246=ORIENTED_EDGE('',*,*,#1915,.T.);
#3247=ORIENTED_EDGE('',*,*,#2264,.F.);
#3248=ORIENTED_EDGE('',*,*,#2263,.F.);
#3249=ORIENTED_EDGE('',*,*,#2265,.F.);
#3250=ORIENTED_EDGE('',*,*,#2266,.F.);
#3251=ORIENTED_EDGE('',*,*,#2267,.F.);
#3252=ORIENTED_EDGE('',*,*,#2268,.F.);
#3253=ORIENTED_EDGE('',*,*,#2269,.F.);
#3254=ORIENTED_EDGE('',*,*,#2270,.F.);
#3255=ORIENTED_EDGE('',*,*,#2271,.F.);
#3256=ORIENTED_EDGE('',*,*,#2272,.F.);
#3257=ORIENTED_EDGE('',*,*,#2273,.F.);
#3258=ORIENTED_EDGE('',*,*,#2274,.F.);
#3259=ORIENTED_EDGE('',*,*,#2275,.F.);
#3260=ORIENTED_EDGE('',*,*,#2276,.F.);
#3261=ORIENTED_EDGE('',*,*,#2277,.T.);
#3262=ORIENTED_EDGE('',*,*,#2278,.T.);
#3263=ORIENTED_EDGE('',*,*,#2279,.T.);
#3264=ORIENTED_EDGE('',*,*,#2280,.T.);
#3265=ORIENTED_EDGE('',*,*,#2278,.F.);
#3266=ORIENTED_EDGE('',*,*,#2281,.F.);
#3267=ORIENTED_EDGE('',*,*,#2282,.T.);
#3268=ORIENTED_EDGE('',*,*,#2279,.F.);
#3269=ORIENTED_EDGE('',*,*,#2280,.F.);
#3270=ORIENTED_EDGE('',*,*,#2282,.F.);
#3271=ORIENTED_EDGE('',*,*,#2283,.F.);
#3272=ORIENTED_EDGE('',*,*,#2284,.T.);
#3273=ORIENTED_EDGE('',*,*,#2277,.F.);
#3274=ORIENTED_EDGE('',*,*,#2285,.T.);
#3275=ORIENTED_EDGE('',*,*,#2286,.T.);
#3276=ORIENTED_EDGE('',*,*,#2287,.T.);
#3277=ORIENTED_EDGE('',*,*,#2288,.T.);
#3278=ORIENTED_EDGE('',*,*,#2265,.T.);
#3279=ORIENTED_EDGE('',*,*,#2289,.T.);
#3280=ORIENTED_EDGE('',*,*,#2288,.F.);
#3281=ORIENTED_EDGE('',*,*,#2290,.F.);
#3282=ORIENTED_EDGE('',*,*,#2291,.T.);
#3283=ORIENTED_EDGE('',*,*,#2292,.F.);
#3284=ORIENTED_EDGE('',*,*,#2266,.T.);
#3285=ORIENTED_EDGE('',*,*,#2287,.F.);
#3286=ORIENTED_EDGE('',*,*,#2293,.T.);
#3287=ORIENTED_EDGE('',*,*,#2294,.T.);
#3288=ORIENTED_EDGE('',*,*,#2295,.T.);
#3289=ORIENTED_EDGE('',*,*,#2290,.T.);
#3290=ORIENTED_EDGE('',*,*,#2286,.F.);
#3291=ORIENTED_EDGE('',*,*,#2296,.F.);
#3292=ORIENTED_EDGE('',*,*,#2297,.F.);
#3293=ORIENTED_EDGE('',*,*,#2298,.F.);
#3294=ORIENTED_EDGE('',*,*,#2299,.F.);
#3295=ORIENTED_EDGE('',*,*,#2300,.F.);
#3296=ORIENTED_EDGE('',*,*,#2301,.F.);
#3297=ORIENTED_EDGE('',*,*,#2302,.F.);
#3298=ORIENTED_EDGE('',*,*,#2303,.F.);
#3299=ORIENTED_EDGE('',*,*,#2304,.F.);
#3300=ORIENTED_EDGE('',*,*,#2305,.F.);
#3301=ORIENTED_EDGE('',*,*,#2306,.F.);
#3302=ORIENTED_EDGE('',*,*,#2307,.F.);
#3303=ORIENTED_EDGE('',*,*,#2308,.F.);
#3304=ORIENTED_EDGE('',*,*,#2309,.F.);
#3305=ORIENTED_EDGE('',*,*,#2310,.F.);
#3306=ORIENTED_EDGE('',*,*,#2311,.F.);
#3307=ORIENTED_EDGE('',*,*,#2312,.F.);
#3308=ORIENTED_EDGE('',*,*,#2313,.F.);
#3309=ORIENTED_EDGE('',*,*,#2314,.F.);
#3310=ORIENTED_EDGE('',*,*,#2315,.F.);
#3311=ORIENTED_EDGE('',*,*,#2316,.T.);
#3312=ORIENTED_EDGE('',*,*,#2284,.F.);
#3313=ORIENTED_EDGE('',*,*,#2316,.F.);
#3314=ORIENTED_EDGE('',*,*,#2317,.F.);
#3315=ORIENTED_EDGE('',*,*,#2318,.F.);
#3316=ORIENTED_EDGE('',*,*,#2319,.F.);
#3317=ORIENTED_EDGE('',*,*,#2320,.F.);
#3318=ORIENTED_EDGE('',*,*,#2321,.F.);
#3319=ORIENTED_EDGE('',*,*,#2322,.F.);
#3320=ORIENTED_EDGE('',*,*,#2323,.F.);
#3321=ORIENTED_EDGE('',*,*,#2324,.F.);
#3322=ORIENTED_EDGE('',*,*,#2325,.F.);
#3323=ORIENTED_EDGE('',*,*,#2293,.F.);
#3324=ORIENTED_EDGE('',*,*,#2326,.T.);
#3325=ORIENTED_EDGE('',*,*,#2317,.T.);
#3326=ORIENTED_EDGE('',*,*,#2315,.T.);
#3327=ORIENTED_EDGE('',*,*,#2327,.T.);
#3328=ORIENTED_EDGE('',*,*,#2328,.T.);
#3329=ORIENTED_EDGE('',*,*,#2269,.T.);
#3330=ORIENTED_EDGE('',*,*,#2329,.T.);
#3331=ORIENTED_EDGE('',*,*,#2328,.F.);
#3332=ORIENTED_EDGE('',*,*,#2330,.F.);
#3333=ORIENTED_EDGE('',*,*,#2331,.T.);
#3334=ORIENTED_EDGE('',*,*,#2332,.F.);
#3335=ORIENTED_EDGE('',*,*,#2270,.T.);
#3336=ORIENTED_EDGE('',*,*,#2327,.F.);
#3337=ORIENTED_EDGE('',*,*,#2314,.T.);
#3338=ORIENTED_EDGE('',*,*,#2333,.T.);
#3339=ORIENTED_EDGE('',*,*,#2334,.T.);
#3340=ORIENTED_EDGE('',*,*,#2330,.T.);
#3341=ORIENTED_EDGE('',*,*,#2335,.T.);
#3342=ORIENTED_EDGE('',*,*,#2305,.T.);
#3343=ORIENTED_EDGE('',*,*,#2336,.T.);
#3344=ORIENTED_EDGE('',*,*,#2337,.T.);
#3345=ORIENTED_EDGE('',*,*,#2273,.T.);
#3346=ORIENTED_EDGE('',*,*,#2338,.T.);
#3347=ORIENTED_EDGE('',*,*,#2337,.F.);
#3348=ORIENTED_EDGE('',*,*,#2339,.F.);
#3349=ORIENTED_EDGE('',*,*,#2340,.T.);
#3350=ORIENTED_EDGE('',*,*,#2341,.F.);
#3351=ORIENTED_EDGE('',*,*,#2274,.T.);
#3352=ORIENTED_EDGE('',*,*,#2336,.F.);
#3353=ORIENTED_EDGE('',*,*,#2304,.T.);
#3354=ORIENTED_EDGE('',*,*,#2342,.T.);
#3355=ORIENTED_EDGE('',*,*,#2343,.T.);
#3356=ORIENTED_EDGE('',*,*,#2339,.T.);
#3357=ORIENTED_EDGE('',*,*,#2344,.T.);
#3358=ORIENTED_EDGE('',*,*,#2345,.T.);
#3359=ORIENTED_EDGE('',*,*,#2283,.T.);
#3360=ORIENTED_EDGE('',*,*,#2281,.T.);
#3361=ORIENTED_EDGE('',*,*,#2345,.F.);
#3362=ORIENTED_EDGE('',*,*,#2346,.T.);
#3363=ORIENTED_EDGE('',*,*,#2155,.T.);
#3364=ORIENTED_EDGE('',*,*,#2166,.T.);
#3365=ORIENTED_EDGE('',*,*,#2177,.T.);
#3366=ORIENTED_EDGE('',*,*,#2188,.T.);
#3367=ORIENTED_EDGE('',*,*,#2199,.T.);
#3368=ORIENTED_EDGE('',*,*,#2262,.T.);
#3369=ORIENTED_EDGE('',*,*,#2344,.F.);
#3370=ORIENTED_EDGE('',*,*,#2347,.F.);
#3371=ORIENTED_EDGE('',*,*,#2348,.F.);
#3372=ORIENTED_EDGE('',*,*,#2349,.F.);
#3373=ORIENTED_EDGE('',*,*,#2326,.F.);
#3374=ORIENTED_EDGE('',*,*,#2350,.T.);
#3375=ORIENTED_EDGE('',*,*,#2351,.T.);
#3376=ORIENTED_EDGE('',*,*,#2349,.T.);
#3377=ORIENTED_EDGE('',*,*,#2318,.T.);
#3378=ORIENTED_EDGE('',*,*,#2329,.F.);
#3379=ORIENTED_EDGE('',*,*,#2268,.T.);
#3380=ORIENTED_EDGE('',*,*,#2352,.T.);
#3381=ORIENTED_EDGE('',*,*,#2353,.T.);
#3382=ORIENTED_EDGE('',*,*,#2350,.F.);
#3383=ORIENTED_EDGE('',*,*,#2320,.T.);
#3384=ORIENTED_EDGE('',*,*,#2354,.F.);
#3385=ORIENTED_EDGE('',*,*,#2355,.F.);
#3386=ORIENTED_EDGE('',*,*,#2356,.F.);
#3387=ORIENTED_EDGE('',*,*,#2354,.T.);
#3388=ORIENTED_EDGE('',*,*,#2319,.T.);
#3389=ORIENTED_EDGE('',*,*,#2348,.T.);
#3390=ORIENTED_EDGE('',*,*,#2357,.T.);
#3391=ORIENTED_EDGE('',*,*,#2358,.F.);
#3392=ORIENTED_EDGE('',*,*,#2359,.T.);
#3393=ORIENTED_EDGE('',*,*,#2355,.T.);
#3394=ORIENTED_EDGE('',*,*,#2360,.T.);
#3395=ORIENTED_EDGE('',*,*,#2267,.T.);
#3396=ORIENTED_EDGE('',*,*,#2292,.T.);
#3397=ORIENTED_EDGE('',*,*,#2361,.T.);
#3398=ORIENTED_EDGE('',*,*,#2352,.F.);
#3399=ORIENTED_EDGE('',*,*,#2362,.F.);
#3400=ORIENTED_EDGE('',*,*,#2363,.F.);
#3401=ORIENTED_EDGE('',*,*,#2322,.T.);
#3402=ORIENTED_EDGE('',*,*,#2364,.F.);
#3403=ORIENTED_EDGE('',*,*,#2325,.T.);
#3404=ORIENTED_EDGE('',*,*,#2365,.F.);
#3405=ORIENTED_EDGE('',*,*,#2366,.F.);
#3406=ORIENTED_EDGE('',*,*,#2294,.F.);
#3407=ORIENTED_EDGE('',*,*,#2363,.T.);
#3408=ORIENTED_EDGE('',*,*,#2367,.T.);
#3409=ORIENTED_EDGE('',*,*,#2368,.T.);
#3410=ORIENTED_EDGE('',*,*,#2323,.T.);
#3411=ORIENTED_EDGE('',*,*,#2365,.T.);
#3412=ORIENTED_EDGE('',*,*,#2324,.T.);
#3413=ORIENTED_EDGE('',*,*,#2368,.F.);
#3414=ORIENTED_EDGE('',*,*,#2369,.T.);
#3415=ORIENTED_EDGE('',*,*,#2370,.F.);
#3416=ORIENTED_EDGE('',*,*,#2371,.T.);
#3417=ORIENTED_EDGE('',*,*,#2366,.T.);
#3418=ORIENTED_EDGE('',*,*,#2372,.T.);
#3419=ORIENTED_EDGE('',*,*,#2364,.T.);
#3420=ORIENTED_EDGE('',*,*,#2321,.T.);
#3421=ORIENTED_EDGE('',*,*,#2356,.T.);
#3422=ORIENTED_EDGE('',*,*,#2373,.T.);
#3423=ORIENTED_EDGE('',*,*,#2374,.F.);
#3424=ORIENTED_EDGE('',*,*,#2375,.T.);
#3425=ORIENTED_EDGE('',*,*,#2362,.T.);
#3426=ORIENTED_EDGE('',*,*,#2376,.T.);
#3427=ORIENTED_EDGE('',*,*,#2377,.T.);
#3428=ORIENTED_EDGE('',*,*,#2378,.T.);
#3429=ORIENTED_EDGE('',*,*,#2347,.T.);
#3430=ORIENTED_EDGE('',*,*,#2379,.T.);
#3431=ORIENTED_EDGE('',*,*,#2367,.F.);
#3432=ORIENTED_EDGE('',*,*,#2375,.F.);
#3433=ORIENTED_EDGE('',*,*,#2380,.F.);
#3434=ORIENTED_EDGE('',*,*,#2381,.F.);
#3435=ORIENTED_EDGE('',*,*,#2376,.F.);
#3436=ORIENTED_EDGE('',*,*,#2373,.F.);
#3437=ORIENTED_EDGE('',*,*,#2359,.F.);
#3438=ORIENTED_EDGE('',*,*,#2382,.F.);
#3439=ORIENTED_EDGE('',*,*,#2374,.T.);
#3440=ORIENTED_EDGE('',*,*,#2382,.T.);
#3441=ORIENTED_EDGE('',*,*,#2358,.T.);
#3442=ORIENTED_EDGE('',*,*,#2383,.F.);
#3443=ORIENTED_EDGE('',*,*,#2377,.F.);
#3444=ORIENTED_EDGE('',*,*,#2384,.F.);
#3445=ORIENTED_EDGE('',*,*,#2385,.F.);
#3446=ORIENTED_EDGE('',*,*,#2380,.T.);
#3447=ORIENTED_EDGE('',*,*,#2360,.F.);
#3448=ORIENTED_EDGE('',*,*,#2357,.F.);
#3449=ORIENTED_EDGE('',*,*,#2378,.F.);
#3450=ORIENTED_EDGE('',*,*,#2383,.T.);
#3451=ORIENTED_EDGE('',*,*,#2386,.F.);
#3452=ORIENTED_EDGE('',*,*,#2387,.F.);
#3453=ORIENTED_EDGE('',*,*,#2388,.F.);
#3454=ORIENTED_EDGE('',*,*,#2335,.F.);
#3455=ORIENTED_EDGE('',*,*,#2389,.T.);
#3456=ORIENTED_EDGE('',*,*,#2390,.T.);
#3457=ORIENTED_EDGE('',*,*,#2388,.T.);
#3458=ORIENTED_EDGE('',*,*,#2306,.T.);
#3459=ORIENTED_EDGE('',*,*,#2338,.F.);
#3460=ORIENTED_EDGE('',*,*,#2272,.T.);
#3461=ORIENTED_EDGE('',*,*,#2391,.T.);
#3462=ORIENTED_EDGE('',*,*,#2392,.T.);
#3463=ORIENTED_EDGE('',*,*,#2389,.F.);
#3464=ORIENTED_EDGE('',*,*,#2308,.T.);
#3465=ORIENTED_EDGE('',*,*,#2393,.F.);
#3466=ORIENTED_EDGE('',*,*,#2394,.F.);
#3467=ORIENTED_EDGE('',*,*,#2395,.F.);
#3468=ORIENTED_EDGE('',*,*,#2393,.T.);
#3469=ORIENTED_EDGE('',*,*,#2307,.T.);
#3470=ORIENTED_EDGE('',*,*,#2387,.T.);
#3471=ORIENTED_EDGE('',*,*,#2396,.T.);
#3472=ORIENTED_EDGE('',*,*,#2397,.F.);
#3473=ORIENTED_EDGE('',*,*,#2398,.T.);
#3474=ORIENTED_EDGE('',*,*,#2394,.T.);
#3475=ORIENTED_EDGE('',*,*,#2399,.T.);
#3476=ORIENTED_EDGE('',*,*,#2271,.T.);
#3477=ORIENTED_EDGE('',*,*,#2332,.T.);
#3478=ORIENTED_EDGE('',*,*,#2400,.T.);
#3479=ORIENTED_EDGE('',*,*,#2391,.F.);
#3480=ORIENTED_EDGE('',*,*,#2401,.F.);
#3481=ORIENTED_EDGE('',*,*,#2402,.F.);
#3482=ORIENTED_EDGE('',*,*,#2310,.T.);
#3483=ORIENTED_EDGE('',*,*,#2403,.F.);
#3484=ORIENTED_EDGE('',*,*,#2313,.T.);
#3485=ORIENTED_EDGE('',*,*,#2404,.F.);
#3486=ORIENTED_EDGE('',*,*,#2405,.F.);
#3487=ORIENTED_EDGE('',*,*,#2333,.F.);
#3488=ORIENTED_EDGE('',*,*,#2402,.T.);
#3489=ORIENTED_EDGE('',*,*,#2406,.T.);
#3490=ORIENTED_EDGE('',*,*,#2407,.T.);
#3491=ORIENTED_EDGE('',*,*,#2311,.T.);
#3492=ORIENTED_EDGE('',*,*,#2404,.T.);
#3493=ORIENTED_EDGE('',*,*,#2312,.T.);
#3494=ORIENTED_EDGE('',*,*,#2407,.F.);
#3495=ORIENTED_EDGE('',*,*,#2408,.T.);
#3496=ORIENTED_EDGE('',*,*,#2409,.F.);
#3497=ORIENTED_EDGE('',*,*,#2410,.T.);
#3498=ORIENTED_EDGE('',*,*,#2405,.T.);
#3499=ORIENTED_EDGE('',*,*,#2411,.T.);
#3500=ORIENTED_EDGE('',*,*,#2403,.T.);
#3501=ORIENTED_EDGE('',*,*,#2309,.T.);
#3502=ORIENTED_EDGE('',*,*,#2395,.T.);
#3503=ORIENTED_EDGE('',*,*,#2412,.T.);
#3504=ORIENTED_EDGE('',*,*,#2413,.F.);
#3505=ORIENTED_EDGE('',*,*,#2414,.T.);
#3506=ORIENTED_EDGE('',*,*,#2401,.T.);
#3507=ORIENTED_EDGE('',*,*,#2415,.T.);
#3508=ORIENTED_EDGE('',*,*,#2416,.T.);
#3509=ORIENTED_EDGE('',*,*,#2417,.T.);
#3510=ORIENTED_EDGE('',*,*,#2386,.T.);
#3511=ORIENTED_EDGE('',*,*,#2418,.T.);
#3512=ORIENTED_EDGE('',*,*,#2406,.F.);
#3513=ORIENTED_EDGE('',*,*,#2414,.F.);
#3514=ORIENTED_EDGE('',*,*,#2419,.F.);
#3515=ORIENTED_EDGE('',*,*,#2420,.F.);
#3516=ORIENTED_EDGE('',*,*,#2415,.F.);
#3517=ORIENTED_EDGE('',*,*,#2412,.F.);
#3518=ORIENTED_EDGE('',*,*,#2398,.F.);
#3519=ORIENTED_EDGE('',*,*,#2421,.F.);
#3520=ORIENTED_EDGE('',*,*,#2413,.T.);
#3521=ORIENTED_EDGE('',*,*,#2421,.T.);
#3522=ORIENTED_EDGE('',*,*,#2397,.T.);
#3523=ORIENTED_EDGE('',*,*,#2422,.F.);
#3524=ORIENTED_EDGE('',*,*,#2416,.F.);
#3525=ORIENTED_EDGE('',*,*,#2423,.F.);
#3526=ORIENTED_EDGE('',*,*,#2424,.F.);
#3527=ORIENTED_EDGE('',*,*,#2419,.T.);
#3528=ORIENTED_EDGE('',*,*,#2399,.F.);
#3529=ORIENTED_EDGE('',*,*,#2396,.F.);
#3530=ORIENTED_EDGE('',*,*,#2417,.F.);
#3531=ORIENTED_EDGE('',*,*,#2422,.T.);
#3532=ORIENTED_EDGE('',*,*,#2353,.F.);
#3533=ORIENTED_EDGE('',*,*,#2425,.F.);
#3534=ORIENTED_EDGE('',*,*,#2379,.F.);
#3535=ORIENTED_EDGE('',*,*,#2351,.F.);
#3536=ORIENTED_EDGE('',*,*,#2369,.F.);
#3537=ORIENTED_EDGE('',*,*,#2381,.T.);
#3538=ORIENTED_EDGE('',*,*,#2426,.F.);
#3539=ORIENTED_EDGE('',*,*,#2372,.F.);
#3540=ORIENTED_EDGE('',*,*,#2370,.T.);
#3541=ORIENTED_EDGE('',*,*,#2426,.T.);
#3542=ORIENTED_EDGE('',*,*,#2385,.T.);
#3543=ORIENTED_EDGE('',*,*,#2384,.T.);
#3544=ORIENTED_EDGE('',*,*,#2425,.T.);
#3545=ORIENTED_EDGE('',*,*,#2361,.F.);
#3546=ORIENTED_EDGE('',*,*,#2427,.F.);
#3547=ORIENTED_EDGE('',*,*,#2371,.F.);
#3548=ORIENTED_EDGE('',*,*,#2427,.T.);
#3549=ORIENTED_EDGE('',*,*,#2291,.F.);
#3550=ORIENTED_EDGE('',*,*,#2295,.F.);
#3551=ORIENTED_EDGE('',*,*,#2392,.F.);
#3552=ORIENTED_EDGE('',*,*,#2428,.F.);
#3553=ORIENTED_EDGE('',*,*,#2418,.F.);
#3554=ORIENTED_EDGE('',*,*,#2390,.F.);
#3555=ORIENTED_EDGE('',*,*,#2408,.F.);
#3556=ORIENTED_EDGE('',*,*,#2420,.T.);
#3557=ORIENTED_EDGE('',*,*,#2429,.F.);
#3558=ORIENTED_EDGE('',*,*,#2411,.F.);
#3559=ORIENTED_EDGE('',*,*,#2409,.T.);
#3560=ORIENTED_EDGE('',*,*,#2429,.T.);
#3561=ORIENTED_EDGE('',*,*,#2424,.T.);
#3562=ORIENTED_EDGE('',*,*,#2423,.T.);
#3563=ORIENTED_EDGE('',*,*,#2428,.T.);
#3564=ORIENTED_EDGE('',*,*,#2400,.F.);
#3565=ORIENTED_EDGE('',*,*,#2430,.F.);
#3566=ORIENTED_EDGE('',*,*,#2410,.F.);
#3567=ORIENTED_EDGE('',*,*,#2430,.T.);
#3568=ORIENTED_EDGE('',*,*,#2331,.F.);
#3569=ORIENTED_EDGE('',*,*,#2334,.F.);
#3570=ORIENTED_EDGE('',*,*,#2431,.F.);
#3571=ORIENTED_EDGE('',*,*,#2432,.F.);
#3572=ORIENTED_EDGE('',*,*,#2433,.F.);
#3573=ORIENTED_EDGE('',*,*,#2434,.T.);
#3574=ORIENTED_EDGE('',*,*,#2435,.T.);
#3575=ORIENTED_EDGE('',*,*,#2432,.T.);
#3576=ORIENTED_EDGE('',*,*,#2436,.T.);
#3577=ORIENTED_EDGE('',*,*,#2298,.T.);
#3578=ORIENTED_EDGE('',*,*,#2437,.F.);
#3579=ORIENTED_EDGE('',*,*,#2438,.F.);
#3580=ORIENTED_EDGE('',*,*,#2439,.F.);
#3581=ORIENTED_EDGE('',*,*,#2437,.T.);
#3582=ORIENTED_EDGE('',*,*,#2297,.T.);
#3583=ORIENTED_EDGE('',*,*,#2433,.T.);
#3584=ORIENTED_EDGE('',*,*,#2440,.T.);
#3585=ORIENTED_EDGE('',*,*,#2441,.F.);
#3586=ORIENTED_EDGE('',*,*,#2442,.T.);
#3587=ORIENTED_EDGE('',*,*,#2438,.T.);
#3588=ORIENTED_EDGE('',*,*,#2443,.T.);
#3589=ORIENTED_EDGE('',*,*,#2275,.T.);
#3590=ORIENTED_EDGE('',*,*,#2341,.T.);
#3591=ORIENTED_EDGE('',*,*,#2444,.T.);
#3592=ORIENTED_EDGE('',*,*,#2445,.T.);
#3593=ORIENTED_EDGE('',*,*,#2446,.F.);
#3594=ORIENTED_EDGE('',*,*,#2447,.F.);
#3595=ORIENTED_EDGE('',*,*,#2300,.T.);
#3596=ORIENTED_EDGE('',*,*,#2448,.F.);
#3597=ORIENTED_EDGE('',*,*,#2303,.T.);
#3598=ORIENTED_EDGE('',*,*,#2449,.F.);
#3599=ORIENTED_EDGE('',*,*,#2450,.F.);
#3600=ORIENTED_EDGE('',*,*,#2342,.F.);
#3601=ORIENTED_EDGE('',*,*,#2447,.T.);
#3602=ORIENTED_EDGE('',*,*,#2451,.T.);
#3603=ORIENTED_EDGE('',*,*,#2452,.T.);
#3604=ORIENTED_EDGE('',*,*,#2301,.T.);
#3605=ORIENTED_EDGE('',*,*,#2449,.T.);
#3606=ORIENTED_EDGE('',*,*,#2302,.T.);
#3607=ORIENTED_EDGE('',*,*,#2452,.F.);
#3608=ORIENTED_EDGE('',*,*,#2453,.T.);
#3609=ORIENTED_EDGE('',*,*,#2454,.F.);
#3610=ORIENTED_EDGE('',*,*,#2455,.T.);
#3611=ORIENTED_EDGE('',*,*,#2450,.T.);
#3612=ORIENTED_EDGE('',*,*,#2456,.T.);
#3613=ORIENTED_EDGE('',*,*,#2448,.T.);
#3614=ORIENTED_EDGE('',*,*,#2299,.T.);
#3615=ORIENTED_EDGE('',*,*,#2439,.T.);
#3616=ORIENTED_EDGE('',*,*,#2457,.T.);
#3617=ORIENTED_EDGE('',*,*,#2458,.F.);
#3618=ORIENTED_EDGE('',*,*,#2459,.T.);
#3619=ORIENTED_EDGE('',*,*,#2446,.T.);
#3620=ORIENTED_EDGE('',*,*,#2460,.T.);
#3621=ORIENTED_EDGE('',*,*,#2289,.F.);
#3622=ORIENTED_EDGE('',*,*,#2276,.T.);
#3623=ORIENTED_EDGE('',*,*,#2445,.F.);
#3624=ORIENTED_EDGE('',*,*,#2461,.T.);
#3625=ORIENTED_EDGE('',*,*,#2462,.T.);
#3626=ORIENTED_EDGE('',*,*,#2285,.F.);
#3627=ORIENTED_EDGE('',*,*,#2462,.F.);
#3628=ORIENTED_EDGE('',*,*,#2463,.T.);
#3629=ORIENTED_EDGE('',*,*,#2431,.T.);
#3630=ORIENTED_EDGE('',*,*,#2296,.T.);
#3631=ORIENTED_EDGE('',*,*,#2443,.F.);
#3632=ORIENTED_EDGE('',*,*,#2440,.F.);
#3633=ORIENTED_EDGE('',*,*,#2435,.F.);
#3634=ORIENTED_EDGE('',*,*,#2464,.T.);
#3635=ORIENTED_EDGE('',*,*,#2436,.F.);
#3636=ORIENTED_EDGE('',*,*,#2463,.F.);
#3637=ORIENTED_EDGE('',*,*,#2461,.F.);
#3638=ORIENTED_EDGE('',*,*,#2465,.F.);
#3639=ORIENTED_EDGE('',*,*,#2340,.F.);
#3640=ORIENTED_EDGE('',*,*,#2343,.F.);
#3641=ORIENTED_EDGE('',*,*,#2455,.F.);
#3642=ORIENTED_EDGE('',*,*,#2466,.T.);
#3643=ORIENTED_EDGE('',*,*,#2444,.F.);
#3644=ORIENTED_EDGE('',*,*,#2466,.F.);
#3645=ORIENTED_EDGE('',*,*,#2454,.T.);
#3646=ORIENTED_EDGE('',*,*,#2467,.T.);
#3647=ORIENTED_EDGE('',*,*,#2468,.T.);
#3648=ORIENTED_EDGE('',*,*,#2469,.T.);
#3649=ORIENTED_EDGE('',*,*,#2465,.T.);
#3650=ORIENTED_EDGE('',*,*,#2459,.F.);
#3651=ORIENTED_EDGE('',*,*,#2470,.F.);
#3652=ORIENTED_EDGE('',*,*,#2471,.F.);
#3653=ORIENTED_EDGE('',*,*,#2451,.F.);
#3654=ORIENTED_EDGE('',*,*,#2441,.T.);
#3655=ORIENTED_EDGE('',*,*,#2464,.F.);
#3656=ORIENTED_EDGE('',*,*,#2434,.F.);
#3657=ORIENTED_EDGE('',*,*,#2469,.F.);
#3658=ORIENTED_EDGE('',*,*,#2468,.F.);
#3659=ORIENTED_EDGE('',*,*,#2470,.T.);
#3660=ORIENTED_EDGE('',*,*,#2458,.T.);
#3661=ORIENTED_EDGE('',*,*,#2472,.T.);
#3662=ORIENTED_EDGE('',*,*,#2442,.F.);
#3663=ORIENTED_EDGE('',*,*,#2472,.F.);
#3664=ORIENTED_EDGE('',*,*,#2460,.F.);
#3665=ORIENTED_EDGE('',*,*,#2457,.F.);
#3666=ORIENTED_EDGE('',*,*,#2453,.F.);
#3667=ORIENTED_EDGE('',*,*,#2471,.T.);
#3668=ORIENTED_EDGE('',*,*,#2467,.F.);
#3669=ORIENTED_EDGE('',*,*,#2456,.F.);
#3670=ORIENTED_EDGE('',*,*,#2346,.F.);
#3671=ORIENTED_EDGE('',*,*,#2473,.T.);
#3672=ORIENTED_EDGE('',*,*,#2207,.F.);
#3673=ORIENTED_EDGE('',*,*,#2158,.F.);
#3674=ORIENTED_EDGE('',*,*,#2206,.F.);
#3675=ORIENTED_EDGE('',*,*,#2169,.F.);
#3676=ORIENTED_EDGE('',*,*,#2205,.F.);
#3677=ORIENTED_EDGE('',*,*,#2180,.F.);
#3678=ORIENTED_EDGE('',*,*,#2204,.F.);
#3679=ORIENTED_EDGE('',*,*,#2191,.F.);
#3680=ORIENTED_EDGE('',*,*,#2203,.F.);
#3681=ORIENTED_EDGE('',*,*,#2259,.F.);
#3682=ORIENTED_EDGE('',*,*,#2209,.F.);
#3683=ORIENTED_EDGE('',*,*,#2147,.F.);
#3684=ORIENTED_EDGE('',*,*,#2208,.F.);
#3685=ORIENTED_EDGE('',*,*,#2473,.F.);
#3686=CYLINDRICAL_SURFACE('',#4025,0.015748031496063);
#3687=CYLINDRICAL_SURFACE('',#4029,0.015748031496063);
#3688=CYLINDRICAL_SURFACE('',#4035,0.015748031496063);
#3689=CYLINDRICAL_SURFACE('',#4045,0.015748031496063);
#3690=CYLINDRICAL_SURFACE('',#4050,0.015748031496063);
#3691=CYLINDRICAL_SURFACE('',#4061,1.08267716535433);
#3692=CYLINDRICAL_SURFACE('',#4086,0.015748031496063);
#3693=CYLINDRICAL_SURFACE('',#4089,0.015748031496063);
#3694=CYLINDRICAL_SURFACE('',#4093,0.015748031496063);
#3695=CYLINDRICAL_SURFACE('',#4099,0.015748031496063);
#3696=CYLINDRICAL_SURFACE('',#4108,0.015748031496063);
#3697=CYLINDRICAL_SURFACE('',#4113,0.015748031496063);
#3698=CYLINDRICAL_SURFACE('',#4122,0.015748031496063);
#3699=CYLINDRICAL_SURFACE('',#4125,0.015748031496063);
#3700=CYLINDRICAL_SURFACE('',#4129,0.015748031496063);
#3701=CYLINDRICAL_SURFACE('',#4135,0.015748031496063);
#3702=CYLINDRICAL_SURFACE('',#4144,0.015748031496063);
#3703=CYLINDRICAL_SURFACE('',#4149,0.015748031496063);
#3704=CYLINDRICAL_SURFACE('',#4158,0.015748031496063);
#3705=CYLINDRICAL_SURFACE('',#4161,0.015748031496063);
#3706=CYLINDRICAL_SURFACE('',#4165,0.015748031496063);
#3707=CYLINDRICAL_SURFACE('',#4171,0.015748031496063);
#3708=CYLINDRICAL_SURFACE('',#4180,0.015748031496063);
#3709=CYLINDRICAL_SURFACE('',#4185,0.015748031496063);
#3710=CYLINDRICAL_SURFACE('',#4194,0.015748031496063);
#3711=CYLINDRICAL_SURFACE('',#4197,0.015748031496063);
#3712=CYLINDRICAL_SURFACE('',#4201,0.015748031496063);
#3713=CYLINDRICAL_SURFACE('',#4207,0.015748031496063);
#3714=CYLINDRICAL_SURFACE('',#4216,0.015748031496063);
#3715=CYLINDRICAL_SURFACE('',#4221,0.015748031496063);
#3716=CYLINDRICAL_SURFACE('',#4230,0.015748031496063);
#3717=CYLINDRICAL_SURFACE('',#4239,0.062992125984252);
#3718=CYLINDRICAL_SURFACE('',#4240,0.067);
#3719=CYLINDRICAL_SURFACE('',#4248,0.062992125984252);
#3720=CYLINDRICAL_SURFACE('',#4249,0.067);
#3721=CYLINDRICAL_SURFACE('',#4257,0.062992125984252);
#3722=CYLINDRICAL_SURFACE('',#4258,0.067);
#3723=CYLINDRICAL_SURFACE('',#4266,0.062992125984252);
#3724=CYLINDRICAL_SURFACE('',#4267,0.067);
#3725=CYLINDRICAL_SURFACE('',#4275,0.062992125984252);
#3726=CYLINDRICAL_SURFACE('',#4276,0.067);
#3727=CYLINDRICAL_SURFACE('',#4291,0.015748031496063);
#3728=CYLINDRICAL_SURFACE('',#4295,0.015748031496063);
#3729=CYLINDRICAL_SURFACE('',#4301,0.015748031496063);
#3730=CYLINDRICAL_SURFACE('',#4311,0.015748031496063);
#3731=CYLINDRICAL_SURFACE('',#4318,0.015748031496063);
#3732=CYLINDRICAL_SURFACE('',#4324,0.015748031496063);
#3733=CYLINDRICAL_SURFACE('',#4327,0.062992125984252);
#3734=CYLINDRICAL_SURFACE('',#4334,0.067);
#3735=CYLINDRICAL_SURFACE('',#4351,0.78740157480315);
#3736=CYLINDRICAL_SURFACE('',#4358,0.015748031496063);
#3737=CYLINDRICAL_SURFACE('',#4360,0.015748031496063);
#3738=CYLINDRICAL_SURFACE('',#4362,0.885826771653543);
#3739=CYLINDRICAL_SURFACE('',#4370,0.015748031496063);
#3740=CYLINDRICAL_SURFACE('',#4372,0.015748031496063);
#3741=CYLINDRICAL_SURFACE('',#4375,0.015748031496063);
#3742=CYLINDRICAL_SURFACE('',#4377,0.015748031496063);
#3743=CYLINDRICAL_SURFACE('',#4388,0.015748031496063);
#3744=CYLINDRICAL_SURFACE('',#4390,0.015748031496063);
#3745=CYLINDRICAL_SURFACE('',#4401,0.015748031496063);
#3746=CYLINDRICAL_SURFACE('',#4402,0.015748031496063);
#3747=CYLINDRICAL_SURFACE('',#4409,0.015748031496063);
#3748=CYLINDRICAL_SURFACE('',#4411,0.015748031496063);
#3749=CYLINDRICAL_SURFACE('',#4422,0.015748031496063);
#3750=CYLINDRICAL_SURFACE('',#4423,0.015748031496063);
#3751=CYLINDRICAL_SURFACE('',#4429,0.933070866141732);
#3752=CYLINDRICAL_SURFACE('',#4434,0.933070866141732);
#3753=CYLINDRICAL_SURFACE('',#4450,0.015748031496063);
#3754=CYLINDRICAL_SURFACE('',#4451,0.015748031496063);
#3755=CYLINDRICAL_SURFACE('',#4452,0.015748031496063);
#3756=CYLINDRICAL_SURFACE('',#4454,0.015748031496063);
#3757=CYLINDRICAL_SURFACE('',#4457,0.933070866141732);
#3758=CYLINDRICAL_SURFACE('',#4462,1.18110236220472);
#3759=ADVANCED_FACE('',(#375),#3686,.F.);
#3760=ADVANCED_FACE('',(#376),#330,.T.);
#3761=ADVANCED_FACE('',(#377),#87,.F.);
#3762=ADVANCED_FACE('',(#378),#3687,.F.);
#3763=ADVANCED_FACE('',(#379),#88,.F.);
#3764=ADVANCED_FACE('',(#380),#3688,.F.);
#3765=ADVANCED_FACE('',(#381),#331,.T.);
#3766=ADVANCED_FACE('',(#382),#45,.T.);
#3767=ADVANCED_FACE('',(#383),#30,.T.);
#3768=ADVANCED_FACE('',(#384),#3689,.T.);
#3769=ADVANCED_FACE('',(#385),#31,.T.);
#3770=ADVANCED_FACE('',(#386),#3690,.T.);
#3771=ADVANCED_FACE('',(#387),#46,.T.);
#3772=ADVANCED_FACE('',(#388),#47,.T.);
#3773=ADVANCED_FACE('',(#389),#48,.T.);
#3774=ADVANCED_FACE('',(#390),#89,.F.);
#3775=ADVANCED_FACE('',(#391),#3691,.T.);
#3776=ADVANCED_FACE('',(#392),#3692,.F.);
#3777=ADVANCED_FACE('',(#393),#90,.F.);
#3778=ADVANCED_FACE('',(#394),#91,.F.);
#3779=ADVANCED_FACE('',(#395),#3693,.F.);
#3780=ADVANCED_FACE('',(#396),#332,.T.);
#3781=ADVANCED_FACE('',(#397),#92,.F.);
#3782=ADVANCED_FACE('',(#398),#3694,.F.);
#3783=ADVANCED_FACE('',(#399),#93,.F.);
#3784=ADVANCED_FACE('',(#400),#3695,.F.);
#3785=ADVANCED_FACE('',(#401),#333,.T.);
#3786=ADVANCED_FACE('',(#402),#49,.T.);
#3787=ADVANCED_FACE('',(#403),#32,.T.);
#3788=ADVANCED_FACE('',(#404),#3696,.T.);
#3789=ADVANCED_FACE('',(#405),#33,.T.);
#3790=ADVANCED_FACE('',(#406),#3697,.T.);
#3791=ADVANCED_FACE('',(#407),#50,.T.);
#3792=ADVANCED_FACE('',(#408),#51,.T.);
#3793=ADVANCED_FACE('',(#409),#52,.T.);
#3794=ADVANCED_FACE('',(#410),#94,.F.);
#3795=ADVANCED_FACE('',(#411),#3698,.F.);
#3796=ADVANCED_FACE('',(#412),#95,.F.);
#3797=ADVANCED_FACE('',(#413),#96,.F.);
#3798=ADVANCED_FACE('',(#414),#3699,.F.);
#3799=ADVANCED_FACE('',(#415),#334,.T.);
#3800=ADVANCED_FACE('',(#416),#97,.F.);
#3801=ADVANCED_FACE('',(#417),#3700,.F.);
#3802=ADVANCED_FACE('',(#418),#98,.F.);
#3803=ADVANCED_FACE('',(#419),#3701,.F.);
#3804=ADVANCED_FACE('',(#420),#335,.T.);
#3805=ADVANCED_FACE('',(#421),#53,.T.);
#3806=ADVANCED_FACE('',(#422),#34,.T.);
#3807=ADVANCED_FACE('',(#423),#3702,.T.);
#3808=ADVANCED_FACE('',(#424),#35,.T.);
#3809=ADVANCED_FACE('',(#425),#3703,.T.);
#3810=ADVANCED_FACE('',(#426),#54,.T.);
#3811=ADVANCED_FACE('',(#427),#55,.T.);
#3812=ADVANCED_FACE('',(#428),#56,.T.);
#3813=ADVANCED_FACE('',(#429),#99,.F.);
#3814=ADVANCED_FACE('',(#430),#3704,.F.);
#3815=ADVANCED_FACE('',(#431),#100,.F.);
#3816=ADVANCED_FACE('',(#432),#101,.F.);
#3817=ADVANCED_FACE('',(#433),#3705,.F.);
#3818=ADVANCED_FACE('',(#434),#336,.T.);
#3819=ADVANCED_FACE('',(#435),#102,.F.);
#3820=ADVANCED_FACE('',(#436),#3706,.F.);
#3821=ADVANCED_FACE('',(#437),#103,.F.);
#3822=ADVANCED_FACE('',(#438),#3707,.F.);
#3823=ADVANCED_FACE('',(#439),#337,.T.);
#3824=ADVANCED_FACE('',(#440),#57,.T.);
#3825=ADVANCED_FACE('',(#441),#36,.T.);
#3826=ADVANCED_FACE('',(#442),#3708,.T.);
#3827=ADVANCED_FACE('',(#443),#37,.T.);
#3828=ADVANCED_FACE('',(#444),#3709,.T.);
#3829=ADVANCED_FACE('',(#445),#58,.T.);
#3830=ADVANCED_FACE('',(#446),#59,.T.);
#3831=ADVANCED_FACE('',(#447),#60,.T.);
#3832=ADVANCED_FACE('',(#448),#104,.F.);
#3833=ADVANCED_FACE('',(#449),#3710,.F.);
#3834=ADVANCED_FACE('',(#450),#105,.F.);
#3835=ADVANCED_FACE('',(#451),#106,.F.);
#3836=ADVANCED_FACE('',(#452),#3711,.F.);
#3837=ADVANCED_FACE('',(#453),#338,.T.);
#3838=ADVANCED_FACE('',(#454),#107,.F.);
#3839=ADVANCED_FACE('',(#455),#3712,.F.);
#3840=ADVANCED_FACE('',(#456),#108,.F.);
#3841=ADVANCED_FACE('',(#457),#3713,.F.);
#3842=ADVANCED_FACE('',(#458),#339,.T.);
#3843=ADVANCED_FACE('',(#459),#61,.T.);
#3844=ADVANCED_FACE('',(#460),#38,.T.);
#3845=ADVANCED_FACE('',(#461),#3714,.T.);
#3846=ADVANCED_FACE('',(#462),#39,.T.);
#3847=ADVANCED_FACE('',(#463),#3715,.T.);
#3848=ADVANCED_FACE('',(#464),#62,.T.);
#3849=ADVANCED_FACE('',(#465),#63,.T.);
#3850=ADVANCED_FACE('',(#466),#64,.T.);
#3851=ADVANCED_FACE('',(#467),#109,.F.);
#3852=ADVANCED_FACE('',(#468),#3716,.F.);
#3853=ADVANCED_FACE('',(#469),#110,.F.);
#3854=ADVANCED_FACE('',(#470),#111,.F.);
#3855=ADVANCED_FACE('',(#471),#112,.F.);
#3856=ADVANCED_FACE('',(#472,#15),#113,.T.);
#3857=ADVANCED_FACE('',(#473),#114,.F.);
#3858=ADVANCED_FACE('',(#474),#115,.F.);
#3859=ADVANCED_FACE('',(#475),#3717,.F.);
#3860=ADVANCED_FACE('',(#476),#3718,.F.);
#3861=ADVANCED_FACE('',(#477),#116,.F.);
#3862=ADVANCED_FACE('',(#478,#16),#117,.T.);
#3863=ADVANCED_FACE('',(#479),#118,.F.);
#3864=ADVANCED_FACE('',(#480),#119,.F.);
#3865=ADVANCED_FACE('',(#481),#3719,.F.);
#3866=ADVANCED_FACE('',(#482),#3720,.F.);
#3867=ADVANCED_FACE('',(#483),#120,.F.);
#3868=ADVANCED_FACE('',(#484,#17),#121,.T.);
#3869=ADVANCED_FACE('',(#485),#122,.F.);
#3870=ADVANCED_FACE('',(#486),#123,.F.);
#3871=ADVANCED_FACE('',(#487),#3721,.F.);
#3872=ADVANCED_FACE('',(#488),#3722,.F.);
#3873=ADVANCED_FACE('',(#489),#124,.F.);
#3874=ADVANCED_FACE('',(#490,#18),#125,.T.);
#3875=ADVANCED_FACE('',(#491),#126,.F.);
#3876=ADVANCED_FACE('',(#492),#127,.F.);
#3877=ADVANCED_FACE('',(#493),#3723,.F.);
#3878=ADVANCED_FACE('',(#494),#3724,.F.);
#3879=ADVANCED_FACE('',(#495),#128,.F.);
#3880=ADVANCED_FACE('',(#496,#19),#129,.T.);
#3881=ADVANCED_FACE('',(#497),#130,.F.);
#3882=ADVANCED_FACE('',(#498),#131,.F.);
#3883=ADVANCED_FACE('',(#499),#3725,.F.);
#3884=ADVANCED_FACE('',(#500),#3726,.F.);
#3885=ADVANCED_FACE('',(#501),#65,.F.);
#3886=ADVANCED_FACE('',(#502),#66,.F.);
#3887=ADVANCED_FACE('',(#503),#67,.F.);
#3888=ADVANCED_FACE('',(#504),#68,.F.);
#3889=ADVANCED_FACE('',(#505),#69,.F.);
#3890=ADVANCED_FACE('',(#506),#70,.F.);
#3891=ADVANCED_FACE('',(#507),#3727,.F.);
#3892=ADVANCED_FACE('',(#508),#340,.T.);
#3893=ADVANCED_FACE('',(#509),#132,.F.);
#3894=ADVANCED_FACE('',(#510),#3728,.F.);
#3895=ADVANCED_FACE('',(#511),#133,.F.);
#3896=ADVANCED_FACE('',(#512),#3729,.F.);
#3897=ADVANCED_FACE('',(#513),#341,.T.);
#3898=ADVANCED_FACE('',(#514),#71,.T.);
#3899=ADVANCED_FACE('',(#515),#40,.T.);
#3900=ADVANCED_FACE('',(#516),#72,.T.);
#3901=ADVANCED_FACE('',(#517),#3730,.T.);
#3902=ADVANCED_FACE('',(#518),#41,.T.);
#3903=ADVANCED_FACE('',(#519),#73,.T.);
#3904=ADVANCED_FACE('',(#520),#3731,.T.);
#3905=ADVANCED_FACE('',(#521),#74,.T.);
#3906=ADVANCED_FACE('',(#522),#134,.F.);
#3907=ADVANCED_FACE('',(#523),#3732,.F.);
#3908=ADVANCED_FACE('',(#524),#135,.F.);
#3909=ADVANCED_FACE('',(#525),#136,.F.);
#3910=ADVANCED_FACE('',(#526),#3733,.F.);
#3911=ADVANCED_FACE('',(#527),#137,.F.);
#3912=ADVANCED_FACE('',(#528),#138,.F.);
#3913=ADVANCED_FACE('',(#529),#139,.F.);
#3914=ADVANCED_FACE('',(#530,#20),#140,.T.);
#3915=ADVANCED_FACE('',(#531),#3734,.F.);
#3916=ADVANCED_FACE('',(#532),#75,.T.);
#3917=ADVANCED_FACE('',(#533,#21),#141,.T.);
#3918=ADVANCED_FACE('',(#534),#76,.T.);
#3919=ADVANCED_FACE('',(#535),#3735,.F.);
#3920=ADVANCED_FACE('',(#536,#22),#142,.T.);
#3921=ADVANCED_FACE('',(#537),#77,.T.);
#3922=ADVANCED_FACE('',(#538),#3736,.T.);
#3923=ADVANCED_FACE('',(#539),#3737,.T.);
#3924=ADVANCED_FACE('',(#540),#3738,.F.);
#3925=ADVANCED_FACE('',(#541),#78,.T.);
#3926=ADVANCED_FACE('',(#542),#3739,.T.);
#3927=ADVANCED_FACE('',(#543),#3740,.T.);
#3928=ADVANCED_FACE('',(#544),#79,.T.);
#3929=ADVANCED_FACE('',(#545),#3741,.T.);
#3930=ADVANCED_FACE('',(#546),#3742,.T.);
#3931=ADVANCED_FACE('',(#547),#80,.T.);
#3932=ADVANCED_FACE('',(#548,#23,#24,#25,#26,#27,#28,#29),#143,.F.);
#3933=ADVANCED_FACE('',(#549),#42,.T.);
#3934=ADVANCED_FACE('',(#550),#3743,.T.);
#3935=ADVANCED_FACE('',(#551),#3744,.T.);
#3936=ADVANCED_FACE('',(#552),#342,.F.);
#3937=ADVANCED_FACE('',(#553),#343,.F.);
#3938=ADVANCED_FACE('',(#554),#344,.T.);
#3939=ADVANCED_FACE('',(#555),#81,.T.);
#3940=ADVANCED_FACE('',(#556),#345,.F.);
#3941=ADVANCED_FACE('',(#557),#346,.F.);
#3942=ADVANCED_FACE('',(#558),#347,.F.);
#3943=ADVANCED_FACE('',(#559),#82,.T.);
#3944=ADVANCED_FACE('',(#560),#3745,.F.);
#3945=ADVANCED_FACE('',(#561),#3746,.T.);
#3946=ADVANCED_FACE('',(#562),#348,.T.);
#3947=ADVANCED_FACE('',(#563),#349,.F.);
#3948=ADVANCED_FACE('',(#564),#350,.F.);
#3949=ADVANCED_FACE('',(#565),#144,.F.);
#3950=ADVANCED_FACE('',(#566),#351,.F.);
#3951=ADVANCED_FACE('',(#567),#352,.F.);
#3952=ADVANCED_FACE('',(#568),#43,.T.);
#3953=ADVANCED_FACE('',(#569),#3747,.T.);
#3954=ADVANCED_FACE('',(#570),#3748,.T.);
#3955=ADVANCED_FACE('',(#571),#353,.F.);
#3956=ADVANCED_FACE('',(#572),#354,.F.);
#3957=ADVANCED_FACE('',(#573),#355,.T.);
#3958=ADVANCED_FACE('',(#574),#83,.T.);
#3959=ADVANCED_FACE('',(#575),#356,.F.);
#3960=ADVANCED_FACE('',(#576),#357,.F.);
#3961=ADVANCED_FACE('',(#577),#358,.F.);
#3962=ADVANCED_FACE('',(#578),#84,.T.);
#3963=ADVANCED_FACE('',(#579),#3749,.F.);
#3964=ADVANCED_FACE('',(#580),#3750,.T.);
#3965=ADVANCED_FACE('',(#581),#359,.T.);
#3966=ADVANCED_FACE('',(#582),#360,.F.);
#3967=ADVANCED_FACE('',(#583),#361,.F.);
#3968=ADVANCED_FACE('',(#584),#145,.F.);
#3969=ADVANCED_FACE('',(#585),#362,.F.);
#3970=ADVANCED_FACE('',(#586),#363,.F.);
#3971=ADVANCED_FACE('',(#587),#146,.F.);
#3972=ADVANCED_FACE('',(#588),#147,.F.);
#3973=ADVANCED_FACE('',(#589),#3751,.F.);
#3974=ADVANCED_FACE('',(#590),#148,.T.);
#3975=ADVANCED_FACE('',(#591),#149,.F.);
#3976=ADVANCED_FACE('',(#592),#150,.F.);
#3977=ADVANCED_FACE('',(#593),#3752,.F.);
#3978=ADVANCED_FACE('',(#594),#151,.T.);
#3979=ADVANCED_FACE('',(#595),#44,.T.);
#3980=ADVANCED_FACE('',(#596),#364,.F.);
#3981=ADVANCED_FACE('',(#597),#365,.F.);
#3982=ADVANCED_FACE('',(#598),#366,.F.);
#3983=ADVANCED_FACE('',(#599),#367,.T.);
#3984=ADVANCED_FACE('',(#600),#85,.T.);
#3985=ADVANCED_FACE('',(#601),#368,.F.);
#3986=ADVANCED_FACE('',(#602),#369,.F.);
#3987=ADVANCED_FACE('',(#603),#370,.F.);
#3988=ADVANCED_FACE('',(#604),#86,.T.);
#3989=ADVANCED_FACE('',(#605),#3753,.F.);
#3990=ADVANCED_FACE('',(#606),#3754,.T.);
#3991=ADVANCED_FACE('',(#607),#371,.T.);
#3992=ADVANCED_FACE('',(#608),#3755,.T.);
#3993=ADVANCED_FACE('',(#609),#3756,.T.);
#3994=ADVANCED_FACE('',(#610),#372,.F.);
#3995=ADVANCED_FACE('',(#611),#152,.F.);
#3996=ADVANCED_FACE('',(#612),#153,.T.);
#3997=ADVANCED_FACE('',(#613),#3757,.F.);
#3998=ADVANCED_FACE('',(#614),#373,.F.);
#3999=ADVANCED_FACE('',(#615),#374,.F.);
#4000=ADVANCED_FACE('',(#616),#154,.F.);
#4001=ADVANCED_FACE('',(#617),#155,.F.);
#4002=ADVANCED_FACE('',(#618),#3758,.T.);
#4003=CLOSED_SHELL('',(#3759,#3760,#3761,#3762,#3763,#3764,#3765,#3766,
#3767,#3768,#3769,#3770,#3771,#3772,#3773,#3774,#3775,#3776,#3777,#3778,
#3779,#3780,#3781,#3782,#3783,#3784,#3785,#3786,#3787,#3788,#3789,#3790,
#3791,#3792,#3793,#3794,#3795,#3796,#3797,#3798,#3799,#3800,#3801,#3802,
#3803,#3804,#3805,#3806,#3807,#3808,#3809,#3810,#3811,#3812,#3813,#3814,
#3815,#3816,#3817,#3818,#3819,#3820,#3821,#3822,#3823,#3824,#3825,#3826,
#3827,#3828,#3829,#3830,#3831,#3832,#3833,#3834,#3835,#3836,#3837,#3838,
#3839,#3840,#3841,#3842,#3843,#3844,#3845,#3846,#3847,#3848,#3849,#3850,
#3851,#3852,#3853,#3854,#3855,#3856,#3857,#3858,#3859,#3860,#3861,#3862,
#3863,#3864,#3865,#3866,#3867,#3868,#3869,#3870,#3871,#3872,#3873,#3874,
#3875,#3876,#3877,#3878,#3879,#3880,#3881,#3882,#3883,#3884,#3885,#3886,
#3887,#3888,#3889,#3890,#3891,#3892,#3893,#3894,#3895,#3896,#3897,#3898,
#3899,#3900,#3901,#3902,#3903,#3904,#3905,#3906,#3907,#3908,#3909,#3910,
#3911,#3912,#3913,#3914,#3915,#3916,#3917,#3918,#3919,#3920,#3921,#3922,
#3923,#3924,#3925,#3926,#3927,#3928,#3929,#3930,#3931,#3932,#3933,#3934,
#3935,#3936,#3937,#3938,#3939,#3940,#3941,#3942,#3943,#3944,#3945,#3946,
#3947,#3948,#3949,#3950,#3951,#3952,#3953,#3954,#3955,#3956,#3957,#3958,
#3959,#3960,#3961,#3962,#3963,#3964,#3965,#3966,#3967,#3968,#3969,#3970,
#3971,#3972,#3973,#3974,#3975,#3976,#3977,#3978,#3979,#3980,#3981,#3982,
#3983,#3984,#3985,#3986,#3987,#3988,#3989,#3990,#3991,#3992,#3993,#3994,
#3995,#3996,#3997,#3998,#3999,#4000,#4001,#4002));
#4004=DERIVED_UNIT_ELEMENT(#4006,1.);
#4005=DERIVED_UNIT_ELEMENT(#9499,-3.);
#4006=(
CONVERSION_BASED_UNIT('gram',#4008)
MASS_UNIT()
NAMED_UNIT(#9496)
);
#4007=(
MASS_UNIT()
NAMED_UNIT(*)
SI_UNIT(.KILO.,.GRAM.)
);
#4008=MASS_MEASURE_WITH_UNIT(MASS_MEASURE(0.001),#4007);
#4009=DERIVED_UNIT((#4004,#4005));
#4010=MEASURE_REPRESENTATION_ITEM('density measure',
POSITIVE_RATIO_MEASURE(1.29),#4009);
#4011=PROPERTY_DEFINITION_REPRESENTATION(#4016,#4013);
#4012=PROPERTY_DEFINITION_REPRESENTATION(#4017,#4014);
#4013=REPRESENTATION('material name',(#4015),#9493);
#4014=REPRESENTATION('density',(#4010),#9493);
#4015=DESCRIPTIVE_REPRESENTATION_ITEM('PVC, Unplasticized',
'PVC, Unplasticized');
#4016=PROPERTY_DEFINITION('material property','material name',#9507);
#4017=PROPERTY_DEFINITION('material property','density of part',#9507);
#4018=DATE_TIME_ROLE('creation_date');
#4019=APPLIED_DATE_AND_TIME_ASSIGNMENT(#4020,#4018,(#9507));
#4020=DATE_AND_TIME(#4021,#4022);
#4021=CALENDAR_DATE(2026,13,7);
#4022=LOCAL_TIME(0,0,0.,#4023);
#4023=COORDINATED_UNIVERSAL_TIME_OFFSET(0,0,.BEHIND.);
#4024=AXIS2_PLACEMENT_3D('',#5534,#4463,#4464);
#4025=AXIS2_PLACEMENT_3D('',#5535,#4465,#4466);
#4026=AXIS2_PLACEMENT_3D('',#5538,#4467,#4468);
#4027=AXIS2_PLACEMENT_3D('',#5542,#4470,#4471);
#4028=AXIS2_PLACEMENT_3D('',#5606,#4473,#4474);
#4029=AXIS2_PLACEMENT_3D('',#5621,#4478,#4479);
#4030=AXIS2_PLACEMENT_3D('',#5625,#4481,#4482);
#4031=AXIS2_PLACEMENT_3D('',#5627,#4484,#4485);
#4032=AXIS2_PLACEMENT_3D('',#5629,#4486,#4487);
#4033=AXIS2_PLACEMENT_3D('',#5631,#4488,#4489);
#4034=AXIS2_PLACEMENT_3D('',#5633,#4490,#4491);
#4035=AXIS2_PLACEMENT_3D('',#5637,#4494,#4495);
#4036=AXIS2_PLACEMENT_3D('',#5639,#4496,#4497);
#4037=AXIS2_PLACEMENT_3D('',#5641,#4498,#4499);
#4038=AXIS2_PLACEMENT_3D('',#5700,#4501,#4502);
#4039=AXIS2_PLACEMENT_3D('',#5702,#4503,#4504);
#4040=AXIS2_PLACEMENT_3D('',#5703,#4505,#4506);
#4041=AXIS2_PLACEMENT_3D('',#5704,#4507,#4508);
#4042=AXIS2_PLACEMENT_3D('',#5706,#4509,#4510);
#4043=AXIS2_PLACEMENT_3D('',#5708,#4511,#4512);
#4044=AXIS2_PLACEMENT_3D('',#5709,#4513,#4514);
#4045=AXIS2_PLACEMENT_3D('',#5710,#4515,#4516);
#4046=AXIS2_PLACEMENT_3D('',#5732,#4519,#4520);
#4047=AXIS2_PLACEMENT_3D('',#5733,#4521,#4522);
#4048=AXIS2_PLACEMENT_3D('',#5735,#4523,#4524);
#4049=AXIS2_PLACEMENT_3D('',#5736,#4525,#4526);
#4050=AXIS2_PLACEMENT_3D('',#5737,#4527,#4528);
#4051=AXIS2_PLACEMENT_3D('',#5743,#4531,#4532);
#4052=AXIS2_PLACEMENT_3D('',#5758,#4533,#4534);
#4053=AXIS2_PLACEMENT_3D('',#5759,#4535,#4536);
#4054=AXIS2_PLACEMENT_3D('',#5760,#4537,#4538);
#4055=AXIS2_PLACEMENT_3D('',#5761,#4539,#4540);
#4056=AXIS2_PLACEMENT_3D('',#5762,#4541,#4542);
#4057=AXIS2_PLACEMENT_3D('',#5763,#4543,#4544);
#4058=AXIS2_PLACEMENT_3D('',#5764,#4545,#4546);
#4059=AXIS2_PLACEMENT_3D('',#5765,#4547,#4548);
#4060=AXIS2_PLACEMENT_3D('',#5766,#4549,#4550);
#4061=AXIS2_PLACEMENT_3D('',#5767,#4551,#4552);
#4062=AXIS2_PLACEMENT_3D('',#5770,#4553,#4554);
#4063=AXIS2_PLACEMENT_3D('',#5774,#4556,#4557);
#4064=AXIS2_PLACEMENT_3D('',#5785,#4558,#4559);
#4065=AXIS2_PLACEMENT_3D('',#5789,#4561,#4562);
#4066=AXIS2_PLACEMENT_3D('',#5793,#4564,#4565);
#4067=AXIS2_PLACEMENT_3D('',#5804,#4566,#4567);
#4068=AXIS2_PLACEMENT_3D('',#5815,#4568,#4569);
#4069=AXIS2_PLACEMENT_3D('',#5819,#4571,#4572);
#4070=AXIS2_PLACEMENT_3D('',#5823,#4574,#4575);
#4071=AXIS2_PLACEMENT_3D('',#5834,#4576,#4577);
#4072=AXIS2_PLACEMENT_3D('',#5845,#4578,#4579);
#4073=AXIS2_PLACEMENT_3D('',#5849,#4581,#4582);
#4074=AXIS2_PLACEMENT_3D('',#5853,#4584,#4585);
#4075=AXIS2_PLACEMENT_3D('',#5863,#4586,#4587);
#4076=AXIS2_PLACEMENT_3D('',#5865,#4588,#4589);
#4077=AXIS2_PLACEMENT_3D('',#5876,#4590,#4591);
#4078=AXIS2_PLACEMENT_3D('',#5880,#4593,#4594);
#4079=AXIS2_PLACEMENT_3D('',#5884,#4596,#4597);
#4080=AXIS2_PLACEMENT_3D('',#5895,#4598,#4599);
#4081=AXIS2_PLACEMENT_3D('',#5906,#4600,#4601);
#4082=AXIS2_PLACEMENT_3D('',#5910,#4603,#4604);
#4083=AXIS2_PLACEMENT_3D('',#5914,#4606,#4607);
#4084=AXIS2_PLACEMENT_3D('',#5924,#4608,#4609);
#4085=AXIS2_PLACEMENT_3D('',#5925,#4610,#4611);
#4086=AXIS2_PLACEMENT_3D('',#5926,#4612,#4613);
#4087=AXIS2_PLACEMENT_3D('',#5928,#4615,#4616);
#4088=AXIS2_PLACEMENT_3D('',#5932,#4619,#4620);
#4089=AXIS2_PLACEMENT_3D('',#5936,#4623,#4624);
#4090=AXIS2_PLACEMENT_3D('',#5939,#4625,#4626);
#4091=AXIS2_PLACEMENT_3D('',#5943,#4628,#4629);
#4092=AXIS2_PLACEMENT_3D('',#5988,#4631,#4632);
#4093=AXIS2_PLACEMENT_3D('',#6003,#4636,#4637);
#4094=AXIS2_PLACEMENT_3D('',#6007,#4639,#4640);
#4095=AXIS2_PLACEMENT_3D('',#6009,#4642,#4643);
#4096=AXIS2_PLACEMENT_3D('',#6011,#4644,#4645);
#4097=AXIS2_PLACEMENT_3D('',#6013,#4646,#4647);
#4098=AXIS2_PLACEMENT_3D('',#6015,#4648,#4649);
#4099=AXIS2_PLACEMENT_3D('',#6019,#4652,#4653);
#4100=AXIS2_PLACEMENT_3D('',#6021,#4654,#4655);
#4101=AXIS2_PLACEMENT_3D('',#6023,#4656,#4657);
#4102=AXIS2_PLACEMENT_3D('',#6072,#4659,#4660);
#4103=AXIS2_PLACEMENT_3D('',#6073,#4661,#4662);
#4104=AXIS2_PLACEMENT_3D('',#6074,#4663,#4664);
#4105=AXIS2_PLACEMENT_3D('',#6075,#4665,#4666);
#4106=AXIS2_PLACEMENT_3D('',#6077,#4667,#4668);
#4107=AXIS2_PLACEMENT_3D('',#6078,#4669,#4670);
#4108=AXIS2_PLACEMENT_3D('',#6079,#4671,#4672);
#4109=AXIS2_PLACEMENT_3D('',#6099,#4674,#4675);
#4110=AXIS2_PLACEMENT_3D('',#6100,#4676,#4677);
#4111=AXIS2_PLACEMENT_3D('',#6102,#4678,#4679);
#4112=AXIS2_PLACEMENT_3D('',#6103,#4680,#4681);
#4113=AXIS2_PLACEMENT_3D('',#6104,#4682,#4683);
#4114=AXIS2_PLACEMENT_3D('',#6108,#4685,#4686);
#4115=AXIS2_PLACEMENT_3D('',#6123,#4687,#4688);
#4116=AXIS2_PLACEMENT_3D('',#6124,#4689,#4690);
#4117=AXIS2_PLACEMENT_3D('',#6125,#4691,#4692);
#4118=AXIS2_PLACEMENT_3D('',#6126,#4693,#4694);
#4119=AXIS2_PLACEMENT_3D('',#6127,#4695,#4696);
#4120=AXIS2_PLACEMENT_3D('',#6128,#4697,#4698);
#4121=AXIS2_PLACEMENT_3D('',#6129,#4699,#4700);
#4122=AXIS2_PLACEMENT_3D('',#6130,#4701,#4702);
#4123=AXIS2_PLACEMENT_3D('',#6132,#4704,#4705);
#4124=AXIS2_PLACEMENT_3D('',#6136,#4708,#4709);
#4125=AXIS2_PLACEMENT_3D('',#6140,#4712,#4713);
#4126=AXIS2_PLACEMENT_3D('',#6143,#4714,#4715);
#4127=AXIS2_PLACEMENT_3D('',#6147,#4717,#4718);
#4128=AXIS2_PLACEMENT_3D('',#6201,#4720,#4721);
#4129=AXIS2_PLACEMENT_3D('',#6216,#4725,#4726);
#4130=AXIS2_PLACEMENT_3D('',#6220,#4728,#4729);
#4131=AXIS2_PLACEMENT_3D('',#6222,#4731,#4732);
#4132=AXIS2_PLACEMENT_3D('',#6224,#4733,#4734);
#4133=AXIS2_PLACEMENT_3D('',#6226,#4735,#4736);
#4134=AXIS2_PLACEMENT_3D('',#6228,#4737,#4738);
#4135=AXIS2_PLACEMENT_3D('',#6232,#4741,#4742);
#4136=AXIS2_PLACEMENT_3D('',#6234,#4743,#4744);
#4137=AXIS2_PLACEMENT_3D('',#6236,#4745,#4746);
#4138=AXIS2_PLACEMENT_3D('',#6285,#4748,#4749);
#4139=AXIS2_PLACEMENT_3D('',#6286,#4750,#4751);
#4140=AXIS2_PLACEMENT_3D('',#6287,#4752,#4753);
#4141=AXIS2_PLACEMENT_3D('',#6288,#4754,#4755);
#4142=AXIS2_PLACEMENT_3D('',#6290,#4756,#4757);
#4143=AXIS2_PLACEMENT_3D('',#6291,#4758,#4759);
#4144=AXIS2_PLACEMENT_3D('',#6292,#4760,#4761);
#4145=AXIS2_PLACEMENT_3D('',#6312,#4763,#4764);
#4146=AXIS2_PLACEMENT_3D('',#6313,#4765,#4766);
#4147=AXIS2_PLACEMENT_3D('',#6315,#4767,#4768);
#4148=AXIS2_PLACEMENT_3D('',#6316,#4769,#4770);
#4149=AXIS2_PLACEMENT_3D('',#6317,#4771,#4772);
#4150=AXIS2_PLACEMENT_3D('',#6321,#4774,#4775);
#4151=AXIS2_PLACEMENT_3D('',#6336,#4776,#4777);
#4152=AXIS2_PLACEMENT_3D('',#6337,#4778,#4779);
#4153=AXIS2_PLACEMENT_3D('',#6338,#4780,#4781);
#4154=AXIS2_PLACEMENT_3D('',#6339,#4782,#4783);
#4155=AXIS2_PLACEMENT_3D('',#6340,#4784,#4785);
#4156=AXIS2_PLACEMENT_3D('',#6341,#4786,#4787);
#4157=AXIS2_PLACEMENT_3D('',#6342,#4788,#4789);
#4158=AXIS2_PLACEMENT_3D('',#6343,#4790,#4791);
#4159=AXIS2_PLACEMENT_3D('',#6345,#4793,#4794);
#4160=AXIS2_PLACEMENT_3D('',#6349,#4797,#4798);
#4161=AXIS2_PLACEMENT_3D('',#6353,#4801,#4802);
#4162=AXIS2_PLACEMENT_3D('',#6356,#4803,#4804);
#4163=AXIS2_PLACEMENT_3D('',#6360,#4806,#4807);
#4164=AXIS2_PLACEMENT_3D('',#6414,#4809,#4810);
#4165=AXIS2_PLACEMENT_3D('',#6429,#4814,#4815);
#4166=AXIS2_PLACEMENT_3D('',#6433,#4817,#4818);
#4167=AXIS2_PLACEMENT_3D('',#6435,#4820,#4821);
#4168=AXIS2_PLACEMENT_3D('',#6437,#4822,#4823);
#4169=AXIS2_PLACEMENT_3D('',#6439,#4824,#4825);
#4170=AXIS2_PLACEMENT_3D('',#6441,#4826,#4827);
#4171=AXIS2_PLACEMENT_3D('',#6445,#4830,#4831);
#4172=AXIS2_PLACEMENT_3D('',#6447,#4832,#4833);
#4173=AXIS2_PLACEMENT_3D('',#6449,#4834,#4835);
#4174=AXIS2_PLACEMENT_3D('',#6507,#4837,#4838);
#4175=AXIS2_PLACEMENT_3D('',#6508,#4839,#4840);
#4176=AXIS2_PLACEMENT_3D('',#6509,#4841,#4842);
#4177=AXIS2_PLACEMENT_3D('',#6510,#4843,#4844);
#4178=AXIS2_PLACEMENT_3D('',#6512,#4845,#4846);
#4179=AXIS2_PLACEMENT_3D('',#6513,#4847,#4848);
#4180=AXIS2_PLACEMENT_3D('',#6514,#4849,#4850);
#4181=AXIS2_PLACEMENT_3D('',#6534,#4852,#4853);
#4182=AXIS2_PLACEMENT_3D('',#6535,#4854,#4855);
#4183=AXIS2_PLACEMENT_3D('',#6537,#4856,#4857);
#4184=AXIS2_PLACEMENT_3D('',#6538,#4858,#4859);
#4185=AXIS2_PLACEMENT_3D('',#6539,#4860,#4861);
#4186=AXIS2_PLACEMENT_3D('',#6543,#4863,#4864);
#4187=AXIS2_PLACEMENT_3D('',#6558,#4865,#4866);
#4188=AXIS2_PLACEMENT_3D('',#6559,#4867,#4868);
#4189=AXIS2_PLACEMENT_3D('',#6560,#4869,#4870);
#4190=AXIS2_PLACEMENT_3D('',#6561,#4871,#4872);
#4191=AXIS2_PLACEMENT_3D('',#6562,#4873,#4874);
#4192=AXIS2_PLACEMENT_3D('',#6563,#4875,#4876);
#4193=AXIS2_PLACEMENT_3D('',#6564,#4877,#4878);
#4194=AXIS2_PLACEMENT_3D('',#6565,#4879,#4880);
#4195=AXIS2_PLACEMENT_3D('',#6567,#4882,#4883);
#4196=AXIS2_PLACEMENT_3D('',#6571,#4886,#4887);
#4197=AXIS2_PLACEMENT_3D('',#6575,#4890,#4891);
#4198=AXIS2_PLACEMENT_3D('',#6578,#4892,#4893);
#4199=AXIS2_PLACEMENT_3D('',#6582,#4895,#4896);
#4200=AXIS2_PLACEMENT_3D('',#6627,#4898,#4899);
#4201=AXIS2_PLACEMENT_3D('',#6642,#4903,#4904);
#4202=AXIS2_PLACEMENT_3D('',#6646,#4906,#4907);
#4203=AXIS2_PLACEMENT_3D('',#6648,#4909,#4910);
#4204=AXIS2_PLACEMENT_3D('',#6650,#4911,#4912);
#4205=AXIS2_PLACEMENT_3D('',#6652,#4913,#4914);
#4206=AXIS2_PLACEMENT_3D('',#6654,#4915,#4916);
#4207=AXIS2_PLACEMENT_3D('',#6658,#4919,#4920);
#4208=AXIS2_PLACEMENT_3D('',#6660,#4921,#4922);
#4209=AXIS2_PLACEMENT_3D('',#6662,#4923,#4924);
#4210=AXIS2_PLACEMENT_3D('',#6711,#4926,#4927);
#4211=AXIS2_PLACEMENT_3D('',#6712,#4928,#4929);
#4212=AXIS2_PLACEMENT_3D('',#6713,#4930,#4931);
#4213=AXIS2_PLACEMENT_3D('',#6714,#4932,#4933);
#4214=AXIS2_PLACEMENT_3D('',#6716,#4934,#4935);
#4215=AXIS2_PLACEMENT_3D('',#6717,#4936,#4937);
#4216=AXIS2_PLACEMENT_3D('',#6718,#4938,#4939);
#4217=AXIS2_PLACEMENT_3D('',#6738,#4941,#4942);
#4218=AXIS2_PLACEMENT_3D('',#6739,#4943,#4944);
#4219=AXIS2_PLACEMENT_3D('',#6741,#4945,#4946);
#4220=AXIS2_PLACEMENT_3D('',#6742,#4947,#4948);
#4221=AXIS2_PLACEMENT_3D('',#6743,#4949,#4950);
#4222=AXIS2_PLACEMENT_3D('',#6747,#4952,#4953);
#4223=AXIS2_PLACEMENT_3D('',#6762,#4954,#4955);
#4224=AXIS2_PLACEMENT_3D('',#6763,#4956,#4957);
#4225=AXIS2_PLACEMENT_3D('',#6764,#4958,#4959);
#4226=AXIS2_PLACEMENT_3D('',#6765,#4960,#4961);
#4227=AXIS2_PLACEMENT_3D('',#6766,#4962,#4963);
#4228=AXIS2_PLACEMENT_3D('',#6767,#4964,#4965);
#4229=AXIS2_PLACEMENT_3D('',#6768,#4966,#4967);
#4230=AXIS2_PLACEMENT_3D('',#6769,#4968,#4969);
#4231=AXIS2_PLACEMENT_3D('',#6771,#4971,#4972);
#4232=AXIS2_PLACEMENT_3D('',#6775,#4975,#4976);
#4233=AXIS2_PLACEMENT_3D('',#6779,#4979,#4980);
#4234=AXIS2_PLACEMENT_3D('',#6786,#4982,#4983);
#4235=AXIS2_PLACEMENT_3D('',#6788,#4984,#4985);
#4236=AXIS2_PLACEMENT_3D('',#6793,#4988,#4989);
#4237=AXIS2_PLACEMENT_3D('',#6794,#4990,#4991);
#4238=AXIS2_PLACEMENT_3D('',#6801,#4993,#4994);
#4239=AXIS2_PLACEMENT_3D('',#6810,#4995,#4996);
#4240=AXIS2_PLACEMENT_3D('',#6811,#4997,#4998);
#4241=AXIS2_PLACEMENT_3D('',#6814,#5000,#5001);
#4242=AXIS2_PLACEMENT_3D('',#6815,#5002,#5003);
#4243=AXIS2_PLACEMENT_3D('',#6822,#5005,#5006);
#4244=AXIS2_PLACEMENT_3D('',#6824,#5007,#5008);
#4245=AXIS2_PLACEMENT_3D('',#6829,#5011,#5012);
#4246=AXIS2_PLACEMENT_3D('',#6830,#5013,#5014);
#4247=AXIS2_PLACEMENT_3D('',#6837,#5016,#5017);
#4248=AXIS2_PLACEMENT_3D('',#6846,#5018,#5019);
#4249=AXIS2_PLACEMENT_3D('',#6847,#5020,#5021);
#4250=AXIS2_PLACEMENT_3D('',#6850,#5023,#5024);
#4251=AXIS2_PLACEMENT_3D('',#6851,#5025,#5026);
#4252=AXIS2_PLACEMENT_3D('',#6858,#5028,#5029);
#4253=AXIS2_PLACEMENT_3D('',#6860,#5030,#5031);
#4254=AXIS2_PLACEMENT_3D('',#6865,#5034,#5035);
#4255=AXIS2_PLACEMENT_3D('',#6866,#5036,#5037);
#4256=AXIS2_PLACEMENT_3D('',#6873,#5039,#5040);
#4257=AXIS2_PLACEMENT_3D('',#6882,#5041,#5042);
#4258=AXIS2_PLACEMENT_3D('',#6883,#5043,#5044);
#4259=AXIS2_PLACEMENT_3D('',#6886,#5046,#5047);
#4260=AXIS2_PLACEMENT_3D('',#6887,#5048,#5049);
#4261=AXIS2_PLACEMENT_3D('',#6894,#5051,#5052);
#4262=AXIS2_PLACEMENT_3D('',#6896,#5053,#5054);
#4263=AXIS2_PLACEMENT_3D('',#6901,#5057,#5058);
#4264=AXIS2_PLACEMENT_3D('',#6902,#5059,#5060);
#4265=AXIS2_PLACEMENT_3D('',#6909,#5062,#5063);
#4266=AXIS2_PLACEMENT_3D('',#6918,#5064,#5065);
#4267=AXIS2_PLACEMENT_3D('',#6919,#5066,#5067);
#4268=AXIS2_PLACEMENT_3D('',#6922,#5069,#5070);
#4269=AXIS2_PLACEMENT_3D('',#6923,#5071,#5072);
#4270=AXIS2_PLACEMENT_3D('',#6930,#5074,#5075);
#4271=AXIS2_PLACEMENT_3D('',#6932,#5076,#5077);
#4272=AXIS2_PLACEMENT_3D('',#6937,#5080,#5081);
#4273=AXIS2_PLACEMENT_3D('',#6938,#5082,#5083);
#4274=AXIS2_PLACEMENT_3D('',#6945,#5085,#5086);
#4275=AXIS2_PLACEMENT_3D('',#6954,#5087,#5088);
#4276=AXIS2_PLACEMENT_3D('',#6955,#5089,#5090);
#4277=AXIS2_PLACEMENT_3D('',#6958,#5092,#5093);
#4278=AXIS2_PLACEMENT_3D('',#6959,#5094,#5095);
#4279=AXIS2_PLACEMENT_3D('',#6981,#5096,#5097);
#4280=AXIS2_PLACEMENT_3D('',#6982,#5098,#5099);
#4281=AXIS2_PLACEMENT_3D('',#6983,#5100,#5101);
#4282=AXIS2_PLACEMENT_3D('',#6984,#5102,#5103);
#4283=AXIS2_PLACEMENT_3D('',#6985,#5104,#5105);
#4284=AXIS2_PLACEMENT_3D('',#6986,#5106,#5107);
#4285=AXIS2_PLACEMENT_3D('',#6987,#5108,#5109);
#4286=AXIS2_PLACEMENT_3D('',#6988,#5110,#5111);
#4287=AXIS2_PLACEMENT_3D('',#6990,#5112,#5113);
#4288=AXIS2_PLACEMENT_3D('',#6991,#5114,#5115);
#4289=AXIS2_PLACEMENT_3D('',#6992,#5116,#5117);
#4290=AXIS2_PLACEMENT_3D('',#6994,#5118,#5119);
#4291=AXIS2_PLACEMENT_3D('',#7019,#5120,#5121);
#4292=AXIS2_PLACEMENT_3D('',#7022,#5122,#5123);
#4293=AXIS2_PLACEMENT_3D('',#7026,#5125,#5126);
#4294=AXIS2_PLACEMENT_3D('',#7064,#5128,#5129);
#4295=AXIS2_PLACEMENT_3D('',#7070,#5133,#5134);
#4296=AXIS2_PLACEMENT_3D('',#7074,#5136,#5137);
#4297=AXIS2_PLACEMENT_3D('',#7076,#5139,#5140);
#4298=AXIS2_PLACEMENT_3D('',#7078,#5141,#5142);
#4299=AXIS2_PLACEMENT_3D('',#7080,#5143,#5144);
#4300=AXIS2_PLACEMENT_3D('',#7082,#5145,#5146);
#4301=AXIS2_PLACEMENT_3D('',#7086,#5149,#5150);
#4302=AXIS2_PLACEMENT_3D('',#7088,#5151,#5152);
#4303=AXIS2_PLACEMENT_3D('',#7090,#5153,#5154);
#4304=AXIS2_PLACEMENT_3D('',#7128,#5156,#5157);
#4305=AXIS2_PLACEMENT_3D('',#7129,#5158,#5159);
#4306=AXIS2_PLACEMENT_3D('',#7130,#5160,#5161);
#4307=AXIS2_PLACEMENT_3D('',#7132,#5162,#5163);
#4308=AXIS2_PLACEMENT_3D('',#7133,#5164,#5165);
#4309=AXIS2_PLACEMENT_3D('',#7134,#5166,#5167);
#4310=AXIS2_PLACEMENT_3D('',#7135,#5168,#5169);
#4311=AXIS2_PLACEMENT_3D('',#7136,#5170,#5171);
#4312=AXIS2_PLACEMENT_3D('',#7156,#5173,#5174);
#4313=AXIS2_PLACEMENT_3D('',#7157,#5175,#5176);
#4314=AXIS2_PLACEMENT_3D('',#7159,#5177,#5178);
#4315=AXIS2_PLACEMENT_3D('',#7160,#5179,#5180);
#4316=AXIS2_PLACEMENT_3D('',#7161,#5181,#5182);
#4317=AXIS2_PLACEMENT_3D('',#7162,#5183,#5184);
#4318=AXIS2_PLACEMENT_3D('',#7163,#5185,#5186);
#4319=AXIS2_PLACEMENT_3D('',#7167,#5188,#5189);
#4320=AXIS2_PLACEMENT_3D('',#7182,#5190,#5191);
#4321=AXIS2_PLACEMENT_3D('',#7183,#5192,#5193);
#4322=AXIS2_PLACEMENT_3D('',#7184,#5194,#5195);
#4323=AXIS2_PLACEMENT_3D('',#7185,#5196,#5197);
#4324=AXIS2_PLACEMENT_3D('',#7186,#5198,#5199);
#4325=AXIS2_PLACEMENT_3D('',#7188,#5201,#5202);
#4326=AXIS2_PLACEMENT_3D('',#7192,#5205,#5206);
#4327=AXIS2_PLACEMENT_3D('',#7196,#5209,#5210);
#4328=AXIS2_PLACEMENT_3D('',#7197,#5211,#5212);
#4329=AXIS2_PLACEMENT_3D('',#7199,#5214,#5215);
#4330=AXIS2_PLACEMENT_3D('',#7203,#5218,#5219);
#4331=AXIS2_PLACEMENT_3D('',#7205,#5221,#5222);
#4332=AXIS2_PLACEMENT_3D('',#7206,#5223,#5224);
#4333=AXIS2_PLACEMENT_3D('',#7208,#5225,#5226);
#4334=AXIS2_PLACEMENT_3D('',#7209,#5227,#5228);
#4335=AXIS2_PLACEMENT_3D('',#7212,#5230,#5231);
#4336=AXIS2_PLACEMENT_3D('',#7213,#5232,#5233);
#4337=AXIS2_PLACEMENT_3D('',#7215,#5234,#5235);
#4338=AXIS2_PLACEMENT_3D('',#7216,#5236,#5237);
#4339=AXIS2_PLACEMENT_3D('',#7217,#5238,#5239);
#4340=AXIS2_PLACEMENT_3D('',#7220,#5240,#5241);
#4341=AXIS2_PLACEMENT_3D('',#7224,#5243,#5244);
#4342=AXIS2_PLACEMENT_3D('',#7228,#5246,#5247);
#4343=AXIS2_PLACEMENT_3D('',#7232,#5249,#5250);
#4344=AXIS2_PLACEMENT_3D('',#7236,#5252,#5253);
#4345=AXIS2_PLACEMENT_3D('',#7240,#5255,#5256);
#4346=AXIS2_PLACEMENT_3D('',#7242,#5258,#5259);
#4347=AXIS2_PLACEMENT_3D('',#7244,#5260,#5261);
#4348=AXIS2_PLACEMENT_3D('',#7246,#5262,#5263);
#4349=AXIS2_PLACEMENT_3D('',#7248,#5264,#5265);
#4350=AXIS2_PLACEMENT_3D('',#7249,#5266,#5267);
#4351=AXIS2_PLACEMENT_3D('',#7250,#5268,#5269);
#4352=AXIS2_PLACEMENT_3D('',#7253,#5270,#5271);
#4353=AXIS2_PLACEMENT_3D('',#7255,#5273,#5274);
#4354=AXIS2_PLACEMENT_3D('',#7256,#5275,#5276);
#4355=AXIS2_PLACEMENT_3D('',#7258,#5277,#5278);
#4356=AXIS2_PLACEMENT_3D('',#7259,#5279,#5280);
#4357=AXIS2_PLACEMENT_3D('',#7273,#5281,#5282);
#4358=AXIS2_PLACEMENT_3D('',#7305,#5283,#5284);
#4359=AXIS2_PLACEMENT_3D('',#7307,#5285,#5286);
#4360=AXIS2_PLACEMENT_3D('',#7326,#5288,#5289);
#4361=AXIS2_PLACEMENT_3D('',#7330,#5291,#5292);
#4362=AXIS2_PLACEMENT_3D('',#7332,#5294,#5295);
#4363=AXIS2_PLACEMENT_3D('',#7376,#5298,#5299);
#4364=AXIS2_PLACEMENT_3D('',#7386,#5301,#5302);
#4365=AXIS2_PLACEMENT_3D('',#7430,#5305,#5306);
#4366=AXIS2_PLACEMENT_3D('',#7440,#5308,#5309);
#4367=AXIS2_PLACEMENT_3D('',#7443,#5311,#5312);
#4368=AXIS2_PLACEMENT_3D('',#7487,#5315,#5316);
#4369=AXIS2_PLACEMENT_3D('',#7493,#5317,#5318);
#4370=AXIS2_PLACEMENT_3D('',#7538,#5319,#5320);
#4371=AXIS2_PLACEMENT_3D('',#7540,#5321,#5322);
#4372=AXIS2_PLACEMENT_3D('',#7559,#5324,#5325);
#4373=AXIS2_PLACEMENT_3D('',#7561,#5326,#5327);
#4374=AXIS2_PLACEMENT_3D('',#7563,#5329,#5330);
#4375=AXIS2_PLACEMENT_3D('',#7606,#5331,#5332);
#4376=AXIS2_PLACEMENT_3D('',#7608,#5333,#5334);
#4377=AXIS2_PLACEMENT_3D('',#7627,#5336,#5337);
#4378=AXIS2_PLACEMENT_3D('',#7629,#5338,#5339);
#4379=AXIS2_PLACEMENT_3D('',#7631,#5341,#5342);
#4380=AXIS2_PLACEMENT_3D('',#7633,#5343,#5344);
#4381=AXIS2_PLACEMENT_3D('',#7634,#5345,#5346);
#4382=AXIS2_PLACEMENT_3D('',#7635,#5347,#5348);
#4383=AXIS2_PLACEMENT_3D('',#7637,#5349,#5350);
#4384=AXIS2_PLACEMENT_3D('',#7638,#5351,#5352);
#4385=AXIS2_PLACEMENT_3D('',#7641,#5353,#5354);
#4386=AXIS2_PLACEMENT_3D('',#7642,#5355,#5356);
#4387=AXIS2_PLACEMENT_3D('',#7643,#5357,#5358);
#4388=AXIS2_PLACEMENT_3D('',#7644,#5359,#5360);
#4389=AXIS2_PLACEMENT_3D('',#7646,#5361,#5362);
#4390=AXIS2_PLACEMENT_3D('',#7648,#5364,#5365);
#4391=AXIS2_PLACEMENT_3D('',#7689,#5367,#5368);
#4392=AXIS2_PLACEMENT_3D('',#7696,#5369,#5370);
#4393=AXIS2_PLACEMENT_3D('',#7815,#5371,#5372);
#4394=AXIS2_PLACEMENT_3D('',#7816,#5373,#5374);
#4395=AXIS2_PLACEMENT_3D('',#7849,#5375,#5376);
#4396=AXIS2_PLACEMENT_3D('',#7850,#5377,#5378);
#4397=AXIS2_PLACEMENT_3D('',#7877,#5379,#5380);
#4398=AXIS2_PLACEMENT_3D('',#7956,#5381,#5382);
#4399=AXIS2_PLACEMENT_3D('',#7957,#5383,#5384);
#4400=AXIS2_PLACEMENT_3D('',#7958,#5385,#5386);
#4401=AXIS2_PLACEMENT_3D('',#7959,#5387,#5388);
#4402=AXIS2_PLACEMENT_3D('',#7974,#5391,#5392);
#4403=AXIS2_PLACEMENT_3D('',#8130,#5394,#5395);
#4404=AXIS2_PLACEMENT_3D('',#8197,#5397,#5398);
#4405=AXIS2_PLACEMENT_3D('',#8246,#5399,#5400);
#4406=AXIS2_PLACEMENT_3D('',#8249,#5401,#5402);
#4407=AXIS2_PLACEMENT_3D('',#8250,#5403,#5404);
#4408=AXIS2_PLACEMENT_3D('',#8251,#5405,#5406);
#4409=AXIS2_PLACEMENT_3D('',#8252,#5407,#5408);
#4410=AXIS2_PLACEMENT_3D('',#8254,#5409,#5410);
#4411=AXIS2_PLACEMENT_3D('',#8256,#5412,#5413);
#4412=AXIS2_PLACEMENT_3D('',#8301,#5415,#5416);
#4413=AXIS2_PLACEMENT_3D('',#8308,#5417,#5418);
#4414=AXIS2_PLACEMENT_3D('',#8427,#5419,#5420);
#4415=AXIS2_PLACEMENT_3D('',#8428,#5421,#5422);
#4416=AXIS2_PLACEMENT_3D('',#8461,#5423,#5424);
#4417=AXIS2_PLACEMENT_3D('',#8462,#5425,#5426);
#4418=AXIS2_PLACEMENT_3D('',#8489,#5427,#5428);
#4419=AXIS2_PLACEMENT_3D('',#8568,#5429,#5430);
#4420=AXIS2_PLACEMENT_3D('',#8569,#5431,#5432);
#4421=AXIS2_PLACEMENT_3D('',#8570,#5433,#5434);
#4422=AXIS2_PLACEMENT_3D('',#8571,#5435,#5436);
#4423=AXIS2_PLACEMENT_3D('',#8586,#5439,#5440);
#4424=AXIS2_PLACEMENT_3D('',#8742,#5442,#5443);
#4425=AXIS2_PLACEMENT_3D('',#8809,#5445,#5446);
#4426=AXIS2_PLACEMENT_3D('',#8858,#5447,#5448);
#4427=AXIS2_PLACEMENT_3D('',#8860,#5450,#5451);
#4428=AXIS2_PLACEMENT_3D('',#8861,#5452,#5453);
#4429=AXIS2_PLACEMENT_3D('',#8862,#5454,#5455);
#4430=AXIS2_PLACEMENT_3D('',#8864,#5457,#5458);
#4431=AXIS2_PLACEMENT_3D('',#8865,#5459,#5460);
#4432=AXIS2_PLACEMENT_3D('',#8867,#5462,#5463);
#4433=AXIS2_PLACEMENT_3D('',#8868,#5464,#5465);
#4434=AXIS2_PLACEMENT_3D('',#8869,#5466,#5467);
#4435=AXIS2_PLACEMENT_3D('',#8871,#5469,#5470);
#4436=AXIS2_PLACEMENT_3D('',#8872,#5471,#5472);
#4437=AXIS2_PLACEMENT_3D('',#8874,#5473,#5474);
#4438=AXIS2_PLACEMENT_3D('',#8876,#5475,#5476);
#4439=AXIS2_PLACEMENT_3D('',#8877,#5477,#5478);
#4440=AXIS2_PLACEMENT_3D('',#8947,#5479,#5480);
#4441=AXIS2_PLACEMENT_3D('',#8954,#5481,#5482);
#4442=AXIS2_PLACEMENT_3D('',#9073,#5483,#5484);
#4443=AXIS2_PLACEMENT_3D('',#9075,#5485,#5486);
#4444=AXIS2_PLACEMENT_3D('',#9122,#5487,#5488);
#4445=AXIS2_PLACEMENT_3D('',#9123,#5489,#5490);
#4446=AXIS2_PLACEMENT_3D('',#9150,#5491,#5492);
#4447=AXIS2_PLACEMENT_3D('',#9229,#5493,#5494);
#4448=AXIS2_PLACEMENT_3D('',#9230,#5495,#5496);
#4449=AXIS2_PLACEMENT_3D('',#9231,#5497,#5498);
#4450=AXIS2_PLACEMENT_3D('',#9232,#5499,#5500);
#4451=AXIS2_PLACEMENT_3D('',#9247,#5503,#5504);
#4452=AXIS2_PLACEMENT_3D('',#9295,#5506,#5507);
#4453=AXIS2_PLACEMENT_3D('',#9298,#5509,#5510);
#4454=AXIS2_PLACEMENT_3D('',#9299,#5511,#5512);
#4455=AXIS2_PLACEMENT_3D('',#9361,#5514,#5515);
#4456=AXIS2_PLACEMENT_3D('',#9363,#5517,#5518);
#4457=AXIS2_PLACEMENT_3D('',#9365,#5520,#5521);
#4458=AXIS2_PLACEMENT_3D('',#9367,#5522,#5523);
#4459=AXIS2_PLACEMENT_3D('',#9369,#5524,#5525);
#4460=AXIS2_PLACEMENT_3D('',#9487,#5527,#5528);
#4461=AXIS2_PLACEMENT_3D('',#9488,#5529,#5530);
#4462=AXIS2_PLACEMENT_3D('',#9489,#5531,#5532);
#4463=DIRECTION('axis',(0.,0.,1.));
#4464=DIRECTION('refdir',(1.,0.,0.));
#4465=DIRECTION('center_axis',(-0.86602540378444,0.,0.499999999999998));
#4466=DIRECTION('ref_axis',(-0.353553390593268,0.707106781186552,-0.612372435695793));
#4467=DIRECTION('center_axis',(0.500000000000003,0.,-0.866025403784437));
#4468=DIRECTION('ref_axis',(-0.866025403784437,2.25347189810574E-16,-0.500000000000003));
#4469=DIRECTION('',(0.86602540378444,0.,-0.499999999999998));
#4470=DIRECTION('center_axis',(0.866025403784438,0.,-0.500000000000001));
#4471=DIRECTION('ref_axis',(-0.500000000000001,0.,-0.866025403784438));
#4472=DIRECTION('',(-0.86602540378444,0.,0.499999999999998));
#4473=DIRECTION('center_axis',(-0.499999999999998,0.,-0.86602540378444));
#4474=DIRECTION('ref_axis',(-0.86602540378444,0.,0.499999999999998));
#4475=DIRECTION('',(0.,1.,0.));
#4476=DIRECTION('',(-0.86602540378444,0.,0.499999999999998));
#4477=DIRECTION('',(0.,1.,0.));
#4478=DIRECTION('center_axis',(3.33066907387547E-16,0.,1.));
#4479=DIRECTION('ref_axis',(-0.707106781186547,0.707106781186547,0.));
#4480=DIRECTION('',(3.33066907387547E-16,0.,1.));
#4481=DIRECTION('center_axis',(0.499999999999995,0.,0.866025403784441));
#4482=DIRECTION('ref_axis',(0.866025403784441,0.,-0.499999999999996));
#4483=DIRECTION('',(-3.33066907387547E-16,0.,-1.));
#4484=DIRECTION('center_axis',(0.,1.,0.));
#4485=DIRECTION('ref_axis',(-0.866025403784439,0.,0.499999999999999));
#4486=DIRECTION('center_axis',(0.,1.,0.));
#4487=DIRECTION('ref_axis',(0.825114871453521,0.,-0.564964997947873));
#4488=DIRECTION('center_axis',(0.,-1.,0.));
#4489=DIRECTION('ref_axis',(-0.866025403784439,0.,0.499999999999999));
#4490=DIRECTION('center_axis',(0.,1.,0.));
#4491=DIRECTION('ref_axis',(0.901831476198642,0.,-0.432087940745142));
#4492=DIRECTION('',(0.866025403784439,0.,-0.5));
#4493=DIRECTION('',(0.866025403784438,0.,0.5));
#4494=DIRECTION('center_axis',(0.866025403784439,0.,-0.5));
#4495=DIRECTION('ref_axis',(0.353553390593282,0.707106781186548,0.612372435695789));
#4496=DIRECTION('center_axis',(1.,0.,0.));
#4497=DIRECTION('ref_axis',(0.,3.7557864968429E-16,1.));
#4498=DIRECTION('center_axis',(0.866025403784438,0.,-0.500000000000001));
#4499=DIRECTION('ref_axis',(0.,1.,0.));
#4500=DIRECTION('',(-0.866025403784439,0.,0.5));
#4501=DIRECTION('center_axis',(0.,1.,0.));
#4502=DIRECTION('ref_axis',(0.,0.,1.));
#4503=DIRECTION('center_axis',(-0.435063443632674,0.,-0.900399800096867));
#4504=DIRECTION('ref_axis',(0.,-1.,0.));
#4505=DIRECTION('center_axis',(0.,-1.,0.));
#4506=DIRECTION('ref_axis',(0.901831476198642,0.,-0.432087940745142));
#4507=DIRECTION('center_axis',(0.,0.,1.));
#4508=DIRECTION('ref_axis',(1.,0.,0.));
#4509=DIRECTION('center_axis',(0.56223737863004,-1.08327272249759E-14,0.826975894492228));
#4510=DIRECTION('ref_axis',(0.826975894492228,0.,-0.56223737863004));
#4511=DIRECTION('center_axis',(0.,-1.,0.));
#4512=DIRECTION('ref_axis',(0.410042357889073,0.,0.912066480437018));
#4513=DIRECTION('center_axis',(0.912066480437013,0.,-0.410042357889084));
#4514=DIRECTION('ref_axis',(0.,-1.,0.));
#4515=DIRECTION('center_axis',(0.,-1.,0.));
#4516=DIRECTION('ref_axis',(0.962261142515961,0.,0.272127715611396));
#4517=DIRECTION('',(0.,-1.,0.));
#4518=DIRECTION('',(0.,1.,0.));
#4519=DIRECTION('center_axis',(0.,-1.,0.));
#4520=DIRECTION('ref_axis',(0.962261142515961,0.,0.272127715611396));
#4521=DIRECTION('center_axis',(-0.15071176710741,-0.7893102124773,0.595210342428961));
#4522=DIRECTION('ref_axis',(0.193744918633062,-0.613994616001672,-0.765162412841109));
#4523=DIRECTION('center_axis',(0.811140338778121,1.2252045159591E-14,-0.584851563054178));
#4524=DIRECTION('ref_axis',(-0.584851563054178,0.,-0.811140338778121));
#4525=DIRECTION('center_axis',(0.,-1.,0.));
#4526=DIRECTION('ref_axis',(0.900399800096898,0.,-0.435063443632611));
#4527=DIRECTION('center_axis',(0.,1.,0.));
#4528=DIRECTION('ref_axis',(0.245461056464694,0.,-0.969406452299156));
#4529=DIRECTION('',(0.,-1.,0.));
#4530=DIRECTION('',(0.,1.,0.));
#4531=DIRECTION('center_axis',(0.,-1.,0.));
#4532=DIRECTION('ref_axis',(0.245461056464694,0.,-0.969406452299156));
#4533=DIRECTION('center_axis',(0.,-1.,0.));
#4534=DIRECTION('ref_axis',(-0.866025403784439,0.,0.499999999999999));
#4535=DIRECTION('center_axis',(0.,1.,0.));
#4536=DIRECTION('ref_axis',(-0.866025403784439,0.,0.499999999999999));
#4537=DIRECTION('center_axis',(0.,1.,0.));
#4538=DIRECTION('ref_axis',(0.,0.,1.));
#4539=DIRECTION('center_axis',(0.,-1.,0.));
#4540=DIRECTION('ref_axis',(0.866025403784439,0.,-0.499999999999999));
#4541=DIRECTION('center_axis',(0.,1.,0.));
#4542=DIRECTION('ref_axis',(0.866025403784439,0.,-0.499999999999999));
#4543=DIRECTION('center_axis',(0.,1.,0.));
#4544=DIRECTION('ref_axis',(0.,0.,1.));
#4545=DIRECTION('center_axis',(0.,-1.,0.));
#4546=DIRECTION('ref_axis',(0.825114871453521,0.,-0.564964997947873));
#4547=DIRECTION('center_axis',(0.,1.,0.));
#4548=DIRECTION('ref_axis',(-0.866025403784439,0.,0.499999999999999));
#4549=DIRECTION('center_axis',(0.,1.,0.));
#4550=DIRECTION('ref_axis',(-0.499999999999999,0.,-0.866025403784439));
#4551=DIRECTION('center_axis',(0.,1.,0.));
#4552=DIRECTION('ref_axis',(1.,0.,0.));
#4553=DIRECTION('center_axis',(0.,1.,0.));
#4554=DIRECTION('ref_axis',(-1.,0.,-1.22464679914735E-16));
#4555=DIRECTION('',(0.,-1.,0.));
#4556=DIRECTION('center_axis',(0.,1.,0.));
#4557=DIRECTION('ref_axis',(1.,0.,0.));
#4558=DIRECTION('center_axis',(0.,-1.,0.));
#4559=DIRECTION('ref_axis',(-0.901831476198642,0.,0.432087940745143));
#4560=DIRECTION('',(0.,-1.,0.));
#4561=DIRECTION('center_axis',(0.,-1.,0.));
#4562=DIRECTION('ref_axis',(-0.866025403784439,0.,0.5));
#4563=DIRECTION('',(0.,1.,0.));
#4564=DIRECTION('center_axis',(0.,-1.,0.));
#4565=DIRECTION('ref_axis',(-0.82511487145352,0.,0.564964997947873));
#4566=DIRECTION('center_axis',(0.,1.,0.));
#4567=DIRECTION('ref_axis',(1.,0.,0.));
#4568=DIRECTION('center_axis',(0.,-1.,0.));
#4569=DIRECTION('ref_axis',(-0.0767166047451218,0.,0.997052938693017));
#4570=DIRECTION('',(0.,-1.,0.));
#4571=DIRECTION('center_axis',(0.,-1.,0.));
#4572=DIRECTION('ref_axis',(-1.60812264967664E-16,0.,1.));
#4573=DIRECTION('',(0.,1.,0.));
#4574=DIRECTION('center_axis',(0.,-1.,0.));
#4575=DIRECTION('ref_axis',(0.0767166047451215,0.,0.997052938693017));
#4576=DIRECTION('center_axis',(0.,1.,0.));
#4577=DIRECTION('ref_axis',(1.,0.,0.));
#4578=DIRECTION('center_axis',(0.,-1.,0.));
#4579=DIRECTION('ref_axis',(0.82511487145352,0.,0.564964997947874));
#4580=DIRECTION('',(0.,-1.,0.));
#4581=DIRECTION('center_axis',(0.,-1.,0.));
#4582=DIRECTION('ref_axis',(0.866025403784438,0.,0.5));
#4583=DIRECTION('',(0.,1.,0.));
#4584=DIRECTION('center_axis',(0.,-1.,0.));
#4585=DIRECTION('ref_axis',(0.901831476198641,0.,0.432087940745144));
#4586=DIRECTION('center_axis',(0.,1.,0.));
#4587=DIRECTION('ref_axis',(1.,0.,0.));
#4588=DIRECTION('center_axis',(0.,1.,0.));
#4589=DIRECTION('ref_axis',(1.,0.,0.));
#4590=DIRECTION('center_axis',(0.,-1.,0.));
#4591=DIRECTION('ref_axis',(0.0767166047451204,0.,-0.997052938693017));
#4592=DIRECTION('',(0.,-1.,0.));
#4593=DIRECTION('center_axis',(0.,-1.,0.));
#4594=DIRECTION('ref_axis',(6.12323399573677E-17,0.,-1.));
#4595=DIRECTION('',(0.,1.,0.));
#4596=DIRECTION('center_axis',(0.,-1.,0.));
#4597=DIRECTION('ref_axis',(-0.0767166047451205,0.,-0.997052938693017));
#4598=DIRECTION('center_axis',(0.,-1.,0.));
#4599=DIRECTION('ref_axis',(1.,0.,-1.2325513343268E-16));
#4600=DIRECTION('center_axis',(0.,-1.,0.));
#4601=DIRECTION('ref_axis',(-0.82511487145352,0.,-0.564964997947874));
#4602=DIRECTION('',(0.,-1.,0.));
#4603=DIRECTION('center_axis',(0.,-1.,0.));
#4604=DIRECTION('ref_axis',(-0.866025403784438,0.,-0.5));
#4605=DIRECTION('',(0.,1.,0.));
#4606=DIRECTION('center_axis',(0.,-1.,0.));
#4607=DIRECTION('ref_axis',(-0.901831476198642,0.,-0.432087940745144));
#4608=DIRECTION('center_axis',(0.,1.,0.));
#4609=DIRECTION('ref_axis',(1.,0.,0.));
#4610=DIRECTION('center_axis',(0.,1.,0.));
#4611=DIRECTION('ref_axis',(-1.,0.,-1.22464679914735E-16));
#4612=DIRECTION('center_axis',(0.866025403784438,0.,0.5));
#4613=DIRECTION('ref_axis',(-0.353553390593282,0.707106781186548,0.612372435695789));
#4614=DIRECTION('',(-0.866025403784438,0.,-0.5));
#4615=DIRECTION('center_axis',(-1.,0.,3.33066907387547E-16));
#4616=DIRECTION('ref_axis',(3.33066907387547E-16,0.,1.));
#4617=DIRECTION('',(0.,1.,0.));
#4618=DIRECTION('',(3.33066907387547E-16,0.,1.));
#4619=DIRECTION('center_axis',(-0.5,0.,0.866025403784438));
#4620=DIRECTION('ref_axis',(0.866025403784438,0.,0.5));
#4621=DIRECTION('',(0.,1.,0.));
#4622=DIRECTION('',(0.866025403784438,0.,0.5));
#4623=DIRECTION('center_axis',(-0.866025403784438,0.,-0.500000000000002));
#4624=DIRECTION('ref_axis',(0.353553390593282,0.707106781186548,-0.612372435695789));
#4625=DIRECTION('center_axis',(1.,0.,9.61481343191779E-15));
#4626=DIRECTION('ref_axis',(9.58722898318944E-15,3.00462919747433E-16,-1.));
#4627=DIRECTION('',(0.866025403784438,0.,0.500000000000002));
#4628=DIRECTION('center_axis',(0.866025403784438,0.,0.500000000000001));
#4629=DIRECTION('ref_axis',(0.500000000000001,0.,-0.866025403784438));
#4630=DIRECTION('',(-0.866025403784438,0.,-0.500000000000002));
#4631=DIRECTION('center_axis',(0.500000000000002,0.,-0.866025403784438));
#4632=DIRECTION('ref_axis',(-0.866025403784438,0.,-0.500000000000002));
#4633=DIRECTION('',(0.,1.,0.));
#4634=DIRECTION('',(-0.866025403784438,0.,-0.500000000000002));
#4635=DIRECTION('',(0.,1.,0.));
#4636=DIRECTION('center_axis',(-0.866025403784438,0.,0.500000000000001));
#4637=DIRECTION('ref_axis',(-0.35355339059328,0.707106781186544,-0.612372435695794));
#4638=DIRECTION('',(-0.866025403784438,0.,0.500000000000001));
#4639=DIRECTION('center_axis',(-0.5,0.,0.866025403784439));
#4640=DIRECTION('ref_axis',(0.866025403784439,0.,0.5));
#4641=DIRECTION('',(0.866025403784438,0.,-0.500000000000001));
#4642=DIRECTION('center_axis',(0.,1.,0.));
#4643=DIRECTION('ref_axis',(-0.866025403784438,0.,-0.5));
#4644=DIRECTION('center_axis',(0.,1.,0.));
#4645=DIRECTION('ref_axis',(0.901831476198642,0.,0.432087940745144));
#4646=DIRECTION('center_axis',(0.,-1.,0.));
#4647=DIRECTION('ref_axis',(-0.866025403784439,0.,-0.5));
#4648=DIRECTION('center_axis',(0.,1.,0.));
#4649=DIRECTION('ref_axis',(0.82511487145352,0.,0.564964997947874));
#4650=DIRECTION('',(0.866025403784439,0.,0.5));
#4651=DIRECTION('',(-1.66533453693773E-16,0.,1.));
#4652=DIRECTION('center_axis',(0.866025403784439,0.,0.5));
#4653=DIRECTION('ref_axis',(-0.353553390593282,0.707106781186548,0.612372435695789));
#4654=DIRECTION('center_axis',(0.500000000000003,0.,0.866025403784437));
#4655=DIRECTION('ref_axis',(-0.866025403784437,2.25347189810574E-16,0.500000000000003));
#4656=DIRECTION('center_axis',(0.866025403784438,0.,0.500000000000001));
#4657=DIRECTION('ref_axis',(0.,1.,0.));
#4658=DIRECTION('',(-0.866025403784439,0.,-0.5));
#4659=DIRECTION('center_axis',(0.,1.,0.));
#4660=DIRECTION('ref_axis',(0.,0.,1.));
#4661=DIRECTION('center_axis',(0.562237378629987,0.,-0.826975894492265));
#4662=DIRECTION('ref_axis',(0.,-1.,0.));
#4663=DIRECTION('center_axis',(-0.150711767107403,-0.789310212477297,-0.595210342428966));
#4664=DIRECTION('ref_axis',(0.193744918633048,-0.613994616001674,0.76516241284111));
#4665=DIRECTION('center_axis',(-0.435063443632612,0.,0.900399800096898));
#4666=DIRECTION('ref_axis',(0.900399800096898,0.,0.435063443632612));
#4667=DIRECTION('center_axis',(0.,-1.,0.));
#4668=DIRECTION('ref_axis',(-0.584851563054181,0.,0.811140338778119));
#4669=DIRECTION('center_axis',(0.811140338778121,0.,0.584851563054178));
#4670=DIRECTION('ref_axis',(0.,-1.,0.));
#4671=DIRECTION('center_axis',(0.,-1.,0.));
#4672=DIRECTION('ref_axis',(0.245461056464694,0.,0.969406452299156));
#4673=DIRECTION('',(0.,-1.,0.));
#4674=DIRECTION('center_axis',(0.,-1.,0.));
#4675=DIRECTION('ref_axis',(0.245461056464694,0.,0.969406452299156));
#4676=DIRECTION('center_axis',(0.,0.,1.));
#4677=DIRECTION('ref_axis',(1.,0.,0.));
#4678=DIRECTION('center_axis',(0.912066480437017,-1.24021643997003E-14,
0.410042357889075));
#4679=DIRECTION('ref_axis',(0.410042357889075,0.,-0.912066480437017));
#4680=DIRECTION('center_axis',(0.,-1.,0.));
#4681=DIRECTION('ref_axis',(0.826975894492231,0.,0.562237378630036));
#4682=DIRECTION('center_axis',(0.,1.,0.));
#4683=DIRECTION('ref_axis',(0.962261142515961,0.,-0.272127715611396));
#4684=DIRECTION('',(0.,1.,0.));
#4685=DIRECTION('center_axis',(0.,-1.,0.));
#4686=DIRECTION('ref_axis',(0.962261142515961,0.,-0.272127715611396));
#4687=DIRECTION('center_axis',(0.,-1.,0.));
#4688=DIRECTION('ref_axis',(0.,0.,-1.));
#4689=DIRECTION('center_axis',(0.,1.,0.));
#4690=DIRECTION('ref_axis',(-0.866025403784439,0.,-0.5));
#4691=DIRECTION('center_axis',(0.,1.,0.));
#4692=DIRECTION('ref_axis',(0.,0.,1.));
#4693=DIRECTION('center_axis',(0.,1.,0.));
#4694=DIRECTION('ref_axis',(0.866025403784439,0.,0.5));
#4695=DIRECTION('center_axis',(0.,1.,0.));
#4696=DIRECTION('ref_axis',(0.,0.,1.));
#4697=DIRECTION('center_axis',(0.,1.,0.));
#4698=DIRECTION('ref_axis',(-0.866025403784438,0.,-0.5));
#4699=DIRECTION('center_axis',(0.,1.,0.));
#4700=DIRECTION('ref_axis',(0.5,0.,-0.866025403784438));
#4701=DIRECTION('center_axis',(-1.66533453693773E-16,0.,1.));
#4702=DIRECTION('ref_axis',(-0.707106781186547,0.707106781186547,0.));
#4703=DIRECTION('',(1.66533453693773E-16,0.,-1.));
#4704=DIRECTION('center_axis',(-0.500000000000001,0.,-0.866025403784438));
#4705=DIRECTION('ref_axis',(-0.866025403784438,0.,0.500000000000001));
#4706=DIRECTION('',(0.,1.,0.));
#4707=DIRECTION('',(-0.866025403784438,0.,0.500000000000001));
#4708=DIRECTION('center_axis',(-1.,0.,-1.66533453693773E-16));
#4709=DIRECTION('ref_axis',(-1.66533453693773E-16,0.,1.));
#4710=DIRECTION('',(0.,1.,0.));
#4711=DIRECTION('',(-1.66533453693773E-16,0.,1.));
#4712=DIRECTION('center_axis',(1.55431223447522E-15,0.,-1.));
#4713=DIRECTION('ref_axis',(0.707106781186546,0.707106781186548,0.));
#4714=DIRECTION('center_axis',(0.500000000000006,0.,0.866025403784435));
#4715=DIRECTION('ref_axis',(0.866025403784435,1.50231459873715E-16,-0.500000000000006));
#4716=DIRECTION('',(-1.55431223447522E-15,0.,1.));
#4717=DIRECTION('center_axis',(0.,0.,1.));
#4718=DIRECTION('ref_axis',(1.,0.,0.));
#4719=DIRECTION('',(1.55431223447522E-15,0.,-1.));
#4720=DIRECTION('center_axis',(1.,0.,1.55431223447522E-15));
#4721=DIRECTION('ref_axis',(1.55431223447522E-15,0.,-1.));
#4722=DIRECTION('',(0.,1.,0.));
#4723=DIRECTION('',(1.55431223447522E-15,0.,-1.));
#4724=DIRECTION('',(0.,1.,0.));
#4725=DIRECTION('center_axis',(-0.866025403784439,0.,-0.499999999999999));
#4726=DIRECTION('ref_axis',(0.353553390593273,0.707106781186546,-0.612372435695796));
#4727=DIRECTION('',(-0.866025403784439,0.,-0.499999999999999));
#4728=DIRECTION('center_axis',(-1.,-2.08166817117217E-15,-6.61018423444345E-15));
#4729=DIRECTION('ref_axis',(-6.61018423444344E-15,-3.60555503696924E-15,
1.));
#4730=DIRECTION('',(0.866025403784439,0.,0.499999999999999));
#4731=DIRECTION('center_axis',(0.,1.,0.));
#4732=DIRECTION('ref_axis',(1.66533453693773E-16,0.,-1.));
#4733=DIRECTION('center_axis',(0.,1.,0.));
#4734=DIRECTION('ref_axis',(0.0767166047451215,0.,0.997052938693017));
#4735=DIRECTION('center_axis',(0.,-1.,0.));
#4736=DIRECTION('ref_axis',(1.47968513756208E-16,0.,-1.));
#4737=DIRECTION('center_axis',(0.,1.,0.));
#4738=DIRECTION('ref_axis',(-0.0767166047451218,0.,0.997052938693017));
#4739=DIRECTION('',(2.22044604925031E-16,0.,1.));
#4740=DIRECTION('',(-0.866025403784438,0.,0.5));
#4741=DIRECTION('center_axis',(2.22044604925031E-16,0.,1.));
#4742=DIRECTION('ref_axis',(-0.707106781186547,0.707106781186547,0.));
#4743=DIRECTION('center_axis',(-0.499999999999999,0.,0.866025403784439));
#4744=DIRECTION('ref_axis',(-0.866025403784439,0.,-0.499999999999999));
#4745=DIRECTION('center_axis',(0.,0.,1.));
#4746=DIRECTION('ref_axis',(6.93889390390722E-16,1.,0.));
#4747=DIRECTION('',(-2.22044604925031E-16,0.,-1.));
#4748=DIRECTION('center_axis',(0.,1.,0.));
#4749=DIRECTION('ref_axis',(0.,0.,1.));
#4750=DIRECTION('center_axis',(0.997300822262654,0.,0.073423905604612));
#4751=DIRECTION('ref_axis',(0.,-1.,0.));
#4752=DIRECTION('center_axis',(-0.824557866617156,0.421297802917646,-0.377640683529369));
#4753=DIRECTION('ref_axis',(-0.565777628224875,-0.613994616001677,0.55036922781092));
#4754=DIRECTION('center_axis',(-0.997300822262649,6.92016459595996E-16,
0.0734239056046679));
#4755=DIRECTION('ref_axis',(0.0734239056046679,0.,0.997300822262649));
#4756=DIRECTION('center_axis',(0.,-1.,0.));
#4757=DIRECTION('ref_axis',(-0.994893920943257,0.,-0.100926141658897));
#4758=DIRECTION('center_axis',(-0.100926141658897,0.,0.994893920943257));
#4759=DIRECTION('ref_axis',(0.,-1.,0.));
#4760=DIRECTION('center_axis',(0.,-1.,0.));
#4761=DIRECTION('ref_axis',(-0.716800086051271,0.,0.697278736687769));
#4762=DIRECTION('',(0.,-1.,0.));
#4763=DIRECTION('center_axis',(0.,-1.,0.));
#4764=DIRECTION('ref_axis',(-0.716800086051271,0.,0.697278736687769));
#4765=DIRECTION('center_axis',(-0.824557866617157,-0.421297802917644,0.377640683529369));
#4766=DIRECTION('ref_axis',(0.565777628224874,-0.613994616001678,0.550369227810919));
#4767=DIRECTION('center_axis',(0.100926141658897,-1.11856045387284E-14,
0.994893920943257));
#4768=DIRECTION('ref_axis',(0.994893920943257,0.,-0.100926141658897));
#4769=DIRECTION('center_axis',(0.,-1.,0.));
#4770=DIRECTION('ref_axis',(-0.0734239056046687,0.,0.997300822262649));
#4771=DIRECTION('center_axis',(0.,1.,0.));
#4772=DIRECTION('ref_axis',(0.716800086051271,0.,0.697278736687769));
#4773=DIRECTION('',(0.,1.,0.));
#4774=DIRECTION('center_axis',(0.,-1.,0.));
#4775=DIRECTION('ref_axis',(0.716800086051271,0.,0.697278736687769));
#4776=DIRECTION('center_axis',(0.,-1.,0.));
#4777=DIRECTION('ref_axis',(0.,0.,-1.));
#4778=DIRECTION('center_axis',(0.,1.,0.));
#4779=DIRECTION('ref_axis',(1.47968513756208E-16,0.,-1.));
#4780=DIRECTION('center_axis',(0.,1.,0.));
#4781=DIRECTION('ref_axis',(0.,0.,1.));
#4782=DIRECTION('center_axis',(0.,1.,0.));
#4783=DIRECTION('ref_axis',(-1.60812264967664E-16,0.,1.));
#4784=DIRECTION('center_axis',(0.,1.,0.));
#4785=DIRECTION('ref_axis',(0.,0.,1.));
#4786=DIRECTION('center_axis',(0.,1.,0.));
#4787=DIRECTION('ref_axis',(1.66533453693773E-16,0.,-1.));
#4788=DIRECTION('center_axis',(0.,1.,0.));
#4789=DIRECTION('ref_axis',(1.,0.,8.67361737988403E-17));
#4790=DIRECTION('center_axis',(-0.866025403784439,0.,0.5));
#4791=DIRECTION('ref_axis',(-0.353553390593274,0.707106781186546,-0.612372435695796));
#4792=DIRECTION('',(0.866025403784438,0.,-0.5));
#4793=DIRECTION('center_axis',(0.499999999999999,0.,-0.866025403784439));
#4794=DIRECTION('ref_axis',(-0.866025403784439,0.,-0.499999999999999));
#4795=DIRECTION('',(0.,1.,0.));
#4796=DIRECTION('',(-0.866025403784439,0.,-0.499999999999999));
#4797=DIRECTION('center_axis',(-0.5,0.,-0.866025403784439));
#4798=DIRECTION('ref_axis',(-0.866025403784438,0.,0.5));
#4799=DIRECTION('',(0.,1.,0.));
#4800=DIRECTION('',(-0.866025403784439,0.,0.5));
#4801=DIRECTION('center_axis',(0.866025403784439,0.,-0.499999999999999));
#4802=DIRECTION('ref_axis',(0.353553390593268,0.707106781186552,0.612372435695793));
#4803=DIRECTION('center_axis',(-0.500000000000003,0.,0.866025403784437));
#4804=DIRECTION('ref_axis',(0.866025403784437,3.7557864968429E-16,0.500000000000003));
#4805=DIRECTION('',(-0.866025403784439,0.,0.499999999999999));
#4806=DIRECTION('center_axis',(-0.866025403784438,0.,0.500000000000001));
#4807=DIRECTION('ref_axis',(0.500000000000001,0.,0.866025403784438));
#4808=DIRECTION('',(0.866025403784439,0.,-0.499999999999999));
#4809=DIRECTION('center_axis',(0.499999999999999,0.,0.866025403784439));
#4810=DIRECTION('ref_axis',(0.866025403784439,0.,-0.499999999999999));
#4811=DIRECTION('',(0.,1.,0.));
#4812=DIRECTION('',(0.866025403784439,0.,-0.499999999999999));
#4813=DIRECTION('',(0.,1.,0.));
#4814=DIRECTION('center_axis',(-8.88178419700125E-16,0.,-1.));
#4815=DIRECTION('ref_axis',(0.707106781186547,0.707106781186547,0.));
#4816=DIRECTION('',(-8.88178419700125E-16,0.,-1.));
#4817=DIRECTION('center_axis',(-0.500000000000003,0.,-0.866025403784437));
#4818=DIRECTION('ref_axis',(-0.866025403784437,0.,0.500000000000003));
#4819=DIRECTION('',(8.88178419700125E-16,0.,1.));
#4820=DIRECTION('center_axis',(0.,1.,0.));
#4821=DIRECTION('ref_axis',(0.866025403784439,0.,-0.5));
#4822=DIRECTION('center_axis',(0.,1.,0.));
#4823=DIRECTION('ref_axis',(-0.82511487145352,0.,0.564964997947873));
#4824=DIRECTION('center_axis',(0.,-1.,0.));
#4825=DIRECTION('ref_axis',(0.866025403784439,0.,-0.5));
#4826=DIRECTION('center_axis',(0.,1.,0.));
#4827=DIRECTION('ref_axis',(-0.901831476198642,0.,0.432087940745143));
#4828=DIRECTION('',(-0.866025403784439,0.,0.5));
#4829=DIRECTION('',(-0.866025403784439,0.,-0.5));
#4830=DIRECTION('center_axis',(-0.866025403784439,0.,0.5));
#4831=DIRECTION('ref_axis',(-0.35355339059328,0.707106781186544,-0.612372435695794));
#4832=DIRECTION('center_axis',(-1.,0.,0.));
#4833=DIRECTION('ref_axis',(-2.65574210060647E-17,-7.5115729936858E-17,
-1.));
#4834=DIRECTION('center_axis',(-0.866025403784438,0.,0.500000000000001));
#4835=DIRECTION('ref_axis',(0.,1.,0.));
#4836=DIRECTION('',(0.866025403784439,0.,-0.5));
#4837=DIRECTION('center_axis',(0.,1.,0.));
#4838=DIRECTION('ref_axis',(0.,0.,1.));
#4839=DIRECTION('center_axis',(0.435063443632674,0.,0.900399800096867));
#4840=DIRECTION('ref_axis',(0.,-1.,0.));
#4841=DIRECTION('center_axis',(0.,0.,1.));
#4842=DIRECTION('ref_axis',(1.,0.,0.));
#4843=DIRECTION('center_axis',(-0.562237378630041,4.59063839437627E-15,
-0.826975894492227));
#4844=DIRECTION('ref_axis',(-0.826975894492227,0.,0.562237378630041));
#4845=DIRECTION('center_axis',(0.,-1.,0.));
#4846=DIRECTION('ref_axis',(-0.410042357889071,0.,-0.912066480437019));
#4847=DIRECTION('center_axis',(-0.912066480437023,0.,0.410042357889062));
#4848=DIRECTION('ref_axis',(0.,-1.,0.));
#4849=DIRECTION('center_axis',(0.,-1.,0.));
#4850=DIRECTION('ref_axis',(-0.962261142515961,0.,-0.272127715611396));
#4851=DIRECTION('',(0.,-1.,0.));
#4852=DIRECTION('center_axis',(0.,-1.,0.));
#4853=DIRECTION('ref_axis',(-0.962261142515961,0.,-0.272127715611396));
#4854=DIRECTION('center_axis',(0.15071176710741,-0.789310212477294,-0.595210342428969));
#4855=DIRECTION('ref_axis',(-0.193744918633055,-0.61399461600168,0.765162412841105));
#4856=DIRECTION('center_axis',(-0.811140338778119,-6.49315671290762E-15,
0.584851563054181));
#4857=DIRECTION('ref_axis',(0.584851563054181,0.,0.811140338778119));
#4858=DIRECTION('center_axis',(0.,-1.,0.));
#4859=DIRECTION('ref_axis',(-0.900399800096898,0.,0.435063443632611));
#4860=DIRECTION('center_axis',(0.,1.,0.));
#4861=DIRECTION('ref_axis',(-0.245461056464694,0.,0.969406452299156));
#4862=DIRECTION('',(0.,1.,0.));
#4863=DIRECTION('center_axis',(0.,-1.,0.));
#4864=DIRECTION('ref_axis',(-0.245461056464694,0.,0.969406452299156));
#4865=DIRECTION('center_axis',(0.,-1.,0.));
#4866=DIRECTION('ref_axis',(0.,0.,-1.));
#4867=DIRECTION('center_axis',(0.,1.,0.));
#4868=DIRECTION('ref_axis',(0.866025403784439,0.,-0.5));
#4869=DIRECTION('center_axis',(0.,1.,0.));
#4870=DIRECTION('ref_axis',(0.,0.,1.));
#4871=DIRECTION('center_axis',(0.,1.,0.));
#4872=DIRECTION('ref_axis',(-0.866025403784439,0.,0.5));
#4873=DIRECTION('center_axis',(0.,1.,0.));
#4874=DIRECTION('ref_axis',(0.,0.,1.));
#4875=DIRECTION('center_axis',(0.,1.,0.));
#4876=DIRECTION('ref_axis',(0.866025403784439,0.,-0.5));
#4877=DIRECTION('center_axis',(0.,1.,0.));
#4878=DIRECTION('ref_axis',(0.5,0.,0.866025403784439));
#4879=DIRECTION('center_axis',(-0.866025403784439,0.,-0.5));
#4880=DIRECTION('ref_axis',(0.353553390593282,0.707106781186548,-0.612372435695789));
#4881=DIRECTION('',(0.866025403784439,0.,0.5));
#4882=DIRECTION('center_axis',(1.,0.,-8.88178419700125E-16));
#4883=DIRECTION('ref_axis',(-8.88178419700125E-16,0.,-1.));
#4884=DIRECTION('',(0.,1.,0.));
#4885=DIRECTION('',(-8.88178419700125E-16,0.,-1.));
#4886=DIRECTION('center_axis',(0.5,0.,-0.866025403784439));
#4887=DIRECTION('ref_axis',(-0.866025403784439,0.,-0.5));
#4888=DIRECTION('',(0.,1.,0.));
#4889=DIRECTION('',(-0.866025403784439,0.,-0.5));
#4890=DIRECTION('center_axis',(0.866025403784438,0.,0.500000000000001));
#4891=DIRECTION('ref_axis',(-0.35355339059328,0.707106781186544,0.612372435695794));
#4892=DIRECTION('center_axis',(-1.,0.,0.));
#4893=DIRECTION('ref_axis',(2.65574210060647E-17,-6.00925839494863E-16,
1.));
#4894=DIRECTION('',(-0.866025403784438,0.,-0.500000000000001));
#4895=DIRECTION('center_axis',(-0.866025403784438,0.,-0.500000000000001));
#4896=DIRECTION('ref_axis',(-0.500000000000001,0.,0.866025403784438));
#4897=DIRECTION('',(0.866025403784438,0.,0.500000000000001));
#4898=DIRECTION('center_axis',(-0.500000000000001,0.,0.866025403784438));
#4899=DIRECTION('ref_axis',(0.866025403784438,0.,0.500000000000001));
#4900=DIRECTION('',(0.,1.,0.));
#4901=DIRECTION('',(0.866025403784438,0.,0.500000000000001));
#4902=DIRECTION('',(0.,1.,0.));
#4903=DIRECTION('center_axis',(0.866025403784438,0.,-0.500000000000001));
#4904=DIRECTION('ref_axis',(0.353553390593282,0.707106781186548,0.612372435695789));
#4905=DIRECTION('',(0.866025403784438,0.,-0.500000000000001));
#4906=DIRECTION('center_axis',(0.499999999999995,0.,-0.866025403784441));
#4907=DIRECTION('ref_axis',(-0.866025403784441,0.,-0.499999999999995));
#4908=DIRECTION('',(-0.866025403784438,0.,0.500000000000001));
#4909=DIRECTION('center_axis',(0.,1.,0.));
#4910=DIRECTION('ref_axis',(0.866025403784439,0.,0.5));
#4911=DIRECTION('center_axis',(0.,1.,0.));
#4912=DIRECTION('ref_axis',(-0.901831476198642,0.,-0.432087940745144));
#4913=DIRECTION('center_axis',(0.,-1.,0.));
#4914=DIRECTION('ref_axis',(0.866025403784439,0.,0.5));
#4915=DIRECTION('center_axis',(0.,1.,0.));
#4916=DIRECTION('ref_axis',(-0.82511487145352,0.,-0.564964997947874));
#4917=DIRECTION('',(-0.866025403784439,0.,-0.5));
#4918=DIRECTION('',(-2.22044604925031E-16,0.,-1.));
#4919=DIRECTION('center_axis',(-0.866025403784439,0.,-0.5));
#4920=DIRECTION('ref_axis',(0.353553390593266,0.707106781186548,-0.612372435695798));
#4921=DIRECTION('center_axis',(-0.500000000000003,0.,-0.866025403784437));
#4922=DIRECTION('ref_axis',(0.866025403784437,-8.26273029305439E-16,-0.500000000000003));
#4923=DIRECTION('center_axis',(-0.866025403784438,0.,-0.500000000000001));
#4924=DIRECTION('ref_axis',(0.,1.,0.));
#4925=DIRECTION('',(0.866025403784439,0.,0.5));
#4926=DIRECTION('center_axis',(0.,1.,0.));
#4927=DIRECTION('ref_axis',(0.,0.,1.));
#4928=DIRECTION('center_axis',(-0.562237378629983,0.,0.826975894492267));
#4929=DIRECTION('ref_axis',(0.,-1.,0.));
#4930=DIRECTION('center_axis',(0.150711767107394,-0.789310212477301,0.595210342428965));
#4931=DIRECTION('ref_axis',(-0.193744918633032,-0.613994616001672,-0.765162412841117));
#4932=DIRECTION('center_axis',(0.435063443632607,1.48266204172909E-14,-0.9003998000969));
#4933=DIRECTION('ref_axis',(-0.9003998000969,0.,-0.435063443632607));
#4934=DIRECTION('center_axis',(0.,-1.,0.));
#4935=DIRECTION('ref_axis',(0.584851563054183,0.,-0.811140338778118));
#4936=DIRECTION('center_axis',(-0.811140338778121,0.,-0.584851563054178));
#4937=DIRECTION('ref_axis',(0.,-1.,0.));
#4938=DIRECTION('center_axis',(0.,-1.,0.));
#4939=DIRECTION('ref_axis',(-0.245461056464675,0.,-0.969406452299161));
#4940=DIRECTION('',(0.,-1.,0.));
#4941=DIRECTION('center_axis',(0.,-1.,0.));
#4942=DIRECTION('ref_axis',(-0.245461056464675,0.,-0.969406452299161));
#4943=DIRECTION('center_axis',(0.,0.,1.));
#4944=DIRECTION('ref_axis',(1.,0.,0.));
#4945=DIRECTION('center_axis',(-0.912066480437018,-2.48043287994005E-14,
-0.410042357889073));
#4946=DIRECTION('ref_axis',(-0.410042357889073,0.,0.912066480437018));
#4947=DIRECTION('center_axis',(0.,-1.,0.));
#4948=DIRECTION('ref_axis',(-0.826975894492231,0.,-0.562237378630036));
#4949=DIRECTION('center_axis',(0.,1.,0.));
#4950=DIRECTION('ref_axis',(-0.962261142515966,0.,0.27212771561138));
#4951=DIRECTION('',(0.,1.,0.));
#4952=DIRECTION('center_axis',(0.,-1.,0.));
#4953=DIRECTION('ref_axis',(-0.962261142515966,0.,0.27212771561138));
#4954=DIRECTION('center_axis',(0.,-1.,0.));
#4955=DIRECTION('ref_axis',(0.866025403784439,0.,0.499999999999999));
#4956=DIRECTION('center_axis',(0.,1.,0.));
#4957=DIRECTION('ref_axis',(0.866025403784439,0.,0.5));
#4958=DIRECTION('center_axis',(0.,1.,0.));
#4959=DIRECTION('ref_axis',(0.,0.,1.));
#4960=DIRECTION('center_axis',(0.,1.,0.));
#4961=DIRECTION('ref_axis',(-0.866025403784439,0.,-0.5));
#4962=DIRECTION('center_axis',(0.,1.,0.));
#4963=DIRECTION('ref_axis',(0.,0.,1.));
#4964=DIRECTION('center_axis',(0.,1.,0.));
#4965=DIRECTION('ref_axis',(0.866025403784439,0.,0.5));
#4966=DIRECTION('center_axis',(0.,1.,0.));
#4967=DIRECTION('ref_axis',(-0.5,0.,0.866025403784439));
#4968=DIRECTION('center_axis',(-2.22044604925031E-16,0.,-1.));
#4969=DIRECTION('ref_axis',(0.707106781186547,0.707106781186547,0.));
#4970=DIRECTION('',(2.22044604925031E-16,0.,1.));
#4971=DIRECTION('center_axis',(0.500000000000001,0.,0.866025403784438));
#4972=DIRECTION('ref_axis',(0.866025403784438,0.,-0.500000000000001));
#4973=DIRECTION('',(0.,1.,0.));
#4974=DIRECTION('',(0.866025403784438,0.,-0.500000000000001));
#4975=DIRECTION('center_axis',(1.,0.,-2.22044604925031E-16));
#4976=DIRECTION('ref_axis',(-2.22044604925031E-16,0.,-1.));
#4977=DIRECTION('',(0.,1.,0.));
#4978=DIRECTION('',(-2.22044604925031E-16,0.,-1.));
#4979=DIRECTION('center_axis',(0.500000000000001,0.,-0.866025403784438));
#4980=DIRECTION('ref_axis',(-0.866025403784438,0.,-0.500000000000001));
#4981=DIRECTION('',(-0.866025403784438,0.,-0.500000000000001));
#4982=DIRECTION('center_axis',(0.,1.,0.));
#4983=DIRECTION('ref_axis',(-0.866025403784439,0.,0.499999999999999));
#4984=DIRECTION('center_axis',(0.,1.,0.));
#4985=DIRECTION('ref_axis',(-1.,0.,0.));
#4986=DIRECTION('',(0.866025403784439,0.,-0.5));
#4987=DIRECTION('',(7.77156117237609E-16,0.,-1.));
#4988=DIRECTION('center_axis',(0.,-1.,0.));
#4989=DIRECTION('ref_axis',(-0.499999999999999,0.,-0.866025403784439));
#4990=DIRECTION('center_axis',(1.,0.,7.77156117237609E-16));
#4991=DIRECTION('ref_axis',(7.77156117237609E-16,0.,-1.));
#4992=DIRECTION('',(0.,1.,0.));
#4993=DIRECTION('center_axis',(0.5,0.,0.866025403784439));
#4994=DIRECTION('ref_axis',(0.866025403784439,0.,-0.5));
#4995=DIRECTION('center_axis',(0.,1.,0.));
#4996=DIRECTION('ref_axis',(-0.86602540378444,0.,0.499999999999998));
#4997=DIRECTION('center_axis',(0.,1.,0.));
#4998=DIRECTION('ref_axis',(-0.499999999999999,0.,-0.866025403784439));
#4999=DIRECTION('',(0.,-1.,0.));
#5000=DIRECTION('center_axis',(0.,1.,0.));
#5001=DIRECTION('ref_axis',(-0.499999999999999,0.,-0.866025403784439));
#5002=DIRECTION('center_axis',(1.,0.,2.77555756156289E-16));
#5003=DIRECTION('ref_axis',(2.77555756156289E-16,0.,-1.));
#5004=DIRECTION('',(2.77555756156289E-16,0.,-1.));
#5005=DIRECTION('center_axis',(0.,1.,0.));
#5006=DIRECTION('ref_axis',(-0.866025403784438,0.,-0.5));
#5007=DIRECTION('center_axis',(0.,1.,0.));
#5008=DIRECTION('ref_axis',(-1.,0.,0.));
#5009=DIRECTION('',(0.866025403784439,0.,0.5));
#5010=DIRECTION('',(0.866025403784439,0.,-0.5));
#5011=DIRECTION('center_axis',(0.,-1.,0.));
#5012=DIRECTION('ref_axis',(0.5,0.,-0.866025403784438));
#5013=DIRECTION('center_axis',(0.5,0.,0.866025403784439));
#5014=DIRECTION('ref_axis',(0.866025403784439,0.,-0.5));
#5015=DIRECTION('',(0.,1.,0.));
#5016=DIRECTION('center_axis',(-0.5,0.,0.866025403784439));
#5017=DIRECTION('ref_axis',(0.866025403784439,0.,0.5));
#5018=DIRECTION('center_axis',(0.,1.,0.));
#5019=DIRECTION('ref_axis',(-0.866025403784438,0.,-0.500000000000002));
#5020=DIRECTION('center_axis',(0.,1.,0.));
#5021=DIRECTION('ref_axis',(0.5,0.,-0.866025403784438));
#5022=DIRECTION('',(0.,-1.,0.));
#5023=DIRECTION('center_axis',(0.,1.,0.));
#5024=DIRECTION('ref_axis',(0.5,0.,-0.866025403784438));
#5025=DIRECTION('center_axis',(0.5,0.,0.866025403784439));
#5026=DIRECTION('ref_axis',(0.866025403784439,0.,-0.5));
#5027=DIRECTION('',(0.866025403784439,0.,-0.5));
#5028=DIRECTION('center_axis',(0.,1.,0.));
#5029=DIRECTION('ref_axis',(1.66533453693773E-16,0.,-1.));
#5030=DIRECTION('center_axis',(0.,1.,0.));
#5031=DIRECTION('ref_axis',(-1.,0.,0.));
#5032=DIRECTION('',(2.22044604925031E-16,0.,1.));
#5033=DIRECTION('',(0.866025403784439,0.,0.5));
#5034=DIRECTION('center_axis',(0.,-1.,0.));
#5035=DIRECTION('ref_axis',(1.,0.,8.15477013034108E-17));
#5036=DIRECTION('center_axis',(-0.5,0.,0.866025403784439));
#5037=DIRECTION('ref_axis',(0.866025403784439,0.,0.5));
#5038=DIRECTION('',(0.,1.,0.));
#5039=DIRECTION('center_axis',(-1.,0.,2.22044604925031E-16));
#5040=DIRECTION('ref_axis',(2.22044604925031E-16,0.,1.));
#5041=DIRECTION('center_axis',(0.,1.,0.));
#5042=DIRECTION('ref_axis',(1.47968513756208E-16,0.,-1.));
#5043=DIRECTION('center_axis',(0.,1.,0.));
#5044=DIRECTION('ref_axis',(1.,0.,8.15477013034108E-17));
#5045=DIRECTION('',(0.,-1.,0.));
#5046=DIRECTION('center_axis',(0.,1.,0.));
#5047=DIRECTION('ref_axis',(1.,0.,8.15477013034108E-17));
#5048=DIRECTION('center_axis',(-0.5,0.,0.866025403784439));
#5049=DIRECTION('ref_axis',(0.866025403784439,0.,0.5));
#5050=DIRECTION('',(0.866025403784439,0.,0.5));
#5051=DIRECTION('center_axis',(0.,1.,0.));
#5052=DIRECTION('ref_axis',(0.866025403784439,0.,-0.5));
#5053=DIRECTION('center_axis',(0.,1.,0.));
#5054=DIRECTION('ref_axis',(-1.,0.,0.));
#5055=DIRECTION('',(-0.866025403784439,0.,0.5));
#5056=DIRECTION('',(-1.11022302462516E-16,0.,1.));
#5057=DIRECTION('center_axis',(0.,-1.,0.));
#5058=DIRECTION('ref_axis',(0.5,0.,0.866025403784439));
#5059=DIRECTION('center_axis',(-1.,0.,-1.11022302462516E-16));
#5060=DIRECTION('ref_axis',(-1.11022302462516E-16,0.,1.));
#5061=DIRECTION('',(0.,1.,0.));
#5062=DIRECTION('center_axis',(-0.5,0.,-0.866025403784439));
#5063=DIRECTION('ref_axis',(-0.866025403784439,0.,0.5));
#5064=DIRECTION('center_axis',(0.,1.,0.));
#5065=DIRECTION('ref_axis',(0.866025403784439,0.,-0.5));
#5066=DIRECTION('center_axis',(0.,1.,0.));
#5067=DIRECTION('ref_axis',(0.5,0.,0.866025403784439));
#5068=DIRECTION('',(0.,-1.,0.));
#5069=DIRECTION('center_axis',(0.,1.,0.));
#5070=DIRECTION('ref_axis',(0.5,0.,0.866025403784439));
#5071=DIRECTION('center_axis',(-1.,0.,5.55111512312578E-17));
#5072=DIRECTION('ref_axis',(5.55111512312578E-17,0.,1.));
#5073=DIRECTION('',(5.55111512312578E-17,0.,1.));
#5074=DIRECTION('center_axis',(0.,1.,0.));
#5075=DIRECTION('ref_axis',(0.866025403784439,0.,0.5));
#5076=DIRECTION('center_axis',(0.,1.,0.));
#5077=DIRECTION('ref_axis',(-1.,0.,0.));
#5078=DIRECTION('',(-0.866025403784439,0.,-0.5));
#5079=DIRECTION('',(-0.866025403784439,0.,0.5));
#5080=DIRECTION('center_axis',(0.,-1.,0.));
#5081=DIRECTION('ref_axis',(-0.5,0.,0.866025403784439));
#5082=DIRECTION('center_axis',(-0.5,0.,-0.866025403784439));
#5083=DIRECTION('ref_axis',(-0.866025403784439,0.,0.5));
#5084=DIRECTION('',(0.,1.,0.));
#5085=DIRECTION('center_axis',(0.5,0.,-0.866025403784439));
#5086=DIRECTION('ref_axis',(-0.866025403784439,0.,-0.5));
#5087=DIRECTION('center_axis',(0.,1.,0.));
#5088=DIRECTION('ref_axis',(0.866025403784439,0.,0.499999999999999));
#5089=DIRECTION('center_axis',(0.,1.,0.));
#5090=DIRECTION('ref_axis',(-0.5,0.,0.866025403784439));
#5091=DIRECTION('',(0.,-1.,0.));
#5092=DIRECTION('center_axis',(0.,1.,0.));
#5093=DIRECTION('ref_axis',(-0.5,0.,0.866025403784439));
#5094=DIRECTION('center_axis',(0.,-1.,0.));
#5095=DIRECTION('ref_axis',(1.,0.,-1.2325513343268E-16));
#5096=DIRECTION('center_axis',(0.,1.,0.));
#5097=DIRECTION('ref_axis',(-1.,0.,0.));
#5098=DIRECTION('center_axis',(0.,-1.,0.));
#5099=DIRECTION('ref_axis',(-1.,0.,2.45719813347415E-16));
#5100=DIRECTION('center_axis',(0.,1.,0.));
#5101=DIRECTION('ref_axis',(-1.,0.,0.));
#5102=DIRECTION('center_axis',(0.,-1.,0.));
#5103=DIRECTION('ref_axis',(1.,0.,-1.2325513343268E-16));
#5104=DIRECTION('center_axis',(0.,1.,0.));
#5105=DIRECTION('ref_axis',(-1.,0.,0.));
#5106=DIRECTION('center_axis',(0.,-1.,0.));
#5107=DIRECTION('ref_axis',(1.,0.,-1.2325513343268E-16));
#5108=DIRECTION('center_axis',(0.,1.,0.));
#5109=DIRECTION('ref_axis',(-1.,0.,0.));
#5110=DIRECTION('center_axis',(0.,-1.,0.));
#5111=DIRECTION('ref_axis',(1.,0.,-1.2325513343268E-16));
#5112=DIRECTION('center_axis',(0.,1.,0.));
#5113=DIRECTION('ref_axis',(-1.,0.,0.));
#5114=DIRECTION('center_axis',(0.,1.,0.));
#5115=DIRECTION('ref_axis',(-1.,0.,0.));
#5116=DIRECTION('center_axis',(0.,-1.,0.));
#5117=DIRECTION('ref_axis',(1.,0.,-1.2325513343268E-16));
#5118=DIRECTION('center_axis',(0.,1.,0.));
#5119=DIRECTION('ref_axis',(-1.,0.,0.));
#5120=DIRECTION('center_axis',(-1.39851831736986E-15,0.,1.));
#5121=DIRECTION('ref_axis',(-0.707106781186547,0.707106781186548,0.));
#5122=DIRECTION('center_axis',(-0.500000000000006,0.,-0.866025403784435));
#5123=DIRECTION('ref_axis',(-0.866025403784435,7.51157299368576E-17,0.500000000000006));
#5124=DIRECTION('',(1.39851831736986E-15,0.,-1.));
#5125=DIRECTION('center_axis',(0.,0.,-1.));
#5126=DIRECTION('ref_axis',(-1.,0.,0.));
#5127=DIRECTION('',(-1.39851831736986E-15,0.,1.));
#5128=DIRECTION('center_axis',(-1.,0.,-1.39851831736986E-15));
#5129=DIRECTION('ref_axis',(-1.39851831736986E-15,0.,1.));
#5130=DIRECTION('',(0.,1.,0.));
#5131=DIRECTION('',(-1.39851831736986E-15,0.,1.));
#5132=DIRECTION('',(0.,1.,0.));
#5133=DIRECTION('center_axis',(0.866025403784439,0.,0.499999999999999));
#5134=DIRECTION('ref_axis',(-0.353553390593273,0.707106781186546,0.612372435695796));
#5135=DIRECTION('',(0.866025403784439,0.,0.499999999999999));
#5136=DIRECTION('center_axis',(1.,8.67361737988403E-16,-1.20185167898973E-15));
#5137=DIRECTION('ref_axis',(-1.20185167898973E-15,1.50231459873716E-15,
-1.));
#5138=DIRECTION('',(-0.866025403784439,0.,-0.499999999999999));
#5139=DIRECTION('center_axis',(0.,1.,0.));
#5140=DIRECTION('ref_axis',(0.,0.,1.));
#5141=DIRECTION('center_axis',(0.,1.,0.));
#5142=DIRECTION('ref_axis',(-0.0767166047451205,0.,-0.997052938693017));
#5143=DIRECTION('center_axis',(0.,-1.,0.));
#5144=DIRECTION('ref_axis',(-2.83276944882399E-16,0.,1.));
#5145=DIRECTION('center_axis',(0.,1.,0.));
#5146=DIRECTION('ref_axis',(0.0767166047451204,0.,-0.997052938693017));
#5147=DIRECTION('',(-3.49629579342466E-16,0.,-1.));
#5148=DIRECTION('',(0.866025403784438,0.,-0.5));
#5149=DIRECTION('center_axis',(-3.49629579342466E-16,0.,-1.));
#5150=DIRECTION('ref_axis',(0.707106781186547,0.707106781186547,0.));
#5151=DIRECTION('center_axis',(0.499999999999999,0.,-0.866025403784439));
#5152=DIRECTION('ref_axis',(0.866025403784439,2.25347189810574E-16,0.499999999999999));
#5153=DIRECTION('center_axis',(0.,0.,-1.));
#5154=DIRECTION('ref_axis',(-6.93889390390722E-16,1.,0.));
#5155=DIRECTION('',(3.49629579342466E-16,0.,1.));
#5156=DIRECTION('center_axis',(0.,1.,0.));
#5157=DIRECTION('ref_axis',(0.,0.,1.));
#5158=DIRECTION('center_axis',(-0.997300822262649,0.,-0.0734239056046701));
#5159=DIRECTION('ref_axis',(0.,-1.,0.));
#5160=DIRECTION('center_axis',(-0.82455786661716,-0.421297802917642,-0.377640683529365));
#5161=DIRECTION('ref_axis',(0.565777628224869,-0.613994616001678,-0.550369227810926));
#5162=DIRECTION('center_axis',(0.100926141658886,0.,-0.994893920943258));
#5163=DIRECTION('ref_axis',(0.,-1.,0.));
#5164=DIRECTION('center_axis',(0.997300822262649,-7.61218105555595E-15,
-0.0734239056046686));
#5165=DIRECTION('ref_axis',(-0.0734239056046686,0.,-0.997300822262649));
#5166=DIRECTION('center_axis',(0.,-1.,0.));
#5167=DIRECTION('ref_axis',(0.994893920943257,0.,0.100926141658897));
#5168=DIRECTION('center_axis',(0.,1.,0.));
#5169=DIRECTION('ref_axis',(0.,0.,1.));
#5170=DIRECTION('center_axis',(0.,-1.,0.));
#5171=DIRECTION('ref_axis',(0.71680008605127,0.,-0.69727873668777));
#5172=DIRECTION('',(0.,-1.,0.));
#5173=DIRECTION('center_axis',(0.,-1.,0.));
#5174=DIRECTION('ref_axis',(0.71680008605127,0.,-0.69727873668777));
#5175=DIRECTION('center_axis',(-0.824557866617155,0.421297802917648,0.377640683529368));
#5176=DIRECTION('ref_axis',(-0.565777628224875,-0.613994616001679,-0.550369227810917));
#5177=DIRECTION('center_axis',(-0.100926141658897,-1.11155729598182E-14,
-0.994893920943257));
#5178=DIRECTION('ref_axis',(-0.994893920943257,0.,0.100926141658897));
#5179=DIRECTION('center_axis',(0.,-1.,0.));
#5180=DIRECTION('ref_axis',(0.0734239056046687,0.,-0.997300822262649));
#5181=DIRECTION('center_axis',(0.,1.,0.));
#5182=DIRECTION('ref_axis',(0.,0.,1.));
#5183=DIRECTION('center_axis',(0.,1.,0.));
#5184=DIRECTION('ref_axis',(-2.83276944882399E-16,0.,1.));
#5185=DIRECTION('center_axis',(0.,1.,0.));
#5186=DIRECTION('ref_axis',(-0.716800086051273,0.,-0.697278736687766));
#5187=DIRECTION('',(0.,1.,0.));
#5188=DIRECTION('center_axis',(0.,-1.,0.));
#5189=DIRECTION('ref_axis',(-0.716800086051273,0.,-0.697278736687766));
#5190=DIRECTION('center_axis',(0.,1.,0.));
#5191=DIRECTION('ref_axis',(-1.22464679914735E-16,0.,-1.));
#5192=DIRECTION('center_axis',(0.,1.,0.));
#5193=DIRECTION('ref_axis',(6.12323399573677E-17,0.,-1.));
#5194=DIRECTION('center_axis',(0.,1.,0.));
#5195=DIRECTION('ref_axis',(0.,0.,1.));
#5196=DIRECTION('center_axis',(0.,1.,0.));
#5197=DIRECTION('ref_axis',(-1.,0.,0.));
#5198=DIRECTION('center_axis',(0.866025403784438,0.,-0.5));
#5199=DIRECTION('ref_axis',(0.353553390593274,0.707106781186546,0.612372435695796));
#5200=DIRECTION('',(-0.866025403784438,0.,0.5));
#5201=DIRECTION('center_axis',(-0.499999999999999,0.,0.866025403784439));
#5202=DIRECTION('ref_axis',(0.866025403784439,0.,0.499999999999999));
#5203=DIRECTION('',(0.,1.,0.));
#5204=DIRECTION('',(0.866025403784439,0.,0.499999999999999));
#5205=DIRECTION('center_axis',(0.5,0.,0.866025403784438));
#5206=DIRECTION('ref_axis',(0.866025403784438,0.,-0.5));
#5207=DIRECTION('',(0.,1.,0.));
#5208=DIRECTION('',(0.866025403784438,0.,-0.5));
#5209=DIRECTION('center_axis',(0.,1.,0.));
#5210=DIRECTION('ref_axis',(-2.83276944882399E-16,0.,1.));
#5211=DIRECTION('center_axis',(-0.5,0.,-0.866025403784439));
#5212=DIRECTION('ref_axis',(-0.866025403784438,0.,0.5));
#5213=DIRECTION('',(-0.866025403784438,0.,0.5));
#5214=DIRECTION('center_axis',(0.5,0.,-0.866025403784439));
#5215=DIRECTION('ref_axis',(-0.866025403784439,0.,-0.5));
#5216=DIRECTION('',(-0.866025403784439,0.,-0.5));
#5217=DIRECTION('',(0.,1.,0.));
#5218=DIRECTION('center_axis',(1.,0.,-3.49629579342466E-16));
#5219=DIRECTION('ref_axis',(-3.49629579342466E-16,0.,-1.));
#5220=DIRECTION('',(-3.49629579342466E-16,0.,-1.));
#5221=DIRECTION('center_axis',(0.,1.,0.));
#5222=DIRECTION('ref_axis',(0.,0.,1.));
#5223=DIRECTION('center_axis',(0.,1.,0.));
#5224=DIRECTION('ref_axis',(-1.,0.,0.));
#5225=DIRECTION('center_axis',(0.,-1.,0.));
#5226=DIRECTION('ref_axis',(-1.,0.,0.));
#5227=DIRECTION('center_axis',(0.,1.,0.));
#5228=DIRECTION('ref_axis',(-1.,0.,0.));
#5229=DIRECTION('',(0.,-1.,0.));
#5230=DIRECTION('center_axis',(0.,1.,0.));
#5231=DIRECTION('ref_axis',(-1.,0.,0.));
#5232=DIRECTION('center_axis',(0.,1.,0.));
#5233=DIRECTION('ref_axis',(0.,0.,1.));
#5234=DIRECTION('center_axis',(0.,-1.,0.));
#5235=DIRECTION('ref_axis',(-1.,0.,-1.22464679914735E-16));
#5236=DIRECTION('center_axis',(-1.,0.,1.22464679914735E-16));
#5237=DIRECTION('ref_axis',(-1.22464679914735E-16,0.,-1.));
#5238=DIRECTION('center_axis',(0.,1.,0.));
#5239=DIRECTION('ref_axis',(0.,0.,1.));
#5240=DIRECTION('center_axis',(0.,1.,0.));
#5241=DIRECTION('ref_axis',(0.456091899949033,0.,0.889932682173703));
#5242=DIRECTION('',(0.5,0.,-0.866025403784438));
#5243=DIRECTION('center_axis',(0.,1.,0.));
#5244=DIRECTION('ref_axis',(-0.542658360445934,0.,0.839953512903025));
#5245=DIRECTION('',(-0.583960357601763,0.,0.811782175678686));
#5246=DIRECTION('center_axis',(0.,1.,0.));
#5247=DIRECTION('ref_axis',(-0.998750260394966,0.,-0.0499791692706792));
#5248=DIRECTION('',(0.5,0.,0.866025403784439));
#5249=DIRECTION('center_axis',(0.,1.,0.));
#5250=DIRECTION('ref_axis',(-0.456091899949033,0.,-0.889932682173703));
#5251=DIRECTION('',(-0.411043807676263,0.,-0.911615592325515));
#5252=DIRECTION('center_axis',(0.,1.,0.));
#5253=DIRECTION('ref_axis',(0.542658360445933,0.,-0.839953512903025));
#5254=DIRECTION('',(-1.,0.,0.));
#5255=DIRECTION('center_axis',(0.,1.,0.));
#5256=DIRECTION('ref_axis',(0.998750260394966,0.,0.0499791692706783));
#5257=DIRECTION('',(0.995004165278026,0.,0.0998334166468282));
#5258=DIRECTION('center_axis',(0.,-1.,0.));
#5259=DIRECTION('ref_axis',(0.,0.,-1.));
#5260=DIRECTION('center_axis',(0.,1.,0.));
#5261=DIRECTION('ref_axis',(1.,0.,0.));
#5262=DIRECTION('center_axis',(-1.,0.,-1.22464679914735E-16));
#5263=DIRECTION('ref_axis',(-1.22464679914735E-16,0.,1.));
#5264=DIRECTION('center_axis',(0.,-1.,0.));
#5265=DIRECTION('ref_axis',(1.,0.,0.));
#5266=DIRECTION('center_axis',(0.,-1.,0.));
#5267=DIRECTION('ref_axis',(1.,0.,0.));
#5268=DIRECTION('center_axis',(0.,-1.,0.));
#5269=DIRECTION('ref_axis',(1.,0.,0.));
#5270=DIRECTION('center_axis',(0.,1.,0.));
#5271=DIRECTION('ref_axis',(1.,0.,0.));
#5272=DIRECTION('',(0.,1.,0.));
#5273=DIRECTION('center_axis',(0.,1.,0.));
#5274=DIRECTION('ref_axis',(1.,0.,0.));
#5275=DIRECTION('center_axis',(0.,1.,0.));
#5276=DIRECTION('ref_axis',(0.,0.,1.));
#5277=DIRECTION('center_axis',(0.,1.,0.));
#5278=DIRECTION('ref_axis',(1.,0.,0.));
#5279=DIRECTION('center_axis',(0.,1.,0.));
#5280=DIRECTION('ref_axis',(0.,0.,1.));
#5281=DIRECTION('center_axis',(0.,-1.,0.));
#5282=DIRECTION('ref_axis',(0.456091899949032,0.,0.889932682173703));
#5283=DIRECTION('center_axis',(-0.5,0.,0.866025403784438));
#5284=DIRECTION('ref_axis',(-0.612372435695794,0.707106781186548,-0.353553390593274));
#5285=DIRECTION('center_axis',(0.353553390593273,-0.707106781186546,-0.612372435695796));
#5286=DIRECTION('ref_axis',(-0.353553390593272,-0.707106781186549,0.612372435695794));
#5287=DIRECTION('',(-0.5,0.,0.866025403784438));
#5288=DIRECTION('center_axis',(0.,1.,0.));
#5289=DIRECTION('ref_axis',(-0.267245528489707,0.,-0.963628469640793));
#5290=DIRECTION('',(0.,-1.,0.));
#5291=DIRECTION('center_axis',(0.,1.,0.));
#5292=DIRECTION('ref_axis',(0.484796636696137,0.,-0.874626903912814));
#5293=DIRECTION('',(0.,1.,0.));
#5294=DIRECTION('center_axis',(0.,1.,0.));
#5295=DIRECTION('ref_axis',(1.,0.,0.));
#5296=DIRECTION('',(0.,1.,0.));
#5297=DIRECTION('',(0.,1.,0.));
#5298=DIRECTION('center_axis',(0.,-1.,0.));
#5299=DIRECTION('ref_axis',(0.999048221581858,0.,0.043619387365336));
#5300=DIRECTION('',(0.,-1.,0.));
#5301=DIRECTION('center_axis',(0.,-1.,0.));
#5302=DIRECTION('ref_axis',(0.542658360445933,0.,-0.839953512903025));
#5303=DIRECTION('',(0.,1.,0.));
#5304=DIRECTION('',(0.,1.,0.));
#5305=DIRECTION('center_axis',(0.,-1.,0.));
#5306=DIRECTION('ref_axis',(-0.461748613235034,0.,-0.887010833178222));
#5307=DIRECTION('',(0.,-1.,0.));
#5308=DIRECTION('center_axis',(0.,-1.,0.));
#5309=DIRECTION('ref_axis',(-0.998750260394966,0.,-0.0499791692706792));
#5310=DIRECTION('',(0.,-1.,0.));
#5311=DIRECTION('center_axis',(0.,-1.,0.));
#5312=DIRECTION('ref_axis',(-0.998750260394966,0.,-0.0499791692706792));
#5313=DIRECTION('',(0.,1.,0.));
#5314=DIRECTION('',(0.,1.,0.));
#5315=DIRECTION('center_axis',(0.,-1.,0.));
#5316=DIRECTION('ref_axis',(-0.537299608346824,0.,0.843391445812886));
#5317=DIRECTION('center_axis',(0.,1.,0.));
#5318=DIRECTION('ref_axis',(0.,0.,1.));
#5319=DIRECTION('center_axis',(-0.5,0.,-0.866025403784439));
#5320=DIRECTION('ref_axis',(0.612372435695792,0.70710678118655,-0.353553390593273));
#5321=DIRECTION('center_axis',(0.353553390593272,-0.707106781186548,0.612372435695795));
#5322=DIRECTION('ref_axis',(-0.353553390593272,-0.707106781186547,-0.612372435695796));
#5323=DIRECTION('',(-0.5,0.,-0.866025403784439));
#5324=DIRECTION('center_axis',(0.,1.,0.));
#5325=DIRECTION('ref_axis',(0.968149498763703,0.,0.250372818100511));
#5326=DIRECTION('center_axis',(0.,1.,0.));
#5327=DIRECTION('ref_axis',(0.515050799273758,0.,0.857159655004518));
#5328=DIRECTION('',(0.,1.,0.));
#5329=DIRECTION('center_axis',(0.,1.,0.));
#5330=DIRECTION('ref_axis',(0.542658360445933,0.,-0.839953512903025));
#5331=DIRECTION('center_axis',(1.,0.,0.));
#5332=DIRECTION('ref_axis',(0.,0.707106781186548,0.707106781186547));
#5333=DIRECTION('center_axis',(-0.707106781186546,-0.70710678118655,0.));
#5334=DIRECTION('ref_axis',(0.70710678118655,-0.707106781186545,0.));
#5335=DIRECTION('',(1.,0.,0.));
#5336=DIRECTION('center_axis',(0.,1.,0.));
#5337=DIRECTION('ref_axis',(-0.700903970273999,0.,0.713255651540277));
#5338=DIRECTION('center_axis',(0.,1.,0.));
#5339=DIRECTION('ref_axis',(-0.999847435969896,0.,0.0174672489082968));
#5340=DIRECTION('',(0.,1.,0.));
#5341=DIRECTION('center_axis',(0.,1.,0.));
#5342=DIRECTION('ref_axis',(0.,0.,1.));
#5343=DIRECTION('center_axis',(0.,-1.,0.));
#5344=DIRECTION('ref_axis',(1.,0.,0.));
#5345=DIRECTION('center_axis',(-1.,0.,1.22464679914735E-16));
#5346=DIRECTION('ref_axis',(-1.22464679914735E-16,0.,-1.));
#5347=DIRECTION('center_axis',(0.,1.,0.));
#5348=DIRECTION('ref_axis',(0.,0.,1.));
#5349=DIRECTION('center_axis',(0.,-1.,0.));
#5350=DIRECTION('ref_axis',(-1.,0.,0.));
#5351=DIRECTION('center_axis',(0.,0.,1.));
#5352=DIRECTION('ref_axis',(1.,0.,0.));
#5353=DIRECTION('center_axis',(0.583960338035125,-0.00025886987855671,-0.81178214847845));
#5354=DIRECTION('ref_axis',(0.0120602537149184,-0.999886818487251,0.0089944702887479));
#5355=DIRECTION('center_axis',(0.801367435760474,0.0150449393423562,0.597983179280879));
#5356=DIRECTION('ref_axis',(0.598050867578099,0.,-0.801458145999579));
#5357=DIRECTION('center_axis',(0.,-1.,0.));
#5358=DIRECTION('ref_axis',(0.811782175678686,0.,0.583960357601763));
#5359=DIRECTION('center_axis',(0.,-1.,0.));
#5360=DIRECTION('ref_axis',(0.988308357748186,0.,-0.152468324595913));
#5361=DIRECTION('center_axis',(0.412922328804329,-0.707106781186546,-0.574016681268769));
#5362=DIRECTION('ref_axis',(0.412922328804327,0.707106781186549,-0.574016681268767));
#5363=DIRECTION('',(0.,-1.,0.));
#5364=DIRECTION('center_axis',(0.583960357601763,0.,-0.811782175678686));
#5365=DIRECTION('ref_axis',(0.574016681268771,0.707106781186545,0.412922328804328));
#5366=DIRECTION('',(0.583960357601763,0.,-0.811782175678686));
#5367=DIRECTION('center_axis',(0.147824092790611,0.,0.989013669061572));
#5368=DIRECTION('ref_axis',(0.,-1.,0.));
#5369=DIRECTION('center_axis',(0.,-1.,0.));
#5370=DIRECTION('ref_axis',(0.993573536038693,0.,-0.113188464445664));
#5371=DIRECTION('center_axis',(0.,-1.,0.));
#5372=DIRECTION('ref_axis',(0.,0.,-1.));
#5373=DIRECTION('center_axis',(0.,-1.,0.));
#5374=DIRECTION('ref_axis',(-0.542658360445934,0.,0.839953512903024));
#5375=DIRECTION('center_axis',(0.147824092790599,-1.37253218382645E-15,
0.989013669061574));
#5376=DIRECTION('ref_axis',(0.989013669061574,0.,-0.147824092790599));
#5377=DIRECTION('center_axis',(0.,1.,0.));
#5378=DIRECTION('ref_axis',(0.13052619222005,0.,0.99144486137381));
#5379=DIRECTION('center_axis',(-0.857159655004523,0.,-0.515050799273749));
#5380=DIRECTION('ref_axis',(0.,1.,0.));
#5381=DIRECTION('center_axis',(-0.819152044288997,-4.54720730119205E-15,
-0.573576436351038));
#5382=DIRECTION('ref_axis',(-5.55111512312578E-15,1.,0.));
#5383=DIRECTION('center_axis',(0.,1.,0.));
#5384=DIRECTION('ref_axis',(0.,0.,1.));
#5385=DIRECTION('center_axis',(0.,1.,0.));
#5386=DIRECTION('ref_axis',(-0.537299608346824,0.,0.843391445812886));
#5387=DIRECTION('center_axis',(-0.5,0.,0.866025403784438));
#5388=DIRECTION('ref_axis',(0.612372435695791,-0.70710678118655,0.353553390593275));
#5389=DIRECTION('',(0.5,0.,-0.866025403784438));
#5390=DIRECTION('',(-0.5,0.,0.866025403784438));
#5391=DIRECTION('center_axis',(0.,-1.,0.));
#5392=DIRECTION('ref_axis',(0.788006183919641,0.,0.615667324213657));
#5393=DIRECTION('',(0.,-1.,0.));
#5394=DIRECTION('center_axis',(-0.130526192220051,0.,-0.99144486137381));
#5395=DIRECTION('ref_axis',(-0.99144486137381,0.,0.130526192220051));
#5396=DIRECTION('',(0.,1.,0.));
#5397=DIRECTION('center_axis',(0.,-1.,0.));
#5398=DIRECTION('ref_axis',(-0.499999999999998,0.,0.86602540378444));
#5399=DIRECTION('center_axis',(0.210781237957889,-0.820860851690917,-0.530809506213106));
#5400=DIRECTION('ref_axis',(-0.302947841745762,-0.571128236179286,0.762912277408302));
#5401=DIRECTION('center_axis',(0.411043793903492,-0.000258869878552068,
0.911615561780189));
#5402=DIRECTION('ref_axis',(-0.0138195666210955,-0.999886818487251,0.00594725094883453));
#5403=DIRECTION('center_axis',(-0.918552342173256,0.0150449393423574,0.395012967493741));
#5404=DIRECTION('ref_axis',(0.39505768071658,0.,0.91865631707774));
#5405=DIRECTION('center_axis',(0.,-1.,0.));
#5406=DIRECTION('ref_axis',(-0.911615592325516,0.,0.41104380767626));
#5407=DIRECTION('center_axis',(0.,-1.,0.));
#5408=DIRECTION('ref_axis',(-0.36211273650158,0.,0.932134306880364));
#5409=DIRECTION('center_axis',(0.290651863772619,-0.70710678118655,0.644609567168762));
#5410=DIRECTION('ref_axis',(0.290651863772621,0.707106781186545,0.644609567168767));
#5411=DIRECTION('',(0.,-1.,0.));
#5412=DIRECTION('center_axis',(0.411043807676263,0.,0.911615592325515));
#5413=DIRECTION('ref_axis',(-0.644609567168761,0.70710678118655,0.290651863772623));
#5414=DIRECTION('',(0.411043807676263,0.,0.911615592325515));
#5415=DIRECTION('center_axis',(-0.930423008492681,-5.1648852333479E-15,
-0.366487414882734));
#5416=DIRECTION('ref_axis',(5.55111512312578E-15,-1.,0.));
#5417=DIRECTION('center_axis',(0.,-1.,0.));
#5418=DIRECTION('ref_axis',(-0.39876268239405,0.,0.917054154960274));
#5419=DIRECTION('center_axis',(0.,-1.,0.));
#5420=DIRECTION('ref_axis',(0.,0.,-1.));
#5421=DIRECTION('center_axis',(0.,-1.,0.));
#5422=DIRECTION('ref_axis',(-0.456091899949033,0.,-0.889932682173703));
#5423=DIRECTION('center_axis',(-0.930423008492678,-7.74732785002184E-15,
-0.36648741488274));
#5424=DIRECTION('ref_axis',(-0.36648741488274,0.,0.930423008492678));
#5425=DIRECTION('center_axis',(0.,1.,0.));
#5426=DIRECTION('ref_axis',(-0.923879532511286,0.,-0.382683432365091));
#5427=DIRECTION('center_axis',(0.87462690391281,0.,-0.484796636696143));
#5428=DIRECTION('ref_axis',(0.,1.,0.));
#5429=DIRECTION('center_axis',(0.906307787036653,0.,-0.422618261740693));
#5430=DIRECTION('ref_axis',(0.,1.,0.));
#5431=DIRECTION('center_axis',(0.,1.,0.));
#5432=DIRECTION('ref_axis',(0.,0.,1.));
#5433=DIRECTION('center_axis',(0.,1.,0.));
#5434=DIRECTION('ref_axis',(-0.461748613235034,0.,-0.887010833178222));
#5435=DIRECTION('center_axis',(-0.5,0.,-0.866025403784439));
#5436=DIRECTION('ref_axis',(-0.612372435695791,-0.70710678118655,0.353553390593275));
#5437=DIRECTION('',(0.5,0.,0.866025403784439));
#5438=DIRECTION('',(-0.5,0.,-0.866025403784439));
#5439=DIRECTION('center_axis',(0.,-1.,0.));
#5440=DIRECTION('ref_axis',(-0.927186635008837,0.,0.374599711506815));
#5441=DIRECTION('',(0.,-1.,0.));
#5442=DIRECTION('center_axis',(0.923879532511287,0.,0.38268343236509));
#5443=DIRECTION('ref_axis',(0.38268343236509,0.,-0.923879532511287));
#5444=DIRECTION('',(0.,1.,0.));
#5445=DIRECTION('center_axis',(0.,-1.,0.));
#5446=DIRECTION('ref_axis',(-0.500000000000003,0.,-0.866025403784437));
#5447=DIRECTION('center_axis',(-0.811782175678686,0.,-0.583960357601763));
#5448=DIRECTION('ref_axis',(-0.583960357601763,0.,0.811782175678686));
#5449=DIRECTION('',(0.,1.,0.));
#5450=DIRECTION('center_axis',(0.,-1.,0.));
#5451=DIRECTION('ref_axis',(0.866025403784438,0.,0.5));
#5452=DIRECTION('center_axis',(0.,-1.,0.));
#5453=DIRECTION('ref_axis',(-0.499999999999998,0.,0.86602540378444));
#5454=DIRECTION('center_axis',(0.,-1.,0.));
#5455=DIRECTION('ref_axis',(-0.5,0.,0.866025403784438));
#5456=DIRECTION('',(0.,1.,0.));
#5457=DIRECTION('center_axis',(-0.866025403784438,0.,-0.5));
#5458=DIRECTION('ref_axis',(-0.5,0.,0.866025403784438));
#5459=DIRECTION('center_axis',(0.911615592325515,0.,-0.411043807676263));
#5460=DIRECTION('ref_axis',(-0.411043807676263,0.,-0.911615592325515));
#5461=DIRECTION('',(0.,1.,0.));
#5462=DIRECTION('center_axis',(0.,-1.,0.));
#5463=DIRECTION('ref_axis',(-0.866025403784439,0.,0.5));
#5464=DIRECTION('center_axis',(0.,-1.,0.));
#5465=DIRECTION('ref_axis',(-0.500000000000003,0.,-0.866025403784437));
#5466=DIRECTION('center_axis',(0.,-1.,0.));
#5467=DIRECTION('ref_axis',(-0.5,0.,-0.866025403784439));
#5468=DIRECTION('',(0.,1.,0.));
#5469=DIRECTION('center_axis',(0.866025403784439,0.,-0.5));
#5470=DIRECTION('ref_axis',(-0.5,0.,-0.866025403784439));
#5471=DIRECTION('center_axis',(0.35430389797189,-0.820860851690914,0.447946659819215));
#5472=DIRECTION('ref_axis',(-0.509227492221759,-0.571128236179288,-0.643816665677639));
#5473=DIRECTION('center_axis',(0.,-1.,0.));
#5474=DIRECTION('ref_axis',(0.0998334166468327,0.,-0.995004165278025));
#5475=DIRECTION('center_axis',(-0.995004131938612,-0.000258869878556105,
-0.0998334133017339));
#5476=DIRECTION('ref_axis',(0.00175931290617992,-0.999886818487251,-0.0149417212375769));
#5477=DIRECTION('center_axis',(0.11718490641277,0.0150449393423551,-0.992996146774606));
#5478=DIRECTION('ref_axis',(-0.993108548294665,0.,-0.117198171078148));
#5479=DIRECTION('center_axis',(0.78259891570208,0.,-0.622526254178833));
#5480=DIRECTION('ref_axis',(0.,-1.,0.));
#5481=DIRECTION('center_axis',(0.,-1.,0.));
#5482=DIRECTION('ref_axis',(-0.594810853644644,0.,-0.803865690514609));
#5483=DIRECTION('center_axis',(0.,-1.,0.));
#5484=DIRECTION('ref_axis',(0.,0.,-1.));
#5485=DIRECTION('center_axis',(0.,-1.,0.));
#5486=DIRECTION('ref_axis',(0.998750260394966,0.,0.0499791692706783));
#5487=DIRECTION('center_axis',(0.782598915702078,-3.45571490411498E-15,
-0.622526254178836));
#5488=DIRECTION('ref_axis',(-0.622526254178836,0.,-0.782598915702078));
#5489=DIRECTION('center_axis',(0.,1.,0.));
#5490=DIRECTION('ref_axis',(0.793353340291233,0.,-0.608761429008723));
#5491=DIRECTION('center_axis',(-0.0174672489082966,0.,0.999847435969896));
#5492=DIRECTION('ref_axis',(0.,1.,0.));
#5493=DIRECTION('center_axis',(-0.0871557427476584,0.,0.996194698091746));
#5494=DIRECTION('ref_axis',(0.,1.,0.));
#5495=DIRECTION('center_axis',(0.,1.,0.));
#5496=DIRECTION('ref_axis',(0.,0.,1.));
#5497=DIRECTION('center_axis',(0.,1.,0.));
#5498=DIRECTION('ref_axis',(0.999048221581858,0.,0.043619387365336));
#5499=DIRECTION('center_axis',(1.,0.,0.));
#5500=DIRECTION('ref_axis',(0.,-0.707106781186548,-0.707106781186547));
#5501=DIRECTION('',(-1.,0.,0.));
#5502=DIRECTION('',(1.,0.,0.));
#5503=DIRECTION('center_axis',(0.,-1.,0.));
#5504=DIRECTION('ref_axis',(0.139180451089197,0.,-0.99026703572047));
#5505=DIRECTION('',(0.,-1.,0.));
#5506=DIRECTION('center_axis',(-0.995004165278026,0.,-0.0998334166468282));
#5507=DIRECTION('ref_axis',(0.0705928858999974,0.707106781186547,-0.703574192576952));
#5508=DIRECTION('',(-0.995004165278026,0.,-0.0998334166468282));
#5509=DIRECTION('center_axis',(0.703574192576953,0.707106781186547,0.0705928858999975));
#5510=DIRECTION('ref_axis',(0.703574192576952,-0.707106781186549,0.0705928858999908));
#5511=DIRECTION('center_axis',(0.,-1.,0.));
#5512=DIRECTION('ref_axis',(-0.626195621246603,0.,-0.779665982284453));
#5513=DIRECTION('',(0.,-1.,0.));
#5514=DIRECTION('center_axis',(-0.0998334166468282,0.,0.995004165278026));
#5515=DIRECTION('ref_axis',(0.995004165278026,0.,0.0998334166468282));
#5516=DIRECTION('',(0.,1.,0.));
#5517=DIRECTION('center_axis',(0.,0.,1.));
#5518=DIRECTION('ref_axis',(1.,0.,0.));
#5519=DIRECTION('',(0.,1.,0.));
#5520=DIRECTION('center_axis',(0.,-1.,0.));
#5521=DIRECTION('ref_axis',(1.,0.,0.));
#5522=DIRECTION('center_axis',(0.,-1.,0.));
#5523=DIRECTION('ref_axis',(1.,0.,-3.29085094851977E-15));
#5524=DIRECTION('center_axis',(0.,-1.,0.));
#5525=DIRECTION('ref_axis',(1.,0.,-3.29085094851977E-15));
#5526=DIRECTION('',(0.,1.,0.));
#5527=DIRECTION('center_axis',(-0.793353340291235,0.,0.608761429008721));
#5528=DIRECTION('ref_axis',(0.608761429008721,0.,0.793353340291235));
#5529=DIRECTION('center_axis',(0.,-1.,0.));
#5530=DIRECTION('ref_axis',(0.,0.,-1.));
#5531=DIRECTION('center_axis',(0.,-1.,0.));
#5532=DIRECTION('ref_axis',(-1.,0.,0.));
#5533=DIRECTION('',(0.,1.,0.));
#5534=CARTESIAN_POINT('',(0.,0.,0.));
#5535=CARTESIAN_POINT('Origin',(0.89541856128022,0.102362204724409,-0.623802677518161));
#5536=CARTESIAN_POINT('',(0.806343758130613,0.102362204724409,-0.59055957638864));
#5537=CARTESIAN_POINT('',(0.822091789626676,0.118110236220472,-0.581467446165181));
#5538=CARTESIAN_POINT('Origin',(0.822091789626676,0.102362204724409,-0.581467446165181));
#5539=CARTESIAN_POINT('',(0.86637329184945,0.102362204724409,-0.625217643840538));
#5540=CARTESIAN_POINT('',(0.887544545532188,0.102362204724409,-0.637440872853349));
#5541=CARTESIAN_POINT('',(0.874247307597481,0.118110236220472,-0.61157944850535));
#5542=CARTESIAN_POINT('Origin',(0.874247307597481,0.102362204724409,-0.61157944850535));
#5543=CARTESIAN_POINT('',(0.89541856128022,0.118110236220472,-0.623802677518161));
#5544=CARTESIAN_POINT('Ctrl Pts',(0.874247307597481,0.118110236220472,-0.61157944850535));
#5545=CARTESIAN_POINT('Ctrl Pts',(0.877489183706985,0.118110236220472,-0.613097998491712));
#5546=CARTESIAN_POINT('Ctrl Pts',(0.885056983801628,0.120977461212837,-0.616661251369473));
#5547=CARTESIAN_POINT('Ctrl Pts',(0.888697354198031,0.129137994181595,-0.618390537622551));
#5548=CARTESIAN_POINT('Ctrl Pts',(0.888697354198031,0.133858267716536,-0.618390537622551));
#5549=CARTESIAN_POINT('Ctrl Pts',(0.872185895095126,0.118110236220472,-0.615149919694787));
#5550=CARTESIAN_POINT('Ctrl Pts',(0.875395955875433,0.118192113169263,-0.616708794252748));
#5551=CARTESIAN_POINT('Ctrl Pts',(0.882771797470988,0.12125654221699,-0.620287862932131));
#5552=CARTESIAN_POINT('Ctrl Pts',(0.8862161080657,0.129260591605897,-0.621956369792936));
#5553=CARTESIAN_POINT('Ctrl Pts',(0.8862161080657,0.133858267716536,-0.621956369792936));
#5554=CARTESIAN_POINT('Ctrl Pts',(0.868080330381529,0.114696159156313,-0.622260966372498));
#5555=CARTESIAN_POINT('Ctrl Pts',(0.871876604484547,0.114845947812608,-0.624349458400099));
#5556=CARTESIAN_POINT('Ctrl Pts',(0.880495670981809,0.118687021008459,-0.629084494983588));
#5557=CARTESIAN_POINT('Ctrl Pts',(0.884409194949671,0.128318479349713,-0.631228240973844));
#5558=CARTESIAN_POINT('Ctrl Pts',(0.884409194949671,0.133858267716536,-0.631228240973844));
#5559=CARTESIAN_POINT('Ctrl Pts',(0.866373291849449,0.106485029729121,-0.625217643840538));
#5560=CARTESIAN_POINT('Ctrl Pts',(0.871706183927482,0.106536502802469,-0.628298509451958));
#5561=CARTESIAN_POINT('Ctrl Pts',(0.884091008500904,0.111643685714598,-0.635450379157825));
#5562=CARTESIAN_POINT('Ctrl Pts',(0.889987690973905,0.12572749486508,-0.638851423531793));
#5563=CARTESIAN_POINT('Ctrl Pts',(0.889987690973905,0.133858267716536,-0.638851423531793));
#5564=CARTESIAN_POINT('Ctrl Pts',(0.866373291849449,0.102362204724409,-0.625217643840538));
#5565=CARTESIAN_POINT('Ctrl Pts',(0.872505099879958,0.102362204724409,-0.628757844857571));
#5566=CARTESIAN_POINT('Ctrl Pts',(0.886838704116614,0.108096654709139,-0.637033355122062));
#5567=CARTESIAN_POINT('Ctrl Pts',(0.893749845420153,0.124417720646654,-0.641023504414067));
#5568=CARTESIAN_POINT('Ctrl Pts',(0.893749845420153,0.133858267716536,-0.641023504414067));
#5569=CARTESIAN_POINT('',(0.880377071721926,0.116458261592411,-0.630179383958263));
#5570=CARTESIAN_POINT('',(0.888697354198031,0.133858267716535,-0.618390537622551));
#5571=CARTESIAN_POINT('Ctrl Pts',(0.880377071721926,0.116458261592411,-0.630179383958263));
#5572=CARTESIAN_POINT('Ctrl Pts',(0.881100322601882,0.118935539991006,-0.629168983573825));
#5573=CARTESIAN_POINT('Ctrl Pts',(0.881983928552676,0.121133710043008,-0.627930281286372));
#5574=CARTESIAN_POINT('Ctrl Pts',(0.884595378080002,0.126844814963818,-0.624251505615161));
#5575=CARTESIAN_POINT('Ctrl Pts',(0.886647569330981,0.130247970034913,-0.621335699805119));
#5576=CARTESIAN_POINT('Ctrl Pts',(0.888656643111848,0.133786497445404,-0.618449040992004));
#5577=CARTESIAN_POINT('Ctrl Pts',(0.888677002373025,0.133822377567769,-0.618419785503842));
#5578=CARTESIAN_POINT('Ctrl Pts',(0.888697354198031,0.133858267716337,-0.618390537622551));
#5579=CARTESIAN_POINT('Ctrl Pts',(0.888697354198031,0.133858267716536,-0.618390537622551));
#5580=CARTESIAN_POINT('Ctrl Pts',(0.888697354198031,0.131762719017864,-0.618390537622551));
#5581=CARTESIAN_POINT('Ctrl Pts',(0.888285919085313,0.129674336056979,-0.618195095048741));
#5582=CARTESIAN_POINT('Ctrl Pts',(0.887536798919115,0.127750592536196,-0.617840144333082));
#5583=CARTESIAN_POINT('Ctrl Pts',(0.886804503479411,0.125870054978947,-0.617493165567691));
#5584=CARTESIAN_POINT('Ctrl Pts',(0.885748978034998,0.124139072126122,-0.616993501376638));
#5585=CARTESIAN_POINT('Ctrl Pts',(0.884427709170675,0.122689807650347,-0.616369582118099));
#5586=CARTESIAN_POINT('Ctrl Pts',(0.884056730124829,0.122282890657963,-0.61619440129195));
#5587=CARTESIAN_POINT('Ctrl Pts',(0.883665075043356,0.121898579543981,-0.61600947387666));
#5588=CARTESIAN_POINT('Ctrl Pts',(0.883254350976381,0.121540110550659,-0.615815610227032));
#5589=CARTESIAN_POINT('Ctrl Pts',(0.882196514123716,0.120616858805355,-0.615316306364758));
#5590=CARTESIAN_POINT('Ctrl Pts',(0.881012091705393,0.119865372757628,-0.614757684093384));
#5591=CARTESIAN_POINT('Ctrl Pts',(0.879758636534679,0.119304767524651,-0.614167684207019));
#5592=CARTESIAN_POINT('Ctrl Pts',(0.878015620331054,0.11852520713211,-0.613347248513668));
#5593=CARTESIAN_POINT('Ctrl Pts',(0.876133647369893,0.118110236220472,-0.61246304218349));
#5594=CARTESIAN_POINT('Ctrl Pts',(0.874247307597481,0.118110236220472,-0.61157944850535));
#5595=CARTESIAN_POINT('',(0.879193733159022,0.10602886175979,-0.632619529081749));
#5596=CARTESIAN_POINT('Ctrl Pts',(0.866373291849449,0.102362204724409,-0.625217643840538));
#5597=CARTESIAN_POINT('Ctrl Pts',(0.870819309390968,0.102362204724409,-0.627784553264955));
#5598=CARTESIAN_POINT('Ctrl Pts',(0.875271196853895,0.103654257424262,-0.630354851690078));
#5599=CARTESIAN_POINT('Ctrl Pts',(0.879205010533903,0.106042755761035,-0.632626040077172));
#5600=CARTESIAN_POINT('Ctrl Pts',(0.879193733159022,0.10602886175979,-0.632619529081749));
#5601=CARTESIAN_POINT('Ctrl Pts',(0.879047039388212,0.107930066349487,-0.632534835393684));
#5602=CARTESIAN_POINT('Ctrl Pts',(0.879068587798424,0.110319435264071,-0.632217469885612));
#5603=CARTESIAN_POINT('Ctrl Pts',(0.879807681095008,0.114332856136777,-0.630997648617514));
#5604=CARTESIAN_POINT('Ctrl Pts',(0.880073905940205,0.115419858337937,-0.630602914507823));
#5605=CARTESIAN_POINT('Ctrl Pts',(0.880377071721926,0.116458261592411,-0.630179383958263));
#5606=CARTESIAN_POINT('Origin',(0.914611474666047,0.,-0.653067971674918));
#5607=CARTESIAN_POINT('',(0.806343758130613,0.,-0.59055957638864));
#5608=CARTESIAN_POINT('',(0.806343758130613,0.,-0.59055957638864));
#5609=CARTESIAN_POINT('',(0.914611474666047,0.,-0.653067971674918));
#5610=CARTESIAN_POINT('',(0.914611474666047,0.,-0.653067971674918));
#5611=CARTESIAN_POINT('',(0.914611474666047,0.0268545658063704,-0.653067971674918));
#5612=CARTESIAN_POINT('',(0.914611474666047,0.,-0.653067971674918));
#5613=CARTESIAN_POINT('Ctrl Pts',(0.879193733159022,0.10602886175979,-0.632619529081749));
#5614=CARTESIAN_POINT('Ctrl Pts',(0.880108757248109,0.0941698169737998,
-0.633147818485898));
#5615=CARTESIAN_POINT('Ctrl Pts',(0.882871108086913,0.0816713504739629,
-0.634742662486278));
#5616=CARTESIAN_POINT('Ctrl Pts',(0.891437677692313,0.0578608993407147,
-0.639688573753987));
#5617=CARTESIAN_POINT('Ctrl Pts',(0.899884153350097,0.0433186947189472,
-0.644565148748713));
#5618=CARTESIAN_POINT('Ctrl Pts',(0.910633549109743,0.0309427946792315,
-0.65077131528417));
#5619=CARTESIAN_POINT('Ctrl Pts',(0.91256720038186,0.0288722952262632,-0.651887709366646));
#5620=CARTESIAN_POINT('Ctrl Pts',(0.914611474666047,0.0268545658063704,
-0.653067971674918));
#5621=CARTESIAN_POINT('Origin',(0.822091789626676,0.102362204724409,-0.559305378745501));
#5622=CARTESIAN_POINT('',(0.822091789626676,0.118110236220472,-0.474634916039542));
#5623=CARTESIAN_POINT('',(0.822091789626676,0.118110236220472,-0.559305378745501));
#5624=CARTESIAN_POINT('',(0.806343758130613,0.102362204724409,-0.465542785816083));
#5625=CARTESIAN_POINT('Origin',(0.822091789626676,0.102362204724409,-0.474634916039542));
#5626=CARTESIAN_POINT('',(0.806343758130613,0.102362204724409,-0.559305378745501));
#5627=CARTESIAN_POINT('Origin',(0.914611474666047,0.118110236220472,-0.528051181102361));
#5628=CARTESIAN_POINT('',(0.882324674832261,0.118110236220472,-0.599867439404489));
#5629=CARTESIAN_POINT('Origin',(0.,0.118110236220472,0.));
#5630=CARTESIAN_POINT('',(0.960662778843541,0.118110236220472,-0.464181863088336));
#5631=CARTESIAN_POINT('Origin',(0.914611474666047,0.118110236220472,-0.528051181102361));
#5632=CARTESIAN_POINT('',(0.966766992636851,0.118110236220472,-0.45133065331689));
#5633=CARTESIAN_POINT('Origin',(0.,0.118110236220472,0.));
#5634=CARTESIAN_POINT('',(0.914611474666046,0.118110236220472,-0.421218650976722));
#5635=CARTESIAN_POINT('',(0.933804388051873,0.118110236220472,-0.432299684686562));
#5636=CARTESIAN_POINT('',(0.841284703012503,0.118110236220472,-0.463553882329701));
#5637=CARTESIAN_POINT('Origin',(0.933804388051873,0.102362204724409,-0.432299684686562));
#5638=CARTESIAN_POINT('',(0.914611474666046,0.102362204724409,-0.403034390529805));
#5639=CARTESIAN_POINT('Origin',(0.914611474666046,0.102362204724409,-0.421218650976722));
#5640=CARTESIAN_POINT('',(0.974641008384883,0.102362204724409,-0.437692457981703));
#5641=CARTESIAN_POINT('Origin',(0.966766992636851,0.102362204724409,-0.45133065331689));
#5642=CARTESIAN_POINT('',(0.941678403799905,0.102362204724409,-0.418661489351374));
#5643=CARTESIAN_POINT('Ctrl Pts',(0.979890592140062,0.133858267716535,-0.460439216200235));
#5644=CARTESIAN_POINT('Ctrl Pts',(0.979890592140062,0.13031806276713,-0.460439216200235));
#5645=CARTESIAN_POINT('Ctrl Pts',(0.977472095914259,0.12205017588561,-0.458771670619962));
#5646=CARTESIAN_POINT('Ctrl Pts',(0.970681713766509,0.118110236220472,-0.454061682680775));
#5647=CARTESIAN_POINT('Ctrl Pts',(0.966766992636851,0.118110236220472,-0.45133065331689));
#5648=CARTESIAN_POINT('Ctrl Pts',(0.981738070319082,0.133858267716535,-0.456507477931402));
#5649=CARTESIAN_POINT('Ctrl Pts',(0.981738070319082,0.130410010830115,-0.456507477931402));
#5650=CARTESIAN_POINT('Ctrl Pts',(0.979437392514433,0.122337929341984,-0.454945840275698));
#5651=CARTESIAN_POINT('Ctrl Pts',(0.972768478853308,0.118219405482826,-0.450427591267426));
#5652=CARTESIAN_POINT('Ctrl Pts',(0.968828405139207,0.118110236220472,-0.447760182127453));
#5653=CARTESIAN_POINT('Ctrl Pts',(0.988864199210227,0.133858267716536,-0.45030642106523));
#5654=CARTESIAN_POINT('Ctrl Pts',(0.988864199210227,0.129703426678254,-0.45030642106523));
#5655=CARTESIAN_POINT('Ctrl Pts',(0.986089574658774,0.119991440680919,-0.448619752112194));
#5656=CARTESIAN_POINT('Ctrl Pts',(0.97787648979211,0.114896052941489,-0.443640215049719));
#5657=CARTESIAN_POINT('Ctrl Pts',(0.972934057643664,0.114696334738035,-0.44064898339151));
#5658=CARTESIAN_POINT('Ctrl Pts',(0.998255407509338,0.133858267716535,-0.451326237672958));
#5659=CARTESIAN_POINT('Ctrl Pts',(0.998255407509338,0.127760188425549,-0.451326237672958));
#5660=CARTESIAN_POINT('Ctrl Pts',(0.993962310673696,0.113510949605382,-0.448846255264032));
#5661=CARTESIAN_POINT('Ctrl Pts',(0.981753746774505,0.106553660491888,-0.441796440826211));
#5662=CARTESIAN_POINT('Ctrl Pts',(0.974641008384882,0.106485029729121,-0.437692457981702));
#5663=CARTESIAN_POINT('Ctrl Pts',(1.00201756195559,0.133858267716535,-0.453498318555232));
#5664=CARTESIAN_POINT('Ctrl Pts',(1.00201756195559,0.126777857817724,-0.453498318555232));
#5665=CARTESIAN_POINT('Ctrl Pts',(0.996979905588206,0.110242084054685,-0.450589826295441));
#5666=CARTESIAN_POINT('Ctrl Pts',(0.982816752223355,0.102362204724409,-0.44241272588767));
#5667=CARTESIAN_POINT('Ctrl Pts',(0.974641008384882,0.10236220472441,-0.437692457981702));
#5668=CARTESIAN_POINT('',(0.987461449694455,0.10602886175979,-0.445094343222914));
#5669=CARTESIAN_POINT('',(0.98593250396778,0.116465915556105,-0.447341205418403));
#5670=CARTESIAN_POINT('Ctrl Pts',(0.985919940032322,0.116478930476198,-0.447344585866615));
#5671=CARTESIAN_POINT('Ctrl Pts',(0.986220961840507,0.115003145114529,-0.44667070271499));
#5672=CARTESIAN_POINT('Ctrl Pts',(0.98651374570636,0.113427008092094,-0.446090010999546));
#5673=CARTESIAN_POINT('Ctrl Pts',(0.986768721179029,0.111774152238275,-0.44568243893745));
#5674=CARTESIAN_POINT('Ctrl Pts',(0.986799445502458,0.111574984540683,-0.445633326857275));
#5675=CARTESIAN_POINT('Ctrl Pts',(0.986829641800825,0.111374759073394,-0.445586746559983));
#5676=CARTESIAN_POINT('Ctrl Pts',(0.986859277560238,0.111173563080012,-0.445542853573938));
#5677=CARTESIAN_POINT('Ctrl Pts',(0.987104965658226,0.109505596342698,-0.445178969385716));
#5678=CARTESIAN_POINT('Ctrl Pts',(0.987307116065546,0.107803632958136,-0.445004556835985));
#5679=CARTESIAN_POINT('Ctrl Pts',(0.987439931879155,0.10608737426367,-0.445081919906458));
#5680=CARTESIAN_POINT('Ctrl Pts',(0.987439931879155,0.10608737426367,-0.445081919906458));
#5681=CARTESIAN_POINT('Ctrl Pts',(0.983508642138258,0.103693790974854,-0.442812188716288));
#5682=CARTESIAN_POINT('Ctrl Pts',(0.97908702588373,0.102362204724409,-0.440259367381484));
#5683=CARTESIAN_POINT('Ctrl Pts',(0.974641008384882,0.10236220472441,-0.437692457981702));
#5684=CARTESIAN_POINT('',(0.979890592140062,0.133858267716535,-0.460439216200235));
#5685=CARTESIAN_POINT('Ctrl Pts',(0.966766992636851,0.118110236220472,-0.45133065331689));
#5686=CARTESIAN_POINT('Ctrl Pts',(0.970681713766509,0.118110236220472,-0.454061682680775));
#5687=CARTESIAN_POINT('Ctrl Pts',(0.974561932136652,0.120361630314837,-0.45675310436031));
#5688=CARTESIAN_POINT('Ctrl Pts',(0.977014595920037,0.12402623166353,-0.45845107547367));
#5689=CARTESIAN_POINT('Ctrl Pts',(0.978854093757575,0.12677468267505,-0.459724553808689));
#5690=CARTESIAN_POINT('Ctrl Pts',(0.979890592140062,0.13031806276713,-0.460439216200235));
#5691=CARTESIAN_POINT('Ctrl Pts',(0.979890592140062,0.133858267716535,-0.460439216200235));
#5692=CARTESIAN_POINT('Ctrl Pts',(0.979890592140062,0.133858267716501,-0.460439216200235));
#5693=CARTESIAN_POINT('Ctrl Pts',(0.9799057456773,0.133822377469558,-0.460406966973725));
#5694=CARTESIAN_POINT('Ctrl Pts',(0.979920901959473,0.133786497543927,-0.460374707769322));
#5695=CARTESIAN_POINT('Ctrl Pts',(0.981416285159885,0.130247969598059,-0.457191468948028));
#5696=CARTESIAN_POINT('Ctrl Pts',(0.9829153513189,0.12684481476612,-0.453956316537197));
#5697=CARTESIAN_POINT('Ctrl Pts',(0.984795539521854,0.121133710510153,-0.44985534754889));
#5698=CARTESIAN_POINT('Ctrl Pts',(0.985426484035822,0.118935541081751,-0.448470771556892));
#5699=CARTESIAN_POINT('Ctrl Pts',(0.985939890926993,0.116458263440714,-0.447339217885664));
#5700=CARTESIAN_POINT('Origin',(0.,0.133858267716535,0.));
#5701=CARTESIAN_POINT('',(0.974842303254516,0.133858267716535,-0.471033255901448));
#5702=CARTESIAN_POINT('Origin',(0.960662778843541,0.133858267716535,-0.464181863088335));
#5703=CARTESIAN_POINT('Origin',(0.,0.133858267716535,0.));
#5704=CARTESIAN_POINT('Origin',(0.882324674832261,0.133858267716535,-0.599867439404489));
#5705=CARTESIAN_POINT('',(0.895347917265209,0.133858267716535,-0.608721571351418));
#5706=CARTESIAN_POINT('Origin',(0.882324674832261,0.133858267716535,-0.599867439404489));
#5707=CARTESIAN_POINT('',(0.888782034799018,0.133858267716535,-0.585504187744063));
#5708=CARTESIAN_POINT('Origin',(0.882324674832261,0.133858267716535,-0.599867439404489));
#5709=CARTESIAN_POINT('Origin',(0.882324674832261,0.133858267716535,-0.599867439404489));
#5710=CARTESIAN_POINT('Origin',(0.882324674832261,0.295275590551181,-0.599867439404489));
#5711=CARTESIAN_POINT('',(0.888782034799018,0.196850393700787,-0.585504187744063));
#5712=CARTESIAN_POINT('',(0.888782034799018,0.295275590551181,-0.585504187744063));
#5713=CARTESIAN_POINT('',(0.89534791726521,0.21259842519685,-0.608721571351418));
#5714=CARTESIAN_POINT('',(0.895347917265209,0.295275590551181,-0.608721571351418));
#5715=CARTESIAN_POINT('',(0.89108245316331,0.196850393700787,-0.5867792074878));
#5716=CARTESIAN_POINT('Ctrl Pts',(0.89534791726521,0.21259842519685,-0.608721571351418));
#5717=CARTESIAN_POINT('Ctrl Pts',(0.895368937742977,0.212561310906045,-0.608690653043484));
#5718=CARTESIAN_POINT('Ctrl Pts',(0.895389848179436,0.212524196504356,-0.608659659786506));
#5719=CARTESIAN_POINT('Ctrl Pts',(0.896326039687683,0.21085373204093,-0.607261330428471));
#5720=CARTESIAN_POINT('Ctrl Pts',(0.897033021387381,0.209211679761756,-0.605741831369186));
#5721=CARTESIAN_POINT('Ctrl Pts',(0.897922090268229,0.206108254448513,-0.602570282842612));
#5722=CARTESIAN_POINT('Ctrl Pts',(0.898132284781737,0.204623335046844,-0.600908516913419));
#5723=CARTESIAN_POINT('Ctrl Pts',(0.897981260669622,0.20182142186589,-0.597408630380268));
#5724=CARTESIAN_POINT('Ctrl Pts',(0.89759807993073,0.200493010427485,-0.595542162271865));
#5725=CARTESIAN_POINT('Ctrl Pts',(0.896232342387416,0.198594277392872,-0.592330214988233));
#5726=CARTESIAN_POINT('Ctrl Pts',(0.895426104768097,0.197921426366966,-0.590977631693971));
#5727=CARTESIAN_POINT('Ctrl Pts',(0.893456230078366,0.197074536616968,-0.588637366924498));
#5728=CARTESIAN_POINT('Ctrl Pts',(0.892379114345112,0.196859125512421,-0.587657354838944));
#5729=CARTESIAN_POINT('Ctrl Pts',(0.891132496930758,0.196850480158585,-0.586812797497444));
#5730=CARTESIAN_POINT('Ctrl Pts',(0.891107493284196,0.196850393700787,-0.586795962678984));
#5731=CARTESIAN_POINT('Ctrl Pts',(0.891082453163311,0.196850393700787,-0.586779207487794));
#5732=CARTESIAN_POINT('Origin',(0.882324674832261,0.196850393700787,-0.599867439404489));
#5733=CARTESIAN_POINT('Origin',(0.960662778843541,0.133858267716535,-0.464181863088336));
#5734=CARTESIAN_POINT('',(0.951452518008042,0.133858267716535,-0.476955726691141));
#5735=CARTESIAN_POINT('Origin',(0.960662778843541,0.133858267716535,-0.464181863088336));
#5736=CARTESIAN_POINT('Origin',(0.960662778843541,0.133858267716535,-0.464181863088336));
#5737=CARTESIAN_POINT('Origin',(0.960662778843541,0.295275590551181,-0.464181863088336));
#5738=CARTESIAN_POINT('',(0.974842303254516,0.21259842519685,-0.471033255901448));
#5739=CARTESIAN_POINT('',(0.974842303254516,0.295275590551181,-0.471033255901448));
#5740=CARTESIAN_POINT('',(0.951452518008042,0.196850393700787,-0.476955726691141));
#5741=CARTESIAN_POINT('',(0.951452518008042,0.295275590551181,-0.476955726691141));
#5742=CARTESIAN_POINT('',(0.953706926678591,0.196850393700787,-0.478310437562082));
#5743=CARTESIAN_POINT('Origin',(0.960662778843541,0.196850393700787,-0.464181863088336));
#5744=CARTESIAN_POINT('Ctrl Pts',(0.953706926678588,0.196850393700787,-0.478310437562087));
#5745=CARTESIAN_POINT('Ctrl Pts',(0.955029782163547,0.196850393700787,-0.478961712551369));
#5746=CARTESIAN_POINT('Ctrl Pts',(0.956414259148159,0.197057251317182,-0.479412705334156));
#5747=CARTESIAN_POINT('Ctrl Pts',(0.959418354136846,0.197886055024522,-0.479965083967183));
#5748=CARTESIAN_POINT('Ctrl Pts',(0.960988090756698,0.19854800211559,-0.479996930852962));
#5749=CARTESIAN_POINT('Ctrl Pts',(0.96444250059676,0.200420627286958,-0.479598141340781));
#5750=CARTESIAN_POINT('Ctrl Pts',(0.966246474139689,0.201732725931812,-0.479013163855202));
#5751=CARTESIAN_POINT('Ctrl Pts',(0.969380260136115,0.204530125936846,-0.477412620395009));
#5752=CARTESIAN_POINT('Ctrl Pts',(0.970737955356569,0.206030377421178,-0.476394124172889));
#5753=CARTESIAN_POINT('Ctrl Pts',(0.973079541895011,0.209169430065512,-0.474017760762544));
#5754=CARTESIAN_POINT('Ctrl Pts',(0.974057442655686,0.210832783973786,-0.472629390155296));
#5755=CARTESIAN_POINT('Ctrl Pts',(0.974809651723626,0.212524196504332,-0.471100524920829));
#5756=CARTESIAN_POINT('Ctrl Pts',(0.974826037453285,0.212561310906041,-0.471066919323166));
#5757=CARTESIAN_POINT('Ctrl Pts',(0.974842303254516,0.21259842519685,-0.471033255901448));
#5758=CARTESIAN_POINT('Origin',(0.914611474666047,0.133858267716535,-0.528051181102361));
#5759=CARTESIAN_POINT('Origin',(0.914611474666047,0.133858267716535,-0.528051181102361));
#5760=CARTESIAN_POINT('Origin',(0.,0.21259842519685,0.));
#5761=CARTESIAN_POINT('Origin',(0.,0.21259842519685,0.));
#5762=CARTESIAN_POINT('Origin',(0.,0.196850393700787,0.));
#5763=CARTESIAN_POINT('Origin',(0.,0.133858267716535,0.));
#5764=CARTESIAN_POINT('Origin',(0.,0.133858267716535,0.));
#5765=CARTESIAN_POINT('Origin',(0.914611474666047,0.196850393700787,-0.528051181102361));
#5766=CARTESIAN_POINT('Origin',(0.914611474666047,0.196850393700787,-0.528051181102361));
#5767=CARTESIAN_POINT('Origin',(0.,0.295275590551181,0.));
#5768=CARTESIAN_POINT('',(-1.08267716535433,0.559301181102362,1.32589712506111E-16));
#5769=CARTESIAN_POINT('',(-1.32589712506111E-16,0.559301181102362,-1.08267716535433));
#5770=CARTESIAN_POINT('Origin',(0.,0.559301181102362,0.));
#5771=CARTESIAN_POINT('',(-1.08267716535433,0.116458261592411,1.32589712506111E-16));
#5772=CARTESIAN_POINT('',(-1.08267716535433,0.295275590551181,1.32589712506111E-16));
#5773=CARTESIAN_POINT('',(-0.985937121557353,0.11646000624018,0.44734439487703));
#5774=CARTESIAN_POINT('Origin',(0.,0.116458263446843,0.));
#5775=CARTESIAN_POINT('',(-0.979890592140062,0.133858267716535,0.460439216200235));
#5776=CARTESIAN_POINT('Ctrl Pts',(-0.979890592140062,0.133858267716501,
0.460439216200235));
#5777=CARTESIAN_POINT('Ctrl Pts',(-0.979905745675276,0.133822377474352,
0.460406966978034));
#5778=CARTESIAN_POINT('Ctrl Pts',(-0.979920901961498,0.133786497539142,
0.460374707765011));
#5779=CARTESIAN_POINT('Ctrl Pts',(-0.981416285123848,0.130247969683164,
0.457191469024741));
#5780=CARTESIAN_POINT('Ctrl Pts',(-0.9829153513064,0.12684481480409,0.453956316564463));
#5781=CARTESIAN_POINT('Ctrl Pts',(-0.984795539521854,0.121133710510154,
0.449855347548892));
#5782=CARTESIAN_POINT('Ctrl Pts',(-0.985426484035821,0.118935541081752,
0.448470771556892));
#5783=CARTESIAN_POINT('Ctrl Pts',(-0.985939890926993,0.116458263440714,
0.447339217885665));
#5784=CARTESIAN_POINT('',(-0.974842303254515,0.133858267716535,0.471033255901449));
#5785=CARTESIAN_POINT('Origin',(0.,0.133858267716535,0.));
#5786=CARTESIAN_POINT('',(-0.974842303254515,0.21259842519685,0.471033255901449));
#5787=CARTESIAN_POINT('',(-0.974842303254515,0.295275590551181,0.471033255901449));
#5788=CARTESIAN_POINT('',(-0.895347917265209,0.21259842519685,0.608721571351419));
#5789=CARTESIAN_POINT('Origin',(0.,0.21259842519685,0.));
#5790=CARTESIAN_POINT('',(-0.895347917265209,0.133858267716535,0.608721571351419));
#5791=CARTESIAN_POINT('',(-0.895347917265209,0.295275590551181,0.608721571351419));
#5792=CARTESIAN_POINT('',(-0.888697354198031,0.133858267716535,0.618390537622552));
#5793=CARTESIAN_POINT('Origin',(0.,0.133858267716535,0.));
#5794=CARTESIAN_POINT('',(-0.880377071721925,0.116458261592411,0.630179383958263));
#5795=CARTESIAN_POINT('Ctrl Pts',(-0.880377071721925,0.116458261592411,
0.630179383958263));
#5796=CARTESIAN_POINT('Ctrl Pts',(-0.881100322601882,0.118935539991006,
0.629168983573825));
#5797=CARTESIAN_POINT('Ctrl Pts',(-0.881983928552675,0.121133710043008,
0.627930281286372));
#5798=CARTESIAN_POINT('Ctrl Pts',(-0.884595377921651,0.126844814617514,
0.624251505838231));
#5799=CARTESIAN_POINT('Ctrl Pts',(-0.886647568889402,0.130247969258722,
0.621335700439584));
#5800=CARTESIAN_POINT('Ctrl Pts',(-0.888656643136892,0.133786497489448,
0.618449040956021));
#5801=CARTESIAN_POINT('Ctrl Pts',(-0.888677002348024,0.13382237752368,0.618419785539772));
#5802=CARTESIAN_POINT('Ctrl Pts',(-0.888697354198031,0.133858267716337,
0.618390537622552));
#5803=CARTESIAN_POINT('',(-0.105557514672087,0.11646596449189,1.07751314297418));
#5804=CARTESIAN_POINT('Origin',(0.,0.116458263446843,0.));
#5805=CARTESIAN_POINT('',(-0.0911932379420317,0.133858267716535,1.07882975382279));
#5806=CARTESIAN_POINT('Ctrl Pts',(-0.0911932379420317,0.133858267716531,
1.07882975382279));
#5807=CARTESIAN_POINT('Ctrl Pts',(-0.0912287433748031,0.133822377454685,
1.07882675255649));
#5808=CARTESIAN_POINT('Ctrl Pts',(-0.0912642587731943,0.133786497562576,
1.07882374868249));
#5809=CARTESIAN_POINT('Ctrl Pts',(-0.0947687161657123,0.130247969508886,
1.07852716910277));
#5810=CARTESIAN_POINT('Ctrl Pts',(-0.0983199734311951,0.126844814663693,
1.07820782227125));
#5811=CARTESIAN_POINT('Ctrl Pts',(-0.102811610823909,0.121133710409774,
1.07778562852738));
#5812=CARTESIAN_POINT('Ctrl Pts',(-0.104326161022187,0.118935541026959,
1.07763975451277));
#5813=CARTESIAN_POINT('Ctrl Pts',(-0.105562818665449,0.116458263440714,
1.07751860109007));
#5814=CARTESIAN_POINT('',(-0.0794943859893066,0.133858267716535,1.07975482725287));
#5815=CARTESIAN_POINT('Origin',(0.,0.133858267716535,0.));
#5816=CARTESIAN_POINT('',(-0.0794943859893065,0.21259842519685,1.07975482725287));
#5817=CARTESIAN_POINT('',(-0.0794943859893065,0.295275590551181,1.07975482725287));
#5818=CARTESIAN_POINT('',(0.0794943859893063,0.21259842519685,1.07975482725287));
#5819=CARTESIAN_POINT('Origin',(0.,0.21259842519685,0.));
#5820=CARTESIAN_POINT('',(0.0794943859893062,0.133858267716535,1.07975482725287));
#5821=CARTESIAN_POINT('',(0.0794943859893062,0.295275590551181,1.07975482725287));
#5822=CARTESIAN_POINT('',(0.0911932379420314,0.133858267716535,1.07882975382279));
#5823=CARTESIAN_POINT('Origin',(0.,0.133858267716535,0.));
#5824=CARTESIAN_POINT('',(0.105562819588121,0.116458261592411,1.07751860099967));
#5825=CARTESIAN_POINT('Ctrl Pts',(0.105562819588121,0.116458261592412,1.07751860099967));
#5826=CARTESIAN_POINT('Ctrl Pts',(0.1043261617758,0.118935539933766,1.07763975444001));
#5827=CARTESIAN_POINT('Ctrl Pts',(0.102811611194832,0.121133709938147,1.07778562849251));
#5828=CARTESIAN_POINT('Ctrl Pts',(0.0983199734401508,0.126844814652306,
1.0782078222704));
#5829=CARTESIAN_POINT('Ctrl Pts',(0.0947687161910446,0.130247969483357,
1.07852716910062));
#5830=CARTESIAN_POINT('Ctrl Pts',(0.0912642588569426,0.133786497478011,
1.0788237486754));
#5831=CARTESIAN_POINT('Ctrl Pts',(0.0912287432910787,0.133822377539124,
1.07882675256357));
#5832=CARTESIAN_POINT('Ctrl Pts',(0.0911932379420314,0.133858267716339,
1.07882975382279));
#5833=CARTESIAN_POINT('',(0.880375125997666,0.116465903555279,0.630171972682561));
#5834=CARTESIAN_POINT('Origin',(0.,0.116458263446843,0.));
#5835=CARTESIAN_POINT('',(0.88869735419803,0.133858267716535,0.618390537622552));
#5836=CARTESIAN_POINT('Ctrl Pts',(0.88869735419803,0.133858267716412,0.618390537622552));
#5837=CARTESIAN_POINT('Ctrl Pts',(0.888677002339567,0.133822377508843,0.618419785551925));
#5838=CARTESIAN_POINT('Ctrl Pts',(0.888656643145347,0.133786497504369,0.618449040943873));
#5839=CARTESIAN_POINT('Ctrl Pts',(0.886647569077205,0.130247969588833,0.621335700169747));
#5840=CARTESIAN_POINT('Ctrl Pts',(0.884595377988999,0.126844814764802,0.624251505743357));
#5841=CARTESIAN_POINT('Ctrl Pts',(0.881983928768334,0.121133710514643,0.627930280982571));
#5842=CARTESIAN_POINT('Ctrl Pts',(0.881100323041703,0.118935541084205,0.629168982957555));
#5843=CARTESIAN_POINT('Ctrl Pts',(0.880377072261544,0.116458263440714,0.630179383204402));
#5844=CARTESIAN_POINT('',(0.895347917265209,0.133858267716535,0.60872157135142));
#5845=CARTESIAN_POINT('Origin',(0.,0.133858267716535,0.));
#5846=CARTESIAN_POINT('',(0.895347917265209,0.21259842519685,0.60872157135142));
#5847=CARTESIAN_POINT('',(0.895347917265209,0.295275590551181,0.60872157135142));
#5848=CARTESIAN_POINT('',(0.974842303254515,0.21259842519685,0.47103325590145));
#5849=CARTESIAN_POINT('Origin',(0.,0.21259842519685,0.));
#5850=CARTESIAN_POINT('',(0.974842303254515,0.133858267716535,0.47103325590145));
#5851=CARTESIAN_POINT('',(0.974842303254515,0.295275590551181,0.47103325590145));
#5852=CARTESIAN_POINT('',(0.979890592140062,0.133858267716535,0.460439216200236));
#5853=CARTESIAN_POINT('Origin',(0.,0.133858267716535,0.));
#5854=CARTESIAN_POINT('',(0.985939891310046,0.116458261592411,0.447339217041411));
#5855=CARTESIAN_POINT('Ctrl Pts',(0.985939891310046,0.116458261592411,0.447339217041411));
#5856=CARTESIAN_POINT('Ctrl Pts',(0.985426484349611,0.118935539988576,0.448470770867872));
#5857=CARTESIAN_POINT('Ctrl Pts',(0.984795539677114,0.121133710038545,0.449855347210244));
#5858=CARTESIAN_POINT('Ctrl Pts',(0.982915351332269,0.126844814725511,0.453956316508038));
#5859=CARTESIAN_POINT('Ctrl Pts',(0.981416285198429,0.13024796950703,0.457191468865978));
#5860=CARTESIAN_POINT('Ctrl Pts',(0.97992090198839,0.133786497475492,0.460374707707766));
#5861=CARTESIAN_POINT('Ctrl Pts',(0.979905745648378,0.133822377537892,0.460406967035276));
#5862=CARTESIAN_POINT('Ctrl Pts',(0.979890592140062,0.133858267716337,0.460439216200236));
#5863=CARTESIAN_POINT('Origin',(0.,0.116458263446843,0.));
#5864=CARTESIAN_POINT('',(0.105557514672087,0.11646596449189,-1.07751314297418));
#5865=CARTESIAN_POINT('Origin',(0.,0.116458263446843,0.));
#5866=CARTESIAN_POINT('',(0.0911932379420314,0.133858267716535,-1.07882975382279));
#5867=CARTESIAN_POINT('Ctrl Pts',(0.0911932379420314,0.133858267716531,
-1.07882975382279));
#5868=CARTESIAN_POINT('Ctrl Pts',(0.091228743353453,0.133822377476266,-1.0788267525583));
#5869=CARTESIAN_POINT('Ctrl Pts',(0.0912642587945627,0.133786497541031,
-1.07882374868068));
#5870=CARTESIAN_POINT('Ctrl Pts',(0.0947687157898731,0.13024796988762,-1.07852716913457));
#5871=CARTESIAN_POINT('Ctrl Pts',(0.0983199732982952,0.126844814832675,
-1.07820782228374));
#5872=CARTESIAN_POINT('Ctrl Pts',(0.102811610823916,0.121133710409765,-1.07778562852737));
#5873=CARTESIAN_POINT('Ctrl Pts',(0.104326161022191,0.11893554102695,-1.07763975451277));
#5874=CARTESIAN_POINT('Ctrl Pts',(0.105562818665448,0.116458263440714,-1.07751860109007));
#5875=CARTESIAN_POINT('',(0.0794943859893064,0.133858267716535,-1.07975482725287));
#5876=CARTESIAN_POINT('Origin',(0.,0.133858267716535,0.));
#5877=CARTESIAN_POINT('',(0.0794943859893064,0.21259842519685,-1.07975482725287));
#5878=CARTESIAN_POINT('',(0.0794943859893064,0.295275590551181,-1.07975482725287));
#5879=CARTESIAN_POINT('',(-0.0794943859893065,0.21259842519685,-1.07975482725287));
#5880=CARTESIAN_POINT('Origin',(0.,0.21259842519685,0.));
#5881=CARTESIAN_POINT('',(-0.0794943859893063,0.133858267716535,-1.07975482725287));
#5882=CARTESIAN_POINT('',(-0.0794943859893063,0.295275590551181,-1.07975482725287));
#5883=CARTESIAN_POINT('',(-0.0911932379420314,0.133858267716535,-1.07882975382279));
#5884=CARTESIAN_POINT('Origin',(0.,0.133858267716535,0.));
#5885=CARTESIAN_POINT('',(-0.105562819588121,0.116458261592412,-1.07751860099967));
#5886=CARTESIAN_POINT('Ctrl Pts',(-0.105562819588121,0.116458261592412,
-1.07751860099967));
#5887=CARTESIAN_POINT('Ctrl Pts',(-0.104326161775806,0.118935539933753,
-1.07763975444001));
#5888=CARTESIAN_POINT('Ctrl Pts',(-0.102811611194843,0.121133709938132,
-1.07778562849251));
#5889=CARTESIAN_POINT('Ctrl Pts',(-0.0983199732880141,0.126844814845747,
-1.0782078222847));
#5890=CARTESIAN_POINT('Ctrl Pts',(-0.0947687157607903,0.130247969916929,
-1.07852716913704));
#5891=CARTESIAN_POINT('Ctrl Pts',(-0.0912642588813539,0.133786497453399,
-1.07882374867333));
#5892=CARTESIAN_POINT('Ctrl Pts',(-0.0912287432667349,0.133822377563732,
-1.07882675256563));
#5893=CARTESIAN_POINT('Ctrl Pts',(-0.0911932379420314,0.133858267716339,
-1.07882975382279));
#5894=CARTESIAN_POINT('',(-0.880375125997666,0.116465903555279,-0.630171972682561));
#5895=CARTESIAN_POINT('Origin',(0.,0.116458263446843,0.));
#5896=CARTESIAN_POINT('',(-0.88869735419803,0.133858267716535,-0.618390537622552));
#5897=CARTESIAN_POINT('Ctrl Pts',(-0.88869735419803,0.133858267716412,-0.618390537622552));
#5898=CARTESIAN_POINT('Ctrl Pts',(-0.8886770023358,0.1338223775022,-0.618419785557339));
#5899=CARTESIAN_POINT('Ctrl Pts',(-0.888656643149125,0.133786497511014,
-0.618449040938444));
#5900=CARTESIAN_POINT('Ctrl Pts',(-0.886647569011522,0.13024796947338,-0.621335700264121));
#5901=CARTESIAN_POINT('Ctrl Pts',(-0.884595377965443,0.126844814713285,
-0.624251505776541));
#5902=CARTESIAN_POINT('Ctrl Pts',(-0.88198392876834,0.121133710514656,-0.627930280982563));
#5903=CARTESIAN_POINT('Ctrl Pts',(-0.881100323041707,0.118935541084217,
-0.62916898295755));
#5904=CARTESIAN_POINT('Ctrl Pts',(-0.880377072261544,0.116458263440714,
-0.630179383204402));
#5905=CARTESIAN_POINT('',(-0.895347917265209,0.133858267716535,-0.608721571351419));
#5906=CARTESIAN_POINT('Origin',(0.,0.133858267716535,0.));
#5907=CARTESIAN_POINT('',(-0.895347917265209,0.21259842519685,-0.608721571351419));
#5908=CARTESIAN_POINT('',(-0.895347917265209,0.295275590551181,-0.608721571351419));
#5909=CARTESIAN_POINT('',(-0.974842303254516,0.21259842519685,-0.471033255901449));
#5910=CARTESIAN_POINT('Origin',(0.,0.21259842519685,0.));
#5911=CARTESIAN_POINT('',(-0.974842303254515,0.133858267716535,-0.471033255901449));
#5912=CARTESIAN_POINT('',(-0.974842303254515,0.295275590551181,-0.471033255901449));
#5913=CARTESIAN_POINT('',(-0.979890592140062,0.133858267716535,-0.460439216200236));
#5914=CARTESIAN_POINT('Origin',(0.,0.133858267716535,0.));
#5915=CARTESIAN_POINT('',(-0.985939891310047,0.116458261592411,-0.44733921704141));
#5916=CARTESIAN_POINT('Ctrl Pts',(-0.985939891310047,0.116458261592411,
-0.44733921704141));
#5917=CARTESIAN_POINT('Ctrl Pts',(-0.985426484349614,0.118935539988562,
-0.448470770867865));
#5918=CARTESIAN_POINT('Ctrl Pts',(-0.98479553967712,0.121133710038529,-0.449855347210232));
#5919=CARTESIAN_POINT('Ctrl Pts',(-0.982915351227908,0.126844815042511,
-0.453956316735666));
#5920=CARTESIAN_POINT('Ctrl Pts',(-0.981416284897566,0.130247970217546,
-0.457191469506428));
#5921=CARTESIAN_POINT('Ctrl Pts',(-0.979920902005483,0.133786497435104,
-0.460374707671379));
#5922=CARTESIAN_POINT('Ctrl Pts',(-0.97990574563132,0.133822377578293,-0.460406967071578));
#5923=CARTESIAN_POINT('Ctrl Pts',(-0.979890592140062,0.133858267716337,
-0.460439216200236));
#5924=CARTESIAN_POINT('Origin',(0.,0.116458263446843,0.));
#5925=CARTESIAN_POINT('Origin',(0.,0.559301181102362,0.));
#5926=CARTESIAN_POINT('Origin',(0.841284703012503,0.102362204724409,-0.463553882329701));
#5927=CARTESIAN_POINT('',(0.833410687264471,0.102362204724409,-0.449915686994513));
#5928=CARTESIAN_POINT('Origin',(0.806343758130613,0.,-0.59055957638864));
#5929=CARTESIAN_POINT('',(0.806343758130613,0.,-0.465542785816083));
#5930=CARTESIAN_POINT('',(0.806343758130613,0.,-0.465542785816083));
#5931=CARTESIAN_POINT('',(0.806343758130613,0.,-0.59055957638864));
#5932=CARTESIAN_POINT('Origin',(0.806343758130613,0.,-0.465542785816083));
#5933=CARTESIAN_POINT('',(0.914611474666046,0.,-0.403034390529805));
#5934=CARTESIAN_POINT('',(0.914611474666046,0.,-0.403034390529805));
#5935=CARTESIAN_POINT('',(0.806343758130613,0.,-0.465542785816083));
#5936=CARTESIAN_POINT('Origin',(0.987938246319589,0.102362204724409,0.463553882329703));
#5937=CARTESIAN_POINT('',(0.914611474666046,0.102362204724409,0.403034390529806));
#5938=CARTESIAN_POINT('',(0.914611474666046,0.118110236220472,0.421218650976723));
#5939=CARTESIAN_POINT('Origin',(0.914611474666046,0.102362204724409,0.421218650976723));
#5940=CARTESIAN_POINT('',(0.974641008384882,0.102362204724409,0.437692457981704));
#5941=CARTESIAN_POINT('',(0.995812262067621,0.102362204724409,0.449915686994515));
#5942=CARTESIAN_POINT('',(0.966766992636851,0.118110236220472,0.451330653316892));
#5943=CARTESIAN_POINT('Origin',(0.966766992636851,0.102362204724409,0.451330653316892));
#5944=CARTESIAN_POINT('',(0.987938246319589,0.118110236220472,0.463553882329703));
#5945=CARTESIAN_POINT('Ctrl Pts',(0.966766992636851,0.118110236220472,0.451330653316892));
#5946=CARTESIAN_POINT('Ctrl Pts',(0.970681713766509,0.118110236220472,0.454061682680776));
#5947=CARTESIAN_POINT('Ctrl Pts',(0.977472095914258,0.12205017588561,0.458771670619963));
#5948=CARTESIAN_POINT('Ctrl Pts',(0.979890592140062,0.13031806276713,0.460439216200236));
#5949=CARTESIAN_POINT('Ctrl Pts',(0.979890592140062,0.133858267716536,0.460439216200236));
#5950=CARTESIAN_POINT('Ctrl Pts',(0.968828405139206,0.118110236220472,0.447760182127454));
#5951=CARTESIAN_POINT('Ctrl Pts',(0.972768478853308,0.118219405482826,0.450427591267428));
#5952=CARTESIAN_POINT('Ctrl Pts',(0.979437392514432,0.122337929341984,0.454945840275699));
#5953=CARTESIAN_POINT('Ctrl Pts',(0.981738070319082,0.130410010830115,0.456507477931403));
#5954=CARTESIAN_POINT('Ctrl Pts',(0.981738070319082,0.133858267716536,0.456507477931403));
#5955=CARTESIAN_POINT('Ctrl Pts',(0.972934057643664,0.114696334738035,0.440648983391512));
#5956=CARTESIAN_POINT('Ctrl Pts',(0.97787648979211,0.11489605294149,0.443640215049721));
#5957=CARTESIAN_POINT('Ctrl Pts',(0.986089574658772,0.119991440680919,0.448619752112194));
#5958=CARTESIAN_POINT('Ctrl Pts',(0.988864199210226,0.129703426678254,0.450306421065231));
#5959=CARTESIAN_POINT('Ctrl Pts',(0.988864199210226,0.133858267716536,0.450306421065231));
#5960=CARTESIAN_POINT('Ctrl Pts',(0.974641008384882,0.10648502972912,0.437692457981704));
#5961=CARTESIAN_POINT('Ctrl Pts',(0.981753746774505,0.106553660491888,0.441796440826213));
#5962=CARTESIAN_POINT('Ctrl Pts',(0.993962310673694,0.113510949605381,0.448846255264032));
#5963=CARTESIAN_POINT('Ctrl Pts',(0.998255407509338,0.127760188425549,0.45132623767296));
#5964=CARTESIAN_POINT('Ctrl Pts',(0.998255407509338,0.133858267716536,0.45132623767296));
#5965=CARTESIAN_POINT('Ctrl Pts',(0.974641008384882,0.102362204724409,0.437692457981704));
#5966=CARTESIAN_POINT('Ctrl Pts',(0.982816752223356,0.102362204724409,0.442412725887672));
#5967=CARTESIAN_POINT('Ctrl Pts',(0.996979905588204,0.110242084054685,0.450589826295441));
#5968=CARTESIAN_POINT('Ctrl Pts',(1.00201756195559,0.126777857817724,0.453498318555233));
#5969=CARTESIAN_POINT('Ctrl Pts',(1.00201756195559,0.133858267716536,0.453498318555233));
#5970=CARTESIAN_POINT('Ctrl Pts',(0.979890592140062,0.133858267716536,0.460439216200236));
#5971=CARTESIAN_POINT('Ctrl Pts',(0.979890592140062,0.13031806276713,0.460439216200236));
#5972=CARTESIAN_POINT('Ctrl Pts',(0.978854093757575,0.12677468267505,0.45972455380869));
#5973=CARTESIAN_POINT('Ctrl Pts',(0.977014595920036,0.12402623166353,0.458451075473671));
#5974=CARTESIAN_POINT('Ctrl Pts',(0.974561932136651,0.120361630314837,0.456753104360311));
#5975=CARTESIAN_POINT('Ctrl Pts',(0.970681713766509,0.118110236220473,0.454061682680776));
#5976=CARTESIAN_POINT('Ctrl Pts',(0.966766992636851,0.118110236220472,0.451330653316892));
#5977=CARTESIAN_POINT('',(0.987461449694454,0.10602886175979,0.445094343222915));
#5978=CARTESIAN_POINT('Ctrl Pts',(0.974641008384882,0.102362204724409,0.437692457981704));
#5979=CARTESIAN_POINT('Ctrl Pts',(0.97908702588373,0.102362204724409,0.440259367381485));
#5980=CARTESIAN_POINT('Ctrl Pts',(0.983508642138257,0.103693790974854,0.44281218871629));
#5981=CARTESIAN_POINT('Ctrl Pts',(0.987439931879154,0.106087374263669,0.445081919906459));
#5982=CARTESIAN_POINT('Ctrl Pts',(0.987461449694454,0.10602886175979,0.445094343222915));
#5983=CARTESIAN_POINT('Ctrl Pts',(0.987314755923628,0.107930066349703,0.44500964953484));
#5984=CARTESIAN_POINT('Ctrl Pts',(0.987050683536402,0.110319435264792,0.445186993759568));
#5985=CARTESIAN_POINT('Ctrl Pts',(0.986363833978335,0.114332856137728,0.446436977964572));
#5986=CARTESIAN_POINT('Ctrl Pts',(0.986155096634289,0.115419858338397,0.446864902498313));
#5987=CARTESIAN_POINT('Ctrl Pts',(0.985939891310046,0.116458261592411,0.447339217041411));
#5988=CARTESIAN_POINT('Origin',(1.02287919120148,0.,0.465542785816084));
#5989=CARTESIAN_POINT('',(0.914611474666046,0.,0.403034390529806));
#5990=CARTESIAN_POINT('',(0.914611474666046,0.,0.403034390529806));
#5991=CARTESIAN_POINT('',(1.02287919120148,0.,0.465542785816084));
#5992=CARTESIAN_POINT('',(1.02287919120148,0.,0.465542785816084));
#5993=CARTESIAN_POINT('',(1.02287919120148,0.0268545658063706,0.465542785816084));
#5994=CARTESIAN_POINT('',(1.02287919120148,0.,0.465542785816084));
#5995=CARTESIAN_POINT('Ctrl Pts',(0.987461449694454,0.10602886175979,0.445094343222915));
#5996=CARTESIAN_POINT('Ctrl Pts',(0.988376473783541,0.0941698169737998,
0.445622632627064));
#5997=CARTESIAN_POINT('Ctrl Pts',(0.991138824622345,0.0816713504739629,
0.447217476627444));
#5998=CARTESIAN_POINT('Ctrl Pts',(0.999705394227745,0.0578608993407147,
0.452163387895153));
#5999=CARTESIAN_POINT('Ctrl Pts',(1.00815186988553,0.0433186947189472,0.457039962889879));
#6000=CARTESIAN_POINT('Ctrl Pts',(1.01890126564518,0.0309427946792316,0.463246129425336));
#6001=CARTESIAN_POINT('Ctrl Pts',(1.02083491691729,0.0288722952262633,0.464362523507812));
#6002=CARTESIAN_POINT('Ctrl Pts',(1.02287919120148,0.0268545658063706,0.465542785816084));
#6003=CARTESIAN_POINT('Origin',(0.895418561280219,0.102362204724409,0.432299684686563));
#6004=CARTESIAN_POINT('',(0.822091789626676,0.118110236220472,0.474634916039543));
#6005=CARTESIAN_POINT('',(0.895418561280219,0.118110236220472,0.432299684686563));
#6006=CARTESIAN_POINT('',(0.806343758130613,0.102362204724409,0.465542785816084));
#6007=CARTESIAN_POINT('Origin',(0.822091789626676,0.102362204724409,0.474634916039543));
#6008=CARTESIAN_POINT('',(0.887544545532187,0.102362204724409,0.418661489351375));
#6009=CARTESIAN_POINT('Origin',(0.914611474666046,0.118110236220472,0.528051181102362));
#6010=CARTESIAN_POINT('',(0.96066277884354,0.118110236220472,0.464181863088338));
#6011=CARTESIAN_POINT('Origin',(0.,0.118110236220472,0.));
#6012=CARTESIAN_POINT('',(0.88232467483226,0.118110236220472,0.59986743940449));
#6013=CARTESIAN_POINT('Origin',(0.914611474666046,0.118110236220472,0.528051181102362));
#6014=CARTESIAN_POINT('',(0.874247307597481,0.118110236220472,0.611579448505351));
#6015=CARTESIAN_POINT('Origin',(0.,0.118110236220472,0.));
#6016=CARTESIAN_POINT('',(0.822091789626676,0.118110236220472,0.581467446165182));
#6017=CARTESIAN_POINT('',(0.841284703012502,0.118110236220472,0.592548479875023));
#6018=CARTESIAN_POINT('',(0.822091789626676,0.118110236220472,0.496796983459223));
#6019=CARTESIAN_POINT('Origin',(0.841284703012502,0.102362204724409,0.592548479875023));
#6020=CARTESIAN_POINT('',(0.806343758130612,0.102362204724409,0.590559576388641));
#6021=CARTESIAN_POINT('Origin',(0.822091789626676,0.102362204724409,0.581467446165182));
#6022=CARTESIAN_POINT('',(0.866373291849449,0.102362204724409,0.625217643840539));
#6023=CARTESIAN_POINT('Origin',(0.874247307597481,0.102362204724409,0.611579448505351));
#6024=CARTESIAN_POINT('',(0.833410687264471,0.102362204724409,0.606186675210211));
#6025=CARTESIAN_POINT('Ctrl Pts',(0.88869735419803,0.133858267716536,0.618390537622552));
#6026=CARTESIAN_POINT('Ctrl Pts',(0.88869735419803,0.13031806256533,0.618390537622552));
#6027=CARTESIAN_POINT('Ctrl Pts',(0.886043963767157,0.122050181360348,0.617129828645341));
#6028=CARTESIAN_POINT('Ctrl Pts',(0.878569809076819,0.118110236220472,0.613604181820501));
#6029=CARTESIAN_POINT('Ctrl Pts',(0.874247307597481,0.118110236220472,0.611579448505351));
#6030=CARTESIAN_POINT('Ctrl Pts',(0.8862161080657,0.133858267716536,0.621956369792938));
#6031=CARTESIAN_POINT('Ctrl Pts',(0.8862161080657,0.130410010633556,0.621956369792938));
#6032=CARTESIAN_POINT('Ctrl Pts',(0.88371334284687,0.122337943407593,0.620744738737095));
#6033=CARTESIAN_POINT('Ctrl Pts',(0.876465976135535,0.118219405485526,0.617228419105403));
#6034=CARTESIAN_POINT('Ctrl Pts',(0.872185895095125,0.118110236220472,0.615149919694788));
#6035=CARTESIAN_POINT('Ctrl Pts',(0.88440919494967,0.133858267716535,0.631228240973845));
#6036=CARTESIAN_POINT('Ctrl Pts',(0.88440919494967,0.129703426441418,0.631228240973845));
#6037=CARTESIAN_POINT('Ctrl Pts',(0.881561107861666,0.119991378299209,0.629668647340495));
#6038=CARTESIAN_POINT('Ctrl Pts',(0.873142029185552,0.114895877364706,0.625045622409301));
#6039=CARTESIAN_POINT('Ctrl Pts',(0.868080330381529,0.114696159156313,0.622260966372499));
#6040=CARTESIAN_POINT('Ctrl Pts',(0.889987690973904,0.133858267716536,0.638851423531795));
#6041=CARTESIAN_POINT('Ctrl Pts',(0.889987690973904,0.127760188077944,0.638851423531795));
#6042=CARTESIAN_POINT('Ctrl Pts',(0.885693404700836,0.113510960822138,0.636373479017715));
#6043=CARTESIAN_POINT('Ctrl Pts',(0.87348381462016,0.106553660493585,0.629325464655766));
#6044=CARTESIAN_POINT('Ctrl Pts',(0.866373291849449,0.10648502972912,0.625217643840539));
#6045=CARTESIAN_POINT('Ctrl Pts',(0.893749845420152,0.133858267716536,0.641023504414069));
#6046=CARTESIAN_POINT('Ctrl Pts',(0.893749845420152,0.126777857414124,0.641023504414069));
#6047=CARTESIAN_POINT('Ctrl Pts',(0.888712178650869,0.11024209500416,0.638115006148736));
#6048=CARTESIAN_POINT('Ctrl Pts',(0.874549035890127,0.102362204724409,0.62993791186325));
#6049=CARTESIAN_POINT('Ctrl Pts',(0.866373291849449,0.102362204724409,0.625217643840539));
#6050=CARTESIAN_POINT('',(0.879193733159021,0.10602886175979,0.63261952908175));
#6051=CARTESIAN_POINT('Ctrl Pts',(0.880371816845389,0.116478893727263,0.630159372877626));
#6052=CARTESIAN_POINT('Ctrl Pts',(0.879938700945071,0.11500306934032,0.630757029155368));
#6053=CARTESIAN_POINT('Ctrl Pts',(0.879582173696466,0.113426892199614,0.63130095654457));
#6054=CARTESIAN_POINT('Ctrl Pts',(0.879356680416613,0.111773994241321,0.631725572880187));
#6055=CARTESIAN_POINT('Ctrl Pts',(0.879329515673027,0.111574872789719,0.631776725596965));
#6056=CARTESIAN_POINT('Ctrl Pts',(0.879304278692052,0.111374694083986,0.631826155903731));
#6057=CARTESIAN_POINT('Ctrl Pts',(0.879281087838193,0.111173545296627,0.631873757940238));
#6058=CARTESIAN_POINT('Ctrl Pts',(0.879088785704562,0.109505588557203,0.632268481361864));
#6059=CARTESIAN_POINT('Ctrl Pts',(0.879038805689561,0.107803635262083,0.63253076360969));
#6060=CARTESIAN_POINT('Ctrl Pts',(0.879172212049936,0.106087377528553,0.632607103863626));
#6061=CARTESIAN_POINT('Ctrl Pts',(0.879172212049936,0.106087377528553,0.632607103863627));
#6062=CARTESIAN_POINT('Ctrl Pts',(0.875240923837166,0.103693792784851,0.630337373555722));
#6063=CARTESIAN_POINT('Ctrl Pts',(0.870819309390967,0.102362204724409,0.627784553264956));
#6064=CARTESIAN_POINT('Ctrl Pts',(0.866373291849449,0.102362204724409,0.625217643840539));
#6065=CARTESIAN_POINT('Ctrl Pts',(0.874247307597481,0.118110236220472,0.611579448505351));
#6066=CARTESIAN_POINT('Ctrl Pts',(0.878569809076819,0.118110236220472,0.613604181820501));
#6067=CARTESIAN_POINT('Ctrl Pts',(0.882840754614155,0.120361633443258,0.615618837148981));
#6068=CARTESIAN_POINT('Ctrl Pts',(0.88553757304636,0.12402623427914,0.616893920935378));
#6069=CARTESIAN_POINT('Ctrl Pts',(0.887560186870513,0.126774684906052,0.617850233775176));
#6070=CARTESIAN_POINT('Ctrl Pts',(0.88869735419803,0.13031806256533,0.618390537622552));
#6071=CARTESIAN_POINT('Ctrl Pts',(0.88869735419803,0.133858267716535,0.618390537622552));
#6072=CARTESIAN_POINT('Origin',(0.,0.133858267716535,0.));
#6073=CARTESIAN_POINT('Origin',(0.88232467483226,0.133858267716535,0.599867439404491));
#6074=CARTESIAN_POINT('Origin',(0.96066277884354,0.133858267716535,0.464181863088338));
#6075=CARTESIAN_POINT('Origin',(0.96066277884354,0.133858267716535,0.464181863088338));
#6076=CARTESIAN_POINT('',(0.951452518008042,0.133858267716535,0.476955726691143));
#6077=CARTESIAN_POINT('Origin',(0.96066277884354,0.133858267716535,0.464181863088338));
#6078=CARTESIAN_POINT('Origin',(0.96066277884354,0.133858267716535,0.464181863088338));
#6079=CARTESIAN_POINT('Origin',(0.96066277884354,0.295275590551181,0.464181863088338));
#6080=CARTESIAN_POINT('',(0.951452518008042,0.196850393700787,0.476955726691143));
#6081=CARTESIAN_POINT('',(0.951452518008042,0.295275590551181,0.476955726691143));
#6082=CARTESIAN_POINT('',(0.95370692667859,0.196850393700787,0.478310437562083));
#6083=CARTESIAN_POINT('Ctrl Pts',(0.974842303254515,0.21259842519685,0.471033255901449));
#6084=CARTESIAN_POINT('Ctrl Pts',(0.974826037453284,0.212561310906041,0.471066919323166));
#6085=CARTESIAN_POINT('Ctrl Pts',(0.974809651723616,0.212524196504322,0.47110052492085));
#6086=CARTESIAN_POINT('Ctrl Pts',(0.974066758730792,0.210853732040968,0.472610455228875));
#6087=CARTESIAN_POINT('Ctrl Pts',(0.973104324794302,0.209211679761736,0.473982468870404));
#6088=CARTESIAN_POINT('Ctrl Pts',(0.970802217641386,0.206108254448508,0.476338199370207));
#6089=CARTESIAN_POINT('Ctrl Pts',(0.969468183388321,0.204623335046845,0.477351116123234));
#6090=CARTESIAN_POINT('Ctrl Pts',(0.966361680684196,0.201821421865894,0.478970268672133));
#6091=CARTESIAN_POINT('Ctrl Pts',(0.964553681517521,0.200493010427488,0.479571658472212));
#6092=CARTESIAN_POINT('Ctrl Pts',(0.961089184802622,0.198594277392875,0.479994868706617));
#6093=CARTESIAN_POINT('Ctrl Pts',(0.959514694499397,0.197921426366968,0.479972938093932));
#6094=CARTESIAN_POINT('Ctrl Pts',(0.956503028412594,0.197074536616971,0.479437108955091));
#6095=CARTESIAN_POINT('Ctrl Pts',(0.955115755183856,0.196859125512422,0.478994305410057));
#6096=CARTESIAN_POINT('Ctrl Pts',(0.953761038363982,0.196850480158585,0.478336981731175));
#6097=CARTESIAN_POINT('Ctrl Pts',(0.953733957160245,0.196850393700787,0.478323745347294));
#6098=CARTESIAN_POINT('Ctrl Pts',(0.953706926678586,0.196850393700787,0.478310437562087));
#6099=CARTESIAN_POINT('Origin',(0.96066277884354,0.196850393700787,0.464181863088338));
#6100=CARTESIAN_POINT('Origin',(0.88232467483226,0.133858267716535,0.59986743940449));
#6101=CARTESIAN_POINT('',(0.888782034799017,0.133858267716535,0.585504187744064));
#6102=CARTESIAN_POINT('Origin',(0.88232467483226,0.133858267716535,0.59986743940449));
#6103=CARTESIAN_POINT('Origin',(0.88232467483226,0.133858267716535,0.59986743940449));
#6104=CARTESIAN_POINT('Origin',(0.88232467483226,0.295275590551181,0.59986743940449));
#6105=CARTESIAN_POINT('',(0.888782034799017,0.196850393700787,0.585504187744064));
#6106=CARTESIAN_POINT('',(0.888782034799017,0.295275590551181,0.585504187744064));
#6107=CARTESIAN_POINT('',(0.891082453163309,0.196850393700787,0.586779207487801));
#6108=CARTESIAN_POINT('Origin',(0.88232467483226,0.196850393700787,0.59986743940449));
#6109=CARTESIAN_POINT('Ctrl Pts',(0.891082453163312,0.196850393700787,0.586779207487796));
#6110=CARTESIAN_POINT('Ctrl Pts',(0.89230790159136,0.196850393700787,0.587599196448665));
#6111=CARTESIAN_POINT('Ctrl Pts',(0.893390711290483,0.197057251317182,0.588572692296902));
#6112=CARTESIAN_POINT('Ctrl Pts',(0.895371132713534,0.197886055024521,0.59089812555597));
#6113=CARTESIAN_POINT('Ctrl Pts',(0.896183581235577,0.198548002115588,0.592241633903122));
#6114=CARTESIAN_POINT('Ctrl Pts',(0.897565424307298,0.200420627286958,0.595432635335792));
#6115=CARTESIAN_POINT('Ctrl Pts',(0.897960805715607,0.201732725931814,0.597287410994515));
#6116=CARTESIAN_POINT('Ctrl Pts',(0.898141587417433,0.204530125936847,0.60080162100754));
#6117=CARTESIAN_POINT('Ctrl Pts',(0.897938391425644,0.206030377421181,0.602486667670111));
#6118=CARTESIAN_POINT('Ctrl Pts',(0.897051193612882,0.209169430065516,0.605702722802736));
#6119=CARTESIAN_POINT('Ctrl Pts',(0.89633777977741,0.210832783973668,0.607243795007579));
#6120=CARTESIAN_POINT('Ctrl Pts',(0.895389848179435,0.212524196504355,0.608659659786506));
#6121=CARTESIAN_POINT('Ctrl Pts',(0.895368937742984,0.212561310906032,0.608690653043474));
#6122=CARTESIAN_POINT('Ctrl Pts',(0.895347917265209,0.21259842519685,0.60872157135142));
#6123=CARTESIAN_POINT('Origin',(0.914611474666046,0.133858267716535,0.528051181102362));
#6124=CARTESIAN_POINT('Origin',(0.914611474666046,0.133858267716535,0.528051181102362));
#6125=CARTESIAN_POINT('Origin',(0.,0.21259842519685,0.));
#6126=CARTESIAN_POINT('Origin',(0.,0.196850393700787,0.));
#6127=CARTESIAN_POINT('Origin',(0.,0.133858267716535,0.));
#6128=CARTESIAN_POINT('Origin',(0.914611474666046,0.196850393700787,0.528051181102362));
#6129=CARTESIAN_POINT('Origin',(0.914611474666046,0.196850393700787,0.528051181102362));
#6130=CARTESIAN_POINT('Origin',(0.822091789626676,0.102362204724409,0.496796983459223));
#6131=CARTESIAN_POINT('',(0.806343758130613,0.102362204724409,0.496796983459223));
#6132=CARTESIAN_POINT('Origin',(0.914611474666046,0.,0.403034390529806));
#6133=CARTESIAN_POINT('',(0.806343758130613,0.,0.465542785816084));
#6134=CARTESIAN_POINT('',(0.806343758130613,0.,0.465542785816084));
#6135=CARTESIAN_POINT('',(0.914611474666046,0.,0.403034390529806));
#6136=CARTESIAN_POINT('Origin',(0.806343758130613,0.,0.465542785816084));
#6137=CARTESIAN_POINT('',(0.806343758130612,0.,0.590559576388641));
#6138=CARTESIAN_POINT('',(0.806343758130612,0.,0.590559576388641));
#6139=CARTESIAN_POINT('',(0.806343758130613,0.,0.465542785816084));
#6140=CARTESIAN_POINT('Origin',(0.09251968503937,0.102362204724409,1.08735655984786));
#6141=CARTESIAN_POINT('',(0.108267716535433,0.102362204724409,0.993593966918446));
#6142=CARTESIAN_POINT('',(0.0925196850393701,0.118110236220472,1.0026860971419));
#6143=CARTESIAN_POINT('Origin',(0.0925196850393701,0.102362204724409,1.0026860971419));
#6144=CARTESIAN_POINT('',(0.108267716535433,0.102362204724409,1.06291010182224));
#6145=CARTESIAN_POINT('',(0.108267716535433,0.102362204724409,1.08735655984786));
#6146=CARTESIAN_POINT('',(0.09251968503937,0.118110236220472,1.06291010182224));
#6147=CARTESIAN_POINT('Origin',(0.09251968503937,0.102362204724409,1.06291010182224));
#6148=CARTESIAN_POINT('',(0.09251968503937,0.118110236220472,1.08735655984786));
#6149=CARTESIAN_POINT('Ctrl Pts',(0.09251968503937,0.118110236220472,1.06291010182224));
#6150=CARTESIAN_POINT('Ctrl Pts',(0.0922138500296243,0.118110236220472,
1.06647692178408));
#6151=CARTESIAN_POINT('Ctrl Pts',(0.0915158170570022,0.120977452583629,
1.07481246011715));
#6152=CARTESIAN_POINT('Ctrl Pts',(0.0911932379420314,0.129138000017277,
1.07882975382279));
#6153=CARTESIAN_POINT('Ctrl Pts',(0.0911932379420314,0.133858267716536,
1.07882975382279));
#6154=CARTESIAN_POINT('Ctrl Pts',(0.096642510044081,0.118110236220472,1.06291010182224));
#6155=CARTESIAN_POINT('Ctrl Pts',(0.0963875047724352,0.118192113121101,
1.06646953119091));
#6156=CARTESIAN_POINT('Ctrl Pts',(0.0957991481354987,0.121256528223723,
1.07464674254907));
#6157=CARTESIAN_POINT('Ctrl Pts',(0.095521962253382,0.129260597290011,1.07846384772434));
#6158=CARTESIAN_POINT('Ctrl Pts',(0.095521962253382,0.133858267716536,1.07846384772434));
#6159=CARTESIAN_POINT('Ctrl Pts',(0.104854468145345,0.114696987830385,1.06291010182224));
#6160=CARTESIAN_POINT('Ctrl Pts',(0.104765018297957,0.11484677639857,1.06724201510084));
#6161=CARTESIAN_POINT('Ctrl Pts',(0.104556195954822,0.11868755777794,1.07707349642984));
#6162=CARTESIAN_POINT('Ctrl Pts',(0.10445606080401,0.128318486198562,1.08153389954294));
#6163=CARTESIAN_POINT('Ctrl Pts',(0.10445606080401,0.133858267716535,1.08153389954294));
#6164=CARTESIAN_POINT('Ctrl Pts',(0.108267716535433,0.10648502972912,1.06291010182224));
#6165=CARTESIAN_POINT('Ctrl Pts',(0.108269378380575,0.106536502772191,1.06906895102037));
#6166=CARTESIAN_POINT('Ctrl Pts',(0.108270665676578,0.111643669719447,1.08337046832651));
#6167=CARTESIAN_POINT('Ctrl Pts',(0.108267716535433,0.125727504917168,1.09017766120475));
#6168=CARTESIAN_POINT('Ctrl Pts',(0.108267716535433,0.133858267716536,1.09017766120475));
#6169=CARTESIAN_POINT('Ctrl Pts',(0.108267716535433,0.102362204724409,1.06291010182224));
#6170=CARTESIAN_POINT('Ctrl Pts',(0.108267716535433,0.102362204724409,1.06999049969143));
#6171=CARTESIAN_POINT('Ctrl Pts',(0.108267716535433,0.108096637450722,1.08654152966491));
#6172=CARTESIAN_POINT('Ctrl Pts',(0.108267716535433,0.124417732318018,1.0945218229693));
#6173=CARTESIAN_POINT('Ctrl Pts',(0.108267716535433,0.133858267716536,1.0945218229693));
#6174=CARTESIAN_POINT('Ctrl Pts',(0.0911932379420314,0.133858267716535,
1.07882975382279));
#6175=CARTESIAN_POINT('Ctrl Pts',(0.0911932379420314,0.131778976983346,
1.07882975382279));
#6176=CARTESIAN_POINT('Ctrl Pts',(0.091229134732785,0.1297066495921,1.07838272437348));
#6177=CARTESIAN_POINT('Ctrl Pts',(0.091295303540954,0.127795390074361,1.07756864732308));
#6178=CARTESIAN_POINT('Ctrl Pts',(0.091360715395844,0.125905994848858,1.07676388309408));
#6179=CARTESIAN_POINT('Ctrl Pts',(0.0914557491113017,0.124166222566199,
1.0755998974388));
#6180=CARTESIAN_POINT('Ctrl Pts',(0.0915762377773894,0.122709418889703,
1.07414132842445));
#6181=CARTESIAN_POINT('Ctrl Pts',(0.0916104937874943,0.122295236518171,
1.0737266441515));
#6182=CARTESIAN_POINT('Ctrl Pts',(0.0916467116117431,0.121904333166396,
1.07328841013722));
#6183=CARTESIAN_POINT('Ctrl Pts',(0.0916847840308799,0.12154010726838,1.07282851178514));
#6184=CARTESIAN_POINT('Ctrl Pts',(0.0917811210569425,0.12061848367247,1.07166480218814));
#6185=CARTESIAN_POINT('Ctrl Pts',(0.0918893438285601,0.119868012286584,
1.07036228091476));
#6186=CARTESIAN_POINT('Ctrl Pts',(0.092004886496097,0.119307730821188,1.06898446761989));
#6187=CARTESIAN_POINT('Ctrl Pts',(0.0921660445909399,0.118526254199053,
1.06706270338869));
#6188=CARTESIAN_POINT('Ctrl Pts',(0.0923415043005314,0.118110236220472,
1.06498814585204));
#6189=CARTESIAN_POINT('Ctrl Pts',(0.09251968503937,0.118110236220472,1.06291010182224));
#6190=CARTESIAN_POINT('',(0.108267716535433,0.10602886175979,1.07771387230466));
#6191=CARTESIAN_POINT('Ctrl Pts',(0.108267716535433,0.102362204724409,1.06291010182224));
#6192=CARTESIAN_POINT('Ctrl Pts',(0.108267716535433,0.102362204724409,1.06804391951856));
#6193=CARTESIAN_POINT('Ctrl Pts',(0.108267716535433,0.103654254475615,1.07318451953882));
#6194=CARTESIAN_POINT('Ctrl Pts',(0.108267716535433,0.106042752755046,1.07772689898388));
#6195=CARTESIAN_POINT('Ctrl Pts',(0.108267716535433,0.10602886175979,1.07771387230466));
#6196=CARTESIAN_POINT('Ctrl Pts',(0.108267716535433,0.107930066353985,1.07754448492813));
#6197=CARTESIAN_POINT('Ctrl Pts',(0.107982095736813,0.110319435280484,1.07740446364398));
#6198=CARTESIAN_POINT('Ctrl Pts',(0.10655615287376,0.11433285615912,1.07743462658239));
#6199=CARTESIAN_POINT('Ctrl Pts',(0.10608119068878,0.115419858348752,1.07746781700645));
#6200=CARTESIAN_POINT('Ctrl Pts',(0.105562819588121,0.116458261592412,1.07751860099967));
#6201=CARTESIAN_POINT('Origin',(0.108267716535433,0.,1.118610757491));
#6202=CARTESIAN_POINT('',(0.108267716535433,0.,0.993593966918446));
#6203=CARTESIAN_POINT('',(0.108267716535433,0.,0.993593966918446));
#6204=CARTESIAN_POINT('',(0.108267716535433,0.,1.118610757491));
#6205=CARTESIAN_POINT('',(0.108267716535433,0.,1.118610757491));
#6206=CARTESIAN_POINT('',(0.108267716535433,0.0268545658063704,1.118610757491));
#6207=CARTESIAN_POINT('',(0.108267716535433,0.,1.118610757491));
#6208=CARTESIAN_POINT('Ctrl Pts',(0.108267716535433,0.10602886175979,1.07771387230466));
#6209=CARTESIAN_POINT('Ctrl Pts',(0.108267716535433,0.0941698169737996,
1.07877045111296));
#6210=CARTESIAN_POINT('Ctrl Pts',(0.108267716535433,0.0816713504739628,
1.08196013911372));
#6211=CARTESIAN_POINT('Ctrl Pts',(0.108267716535433,0.0578608993407147,
1.09185196164914));
#6212=CARTESIAN_POINT('Ctrl Pts',(0.108267716535433,0.0433186947189472,
1.10160511163859));
#6213=CARTESIAN_POINT('Ctrl Pts',(0.108267716535433,0.0309427946792316,
1.11401744470951));
#6214=CARTESIAN_POINT('Ctrl Pts',(0.108267716535433,0.0288722952262632,
1.11625023287446));
#6215=CARTESIAN_POINT('Ctrl Pts',(0.108267716535433,0.0268545658063704,
1.118610757491));
#6216=CARTESIAN_POINT('Origin',(0.0733267716535432,0.102362204724409,0.991605063432065));
#6217=CARTESIAN_POINT('',(-5.27246662777203E-16,0.118110236220472,0.949269832079085));
#6218=CARTESIAN_POINT('',(0.0733267716535432,0.118110236220472,0.991605063432065));
#6219=CARTESIAN_POINT('',(-3.49676543189026E-16,0.102362204724409,0.931085571632168));
#6220=CARTESIAN_POINT('Origin',(-4.69877854910253E-16,0.102362204724409,
0.949269832079085));
#6221=CARTESIAN_POINT('',(0.0812007874015746,0.102362204724409,0.977966868096876));
#6222=CARTESIAN_POINT('Origin',(-1.74838271594513E-16,0.118110236220472,
1.05610236220472));
#6223=CARTESIAN_POINT('',(0.0783381040112799,0.118110236220472,1.06404930249283));
#6224=CARTESIAN_POINT('Origin',(0.,0.118110236220472,0.));
#6225=CARTESIAN_POINT('',(-0.0783381040112803,0.118110236220472,1.06404930249283));
#6226=CARTESIAN_POINT('Origin',(-1.74838271594513E-16,0.118110236220472,
1.05610236220472));
#6227=CARTESIAN_POINT('',(-0.0925196850393703,0.118110236220472,1.06291010182224));
#6228=CARTESIAN_POINT('Origin',(0.,0.118110236220472,0.));
#6229=CARTESIAN_POINT('',(-0.0925196850393703,0.118110236220472,1.0026860971419));
#6230=CARTESIAN_POINT('',(-0.0925196850393703,0.118110236220472,1.02484816456159));
#6231=CARTESIAN_POINT('',(-0.0191929133858271,0.118110236220472,0.960350865788925));
#6232=CARTESIAN_POINT('Origin',(-0.0925196850393703,0.102362204724409,1.02484816456159));
#6233=CARTESIAN_POINT('',(-0.108267716535433,0.102362204724409,0.993593966918446));
#6234=CARTESIAN_POINT('Origin',(-0.0925196850393703,0.102362204724409,1.0026860971419));
#6235=CARTESIAN_POINT('',(-0.108267716535433,0.102362204724409,1.06291010182224));
#6236=CARTESIAN_POINT('Origin',(-0.0925196850393703,0.102362204724409,1.06291010182224));
#6237=CARTESIAN_POINT('',(-0.108267716535433,0.102362204724409,1.02484816456159));
#6238=CARTESIAN_POINT('Ctrl Pts',(-0.0911932379420317,0.133858267716535,
1.07882975382279));
#6239=CARTESIAN_POINT('Ctrl Pts',(-0.0911932379420317,0.130318066942091,
1.07882975382279));
#6240=CARTESIAN_POINT('Ctrl Pts',(-0.0914281271103917,0.122050171026112,
1.07590149634922));
#6241=CARTESIAN_POINT('Ctrl Pts',(-0.092111905026376,0.118110236220472,
1.06766586177136));
#6242=CARTESIAN_POINT('Ctrl Pts',(-0.0925196850393704,0.118110236220472,
1.06291010182224));
#6243=CARTESIAN_POINT('Ctrl Pts',(-0.0955219622533824,0.133858267716535,
1.07846384772434));
#6244=CARTESIAN_POINT('Ctrl Pts',(-0.0955219622533824,0.130410014896642,
1.07846384772434));
#6245=CARTESIAN_POINT('Ctrl Pts',(-0.0957240416071619,0.122337925620542,
1.07569057775006));
#6246=CARTESIAN_POINT('Ctrl Pts',(-0.0963025030152202,0.11821940542131,
1.06765600764713));
#6247=CARTESIAN_POINT('Ctrl Pts',(-0.0966425100440814,0.118110236220472,
1.06291010182224));
#6248=CARTESIAN_POINT('Ctrl Pts',(-0.104456060804011,0.133858267716536,
1.08153389954294));
#6249=CARTESIAN_POINT('Ctrl Pts',(-0.104456060804011,0.129703431578056,
1.08153389954294));
#6250=CARTESIAN_POINT('Ctrl Pts',(-0.104529409190084,0.119991666631755,
1.07828795206129));
#6251=CARTESIAN_POINT('Ctrl Pts',(-0.104735201682162,0.114896705921299,
1.06868598619371));
#6252=CARTESIAN_POINT('Ctrl Pts',(-0.104854468145346,0.114696987830385,
1.06291010182224));
#6253=CARTESIAN_POINT('Ctrl Pts',(-0.108267716535433,0.133858267716535,
1.09017766120475));
#6254=CARTESIAN_POINT('Ctrl Pts',(-0.108267716535433,0.12776019561701,1.09017766120475));
#6255=CARTESIAN_POINT('Ctrl Pts',(-0.108268895994765,0.113510941400492,
1.08521972961063));
#6256=CARTESIAN_POINT('Ctrl Pts',(-0.108269932328956,0.106553660453214,
1.07112190075308));
#6257=CARTESIAN_POINT('Ctrl Pts',(-0.108267716535433,0.10648502972912,1.06291010182224));
#6258=CARTESIAN_POINT('Ctrl Pts',(-0.108267716535433,0.133858267716535,
1.0945218229693));
#6259=CARTESIAN_POINT('Ctrl Pts',(-0.108267716535433,0.126777866167647,
1.0945218229693));
#6260=CARTESIAN_POINT('Ctrl Pts',(-0.108267716535433,0.110242074335689,
1.08870482749938));
#6261=CARTESIAN_POINT('Ctrl Pts',(-0.108267716535433,0.102362204724409,
1.07235063231449));
#6262=CARTESIAN_POINT('Ctrl Pts',(-0.108267716535433,0.102362204724409,
1.06291010182224));
#6263=CARTESIAN_POINT('',(-0.108267716535433,0.10602886175979,1.07771387230466));
#6264=CARTESIAN_POINT('Ctrl Pts',(-0.105548483361872,0.116479077363158,
1.07750384923372));
#6265=CARTESIAN_POINT('Ctrl Pts',(-0.106282474570963,0.11500343427423,1.07742764551404));
#6266=CARTESIAN_POINT('Ctrl Pts',(-0.106931639396737,0.113427443965182,
1.07739089736659));
#6267=CARTESIAN_POINT('Ctrl Pts',(-0.107412021922281,0.111774741355547,
1.07740794210097));
#6268=CARTESIAN_POINT('Ctrl Pts',(-0.107469956253069,0.111575424738917,
1.07740999770297));
#6269=CARTESIAN_POINT('Ctrl Pts',(-0.107525430570662,0.111375048671849,
1.07741286291867));
#6270=CARTESIAN_POINT('Ctrl Pts',(-0.107578293649521,0.11117370062961,1.07741658744472));
#6271=CARTESIAN_POINT('Ctrl Pts',(-0.108016225832546,0.1095056784563,1.07744744243576));
#6272=CARTESIAN_POINT('Ctrl Pts',(-0.108268307034045,0.107803657679587,
1.07753531868741));
#6273=CARTESIAN_POINT('Ctrl Pts',(-0.108267716535433,0.106087374192067,
1.07768902413808));
#6274=CARTESIAN_POINT('Ctrl Pts',(-0.108267716535433,0.106087374192067,
1.07768902413808));
#6275=CARTESIAN_POINT('Ctrl Pts',(-0.108267716535433,0.103693790260857,
1.07314956168695));
#6276=CARTESIAN_POINT('Ctrl Pts',(-0.108267716535433,0.102362204724409,
1.06804391951856));
#6277=CARTESIAN_POINT('Ctrl Pts',(-0.108267716535433,0.102362204724409,
1.06291010182224));
#6278=CARTESIAN_POINT('Ctrl Pts',(-0.0925196850393704,0.118110236220472,
1.06291010182224));
#6279=CARTESIAN_POINT('Ctrl Pts',(-0.092111905026376,0.118110236220472,
1.06766586177136));
#6280=CARTESIAN_POINT('Ctrl Pts',(-0.0917211747886707,0.120361627537981,
1.07237193867299));
#6281=CARTESIAN_POINT('Ctrl Pts',(-0.0914770204685569,0.12402623064662,
1.07534499447935));
#6282=CARTESIAN_POINT('Ctrl Pts',(-0.0912939047284717,0.1267746829781,1.07757478633411));
#6283=CARTESIAN_POINT('Ctrl Pts',(-0.0911932379420317,0.130318066942091,
1.07882975382279));
#6284=CARTESIAN_POINT('Ctrl Pts',(-0.0911932379420317,0.133858267716535,
1.07882975382279));
#6285=CARTESIAN_POINT('Origin',(0.,0.133858267716535,0.));
#6286=CARTESIAN_POINT('Origin',(-0.0783381040112812,0.133858267716535,1.06404930249283));
#6287=CARTESIAN_POINT('Origin',(0.0783381040112799,0.133858267716535,1.06404930249283));
#6288=CARTESIAN_POINT('Origin',(0.0783381040112799,0.133858267716535,1.06404930249283));
#6289=CARTESIAN_POINT('',(0.0626704832090239,0.133858267716535,1.06245991443521));
#6290=CARTESIAN_POINT('Origin',(0.0783381040112799,0.133858267716535,1.06404930249283));
#6291=CARTESIAN_POINT('Origin',(0.0783381040112799,0.133858267716535,1.06404930249283));
#6292=CARTESIAN_POINT('Origin',(0.0783381040112799,0.295275590551181,1.06404930249283));
#6293=CARTESIAN_POINT('',(0.0626704832090239,0.196850393700787,1.06245991443521));
#6294=CARTESIAN_POINT('',(0.0626704832090239,0.295275590551181,1.06245991443521));
#6295=CARTESIAN_POINT('',(0.0626244735152808,0.196850393700787,1.06508964504988));
#6296=CARTESIAN_POINT('Ctrl Pts',(0.0794943859893063,0.21259842519685,1.07975482725287));
#6297=CARTESIAN_POINT('Ctrl Pts',(0.0794570997103002,0.212561310906036,
1.07975757236665));
#6298=CARTESIAN_POINT('Ctrl Pts',(0.0794198035442144,0.212524196504375,
1.07976018470733));
#6299=CARTESIAN_POINT('Ctrl Pts',(0.0777407190431236,0.210853732040948,
1.07987178565727));
#6300=CARTESIAN_POINT('Ctrl Pts',(0.0760713034069135,0.209211679761734,
1.07972430023957));
#6301=CARTESIAN_POINT('Ctrl Pts',(0.0728801273731151,0.206108254448466,
1.0789084822128));
#6302=CARTESIAN_POINT('Ctrl Pts',(0.07133589860652,0.204623335046783,1.07825963303663));
#6303=CARTESIAN_POINT('Ctrl Pts',(0.0683804200145023,0.201821421865828,
1.07637889905235));
#6304=CARTESIAN_POINT('Ctrl Pts',(0.0669556015867317,0.200493010427435,
1.07511382074402));
#6305=CARTESIAN_POINT('Ctrl Pts',(0.0648568424151658,0.198594277392841,
1.07232508369479));
#6306=CARTESIAN_POINT('Ctrl Pts',(0.0640885897312665,0.197921426366942,
1.07095056978784));
#6307=CARTESIAN_POINT('Ctrl Pts',(0.0630467983342008,0.197074536616957,
1.06807447587953));
#6308=CARTESIAN_POINT('Ctrl Pts',(0.0627366408387262,0.196859125512415,
1.06665166024894));
#6309=CARTESIAN_POINT('Ctrl Pts',(0.0626285414332182,0.196850480158585,
1.06514977922858));
#6310=CARTESIAN_POINT('Ctrl Pts',(0.0626264638760465,0.196850393700787,
1.06511970802626));
#6311=CARTESIAN_POINT('Ctrl Pts',(0.0626244735152751,0.196850393700787,
1.06508964504988));
#6312=CARTESIAN_POINT('Origin',(0.0783381040112799,0.196850393700787,1.06404930249283));
#6313=CARTESIAN_POINT('Origin',(-0.0783381040112803,0.133858267716535,1.06404930249283));
#6314=CARTESIAN_POINT('',(-0.0626704832090243,0.133858267716535,1.06245991443521));
#6315=CARTESIAN_POINT('Origin',(-0.0783381040112803,0.133858267716535,1.06404930249283));
#6316=CARTESIAN_POINT('Origin',(-0.0783381040112803,0.133858267716535,1.06404930249283));
#6317=CARTESIAN_POINT('Origin',(-0.0783381040112803,0.295275590551181,1.06404930249283));
#6318=CARTESIAN_POINT('',(-0.0626704832090243,0.196850393700787,1.06245991443521));
#6319=CARTESIAN_POINT('',(-0.0626704832090243,0.295275590551181,1.06245991443521));
#6320=CARTESIAN_POINT('',(-0.0626244735152811,0.196850393700787,1.06508964504988));
#6321=CARTESIAN_POINT('Origin',(-0.0783381040112803,0.196850393700787,1.06404930249283));
#6322=CARTESIAN_POINT('Ctrl Pts',(-0.0626244735152756,0.196850393700787,
1.06508964504988));
#6323=CARTESIAN_POINT('Ctrl Pts',(-0.0627218805721868,0.196850393700787,
1.06656090900003));
#6324=CARTESIAN_POINT('Ctrl Pts',(-0.0630235478576757,0.197057251317182,
1.06798539763106));
#6325=CARTESIAN_POINT('Ctrl Pts',(-0.0640472214233099,0.197886055024522,
1.07086320952316));
#6326=CARTESIAN_POINT('Ctrl Pts',(-0.0648045095211205,0.19854800211559,
1.07223856475609));
#6327=CARTESIAN_POINT('Ctrl Pts',(-0.0668770762894625,0.200420627286958,
1.07503077667657));
#6328=CARTESIAN_POINT('Ctrl Pts',(-0.0682856684240814,0.201732725931813,
1.07630057484972));
#6329=CARTESIAN_POINT('Ctrl Pts',(-0.0712386727186825,0.204530125936846,
1.07821424140255));
#6330=CARTESIAN_POINT('Ctrl Pts',(-0.0727995639309242,0.206030377421179,
1.078880791843));
#6331=CARTESIAN_POINT('Ctrl Pts',(-0.0760283482821351,0.209169430065521,
1.07972048356528));
#6332=CARTESIAN_POINT('Ctrl Pts',(-0.0777196628781471,0.210832783973883,
1.07987318516278));
#6333=CARTESIAN_POINT('Ctrl Pts',(-0.0794198035442083,0.212524196504335,
1.07976018470733));
#6334=CARTESIAN_POINT('Ctrl Pts',(-0.0794570997103117,0.212561310906047,
1.07975757236665));
#6335=CARTESIAN_POINT('Ctrl Pts',(-0.0794943859893066,0.21259842519685,
1.07975482725287));
#6336=CARTESIAN_POINT('Origin',(-1.74838271594513E-16,0.133858267716535,
1.05610236220472));
#6337=CARTESIAN_POINT('Origin',(-1.74838271594513E-16,0.133858267716535,
1.05610236220472));
#6338=CARTESIAN_POINT('Origin',(0.,0.21259842519685,0.));
#6339=CARTESIAN_POINT('Origin',(0.,0.196850393700787,0.));
#6340=CARTESIAN_POINT('Origin',(0.,0.133858267716535,0.));
#6341=CARTESIAN_POINT('Origin',(-1.74838271594513E-16,0.196850393700787,
1.05610236220472));
#6342=CARTESIAN_POINT('Origin',(-1.74838271594513E-16,0.196850393700787,
1.05610236220472));
#6343=CARTESIAN_POINT('Origin',(-0.0191929133858271,0.102362204724409,0.960350865788925));
#6344=CARTESIAN_POINT('',(-0.0270669291338586,0.102362204724409,0.946712670453737));
#6345=CARTESIAN_POINT('Origin',(0.108267716535433,0.,0.993593966918446));
#6346=CARTESIAN_POINT('',(-3.49676543189026E-16,0.,0.931085571632168));
#6347=CARTESIAN_POINT('',(-3.49676543189026E-16,0.,0.931085571632168));
#6348=CARTESIAN_POINT('',(0.108267716535433,0.,0.993593966918446));
#6349=CARTESIAN_POINT('Origin',(-3.49676543189026E-16,0.,0.931085571632168));
#6350=CARTESIAN_POINT('',(-0.108267716535433,0.,0.993593966918446));
#6351=CARTESIAN_POINT('',(-0.108267716535433,0.,0.993593966918446));
#6352=CARTESIAN_POINT('',(-3.49676543189026E-16,0.,0.931085571632168));
#6353=CARTESIAN_POINT('Origin',(-0.895418561280219,0.102362204724409,0.623802677518161));
#6354=CARTESIAN_POINT('',(-0.806343758130613,0.102362204724409,0.59055957638864));
#6355=CARTESIAN_POINT('',(-0.822091789626676,0.118110236220472,0.581467446165182));
#6356=CARTESIAN_POINT('Origin',(-0.822091789626676,0.102362204724409,0.581467446165182));
#6357=CARTESIAN_POINT('',(-0.866373291849449,0.102362204724409,0.625217643840539));
#6358=CARTESIAN_POINT('',(-0.887544545532188,0.102362204724409,0.637440872853349));
#6359=CARTESIAN_POINT('',(-0.874247307597481,0.118110236220472,0.611579448505351));
#6360=CARTESIAN_POINT('Origin',(-0.874247307597481,0.102362204724409,0.611579448505351));
#6361=CARTESIAN_POINT('',(-0.895418561280219,0.118110236220472,0.623802677518161));
#6362=CARTESIAN_POINT('Ctrl Pts',(-0.874247307597481,0.118110236220472,
0.61157944850535));
#6363=CARTESIAN_POINT('Ctrl Pts',(-0.877489183706985,0.118110236220472,
0.613097998491713));
#6364=CARTESIAN_POINT('Ctrl Pts',(-0.885056983801621,0.120977461212838,
0.616661251369471));
#6365=CARTESIAN_POINT('Ctrl Pts',(-0.888697354198031,0.129137994181595,
0.618390537622552));
#6366=CARTESIAN_POINT('Ctrl Pts',(-0.888697354198031,0.133858267716536,
0.618390537622552));
#6367=CARTESIAN_POINT('Ctrl Pts',(-0.872185895095125,0.118110236220472,
0.615149919694788));
#6368=CARTESIAN_POINT('Ctrl Pts',(-0.875395955875433,0.118192113169263,
0.616708794252748));
#6369=CARTESIAN_POINT('Ctrl Pts',(-0.882771797470982,0.121256542216991,
0.620287862932129));
#6370=CARTESIAN_POINT('Ctrl Pts',(-0.8862161080657,0.129260591605897,0.621956369792937));
#6371=CARTESIAN_POINT('Ctrl Pts',(-0.8862161080657,0.133858267716536,0.621956369792937));
#6372=CARTESIAN_POINT('Ctrl Pts',(-0.868080330381529,0.114696159156313,
0.622260966372498));
#6373=CARTESIAN_POINT('Ctrl Pts',(-0.871876604484547,0.114845947812608,
0.6243494584001));
#6374=CARTESIAN_POINT('Ctrl Pts',(-0.880495670981802,0.118687021008459,
0.629084494983585));
#6375=CARTESIAN_POINT('Ctrl Pts',(-0.884409194949671,0.128318479349713,
0.631228240973845));
#6376=CARTESIAN_POINT('Ctrl Pts',(-0.884409194949671,0.133858267716536,
0.631228240973845));
#6377=CARTESIAN_POINT('Ctrl Pts',(-0.866373291849449,0.106485029729121,
0.625217643840538));
#6378=CARTESIAN_POINT('Ctrl Pts',(-0.871706183927483,0.106536502802469,
0.628298509451958));
#6379=CARTESIAN_POINT('Ctrl Pts',(-0.884091008500894,0.111643685714599,
0.635450379157819));
#6380=CARTESIAN_POINT('Ctrl Pts',(-0.889987690973905,0.12572749486508,0.638851423531794));
#6381=CARTESIAN_POINT('Ctrl Pts',(-0.889987690973905,0.133858267716536,
0.638851423531794));
#6382=CARTESIAN_POINT('Ctrl Pts',(-0.866373291849449,0.102362204724409,
0.625217643840538));
#6383=CARTESIAN_POINT('Ctrl Pts',(-0.872505099879958,0.102362204724409,
0.628757844857571));
#6384=CARTESIAN_POINT('Ctrl Pts',(-0.886838704116603,0.10809665470914,0.637033355122056));
#6385=CARTESIAN_POINT('Ctrl Pts',(-0.893749845420152,0.124417720646654,
0.641023504414068));
#6386=CARTESIAN_POINT('Ctrl Pts',(-0.893749845420152,0.133858267716536,
0.641023504414068));
#6387=CARTESIAN_POINT('Ctrl Pts',(-0.888697354198031,0.133858267716536,
0.618390537622552));
#6388=CARTESIAN_POINT('Ctrl Pts',(-0.888697354198031,0.131762719017864,
0.618390537622552));
#6389=CARTESIAN_POINT('Ctrl Pts',(-0.888285919085312,0.12967433605698,0.618195095048741));
#6390=CARTESIAN_POINT('Ctrl Pts',(-0.887536798919113,0.127750592536197,
0.617840144333082));
#6391=CARTESIAN_POINT('Ctrl Pts',(-0.886804503479409,0.125870054978948,
0.617493165567691));
#6392=CARTESIAN_POINT('Ctrl Pts',(-0.885748978034995,0.124139072126124,
0.616993501376638));
#6393=CARTESIAN_POINT('Ctrl Pts',(-0.884427709170673,0.122689807650349,
0.616369582118099));
#6394=CARTESIAN_POINT('Ctrl Pts',(-0.884056730124827,0.122282890657965,
0.61619440129195));
#6395=CARTESIAN_POINT('Ctrl Pts',(-0.883665075043353,0.121898579543981,
0.61600947387666));
#6396=CARTESIAN_POINT('Ctrl Pts',(-0.883254350976378,0.12154011055066,0.615815610227031));
#6397=CARTESIAN_POINT('Ctrl Pts',(-0.882196514123714,0.120616858805355,
0.615316306364758));
#6398=CARTESIAN_POINT('Ctrl Pts',(-0.881012091705392,0.119865372757628,
0.614757684093384));
#6399=CARTESIAN_POINT('Ctrl Pts',(-0.879758636534678,0.119304767524652,
0.61416768420702));
#6400=CARTESIAN_POINT('Ctrl Pts',(-0.878015620331054,0.11852520713211,0.613347248513668));
#6401=CARTESIAN_POINT('Ctrl Pts',(-0.876133647369892,0.118110236220472,
0.61246304218349));
#6402=CARTESIAN_POINT('Ctrl Pts',(-0.874247307597481,0.118110236220472,
0.61157944850535));
#6403=CARTESIAN_POINT('',(-0.879193733159021,0.10602886175979,0.63261952908175));
#6404=CARTESIAN_POINT('Ctrl Pts',(-0.866373291849449,0.102362204724409,
0.625217643840538));
#6405=CARTESIAN_POINT('Ctrl Pts',(-0.870819309390967,0.102362204724409,
0.627784553264956));
#6406=CARTESIAN_POINT('Ctrl Pts',(-0.875271196853892,0.103654257424262,
0.630354851690077));
#6407=CARTESIAN_POINT('Ctrl Pts',(-0.879205010533897,0.106042755761035,
0.63262604007717));
#6408=CARTESIAN_POINT('Ctrl Pts',(-0.879193733159021,0.10602886175979,0.63261952908175));
#6409=CARTESIAN_POINT('Ctrl Pts',(-0.879047039388208,0.107930066349534,
0.632534835393682));
#6410=CARTESIAN_POINT('Ctrl Pts',(-0.879068587798432,0.110319435264114,
0.632217469885599));
#6411=CARTESIAN_POINT('Ctrl Pts',(-0.879807681095008,0.114332856136777,
0.630997648617514));
#6412=CARTESIAN_POINT('Ctrl Pts',(-0.880073905940205,0.115419858337937,
0.630602914507823));
#6413=CARTESIAN_POINT('Ctrl Pts',(-0.880377071721925,0.116458261592411,
0.630179383958263));
#6414=CARTESIAN_POINT('Origin',(-0.914611474666046,0.,0.653067971674919));
#6415=CARTESIAN_POINT('',(-0.806343758130613,0.,0.59055957638864));
#6416=CARTESIAN_POINT('',(-0.806343758130613,0.,0.59055957638864));
#6417=CARTESIAN_POINT('',(-0.914611474666046,0.,0.653067971674919));
#6418=CARTESIAN_POINT('',(-0.914611474666046,0.,0.653067971674919));
#6419=CARTESIAN_POINT('',(-0.914611474666046,0.0268545658063703,0.653067971674919));
#6420=CARTESIAN_POINT('',(-0.914611474666046,0.,0.653067971674919));
#6421=CARTESIAN_POINT('Ctrl Pts',(-0.879193733159021,0.10602886175979,0.63261952908175));
#6422=CARTESIAN_POINT('Ctrl Pts',(-0.880108757248108,0.0941698169737997,
0.633147818485899));
#6423=CARTESIAN_POINT('Ctrl Pts',(-0.882871108086912,0.0816713504739628,
0.634742662486279));
#6424=CARTESIAN_POINT('Ctrl Pts',(-0.891437677692312,0.0578608993407146,
0.639688573753988));
#6425=CARTESIAN_POINT('Ctrl Pts',(-0.899884153350097,0.0433186947189472,
0.644565148748714));
#6426=CARTESIAN_POINT('Ctrl Pts',(-0.910633549109743,0.0309427946792315,
0.650771315284171));
#6427=CARTESIAN_POINT('Ctrl Pts',(-0.91256720038186,0.028872295226263,0.651887709366646));
#6428=CARTESIAN_POINT('Ctrl Pts',(-0.914611474666046,0.0268545658063703,
0.653067971674919));
#6429=CARTESIAN_POINT('Origin',(-0.822091789626676,0.102362204724409,0.559305378745501));
#6430=CARTESIAN_POINT('',(-0.822091789626676,0.118110236220472,0.474634916039542));
#6431=CARTESIAN_POINT('',(-0.822091789626676,0.118110236220472,0.559305378745501));
#6432=CARTESIAN_POINT('',(-0.806343758130613,0.102362204724409,0.465542785816083));
#6433=CARTESIAN_POINT('Origin',(-0.822091789626676,0.102362204724409,0.474634916039542));
#6434=CARTESIAN_POINT('',(-0.806343758130613,0.102362204724409,0.559305378745501));
#6435=CARTESIAN_POINT('Origin',(-0.914611474666046,0.118110236220472,0.528051181102362));
#6436=CARTESIAN_POINT('',(-0.882324674832261,0.118110236220472,0.599867439404489));
#6437=CARTESIAN_POINT('Origin',(0.,0.118110236220472,0.));
#6438=CARTESIAN_POINT('',(-0.960662778843541,0.118110236220472,0.464181863088337));
#6439=CARTESIAN_POINT('Origin',(-0.914611474666046,0.118110236220472,0.528051181102362));
#6440=CARTESIAN_POINT('',(-0.966766992636851,0.118110236220472,0.451330653316891));
#6441=CARTESIAN_POINT('Origin',(0.,0.118110236220472,0.));
#6442=CARTESIAN_POINT('',(-0.914611474666046,0.118110236220472,0.421218650976722));
#6443=CARTESIAN_POINT('',(-0.933804388051873,0.118110236220472,0.432299684686563));
#6444=CARTESIAN_POINT('',(-0.841284703012503,0.118110236220472,0.463553882329702));
#6445=CARTESIAN_POINT('Origin',(-0.933804388051873,0.102362204724409,0.432299684686563));
#6446=CARTESIAN_POINT('',(-0.914611474666046,0.102362204724409,0.403034390529805));
#6447=CARTESIAN_POINT('Origin',(-0.914611474666046,0.102362204724409,0.421218650976722));
#6448=CARTESIAN_POINT('',(-0.974641008384883,0.102362204724409,0.437692457981703));
#6449=CARTESIAN_POINT('Origin',(-0.966766992636851,0.102362204724409,0.451330653316891));
#6450=CARTESIAN_POINT('',(-0.941678403799904,0.102362204724409,0.418661489351375));
#6451=CARTESIAN_POINT('Ctrl Pts',(-0.979890592140062,0.133858267716535,
0.460439216200235));
#6452=CARTESIAN_POINT('Ctrl Pts',(-0.979890592140062,0.129137994450661,
0.460439216200235));
#6453=CARTESIAN_POINT('Ctrl Pts',(-0.976572805226876,0.120977454832028,
0.458151208978959));
#6454=CARTESIAN_POINT('Ctrl Pts',(-0.969703033484094,0.118110236220472,
0.453378925339804));
#6455=CARTESIAN_POINT('Ctrl Pts',(-0.966766992636851,0.118110236220472,
0.451330653316891));
#6456=CARTESIAN_POINT('Ctrl Pts',(-0.981738070319082,0.133858267716535,
0.456507477931403));
#6457=CARTESIAN_POINT('Ctrl Pts',(-0.981738070319082,0.129260591867975,
0.456507477931403));
#6458=CARTESIAN_POINT('Ctrl Pts',(-0.978570955826708,0.12125652963941,0.454358877010013));
#6459=CARTESIAN_POINT('Ctrl Pts',(-0.971783460424783,0.118192113167238,
0.449760738982434));
#6460=CARTESIAN_POINT('Ctrl Pts',(-0.968828405139207,0.118110236220472,
0.447760182127454));
#6461=CARTESIAN_POINT('Ctrl Pts',(-0.988864199210226,0.133858267716535,
0.45030642106523));
#6462=CARTESIAN_POINT('Ctrl Pts',(-0.988864199210226,0.128318479665494,
0.45030642106523));
#6463=CARTESIAN_POINT('Ctrl Pts',(-0.985051017380666,0.118687133505514,
0.447989172661422));
#6464=CARTESIAN_POINT('Ctrl Pts',(-0.976640881754999,0.114846123390626,
0.442892407135168));
#6465=CARTESIAN_POINT('Ctrl Pts',(-0.972934057643664,0.114696334738035,
0.440648983391511));
#6466=CARTESIAN_POINT('Ctrl Pts',(-0.998255407509338,0.133858267716535,
0.451326237672959));
#6467=CARTESIAN_POINT('Ctrl Pts',(-0.998255407509338,0.125727495328553,
0.451326237672959));
#6468=CARTESIAN_POINT('Ctrl Pts',(-0.992361683664645,0.111643673451571,
0.447920089460882));
#6469=CARTESIAN_POINT('Ctrl Pts',(-0.979975562177099,0.106536502801196,
0.440770445115085));
#6470=CARTESIAN_POINT('Ctrl Pts',(-0.974641008384882,0.106485029729121,
0.437692457981703));
#6471=CARTESIAN_POINT('Ctrl Pts',(-1.00201756195559,0.133858267716535,0.453498318555233));
#6472=CARTESIAN_POINT('Ctrl Pts',(-1.00201756195559,0.124417721184787,0.453498318555233));
#6473=CARTESIAN_POINT('Ctrl Pts',(-0.995106429255299,0.108096641947521,
0.449508174230317));
#6474=CARTESIAN_POINT('Ctrl Pts',(-0.980772816263737,0.10236220472441,0.441232658911179));
#6475=CARTESIAN_POINT('Ctrl Pts',(-0.974641008384882,0.10236220472441,0.437692457981703));
#6476=CARTESIAN_POINT('',(-0.987461449694454,0.10602886175979,0.445094343222914));
#6477=CARTESIAN_POINT('Ctrl Pts',(-0.985933000271208,0.116462599817863,
0.447352099107799));
#6478=CARTESIAN_POINT('Ctrl Pts',(-0.985987303280828,0.116200871037654,
0.447233832164851));
#6479=CARTESIAN_POINT('Ctrl Pts',(-0.986041322812779,0.115936171577284,
0.447118463543981));
#6480=CARTESIAN_POINT('Ctrl Pts',(-0.986094853355983,0.115668539884,0.447006396127936));
#6481=CARTESIAN_POINT('Ctrl Pts',(-0.986381156771004,0.114237135247178,
0.446407013382961));
#6482=CARTESIAN_POINT('Ctrl Pts',(-0.986652410149553,0.112718800934162,
0.445901135808157));
#6483=CARTESIAN_POINT('Ctrl Pts',(-0.986886974919394,0.111138720105223,
0.445558634699348));
#6484=CARTESIAN_POINT('Ctrl Pts',(-0.987135198756946,0.109466628736741,
0.445196189223619));
#6485=CARTESIAN_POINT('Ctrl Pts',(-0.987338743697813,0.107761587168617,
0.44502263320962));
#6486=CARTESIAN_POINT('Ctrl Pts',(-0.987472730371631,0.106042751152923,
0.445100856124919));
#6487=CARTESIAN_POINT('Ctrl Pts',(-0.987472730371631,0.106042751152923,
0.445100856124919));
#6488=CARTESIAN_POINT('Ctrl Pts',(-0.983538915356497,0.103654254587998,
0.442829666966989));
#6489=CARTESIAN_POINT('Ctrl Pts',(-0.97908702588373,0.10236220472441,0.440259367381484));
#6490=CARTESIAN_POINT('Ctrl Pts',(-0.974641008384882,0.10236220472441,0.437692457981703));
#6491=CARTESIAN_POINT('Ctrl Pts',(-0.966766992636851,0.118110236220472,
0.451330653316891));
#6492=CARTESIAN_POINT('Ctrl Pts',(-0.968475469940814,0.118110236220472,
0.452522539413018));
#6493=CARTESIAN_POINT('Ctrl Pts',(-0.970182294262636,0.118525251010704,
0.453710336996563));
#6494=CARTESIAN_POINT('Ctrl Pts',(-0.971764393635981,0.119304892681427,
0.454809666077268));
#6495=CARTESIAN_POINT('Ctrl Pts',(-0.972901980706625,0.119865483437793,
0.455600123724659));
#6496=CARTESIAN_POINT('Ctrl Pts',(-0.973977884162388,0.12061692552609,0.456346490735465));
#6497=CARTESIAN_POINT('Ctrl Pts',(-0.974939140056146,0.12154010748151,0.457012902096266));
#6498=CARTESIAN_POINT('Ctrl Pts',(-0.975312648532386,0.121898821833952,
0.457271844895512));
#6499=CARTESIAN_POINT('Ctrl Pts',(-0.975668859726631,0.122283413708687,
0.457518724996412));
#6500=CARTESIAN_POINT('Ctrl Pts',(-0.976006265212534,0.122690640033164,
0.457752553796776));
#6501=CARTESIAN_POINT('Ctrl Pts',(-0.977207310806773,0.124140223407786,
0.458584902594343));
#6502=CARTESIAN_POINT('Ctrl Pts',(-0.978167795734656,0.125871577888325,
0.459249182024774));
#6503=CARTESIAN_POINT('Ctrl Pts',(-0.978834333653459,0.127752489400979,
0.459709808095445));
#6504=CARTESIAN_POINT('Ctrl Pts',(-0.979515863017166,0.12967570545553,0.460180794342433));
#6505=CARTESIAN_POINT('Ctrl Pts',(-0.979890592140062,0.131763408091174,
0.460439216200235));
#6506=CARTESIAN_POINT('Ctrl Pts',(-0.979890592140062,0.133858267716535,
0.460439216200235));
#6507=CARTESIAN_POINT('Origin',(0.,0.133858267716535,0.));
#6508=CARTESIAN_POINT('Origin',(-0.960662778843541,0.133858267716535,0.464181863088336));
#6509=CARTESIAN_POINT('Origin',(-0.882324674832261,0.133858267716535,0.599867439404489));
#6510=CARTESIAN_POINT('Origin',(-0.882324674832261,0.133858267716535,0.599867439404489));
#6511=CARTESIAN_POINT('',(-0.888782034799018,0.133858267716535,0.585504187744064));
#6512=CARTESIAN_POINT('Origin',(-0.882324674832261,0.133858267716535,0.599867439404489));
#6513=CARTESIAN_POINT('Origin',(-0.882324674832261,0.133858267716535,0.599867439404489));
#6514=CARTESIAN_POINT('Origin',(-0.882324674832261,0.295275590551181,0.599867439404489));
#6515=CARTESIAN_POINT('',(-0.888782034799018,0.196850393700787,0.585504187744064));
#6516=CARTESIAN_POINT('',(-0.888782034799018,0.295275590551181,0.585504187744064));
#6517=CARTESIAN_POINT('',(-0.891082453163309,0.196850393700787,0.586779207487801));
#6518=CARTESIAN_POINT('Ctrl Pts',(-0.895347917265209,0.21259842519685,0.608721571351419));
#6519=CARTESIAN_POINT('Ctrl Pts',(-0.89536893774298,0.21256131090604,0.608690653043481));
#6520=CARTESIAN_POINT('Ctrl Pts',(-0.895389848179438,0.212524196504322,
0.608659659786502));
#6521=CARTESIAN_POINT('Ctrl Pts',(-0.896326039687775,0.210853732041052,
0.607261330428332));
#6522=CARTESIAN_POINT('Ctrl Pts',(-0.897033021387389,0.209211679761732,
0.605741831369164));
#6523=CARTESIAN_POINT('Ctrl Pts',(-0.897922090268231,0.206108254448498,
0.602570282842596));
#6524=CARTESIAN_POINT('Ctrl Pts',(-0.898132284781738,0.204623335046833,
0.600908516913406));
#6525=CARTESIAN_POINT('Ctrl Pts',(-0.89798126066962,0.201821421865881,0.597408630380256));
#6526=CARTESIAN_POINT('Ctrl Pts',(-0.897598079930725,0.200493010427478,
0.595542162271857));
#6527=CARTESIAN_POINT('Ctrl Pts',(-0.896232342387412,0.198594277392869,
0.592330214988229));
#6528=CARTESIAN_POINT('Ctrl Pts',(-0.895426104768093,0.197921426366964,
0.590977631693966));
#6529=CARTESIAN_POINT('Ctrl Pts',(-0.893456230078363,0.197074536616968,
0.588637366924498));
#6530=CARTESIAN_POINT('Ctrl Pts',(-0.892379114345108,0.19685912551242,0.587657354838941));
#6531=CARTESIAN_POINT('Ctrl Pts',(-0.891132496930754,0.196850480158585,
0.586812797497442));
#6532=CARTESIAN_POINT('Ctrl Pts',(-0.891107493284194,0.196850393700787,
0.586795962678983));
#6533=CARTESIAN_POINT('Ctrl Pts',(-0.891082453163311,0.196850393700787,
0.586779207487795));
#6534=CARTESIAN_POINT('Origin',(-0.882324674832261,0.196850393700787,0.599867439404489));
#6535=CARTESIAN_POINT('Origin',(-0.960662778843541,0.133858267716535,0.464181863088337));
#6536=CARTESIAN_POINT('',(-0.951452518008042,0.133858267716535,0.476955726691142));
#6537=CARTESIAN_POINT('Origin',(-0.960662778843541,0.133858267716535,0.464181863088337));
#6538=CARTESIAN_POINT('Origin',(-0.960662778843541,0.133858267716535,0.464181863088337));
#6539=CARTESIAN_POINT('Origin',(-0.960662778843541,0.295275590551181,0.464181863088337));
#6540=CARTESIAN_POINT('',(-0.951452518008042,0.196850393700787,0.476955726691142));
#6541=CARTESIAN_POINT('',(-0.951452518008042,0.295275590551181,0.476955726691142));
#6542=CARTESIAN_POINT('',(-0.95370692667859,0.196850393700787,0.478310437562083));
#6543=CARTESIAN_POINT('Origin',(-0.960662778843541,0.196850393700787,0.464181863088337));
#6544=CARTESIAN_POINT('Ctrl Pts',(-0.953706926678588,0.196850393700787,
0.478310437562088));
#6545=CARTESIAN_POINT('Ctrl Pts',(-0.955029782163547,0.196850393700787,
0.47896171255137));
#6546=CARTESIAN_POINT('Ctrl Pts',(-0.956414259148159,0.197057251317182,
0.479412705334157));
#6547=CARTESIAN_POINT('Ctrl Pts',(-0.959418354136846,0.197886055024522,
0.479965083967184));
#6548=CARTESIAN_POINT('Ctrl Pts',(-0.960988090756699,0.19854800211559,0.479996930852963));
#6549=CARTESIAN_POINT('Ctrl Pts',(-0.96444250059676,0.200420627286958,0.479598141340782));
#6550=CARTESIAN_POINT('Ctrl Pts',(-0.966246474139689,0.201732725931813,
0.479013163855202));
#6551=CARTESIAN_POINT('Ctrl Pts',(-0.969380260136116,0.204530125936847,
0.477412620395009));
#6552=CARTESIAN_POINT('Ctrl Pts',(-0.970737955356571,0.20603037742118,0.476394124172888));
#6553=CARTESIAN_POINT('Ctrl Pts',(-0.973079541895015,0.209169430065518,
0.47401776076254));
#6554=CARTESIAN_POINT('Ctrl Pts',(-0.974057442655693,0.210832783973789,
0.472629390155284));
#6555=CARTESIAN_POINT('Ctrl Pts',(-0.974809651723635,0.212524196504355,
0.47110052492081));
#6556=CARTESIAN_POINT('Ctrl Pts',(-0.974826037453279,0.212561310906029,
0.471066919323177));
#6557=CARTESIAN_POINT('Ctrl Pts',(-0.974842303254515,0.21259842519685,0.471033255901449));
#6558=CARTESIAN_POINT('Origin',(-0.914611474666046,0.133858267716535,0.528051181102362));
#6559=CARTESIAN_POINT('Origin',(-0.914611474666046,0.133858267716535,0.528051181102362));
#6560=CARTESIAN_POINT('Origin',(0.,0.21259842519685,0.));
#6561=CARTESIAN_POINT('Origin',(0.,0.196850393700787,0.));
#6562=CARTESIAN_POINT('Origin',(0.,0.133858267716535,0.));
#6563=CARTESIAN_POINT('Origin',(-0.914611474666046,0.196850393700787,0.528051181102362));
#6564=CARTESIAN_POINT('Origin',(-0.914611474666046,0.196850393700787,0.528051181102362));
#6565=CARTESIAN_POINT('Origin',(-0.841284703012503,0.102362204724409,0.463553882329702));
#6566=CARTESIAN_POINT('',(-0.833410687264471,0.102362204724409,0.449915686994514));
#6567=CARTESIAN_POINT('Origin',(-0.806343758130613,0.,0.59055957638864));
#6568=CARTESIAN_POINT('',(-0.806343758130613,0.,0.465542785816083));
#6569=CARTESIAN_POINT('',(-0.806343758130613,0.,0.465542785816083));
#6570=CARTESIAN_POINT('',(-0.806343758130613,0.,0.59055957638864));
#6571=CARTESIAN_POINT('Origin',(-0.806343758130613,0.,0.465542785816083));
#6572=CARTESIAN_POINT('',(-0.914611474666046,0.,0.403034390529805));
#6573=CARTESIAN_POINT('',(-0.914611474666046,0.,0.403034390529805));
#6574=CARTESIAN_POINT('',(-0.806343758130613,0.,0.465542785816083));
#6575=CARTESIAN_POINT('Origin',(-0.987938246319589,0.102362204724409,-0.463553882329702));
#6576=CARTESIAN_POINT('',(-0.914611474666046,0.102362204724409,-0.403034390529805));
#6577=CARTESIAN_POINT('',(-0.914611474666046,0.118110236220472,-0.421218650976723));
#6578=CARTESIAN_POINT('Origin',(-0.914611474666046,0.102362204724409,-0.421218650976723));
#6579=CARTESIAN_POINT('',(-0.974641008384882,0.102362204724409,-0.437692457981703));
#6580=CARTESIAN_POINT('',(-0.995812262067621,0.102362204724409,-0.449915686994514));
#6581=CARTESIAN_POINT('',(-0.966766992636851,0.118110236220472,-0.451330653316891));
#6582=CARTESIAN_POINT('Origin',(-0.966766992636851,0.102362204724409,-0.451330653316891));
#6583=CARTESIAN_POINT('',(-0.987938246319589,0.118110236220472,-0.463553882329702));
#6584=CARTESIAN_POINT('Ctrl Pts',(-0.966766992636851,0.118110236220472,
-0.451330653316891));
#6585=CARTESIAN_POINT('Ctrl Pts',(-0.970681713766508,0.118110236220473,
-0.454061682680775));
#6586=CARTESIAN_POINT('Ctrl Pts',(-0.977472095914259,0.122050175885611,
-0.458771670619963));
#6587=CARTESIAN_POINT('Ctrl Pts',(-0.979890592140062,0.13031806276713,-0.460439216200236));
#6588=CARTESIAN_POINT('Ctrl Pts',(-0.979890592140062,0.133858267716535,
-0.460439216200236));
#6589=CARTESIAN_POINT('Ctrl Pts',(-0.968828405139206,0.118110236220472,
-0.447760182127454));
#6590=CARTESIAN_POINT('Ctrl Pts',(-0.972768478853307,0.118219405482826,
-0.450427591267427));
#6591=CARTESIAN_POINT('Ctrl Pts',(-0.979437392514433,0.122337929341985,
-0.4549458402757));
#6592=CARTESIAN_POINT('Ctrl Pts',(-0.981738070319082,0.130410010830115,
-0.456507477931403));
#6593=CARTESIAN_POINT('Ctrl Pts',(-0.981738070319082,0.133858267716535,
-0.456507477931403));
#6594=CARTESIAN_POINT('Ctrl Pts',(-0.972934057643664,0.114696334738035,
-0.440648983391511));
#6595=CARTESIAN_POINT('Ctrl Pts',(-0.97787648979211,0.11489605294149,-0.44364021504972));
#6596=CARTESIAN_POINT('Ctrl Pts',(-0.986089574658774,0.11999144068092,-0.448619752112195));
#6597=CARTESIAN_POINT('Ctrl Pts',(-0.988864199210226,0.129703426678254,
-0.45030642106523));
#6598=CARTESIAN_POINT('Ctrl Pts',(-0.988864199210226,0.133858267716535,
-0.45030642106523));
#6599=CARTESIAN_POINT('Ctrl Pts',(-0.974641008384882,0.10648502972912,-0.437692457981703));
#6600=CARTESIAN_POINT('Ctrl Pts',(-0.981753746774504,0.106553660491888,
-0.441796440826212));
#6601=CARTESIAN_POINT('Ctrl Pts',(-0.993962310673697,0.113510949605382,
-0.448846255264033));
#6602=CARTESIAN_POINT('Ctrl Pts',(-0.998255407509338,0.127760188425549,
-0.451326237672959));
#6603=CARTESIAN_POINT('Ctrl Pts',(-0.998255407509338,0.133858267716535,
-0.451326237672959));
#6604=CARTESIAN_POINT('Ctrl Pts',(-0.974641008384882,0.102362204724409,
-0.437692457981703));
#6605=CARTESIAN_POINT('Ctrl Pts',(-0.982816752223355,0.10236220472441,-0.442412725887671));
#6606=CARTESIAN_POINT('Ctrl Pts',(-0.996979905588207,0.110242084054686,
-0.450589826295442));
#6607=CARTESIAN_POINT('Ctrl Pts',(-1.00201756195559,0.126777857817724,-0.453498318555233));
#6608=CARTESIAN_POINT('Ctrl Pts',(-1.00201756195559,0.133858267716535,-0.453498318555233));
#6609=CARTESIAN_POINT('Ctrl Pts',(-0.979890592140062,0.133858267716535,
-0.460439216200236));
#6610=CARTESIAN_POINT('Ctrl Pts',(-0.979890592140062,0.13031806276713,-0.460439216200236));
#6611=CARTESIAN_POINT('Ctrl Pts',(-0.978854093757575,0.12677468267505,-0.45972455380869));
#6612=CARTESIAN_POINT('Ctrl Pts',(-0.977014595920036,0.12402623166353,-0.458451075473671));
#6613=CARTESIAN_POINT('Ctrl Pts',(-0.974561932136652,0.120361630314837,
-0.456753104360311));
#6614=CARTESIAN_POINT('Ctrl Pts',(-0.970681713766508,0.118110236220473,
-0.454061682680775));
#6615=CARTESIAN_POINT('Ctrl Pts',(-0.966766992636851,0.118110236220472,
-0.451330653316891));
#6616=CARTESIAN_POINT('',(-0.987461449694454,0.10602886175979,-0.445094343222914));
#6617=CARTESIAN_POINT('Ctrl Pts',(-0.974641008384882,0.102362204724409,
-0.437692457981703));
#6618=CARTESIAN_POINT('Ctrl Pts',(-0.979087025883729,0.102362204724409,
-0.440259367381485));
#6619=CARTESIAN_POINT('Ctrl Pts',(-0.983508642138257,0.103693790974854,
-0.442812188716289));
#6620=CARTESIAN_POINT('Ctrl Pts',(-0.987439931879155,0.10608737426367,-0.445081919906459));
#6621=CARTESIAN_POINT('Ctrl Pts',(-0.987461449694454,0.10602886175979,-0.445094343222914));
#6622=CARTESIAN_POINT('Ctrl Pts',(-0.98731475592363,0.107930066349676,-0.445009649534841));
#6623=CARTESIAN_POINT('Ctrl Pts',(-0.987050683536407,0.110319435264768,
-0.44518699375956));
#6624=CARTESIAN_POINT('Ctrl Pts',(-0.986363833978336,0.114332856137728,
-0.446436977964571));
#6625=CARTESIAN_POINT('Ctrl Pts',(-0.986155096634289,0.115419858338397,
-0.446864902498312));
#6626=CARTESIAN_POINT('Ctrl Pts',(-0.985939891310046,0.116458261592411,
-0.44733921704141));
#6627=CARTESIAN_POINT('Origin',(-1.02287919120148,0.,-0.465542785816084));
#6628=CARTESIAN_POINT('',(-0.914611474666046,0.,-0.403034390529805));
#6629=CARTESIAN_POINT('',(-0.914611474666046,0.,-0.403034390529805));
#6630=CARTESIAN_POINT('',(-1.02287919120148,0.,-0.465542785816084));
#6631=CARTESIAN_POINT('',(-1.02287919120148,0.,-0.465542785816084));
#6632=CARTESIAN_POINT('',(-1.02287919120148,0.0268545658063704,-0.465542785816084));
#6633=CARTESIAN_POINT('',(-1.02287919120148,0.,-0.465542785816084));
#6634=CARTESIAN_POINT('Ctrl Pts',(-0.987461449694454,0.10602886175979,-0.445094343222915));
#6635=CARTESIAN_POINT('Ctrl Pts',(-0.988376473783541,0.0941698169737996,
-0.445622632627064));
#6636=CARTESIAN_POINT('Ctrl Pts',(-0.991138824622345,0.0816713504739628,
-0.447217476627444));
#6637=CARTESIAN_POINT('Ctrl Pts',(-0.999705394227745,0.0578608993407147,
-0.452163387895153));
#6638=CARTESIAN_POINT('Ctrl Pts',(-1.00815186988553,0.0433186947189472,
-0.457039962889879));
#6639=CARTESIAN_POINT('Ctrl Pts',(-1.01890126564518,0.0309427946792315,
-0.463246129425336));
#6640=CARTESIAN_POINT('Ctrl Pts',(-1.02083491691729,0.0288722952262632,
-0.464362523507811));
#6641=CARTESIAN_POINT('Ctrl Pts',(-1.02287919120148,0.0268545658063704,
-0.465542785816084));
#6642=CARTESIAN_POINT('Origin',(-0.895418561280219,0.102362204724409,-0.432299684686563));
#6643=CARTESIAN_POINT('',(-0.822091789626676,0.118110236220472,-0.474634916039543));
#6644=CARTESIAN_POINT('',(-0.895418561280219,0.118110236220472,-0.432299684686563));
#6645=CARTESIAN_POINT('',(-0.806343758130613,0.102362204724409,-0.465542785816084));
#6646=CARTESIAN_POINT('Origin',(-0.822091789626676,0.102362204724409,-0.474634916039543));
#6647=CARTESIAN_POINT('',(-0.887544545532187,0.102362204724409,-0.418661489351375));
#6648=CARTESIAN_POINT('Origin',(-0.914611474666046,0.118110236220472,-0.528051181102362));
#6649=CARTESIAN_POINT('',(-0.96066277884354,0.118110236220472,-0.464181863088337));
#6650=CARTESIAN_POINT('Origin',(0.,0.118110236220472,0.));
#6651=CARTESIAN_POINT('',(-0.88232467483226,0.118110236220472,-0.599867439404489));
#6652=CARTESIAN_POINT('Origin',(-0.914611474666046,0.118110236220472,-0.528051181102362));
#6653=CARTESIAN_POINT('',(-0.874247307597481,0.118110236220472,-0.611579448505351));
#6654=CARTESIAN_POINT('Origin',(0.,0.118110236220472,0.));
#6655=CARTESIAN_POINT('',(-0.822091789626676,0.118110236220472,-0.581467446165182));
#6656=CARTESIAN_POINT('',(-0.841284703012502,0.118110236220472,-0.592548479875022));
#6657=CARTESIAN_POINT('',(-0.822091789626676,0.118110236220472,-0.496796983459223));
#6658=CARTESIAN_POINT('Origin',(-0.841284703012502,0.102362204724409,-0.592548479875022));
#6659=CARTESIAN_POINT('',(-0.806343758130613,0.102362204724409,-0.590559576388641));
#6660=CARTESIAN_POINT('Origin',(-0.822091789626676,0.102362204724409,-0.581467446165182));
#6661=CARTESIAN_POINT('',(-0.866373291849449,0.102362204724409,-0.625217643840539));
#6662=CARTESIAN_POINT('Origin',(-0.874247307597481,0.102362204724409,-0.611579448505351));
#6663=CARTESIAN_POINT('',(-0.833410687264471,0.102362204724409,-0.60618667521021));
#6664=CARTESIAN_POINT('Ctrl Pts',(-0.88869735419803,0.133858267716535,-0.618390537622552));
#6665=CARTESIAN_POINT('Ctrl Pts',(-0.88869735419803,0.13031806256533,-0.618390537622552));
#6666=CARTESIAN_POINT('Ctrl Pts',(-0.886043963767158,0.122050181360348,
-0.617129828645341));
#6667=CARTESIAN_POINT('Ctrl Pts',(-0.87856980907682,0.118110236220472,-0.6136041818205));
#6668=CARTESIAN_POINT('Ctrl Pts',(-0.874247307597481,0.118110236220472,
-0.611579448505351));
#6669=CARTESIAN_POINT('Ctrl Pts',(-0.8862161080657,0.133858267716535,-0.621956369792937));
#6670=CARTESIAN_POINT('Ctrl Pts',(-0.8862161080657,0.130410010633556,-0.621956369792937));
#6671=CARTESIAN_POINT('Ctrl Pts',(-0.88371334284687,0.122337943407594,-0.620744738737095));
#6672=CARTESIAN_POINT('Ctrl Pts',(-0.876465976135536,0.118219405485526,
-0.617228419105402));
#6673=CARTESIAN_POINT('Ctrl Pts',(-0.872185895095125,0.118110236220472,
-0.615149919694788));
#6674=CARTESIAN_POINT('Ctrl Pts',(-0.88440919494967,0.133858267716535,-0.631228240973845));
#6675=CARTESIAN_POINT('Ctrl Pts',(-0.88440919494967,0.129703426441418,-0.631228240973845));
#6676=CARTESIAN_POINT('Ctrl Pts',(-0.881561107861667,0.11999137829921,-0.629668647340495));
#6677=CARTESIAN_POINT('Ctrl Pts',(-0.873142029185553,0.114895877364707,
-0.625045622409301));
#6678=CARTESIAN_POINT('Ctrl Pts',(-0.868080330381529,0.114696159156313,
-0.622260966372499));
#6679=CARTESIAN_POINT('Ctrl Pts',(-0.889987690973905,0.133858267716535,
-0.638851423531794));
#6680=CARTESIAN_POINT('Ctrl Pts',(-0.889987690973905,0.127760188077944,
-0.638851423531794));
#6681=CARTESIAN_POINT('Ctrl Pts',(-0.885693404700837,0.113510960822139,
-0.636373479017715));
#6682=CARTESIAN_POINT('Ctrl Pts',(-0.87348381462016,0.106553660493585,-0.629325464655766));
#6683=CARTESIAN_POINT('Ctrl Pts',(-0.866373291849449,0.10648502972912,-0.625217643840539));
#6684=CARTESIAN_POINT('Ctrl Pts',(-0.893749845420152,0.133858267716535,
-0.641023504414068));
#6685=CARTESIAN_POINT('Ctrl Pts',(-0.893749845420152,0.126777857414124,
-0.641023504414068));
#6686=CARTESIAN_POINT('Ctrl Pts',(-0.88871217865087,0.110242095004161,-0.638115006148736));
#6687=CARTESIAN_POINT('Ctrl Pts',(-0.874549035890127,0.102362204724409,
-0.62993791186325));
#6688=CARTESIAN_POINT('Ctrl Pts',(-0.866373291849449,0.102362204724409,
-0.625217643840539));
#6689=CARTESIAN_POINT('',(-0.879193733159021,0.10602886175979,-0.63261952908175));
#6690=CARTESIAN_POINT('Ctrl Pts',(-0.88037181684539,0.116478893727263,-0.630159372877625));
#6691=CARTESIAN_POINT('Ctrl Pts',(-0.879938700945071,0.115003069340319,
-0.630757029155368));
#6692=CARTESIAN_POINT('Ctrl Pts',(-0.879582173696466,0.113426892199611,
-0.631300956544571));
#6693=CARTESIAN_POINT('Ctrl Pts',(-0.879356680416613,0.111773994241316,
-0.631725572880189));
#6694=CARTESIAN_POINT('Ctrl Pts',(-0.87932951567303,0.111574872789741,-0.631776725596959));
#6695=CARTESIAN_POINT('Ctrl Pts',(-0.879304278692059,0.111374694084034,
-0.631826155903719));
#6696=CARTESIAN_POINT('Ctrl Pts',(-0.879281087838203,0.111173545296701,
-0.631873757940221));
#6697=CARTESIAN_POINT('Ctrl Pts',(-0.879088785704564,0.109505588557253,
-0.632268481361856));
#6698=CARTESIAN_POINT('Ctrl Pts',(-0.879038805689559,0.107803635262109,
-0.632530763609689));
#6699=CARTESIAN_POINT('Ctrl Pts',(-0.879172212049936,0.106087377528553,
-0.632607103863627));
#6700=CARTESIAN_POINT('Ctrl Pts',(-0.879172212049936,0.106087377528553,
-0.632607103863626));
#6701=CARTESIAN_POINT('Ctrl Pts',(-0.875240923837166,0.103693792784851,
-0.630337373555722));
#6702=CARTESIAN_POINT('Ctrl Pts',(-0.870819309390967,0.102362204724409,
-0.627784553264956));
#6703=CARTESIAN_POINT('Ctrl Pts',(-0.866373291849449,0.102362204724409,
-0.625217643840539));
#6704=CARTESIAN_POINT('Ctrl Pts',(-0.874247307597481,0.118110236220472,
-0.611579448505351));
#6705=CARTESIAN_POINT('Ctrl Pts',(-0.87856980907682,0.118110236220472,-0.6136041818205));
#6706=CARTESIAN_POINT('Ctrl Pts',(-0.882840754614156,0.120361633443258,
-0.615618837148981));
#6707=CARTESIAN_POINT('Ctrl Pts',(-0.88553757304636,0.12402623427914,-0.616893920935378));
#6708=CARTESIAN_POINT('Ctrl Pts',(-0.887560186870514,0.126774684906052,
-0.617850233775176));
#6709=CARTESIAN_POINT('Ctrl Pts',(-0.88869735419803,0.13031806256533,-0.618390537622552));
#6710=CARTESIAN_POINT('Ctrl Pts',(-0.88869735419803,0.133858267716535,-0.618390537622552));
#6711=CARTESIAN_POINT('Origin',(0.,0.133858267716535,0.));
#6712=CARTESIAN_POINT('Origin',(-0.88232467483226,0.133858267716535,-0.59986743940449));
#6713=CARTESIAN_POINT('Origin',(-0.960662778843541,0.133858267716535,-0.464181863088337));
#6714=CARTESIAN_POINT('Origin',(-0.960662778843541,0.133858267716535,-0.464181863088337));
#6715=CARTESIAN_POINT('',(-0.951452518008042,0.133858267716535,-0.476955726691142));
#6716=CARTESIAN_POINT('Origin',(-0.960662778843541,0.133858267716535,-0.464181863088337));
#6717=CARTESIAN_POINT('Origin',(-0.96066277884354,0.133858267716535,-0.464181863088337));
#6718=CARTESIAN_POINT('Origin',(-0.960662778843541,0.295275590551181,-0.464181863088337));
#6719=CARTESIAN_POINT('',(-0.951452518008042,0.196850393700787,-0.476955726691142));
#6720=CARTESIAN_POINT('',(-0.951452518008042,0.295275590551181,-0.476955726691142));
#6721=CARTESIAN_POINT('',(-0.95370692667859,0.196850393700787,-0.478310437562083));
#6722=CARTESIAN_POINT('Ctrl Pts',(-0.974842303254515,0.21259842519685,-0.471033255901449));
#6723=CARTESIAN_POINT('Ctrl Pts',(-0.97482603745328,0.212561310906031,-0.471066919323175));
#6724=CARTESIAN_POINT('Ctrl Pts',(-0.974809651723629,0.212524196504342,
-0.471100524920823));
#6725=CARTESIAN_POINT('Ctrl Pts',(-0.974066758730772,0.210853732041015,
-0.47261045522892));
#6726=CARTESIAN_POINT('Ctrl Pts',(-0.973104324794292,0.209211679761718,
-0.473982468870419));
#6727=CARTESIAN_POINT('Ctrl Pts',(-0.97080221764135,0.206108254448464,-0.476338199370238));
#6728=CARTESIAN_POINT('Ctrl Pts',(-0.96946818338827,0.20462333504679,-0.47735111612327));
#6729=CARTESIAN_POINT('Ctrl Pts',(-0.966361680684126,0.20182142186584,-0.478970268672159));
#6730=CARTESIAN_POINT('Ctrl Pts',(-0.964553681517453,0.200493010427444,
-0.479571658472227));
#6731=CARTESIAN_POINT('Ctrl Pts',(-0.961089184802564,0.198594277392848,
-0.479994868706618));
#6732=CARTESIAN_POINT('Ctrl Pts',(-0.95951469449934,0.197921426366947,-0.479972938093928));
#6733=CARTESIAN_POINT('Ctrl Pts',(-0.956503028412535,0.19707453661696,-0.479437108955076));
#6734=CARTESIAN_POINT('Ctrl Pts',(-0.955115755183803,0.196859125512416,
-0.478994305410036));
#6735=CARTESIAN_POINT('Ctrl Pts',(-0.95376103836395,0.196850480158585,-0.478336981731158));
#6736=CARTESIAN_POINT('Ctrl Pts',(-0.953733957160229,0.196850393700787,
-0.478323745347285));
#6737=CARTESIAN_POINT('Ctrl Pts',(-0.953706926678586,0.196850393700787,
-0.478310437562087));
#6738=CARTESIAN_POINT('Origin',(-0.960662778843541,0.196850393700787,-0.464181863088337));
#6739=CARTESIAN_POINT('Origin',(-0.882324674832261,0.133858267716535,-0.599867439404489));
#6740=CARTESIAN_POINT('',(-0.888782034799018,0.133858267716535,-0.585504187744064));
#6741=CARTESIAN_POINT('Origin',(-0.882324674832261,0.133858267716535,-0.59986743940449));
#6742=CARTESIAN_POINT('Origin',(-0.882324674832261,0.133858267716535,-0.599867439404489));
#6743=CARTESIAN_POINT('Origin',(-0.882324674832261,0.295275590551181,-0.599867439404489));
#6744=CARTESIAN_POINT('',(-0.888782034799018,0.196850393700787,-0.585504187744064));
#6745=CARTESIAN_POINT('',(-0.888782034799018,0.295275590551181,-0.585504187744064));
#6746=CARTESIAN_POINT('',(-0.891082453163309,0.196850393700787,-0.586779207487801));
#6747=CARTESIAN_POINT('Origin',(-0.882324674832261,0.196850393700787,-0.599867439404489));
#6748=CARTESIAN_POINT('Ctrl Pts',(-0.891082453163312,0.196850393700787,
-0.586779207487796));
#6749=CARTESIAN_POINT('Ctrl Pts',(-0.892307901591359,0.196850393700787,
-0.587599196448664));
#6750=CARTESIAN_POINT('Ctrl Pts',(-0.893390711290482,0.197057251317182,
-0.588572692296899));
#6751=CARTESIAN_POINT('Ctrl Pts',(-0.895371132713535,0.197886055024522,
-0.59089812555597));
#6752=CARTESIAN_POINT('Ctrl Pts',(-0.896183581235578,0.19854800211559,-0.592241633903124));
#6753=CARTESIAN_POINT('Ctrl Pts',(-0.897565424307298,0.200420627286958,
-0.595432635335791));
#6754=CARTESIAN_POINT('Ctrl Pts',(-0.897960805715608,0.201732725931813,
-0.597287410994513));
#6755=CARTESIAN_POINT('Ctrl Pts',(-0.898141587417433,0.204530125936845,
-0.600801621007537));
#6756=CARTESIAN_POINT('Ctrl Pts',(-0.897938391425646,0.206030377421176,
-0.602486667670105));
#6757=CARTESIAN_POINT('Ctrl Pts',(-0.897051193612885,0.209169430065511,
-0.605702722802729));
#6758=CARTESIAN_POINT('Ctrl Pts',(-0.896337779777492,0.210832783973812,
-0.607243795007458));
#6759=CARTESIAN_POINT('Ctrl Pts',(-0.895389848179441,0.212524196504318,
-0.608659659786498));
#6760=CARTESIAN_POINT('Ctrl Pts',(-0.895368937742973,0.212561310906052,
-0.608690653043491));
#6761=CARTESIAN_POINT('Ctrl Pts',(-0.895347917265209,0.21259842519685,-0.608721571351419));
#6762=CARTESIAN_POINT('Origin',(-0.914611474666046,0.133858267716535,-0.528051181102362));
#6763=CARTESIAN_POINT('Origin',(-0.914611474666046,0.133858267716535,-0.528051181102362));
#6764=CARTESIAN_POINT('Origin',(0.,0.21259842519685,0.));
#6765=CARTESIAN_POINT('Origin',(0.,0.196850393700787,0.));
#6766=CARTESIAN_POINT('Origin',(0.,0.133858267716535,0.));
#6767=CARTESIAN_POINT('Origin',(-0.914611474666046,0.196850393700787,-0.528051181102362));
#6768=CARTESIAN_POINT('Origin',(-0.914611474666046,0.196850393700787,-0.528051181102362));
#6769=CARTESIAN_POINT('Origin',(-0.822091789626676,0.102362204724409,-0.496796983459223));
#6770=CARTESIAN_POINT('',(-0.806343758130613,0.102362204724409,-0.496796983459223));
#6771=CARTESIAN_POINT('Origin',(-0.914611474666046,0.,-0.403034390529805));
#6772=CARTESIAN_POINT('',(-0.806343758130613,0.,-0.465542785816084));
#6773=CARTESIAN_POINT('',(-0.806343758130613,0.,-0.465542785816084));
#6774=CARTESIAN_POINT('',(-0.914611474666046,0.,-0.403034390529805));
#6775=CARTESIAN_POINT('Origin',(-0.806343758130613,0.,-0.465542785816084));
#6776=CARTESIAN_POINT('',(-0.806343758130613,0.,-0.590559576388641));
#6777=CARTESIAN_POINT('',(-0.806343758130613,0.,-0.590559576388641));
#6778=CARTESIAN_POINT('',(-0.806343758130613,0.,-0.465542785816084));
#6779=CARTESIAN_POINT('Origin',(1.02287919120148,0.,-0.59055957638864));
#6780=CARTESIAN_POINT('',(1.02285010845655,0.,-0.590576367319255));
#6781=CARTESIAN_POINT('Ctrl Pts',(0.914611474666047,0.0268545658063704,
-0.653067971674918));
#6782=CARTESIAN_POINT('Ctrl Pts',(0.94897309232003,0.0127396604166563,-0.6332292824726));
#6783=CARTESIAN_POINT('Ctrl Pts',(0.986797969137861,0.00351817848497275,
-0.611391079659761));
#6784=CARTESIAN_POINT('Ctrl Pts',(1.02285010845655,-4.64414158922925E-17,
-0.590576367319255));
#6785=CARTESIAN_POINT('',(1.02287919120148,0.,-0.59055957638864));
#6786=CARTESIAN_POINT('Origin',(0.914611474666047,0.,-0.528051181102361));
#6787=CARTESIAN_POINT('',(1.02287919120148,0.,-0.59052599452741));
#6788=CARTESIAN_POINT('Origin',(0.,0.,0.));
#6789=CARTESIAN_POINT('',(1.02287919120148,0.,-0.465542785816083));
#6790=CARTESIAN_POINT('',(0.914611474666046,0.,-0.403034390529805));
#6791=CARTESIAN_POINT('',(1.02287919120148,0.,-0.465542785816083));
#6792=CARTESIAN_POINT('',(0.948111474666047,0.,-0.470027479048804));
#6793=CARTESIAN_POINT('Origin',(0.914611474666047,0.,-0.528051181102361));
#6794=CARTESIAN_POINT('Origin',(1.02287919120148,0.,-0.465542785816083));
#6795=CARTESIAN_POINT('',(1.02287919120148,0.0268545658063704,-0.465542785816083));
#6796=CARTESIAN_POINT('Ctrl Pts',(1.02287919120148,-1.36592399683213E-17,
-0.59052599452741));
#6797=CARTESIAN_POINT('Ctrl Pts',(1.02287919120148,0.00351923139064528,
-0.548884111167119));
#6798=CARTESIAN_POINT('Ctrl Pts',(1.02287919120148,0.0127394086773674,-0.505220871866627));
#6799=CARTESIAN_POINT('Ctrl Pts',(1.02287919120148,0.0268545658063704,-0.465542785816083));
#6800=CARTESIAN_POINT('',(1.02287919120148,0.,-0.465542785816083));
#6801=CARTESIAN_POINT('Origin',(0.914611474666046,0.,-0.403034390529805));
#6802=CARTESIAN_POINT('Ctrl Pts',(1.02287919120148,0.0268545658063704,-0.465542785816083));
#6803=CARTESIAN_POINT('Ctrl Pts',(1.02083491691729,0.0288722952262632,-0.46436252350781));
#6804=CARTESIAN_POINT('Ctrl Pts',(1.01890126564518,0.0309427946792316,-0.463246129425335));
#6805=CARTESIAN_POINT('Ctrl Pts',(1.00815186988553,0.0433186947189473,-0.457039962889878));
#6806=CARTESIAN_POINT('Ctrl Pts',(0.999705394227745,0.0578608993407146,
-0.452163387895152));
#6807=CARTESIAN_POINT('Ctrl Pts',(0.991138824622345,0.0816713504739628,
-0.447217476627442));
#6808=CARTESIAN_POINT('Ctrl Pts',(0.988376473783542,0.0941698169737997,
-0.445622632627063));
#6809=CARTESIAN_POINT('Ctrl Pts',(0.987461449694455,0.10602886175979,-0.445094343222914));
#6810=CARTESIAN_POINT('Origin',(0.914611474666047,0.,-0.528051181102361));
#6811=CARTESIAN_POINT('Origin',(0.914611474666047,-3.41500001378543,-0.528051181102361));
#6812=CARTESIAN_POINT('',(0.948111474666046,-0.118110236220473,-0.470027479048804));
#6813=CARTESIAN_POINT('',(0.948111474666047,-3.41500001378543,-0.470027479048804));
#6814=CARTESIAN_POINT('Origin',(0.914611474666047,-0.118110236220473,-0.528051181102361));
#6815=CARTESIAN_POINT('Origin',(1.02287919120148,0.,0.590559576388641));
#6816=CARTESIAN_POINT('',(1.02287919120148,0.,0.590525994527412));
#6817=CARTESIAN_POINT('Ctrl Pts',(1.02287919120148,0.0268545658063706,0.465542785816084));
#6818=CARTESIAN_POINT('Ctrl Pts',(1.02287919120148,0.0127396604166563,0.505220164220722));
#6819=CARTESIAN_POINT('Ctrl Pts',(1.02287919120148,0.00351817848497279,
0.548896569846399));
#6820=CARTESIAN_POINT('Ctrl Pts',(1.02287919120148,-3.1416251927139E-17,
0.590525994527412));
#6821=CARTESIAN_POINT('',(1.02287919120148,0.,0.590559576388641));
#6822=CARTESIAN_POINT('Origin',(0.914611474666046,0.,0.528051181102362));
#6823=CARTESIAN_POINT('',(1.02285010845655,0.,0.590576367319256));
#6824=CARTESIAN_POINT('Origin',(0.,0.,0.));
#6825=CARTESIAN_POINT('',(0.914611474666046,0.,0.653067971674919));
#6826=CARTESIAN_POINT('',(0.806343758130612,0.,0.590559576388641));
#6827=CARTESIAN_POINT('',(0.914611474666046,0.,0.653067971674919));
#6828=CARTESIAN_POINT('',(0.881111474666046,0.,0.58607488315592));
#6829=CARTESIAN_POINT('Origin',(0.914611474666046,0.,0.528051181102362));
#6830=CARTESIAN_POINT('Origin',(0.914611474666046,0.,0.653067971674919));
#6831=CARTESIAN_POINT('',(0.914611474666046,0.0268545658063704,0.653067971674919));
#6832=CARTESIAN_POINT('Ctrl Pts',(1.02285010845655,-5.87347318637817E-17,
0.590576367319256));
#6833=CARTESIAN_POINT('Ctrl Pts',(0.986787179605107,0.00351923139064518,
0.611397308999401));
#6834=CARTESIAN_POINT('Ctrl Pts',(0.948973705159362,0.0127394086773674,
0.633228928649647));
#6835=CARTESIAN_POINT('Ctrl Pts',(0.914611474666046,0.0268545658063705,
0.653067971674919));
#6836=CARTESIAN_POINT('',(0.914611474666046,0.,0.653067971674919));
#6837=CARTESIAN_POINT('Origin',(0.806343758130612,0.,0.590559576388641));
#6838=CARTESIAN_POINT('Ctrl Pts',(0.914611474666046,0.0268545658063704,
0.653067971674919));
#6839=CARTESIAN_POINT('Ctrl Pts',(0.912567200381859,0.0288722952262632,
0.651887709366647));
#6840=CARTESIAN_POINT('Ctrl Pts',(0.910633549109742,0.0309427946792315,
0.650771315284171));
#6841=CARTESIAN_POINT('Ctrl Pts',(0.899884153350097,0.0433186947189472,
0.644565148748714));
#6842=CARTESIAN_POINT('Ctrl Pts',(0.891437677692312,0.0578608993407146,
0.639688573753988));
#6843=CARTESIAN_POINT('Ctrl Pts',(0.882871108086912,0.0816713504739628,
0.634742662486279));
#6844=CARTESIAN_POINT('Ctrl Pts',(0.880108757248108,0.0941698169737996,
0.633147818485899));
#6845=CARTESIAN_POINT('Ctrl Pts',(0.879193733159021,0.10602886175979,0.63261952908175));
#6846=CARTESIAN_POINT('Origin',(0.914611474666046,0.,0.528051181102362));
#6847=CARTESIAN_POINT('Origin',(0.914611474666046,-3.41500001378543,0.528051181102362));
#6848=CARTESIAN_POINT('',(0.881111474666046,-0.118110236220473,0.58607488315592));
#6849=CARTESIAN_POINT('',(0.881111474666046,-3.41500001378543,0.58607488315592));
#6850=CARTESIAN_POINT('Origin',(0.914611474666046,-0.118110236220473,0.528051181102362));
#6851=CARTESIAN_POINT('Origin',(-1.74838271594513E-16,0.,1.18111915277728));
#6852=CARTESIAN_POINT('',(2.90827449312821E-5,0.,1.18110236184667));
#6853=CARTESIAN_POINT('Ctrl Pts',(0.108267716535433,0.0268545658063704,
1.118610757491));
#6854=CARTESIAN_POINT('Ctrl Pts',(0.0739060988814493,0.0127396604166564,
1.13844944669332));
#6855=CARTESIAN_POINT('Ctrl Pts',(0.0360812220636189,0.00351817848497275,
1.16028764950616));
#6856=CARTESIAN_POINT('Ctrl Pts',(2.90827449312165E-5,-4.09777199049639E-17,
1.18110236184667));
#6857=CARTESIAN_POINT('',(-1.74838271594513E-16,0.,1.18111915277728));
#6858=CARTESIAN_POINT('Origin',(-1.74838271594513E-16,0.,1.05610236220472));
#6859=CARTESIAN_POINT('',(-2.90827449311946E-5,0.,1.18110236184667));
#6860=CARTESIAN_POINT('Origin',(0.,0.,0.));
#6861=CARTESIAN_POINT('',(-0.108267716535433,0.,1.118610757491));
#6862=CARTESIAN_POINT('',(-0.108267716535433,0.,0.993593966918446));
#6863=CARTESIAN_POINT('',(-0.108267716535433,0.,1.118610757491));
#6864=CARTESIAN_POINT('',(-0.0670000000000002,0.,1.05610236220472));
#6865=CARTESIAN_POINT('Origin',(-1.74838271594513E-16,0.,1.05610236220472));
#6866=CARTESIAN_POINT('Origin',(-0.108267716535433,0.,1.118610757491));
#6867=CARTESIAN_POINT('',(-0.108267716535433,0.0268545658063703,1.118610757491));
#6868=CARTESIAN_POINT('Ctrl Pts',(-2.90827449312056E-5,-9.15169077877528E-17,
1.18110236184667));
#6869=CARTESIAN_POINT('Ctrl Pts',(-0.0360920115963716,0.00351923139064515,
1.16028142016652));
#6870=CARTESIAN_POINT('Ctrl Pts',(-0.0739054860421169,0.0127394086773672,
1.13844980051628));
#6871=CARTESIAN_POINT('Ctrl Pts',(-0.108267716535433,0.0268545658063703,
1.118610757491));
#6872=CARTESIAN_POINT('',(-0.108267716535433,0.,1.118610757491));
#6873=CARTESIAN_POINT('Origin',(-0.108267716535433,0.,0.993593966918446));
#6874=CARTESIAN_POINT('Ctrl Pts',(-0.108267716535433,0.0268545658063703,
1.118610757491));
#6875=CARTESIAN_POINT('Ctrl Pts',(-0.108267716535433,0.0288722952262632,
1.11625023287446));
#6876=CARTESIAN_POINT('Ctrl Pts',(-0.108267716535433,0.0309427946792315,
1.11401744470951));
#6877=CARTESIAN_POINT('Ctrl Pts',(-0.108267716535433,0.0433186947189472,
1.10160511163859));
#6878=CARTESIAN_POINT('Ctrl Pts',(-0.108267716535433,0.0578608993407146,
1.09185196164914));
#6879=CARTESIAN_POINT('Ctrl Pts',(-0.108267716535433,0.0816713504739628,
1.08196013911372));
#6880=CARTESIAN_POINT('Ctrl Pts',(-0.108267716535433,0.0941698169737996,
1.07877045111296));
#6881=CARTESIAN_POINT('Ctrl Pts',(-0.108267716535433,0.10602886175979,1.07771387230466));
#6882=CARTESIAN_POINT('Origin',(-1.74838271594513E-16,0.,1.05610236220472));
#6883=CARTESIAN_POINT('Origin',(-1.74838271594513E-16,-3.41500001378543,
1.05610236220472));
#6884=CARTESIAN_POINT('',(-0.0670000000000003,-0.118110236220473,1.05610236220472));
#6885=CARTESIAN_POINT('',(-0.0670000000000002,-3.41500001378543,1.05610236220472));
#6886=CARTESIAN_POINT('Origin',(-1.74838271594513E-16,-0.118110236220473,
1.05610236220472));
#6887=CARTESIAN_POINT('Origin',(-1.02287919120148,0.,0.59055957638864));
#6888=CARTESIAN_POINT('',(-1.02285010845655,0.,0.590576367319255));
#6889=CARTESIAN_POINT('Ctrl Pts',(-0.914611474666046,0.0268545658063705,
0.653067971674919));
#6890=CARTESIAN_POINT('Ctrl Pts',(-0.94897309232003,0.0127396604166564,
0.6332292824726));
#6891=CARTESIAN_POINT('Ctrl Pts',(-0.98679796913786,0.0035181784849729,
0.611391079659761));
#6892=CARTESIAN_POINT('Ctrl Pts',(-1.02285010845655,2.0488859952482E-17,
0.590576367319255));
#6893=CARTESIAN_POINT('',(-1.02287919120148,0.,0.59055957638864));
#6894=CARTESIAN_POINT('Origin',(-0.914611474666046,0.,0.528051181102362));
#6895=CARTESIAN_POINT('',(-1.02287919120148,0.,0.590525994527411));
#6896=CARTESIAN_POINT('Origin',(0.,0.,0.));
#6897=CARTESIAN_POINT('',(-1.02287919120148,0.,0.465542785816084));
#6898=CARTESIAN_POINT('',(-0.914611474666046,0.,0.403034390529805));
#6899=CARTESIAN_POINT('',(-1.02287919120148,0.,0.465542785816084));
#6900=CARTESIAN_POINT('',(-0.948111474666046,0.,0.470027479048805));
#6901=CARTESIAN_POINT('Origin',(-0.914611474666046,0.,0.528051181102362));
#6902=CARTESIAN_POINT('Origin',(-1.02287919120148,0.,0.465542785816084));
#6903=CARTESIAN_POINT('',(-1.02287919120148,0.0268545658063704,0.465542785816084));
#6904=CARTESIAN_POINT('Ctrl Pts',(-1.02287919120148,-6.82961998416066E-19,
0.590525994527411));
#6905=CARTESIAN_POINT('Ctrl Pts',(-1.02287919120148,0.00351923139064529,
0.54888411116712));
#6906=CARTESIAN_POINT('Ctrl Pts',(-1.02287919120148,0.0127394086773674,
0.505220871866628));
#6907=CARTESIAN_POINT('Ctrl Pts',(-1.02287919120148,0.0268545658063705,
0.465542785816084));
#6908=CARTESIAN_POINT('',(-1.02287919120148,0.,0.465542785816084));
#6909=CARTESIAN_POINT('Origin',(-0.914611474666046,0.,0.403034390529805));
#6910=CARTESIAN_POINT('Ctrl Pts',(-1.02287919120148,0.0268545658063704,
0.465542785816083));
#6911=CARTESIAN_POINT('Ctrl Pts',(-1.02083491691729,0.0288722952262632,
0.464362523507811));
#6912=CARTESIAN_POINT('Ctrl Pts',(-1.01890126564518,0.0309427946792315,
0.463246129425335));
#6913=CARTESIAN_POINT('Ctrl Pts',(-1.00815186988553,0.0433186947189472,
0.457039962889878));
#6914=CARTESIAN_POINT('Ctrl Pts',(-0.999705394227745,0.0578608993407146,
0.452163387895152));
#6915=CARTESIAN_POINT('Ctrl Pts',(-0.991138824622345,0.0816713504739628,
0.447217476627443));
#6916=CARTESIAN_POINT('Ctrl Pts',(-0.988376473783541,0.0941698169737996,
0.445622632627063));
#6917=CARTESIAN_POINT('Ctrl Pts',(-0.987461449694454,0.10602886175979,0.445094343222914));
#6918=CARTESIAN_POINT('Origin',(-0.914611474666046,0.,0.528051181102362));
#6919=CARTESIAN_POINT('Origin',(-0.914611474666046,-3.41500001378543,0.528051181102362));
#6920=CARTESIAN_POINT('',(-0.948111474666046,-0.118110236220473,0.470027479048804));
#6921=CARTESIAN_POINT('',(-0.948111474666046,-3.41500001378543,0.470027479048805));
#6922=CARTESIAN_POINT('Origin',(-0.914611474666046,-0.118110236220473,0.528051181102362));
#6923=CARTESIAN_POINT('Origin',(-1.02287919120148,0.,-0.590559576388641));
#6924=CARTESIAN_POINT('',(-1.02287919120148,0.,-0.590525994527411));
#6925=CARTESIAN_POINT('Ctrl Pts',(-1.02287919120148,0.0268545658063705,
-0.465542785816084));
#6926=CARTESIAN_POINT('Ctrl Pts',(-1.02287919120148,0.0127396604166563,
-0.505220164220721));
#6927=CARTESIAN_POINT('Ctrl Pts',(-1.02287919120148,0.00351817848497282,
-0.548896569846399));
#6928=CARTESIAN_POINT('Ctrl Pts',(-1.02287919120148,-2.18547839493141E-17,
-0.590525994527411));
#6929=CARTESIAN_POINT('',(-1.02287919120148,0.,-0.590559576388641));
#6930=CARTESIAN_POINT('Origin',(-0.914611474666046,0.,-0.528051181102362));
#6931=CARTESIAN_POINT('',(-1.02285010845655,0.,-0.590576367319255));
#6932=CARTESIAN_POINT('Origin',(0.,0.,0.));
#6933=CARTESIAN_POINT('',(-0.914611474666046,0.,-0.653067971674919));
#6934=CARTESIAN_POINT('',(-0.806343758130613,0.,-0.590559576388641));
#6935=CARTESIAN_POINT('',(-0.914611474666046,0.,-0.653067971674919));
#6936=CARTESIAN_POINT('',(-0.881111474666046,0.,-0.58607488315592));
#6937=CARTESIAN_POINT('Origin',(-0.914611474666046,0.,-0.528051181102362));
#6938=CARTESIAN_POINT('Origin',(-0.914611474666046,0.,-0.653067971674919));
#6939=CARTESIAN_POINT('',(-0.914611474666046,0.0268545658063704,-0.653067971674919));
#6940=CARTESIAN_POINT('Ctrl Pts',(-1.02285010845655,-1.22933159714892E-17,
-0.590576367319255));
#6941=CARTESIAN_POINT('Ctrl Pts',(-0.986787179605108,0.00351923139064527,
-0.611397308999401));
#6942=CARTESIAN_POINT('Ctrl Pts',(-0.948973705159362,0.0127394086773673,
-0.633228928649647));
#6943=CARTESIAN_POINT('Ctrl Pts',(-0.914611474666046,0.0268545658063705,
-0.653067971674919));
#6944=CARTESIAN_POINT('',(-0.914611474666046,0.,-0.653067971674919));
#6945=CARTESIAN_POINT('Origin',(-0.806343758130613,0.,-0.590559576388641));
#6946=CARTESIAN_POINT('Ctrl Pts',(-0.914611474666046,0.0268545658063704,
-0.653067971674919));
#6947=CARTESIAN_POINT('Ctrl Pts',(-0.912567200381859,0.0288722952262631,
-0.651887709366647));
#6948=CARTESIAN_POINT('Ctrl Pts',(-0.910633549109742,0.0309427946792316,
-0.650771315284171));
#6949=CARTESIAN_POINT('Ctrl Pts',(-0.899884153350097,0.0433186947189473,
-0.644565148748714));
#6950=CARTESIAN_POINT('Ctrl Pts',(-0.891437677692312,0.0578608993407146,
-0.639688573753988));
#6951=CARTESIAN_POINT('Ctrl Pts',(-0.882871108086912,0.0816713504739628,
-0.634742662486279));
#6952=CARTESIAN_POINT('Ctrl Pts',(-0.880108757248108,0.0941698169737997,
-0.633147818485899));
#6953=CARTESIAN_POINT('Ctrl Pts',(-0.879193733159021,0.10602886175979,-0.63261952908175));
#6954=CARTESIAN_POINT('Origin',(-0.914611474666046,0.,-0.528051181102362));
#6955=CARTESIAN_POINT('Origin',(-0.914611474666046,-3.41500001378543,-0.528051181102362));
#6956=CARTESIAN_POINT('',(-0.881111474666046,-0.118110236220473,-0.58607488315592));
#6957=CARTESIAN_POINT('',(-0.881111474666046,-3.41500001378543,-0.58607488315592));
#6958=CARTESIAN_POINT('Origin',(-0.914611474666046,-0.118110236220473,-0.528051181102362));
#6959=CARTESIAN_POINT('Origin',(0.,0.116458263446843,0.));
#6960=CARTESIAN_POINT('',(-0.108267716535433,0.10602886175979,-1.07771387230466));
#6961=CARTESIAN_POINT('Ctrl Pts',(-0.108267716535433,0.10602886175979,-1.07771387230466));
#6962=CARTESIAN_POINT('Ctrl Pts',(-0.108267716535433,0.107930066353982,
-1.07754448492813));
#6963=CARTESIAN_POINT('Ctrl Pts',(-0.107982095736814,0.110319435280481,
-1.07740446364398));
#6964=CARTESIAN_POINT('Ctrl Pts',(-0.10655615287376,0.11433285615912,-1.07743462658239));
#6965=CARTESIAN_POINT('Ctrl Pts',(-0.106081190688781,0.115419858348752,
-1.07746781700645));
#6966=CARTESIAN_POINT('Ctrl Pts',(-0.105562819588121,0.116458261592412,
-1.07751860099967));
#6967=CARTESIAN_POINT('',(-0.108267716535433,0.0268545658063704,-1.118610757491));
#6968=CARTESIAN_POINT('Ctrl Pts',(-0.108267716535433,0.10602886175979,-1.07771387230466));
#6969=CARTESIAN_POINT('Ctrl Pts',(-0.108267716535433,0.0941698169737997,
-1.07877045111296));
#6970=CARTESIAN_POINT('Ctrl Pts',(-0.108267716535433,0.0816713504739628,
-1.08196013911372));
#6971=CARTESIAN_POINT('Ctrl Pts',(-0.108267716535433,0.0578608993407147,
-1.09185196164914));
#6972=CARTESIAN_POINT('Ctrl Pts',(-0.108267716535433,0.0433186947189472,
-1.10160511163859));
#6973=CARTESIAN_POINT('Ctrl Pts',(-0.108267716535433,0.0309427946792316,
-1.11401744470951));
#6974=CARTESIAN_POINT('Ctrl Pts',(-0.108267716535433,0.0288722952262632,
-1.11625023287446));
#6975=CARTESIAN_POINT('Ctrl Pts',(-0.108267716535433,0.0268545658063704,
-1.118610757491));
#6976=CARTESIAN_POINT('',(-2.90827449311072E-5,0.,-1.18110236184667));
#6977=CARTESIAN_POINT('Ctrl Pts',(-0.108267716535433,0.0268545658063705,
-1.118610757491));
#6978=CARTESIAN_POINT('Ctrl Pts',(-0.0739060988814491,0.0127396604166564,
-1.13844944669332));
#6979=CARTESIAN_POINT('Ctrl Pts',(-0.0360812220636187,0.00351817848497275,
-1.16028764950616));
#6980=CARTESIAN_POINT('Ctrl Pts',(-2.90827449310198E-5,-3.82458719112997E-17,
-1.18110236184667));
#6981=CARTESIAN_POINT('Origin',(0.,0.,0.));
#6982=CARTESIAN_POINT('Origin',(0.,0.116458263446843,0.));
#6983=CARTESIAN_POINT('Origin',(0.,0.,0.));
#6984=CARTESIAN_POINT('Origin',(0.,0.116458263446843,0.));
#6985=CARTESIAN_POINT('Origin',(0.,0.,0.));
#6986=CARTESIAN_POINT('Origin',(0.,0.116458263446843,0.));
#6987=CARTESIAN_POINT('Origin',(0.,0.,0.));
#6988=CARTESIAN_POINT('Origin',(0.,0.116458263446843,0.));
#6989=CARTESIAN_POINT('',(1.18110236220472,0.,1.44643322733939E-16));
#6990=CARTESIAN_POINT('Origin',(0.,0.,0.));
#6991=CARTESIAN_POINT('Origin',(0.,0.,0.));
#6992=CARTESIAN_POINT('Origin',(0.,0.116458263446843,0.));
#6993=CARTESIAN_POINT('',(2.90827449310198E-5,0.,-1.18110236184667));
#6994=CARTESIAN_POINT('Origin',(0.,0.,0.));
#6995=CARTESIAN_POINT('',(0.108267716535433,0.0268545658063704,-1.118610757491));
#6996=CARTESIAN_POINT('Ctrl Pts',(2.90827449309979E-5,-3.41480999208033E-17,
-1.18110236184667));
#6997=CARTESIAN_POINT('Ctrl Pts',(0.0360920115963712,0.00351923139064525,
-1.16028142016652));
#6998=CARTESIAN_POINT('Ctrl Pts',(0.073905486042117,0.0127394086773674,
-1.13844980051627));
#6999=CARTESIAN_POINT('Ctrl Pts',(0.108267716535433,0.0268545658063705,
-1.118610757491));
#7000=CARTESIAN_POINT('',(0.108267716535433,0.10602886175979,-1.07771387230466));
#7001=CARTESIAN_POINT('Ctrl Pts',(0.108267716535433,0.0268545658063704,
-1.118610757491));
#7002=CARTESIAN_POINT('Ctrl Pts',(0.108267716535433,0.0288722952262632,
-1.11625023287446));
#7003=CARTESIAN_POINT('Ctrl Pts',(0.108267716535433,0.0309427946792315,
-1.11401744470951));
#7004=CARTESIAN_POINT('Ctrl Pts',(0.108267716535433,0.0433186947189472,
-1.10160511163859));
#7005=CARTESIAN_POINT('Ctrl Pts',(0.108267716535433,0.0578608993407146,
-1.09185196164914));
#7006=CARTESIAN_POINT('Ctrl Pts',(0.108267716535433,0.0816713504739628,
-1.08196013911372));
#7007=CARTESIAN_POINT('Ctrl Pts',(0.108267716535433,0.0941698169737997,
-1.07877045111296));
#7008=CARTESIAN_POINT('Ctrl Pts',(0.108267716535433,0.10602886175979,-1.07771387230466));
#7009=CARTESIAN_POINT('Ctrl Pts',(0.105548483361872,0.116479077363158,-1.07750384923372));
#7010=CARTESIAN_POINT('Ctrl Pts',(0.106282474570963,0.115003434274231,-1.07742764551404));
#7011=CARTESIAN_POINT('Ctrl Pts',(0.106931639396736,0.113427443965184,-1.07739089736659));
#7012=CARTESIAN_POINT('Ctrl Pts',(0.10741202192228,0.111774741355549,-1.07740794210097));
#7013=CARTESIAN_POINT('Ctrl Pts',(0.107469956253067,0.111575424738922,-1.07740999770297));
#7014=CARTESIAN_POINT('Ctrl Pts',(0.10752543057066,0.111375048671858,-1.07741286291867));
#7015=CARTESIAN_POINT('Ctrl Pts',(0.107578293649518,0.111173700629622,-1.07741658744472));
#7016=CARTESIAN_POINT('Ctrl Pts',(0.108016225832545,0.109505678456308,-1.07744744243576));
#7017=CARTESIAN_POINT('Ctrl Pts',(0.108268307034045,0.107803657679591,-1.07753531868741));
#7018=CARTESIAN_POINT('Ctrl Pts',(0.108267716535433,0.106087374192067,-1.07768902413808));
#7019=CARTESIAN_POINT('Origin',(-0.0925196850393701,0.102362204724409,-1.08735655984786));
#7020=CARTESIAN_POINT('',(-0.108267716535433,0.102362204724409,-0.993593966918446));
#7021=CARTESIAN_POINT('',(-0.0925196850393702,0.118110236220472,-1.0026860971419));
#7022=CARTESIAN_POINT('Origin',(-0.0925196850393702,0.102362204724409,-1.0026860971419));
#7023=CARTESIAN_POINT('',(-0.108267716535433,0.102362204724409,-1.06291010182224));
#7024=CARTESIAN_POINT('',(-0.108267716535433,0.102362204724409,-1.08735655984786));
#7025=CARTESIAN_POINT('',(-0.0925196850393701,0.118110236220472,-1.06291010182224));
#7026=CARTESIAN_POINT('Origin',(-0.0925196850393701,0.102362204724409,-1.06291010182224));
#7027=CARTESIAN_POINT('',(-0.0925196850393701,0.118110236220472,-1.08735655984786));
#7028=CARTESIAN_POINT('Ctrl Pts',(-0.0925196850393702,0.118110236220472,
-1.06291010182224));
#7029=CARTESIAN_POINT('Ctrl Pts',(-0.0921119050263758,0.118110236220472,
-1.06766586177136));
#7030=CARTESIAN_POINT('Ctrl Pts',(-0.0914281271103916,0.122050171026113,
-1.07590149634921));
#7031=CARTESIAN_POINT('Ctrl Pts',(-0.0911932379420314,0.130318066942091,
-1.07882975382279));
#7032=CARTESIAN_POINT('Ctrl Pts',(-0.0911932379420314,0.133858267716535,
-1.07882975382279));
#7033=CARTESIAN_POINT('Ctrl Pts',(-0.0966425100440812,0.118110236220472,
-1.06291010182224));
#7034=CARTESIAN_POINT('Ctrl Pts',(-0.0963025030152199,0.11821940542131,
-1.06765600764713));
#7035=CARTESIAN_POINT('Ctrl Pts',(-0.095724041607162,0.122337925620543,
-1.07569057775006));
#7036=CARTESIAN_POINT('Ctrl Pts',(-0.0955219622533822,0.130410014896642,
-1.07846384772434));
#7037=CARTESIAN_POINT('Ctrl Pts',(-0.0955219622533822,0.133858267716535,
-1.07846384772434));
#7038=CARTESIAN_POINT('Ctrl Pts',(-0.104854468145345,0.114696987830385,
-1.06291010182224));
#7039=CARTESIAN_POINT('Ctrl Pts',(-0.104735201682162,0.114896705921299,
-1.06868598619371));
#7040=CARTESIAN_POINT('Ctrl Pts',(-0.104529409190084,0.119991666631755,
-1.07828795206128));
#7041=CARTESIAN_POINT('Ctrl Pts',(-0.104456060804011,0.129703431578055,
-1.08153389954294));
#7042=CARTESIAN_POINT('Ctrl Pts',(-0.104456060804011,0.133858267716536,
-1.08153389954294));
#7043=CARTESIAN_POINT('Ctrl Pts',(-0.108267716535433,0.10648502972912,-1.06291010182224));
#7044=CARTESIAN_POINT('Ctrl Pts',(-0.108269932328955,0.106553660453215,
-1.07112190075308));
#7045=CARTESIAN_POINT('Ctrl Pts',(-0.108268895994765,0.113510941400493,
-1.08521972961062));
#7046=CARTESIAN_POINT('Ctrl Pts',(-0.108267716535433,0.127760195617009,
-1.09017766120475));
#7047=CARTESIAN_POINT('Ctrl Pts',(-0.108267716535433,0.133858267716535,
-1.09017766120475));
#7048=CARTESIAN_POINT('Ctrl Pts',(-0.108267716535433,0.102362204724409,
-1.06291010182224));
#7049=CARTESIAN_POINT('Ctrl Pts',(-0.108267716535433,0.102362204724409,
-1.07235063231449));
#7050=CARTESIAN_POINT('Ctrl Pts',(-0.108267716535433,0.11024207433569,-1.08870482749938));
#7051=CARTESIAN_POINT('Ctrl Pts',(-0.108267716535433,0.126777866167647,
-1.0945218229693));
#7052=CARTESIAN_POINT('Ctrl Pts',(-0.108267716535433,0.133858267716535,
-1.0945218229693));
#7053=CARTESIAN_POINT('Ctrl Pts',(-0.0911932379420314,0.133858267716535,
-1.07882975382279));
#7054=CARTESIAN_POINT('Ctrl Pts',(-0.0911932379420314,0.130318066942091,
-1.07882975382279));
#7055=CARTESIAN_POINT('Ctrl Pts',(-0.0912939047284715,0.1267746829781,-1.07757478633411));
#7056=CARTESIAN_POINT('Ctrl Pts',(-0.0914770204685568,0.124026230646621,
-1.07534499447934));
#7057=CARTESIAN_POINT('Ctrl Pts',(-0.0917211747886706,0.120361627537981,
-1.07237193867299));
#7058=CARTESIAN_POINT('Ctrl Pts',(-0.0921119050263758,0.118110236220472,
-1.06766586177136));
#7059=CARTESIAN_POINT('Ctrl Pts',(-0.0925196850393701,0.118110236220472,
-1.06291010182224));
#7060=CARTESIAN_POINT('Ctrl Pts',(-0.108267716535433,0.102362204724409,
-1.06291010182224));
#7061=CARTESIAN_POINT('Ctrl Pts',(-0.108267716535433,0.102362204724409,
-1.06804391951856));
#7062=CARTESIAN_POINT('Ctrl Pts',(-0.108267716535433,0.103693790260857,
-1.07314956168695));
#7063=CARTESIAN_POINT('Ctrl Pts',(-0.108267716535433,0.106087374192067,
-1.07768902413808));
#7064=CARTESIAN_POINT('Origin',(-0.108267716535433,0.,-1.118610757491));
#7065=CARTESIAN_POINT('',(-0.108267716535433,0.,-0.993593966918446));
#7066=CARTESIAN_POINT('',(-0.108267716535433,0.,-0.993593966918446));
#7067=CARTESIAN_POINT('',(-0.108267716535433,0.,-1.118610757491));
#7068=CARTESIAN_POINT('',(-0.108267716535433,0.,-1.118610757491));
#7069=CARTESIAN_POINT('',(-0.108267716535433,0.,-1.118610757491));
#7070=CARTESIAN_POINT('Origin',(-0.0733267716535433,0.102362204724409,-0.991605063432064));
#7071=CARTESIAN_POINT('',(1.2839685570222E-16,0.118110236220472,-0.949269832079085));
#7072=CARTESIAN_POINT('',(-0.0733267716535433,0.118110236220472,-0.991605063432064));
#7073=CARTESIAN_POINT('',(1.74838271594513E-16,0.102362204724409,-0.931085571632168));
#7074=CARTESIAN_POINT('Origin',(1.52983487645199E-16,0.102362204724409,
-0.949269832079085));
#7075=CARTESIAN_POINT('',(-0.0812007874015748,0.102362204724409,-0.977966868096876));
#7076=CARTESIAN_POINT('Origin',(-2.18547839493141E-17,0.118110236220472,
-1.05610236220472));
#7077=CARTESIAN_POINT('',(-0.0783381040112801,0.118110236220472,-1.06404930249283));
#7078=CARTESIAN_POINT('Origin',(0.,0.118110236220472,0.));
#7079=CARTESIAN_POINT('',(0.0783381040112801,0.118110236220472,-1.06404930249283));
#7080=CARTESIAN_POINT('Origin',(0.,0.118110236220472,-1.05610236220472));
#7081=CARTESIAN_POINT('',(0.0925196850393701,0.118110236220472,-1.06291010182224));
#7082=CARTESIAN_POINT('Origin',(0.,0.118110236220472,0.));
#7083=CARTESIAN_POINT('',(0.0925196850393702,0.118110236220472,-1.0026860971419));
#7084=CARTESIAN_POINT('',(0.0925196850393702,0.118110236220472,-1.02484816456159));
#7085=CARTESIAN_POINT('',(0.0191929133858269,0.118110236220472,-0.960350865788925));
#7086=CARTESIAN_POINT('Origin',(0.0925196850393702,0.102362204724409,-1.02484816456159));
#7087=CARTESIAN_POINT('',(0.108267716535433,0.102362204724409,-0.993593966918446));
#7088=CARTESIAN_POINT('Origin',(0.0925196850393702,0.102362204724409,-1.0026860971419));
#7089=CARTESIAN_POINT('',(0.108267716535433,0.102362204724409,-1.06291010182224));
#7090=CARTESIAN_POINT('Origin',(0.0925196850393701,0.102362204724409,-1.06291010182224));
#7091=CARTESIAN_POINT('',(0.108267716535433,0.102362204724409,-1.02484816456159));
#7092=CARTESIAN_POINT('Ctrl Pts',(0.0911932379420314,0.133858267716535,
-1.07882975382279));
#7093=CARTESIAN_POINT('Ctrl Pts',(0.0911932379420314,0.130318066942091,
-1.07882975382279));
#7094=CARTESIAN_POINT('Ctrl Pts',(0.0914281271103915,0.122050171026113,
-1.07590149634921));
#7095=CARTESIAN_POINT('Ctrl Pts',(0.0921119050263758,0.118110236220472,
-1.06766586177136));
#7096=CARTESIAN_POINT('Ctrl Pts',(0.0925196850393701,0.118110236220472,
-1.06291010182224));
#7097=CARTESIAN_POINT('Ctrl Pts',(0.0955219622533821,0.133858267716535,
-1.07846384772434));
#7098=CARTESIAN_POINT('Ctrl Pts',(0.0955219622533821,0.130410014896642,
-1.07846384772434));
#7099=CARTESIAN_POINT('Ctrl Pts',(0.0957240416071617,0.122337925620543,
-1.07569057775006));
#7100=CARTESIAN_POINT('Ctrl Pts',(0.09630250301522,0.11821940542131,-1.06765600764713));
#7101=CARTESIAN_POINT('Ctrl Pts',(0.0966425100440812,0.118110236220472,
-1.06291010182224));
#7102=CARTESIAN_POINT('Ctrl Pts',(0.104456060804011,0.133858267716536,-1.08153389954294));
#7103=CARTESIAN_POINT('Ctrl Pts',(0.104456060804011,0.129703431578056,-1.08153389954294));
#7104=CARTESIAN_POINT('Ctrl Pts',(0.104529409190084,0.119991666631756,-1.07828795206128));
#7105=CARTESIAN_POINT('Ctrl Pts',(0.104735201682162,0.114896705921299,-1.06868598619371));
#7106=CARTESIAN_POINT('Ctrl Pts',(0.104854468145345,0.114696987830385,-1.06291010182224));
#7107=CARTESIAN_POINT('Ctrl Pts',(0.108267716535433,0.133858267716535,-1.09017766120475));
#7108=CARTESIAN_POINT('Ctrl Pts',(0.108267716535433,0.12776019561701,-1.09017766120475));
#7109=CARTESIAN_POINT('Ctrl Pts',(0.108268895994765,0.113510941400493,-1.08521972961063));
#7110=CARTESIAN_POINT('Ctrl Pts',(0.108269932328955,0.106553660453215,-1.07112190075308));
#7111=CARTESIAN_POINT('Ctrl Pts',(0.108267716535433,0.10648502972912,-1.06291010182224));
#7112=CARTESIAN_POINT('Ctrl Pts',(0.108267716535433,0.133858267716535,-1.0945218229693));
#7113=CARTESIAN_POINT('Ctrl Pts',(0.108267716535433,0.126777866167647,-1.0945218229693));
#7114=CARTESIAN_POINT('Ctrl Pts',(0.108267716535433,0.11024207433569,-1.08870482749938));
#7115=CARTESIAN_POINT('Ctrl Pts',(0.108267716535433,0.102362204724409,-1.0723506323145));
#7116=CARTESIAN_POINT('Ctrl Pts',(0.108267716535433,0.102362204724409,-1.06291010182224));
#7117=CARTESIAN_POINT('Ctrl Pts',(0.108267716535433,0.106087374192067,-1.07768902413808));
#7118=CARTESIAN_POINT('Ctrl Pts',(0.108267716535433,0.103693790260857,-1.07314956168695));
#7119=CARTESIAN_POINT('Ctrl Pts',(0.108267716535433,0.102362204724409,-1.06804391951856));
#7120=CARTESIAN_POINT('Ctrl Pts',(0.108267716535433,0.102362204724409,-1.06291010182224));
#7121=CARTESIAN_POINT('Ctrl Pts',(0.0925196850393701,0.118110236220472,
-1.06291010182224));
#7122=CARTESIAN_POINT('Ctrl Pts',(0.0921119050263758,0.118110236220473,
-1.06766586177136));
#7123=CARTESIAN_POINT('Ctrl Pts',(0.0917211747886705,0.120361627537981,
-1.07237193867299));
#7124=CARTESIAN_POINT('Ctrl Pts',(0.0914770204685567,0.124026230646621,
-1.07534499447935));
#7125=CARTESIAN_POINT('Ctrl Pts',(0.0912939047284715,0.1267746829781,-1.07757478633411));
#7126=CARTESIAN_POINT('Ctrl Pts',(0.0911932379420314,0.130318066942091,
-1.07882975382279));
#7127=CARTESIAN_POINT('Ctrl Pts',(0.0911932379420314,0.133858267716535,
-1.07882975382279));
#7128=CARTESIAN_POINT('Origin',(0.,0.133858267716535,0.));
#7129=CARTESIAN_POINT('Origin',(0.0783381040112801,0.133858267716535,-1.06404930249283));
#7130=CARTESIAN_POINT('Origin',(-0.07833810401128,0.133858267716535,-1.06404930249283));
#7131=CARTESIAN_POINT('',(-0.0626704832090241,0.133858267716535,-1.06245991443521));
#7132=CARTESIAN_POINT('Origin',(-0.0783381040112801,0.133858267716535,-1.06404930249283));
#7133=CARTESIAN_POINT('Origin',(-0.07833810401128,0.133858267716535,-1.06404930249283));
#7134=CARTESIAN_POINT('Origin',(-0.07833810401128,0.133858267716535,-1.06404930249283));
#7135=CARTESIAN_POINT('Origin',(0.,0.133858267716535,0.));
#7136=CARTESIAN_POINT('Origin',(-0.07833810401128,0.295275590551181,-1.06404930249283));
#7137=CARTESIAN_POINT('',(-0.0626704832090241,0.196850393700787,-1.06245991443521));
#7138=CARTESIAN_POINT('',(-0.0626704832090241,0.295275590551181,-1.06245991443521));
#7139=CARTESIAN_POINT('',(-0.0626244735152809,0.196850393700787,-1.06508964504988));
#7140=CARTESIAN_POINT('Ctrl Pts',(-0.0794943859893065,0.21259842519685,
-1.07975482725287));
#7141=CARTESIAN_POINT('Ctrl Pts',(-0.079457099710326,0.212561310906061,
-1.07975757236665));
#7142=CARTESIAN_POINT('Ctrl Pts',(-0.0794198035442162,0.212524196504343,
-1.07976018470733));
#7143=CARTESIAN_POINT('Ctrl Pts',(-0.0777407190429638,0.210853732041135,
-1.07987178565728));
#7144=CARTESIAN_POINT('Ctrl Pts',(-0.0760713034069157,0.209211679761736,
-1.07972430023957));
#7145=CARTESIAN_POINT('Ctrl Pts',(-0.0728801273731126,0.206108254448464,
-1.0789084822128));
#7146=CARTESIAN_POINT('Ctrl Pts',(-0.0713358986065198,0.204623335046783,
-1.07825963303662));
#7147=CARTESIAN_POINT('Ctrl Pts',(-0.0683804200145034,0.201821421865828,
-1.07637889905235));
#7148=CARTESIAN_POINT('Ctrl Pts',(-0.0669556015867324,0.200493010427435,
-1.07511382074402));
#7149=CARTESIAN_POINT('Ctrl Pts',(-0.0648568424151673,0.198594277392842,
-1.07232508369479));
#7150=CARTESIAN_POINT('Ctrl Pts',(-0.0640885897312668,0.197921426366943,
-1.07095056978785));
#7151=CARTESIAN_POINT('Ctrl Pts',(-0.0630467983342007,0.197074536616957,
-1.06807447587953));
#7152=CARTESIAN_POINT('Ctrl Pts',(-0.0627366408387263,0.196859125512415,
-1.06665166024894));
#7153=CARTESIAN_POINT('Ctrl Pts',(-0.0626285414332183,0.196850480158585,
-1.06514977922858));
#7154=CARTESIAN_POINT('Ctrl Pts',(-0.0626264638760466,0.196850393700787,
-1.06511970802626));
#7155=CARTESIAN_POINT('Ctrl Pts',(-0.0626244735152752,0.196850393700787,
-1.06508964504988));
#7156=CARTESIAN_POINT('Origin',(-0.07833810401128,0.196850393700787,-1.06404930249283));
#7157=CARTESIAN_POINT('Origin',(0.0783381040112801,0.133858267716535,-1.06404930249283));
#7158=CARTESIAN_POINT('',(0.0626704832090241,0.133858267716535,-1.06245991443521));
#7159=CARTESIAN_POINT('Origin',(0.0783381040112801,0.133858267716535,-1.06404930249283));
#7160=CARTESIAN_POINT('Origin',(0.0783381040112802,0.133858267716535,-1.06404930249283));
#7161=CARTESIAN_POINT('Origin',(0.,0.133858267716535,-1.05610236220472));
#7162=CARTESIAN_POINT('Origin',(0.,0.133858267716535,-1.05610236220472));
#7163=CARTESIAN_POINT('Origin',(0.0783381040112802,0.295275590551181,-1.06404930249283));
#7164=CARTESIAN_POINT('',(0.0626704832090241,0.196850393700787,-1.06245991443521));
#7165=CARTESIAN_POINT('',(0.0626704832090241,0.295275590551181,-1.06245991443521));
#7166=CARTESIAN_POINT('',(0.062624473515281,0.196850393700787,-1.06508964504988));
#7167=CARTESIAN_POINT('Origin',(0.0783381040112802,0.196850393700787,-1.06404930249283));
#7168=CARTESIAN_POINT('Ctrl Pts',(0.0626244735152755,0.196850393700787,
-1.06508964504988));
#7169=CARTESIAN_POINT('Ctrl Pts',(0.0627218805721868,0.196850393700787,
-1.06656090900004));
#7170=CARTESIAN_POINT('Ctrl Pts',(0.0630235478576773,0.197057251317183,
-1.06798539763106));
#7171=CARTESIAN_POINT('Ctrl Pts',(0.06404722142331,0.197886055024521,-1.07086320952315));
#7172=CARTESIAN_POINT('Ctrl Pts',(0.0648045095211182,0.198548002115588,
-1.07223856475609));
#7173=CARTESIAN_POINT('Ctrl Pts',(0.0668770762894625,0.200420627286958,
-1.07503077667657));
#7174=CARTESIAN_POINT('Ctrl Pts',(0.0682856684240826,0.201732725931814,
-1.07630057484972));
#7175=CARTESIAN_POINT('Ctrl Pts',(0.0712386727186828,0.204530125936846,
-1.07821424140255));
#7176=CARTESIAN_POINT('Ctrl Pts',(0.0727995639309248,0.20603037742118,-1.078880791843));
#7177=CARTESIAN_POINT('Ctrl Pts',(0.0760283482821312,0.209169430065517,
-1.07972048356528));
#7178=CARTESIAN_POINT('Ctrl Pts',(0.0777196628783105,0.210832783973688,
-1.07987318516277));
#7179=CARTESIAN_POINT('Ctrl Pts',(0.0794198035441985,0.212524196504359,
-1.07976018470734));
#7180=CARTESIAN_POINT('Ctrl Pts',(0.0794570997102905,0.212561310906026,
-1.07975757236665));
#7181=CARTESIAN_POINT('Ctrl Pts',(0.0794943859893065,0.21259842519685,-1.07975482725287));
#7182=CARTESIAN_POINT('Origin',(0.,0.21259842519685,0.));
#7183=CARTESIAN_POINT('Origin',(0.,0.196850393700787,0.));
#7184=CARTESIAN_POINT('Origin',(0.,0.196850393700787,-1.05610236220472));
#7185=CARTESIAN_POINT('Origin',(0.,0.196850393700787,-1.05610236220472));
#7186=CARTESIAN_POINT('Origin',(0.0191929133858269,0.102362204724409,-0.960350865788925));
#7187=CARTESIAN_POINT('',(0.0270669291338584,0.102362204724409,-0.946712670453737));
#7188=CARTESIAN_POINT('Origin',(-0.108267716535433,0.,-0.993593966918446));
#7189=CARTESIAN_POINT('',(1.74838271594513E-16,0.,-0.931085571632168));
#7190=CARTESIAN_POINT('',(1.74838271594513E-16,0.,-0.931085571632168));
#7191=CARTESIAN_POINT('',(-0.108267716535433,0.,-0.993593966918446));
#7192=CARTESIAN_POINT('Origin',(1.74838271594513E-16,0.,-0.931085571632168));
#7193=CARTESIAN_POINT('',(0.108267716535433,0.,-0.993593966918446));
#7194=CARTESIAN_POINT('',(0.108267716535433,0.,-0.993593966918446));
#7195=CARTESIAN_POINT('',(1.74838271594513E-16,0.,-0.931085571632168));
#7196=CARTESIAN_POINT('Origin',(0.,0.,-1.05610236220472));
#7197=CARTESIAN_POINT('Origin',(0.,0.,-1.18111915277728));
#7198=CARTESIAN_POINT('',(0.,0.,-1.18111915277728));
#7199=CARTESIAN_POINT('Origin',(0.108267716535433,0.,-1.118610757491));
#7200=CARTESIAN_POINT('',(0.108267716535433,0.,-1.118610757491));
#7201=CARTESIAN_POINT('',(0.108267716535433,0.,-1.118610757491));
#7202=CARTESIAN_POINT('',(0.108267716535433,0.,-1.118610757491));
#7203=CARTESIAN_POINT('Origin',(0.108267716535433,0.,-0.993593966918446));
#7204=CARTESIAN_POINT('',(0.108267716535433,0.,-0.993593966918446));
#7205=CARTESIAN_POINT('Origin',(-2.18547839493141E-17,0.,-1.05610236220472));
#7206=CARTESIAN_POINT('Origin',(0.,0.,0.));
#7207=CARTESIAN_POINT('',(0.067,0.,-1.05610236220472));
#7208=CARTESIAN_POINT('Origin',(0.,0.,-1.05610236220472));
#7209=CARTESIAN_POINT('Origin',(0.,-3.41500001378543,-1.05610236220472));
#7210=CARTESIAN_POINT('',(0.067,-0.118110236220473,-1.05610236220472));
#7211=CARTESIAN_POINT('',(0.067,-3.41500001378543,-1.05610236220472));
#7212=CARTESIAN_POINT('Origin',(0.,-0.118110236220473,-1.05610236220472));
#7213=CARTESIAN_POINT('Origin',(0.,0.559301181102362,0.));
#7214=CARTESIAN_POINT('',(-1.28762691258776E-16,0.590551181102362,-1.05142716535433));
#7215=CARTESIAN_POINT('Origin',(0.,0.590551181102362,0.));
#7216=CARTESIAN_POINT('Origin',(-1.28762691258776E-16,0.559301181102362,
-1.05142716535433));
#7217=CARTESIAN_POINT('Origin',(0.885826771653543,0.590551181102362,0.));
#7218=CARTESIAN_POINT('',(-0.444832579254231,0.590551181102362,0.801968691122362));
#7219=CARTESIAN_POINT('',(0.910788480959714,0.590551181102362,0.107210764653471));
#7220=CARTESIAN_POINT('Origin',(0.,0.590551181102362,0.));
#7221=CARTESIAN_POINT('',(-0.460705904453827,0.590551181102362,0.829462096853125));
#7222=CARTESIAN_POINT('',(-0.102995662932529,0.590551181102362,0.209889784150504));
#7223=CARTESIAN_POINT('',(-0.566780271548688,0.590551181102362,0.760931944590183));
#7224=CARTESIAN_POINT('Origin',(0.,0.590551181102362,0.));
#7225=CARTESIAN_POINT('',(-0.548241486228918,0.590551181102362,0.735160579658616));
#7226=CARTESIAN_POINT('',(-0.127287239527759,0.590551181102362,0.149978469606394));
#7227=CARTESIAN_POINT('',(-0.472108969924606,0.590551181102362,-0.786220659626299));
#7228=CARTESIAN_POINT('Origin',(0.,0.590551181102362,0.));
#7229=CARTESIAN_POINT('',(-0.487982295124202,0.590551181102362,-0.813714065357062));
#7230=CARTESIAN_POINT('',(-0.130272053602904,0.590551181102362,-0.194141752654441));
#7231=CARTESIAN_POINT('',(-0.375596258791847,0.590551181102362,-0.871312085820097));
#7232=CARTESIAN_POINT('Origin',(0.,0.590551181102362,0.));
#7233=CARTESIAN_POINT('',(-0.362546994730796,0.590551181102362,-0.842371344312087));
#7234=CARTESIAN_POINT('',(-0.0977221794745818,0.590551181102362,-0.255041170949083));
#7235=CARTESIAN_POINT('',(0.916941549178836,0.590551181102362,-0.015748031496063));
#7236=CARTESIAN_POINT('Origin',(0.,0.590551181102362,0.));
#7237=CARTESIAN_POINT('',(0.948688199578028,0.590551181102362,-0.015748031496063));
#7238=CARTESIAN_POINT('',(0.897637795275591,0.590551181102362,-0.015748031496063));
#7239=CARTESIAN_POINT('',(0.942376530340535,0.590551181102362,0.110380141229915));
#7240=CARTESIAN_POINT('Origin',(0.,0.590551181102362,0.));
#7241=CARTESIAN_POINT('',(0.889379497742498,0.590551181102362,0.105062701342689));
#7242=CARTESIAN_POINT('Origin',(0.,-0.03125,0.));
#7243=CARTESIAN_POINT('',(-1.00255903069962E-16,0.,0.81865157480315));
#7244=CARTESIAN_POINT('Origin',(0.,0.,0.));
#7245=CARTESIAN_POINT('',(-9.64288818226262E-17,-0.03125,0.78740157480315));
#7246=CARTESIAN_POINT('Origin',(-1.00255903069962E-16,-0.03125,0.81865157480315));
#7247=CARTESIAN_POINT('',(-0.78740157480315,-0.03125,-9.64288818226262E-17));
#7248=CARTESIAN_POINT('Origin',(0.,-0.03125,0.));
#7249=CARTESIAN_POINT('Origin',(0.,-0.03125,0.));
#7250=CARTESIAN_POINT('Origin',(0.,0.,0.));
#7251=CARTESIAN_POINT('',(-0.78740157480315,-0.0868602362204725,9.64288818226262E-17));
#7252=CARTESIAN_POINT('',(-9.64288818226262E-17,-0.0868602362204725,-0.78740157480315));
#7253=CARTESIAN_POINT('Origin',(0.,-0.0868602362204725,0.));
#7254=CARTESIAN_POINT('',(-0.78740157480315,0.,-9.64288818226262E-17));
#7255=CARTESIAN_POINT('Origin',(0.,-0.0868602362204725,0.));
#7256=CARTESIAN_POINT('Origin',(0.,0.,0.));
#7257=CARTESIAN_POINT('',(-0.885826771653543,0.,1.08482492050455E-16));
#7258=CARTESIAN_POINT('Origin',(0.,0.,0.));
#7259=CARTESIAN_POINT('Origin',(0.,0.559301181102362,0.));
#7260=CARTESIAN_POINT('',(0.890298246955952,0.581329949069479,0.0907510936160038));
#7261=CARTESIAN_POINT('',(0.8797221392374,0.559301181102362,0.103817277529856));
#7262=CARTESIAN_POINT('Ctrl Pts',(0.890298246955953,0.581329949069478,0.0907510936160035));
#7263=CARTESIAN_POINT('Ctrl Pts',(0.889333756028177,0.580397904333105,0.0910785921378411));
#7264=CARTESIAN_POINT('Ctrl Pts',(0.888435742055258,0.579423192608891,0.0914877042355501));
#7265=CARTESIAN_POINT('Ctrl Pts',(0.885608888808739,0.576001153274709,0.0930867621248797));
#7266=CARTESIAN_POINT('Ctrl Pts',(0.883998023115411,0.573395570472887,0.0945701607946111));
#7267=CARTESIAN_POINT('Ctrl Pts',(0.881066853251041,0.567064309694398,0.0984725136973045));
#7268=CARTESIAN_POINT('Ctrl Pts',(0.880056688482983,0.563211689434886,0.101086012653184));
#7269=CARTESIAN_POINT('Ctrl Pts',(0.879727692179347,0.559367884333348,0.103770670873203));
#7270=CARTESIAN_POINT('Ctrl Pts',(0.879724889658279,0.559334532702661,0.103793971138117));
#7271=CARTESIAN_POINT('Ctrl Pts',(0.8797221392374,0.559301181102362,0.103817277529856));
#7272=CARTESIAN_POINT('',(-0.429445839593035,0.559301181102362,0.774767926694421));
#7273=CARTESIAN_POINT('Origin',(0.,0.559301181102362,0.));
#7274=CARTESIAN_POINT('',(-0.4462287624438,0.581329949069479,0.775723288997575));
#7275=CARTESIAN_POINT('Ctrl Pts',(-0.429445839593035,0.559301181102362,
0.774767926694421));
#7276=CARTESIAN_POINT('Ctrl Pts',(-0.429474448144496,0.559347665947878,
0.774752069270568));
#7277=CARTESIAN_POINT('Ctrl Pts',(-0.429503106151895,0.559394150876109,
0.774736300950512));
#7278=CARTESIAN_POINT('Ctrl Pts',(-0.431389315762458,0.56244844607958,0.773706106142918));
#7279=CARTESIAN_POINT('Ctrl Pts',(-0.433466886800353,0.565477230850926,
0.773057561484955));
#7280=CARTESIAN_POINT('Ctrl Pts',(-0.437855057634764,0.571395948814268,
0.772657732140804));
#7281=CARTESIAN_POINT('Ctrl Pts',(-0.440208370804504,0.57433372549003,0.772910575744928));
#7282=CARTESIAN_POINT('Ctrl Pts',(-0.443781480232037,0.578553370498581,
0.774227900617938));
#7283=CARTESIAN_POINT('Ctrl Pts',(-0.445034190515286,0.579987024518431,
0.774870730768745));
#7284=CARTESIAN_POINT('Ctrl Pts',(-0.446228762443801,0.581329949069478,
0.775723288997576));
#7285=CARTESIAN_POINT('Ctrl Pts',(-0.446228762443801,0.581329949069478,
0.775723288997576));
#7286=CARTESIAN_POINT('Ctrl Pts',(-0.446399174725086,0.582997881881104,
0.777537624378167));
#7287=CARTESIAN_POINT('Ctrl Pts',(-0.446429958455394,0.584429907283382,
0.779594393172218));
#7288=CARTESIAN_POINT('Ctrl Pts',(-0.446315934678246,0.587296348938566,
0.784816991864712));
#7289=CARTESIAN_POINT('Ctrl Pts',(-0.44609433620707,0.588523995489512,0.788136774200302));
#7290=CARTESIAN_POINT('Ctrl Pts',(-0.445535269970062,0.590136849642861,
0.794885605249506));
#7291=CARTESIAN_POINT('Ctrl Pts',(-0.445192433558191,0.590539500693452,
0.798361391759419));
#7292=CARTESIAN_POINT('Ctrl Pts',(-0.44484265528843,0.590551097602013,0.801867711840109));
#7293=CARTESIAN_POINT('Ctrl Pts',(-0.444837617664597,0.590551181102362,
0.80191820155281));
#7294=CARTESIAN_POINT('Ctrl Pts',(-0.44483257925412,0.590551181102362,0.801968691122428));
#7295=CARTESIAN_POINT('Ctrl Pts',(0.910788480959714,0.590551181102362,0.107210764653471));
#7296=CARTESIAN_POINT('Ctrl Pts',(0.910746548402583,0.590551181102362,0.107173759278067));
#7297=CARTESIAN_POINT('Ctrl Pts',(0.910704615139646,0.590551079661768,0.107136754571259));
#7298=CARTESIAN_POINT('Ctrl Pts',(0.907047161735765,0.590533385576152,0.103909308958255));
#7299=CARTESIAN_POINT('Ctrl Pts',(0.903388462860923,0.589761660668077,0.100688147208632));
#7300=CARTESIAN_POINT('Ctrl Pts',(0.897363930612582,0.587075364318896,0.0957155182495123));
#7301=CARTESIAN_POINT('Ctrl Pts',(0.894882472587087,0.585521264636691,0.0937689008179966));
#7302=CARTESIAN_POINT('Ctrl Pts',(0.89179438952207,0.582838900057184,0.0916691223691007));
#7303=CARTESIAN_POINT('Ctrl Pts',(0.891033831956318,0.582110245585151,0.0911820340690588));
#7304=CARTESIAN_POINT('Ctrl Pts',(0.890298246955953,0.581329949069478,0.0907510936160035));
#7305=CARTESIAN_POINT('Origin',(-0.102995662932529,0.574803149606299,0.209889784150504));
#7306=CARTESIAN_POINT('',(-0.450718627632099,0.574803149606299,0.780667562976513));
#7307=CARTESIAN_POINT('Origin',(-0.437080432296911,0.574803149606299,0.788541578724544));
#7308=CARTESIAN_POINT('',(-0.466535433070866,0.574803149606299,0.808063073609889));
#7309=CARTESIAN_POINT('',(-0.116633858267717,0.574803149606299,0.202015768402472));
#7310=CARTESIAN_POINT('Ctrl Pts',(-0.460705904453827,0.590551181102362,
0.829462096853125));
#7311=CARTESIAN_POINT('Ctrl Pts',(-0.460719794750942,0.590551181102362,
0.82941192678184));
#7312=CARTESIAN_POINT('Ctrl Pts',(-0.460733683642325,0.590551049897618,
0.82936175615837));
#7313=CARTESIAN_POINT('Ctrl Pts',(-0.461362392054049,0.590539170886599,
0.827090427748326));
#7314=CARTESIAN_POINT('Ctrl Pts',(-0.461977665273063,0.590270355049752,
0.824856314487344));
#7315=CARTESIAN_POINT('Ctrl Pts',(-0.46313581043218,0.589227632886171,0.820630475576078));
#7316=CARTESIAN_POINT('Ctrl Pts',(-0.463687927171102,0.588469923798175,
0.818605906158197));
#7317=CARTESIAN_POINT('Ctrl Pts',(-0.464723516495184,0.586387862535812,
0.814792701228591));
#7318=CARTESIAN_POINT('Ctrl Pts',(-0.465211408787237,0.585029919521383,
0.812987100477084));
#7319=CARTESIAN_POINT('Ctrl Pts',(-0.465905319703685,0.582112304196596,
0.810411316846603));
#7320=CARTESIAN_POINT('Ctrl Pts',(-0.466149911883275,0.580693610404474,
0.809500530153718));
#7321=CARTESIAN_POINT('Ctrl Pts',(-0.466456821180341,0.57776003602332,0.808356612532001));
#7322=CARTESIAN_POINT('Ctrl Pts',(-0.466533896129821,0.576320957857118,
0.808068809551197));
#7323=CARTESIAN_POINT('Ctrl Pts',(-0.466535425502816,0.574832619875125,
0.808063101854235));
#7324=CARTESIAN_POINT('Ctrl Pts',(-0.466535433070867,0.574817883038917,
0.80806307360989));
#7325=CARTESIAN_POINT('Ctrl Pts',(-0.466535433070867,0.574803149606299,
0.80806307360989));
#7326=CARTESIAN_POINT('Origin',(-0.437080432296911,0.295275590551181,0.788541578724544));
#7327=CARTESIAN_POINT('',(-0.429445839593035,0.366141732283465,0.774767926694421));
#7328=CARTESIAN_POINT('',(-0.429445839593035,0.295275590551181,0.774767926694421));
#7329=CARTESIAN_POINT('',(-0.450718627632099,0.366141732283465,0.780667562976513));
#7330=CARTESIAN_POINT('Origin',(-0.437080432296911,0.366141732283465,0.788541578724544));
#7331=CARTESIAN_POINT('',(-0.450718627632099,0.295275590551181,0.780667562976513));
#7332=CARTESIAN_POINT('Origin',(0.,0.295275590551181,0.));
#7333=CARTESIAN_POINT('',(0.8797221392374,0.45261437253172,0.103817277529856));
#7334=CARTESIAN_POINT('',(0.8797221392374,0.295275590551181,0.103817277529856));
#7335=CARTESIAN_POINT('',(0.551450422008811,0.354330708661417,0.693247070995935));
#7336=CARTESIAN_POINT('Ctrl Pts',(0.551450422008811,0.354330708661417,0.693247070995935));
#7337=CARTESIAN_POINT('Ctrl Pts',(0.567579663483269,0.354330708661417,0.680416902085168));
#7338=CARTESIAN_POINT('Ctrl Pts',(0.583260604140631,0.354328109152506,0.66702429719772));
#7339=CARTESIAN_POINT('Ctrl Pts',(0.617216741094245,0.35430604046335,0.6359118457818));
#7340=CARTESIAN_POINT('Ctrl Pts',(0.653347312121283,0.355044909099662,0.599799309457428));
#7341=CARTESIAN_POINT('Ctrl Pts',(0.685728883608801,0.364280581422857,0.561326310122455));
#7342=CARTESIAN_POINT('Ctrl Pts',(0.77191365885682,0.391907479336533,0.44983354903888));
#7343=CARTESIAN_POINT('Ctrl Pts',(0.824536129834964,0.414609560442237,0.34400795838108));
#7344=CARTESIAN_POINT('Ctrl Pts',(0.860526434690221,0.441555347830611,0.211292956153675));
#7345=CARTESIAN_POINT('Ctrl Pts',(0.870359279861831,0.449690163046018,0.169104192121807));
#7346=CARTESIAN_POINT('Ctrl Pts',(0.877147294827063,0.45227792083797,0.125635877350239));
#7347=CARTESIAN_POINT('Ctrl Pts',(0.8797221392374,0.45261437253172,0.103817277529856));
#7348=CARTESIAN_POINT('',(0.526899378228523,0.322834645669291,0.712085749471603));
#7349=CARTESIAN_POINT('Ctrl Pts',(0.526899378228523,0.322834645669291,0.712085749471603));
#7350=CARTESIAN_POINT('Ctrl Pts',(0.526899378228523,0.329902251645154,0.712085749471603));
#7351=CARTESIAN_POINT('Ctrl Pts',(0.531473242770517,0.346414391528924,0.708741751013919));
#7352=CARTESIAN_POINT('Ctrl Pts',(0.544204438462977,0.354330708661417,0.699010962184799));
#7353=CARTESIAN_POINT('Ctrl Pts',(0.551450422008811,0.354330708661417,0.693247070995935));
#7354=CARTESIAN_POINT('',(0.526899378228523,0.267716535433071,0.712085749471603));
#7355=CARTESIAN_POINT('',(0.526899378228523,0.295275590551181,0.712085749471603));
#7356=CARTESIAN_POINT('',(0.551450422008811,0.236220472440945,0.693247070995935));
#7357=CARTESIAN_POINT('Ctrl Pts',(0.551450422008811,0.236220472440945,0.693247070995935));
#7358=CARTESIAN_POINT('Ctrl Pts',(0.544204438303964,0.236220472440945,0.699010962311287));
#7359=CARTESIAN_POINT('Ctrl Pts',(0.531473832022083,0.244135997404609,0.708741307784198));
#7360=CARTESIAN_POINT('Ctrl Pts',(0.526899378228523,0.26064892930211,0.712085749471603));
#7361=CARTESIAN_POINT('Ctrl Pts',(0.526899378228523,0.267716535433071,0.712085749471603));
#7362=CARTESIAN_POINT('',(0.882455933348987,0.334645669291339,0.0772048902292247));
#7363=CARTESIAN_POINT('Ctrl Pts',(0.882455933348987,0.334645669291339,0.0772048902292247));
#7364=CARTESIAN_POINT('Ctrl Pts',(0.880239117996009,0.334645669291339,0.102543205659334));
#7365=CARTESIAN_POINT('Ctrl Pts',(0.873585264146613,0.33392484418879,0.153205773494968));
#7366=CARTESIAN_POINT('Ctrl Pts',(0.862770078593228,0.32467954607546,0.202329317484413));
#7367=CARTESIAN_POINT('Ctrl Pts',(0.826789832435174,0.297064163872446,0.338557771832369));
#7368=CARTESIAN_POINT('Ctrl Pts',(0.774866274657894,0.274363986113459,0.444730872762912));
#7369=CARTESIAN_POINT('Ctrl Pts',(0.688844422764729,0.246547365835367,0.557541643398918));
#7370=CARTESIAN_POINT('Ctrl Pts',(0.655400830193711,0.237036517105724,0.597683894145985));
#7371=CARTESIAN_POINT('Ctrl Pts',(0.617927229184722,0.236193647707871,0.635260982053743));
#7372=CARTESIAN_POINT('Ctrl Pts',(0.583261021130454,0.236217442385941,0.667023975990987));
#7373=CARTESIAN_POINT('Ctrl Pts',(0.567579189839299,0.236220472440945,0.680417278850075));
#7374=CARTESIAN_POINT('Ctrl Pts',(0.551450422008811,0.236220472440945,0.693247070995935));
#7375=CARTESIAN_POINT('',(0.885691626351286,0.334645669291339,0.0154729567101056));
#7376=CARTESIAN_POINT('Origin',(0.,0.334645669291339,0.));
#7377=CARTESIAN_POINT('',(0.885691626351286,0.366141732283465,-0.0154729567101056));
#7378=CARTESIAN_POINT('Ctrl Pts',(0.885691626351286,0.366141732283465,-0.0154729567101056));
#7379=CARTESIAN_POINT('Ctrl Pts',(0.885691626351286,0.356718240824388,-0.0154729567101056));
#7380=CARTESIAN_POINT('Ctrl Pts',(0.885865970828398,0.340411515378196,-0.00769544806647573));
#7381=CARTESIAN_POINT('Ctrl Pts',(0.885812921840214,0.334645669291339,0.00852984939903792));
#7382=CARTESIAN_POINT('Ctrl Pts',(0.885691626351286,0.334645669291339,0.0154729567101056));
#7383=CARTESIAN_POINT('',(0.885691626351286,0.559301181102362,-0.0154729567101056));
#7384=CARTESIAN_POINT('',(0.885691626351286,0.295275590551181,-0.0154729567101056));
#7385=CARTESIAN_POINT('',(-0.349952669926105,0.559301181102362,-0.813770359616108));
#7386=CARTESIAN_POINT('Origin',(0.,0.559301181102362,0.));
#7387=CARTESIAN_POINT('',(-0.349952669926105,0.45261437253172,-0.813770359616108));
#7388=CARTESIAN_POINT('',(-0.349952669926105,0.295275590551181,-0.813770359616108));
#7389=CARTESIAN_POINT('',(0.324644363577229,0.354330708661417,-0.824193609885247));
#7390=CARTESIAN_POINT('Ctrl Pts',(0.324644363577229,0.354330708661417,-0.824193609885247));
#7391=CARTESIAN_POINT('Ctrl Pts',(0.30546849062843,0.354330708661417,-0.831746858290518));
#7392=CARTESIAN_POINT('Ctrl Pts',(0.286029625643485,0.354328434834283,-0.838630660160205));
#7393=CARTESIAN_POINT('Ctrl Pts',(0.242107178728913,0.354307262634062,-0.852481342232285));
#7394=CARTESIAN_POINT('Ctrl Pts',(0.192767325110602,0.355047532923425,-0.865715079139638));
#7395=CARTESIAN_POINT('Ctrl Pts',(0.143257865360249,0.364282462923931,-0.874521866912602));
#7396=CARTESIAN_POINT('Ctrl Pts',(0.0036095159634585,0.391908001238667,
-0.893412856212334));
#7397=CARTESIAN_POINT('Ctrl Pts',(-0.114348167134004,0.414609110104708,
-0.886072385045522));
#7398=CARTESIAN_POINT('Ctrl Pts',(-0.247278050104616,0.441554608047638,
-0.85088422263347));
#7399=CARTESIAN_POINT('Ctrl Pts',(-0.288731030375516,0.44968897245904,-0.838305299771777));
#7400=CARTESIAN_POINT('Ctrl Pts',(-0.329769786001478,0.45227792083797,-0.822449778856154));
#7401=CARTESIAN_POINT('Ctrl Pts',(-0.349952669926105,0.45261437253172,-0.813770359616108));
#7402=CARTESIAN_POINT('',(0.353234659601029,0.322834645669291,-0.812351121519927));
#7403=CARTESIAN_POINT('Ctrl Pts',(0.353234659601029,0.322834645669291,-0.812351121519927));
#7404=CARTESIAN_POINT('Ctrl Pts',(0.353234659601029,0.332258120302593,-0.812351121519927));
#7405=CARTESIAN_POINT('Ctrl Pts',(0.346115944977998,0.348564800799069,-0.815488497446192));
#7406=CARTESIAN_POINT('Ctrl Pts',(0.331105364551761,0.354330708661417,-0.821648664711818));
#7407=CARTESIAN_POINT('Ctrl Pts',(0.324644363577229,0.354330708661417,-0.824193609885247));
#7408=CARTESIAN_POINT('',(0.353234659601029,0.267716535433071,-0.812351121519927));
#7409=CARTESIAN_POINT('',(0.353234659601029,0.295275590551181,-0.812351121519927));
#7410=CARTESIAN_POINT('',(0.324644363577229,0.236220472440945,-0.824193609885247));
#7411=CARTESIAN_POINT('Ctrl Pts',(0.324644363577229,0.236220472440945,-0.824193609885247));
#7412=CARTESIAN_POINT('Ctrl Pts',(0.333259031733443,0.236220472440945,-0.8208003495791));
#7413=CARTESIAN_POINT('Ctrl Pts',(0.348051064998003,0.244135993955176,-0.81464049226361));
#7414=CARTESIAN_POINT('Ctrl Pts',(0.353234659601029,0.260648929302074,-0.812351121519928));
#7415=CARTESIAN_POINT('Ctrl Pts',(0.353234659601029,0.267716535433071,-0.812351121519928));
#7416=CARTESIAN_POINT('',(-0.374366570439596,0.334645669291339,-0.802831701115143));
#7417=CARTESIAN_POINT('Ctrl Pts',(-0.374366570439596,0.334645669291339,
-0.802831701115143));
#7418=CARTESIAN_POINT('Ctrl Pts',(-0.351314537911528,0.334645669291339,
-0.813581040419019));
#7419=CARTESIAN_POINT('Ctrl Pts',(-0.30411214428301,0.333922545796953,-0.833149995301009));
#7420=CARTESIAN_POINT('Ctrl Pts',(-0.256162334343506,0.324678165687456,
-0.848345563698551));
#7421=CARTESIAN_POINT('Ctrl Pts',(-0.120194436669964,0.297063327997842,
-0.885299436435539));
#7422=CARTESIAN_POINT('Ctrl Pts',(-0.00228544619376464,0.274364206775347,
-0.893418764126649));
#7423=CARTESIAN_POINT('Ctrl Pts',(0.138422727238427,0.246548933630873,-0.875327649997473));
#7424=CARTESIAN_POINT('Ctrl Pts',(0.189908799253344,0.237038821270803,-0.866435740506744));
#7425=CARTESIAN_POINT('Ctrl Pts',(0.241188398458141,0.236194685244358,-0.852771193328654));
#7426=CARTESIAN_POINT('Ctrl Pts',(0.286029177551809,0.236217698977889,-0.838630855144389));
#7427=CARTESIAN_POINT('Ctrl Pts',(0.305469053738395,0.236220472440945,-0.831746636485261));
#7428=CARTESIAN_POINT('Ctrl Pts',(0.324644363577229,0.236220472440945,-0.824193609885247));
#7429=CARTESIAN_POINT('',(-0.429445839593034,0.334645669291339,-0.774767926694421));
#7430=CARTESIAN_POINT('Origin',(0.,0.334645669291339,0.));
#7431=CARTESIAN_POINT('',(-0.456245786758251,0.366141732283465,-0.759294969984316));
#7432=CARTESIAN_POINT('Ctrl Pts',(-0.456245786758251,0.366141732283465,
-0.759294969984316));
#7433=CARTESIAN_POINT('Ctrl Pts',(-0.456245786758251,0.356718156447882,
-0.759294969984316));
#7434=CARTESIAN_POINT('Ctrl Pts',(-0.449596828620347,0.34041095810403,-0.763335066583865));
#7435=CARTESIAN_POINT('Ctrl Pts',(-0.43551944903177,0.334645669291339,-0.771401387870459));
#7436=CARTESIAN_POINT('Ctrl Pts',(-0.429445839593034,0.334645669291339,
-0.774767926694422));
#7437=CARTESIAN_POINT('',(-0.456245786758251,0.559301181102362,-0.759294969984316));
#7438=CARTESIAN_POINT('',(-0.456245786758251,0.295275590551181,-0.759294969984316));
#7439=CARTESIAN_POINT('',(-0.885826771653543,0.559301181102362,1.08482492050455E-16));
#7440=CARTESIAN_POINT('Origin',(0.,0.559301181102362,0.));
#7441=CARTESIAN_POINT('',(-0.885826771653543,0.295275590551181,1.08482492050455E-16));
#7442=CARTESIAN_POINT('',(-0.529769469311295,0.559301181102362,0.709953082086251));
#7443=CARTESIAN_POINT('Origin',(0.,0.559301181102362,0.));
#7444=CARTESIAN_POINT('',(-0.529769469311295,0.45261437253172,0.709953082086251));
#7445=CARTESIAN_POINT('',(-0.529769469311295,0.295275590551181,0.709953082086251));
#7446=CARTESIAN_POINT('',(-0.87609478558604,0.354330708661417,0.130946538889311));
#7447=CARTESIAN_POINT('Ctrl Pts',(-0.87609478558604,0.354330708661417,0.130946538889311));
#7448=CARTESIAN_POINT('Ctrl Pts',(-0.8730481541117,0.354330708661417,0.15132995620535));
#7449=CARTESIAN_POINT('Ctrl Pts',(-0.869290280491513,0.354328247623702,
0.171606375395778));
#7450=CARTESIAN_POINT('Ctrl Pts',(-0.859324143364223,0.354306566364552,
0.216569561697091));
#7451=CARTESIAN_POINT('Ctrl Pts',(-0.846115019030036,0.355046039913271,
0.2659158962146));
#7452=CARTESIAN_POINT('Ctrl Pts',(-0.828987202203828,0.364281386799018,
0.313195695302945));
#7453=CARTESIAN_POINT('Ctrl Pts',(-0.775523627096199,0.391907687359557,
0.443580249138254));
#7454=CARTESIAN_POINT('Ctrl Pts',(-0.710187446581295,0.414609365858366,
0.542064972720926));
#7455=CARTESIAN_POINT('Ctrl Pts',(-0.61324830483047,0.441555025742493,0.639591235898513));
#7456=CARTESIAN_POINT('Ctrl Pts',(-0.58162816889367,0.449689642706782,0.669201110185922));
#7457=CARTESIAN_POINT('Ctrl Pts',(-0.547377508825584,0.45227792083797,0.696813901505916));
#7458=CARTESIAN_POINT('Ctrl Pts',(-0.529769469311295,0.45261437253172,0.709953082086252));
#7459=CARTESIAN_POINT('',(-0.880134037829551,0.322834645669291,0.100265372048324));
#7460=CARTESIAN_POINT('Ctrl Pts',(-0.880134037829551,0.322834645669291,
0.100265372048324));
#7461=CARTESIAN_POINT('Ctrl Pts',(-0.880134037829551,0.332258120303455,
0.100265372048324));
#7462=CARTESIAN_POINT('Ctrl Pts',(-0.879291728083135,0.348564802906814,
0.107999046035315));
#7463=CARTESIAN_POINT('Ctrl Pts',(-0.877121298901971,0.354330708661417,
0.124078675324148));
#7464=CARTESIAN_POINT('Ctrl Pts',(-0.876094785586039,0.354330708661417,
0.130946538889311));
#7465=CARTESIAN_POINT('',(-0.880134037829551,0.267716535433071,0.100265372048324));
#7466=CARTESIAN_POINT('',(-0.880134037829551,0.295275590551181,0.100265372048324));
#7467=CARTESIAN_POINT('',(-0.87609478558604,0.236220472440945,0.130946538889311));
#7468=CARTESIAN_POINT('Ctrl Pts',(-0.87609478558604,0.236220472440945,0.130946538889311));
#7469=CARTESIAN_POINT('Ctrl Pts',(-0.877121298924534,0.236220472440945,
0.124078675173191));
#7470=CARTESIAN_POINT('Ctrl Pts',(-0.879291637214953,0.241985598228999,
0.107999794687505));
#7471=CARTESIAN_POINT('Ctrl Pts',(-0.880134037829551,0.258293060591777,
0.100265372048324));
#7472=CARTESIAN_POINT('Ctrl Pts',(-0.880134037829551,0.267716535433071,
0.100265372048324));
#7473=CARTESIAN_POINT('',(-0.508089362909392,0.334645669291339,0.725626810885918));
#7474=CARTESIAN_POINT('Ctrl Pts',(-0.508089362909391,0.334645669291339,
0.725626810885918));
#7475=CARTESIAN_POINT('Ctrl Pts',(-0.52892458008448,0.334645669291339,0.711037834759684));
#7476=CARTESIAN_POINT('Ctrl Pts',(-0.569472828476044,0.333923936026615,
0.679944025097265));
#7477=CARTESIAN_POINT('Ctrl Pts',(-0.606607476598166,0.324679003563635,
0.646016038994847));
#7478=CARTESIAN_POINT('Ctrl Pts',(-0.706594562444157,0.297063841919088,
0.546741735135584));
#7479=CARTESIAN_POINT('Ctrl Pts',(-0.772581076208106,0.274364063399253,
0.448688520280194));
#7480=CARTESIAN_POINT('Ctrl Pts',(-0.827267402806446,0.246547976495118,
0.317786057352539));
#7481=CARTESIAN_POINT('Ctrl Pts',(-0.845309816719632,0.237037420175345,
0.268751900980703));
#7482=CARTESIAN_POINT('Ctrl Pts',(-0.85911574510864,0.236194053789895,0.217510237845723));
#7483=CARTESIAN_POINT('Ctrl Pts',(-0.869290216968198,0.236217541672858,
0.171606881045079));
#7484=CARTESIAN_POINT('Ctrl Pts',(-0.873048243577694,0.236220472440945,
0.151329357635186));
#7485=CARTESIAN_POINT('Ctrl Pts',(-0.876094785586039,0.236220472440945,
0.130946538889311));
#7486=CARTESIAN_POINT('',(-0.456245786758252,0.334645669291339,0.759294969984315));
#7487=CARTESIAN_POINT('Origin',(0.,0.334645669291339,0.));
#7488=CARTESIAN_POINT('Ctrl Pts',(-0.429445839593035,0.366141732283465,
0.774767926694421));
#7489=CARTESIAN_POINT('Ctrl Pts',(-0.429445839593035,0.356718156108716,
0.774767926694421));
#7490=CARTESIAN_POINT('Ctrl Pts',(-0.436269152660008,0.340410950929775,
0.771029803898607));
#7491=CARTESIAN_POINT('Ctrl Pts',(-0.450293473680274,0.334645669291338,
0.762871600767671));
#7492=CARTESIAN_POINT('Ctrl Pts',(-0.456245786758252,0.334645669291339,
0.759294969984315));
#7493=CARTESIAN_POINT('Origin',(0.,0.559301181102362,0.));
#7494=CARTESIAN_POINT('',(-0.523741875970655,0.581329949069478,0.725645352000604));
#7495=CARTESIAN_POINT('Ctrl Pts',(-0.523741875970655,0.581329949069478,
0.725645352000605));
#7496=CARTESIAN_POINT('Ctrl Pts',(-0.523369735061413,0.579583669762718,
0.723773582374314));
#7497=CARTESIAN_POINT('Ctrl Pts',(-0.523341048989842,0.57759294047964,0.72185800632215));
#7498=CARTESIAN_POINT('Ctrl Pts',(-0.524025205920876,0.57273794828231,0.717762223131402));
#7499=CARTESIAN_POINT('Ctrl Pts',(-0.52484575876094,0.569963336416682,0.715753773161389));
#7500=CARTESIAN_POINT('Ctrl Pts',(-0.52697510566499,0.564612046580652,0.712456987189509));
#7501=CARTESIAN_POINT('Ctrl Pts',(-0.52824931432924,0.562006791927653,0.711099265091114));
#7502=CARTESIAN_POINT('Ctrl Pts',(-0.529726675973367,0.559377134341792,
0.709985099491597));
#7503=CARTESIAN_POINT('Ctrl Pts',(-0.529748052316121,0.559339157699452,
0.709969063522847));
#7504=CARTESIAN_POINT('Ctrl Pts',(-0.529769469311295,0.559301181102362,
0.709953082086251));
#7505=CARTESIAN_POINT('',(-0.448681693357218,0.581329949069479,-0.77430708867441));
#7506=CARTESIAN_POINT('Ctrl Pts',(-0.456245786758251,0.559301181102362,
-0.759294969984316));
#7507=CARTESIAN_POINT('Ctrl Pts',(-0.456223570674982,0.559338014699077,
-0.759308319202723));
#7508=CARTESIAN_POINT('Ctrl Pts',(-0.456201387522261,0.559374848337036,
-0.759321723281217));
#7509=CARTESIAN_POINT('Ctrl Pts',(-0.45462612973027,0.561994361158174,-0.7602788830177));
#7510=CARTESIAN_POINT('Ctrl Pts',(-0.453226944135063,0.564590488182273,
-0.761497159772174));
#7511=CARTESIAN_POINT('Ctrl Pts',(-0.45078422297455,0.569922974255869,-0.76454969320538));
#7512=CARTESIAN_POINT('Ctrl Pts',(-0.449767816428555,0.572687629259132,
-0.766455620583988));
#7513=CARTESIAN_POINT('Ctrl Pts',(-0.44870506098106,0.57737622194664,-0.770315532890684));
#7514=CARTESIAN_POINT('Ctrl Pts',(-0.448494323877505,0.57937732784624,-0.772195286794353));
#7515=CARTESIAN_POINT('Ctrl Pts',(-0.448673779684234,0.581252876746242,
-0.77422337552896));
#7516=CARTESIAN_POINT('Ctrl Pts',(-0.448677649526681,0.581291448423013,
-0.774265208375747));
#7517=CARTESIAN_POINT('Ctrl Pts',(-0.448681693357218,0.581329949069478,
-0.774307088674411));
#7518=CARTESIAN_POINT('Ctrl Pts',(-0.448681693357218,0.581329949069478,
-0.774307088674411));
#7519=CARTESIAN_POINT('Ctrl Pts',(-0.45017231328394,0.583003006194631,-0.775365078186592));
#7520=CARTESIAN_POINT('Ctrl Pts',(-0.451944421039044,0.584438713428732,
-0.776423380982817));
#7521=CARTESIAN_POINT('Ctrl Pts',(-0.456527103339775,0.587302035032638,
-0.778936135069653));
#7522=CARTESIAN_POINT('Ctrl Pts',(-0.459507056586532,0.588526189273047,
-0.780401096661586));
#7523=CARTESIAN_POINT('Ctrl Pts',(-0.465624156726643,0.590136874215089,
-0.783287957088134));
#7524=CARTESIAN_POINT('Ctrl Pts',(-0.468804670723638,0.59053938795725,-0.78472848934233));
#7525=CARTESIAN_POINT('Ctrl Pts',(-0.472015579423517,0.590551095965639,
-0.786178488840252));
#7526=CARTESIAN_POINT('Ctrl Pts',(-0.472062274537282,0.590551181102362,
-0.786199574617367));
#7527=CARTESIAN_POINT('Ctrl Pts',(-0.472108969924606,0.590551181102362,
-0.786220659626299));
#7528=CARTESIAN_POINT('Ctrl Pts',(-0.548241486228918,0.590551181102362,
0.735160579658616));
#7529=CARTESIAN_POINT('Ctrl Pts',(-0.548191999682089,0.590551181102362,
0.735143952822559));
#7530=CARTESIAN_POINT('Ctrl Pts',(-0.548142513336913,0.590551092711574,
0.735127325164134));
#7531=CARTESIAN_POINT('Ctrl Pts',(-0.544803873733873,0.590539166582816,
0.734005454399743));
#7532=CARTESIAN_POINT('Ctrl Pts',(-0.541497399711652,0.590136893082507,
0.732890288235094));
#7533=CARTESIAN_POINT('Ctrl Pts',(-0.535136900073781,0.588530331471785,
0.730633666505303));
#7534=CARTESIAN_POINT('Ctrl Pts',(-0.532037475152095,0.58731290133765,0.729478205860153));
#7535=CARTESIAN_POINT('Ctrl Pts',(-0.527221593389208,0.584455626417727,
0.727435688652407));
#7536=CARTESIAN_POINT('Ctrl Pts',(-0.525340024481206,0.583012854983098,
0.726554563224485));
#7537=CARTESIAN_POINT('Ctrl Pts',(-0.523741875970656,0.581329949069478,
0.725645352000605));
#7538=CARTESIAN_POINT('Origin',(-0.130272053602904,0.574803149606299,-0.194141752654441));
#7539=CARTESIAN_POINT('',(-0.450718627632099,0.574803149606299,-0.780667562976513));
#7540=CARTESIAN_POINT('Origin',(-0.464356822967287,0.574803149606299,-0.772793547228481));
#7541=CARTESIAN_POINT('',(-0.466535433070866,0.574803149606299,-0.80806307360989));
#7542=CARTESIAN_POINT('',(-0.116633858267717,0.574803149606299,-0.202015768402472));
#7543=CARTESIAN_POINT('Ctrl Pts',(-0.487982295124202,0.590551181102362,
-0.813714065357062));
#7544=CARTESIAN_POINT('Ctrl Pts',(-0.487931901419395,0.590551181102362,
-0.813701009671586));
#7545=CARTESIAN_POINT('Ctrl Pts',(-0.487881507939251,0.590551049897618,
-0.813687952492618));
#7546=CARTESIAN_POINT('Ctrl Pts',(-0.485600125629931,0.590539170886597,
-0.813096765743707));
#7547=CARTESIAN_POINT('Ctrl Pts',(-0.483357690181494,0.590270355049748,
-0.812512551351163));
#7548=CARTESIAN_POINT('Ctrl Pts',(-0.479118933752483,0.589227632886165,
-0.811402615024596));
#7549=CARTESIAN_POINT('Ctrl Pts',(-0.47708954683541,0.588469923798167,-0.810868477437417));
#7550=CARTESIAN_POINT('Ctrl Pts',(-0.473269419834496,0.586387862535801,
-0.809858721635157));
#7551=CARTESIAN_POINT('Ctrl Pts',(-0.471461777568576,0.585029919521372,
-0.809378448378632));
#7552=CARTESIAN_POINT('Ctrl Pts',(-0.46888412805171,0.582112304196587,-0.808691501045001));
#7553=CARTESIAN_POINT('Ctrl Pts',(-0.467973067548447,0.580693610404463,
-0.808447930739651));
#7554=CARTESIAN_POINT('Ctrl Pts',(-0.466828951179672,0.577760036023306,
-0.80814176317671));
#7555=CARTESIAN_POINT('Ctrl Pts',(-0.466541169012274,0.576320957857105,
-0.808064610550553));
#7556=CARTESIAN_POINT('Ctrl Pts',(-0.466535461315212,0.574832619875117,
-0.808063081177938));
#7557=CARTESIAN_POINT('Ctrl Pts',(-0.466535433070866,0.574817883038913,
-0.80806307360989));
#7558=CARTESIAN_POINT('Ctrl Pts',(-0.466535433070866,0.574803149606299,
-0.80806307360989));
#7559=CARTESIAN_POINT('Origin',(-0.464356822967287,0.295275590551181,-0.772793547228481));
#7560=CARTESIAN_POINT('',(-0.450718627632099,0.366141732283465,-0.780667562976513));
#7561=CARTESIAN_POINT('Origin',(-0.464356822967287,0.366141732283465,-0.772793547228481));
#7562=CARTESIAN_POINT('',(-0.450718627632099,0.295275590551181,-0.780667562976513));
#7563=CARTESIAN_POINT('Origin',(0.,0.559301181102362,0.));
#7564=CARTESIAN_POINT('',(-0.366556370985297,0.581329949069478,-0.816396445616608));
#7565=CARTESIAN_POINT('Ctrl Pts',(-0.366556370985297,0.581329949069478,
-0.816396445616609));
#7566=CARTESIAN_POINT('Ctrl Pts',(-0.365424924583076,0.579953002458141,
-0.815404376041786));
#7567=CARTESIAN_POINT('Ctrl Pts',(-0.364210660742552,0.578480599730072,
-0.814625542299779));
#7568=CARTESIAN_POINT('Ctrl Pts',(-0.360737234131121,0.574196482955157,
-0.812961600624772));
#7569=CARTESIAN_POINT('Ctrl Pts',(-0.358404931018657,0.571233978279524,
-0.812490190953693));
#7570=CARTESIAN_POINT('Ctrl Pts',(-0.35403539956193,0.565350761053282,-0.8124885548432));
#7571=CARTESIAN_POINT('Ctrl Pts',(-0.35195222377288,0.562386340215855,-0.812924965052323));
#7572=CARTESIAN_POINT('Ctrl Pts',(-0.350013229289762,0.559394802197328,
-0.813744429243923));
#7573=CARTESIAN_POINT('Ctrl Pts',(-0.349982929167688,0.559347991607466,
-0.81375734697408));
#7574=CARTESIAN_POINT('Ctrl Pts',(-0.349952669926185,0.559301181102362,
-0.813770359616073));
#7575=CARTESIAN_POINT('',(0.894910455801018,0.581329949069479,-0.00141620032316562));
#7576=CARTESIAN_POINT('Ctrl Pts',(0.885691626351286,0.559301181102362,-0.0154729567101056));
#7577=CARTESIAN_POINT('Ctrl Pts',(0.885692034344814,0.559334375677993,-0.0154496026441443));
#7578=CARTESIAN_POINT('Ctrl Pts',(0.885692494297172,0.559367570283796,-0.0154262494646311));
#7579=CARTESIAN_POINT('Ctrl Pts',(0.885731182341282,0.561876281566053,-0.0136613873080457));
#7580=CARTESIAN_POINT('Ctrl Pts',(0.886058518327024,0.564363689257648,-0.0119165548785571));
#7581=CARTESIAN_POINT('Ctrl Pts',(0.887359676604479,0.56945954745192,-0.00842822754297125));
#7582=CARTESIAN_POINT('Ctrl Pts',(0.888395873064346,0.572093145709707,-0.00667315100910264));
#7583=CARTESIAN_POINT('Ctrl Pts',(0.891241450846273,0.57712685808771,-0.00356179288360627));
#7584=CARTESIAN_POINT('Ctrl Pts',(0.892970785803784,0.579379675402902,-0.00229953734716224));
#7585=CARTESIAN_POINT('Ctrl Pts',(0.894910455801019,0.581329949069477,-0.00141620032316521));
#7586=CARTESIAN_POINT('Ctrl Pts',(0.894910455801019,0.581329949069478,-0.00141620032316518));
#7587=CARTESIAN_POINT('Ctrl Pts',(0.896450047748875,0.582880198145395,-0.00212219278947512));
#7588=CARTESIAN_POINT('Ctrl Pts',(0.898183033620408,0.58430146043289,-0.00307212711639863));
#7589=CARTESIAN_POINT('Ctrl Pts',(0.902827737152934,0.587312240003401,-0.00588095148148153));
#7590=CARTESIAN_POINT('Ctrl Pts',(0.905726092609865,0.588589374401027,-0.00782692436071539));
#7591=CARTESIAN_POINT('Ctrl Pts',(0.911347149945649,0.59016409538304,-0.0117328921513618));
#7592=CARTESIAN_POINT('Ctrl Pts',(0.914101853784022,0.590541870393198,-0.0137077153601999));
#7593=CARTESIAN_POINT('Ctrl Pts',(0.916873654713349,0.59055112443007,-0.0156992472978061));
#7594=CARTESIAN_POINT('Ctrl Pts',(0.916907602118672,0.590551181102362,-0.0157236391878648));
#7595=CARTESIAN_POINT('Ctrl Pts',(0.916941549178836,0.590551181102362,-0.0157480314960629));
#7596=CARTESIAN_POINT('Ctrl Pts',(-0.362546994730856,0.590551181102362,
-0.84237134431206));
#7597=CARTESIAN_POINT('Ctrl Pts',(-0.362556666097183,0.590551181102362,
-0.842323501743651));
#7598=CARTESIAN_POINT('Ctrl Pts',(-0.362566336751995,0.590551103833463,
-0.84227565897219));
#7599=CARTESIAN_POINT('Ctrl Pts',(-0.363201216934532,0.590540958050648,
-0.83913448569344));
#7600=CARTESIAN_POINT('Ctrl Pts',(-0.363826104012405,0.590207932912106,
-0.836026079186618));
#7601=CARTESIAN_POINT('Ctrl Pts',(-0.364968869886714,0.588876285186118,
-0.829937293100533));
#7602=CARTESIAN_POINT('Ctrl Pts',(-0.365493680920183,0.587863347608258,
-0.826922863040709));
#7603=CARTESIAN_POINT('Ctrl Pts',(-0.366273751490138,0.585136917035735,
-0.821315395787498));
#7604=CARTESIAN_POINT('Ctrl Pts',(-0.366541877822567,0.583419218560942,
-0.818679057092823));
#7605=CARTESIAN_POINT('Ctrl Pts',(-0.366556370985297,0.581329949069478,
-0.816396445616609));
#7606=CARTESIAN_POINT('Origin',(0.897637795275591,0.574803149606299,-0.015748031496063));
#7607=CARTESIAN_POINT('',(0.901437255264198,0.574803149606299,0.));
#7608=CARTESIAN_POINT('Origin',(0.901437255264198,0.574803149606299,-0.015748031496063));
#7609=CARTESIAN_POINT('',(0.933070866141732,0.574803149606299,0.));
#7610=CARTESIAN_POINT('',(0.897637795275591,0.574803149606299,0.));
#7611=CARTESIAN_POINT('Ctrl Pts',(0.948688199578028,0.590551181102362,-0.0157480314960629));
#7612=CARTESIAN_POINT('Ctrl Pts',(0.948651696170343,0.590551181102362,-0.015710917110252));
#7613=CARTESIAN_POINT('Ctrl Pts',(0.948615191581586,0.590551049897618,-0.0156738036657494));
#7614=CARTESIAN_POINT('Ctrl Pts',(0.946962517684006,0.590539170886599,-0.0139936620045996));
#7615=CARTESIAN_POINT('Ctrl Pts',(0.945335355454575,0.590270355049751,-0.0123437631361745));
#7616=CARTESIAN_POINT('Ctrl Pts',(0.942254744184677,0.58922763288617,-0.00922786055147688));
#7617=CARTESIAN_POINT('Ctrl Pts',(0.940777474006527,0.588469923798173,-0.00773742872077362));
#7618=CARTESIAN_POINT('Ctrl Pts',(0.937992936329692,0.586387862535809,-0.00493397959342721));
#7619=CARTESIAN_POINT('Ctrl Pts',(0.936673186355822,0.58502991952138,-0.00360865209844633));
#7620=CARTESIAN_POINT('Ctrl Pts',(0.934789447755402,0.582112304196598,-0.0017198158016029));
#7621=CARTESIAN_POINT('Ctrl Pts',(0.934122979431728,0.580693610404474,-0.00105259941406461));
#7622=CARTESIAN_POINT('Ctrl Pts',(0.933285772360016,0.577760036023313,-0.000214849355287496));
#7623=CARTESIAN_POINT('Ctrl Pts',(0.933075065142096,0.576320957857113,-4.19900064325468E-6));
#7624=CARTESIAN_POINT('Ctrl Pts',(0.933070886818028,0.574832619875123,-2.06762971015916E-8));
#7625=CARTESIAN_POINT('Ctrl Pts',(0.933070866141732,0.574817883038916,1.64851882803418E-19));
#7626=CARTESIAN_POINT('Ctrl Pts',(0.933070866141732,0.574803149606299,0.));
#7627=CARTESIAN_POINT('Origin',(0.901437255264198,0.295275590551181,-0.015748031496063));
#7628=CARTESIAN_POINT('',(0.901437255264198,0.366141732283465,0.));
#7629=CARTESIAN_POINT('Origin',(0.901437255264198,0.366141732283465,-0.015748031496063));
#7630=CARTESIAN_POINT('',(0.901437255264198,0.295275590551181,0.));
#7631=CARTESIAN_POINT('Origin',(0.,-0.0868602362204725,0.));
#7632=CARTESIAN_POINT('',(-1.00255903069962E-16,-0.118110236220472,-0.81865157480315));
#7633=CARTESIAN_POINT('Origin',(0.,-0.118110236220472,0.));
#7634=CARTESIAN_POINT('Origin',(-1.00255903069962E-16,-0.0868602362204725,
-0.81865157480315));
#7635=CARTESIAN_POINT('Origin',(0.,-0.118110236220472,0.));
#7636=CARTESIAN_POINT('',(1.18110236220472,-0.118110236220472,1.44643322733939E-16));
#7637=CARTESIAN_POINT('Origin',(0.,-0.118110236220472,0.));
#7638=CARTESIAN_POINT('Origin',(-0.539187593210163,0.45261437253172,0.722574470212229));
#7639=CARTESIAN_POINT('',(-0.53899766795481,0.436868123421684,0.722716115413626));
#7640=CARTESIAN_POINT('',(-0.526403621939632,0.45261437253172,0.731770696316194));
#7641=CARTESIAN_POINT('Origin',(-0.539187593210163,0.45261437253172,0.722574470212229));
#7642=CARTESIAN_POINT('Origin',(-0.539187593210163,0.45261437253172,0.722574470212229));
#7643=CARTESIAN_POINT('Origin',(-0.539187593210163,0.45261437253172,0.722574470212229));
#7644=CARTESIAN_POINT('Origin',(-0.539187593210163,0.295275590551181,0.722574470212229));
#7645=CARTESIAN_POINT('',(-0.526403621939632,0.574803149606299,0.731770696316194));
#7646=CARTESIAN_POINT('Origin',(-0.539187593210163,0.574803149606299,0.722574470212229));
#7647=CARTESIAN_POINT('',(-0.526403621939632,0.295275590551181,0.731770696316194));
#7648=CARTESIAN_POINT('Origin',(-0.127287239527759,0.574803149606299,0.149978469606394));
#7649=CARTESIAN_POINT('',(-0.544876396659913,0.574803149606299,0.757450297778932));
#7650=CARTESIAN_POINT('Ctrl Pts',(-0.566780271548688,0.590551181102362,
0.760931944590183));
#7651=CARTESIAN_POINT('Ctrl Pts',(-0.566728826208816,0.590551181102362,
0.760923985104482));
#7652=CARTESIAN_POINT('Ctrl Pts',(-0.566677380943378,0.590551049897618,
0.760916024110321));
#7653=CARTESIAN_POINT('Ctrl Pts',(-0.562743325602881,0.590530984382572,
0.760307125080811));
#7654=CARTESIAN_POINT('Ctrl Pts',(-0.558936333224852,0.58976501198559,0.759708698439247));
#7655=CARTESIAN_POINT('Ctrl Pts',(-0.552943716816247,0.587200345030094,
0.758755683062349));
#7656=CARTESIAN_POINT('Ctrl Pts',(-0.550663848489794,0.585682974419717,
0.75838899491347));
#7657=CARTESIAN_POINT('Ctrl Pts',(-0.547566382136882,0.582530757070246,
0.757888292670146));
#7658=CARTESIAN_POINT('Ctrl Pts',(-0.546471555709826,0.580969222570509,
0.757710268630652));
#7659=CARTESIAN_POINT('Ctrl Pts',(-0.545184018192193,0.577810738182711,
0.757500555953317));
#7660=CARTESIAN_POINT('Ctrl Pts',(-0.544876396659913,0.576325103324926,
0.757450297778932));
#7661=CARTESIAN_POINT('Ctrl Pts',(-0.544876396659913,0.574803149606299,
0.757450297778932));
#7662=CARTESIAN_POINT('',(-0.114503268257228,0.574803149606299,0.159174695710359));
#7663=CARTESIAN_POINT('Ctrl Pts',(-0.891669803996458,0.338582677165354,
0.133274477358455));
#7664=CARTESIAN_POINT('Ctrl Pts',(-0.892253382960697,0.338582677165354,
0.129787554735512));
#7665=CARTESIAN_POINT('Ctrl Pts',(-0.893384654880293,0.335699724288053,
0.121608333682725));
#7666=CARTESIAN_POINT('Ctrl Pts',(-0.893725334582601,0.327546382986373,
0.11766117245493));
#7667=CARTESIAN_POINT('Ctrl Pts',(-0.893725334582601,0.322834645669291,
0.11766117245493));
#7668=CARTESIAN_POINT('Ctrl Pts',(-0.88759227371165,0.338582677165354,0.132665024492399));
#7669=CARTESIAN_POINT('Ctrl Pts',(-0.888159823227491,0.338566154702828,
0.129215958257344));
#7670=CARTESIAN_POINT('Ctrl Pts',(-0.889293766344338,0.335718366486441,
0.121131728838125));
#7671=CARTESIAN_POINT('Ctrl Pts',(-0.88968323680951,0.327558259275296,0.11712902018761));
#7672=CARTESIAN_POINT('Ctrl Pts',(-0.88968323680951,0.322834645669291,0.11712902018761));
#7673=CARTESIAN_POINT('Ctrl Pts',(-0.879470611275255,0.341996002779366,
0.131451110651601));
#7674=CARTESIAN_POINT('Ctrl Pts',(-0.880110444453414,0.341965775987856,
0.12729243061704));
#7675=CARTESIAN_POINT('Ctrl Pts',(-0.88148736917312,0.338534882908011,0.117587967933347));
#7676=CARTESIAN_POINT('Ctrl Pts',(-0.882065749741895,0.328612152958083,
0.112763454038465));
#7677=CARTESIAN_POINT('Ctrl Pts',(-0.882065749741895,0.322834645669291,
0.112763454038465));
#7678=CARTESIAN_POINT('Ctrl Pts',(-0.876094785586039,0.350207883656706,
0.130946538889311));
#7679=CARTESIAN_POINT('Ctrl Pts',(-0.876983959393498,0.350197496582712,
0.124995273520577));
#7680=CARTESIAN_POINT('Ctrl Pts',(-0.878894706135485,0.34521063788373,0.11107154508996));
#7681=CARTESIAN_POINT('Ctrl Pts',(-0.87967257107744,0.331035978376848,0.104316148378799));
#7682=CARTESIAN_POINT('Ctrl Pts',(-0.87967257107744,0.322834645669291,0.104316148378799));
#7683=CARTESIAN_POINT('Ctrl Pts',(-0.876094785586039,0.354330708661417,
0.130946538889311));
#7684=CARTESIAN_POINT('Ctrl Pts',(-0.877121298901971,0.354330708661417,
0.124078675324148));
#7685=CARTESIAN_POINT('Ctrl Pts',(-0.879291728083135,0.348564802906814,
0.107999046035315));
#7686=CARTESIAN_POINT('Ctrl Pts',(-0.880134037829551,0.332258120303455,
0.100265372048324));
#7687=CARTESIAN_POINT('Ctrl Pts',(-0.880134037829551,0.322834645669291,
0.100265372048324));
#7688=CARTESIAN_POINT('',(-0.891669803996458,0.338582677165354,0.133274477358455));
#7689=CARTESIAN_POINT('Origin',(-0.891669803996458,0.354330708661417,0.133274477358455));
#7690=CARTESIAN_POINT('',(-0.893725334582601,0.322834645669291,0.11766117245493));
#7691=CARTESIAN_POINT('Ctrl Pts',(-0.891669803996458,0.338582677165354,
0.133274477358455));
#7692=CARTESIAN_POINT('Ctrl Pts',(-0.892253382960697,0.338582677165354,
0.129787554735512));
#7693=CARTESIAN_POINT('Ctrl Pts',(-0.893384654880293,0.335699724288053,
0.121608333682725));
#7694=CARTESIAN_POINT('Ctrl Pts',(-0.893725334582601,0.327546382986373,
0.11766117245493));
#7695=CARTESIAN_POINT('Ctrl Pts',(-0.893725334582601,0.322834645669291,
0.11766117245493));
#7696=CARTESIAN_POINT('Origin',(-0.895780865168743,0.322834645669291,0.102047867551406));
#7697=CARTESIAN_POINT('Ctrl Pts',(-0.53899766795481,0.436868123421684,0.722716115413627));
#7698=CARTESIAN_POINT('Ctrl Pts',(-0.556632659514004,0.436537106436877,
0.70956391816997));
#7699=CARTESIAN_POINT('Ctrl Pts',(-0.590427113143788,0.434027025775214,
0.682366289038273));
#7700=CARTESIAN_POINT('Ctrl Pts',(-0.621996578431219,0.426094427659399,
0.653013530781146));
#7701=CARTESIAN_POINT('Ctrl Pts',(-0.720984004554642,0.399145959254607,
0.55408343482206));
#7702=CARTESIAN_POINT('Ctrl Pts',(-0.787811718580129,0.376444108036448,
0.454066287657368));
#7703=CARTESIAN_POINT('Ctrl Pts',(-0.842659022481963,0.348819432671527,
0.321560457380602));
#7704=CARTESIAN_POINT('Ctrl Pts',(-0.860765107260025,0.339303731418122,
0.272157460003849));
#7705=CARTESIAN_POINT('Ctrl Pts',(-0.874604235226088,0.338557202661065,
0.220415283209059));
#7706=CARTESIAN_POINT('Ctrl Pts',(-0.884744560089045,0.338580242229919,
0.174656953201127));
#7707=CARTESIAN_POINT('Ctrl Pts',(-0.888569010184796,0.338582677165354,
0.154020266537889));
#7708=CARTESIAN_POINT('Ctrl Pts',(-0.891669803996458,0.338582677165354,
0.133274477358454));
#7709=CARTESIAN_POINT('Ctrl Pts',(-0.536532015286535,0.436868139720276,
0.719411851899327));
#7710=CARTESIAN_POINT('Ctrl Pts',(-0.554085108719631,0.436537093728075,
0.706320749267684));
#7711=CARTESIAN_POINT('Ctrl Pts',(-0.587720324530172,0.434027827879803,
0.679252116073664));
#7712=CARTESIAN_POINT('Ctrl Pts',(-0.61914393076224,0.426096953496517,0.650037595466845));
#7713=CARTESIAN_POINT('Ctrl Pts',(-0.717680200775681,0.399148487519769,
0.551561016119853));
#7714=CARTESIAN_POINT('Ctrl Pts',(-0.784203797482023,0.37644662437947,0.452002208358147));
#7715=CARTESIAN_POINT('Ctrl Pts',(-0.838802461292256,0.348821965597063,
0.320103002278681));
#7716=CARTESIAN_POINT('Ctrl Pts',(-0.856827115889709,0.339303828878584,
0.270919799711792));
#7717=CARTESIAN_POINT('Ctrl Pts',(-0.87060470466105,0.338557138577908,0.219407443272377));
#7718=CARTESIAN_POINT('Ctrl Pts',(-0.880698740190807,0.338580276656255,
0.173858173402962));
#7719=CARTESIAN_POINT('Ctrl Pts',(-0.884505632558759,0.33858265400327,0.153316004271965));
#7720=CARTESIAN_POINT('Ctrl Pts',(-0.88759227371165,0.338582677165354,0.132665024492399));
#7721=CARTESIAN_POINT('Ctrl Pts',(-0.531662575127234,0.440281920085922,
0.712800343366041));
#7722=CARTESIAN_POINT('Ctrl Pts',(-0.549113694170447,0.439948515092839,
0.699783122354302));
#7723=CARTESIAN_POINT('Ctrl Pts',(-0.582663639723031,0.437424223727594,
0.672774627187499));
#7724=CARTESIAN_POINT('Ctrl Pts',(-0.61392865600353,0.429450486368917,0.643666096225779));
#7725=CARTESIAN_POINT('Ctrl Pts',(-0.711496576415278,0.402503072841973,
0.546022509757108));
#7726=CARTESIAN_POINT('Ctrl Pts',(-0.777343289126714,0.379801170578043,
0.447326630316297));
#7727=CARTESIAN_POINT('Ctrl Pts',(-0.831353094451499,0.35217605489869,0.316593064167982));
#7728=CARTESIAN_POINT('Ctrl Pts',(-0.849069360879346,0.34271701704679,0.268128059481312));
#7729=CARTESIAN_POINT('Ctrl Pts',(-0.862640115101668,0.341970887970514,
0.217398521200168));
#7730=CARTESIAN_POINT('Ctrl Pts',(-0.872639809677983,0.341994893705244,
0.172269250903162));
#7731=CARTESIAN_POINT('Ctrl Pts',(-0.876413748261935,0.341996487886379,
0.151912133137073));
#7732=CARTESIAN_POINT('Ctrl Pts',(-0.879471428995703,0.341996829583356,
0.131451232873151));
#7733=CARTESIAN_POINT('Ctrl Pts',(-0.529719756869358,0.448492024530579,
0.709990177684042));
#7734=CARTESIAN_POINT('Ctrl Pts',(-0.547251572643429,0.448154908559216,
0.696908496425313));
#7735=CARTESIAN_POINT('Ctrl Pts',(-0.581225019028233,0.445589791576367,
0.669533363142501));
#7736=CARTESIAN_POINT('Ctrl Pts',(-0.61268585223309,0.437508107639824,0.640129840094467));
#7737=CARTESIAN_POINT('Ctrl Pts',(-0.709710841412163,0.41056250720334,0.54269115127278));
#7738=CARTESIAN_POINT('Ctrl Pts',(-0.775133671578756,0.387860651166535,
0.444259667628717));
#7739=CARTESIAN_POINT('Ctrl Pts',(-0.828711755709506,0.360234573588084,
0.313926560260624));
#7740=CARTESIAN_POINT('Ctrl Pts',(-0.846012731287104,0.35092512398183,0.266314565558498));
#7741=CARTESIAN_POINT('Ctrl Pts',(-0.859327509712077,0.350182205479002,
0.216564413973715));
#7742=CARTESIAN_POINT('Ctrl Pts',(-0.869288486129301,0.350206245078726,
0.171609167354352));
#7743=CARTESIAN_POINT('Ctrl Pts',(-0.873049357450553,0.35020733103658,0.151328070406034));
#7744=CARTESIAN_POINT('Ctrl Pts',(-0.87609478558604,0.350207883656706,0.130946538889311));
#7745=CARTESIAN_POINT('Ctrl Pts',(-0.529769469311295,0.45261437253172,0.709953082086252));
#7746=CARTESIAN_POINT('Ctrl Pts',(-0.547377508825584,0.45227792083797,0.696813901505916));
#7747=CARTESIAN_POINT('Ctrl Pts',(-0.58162816889367,0.449689642706782,0.669201110185922));
#7748=CARTESIAN_POINT('Ctrl Pts',(-0.61324830483047,0.441555025742493,0.639591235898513));
#7749=CARTESIAN_POINT('Ctrl Pts',(-0.710187446581295,0.414609365858366,
0.542064972720926));
#7750=CARTESIAN_POINT('Ctrl Pts',(-0.775523627096199,0.391907687359557,
0.443580249138254));
#7751=CARTESIAN_POINT('Ctrl Pts',(-0.828987202203828,0.364281386799018,
0.313195695302945));
#7752=CARTESIAN_POINT('Ctrl Pts',(-0.846115019030036,0.355046039913271,
0.2659158962146));
#7753=CARTESIAN_POINT('Ctrl Pts',(-0.859324143364223,0.354306566364552,
0.216569561697091));
#7754=CARTESIAN_POINT('Ctrl Pts',(-0.869290280491513,0.354328247623702,
0.171606375395778));
#7755=CARTESIAN_POINT('Ctrl Pts',(-0.8730481541117,0.354330708661417,0.15132995620535));
#7756=CARTESIAN_POINT('Ctrl Pts',(-0.87609478558604,0.354330708661417,0.130946538889311));
#7757=CARTESIAN_POINT('Ctrl Pts',(-0.53899766795481,0.436868123421684,0.722716115413627));
#7758=CARTESIAN_POINT('Ctrl Pts',(-0.556632659514004,0.436537106436877,
0.70956391816997));
#7759=CARTESIAN_POINT('Ctrl Pts',(-0.590427113143788,0.434027025775214,
0.682366289038273));
#7760=CARTESIAN_POINT('Ctrl Pts',(-0.621996578431219,0.426094427659399,
0.653013530781146));
#7761=CARTESIAN_POINT('Ctrl Pts',(-0.720984004554642,0.399145959254607,
0.55408343482206));
#7762=CARTESIAN_POINT('Ctrl Pts',(-0.787811718580129,0.376444108036448,
0.454066287657368));
#7763=CARTESIAN_POINT('Ctrl Pts',(-0.842659022481963,0.348819432671527,
0.321560457380602));
#7764=CARTESIAN_POINT('Ctrl Pts',(-0.860765107260025,0.339303731418122,
0.272157460003849));
#7765=CARTESIAN_POINT('Ctrl Pts',(-0.874604235226088,0.338557202661065,
0.220415283209059));
#7766=CARTESIAN_POINT('Ctrl Pts',(-0.884744560089045,0.338580242229919,
0.174656953201127));
#7767=CARTESIAN_POINT('Ctrl Pts',(-0.888569010184796,0.338582677165354,
0.154020266537889));
#7768=CARTESIAN_POINT('Ctrl Pts',(-0.891669803996458,0.338582677165354,
0.133274477358454));
#7769=CARTESIAN_POINT('Ctrl Pts',(-0.923033021722515,0.338582677165354,
0.137403523304467));
#7770=CARTESIAN_POINT('Ctrl Pts',(-0.912578615813829,0.338582677165354,
0.136027174655796));
#7771=CARTESIAN_POINT('Ctrl Pts',(-0.902124209905143,0.338582677165354,
0.134650826007125));
#7772=CARTESIAN_POINT('Ctrl Pts',(-0.891669803996458,0.338582677165354,
0.133274477358455));
#7773=CARTESIAN_POINT('Ctrl Pts',(-0.923571158371569,0.338582677165354,
0.133315969639203));
#7774=CARTESIAN_POINT('Ctrl Pts',(-0.913116752462884,0.338582677165354,
0.131939620990532));
#7775=CARTESIAN_POINT('Ctrl Pts',(-0.902662346554198,0.338582677165354,
0.130563272341861));
#7776=CARTESIAN_POINT('Ctrl Pts',(-0.892207940645513,0.338582677165354,
0.12918692369319));
#7777=CARTESIAN_POINT('Ctrl Pts',(-0.924643011007486,0.335169252674889,
0.125174440571702));
#7778=CARTESIAN_POINT('Ctrl Pts',(-0.914188605098801,0.335169252674889,
0.123798091923031));
#7779=CARTESIAN_POINT('Ctrl Pts',(-0.903734199190114,0.335169252674889,
0.12242174327436));
#7780=CARTESIAN_POINT('Ctrl Pts',(-0.893279793281429,0.335169252674889,
0.121045394625689));
#7781=CARTESIAN_POINT('Ctrl Pts',(-0.925088552308657,0.326957470674002,
0.121790218400943));
#7782=CARTESIAN_POINT('Ctrl Pts',(-0.914634146399972,0.326957470674002,
0.120413869752272));
#7783=CARTESIAN_POINT('Ctrl Pts',(-0.904179740491286,0.326957470674002,
0.119037521103601));
#7784=CARTESIAN_POINT('Ctrl Pts',(-0.893725334582601,0.326957470674002,
0.11766117245493));
#7785=CARTESIAN_POINT('Ctrl Pts',(-0.925088552308657,0.322834645669291,
0.121790218400943));
#7786=CARTESIAN_POINT('Ctrl Pts',(-0.914634146399972,0.322834645669291,
0.120413869752272));
#7787=CARTESIAN_POINT('Ctrl Pts',(-0.904179740491286,0.322834645669291,
0.119037521103601));
#7788=CARTESIAN_POINT('Ctrl Pts',(-0.893725334582601,0.322834645669291,
0.11766117245493));
#7789=CARTESIAN_POINT('',(-0.925088315533831,0.322834645669291,0.121790187228945));
#7790=CARTESIAN_POINT('',(-0.922901017716106,0.338582677165354,0.137386144647332));
#7791=CARTESIAN_POINT('Ctrl Pts',(-0.925088315533831,0.322834645669291,
0.121790187228945));
#7792=CARTESIAN_POINT('Ctrl Pts',(-0.925088315533831,0.324885274486093,
0.121790187228945));
#7793=CARTESIAN_POINT('Ctrl Pts',(-0.925034105694733,0.326912909465664,
0.122203781492582));
#7794=CARTESIAN_POINT('Ctrl Pts',(-0.924931347421126,0.32881057112908,0.122976771183671));
#7795=CARTESIAN_POINT('Ctrl Pts',(-0.924828589410014,0.330708227944931,
0.123749758900164));
#7796=CARTESIAN_POINT('Ctrl Pts',(-0.924679050120538,0.33244107909371,0.124867952640754));
#7797=CARTESIAN_POINT('Ctrl Pts',(-0.924484725898633,0.333896544387033,
0.126290299350653));
#7798=CARTESIAN_POINT('Ctrl Pts',(-0.924290408680441,0.335351957223388,
0.127712594797222));
#7799=CARTESIAN_POINT('Ctrl Pts',(-0.924054547740918,0.336501891942032,
0.129414157732203));
#7800=CARTESIAN_POINT('Ctrl Pts',(-0.923789005025596,0.337305784406576,
0.131282779515358));
#7801=CARTESIAN_POINT('Ctrl Pts',(-0.923652051361169,0.337720391972411,
0.132246521263354));
#7802=CARTESIAN_POINT('Ctrl Pts',(-0.923508163313805,0.338039079289193,
0.133248074530067));
#7803=CARTESIAN_POINT('Ctrl Pts',(-0.923359152877026,0.338254917674493,
0.134272720601137));
#7804=CARTESIAN_POINT('Ctrl Pts',(-0.923210135249054,0.33847076647608,0.135297416121276));
#7805=CARTESIAN_POINT('Ctrl Pts',(-0.923056743190043,0.338582677165354,
0.136340047904834));
#7806=CARTESIAN_POINT('Ctrl Pts',(-0.922901017716107,0.338582677165354,
0.137386144647332));
#7807=CARTESIAN_POINT('Ctrl Pts',(-0.925088315533831,0.322834645669291,
0.121790187228945));
#7808=CARTESIAN_POINT('Ctrl Pts',(-0.914633988550087,0.322834645669291,
0.12041384897094));
#7809=CARTESIAN_POINT('Ctrl Pts',(-0.904179661566344,0.322834645669291,
0.119037510712935));
#7810=CARTESIAN_POINT('Ctrl Pts',(-0.893725334582601,0.322834645669291,
0.11766117245493));
#7811=CARTESIAN_POINT('Ctrl Pts',(-0.891669803996458,0.338582677165354,
0.133274477358455));
#7812=CARTESIAN_POINT('Ctrl Pts',(-0.902080208569674,0.338582677165354,
0.134645033121414));
#7813=CARTESIAN_POINT('Ctrl Pts',(-0.91249061314289,0.338582677165354,0.136015588884373));
#7814=CARTESIAN_POINT('Ctrl Pts',(-0.922901017716106,0.338582677165354,
0.137386144647332));
#7815=CARTESIAN_POINT('Origin',(0.,0.574803149606299,0.));
#7816=CARTESIAN_POINT('Origin',(0.,0.574803149606299,0.));
#7817=CARTESIAN_POINT('Ctrl Pts',(-0.893725334582601,0.267716535433071,
0.11766117245493));
#7818=CARTESIAN_POINT('Ctrl Pts',(-0.893725334582601,0.263004798012424,
0.11766117245493));
#7819=CARTESIAN_POINT('Ctrl Pts',(-0.893384612487043,0.254851066831035,
0.121608715170178));
#7820=CARTESIAN_POINT('Ctrl Pts',(-0.892253382973524,0.251968503937008,
0.129787554658869));
#7821=CARTESIAN_POINT('Ctrl Pts',(-0.891669803996458,0.251968503937008,
0.133274477358455));
#7822=CARTESIAN_POINT('Ctrl Pts',(-0.88968323680951,0.267716535433071,0.11712902018761));
#7823=CARTESIAN_POINT('Ctrl Pts',(-0.88968323680951,0.26299292172324,0.11712902018761));
#7824=CARTESIAN_POINT('Ctrl Pts',(-0.889293722937285,0.254832422537381,
0.12113209975988));
#7825=CARTESIAN_POINT('Ctrl Pts',(-0.888159823239966,0.251985026399898,
0.129215958181533));
#7826=CARTESIAN_POINT('Ctrl Pts',(-0.88759227371165,0.251968503937008,0.132665024492399));
#7827=CARTESIAN_POINT('Ctrl Pts',(-0.882065482954517,0.267716535433071,
0.112763662478798));
#7828=CARTESIAN_POINT('Ctrl Pts',(-0.882065482954517,0.261939028017288,
0.112763662478798));
#7829=CARTESIAN_POINT('Ctrl Pts',(-0.881487054335746,0.252015993573981,
0.117588482265096));
#7830=CARTESIAN_POINT('Ctrl Pts',(-0.880110197452941,0.248585654873637,
0.127292393605313));
#7831=CARTESIAN_POINT('Ctrl Pts',(-0.879470364260718,0.248555428081463,
0.131451073731283));
#7832=CARTESIAN_POINT('Ctrl Pts',(-0.87967257107744,0.267716535433071,0.104316148378799));
#7833=CARTESIAN_POINT('Ctrl Pts',(-0.87967257107744,0.259515202545247,0.104316148378799));
#7834=CARTESIAN_POINT('Ctrl Pts',(-0.878894624919372,0.245339865897584,
0.111072193213926));
#7835=CARTESIAN_POINT('Ctrl Pts',(-0.876983959413042,0.240353684519879,
0.124995273389767));
#7836=CARTESIAN_POINT('Ctrl Pts',(-0.87609478558604,0.240343297445656,0.130946538889311));
#7837=CARTESIAN_POINT('Ctrl Pts',(-0.880134037829551,0.267716535433071,
0.100265372048324));
#7838=CARTESIAN_POINT('Ctrl Pts',(-0.880134037829551,0.258293060591777,
0.100265372048324));
#7839=CARTESIAN_POINT('Ctrl Pts',(-0.879291637214953,0.241985598228999,
0.107999794687505));
#7840=CARTESIAN_POINT('Ctrl Pts',(-0.877121298924534,0.236220472440945,
0.124078675173191));
#7841=CARTESIAN_POINT('Ctrl Pts',(-0.87609478558604,0.236220472440945,0.130946538889311));
#7842=CARTESIAN_POINT('',(-0.891669803996458,0.251968503937008,0.133274477358455));
#7843=CARTESIAN_POINT('',(-0.893725334582601,0.267716535433071,0.11766117245493));
#7844=CARTESIAN_POINT('Ctrl Pts',(-0.893725334582601,0.267716535433071,
0.11766117245493));
#7845=CARTESIAN_POINT('Ctrl Pts',(-0.893725334582601,0.263004798012424,
0.11766117245493));
#7846=CARTESIAN_POINT('Ctrl Pts',(-0.893384612487043,0.254851066831035,
0.121608715170178));
#7847=CARTESIAN_POINT('Ctrl Pts',(-0.892253382973524,0.251968503937008,
0.129787554658869));
#7848=CARTESIAN_POINT('Ctrl Pts',(-0.891669803996458,0.251968503937008,
0.133274477358455));
#7849=CARTESIAN_POINT('Origin',(-0.891669803996458,0.236220472440945,0.133274477358455));
#7850=CARTESIAN_POINT('Origin',(-0.895780865168743,0.267716535433071,0.102047867551406));
#7851=CARTESIAN_POINT('Ctrl Pts',(-0.464356822967287,0.350393700787402,
0.772793547228481));
#7852=CARTESIAN_POINT('Ctrl Pts',(-0.461358620219464,0.350393700787402,
0.774667111594849));
#7853=CARTESIAN_POINT('Ctrl Pts',(-0.454235297521331,0.35327634160662,0.778842110511085));
#7854=CARTESIAN_POINT('Ctrl Pts',(-0.450718627632099,0.36142994419609,0.780667562976513));
#7855=CARTESIAN_POINT('Ctrl Pts',(-0.450718627632099,0.366141732283465,
0.780667562976513));
#7856=CARTESIAN_POINT('Ctrl Pts',(-0.462233358653345,0.350393700787402,
0.769259627969799));
#7857=CARTESIAN_POINT('Ctrl Pts',(-0.459263996753899,0.350410223427962,
0.771103895728745));
#7858=CARTESIAN_POINT('Ctrl Pts',(-0.452229458667164,0.353257704914117,
0.775245007873152));
#7859=CARTESIAN_POINT('Ctrl Pts',(-0.448680139194381,0.361418067779197,
0.777136797431743));
#7860=CARTESIAN_POINT('Ctrl Pts',(-0.448680139194381,0.366141732283465,
0.777136797431743));
#7861=CARTESIAN_POINT('Ctrl Pts',(-0.45800412904234,0.346979780672011,0.762221244572637));
#7862=CARTESIAN_POINT('Ctrl Pts',(-0.454406824471357,0.347010007789223,
0.764403854817878));
#7863=CARTESIAN_POINT('Ctrl Pts',(-0.445968254280402,0.350440728844802,
0.769389541132032));
#7864=CARTESIAN_POINT('Ctrl Pts',(-0.441731580517535,0.36036416274041,0.77177056344417));
#7865=CARTESIAN_POINT('Ctrl Pts',(-0.441731580517535,0.366141732283465,
0.77177056344417));
#7866=CARTESIAN_POINT('Ctrl Pts',(-0.456245786758252,0.33876849429605,0.759294969984315));
#7867=CARTESIAN_POINT('Ctrl Pts',(-0.451087750997459,0.338778881481968,
0.762393943516044));
#7868=CARTESIAN_POINT('Ctrl Pts',(-0.438955749931358,0.343765199598343,
0.76948725625882));
#7869=CARTESIAN_POINT('Ctrl Pts',(-0.433011673254922,0.357940311204246,
0.772791422017322));
#7870=CARTESIAN_POINT('Ctrl Pts',(-0.433011673254922,0.366141732283465,
0.772791422017322));
#7871=CARTESIAN_POINT('Ctrl Pts',(-0.456245786758252,0.334645669291339,
0.759294969984315));
#7872=CARTESIAN_POINT('Ctrl Pts',(-0.450293473680274,0.334645669291338,
0.762871600767671));
#7873=CARTESIAN_POINT('Ctrl Pts',(-0.436269152660008,0.340410950929775,
0.771029803898607));
#7874=CARTESIAN_POINT('Ctrl Pts',(-0.429445839593035,0.356718156108716,
0.774767926694421));
#7875=CARTESIAN_POINT('Ctrl Pts',(-0.429445839593035,0.366141732283465,
0.774767926694421));
#7876=CARTESIAN_POINT('',(-0.464356822967287,0.350393700787402,0.772793547228481));
#7877=CARTESIAN_POINT('Origin',(-0.464356822967287,0.334645669291339,0.772793547228481));
#7878=CARTESIAN_POINT('Ctrl Pts',(-0.464356822967287,0.350393700787402,
0.772793547228481));
#7879=CARTESIAN_POINT('Ctrl Pts',(-0.461358620219464,0.350393700787402,
0.774667111594849));
#7880=CARTESIAN_POINT('Ctrl Pts',(-0.454235297521331,0.35327634160662,0.778842110511085));
#7881=CARTESIAN_POINT('Ctrl Pts',(-0.450718627632099,0.36142994419609,0.780667562976513));
#7882=CARTESIAN_POINT('Ctrl Pts',(-0.450718627632099,0.366141732283465,
0.780667562976513));
#7883=CARTESIAN_POINT('Ctrl Pts',(-0.891669803996458,0.251968503937008,
0.133274477358455));
#7884=CARTESIAN_POINT('Ctrl Pts',(-0.888569101241297,0.251968503937008,
0.154019657326478));
#7885=CARTESIAN_POINT('Ctrl Pts',(-0.88474413638706,0.251965571661989,0.174657430541985));
#7886=CARTESIAN_POINT('Ctrl Pts',(-0.8743874742727,0.251943108867159,0.221375351827619));
#7887=CARTESIAN_POINT('Ctrl Pts',(-0.86072955602494,0.252779105771821,0.272024067978226));
#7888=CARTESIAN_POINT('Ctrl Pts',(-0.843031610675144,0.262012141682487,
0.320653943070614));
#7889=CARTESIAN_POINT('Ctrl Pts',(-0.787816307173202,0.289827788478464,
0.45406394750803));
#7890=CARTESIAN_POINT('Ctrl Pts',(-0.720985127192858,0.312527615851421,
0.554080932261136));
#7891=CARTESIAN_POINT('Ctrl Pts',(-0.619569372738005,0.340140285437946,
0.655443186854082));
#7892=CARTESIAN_POINT('Ctrl Pts',(-0.580846844672626,0.349665870420854,
0.691088710322369));
#7893=CARTESIAN_POINT('Ctrl Pts',(-0.538327683730426,0.350393700787402,
0.723678507377634));
#7894=CARTESIAN_POINT('Ctrl Pts',(-0.517122062694447,0.350393700787402,
0.738526843079445));
#7895=CARTESIAN_POINT('Ctrl Pts',(-0.88759227371165,0.251968503937008,0.132665024492399));
#7896=CARTESIAN_POINT('Ctrl Pts',(-0.884505717882316,0.251968521062924,
0.153315405902603));
#7897=CARTESIAN_POINT('Ctrl Pts',(-0.880698326281263,0.251965546140163,
0.173858627624092));
#7898=CARTESIAN_POINT('Ctrl Pts',(-0.870388893754609,0.251943158211154,
0.220363180362571));
#7899=CARTESIAN_POINT('Ctrl Pts',(-0.856795414788623,0.252779020141785,
0.270772961452748));
#7900=CARTESIAN_POINT('Ctrl Pts',(-0.839182725614344,0.262009620556312,
0.319175992230506));
#7901=CARTESIAN_POINT('Ctrl Pts',(-0.78422155803376,0.289825256686058,0.45197700915805));
#7902=CARTESIAN_POINT('Ctrl Pts',(-0.717697497020044,0.312525099039253,
0.551537474850455));
#7903=CARTESIAN_POINT('Ctrl Pts',(-0.616746963005717,0.340137754860766,
0.65243799516503));
#7904=CARTESIAN_POINT('Ctrl Pts',(-0.578196367840204,0.349665761233269,
0.687924119038659));
#7905=CARTESIAN_POINT('Ctrl Pts',(-0.535866074604232,0.350393779318755,
0.720369055595672));
#7906=CARTESIAN_POINT('Ctrl Pts',(-0.514757307420546,0.350393700787402,
0.73514962254859));
#7907=CARTESIAN_POINT('Ctrl Pts',(-0.879467427267354,0.248558397700039,
0.131450634750111));
#7908=CARTESIAN_POINT('Ctrl Pts',(-0.876408840255214,0.248558613214437,
0.151911658566833));
#7909=CARTESIAN_POINT('Ctrl Pts',(-0.872637057496767,0.248555143678526,
0.172267738231313));
#7910=CARTESIAN_POINT('Ctrl Pts',(-0.862421165355651,0.248533272797917,
0.21834569273625));
#7911=CARTESIAN_POINT('Ctrl Pts',(-0.848870820747866,0.249370309074918,
0.268606286164277));
#7912=CARTESIAN_POINT('Ctrl Pts',(-0.831284341237747,0.258658882751682,
0.316832461532716));
#7913=CARTESIAN_POINT('Ctrl Pts',(-0.776735180117711,0.286474387844064,
0.448381074708646));
#7914=CARTESIAN_POINT('Ctrl Pts',(-0.710749682434849,0.309174481844006,
0.546985352025961));
#7915=CARTESIAN_POINT('Ctrl Pts',(-0.610650510288429,0.336787862211872,
0.646896562879576));
#7916=CARTESIAN_POINT('Ctrl Pts',(-0.572645958705211,0.346256627278865,
0.681821953731823));
#7917=CARTESIAN_POINT('Ctrl Pts',(-0.530958416407916,0.346984669362699,
0.71377846706466));
#7918=CARTESIAN_POINT('Ctrl Pts',(-0.510045319492371,0.346983594550432,
0.728420206381174));
#7919=CARTESIAN_POINT('Ctrl Pts',(-0.876094785586039,0.240343297445656,
0.130946538889311));
#7920=CARTESIAN_POINT('Ctrl Pts',(-0.873047701711873,0.240343670635003,
0.15132881151129));
#7921=CARTESIAN_POINT('Ctrl Pts',(-0.869291029995596,0.240339808565479,
0.171607698201424));
#7922=CARTESIAN_POINT('Ctrl Pts',(-0.859114147870575,0.240317966891126,
0.217508642806417));
#7923=CARTESIAN_POINT('Ctrl Pts',(-0.845411632802577,0.241158703445571,
0.268357202823186));
#7924=CARTESIAN_POINT('Ctrl Pts',(-0.82754597257101,0.250595138254893,0.317058615675698));
#7925=CARTESIAN_POINT('Ctrl Pts',(-0.772977325909984,0.278410681146484,
0.448008958570831));
#7926=CARTESIAN_POINT('Ctrl Pts',(-0.707073093165523,0.30111095993639,0.5461210428848));
#7927=CARTESIAN_POINT('Ctrl Pts',(-0.607177156040006,0.328725851168431,
0.645482127110391));
#7928=CARTESIAN_POINT('Ctrl Pts',(-0.569802735250201,0.338044594519009,
0.679695896519858));
#7929=CARTESIAN_POINT('Ctrl Pts',(-0.528920226610622,0.33877036334757,0.711044165778615));
#7930=CARTESIAN_POINT('Ctrl Pts',(-0.508089362909391,0.33876849429605,0.725626810885918));
#7931=CARTESIAN_POINT('Ctrl Pts',(-0.876094785586039,0.236220472440945,
0.130946538889311));
#7932=CARTESIAN_POINT('Ctrl Pts',(-0.873048243577694,0.236220472440945,
0.151329357635186));
#7933=CARTESIAN_POINT('Ctrl Pts',(-0.869290216968198,0.236217541672858,
0.171606881045079));
#7934=CARTESIAN_POINT('Ctrl Pts',(-0.85911574510864,0.236194053789895,0.217510237845723));
#7935=CARTESIAN_POINT('Ctrl Pts',(-0.845309816719632,0.237037420175345,
0.268751900980703));
#7936=CARTESIAN_POINT('Ctrl Pts',(-0.827267402806446,0.246547976495118,
0.317786057352539));
#7937=CARTESIAN_POINT('Ctrl Pts',(-0.772581076208106,0.274364063399253,
0.448688520280194));
#7938=CARTESIAN_POINT('Ctrl Pts',(-0.706594562444157,0.297063841919088,
0.546741735135584));
#7939=CARTESIAN_POINT('Ctrl Pts',(-0.606607476598166,0.324679003563635,
0.646016038994847));
#7940=CARTESIAN_POINT('Ctrl Pts',(-0.569472828476044,0.333923936026615,
0.679944025097265));
#7941=CARTESIAN_POINT('Ctrl Pts',(-0.52892458008448,0.334645669291339,0.711037834759684));
#7942=CARTESIAN_POINT('Ctrl Pts',(-0.508089362909391,0.334645669291339,
0.725626810885918));
#7943=CARTESIAN_POINT('',(-0.517122062694447,0.350393700787402,0.738526843079445));
#7944=CARTESIAN_POINT('Ctrl Pts',(-0.891669803996458,0.251968503937008,
0.133274477358455));
#7945=CARTESIAN_POINT('Ctrl Pts',(-0.888569101241297,0.251968503937008,
0.154019657326478));
#7946=CARTESIAN_POINT('Ctrl Pts',(-0.88474413638706,0.251965571661989,0.174657430541985));
#7947=CARTESIAN_POINT('Ctrl Pts',(-0.8743874742727,0.251943108867159,0.221375351827619));
#7948=CARTESIAN_POINT('Ctrl Pts',(-0.86072955602494,0.252779105771821,0.272024067978226));
#7949=CARTESIAN_POINT('Ctrl Pts',(-0.843031610675144,0.262012141682487,
0.320653943070614));
#7950=CARTESIAN_POINT('Ctrl Pts',(-0.787816307173202,0.289827788478464,
0.45406394750803));
#7951=CARTESIAN_POINT('Ctrl Pts',(-0.720985127192858,0.312527615851421,
0.554080932261136));
#7952=CARTESIAN_POINT('Ctrl Pts',(-0.619569372738005,0.340140285437946,
0.655443186854082));
#7953=CARTESIAN_POINT('Ctrl Pts',(-0.580846844672626,0.349665870420854,
0.691088710322369));
#7954=CARTESIAN_POINT('Ctrl Pts',(-0.538327683730426,0.350393700787402,
0.723678507377634));
#7955=CARTESIAN_POINT('Ctrl Pts',(-0.517122062694447,0.350393700787402,
0.738526843079445));
#7956=CARTESIAN_POINT('Origin',(-0.517122062694447,0.334645669291339,0.738526843079445));
#7957=CARTESIAN_POINT('Origin',(0.,0.334645669291339,0.));
#7958=CARTESIAN_POINT('Origin',(0.,0.350393700787402,0.));
#7959=CARTESIAN_POINT('Origin',(-0.462457092972984,0.366141732283465,0.769503118357685));
#7960=CARTESIAN_POINT('',(-0.466535433070866,0.366141732283465,0.808063073609889));
#7961=CARTESIAN_POINT('',(-0.48010717628314,0.350393700787402,0.800073959408699));
#7962=CARTESIAN_POINT('Ctrl Pts',(-0.466535433070866,0.366141732283465,
0.808063073609889));
#7963=CARTESIAN_POINT('Ctrl Pts',(-0.466535433070866,0.364164370527729,
0.808063073609889));
#7964=CARTESIAN_POINT('Ctrl Pts',(-0.466877797691534,0.362055209141533,
0.807865712229872));
#7965=CARTESIAN_POINT('Ctrl Pts',(-0.468268595503476,0.35817521864573,0.807060350555758));
#7966=CARTESIAN_POINT('Ctrl Pts',(-0.469316849173176,0.356404389786596,
0.806452039075039));
#7967=CARTESIAN_POINT('Ctrl Pts',(-0.471731755945008,0.353607914281425,
0.80504182928905));
#7968=CARTESIAN_POINT('Ctrl Pts',(-0.473259358555972,0.352395922864148,
0.804145872874302));
#7969=CARTESIAN_POINT('Ctrl Pts',(-0.476599354351669,0.350788817952109,
0.802170842622168));
#7970=CARTESIAN_POINT('Ctrl Pts',(-0.47841156333059,0.350393700787402,0.801091460274893));
#7971=CARTESIAN_POINT('Ctrl Pts',(-0.48010717628314,0.350393700787402,0.800073959408699));
#7972=CARTESIAN_POINT('',(-0.448818897637796,0.366141732283465,0.777377134105716));
#7973=CARTESIAN_POINT('',(-0.462457092972984,0.350393700787402,0.769503118357685));
#7974=CARTESIAN_POINT('Origin',(-0.895780865168743,0.295275590551181,0.102047867551406));
#7975=CARTESIAN_POINT('',(-0.893725334582601,0.295275590551181,0.11766117245493));
#7976=CARTESIAN_POINT('Ctrl Pts',(-0.891669803996458,0.251968503937008,
0.133274477358455));
#7977=CARTESIAN_POINT('Ctrl Pts',(-0.90212413688964,0.251968503937008,0.134650816394452));
#7978=CARTESIAN_POINT('Ctrl Pts',(-0.912578469782823,0.251968503937008,
0.13602715543045));
#7979=CARTESIAN_POINT('Ctrl Pts',(-0.923032802676005,0.251968503937008,
0.137403494466447));
#7980=CARTESIAN_POINT('Ctrl Pts',(-0.892207940645512,0.251968503937008,
0.12918692369319));
#7981=CARTESIAN_POINT('Ctrl Pts',(-0.902662273538695,0.251968503937008,
0.130563262729188));
#7982=CARTESIAN_POINT('Ctrl Pts',(-0.913116606431877,0.251968503937008,
0.131939601765185));
#7983=CARTESIAN_POINT('Ctrl Pts',(-0.92357093932506,0.251968503937008,0.133315940801183));
#7984=CARTESIAN_POINT('Ctrl Pts',(-0.893279824742192,0.255381687397202,
0.121045155657465));
#7985=CARTESIAN_POINT('Ctrl Pts',(-0.903734157635375,0.255381687397202,
0.122421494693463));
#7986=CARTESIAN_POINT('Ctrl Pts',(-0.914188490528557,0.255381687397202,
0.12379783372946));
#7987=CARTESIAN_POINT('Ctrl Pts',(-0.92464282342174,0.255381687397202,0.125174172765458));
#7988=CARTESIAN_POINT('Ctrl Pts',(-0.8937253345826,0.26359371042836,0.11766117245493));
#7989=CARTESIAN_POINT('Ctrl Pts',(-0.904179667475783,0.26359371042836,0.119037511490927));
#7990=CARTESIAN_POINT('Ctrl Pts',(-0.914634000368965,0.26359371042836,0.120413850526925));
#7991=CARTESIAN_POINT('Ctrl Pts',(-0.925088333262148,0.26359371042836,0.121790189562923));
#7992=CARTESIAN_POINT('Ctrl Pts',(-0.8937253345826,0.267716535433071,0.11766117245493));
#7993=CARTESIAN_POINT('Ctrl Pts',(-0.904179667475783,0.267716535433071,
0.119037511490927));
#7994=CARTESIAN_POINT('Ctrl Pts',(-0.914634000368965,0.267716535433071,
0.120413850526925));
#7995=CARTESIAN_POINT('Ctrl Pts',(-0.925088333262148,0.267716535433071,
0.121790189562923));
#7996=CARTESIAN_POINT('',(-0.922901017716107,0.251968503937008,0.137386144647332));
#7997=CARTESIAN_POINT('',(-0.925088315533831,0.267716535433071,0.121790187228945));
#7998=CARTESIAN_POINT('Ctrl Pts',(-0.922901017716106,0.251968503937008,
0.137386144647332));
#7999=CARTESIAN_POINT('Ctrl Pts',(-0.92320298396371,0.251968503937008,0.135357665298522));
#8000=CARTESIAN_POINT('Ctrl Pts',(-0.923494695748888,0.25238556730574,0.133350913919943));
#8001=CARTESIAN_POINT('Ctrl Pts',(-0.923762101429791,0.253165365929946,
0.131471955787603));
#8002=CARTESIAN_POINT('Ctrl Pts',(-0.924029456083048,0.253945015749207,
0.129593356207141));
#8003=CARTESIAN_POINT('Ctrl Pts',(-0.924267699708966,0.255072945346604,
0.12787706368433));
#8004=CARTESIAN_POINT('Ctrl Pts',(-0.924464934383,0.256508282688842,0.126435074594844));
#8005=CARTESIAN_POINT('Ctrl Pts',(-0.924662175699806,0.257943668372575,
0.124993036939835));
#8006=CARTESIAN_POINT('Ctrl Pts',(-0.924814763008139,0.259661424029236,
0.123853208312741));
#8007=CARTESIAN_POINT('Ctrl Pts',(-0.924920776046836,0.261548746736671,
0.123056266280287));
#8008=CARTESIAN_POINT('Ctrl Pts',(-0.92497545637988,0.262522206562684,0.122645212543053));
#8009=CARTESIAN_POINT('Ctrl Pts',(-0.925017224045834,0.263534094694593,
0.122329213301205));
#8010=CARTESIAN_POINT('Ctrl Pts',(-0.925045473461266,0.264569571857474,
0.122115189879813));
#8011=CARTESIAN_POINT('Ctrl Pts',(-0.925073722869953,0.265605048773106,
0.121901166509524));
#8012=CARTESIAN_POINT('Ctrl Pts',(-0.925088315533831,0.266658912061786,
0.121790187228945));
#8013=CARTESIAN_POINT('Ctrl Pts',(-0.925088315533831,0.267716535433071,
0.121790187228945));
#8014=CARTESIAN_POINT('Ctrl Pts',(-0.922901017716106,0.251968503937008,
0.137386144647332));
#8015=CARTESIAN_POINT('Ctrl Pts',(-0.91249061314289,0.251968503937008,0.136015588884373));
#8016=CARTESIAN_POINT('Ctrl Pts',(-0.902080208569674,0.251968503937008,
0.134645033121414));
#8017=CARTESIAN_POINT('Ctrl Pts',(-0.891669803996458,0.251968503937008,
0.133274477358455));
#8018=CARTESIAN_POINT('Ctrl Pts',(-0.8937253345826,0.267716535433071,0.11766117245493));
#8019=CARTESIAN_POINT('Ctrl Pts',(-0.904179661566344,0.267716535433071,
0.119037510712935));
#8020=CARTESIAN_POINT('Ctrl Pts',(-0.914633988550087,0.267716535433071,
0.12041384897094));
#8021=CARTESIAN_POINT('Ctrl Pts',(-0.925088315533831,0.267716535433071,
0.121790187228945));
#8022=CARTESIAN_POINT('Ctrl Pts',(-0.526403621939632,0.45261437253172,0.731770696316194));
#8023=CARTESIAN_POINT('Ctrl Pts',(-0.532561213492956,0.452617102194804,
0.740330563442493));
#8024=CARTESIAN_POINT('Ctrl Pts',(-0.538718805067957,0.452619687993322,
0.748890430598928));
#8025=CARTESIAN_POINT('Ctrl Pts',(-0.544876396659912,0.452622148872274,
0.757450297778932));
#8026=CARTESIAN_POINT('Ctrl Pts',(-0.526404239217307,0.448531031339584,
0.73177155441385));
#8027=CARTESIAN_POINT('Ctrl Pts',(-0.532561784925375,0.448532809684684,
0.740331408899128));
#8028=CARTESIAN_POINT('Ctrl Pts',(-0.538719402471665,0.448534522531403,
0.748891215209019));
#8029=CARTESIAN_POINT('Ctrl Pts',(-0.544876953520329,0.448536131162988,
0.757451071888602));
#8030=CARTESIAN_POINT('Ctrl Pts',(-0.52912152657104,0.440397318654219,0.72981945128941));
#8031=CARTESIAN_POINT('Ctrl Pts',(-0.535280380722532,0.440397276574344,
0.738378274045475));
#8032=CARTESIAN_POINT('Ctrl Pts',(-0.541439142097902,0.440397202362143,
0.746937172808843));
#8033=CARTESIAN_POINT('Ctrl Pts',(-0.547597867409887,0.440397180350291,
0.75549610609718));
#8034=CARTESIAN_POINT('Ctrl Pts',(-0.5356832500224,0.436929547951671,0.725100342165677));
#8035=CARTESIAN_POINT('Ctrl Pts',(-0.541844566791696,0.436930708196266,
0.73365735359121));
#8036=CARTESIAN_POINT('Ctrl Pts',(-0.548005673038013,0.436931906518925,
0.742214530015296));
#8037=CARTESIAN_POINT('Ctrl Pts',(-0.554166605215169,0.436932964823496,
0.750771841244221));
#8038=CARTESIAN_POINT('Ctrl Pts',(-0.53899766795481,0.436868123421684,0.722716115413626));
#8039=CARTESIAN_POINT('Ctrl Pts',(-0.545159765525265,0.436870767986697,
0.731272564358634));
#8040=CARTESIAN_POINT('Ctrl Pts',(-0.551321612713315,0.436873276466139,
0.739829206104521));
#8041=CARTESIAN_POINT('Ctrl Pts',(-0.557483243309993,0.436875666280402,
0.748386014290132));
#8042=CARTESIAN_POINT('',(-0.544876396659913,0.452622148872274,0.757450297778932));
#8043=CARTESIAN_POINT('',(-0.55740559686569,0.436875636158612,0.748278184785101));
#8044=CARTESIAN_POINT('Ctrl Pts',(-0.557405596865716,0.436875636158625,
0.748278184785081));
#8045=CARTESIAN_POINT('Ctrl Pts',(-0.555761095262089,0.436904407515418,
0.749503202990608));
#8046=CARTESIAN_POINT('Ctrl Pts',(-0.554135586570235,0.437349616165804,
0.750705418802789));
#8047=CARTESIAN_POINT('Ctrl Pts',(-0.552615398388723,0.438155860586321,
0.75182279466256));
#8048=CARTESIAN_POINT('Ctrl Pts',(-0.551095486594542,0.438961958422522,
0.752939967370815));
#8049=CARTESIAN_POINT('Ctrl Pts',(-0.549708870958154,0.440114155364168,
0.753951873012493));
#8050=CARTESIAN_POINT('Ctrl Pts',(-0.548548235990097,0.441570433355311,
0.754795390856323));
#8051=CARTESIAN_POINT('Ctrl Pts',(-0.54738756120098,0.443026761310943,0.755638937641012));
#8052=CARTESIAN_POINT('Ctrl Pts',(-0.546474261079894,0.444760317564412,
0.756298749670979));
#8053=CARTESIAN_POINT('Ctrl Pts',(-0.545843204476583,0.446658445379137,
0.756753908065353));
#8054=CARTESIAN_POINT('Ctrl Pts',(-0.545213474893878,0.448552581706078,
0.757208109327569));
#8055=CARTESIAN_POINT('Ctrl Pts',(-0.544876396659912,0.450575947993152,
0.757450297778932));
#8056=CARTESIAN_POINT('Ctrl Pts',(-0.544876396659912,0.452622148872274,
0.757450297778932));
#8057=CARTESIAN_POINT('Ctrl Pts',(-0.557405596865716,0.436875636158625,
0.748278184785081));
#8058=CARTESIAN_POINT('Ctrl Pts',(-0.551269846600759,0.436873255389827,
0.739757321163618));
#8059=CARTESIAN_POINT('Ctrl Pts',(-0.545133881419456,0.43687075687811,0.731236622696349));
#8060=CARTESIAN_POINT('Ctrl Pts',(-0.53899766795481,0.436868123421684,0.722716115413626));
#8061=CARTESIAN_POINT('Ctrl Pts',(-0.526403621939632,0.45261437253172,0.731770696316194));
#8062=CARTESIAN_POINT('Ctrl Pts',(-0.532561213492956,0.452617102194804,
0.740330563442493));
#8063=CARTESIAN_POINT('Ctrl Pts',(-0.538718805067957,0.452619687993322,
0.748890430598928));
#8064=CARTESIAN_POINT('Ctrl Pts',(-0.544876396659912,0.452622148872274,
0.757450297778932));
#8065=CARTESIAN_POINT('Ctrl Pts',(-0.51711924489986,0.350393700787402,0.738522818851722));
#8066=CARTESIAN_POINT('Ctrl Pts',(-0.538602002883314,0.350393700787402,
0.723480429770173));
#8067=CARTESIAN_POINT('Ctrl Pts',(-0.580255454649403,0.349663309279389,
0.691520712938267));
#8068=CARTESIAN_POINT('Ctrl Pts',(-0.618961592877336,0.340310250620746,
0.656050332728572));
#8069=CARTESIAN_POINT('Ctrl Pts',(-0.720982498784475,0.312523804824444,
0.554075353675185));
#8070=CARTESIAN_POINT('Ctrl Pts',(-0.787807032827357,0.289832262355705,
0.454065564819795));
#8071=CARTESIAN_POINT('Ctrl Pts',(-0.842978063292934,0.262042108028918,
0.320786491168072));
#8072=CARTESIAN_POINT('Ctrl Pts',(-0.860936194770141,0.252691382022967,
0.271452738772409));
#8073=CARTESIAN_POINT('Ctrl Pts',(-0.874523181694247,0.251953971039505,
0.220739598267599));
#8074=CARTESIAN_POINT('Ctrl Pts',(-0.884777664019531,0.251967701090827,
0.174483714199565));
#8075=CARTESIAN_POINT('Ctrl Pts',(-0.888628760486749,0.251968503937008,
0.15367059918358));
#8076=CARTESIAN_POINT('Ctrl Pts',(-0.891743381616714,0.251968503937008,
0.132747914308597));
#8077=CARTESIAN_POINT('Ctrl Pts',(-0.523141984021427,0.350393700787402,
0.747124181723315));
#8078=CARTESIAN_POINT('Ctrl Pts',(-0.544874874705165,0.350393700787402,
0.731906549343318));
#8079=CARTESIAN_POINT('Ctrl Pts',(-0.587013636988178,0.349663309279389,
0.699574737031522));
#8080=CARTESIAN_POINT('Ctrl Pts',(-0.626170350428113,0.340310250620746,
0.663691084096317));
#8081=CARTESIAN_POINT('Ctrl Pts',(-0.729379858428724,0.312523804824444,
0.560528719898219));
#8082=CARTESIAN_POINT('Ctrl Pts',(-0.796982690289909,0.289832262355705,
0.459354113258557));
#8083=CARTESIAN_POINT('Ctrl Pts',(-0.852795872762059,0.262042108028918,
0.324522528114312));
#8084=CARTESIAN_POINT('Ctrl Pts',(-0.870963375067803,0.252691382022967,
0.274614335615985));
#8085=CARTESIAN_POINT('Ctrl Pts',(-0.884708439195388,0.251953971039505,
0.223310448895296));
#8086=CARTESIAN_POINT('Ctrl Pts',(-0.895082445324576,0.251967701090827,
0.176515895431279));
#8087=CARTESIAN_POINT('Ctrl Pts',(-0.898978343298206,0.251968503937008,
0.155460342563928));
#8088=CARTESIAN_POINT('Ctrl Pts',(-0.902129260316512,0.251968503937008,
0.134293991088176));
#8089=CARTESIAN_POINT('Ctrl Pts',(-0.529164723142993,0.350393700787402,
0.755725544594907));
#8090=CARTESIAN_POINT('Ctrl Pts',(-0.551147958937502,0.350393700787402,
0.740332815673507));
#8091=CARTESIAN_POINT('Ctrl Pts',(-0.59377147750616,0.349663309279389,0.707628517430563));
#8092=CARTESIAN_POINT('Ctrl Pts',(-0.633379438302191,0.340310250620746,
0.671332069995374));
#8093=CARTESIAN_POINT('Ctrl Pts',(-0.73777636656535,0.312523804824444,0.566981456327776));
#8094=CARTESIAN_POINT('Ctrl Pts',(-0.806157461177605,0.289832262355705,
0.464642129512876));
#8095=CARTESIAN_POINT('Ctrl Pts',(-0.862614023010447,0.262042108028918,
0.328258778234616));
#8096=CARTESIAN_POINT('Ctrl Pts',(-0.880990243236758,0.252691382022967,
0.277775737864404));
#8097=CARTESIAN_POINT('Ctrl Pts',(-0.894893884144625,0.251953971039505,
0.225881419488477));
#8098=CARTESIAN_POINT('Ctrl Pts',(-0.905387135685347,0.251967701090827,
0.178548017880858));
#8099=CARTESIAN_POINT('Ctrl Pts',(-0.909327988485082,0.251968503937008,
0.157250127622057));
#8100=CARTESIAN_POINT('Ctrl Pts',(-0.912515139016309,0.251968503937008,
0.135840067867754));
#8101=CARTESIAN_POINT('Ctrl Pts',(-0.535187462264559,0.350393700787402,
0.7643269074665));
#8102=CARTESIAN_POINT('Ctrl Pts',(-0.557420830759353,0.350393700787402,
0.748758935246651));
#8103=CARTESIAN_POINT('Ctrl Pts',(-0.600529659844934,0.349663309279389,
0.715682541523818));
#8104=CARTESIAN_POINT('Ctrl Pts',(-0.640588195852968,0.340310250620746,
0.678972821363119));
#8105=CARTESIAN_POINT('Ctrl Pts',(-0.7461737262096,0.312523804824444,0.57343482255081));
#8106=CARTESIAN_POINT('Ctrl Pts',(-0.815333118640156,0.289832262355705,
0.469930677951637));
#8107=CARTESIAN_POINT('Ctrl Pts',(-0.872431832479573,0.262042108028918,
0.331994815180856));
#8108=CARTESIAN_POINT('Ctrl Pts',(-0.891017423534419,0.252691382022967,
0.28093733470798));
#8109=CARTESIAN_POINT('Ctrl Pts',(-0.905079141645766,0.251953971039505,
0.228452270116173));
#8110=CARTESIAN_POINT('Ctrl Pts',(-0.915691916990392,0.251967701090827,
0.180580199112572));
#8111=CARTESIAN_POINT('Ctrl Pts',(-0.919677571296539,0.251968503937008,
0.159039871002405));
#8112=CARTESIAN_POINT('Ctrl Pts',(-0.922901017716107,0.251968503937008,
0.137386144647332));
#8113=CARTESIAN_POINT('',(-0.535187462264559,0.350393700787402,0.7643269074665));
#8114=CARTESIAN_POINT('Ctrl Pts',(-0.535187462264559,0.350393700787402,
0.7643269074665));
#8115=CARTESIAN_POINT('Ctrl Pts',(-0.557420830759353,0.350393700787402,
0.748758935246651));
#8116=CARTESIAN_POINT('Ctrl Pts',(-0.600529659844934,0.349663309279389,
0.715682541523818));
#8117=CARTESIAN_POINT('Ctrl Pts',(-0.640588195852968,0.340310250620746,
0.678972821363119));
#8118=CARTESIAN_POINT('Ctrl Pts',(-0.7461737262096,0.312523804824444,0.57343482255081));
#8119=CARTESIAN_POINT('Ctrl Pts',(-0.815333118640156,0.289832262355705,
0.469930677951637));
#8120=CARTESIAN_POINT('Ctrl Pts',(-0.872431832479573,0.262042108028918,
0.331994815180856));
#8121=CARTESIAN_POINT('Ctrl Pts',(-0.891017423534419,0.252691382022967,
0.28093733470798));
#8122=CARTESIAN_POINT('Ctrl Pts',(-0.905079141645766,0.251953971039505,
0.228452270116173));
#8123=CARTESIAN_POINT('Ctrl Pts',(-0.915691916990392,0.251967701090827,
0.180580199112572));
#8124=CARTESIAN_POINT('Ctrl Pts',(-0.919677571296539,0.251968503937008,
0.159039871002405));
#8125=CARTESIAN_POINT('Ctrl Pts',(-0.922901017716107,0.251968503937008,
0.137386144647332));
#8126=CARTESIAN_POINT('Ctrl Pts',(-0.517122062694447,0.350393700787402,
0.738526843079445));
#8127=CARTESIAN_POINT('Ctrl Pts',(-0.523143862551151,0.350393700787402,
0.747126864541797));
#8128=CARTESIAN_POINT('Ctrl Pts',(-0.529165662407855,0.350393700787402,
0.755726886004149));
#8129=CARTESIAN_POINT('Ctrl Pts',(-0.535187462264559,0.350393700787402,
0.7643269074665));
#8130=CARTESIAN_POINT('Origin',(-0.901668358178544,0.295275590551181,0.118706891349732));
#8131=CARTESIAN_POINT('Ctrl Pts',(-0.925088315533831,0.267716535433071,
0.121790187228945));
#8132=CARTESIAN_POINT('Ctrl Pts',(-0.925088315533831,0.286089238845144,
0.121790187228945));
#8133=CARTESIAN_POINT('Ctrl Pts',(-0.925088315533831,0.304461942257218,
0.121790187228945));
#8134=CARTESIAN_POINT('Ctrl Pts',(-0.925088315533831,0.322834645669291,
0.121790187228945));
#8135=CARTESIAN_POINT('Ctrl Pts',(-0.535187462264559,0.350393700787402,
0.7643269074665));
#8136=CARTESIAN_POINT('Ctrl Pts',(-0.557420830759353,0.350393700787402,
0.748758935246651));
#8137=CARTESIAN_POINT('Ctrl Pts',(-0.600529640844178,0.349662523579031,
0.715682528237218));
#8138=CARTESIAN_POINT('Ctrl Pts',(-0.640588176049091,0.340309722009846,
0.678972807692157));
#8139=CARTESIAN_POINT('Ctrl Pts',(-0.746173472169464,0.31252327261553,0.573434649267488));
#8140=CARTESIAN_POINT('Ctrl Pts',(-0.815332888905298,0.289831441531957,
0.469930527040435));
#8141=CARTESIAN_POINT('Ctrl Pts',(-0.872431871217205,0.262040861087893,
0.331994841543147));
#8142=CARTESIAN_POINT('Ctrl Pts',(-0.891017470721629,0.252690391558325,
0.280937363376763));
#8143=CARTESIAN_POINT('Ctrl Pts',(-0.905079212219487,0.251951895403773,
0.228452320917009));
#8144=CARTESIAN_POINT('Ctrl Pts',(-0.916828246507517,0.251966799927945,
0.175455093924832));
#8145=CARTESIAN_POINT('Ctrl Pts',(-0.921545582594222,0.251968503937008,
0.148699915525268));
#8146=CARTESIAN_POINT('Ctrl Pts',(-0.925088315533831,0.251968503937008,
0.121790187228945));
#8147=CARTESIAN_POINT('Ctrl Pts',(-0.535187462264559,0.384473627418848,
0.7643269074665));
#8148=CARTESIAN_POINT('Ctrl Pts',(-0.557420830759353,0.384473627418848,
0.748758935246651));
#8149=CARTESIAN_POINT('Ctrl Pts',(-0.600529640844178,0.383742450210478,
0.715682528237218));
#8150=CARTESIAN_POINT('Ctrl Pts',(-0.640588176049091,0.374389648641293,
0.678972807692157));
#8151=CARTESIAN_POINT('Ctrl Pts',(-0.746173472169464,0.346603199246977,
0.573434649267488));
#8152=CARTESIAN_POINT('Ctrl Pts',(-0.815332888905298,0.323911368163404,
0.469930527040435));
#8153=CARTESIAN_POINT('Ctrl Pts',(-0.872431871217205,0.29612078771934,0.331994841543147));
#8154=CARTESIAN_POINT('Ctrl Pts',(-0.891017470721629,0.286770318189771,
0.280937363376763));
#8155=CARTESIAN_POINT('Ctrl Pts',(-0.905079212219487,0.28603182203522,0.228452320917009));
#8156=CARTESIAN_POINT('Ctrl Pts',(-0.916828246507517,0.286046726559391,
0.175455093924832));
#8157=CARTESIAN_POINT('Ctrl Pts',(-0.921545582594222,0.286048430568455,
0.148699915525268));
#8158=CARTESIAN_POINT('Ctrl Pts',(-0.925088315533831,0.286048430568455,
0.121790187228945));
#8159=CARTESIAN_POINT('Ctrl Pts',(-0.535187462264559,0.418553554050295,
0.7643269074665));
#8160=CARTESIAN_POINT('Ctrl Pts',(-0.557420830759353,0.418553554050295,
0.748758935246651));
#8161=CARTESIAN_POINT('Ctrl Pts',(-0.600529640844178,0.417822376841925,
0.715682528237218));
#8162=CARTESIAN_POINT('Ctrl Pts',(-0.640588176049091,0.408469575272739,
0.678972807692157));
#8163=CARTESIAN_POINT('Ctrl Pts',(-0.746173472169464,0.380683125878424,
0.573434649267488));
#8164=CARTESIAN_POINT('Ctrl Pts',(-0.815332888905298,0.35799129479485,0.469930527040435));
#8165=CARTESIAN_POINT('Ctrl Pts',(-0.872431871217205,0.330200714350787,
0.331994841543147));
#8166=CARTESIAN_POINT('Ctrl Pts',(-0.891017470721629,0.320850244821218,
0.280937363376763));
#8167=CARTESIAN_POINT('Ctrl Pts',(-0.905079212219487,0.320111748666667,
0.228452320917009));
#8168=CARTESIAN_POINT('Ctrl Pts',(-0.916828246507517,0.320126653190838,
0.175455093924832));
#8169=CARTESIAN_POINT('Ctrl Pts',(-0.921545582594222,0.320128357199902,
0.148699915525268));
#8170=CARTESIAN_POINT('Ctrl Pts',(-0.925088315533831,0.320128357199902,
0.121790187228945));
#8171=CARTESIAN_POINT('Ctrl Pts',(-0.535187462264559,0.452633480681742,
0.7643269074665));
#8172=CARTESIAN_POINT('Ctrl Pts',(-0.557420830759353,0.452633480681742,
0.748758935246651));
#8173=CARTESIAN_POINT('Ctrl Pts',(-0.600529640844178,0.451902303473372,
0.715682528237218));
#8174=CARTESIAN_POINT('Ctrl Pts',(-0.640588176049091,0.442549501904186,
0.678972807692157));
#8175=CARTESIAN_POINT('Ctrl Pts',(-0.746173472169464,0.414763052509871,
0.573434649267488));
#8176=CARTESIAN_POINT('Ctrl Pts',(-0.815332888905298,0.392071221426297,
0.469930527040435));
#8177=CARTESIAN_POINT('Ctrl Pts',(-0.872431871217205,0.364280640982233,
0.331994841543147));
#8178=CARTESIAN_POINT('Ctrl Pts',(-0.891017470721629,0.354930171452665,
0.280937363376763));
#8179=CARTESIAN_POINT('Ctrl Pts',(-0.905079212219487,0.354191675298114,
0.228452320917009));
#8180=CARTESIAN_POINT('Ctrl Pts',(-0.916828246507517,0.354206579822285,
0.175455093924832));
#8181=CARTESIAN_POINT('Ctrl Pts',(-0.921545582594222,0.354208283831348,
0.148699915525268));
#8182=CARTESIAN_POINT('Ctrl Pts',(-0.925088315533831,0.354208283831348,
0.121790187228945));
#8183=CARTESIAN_POINT('Ctrl Pts',(-0.557405728211381,0.436815333158376,
0.74827822130432));
#8184=CARTESIAN_POINT('Ctrl Pts',(-0.571845495251093,0.436517520534528,
0.737521999082509));
#8185=CARTESIAN_POINT('Ctrl Pts',(-0.607271792187363,0.434702550290545,
0.709504007469677));
#8186=CARTESIAN_POINT('Ctrl Pts',(-0.640588176049091,0.426923895238192,
0.678972807692157));
#8187=CARTESIAN_POINT('Ctrl Pts',(-0.746173472169464,0.399137445843877,
0.573434649267488));
#8188=CARTESIAN_POINT('Ctrl Pts',(-0.815332888905298,0.376445614760303,
0.469930527040435));
#8189=CARTESIAN_POINT('Ctrl Pts',(-0.872431871217205,0.34865503431624,0.331994841543147));
#8190=CARTESIAN_POINT('Ctrl Pts',(-0.891017470721629,0.339304564786671,
0.280937363376763));
#8191=CARTESIAN_POINT('Ctrl Pts',(-0.905079212219487,0.33856606863212,0.228452320917009));
#8192=CARTESIAN_POINT('Ctrl Pts',(-0.915692040530428,0.338579531794471,
0.180580261202539));
#8193=CARTESIAN_POINT('Ctrl Pts',(-0.919677509211794,0.338581802978236,
0.159039898183698));
#8194=CARTESIAN_POINT('Ctrl Pts',(-0.922900993128959,0.338582456671115,
0.13738615095598));
#8195=CARTESIAN_POINT('',(-0.544876396659913,0.350393700787402,0.757450297778932));
#8196=CARTESIAN_POINT('',(-0.544876396659913,0.350393700787402,0.757450297778932));
#8197=CARTESIAN_POINT('Origin',(-9.91500340342515E-15,0.350393700787402,
1.10320953621934E-14));
#8198=CARTESIAN_POINT('Ctrl Pts',(-0.55740559686569,0.436875636158612,0.748278184785101));
#8199=CARTESIAN_POINT('Ctrl Pts',(-0.575508656990736,0.43655891630199,0.734792896506927));
#8200=CARTESIAN_POINT('Ctrl Pts',(-0.610736932767394,0.43410753289188,0.706508749487553));
#8201=CARTESIAN_POINT('Ctrl Pts',(-0.643818398001071,0.426067468241216,
0.675742619439059));
#8202=CARTESIAN_POINT('Ctrl Pts',(-0.746172906942254,0.399141091122811,
0.573434251650775));
#8203=CARTESIAN_POINT('Ctrl Pts',(-0.815332767568971,0.376445266440666,
0.469930443122532));
#8204=CARTESIAN_POINT('Ctrl Pts',(-0.872431764295229,0.348656714350958,
0.331994768461436));
#8205=CARTESIAN_POINT('Ctrl Pts',(-0.891017374249978,0.339306125592672,
0.280937301208073));
#8206=CARTESIAN_POINT('Ctrl Pts',(-0.90507911699971,0.338568425354865,0.228452253281799));
#8207=CARTESIAN_POINT('Ctrl Pts',(-0.915691909279671,0.338581959406396,
0.180580193841061));
#8208=CARTESIAN_POINT('Ctrl Pts',(-0.919677571296539,0.338582677165354,
0.159039871002405));
#8209=CARTESIAN_POINT('Ctrl Pts',(-0.922901017716107,0.338582677165354,
0.137386144647332));
#8210=CARTESIAN_POINT('Ctrl Pts',(-0.551132825675166,0.436875636158612,
0.739857426424562));
#8211=CARTESIAN_POINT('Ctrl Pts',(-0.569032225429102,0.43655891630199,0.726523938762665));
#8212=CARTESIAN_POINT('Ctrl Pts',(-0.603863896537905,0.43410753289188,0.698557972907717));
#8213=CARTESIAN_POINT('Ctrl Pts',(-0.636573275579124,0.426067468241216,
0.668138209481964));
#8214=CARTESIAN_POINT('Ctrl Pts',(-0.737775535119168,0.399141091122811,
0.56698087659837));
#8215=CARTESIAN_POINT('Ctrl Pts',(-0.806157117652086,0.376445266440666,
0.464641900145577));
#8216=CARTESIAN_POINT('Ctrl Pts',(-0.862613953111697,0.348656714350958,
0.328258730274769));
#8217=CARTESIAN_POINT('Ctrl Pts',(-0.880990195827739,0.339306125592672,
0.277775705721383));
#8218=CARTESIAN_POINT('Ctrl Pts',(-0.894893858581101,0.338568425354865,
0.225881401990312));
#8219=CARTESIAN_POINT('Ctrl Pts',(-0.905387128479836,0.338581959406396,
0.178548012974868));
#8220=CARTESIAN_POINT('Ctrl Pts',(-0.909327988141297,0.338582677165354,
0.157250127373328));
#8221=CARTESIAN_POINT('Ctrl Pts',(-0.912515139016309,0.338582677165354,
0.135840067867754));
#8222=CARTESIAN_POINT('Ctrl Pts',(-0.544860054484642,0.436875636158612,
0.731436668064024));
#8223=CARTESIAN_POINT('Ctrl Pts',(-0.562555605907587,0.43655891630199,0.718254849774763));
#8224=CARTESIAN_POINT('Ctrl Pts',(-0.596991160762478,0.43410753289188,0.690607409648614));
#8225=CARTESIAN_POINT('Ctrl Pts',(-0.629327864080745,0.426067468241216,
0.660533594120683));
#8226=CARTESIAN_POINT('Ctrl Pts',(-0.729379078999123,0.399141091122811,
0.560528177101447));
#8227=CARTESIAN_POINT('Ctrl Pts',(-0.79698234352541,0.376445266440666,0.459353880895602));
#8228=CARTESIAN_POINT('Ctrl Pts',(-0.852795808594061,0.348656714350958,
0.324522484212591));
#8229=CARTESIAN_POINT('Ctrl Pts',(-0.870963325571809,0.339306125592672,
0.274614301890168));
#8230=CARTESIAN_POINT('Ctrl Pts',(-0.884708416298866,0.338568425354865,
0.223310433293049));
#8231=CARTESIAN_POINT('Ctrl Pts',(-0.895082437368962,0.338581959406396,
0.176515889972215));
#8232=CARTESIAN_POINT('Ctrl Pts',(-0.898978343641992,0.338582677165354,
0.155460342812657));
#8233=CARTESIAN_POINT('Ctrl Pts',(-0.902129260316512,0.338582677165354,
0.134293991088175));
#8234=CARTESIAN_POINT('Ctrl Pts',(-0.538587283294117,0.436875636158612,
0.723015909703485));
#8235=CARTESIAN_POINT('Ctrl Pts',(-0.556079174345953,0.43655891630199,0.709985892030501));
#8236=CARTESIAN_POINT('Ctrl Pts',(-0.59011812453299,0.43410753289188,0.682656633068779));
#8237=CARTESIAN_POINT('Ctrl Pts',(-0.622082741658798,0.426067468241216,
0.652929184163588));
#8238=CARTESIAN_POINT('Ctrl Pts',(-0.720981707176036,0.399141091122811,
0.554074802049042));
#8239=CARTESIAN_POINT('Ctrl Pts',(-0.787806693608525,0.376445266440666,
0.454065337918647));
#8240=CARTESIAN_POINT('Ctrl Pts',(-0.84297799741053,0.348656714350958,0.320786446025925));
#8241=CARTESIAN_POINT('Ctrl Pts',(-0.860936147149569,0.339306125592672,
0.271452706403477));
#8242=CARTESIAN_POINT('Ctrl Pts',(-0.874523157880256,0.338568425354865,
0.220739582001562));
#8243=CARTESIAN_POINT('Ctrl Pts',(-0.884777656569127,0.338581959406396,
0.174483709106022));
#8244=CARTESIAN_POINT('Ctrl Pts',(-0.888628760486749,0.338582677165354,
0.15367059918358));
#8245=CARTESIAN_POINT('Ctrl Pts',(-0.891743381616714,0.338582677165354,
0.132747914308597));
#8246=CARTESIAN_POINT('Origin',(-0.356174050724791,0.45261437253172,-0.828237388231505));
#8247=CARTESIAN_POINT('',(-0.356391681695202,0.436868123421684,-0.828143730736248));
#8248=CARTESIAN_POINT('',(-0.370530201785036,0.45261437253172,-0.821764257401958));
#8249=CARTESIAN_POINT('Origin',(-0.356174050724791,0.45261437253172,-0.828237388231505));
#8250=CARTESIAN_POINT('Origin',(-0.356174050724791,0.45261437253172,-0.828237388231505));
#8251=CARTESIAN_POINT('Origin',(-0.356174050724791,0.45261437253172,-0.828237388231505));
#8252=CARTESIAN_POINT('Origin',(-0.356174050724791,0.295275590551181,-0.828237388231505));
#8253=CARTESIAN_POINT('',(-0.370530201785035,0.574803149606299,-0.821764257401958));
#8254=CARTESIAN_POINT('Origin',(-0.356174050724791,0.574803149606299,-0.828237388231505));
#8255=CARTESIAN_POINT('',(-0.370530201785035,0.295275590551181,-0.821764257401958));
#8256=CARTESIAN_POINT('Origin',(-0.0977221794745818,0.574803149606299,-0.255041170949083));
#8257=CARTESIAN_POINT('',(-0.383533001650687,0.574803149606299,-0.850601950319476));
#8258=CARTESIAN_POINT('Ctrl Pts',(-0.375596258791847,0.590551181102362,
-0.871312085820097));
#8259=CARTESIAN_POINT('Ctrl Pts',(-0.375615088344964,0.590551181102362,
-0.871263553106015));
#8260=CARTESIAN_POINT('Ctrl Pts',(-0.375633916554497,0.590551049897618,
-0.87121501970217));
#8261=CARTESIAN_POINT('Ctrl Pts',(-0.37648623851841,0.590539170886599,-0.86901780458225));
#8262=CARTESIAN_POINT('Ctrl Pts',(-0.377321477094136,0.59027035504975,-0.866856277409514));
#8263=CARTESIAN_POINT('Ctrl Pts',(-0.378895716288164,0.589227632886167,
-0.862767171679219));
#8264=CARTESIAN_POINT('Ctrl Pts',(-0.379647194425339,0.58846992379817,-0.860807836375963));
#8265=CARTESIAN_POINT('Ctrl Pts',(-0.381058295392815,0.586387862535803,
-0.857117068008412));
#8266=CARTESIAN_POINT('Ctrl Pts',(-0.381724009547737,0.585029919521373,
-0.855369195694307));
#8267=CARTESIAN_POINT('Ctrl Pts',(-0.382671603080307,0.582112304196587,
-0.852875555750765));
#8268=CARTESIAN_POINT('Ctrl Pts',(-0.38300590026518,0.580693610404464,-0.85199373767064));
#8269=CARTESIAN_POINT('Ctrl Pts',(-0.383425477498662,0.577760036023307,
-0.850886174676024));
#8270=CARTESIAN_POINT('Ctrl Pts',(-0.383530899749326,0.576320957857106,
-0.850607504166892));
#8271=CARTESIAN_POINT('Ctrl Pts',(-0.383532991300715,0.574832619875118,
-0.850601977667174));
#8272=CARTESIAN_POINT('Ctrl Pts',(-0.383533001650687,0.574817883038914,
-0.850601950319476));
#8273=CARTESIAN_POINT('Ctrl Pts',(-0.383533001650687,0.574803149606299,
-0.850601950319476));
#8274=CARTESIAN_POINT('',(-0.112078330534826,0.574803149606299,-0.248568040119536));
#8275=CARTESIAN_POINT('Ctrl Pts',(0.330415818929713,0.338582677165354,-0.838845940727651));
#8276=CARTESIAN_POINT('Ctrl Pts',(0.333727371984028,0.338582677165354,-0.837607873624439));
#8277=CARTESIAN_POINT('Ctrl Pts',(0.341376420320993,0.33569972323418,-0.834497973567386));
#8278=CARTESIAN_POINT('Ctrl Pts',(0.344965102906269,0.327546382985942,-0.832819429981744));
#8279=CARTESIAN_POINT('Ctrl Pts',(0.344965102906269,0.322834645669291,-0.832819429981744));
#8280=CARTESIAN_POINT('Ctrl Pts',(0.328904855451723,0.338582677165354,-0.835009969483279));
#8281=CARTESIAN_POINT('Ctrl Pts',(0.332175609188237,0.338566154702829,-0.833776948664488));
#8282=CARTESIAN_POINT('Ctrl Pts',(0.339743726972704,0.335718364800816,-0.830716858161268));
#8283=CARTESIAN_POINT('Ctrl Pts',(0.343404911401904,0.327558259274864,-0.829052794492007));
#8284=CARTESIAN_POINT('Ctrl Pts',(0.343404911401904,0.322834645669291,-0.829052794492007));
#8285=CARTESIAN_POINT('Ctrl Pts',(0.325895446489952,0.341996390329619,-0.827369807157673));
#8286=CARTESIAN_POINT('Ctrl Pts',(0.329816885634814,0.341966163538112,-0.825844578927002));
#8287=CARTESIAN_POINT('Ctrl Pts',(0.338909781288421,0.338535134863759,-0.822184741537546));
#8288=CARTESIAN_POINT('Ctrl Pts',(0.343377346146735,0.328612152957554,-0.820273270897447));
#8289=CARTESIAN_POINT('Ctrl Pts',(0.343377346146735,0.322834645669291,-0.820273270897447));
#8290=CARTESIAN_POINT('Ctrl Pts',(0.324644363577229,0.350207883656706,-0.824193609885247));
#8291=CARTESIAN_POINT('Ctrl Pts',(0.330242897474432,0.350197496582713,-0.821988024306721));
#8292=CARTESIAN_POINT('Ctrl Pts',(0.343256571739094,0.345210635916518,-0.816680915876635));
#8293=CARTESIAN_POINT('Ctrl Pts',(0.349495851017733,0.331035978376097,-0.813976867754835));
#8294=CARTESIAN_POINT('Ctrl Pts',(0.349495851017733,0.322834645669291,-0.813976867754835));
#8295=CARTESIAN_POINT('Ctrl Pts',(0.324644363577229,0.354330708661417,-0.824193609885247));
#8296=CARTESIAN_POINT('Ctrl Pts',(0.331105364551761,0.354330708661417,-0.821648664711818));
#8297=CARTESIAN_POINT('Ctrl Pts',(0.346115944977998,0.348564800799069,-0.815488497446192));
#8298=CARTESIAN_POINT('Ctrl Pts',(0.353234659601029,0.332258120302593,-0.812351121519927));
#8299=CARTESIAN_POINT('Ctrl Pts',(0.353234659601029,0.322834645669291,-0.812351121519927));
#8300=CARTESIAN_POINT('',(0.330415818929713,0.338582677165354,-0.838845940727651));
#8301=CARTESIAN_POINT('Origin',(0.330415818929713,0.354330708661417,-0.838845940727651));
#8302=CARTESIAN_POINT('',(0.344965102906269,0.322834645669291,-0.832819429981744));
#8303=CARTESIAN_POINT('Ctrl Pts',(0.330415818929713,0.338582677165354,-0.838845940727651));
#8304=CARTESIAN_POINT('Ctrl Pts',(0.333727371984028,0.338582677165354,-0.837607873624439));
#8305=CARTESIAN_POINT('Ctrl Pts',(0.341376420320993,0.33569972323418,-0.834497973567386));
#8306=CARTESIAN_POINT('Ctrl Pts',(0.344965102906269,0.327546382985942,-0.832819429981744));
#8307=CARTESIAN_POINT('Ctrl Pts',(0.344965102906269,0.322834645669291,-0.832819429981744));
#8308=CARTESIAN_POINT('Origin',(0.359514386882825,0.322834645669291,-0.826792919235837));
#8309=CARTESIAN_POINT('Ctrl Pts',(-0.356391681695202,0.436868123421684,
-0.828143730736248));
#8310=CARTESIAN_POINT('Ctrl Pts',(-0.336184048987014,0.436537106436877,
-0.836839982800206));
#8311=CARTESIAN_POINT('Ctrl Pts',(-0.295732935086888,0.434026431209596,
-0.852508053941966));
#8312=CARTESIAN_POINT('Ctrl Pts',(-0.254527960708737,0.426094070018813,
-0.86517163642659));
#8313=CARTESIAN_POINT('Ctrl Pts',(-0.119358205977423,0.399145807298506,
-0.901431751213188));
#8314=CARTESIAN_POINT('Ctrl Pts',(0.000672085613692724,0.376444505523791,
-0.909297712104961));
#8315=CARTESIAN_POINT('Ctrl Pts',(0.142849468128015,0.348820561980082,-0.890544363507194));
#8316=CARTESIAN_POINT('Ctrl Pts',(0.194686805028147,0.339305278656107,-0.881523153406445));
#8317=CARTESIAN_POINT('Ctrl Pts',(0.246416619877709,0.338557927612449,-0.867637127186069));
#8318=CARTESIAN_POINT('Ctrl Pts',(0.291114860417718,0.338580436816643,-0.853539740967439));
#8319=CARTESIAN_POINT('Ctrl Pts',(0.310899041572935,0.338582677165354,-0.846533469104572));
#8320=CARTESIAN_POINT('Ctrl Pts',(0.330415818929713,0.338582677165354,-0.838845940727651));
#8321=CARTESIAN_POINT('Ctrl Pts',(-0.354762931885158,0.436868139720276,
-0.824356281131463));
#8322=CARTESIAN_POINT('Ctrl Pts',(-0.334649157726057,0.436537093728075,
-0.833012154643704));
#8323=CARTESIAN_POINT('Ctrl Pts',(-0.294389376494567,0.434027233314185,
-0.848606819757596));
#8324=CARTESIAN_POINT('Ctrl Pts',(-0.253377048961023,0.426096595855931,
-0.861213203420058));
#8325=CARTESIAN_POINT('Ctrl Pts',(-0.118825629191811,0.399148335563668,
-0.897309363860386));
#8326=CARTESIAN_POINT('Ctrl Pts',(0.000655670173190697,0.376447021866813,
-0.905141121129541));
#8327=CARTESIAN_POINT('Ctrl Pts',(0.1421833806763,0.348823094905618,-0.886475755994698));
#8328=CARTESIAN_POINT('Ctrl Pts',(0.193789654597166,0.339305376116569,-0.877493922693839));
#8329=CARTESIAN_POINT('Ctrl Pts',(0.245289669583305,0.338557863529292,-0.863669512145192));
#8330=CARTESIAN_POINT('Ctrl Pts',(0.289783714065839,0.338580471242979,-0.849636568257346));
#8331=CARTESIAN_POINT('Ctrl Pts',(0.309477261773134,0.33858265400327,-0.842662349722292));
#8332=CARTESIAN_POINT('Ctrl Pts',(0.328904855451723,0.338582677165354,-0.835009969483279));
#8333=CARTESIAN_POINT('Ctrl Pts',(-0.351471849563942,0.440281741599046,
-0.816833302936375));
#8334=CARTESIAN_POINT('Ctrl Pts',(-0.331473047705317,0.439948375998817,
-0.825437825397587));
#8335=CARTESIAN_POINT('Ctrl Pts',(-0.291308017392327,0.437423422578762,
-0.840988668693778));
#8336=CARTESIAN_POINT('Ctrl Pts',(-0.250466788732808,0.429449950392753,
-0.853510709318944));
#8337=CARTESIAN_POINT('Ctrl Pts',(-0.117120938422622,0.40250271174992,-0.889184731017653));
#8338=CARTESIAN_POINT('Ctrl Pts',(0.00127462865064054,0.379801368724487,
-0.896861788556199));
#8339=CARTESIAN_POINT('Ctrl Pts',(0.141498370980315,0.352176999771792,-0.878269286844847));
#8340=CARTESIAN_POINT('Ctrl Pts',(0.192328548294246,0.342718359682425,-0.86937946748003));
#8341=CARTESIAN_POINT('Ctrl Pts',(0.243047063509275,0.341971446113348,-0.855767347274501));
#8342=CARTESIAN_POINT('Ctrl Pts',(0.287130307364446,0.341994891938094,-0.841862705397066));
#8343=CARTESIAN_POINT('Ctrl Pts',(0.306647007387412,0.341996319684402,-0.834952467314843));
#8344=CARTESIAN_POINT('Ctrl Pts',(0.325895542049567,0.341996651074222,-0.827370049760451));
#8345=CARTESIAN_POINT('Ctrl Pts',(-0.350009651877129,0.448492024530579,
-0.813745855177401));
#8346=CARTESIAN_POINT('Ctrl Pts',(-0.329914675695823,0.448154908559216,
-0.822388012382851));
#8347=CARTESIAN_POINT('Ctrl Pts',(-0.289220344809114,0.445589121328624,
-0.838122288225066));
#8348=CARTESIAN_POINT('Ctrl Pts',(-0.248025721319587,0.437507689944969,
-0.850666426493691));
#8349=CARTESIAN_POINT('Ctrl Pts',(-0.115128756251781,0.410562251449683,
-0.885972722137406));
#8350=CARTESIAN_POINT('Ctrl Pts',(0.00282614453219559,0.387860965045645,
-0.893414854073114));
#8351=CARTESIAN_POINT('Ctrl Pts',(0.142487194493002,0.360235649712998,-0.874648755729975));
#8352=CARTESIAN_POINT('Ctrl Pts',(0.19237092345961,0.350926616991984,-0.865825830027711));
#8353=CARTESIAN_POINT('Ctrl Pts',(0.242113319962055,0.350182901748512,-0.852481683713356));
#8354=CARTESIAN_POINT('Ctrl Pts',(0.286026310555328,0.350206432289307,-0.838630502176232));
#8355=CARTESIAN_POINT('Ctrl Pts',(0.305470725447971,0.35020733103658,-0.831746957512877));
#8356=CARTESIAN_POINT('Ctrl Pts',(0.324644363577229,0.350207883656706,-0.824193609885247));
#8357=CARTESIAN_POINT('Ctrl Pts',(-0.349952669926105,0.45261437253172,-0.813770359616108));
#8358=CARTESIAN_POINT('Ctrl Pts',(-0.329769786001478,0.45227792083797,-0.822449778856154));
#8359=CARTESIAN_POINT('Ctrl Pts',(-0.288731030375516,0.44968897245904,-0.838305299771777));
#8360=CARTESIAN_POINT('Ctrl Pts',(-0.247278050104616,0.441554608047638,
-0.85088422263347));
#8361=CARTESIAN_POINT('Ctrl Pts',(-0.114348167134004,0.414609110104708,
-0.886072385045522));
#8362=CARTESIAN_POINT('Ctrl Pts',(0.0036095159634585,0.391908001238667,
-0.893412856212334));
#8363=CARTESIAN_POINT('Ctrl Pts',(0.143257865360249,0.364282462923931,-0.874521866912602));
#8364=CARTESIAN_POINT('Ctrl Pts',(0.192767325110602,0.355047532923425,-0.865715079139638));
#8365=CARTESIAN_POINT('Ctrl Pts',(0.242107178728913,0.354307262634062,-0.852481342232285));
#8366=CARTESIAN_POINT('Ctrl Pts',(0.286029625643485,0.354328434834283,-0.838630660160205));
#8367=CARTESIAN_POINT('Ctrl Pts',(0.30546849062843,0.354330708661417,-0.831746858290518));
#8368=CARTESIAN_POINT('Ctrl Pts',(0.324644363577229,0.354330708661417,-0.824193609885247));
#8369=CARTESIAN_POINT('Ctrl Pts',(-0.356391681695202,0.436868123421684,
-0.828143730736248));
#8370=CARTESIAN_POINT('Ctrl Pts',(-0.336184048987014,0.436537106436877,
-0.836839982800206));
#8371=CARTESIAN_POINT('Ctrl Pts',(-0.295732935086888,0.434026431209596,
-0.852508053941966));
#8372=CARTESIAN_POINT('Ctrl Pts',(-0.254527960708737,0.426094070018813,
-0.86517163642659));
#8373=CARTESIAN_POINT('Ctrl Pts',(-0.119358205977423,0.399145807298506,
-0.901431751213188));
#8374=CARTESIAN_POINT('Ctrl Pts',(0.000672085613692724,0.376444505523791,
-0.909297712104961));
#8375=CARTESIAN_POINT('Ctrl Pts',(0.142849468128015,0.348820561980082,-0.890544363507194));
#8376=CARTESIAN_POINT('Ctrl Pts',(0.194686805028147,0.339305278656107,-0.881523153406445));
#8377=CARTESIAN_POINT('Ctrl Pts',(0.246416619877709,0.338557927612449,-0.867637127186069));
#8378=CARTESIAN_POINT('Ctrl Pts',(0.291114860417718,0.338580436816643,-0.853539740967439));
#8379=CARTESIAN_POINT('Ctrl Pts',(0.310899041572935,0.338582677165354,-0.846533469104572));
#8380=CARTESIAN_POINT('Ctrl Pts',(0.330415818929713,0.338582677165354,-0.838845940727651));
#8381=CARTESIAN_POINT('Ctrl Pts',(0.342521569110101,0.338582677165354,-0.868071806995845));
#8382=CARTESIAN_POINT('Ctrl Pts',(0.338486319049972,0.338582677165354,-0.858329851573113));
#8383=CARTESIAN_POINT('Ctrl Pts',(0.334451068989843,0.338582677165354,-0.848587896150383));
#8384=CARTESIAN_POINT('Ctrl Pts',(0.330415818929713,0.338582677165354,-0.838845940727651));
#8385=CARTESIAN_POINT('Ctrl Pts',(0.34633056274808,0.338582677165354,-0.866494070172001));
#8386=CARTESIAN_POINT('Ctrl Pts',(0.34229531268795,0.338582677165354,-0.85675211474927));
#8387=CARTESIAN_POINT('Ctrl Pts',(0.338260062627821,0.338582677165354,-0.84701015932654));
#8388=CARTESIAN_POINT('Ctrl Pts',(0.334224812567691,0.338582677165354,-0.837268203903808));
#8389=CARTESIAN_POINT('Ctrl Pts',(0.353916901415796,0.335168864476716,-0.863351705807078));
#8390=CARTESIAN_POINT('Ctrl Pts',(0.349881651355667,0.335168864476716,-0.853609750384346));
#8391=CARTESIAN_POINT('Ctrl Pts',(0.345846401295538,0.335168864476716,-0.843867794961616));
#8392=CARTESIAN_POINT('Ctrl Pts',(0.341811151235408,0.335168864476716,-0.834125839538884));
#8393=CARTESIAN_POINT('Ctrl Pts',(0.357070853086657,0.326957470674002,-0.862045296249938));
#8394=CARTESIAN_POINT('Ctrl Pts',(0.353035603026528,0.326957470674002,-0.852303340827207));
#8395=CARTESIAN_POINT('Ctrl Pts',(0.349000352966399,0.326957470674002,-0.842561385404476));
#8396=CARTESIAN_POINT('Ctrl Pts',(0.344965102906269,0.326957470674002,-0.832819429981744));
#8397=CARTESIAN_POINT('Ctrl Pts',(0.357070853086657,0.322834645669291,-0.862045296249938));
#8398=CARTESIAN_POINT('Ctrl Pts',(0.353035603026528,0.322834645669291,-0.852303340827207));
#8399=CARTESIAN_POINT('Ctrl Pts',(0.349000352966399,0.322834645669291,-0.842561385404476));
#8400=CARTESIAN_POINT('Ctrl Pts',(0.344965102906269,0.322834645669291,-0.832819429981744));
#8401=CARTESIAN_POINT('',(0.357070761694986,0.322834645669291,-0.862045075610925));
#8402=CARTESIAN_POINT('',(0.34247061746546,0.338582677165354,-0.867948798844327));
#8403=CARTESIAN_POINT('Ctrl Pts',(0.357070761694986,0.322834645669291,-0.862045075610925));
#8404=CARTESIAN_POINT('Ctrl Pts',(0.357070761694986,0.324885274485588,-0.862045075610925));
#8405=CARTESIAN_POINT('Ctrl Pts',(0.35668542969128,0.326912861898755,-0.862204943847559));
#8406=CARTESIAN_POINT('Ctrl Pts',(0.355964577252132,0.328810475294297,-0.862502465888736));
#8407=CARTESIAN_POINT('Ctrl Pts',(0.355243726661176,0.330708083824553,-0.862799987167097));
#8408=CARTESIAN_POINT('Ctrl Pts',(0.354200528167234,0.332440886600732,-0.863229597714108));
#8409=CARTESIAN_POINT('Ctrl Pts',(0.352871576212387,0.333896350285587,-0.863772481961297));
#8410=CARTESIAN_POINT('Ctrl Pts',(0.35154267222744,0.335351761433971,-0.864315346612517));
#8411=CARTESIAN_POINT('Ctrl Pts',(0.349951188311019,0.336501742819911,-0.864961848588269));
#8412=CARTESIAN_POINT('Ctrl Pts',(0.348200187717725,0.33730568352184,-0.865666174230318));
#8413=CARTESIAN_POINT('Ctrl Pts',(0.347297108892485,0.33772031606248,-0.866029430288508));
#8414=CARTESIAN_POINT('Ctrl Pts',(0.346357817367473,0.338039028584686,-0.866405586659378));
#8415=CARTESIAN_POINT('Ctrl Pts',(0.34539595999264,0.338254885979407,-0.866788855673278));
#8416=CARTESIAN_POINT('Ctrl Pts',(0.344434056384853,0.3384707537496,-0.867172143109512));
#8417=CARTESIAN_POINT('Ctrl Pts',(0.343454426531449,0.338582677165354,-0.867560612699307));
#8418=CARTESIAN_POINT('Ctrl Pts',(0.34247061746546,0.338582677165354,-0.867948798844326));
#8419=CARTESIAN_POINT('Ctrl Pts',(0.357070761694986,0.322834645669291,-0.862045075610925));
#8420=CARTESIAN_POINT('Ctrl Pts',(0.353035542098747,0.322834645669291,-0.852303193734532));
#8421=CARTESIAN_POINT('Ctrl Pts',(0.349000322502508,0.322834645669291,-0.842561311858138));
#8422=CARTESIAN_POINT('Ctrl Pts',(0.344965102906269,0.322834645669291,-0.832819429981744));
#8423=CARTESIAN_POINT('Ctrl Pts',(0.330415818929713,0.338582677165354,-0.838845940727651));
#8424=CARTESIAN_POINT('Ctrl Pts',(0.334434085108296,0.338582677165354,-0.84854689343321));
#8425=CARTESIAN_POINT('Ctrl Pts',(0.338452351286878,0.338582677165354,-0.858247846138768));
#8426=CARTESIAN_POINT('Ctrl Pts',(0.34247061746546,0.338582677165354,-0.867948798844326));
#8427=CARTESIAN_POINT('Origin',(0.,0.574803149606299,0.));
#8428=CARTESIAN_POINT('Origin',(0.,0.574803149606299,0.));
#8429=CARTESIAN_POINT('Ctrl Pts',(0.344965102906269,0.267716535433071,-0.832819429981744));
#8430=CARTESIAN_POINT('Ctrl Pts',(0.344965102906269,0.264182732367572,-0.832819429981744));
#8431=CARTESIAN_POINT('Ctrl Pts',(0.342352823741671,0.255926264694124,-0.834046255985375));
#8432=CARTESIAN_POINT('Ctrl Pts',(0.334831223099606,0.251968503937008,-0.837195184553593));
#8433=CARTESIAN_POINT('Ctrl Pts',(0.330415818929713,0.251968503937008,-0.838845940727651));
#8434=CARTESIAN_POINT('Ctrl Pts',(0.343404911401904,0.267716535433071,-0.829052794492007));
#8435=CARTESIAN_POINT('Ctrl Pts',(0.343404911401904,0.264173825150684,-0.829052794492007));
#8436=CARTESIAN_POINT('Ctrl Pts',(0.340732731262149,0.255902613988664,-0.830271288808296));
#8437=CARTESIAN_POINT('Ctrl Pts',(0.333265860530013,0.251990533887528,-0.833365941688599));
#8438=CARTESIAN_POINT('Ctrl Pts',(0.328904855451723,0.251968503937008,-0.835009969483279));
#8439=CARTESIAN_POINT('Ctrl Pts',(0.343377139734569,0.267716535433071,-0.820273187503301));
#8440=CARTESIAN_POINT('Ctrl Pts',(0.343377139734569,0.263383404871218,-0.820273187503301));
#8441=CARTESIAN_POINT('Ctrl Pts',(0.340103058982391,0.253297255376561,-0.821676786295101));
#8442=CARTESIAN_POINT('Ctrl Pts',(0.331123971943601,0.248595257392386,-0.825336016668443));
#8443=CARTESIAN_POINT('Ctrl Pts',(0.325895386301695,0.24855495500282,-0.827369654354231));
#8444=CARTESIAN_POINT('Ctrl Pts',(0.349495851017733,0.267716535433071,-0.813976867754835));
#8445=CARTESIAN_POINT('Ctrl Pts',(0.349495851017733,0.26156553576718,-0.813976867754835));
#8446=CARTESIAN_POINT('Ctrl Pts',(0.344946581605471,0.247202595229104,-0.815951911270653));
#8447=CARTESIAN_POINT('Ctrl Pts',(0.332109075604953,0.240357146877953,-0.821252829048959));
#8448=CARTESIAN_POINT('Ctrl Pts',(0.324644363577229,0.240343297445656,-0.824193609885247));
#8449=CARTESIAN_POINT('Ctrl Pts',(0.353234659601029,0.267716535433071,-0.812351121519928));
#8450=CARTESIAN_POINT('Ctrl Pts',(0.353234659601029,0.260648929302074,-0.812351121519928));
#8451=CARTESIAN_POINT('Ctrl Pts',(0.348051064998003,0.244135993955176,-0.81464049226361));
#8452=CARTESIAN_POINT('Ctrl Pts',(0.333259031733443,0.236220472440945,-0.8208003495791));
#8453=CARTESIAN_POINT('Ctrl Pts',(0.324644363577229,0.236220472440945,-0.824193609885247));
#8454=CARTESIAN_POINT('',(0.330415818929713,0.251968503937008,-0.838845940727651));
#8455=CARTESIAN_POINT('',(0.344965102906269,0.267716535433071,-0.832819429981744));
#8456=CARTESIAN_POINT('Ctrl Pts',(0.344965102906269,0.267716535433071,-0.832819429981744));
#8457=CARTESIAN_POINT('Ctrl Pts',(0.344965102906269,0.264182732367572,-0.832819429981744));
#8458=CARTESIAN_POINT('Ctrl Pts',(0.342352823741671,0.255926264694124,-0.834046255985375));
#8459=CARTESIAN_POINT('Ctrl Pts',(0.334831223099606,0.251968503937008,-0.837195184553593));
#8460=CARTESIAN_POINT('Ctrl Pts',(0.330415818929713,0.251968503937008,-0.838845940727651));
#8461=CARTESIAN_POINT('Origin',(0.330415818929713,0.236220472440945,-0.838845940727651));
#8462=CARTESIAN_POINT('Origin',(0.359514386882825,0.267716535433071,-0.826792919235837));
#8463=CARTESIAN_POINT('Ctrl Pts',(-0.437080432296911,0.350393700787402,
-0.788541578724545));
#8464=CARTESIAN_POINT('Ctrl Pts',(-0.44020208789537,0.350393700787402,-0.786881841222153));
#8465=CARTESIAN_POINT('Ctrl Pts',(-0.447379408394565,0.353276345193747,
-0.782800359932387));
#8466=CARTESIAN_POINT('Ctrl Pts',(-0.450718627632099,0.361429944365673,
-0.780667562976513));
#8467=CARTESIAN_POINT('Ctrl Pts',(-0.450718627632099,0.366141732283465,
-0.780667562976513));
#8468=CARTESIAN_POINT('Ctrl Pts',(-0.43508170060094,0.350393700787402,-0.7849356450553));
#8469=CARTESIAN_POINT('Ctrl Pts',(-0.438163564170371,0.350410223427368,
-0.783286236156187));
#8470=CARTESIAN_POINT('Ctrl Pts',(-0.44526714570403,0.353257708369176,-0.779264701143956));
#8471=CARTESIAN_POINT('Ctrl Pts',(-0.448680139194381,0.361418067949208,
-0.777136797431744));
#8472=CARTESIAN_POINT('Ctrl Pts',(-0.448680139194381,0.366141732283465,
-0.777136797431744));
#8473=CARTESIAN_POINT('Ctrl Pts',(-0.431100896582925,0.346979780672011,
-0.777753833075151));
#8474=CARTESIAN_POINT('Ctrl Pts',(-0.43478974465459,0.347010007788136,-0.775729781126999));
#8475=CARTESIAN_POINT('Ctrl Pts',(-0.443326765496615,0.350440733249334,
-0.770914605425903));
#8476=CARTESIAN_POINT('Ctrl Pts',(-0.447507123576914,0.360364162948352,
-0.768436052104122));
#8477=CARTESIAN_POINT('Ctrl Pts',(-0.447507123576914,0.366141732283465,
-0.768436052104122));
#8478=CARTESIAN_POINT('Ctrl Pts',(-0.429445839593034,0.33876849429605,-0.774767926694422));
#8479=CARTESIAN_POINT('Ctrl Pts',(-0.434708647088148,0.338778881481594,
-0.771850423562815));
#8480=CARTESIAN_POINT('Ctrl Pts',(-0.44691764357906,0.343765205799845,-0.764890454841359));
#8481=CARTESIAN_POINT('Ctrl Pts',(-0.452751166666241,0.357940311499425,
-0.76139482018263));
#8482=CARTESIAN_POINT('Ctrl Pts',(-0.452751166666241,0.366141732283465,
-0.76139482018263));
#8483=CARTESIAN_POINT('Ctrl Pts',(-0.429445839593034,0.334645669291339,
-0.774767926694422));
#8484=CARTESIAN_POINT('Ctrl Pts',(-0.43551944903177,0.334645669291339,-0.771401387870459));
#8485=CARTESIAN_POINT('Ctrl Pts',(-0.449596828620347,0.34041095810403,-0.763335066583865));
#8486=CARTESIAN_POINT('Ctrl Pts',(-0.456245786758251,0.356718156447882,
-0.759294969984316));
#8487=CARTESIAN_POINT('Ctrl Pts',(-0.456245786758251,0.366141732283465,
-0.759294969984316));
#8488=CARTESIAN_POINT('',(-0.437080432296911,0.350393700787402,-0.788541578724545));
#8489=CARTESIAN_POINT('Origin',(-0.437080432296911,0.334645669291339,-0.788541578724545));
#8490=CARTESIAN_POINT('Ctrl Pts',(-0.437080432296911,0.350393700787402,
-0.788541578724545));
#8491=CARTESIAN_POINT('Ctrl Pts',(-0.44020208789537,0.350393700787402,-0.786881841222153));
#8492=CARTESIAN_POINT('Ctrl Pts',(-0.447379408394565,0.353276345193747,
-0.782800359932387));
#8493=CARTESIAN_POINT('Ctrl Pts',(-0.450718627632099,0.361429944365673,
-0.780667562976513));
#8494=CARTESIAN_POINT('Ctrl Pts',(-0.450718627632099,0.366141732283465,
-0.780667562976513));
#8495=CARTESIAN_POINT('Ctrl Pts',(0.330415818929713,0.251968503937008,-0.838845940727651));
#8496=CARTESIAN_POINT('Ctrl Pts',(0.310899614693744,0.251968503937008,-0.84653324335611));
#8497=CARTESIAN_POINT('Ctrl Pts',(0.291114284042224,0.251965723679153,-0.853539630046435));
#8498=CARTESIAN_POINT('Ctrl Pts',(0.245476972047895,0.251943719080049,-0.867929509133357));
#8499=CARTESIAN_POINT('Ctrl Pts',(0.194784881485176,0.252780463046935,-0.881425825728653));
#8500=CARTESIAN_POINT('Ctrl Pts',(0.143821166181784,0.262013063288015,-0.890413885121115));
#8501=CARTESIAN_POINT('Ctrl Pts',(0.000676942383180898,0.289827898375016,
-0.909300622652376));
#8502=CARTESIAN_POINT('Ctrl Pts',(-0.119354775916549,0.31252703597054,-0.901431699083191));
#8503=CARTESIAN_POINT('Ctrl Pts',(-0.257845348520193,0.340139406237668,
-0.864284475626193));
#8504=CARTESIAN_POINT('Ctrl Pts',(-0.308076488209302,0.349664427929182,
-0.848572506641027));
#8505=CARTESIAN_POINT('Ctrl Pts',(-0.357560129696622,0.350393700787402,
-0.828044703359801));
#8506=CARTESIAN_POINT('Ctrl Pts',(-0.3810219761363,0.350393700787402,-0.817104264690523));
#8507=CARTESIAN_POINT('Ctrl Pts',(0.328904855451723,0.251968503937008,-0.835009969483279));
#8508=CARTESIAN_POINT('Ctrl Pts',(0.30947782263798,0.251968521062924,-0.842662124429979));
#8509=CARTESIAN_POINT('Ctrl Pts',(0.289783162608838,0.251965698157327,-0.849636454256981));
#8510=CARTESIAN_POINT('Ctrl Pts',(0.244354247990567,0.251943768424044,-0.863960551093089));
#8511=CARTESIAN_POINT('Ctrl Pts',(0.193901300900923,0.252780377416899,-0.877393206213188));
#8512=CARTESIAN_POINT('Ctrl Pts',(0.143176666624463,0.26201054216184,-0.886341677462161));
#8513=CARTESIAN_POINT('Ctrl Pts',(0.000686909440674912,0.28982536658261,
-0.905144009402397));
#8514=CARTESIAN_POINT('Ctrl Pts',(-0.118795892271863,0.312524519158372,
-0.897312799129946));
#8515=CARTESIAN_POINT('Ctrl Pts',(-0.256653981040376,0.340136875660489,
-0.860337601253617));
#8516=CARTESIAN_POINT('Ctrl Pts',(-0.306661110181226,0.349664318741597,
-0.844694830730153));
#8517=CARTESIAN_POINT('Ctrl Pts',(-0.35592486494394,0.350393779318755,-0.824258161431348));
#8518=CARTESIAN_POINT('Ctrl Pts',(-0.379279594999348,0.350393700787402,
-0.813367716284164));
#8519=CARTESIAN_POINT('Ctrl Pts',(0.325894082052411,0.248558513786098,-0.827366343180387));
#8520=CARTESIAN_POINT('Ctrl Pts',(0.306645022581784,0.248558722873477,-0.834948052154665));
#8521=CARTESIAN_POINT('Ctrl Pts',(0.287130244983608,0.248555423212626,-0.841859612267975));
#8522=CARTESIAN_POINT('Ctrl Pts',(0.242117546218197,0.248533992450575,-0.856051447592514));
#8523=CARTESIAN_POINT('Ctrl Pts',(0.191815389742065,0.249371794718489,-0.869446828843003));
#8524=CARTESIAN_POINT('Ctrl Pts',(0.141257037599115,0.258659925780873,-0.878329571147027));
#8525=CARTESIAN_POINT('Ctrl Pts',(5.78953099823943E-5,0.286474625739916,
-0.896862500520205));
#8526=CARTESIAN_POINT('Ctrl Pts',(-0.118327595699588,0.30917403297892,-0.889019644114337));
#8527=CARTESIAN_POINT('Ctrl Pts',(-0.254903146323451,0.336787098597415,
-0.852287101011565));
#8528=CARTESIAN_POINT('Ctrl Pts',(-0.304151754249148,0.346255327832328,
-0.836836829100357));
#8529=CARTESIAN_POINT('Ctrl Pts',(-0.352670907977053,0.346984753386795,
-0.816712613275652));
#8530=CARTESIAN_POINT('Ctrl Pts',(-0.375807694549726,0.346983710636492,
-0.80592220174263));
#8531=CARTESIAN_POINT('Ctrl Pts',(0.324644363577229,0.240343297445656,-0.824193609885247));
#8532=CARTESIAN_POINT('Ctrl Pts',(0.305469255762652,0.240343670635003,-0.831745894153746));
#8533=CARTESIAN_POINT('Ctrl Pts',(0.286028876387355,0.24033996587051,-0.838631967824943));
#8534=CARTESIAN_POINT('Ctrl Pts',(0.241188981183668,0.240318598345588,-0.852769012560261));
#8535=CARTESIAN_POINT('Ctrl Pts',(0.190301525926053,0.241160104541029,-0.86632656674233));
#8536=CARTESIAN_POINT('Ctrl Pts',(0.139191995092624,0.250596095390647,-0.875205177651892));
#8537=CARTESIAN_POINT('Ctrl Pts',(-0.00149880363907778,0.278410824522579,
-0.893422145580035));
#8538=CARTESIAN_POINT('Ctrl Pts',(-0.11941763605217,0.301110446015144,-0.885403510071342));
#8539=CARTESIAN_POINT('Ctrl Pts',(-0.255415113367264,0.328725013292251,
-0.84857196462497));
#8540=CARTESIAN_POINT('Ctrl Pts',(-0.303732305244492,0.338043204289347,
-0.833311638659606));
#8541=CARTESIAN_POINT('Ctrl Pts',(-0.351322197471683,0.33877036334757,-0.813580435709529));
#8542=CARTESIAN_POINT('Ctrl Pts',(-0.374366570439596,0.33876849429605,-0.802831701115143));
#8543=CARTESIAN_POINT('Ctrl Pts',(0.324644363577229,0.236220472440945,-0.824193609885247));
#8544=CARTESIAN_POINT('Ctrl Pts',(0.305469053738395,0.236220472440945,-0.831746636485261));
#8545=CARTESIAN_POINT('Ctrl Pts',(0.286029177551809,0.236217698977889,-0.838630855144389));
#8546=CARTESIAN_POINT('Ctrl Pts',(0.241188398458141,0.236194685244358,-0.852771193328654));
#8547=CARTESIAN_POINT('Ctrl Pts',(0.189908799253344,0.237038821270803,-0.866435740506744));
#8548=CARTESIAN_POINT('Ctrl Pts',(0.138422727238427,0.246548933630873,-0.875327649997473));
#8549=CARTESIAN_POINT('Ctrl Pts',(-0.00228544619376464,0.274364206775347,
-0.893418764126649));
#8550=CARTESIAN_POINT('Ctrl Pts',(-0.120194436669964,0.297063327997842,
-0.885299436435539));
#8551=CARTESIAN_POINT('Ctrl Pts',(-0.256162334343506,0.324678165687456,
-0.848345563698551));
#8552=CARTESIAN_POINT('Ctrl Pts',(-0.30411214428301,0.333922545796953,-0.833149995301009));
#8553=CARTESIAN_POINT('Ctrl Pts',(-0.351314537911528,0.334645669291339,
-0.813581040419019));
#8554=CARTESIAN_POINT('Ctrl Pts',(-0.374366570439596,0.334645669291339,
-0.802831701115143));
#8555=CARTESIAN_POINT('',(-0.3810219761363,0.350393700787402,-0.817104264690523));
#8556=CARTESIAN_POINT('Ctrl Pts',(0.330415818929713,0.251968503937008,-0.838845940727651));
#8557=CARTESIAN_POINT('Ctrl Pts',(0.310899614693744,0.251968503937008,-0.84653324335611));
#8558=CARTESIAN_POINT('Ctrl Pts',(0.291114284042224,0.251965723679153,-0.853539630046435));
#8559=CARTESIAN_POINT('Ctrl Pts',(0.245476972047895,0.251943719080049,-0.867929509133357));
#8560=CARTESIAN_POINT('Ctrl Pts',(0.194784881485176,0.252780463046935,-0.881425825728653));
#8561=CARTESIAN_POINT('Ctrl Pts',(0.143821166181784,0.262013063288015,-0.890413885121115));
#8562=CARTESIAN_POINT('Ctrl Pts',(0.000676942383180898,0.289827898375016,
-0.909300622652376));
#8563=CARTESIAN_POINT('Ctrl Pts',(-0.119354775916549,0.31252703597054,-0.901431699083191));
#8564=CARTESIAN_POINT('Ctrl Pts',(-0.257845348520193,0.340139406237668,
-0.864284475626193));
#8565=CARTESIAN_POINT('Ctrl Pts',(-0.308076488209302,0.349664427929182,
-0.848572506641027));
#8566=CARTESIAN_POINT('Ctrl Pts',(-0.357560129696622,0.350393700787402,
-0.828044703359801));
#8567=CARTESIAN_POINT('Ctrl Pts',(-0.3810219761363,0.350393700787402,-0.817104264690523));
#8568=CARTESIAN_POINT('Origin',(-0.3810219761363,0.334645669291339,-0.817104264690523));
#8569=CARTESIAN_POINT('Origin',(0.,0.334645669291339,0.));
#8570=CARTESIAN_POINT('Origin',(0.,0.350393700787402,0.));
#8571=CARTESIAN_POINT('Origin',(-0.435180702302607,0.366141732283465,-0.785251149853748));
#8572=CARTESIAN_POINT('',(-0.466535433070866,0.366141732283465,-0.80806307360989));
#8573=CARTESIAN_POINT('',(-0.452830785612763,0.350393700787402,-0.815821990904762));
#8574=CARTESIAN_POINT('Ctrl Pts',(-0.466535433070866,0.366141732283465,
-0.80806307360989));
#8575=CARTESIAN_POINT('Ctrl Pts',(-0.466535433070866,0.364164370527729,
-0.80806307360989));
#8576=CARTESIAN_POINT('Ctrl Pts',(-0.466193330791711,0.362055209141533,
-0.808260889378736));
#8577=CARTESIAN_POINT('Ctrl Pts',(-0.464800468216723,0.35817521864573,-0.809062674778349));
#8578=CARTESIAN_POINT('Ctrl Pts',(-0.463749528186157,0.356404389786596,
-0.80966633334556));
#8579=CARTESIAN_POINT('Ctrl Pts',(-0.461320797300909,0.353607914281425,
-0.811052599064743));
#8580=CARTESIAN_POINT('Ctrl Pts',(-0.459781074979571,0.352395922864148,
-0.811927563525351));
#8581=CARTESIAN_POINT('Ctrl Pts',(-0.456400650710132,0.350788817952109,
-0.813832569606891));
#8582=CARTESIAN_POINT('Ctrl Pts',(-0.454559773687535,0.350393700787402,
-0.814862297445966));
#8583=CARTESIAN_POINT('Ctrl Pts',(-0.452830785612763,0.350393700787402,
-0.815821990904762));
#8584=CARTESIAN_POINT('',(-0.448818897637795,0.366141732283465,-0.777377134105717));
#8585=CARTESIAN_POINT('',(-0.435180702302607,0.350393700787402,-0.785251149853748));
#8586=CARTESIAN_POINT('Origin',(0.359514386882825,0.295275590551181,-0.826792919235837));
#8587=CARTESIAN_POINT('',(0.344965102906269,0.295275590551181,-0.832819429981744));
#8588=CARTESIAN_POINT('Ctrl Pts',(0.330415818929713,0.251968503937008,-0.838845940727651));
#8589=CARTESIAN_POINT('Ctrl Pts',(0.334451040806907,0.251968503937008,-0.848587828110758));
#8590=CARTESIAN_POINT('Ctrl Pts',(0.338486262684101,0.251968503937008,-0.858329715493864));
#8591=CARTESIAN_POINT('Ctrl Pts',(0.342521484561295,0.251968503937008,-0.86807160287697));
#8592=CARTESIAN_POINT('Ctrl Pts',(0.334224812567691,0.251968503937008,-0.837268203903808));
#8593=CARTESIAN_POINT('Ctrl Pts',(0.338260034444886,0.251968503937008,-0.847010091286915));
#8594=CARTESIAN_POINT('Ctrl Pts',(0.342295256322079,0.251968503937008,-0.856751978670021));
#8595=CARTESIAN_POINT('Ctrl Pts',(0.346330478199273,0.251968503937008,-0.866493866053127));
#8596=CARTESIAN_POINT('Ctrl Pts',(0.341811296868355,0.255382158993681,-0.834125779215743));
#8597=CARTESIAN_POINT('Ctrl Pts',(0.345846518745549,0.255382158993681,-0.843867666598849));
#8598=CARTESIAN_POINT('Ctrl Pts',(0.349881740622743,0.255382158993681,-0.853609553981956));
#8599=CARTESIAN_POINT('Ctrl Pts',(0.353916962499937,0.255382158993681,-0.863351441365062));
#8600=CARTESIAN_POINT('Ctrl Pts',(0.344965102906269,0.26359371042836,-0.832819429981744));
#8601=CARTESIAN_POINT('Ctrl Pts',(0.349000324783463,0.26359371042836,-0.842561317364851));
#8602=CARTESIAN_POINT('Ctrl Pts',(0.353035546660657,0.26359371042836,-0.852303204747957));
#8603=CARTESIAN_POINT('Ctrl Pts',(0.357070768537851,0.26359371042836,-0.862045092131064));
#8604=CARTESIAN_POINT('Ctrl Pts',(0.344965102906269,0.267716535433071,-0.832819429981744));
#8605=CARTESIAN_POINT('Ctrl Pts',(0.349000324783463,0.267716535433071,-0.842561317364851));
#8606=CARTESIAN_POINT('Ctrl Pts',(0.353035546660657,0.267716535433071,-0.852303204747957));
#8607=CARTESIAN_POINT('Ctrl Pts',(0.357070768537851,0.267716535433071,-0.862045092131064));
#8608=CARTESIAN_POINT('',(0.34247061746546,0.251968503937008,-0.867948798844327));
#8609=CARTESIAN_POINT('',(0.357070761694986,0.267716535433071,-0.862045075610925));
#8610=CARTESIAN_POINT('Ctrl Pts',(0.34247061746546,0.251968503937008,-0.867948798844327));
#8611=CARTESIAN_POINT('Ctrl Pts',(0.344378315660167,0.251968503937008,-0.867196069444218));
#8612=CARTESIAN_POINT('Ctrl Pts',(0.346262016251744,0.252385625270675,-0.866445345518612));
#8613=CARTESIAN_POINT('Ctrl Pts',(0.348022890720461,0.253165482866539,-0.865737468870633));
#8614=CARTESIAN_POINT('Ctrl Pts',(0.349783428981396,0.253945191562412,-0.86502972737916));
#8615=CARTESIAN_POINT('Ctrl Pts',(0.351388849524493,0.255073180211625,-0.864377928595751));
#8616=CARTESIAN_POINT('Ctrl Pts',(0.352736264208772,0.256508519874229,-0.863827745047228));
#8617=CARTESIAN_POINT('Ctrl Pts',(0.35408372414929,0.25794390774625,-0.863277543019436));
#8618=CARTESIAN_POINT('Ctrl Pts',(0.355147190589453,0.259661606856577,-0.862839751550892));
#8619=CARTESIAN_POINT('Ctrl Pts',(0.35589042307452,0.261548871116443,-0.862533068183645));
#8620=CARTESIAN_POINT('Ctrl Pts',(0.356273773889932,0.26252230043695,-0.862374884410371));
#8621=CARTESIAN_POINT('Ctrl Pts',(0.356568349116949,0.263534157703018,-0.862253045041459));
#8622=CARTESIAN_POINT('Ctrl Pts',(0.35676784471439,0.264569611461658,-0.862170489273245));
#8623=CARTESIAN_POINT('Ctrl Pts',(0.356967340264211,0.265605064973128,-0.862087933524738));
#8624=CARTESIAN_POINT('Ctrl Pts',(0.357070761694986,0.266658912427752,-0.862045075610925));
#8625=CARTESIAN_POINT('Ctrl Pts',(0.357070761694986,0.267716535433071,-0.862045075610925));
#8626=CARTESIAN_POINT('Ctrl Pts',(0.34247061746546,0.251968503937008,-0.867948798844327));
#8627=CARTESIAN_POINT('Ctrl Pts',(0.338452351286878,0.251968503937008,-0.858247846138768));
#8628=CARTESIAN_POINT('Ctrl Pts',(0.334434085108296,0.251968503937008,-0.84854689343321));
#8629=CARTESIAN_POINT('Ctrl Pts',(0.330415818929713,0.251968503937008,-0.838845940727651));
#8630=CARTESIAN_POINT('Ctrl Pts',(0.344965102906269,0.267716535433071,-0.832819429981744));
#8631=CARTESIAN_POINT('Ctrl Pts',(0.349000322502508,0.267716535433071,-0.842561311858138));
#8632=CARTESIAN_POINT('Ctrl Pts',(0.353035542098747,0.267716535433071,-0.852303193734532));
#8633=CARTESIAN_POINT('Ctrl Pts',(0.357070761694985,0.267716535433071,-0.862045075610925));
#8634=CARTESIAN_POINT('Ctrl Pts',(-0.370530201785035,0.45261437253172,-0.821764257401958));
#8635=CARTESIAN_POINT('Ctrl Pts',(-0.374864468392769,0.452617102194804,
-0.831376821676414));
#8636=CARTESIAN_POINT('Ctrl Pts',(-0.379198735015761,0.452619687993322,
-0.840989385984712));
#8637=CARTESIAN_POINT('Ctrl Pts',(-0.383533001650687,0.452622148872274,
-0.850601950319477));
#8638=CARTESIAN_POINT('Ctrl Pts',(-0.370530636280567,0.448531031339584,
-0.821765221028933));
#8639=CARTESIAN_POINT('Ctrl Pts',(-0.374864914863483,0.448532809684684,
-0.831377739279723));
#8640=CARTESIAN_POINT('Ctrl Pts',(-0.379199115806177,0.448534522531403,
-0.840990295656545));
#8641=CARTESIAN_POINT('Ctrl Pts',(-0.383533393619119,0.448536131162988,
-0.850602819629579));
#8642=CARTESIAN_POINT('Ctrl Pts',(-0.367481545355664,0.440397185058105,
-0.823142353629737));
#8643=CARTESIAN_POINT('Ctrl Pts',(-0.371814276213159,0.44039714297823,-0.832755489161165));
#8644=CARTESIAN_POINT('Ctrl Pts',(-0.376147119526772,0.440397068364523,
-0.842368582236203));
#8645=CARTESIAN_POINT('Ctrl Pts',(-0.380480010527776,0.440397046352671,
-0.851981661455482));
#8646=CARTESIAN_POINT('Ctrl Pts',(-0.360113691597065,0.43692954795167,-0.826465473984047));
#8647=CARTESIAN_POINT('Ctrl Pts',(-0.364443622487403,0.436930708196266,
-0.836079836539787));
#8648=CARTESIAN_POINT('Ctrl Pts',(-0.368773801532168,0.436931906518925,
-0.845694099276556));
#8649=CARTESIAN_POINT('Ctrl Pts',(-0.373104184355928,0.436932964823496,
-0.855308278667428));
#8650=CARTESIAN_POINT('Ctrl Pts',(-0.356391681695202,0.436868123421684,
-0.828143730736248));
#8651=CARTESIAN_POINT('Ctrl Pts',(-0.360720735062535,0.436870767986697,
-0.837758488245364));
#8652=CARTESIAN_POINT('Ctrl Pts',(-0.365050080591531,0.436873276466139,
-0.847373125317397));
#8653=CARTESIAN_POINT('Ctrl Pts',(-0.369379678557242,0.436875666280402,
-0.856987658035661));
#8654=CARTESIAN_POINT('',(-0.383533001650687,0.452622148872274,-0.850601950319476));
#8655=CARTESIAN_POINT('',(-0.369325118688759,0.436875636158612,-0.856866499489866));
#8656=CARTESIAN_POINT('Ctrl Pts',(-0.369325118688728,0.436875636158625,
-0.856866499489878));
#8657=CARTESIAN_POINT('Ctrl Pts',(-0.371208266823061,0.436904407522239,
-0.856054828234915));
#8658=CARTESIAN_POINT('Ctrl Pts',(-0.373062186487125,0.437349599658705,
-0.855248197166872));
#8659=CARTESIAN_POINT('Ctrl Pts',(-0.374789972345211,0.438155827625529,
-0.85449035635512));
#8660=CARTESIAN_POINT('Ctrl Pts',(-0.376517443870371,0.438961908916771,
-0.853732653415963));
#8661=CARTESIAN_POINT('Ctrl Pts',(-0.378087103187581,0.44011408949311,-0.853037754879759));
#8662=CARTESIAN_POINT('Ctrl Pts',(-0.379397928483765,0.441570367902701,
-0.852454374463242));
#8663=CARTESIAN_POINT('Ctrl Pts',(-0.380708798627531,0.443026696136297,
-0.851870974087391));
#8664=CARTESIAN_POINT('Ctrl Pts',(-0.381736847003965,0.444760269323988,
-0.851409946052408));
#8665=CARTESIAN_POINT('Ctrl Pts',(-0.382446538263024,0.446658414107233,
-0.85109102130726));
#8666=CARTESIAN_POINT('Ctrl Pts',(-0.383154736857134,0.448552566599253,
-0.850772767343642));
#8667=CARTESIAN_POINT('Ctrl Pts',(-0.383533001650687,0.450575948774133,
-0.850601950319476));
#8668=CARTESIAN_POINT('Ctrl Pts',(-0.383533001650687,0.452622148872274,
-0.850601950319476));
#8669=CARTESIAN_POINT('Ctrl Pts',(-0.369325118688728,0.436875636158625,
-0.856866499489878));
#8670=CARTESIAN_POINT('Ctrl Pts',(-0.365013709462838,0.436873255389827,
-0.847292352078417));
#8671=CARTESIAN_POINT('Ctrl Pts',(-0.360702550722847,0.43687075687811,-0.837718101121037));
#8672=CARTESIAN_POINT('Ctrl Pts',(-0.356391681695202,0.436868123421684,
-0.828143730736248));
#8673=CARTESIAN_POINT('Ctrl Pts',(-0.370530201785035,0.45261437253172,-0.821764257401958));
#8674=CARTESIAN_POINT('Ctrl Pts',(-0.374864468392769,0.452617102194804,
-0.831376821676414));
#8675=CARTESIAN_POINT('Ctrl Pts',(-0.379198735015761,0.452619687993322,
-0.840989385984712));
#8676=CARTESIAN_POINT('Ctrl Pts',(-0.383533001650687,0.452622148872274,
-0.850601950319477));
#8677=CARTESIAN_POINT('Ctrl Pts',(-0.381019899950155,0.350393700787402,
-0.817099812294967));
#8678=CARTESIAN_POINT('Ctrl Pts',(-0.357251429880197,0.350393700787402,
-0.828183231911216));
#8679=CARTESIAN_POINT('Ctrl Pts',(-0.308746774517509,0.349662304095619,
-0.848276287954856));
#8680=CARTESIAN_POINT('Ctrl Pts',(-0.258675455058841,0.340309627371548,
-0.86406159415478));
#8681=CARTESIAN_POINT('Ctrl Pts',(-0.119352051207104,0.312523457428871,
-0.901426419002456));
#8682=CARTESIAN_POINT('Ctrl Pts',(0.000671226359971194,0.289832535495075,
-0.909293268193957));
#8683=CARTESIAN_POINT('Ctrl Pts',(0.143679783632045,0.26204294072584,-0.89043362121057));
#8684=CARTESIAN_POINT('Ctrl Pts',(0.195383131755271,0.252692501514724,-0.881318948604287));
#8685=CARTESIAN_POINT('Ctrl Pts',(0.24609549198481,0.251954492921535,-0.867729075487898));
#8686=CARTESIAN_POINT('Ctrl Pts',(0.29128150323708,0.251967863243727,-0.853481786148742));
#8687=CARTESIAN_POINT('Ctrl Pts',(0.311231737535618,0.251968503937008,-0.846410380706793));
#8688=CARTESIAN_POINT('Ctrl Pts',(0.330908624717712,0.251968503937008,-0.838646379291015));
#8689=CARTESIAN_POINT('Ctrl Pts',(-0.385457529143339,0.350393700787402,
-0.826616338810406));
#8690=CARTESIAN_POINT('Ctrl Pts',(-0.361412227574939,0.350393700787402,
-0.837828758050195));
#8691=CARTESIAN_POINT('Ctrl Pts',(-0.312342672815573,0.349662304095619,
-0.858156057590269));
#8692=CARTESIAN_POINT('Ctrl Pts',(-0.26168816107192,0.340309627371548,-0.874124937007348));
#8693=CARTESIAN_POINT('Ctrl Pts',(-0.120742150474051,0.312523457428871,
-0.911925428890607));
#8694=CARTESIAN_POINT('Ctrl Pts',(0.000679037794134878,0.289832535495075,
-0.919883894872331));
#8695=CARTESIAN_POINT('Ctrl Pts',(0.145353185461686,0.26204294072584,-0.900804112093468));
#8696=CARTESIAN_POINT('Ctrl Pts',(0.19765869872104,0.252692501514724,-0.891583539892177));
#8697=CARTESIAN_POINT('Ctrl Pts',(0.24896169878246,0.251954492921535,-0.87783519254182));
#8698=CARTESIAN_POINT('Ctrl Pts',(0.294673973317845,0.251967863243727,-0.863422079155212));
#8699=CARTESIAN_POINT('Ctrl Pts',(0.31485656570771,0.251968503937008,-0.856268254030259));
#8700=CARTESIAN_POINT('Ctrl Pts',(0.334762622300295,0.251968503937008,-0.848413852475452));
#8701=CARTESIAN_POINT('Ctrl Pts',(-0.389895158336523,0.350393700787402,
-0.836132865325845));
#8702=CARTESIAN_POINT('Ctrl Pts',(-0.365573046159768,0.350393700787402,
-0.847474541520573));
#8703=CARTESIAN_POINT('Ctrl Pts',(-0.31593853088063,0.349662304095619,-0.868035408202677));
#8704=CARTESIAN_POINT('Ctrl Pts',(-0.264700904935358,0.340309627371548,
-0.884188681949788));
#8705=CARTESIAN_POINT('Ctrl Pts',(-0.122132128984236,0.312523457428871,
-0.922423371868451));
#8706=CARTESIAN_POINT('Ctrl Pts',(0.000686867666916034,0.289832535495075,
-0.930473473059799));
#8707=CARTESIAN_POINT('Ctrl Pts',(0.147026573155134,0.26204294072584,-0.911175003218776));
#8708=CARTESIAN_POINT('Ctrl Pts',(0.199934278219271,0.252692501514724,-0.90184776229612));
#8709=CARTESIAN_POINT('Ctrl Pts',(0.251827895441,0.251954492921535,-0.887941531382504));
#8710=CARTESIAN_POINT('Ctrl Pts',(0.298066448842755,0.251967863243727,-0.873362263846587));
#8711=CARTESIAN_POINT('Ctrl Pts',(0.318481388973494,0.251968503937008,-0.866126202211313));
#8712=CARTESIAN_POINT('Ctrl Pts',(0.338616619882877,0.251968503937008,-0.858181325659889));
#8713=CARTESIAN_POINT('Ctrl Pts',(-0.394332787529708,0.350393700787402,
-0.845649391841284));
#8714=CARTESIAN_POINT('Ctrl Pts',(-0.369733843854511,0.350393700787402,
-0.857120067659552));
#8715=CARTESIAN_POINT('Ctrl Pts',(-0.319534429178694,0.349662304095619,
-0.87791517783809));
#8716=CARTESIAN_POINT('Ctrl Pts',(-0.267713610948438,0.340309627371548,
-0.894252024802356));
#8717=CARTESIAN_POINT('Ctrl Pts',(-0.123522228251183,0.312523457428871,
-0.932922381756602));
#8718=CARTESIAN_POINT('Ctrl Pts',(0.000694679101079718,0.289832535495075,
-0.941064099738173));
#8719=CARTESIAN_POINT('Ctrl Pts',(0.148699974984775,0.26204294072584,-0.921545494101674));
#8720=CARTESIAN_POINT('Ctrl Pts',(0.20220984518504,0.252692501514724,-0.91211235358401));
#8721=CARTESIAN_POINT('Ctrl Pts',(0.25469410223865,0.251954492921535,-0.898047648436426));
#8722=CARTESIAN_POINT('Ctrl Pts',(0.30145891892352,0.251967863243727,-0.883302556853056));
#8723=CARTESIAN_POINT('Ctrl Pts',(0.322106217145587,0.251968503937008,-0.87598407553478));
#8724=CARTESIAN_POINT('Ctrl Pts',(0.34247061746546,0.251968503937008,-0.867948798844327));
#8725=CARTESIAN_POINT('',(-0.394332787529708,0.350393700787402,-0.845649391841284));
#8726=CARTESIAN_POINT('Ctrl Pts',(-0.394332787529708,0.350393700787402,
-0.845649391841284));
#8727=CARTESIAN_POINT('Ctrl Pts',(-0.369733843854511,0.350393700787402,
-0.857120067659552));
#8728=CARTESIAN_POINT('Ctrl Pts',(-0.319534429178694,0.349662304095619,
-0.87791517783809));
#8729=CARTESIAN_POINT('Ctrl Pts',(-0.267713610948438,0.340309627371548,
-0.894252024802356));
#8730=CARTESIAN_POINT('Ctrl Pts',(-0.123522228251183,0.312523457428871,
-0.932922381756602));
#8731=CARTESIAN_POINT('Ctrl Pts',(0.000694679101079718,0.289832535495075,
-0.941064099738173));
#8732=CARTESIAN_POINT('Ctrl Pts',(0.148699974984775,0.26204294072584,-0.921545494101674));
#8733=CARTESIAN_POINT('Ctrl Pts',(0.20220984518504,0.252692501514724,-0.91211235358401));
#8734=CARTESIAN_POINT('Ctrl Pts',(0.25469410223865,0.251954492921535,-0.898047648436426));
#8735=CARTESIAN_POINT('Ctrl Pts',(0.30145891892352,0.251967863243727,-0.883302556853056));
#8736=CARTESIAN_POINT('Ctrl Pts',(0.322106217145587,0.251968503937008,-0.87598407553478));
#8737=CARTESIAN_POINT('Ctrl Pts',(0.34247061746546,0.251968503937008,-0.867948798844327));
#8738=CARTESIAN_POINT('Ctrl Pts',(-0.3810219761363,0.350393700787402,-0.817104264690523));
#8739=CARTESIAN_POINT('Ctrl Pts',(-0.385458913267436,0.350393700787402,
-0.82661930707411));
#8740=CARTESIAN_POINT('Ctrl Pts',(-0.389895850398572,0.350393700787402,
-0.836134349457697));
#8741=CARTESIAN_POINT('Ctrl Pts',(-0.394332787529708,0.350393700787402,
-0.845649391841284));
#8742=CARTESIAN_POINT('Origin',(0.348030995576125,0.295275590551181,-0.840221149646092));
#8743=CARTESIAN_POINT('Ctrl Pts',(0.357070761694986,0.267716535433071,-0.862045075610925));
#8744=CARTESIAN_POINT('Ctrl Pts',(0.357070761694986,0.286089238845144,-0.862045075610925));
#8745=CARTESIAN_POINT('Ctrl Pts',(0.357070761694986,0.304461942257218,-0.862045075610925));
#8746=CARTESIAN_POINT('Ctrl Pts',(0.357070761694986,0.322834645669291,-0.862045075610925));
#8747=CARTESIAN_POINT('Ctrl Pts',(-0.394332787529708,0.350393700787402,
-0.845649391841284));
#8748=CARTESIAN_POINT('Ctrl Pts',(-0.369733843854511,0.350393700787402,
-0.857120067659552));
#8749=CARTESIAN_POINT('Ctrl Pts',(-0.319534427093314,0.34966153181491,-0.877915153465186));
#8750=CARTESIAN_POINT('Ctrl Pts',(-0.267713608894722,0.340309103802132,
-0.894251999070026));
#8751=CARTESIAN_POINT('Ctrl Pts',(-0.12352220528032,0.312522916477795,-0.932922075050638));
#8752=CARTESIAN_POINT('Ctrl Pts',(0.000694695020542081,0.289831725959222,
-0.941063824882484));
#8753=CARTESIAN_POINT('Ctrl Pts',(0.14869997174128,0.262041740906518,-0.921545536938997));
#8754=CARTESIAN_POINT('Ctrl Pts',(0.202209844120271,0.252691545988535,-0.912112405671243));
#8755=CARTESIAN_POINT('Ctrl Pts',(0.25469409375048,0.251952510499836,-0.898047730942335));
#8756=CARTESIAN_POINT('Ctrl Pts',(0.306465555081663,0.251967032770121,-0.881724091919202));
#8757=CARTESIAN_POINT('Ctrl Pts',(0.331994886911629,0.251968503937008,-0.872431843034561));
#8758=CARTESIAN_POINT('Ctrl Pts',(0.357070761694986,0.251968503937008,-0.862045075610925));
#8759=CARTESIAN_POINT('Ctrl Pts',(-0.394332787529708,0.384473627418848,
-0.845649391841284));
#8760=CARTESIAN_POINT('Ctrl Pts',(-0.369733843854511,0.384473627418848,
-0.857120067659552));
#8761=CARTESIAN_POINT('Ctrl Pts',(-0.319534427093314,0.383741458446357,
-0.877915153465186));
#8762=CARTESIAN_POINT('Ctrl Pts',(-0.267713608894722,0.374389030433579,
-0.894251999070026));
#8763=CARTESIAN_POINT('Ctrl Pts',(-0.12352220528032,0.346602843109242,-0.932922075050638));
#8764=CARTESIAN_POINT('Ctrl Pts',(0.000694695020542081,0.323911652590669,
-0.941063824882484));
#8765=CARTESIAN_POINT('Ctrl Pts',(0.14869997174128,0.296121667537965,-0.921545536938997));
#8766=CARTESIAN_POINT('Ctrl Pts',(0.202209844120271,0.286771472619982,-0.912112405671243));
#8767=CARTESIAN_POINT('Ctrl Pts',(0.25469409375048,0.286032437131283,-0.898047730942335));
#8768=CARTESIAN_POINT('Ctrl Pts',(0.306465555081663,0.286046959401567,-0.881724091919202));
#8769=CARTESIAN_POINT('Ctrl Pts',(0.331994886911629,0.286048430568455,-0.872431843034561));
#8770=CARTESIAN_POINT('Ctrl Pts',(0.357070761694986,0.286048430568455,-0.862045075610925));
#8771=CARTESIAN_POINT('Ctrl Pts',(-0.394332787529708,0.418553554050295,
-0.845649391841284));
#8772=CARTESIAN_POINT('Ctrl Pts',(-0.369733843854511,0.418553554050295,
-0.857120067659552));
#8773=CARTESIAN_POINT('Ctrl Pts',(-0.319534427093314,0.417821385077803,
-0.877915153465186));
#8774=CARTESIAN_POINT('Ctrl Pts',(-0.267713608894722,0.408468957065026,
-0.894251999070026));
#8775=CARTESIAN_POINT('Ctrl Pts',(-0.12352220528032,0.380682769740689,-0.932922075050638));
#8776=CARTESIAN_POINT('Ctrl Pts',(0.000694695020542081,0.357991579222116,
-0.941063824882484));
#8777=CARTESIAN_POINT('Ctrl Pts',(0.14869997174128,0.330201594169412,-0.921545536938997));
#8778=CARTESIAN_POINT('Ctrl Pts',(0.202209844120271,0.320851399251429,-0.912112405671243));
#8779=CARTESIAN_POINT('Ctrl Pts',(0.25469409375048,0.32011236376273,-0.898047730942335));
#8780=CARTESIAN_POINT('Ctrl Pts',(0.306465555081663,0.320126886033014,-0.881724091919202));
#8781=CARTESIAN_POINT('Ctrl Pts',(0.331994886911629,0.320128357199902,-0.872431843034561));
#8782=CARTESIAN_POINT('Ctrl Pts',(0.357070761694986,0.320128357199902,-0.862045075610925));
#8783=CARTESIAN_POINT('Ctrl Pts',(-0.394332787529708,0.452633480681742,
-0.845649391841284));
#8784=CARTESIAN_POINT('Ctrl Pts',(-0.369733843854511,0.452633480681742,
-0.857120067659552));
#8785=CARTESIAN_POINT('Ctrl Pts',(-0.319534427093314,0.45190131170925,-0.877915153465186));
#8786=CARTESIAN_POINT('Ctrl Pts',(-0.267713608894722,0.442548883696473,
-0.894251999070026));
#8787=CARTESIAN_POINT('Ctrl Pts',(-0.12352220528032,0.414762696372136,-0.932922075050638));
#8788=CARTESIAN_POINT('Ctrl Pts',(0.000694695020542081,0.392071505853563,
-0.941063824882484));
#8789=CARTESIAN_POINT('Ctrl Pts',(0.14869997174128,0.364281520800859,-0.921545536938997));
#8790=CARTESIAN_POINT('Ctrl Pts',(0.202209844120271,0.354931325882875,-0.912112405671243));
#8791=CARTESIAN_POINT('Ctrl Pts',(0.25469409375048,0.354192290394177,-0.898047730942335));
#8792=CARTESIAN_POINT('Ctrl Pts',(0.306465555081663,0.354206812664461,-0.881724091919202));
#8793=CARTESIAN_POINT('Ctrl Pts',(0.331994886911629,0.354208283831348,-0.872431843034561));
#8794=CARTESIAN_POINT('Ctrl Pts',(0.357070761694986,0.354208283831348,-0.862045075610925));
#8795=CARTESIAN_POINT('Ctrl Pts',(-0.369325084220491,0.436815196526438,
-0.856866626470189));
#8796=CARTESIAN_POINT('Ctrl Pts',(-0.352790038509175,0.43651722536787,-0.8639937144784));
#8797=CARTESIAN_POINT('Ctrl Pts',(-0.310812595472777,0.434701621398763,
-0.88066476687403));
#8798=CARTESIAN_POINT('Ctrl Pts',(-0.267713608894722,0.426923277030479,
-0.894251999070026));
#8799=CARTESIAN_POINT('Ctrl Pts',(-0.12352220528032,0.399137089706142,-0.932922075050638));
#8800=CARTESIAN_POINT('Ctrl Pts',(0.000694695020542081,0.376445899187569,
-0.941063824882484));
#8801=CARTESIAN_POINT('Ctrl Pts',(0.14869997174128,0.348655914134865,-0.921545536938997));
#8802=CARTESIAN_POINT('Ctrl Pts',(0.202209844120271,0.339305719216881,-0.912112405671243));
#8803=CARTESIAN_POINT('Ctrl Pts',(0.25469409375048,0.338566683728182,-0.898047730942335));
#8804=CARTESIAN_POINT('Ctrl Pts',(0.301458927101432,0.338579801603017,-0.883302691127549));
#8805=CARTESIAN_POINT('Ctrl Pts',(0.322106162713297,0.338581891486982,-0.875984032533496));
#8806=CARTESIAN_POINT('Ctrl Pts',(0.342470599749178,0.338582480815418,-0.86794877993511));
#8807=CARTESIAN_POINT('',(-0.383533001650687,0.350393700787402,-0.850601950319476));
#8808=CARTESIAN_POINT('',(-0.383533001650687,0.350393700787402,-0.850601950319476));
#8809=CARTESIAN_POINT('Origin',(-4.59657313891942E-15,0.350393700787402,
-1.41026925070721E-14));
#8810=CARTESIAN_POINT('Ctrl Pts',(-0.369325118688759,0.436875636158612,
-0.856866499489866));
#8811=CARTESIAN_POINT('Ctrl Pts',(-0.348594986399981,0.43655891630199,-0.865801565305305));
#8812=CARTESIAN_POINT('Ctrl Pts',(-0.306486056494623,0.434107222096872,
-0.882168044921378));
#8813=CARTESIAN_POINT('Ctrl Pts',(-0.263301073714479,0.42606726989744,-0.89543436924784));
#8814=CARTESIAN_POINT('Ctrl Pts',(-0.12352214774367,0.399140981888382,-0.932921443910843));
#8815=CARTESIAN_POINT('Ctrl Pts',(0.000694704454990862,0.376445561610613,
-0.941063725776841));
#8816=CARTESIAN_POINT('Ctrl Pts',(0.148699981284137,0.348657456669916,-0.921545413667824));
#8817=CARTESIAN_POINT('Ctrl Pts',(0.202209849526741,0.339307109467509,-0.912112295712296));
#8818=CARTESIAN_POINT('Ctrl Pts',(0.25469410450206,0.338568885289213,-0.89804761906138));
#8819=CARTESIAN_POINT('Ctrl Pts',(0.301458919639751,0.338582102944518,-0.883302547591976));
#8820=CARTESIAN_POINT('Ctrl Pts',(0.322106217145587,0.338582677165354,-0.87598407553478));
#8821=CARTESIAN_POINT('Ctrl Pts',(0.34247061746546,0.338582677165354,-0.867948798844327));
#8822=CARTESIAN_POINT('Ctrl Pts',(-0.365168913624664,0.436875636158612,
-0.847223741106476));
#8823=CARTESIAN_POINT('Ctrl Pts',(-0.344672074711447,0.43655891630199,-0.856058332174928));
#8824=CARTESIAN_POINT('Ctrl Pts',(-0.303037000111416,0.434107222096872,
-0.872240432655591));
#8825=CARTESIAN_POINT('Ctrl Pts',(-0.260338022721817,0.42606726989744,-0.885357704198359));
#8826=CARTESIAN_POINT('Ctrl Pts',(-0.122132046919682,0.399140981888382,
-0.922422419060824));
#8827=CARTESIAN_POINT('Ctrl Pts',(0.000686892063596708,0.376445561610613,
-0.930473108364109));
#8828=CARTESIAN_POINT('Ctrl Pts',(0.147026579671534,0.348657456669916,-0.911174920679994));
#8829=CARTESIAN_POINT('Ctrl Pts',(0.199934282323586,0.339307109467509,-0.901847706727012));
#8830=CARTESIAN_POINT('Ctrl Pts',(0.251827897820535,0.338568885289213,-0.887941500881011));
#8831=CARTESIAN_POINT('Ctrl Pts',(0.298066449495042,0.338582102944518,-0.873362255205793));
#8832=CARTESIAN_POINT('Ctrl Pts',(0.318481389017007,0.338582677165354,-0.866126201789222));
#8833=CARTESIAN_POINT('Ctrl Pts',(0.338616619882877,0.338582677165354,-0.858181325659889));
#8834=CARTESIAN_POINT('Ctrl Pts',(-0.36101270856057,0.436875636158612,-0.837580982723085));
#8835=CARTESIAN_POINT('Ctrl Pts',(-0.340749143342527,0.43655891630199,-0.846314870644699));
#8836=CARTESIAN_POINT('Ctrl Pts',(-0.299587978315742,0.434107222096872,
-0.862313188217531));
#8837=CARTESIAN_POINT('Ctrl Pts',(-0.257374938454343,0.42606726989744,-0.8752806870636));
#8838=CARTESIAN_POINT('Ctrl Pts',(-0.120742074241557,0.399140981888382,
-0.911924537668894));
#8839=CARTESIAN_POINT('Ctrl Pts',(0.000679063249314745,0.376445561610613,
-0.919883524270493));
#8840=CARTESIAN_POINT('Ctrl Pts',(0.14535319133134,0.348657456669916,-0.90080403648004));
#8841=CARTESIAN_POINT('Ctrl Pts',(0.19765870315355,0.339307109467509,-0.891583481671637));
#8842=CARTESIAN_POINT('Ctrl Pts',(0.248961700853331,0.338568885289213,-0.877835165284937));
#8843=CARTESIAN_POINT('Ctrl Pts',(0.294673974073841,0.338582102944518,-0.863422069586505));
#8844=CARTESIAN_POINT('Ctrl Pts',(0.314856565664197,0.338582677165354,-0.85626825445235));
#8845=CARTESIAN_POINT('Ctrl Pts',(0.334762622300295,0.338582677165354,-0.848413852475452));
#8846=CARTESIAN_POINT('Ctrl Pts',(-0.356856503496475,0.436875636158612,
-0.827938224339694));
#8847=CARTESIAN_POINT('Ctrl Pts',(-0.336826231653993,0.43655891630199,-0.836571637514322));
#8848=CARTESIAN_POINT('Ctrl Pts',(-0.296138921932535,0.434107222096872,
-0.852385575951745));
#8849=CARTESIAN_POINT('Ctrl Pts',(-0.254411887461681,0.42606726989744,-0.865204022014119));
#8850=CARTESIAN_POINT('Ctrl Pts',(-0.119351973417569,0.399140981888382,
-0.901425512818875));
#8851=CARTESIAN_POINT('Ctrl Pts',(0.000671250857920591,0.376445561610613,
-0.909292906857761));
#8852=CARTESIAN_POINT('Ctrl Pts',(0.143679789718737,0.348657456669916,-0.89043354349221));
#8853=CARTESIAN_POINT('Ctrl Pts',(0.195383135950394,0.339307109467509,-0.881318892686353));
#8854=CARTESIAN_POINT('Ctrl Pts',(0.246095494171806,0.338568885289213,-0.867729047104568));
#8855=CARTESIAN_POINT('Ctrl Pts',(0.291281503929131,0.338582102944518,-0.853481777200321));
#8856=CARTESIAN_POINT('Ctrl Pts',(0.311231737535618,0.338582677165354,-0.846410380706793));
#8857=CARTESIAN_POINT('Ctrl Pts',(0.330908624717712,0.338582677165354,-0.838646379291015));
#8858=CARTESIAN_POINT('Origin',(-0.531082057503965,0.513779527559055,0.738274340873136));
#8859=CARTESIAN_POINT('',(-0.544876396659913,0.350393700787402,0.757450297778932));
#8860=CARTESIAN_POINT('Origin',(-0.442913385826772,0.350393700787402,0.767148487604326));
#8861=CARTESIAN_POINT('Origin',(-9.91500340342515E-15,0.350393700787402,
1.10320953621934E-14));
#8862=CARTESIAN_POINT('Origin',(0.,0.470472440944882,0.));
#8863=CARTESIAN_POINT('',(-0.466535433070866,0.350393700787402,0.808063073609889));
#8864=CARTESIAN_POINT('Origin',(-0.454724409448819,0.513779527559055,0.787605780607107));
#8865=CARTESIAN_POINT('Origin',(-0.373823305406365,0.513779527559055,-0.82906772372911));
#8866=CARTESIAN_POINT('',(-0.383533001650687,0.350393700787402,-0.850601950319476));
#8867=CARTESIAN_POINT('Origin',(-0.442913385826771,0.350393700787402,-0.767148487604326));
#8868=CARTESIAN_POINT('Origin',(-4.59657313891942E-15,0.350393700787402,
-1.41026925070721E-14));
#8869=CARTESIAN_POINT('Origin',(0.,0.470472440944882,0.));
#8870=CARTESIAN_POINT('',(-0.466535433070866,0.350393700787402,-0.80806307360989));
#8871=CARTESIAN_POINT('Origin',(-0.454724409448819,0.513779527559055,-0.787605780607108));
#8872=CARTESIAN_POINT('Origin',(0.895361643934954,0.45261437253172,0.105662918019276));
#8873=CARTESIAN_POINT('',(0.896933823724668,0.45261437253172,0.0899935610857638));
#8874=CARTESIAN_POINT('Origin',(0.895361643934954,0.45261437253172,0.105662918019276));
#8875=CARTESIAN_POINT('',(0.895389349650012,0.436868123421684,0.105427615322621));
#8876=CARTESIAN_POINT('Origin',(0.895361643934954,0.45261437253172,0.105662918019276));
#8877=CARTESIAN_POINT('Origin',(0.895361643934954,0.45261437253172,0.105662918019276));
#8878=CARTESIAN_POINT('Ctrl Pts',(0.926862921867235,0.436875666280402,0.108601643745529));
#8879=CARTESIAN_POINT('Ctrl Pts',(0.916371693304846,0.436873276466139,0.107543919212876));
#8880=CARTESIAN_POINT('Ctrl Pts',(0.905880500587802,0.436870767986697,0.106485923886731));
#8881=CARTESIAN_POINT('Ctrl Pts',(0.895389349650012,0.436868123421684,0.105427615322621));
#8882=CARTESIAN_POINT('Ctrl Pts',(0.927270789571098,0.436932964823496,0.104536437423207));
#8883=CARTESIAN_POINT('Ctrl Pts',(0.916779474570181,0.436931906518925,0.10347956926126));
#8884=CARTESIAN_POINT('Ctrl Pts',(0.9062881892791,0.436930708196266,0.102422482948577));
#8885=CARTESIAN_POINT('Ctrl Pts',(0.895796941619465,0.436929547951671,0.101365131818371));
#8886=CARTESIAN_POINT('Ctrl Pts',(0.928077815613754,0.440396573618685,0.0964849989742612));
#8887=CARTESIAN_POINT('Ctrl Pts',(0.917586199300765,0.440396595630537,0.0954308530433203));
#8888=CARTESIAN_POINT('Ctrl Pts',(0.907094594748938,0.44039667166073,0.0943766598312104));
#8889=CARTESIAN_POINT('Ctrl Pts',(0.89660300973995,0.440396713740604,0.0933223470558477));
#8890=CARTESIAN_POINT('Ctrl Pts',(0.928410347139448,0.448536131162988,0.0931517477409758));
#8891=CARTESIAN_POINT('Ctrl Pts',(0.917918518277843,0.448534522531403,0.0920990804475252));
#8892=CARTESIAN_POINT('Ctrl Pts',(0.907426699788859,0.448532809684684,0.0910463303805949));
#8893=CARTESIAN_POINT('Ctrl Pts',(0.896934875497874,0.448531031339584,0.0899936666150836));
#8894=CARTESIAN_POINT('Ctrl Pts',(0.928409398310599,0.452622148872274,0.0931516525405444));
#8895=CARTESIAN_POINT('Ctrl Pts',(0.917917540083718,0.452619687993322,0.0920989553857832));
#8896=CARTESIAN_POINT('Ctrl Pts',(0.907425681885725,0.452617102194804,0.0910462582339206));
#8897=CARTESIAN_POINT('Ctrl Pts',(0.896933823724668,0.45261437253172,0.0899935610857638));
#8898=CARTESIAN_POINT('',(0.928409398310599,0.452622148872274,0.0931516525405444));
#8899=CARTESIAN_POINT('',(0.926730715554449,0.436875636158612,0.108588314704765));
#8900=CARTESIAN_POINT('Ctrl Pts',(0.926730715554444,0.436875636158625,0.108588314704797));
#8901=CARTESIAN_POINT('Ctrl Pts',(0.926969361660006,0.436904407517985,0.106551625255025));
#8902=CARTESIAN_POINT('Ctrl Pts',(0.927197764447973,0.437349540556434,0.1045427089809));
#8903=CARTESIAN_POINT('Ctrl Pts',(0.927405353977012,0.438155708983991,0.102667422511146));
#8904=CARTESIAN_POINT('Ctrl Pts',(0.927612905754802,0.438961730805579,0.1007924770721));
#8905=CARTESIAN_POINT('Ctrl Pts',(0.927795941601566,0.440113852276489,0.0990856035774503));
#8906=CARTESIAN_POINT('Ctrl Pts',(0.927946131980226,0.441570130571614,0.0976587054643942));
#8907=CARTESIAN_POINT('Ctrl Pts',(0.928096327506422,0.443026458778365,0.096231758446671));
#8908=CARTESIAN_POINT('Ctrl Pts',(0.928211083729023,0.444760090868127,0.0951109878491856));
#8909=CARTESIAN_POINT('Ctrl Pts',(0.928289726425431,0.446658294861777,0.0943369745044843));
#8910=CARTESIAN_POINT('Ctrl Pts',(0.928368203735673,0.448552506918515,0.0935645889155209));
#8911=CARTESIAN_POINT('Ctrl Pts',(0.928409398310599,0.450575948287056,0.0931516525405443));
#8912=CARTESIAN_POINT('Ctrl Pts',(0.928409398310599,0.452622148872274,0.0931516525405443));
#8913=CARTESIAN_POINT('Ctrl Pts',(0.926730715554445,0.436875636158625,0.108588314704797));
#8914=CARTESIAN_POINT('Ctrl Pts',(0.916283556063597,0.436873255389827,0.107535030914798));
#8915=CARTESIAN_POINT('Ctrl Pts',(0.905836432142303,0.43687075687811,0.106481478424688));
#8916=CARTESIAN_POINT('Ctrl Pts',(0.895389349650012,0.436868123421684,0.105427615322621));
#8917=CARTESIAN_POINT('Ctrl Pts',(0.896933823724668,0.45261437253172,0.0899935610857638));
#8918=CARTESIAN_POINT('Ctrl Pts',(0.907425681885725,0.452617102194804,0.0910462582339206));
#8919=CARTESIAN_POINT('Ctrl Pts',(0.917917540083718,0.452619687993322,0.0920989553857832));
#8920=CARTESIAN_POINT('Ctrl Pts',(0.928409398310599,0.452622148872274,0.0931516525405444));
#8921=CARTESIAN_POINT('Ctrl Pts',(0.561253985066745,0.338582677165354,0.705571463369196));
#8922=CARTESIAN_POINT('Ctrl Pts',(0.557616686279449,0.338582677165354,0.708569937395454));
#8923=CARTESIAN_POINT('Ctrl Pts',(0.551128533366303,0.334624518599107,0.713509591880189));
#8924=CARTESIAN_POINT('Ctrl Pts',(0.548760231676332,0.326368448657223,0.715158257526814));
#8925=CARTESIAN_POINT('Ctrl Pts',(0.548760231676332,0.322834645669291,0.715158257526814));
#8926=CARTESIAN_POINT('Ctrl Pts',(0.558687418259927,0.338582677165354,0.70234494499088));
#8927=CARTESIAN_POINT('Ctrl Pts',(0.555083145965175,0.338560647215318,0.705299672212516));
#8928=CARTESIAN_POINT('Ctrl Pts',(0.548669368791874,0.334648163577095,0.710219064741073));
#8929=CARTESIAN_POINT('Ctrl Pts',(0.546278325407606,0.326377355873915,0.711923774304397));
#8930=CARTESIAN_POINT('Ctrl Pts',(0.546278325407606,0.322834645669291,0.711923774304397));
#8931=CARTESIAN_POINT('Ctrl Pts',(0.553575688041191,0.341996615160923,0.695918815169541));
#8932=CARTESIAN_POINT('Ctrl Pts',(0.549200213418293,0.341956312772242,0.699430084241328));
#8933=CARTESIAN_POINT('Ctrl Pts',(0.541541117485959,0.337253586052301,0.705377004779811));
#8934=CARTESIAN_POINT('Ctrl Pts',(0.538688775151151,0.327167776136032,0.707510442099561));
#8935=CARTESIAN_POINT('Ctrl Pts',(0.538688775151151,0.322834645669291,0.707510442099561));
#8936=CARTESIAN_POINT('Ctrl Pts',(0.551450422008811,0.350207883656706,0.693247070995935));
#8937=CARTESIAN_POINT('Ctrl Pts',(0.545171275221588,0.350194034224713,0.698241310716113));
#8938=CARTESIAN_POINT('Ctrl Pts',(0.534161285801396,0.343347893796902,0.706708842426507));
#8939=CARTESIAN_POINT('Ctrl Pts',(0.530176720059707,0.328985645200168,0.709660719376036));
#8940=CARTESIAN_POINT('Ctrl Pts',(0.530176720059707,0.322834645669291,0.709660719376036));
#8941=CARTESIAN_POINT('Ctrl Pts',(0.551450422008811,0.354330708661417,0.693247070995935));
#8942=CARTESIAN_POINT('Ctrl Pts',(0.544204438462977,0.354330708661417,0.699010962184799));
#8943=CARTESIAN_POINT('Ctrl Pts',(0.531473242770517,0.346414391528924,0.708741751013919));
#8944=CARTESIAN_POINT('Ctrl Pts',(0.526899378228523,0.329902251645154,0.712085749471603));
#8945=CARTESIAN_POINT('Ctrl Pts',(0.526899378228523,0.322834645669291,0.712085749471603));
#8946=CARTESIAN_POINT('',(0.561253985066745,0.338582677165354,0.705571463369196));
#8947=CARTESIAN_POINT('Origin',(0.561253985066745,0.354330708661417,0.705571463369196));
#8948=CARTESIAN_POINT('',(0.548760231676332,0.322834645669291,0.715158257526814));
#8949=CARTESIAN_POINT('Ctrl Pts',(0.561253985066745,0.338582677165354,0.705571463369196));
#8950=CARTESIAN_POINT('Ctrl Pts',(0.557616686279449,0.338582677165354,0.708569937395454));
#8951=CARTESIAN_POINT('Ctrl Pts',(0.551128533366303,0.334624518599107,0.713509591880189));
#8952=CARTESIAN_POINT('Ctrl Pts',(0.548760231676332,0.326368448657223,0.715158257526814));
#8953=CARTESIAN_POINT('Ctrl Pts',(0.548760231676332,0.322834645669291,0.715158257526814));
#8954=CARTESIAN_POINT('Origin',(0.536266478285919,0.322834645669291,0.724745051684432));
#8955=CARTESIAN_POINT('Ctrl Pts',(0.895389349650012,0.436868123421684,0.105427615322621));
#8956=CARTESIAN_POINT('Ctrl Pts',(0.892816708501019,0.436537106436877,0.127276064630236));
#8957=CARTESIAN_POINT('Ctrl Pts',(0.886160095451246,0.434027487970965,0.170141688348951));
#8958=CARTESIAN_POINT('Ctrl Pts',(0.876524594565714,0.426094703957777,0.212158019621413));
#8959=CARTESIAN_POINT('Ctrl Pts',(0.840342668995147,0.399146076908023,0.347348817301789));
#8960=CARTESIAN_POINT('Ctrl Pts',(0.787138743463564,0.376443839262804,0.455232508251606));
#8961=CARTESIAN_POINT('Ctrl Pts',(0.699808829787989,0.348818587927282,0.568984219704864));
#8962=CARTESIAN_POINT('Ctrl Pts',(0.666077667488687,0.339302560351518,0.609366034281453));
#8963=CARTESIAN_POINT('Ctrl Pts',(0.628187253012038,0.33855665537562,0.647222014569057));
#8964=CARTESIAN_POINT('Ctrl Pts',(0.593629616389356,0.338580098406085,0.678882826663617));
#8965=CARTESIAN_POINT('Ctrl Pts',(0.577669968611861,0.338582677165354,0.692513202566682));
#8966=CARTESIAN_POINT('Ctrl Pts',(0.561253985066745,0.338582677165354,0.705571463369196));
#8967=CARTESIAN_POINT('Ctrl Pts',(0.891294947171693,0.436868139720276,0.104944429232136));
#8968=CARTESIAN_POINT('Ctrl Pts',(0.888734266445688,0.436537093728075,0.126691405376021));
#8969=CARTESIAN_POINT('Ctrl Pts',(0.882109748245308,0.434028290075553,0.169354627129189));
#8970=CARTESIAN_POINT('Ctrl Pts',(0.872521035149021,0.426097229794894,0.211175521929181));
#8971=CARTESIAN_POINT('Ctrl Pts',(0.836506288430574,0.399148605173185,0.345748848651194));
#8972=CARTESIAN_POINT('Ctrl Pts',(0.78354723780596,0.376446355605826,0.453139996575407));
#8973=CARTESIAN_POINT('Ctrl Pts',(0.696618356049997,0.348821120852817,0.566373067294289));
#8974=CARTESIAN_POINT('Ctrl Pts',(0.663036826549353,0.33930265781198,0.606574463860903));
#8975=CARTESIAN_POINT('Ctrl Pts',(0.625314672741404,0.338556591292462,0.644262239464863));
#8976=CARTESIAN_POINT('Ctrl Pts',(0.590914942842997,0.338580132832421,0.675778433751688));
#8977=CARTESIAN_POINT('Ctrl Pts',(0.575028370785625,0.33858265400327,0.689346345450326));
#8978=CARTESIAN_POINT('Ctrl Pts',(0.558687418259928,0.338582677165354,0.70234494499088));
#8979=CARTESIAN_POINT('Ctrl Pts',(0.883134307870391,0.440281733619279,0.104033099976146));
#8980=CARTESIAN_POINT('Ctrl Pts',(0.880586642814652,0.439948369780221,0.125654832053378));
#8981=CARTESIAN_POINT('Ctrl Pts',(0.873971577831982,0.437424519240529,0.168214104115656));
#8982=CARTESIAN_POINT('Ctrl Pts',(0.864395362804234,0.429450615211071,0.209844644869399));
#8983=CARTESIAN_POINT('Ctrl Pts',(0.82861782125722,0.402503038313139,0.343162834107155));
#8984=CARTESIAN_POINT('Ctrl Pts',(0.776067756804398,0.379800746393494,0.449536197655231));
#8985=CARTESIAN_POINT('Ctrl Pts',(0.689853898635287,0.352175051376025,0.561676460937252));
#8986=CARTESIAN_POINT('Ctrl Pts',(0.656740085202041,0.342715666859122,0.601251738329784));
#8987=CARTESIAN_POINT('Ctrl Pts',(0.619592519648459,0.341970184762299,0.638368923118465));
#8988=CARTESIAN_POINT('Ctrl Pts',(0.58550928192432,0.341994549415351,0.669593563733091));
#8989=CARTESIAN_POINT('Ctrl Pts',(0.569766539633891,0.341996312164451,0.683040324377398));
#8990=CARTESIAN_POINT('Ctrl Pts',(0.553575705429929,0.341996643093461,0.695918837029515));
#8991=CARTESIAN_POINT('Ctrl Pts',(0.879729408746487,0.448492024530579,0.103755677493359));
#8992=CARTESIAN_POINT('Ctrl Pts',(0.877166248339252,0.448154908559216,0.125479515957538));
#8993=CARTESIAN_POINT('Ctrl Pts',(0.870445444429993,0.445590311915602,0.168588927618517));
#8994=CARTESIAN_POINT('Ctrl Pts',(0.860711653307811,0.437508429727942,0.210536555817942));
#8995=CARTESIAN_POINT('Ctrl Pts',(0.824840113783609,0.410562701787212,0.34328211692111));
#8996=CARTESIAN_POINT('Ctrl Pts',(0.77230707477064,0.387860443143511,0.449156128409197));
#8997=CARTESIAN_POINT('Ctrl Pts',(0.686224107981726,0.360233768211923,0.560722333982149));
#8998=CARTESIAN_POINT('Ctrl Pts',(0.653641426029342,0.350923993168222,0.599511391001604));
#8999=CARTESIAN_POINT('Ctrl Pts',(0.617213966208957,0.3501816795778,0.635917334986248));
#9000=CARTESIAN_POINT('Ctrl Pts',(0.583262124866576,0.35020610660753,0.667021347255174));
#9001=CARTESIAN_POINT('Ctrl Pts',(0.567578632002582,0.35020733103658,0.680418887106843));
#9002=CARTESIAN_POINT('Ctrl Pts',(0.551450422008811,0.350207883656706,0.693247070995935));
#9003=CARTESIAN_POINT('Ctrl Pts',(0.8797221392374,0.45261437253172,0.103817277529856));
#9004=CARTESIAN_POINT('Ctrl Pts',(0.877147294827063,0.45227792083797,0.125635877350239));
#9005=CARTESIAN_POINT('Ctrl Pts',(0.870359279861831,0.449690163046018,0.169104192121807));
#9006=CARTESIAN_POINT('Ctrl Pts',(0.860526434690221,0.441555347830611,0.211292956153675));
#9007=CARTESIAN_POINT('Ctrl Pts',(0.824536129834964,0.414609560442237,0.34400795838108));
#9008=CARTESIAN_POINT('Ctrl Pts',(0.77191365885682,0.391907479336533,0.44983354903888));
#9009=CARTESIAN_POINT('Ctrl Pts',(0.685728883608801,0.364280581422857,0.561326310122455));
#9010=CARTESIAN_POINT('Ctrl Pts',(0.653347312121283,0.355044909099662,0.599799309457428));
#9011=CARTESIAN_POINT('Ctrl Pts',(0.617216741094245,0.35430604046335,0.6359118457818));
#9012=CARTESIAN_POINT('Ctrl Pts',(0.583260604140631,0.354328109152506,0.66702429719772));
#9013=CARTESIAN_POINT('Ctrl Pts',(0.567579663483269,0.354330708661417,0.680416902085168));
#9014=CARTESIAN_POINT('Ctrl Pts',(0.551450422008811,0.354330708661417,0.693247070995935));
#9015=CARTESIAN_POINT('Ctrl Pts',(0.895389349650012,0.436868123421684,0.105427615322621));
#9016=CARTESIAN_POINT('Ctrl Pts',(0.892816708501019,0.436537106436877,0.127276064630236));
#9017=CARTESIAN_POINT('Ctrl Pts',(0.886160095451246,0.434027487970965,0.170141688348951));
#9018=CARTESIAN_POINT('Ctrl Pts',(0.876524594565714,0.426094703957777,0.212158019621413));
#9019=CARTESIAN_POINT('Ctrl Pts',(0.840342668995147,0.399146076908023,0.347348817301789));
#9020=CARTESIAN_POINT('Ctrl Pts',(0.787138743463564,0.376443839262804,0.455232508251606));
#9021=CARTESIAN_POINT('Ctrl Pts',(0.699808829787989,0.348818587927282,0.568984219704864));
#9022=CARTESIAN_POINT('Ctrl Pts',(0.666077667488687,0.339302560351518,0.609366034281453));
#9023=CARTESIAN_POINT('Ctrl Pts',(0.628187253012038,0.33855665537562,0.647222014569057));
#9024=CARTESIAN_POINT('Ctrl Pts',(0.593629616389356,0.338580098406085,0.678882826663617));
#9025=CARTESIAN_POINT('Ctrl Pts',(0.577669968611861,0.338582677165354,0.692513202566682));
#9026=CARTESIAN_POINT('Ctrl Pts',(0.561253985066745,0.338582677165354,0.705571463369196));
#9027=CARTESIAN_POINT('Ctrl Pts',(0.580511452612414,0.338582677165354,0.730668283691378));
#9028=CARTESIAN_POINT('Ctrl Pts',(0.574092296763858,0.338582677165354,0.722302676917317));
#9029=CARTESIAN_POINT('Ctrl Pts',(0.567673140915301,0.338582677165354,0.713937070143257));
#9030=CARTESIAN_POINT('Ctrl Pts',(0.561253985066745,0.338582677165354,0.705571463369196));
#9031=CARTESIAN_POINT('Ctrl Pts',(0.57724059562349,0.338582677165354,0.733178100532799));
#9032=CARTESIAN_POINT('Ctrl Pts',(0.570821439774934,0.338582677165354,0.724812493758738));
#9033=CARTESIAN_POINT('Ctrl Pts',(0.564402283926378,0.338582677165354,0.716446886984678));
#9034=CARTESIAN_POINT('Ctrl Pts',(0.557983128077821,0.338582677165354,0.708081280210617));
#9035=CARTESIAN_POINT('Ctrl Pts',(0.570726236369529,0.335168640808573,0.738176744197754));
#9036=CARTESIAN_POINT('Ctrl Pts',(0.564307080520972,0.335168640808573,0.729811137423693));
#9037=CARTESIAN_POINT('Ctrl Pts',(0.557887924672417,0.335168640808573,0.721445530649633));
#9038=CARTESIAN_POINT('Ctrl Pts',(0.55146876882386,0.335168640808573,0.713079923875572));
#9039=CARTESIAN_POINT('Ctrl Pts',(0.568017699222001,0.326957470674002,0.740255077848995));
#9040=CARTESIAN_POINT('Ctrl Pts',(0.561598543373444,0.326957470674002,0.731889471074935));
#9041=CARTESIAN_POINT('Ctrl Pts',(0.555179387524888,0.326957470674002,0.723523864300875));
#9042=CARTESIAN_POINT('Ctrl Pts',(0.548760231676332,0.326957470674002,0.715158257526814));
#9043=CARTESIAN_POINT('Ctrl Pts',(0.568017699222001,0.322834645669291,0.740255077848995));
#9044=CARTESIAN_POINT('Ctrl Pts',(0.561598543373444,0.322834645669291,0.731889471074935));
#9045=CARTESIAN_POINT('Ctrl Pts',(0.555179387524888,0.322834645669291,0.723523864300875));
#9046=CARTESIAN_POINT('Ctrl Pts',(0.548760231676332,0.322834645669291,0.715158257526814));
#9047=CARTESIAN_POINT('',(0.568017553838846,0.322834645669291,0.740254888381979));
#9048=CARTESIAN_POINT('',(0.580430400250646,0.338582677165354,0.730562654196994));
#9049=CARTESIAN_POINT('Ctrl Pts',(0.568017553838846,0.322834645669291,0.740254888381979));
#9050=CARTESIAN_POINT('Ctrl Pts',(0.568017553838846,0.32488527448628,0.740254888381979));
#9051=CARTESIAN_POINT('Ctrl Pts',(0.568348691537787,0.326912834494063,0.740001098512279));
#9052=CARTESIAN_POINT('Ctrl Pts',(0.568966801466979,0.328810420079872,0.739525566078056));
#9053=CARTESIAN_POINT('Ctrl Pts',(0.569584909819367,0.330708000824924,0.739050034856919));
#9054=CARTESIAN_POINT('Ctrl Pts',(0.57047858483387,0.332440775759278,0.73836138676008));
#9055=CARTESIAN_POINT('Ctrl Pts',(0.571613213113411,0.333896238533492,0.737481922152497));
#9056=CARTESIAN_POINT('Ctrl Pts',(0.572747800522382,0.335351648880322,0.736602489224204));
#9057=CARTESIAN_POINT('Ctrl Pts',(0.574103408403869,0.336501657247204,0.735547490984694));
#9058=CARTESIAN_POINT('Ctrl Pts',(0.575588850704558,0.337305625740285,0.734383259606118));
#9059=CARTESIAN_POINT('Ctrl Pts',(0.576354967555475,0.337720272482114,0.733782807284894));
#9060=CARTESIAN_POINT('Ctrl Pts',(0.577150362618969,0.338038999399064,0.733157444107359));
#9061=CARTESIAN_POINT('Ctrl Pts',(0.577963203145408,0.338254867685949,0.732516092498325));
#9062=CARTESIAN_POINT('Ctrl Pts',(0.578776082957508,0.338470746406035,0.731874709891919));
#9063=CARTESIAN_POINT('Ctrl Pts',(0.579602316626058,0.338582677165354,0.731220564790836));
#9064=CARTESIAN_POINT('Ctrl Pts',(0.580430400250647,0.338582677165354,0.730562654196994));
#9065=CARTESIAN_POINT('Ctrl Pts',(0.568017553838846,0.322834645669291,0.740254888381979));
#9066=CARTESIAN_POINT('Ctrl Pts',(0.561598446451341,0.322834645669291,0.731889344763591));
#9067=CARTESIAN_POINT('Ctrl Pts',(0.555179339063837,0.322834645669291,0.723523801145203));
#9068=CARTESIAN_POINT('Ctrl Pts',(0.548760231676332,0.322834645669291,0.715158257526814));
#9069=CARTESIAN_POINT('Ctrl Pts',(0.561253985066745,0.338582677165354,0.705571463369196));
#9070=CARTESIAN_POINT('Ctrl Pts',(0.567646123461379,0.338582677165354,0.713901860311796));
#9071=CARTESIAN_POINT('Ctrl Pts',(0.574038261856013,0.338582677165354,0.722232257254395));
#9072=CARTESIAN_POINT('Ctrl Pts',(0.580430400250647,0.338582677165354,0.730562654196994));
#9073=CARTESIAN_POINT('Origin',(0.,0.574803149606299,0.));
#9074=CARTESIAN_POINT('',(0.928409398310599,0.574803149606299,0.0931516525405444));
#9075=CARTESIAN_POINT('Origin',(0.,0.574803149606299,0.));
#9076=CARTESIAN_POINT('Ctrl Pts',(0.928409398310599,0.574803149606299,0.0931516525405444));
#9077=CARTESIAN_POINT('Ctrl Pts',(0.928409398310599,0.576276259365315,0.0931516525405444));
#9078=CARTESIAN_POINT('Ctrl Pts',(0.928594285145536,0.577715927789473,0.0933777142662758));
#9079=CARTESIAN_POINT('Ctrl Pts',(0.929335793949639,0.580649805327636,0.0942852039906722));
#9080=CARTESIAN_POINT('Ctrl Pts',(0.929927570033248,0.582068548417601,0.0950097882585818));
#9081=CARTESIAN_POINT('Ctrl Pts',(0.931601950671246,0.584986938351341,0.0970632324050583));
#9082=CARTESIAN_POINT('Ctrl Pts',(0.9327756743282,0.586346582218493,0.0985048847830963));
#9083=CARTESIAN_POINT('Ctrl Pts',(0.935264512275082,0.588444504379913,0.101569796521471));
#9084=CARTESIAN_POINT('Ctrl Pts',(0.936592333215015,0.589211380767269,0.103208485523988));
#9085=CARTESIAN_POINT('Ctrl Pts',(0.939362006261347,0.590266974487533,0.106635466820795));
#9086=CARTESIAN_POINT('Ctrl Pts',(0.940825562599042,0.59053909807066,0.108450996713442));
#9087=CARTESIAN_POINT('Ctrl Pts',(0.942311297497887,0.590551049897618,0.110298995591846));
#9088=CARTESIAN_POINT('Ctrl Pts',(0.942343914553784,0.590551181102362,0.110339568001533));
#9089=CARTESIAN_POINT('Ctrl Pts',(0.942376530340535,0.590551181102362,0.110380141229915));
#9090=CARTESIAN_POINT('Ctrl Pts',(0.548760231676332,0.267716535433071,0.715158257526814));
#9091=CARTESIAN_POINT('Ctrl Pts',(0.548760231676332,0.26418273236759,0.715158257526814));
#9092=CARTESIAN_POINT('Ctrl Pts',(0.551128835421917,0.25592626641884,0.713509369182231));
#9093=CARTESIAN_POINT('Ctrl Pts',(0.557616686199629,0.251968503937008,0.708569937461254));
#9094=CARTESIAN_POINT('Ctrl Pts',(0.561253985066745,0.251968503937008,0.705571463369196));
#9095=CARTESIAN_POINT('Ctrl Pts',(0.546278325407606,0.267716535433071,0.711923774304397));
#9096=CARTESIAN_POINT('Ctrl Pts',(0.546278325407606,0.264173825150702,0.711923774304397));
#9097=CARTESIAN_POINT('Ctrl Pts',(0.548669665295225,0.255902617880532,0.710218843454381));
#9098=CARTESIAN_POINT('Ctrl Pts',(0.55508314588608,0.251990533887527,0.705299672277357));
#9099=CARTESIAN_POINT('Ctrl Pts',(0.558687418259928,0.251968503937008,0.70234494499088));
#9100=CARTESIAN_POINT('Ctrl Pts',(0.538688807682872,0.267716535433071,0.707510210636801));
#9101=CARTESIAN_POINT('Ctrl Pts',(0.538688807682872,0.26338340487124,0.707510210636801));
#9102=CARTESIAN_POINT('Ctrl Pts',(0.541541462637049,0.253297179976046,0.705376529950064));
#9103=CARTESIAN_POINT('Ctrl Pts',(0.549200105979938,0.248595040761221,0.699429949374682));
#9104=CARTESIAN_POINT('Ctrl Pts',(0.553575580698854,0.248554738371655,0.695918680225841));
#9105=CARTESIAN_POINT('Ctrl Pts',(0.530176720059707,0.267716535433071,0.709660719376035));
#9106=CARTESIAN_POINT('Ctrl Pts',(0.530176720059707,0.261565535767212,0.709660719376035));
#9107=CARTESIAN_POINT('Ctrl Pts',(0.534161795685095,0.247202598757992,0.706708455824707));
#9108=CARTESIAN_POINT('Ctrl Pts',(0.545171275083793,0.240357146877953,0.69824131082571));
#9109=CARTESIAN_POINT('Ctrl Pts',(0.551450422008811,0.240343297445656,0.693247070995935));
#9110=CARTESIAN_POINT('Ctrl Pts',(0.526899378228523,0.267716535433071,0.712085749471603));
#9111=CARTESIAN_POINT('Ctrl Pts',(0.526899378228523,0.26064892930211,0.712085749471603));
#9112=CARTESIAN_POINT('Ctrl Pts',(0.531473832022083,0.244135997404609,0.708741307784198));
#9113=CARTESIAN_POINT('Ctrl Pts',(0.544204438303964,0.236220472440945,0.699010962311287));
#9114=CARTESIAN_POINT('Ctrl Pts',(0.551450422008811,0.236220472440945,0.693247070995935));
#9115=CARTESIAN_POINT('',(0.561253985066745,0.251968503937008,0.705571463369196));
#9116=CARTESIAN_POINT('',(0.548760231676332,0.267716535433071,0.715158257526814));
#9117=CARTESIAN_POINT('Ctrl Pts',(0.548760231676332,0.267716535433071,0.715158257526814));
#9118=CARTESIAN_POINT('Ctrl Pts',(0.548760231676332,0.26418273236759,0.715158257526814));
#9119=CARTESIAN_POINT('Ctrl Pts',(0.551128835421917,0.25592626641884,0.713509369182231));
#9120=CARTESIAN_POINT('Ctrl Pts',(0.557616686199629,0.251968503937008,0.708569937461254));
#9121=CARTESIAN_POINT('Ctrl Pts',(0.561253985066745,0.251968503937008,0.705571463369196));
#9122=CARTESIAN_POINT('Origin',(0.561253985066745,0.236220472440945,0.705571463369196));
#9123=CARTESIAN_POINT('Origin',(0.536266478285919,0.267716535433071,0.724745051684432));
#9124=CARTESIAN_POINT('Ctrl Pts',(0.901437255264198,0.350393700787402,0.015748031496063));
#9125=CARTESIAN_POINT('Ctrl Pts',(0.901560707117373,0.350393700787402,0.0122147613310975));
#9126=CARTESIAN_POINT('Ctrl Pts',(0.901614699198681,0.35327662383083,0.00395788773198052));
#9127=CARTESIAN_POINT('Ctrl Pts',(0.901437255264198,0.361429986553926,0.));
#9128=CARTESIAN_POINT('Ctrl Pts',(0.901437255264198,0.366141732283465,0.));
#9129=CARTESIAN_POINT('Ctrl Pts',(0.897315059254285,0.350393700787402,0.0156760170855004));
#9130=CARTESIAN_POINT('Ctrl Pts',(0.897427560023826,0.350410223279428,0.0121823717753859));
#9131=CARTESIAN_POINT('Ctrl Pts',(0.897496599110189,0.353257980337493,0.00401932561282757));
#9132=CARTESIAN_POINT('Ctrl Pts',(0.897360278388762,0.361418110243799,0.));
#9133=CARTESIAN_POINT('Ctrl Pts',(0.897360278388762,0.366141732283465,0.));
#9134=CARTESIAN_POINT('Ctrl Pts',(0.889104145707651,0.34698066072389,0.0155325731304289));
#9135=CARTESIAN_POINT('Ctrl Pts',(0.889195688518143,0.347010887569367,0.0113259486810633));
#9136=CARTESIAN_POINT('Ctrl Pts',(0.889294151930428,0.350441646544866,0.00152492655827223));
#9137=CARTESIAN_POINT('Ctrl Pts',(0.889237867948235,0.360364214679364,-0.0033336604588473));
#9138=CARTESIAN_POINT('Ctrl Pts',(0.889237867948235,0.366141732283465,-0.0033336604588473));
#9139=CARTESIAN_POINT('Ctrl Pts',(0.885691626351286,0.33876849429605,0.0154729567101056));
#9140=CARTESIAN_POINT('Ctrl Pts',(0.885796397333147,0.338778881388589,0.00945653402843775));
#9141=CARTESIAN_POINT('Ctrl Pts',(0.885873386721512,0.34376568806249,-0.00459742054539533));
#9142=CARTESIAN_POINT('Ctrl Pts',(0.885762839921163,0.357940384933039,-0.0113966018346924));
#9143=CARTESIAN_POINT('Ctrl Pts',(0.885762839921163,0.366141732283465,-0.0113966018346924));
#9144=CARTESIAN_POINT('Ctrl Pts',(0.885691626351286,0.334645669291339,0.0154729567101056));
#9145=CARTESIAN_POINT('Ctrl Pts',(0.885812921840214,0.334645669291339,0.00852984939903792));
#9146=CARTESIAN_POINT('Ctrl Pts',(0.885865970828398,0.340411515378196,-0.00769544806647573));
#9147=CARTESIAN_POINT('Ctrl Pts',(0.885691626351286,0.356718240824388,-0.0154729567101056));
#9148=CARTESIAN_POINT('Ctrl Pts',(0.885691626351286,0.366141732283465,-0.0154729567101056));
#9149=CARTESIAN_POINT('',(0.901437255264198,0.350393700787402,0.015748031496063));
#9150=CARTESIAN_POINT('Origin',(0.901437255264198,0.334645669291339,0.015748031496063));
#9151=CARTESIAN_POINT('Ctrl Pts',(0.901437255264198,0.350393700787402,0.015748031496063));
#9152=CARTESIAN_POINT('Ctrl Pts',(0.901560707117373,0.350393700787402,0.0122147613310975));
#9153=CARTESIAN_POINT('Ctrl Pts',(0.901614699198681,0.35327662383083,0.00395788773198052));
#9154=CARTESIAN_POINT('Ctrl Pts',(0.901437255264198,0.361429986553926,0.));
#9155=CARTESIAN_POINT('Ctrl Pts',(0.901437255264198,0.366141732283465,0.));
#9156=CARTESIAN_POINT('Ctrl Pts',(0.561253985066745,0.251968503937008,0.705571463369196));
#9157=CARTESIAN_POINT('Ctrl Pts',(0.577669486547553,0.251968503937008,0.692513586029631));
#9158=CARTESIAN_POINT('Ctrl Pts',(0.593629826965076,0.251965475682675,0.678882183813207));
#9159=CARTESIAN_POINT('Ctrl Pts',(0.628910349602177,0.251942716342562,0.64655411590506));
#9160=CARTESIAN_POINT('Ctrl Pts',(0.665944412562236,0.25277823066308,0.609401664222852));
#9161=CARTESIAN_POINT('Ctrl Pts',(0.699210138962114,0.262011553471462,0.569759879464423));
#9162=CARTESIAN_POINT('Ctrl Pts',(0.787139130011101,0.289827731398936,0.455237228306981));
#9163=CARTESIAN_POINT('Ctrl Pts',(0.840341106364291,0.312527979541604,0.347350574382252));
#9164=CARTESIAN_POINT('Ctrl Pts',(0.877415233042284,0.34014085454674,0.208840968178771));
#9165=CARTESIAN_POINT('Ctrl Pts',(0.888923937533837,0.349666812460383,0.157483495685596));
#9166=CARTESIAN_POINT('Ctrl Pts',(0.895887813427049,0.350393700787402,0.104366195982167));
#9167=CARTESIAN_POINT('Ctrl Pts',(0.898144038830747,0.350393700787402,0.0785774216110776));
#9168=CARTESIAN_POINT('Ctrl Pts',(0.558687418259928,0.251968503937008,0.70234494499088));
#9169=CARTESIAN_POINT('Ctrl Pts',(0.575027895244335,0.251968521062924,0.689346718527376));
#9170=CARTESIAN_POINT('Ctrl Pts',(0.590915138292665,0.251965450160849,0.675777810941646));
#9171=CARTESIAN_POINT('Ctrl Pts',(0.626034493141415,0.251942765686557,0.643597329329839));
#9172=CARTESIAN_POINT('Ctrl Pts',(0.662893851910172,0.252778145033044,0.606620151232865));
#9173=CARTESIAN_POINT('Ctrl Pts',(0.696005753458636,0.262009032345288,0.567165622645578));
#9174=CARTESIAN_POINT('Ctrl Pts',(0.783534413814165,0.28982519960653,0.453167553406982));
#9175=CARTESIAN_POINT('Ctrl Pts',(0.836494592546791,0.312525462729436,0.345775131839687));
#9176=CARTESIAN_POINT('Ctrl Pts',(0.873401455830179,0.340138323969561,0.207899285495247));
#9177=CARTESIAN_POINT('Ctrl Pts',(0.884858082673339,0.349666703272799,0.156770411058431));
#9178=CARTESIAN_POINT('Ctrl Pts',(0.891790939548173,0.350393779318755,0.103889105835676));
#9179=CARTESIAN_POINT('Ctrl Pts',(0.894036902419894,0.350393700787402,0.0782180937355734));
#9180=CARTESIAN_POINT('Ctrl Pts',(0.553573211634986,0.248558543936244,0.69591570199512));
#9181=CARTESIAN_POINT('Ctrl Pts',(0.569763696388681,0.248558751354382,0.683036383526355));
#9182=CARTESIAN_POINT('Ctrl Pts',(0.585506636488865,0.248555204891965,0.669591875244739));
#9183=CARTESIAN_POINT('Ctrl Pts',(0.620303373438807,0.24853300422175,0.637705730371538));
#9184=CARTESIAN_POINT('Ctrl Pts',(0.657055083745205,0.24936956694568,0.600840522409515));
#9185=CARTESIAN_POINT('Ctrl Pts',(0.690026901763042,0.258658424335607,0.561497130426616));
#9186=CARTESIAN_POINT('Ctrl Pts',(0.77667690685456,0.286474470683087,0.448482064671608));
#9187=CARTESIAN_POINT('Ctrl Pts',(0.829078273727928,0.309174967607165,0.34203429236713));
#9188=CARTESIAN_POINT('Ctrl Pts',(0.865554012065835,0.336788549793448,0.20539041254676));
#9189=CARTESIAN_POINT('Ctrl Pts',(0.876798066993846,0.34625771508544,0.155014674353128));
#9190=CARTESIAN_POINT('Ctrl Pts',(0.883629280866488,0.346984775209731,0.102934366535055));
#9191=CARTESIAN_POINT('Ctrl Pts',(0.885852917422453,0.346983740786638,0.0775020878258311));
#9192=CARTESIAN_POINT('Ctrl Pts',(0.551450422008811,0.240343297445656,0.693247070995935));
#9193=CARTESIAN_POINT('Ctrl Pts',(0.56757844594922,0.240343670635003,0.680417082642456));
#9194=CARTESIAN_POINT('Ctrl Pts',(0.583262135322307,0.240339709278562,0.667024271515196));
#9195=CARTESIAN_POINT('Ctrl Pts',(0.617925049221131,0.240317560809102,0.635260396324656));
#9196=CARTESIAN_POINT('Ctrl Pts',(0.655109919603947,0.241157800375949,0.597969418539088));
#9197=CARTESIAN_POINT('Ctrl Pts',(0.688353724675096,0.250594527595142,0.558146612730177));
#9198=CARTESIAN_POINT('Ctrl Pts',(0.774475881805085,0.27841060386069,0.445413815925662));
#9199=CARTESIAN_POINT('Ctrl Pts',(0.826491562538746,0.301111281889748,0.339282537718955));
#9200=CARTESIAN_POINT('Ctrl Pts',(0.862592537058825,0.328726393680256,0.203089630295289));
#9201=CARTESIAN_POINT('Ctrl Pts',(0.873535331882251,0.338045502681185,0.153615545430972));
#9202=CARTESIAN_POINT('Ctrl Pts',(0.880242424082306,0.33877036334757,0.102536269930913));
#9203=CARTESIAN_POINT('Ctrl Pts',(0.882455933348987,0.33876849429605,0.0772048902292247));
#9204=CARTESIAN_POINT('Ctrl Pts',(0.551450422008811,0.236220472440945,0.693247070995935));
#9205=CARTESIAN_POINT('Ctrl Pts',(0.567579189839299,0.236220472440945,0.680417278850075));
#9206=CARTESIAN_POINT('Ctrl Pts',(0.583261021130454,0.236217442385941,0.667023975990987));
#9207=CARTESIAN_POINT('Ctrl Pts',(0.617927229184722,0.236193647707871,0.635260982053743));
#9208=CARTESIAN_POINT('Ctrl Pts',(0.655400830193711,0.237036517105724,0.597683894145985));
#9209=CARTESIAN_POINT('Ctrl Pts',(0.688844422764729,0.246547365835367,0.557541643398918));
#9210=CARTESIAN_POINT('Ctrl Pts',(0.774866274657894,0.274363986113459,0.444730872762912));
#9211=CARTESIAN_POINT('Ctrl Pts',(0.826789832435174,0.297064163872446,0.338557771832369));
#9212=CARTESIAN_POINT('Ctrl Pts',(0.862770078593228,0.32467954607546,0.202329317484413));
#9213=CARTESIAN_POINT('Ctrl Pts',(0.873585264146613,0.33392484418879,0.153205773494968));
#9214=CARTESIAN_POINT('Ctrl Pts',(0.880239117996009,0.334645669291339,0.102543205659334));
#9215=CARTESIAN_POINT('Ctrl Pts',(0.882455933348987,0.334645669291339,0.0772048902292247));
#9216=CARTESIAN_POINT('',(0.898144038830747,0.350393700787402,0.0785774216110776));
#9217=CARTESIAN_POINT('Ctrl Pts',(0.561253985066745,0.251968503937008,0.705571463369196));
#9218=CARTESIAN_POINT('Ctrl Pts',(0.577669486547553,0.251968503937008,0.692513586029631));
#9219=CARTESIAN_POINT('Ctrl Pts',(0.593629826965076,0.251965475682675,0.678882183813207));
#9220=CARTESIAN_POINT('Ctrl Pts',(0.628910349602177,0.251942716342562,0.64655411590506));
#9221=CARTESIAN_POINT('Ctrl Pts',(0.665944412562236,0.25277823066308,0.609401664222852));
#9222=CARTESIAN_POINT('Ctrl Pts',(0.699210138962114,0.262011553471462,0.569759879464423));
#9223=CARTESIAN_POINT('Ctrl Pts',(0.787139130011101,0.289827731398936,0.455237228306981));
#9224=CARTESIAN_POINT('Ctrl Pts',(0.840341106364291,0.312527979541604,0.347350574382252));
#9225=CARTESIAN_POINT('Ctrl Pts',(0.877415233042284,0.34014085454674,0.208840968178771));
#9226=CARTESIAN_POINT('Ctrl Pts',(0.888923937533837,0.349666812460383,0.157483495685596));
#9227=CARTESIAN_POINT('Ctrl Pts',(0.895887813427049,0.350393700787402,0.104366195982167));
#9228=CARTESIAN_POINT('Ctrl Pts',(0.898144038830747,0.350393700787402,0.0785774216110776));
#9229=CARTESIAN_POINT('Origin',(0.898144038830747,0.334645669291339,0.0785774216110776));
#9230=CARTESIAN_POINT('Origin',(0.,0.334645669291339,0.));
#9231=CARTESIAN_POINT('Origin',(0.,0.350393700787402,0.));
#9232=CARTESIAN_POINT('Origin',(0.897637795275591,0.366141732283465,0.015748031496063));
#9233=CARTESIAN_POINT('',(0.933070866141732,0.366141732283465,0.));
#9234=CARTESIAN_POINT('',(0.932937961895903,0.350393700787402,0.015748031496063));
#9235=CARTESIAN_POINT('Ctrl Pts',(0.933070866141732,0.366141732283465,0.));
#9236=CARTESIAN_POINT('Ctrl Pts',(0.933070866141732,0.364164370527729,0.));
#9237=CARTESIAN_POINT('Ctrl Pts',(0.933071128483244,0.362055209141533,0.00039517714886402));
#9238=CARTESIAN_POINT('Ctrl Pts',(0.933069063720199,0.35817521864573,0.00200232422259098));
#9239=CARTESIAN_POINT('Ctrl Pts',(0.933066377359332,0.356404389786596,0.00321429427052031));
#9240=CARTESIAN_POINT('Ctrl Pts',(0.933052553245917,0.353607914281425,0.00601076977569195));
#9241=CARTESIAN_POINT('Ctrl Pts',(0.933040433535544,0.352395922864148,0.00778169065104891));
#9242=CARTESIAN_POINT('Ctrl Pts',(0.933000005061801,0.350788817952109,0.0116617269847223));
#9243=CARTESIAN_POINT('Ctrl Pts',(0.932971337018125,0.350393700787402,0.0137708371710723));
#9244=CARTESIAN_POINT('Ctrl Pts',(0.932937961895903,0.350393700787402,0.015748031496063));
#9245=CARTESIAN_POINT('',(0.897637795275591,0.366141732283465,0.));
#9246=CARTESIAN_POINT('',(0.897637795275591,0.350393700787402,0.015748031496063));
#9247=CARTESIAN_POINT('Origin',(0.536266478285919,0.295275590551181,0.724745051684432));
#9248=CARTESIAN_POINT('',(0.548760231676332,0.295275590551181,0.715158257526814));
#9249=CARTESIAN_POINT('Ctrl Pts',(0.561253985066745,0.251968503937008,0.705571463369196));
#9250=CARTESIAN_POINT('Ctrl Pts',(0.567673096082732,0.251968503937008,0.713937011716315));
#9251=CARTESIAN_POINT('Ctrl Pts',(0.574092207098719,0.251968503937008,0.722302560063434));
#9252=CARTESIAN_POINT('Ctrl Pts',(0.580511318114706,0.251968503937008,0.730668108410553));
#9253=CARTESIAN_POINT('Ctrl Pts',(0.557983128077821,0.251968503937008,0.708081280210617));
#9254=CARTESIAN_POINT('Ctrl Pts',(0.564402239093808,0.251968503937008,0.716446828557736));
#9255=CARTESIAN_POINT('Ctrl Pts',(0.570821350109795,0.251968503937008,0.724812376904855));
#9256=CARTESIAN_POINT('Ctrl Pts',(0.577240461125783,0.251968503937008,0.733177925251974));
#9257=CARTESIAN_POINT('Ctrl Pts',(0.551468637319988,0.255382374536787,0.713080024782041));
#9258=CARTESIAN_POINT('Ctrl Pts',(0.557887748335976,0.255382374536787,0.72144557312916));
#9259=CARTESIAN_POINT('Ctrl Pts',(0.564306859351963,0.255382374536787,0.729811121476279));
#9260=CARTESIAN_POINT('Ctrl Pts',(0.57072597036795,0.255382374536787,0.738176669823398));
#9261=CARTESIAN_POINT('Ctrl Pts',(0.548760231676332,0.26359371042836,0.715158257526814));
#9262=CARTESIAN_POINT('Ctrl Pts',(0.555179342692319,0.26359371042836,0.723523805873933));
#9263=CARTESIAN_POINT('Ctrl Pts',(0.561598453708306,0.26359371042836,0.731889354221052));
#9264=CARTESIAN_POINT('Ctrl Pts',(0.568017564724293,0.26359371042836,0.740254902568171));
#9265=CARTESIAN_POINT('Ctrl Pts',(0.548760231676332,0.267716535433071,0.715158257526814));
#9266=CARTESIAN_POINT('Ctrl Pts',(0.555179342692319,0.267716535433071,0.723523805873933));
#9267=CARTESIAN_POINT('Ctrl Pts',(0.561598453708306,0.267716535433071,0.731889354221052));
#9268=CARTESIAN_POINT('Ctrl Pts',(0.568017564724293,0.267716535433071,0.740254902568171));
#9269=CARTESIAN_POINT('',(0.580430400250647,0.251968503937008,0.730562654196994));
#9270=CARTESIAN_POINT('',(0.568017553838846,0.267716535433071,0.740254888381979));
#9271=CARTESIAN_POINT('Ctrl Pts',(0.580430400250646,0.251968503937008,0.730562654196994));
#9272=CARTESIAN_POINT('Ctrl Pts',(0.578824668859558,0.251968503937008,0.731838404207853));
#9273=CARTESIAN_POINT('Ctrl Pts',(0.577232694001267,0.252385651428812,0.733094358360604));
#9274=CARTESIAN_POINT('Ctrl Pts',(0.575739239256018,0.253165535371358,0.734265365445521));
#9275=CARTESIAN_POINT('Ctrl Pts',(0.574246069439539,0.253945270523742,0.735436149119846));
#9276=CARTESIAN_POINT('Ctrl Pts',(0.572878906253849,0.25507328559429,0.736500568292934));
#9277=CARTESIAN_POINT('Ctrl Pts',(0.571728726661533,0.256508625653374,0.737392371347349));
#9278=CARTESIAN_POINT('Ctrl Pts',(0.570578508292445,0.257944014103035,0.738284204467715));
#9279=CARTESIAN_POINT('Ctrl Pts',(0.56966761575076,0.259661687011478,0.738986313641647));
#9280=CARTESIAN_POINT('Ctrl Pts',(0.569030382416291,0.261548924279261,0.739476646674209));
#9281=CARTESIAN_POINT('Ctrl Pts',(0.568701704584331,0.262522340169508,0.739729554972258));
#9282=CARTESIAN_POINT('Ctrl Pts',(0.568448889673576,0.263534183912917,0.739923753595501));
#9283=CARTESIAN_POINT('Ctrl Pts',(0.56827763796153,0.264569627603081,0.740055250505151));
#9284=CARTESIAN_POINT('Ctrl Pts',(0.568106386290379,0.265605071045975,0.740186747383398));
#9285=CARTESIAN_POINT('Ctrl Pts',(0.568017553838846,0.266658911926121,0.740254888381979));
#9286=CARTESIAN_POINT('Ctrl Pts',(0.568017553838846,0.267716535433071,0.740254888381979));
#9287=CARTESIAN_POINT('Ctrl Pts',(0.580430400250646,0.251968503937008,0.730562654196994));
#9288=CARTESIAN_POINT('Ctrl Pts',(0.574038261856013,0.251968503937008,0.722232257254395));
#9289=CARTESIAN_POINT('Ctrl Pts',(0.567646123461379,0.251968503937008,0.713901860311795));
#9290=CARTESIAN_POINT('Ctrl Pts',(0.561253985066745,0.251968503937008,0.705571463369196));
#9291=CARTESIAN_POINT('Ctrl Pts',(0.548760231676332,0.267716535433071,0.715158257526814));
#9292=CARTESIAN_POINT('Ctrl Pts',(0.555179339063836,0.267716535433071,0.723523801145202));
#9293=CARTESIAN_POINT('Ctrl Pts',(0.561598446451341,0.267716535433071,0.731889344763591));
#9294=CARTESIAN_POINT('Ctrl Pts',(0.568017553838846,0.267716535433071,0.740254888381979));
#9295=CARTESIAN_POINT('Origin',(0.889379497742498,0.574803149606299,0.105062701342689));
#9296=CARTESIAN_POINT('',(0.896933823724668,0.574803149606299,0.0899935610857638));
#9297=CARTESIAN_POINT('',(0.890951677532212,0.574803149606299,0.0893933444091765));
#9298=CARTESIAN_POINT('Origin',(0.895361643934954,0.574803149606299,0.105662918019276));
#9299=CARTESIAN_POINT('Origin',(0.895361643934954,0.295275590551181,0.105662918019276));
#9300=CARTESIAN_POINT('',(0.896933823724668,0.295275590551181,0.0899935610857638));
#9301=CARTESIAN_POINT('Ctrl Pts',(0.926730715554449,0.436875636158612,0.108588314704765));
#9302=CARTESIAN_POINT('Ctrl Pts',(0.924103643390716,0.43655891630199,0.131008668798378));
#9303=CARTESIAN_POINT('Ctrl Pts',(0.917223006911648,0.434107727135735,0.175659331490331));
#9304=CARTESIAN_POINT('Ctrl Pts',(0.907119489144043,0.426067592096796,0.219691785731663));
#9305=CARTESIAN_POINT('Ctrl Pts',(0.86969529065333,0.399141161408358,0.359487667241491));
#9306=CARTESIAN_POINT('Ctrl Pts',(0.814638296318577,0.37644509537377,0.471133773596147));
#9307=CARTESIAN_POINT('Ctrl Pts',(0.723731807028026,0.348656261315862,0.589550697419021));
#9308=CARTESIAN_POINT('Ctrl Pts',(0.688807545592817,0.339305521626811,0.631175040128715));
#9309=CARTESIAN_POINT('Ctrl Pts',(0.650385021212156,0.338568143430302,0.669595385044498));
#9310=CARTESIAN_POINT('Ctrl Pts',(0.614232992357408,0.338581871926417,0.702722359773021));
#9311=CARTESIAN_POINT('Ctrl Pts',(0.597571354150952,0.338582677165354,0.716944204532375));
#9312=CARTESIAN_POINT('Ctrl Pts',(0.580430400250646,0.338582677165354,0.730562654196994));
#9313=CARTESIAN_POINT('Ctrl Pts',(0.91630173929983,0.436875636158612,0.107366314681913));
#9314=CARTESIAN_POINT('Ctrl Pts',(0.913704300140548,0.43655891630199,0.129534393412263));
#9315=CARTESIAN_POINT('Ctrl Pts',(0.906900914298951,0.434107727135735,0.17368249580438));
#9316=CARTESIAN_POINT('Ctrl Pts',(0.896911315729434,0.426067592096796,0.217219530639276));
#9317=CARTESIAN_POINT('Ctrl Pts',(0.859907818006255,0.399141161408358,0.355442017443876));
#9318=CARTESIAN_POINT('Ctrl Pts',(0.805470458793086,0.37644509537377,0.46583169916037));
#9319=CARTESIAN_POINT('Ctrl Pts',(0.715587397457099,0.348656261315862,0.582916242617857));
#9320=CARTESIAN_POINT('Ctrl Pts',(0.681055934373733,0.339305521626811,0.624072046630121));
#9321=CARTESIAN_POINT('Ctrl Pts',(0.643065969475071,0.338568143430302,0.662060118155617));
#9322=CARTESIAN_POINT('Ctrl Pts',(0.607320681702283,0.338581871926417,0.694814248253031));
#9323=CARTESIAN_POINT('Ctrl Pts',(0.590846599124289,0.338582677165354,0.708876074415893));
#9324=CARTESIAN_POINT('Ctrl Pts',(0.573898519133432,0.338582677165354,0.722341257792135));
#9325=CARTESIAN_POINT('Ctrl Pts',(0.905872763045211,0.436875636158612,0.106144314659061));
#9326=CARTESIAN_POINT('Ctrl Pts',(0.903304749250114,0.43655891630199,0.128060020869936));
#9327=CARTESIAN_POINT('Ctrl Pts',(0.89657915613199,0.434107727135735,0.171705813408135));
#9328=CARTESIAN_POINT('Ctrl Pts',(0.886702819375185,0.426067592096796,0.214747127653023));
#9329=CARTESIAN_POINT('Ctrl Pts',(0.850121381241698,0.399141161408358,0.35139681951324));
#9330=CARTESIAN_POINT('Ctrl Pts',(0.796303505607579,0.37644509537377,0.460530117742268));
#9331=CARTESIAN_POINT('Ctrl Pts',(0.70744264046883,0.348656261315862,0.576281602717354));
#9332=CARTESIAN_POINT('Ctrl Pts',(0.673304642583271,0.339305521626811,0.616969223865654));
#9333=CARTESIAN_POINT('Ctrl Pts',(0.635746723865834,0.338568143430302,0.654524750606412));
#9334=CARTESIAN_POINT('Ctrl Pts',(0.600408465920866,0.338581871926417,0.686906185433086));
#9335=CARTESIAN_POINT('Ctrl Pts',(0.584121777977795,0.338582677165354,0.700807911639693));
#9336=CARTESIAN_POINT('Ctrl Pts',(0.567366638016217,0.338582677165354,0.714119861387276));
#9337=CARTESIAN_POINT('Ctrl Pts',(0.895443786790592,0.436875636158612,0.104922314636209));
#9338=CARTESIAN_POINT('Ctrl Pts',(0.892905405999946,0.43655891630199,0.12658574548382));
#9339=CARTESIAN_POINT('Ctrl Pts',(0.886257063519293,0.434107727135735,0.169728977722185));
#9340=CARTESIAN_POINT('Ctrl Pts',(0.876494645960577,0.426067592096796,0.212274872560636));
#9341=CARTESIAN_POINT('Ctrl Pts',(0.840333908594624,0.399141161408358,0.347351169715626));
#9342=CARTESIAN_POINT('Ctrl Pts',(0.787135668082088,0.37644509537377,0.455228043306491));
#9343=CARTESIAN_POINT('Ctrl Pts',(0.699298230897903,0.348656261315862,0.569647147916191));
#9344=CARTESIAN_POINT('Ctrl Pts',(0.665553031364187,0.339305521626811,0.60986623036706));
#9345=CARTESIAN_POINT('Ctrl Pts',(0.628427672128749,0.338568143430302,0.64698948371753));
#9346=CARTESIAN_POINT('Ctrl Pts',(0.593496155265741,0.338581871926417,0.678998073913095));
#9347=CARTESIAN_POINT('Ctrl Pts',(0.577397022951132,0.338582677165354,0.692739781523212));
#9348=CARTESIAN_POINT('Ctrl Pts',(0.560834756899002,0.338582677165354,0.705898464982417));
#9349=CARTESIAN_POINT('Ctrl Pts',(0.926730715554449,0.436875636158612,0.108588314704765));
#9350=CARTESIAN_POINT('Ctrl Pts',(0.924103643390716,0.43655891630199,0.131008668798378));
#9351=CARTESIAN_POINT('Ctrl Pts',(0.917223006911648,0.434107727135735,0.175659331490331));
#9352=CARTESIAN_POINT('Ctrl Pts',(0.907119489144043,0.426067592096796,0.219691785731663));
#9353=CARTESIAN_POINT('Ctrl Pts',(0.86969529065333,0.399141161408358,0.359487667241491));
#9354=CARTESIAN_POINT('Ctrl Pts',(0.814638296318577,0.37644509537377,0.471133773596147));
#9355=CARTESIAN_POINT('Ctrl Pts',(0.723731807028026,0.348656261315862,0.589550697419021));
#9356=CARTESIAN_POINT('Ctrl Pts',(0.688807545592817,0.339305521626811,0.631175040128715));
#9357=CARTESIAN_POINT('Ctrl Pts',(0.650385021212156,0.338568143430302,0.669595385044498));
#9358=CARTESIAN_POINT('Ctrl Pts',(0.614232992357408,0.338581871926417,0.702722359773021));
#9359=CARTESIAN_POINT('Ctrl Pts',(0.597571354150952,0.338582677165354,0.716944204532375));
#9360=CARTESIAN_POINT('Ctrl Pts',(0.580430400250646,0.338582677165354,0.730562654196994));
#9361=CARTESIAN_POINT('Origin',(0.904905362910331,0.513779527559055,0.0907933828559736));
#9362=CARTESIAN_POINT('',(0.928409398310599,0.350393700787402,0.0931516525405444));
#9363=CARTESIAN_POINT('Origin',(0.909448818897638,0.513779527559055,0.));
#9364=CARTESIAN_POINT('',(0.933070866141732,0.350393700787402,0.));
#9365=CARTESIAN_POINT('Origin',(0.,0.470472440944882,0.));
#9366=CARTESIAN_POINT('',(0.929520249794267,0.350393700787402,0.0813224843747834));
#9367=CARTESIAN_POINT('Origin',(1.45115765423446E-14,0.350393700787402,
3.07059714487863E-15));
#9368=CARTESIAN_POINT('',(0.928409398310599,0.350393700787402,0.0931516525405444));
#9369=CARTESIAN_POINT('Origin',(1.45115765423446E-14,0.350393700787402,
3.07059714487863E-15));
#9370=CARTESIAN_POINT('',(0.928409398310599,0.350393700787402,0.0931516525405444));
#9371=CARTESIAN_POINT('Ctrl Pts',(0.898139144850015,0.350393700787402,0.0785769934432441));
#9372=CARTESIAN_POINT('Ctrl Pts',(0.89585343276351,0.350393700787402,0.104702802141042));
#9373=CARTESIAN_POINT('Ctrl Pts',(0.88900224865796,0.349663904384072,0.156755615748002));
#9374=CARTESIAN_POINT('Ctrl Pts',(0.877637068505064,0.34031061779341,0.20801130548938));
#9375=CARTESIAN_POINT('Ctrl Pts',(0.840334800785192,0.312524006363492,0.347351588436301));
#9376=CARTESIAN_POINT('Ctrl Pts',(0.787136047804719,0.28983211235345,0.455228230659295));
#9377=CARTESIAN_POINT('Ctrl Pts',(0.69929830251147,0.26204162423992,0.569647182224227));
#9378=CARTESIAN_POINT('Ctrl Pts',(0.665553082785493,0.252690727614476,0.609866255253262));
#9379=CARTESIAN_POINT('Ctrl Pts',(0.628427697774991,0.251953666465177,0.646989496053219));
#9380=CARTESIAN_POINT('Ctrl Pts',(0.593496163255333,0.251967607085023,0.678998077751195));
#9381=CARTESIAN_POINT('Ctrl Pts',(0.577397022951132,0.251968503937008,0.692739781523212));
#9382=CARTESIAN_POINT('Ctrl Pts',(0.560834756899002,0.251968503937008,0.705898464982417));
#9383=CARTESIAN_POINT('Ctrl Pts',(0.908599513164765,0.350393700787402,0.0794921570870905));
#9384=CARTESIAN_POINT('Ctrl Pts',(0.906287102280104,0.350393700787402,0.105922208706877));
#9385=CARTESIAN_POINT('Ctrl Pts',(0.899356329294797,0.349663904384072,0.15858136129016));
#9386=CARTESIAN_POINT('Ctrl Pts',(0.887858532068921,0.34031061779341,0.210433896974203));
#9387=CARTESIAN_POINT('Ctrl Pts',(0.850122259696388,0.312524006363492,0.351397232101418));
#9388=CARTESIAN_POINT('Ctrl Pts',(0.796303893833106,0.28983211235345,0.460530308898908));
#9389=CARTESIAN_POINT('Ctrl Pts',(0.707442710150954,0.26204162423992,0.576281636160885));
#9390=CARTESIAN_POINT('Ctrl Pts',(0.673304696117386,0.252690727614476,0.616969249697576));
#9391=CARTESIAN_POINT('Ctrl Pts',(0.635746748478482,0.251953666465177,0.654524762479445));
#9392=CARTESIAN_POINT('Ctrl Pts',(0.600408474479614,0.251967607085023,0.686906189525951));
#9393=CARTESIAN_POINT('Ctrl Pts',(0.584121777590496,0.251968503937008,0.700807911466331));
#9394=CARTESIAN_POINT('Ctrl Pts',(0.567366638016217,0.251968503937008,0.714119861387276));
#9395=CARTESIAN_POINT('Ctrl Pts',(0.919059881479516,0.350393700787402,0.080407320730937));
#9396=CARTESIAN_POINT('Ctrl Pts',(0.91672100509727,0.350393700787402,0.107141725847066));
#9397=CARTESIAN_POINT('Ctrl Pts',(0.909710028558856,0.349663904384072,0.160406932926687));
#9398=CARTESIAN_POINT('Ctrl Pts',(0.898080364525116,0.34031061779341,0.212856657557159));
#9399=CARTESIAN_POINT('Ctrl Pts',(0.859908755105962,0.312524006363493,0.355442456927206));
#9400=CARTESIAN_POINT('Ctrl Pts',(0.805470843280381,0.28983211235345,0.465831889255472));
#9401=CARTESIAN_POINT('Ctrl Pts',(0.715587473504297,0.26204162423992,0.582916278989127));
#9402=CARTESIAN_POINT('Ctrl Pts',(0.681055985478899,0.252690727614476,0.62407207144013));
#9403=CARTESIAN_POINT('Ctrl Pts',(0.64306599705099,0.251953666465177,0.662060131384973));
#9404=CARTESIAN_POINT('Ctrl Pts',(0.607320689401876,0.251967607085023,0.69481425197047));
#9405=CARTESIAN_POINT('Ctrl Pts',(0.590846599511588,0.251968503937008,0.708876074589256));
#9406=CARTESIAN_POINT('Ctrl Pts',(0.573898519133432,0.251968503937008,0.722341257792135));
#9407=CARTESIAN_POINT('Ctrl Pts',(0.929520249794267,0.350393700787402,0.0813224843747834));
#9408=CARTESIAN_POINT('Ctrl Pts',(0.927154674613864,0.350393700787402,0.1083611324129));
#9409=CARTESIAN_POINT('Ctrl Pts',(0.920064109195694,0.349663904384072,0.162232678468846));
#9410=CARTESIAN_POINT('Ctrl Pts',(0.908301828088973,0.34031061779341,0.215279249041982));
#9411=CARTESIAN_POINT('Ctrl Pts',(0.869696214017159,0.312524006363493,0.359488100592324));
#9412=CARTESIAN_POINT('Ctrl Pts',(0.814638689308768,0.28983211235345,0.471133967495085));
#9413=CARTESIAN_POINT('Ctrl Pts',(0.723731881143781,0.26204162423992,0.589550732925784));
#9414=CARTESIAN_POINT('Ctrl Pts',(0.688807598810791,0.252690727614476,0.631175065884443));
#9415=CARTESIAN_POINT('Ctrl Pts',(0.65038504775448,0.251953666465177,0.669595397811198));
#9416=CARTESIAN_POINT('Ctrl Pts',(0.614233000626157,0.251967607085023,0.702722363745226));
#9417=CARTESIAN_POINT('Ctrl Pts',(0.597571354150952,0.251968503937008,0.716944204532375));
#9418=CARTESIAN_POINT('Ctrl Pts',(0.580430400250646,0.251968503937008,0.730562654196994));
#9419=CARTESIAN_POINT('Ctrl Pts',(0.929520249794267,0.350393700787402,0.0813224843747834));
#9420=CARTESIAN_POINT('Ctrl Pts',(0.927154674613864,0.350393700787402,0.1083611324129));
#9421=CARTESIAN_POINT('Ctrl Pts',(0.920064109195694,0.349663904384072,0.162232678468846));
#9422=CARTESIAN_POINT('Ctrl Pts',(0.908301828088973,0.34031061779341,0.215279249041982));
#9423=CARTESIAN_POINT('Ctrl Pts',(0.869696214017159,0.312524006363493,0.359488100592324));
#9424=CARTESIAN_POINT('Ctrl Pts',(0.814638689308768,0.28983211235345,0.471133967495085));
#9425=CARTESIAN_POINT('Ctrl Pts',(0.723731881143781,0.26204162423992,0.589550732925784));
#9426=CARTESIAN_POINT('Ctrl Pts',(0.688807598810791,0.252690727614476,0.631175065884443));
#9427=CARTESIAN_POINT('Ctrl Pts',(0.65038504775448,0.251953666465177,0.669595397811198));
#9428=CARTESIAN_POINT('Ctrl Pts',(0.614233000626157,0.251967607085023,0.702722363745226));
#9429=CARTESIAN_POINT('Ctrl Pts',(0.597571354150952,0.251968503937008,0.716944204532375));
#9430=CARTESIAN_POINT('Ctrl Pts',(0.580430400250646,0.251968503937008,0.730562654196994));
#9431=CARTESIAN_POINT('Ctrl Pts',(0.898144038830747,0.350393700787402,0.0785774216110776));
#9432=CARTESIAN_POINT('Ctrl Pts',(0.908602775818587,0.350393700787402,0.0794924425323129));
#9433=CARTESIAN_POINT('Ctrl Pts',(0.919061512806427,0.350393700787402,0.0804074634535481));
#9434=CARTESIAN_POINT('Ctrl Pts',(0.929520249794267,0.350393700787402,0.0813224843747834));
#9435=CARTESIAN_POINT('Ctrl Pts',(0.929520249794267,0.350393700787402,0.0813224843747834));
#9436=CARTESIAN_POINT('Ctrl Pts',(0.927154674613864,0.350393700787402,0.1083611324129));
#9437=CARTESIAN_POINT('Ctrl Pts',(0.920064087139378,0.349663053490686,0.162232668184425));
#9438=CARTESIAN_POINT('Ctrl Pts',(0.908301805432127,0.340310050892069,0.215279238304452));
#9439=CARTESIAN_POINT('Ctrl Pts',(0.86969591484061,0.31252346002123,0.359487956647397));
#9440=CARTESIAN_POINT('Ctrl Pts',(0.814638422018337,0.289831301536237,0.471133833013567));
#9441=CARTESIAN_POINT('Ctrl Pts',(0.723731923008273,0.262040401415531,0.589550753134087));
#9442=CARTESIAN_POINT('Ctrl Pts',(0.68880764676727,0.252689784661491,0.631175092184784));
#9443=CARTESIAN_POINT('Ctrl Pts',(0.650385128012324,0.251951572870161,0.669595434026578));
#9444=CARTESIAN_POINT('Ctrl Pts',(0.610362694936783,0.251966678811799,0.706269007014952));
#9445=CARTESIAN_POINT('Ctrl Pts',(0.589550695682593,0.251968503937008,0.723731927509292));
#9446=CARTESIAN_POINT('Ctrl Pts',(0.568017553838846,0.251968503937008,0.740254888381979));
#9447=CARTESIAN_POINT('Ctrl Pts',(0.929520249794267,0.384473627418848,0.0813224843747834));
#9448=CARTESIAN_POINT('Ctrl Pts',(0.927154674613864,0.384473627418848,0.1083611324129));
#9449=CARTESIAN_POINT('Ctrl Pts',(0.920064087139378,0.383742980122133,0.162232668184425));
#9450=CARTESIAN_POINT('Ctrl Pts',(0.908301805432127,0.374389977523516,0.215279238304452));
#9451=CARTESIAN_POINT('Ctrl Pts',(0.86969591484061,0.346603386652676,0.359487956647397));
#9452=CARTESIAN_POINT('Ctrl Pts',(0.814638422018337,0.323911228167683,0.471133833013567));
#9453=CARTESIAN_POINT('Ctrl Pts',(0.723731923008273,0.296120328046978,0.589550753134087));
#9454=CARTESIAN_POINT('Ctrl Pts',(0.68880764676727,0.286769711292938,0.631175092184784));
#9455=CARTESIAN_POINT('Ctrl Pts',(0.650385128012324,0.286031499501607,0.669595434026578));
#9456=CARTESIAN_POINT('Ctrl Pts',(0.610362694936783,0.286046605443246,0.706269007014952));
#9457=CARTESIAN_POINT('Ctrl Pts',(0.589550695682593,0.286048430568455,0.723731927509292));
#9458=CARTESIAN_POINT('Ctrl Pts',(0.568017553838846,0.286048430568455,0.740254888381979));
#9459=CARTESIAN_POINT('Ctrl Pts',(0.929520249794267,0.418553554050295,0.0813224843747834));
#9460=CARTESIAN_POINT('Ctrl Pts',(0.927154674613864,0.418553554050295,0.1083611324129));
#9461=CARTESIAN_POINT('Ctrl Pts',(0.920064087139378,0.41782290675358,0.162232668184425));
#9462=CARTESIAN_POINT('Ctrl Pts',(0.908301805432127,0.408469904154963,0.215279238304452));
#9463=CARTESIAN_POINT('Ctrl Pts',(0.86969591484061,0.380683313284123,0.359487956647397));
#9464=CARTESIAN_POINT('Ctrl Pts',(0.814638422018337,0.35799115479913,0.471133833013567));
#9465=CARTESIAN_POINT('Ctrl Pts',(0.723731923008273,0.330200254678425,0.589550753134087));
#9466=CARTESIAN_POINT('Ctrl Pts',(0.68880764676727,0.320849637924385,0.631175092184784));
#9467=CARTESIAN_POINT('Ctrl Pts',(0.650385128012324,0.320111426133054,0.669595434026578));
#9468=CARTESIAN_POINT('Ctrl Pts',(0.610362694936783,0.320126532074692,0.706269007014952));
#9469=CARTESIAN_POINT('Ctrl Pts',(0.589550695682593,0.320128357199902,0.723731927509292));
#9470=CARTESIAN_POINT('Ctrl Pts',(0.568017553838846,0.320128357199902,0.740254888381979));
#9471=CARTESIAN_POINT('Ctrl Pts',(0.929520249794267,0.452633480681742,0.0813224843747834));
#9472=CARTESIAN_POINT('Ctrl Pts',(0.927154674613864,0.452633480681742,0.1083611324129));
#9473=CARTESIAN_POINT('Ctrl Pts',(0.920064087139378,0.451902833385027,0.162232668184425));
#9474=CARTESIAN_POINT('Ctrl Pts',(0.908301805432127,0.442549830786409,0.215279238304452));
#9475=CARTESIAN_POINT('Ctrl Pts',(0.86969591484061,0.41476323991557,0.359487956647397));
#9476=CARTESIAN_POINT('Ctrl Pts',(0.814638422018337,0.392071081430577,0.471133833013567));
#9477=CARTESIAN_POINT('Ctrl Pts',(0.723731923008273,0.364280181309871,0.589550753134087));
#9478=CARTESIAN_POINT('Ctrl Pts',(0.68880764676727,0.354929564555832,0.631175092184784));
#9479=CARTESIAN_POINT('Ctrl Pts',(0.650385128012324,0.354191352764501,0.669595434026578));
#9480=CARTESIAN_POINT('Ctrl Pts',(0.610362694936783,0.354206458706139,0.706269007014952));
#9481=CARTESIAN_POINT('Ctrl Pts',(0.589550695682593,0.354208283831348,0.723731927509292));
#9482=CARTESIAN_POINT('Ctrl Pts',(0.568017553838846,0.354208283831348,0.740254888381979));
#9483=CARTESIAN_POINT('Ctrl Pts',(0.568017553838846,0.267716535433071,0.740254888381979));
#9484=CARTESIAN_POINT('Ctrl Pts',(0.568017553838846,0.286089238845144,0.740254888381979));
#9485=CARTESIAN_POINT('Ctrl Pts',(0.568017553838846,0.304461942257218,0.740254888381979));
#9486=CARTESIAN_POINT('Ctrl Pts',(0.568017553838846,0.322834645669291,0.740254888381979));
#9487=CARTESIAN_POINT('Origin',(0.553637362602419,0.295275590551181,0.72151425829636));
#9488=CARTESIAN_POINT('Origin',(0.885826771653543,0.350393700787402,0.));
#9489=CARTESIAN_POINT('Origin',(0.,0.,0.));
#9490=CARTESIAN_POINT('',(1.18110236220472,0.,1.44643322733939E-16));
#9491=UNCERTAINTY_MEASURE_WITH_UNIT(LENGTH_MEASURE(0.000393700787401575),
#9497,'DISTANCE_ACCURACY_VALUE',
'Maximum model space distance between geometric entities at asserted c
onnectivities');
#9492=UNCERTAINTY_MEASURE_WITH_UNIT(LENGTH_MEASURE(0.000393700787401575),
#9497,'DISTANCE_ACCURACY_VALUE',
'Maximum model space distance between geometric entities at asserted c
onnectivities');
#9493=(
GEOMETRIC_REPRESENTATION_CONTEXT(3)
GLOBAL_UNCERTAINTY_ASSIGNED_CONTEXT((#9491))
GLOBAL_UNIT_ASSIGNED_CONTEXT((#9497,#9501,#9502))
REPRESENTATION_CONTEXT('','3D')
);
#9494=(
GEOMETRIC_REPRESENTATION_CONTEXT(3)
GLOBAL_UNCERTAINTY_ASSIGNED_CONTEXT((#9492))
GLOBAL_UNIT_ASSIGNED_CONTEXT((#9497,#9501,#9502))
REPRESENTATION_CONTEXT('','3D')
);
#9495=DIMENSIONAL_EXPONENTS(1.,0.,0.,0.,0.,0.,0.);
#9496=DIMENSIONAL_EXPONENTS(0.,1.,0.,0.,0.,0.,0.);
#9497=(
CONVERSION_BASED_UNIT('inch',#9500)
LENGTH_UNIT()
NAMED_UNIT(#9495)
);
#9498=(
LENGTH_UNIT()
NAMED_UNIT(*)
SI_UNIT(.MILLI.,.METRE.)
);
#9499=(
LENGTH_UNIT()
NAMED_UNIT(*)
SI_UNIT(.CENTI.,.METRE.)
);
#9500=LENGTH_MEASURE_WITH_UNIT(LENGTH_MEASURE(25.4),#9498);
#9501=(
NAMED_UNIT(*)
PLANE_ANGLE_UNIT()
SI_UNIT($,.RADIAN.)
);
#9502=(
NAMED_UNIT(*)
SI_UNIT($,.STERADIAN.)
SOLID_ANGLE_UNIT()
);
#9503=SHAPE_DEFINITION_REPRESENTATION(#9504,#9505);
#9504=PRODUCT_DEFINITION_SHAPE('',$,#9507);
#9505=SHAPE_REPRESENTATION('',(#4024),#9493);
#9506=PRODUCT_DEFINITION_CONTEXT('part definition',#9511,'design');
#9507=PRODUCT_DEFINITION('Tapered Vac Fitting','Vac Collar',#9508,#9506);
#9508=PRODUCT_DEFINITION_FORMATION('',$,#9513);
#9509=PRODUCT_RELATED_PRODUCT_CATEGORY('Vac Collar','Vac Collar',(#9513));
#9510=APPLICATION_PROTOCOL_DEFINITION('international standard',
'automotive_design',2009,#9511);
#9511=APPLICATION_CONTEXT(
'Core Data for Automotive Mechanical Design Process');
#9512=PRODUCT_CONTEXT('part definition',#9511,'mechanical');
#9513=PRODUCT('Tapered Vac Fitting','Vac Collar',$,(#9512));
#9514=PRESENTATION_STYLE_ASSIGNMENT((#9515));
#9515=SURFACE_STYLE_USAGE(.BOTH.,#9518);
#9516=SURFACE_STYLE_RENDERING_WITH_PROPERTIES($,#9522,(#9517));
#9517=SURFACE_STYLE_TRANSPARENT(0.);
#9518=SURFACE_SIDE_STYLE('',(#9519,#9516));
#9519=SURFACE_STYLE_FILL_AREA(#9520);
#9520=FILL_AREA_STYLE('',(#9521));
#9521=FILL_AREA_STYLE_COLOUR('',#9522);
#9522=COLOUR_RGB('',0.0196078431372549,0.0196078431372549,0.0196078431372549);
ENDSEC;
END-ISO-10303-21;
