ISO-10303-21;
HEADER;
/* Generated by software containing ST-Developer
 * from STEP Tools, Inc. (www.steptools.com) 
 */

FILE_DESCRIPTION(
/* description */ (''),
/* implementation_level */ '2;1');

FILE_NAME(
/* name */ 'Wide Vacuum Nozzle.stp',
/* time_stamp */ '2026-07-20T21:04:48-04:00',
/* author */ ('JoshuaEah'),
/* organization */ (''),
/* preprocessor_version */ 'ST-DEVELOPER v20.1',
/* originating_system */ 'Autodesk Inventor 2026',
/* authorisation */ '');

FILE_SCHEMA (('AUTOMOTIVE_DESIGN { 1 0 10303 214 3 1 1 }'));
ENDSEC;

DATA;
#10=MECHANICAL_DESIGN_GEOMETRIC_PRESENTATION_REPRESENTATION('',(#13),#2234);
#11=SHAPE_REPRESENTATION_RELATIONSHIP('SRR','None',#2245,#12);
#12=ADVANCED_BREP_SHAPE_REPRESENTATION('',(#14),#2233);
#13=STYLED_ITEM('',(#2254),#14);
#14=MANIFOLD_SOLID_BREP('Solid2',#605);
#15=CONICAL_SURFACE('',#667,0.0551181102362203,0.785398163397442);
#16=CONICAL_SURFACE('',#673,0.0551181102362203,0.785398163397445);
#17=CONICAL_SURFACE('',#679,0.0551181102362203,0.785398163397446);
#18=CYLINDRICAL_SURFACE('',#653,0.787401574803149);
#19=CYLINDRICAL_SURFACE('',#662,0.883858267716535);
#20=CYLINDRICAL_SURFACE('',#671,0.059055118110236);
#21=CYLINDRICAL_SURFACE('',#677,0.059055118110236);
#22=CYLINDRICAL_SURFACE('',#683,0.059055118110236);
#23=TOROIDAL_SURFACE('',#646,0.803149606299212,0.015748031496063);
#24=TOROIDAL_SURFACE('',#658,0.868110236220472,0.015748031496063);
#25=FACE_BOUND('',#117,.T.);
#26=FACE_BOUND('',#126,.T.);
#27=FACE_BOUND('',#130,.T.);
#28=FACE_BOUND('',#131,.T.);
#29=PLANE('',#636);
#30=PLANE('',#651);
#31=PLANE('',#672);
#32=PLANE('',#678);
#33=PLANE('',#684);
#34=LINE('',#1112,#55);
#35=LINE('',#1117,#56);
#36=LINE('',#1175,#57);
#37=LINE('',#1445,#58);
#38=LINE('',#1454,#59);
#39=LINE('',#1496,#60);
#40=LINE('',#1510,#61);
#41=LINE('',#1526,#62);
#42=LINE('',#1543,#63);
#43=LINE('',#1629,#64);
#44=LINE('',#1663,#65);
#45=LINE('',#1773,#66);
#46=LINE('',#1780,#67);
#47=LINE('',#1818,#68);
#48=LINE('',#1819,#69);
#49=LINE('',#1933,#70);
#50=LINE('',#1940,#71);
#51=LINE('',#1970,#72);
#52=LINE('',#2056,#73);
#53=LINE('',#2113,#74);
#54=LINE('',#2190,#75);
#55=VECTOR('',#695,4.00000125440128);
#56=VECTOR('',#700,4.00000125440128);
#57=VECTOR('',#701,4.00000125440128);
#58=VECTOR('',#718,4.00029270336494);
#59=VECTOR('',#727,4.00029270336494);
#60=VECTOR('',#728,4.00029270336494);
#61=VECTOR('',#747,0.787401574803149);
#62=VECTOR('',#766,0.883858267716535);
#63=VECTOR('',#767,0.883858267716535);
#64=VECTOR('',#782,0.0551181102362203);
#65=VECTOR('',#787,0.0590551181102361);
#66=VECTOR('',#790,0.393700787401575);
#67=VECTOR('',#797,0.0551181102362203);
#68=VECTOR('',#802,0.0590551181102361);
#69=VECTOR('',#803,0.0590551181102361);
#70=VECTOR('',#806,0.393700787401575);
#71=VECTOR('',#813,0.0551181102362203);
#72=VECTOR('',#818,0.059055118110236);
#73=VECTOR('',#821,0.393700787401575);
#74=VECTOR('',#822,4.00000125440128);
#75=VECTOR('',#823,4.00029270336494);
#76=FACE_OUTER_BOUND('',#110,.T.);
#77=FACE_OUTER_BOUND('',#111,.T.);
#78=FACE_OUTER_BOUND('',#112,.T.);
#79=FACE_OUTER_BOUND('',#113,.T.);
#80=FACE_OUTER_BOUND('',#114,.T.);
#81=FACE_OUTER_BOUND('',#115,.T.);
#82=FACE_OUTER_BOUND('',#116,.T.);
#83=FACE_OUTER_BOUND('',#118,.T.);
#84=FACE_OUTER_BOUND('',#119,.T.);
#85=FACE_OUTER_BOUND('',#120,.T.);
#86=FACE_OUTER_BOUND('',#121,.T.);
#87=FACE_OUTER_BOUND('',#122,.T.);
#88=FACE_OUTER_BOUND('',#123,.T.);
#89=FACE_OUTER_BOUND('',#124,.T.);
#90=FACE_OUTER_BOUND('',#125,.T.);
#91=FACE_OUTER_BOUND('',#127,.T.);
#92=FACE_OUTER_BOUND('',#128,.T.);
#93=FACE_OUTER_BOUND('',#129,.T.);
#94=FACE_OUTER_BOUND('',#132,.T.);
#95=FACE_OUTER_BOUND('',#133,.T.);
#96=FACE_OUTER_BOUND('',#134,.T.);
#97=FACE_OUTER_BOUND('',#135,.T.);
#98=FACE_OUTER_BOUND('',#136,.T.);
#99=FACE_OUTER_BOUND('',#137,.T.);
#100=FACE_OUTER_BOUND('',#138,.T.);
#101=FACE_OUTER_BOUND('',#139,.T.);
#102=FACE_OUTER_BOUND('',#140,.T.);
#103=FACE_OUTER_BOUND('',#141,.T.);
#104=FACE_OUTER_BOUND('',#142,.T.);
#105=FACE_OUTER_BOUND('',#143,.T.);
#106=FACE_OUTER_BOUND('',#144,.T.);
#107=FACE_OUTER_BOUND('',#145,.T.);
#108=FACE_OUTER_BOUND('',#146,.T.);
#109=FACE_OUTER_BOUND('',#147,.T.);
#110=EDGE_LOOP('',(#370,#371,#372,#373));
#111=EDGE_LOOP('',(#374,#375,#376,#377));
#112=EDGE_LOOP('',(#378,#379,#380,#381));
#113=EDGE_LOOP('',(#382,#383,#384,#385));
#114=EDGE_LOOP('',(#386,#387,#388,#389,#390));
#115=EDGE_LOOP('',(#391,#392,#393,#394,#395,#396));
#116=EDGE_LOOP('',(#397,#398,#399,#400));
#117=EDGE_LOOP('',(#401,#402,#403,#404));
#118=EDGE_LOOP('',(#405,#406,#407,#408));
#119=EDGE_LOOP('',(#409,#410,#411,#412));
#120=EDGE_LOOP('',(#413,#414,#415,#416));
#121=EDGE_LOOP('',(#417,#418,#419,#420));
#122=EDGE_LOOP('',(#421,#422,#423,#424,#425,#426,#427));
#123=EDGE_LOOP('',(#428,#429,#430,#431));
#124=EDGE_LOOP('',(#432,#433,#434,#435,#436));
#125=EDGE_LOOP('',(#437));
#126=EDGE_LOOP('',(#438));
#127=EDGE_LOOP('',(#439,#440,#441,#442,#443,#444,#445,#446,#447,#448,#449,
#450,#451));
#128=EDGE_LOOP('',(#452,#453,#454,#455,#456));
#129=EDGE_LOOP('',(#457,#458,#459,#460,#461,#462,#463,#464,#465,#466,#467,
#468,#469,#470,#471,#472,#473,#474));
#130=EDGE_LOOP('',(#475));
#131=EDGE_LOOP('',(#476));
#132=EDGE_LOOP('',(#477,#478,#479,#480,#481));
#133=EDGE_LOOP('',(#482,#483,#484,#485,#486,#487));
#134=EDGE_LOOP('',(#488));
#135=EDGE_LOOP('',(#489,#490,#491,#492,#493));
#136=EDGE_LOOP('',(#494,#495,#496,#497,#498));
#137=EDGE_LOOP('',(#499,#500,#501,#502,#503,#504,#505,#506));
#138=EDGE_LOOP('',(#507));
#139=EDGE_LOOP('',(#508,#509,#510,#511,#512));
#140=EDGE_LOOP('',(#513,#514,#515,#516,#517));
#141=EDGE_LOOP('',(#518,#519,#520,#521,#522,#523));
#142=EDGE_LOOP('',(#524));
#143=EDGE_LOOP('',(#525,#526,#527,#528,#529,#530,#531));
#144=EDGE_LOOP('',(#532,#533,#534,#535,#536,#537));
#145=EDGE_LOOP('',(#538,#539,#540,#541));
#146=EDGE_LOOP('',(#542,#543,#544,#545));
#147=EDGE_LOOP('',(#546,#547,#548,#549,#550,#551));
#148=B_SPLINE_CURVE_WITH_KNOTS('',3,(#864,#865,#866,#867,#868,#869,#870),
 .UNSPECIFIED.,.F.,.F.,(4,1,1,1,4),(-3.81015382286842,-2.72153844490601,
-1.63292306694361,-0.816461533471804,0.),.UNSPECIFIED.);
#149=B_SPLINE_CURVE_WITH_KNOTS('',3,(#873,#874,#875,#876,#877,#878,#879),
 .UNSPECIFIED.,.F.,.F.,(4,1,1,1,4),(0.,0.816461533471804,1.63292306694361,
2.72153844490601,3.81015382286842),.UNSPECIFIED.);
#150=B_SPLINE_CURVE_WITH_KNOTS('',3,(#933,#934,#935,#936,#937,#938,#939,
#940,#941,#942),.UNSPECIFIED.,.F.,.F.,(4,1,1,1,1,1,1,4),(-2.1163734392108,
-1.8140343764664,-1.511695313722,-1.2093562509776,-0.907017188233199,-0.604678125488799,
-0.3023390627444,-3.38937552341282E-16),.UNSPECIFIED.);
#151=B_SPLINE_CURVE_WITH_KNOTS('',3,(#943,#944,#945,#946,#947,#948,#949,
#950,#951,#952),.UNSPECIFIED.,.F.,.F.,(4,1,1,1,1,1,1,4),(3.38937552341282E-16,
0.3023390627444,0.604678125488799,0.907017188233199,1.2093562509776,1.511695313722,
1.8140343764664,2.1163734392108),.UNSPECIFIED.);
#152=B_SPLINE_CURVE_WITH_KNOTS('',3,(#991,#992,#993,#994,#995,#996,#997),
 .UNSPECIFIED.,.F.,.F.,(4,1,1,1,4),(-3.81015382286842,-2.72153844490601,
-1.63292306694361,-0.816461533471804,0.),.UNSPECIFIED.);
#153=B_SPLINE_CURVE_WITH_KNOTS('',3,(#998,#999,#1000,#1001,#1002,#1003,
#1004),.UNSPECIFIED.,.F.,.F.,(4,1,1,1,4),(0.,0.816461533471804,1.63292306694361,
2.72153844490601,3.81015382286842),.UNSPECIFIED.);
#154=B_SPLINE_CURVE_WITH_KNOTS('',3,(#1055,#1056,#1057,#1058,#1059,#1060,
#1061,#1062,#1063,#1064),.UNSPECIFIED.,.F.,.F.,(4,1,1,1,1,1,1,4),(-2.1163734392108,
-1.8140343764664,-1.511695313722,-1.2093562509776,-0.907017188233199,-0.604678125488799,
-0.3023390627444,-2.1810862619098E-16),.UNSPECIFIED.);
#155=B_SPLINE_CURVE_WITH_KNOTS('',3,(#1065,#1066,#1067,#1068,#1069,#1070,
#1071,#1072,#1073,#1074),.UNSPECIFIED.,.F.,.F.,(4,1,1,1,1,1,1,4),(2.1810862619098E-16,
0.3023390627444,0.604678125488799,0.907017188233199,1.2093562509776,1.511695313722,
1.8140343764664,2.1163734392108),.UNSPECIFIED.);
#156=B_SPLINE_CURVE_WITH_KNOTS('',3,(#1184,#1185,#1186,#1187,#1188),
 .UNSPECIFIED.,.F.,.F.,(4,1,4),(0.,1.63314894461747,3.8106808707741),
 .UNSPECIFIED.);
#157=B_SPLINE_CURVE_WITH_KNOTS('',3,(#1190,#1191,#1192,#1193,#1194,#1195,
#1196,#1197,#1198,#1199),.UNSPECIFIED.,.F.,.F.,(4,1,1,1,1,1,1,4),(5.40240366908881E-16,
0.400949830768088,0.801899661536176,1.20284949230426,1.60379932307235,2.00474915384044,
2.40569898460853,2.80664881537661),.UNSPECIFIED.);
#158=B_SPLINE_CURVE_WITH_KNOTS('',3,(#1201,#1202,#1203,#1204,#1205),
 .UNSPECIFIED.,.F.,.F.,(4,1,4),(0.,1.63314894461747,3.8106808707741),
 .UNSPECIFIED.);
#159=B_SPLINE_CURVE_WITH_KNOTS('',3,(#1206,#1207,#1208,#1209,#1210,#1211,
#1212,#1213,#1214,#1215),.UNSPECIFIED.,.F.,.F.,(4,1,1,1,1,1,1,4),(0.,0.400949830768088,
0.801899661536175,1.20284949230426,1.60379932307235,2.00474915384044,2.40569898460853,
2.80664881537661),.UNSPECIFIED.);
#160=B_SPLINE_CURVE_WITH_KNOTS('',3,(#1244,#1245,#1246,#1247,#1248),
 .UNSPECIFIED.,.F.,.F.,(4,1,4),(-3.8106808707741,-1.63314894461747,0.),
 .UNSPECIFIED.);
#161=B_SPLINE_CURVE_WITH_KNOTS('',3,(#1302,#1303,#1304,#1305,#1306,#1307,
#1308,#1309,#1310,#1311),.UNSPECIFIED.,.F.,.F.,(4,1,1,1,1,1,1,4),(-2.80664881537661,
-2.40569898460853,-2.00474915384044,-1.60379932307235,-1.20284949230426,
-0.801899661536175,-0.400949830768088,0.),.UNSPECIFIED.);
#162=B_SPLINE_CURVE_WITH_KNOTS('',3,(#1339,#1340,#1341,#1342,#1343),
 .UNSPECIFIED.,.F.,.F.,(4,1,4),(-3.8106808707741,-1.63314894461747,0.),
 .UNSPECIFIED.);
#163=B_SPLINE_CURVE_WITH_KNOTS('',3,(#1394,#1395,#1396,#1397,#1398,#1399,
#1400,#1401,#1402,#1403),.UNSPECIFIED.,.F.,.F.,(4,1,1,1,1,1,1,4),(-2.80664881537661,
-2.40569898460853,-2.00474915384044,-1.60379932307235,-1.20284949230426,
-0.801899661536176,-0.400949830768088,-5.40240366908881E-16),
 .UNSPECIFIED.);
#164=B_SPLINE_CURVE_WITH_KNOTS('',3,(#1528,#1529,#1530,#1531,#1532,#1533,
#1534,#1535,#1536,#1537,#1538,#1539,#1540,#1541,#1542),.UNSPECIFIED.,.F.,
 .F.,(4,1,1,1,1,1,1,1,1,1,1,1,4),(-0.678252826433702,-0.645955072794002,
-0.581359565514602,-0.549061811874902,-0.532912935055052,-0.524838496645127,
-0.516764058235202,-0.419870797316102,-0.387573043676401,-0.322977536397001,
-0.290679782757301,-0.258382029117601,-0.226084275477902),.UNSPECIFIED.);
#165=B_SPLINE_CURVE_WITH_KNOTS('',3,(#1552,#1553,#1554,#1555,#1556,#1557,
#1558),.UNSPECIFIED.,.F.,.F.,(4,1,1,1,4),(-0.904337101911604,-0.839741594632203,
-0.775146087352803,-0.694401703253553,-0.678252826433702),.UNSPECIFIED.);
#166=B_SPLINE_CURVE_WITH_KNOTS('',3,(#1559,#1560,#1561,#1562,#1563,#1564,
#1565),.UNSPECIFIED.,.F.,.F.,(4,1,1,1,4),(-0.226084275477902,-0.193786521838201,
-0.1291910145588,-0.0645955072794002,0.),.UNSPECIFIED.);
#167=B_SPLINE_CURVE_WITH_KNOTS('',3,(#1567,#1568,#1569,#1570,#1571,#1572,
#1573,#1574,#1575,#1576,#1577,#1578,#1579,#1580,#1581,#1582,#1583,#1584,
#1585,#1586,#1587,#1588,#1589,#1590,#1591,#1592,#1593),.UNSPECIFIED.,.T.,
 .F.,(4,2,2,2,1,2,1,1,1,1,1,1,1,1,2,1,1,1,1,4),(-0.904337101911604,-0.847816013970659,
-0.734773876231709,-0.678252826433703,-0.621731776635698,-0.565210726837692,
-0.522819920417718,-0.501624517207731,-0.480429113997745,-0.438038307577771,
-0.395647501157797,-0.353256694737823,-0.310865888317849,-0.247279678687888,
-0.226084275477901,-0.141302672173688,-0.127172404956319,-0.11304213773895,
-0.0565210688694752,0.),.UNSPECIFIED.);
#168=B_SPLINE_CURVE_WITH_KNOTS('',3,(#1595,#1596,#1597,#1598,#1599,#1600,
#1601,#1602,#1603,#1604,#1605,#1606,#1607,#1608,#1609,#1610,#1611,#1612,
#1613,#1614,#1615,#1616,#1617,#1618,#1619,#1620,#1621,#1622),
 .UNSPECIFIED.,.T.,.F.,(4,1,1,1,1,1,1,2,1,1,1,1,1,1,1,1,2,1,1,1,1,1,1,4),
(-0.904337101911604,-0.847816036856423,-0.791294971801242,-0.784229838669344,
-0.770099572405549,-0.748904173009856,-0.70651337421847,-0.621731776635698,
-0.587819131499719,-0.579340970215724,-0.51999384122776,-0.486081196091781,
-0.418255905819823,-0.384343260683844,-0.350430615547865,-0.316517970411886,
-0.282605325275906,-0.197823727693135,-0.155432928901749,-0.134237529506056,
-0.12010726324226,-0.113042130110363,-0.0565210650551813,0.),
 .UNSPECIFIED.);
#169=B_SPLINE_CURVE_WITH_KNOTS('',3,(#1634,#1635,#1636,#1637,#1638,#1639,
#1640,#1641),.UNSPECIFIED.,.F.,.F.,(4,1,1,1,1,4),(0.,0.0565210688694752,
0.11304213773895,0.127172404956319,0.141302672173688,0.226084275477901),
 .UNSPECIFIED.);
#170=B_SPLINE_CURVE_WITH_KNOTS('',3,(#1642,#1643,#1644,#1645,#1646,#1647,
#1648,#1649,#1650,#1651,#1652,#1653,#1654,#1655,#1656,#1657,#1658,#1659,
#1660,#1661,#1662),.UNSPECIFIED.,.F.,.F.,(4,1,1,1,1,1,1,1,1,2,1,2,2,2,4),
(0.226084275477901,0.247279678687888,0.310865888317849,0.353256694737823,
0.395647501157797,0.438038307577771,0.480429113997745,0.501624517207731,
0.522819920417718,0.565210726837692,0.621731776635698,0.678252826433703,
0.734773876231709,0.847816013970659,0.904337101911604),.UNSPECIFIED.);
#171=B_SPLINE_CURVE_WITH_KNOTS('',3,(#1785,#1786,#1787,#1788,#1789,#1790,
#1791,#1792,#1793,#1794),.UNSPECIFIED.,.F.,.F.,(4,1,1,1,1,1,1,4),(0.,0.0565210650551813,
0.113042130110363,0.12010726324226,0.134237529506056,0.155432928901749,
0.197823727693135,0.226084275477901),.UNSPECIFIED.);
#172=B_SPLINE_CURVE_WITH_KNOTS('',3,(#1795,#1796,#1797,#1798,#1799,#1800,
#1801,#1802,#1803,#1804,#1805,#1806,#1807,#1808,#1809,#1810,#1811,#1812,
#1813,#1814,#1815,#1816),.UNSPECIFIED.,.F.,.F.,(4,2,1,1,1,1,1,1,1,1,2,1,
1,1,1,1,1,4),(0.226084275477901,0.282605325275906,0.316517970411886,0.350430615547865,
0.384343260683844,0.418255905819823,0.486081196091781,0.51999384122776,
0.579340970215724,0.587819131499719,0.621731776635698,0.70651337421847,
0.748904173009856,0.770099572405549,0.784229838669344,0.791294971801242,
0.847816036856423,0.904337101911604),.UNSPECIFIED.);
#173=B_SPLINE_CURVE_WITH_KNOTS('',3,(#1945,#1946,#1947,#1948,#1949,#1950,
#1951),.UNSPECIFIED.,.F.,.F.,(4,1,1,1,4),(0.,0.0645955072794002,0.1291910145588,
0.193786521838201,0.226084275477901),.UNSPECIFIED.);
#174=B_SPLINE_CURVE_WITH_KNOTS('',3,(#1952,#1953,#1954,#1955,#1956,#1957,
#1958,#1959,#1960,#1961,#1962,#1963,#1964,#1965,#1966,#1967,#1968,#1969),
 .UNSPECIFIED.,.F.,.F.,(4,1,1,1,1,1,1,1,1,1,1,1,1,1,1,4),(0.226084275477901,
0.258382029117601,0.290679782757301,0.322977536397001,0.387573043676401,
0.419870797316102,0.516764058235202,0.524838496645127,0.532912935055052,
0.549061811874902,0.581359565514602,0.645955072794002,0.694401703253553,
0.775146087352803,0.839741594632203,0.904337101911604),.UNSPECIFIED.);
#175=CIRCLE('',#627,0.015748031496063);
#176=CIRCLE('',#628,0.0157480314960627);
#177=CIRCLE('',#629,0.015748031496063);
#178=CIRCLE('',#630,0.015748031496063);
#179=CIRCLE('',#631,0.787401574803149);
#180=CIRCLE('',#632,0.787401574803149);
#181=CIRCLE('',#633,0.787401574803149);
#182=CIRCLE('',#634,0.787401574803149);
#183=CIRCLE('',#635,0.787401574803149);
#184=CIRCLE('',#637,0.0157480314960627);
#185=CIRCLE('',#638,0.015748031496063);
#186=CIRCLE('',#639,0.0157480314960627);
#187=CIRCLE('',#640,0.0157480314960627);
#188=CIRCLE('',#641,0.883858267716535);
#189=CIRCLE('',#642,0.883858267716535);
#190=CIRCLE('',#643,0.883858267716535);
#191=CIRCLE('',#644,0.883858267716535);
#192=CIRCLE('',#645,0.883858267716535);
#193=CIRCLE('',#647,0.803149606299212);
#194=CIRCLE('',#648,0.015748031496063);
#195=CIRCLE('',#649,0.787401574803149);
#196=CIRCLE('',#650,0.787401574803149);
#197=CIRCLE('',#652,0.868110236220472);
#198=CIRCLE('',#654,0.787401574803149);
#199=CIRCLE('',#655,0.787401574803149);
#200=CIRCLE('',#656,0.787401574803149);
#201=CIRCLE('',#657,0.787401574803149);
#202=CIRCLE('',#659,0.015748031496063);
#203=CIRCLE('',#660,0.883858267716535);
#204=CIRCLE('',#661,0.883858267716535);
#205=CIRCLE('',#663,0.883858267716535);
#206=CIRCLE('',#664,0.883858267716535);
#207=CIRCLE('',#665,0.883858267716535);
#208=CIRCLE('',#666,0.883858267716535);
#209=CIRCLE('',#668,0.059055118110236);
#210=CIRCLE('',#669,0.059055118110236);
#211=CIRCLE('',#670,0.0511811023622046);
#212=CIRCLE('',#674,0.059055118110236);
#213=CIRCLE('',#675,0.059055118110236);
#214=CIRCLE('',#676,0.0511811023622046);
#215=CIRCLE('',#680,0.059055118110236);
#216=CIRCLE('',#681,0.059055118110236);
#217=CIRCLE('',#682,0.0511811023622046);
#218=VERTEX_POINT('',#860);
#219=VERTEX_POINT('',#861);
#220=VERTEX_POINT('',#863);
#221=VERTEX_POINT('',#871);
#222=VERTEX_POINT('',#930);
#223=VERTEX_POINT('',#931);
#224=VERTEX_POINT('',#988);
#225=VERTEX_POINT('',#989);
#226=VERTEX_POINT('',#1111);
#227=VERTEX_POINT('',#1113);
#228=VERTEX_POINT('',#1115);
#229=VERTEX_POINT('',#1174);
#230=VERTEX_POINT('',#1176);
#231=VERTEX_POINT('',#1178);
#232=VERTEX_POINT('',#1182);
#233=VERTEX_POINT('',#1183);
#234=VERTEX_POINT('',#1189);
#235=VERTEX_POINT('',#1200);
#236=VERTEX_POINT('',#1241);
#237=VERTEX_POINT('',#1243);
#238=VERTEX_POINT('',#1300);
#239=VERTEX_POINT('',#1337);
#240=VERTEX_POINT('',#1444);
#241=VERTEX_POINT('',#1446);
#242=VERTEX_POINT('',#1448);
#243=VERTEX_POINT('',#1450);
#244=VERTEX_POINT('',#1452);
#245=VERTEX_POINT('',#1495);
#246=VERTEX_POINT('',#1499);
#247=VERTEX_POINT('',#1501);
#248=VERTEX_POINT('',#1503);
#249=VERTEX_POINT('',#1507);
#250=VERTEX_POINT('',#1511);
#251=VERTEX_POINT('',#1513);
#252=VERTEX_POINT('',#1515);
#253=VERTEX_POINT('',#1519);
#254=VERTEX_POINT('',#1521);
#255=VERTEX_POINT('',#1525);
#256=VERTEX_POINT('',#1527);
#257=VERTEX_POINT('',#1544);
#258=VERTEX_POINT('',#1546);
#259=VERTEX_POINT('',#1548);
#260=VERTEX_POINT('',#1551);
#261=VERTEX_POINT('',#1566);
#262=VERTEX_POINT('',#1594);
#263=VERTEX_POINT('',#1624);
#264=VERTEX_POINT('',#1625);
#265=VERTEX_POINT('',#1628);
#266=VERTEX_POINT('',#1632);
#267=VERTEX_POINT('',#1633);
#268=VERTEX_POINT('',#1775);
#269=VERTEX_POINT('',#1776);
#270=VERTEX_POINT('',#1779);
#271=VERTEX_POINT('',#1783);
#272=VERTEX_POINT('',#1784);
#273=VERTEX_POINT('',#1817);
#274=VERTEX_POINT('',#1935);
#275=VERTEX_POINT('',#1936);
#276=VERTEX_POINT('',#1939);
#277=VERTEX_POINT('',#1943);
#278=VERTEX_POINT('',#1944);
#279=EDGE_CURVE('',#218,#219,#175,.T.);
#280=EDGE_CURVE('',#219,#220,#148,.T.);
#281=EDGE_CURVE('',#220,#221,#176,.T.);
#282=EDGE_CURVE('',#221,#218,#149,.T.);
#283=EDGE_CURVE('',#222,#223,#177,.T.);
#284=EDGE_CURVE('',#223,#219,#150,.T.);
#285=EDGE_CURVE('',#218,#222,#151,.T.);
#286=EDGE_CURVE('',#224,#225,#178,.T.);
#287=EDGE_CURVE('',#225,#223,#152,.T.);
#288=EDGE_CURVE('',#222,#224,#153,.T.);
#289=EDGE_CURVE('',#220,#225,#154,.T.);
#290=EDGE_CURVE('',#224,#221,#155,.T.);
#291=EDGE_CURVE('',#226,#218,#34,.T.);
#292=EDGE_CURVE('',#226,#227,#179,.T.);
#293=EDGE_CURVE('',#227,#228,#180,.T.);
#294=EDGE_CURVE('',#228,#222,#35,.T.);
#295=EDGE_CURVE('',#229,#221,#36,.T.);
#296=EDGE_CURVE('',#229,#230,#181,.T.);
#297=EDGE_CURVE('',#230,#231,#182,.T.);
#298=EDGE_CURVE('',#231,#226,#183,.T.);
#299=EDGE_CURVE('',#232,#233,#156,.T.);
#300=EDGE_CURVE('',#234,#232,#157,.T.);
#301=EDGE_CURVE('',#235,#234,#158,.T.);
#302=EDGE_CURVE('',#233,#235,#159,.T.);
#303=EDGE_CURVE('',#233,#236,#184,.T.);
#304=EDGE_CURVE('',#236,#237,#160,.T.);
#305=EDGE_CURVE('',#237,#232,#185,.T.);
#306=EDGE_CURVE('',#235,#238,#186,.T.);
#307=EDGE_CURVE('',#238,#236,#161,.T.);
#308=EDGE_CURVE('',#234,#239,#187,.T.);
#309=EDGE_CURVE('',#239,#238,#162,.T.);
#310=EDGE_CURVE('',#237,#239,#163,.T.);
#311=EDGE_CURVE('',#240,#237,#37,.T.);
#312=EDGE_CURVE('',#240,#241,#188,.T.);
#313=EDGE_CURVE('',#241,#242,#189,.T.);
#314=EDGE_CURVE('',#242,#243,#190,.T.);
#315=EDGE_CURVE('',#243,#244,#191,.T.);
#316=EDGE_CURVE('',#244,#239,#38,.T.);
#317=EDGE_CURVE('',#245,#236,#39,.T.);
#318=EDGE_CURVE('',#245,#240,#192,.T.);
#319=EDGE_CURVE('',#246,#246,#193,.T.);
#320=EDGE_CURVE('',#246,#247,#194,.T.);
#321=EDGE_CURVE('',#247,#248,#195,.T.);
#322=EDGE_CURVE('',#248,#247,#196,.T.);
#323=EDGE_CURVE('',#249,#249,#197,.T.);
#324=EDGE_CURVE('',#248,#227,#40,.T.);
#325=EDGE_CURVE('',#250,#229,#198,.T.);
#326=EDGE_CURVE('',#251,#250,#199,.T.);
#327=EDGE_CURVE('',#252,#251,#200,.T.);
#328=EDGE_CURVE('',#228,#252,#201,.T.);
#329=EDGE_CURVE('',#249,#253,#202,.T.);
#330=EDGE_CURVE('',#253,#254,#203,.T.);
#331=EDGE_CURVE('',#254,#253,#204,.T.);
#332=EDGE_CURVE('',#254,#255,#41,.T.);
#333=EDGE_CURVE('',#256,#255,#164,.T.);
#334=EDGE_CURVE('',#256,#242,#42,.T.);
#335=EDGE_CURVE('',#257,#245,#205,.T.);
#336=EDGE_CURVE('',#258,#257,#206,.T.);
#337=EDGE_CURVE('',#259,#258,#207,.T.);
#338=EDGE_CURVE('',#244,#259,#208,.T.);
#339=EDGE_CURVE('',#260,#256,#165,.T.);
#340=EDGE_CURVE('',#255,#260,#166,.T.);
#341=EDGE_CURVE('',#261,#261,#167,.T.);
#342=EDGE_CURVE('',#262,#262,#168,.T.);
#343=EDGE_CURVE('',#263,#264,#209,.T.);
#344=EDGE_CURVE('',#264,#263,#210,.T.);
#345=EDGE_CURVE('',#263,#265,#43,.T.);
#346=EDGE_CURVE('',#265,#265,#211,.T.);
#347=EDGE_CURVE('',#266,#267,#169,.T.);
#348=EDGE_CURVE('',#267,#266,#170,.T.);
#349=EDGE_CURVE('',#267,#264,#44,.T.);
#350=EDGE_CURVE('',#261,#266,#45,.T.);
#351=EDGE_CURVE('',#268,#269,#212,.T.);
#352=EDGE_CURVE('',#269,#268,#213,.T.);
#353=EDGE_CURVE('',#268,#270,#46,.T.);
#354=EDGE_CURVE('',#270,#270,#214,.T.);
#355=EDGE_CURVE('',#271,#272,#171,.T.);
#356=EDGE_CURVE('',#272,#271,#172,.T.);
#357=EDGE_CURVE('',#272,#273,#47,.T.);
#358=EDGE_CURVE('',#272,#269,#48,.T.);
#359=EDGE_CURVE('',#262,#271,#49,.T.);
#360=EDGE_CURVE('',#274,#275,#215,.T.);
#361=EDGE_CURVE('',#275,#274,#216,.T.);
#362=EDGE_CURVE('',#274,#276,#50,.T.);
#363=EDGE_CURVE('',#276,#276,#217,.T.);
#364=EDGE_CURVE('',#277,#278,#173,.T.);
#365=EDGE_CURVE('',#278,#277,#174,.T.);
#366=EDGE_CURVE('',#278,#275,#51,.T.);
#367=EDGE_CURVE('',#260,#277,#52,.T.);
#368=EDGE_CURVE('',#250,#224,#53,.T.);
#369=EDGE_CURVE('',#259,#238,#54,.T.);
#370=ORIENTED_EDGE('',*,*,#279,.T.);
#371=ORIENTED_EDGE('',*,*,#280,.T.);
#372=ORIENTED_EDGE('',*,*,#281,.T.);
#373=ORIENTED_EDGE('',*,*,#282,.T.);
#374=ORIENTED_EDGE('',*,*,#283,.T.);
#375=ORIENTED_EDGE('',*,*,#284,.T.);
#376=ORIENTED_EDGE('',*,*,#279,.F.);
#377=ORIENTED_EDGE('',*,*,#285,.T.);
#378=ORIENTED_EDGE('',*,*,#286,.T.);
#379=ORIENTED_EDGE('',*,*,#287,.T.);
#380=ORIENTED_EDGE('',*,*,#283,.F.);
#381=ORIENTED_EDGE('',*,*,#288,.T.);
#382=ORIENTED_EDGE('',*,*,#281,.F.);
#383=ORIENTED_EDGE('',*,*,#289,.T.);
#384=ORIENTED_EDGE('',*,*,#286,.F.);
#385=ORIENTED_EDGE('',*,*,#290,.T.);
#386=ORIENTED_EDGE('',*,*,#285,.F.);
#387=ORIENTED_EDGE('',*,*,#291,.F.);
#388=ORIENTED_EDGE('',*,*,#292,.T.);
#389=ORIENTED_EDGE('',*,*,#293,.T.);
#390=ORIENTED_EDGE('',*,*,#294,.T.);
#391=ORIENTED_EDGE('',*,*,#282,.F.);
#392=ORIENTED_EDGE('',*,*,#295,.F.);
#393=ORIENTED_EDGE('',*,*,#296,.T.);
#394=ORIENTED_EDGE('',*,*,#297,.T.);
#395=ORIENTED_EDGE('',*,*,#298,.T.);
#396=ORIENTED_EDGE('',*,*,#291,.T.);
#397=ORIENTED_EDGE('',*,*,#299,.F.);
#398=ORIENTED_EDGE('',*,*,#300,.F.);
#399=ORIENTED_EDGE('',*,*,#301,.F.);
#400=ORIENTED_EDGE('',*,*,#302,.F.);
#401=ORIENTED_EDGE('',*,*,#280,.F.);
#402=ORIENTED_EDGE('',*,*,#284,.F.);
#403=ORIENTED_EDGE('',*,*,#287,.F.);
#404=ORIENTED_EDGE('',*,*,#289,.F.);
#405=ORIENTED_EDGE('',*,*,#303,.T.);
#406=ORIENTED_EDGE('',*,*,#304,.T.);
#407=ORIENTED_EDGE('',*,*,#305,.T.);
#408=ORIENTED_EDGE('',*,*,#299,.T.);
#409=ORIENTED_EDGE('',*,*,#306,.T.);
#410=ORIENTED_EDGE('',*,*,#307,.T.);
#411=ORIENTED_EDGE('',*,*,#303,.F.);
#412=ORIENTED_EDGE('',*,*,#302,.T.);
#413=ORIENTED_EDGE('',*,*,#308,.T.);
#414=ORIENTED_EDGE('',*,*,#309,.T.);
#415=ORIENTED_EDGE('',*,*,#306,.F.);
#416=ORIENTED_EDGE('',*,*,#301,.T.);
#417=ORIENTED_EDGE('',*,*,#305,.F.);
#418=ORIENTED_EDGE('',*,*,#310,.T.);
#419=ORIENTED_EDGE('',*,*,#308,.F.);
#420=ORIENTED_EDGE('',*,*,#300,.T.);
#421=ORIENTED_EDGE('',*,*,#310,.F.);
#422=ORIENTED_EDGE('',*,*,#311,.F.);
#423=ORIENTED_EDGE('',*,*,#312,.T.);
#424=ORIENTED_EDGE('',*,*,#313,.T.);
#425=ORIENTED_EDGE('',*,*,#314,.T.);
#426=ORIENTED_EDGE('',*,*,#315,.T.);
#427=ORIENTED_EDGE('',*,*,#316,.T.);
#428=ORIENTED_EDGE('',*,*,#304,.F.);
#429=ORIENTED_EDGE('',*,*,#317,.F.);
#430=ORIENTED_EDGE('',*,*,#318,.T.);
#431=ORIENTED_EDGE('',*,*,#311,.T.);
#432=ORIENTED_EDGE('',*,*,#319,.T.);
#433=ORIENTED_EDGE('',*,*,#320,.T.);
#434=ORIENTED_EDGE('',*,*,#321,.T.);
#435=ORIENTED_EDGE('',*,*,#322,.T.);
#436=ORIENTED_EDGE('',*,*,#320,.F.);
#437=ORIENTED_EDGE('',*,*,#323,.F.);
#438=ORIENTED_EDGE('',*,*,#319,.F.);
#439=ORIENTED_EDGE('',*,*,#322,.F.);
#440=ORIENTED_EDGE('',*,*,#324,.T.);
#441=ORIENTED_EDGE('',*,*,#292,.F.);
#442=ORIENTED_EDGE('',*,*,#298,.F.);
#443=ORIENTED_EDGE('',*,*,#297,.F.);
#444=ORIENTED_EDGE('',*,*,#296,.F.);
#445=ORIENTED_EDGE('',*,*,#325,.F.);
#446=ORIENTED_EDGE('',*,*,#326,.F.);
#447=ORIENTED_EDGE('',*,*,#327,.F.);
#448=ORIENTED_EDGE('',*,*,#328,.F.);
#449=ORIENTED_EDGE('',*,*,#293,.F.);
#450=ORIENTED_EDGE('',*,*,#324,.F.);
#451=ORIENTED_EDGE('',*,*,#321,.F.);
#452=ORIENTED_EDGE('',*,*,#323,.T.);
#453=ORIENTED_EDGE('',*,*,#329,.T.);
#454=ORIENTED_EDGE('',*,*,#330,.T.);
#455=ORIENTED_EDGE('',*,*,#331,.T.);
#456=ORIENTED_EDGE('',*,*,#329,.F.);
#457=ORIENTED_EDGE('',*,*,#330,.F.);
#458=ORIENTED_EDGE('',*,*,#331,.F.);
#459=ORIENTED_EDGE('',*,*,#332,.T.);
#460=ORIENTED_EDGE('',*,*,#333,.F.);
#461=ORIENTED_EDGE('',*,*,#334,.T.);
#462=ORIENTED_EDGE('',*,*,#313,.F.);
#463=ORIENTED_EDGE('',*,*,#312,.F.);
#464=ORIENTED_EDGE('',*,*,#318,.F.);
#465=ORIENTED_EDGE('',*,*,#335,.F.);
#466=ORIENTED_EDGE('',*,*,#336,.F.);
#467=ORIENTED_EDGE('',*,*,#337,.F.);
#468=ORIENTED_EDGE('',*,*,#338,.F.);
#469=ORIENTED_EDGE('',*,*,#315,.F.);
#470=ORIENTED_EDGE('',*,*,#314,.F.);
#471=ORIENTED_EDGE('',*,*,#334,.F.);
#472=ORIENTED_EDGE('',*,*,#339,.F.);
#473=ORIENTED_EDGE('',*,*,#340,.F.);
#474=ORIENTED_EDGE('',*,*,#332,.F.);
#475=ORIENTED_EDGE('',*,*,#341,.F.);
#476=ORIENTED_EDGE('',*,*,#342,.F.);
#477=ORIENTED_EDGE('',*,*,#343,.T.);
#478=ORIENTED_EDGE('',*,*,#344,.T.);
#479=ORIENTED_EDGE('',*,*,#345,.T.);
#480=ORIENTED_EDGE('',*,*,#346,.T.);
#481=ORIENTED_EDGE('',*,*,#345,.F.);
#482=ORIENTED_EDGE('',*,*,#347,.F.);
#483=ORIENTED_EDGE('',*,*,#348,.F.);
#484=ORIENTED_EDGE('',*,*,#349,.T.);
#485=ORIENTED_EDGE('',*,*,#343,.F.);
#486=ORIENTED_EDGE('',*,*,#344,.F.);
#487=ORIENTED_EDGE('',*,*,#349,.F.);
#488=ORIENTED_EDGE('',*,*,#346,.F.);
#489=ORIENTED_EDGE('',*,*,#350,.T.);
#490=ORIENTED_EDGE('',*,*,#347,.T.);
#491=ORIENTED_EDGE('',*,*,#348,.T.);
#492=ORIENTED_EDGE('',*,*,#350,.F.);
#493=ORIENTED_EDGE('',*,*,#341,.T.);
#494=ORIENTED_EDGE('',*,*,#351,.T.);
#495=ORIENTED_EDGE('',*,*,#352,.T.);
#496=ORIENTED_EDGE('',*,*,#353,.T.);
#497=ORIENTED_EDGE('',*,*,#354,.T.);
#498=ORIENTED_EDGE('',*,*,#353,.F.);
#499=ORIENTED_EDGE('',*,*,#355,.F.);
#500=ORIENTED_EDGE('',*,*,#356,.F.);
#501=ORIENTED_EDGE('',*,*,#357,.T.);
#502=ORIENTED_EDGE('',*,*,#357,.F.);
#503=ORIENTED_EDGE('',*,*,#358,.T.);
#504=ORIENTED_EDGE('',*,*,#351,.F.);
#505=ORIENTED_EDGE('',*,*,#352,.F.);
#506=ORIENTED_EDGE('',*,*,#358,.F.);
#507=ORIENTED_EDGE('',*,*,#354,.F.);
#508=ORIENTED_EDGE('',*,*,#359,.T.);
#509=ORIENTED_EDGE('',*,*,#355,.T.);
#510=ORIENTED_EDGE('',*,*,#356,.T.);
#511=ORIENTED_EDGE('',*,*,#359,.F.);
#512=ORIENTED_EDGE('',*,*,#342,.T.);
#513=ORIENTED_EDGE('',*,*,#360,.T.);
#514=ORIENTED_EDGE('',*,*,#361,.T.);
#515=ORIENTED_EDGE('',*,*,#362,.T.);
#516=ORIENTED_EDGE('',*,*,#363,.T.);
#517=ORIENTED_EDGE('',*,*,#362,.F.);
#518=ORIENTED_EDGE('',*,*,#364,.F.);
#519=ORIENTED_EDGE('',*,*,#365,.F.);
#520=ORIENTED_EDGE('',*,*,#366,.T.);
#521=ORIENTED_EDGE('',*,*,#360,.F.);
#522=ORIENTED_EDGE('',*,*,#361,.F.);
#523=ORIENTED_EDGE('',*,*,#366,.F.);
#524=ORIENTED_EDGE('',*,*,#363,.F.);
#525=ORIENTED_EDGE('',*,*,#367,.T.);
#526=ORIENTED_EDGE('',*,*,#364,.T.);
#527=ORIENTED_EDGE('',*,*,#365,.T.);
#528=ORIENTED_EDGE('',*,*,#367,.F.);
#529=ORIENTED_EDGE('',*,*,#339,.T.);
#530=ORIENTED_EDGE('',*,*,#333,.T.);
#531=ORIENTED_EDGE('',*,*,#340,.T.);
#532=ORIENTED_EDGE('',*,*,#288,.F.);
#533=ORIENTED_EDGE('',*,*,#294,.F.);
#534=ORIENTED_EDGE('',*,*,#328,.T.);
#535=ORIENTED_EDGE('',*,*,#327,.T.);
#536=ORIENTED_EDGE('',*,*,#326,.T.);
#537=ORIENTED_EDGE('',*,*,#368,.T.);
#538=ORIENTED_EDGE('',*,*,#290,.F.);
#539=ORIENTED_EDGE('',*,*,#368,.F.);
#540=ORIENTED_EDGE('',*,*,#325,.T.);
#541=ORIENTED_EDGE('',*,*,#295,.T.);
#542=ORIENTED_EDGE('',*,*,#309,.F.);
#543=ORIENTED_EDGE('',*,*,#316,.F.);
#544=ORIENTED_EDGE('',*,*,#338,.T.);
#545=ORIENTED_EDGE('',*,*,#369,.T.);
#546=ORIENTED_EDGE('',*,*,#307,.F.);
#547=ORIENTED_EDGE('',*,*,#369,.F.);
#548=ORIENTED_EDGE('',*,*,#337,.T.);
#549=ORIENTED_EDGE('',*,*,#336,.T.);
#550=ORIENTED_EDGE('',*,*,#335,.T.);
#551=ORIENTED_EDGE('',*,*,#317,.T.);
#552=B_SPLINE_SURFACE_WITH_KNOTS('',3,3,((#825,#826,#827,#828,#829,#830,
#831),(#832,#833,#834,#835,#836,#837,#838),(#839,#840,#841,#842,#843,#844,
#845),(#846,#847,#848,#849,#850,#851,#852),(#853,#854,#855,#856,#857,#858,
#859)),.UNSPECIFIED.,.F.,.F.,.F.,(4,1,4),(4,1,1,1,4),(0.,0.5,1.),(0.,0.816461533471804,
1.63292306694361,2.72153844490601,3.81015382286842),.UNSPECIFIED.);
#553=B_SPLINE_SURFACE_WITH_KNOTS('',3,3,((#880,#881,#882,#883,#884,#885,
#886,#887,#888,#889),(#890,#891,#892,#893,#894,#895,#896,#897,#898,#899),
(#900,#901,#902,#903,#904,#905,#906,#907,#908,#909),(#910,#911,#912,#913,
#914,#915,#916,#917,#918,#919),(#920,#921,#922,#923,#924,#925,#926,#927,
#928,#929)),.UNSPECIFIED.,.F.,.F.,.F.,(4,1,4),(4,1,1,1,1,1,1,4),(0.,0.5,
1.),(3.38937552341282E-16,0.3023390627444,0.604678125488799,0.907017188233199,
1.2093562509776,1.511695313722,1.8140343764664,2.1163734392108),
 .UNSPECIFIED.);
#554=B_SPLINE_SURFACE_WITH_KNOTS('',3,3,((#953,#954,#955,#956,#957,#958,
#959),(#960,#961,#962,#963,#964,#965,#966),(#967,#968,#969,#970,#971,#972,
#973),(#974,#975,#976,#977,#978,#979,#980),(#981,#982,#983,#984,#985,#986,
#987)),.UNSPECIFIED.,.F.,.F.,.F.,(4,1,4),(4,1,1,1,4),(0.,0.5,1.),(0.,0.816461533471804,
1.63292306694361,2.72153844490601,3.81015382286842),.UNSPECIFIED.);
#555=B_SPLINE_SURFACE_WITH_KNOTS('',3,3,((#1005,#1006,#1007,#1008,#1009,
#1010,#1011,#1012,#1013,#1014),(#1015,#1016,#1017,#1018,#1019,#1020,#1021,
#1022,#1023,#1024),(#1025,#1026,#1027,#1028,#1029,#1030,#1031,#1032,#1033,
#1034),(#1035,#1036,#1037,#1038,#1039,#1040,#1041,#1042,#1043,#1044),(#1045,
#1046,#1047,#1048,#1049,#1050,#1051,#1052,#1053,#1054)),.UNSPECIFIED.,.F.,
 .F.,.F.,(4,1,4),(4,1,1,1,1,1,1,4),(0.,0.5,1.),(2.1810862619098E-16,0.3023390627444,
0.604678125488799,0.907017188233199,1.2093562509776,1.511695313722,1.8140343764664,
2.1163734392108),.UNSPECIFIED.);
#556=B_SPLINE_SURFACE_WITH_KNOTS('',3,3,((#1075,#1076,#1077,#1078),(#1079,
#1080,#1081,#1082),(#1083,#1084,#1085,#1086),(#1087,#1088,#1089,#1090),
(#1091,#1092,#1093,#1094),(#1095,#1096,#1097,#1098),(#1099,#1100,#1101,
#1102),(#1103,#1104,#1105,#1106),(#1107,#1108,#1109,#1110)),
 .UNSPECIFIED.,.F.,.F.,.F.,(4,1,1,1,1,1,4),(4,4),(0.,0.142857142857143,
0.285714285714286,0.428571428571429,0.571428571428571,0.857142857142857,
1.),(0.,0.996272284817636),.UNSPECIFIED.);
#557=B_SPLINE_SURFACE_WITH_KNOTS('',3,3,((#1118,#1119,#1120,#1121),(#1122,
#1123,#1124,#1125),(#1126,#1127,#1128,#1129),(#1130,#1131,#1132,#1133),
(#1134,#1135,#1136,#1137),(#1138,#1139,#1140,#1141),(#1142,#1143,#1144,
#1145),(#1146,#1147,#1148,#1149),(#1150,#1151,#1152,#1153),(#1154,#1155,
#1156,#1157),(#1158,#1159,#1160,#1161),(#1162,#1163,#1164,#1165),(#1166,
#1167,#1168,#1169),(#1170,#1171,#1172,#1173)),.UNSPECIFIED.,.F.,.F.,.F.,
(4,1,1,1,1,1,1,1,1,1,1,4),(4,4),(0.,0.142857142857143,0.214285714285714,
0.267857142857143,0.285714285714286,0.428571428571429,0.571428571428571,
0.619047619047619,0.714285714285714,0.857142857142857,0.928571428571429,
1.),(0.,0.996063985254407),.UNSPECIFIED.);
#558=B_SPLINE_SURFACE_WITH_KNOTS('',3,3,((#1216,#1217,#1218,#1219,#1220),
(#1221,#1222,#1223,#1224,#1225),(#1226,#1227,#1228,#1229,#1230),(#1231,
#1232,#1233,#1234,#1235),(#1236,#1237,#1238,#1239,#1240)),.UNSPECIFIED.,
 .F.,.F.,.F.,(4,1,4),(4,1,4),(0.,0.5,1.),(0.,1.63314894461747,3.8106808707741),
 .UNSPECIFIED.);
#559=B_SPLINE_SURFACE_WITH_KNOTS('',3,3,((#1250,#1251,#1252,#1253,#1254,
#1255,#1256,#1257,#1258,#1259),(#1260,#1261,#1262,#1263,#1264,#1265,#1266,
#1267,#1268,#1269),(#1270,#1271,#1272,#1273,#1274,#1275,#1276,#1277,#1278,
#1279),(#1280,#1281,#1282,#1283,#1284,#1285,#1286,#1287,#1288,#1289),(#1290,
#1291,#1292,#1293,#1294,#1295,#1296,#1297,#1298,#1299)),.UNSPECIFIED.,.F.,
 .F.,.F.,(4,1,4),(4,1,1,1,1,1,1,4),(0.,0.5,1.),(0.,0.400949830768088,0.801899661536175,
1.20284949230426,1.60379932307235,2.00474915384044,2.40569898460853,2.80664881537661),
 .UNSPECIFIED.);
#560=B_SPLINE_SURFACE_WITH_KNOTS('',3,3,((#1312,#1313,#1314,#1315,#1316),
(#1317,#1318,#1319,#1320,#1321),(#1322,#1323,#1324,#1325,#1326),(#1327,
#1328,#1329,#1330,#1331),(#1332,#1333,#1334,#1335,#1336)),.UNSPECIFIED.,
 .F.,.F.,.F.,(4,1,4),(4,1,4),(0.,0.5,1.),(0.,1.63314894461747,3.8106808707741),
 .UNSPECIFIED.);
#561=B_SPLINE_SURFACE_WITH_KNOTS('',3,3,((#1344,#1345,#1346,#1347,#1348,
#1349,#1350,#1351,#1352,#1353),(#1354,#1355,#1356,#1357,#1358,#1359,#1360,
#1361,#1362,#1363),(#1364,#1365,#1366,#1367,#1368,#1369,#1370,#1371,#1372,
#1373),(#1374,#1375,#1376,#1377,#1378,#1379,#1380,#1381,#1382,#1383),(#1384,
#1385,#1386,#1387,#1388,#1389,#1390,#1391,#1392,#1393)),.UNSPECIFIED.,.F.,
 .F.,.F.,(4,1,4),(4,1,1,1,1,1,1,4),(0.,0.5,1.),(5.40240366908881E-16,0.400949830768088,
0.801899661536176,1.20284949230426,1.60379932307235,2.00474915384044,2.40569898460853,
2.80664881537661),.UNSPECIFIED.);
#562=B_SPLINE_SURFACE_WITH_KNOTS('',3,3,((#1404,#1405,#1406,#1407),(#1408,
#1409,#1410,#1411),(#1412,#1413,#1414,#1415),(#1416,#1417,#1418,#1419),
(#1420,#1421,#1422,#1423),(#1424,#1425,#1426,#1427),(#1428,#1429,#1430,
#1431),(#1432,#1433,#1434,#1435),(#1436,#1437,#1438,#1439),(#1440,#1441,
#1442,#1443)),.UNSPECIFIED.,.F.,.F.,.F.,(4,1,1,1,1,1,1,4),(4,4),(0.,0.142857142857143,
0.285714285714286,0.428571428571429,0.571428571428571,0.714285714285714,
0.857142857142857,1.),(0.,0.996084082486612),.UNSPECIFIED.);
#563=B_SPLINE_SURFACE_WITH_KNOTS('',3,3,((#1455,#1456,#1457,#1458),(#1459,
#1460,#1461,#1462),(#1463,#1464,#1465,#1466),(#1467,#1468,#1469,#1470),
(#1471,#1472,#1473,#1474),(#1475,#1476,#1477,#1478),(#1479,#1480,#1481,
#1482),(#1483,#1484,#1485,#1486),(#1487,#1488,#1489,#1490),(#1491,#1492,
#1493,#1494)),.UNSPECIFIED.,.F.,.F.,.F.,(4,1,1,1,1,1,1,4),(4,4),(0.,0.142857142857143,
0.285714285714286,0.428571428571429,0.571428571428571,0.714285714285714,
0.857142857142857,1.),(0.,0.996582030410237),.UNSPECIFIED.);
#564=B_SPLINE_SURFACE_WITH_KNOTS('',3,3,((#1665,#1666,#1667,#1668,#1669,
#1670,#1671,#1672,#1673,#1674,#1675,#1676,#1677,#1678,#1679,#1680,#1681,
#1682,#1683,#1684,#1685,#1686,#1687,#1688,#1689,#1690,#1691),(#1692,#1693,
#1694,#1695,#1696,#1697,#1698,#1699,#1700,#1701,#1702,#1703,#1704,#1705,
#1706,#1707,#1708,#1709,#1710,#1711,#1712,#1713,#1714,#1715,#1716,#1717,
#1718),(#1719,#1720,#1721,#1722,#1723,#1724,#1725,#1726,#1727,#1728,#1729,
#1730,#1731,#1732,#1733,#1734,#1735,#1736,#1737,#1738,#1739,#1740,#1741,
#1742,#1743,#1744,#1745),(#1746,#1747,#1748,#1749,#1750,#1751,#1752,#1753,
#1754,#1755,#1756,#1757,#1758,#1759,#1760,#1761,#1762,#1763,#1764,#1765,
#1766,#1767,#1768,#1769,#1770,#1771,#1772)),.UNSPECIFIED.,.F.,.T.,.F.,(4,
4),(4,1,1,1,1,2,1,1,1,1,1,1,1,1,2,1,2,2,2,4),(0.,1.),(0.,0.0565210688694752,
0.11304213773895,0.127172404956319,0.141302672173688,0.226084275477901,
0.247279678687888,0.310865888317849,0.353256694737823,0.395647501157797,
0.438038307577771,0.480429113997745,0.501624517207731,0.522819920417718,
0.565210726837692,0.621731776635698,0.678252826433703,0.734773876231709,
0.847816013970659,0.904337101911604),.UNSPECIFIED.);
#565=B_SPLINE_SURFACE_WITH_KNOTS('',3,3,((#1821,#1822,#1823,#1824,#1825,
#1826,#1827,#1828,#1829,#1830,#1831,#1832,#1833,#1834,#1835,#1836,#1837,
#1838,#1839,#1840,#1841,#1842,#1843,#1844,#1845,#1846,#1847,#1848),(#1849,
#1850,#1851,#1852,#1853,#1854,#1855,#1856,#1857,#1858,#1859,#1860,#1861,
#1862,#1863,#1864,#1865,#1866,#1867,#1868,#1869,#1870,#1871,#1872,#1873,
#1874,#1875,#1876),(#1877,#1878,#1879,#1880,#1881,#1882,#1883,#1884,#1885,
#1886,#1887,#1888,#1889,#1890,#1891,#1892,#1893,#1894,#1895,#1896,#1897,
#1898,#1899,#1900,#1901,#1902,#1903,#1904),(#1905,#1906,#1907,#1908,#1909,
#1910,#1911,#1912,#1913,#1914,#1915,#1916,#1917,#1918,#1919,#1920,#1921,
#1922,#1923,#1924,#1925,#1926,#1927,#1928,#1929,#1930,#1931,#1932)),
 .UNSPECIFIED.,.F.,.T.,.F.,(4,4),(4,1,1,1,1,1,1,2,1,1,1,1,1,1,1,1,2,1,1,
1,1,1,1,4),(0.,1.),(0.,0.0565210650551813,0.113042130110363,0.12010726324226,
0.134237529506056,0.155432928901749,0.197823727693135,0.282605325275906,
0.316517970411886,0.350430615547865,0.384343260683844,0.418255905819823,
0.486081196091781,0.51999384122776,0.579340970215724,0.587819131499719,
0.621731776635698,0.70651337421847,0.748904173009856,0.770099572405549,
0.784229838669344,0.791294971801242,0.847816036856423,0.904337101911604),
 .UNSPECIFIED.);
#566=B_SPLINE_SURFACE_WITH_KNOTS('',3,3,((#1972,#1973,#1974,#1975,#1976,
#1977,#1978,#1979,#1980,#1981,#1982,#1983,#1984,#1985,#1986,#1987,#1988,
#1989,#1990,#1991,#1992),(#1993,#1994,#1995,#1996,#1997,#1998,#1999,#2000,
#2001,#2002,#2003,#2004,#2005,#2006,#2007,#2008,#2009,#2010,#2011,#2012,
#2013),(#2014,#2015,#2016,#2017,#2018,#2019,#2020,#2021,#2022,#2023,#2024,
#2025,#2026,#2027,#2028,#2029,#2030,#2031,#2032,#2033,#2034),(#2035,#2036,
#2037,#2038,#2039,#2040,#2041,#2042,#2043,#2044,#2045,#2046,#2047,#2048,
#2049,#2050,#2051,#2052,#2053,#2054,#2055)),.UNSPECIFIED.,.F.,.T.,.F.,(4,
4),(4,1,1,1,1,1,1,1,1,1,1,1,1,1,1,1,1,1,4),(0.,1.),(0.,0.0645955072794002,
0.1291910145588,0.193786521838201,0.258382029117601,0.290679782757301,0.322977536397001,
0.387573043676401,0.419870797316102,0.516764058235202,0.524838496645127,
0.532912935055052,0.549061811874902,0.581359565514602,0.645955072794002,
0.694401703253553,0.775146087352803,0.839741594632203,0.904337101911604),
 .UNSPECIFIED.);
#567=B_SPLINE_SURFACE_WITH_KNOTS('',3,3,((#2057,#2058,#2059,#2060),(#2061,
#2062,#2063,#2064),(#2065,#2066,#2067,#2068),(#2069,#2070,#2071,#2072),
(#2073,#2074,#2075,#2076),(#2077,#2078,#2079,#2080),(#2081,#2082,#2083,
#2084),(#2085,#2086,#2087,#2088),(#2089,#2090,#2091,#2092),(#2093,#2094,
#2095,#2096),(#2097,#2098,#2099,#2100),(#2101,#2102,#2103,#2104),(#2105,
#2106,#2107,#2108),(#2109,#2110,#2111,#2112)),.UNSPECIFIED.,.F.,.F.,.F.,
(4,1,1,1,1,1,1,1,1,1,1,4),(4,4),(0.,0.142857142857143,0.214285714285714,
0.267857142857143,0.285714285714286,0.428571428571429,0.571428571428571,
0.619047619047619,0.714285714285714,0.857142857142857,0.928571428571429,
1.),(0.,0.996063985254407),.UNSPECIFIED.);
#568=B_SPLINE_SURFACE_WITH_KNOTS('',3,3,((#2114,#2115,#2116,#2117),(#2118,
#2119,#2120,#2121),(#2122,#2123,#2124,#2125),(#2126,#2127,#2128,#2129),
(#2130,#2131,#2132,#2133),(#2134,#2135,#2136,#2137),(#2138,#2139,#2140,
#2141),(#2142,#2143,#2144,#2145),(#2146,#2147,#2148,#2149)),
 .UNSPECIFIED.,.F.,.F.,.F.,(4,1,1,1,1,1,4),(4,4),(0.,0.142857142857143,
0.285714285714286,0.428571428571429,0.571428571428571,0.857142857142857,
1.),(0.,0.996272284817636),.UNSPECIFIED.);
#569=B_SPLINE_SURFACE_WITH_KNOTS('',3,3,((#2150,#2151,#2152,#2153),(#2154,
#2155,#2156,#2157),(#2158,#2159,#2160,#2161),(#2162,#2163,#2164,#2165),
(#2166,#2167,#2168,#2169),(#2170,#2171,#2172,#2173),(#2174,#2175,#2176,
#2177),(#2178,#2179,#2180,#2181),(#2182,#2183,#2184,#2185),(#2186,#2187,
#2188,#2189)),.UNSPECIFIED.,.F.,.F.,.F.,(4,1,1,1,1,1,1,4),(4,4),(0.,0.142857142857143,
0.285714285714286,0.428571428571429,0.571428571428571,0.714285714285714,
0.857142857142857,1.),(0.,0.996582030410237),.UNSPECIFIED.);
#570=B_SPLINE_SURFACE_WITH_KNOTS('',3,3,((#2191,#2192,#2193,#2194),(#2195,
#2196,#2197,#2198),(#2199,#2200,#2201,#2202),(#2203,#2204,#2205,#2206),
(#2207,#2208,#2209,#2210),(#2211,#2212,#2213,#2214),(#2215,#2216,#2217,
#2218),(#2219,#2220,#2221,#2222),(#2223,#2224,#2225,#2226),(#2227,#2228,
#2229,#2230)),.UNSPECIFIED.,.F.,.F.,.F.,(4,1,1,1,1,1,1,4),(4,4),(0.,0.142857142857143,
0.285714285714286,0.428571428571429,0.571428571428571,0.714285714285714,
0.857142857142857,1.),(0.,0.996084082486612),.UNSPECIFIED.);
#571=ADVANCED_FACE('',(#76),#552,.F.);
#572=ADVANCED_FACE('',(#77),#553,.F.);
#573=ADVANCED_FACE('',(#78),#554,.F.);
#574=ADVANCED_FACE('',(#79),#555,.F.);
#575=ADVANCED_FACE('',(#80),#556,.T.);
#576=ADVANCED_FACE('',(#81),#557,.T.);
#577=ADVANCED_FACE('',(#82,#25),#29,.T.);
#578=ADVANCED_FACE('',(#83),#558,.F.);
#579=ADVANCED_FACE('',(#84),#559,.F.);
#580=ADVANCED_FACE('',(#85),#560,.F.);
#581=ADVANCED_FACE('',(#86),#561,.F.);
#582=ADVANCED_FACE('',(#87),#562,.F.);
#583=ADVANCED_FACE('',(#88),#563,.F.);
#584=ADVANCED_FACE('',(#89),#23,.T.);
#585=ADVANCED_FACE('',(#90,#26),#30,.F.);
#586=ADVANCED_FACE('',(#91),#18,.F.);
#587=ADVANCED_FACE('',(#92),#24,.T.);
#588=ADVANCED_FACE('',(#93,#27,#28),#19,.T.);
#589=ADVANCED_FACE('',(#94),#15,.T.);
#590=ADVANCED_FACE('',(#95),#20,.T.);
#591=ADVANCED_FACE('',(#96),#31,.T.);
#592=ADVANCED_FACE('',(#97),#564,.T.);
#593=ADVANCED_FACE('',(#98),#16,.T.);
#594=ADVANCED_FACE('',(#99),#21,.T.);
#595=ADVANCED_FACE('',(#100),#32,.T.);
#596=ADVANCED_FACE('',(#101),#565,.T.);
#597=ADVANCED_FACE('',(#102),#17,.T.);
#598=ADVANCED_FACE('',(#103),#22,.T.);
#599=ADVANCED_FACE('',(#104),#33,.T.);
#600=ADVANCED_FACE('',(#105),#566,.T.);
#601=ADVANCED_FACE('',(#106),#567,.T.);
#602=ADVANCED_FACE('',(#107),#568,.T.);
#603=ADVANCED_FACE('',(#108),#569,.F.);
#604=ADVANCED_FACE('',(#109),#570,.F.);
#605=CLOSED_SHELL('',(#571,#572,#573,#574,#575,#576,#577,#578,#579,#580,
#581,#582,#583,#584,#585,#586,#587,#588,#589,#590,#591,#592,#593,#594,#595,
#596,#597,#598,#599,#600,#601,#602,#603,#604));
#606=DERIVED_UNIT_ELEMENT(#608,1.);
#607=DERIVED_UNIT_ELEMENT(#2239,-3.);
#608=(
CONVERSION_BASED_UNIT('gram',#610)
MASS_UNIT()
NAMED_UNIT(#2236)
);
#609=(
MASS_UNIT()
NAMED_UNIT(*)
SI_UNIT(.KILO.,.GRAM.)
);
#610=MASS_MEASURE_WITH_UNIT(MASS_MEASURE(0.001),#609);
#611=DERIVED_UNIT((#606,#607));
#612=MEASURE_REPRESENTATION_ITEM('density measure',
POSITIVE_RATIO_MEASURE(1.29),#611);
#613=PROPERTY_DEFINITION_REPRESENTATION(#618,#615);
#614=PROPERTY_DEFINITION_REPRESENTATION(#619,#616);
#615=REPRESENTATION('material name',(#617),#2233);
#616=REPRESENTATION('density',(#612),#2233);
#617=DESCRIPTIVE_REPRESENTATION_ITEM('PVC, Unplasticized',
'PVC, Unplasticized');
#618=PROPERTY_DEFINITION('material property','material name',#2247);
#619=PROPERTY_DEFINITION('material property','density of part',#2247);
#620=DATE_TIME_ROLE('creation_date');
#621=APPLIED_DATE_AND_TIME_ASSIGNMENT(#622,#620,(#2247));
#622=DATE_AND_TIME(#623,#624);
#623=CALENDAR_DATE(2026,13,7);
#624=LOCAL_TIME(0,0,0.,#625);
#625=COORDINATED_UNIVERSAL_TIME_OFFSET(0,0,.BEHIND.);
#626=AXIS2_PLACEMENT_3D('',#824,#685,#686);
#627=AXIS2_PLACEMENT_3D('',#862,#687,#688);
#628=AXIS2_PLACEMENT_3D('',#872,#689,#690);
#629=AXIS2_PLACEMENT_3D('',#932,#691,#692);
#630=AXIS2_PLACEMENT_3D('',#990,#693,#694);
#631=AXIS2_PLACEMENT_3D('',#1114,#696,#697);
#632=AXIS2_PLACEMENT_3D('',#1116,#698,#699);
#633=AXIS2_PLACEMENT_3D('',#1177,#702,#703);
#634=AXIS2_PLACEMENT_3D('',#1179,#704,#705);
#635=AXIS2_PLACEMENT_3D('',#1180,#706,#707);
#636=AXIS2_PLACEMENT_3D('',#1181,#708,#709);
#637=AXIS2_PLACEMENT_3D('',#1242,#710,#711);
#638=AXIS2_PLACEMENT_3D('',#1249,#712,#713);
#639=AXIS2_PLACEMENT_3D('',#1301,#714,#715);
#640=AXIS2_PLACEMENT_3D('',#1338,#716,#717);
#641=AXIS2_PLACEMENT_3D('',#1447,#719,#720);
#642=AXIS2_PLACEMENT_3D('',#1449,#721,#722);
#643=AXIS2_PLACEMENT_3D('',#1451,#723,#724);
#644=AXIS2_PLACEMENT_3D('',#1453,#725,#726);
#645=AXIS2_PLACEMENT_3D('',#1497,#729,#730);
#646=AXIS2_PLACEMENT_3D('',#1498,#731,#732);
#647=AXIS2_PLACEMENT_3D('',#1500,#733,#734);
#648=AXIS2_PLACEMENT_3D('',#1502,#735,#736);
#649=AXIS2_PLACEMENT_3D('',#1504,#737,#738);
#650=AXIS2_PLACEMENT_3D('',#1505,#739,#740);
#651=AXIS2_PLACEMENT_3D('',#1506,#741,#742);
#652=AXIS2_PLACEMENT_3D('',#1508,#743,#744);
#653=AXIS2_PLACEMENT_3D('',#1509,#745,#746);
#654=AXIS2_PLACEMENT_3D('',#1512,#748,#749);
#655=AXIS2_PLACEMENT_3D('',#1514,#750,#751);
#656=AXIS2_PLACEMENT_3D('',#1516,#752,#753);
#657=AXIS2_PLACEMENT_3D('',#1517,#754,#755);
#658=AXIS2_PLACEMENT_3D('',#1518,#756,#757);
#659=AXIS2_PLACEMENT_3D('',#1520,#758,#759);
#660=AXIS2_PLACEMENT_3D('',#1522,#760,#761);
#661=AXIS2_PLACEMENT_3D('',#1523,#762,#763);
#662=AXIS2_PLACEMENT_3D('',#1524,#764,#765);
#663=AXIS2_PLACEMENT_3D('',#1545,#768,#769);
#664=AXIS2_PLACEMENT_3D('',#1547,#770,#771);
#665=AXIS2_PLACEMENT_3D('',#1549,#772,#773);
#666=AXIS2_PLACEMENT_3D('',#1550,#774,#775);
#667=AXIS2_PLACEMENT_3D('',#1623,#776,#777);
#668=AXIS2_PLACEMENT_3D('',#1626,#778,#779);
#669=AXIS2_PLACEMENT_3D('',#1627,#780,#781);
#670=AXIS2_PLACEMENT_3D('',#1630,#783,#784);
#671=AXIS2_PLACEMENT_3D('',#1631,#785,#786);
#672=AXIS2_PLACEMENT_3D('',#1664,#788,#789);
#673=AXIS2_PLACEMENT_3D('',#1774,#791,#792);
#674=AXIS2_PLACEMENT_3D('',#1777,#793,#794);
#675=AXIS2_PLACEMENT_3D('',#1778,#795,#796);
#676=AXIS2_PLACEMENT_3D('',#1781,#798,#799);
#677=AXIS2_PLACEMENT_3D('',#1782,#800,#801);
#678=AXIS2_PLACEMENT_3D('',#1820,#804,#805);
#679=AXIS2_PLACEMENT_3D('',#1934,#807,#808);
#680=AXIS2_PLACEMENT_3D('',#1937,#809,#810);
#681=AXIS2_PLACEMENT_3D('',#1938,#811,#812);
#682=AXIS2_PLACEMENT_3D('',#1941,#814,#815);
#683=AXIS2_PLACEMENT_3D('',#1942,#816,#817);
#684=AXIS2_PLACEMENT_3D('',#1971,#819,#820);
#685=DIRECTION('axis',(0.,0.,1.));
#686=DIRECTION('refdir',(1.,0.,0.));
#687=DIRECTION('center_axis',(0.99999708014679,5.55109891468459E-15,0.00241654668764707));
#688=DIRECTION('ref_axis',(0.00241654661076174,0.000252254619326209,-0.999997048330686));
#689=DIRECTION('center_axis',(-0.99999708014679,-5.55109891468459E-15,0.00241654668764706));
#690=DIRECTION('ref_axis',(-5.5511151231259E-15,1.,0.));
#691=DIRECTION('center_axis',(-0.99999708014679,0.,0.00241654668764706));
#692=DIRECTION('ref_axis',(0.00241654661076174,0.000252254619326209,0.999997048330686));
#693=DIRECTION('center_axis',(-0.99999708014679,-5.55109891468459E-15,-0.00241654668765261));
#694=DIRECTION('ref_axis',(-0.00241654661076729,0.000252254619326209,0.999997048330686));
#695=DIRECTION('',(-0.000751319045781081,0.999999686399779,0.00025043968192702));
#696=DIRECTION('center_axis',(0.,-1.,0.));
#697=DIRECTION('ref_axis',(1.,0.,0.));
#698=DIRECTION('center_axis',(0.,-1.,0.));
#699=DIRECTION('ref_axis',(1.,0.,0.));
#700=DIRECTION('',(-0.000751319045780994,0.999999686399779,-0.000250439681927118));
#701=DIRECTION('',(0.000751319045780928,0.999999686399779,0.000250439681927217));
#702=DIRECTION('center_axis',(0.,-1.,0.));
#703=DIRECTION('ref_axis',(1.,0.,0.));
#704=DIRECTION('center_axis',(0.,-1.,0.));
#705=DIRECTION('ref_axis',(1.,0.,0.));
#706=DIRECTION('center_axis',(0.,-1.,0.));
#707=DIRECTION('ref_axis',(1.,0.,0.));
#708=DIRECTION('center_axis',(-1.67193863055742E-31,1.,-8.12119093710327E-31));
#709=DIRECTION('ref_axis',(0.,8.12119093710327E-31,1.));
#710=DIRECTION('center_axis',(0.999996978136602,0.,0.00245839737707986));
#711=DIRECTION('ref_axis',(0.,1.,0.));
#712=DIRECTION('center_axis',(-0.999996978136602,-5.55109834841405E-15,
0.00245839737707989));
#713=DIRECTION('ref_axis',(0.00245836210259754,0.0053569515994667,0.999982629611802));
#714=DIRECTION('center_axis',(-0.999996978136602,0.,0.00245839737707986));
#715=DIRECTION('ref_axis',(0.,1.,0.));
#716=DIRECTION('center_axis',(-0.999996978136602,0.,-0.00245839737706876));
#717=DIRECTION('ref_axis',(0.,1.,0.));
#718=DIRECTION('',(-0.0108594286705447,0.999926829513077,-0.00532995580417816));
#719=DIRECTION('center_axis',(0.,1.,0.));
#720=DIRECTION('ref_axis',(-1.,0.,0.));
#721=DIRECTION('center_axis',(0.,1.,0.));
#722=DIRECTION('ref_axis',(-1.,0.,0.));
#723=DIRECTION('center_axis',(0.,1.,0.));
#724=DIRECTION('ref_axis',(-1.,0.,0.));
#725=DIRECTION('center_axis',(0.,1.,0.));
#726=DIRECTION('ref_axis',(-1.,0.,0.));
#727=DIRECTION('',(-0.0108594286705446,0.999926829513077,0.00532995580417804));
#728=DIRECTION('',(0.0108594286705447,0.999926829513077,-0.00532995580417799));
#729=DIRECTION('center_axis',(0.,1.,0.));
#730=DIRECTION('ref_axis',(-1.,0.,0.));
#731=DIRECTION('center_axis',(0.,1.,0.));
#732=DIRECTION('ref_axis',(0.,0.,1.));
#733=DIRECTION('center_axis',(0.,-1.,0.));
#734=DIRECTION('ref_axis',(1.,0.,0.));
#735=DIRECTION('center_axis',(-1.,0.,1.22464679914735E-16));
#736=DIRECTION('ref_axis',(-1.22464679914735E-16,0.,-1.));
#737=DIRECTION('center_axis',(0.,1.,0.));
#738=DIRECTION('ref_axis',(1.,0.,0.));
#739=DIRECTION('center_axis',(0.,1.,0.));
#740=DIRECTION('ref_axis',(1.,0.,0.));
#741=DIRECTION('center_axis',(0.,1.,0.));
#742=DIRECTION('ref_axis',(0.,0.,1.));
#743=DIRECTION('center_axis',(0.,1.,0.));
#744=DIRECTION('ref_axis',(1.,0.,1.22464679914735E-16));
#745=DIRECTION('center_axis',(0.,-1.,0.));
#746=DIRECTION('ref_axis',(1.,0.,0.));
#747=DIRECTION('',(0.,1.,0.));
#748=DIRECTION('center_axis',(0.,-1.,0.));
#749=DIRECTION('ref_axis',(1.,0.,0.));
#750=DIRECTION('center_axis',(0.,-1.,0.));
#751=DIRECTION('ref_axis',(1.,0.,0.));
#752=DIRECTION('center_axis',(0.,-1.,0.));
#753=DIRECTION('ref_axis',(1.,0.,0.));
#754=DIRECTION('center_axis',(0.,-1.,0.));
#755=DIRECTION('ref_axis',(1.,0.,0.));
#756=DIRECTION('center_axis',(0.,-1.,0.));
#757=DIRECTION('ref_axis',(0.,0.,-1.));
#758=DIRECTION('center_axis',(-1.,0.,-1.22464679914735E-16));
#759=DIRECTION('ref_axis',(-1.22464679914735E-16,0.,1.));
#760=DIRECTION('center_axis',(0.,-1.,0.));
#761=DIRECTION('ref_axis',(1.,0.,1.22464679914735E-16));
#762=DIRECTION('center_axis',(0.,-1.,0.));
#763=DIRECTION('ref_axis',(1.,0.,1.22464679914735E-16));
#764=DIRECTION('center_axis',(0.,-1.,0.));
#765=DIRECTION('ref_axis',(-1.,0.,0.));
#766=DIRECTION('',(0.,1.,0.));
#767=DIRECTION('',(0.,1.,0.));
#768=DIRECTION('center_axis',(0.,1.,0.));
#769=DIRECTION('ref_axis',(-1.,0.,0.));
#770=DIRECTION('center_axis',(0.,1.,0.));
#771=DIRECTION('ref_axis',(-1.,0.,0.));
#772=DIRECTION('center_axis',(0.,1.,0.));
#773=DIRECTION('ref_axis',(-1.,0.,0.));
#774=DIRECTION('center_axis',(0.,1.,0.));
#775=DIRECTION('ref_axis',(-1.,0.,0.));
#776=DIRECTION('center_axis',(0.499999999999999,0.,-0.866025403784439));
#777=DIRECTION('ref_axis',(2.52323414687536E-16,-1.,-4.37036974178083E-16));
#778=DIRECTION('center_axis',(-0.5,-5.04646829375072E-16,0.866025403784438));
#779=DIRECTION('ref_axis',(2.52323414687536E-16,-1.,-4.37036974178082E-16));
#780=DIRECTION('center_axis',(-0.5,-5.04646829375072E-16,0.866025403784438));
#781=DIRECTION('ref_axis',(2.52323414687536E-16,-1.,-4.37036974178082E-16));
#782=DIRECTION('',(-0.353553390593275,-0.707106781186543,0.612372435695799));
#783=DIRECTION('center_axis',(0.5,5.04646829375072E-16,-0.866025403784438));
#784=DIRECTION('ref_axis',(2.52323414687536E-16,-1.,-4.37036974178083E-16));
#785=DIRECTION('center_axis',(0.5,5.04646829375072E-16,-0.866025403784438));
#786=DIRECTION('ref_axis',(-2.52323414687536E-16,1.,4.37036974178082E-16));
#787=DIRECTION('',(-0.5,-5.04646829375072E-16,0.866025403784438));
#788=DIRECTION('center_axis',(-0.5,-5.04646829375072E-16,0.866025403784438));
#789=DIRECTION('ref_axis',(0.866025403784438,0.,0.5));
#790=DIRECTION('',(-0.956084307586595,3.79243390548042E-15,0.293091789012695));
#791=DIRECTION('center_axis',(0.499999999999999,0.,0.866025403784439));
#792=DIRECTION('ref_axis',(2.52323414687536E-16,-1.,4.37036974178083E-16));
#793=DIRECTION('center_axis',(-0.5,-5.04646829375072E-16,-0.866025403784439));
#794=DIRECTION('ref_axis',(2.52323414687535E-16,-1.,4.37036974178083E-16));
#795=DIRECTION('center_axis',(-0.5,-5.04646829375072E-16,-0.866025403784439));
#796=DIRECTION('ref_axis',(2.52323414687535E-16,-1.,4.37036974178083E-16));
#797=DIRECTION('',(-0.353553390593274,-0.707106781186545,-0.612372435695798));
#798=DIRECTION('center_axis',(0.5,5.04646829375072E-16,0.866025403784439));
#799=DIRECTION('ref_axis',(2.52323414687536E-16,-1.,4.37036974178083E-16));
#800=DIRECTION('center_axis',(0.5,5.04646829375072E-16,0.866025403784439));
#801=DIRECTION('ref_axis',(-2.52323414687535E-16,1.,-4.37036974178083E-16));
#802=DIRECTION('',(0.5,5.04646829375072E-16,0.866025403784439));
#803=DIRECTION('',(-0.5,-5.04646829375072E-16,-0.866025403784439));
#804=DIRECTION('center_axis',(-0.5,-5.04646829375072E-16,-0.866025403784439));
#805=DIRECTION('ref_axis',(-0.866025403784439,0.,0.5));
#806=DIRECTION('',(0.224217218867672,0.,-0.974539193035994));
#807=DIRECTION('center_axis',(-1.,0.,0.));
#808=DIRECTION('ref_axis',(-5.04646829375071E-16,-1.,0.));
#809=DIRECTION('center_axis',(1.,-5.04646829375072E-16,0.));
#810=DIRECTION('ref_axis',(-5.04646829375071E-16,-1.,0.));
#811=DIRECTION('center_axis',(1.,-5.04646829375072E-16,0.));
#812=DIRECTION('ref_axis',(-5.04646829375071E-16,-1.,0.));
#813=DIRECTION('',(0.707106781186549,-0.707106781186546,8.65956056235491E-17));
#814=DIRECTION('center_axis',(-1.,5.04646829375072E-16,0.));
#815=DIRECTION('ref_axis',(-5.04646829375072E-16,-1.,0.));
#816=DIRECTION('center_axis',(-1.,5.04646829375072E-16,0.));
#817=DIRECTION('ref_axis',(5.04646829375071E-16,1.,0.));
#818=DIRECTION('',(1.,-5.04646829375072E-16,0.));
#819=DIRECTION('center_axis',(1.,-5.04646829375072E-16,0.));
#820=DIRECTION('ref_axis',(0.,0.,-1.));
#821=DIRECTION('',(0.731867088718932,3.79243390548039E-15,0.681447404023286));
#822=DIRECTION('',(0.00075131904578106,0.999999686399779,-0.000250439681927075));
#823=DIRECTION('',(0.0108594286705447,0.999926829513077,0.00532995580417799));
#824=CARTESIAN_POINT('',(0.,0.,0.));
#825=CARTESIAN_POINT('Ctrl Pts',(0.749988171184919,3.98425594101763,0.249996057061639));
#826=CARTESIAN_POINT('Ctrl Pts',(0.642780184809512,3.98399603448567,0.250255065359644));
#827=CARTESIAN_POINT('Ctrl Pts',(0.428517361576898,3.98289127584197,0.251426266147042));
#828=CARTESIAN_POINT('Ctrl Pts',(0.0714188508702038,3.9819867100947,0.252655395133317));
#829=CARTESIAN_POINT('Ctrl Pts',(-0.321390049210819,3.98234142247151,0.25209253316206));
#830=CARTESIAN_POINT('Ctrl Pts',(-0.607044189351043,3.98390939897501,0.25034140145898));
#831=CARTESIAN_POINT('Ctrl Pts',(-0.749988171184919,3.98425594101763,0.249996057061639));
#832=CARTESIAN_POINT('Ctrl Pts',(0.749988173697728,3.98837810380556,0.249997096893241));
#833=CARTESIAN_POINT('Ctrl Pts',(0.642779894803502,3.98816141130927,0.250186547203718));
#834=CARTESIAN_POINT('Ctrl Pts',(0.428515313808726,3.98723176694498,0.251056854115232));
#835=CARTESIAN_POINT('Ctrl Pts',(0.071417880625532,3.98643576184098,0.251995208353103));
#836=CARTESIAN_POINT('Ctrl Pts',(-0.321387129946807,3.98675855504195,0.251561271942599));
#837=CARTESIAN_POINT('Ctrl Pts',(-0.60704380183876,3.98808918047717,0.25024969730721));
#838=CARTESIAN_POINT('Ctrl Pts',(-0.749988173697728,3.98837810380556,0.249997096893241));
#839=CARTESIAN_POINT('Ctrl Pts',(0.749996433279949,3.99658414227112,0.253415014762128));
#840=CARTESIAN_POINT('Ctrl Pts',(0.642801455252219,3.99650814016282,0.253546760835444));
#841=CARTESIAN_POINT('Ctrl Pts',(0.428528906685337,3.99617892120922,0.254140015676283));
#842=CARTESIAN_POINT('Ctrl Pts',(0.0714198959618099,3.99587880396728,0.254780817422952));
#843=CARTESIAN_POINT('Ctrl Pts',(-0.321395909532789,3.99600602215628,0.254482282573472));
#844=CARTESIAN_POINT('Ctrl Pts',(-0.607069795909641,3.99648280612672,0.253590676193217));
#845=CARTESIAN_POINT('Ctrl Pts',(-0.74999643327995,3.99658414227112,0.253415014762128));
#846=CARTESIAN_POINT('Ctrl Pts',(0.750016265637909,4.,0.261621891191742));
#847=CARTESIAN_POINT('Ctrl Pts',(0.642853262822399,4.00000141158539,0.261837113390693));
#848=CARTESIAN_POINT('Ctrl Pts',(0.428568072016793,4.00000132666476,0.262789093075064));
#849=CARTESIAN_POINT('Ctrl Pts',(0.0714278243326514,4.00000668650316,0.263719523287766));
#850=CARTESIAN_POINT('Ctrl Pts',(-0.321426593057614,4.00000140522483,0.263309767839159));
#851=CARTESIAN_POINT('Ctrl Pts',(-0.607132261883896,4.00000188211385,0.261908854123677));
#852=CARTESIAN_POINT('Ctrl Pts',(-0.750016265637909,4.,0.261621891191743));
#853=CARTESIAN_POINT('Ctrl Pts',(0.750026227037057,4.,0.265744042074721));
#854=CARTESIAN_POINT('Ctrl Pts',(0.642879357020788,4.,0.266002968244576));
#855=CARTESIAN_POINT('Ctrl Pts',(0.428587809395308,4.,0.267138982601755));
#856=CARTESIAN_POINT('Ctrl Pts',(0.0714318421158524,4.,0.268223560973261));
#857=CARTESIAN_POINT('Ctrl Pts',(-0.321442084182123,4.,0.26775181059956));
#858=CARTESIAN_POINT('Ctrl Pts',(-0.607163733682031,4.,0.266089276967862));
#859=CARTESIAN_POINT('Ctrl Pts',(-0.750026227037057,4.,0.265744042074721));
#860=CARTESIAN_POINT('',(-0.749988171184919,3.98425594101763,0.249996057061639));
#861=CARTESIAN_POINT('',(-0.750026227037057,4.,0.265744042074721));
#862=CARTESIAN_POINT('Origin',(-0.750026227037057,3.98425196850394,0.265744042074721));
#863=CARTESIAN_POINT('',(0.750026227037057,4.,0.265744042074721));
#864=CARTESIAN_POINT('Ctrl Pts',(-0.750026227037057,4.,0.265744042074721));
#865=CARTESIAN_POINT('Ctrl Pts',(-0.607163733682031,4.,0.266089276967862));
#866=CARTESIAN_POINT('Ctrl Pts',(-0.321442084182123,4.,0.26775181059956));
#867=CARTESIAN_POINT('Ctrl Pts',(0.0714318421158524,4.,0.268223560973261));
#868=CARTESIAN_POINT('Ctrl Pts',(0.428587809395308,4.,0.267138982601755));
#869=CARTESIAN_POINT('Ctrl Pts',(0.642879357020788,4.,0.266002968244576));
#870=CARTESIAN_POINT('Ctrl Pts',(0.750026227037057,4.,0.265744042074721));
#871=CARTESIAN_POINT('',(0.749988171184919,3.98425594101763,0.249996057061639));
#872=CARTESIAN_POINT('Origin',(0.750026227037057,3.98425196850394,0.265744042074721));
#873=CARTESIAN_POINT('Ctrl Pts',(0.749988171184919,3.98425594101763,0.249996057061639));
#874=CARTESIAN_POINT('Ctrl Pts',(0.642780184809512,3.98399603448567,0.250255065359644));
#875=CARTESIAN_POINT('Ctrl Pts',(0.428517361576898,3.98289127584197,0.251426266147042));
#876=CARTESIAN_POINT('Ctrl Pts',(0.0714188508702038,3.9819867100947,0.252655395133317));
#877=CARTESIAN_POINT('Ctrl Pts',(-0.321390049210819,3.98234142247151,0.25209253316206));
#878=CARTESIAN_POINT('Ctrl Pts',(-0.607044189351043,3.98390939897501,0.25034140145898));
#879=CARTESIAN_POINT('Ctrl Pts',(-0.749988171184919,3.98425594101763,0.249996057061639));
#880=CARTESIAN_POINT('Ctrl Pts',(-0.749988171184919,3.98425594101763,0.24999605706164));
#881=CARTESIAN_POINT('Ctrl Pts',(-0.787308574192151,3.98434820268388,0.249905893575539));
#882=CARTESIAN_POINT('Ctrl Pts',(-0.861882175463467,3.98457426786088,0.232685002388484));
#883=CARTESIAN_POINT('Ctrl Pts',(-0.951575993811567,3.98490042204343,0.160952152516881));
#884=CARTESIAN_POINT('Ctrl Pts',(-1.00124397532749,3.98509570938375,0.0574089730501544));
#885=CARTESIAN_POINT('Ctrl Pts',(-1.00130459889803,3.98509611824896,-0.0574288817936313));
#886=CARTESIAN_POINT('Ctrl Pts',(-0.951545373319374,3.98490022232849,-0.160950446498157));
#887=CARTESIAN_POINT('Ctrl Pts',(-0.861879176321024,3.98457427248358,-0.23268484402844));
#888=CARTESIAN_POINT('Ctrl Pts',(-0.78730857419215,3.98434820268388,-0.249905893575539));
#889=CARTESIAN_POINT('Ctrl Pts',(-0.749988171184919,3.98425594101763,-0.24999605706164));
#890=CARTESIAN_POINT('Ctrl Pts',(-0.749988173697728,3.98837810380556,0.249997096893242));
#891=CARTESIAN_POINT('Ctrl Pts',(-0.787303838689028,3.98845502534586,0.249931636814342));
#892=CARTESIAN_POINT('Ctrl Pts',(-0.861902095424543,3.98864291302491,0.232762467672782));
#893=CARTESIAN_POINT('Ctrl Pts',(-0.951690840178483,3.98891205639021,0.16106405038912));
#894=CARTESIAN_POINT('Ctrl Pts',(-1.00144610256166,3.98907224496297,0.0574599922192948));
#895=CARTESIAN_POINT('Ctrl Pts',(-1.00150544556332,3.98907258646626,-0.0574789893216051));
#896=CARTESIAN_POINT('Ctrl Pts',(-0.95166012751035,3.98891189439477,-0.161064167201234));
#897=CARTESIAN_POINT('Ctrl Pts',(-0.86189929293595,3.98864291310248,-0.232760373642334));
#898=CARTESIAN_POINT('Ctrl Pts',(-0.787303838689027,3.98845502534586,-0.249931636814342));
#899=CARTESIAN_POINT('Ctrl Pts',(-0.749988173697728,3.98837810380556,-0.249997096893241));
#900=CARTESIAN_POINT('Ctrl Pts',(-0.749996433371165,3.99658410451562,0.253415052507991));
#901=CARTESIAN_POINT('Ctrl Pts',(-0.787830377472792,3.99661108375734,0.253368812430119));
#902=CARTESIAN_POINT('Ctrl Pts',(-0.863471956654079,3.9966764155181,0.236024291999597));
#903=CARTESIAN_POINT('Ctrl Pts',(-0.95458423793312,3.99676939797881,0.163365950032166));
#904=CARTESIAN_POINT('Ctrl Pts',(-1.00508919743927,3.99682414662722,0.0582908113017446));
#905=CARTESIAN_POINT('Ctrl Pts',(-1.00515204791656,3.99682432995712,-0.0583119246681365));
#906=CARTESIAN_POINT('Ctrl Pts',(-0.95455283376702,3.99676934151432,-0.163363356360426));
#907=CARTESIAN_POINT('Ctrl Pts',(-0.863468963959906,3.99667640942292,-0.236024714537308));
#908=CARTESIAN_POINT('Ctrl Pts',(-0.787830377472792,3.99661108375734,-0.253368812430119));
#909=CARTESIAN_POINT('Ctrl Pts',(-0.749996433371165,3.99658410451562,-0.253415052507991));
#910=CARTESIAN_POINT('Ctrl Pts',(-0.750016265637909,4.,0.261621891191743));
#911=CARTESIAN_POINT('Ctrl Pts',(-0.789075255693188,3.99999949891517,0.261543030925529));
#912=CARTESIAN_POINT('Ctrl Pts',(-0.867137771906198,3.99999953855784,0.243553533930741));
#913=CARTESIAN_POINT('Ctrl Pts',(-0.961059376847266,3.9999982026848,0.168498210674315));
#914=CARTESIAN_POINT('Ctrl Pts',(-1.01307998565505,3.99999800148424,0.0601052149125418));
#915=CARTESIAN_POINT('Ctrl Pts',(-1.01314322133529,3.99999773310336,-0.0601258476152264));
#916=CARTESIAN_POINT('Ctrl Pts',(-0.961027254682772,3.99999821332599,-0.168496842517993));
#917=CARTESIAN_POINT('Ctrl Pts',(-0.86713466859371,3.99999955786946,-0.243552909335867));
#918=CARTESIAN_POINT('Ctrl Pts',(-0.789075255693188,3.99999949891517,-0.261543030925529));
#919=CARTESIAN_POINT('Ctrl Pts',(-0.750016265637909,4.,-0.261621891191743));
#920=CARTESIAN_POINT('Ctrl Pts',(-0.750026227037057,4.,0.265744042074721));
#921=CARTESIAN_POINT('Ctrl Pts',(-0.789703153540826,4.,0.265648160649443));
#922=CARTESIAN_POINT('Ctrl Pts',(-0.868981562055115,4.,0.247337675652631));
#923=CARTESIAN_POINT('Ctrl Pts',(-0.964316939312075,4.,0.171076418894013));
#924=CARTESIAN_POINT('Ctrl Pts',(-1.01709760688046,4.,0.0610168067787944));
#925=CARTESIAN_POINT('Ctrl Pts',(-1.01716191597324,4.,-0.0610378215513372));
#926=CARTESIAN_POINT('Ctrl Pts',(-0.964284412117408,4.,-0.17107465992817));
#927=CARTESIAN_POINT('Ctrl Pts',(-0.868978331116883,4.,-0.247337515956563));
#928=CARTESIAN_POINT('Ctrl Pts',(-0.789703153540826,4.,-0.265648160649443));
#929=CARTESIAN_POINT('Ctrl Pts',(-0.750026227037057,4.,-0.265744042074721));
#930=CARTESIAN_POINT('',(-0.749988171184919,3.98425594101763,-0.24999605706164));
#931=CARTESIAN_POINT('',(-0.750026227037057,4.,-0.265744042074721));
#932=CARTESIAN_POINT('Origin',(-0.750026227037057,3.98425196850394,-0.265744042074721));
#933=CARTESIAN_POINT('Ctrl Pts',(-0.750026227037057,4.,-0.265744042074721));
#934=CARTESIAN_POINT('Ctrl Pts',(-0.789703153540826,4.,-0.265648160649443));
#935=CARTESIAN_POINT('Ctrl Pts',(-0.868978331116883,4.,-0.247337515956563));
#936=CARTESIAN_POINT('Ctrl Pts',(-0.964284412117408,4.,-0.17107465992817));
#937=CARTESIAN_POINT('Ctrl Pts',(-1.01716191597324,4.,-0.0610378215513372));
#938=CARTESIAN_POINT('Ctrl Pts',(-1.01709760688046,4.,0.0610168067787944));
#939=CARTESIAN_POINT('Ctrl Pts',(-0.964316939312075,4.,0.171076418894013));
#940=CARTESIAN_POINT('Ctrl Pts',(-0.868981562055115,4.,0.247337675652631));
#941=CARTESIAN_POINT('Ctrl Pts',(-0.789703153540826,4.,0.265648160649443));
#942=CARTESIAN_POINT('Ctrl Pts',(-0.750026227037057,4.,0.265744042074721));
#943=CARTESIAN_POINT('Ctrl Pts',(-0.749988171184919,3.98425594101763,0.24999605706164));
#944=CARTESIAN_POINT('Ctrl Pts',(-0.787308574192151,3.98434820268388,0.249905893575539));
#945=CARTESIAN_POINT('Ctrl Pts',(-0.861882175463467,3.98457426786088,0.232685002388484));
#946=CARTESIAN_POINT('Ctrl Pts',(-0.951575993811567,3.98490042204343,0.160952152516881));
#947=CARTESIAN_POINT('Ctrl Pts',(-1.00124397532749,3.98509570938375,0.0574089730501544));
#948=CARTESIAN_POINT('Ctrl Pts',(-1.00130459889803,3.98509611824896,-0.0574288817936313));
#949=CARTESIAN_POINT('Ctrl Pts',(-0.951545373319374,3.98490022232849,-0.160950446498157));
#950=CARTESIAN_POINT('Ctrl Pts',(-0.861879176321024,3.98457427248358,-0.23268484402844));
#951=CARTESIAN_POINT('Ctrl Pts',(-0.78730857419215,3.98434820268388,-0.249905893575539));
#952=CARTESIAN_POINT('Ctrl Pts',(-0.749988171184919,3.98425594101763,-0.24999605706164));
#953=CARTESIAN_POINT('Ctrl Pts',(-0.749988171184919,3.98425594101763,-0.249996057061639));
#954=CARTESIAN_POINT('Ctrl Pts',(-0.642780184809512,3.98399603448567,-0.250255065359645));
#955=CARTESIAN_POINT('Ctrl Pts',(-0.428517361576898,3.98289127584198,-0.251426266147042));
#956=CARTESIAN_POINT('Ctrl Pts',(-0.0714188508702038,3.98198671009471,-0.252655395133318));
#957=CARTESIAN_POINT('Ctrl Pts',(0.321390049210819,3.98234142247151,-0.252092533162061));
#958=CARTESIAN_POINT('Ctrl Pts',(0.607044189351043,3.98390939897501,-0.250341401458981));
#959=CARTESIAN_POINT('Ctrl Pts',(0.749988171184919,3.98425594101763,-0.24999605706164));
#960=CARTESIAN_POINT('Ctrl Pts',(-0.749988173697728,3.98837810380556,-0.249997096893241));
#961=CARTESIAN_POINT('Ctrl Pts',(-0.642779894803502,3.98816141130927,-0.250186547203718));
#962=CARTESIAN_POINT('Ctrl Pts',(-0.428515313808726,3.98723176694498,-0.251056854115233));
#963=CARTESIAN_POINT('Ctrl Pts',(-0.0714178806255318,3.98643576184098,-0.251995208353104));
#964=CARTESIAN_POINT('Ctrl Pts',(0.321387129946807,3.98675855504195,-0.251561271942599));
#965=CARTESIAN_POINT('Ctrl Pts',(0.60704380183876,3.98808918047717,-0.250249697307211));
#966=CARTESIAN_POINT('Ctrl Pts',(0.749988173697728,3.98837810380556,-0.249997096893242));
#967=CARTESIAN_POINT('Ctrl Pts',(-0.749996433279949,3.99658414227112,-0.253415014762128));
#968=CARTESIAN_POINT('Ctrl Pts',(-0.642801455252219,3.99650814016282,-0.253546760835445));
#969=CARTESIAN_POINT('Ctrl Pts',(-0.428528906685337,3.99617892120921,-0.254140015676284));
#970=CARTESIAN_POINT('Ctrl Pts',(-0.07141989596181,3.99587880396729,-0.254780817422953));
#971=CARTESIAN_POINT('Ctrl Pts',(0.32139590953279,3.99600602215628,-0.254482282573473));
#972=CARTESIAN_POINT('Ctrl Pts',(0.607069795909641,3.99648280612672,-0.253590676193217));
#973=CARTESIAN_POINT('Ctrl Pts',(0.749996433279949,3.99658414227112,-0.253415014762129));
#974=CARTESIAN_POINT('Ctrl Pts',(-0.750016265637909,4.,-0.261621891191743));
#975=CARTESIAN_POINT('Ctrl Pts',(-0.642853262822399,4.00000141158539,-0.261837113390694));
#976=CARTESIAN_POINT('Ctrl Pts',(-0.428568072016793,4.00000132666476,-0.262789093075065));
#977=CARTESIAN_POINT('Ctrl Pts',(-0.0714278243326511,4.00000668650316,-0.263719523287767));
#978=CARTESIAN_POINT('Ctrl Pts',(0.321426593057614,4.00000140522483,-0.263309767839159));
#979=CARTESIAN_POINT('Ctrl Pts',(0.607132261883896,4.00000188211385,-0.261908854123678));
#980=CARTESIAN_POINT('Ctrl Pts',(0.750016265637909,4.,-0.261621891191743));
#981=CARTESIAN_POINT('Ctrl Pts',(-0.750026227037057,4.,-0.265744042074721));
#982=CARTESIAN_POINT('Ctrl Pts',(-0.642879357020788,4.,-0.266002968244577));
#983=CARTESIAN_POINT('Ctrl Pts',(-0.428587809395308,4.,-0.267138982601755));
#984=CARTESIAN_POINT('Ctrl Pts',(-0.0714318421158523,4.,-0.268223560973262));
#985=CARTESIAN_POINT('Ctrl Pts',(0.321442084182122,4.,-0.267751810599561));
#986=CARTESIAN_POINT('Ctrl Pts',(0.607163733682031,4.,-0.266089276967863));
#987=CARTESIAN_POINT('Ctrl Pts',(0.750026227037057,4.,-0.265744042074722));
#988=CARTESIAN_POINT('',(0.749988171184919,3.98425594101763,-0.24999605706164));
#989=CARTESIAN_POINT('',(0.750026227037057,4.,-0.265744042074722));
#990=CARTESIAN_POINT('Origin',(0.750026227037057,3.98425196850394,-0.265744042074722));
#991=CARTESIAN_POINT('Ctrl Pts',(0.750026227037057,4.,-0.265744042074722));
#992=CARTESIAN_POINT('Ctrl Pts',(0.607163733682031,4.,-0.266089276967863));
#993=CARTESIAN_POINT('Ctrl Pts',(0.321442084182122,4.,-0.267751810599561));
#994=CARTESIAN_POINT('Ctrl Pts',(-0.0714318421158523,4.,-0.268223560973262));
#995=CARTESIAN_POINT('Ctrl Pts',(-0.428587809395308,4.,-0.267138982601755));
#996=CARTESIAN_POINT('Ctrl Pts',(-0.642879357020788,4.,-0.266002968244577));
#997=CARTESIAN_POINT('Ctrl Pts',(-0.750026227037057,4.,-0.265744042074721));
#998=CARTESIAN_POINT('Ctrl Pts',(-0.749988171184919,3.98425594101763,-0.249996057061639));
#999=CARTESIAN_POINT('Ctrl Pts',(-0.642780184809512,3.98399603448567,-0.250255065359645));
#1000=CARTESIAN_POINT('Ctrl Pts',(-0.428517361576898,3.98289127584198,-0.251426266147042));
#1001=CARTESIAN_POINT('Ctrl Pts',(-0.0714188508702038,3.98198671009471,
-0.252655395133318));
#1002=CARTESIAN_POINT('Ctrl Pts',(0.321390049210819,3.98234142247151,-0.252092533162061));
#1003=CARTESIAN_POINT('Ctrl Pts',(0.607044189351043,3.98390939897501,-0.250341401458981));
#1004=CARTESIAN_POINT('Ctrl Pts',(0.749988171184919,3.98425594101763,-0.24999605706164));
#1005=CARTESIAN_POINT('Ctrl Pts',(0.749988171184919,3.98425594101763,-0.24999605706164));
#1006=CARTESIAN_POINT('Ctrl Pts',(0.787308574192151,3.98434820268388,-0.249905893575539));
#1007=CARTESIAN_POINT('Ctrl Pts',(0.861886238675887,3.98457429534251,-0.232682299026794));
#1008=CARTESIAN_POINT('Ctrl Pts',(0.95154728666794,3.98490023088187,-0.160946590389197));
#1009=CARTESIAN_POINT('Ctrl Pts',(1.00130622521644,3.98509612405627,-0.0574246162138569));
#1010=CARTESIAN_POINT('Ctrl Pts',(1.00124230473111,3.9850957032253,0.05741414036985));
#1011=CARTESIAN_POINT('Ctrl Pts',(0.95157413545368,3.98490041378273,0.160955665368934));
#1012=CARTESIAN_POINT('Ctrl Pts',(0.861875160089321,3.9845742451075,0.232687721289881));
#1013=CARTESIAN_POINT('Ctrl Pts',(0.787308574192151,3.98434820268388,0.249905893575539));
#1014=CARTESIAN_POINT('Ctrl Pts',(0.749988171184919,3.98425594101763,0.249996057061639));
#1015=CARTESIAN_POINT('Ctrl Pts',(0.749988173697728,3.98837810380556,-0.249997096893242));
#1016=CARTESIAN_POINT('Ctrl Pts',(0.787303838689028,3.98845502534586,-0.249931636814342));
#1017=CARTESIAN_POINT('Ctrl Pts',(0.86190635861638,3.98864293206439,-0.23275783408338));
#1018=CARTESIAN_POINT('Ctrl Pts',(0.951662045303652,3.98891190139322,-0.161060309774916));
#1019=CARTESIAN_POINT('Ctrl Pts',(1.00150707379501,3.98907259124692,-0.0574747205668668));
#1020=CARTESIAN_POINT('Ctrl Pts',(1.00144442973419,3.98907223989877,0.0574651632753986));
#1021=CARTESIAN_POINT('Ctrl Pts',(0.951688977578938,3.98891204963006,0.161067564222334));
#1022=CARTESIAN_POINT('Ctrl Pts',(0.861895076687721,3.98864289415188,0.232765181227078));
#1023=CARTESIAN_POINT('Ctrl Pts',(0.787303838689027,3.98845502534586,0.249931636814341));
#1024=CARTESIAN_POINT('Ctrl Pts',(0.749988173697728,3.98837810380556,0.249997096893241));
#1025=CARTESIAN_POINT('Ctrl Pts',(0.749996433371165,3.99658410451562,-0.253415052507991));
#1026=CARTESIAN_POINT('Ctrl Pts',(0.787830377472793,3.99661108375734,-0.253368812430119));
#1027=CARTESIAN_POINT('Ctrl Pts',(0.863476130800173,3.99667641602293,-0.236022144171951));
#1028=CARTESIAN_POINT('Ctrl Pts',(0.954554781543244,3.99676934390223,-0.163359444435907));
#1029=CARTESIAN_POINT('Ctrl Pts',(1.00515370025185,3.99682433160332,-0.0583075944839321));
#1030=CARTESIAN_POINT('Ctrl Pts',(1.00508749966245,3.99682414488647,0.0582960567525356));
#1031=CARTESIAN_POINT('Ctrl Pts',(0.954582346239968,3.99676939567103,0.163369513307834));
#1032=CARTESIAN_POINT('Ctrl Pts',(0.863464837398953,3.99667640894993,0.236027038867584));
#1033=CARTESIAN_POINT('Ctrl Pts',(0.787830377472792,3.99661108375734,0.253368812430119));
#1034=CARTESIAN_POINT('Ctrl Pts',(0.749996433371165,3.99658410451562,0.253415052507991));
#1035=CARTESIAN_POINT('Ctrl Pts',(0.750016265637909,4.,-0.261621891191743));
#1036=CARTESIAN_POINT('Ctrl Pts',(0.789075255693188,3.99999949891517,-0.261543030925529));
#1037=CARTESIAN_POINT('Ctrl Pts',(0.867142062025659,3.99999955776662,-0.243550248836112));
#1038=CARTESIAN_POINT('Ctrl Pts',(0.961029259222904,3.99999821329726,-0.168492806041481));
#1039=CARTESIAN_POINT('Ctrl Pts',(1.01314492428971,3.99999773307984,-0.0601213819621971));
#1040=CARTESIAN_POINT('Ctrl Pts',(1.01307823621755,3.9999980015076,0.0601106245615015));
#1041=CARTESIAN_POINT('Ctrl Pts',(0.961057429949106,3.99999820271501,0.168501887723097));
#1042=CARTESIAN_POINT('Ctrl Pts',(0.867130427631729,3.99999953865906,0.243556376471115));
#1043=CARTESIAN_POINT('Ctrl Pts',(0.789075255693188,3.99999949891517,0.261543030925529));
#1044=CARTESIAN_POINT('Ctrl Pts',(0.750016265637909,4.,0.261621891191743));
#1045=CARTESIAN_POINT('Ctrl Pts',(0.750026227037057,4.,-0.265744042074722));
#1046=CARTESIAN_POINT('Ctrl Pts',(0.789703153540826,4.,-0.265648160649443));
#1047=CARTESIAN_POINT('Ctrl Pts',(0.868985838695093,4.,-0.24733480997103));
#1048=CARTESIAN_POINT('Ctrl Pts',(0.964286445154613,4.,-0.171070560776193));
#1049=CARTESIAN_POINT('Ctrl Pts',(1.01716364439993,4.,-0.0610332877820673));
#1050=CARTESIAN_POINT('Ctrl Pts',(1.01709583145568,4.,0.0610222990066702));
#1051=CARTESIAN_POINT('Ctrl Pts',(0.964314964690794,4.,0.171080153191577));
#1052=CARTESIAN_POINT('Ctrl Pts',(0.868974104431034,4.,0.247340566471304));
#1053=CARTESIAN_POINT('Ctrl Pts',(0.789703153540826,4.,0.265648160649443));
#1054=CARTESIAN_POINT('Ctrl Pts',(0.750026227037057,4.,0.265744042074721));
#1055=CARTESIAN_POINT('Ctrl Pts',(0.750026227037057,4.,0.265744042074721));
#1056=CARTESIAN_POINT('Ctrl Pts',(0.789703153540826,4.,0.265648160649443));
#1057=CARTESIAN_POINT('Ctrl Pts',(0.868974104431034,4.,0.247340566471304));
#1058=CARTESIAN_POINT('Ctrl Pts',(0.964314964690794,4.,0.171080153191577));
#1059=CARTESIAN_POINT('Ctrl Pts',(1.01709583145568,4.,0.0610222990066702));
#1060=CARTESIAN_POINT('Ctrl Pts',(1.01716364439993,4.,-0.0610332877820673));
#1061=CARTESIAN_POINT('Ctrl Pts',(0.964286445154613,4.,-0.171070560776193));
#1062=CARTESIAN_POINT('Ctrl Pts',(0.868985838695093,4.,-0.24733480997103));
#1063=CARTESIAN_POINT('Ctrl Pts',(0.789703153540826,4.,-0.265648160649443));
#1064=CARTESIAN_POINT('Ctrl Pts',(0.750026227037057,4.,-0.265744042074722));
#1065=CARTESIAN_POINT('Ctrl Pts',(0.749988171184919,3.98425594101763,-0.24999605706164));
#1066=CARTESIAN_POINT('Ctrl Pts',(0.787308574192151,3.98434820268388,-0.249905893575539));
#1067=CARTESIAN_POINT('Ctrl Pts',(0.861886238675887,3.98457429534251,-0.232682299026794));
#1068=CARTESIAN_POINT('Ctrl Pts',(0.95154728666794,3.98490023088187,-0.160946590389197));
#1069=CARTESIAN_POINT('Ctrl Pts',(1.00130622521644,3.98509612405627,-0.0574246162138569));
#1070=CARTESIAN_POINT('Ctrl Pts',(1.00124230473111,3.9850957032253,0.05741414036985));
#1071=CARTESIAN_POINT('Ctrl Pts',(0.95157413545368,3.98490041378273,0.160955665368934));
#1072=CARTESIAN_POINT('Ctrl Pts',(0.861875160089321,3.9845742451075,0.232687721289881));
#1073=CARTESIAN_POINT('Ctrl Pts',(0.787308574192151,3.98434820268388,0.249905893575539));
#1074=CARTESIAN_POINT('Ctrl Pts',(0.749988171184919,3.98425594101763,0.249996057061639));
#1075=CARTESIAN_POINT('Ctrl Pts',(-0.74699472287442,0.,0.24899824095814));
#1076=CARTESIAN_POINT('Ctrl Pts',(-0.747992747643891,1.32836304642351,0.249330915881297));
#1077=CARTESIAN_POINT('Ctrl Pts',(-0.748990772413361,2.65672609284703,0.249663590804454));
#1078=CARTESIAN_POINT('Ctrl Pts',(-0.749988797182832,3.98508913927054,0.249996265727611));
#1079=CARTESIAN_POINT('Ctrl Pts',(-0.754624753547951,0.,0.226108148937549));
#1080=CARTESIAN_POINT('Ctrl Pts',(-0.76553410979472,1.32836304642352,0.234033146727511));
#1081=CARTESIAN_POINT('Ctrl Pts',(-0.776368379838177,2.65672609284703,0.241985940194097));
#1082=CARTESIAN_POINT('Ctrl Pts',(-0.787277736084946,3.98508913927054,0.24991093798406));
#1083=CARTESIAN_POINT('Ctrl Pts',(-0.767778822342003,0.,0.179626102527123));
#1084=CARTESIAN_POINT('Ctrl Pts',(-0.799080379397252,1.32836304642351,0.197368005759316));
#1085=CARTESIAN_POINT('Ctrl Pts',(-0.830486993135801,2.65672609284703,0.215009183536273));
#1086=CARTESIAN_POINT('Ctrl Pts',(-0.861788550191049,3.98508913927054,0.232751086768466));
#1087=CARTESIAN_POINT('Ctrl Pts',(-0.781027825168373,0.,0.108385934035284));
#1088=CARTESIAN_POINT('Ctrl Pts',(-0.837920659056685,1.32836304642351,0.125872987101055));
#1089=CARTESIAN_POINT('Ctrl Pts',(-0.894766959972873,2.65672609284703,0.143435118752495));
#1090=CARTESIAN_POINT('Ctrl Pts',(-0.951659793861185,3.98508913927054,0.160922171818267));
#1091=CARTESIAN_POINT('Ctrl Pts',(-0.787677387409558,0.,0.0362308262753103));
#1092=CARTESIAN_POINT('Ctrl Pts',(-0.85878610248746,1.32836304642352,0.0433761136200461));
#1093=CARTESIAN_POINT('Ctrl Pts',(-0.929978171859226,2.65672609284703,0.0504358033123191));
#1094=CARTESIAN_POINT('Ctrl Pts',(-1.00108688693713,3.98508913927055,0.0575810906570549));
#1095=CARTESIAN_POINT('Ctrl Pts',(-0.787683010172413,0.,-0.0603850220280925));
#1096=CARTESIAN_POINT('Ctrl Pts',(-0.859079312123296,1.32836304642351,-0.0723368044538694));
#1097=CARTESIAN_POINT('Ctrl Pts',(-0.930497415183992,2.65672609284703,-0.0842749911637321));
#1098=CARTESIAN_POINT('Ctrl Pts',(-1.00189371713488,3.98508913927054,-0.096226773589509));
#1099=CARTESIAN_POINT('Ctrl Pts',(-0.774362171431288,0.,-0.156385874487036));
#1100=CARTESIAN_POINT('Ctrl Pts',(-0.81629024740697,1.32836304642352,-0.179250173148649));
#1101=CARTESIAN_POINT('Ctrl Pts',(-0.858012425609298,2.65672609284702,-0.20195919245353));
#1102=CARTESIAN_POINT('Ctrl Pts',(-0.899940501584979,3.98508913927054,-0.224823491115144));
#1103=CARTESIAN_POINT('Ctrl Pts',(-0.754624753547951,0.,-0.226108148937548));
#1104=CARTESIAN_POINT('Ctrl Pts',(-0.765385102124962,1.32836304642351,-0.233953184274006));
#1105=CARTESIAN_POINT('Ctrl Pts',(-0.776517387507935,2.65672609284703,-0.242065902647602));
#1106=CARTESIAN_POINT('Ctrl Pts',(-0.787277736084946,3.98508913927054,-0.24991093798406));
#1107=CARTESIAN_POINT('Ctrl Pts',(-0.74699472287442,0.,-0.24899824095814));
#1108=CARTESIAN_POINT('Ctrl Pts',(-0.747992747643891,1.32836304642351,-0.249330915881297));
#1109=CARTESIAN_POINT('Ctrl Pts',(-0.748990772413361,2.65672609284703,-0.249663590804454));
#1110=CARTESIAN_POINT('Ctrl Pts',(-0.749988797182832,3.98508913927054,-0.24999626572761));
#1111=CARTESIAN_POINT('',(-0.74699472287442,0.,0.24899824095814));
#1112=CARTESIAN_POINT('',(-0.74699472287442,0.,0.24899824095814));
#1113=CARTESIAN_POINT('',(-0.787401574803149,0.,-9.64288818226262E-17));
#1114=CARTESIAN_POINT('Origin',(0.,0.,0.));
#1115=CARTESIAN_POINT('',(-0.74699472287442,0.,-0.248998240958139));
#1116=CARTESIAN_POINT('Origin',(0.,0.,0.));
#1117=CARTESIAN_POINT('',(-0.74699472287442,0.,-0.248998240958139));
#1118=CARTESIAN_POINT('Ctrl Pts',(0.746994722874421,0.,0.248998240958138));
#1119=CARTESIAN_POINT('Ctrl Pts',(0.74799253897792,1.32808531367254,0.249330846325972));
#1120=CARTESIAN_POINT('Ctrl Pts',(0.74899035508142,2.65617062734508,0.249663451693805));
#1121=CARTESIAN_POINT('Ctrl Pts',(0.749988171184919,3.98425594101763,0.249996057061639));
#1122=CARTESIAN_POINT('Ctrl Pts',(0.73936469220089,0.,0.27188833297873));
#1123=CARTESIAN_POINT('Ctrl Pts',(0.730521530221543,1.32808531367255,0.26472049949719));
#1124=CARTESIAN_POINT('Ctrl Pts',(0.721548595315542,2.65617062734508,0.2572539862829));
#1125=CARTESIAN_POINT('Ctrl Pts',(0.712705433336195,3.98425594101763,0.25008615280136));
#1126=CARTESIAN_POINT('Ctrl Pts',(0.713225032270105,0.,0.349226294867378));
#1127=CARTESIAN_POINT('Ctrl Pts',(0.687163986323321,1.32808531367254,0.316258983669151));
#1128=CARTESIAN_POINT('Ctrl Pts',(0.660995070418236,2.65617062734509,0.283357867357975));
#1129=CARTESIAN_POINT('Ctrl Pts',(0.634934024471452,3.98425594101763,0.250390556159748));
#1130=CARTESIAN_POINT('Ctrl Pts',(0.625052600647483,0.,0.484642224298078));
#1131=CARTESIAN_POINT('Ctrl Pts',(0.586150239138093,1.32808531367255,0.406752583602597));
#1132=CARTESIAN_POINT('Ctrl Pts',(0.54722136682838,2.65617062734508,0.328813195950255));
#1133=CARTESIAN_POINT('Ctrl Pts',(0.50831900531899,3.98425594101762,0.250923555254775));
#1134=CARTESIAN_POINT('Ctrl Pts',(0.556586766593164,0.,0.559029938119559));
#1135=CARTESIAN_POINT('Ctrl Pts',(0.515626485018782,1.32808531367254,0.45640895820214));
#1136=CARTESIAN_POINT('Ctrl Pts',(0.474403731783336,2.65617062734509,0.353837326310687));
#1137=CARTESIAN_POINT('Ctrl Pts',(0.433443450208954,3.98425594101763,0.251216346393268));
#1138=CARTESIAN_POINT('Ctrl Pts',(0.436018983680365,0.,0.666101380954427));
#1139=CARTESIAN_POINT('Ctrl Pts',(0.395902714610919,1.32808531367255,0.527974983420289));
#1140=CARTESIAN_POINT('Ctrl Pts',(0.356117785441109,2.65617062734508,0.389764178705235));
#1141=CARTESIAN_POINT('Ctrl Pts',(0.316001516371663,3.98425594101763,0.251637781171098));
#1142=CARTESIAN_POINT('Ctrl Pts',(0.201878816573463,0.,0.794487313769325));
#1143=CARTESIAN_POINT('Ctrl Pts',(0.179437049828865,1.32808531367254,0.613655613635523));
#1144=CARTESIAN_POINT('Ctrl Pts',(0.156934937484484,2.65617062734509,0.432974810229586));
#1145=CARTESIAN_POINT('Ctrl Pts',(0.134493170739886,3.98425594101763,0.252143110095784));
#1146=CARTESIAN_POINT('Ctrl Pts',(-0.112010838205856,0.,0.794687738970235));
#1147=CARTESIAN_POINT('Ctrl Pts',(-0.0995664404226219,1.32808531367254,
0.613810173880764));
#1148=CARTESIAN_POINT('Ctrl Pts',(-0.0871622589502061,2.65617062734508,
0.433021464061802));
#1149=CARTESIAN_POINT('Ctrl Pts',(-0.0747178611669723,3.98425594101763,
0.25214389897233));
#1150=CARTESIAN_POINT('Ctrl Pts',(-0.349257708010827,0.,0.714057139014756));
#1151=CARTESIAN_POINT('Ctrl Pts',(-0.315655320008131,1.32808531367254,0.560060760070821));
#1152=CARTESIAN_POINT('Ctrl Pts',(-0.281984987907141,2.65617062734508,0.405822914685894));
#1153=CARTESIAN_POINT('Ctrl Pts',(-0.248382599904445,3.98425594101763,0.251826535741959));
#1154=CARTESIAN_POINT('Ctrl Pts',(-0.550851186423666,0.,0.586386317164345));
#1155=CARTESIAN_POINT('Ctrl Pts',(-0.505566544133264,1.32808531367254,0.474665239137389));
#1156=CARTESIAN_POINT('Ctrl Pts',(-0.460274358539153,2.65617062734508,0.36304509953153));
#1157=CARTESIAN_POINT('Ctrl Pts',(-0.414989716248751,3.98425594101763,0.251324021504574));
#1158=CARTESIAN_POINT('Ctrl Pts',(-0.676711317122121,0.,0.414439306204178));
#1159=CARTESIAN_POINT('Ctrl Pts',(-0.641991283984357,1.32808531367254,0.359901518316942));
#1160=CARTESIAN_POINT('Ctrl Pts',(-0.607355388724397,2.65617062734508,0.305185023421211));
#1161=CARTESIAN_POINT('Ctrl Pts',(-0.572635355586632,3.98425594101763,0.250647235533974));
#1162=CARTESIAN_POINT('Ctrl Pts',(-0.730271732915014,0.,0.297482380574358));
#1163=CARTESIAN_POINT('Ctrl Pts',(-0.715874466774637,1.32808531367254,0.28161477645391));
#1164=CARTESIAN_POINT('Ctrl Pts',(-0.701177401862138,2.65617062734508,0.266054495470544));
#1165=CARTESIAN_POINT('Ctrl Pts',(-0.686780135721761,3.98425594101763,0.250186891350096));
#1166=CARTESIAN_POINT('Ctrl Pts',(-0.743179707537655,0.,0.260443286968435));
#1167=CARTESIAN_POINT('Ctrl Pts',(-0.7391415594085,1.32808531367254,0.257068951859684));
#1168=CARTESIAN_POINT('Ctrl Pts',(-0.735384950389713,2.65617062734508,0.253415440040252));
#1169=CARTESIAN_POINT('Ctrl Pts',(-0.731346802260557,3.98425594101763,0.2500411049315));
#1170=CARTESIAN_POINT('Ctrl Pts',(-0.74699472287442,0.,0.24899824095814));
#1171=CARTESIAN_POINT('Ctrl Pts',(-0.74799253897792,1.32808531367254,0.249330846325973));
#1172=CARTESIAN_POINT('Ctrl Pts',(-0.74899035508142,2.65617062734508,0.249663451693806));
#1173=CARTESIAN_POINT('Ctrl Pts',(-0.749988171184919,3.98425594101763,0.249996057061639));
#1174=CARTESIAN_POINT('',(0.746994722874421,0.,0.248998240958138));
#1175=CARTESIAN_POINT('',(0.746994722874421,0.,0.248998240958138));
#1176=CARTESIAN_POINT('',(0.746293879634878,0.,0.251090989925966));
#1177=CARTESIAN_POINT('Origin',(0.,0.,0.));
#1178=CARTESIAN_POINT('',(-0.746293879634878,0.,0.251090989925968));
#1179=CARTESIAN_POINT('Origin',(0.,0.,0.));
#1180=CARTESIAN_POINT('Origin',(0.,0.,0.));
#1181=CARTESIAN_POINT('Origin',(4.37095678986282E-17,4.,-1.94329877681076E-16));
#1182=CARTESIAN_POINT('',(0.750131396590946,4.,0.352445971052153));
#1183=CARTESIAN_POINT('',(-0.750131396590947,4.,0.352445971052154));
#1184=CARTESIAN_POINT('Ctrl Pts',(0.750131396590946,4.,0.352445971052153));
#1185=CARTESIAN_POINT('Ctrl Pts',(0.53580803576884,4.,0.352972864632446));
#1186=CARTESIAN_POINT('Ctrl Pts',(0.0357207708079521,4.,0.355466392405142));
#1187=CARTESIAN_POINT('Ctrl Pts',(-0.464366915494804,4.,0.353148495825877));
#1188=CARTESIAN_POINT('Ctrl Pts',(-0.750131396590947,4.,0.352445971052154));
#1189=CARTESIAN_POINT('',(0.750131396590947,4.,-0.352445971052154));
#1190=CARTESIAN_POINT('Ctrl Pts',(0.750131396590947,4.,-0.352445971052154));
#1191=CARTESIAN_POINT('Ctrl Pts',(0.80274932561358,4.,-0.352316614882561));
#1192=CARTESIAN_POINT('Ctrl Pts',(0.907930443594157,4.,-0.328066455462547));
#1193=CARTESIAN_POINT('Ctrl Pts',(1.03421918357276,4.,-0.226831046476803));
#1194=CARTESIAN_POINT('Ctrl Pts',(1.10436175935781,4.,-0.0809341248774787));
#1195=CARTESIAN_POINT('Ctrl Pts',(1.10426994566617,4.,0.0809334436436928));
#1196=CARTESIAN_POINT('Ctrl Pts',(1.0342968758181,4.,0.226887457567641));
#1197=CARTESIAN_POINT('Ctrl Pts',(0.907871519635637,4.,0.328037589737276));
#1198=CARTESIAN_POINT('Ctrl Pts',(0.80274932561358,4.,0.35231661488256));
#1199=CARTESIAN_POINT('Ctrl Pts',(0.750131396590947,4.,0.352445971052154));
#1200=CARTESIAN_POINT('',(-0.750131396590947,4.,-0.352445971052154));
#1201=CARTESIAN_POINT('Ctrl Pts',(-0.750131396590946,4.,-0.352445971052154));
#1202=CARTESIAN_POINT('Ctrl Pts',(-0.53580803576884,4.,-0.352972864632446));
#1203=CARTESIAN_POINT('Ctrl Pts',(-0.0357207708079517,4.,-0.355466392405142));
#1204=CARTESIAN_POINT('Ctrl Pts',(0.464366915494804,4.,-0.353148495825877));
#1205=CARTESIAN_POINT('Ctrl Pts',(0.750131396590947,4.,-0.352445971052154));
#1206=CARTESIAN_POINT('Ctrl Pts',(-0.750131396590947,4.,0.352445971052154));
#1207=CARTESIAN_POINT('Ctrl Pts',(-0.80274932561358,4.,0.352316614882561));
#1208=CARTESIAN_POINT('Ctrl Pts',(-0.907889530773863,4.,0.328027929542749));
#1209=CARTESIAN_POINT('Ctrl Pts',(-1.03426061094304,4.,0.226871667888021));
#1210=CARTESIAN_POINT('Ctrl Pts',(-1.10436573736883,4.,0.0809371942456377));
#1211=CARTESIAN_POINT('Ctrl Pts',(-1.10427773898521,4.,-0.0809258385957204));
#1212=CARTESIAN_POINT('Ctrl Pts',(-1.03429869021324,4.,-0.226885925188777));
#1213=CARTESIAN_POINT('Ctrl Pts',(-0.907873367938167,4.,-0.328035783968427));
#1214=CARTESIAN_POINT('Ctrl Pts',(-0.80274932561358,4.,-0.352316614882561));
#1215=CARTESIAN_POINT('Ctrl Pts',(-0.750131396590947,4.,-0.352445971052154));
#1216=CARTESIAN_POINT('Ctrl Pts',(0.750131396590946,4.,0.352445971052153));
#1217=CARTESIAN_POINT('Ctrl Pts',(0.53580803576884,4.,0.352972864632446));
#1218=CARTESIAN_POINT('Ctrl Pts',(0.0357207708079521,4.,0.355466392405142));
#1219=CARTESIAN_POINT('Ctrl Pts',(-0.464366915494804,4.,0.353148495825877));
#1220=CARTESIAN_POINT('Ctrl Pts',(-0.750131396590947,4.,0.352445971052154));
#1221=CARTESIAN_POINT('Ctrl Pts',(0.750141497567301,4.,0.356554723333071));
#1222=CARTESIAN_POINT('Ctrl Pts',(0.535829633454301,3.99999714188122,0.35699214544556));
#1223=CARTESIAN_POINT('Ctrl Pts',(0.0357251461394472,3.99999599659553,0.359032105354227));
#1224=CARTESIAN_POINT('Ctrl Pts',(-0.464392345416635,3.99999618917496,0.357137952816389));
#1225=CARTESIAN_POINT('Ctrl Pts',(-0.750141497567301,4.,0.356554723333072));
#1226=CARTESIAN_POINT('Ctrl Pts',(0.750161608995049,3.99660745122834,0.364735405252826));
#1227=CARTESIAN_POINT('Ctrl Pts',(0.535872555225534,3.99676226995281,0.365001817329897));
#1228=CARTESIAN_POINT('Ctrl Pts',(0.0357338568642572,3.99749903103401,0.366152359380383));
#1229=CARTESIAN_POINT('Ctrl Pts',(-0.464442870635696,3.9968138761943,0.365090621355587));
#1230=CARTESIAN_POINT('Ctrl Pts',(-0.750161608995049,3.99660745122834,0.364735405252827));
#1231=CARTESIAN_POINT('Ctrl Pts',(0.750170056844325,3.9884450356886,0.368171718611693));
#1232=CARTESIAN_POINT('Ctrl Pts',(0.535891197009581,3.98888744563339,0.368554344191168));
#1233=CARTESIAN_POINT('Ctrl Pts',(0.035738020136263,3.99108298315143,0.370169838091225));
#1234=CARTESIAN_POINT('Ctrl Pts',(-0.464464910397999,3.98903491561499,0.368681886050993));
#1235=CARTESIAN_POINT('Ctrl Pts',(-0.750170056844326,3.9884450356886,0.368171718611693));
#1236=CARTESIAN_POINT('Ctrl Pts',(0.750170110954767,3.98433632994645,0.368193728998796));
#1237=CARTESIAN_POINT('Ctrl Pts',(0.535891568294562,3.98486783847901,0.368717665082961));
#1238=CARTESIAN_POINT('Ctrl Pts',(0.0357383962637285,3.9875776984007,0.370960106493214));
#1239=CARTESIAN_POINT('Ctrl Pts',(-0.464465387407828,3.98504500798987,0.36889231044435));
#1240=CARTESIAN_POINT('Ctrl Pts',(-0.750170110954767,3.98433632994645,0.368193728998796));
#1241=CARTESIAN_POINT('',(-0.750170110954767,3.98433632994645,0.368193728998796));
#1242=CARTESIAN_POINT('Origin',(-0.750131396590947,3.98425196850394,0.352445971052154));
#1243=CARTESIAN_POINT('',(0.750170110954767,3.98433632994645,0.368193728998795));
#1244=CARTESIAN_POINT('Ctrl Pts',(-0.750170110954767,3.98433632994645,0.368193728998796));
#1245=CARTESIAN_POINT('Ctrl Pts',(-0.464465387407828,3.98504500798987,0.36889231044435));
#1246=CARTESIAN_POINT('Ctrl Pts',(0.0357383962637285,3.9875776984007,0.370960106493214));
#1247=CARTESIAN_POINT('Ctrl Pts',(0.535891568294562,3.98486783847901,0.368717665082961));
#1248=CARTESIAN_POINT('Ctrl Pts',(0.750170110954767,3.98433632994645,0.368193728998796));
#1249=CARTESIAN_POINT('Origin',(0.750131396590947,3.98425196850393,0.352445971052153));
#1250=CARTESIAN_POINT('Ctrl Pts',(-0.750131396590947,4.,0.352445971052154));
#1251=CARTESIAN_POINT('Ctrl Pts',(-0.80274932561358,4.,0.352316614882561));
#1252=CARTESIAN_POINT('Ctrl Pts',(-0.907889530773863,4.,0.328027929542749));
#1253=CARTESIAN_POINT('Ctrl Pts',(-1.03426061094304,4.,0.226871667888021));
#1254=CARTESIAN_POINT('Ctrl Pts',(-1.10436573736883,4.,0.0809371942456377));
#1255=CARTESIAN_POINT('Ctrl Pts',(-1.10427773898521,4.,-0.0809258385957204));
#1256=CARTESIAN_POINT('Ctrl Pts',(-1.03429869021324,4.,-0.226885925188777));
#1257=CARTESIAN_POINT('Ctrl Pts',(-0.907873367938167,4.,-0.328035783968427));
#1258=CARTESIAN_POINT('Ctrl Pts',(-0.80274932561358,4.,-0.352316614882561));
#1259=CARTESIAN_POINT('Ctrl Pts',(-0.750131396590947,4.,-0.352445971052154));
#1260=CARTESIAN_POINT('Ctrl Pts',(-0.750141497567301,4.,0.356554723333072));
#1261=CARTESIAN_POINT('Ctrl Pts',(-0.803375396446446,4.00000059515679,0.356442477953941));
#1262=CARTESIAN_POINT('Ctrl Pts',(-0.909761232787122,4.00000002769302,0.331917942108927));
#1263=CARTESIAN_POINT('Ctrl Pts',(-1.03768951251738,4.00000172047097,0.229607090744234));
#1264=CARTESIAN_POINT('Ctrl Pts',(-1.10868319626173,4.00000232467947,0.081923335001092));
#1265=CARTESIAN_POINT('Ctrl Pts',(-1.10859310690185,4.0000018717791,-0.0819112662300485));
#1266=CARTESIAN_POINT('Ctrl Pts',(-1.03772821574406,4.0000017508934,-0.229622170906051));
#1267=CARTESIAN_POINT('Ctrl Pts',(-0.909744878434977,4.00000006303103,-0.33192547252855));
#1268=CARTESIAN_POINT('Ctrl Pts',(-0.803375396446446,4.00000059515679,-0.356442477953941));
#1269=CARTESIAN_POINT('Ctrl Pts',(-0.750141497567301,4.,-0.356554723333072));
#1270=CARTESIAN_POINT('Ctrl Pts',(-0.750161608874486,3.99660740192364,0.364735356211698));
#1271=CARTESIAN_POINT('Ctrl Pts',(-0.804616794296766,3.99657516344027,0.364655706799469));
#1272=CARTESIAN_POINT('Ctrl Pts',(-0.913486306680066,3.99649556350186,0.33965010097972));
#1273=CARTESIAN_POINT('Ctrl Pts',(-1.04449987519388,3.9963773152843,0.235043691333511));
#1274=CARTESIAN_POINT('Ctrl Pts',(-1.11725538135717,3.99630512993191,0.0838799061853943));
#1275=CARTESIAN_POINT('Ctrl Pts',(-1.1171644114404,3.99630541165567,-0.0838681292817941));
#1276=CARTESIAN_POINT('Ctrl Pts',(-1.04453959488448,3.9963772356569,-0.235057883575422));
#1277=CARTESIAN_POINT('Ctrl Pts',(-0.913469319149773,3.99649557616499,-0.339659064271846));
#1278=CARTESIAN_POINT('Ctrl Pts',(-0.804616794296766,3.99657516344027,-0.364655706799469));
#1279=CARTESIAN_POINT('Ctrl Pts',(-0.750161608874486,3.99660740192364,-0.364735356211697));
#1280=CARTESIAN_POINT('Ctrl Pts',(-0.750170056844326,3.9884450356886,0.368171718611693));
#1281=CARTESIAN_POINT('Ctrl Pts',(-0.805146040851972,3.98835291100732,0.368066584073952));
#1282=CARTESIAN_POINT('Ctrl Pts',(-0.915011406199933,3.98812508489822,0.342771732955082));
#1283=CARTESIAN_POINT('Ctrl Pts',(-1.04715401693868,3.98779262024303,0.23712948838));
#1284=CARTESIAN_POINT('Ctrl Pts',(-1.1204881913419,3.9875915242602,0.0846114772188831));
#1285=CARTESIAN_POINT('Ctrl Pts',(-1.1203928160947,3.98759201367118,-0.0845978323158519));
#1286=CARTESIAN_POINT('Ctrl Pts',(-1.04719420078681,3.98779242362335,-0.237146852978133));
#1287=CARTESIAN_POINT('Ctrl Pts',(-0.914994705347416,3.9881251377772,-0.342778023814457));
#1288=CARTESIAN_POINT('Ctrl Pts',(-0.805146040851972,3.98835291100732,-0.368066584073952));
#1289=CARTESIAN_POINT('Ctrl Pts',(-0.750170056844326,3.9884450356886,-0.368171718611693));
#1290=CARTESIAN_POINT('Ctrl Pts',(-0.750170110954767,3.98433632994645,0.368193728998796));
#1291=CARTESIAN_POINT('Ctrl Pts',(-0.805144433807165,3.98422565193223,0.368059172766351));
#1292=CARTESIAN_POINT('Ctrl Pts',(-0.914990905658639,3.98395255837033,0.342681148725796));
#1293=CARTESIAN_POINT('Ctrl Pts',(-1.04700016638543,3.98355806271561,0.236992423100875));
#1294=CARTESIAN_POINT('Ctrl Pts',(-1.12021801005039,3.98332124257196,0.0845431363684596));
#1295=CARTESIAN_POINT('Ctrl Pts',(-1.12012624136702,3.98332173910846,-0.0845314568735919));
#1296=CARTESIAN_POINT('Ctrl Pts',(-1.0470399280634,3.9835578384243,-0.237007228530562));
#1297=CARTESIAN_POINT('Ctrl Pts',(-0.914974076392355,3.98395262092686,-0.342689343035558));
#1298=CARTESIAN_POINT('Ctrl Pts',(-0.805144433807165,3.98422565193223,-0.368059172766351));
#1299=CARTESIAN_POINT('Ctrl Pts',(-0.750170110954767,3.98433632994645,-0.368193728998796));
#1300=CARTESIAN_POINT('',(-0.750170110954767,3.98433632994645,-0.368193728998796));
#1301=CARTESIAN_POINT('Origin',(-0.750131396590947,3.98425196850394,-0.352445971052154));
#1302=CARTESIAN_POINT('Ctrl Pts',(-0.750170110954767,3.98433632994645,-0.368193728998796));
#1303=CARTESIAN_POINT('Ctrl Pts',(-0.805144433807165,3.98422565193223,-0.368059172766351));
#1304=CARTESIAN_POINT('Ctrl Pts',(-0.914974076392355,3.98395262092686,-0.342689343035558));
#1305=CARTESIAN_POINT('Ctrl Pts',(-1.0470399280634,3.9835578384243,-0.237007228530562));
#1306=CARTESIAN_POINT('Ctrl Pts',(-1.12012624136702,3.98332173910846,-0.0845314568735919));
#1307=CARTESIAN_POINT('Ctrl Pts',(-1.12021801005039,3.98332124257196,0.0845431363684596));
#1308=CARTESIAN_POINT('Ctrl Pts',(-1.04700016638543,3.98355806271561,0.236992423100875));
#1309=CARTESIAN_POINT('Ctrl Pts',(-0.914990905658639,3.98395255837033,0.342681148725796));
#1310=CARTESIAN_POINT('Ctrl Pts',(-0.805144433807165,3.98422565193223,0.368059172766351));
#1311=CARTESIAN_POINT('Ctrl Pts',(-0.750170110954767,3.98433632994645,0.368193728998796));
#1312=CARTESIAN_POINT('Ctrl Pts',(-0.750131396590946,4.,-0.352445971052154));
#1313=CARTESIAN_POINT('Ctrl Pts',(-0.53580803576884,4.,-0.352972864632446));
#1314=CARTESIAN_POINT('Ctrl Pts',(-0.0357207708079517,4.,-0.355466392405142));
#1315=CARTESIAN_POINT('Ctrl Pts',(0.464366915494804,4.,-0.353148495825877));
#1316=CARTESIAN_POINT('Ctrl Pts',(0.750131396590947,4.,-0.352445971052154));
#1317=CARTESIAN_POINT('Ctrl Pts',(-0.750141497567301,4.,-0.356554723333072));
#1318=CARTESIAN_POINT('Ctrl Pts',(-0.535829633454301,3.99999714188122,-0.35699214544556));
#1319=CARTESIAN_POINT('Ctrl Pts',(-0.0357251461394465,3.99999599659553,
-0.359032105354227));
#1320=CARTESIAN_POINT('Ctrl Pts',(0.464392345416636,3.99999618917496,-0.35713795281639));
#1321=CARTESIAN_POINT('Ctrl Pts',(0.750141497567301,4.,-0.356554723333072));
#1322=CARTESIAN_POINT('Ctrl Pts',(-0.750161608995049,3.99660745122834,-0.364735405252827));
#1323=CARTESIAN_POINT('Ctrl Pts',(-0.535872555225534,3.99676226995281,-0.365001817329897));
#1324=CARTESIAN_POINT('Ctrl Pts',(-0.0357338568642572,3.99749903103401,
-0.366152359380383));
#1325=CARTESIAN_POINT('Ctrl Pts',(0.464442870635696,3.9968138761943,-0.365090621355587));
#1326=CARTESIAN_POINT('Ctrl Pts',(0.750161608995049,3.99660745122834,-0.364735405252827));
#1327=CARTESIAN_POINT('Ctrl Pts',(-0.750170056844325,3.9884450356886,-0.368171718611693));
#1328=CARTESIAN_POINT('Ctrl Pts',(-0.53589119700958,3.98888744563339,-0.368554344191169));
#1329=CARTESIAN_POINT('Ctrl Pts',(-0.0357380201362623,3.99108298315143,
-0.370169838091225));
#1330=CARTESIAN_POINT('Ctrl Pts',(0.464464910398,3.98903491561499,-0.368681886050994));
#1331=CARTESIAN_POINT('Ctrl Pts',(0.750170056844326,3.9884450356886,-0.368171718611693));
#1332=CARTESIAN_POINT('Ctrl Pts',(-0.750170110954767,3.98433632994645,-0.368193728998796));
#1333=CARTESIAN_POINT('Ctrl Pts',(-0.535891568294562,3.98486783847901,-0.368717665082962));
#1334=CARTESIAN_POINT('Ctrl Pts',(-0.035738396263728,3.9875776984007,-0.370960106493215));
#1335=CARTESIAN_POINT('Ctrl Pts',(0.464465387407828,3.98504500798987,-0.36889231044435));
#1336=CARTESIAN_POINT('Ctrl Pts',(0.750170110954767,3.98433632994645,-0.368193728998796));
#1337=CARTESIAN_POINT('',(0.750170110954767,3.98433632994645,-0.368193728998797));
#1338=CARTESIAN_POINT('Origin',(0.750131396590947,3.98425196850394,-0.352445971052154));
#1339=CARTESIAN_POINT('Ctrl Pts',(0.750170110954767,3.98433632994645,-0.368193728998796));
#1340=CARTESIAN_POINT('Ctrl Pts',(0.464465387407828,3.98504500798987,-0.36889231044435));
#1341=CARTESIAN_POINT('Ctrl Pts',(-0.035738396263728,3.9875776984007,-0.370960106493215));
#1342=CARTESIAN_POINT('Ctrl Pts',(-0.535891568294562,3.98486783847901,-0.368717665082962));
#1343=CARTESIAN_POINT('Ctrl Pts',(-0.750170110954767,3.98433632994645,-0.368193728998796));
#1344=CARTESIAN_POINT('Ctrl Pts',(0.750131396590947,4.,-0.352445971052154));
#1345=CARTESIAN_POINT('Ctrl Pts',(0.80274932561358,4.,-0.352316614882561));
#1346=CARTESIAN_POINT('Ctrl Pts',(0.907930443594157,4.,-0.328066455462547));
#1347=CARTESIAN_POINT('Ctrl Pts',(1.03421918357276,4.,-0.226831046476803));
#1348=CARTESIAN_POINT('Ctrl Pts',(1.10436175935781,4.,-0.0809341248774787));
#1349=CARTESIAN_POINT('Ctrl Pts',(1.10426994566617,4.,0.0809334436436928));
#1350=CARTESIAN_POINT('Ctrl Pts',(1.0342968758181,4.,0.226887457567641));
#1351=CARTESIAN_POINT('Ctrl Pts',(0.907871519635637,4.,0.328037589737276));
#1352=CARTESIAN_POINT('Ctrl Pts',(0.80274932561358,4.,0.35231661488256));
#1353=CARTESIAN_POINT('Ctrl Pts',(0.750131396590947,4.,0.352445971052154));
#1354=CARTESIAN_POINT('Ctrl Pts',(0.750141497567301,4.,-0.356554723333073));
#1355=CARTESIAN_POINT('Ctrl Pts',(0.803375396446445,4.00000059515679,-0.356442477953941));
#1356=CARTESIAN_POINT('Ctrl Pts',(0.909802444390893,3.99999997374363,-0.331957572657339));
#1357=CARTESIAN_POINT('Ctrl Pts',(1.03764715791013,4.00000137023765,-0.22956579533235));
#1358=CARTESIAN_POINT('Ctrl Pts',(1.10867919649125,4.00000233717484,-0.0819201317154803));
#1359=CARTESIAN_POINT('Ctrl Pts',(1.10858512785513,4.00000179890432,0.0819189956780183));
#1360=CARTESIAN_POINT('Ctrl Pts',(1.03772637502015,4.00000174566684,0.229623749049919));
#1361=CARTESIAN_POINT('Ctrl Pts',(0.909742984086147,4.00000004474354,0.331927305227932));
#1362=CARTESIAN_POINT('Ctrl Pts',(0.803375396446446,4.00000059515679,0.356442477953941));
#1363=CARTESIAN_POINT('Ctrl Pts',(0.750141497567301,4.,0.356554723333072));
#1364=CARTESIAN_POINT('Ctrl Pts',(0.75016160887198,3.9966074008986,-0.364735355192138));
#1365=CARTESIAN_POINT('Ctrl Pts',(0.804616794294258,3.99657516241523,-0.364655705779909));
#1366=CARTESIAN_POINT('Ctrl Pts',(0.913528456420097,3.99649552027623,-0.339690250035663));
#1367=CARTESIAN_POINT('Ctrl Pts',(1.04445823004325,3.99637746267561,-0.235000625183813));
#1368=CARTESIAN_POINT('Ctrl Pts',(1.1172512395242,3.99630513149397,-0.0838767520837582));
#1369=CARTESIAN_POINT('Ctrl Pts',(1.11715659237454,3.99630544034555,0.0838761960527199));
#1370=CARTESIAN_POINT('Ctrl Pts',(1.04453773758705,3.99637723858302,0.235059483760417));
#1371=CARTESIAN_POINT('Ctrl Pts',(0.913467466758305,3.99649558246575,0.339660982414974));
#1372=CARTESIAN_POINT('Ctrl Pts',(0.80461679429426,3.99657516241523,0.364655705779908));
#1373=CARTESIAN_POINT('Ctrl Pts',(0.75016160887198,3.9966074008986,0.364735355192137));
#1374=CARTESIAN_POINT('Ctrl Pts',(0.750170056844326,3.9884450356886,-0.368171718611694));
#1375=CARTESIAN_POINT('Ctrl Pts',(0.805146040851972,3.98835291100732,-0.368066584073952));
#1376=CARTESIAN_POINT('Ctrl Pts',(0.915053804611631,3.98812491789334,-0.342813977421977));
#1377=CARTESIAN_POINT('Ctrl Pts',(1.04710841204907,3.98779283354778,-0.237087072698646));
#1378=CARTESIAN_POINT('Ctrl Pts',(1.12048412235341,3.9875915413293,-0.0846079337523796));
#1379=CARTESIAN_POINT('Ctrl Pts',(1.12038419039897,3.98759205471614,0.0846057646301234));
#1380=CARTESIAN_POINT('Ctrl Pts',(1.04719227090739,3.98779243231758,0.237148536028802));
#1381=CARTESIAN_POINT('Ctrl Pts',(0.914992651338498,3.98812514761305,0.342779896928535));
#1382=CARTESIAN_POINT('Ctrl Pts',(0.805146040851973,3.98835291100732,0.368066584073952));
#1383=CARTESIAN_POINT('Ctrl Pts',(0.750170056844326,3.9884450356886,0.368171718611693));
#1384=CARTESIAN_POINT('Ctrl Pts',(0.750170110954767,3.98433632994645,-0.368193728998797));
#1385=CARTESIAN_POINT('Ctrl Pts',(0.805144433807165,3.98422565193223,-0.368059172766351));
#1386=CARTESIAN_POINT('Ctrl Pts',(0.915033815008706,3.98395233138585,-0.342721356871101));
#1387=CARTESIAN_POINT('Ctrl Pts',(1.04695671154731,3.98355829099284,-0.236950012495731));
#1388=CARTESIAN_POINT('Ctrl Pts',(1.12021383966513,3.98332126553184,-0.0845399391783416));
#1389=CARTESIAN_POINT('Ctrl Pts',(1.12011806652232,3.98332178212695,0.0845393964149557));
#1390=CARTESIAN_POINT('Ctrl Pts',(1.04703802544443,3.98355784872961,0.237008826324912));
#1391=CARTESIAN_POINT('Ctrl Pts',(0.914972137599897,3.98395263116845,0.342691228215927));
#1392=CARTESIAN_POINT('Ctrl Pts',(0.805144433807166,3.98422565193223,0.368059172766351));
#1393=CARTESIAN_POINT('Ctrl Pts',(0.750170110954767,3.98433632994645,0.368193728998796));
#1394=CARTESIAN_POINT('Ctrl Pts',(0.750170110954767,3.98433632994645,0.368193728998796));
#1395=CARTESIAN_POINT('Ctrl Pts',(0.805144433807166,3.98422565193223,0.368059172766351));
#1396=CARTESIAN_POINT('Ctrl Pts',(0.914972137599897,3.98395263116845,0.342691228215927));
#1397=CARTESIAN_POINT('Ctrl Pts',(1.04703802544443,3.98355784872961,0.237008826324912));
#1398=CARTESIAN_POINT('Ctrl Pts',(1.12011806652232,3.98332178212695,0.0845393964149557));
#1399=CARTESIAN_POINT('Ctrl Pts',(1.12021383966513,3.98332126553184,-0.0845399391783416));
#1400=CARTESIAN_POINT('Ctrl Pts',(1.04695671154731,3.98355829099284,-0.236950012495731));
#1401=CARTESIAN_POINT('Ctrl Pts',(0.915033815008706,3.98395233138585,-0.342721356871101));
#1402=CARTESIAN_POINT('Ctrl Pts',(0.805144433807165,3.98422565193223,-0.368059172766351));
#1403=CARTESIAN_POINT('Ctrl Pts',(0.750170110954767,3.98433632994645,-0.368193728998797));
#1404=CARTESIAN_POINT('Ctrl Pts',(0.793440893273492,0.,-0.389431619533184));
#1405=CARTESIAN_POINT('Ctrl Pts',(0.77901729916725,1.32811210998215,-0.382352322688388));
#1406=CARTESIAN_POINT('Ctrl Pts',(0.764593705061008,2.6562242199643,-0.375273025843593));
#1407=CARTESIAN_POINT('Ctrl Pts',(0.750170110954767,3.98433632994645,-0.368193728998797));
#1408=CARTESIAN_POINT('Ctrl Pts',(0.810363423893612,0.,-0.35495309457989));
#1409=CARTESIAN_POINT('Ctrl Pts',(0.808602339271123,1.32811210998215,-0.359341160827056));
#1410=CARTESIAN_POINT('Ctrl Pts',(0.806850979076079,2.6562242199643,-0.363670647691931));
#1411=CARTESIAN_POINT('Ctrl Pts',(0.805089894453591,3.98433632994645,-0.368058713939097));
#1412=CARTESIAN_POINT('Ctrl Pts',(0.839707003790834,0.,-0.283786985488237));
#1413=CARTESIAN_POINT('Ctrl Pts',(0.86476671513004,1.32811210998215,-0.303438359579055));
#1414=CARTESIAN_POINT('Ctrl Pts',(0.889801103195309,2.6562242199643,-0.323089418385029));
#1415=CARTESIAN_POINT('Ctrl Pts',(0.914860814534515,3.98433632994645,-0.342740792475847));
#1416=CARTESIAN_POINT('Ctrl Pts',(0.869474040775864,0.,-0.172221977656967));
#1417=CARTESIAN_POINT('Ctrl Pts',(0.928630493006418,1.32811210998215,-0.193855070369163));
#1418=CARTESIAN_POINT('Ctrl Pts',(0.987834888350165,2.6562242199643,-0.215502418662806));
#1419=CARTESIAN_POINT('Ctrl Pts',(1.04699134058072,3.98433632994645,-0.237135511375002));
#1420=CARTESIAN_POINT('Ctrl Pts',(0.884482444071778,0.,-0.0577338616372077));
#1421=CARTESIAN_POINT('Ctrl Pts',(0.96306390096265,1.32811210998215,-0.0666889014780484));
#1422=CARTESIAN_POINT('Ctrl Pts',(1.04159977594828,2.6562242199643,-0.0756494047577303));
#1423=CARTESIAN_POINT('Ctrl Pts',(1.12018123283915,3.98433632994645,-0.084604444598571));
#1424=CARTESIAN_POINT('Ctrl Pts',(0.884484151015478,0.,0.0577338582382));
#1425=CARTESIAN_POINT('Ctrl Pts',(0.963064851885107,1.32811210998215,0.066688860899482));
#1426=CARTESIAN_POINT('Ctrl Pts',(1.04169571573774,2.6562242199643,0.0756504005719823));
#1427=CARTESIAN_POINT('Ctrl Pts',(1.12027641660737,3.98433632994645,0.0846054032332643));
#1428=CARTESIAN_POINT('Ctrl Pts',(0.869472236735806,0.,0.17222161270159));
#1429=CARTESIAN_POINT('Ctrl Pts',(0.92863024107542,1.32811210998215,0.193853394721307));
#1430=CARTESIAN_POINT('Ctrl Pts',(0.987750096583198,2.6562242199643,0.215436004440566));
#1431=CARTESIAN_POINT('Ctrl Pts',(1.04690810092281,3.98433632994645,0.237067786460283));
#1432=CARTESIAN_POINT('Ctrl Pts',(0.839708104003304,0.,0.283787160986183));
#1433=CARTESIAN_POINT('Ctrl Pts',(0.864764397633133,1.32811210998214,0.303439331084381));
#1434=CARTESIAN_POINT('Ctrl Pts',(0.88985374735149,2.6562242199643,0.323121152101147));
#1435=CARTESIAN_POINT('Ctrl Pts',(0.914910040981318,3.98433632994645,0.342773322199345));
#1436=CARTESIAN_POINT('Ctrl Pts',(0.810363423893612,0.,0.354953094579889));
#1437=CARTESIAN_POINT('Ctrl Pts',(0.808604313983766,1.32811210998215,0.359340458312944));
#1438=CARTESIAN_POINT('Ctrl Pts',(0.806849004363438,2.6562242199643,0.363671350206041));
#1439=CARTESIAN_POINT('Ctrl Pts',(0.805089894453591,3.98433632994645,0.368058713939096));
#1440=CARTESIAN_POINT('Ctrl Pts',(0.793440893273492,0.,0.389431619533183));
#1441=CARTESIAN_POINT('Ctrl Pts',(0.77901729916725,1.32811210998215,0.382352322688388));
#1442=CARTESIAN_POINT('Ctrl Pts',(0.764593705061009,2.6562242199643,0.375273025843592));
#1443=CARTESIAN_POINT('Ctrl Pts',(0.750170110954767,3.98433632994645,0.368193728998796));
#1444=CARTESIAN_POINT('',(0.793440893273492,0.,0.389431619533183));
#1445=CARTESIAN_POINT('',(0.793440893273492,0.,0.389431619533183));
#1446=CARTESIAN_POINT('',(0.809800907517099,0.,0.354158054539718));
#1447=CARTESIAN_POINT('Origin',(0.,0.,0.));
#1448=CARTESIAN_POINT('',(0.883858267716535,0.,1.08241419845898E-16));
#1449=CARTESIAN_POINT('Origin',(0.,0.,0.));
#1450=CARTESIAN_POINT('',(0.809800907517098,0.,-0.354158054539719));
#1451=CARTESIAN_POINT('Origin',(0.,0.,0.));
#1452=CARTESIAN_POINT('',(0.793440893273492,0.,-0.389431619533184));
#1453=CARTESIAN_POINT('Origin',(0.,0.,0.));
#1454=CARTESIAN_POINT('',(0.793440893273492,0.,-0.389431619533184));
#1455=CARTESIAN_POINT('Ctrl Pts',(0.793440893273492,0.,0.389431619533183));
#1456=CARTESIAN_POINT('Ctrl Pts',(0.779010088733048,1.32877604054698,0.382348783708871));
#1457=CARTESIAN_POINT('Ctrl Pts',(0.764579284192605,2.65755208109396,0.375265947884558));
#1458=CARTESIAN_POINT('Ctrl Pts',(0.750148479652161,3.98632812164095,0.368183112060246));
#1459=CARTESIAN_POINT('Ctrl Pts',(0.776518362653372,0.,0.423910144486477));
#1460=CARTESIAN_POINT('Ctrl Pts',(0.749470156889834,1.32877604054698,0.405409558744458));
#1461=CARTESIAN_POINT('Ctrl Pts',(0.722257906880706,2.65755208109397,0.386801544352056));
#1462=CARTESIAN_POINT('Ctrl Pts',(0.695209701117168,3.98632812164095,0.368300958610036));
#1463=CARTESIAN_POINT('Ctrl Pts',(0.717824504652395,0.,0.534280840186778));
#1464=CARTESIAN_POINT('Ctrl Pts',(0.668965098518347,1.32877604054698,0.479079745268615));
#1465=CARTESIAN_POINT('Ctrl Pts',(0.620132195260728,2.65755208109397,0.423879297209704));
#1466=CARTESIAN_POINT('Ctrl Pts',(0.57127278912668,3.98632812164095,0.368678202291541));
#1467=CARTESIAN_POINT('Ctrl Pts',(0.514227798107271,0.,0.743663738603465));
#1468=CARTESIAN_POINT('Ctrl Pts',(0.461176218628039,1.32877604054698,0.61892701613092));
#1469=CARTESIAN_POINT('Ctrl Pts',(0.408078842953766,2.65755208109396,0.494130589143491));
#1470=CARTESIAN_POINT('Ctrl Pts',(0.355027263474534,3.98632812164095,0.369393866670946));
#1471=CARTESIAN_POINT('Ctrl Pts',(0.18908445468749,0.,0.889753446978545));
#1472=CARTESIAN_POINT('Ctrl Pts',(0.166190502454099,1.32877604054698,0.716449019199289));
#1473=CARTESIAN_POINT('Ctrl Pts',(0.143293132718707,2.65755208109397,0.543197624630805));
#1474=CARTESIAN_POINT('Ctrl Pts',(0.120399180485316,3.98632812164095,0.369893196851549));
#1475=CARTESIAN_POINT('Ctrl Pts',(-0.189105508815859,0.,0.889822932789935));
#1476=CARTESIAN_POINT('Ctrl Pts',(-0.166213054881465,1.32877604054698,0.716528200458144));
#1477=CARTESIAN_POINT('Ctrl Pts',(-0.14329170638208,2.65755208109397,0.543188166683731));
#1478=CARTESIAN_POINT('Ctrl Pts',(-0.120399252447686,3.98632812164095,0.36989343435194));
#1479=CARTESIAN_POINT('Ctrl Pts',(-0.514145460100685,0.,0.74360991131691));
#1480=CARTESIAN_POINT('Ctrl Pts',(-0.461098221900356,1.32877604054699,0.618866030157123));
#1481=CARTESIAN_POINT('Ctrl Pts',(-0.40807422024606,2.65755208109396,0.494137563850705));
#1482=CARTESIAN_POINT('Ctrl Pts',(-0.355026982045731,3.98632812164095,0.369393682690918));
#1483=CARTESIAN_POINT('Ctrl Pts',(-0.717879354964763,0.,0.534286054086004));
#1484=CARTESIAN_POINT('Ctrl Pts',(-0.669010347128953,1.32877604054698,0.479097400283911));
#1485=CARTESIAN_POINT('Ctrl Pts',(-0.620141984439189,2.65755208109397,0.423866873914585));
#1486=CARTESIAN_POINT('Ctrl Pts',(-0.571272976603379,3.98632812164095,0.368678220112491));
#1487=CARTESIAN_POINT('Ctrl Pts',(-0.776518362653371,0.,0.423910144486477));
#1488=CARTESIAN_POINT('Ctrl Pts',(-0.749476044491704,1.32877604054698,0.405402113447237));
#1489=CARTESIAN_POINT('Ctrl Pts',(-0.722252019278835,2.65755208109396,0.386808989649278));
#1490=CARTESIAN_POINT('Ctrl Pts',(-0.695209701117168,3.98632812164095,0.368300958610037));
#1491=CARTESIAN_POINT('Ctrl Pts',(-0.793440893273492,0.,0.389431619533183));
#1492=CARTESIAN_POINT('Ctrl Pts',(-0.779010088733048,1.32877604054698,0.382348783708871));
#1493=CARTESIAN_POINT('Ctrl Pts',(-0.764579284192605,2.65755208109396,0.375265947884559));
#1494=CARTESIAN_POINT('Ctrl Pts',(-0.750148479652161,3.98632812164095,0.368183112060247));
#1495=CARTESIAN_POINT('',(-0.793440893273492,0.,0.389431619533184));
#1496=CARTESIAN_POINT('',(-0.793440893273492,0.,0.389431619533184));
#1497=CARTESIAN_POINT('Origin',(0.,0.,0.));
#1498=CARTESIAN_POINT('Origin',(0.,-0.574803149606299,0.));
#1499=CARTESIAN_POINT('',(-9.83574594590787E-17,-0.590551181102362,-0.803149606299212));
#1500=CARTESIAN_POINT('Origin',(0.,-0.590551181102362,0.));
#1501=CARTESIAN_POINT('',(-9.64288818226262E-17,-0.574803149606299,-0.787401574803149));
#1502=CARTESIAN_POINT('Origin',(-9.83574594590787E-17,-0.574803149606299,
-0.803149606299212));
#1503=CARTESIAN_POINT('',(-0.787401574803149,-0.574803149606299,9.64288818226262E-17));
#1504=CARTESIAN_POINT('Origin',(0.,-0.574803149606299,0.));
#1505=CARTESIAN_POINT('Origin',(0.,-0.574803149606299,0.));
#1506=CARTESIAN_POINT('Origin',(0.,-0.590551181102362,0.));
#1507=CARTESIAN_POINT('',(-1.06312842209445E-16,-0.590551181102362,0.868110236220472));
#1508=CARTESIAN_POINT('Origin',(0.,-0.590551181102362,0.));
#1509=CARTESIAN_POINT('Origin',(0.,0.,0.));
#1510=CARTESIAN_POINT('',(-0.787401574803149,0.,-9.64288818226262E-17));
#1511=CARTESIAN_POINT('',(0.74699472287442,0.,-0.24899824095814));
#1512=CARTESIAN_POINT('Origin',(0.,0.,0.));
#1513=CARTESIAN_POINT('',(0.746293879634877,0.,-0.251090989925969));
#1514=CARTESIAN_POINT('Origin',(0.,0.,0.));
#1515=CARTESIAN_POINT('',(-0.746293879634878,0.,-0.251090989925967));
#1516=CARTESIAN_POINT('Origin',(0.,0.,0.));
#1517=CARTESIAN_POINT('Origin',(0.,0.,0.));
#1518=CARTESIAN_POINT('Origin',(0.,-0.574803149606299,0.));
#1519=CARTESIAN_POINT('',(-1.08241419845898E-16,-0.574803149606299,0.883858267716535));
#1520=CARTESIAN_POINT('Origin',(-1.06312842209445E-16,-0.574803149606299,
0.868110236220472));
#1521=CARTESIAN_POINT('',(0.883858267716535,-0.574803149606299,1.08241419845898E-16));
#1522=CARTESIAN_POINT('Origin',(0.,-0.574803149606299,0.));
#1523=CARTESIAN_POINT('Origin',(0.,-0.574803149606299,0.));
#1524=CARTESIAN_POINT('Origin',(0.,0.,0.));
#1525=CARTESIAN_POINT('',(0.883859800807019,-0.362212197725879,9.15294526323497E-6));
#1526=CARTESIAN_POINT('',(0.883858267716535,0.,1.08241419845898E-16));
#1527=CARTESIAN_POINT('',(0.883860467421686,-0.228339435671158,2.07185250757864E-5));
#1528=CARTESIAN_POINT('Ctrl Pts',(0.883861607189952,-0.228335797757325,
3.14537444775156E-5));
#1529=CARTESIAN_POINT('Ctrl Pts',(0.883862492239872,-0.228318196286459,
0.00494663248022841));
#1530=CARTESIAN_POINT('Ctrl Pts',(0.883735659936765,-0.229985487001861,
0.0196600215291008));
#1531=CARTESIAN_POINT('Ctrl Pts',(0.883059670341297,-0.239315959429281,
0.0389813994603685));
#1532=CARTESIAN_POINT('Ctrl Pts',(0.88240206544992,-0.25134492307179,0.0507657648165337));
#1533=CARTESIAN_POINT('Ctrl Pts',(0.882085617688368,-0.258491927691694,
0.0559207252745647));
#1534=CARTESIAN_POINT('Ctrl Pts',(0.881916997857774,-0.262844052916464,
0.0585002882764555));
#1535=CARTESIAN_POINT('Ctrl Pts',(0.881358890505032,-0.278811266210445,
0.0667048665882157));
#1536=CARTESIAN_POINT('Ctrl Pts',(0.881147288075021,-0.300175480582402,
0.0692744869361002));
#1537=CARTESIAN_POINT('Ctrl Pts',(0.881913292444223,-0.329641545005824,
0.0589241778427977));
#1538=CARTESIAN_POINT('Ctrl Pts',(0.882697241292844,-0.345097191603013,
0.0465176184103361));
#1539=CARTESIAN_POINT('Ctrl Pts',(0.883405173635842,-0.355979778281059,
0.0294939101303715));
#1540=CARTESIAN_POINT('Ctrl Pts',(0.883776177400363,-0.361038509828007,
0.0148266520396773));
#1541=CARTESIAN_POINT('Ctrl Pts',(0.883859910096831,-0.362199759513591,
0.00494413594080355));
#1542=CARTESIAN_POINT('Ctrl Pts',(0.8838603873794,-0.362215057075056,1.26549335368363E-5));
#1543=CARTESIAN_POINT('',(0.883858267716535,0.,1.08241419845898E-16));
#1544=CARTESIAN_POINT('',(-0.809800907517098,0.,0.354158054539719));
#1545=CARTESIAN_POINT('Origin',(0.,0.,0.));
#1546=CARTESIAN_POINT('',(-0.809800907517098,0.,-0.354158054539719));
#1547=CARTESIAN_POINT('Origin',(0.,0.,0.));
#1548=CARTESIAN_POINT('',(-0.793440893273492,0.,-0.389431619533183));
#1549=CARTESIAN_POINT('Origin',(0.,0.,0.));
#1550=CARTESIAN_POINT('Origin',(0.,0.,0.));
#1551=CARTESIAN_POINT('',(0.881322079308668,-0.295275590551181,-0.0669091169716155));
#1552=CARTESIAN_POINT('Ctrl Pts',(0.881322079308668,-0.295275590551181,
-0.0669091169716155));
#1553=CARTESIAN_POINT('Ctrl Pts',(0.881322079308668,-0.285665689591225,
-0.0669091169716155));
#1554=CARTESIAN_POINT('Ctrl Pts',(0.881697129619672,-0.26482104812716,-0.0620107009160248));
#1555=CARTESIAN_POINT('Ctrl Pts',(0.883027078343218,-0.239237447552707,
-0.0418462357414138));
#1556=CARTESIAN_POINT('Ctrl Pts',(0.883793765788798,-0.229257450469356,
-0.0171877454098409));
#1557=CARTESIAN_POINT('Ctrl Pts',(0.883861164664992,-0.228344598492758,
-0.00242613562339795));
#1558=CARTESIAN_POINT('Ctrl Pts',(0.883861607189952,-0.228335797757325,
3.14537444775156E-5));
#1559=CARTESIAN_POINT('Ctrl Pts',(0.8838603873794,-0.362215057075056,1.26549335368363E-5));
#1560=CARTESIAN_POINT('Ctrl Pts',(0.883860864661968,-0.362230354636521,
-0.00491882607373009));
#1561=CARTESIAN_POINT('Ctrl Pts',(0.883738129312677,-0.360580265476934,
-0.0196839379690204));
#1562=CARTESIAN_POINT('Ctrl Pts',(0.882905410226775,-0.349162440984234,
-0.0436078563853603));
#1563=CARTESIAN_POINT('Ctrl Pts',(0.881703933363237,-0.325798115005397,
-0.0618857864215501));
#1564=CARTESIAN_POINT('Ctrl Pts',(0.881322079308668,-0.304885491511134,
-0.0669091169716155));
#1565=CARTESIAN_POINT('Ctrl Pts',(0.881322079308668,-0.295275590551181,
-0.0669091169716155));
#1566=CARTESIAN_POINT('',(-0.382716044612131,-0.295275590551181,0.796701868083238));
#1567=CARTESIAN_POINT('Ctrl Pts',(-0.382716044612131,-0.295275590551181,
0.796701868083238));
#1568=CARTESIAN_POINT('Ctrl Pts',(-0.382716044612131,-0.28686692437395,
0.796701868083238));
#1569=CARTESIAN_POINT('Ctrl Pts',(-0.384231238768199,-0.277893831223973,
0.795979376351314));
#1570=CARTESIAN_POINT('Ctrl Pts',(-0.39354982385697,-0.2530943305003,0.791436846898697));
#1571=CARTESIAN_POINT('Ctrl Pts',(-0.404937724337967,-0.240423508269911,
0.78581143989426));
#1572=CARTESIAN_POINT('Ctrl Pts',(-0.42681255264803,-0.230025240421426,
0.774021858073188));
#1573=CARTESIAN_POINT('Ctrl Pts',(-0.434616882375708,-0.228377929452699,
0.769666161513535));
#1574=CARTESIAN_POINT('Ctrl Pts',(-0.449197317592881,-0.228370862902689,
0.761248799262725));
#1575=CARTESIAN_POINT('Ctrl Pts',(-0.464585484802355,-0.231740752982769,
0.752052957937611));
#1576=CARTESIAN_POINT('Ctrl Pts',(-0.477284687202931,-0.242027014626658,
0.743933613452621));
#1577=CARTESIAN_POINT('Ctrl Pts',(-0.486002985459976,-0.252427963571705,
0.738258110787058));
#1578=CARTESIAN_POINT('Ctrl Pts',(-0.491036731008823,-0.260476486565758,
0.734917638898428));
#1579=CARTESIAN_POINT('Ctrl Pts',(-0.495575755003901,-0.272703246930874,
0.73185570580619));
#1580=CARTESIAN_POINT('Ctrl Pts',(-0.498481008649501,-0.285785188233437,
0.729880209413473));
#1581=CARTESIAN_POINT('Ctrl Pts',(-0.499137928032689,-0.301544196955554,
0.729427462632969));
#1582=CARTESIAN_POINT('Ctrl Pts',(-0.495194896764033,-0.321357049587532,
0.732128248990455));
#1583=CARTESIAN_POINT('Ctrl Pts',(-0.486394260387391,-0.338559652781767,
0.738020330859306));
#1584=CARTESIAN_POINT('Ctrl Pts',(-0.472552363079164,-0.353636174928464,
0.747022916625076));
#1585=CARTESIAN_POINT('Ctrl Pts',(-0.455801431635057,-0.361439911244131,
0.757368751475823));
#1586=CARTESIAN_POINT('Ctrl Pts',(-0.444649644095772,-0.362197050122437,
0.76387323229627));
#1587=CARTESIAN_POINT('Ctrl Pts',(-0.430980739628155,-0.362259151453343,
0.771772754758314));
#1588=CARTESIAN_POINT('Ctrl Pts',(-0.416939690680636,-0.35755683498476,
0.779434097030617));
#1589=CARTESIAN_POINT('Ctrl Pts',(-0.40445406180378,-0.346941752821122,
0.78589216572954));
#1590=CARTESIAN_POINT('Ctrl Pts',(-0.396125063646628,-0.338495639123704,
0.79015310841491));
#1591=CARTESIAN_POINT('Ctrl Pts',(-0.385800780838266,-0.321639431826096,
0.795232140004962));
#1592=CARTESIAN_POINT('Ctrl Pts',(-0.38271604461213,-0.303684253891141,
0.796701868083238));
#1593=CARTESIAN_POINT('Ctrl Pts',(-0.38271604461213,-0.295275590551181,
0.796701868083238));
#1594=CARTESIAN_POINT('',(-0.498606034696537,-0.295275590551181,-0.729792751111622));
#1595=CARTESIAN_POINT('Ctrl Pts',(-0.498606034696537,-0.295275590551181,
-0.729792751111622));
#1596=CARTESIAN_POINT('Ctrl Pts',(-0.498606034696537,-0.286866927778674,
-0.729792751111622));
#1597=CARTESIAN_POINT('Ctrl Pts',(-0.495800372938877,-0.268918728014521,
-0.731725833950144));
#1598=CARTESIAN_POINT('Ctrl Pts',(-0.486735495605944,-0.252959593514565,
-0.737793757945812));
#1599=CARTESIAN_POINT('Ctrl Pts',(-0.479708708201902,-0.244999929691635,
-0.742354920045177));
#1600=CARTESIAN_POINT('Ctrl Pts',(-0.47548110731137,-0.240850264229451,
-0.74507651798057));
#1601=CARTESIAN_POINT('Ctrl Pts',(-0.466797958014036,-0.234263767776395,
-0.750578747414474));
#1602=CARTESIAN_POINT('Ctrl Pts',(-0.447589241415247,-0.226323053969225,
-0.762350944929022));
#1603=CARTESIAN_POINT('Ctrl Pts',(-0.430640731643228,-0.228325216356438,
-0.771952017683662));
#1604=CARTESIAN_POINT('Ctrl Pts',(-0.415287718923076,-0.235452031894647,
-0.780235405543523));
#1605=CARTESIAN_POINT('Ctrl Pts',(-0.41005042104425,-0.23880868097592,-0.782998060678685));
#1606=CARTESIAN_POINT('Ctrl Pts',(-0.399171447113204,-0.248341145562263,
-0.788621341874288));
#1607=CARTESIAN_POINT('Ctrl Pts',(-0.390140466960459,-0.260555818799833,
-0.793112071015419));
#1608=CARTESIAN_POINT('Ctrl Pts',(-0.382116236675247,-0.285021128633137,
-0.796992793465873));
#1609=CARTESIAN_POINT('Ctrl Pts',(-0.382172706021633,-0.305558834605611,
-0.79696335318165));
#1610=CARTESIAN_POINT('Ctrl Pts',(-0.388835002329964,-0.326138824400421,
-0.793745018468522));
#1611=CARTESIAN_POINT('Ctrl Pts',(-0.396940821826099,-0.339316186309512,
-0.789730361009719));
#1612=CARTESIAN_POINT('Ctrl Pts',(-0.406888073082107,-0.349668315267409,
-0.784664187924508));
#1613=CARTESIAN_POINT('Ctrl Pts',(-0.41525455483835,-0.355079536298502,
-0.780252644019779));
#1614=CARTESIAN_POINT('Ctrl Pts',(-0.430589715827229,-0.362193320232156,
-0.771978402921282));
#1615=CARTESIAN_POINT('Ctrl Pts',(-0.44758233596169,-0.364223993764077,
-0.762354531686356));
#1616=CARTESIAN_POINT('Ctrl Pts',(-0.466787687258397,-0.356280907204124,
-0.750584062955482));
#1617=CARTESIAN_POINT('Ctrl Pts',(-0.47547405720908,-0.34969649528424,-0.745080169075713));
#1618=CARTESIAN_POINT('Ctrl Pts',(-0.47970156232575,-0.34554675447063,-0.742358619921275));
#1619=CARTESIAN_POINT('Ctrl Pts',(-0.486730465107248,-0.337588427468204,
-0.737796362855872));
#1620=CARTESIAN_POINT('Ctrl Pts',(-0.49579782878092,-0.321630851714211,
-0.731727151205906));
#1621=CARTESIAN_POINT('Ctrl Pts',(-0.498606034696537,-0.303684253323687,
-0.729792751111622));
#1622=CARTESIAN_POINT('Ctrl Pts',(-0.498606034696537,-0.295275590551181,
-0.729792751111622));
#1623=CARTESIAN_POINT('Origin',(-0.460629921259843,-0.295275590551181,0.797834427108499));
#1624=CARTESIAN_POINT('',(-0.458661417322835,-0.236220472440945,0.794424878274702));
#1625=CARTESIAN_POINT('',(-0.458661417322835,-0.354330708661417,0.794424878274702));
#1626=CARTESIAN_POINT('Origin',(-0.458661417322835,-0.295275590551181,0.794424878274702));
#1627=CARTESIAN_POINT('Origin',(-0.458661417322835,-0.295275590551181,0.794424878274702));
#1628=CARTESIAN_POINT('',(-0.462598425196851,-0.244094488188976,0.801243975942296));
#1629=CARTESIAN_POINT('',(-0.460629921259843,-0.24015748031496,0.797834427108499));
#1630=CARTESIAN_POINT('Origin',(-0.462598425196851,-0.295275590551181,0.801243975942296));
#1631=CARTESIAN_POINT('Origin',(-0.440944881889764,-0.295275590551181,0.763738938770529));
#1632=CARTESIAN_POINT('',(-0.393735361758008,-0.295275590551181,0.800079887521854));
#1633=CARTESIAN_POINT('',(-0.445852682805968,-0.354335313577043,0.772271950615484));
#1634=CARTESIAN_POINT('Ctrl Pts',(-0.393735361758008,-0.295275590551181,
0.800079887521854));
#1635=CARTESIAN_POINT('Ctrl Pts',(-0.393735361758008,-0.30262682581328,
0.800079887521854));
#1636=CARTESIAN_POINT('Ctrl Pts',(-0.396390097155551,-0.318325260578011,
0.798786902267697));
#1637=CARTESIAN_POINT('Ctrl Pts',(-0.405364355607854,-0.3331959737129,0.79428940211988));
#1638=CARTESIAN_POINT('Ctrl Pts',(-0.412671154889079,-0.340694010896946,
0.790497933708609));
#1639=CARTESIAN_POINT('Ctrl Pts',(-0.423648679555944,-0.350141593054045,
0.784746092241965));
#1640=CARTESIAN_POINT('Ctrl Pts',(-0.436117183360076,-0.354380512298609,
0.777897629834934));
#1641=CARTESIAN_POINT('Ctrl Pts',(-0.445852682805968,-0.354335313577043,
0.772271950615484));
#1642=CARTESIAN_POINT('Ctrl Pts',(-0.445852682805968,-0.354335313577043,
0.772271950615484));
#1643=CARTESIAN_POINT('Ctrl Pts',(-0.448286557941189,-0.354324013895381,
0.770865530652436));
#1644=CARTESIAN_POINT('Ctrl Pts',(-0.458220163948027,-0.353643696330931,
0.765078476599077));
#1645=CARTESIAN_POINT('Ctrl Pts',(-0.473119374847875,-0.346640949399875,
0.75594690835688));
#1646=CARTESIAN_POINT('Ctrl Pts',(-0.485336230355579,-0.333247657703977,
0.74810524524579));
#1647=CARTESIAN_POINT('Ctrl Pts',(-0.493050582409708,-0.318092685414767,
0.743022679353006));
#1648=CARTESIAN_POINT('Ctrl Pts',(-0.496484657154676,-0.300751778011259,
0.740712671138436));
#1649=CARTESIAN_POINT('Ctrl Pts',(-0.495913666742061,-0.286982743092128,
0.741098957134664));
#1650=CARTESIAN_POINT('Ctrl Pts',(-0.493378710351106,-0.275524523761027,
0.742792800128805));
#1651=CARTESIAN_POINT('Ctrl Pts',(-0.489408518681097,-0.264786025928657,
0.745426529986937));
#1652=CARTESIAN_POINT('Ctrl Pts',(-0.484986081675448,-0.257676761259806,
0.74831708133126));
#1653=CARTESIAN_POINT('Ctrl Pts',(-0.477296902246518,-0.248457667812465,
0.753256390657723));
#1654=CARTESIAN_POINT('Ctrl Pts',(-0.466048448546628,-0.239276553117806,
0.760366610676224));
#1655=CARTESIAN_POINT('Ctrl Pts',(-0.452336803722839,-0.236240801059869,
0.768528121474401));
#1656=CARTESIAN_POINT('Ctrl Pts',(-0.439356605561051,-0.236247592694104,
0.776021680261907));
#1657=CARTESIAN_POINT('Ctrl Pts',(-0.432417460650483,-0.237728924082675,
0.77991005326708));
#1658=CARTESIAN_POINT('Ctrl Pts',(-0.413050585307805,-0.247036775119877,
0.790433044572116));
#1659=CARTESIAN_POINT('Ctrl Pts',(-0.403114232997468,-0.258309621189082,
0.795430230767612));
#1660=CARTESIAN_POINT('Ctrl Pts',(-0.395040846410979,-0.2800780714198,0.799443615999901));
#1661=CARTESIAN_POINT('Ctrl Pts',(-0.393735361758008,-0.287924352808611,
0.800079887521854));
#1662=CARTESIAN_POINT('Ctrl Pts',(-0.393735361758008,-0.295275590551181,
0.800079887521854));
#1663=CARTESIAN_POINT('',(-0.440944881889764,-0.354330708661417,0.763738938770529));
#1664=CARTESIAN_POINT('Origin',(-0.462598425196851,-0.236220472440944,0.801243975942296));
#1665=CARTESIAN_POINT('Ctrl Pts',(-0.38271604461213,-0.295275590551181,
0.796701868083238));
#1666=CARTESIAN_POINT('Ctrl Pts',(-0.38271604461213,-0.303684253891141,
0.796701868083238));
#1667=CARTESIAN_POINT('Ctrl Pts',(-0.385800780838266,-0.321639431826096,
0.795232140004962));
#1668=CARTESIAN_POINT('Ctrl Pts',(-0.396125063646628,-0.338495639123704,
0.79015310841491));
#1669=CARTESIAN_POINT('Ctrl Pts',(-0.40445406180378,-0.346941752821122,
0.78589216572954));
#1670=CARTESIAN_POINT('Ctrl Pts',(-0.416939690680636,-0.35755683498476,
0.779434097030617));
#1671=CARTESIAN_POINT('Ctrl Pts',(-0.430980739628155,-0.362259151453343,
0.771772754758314));
#1672=CARTESIAN_POINT('Ctrl Pts',(-0.444649644095772,-0.362197050122437,
0.76387323229627));
#1673=CARTESIAN_POINT('Ctrl Pts',(-0.455801431635057,-0.361439911244131,
0.757368751475823));
#1674=CARTESIAN_POINT('Ctrl Pts',(-0.472552363079164,-0.353636174928464,
0.747022916625076));
#1675=CARTESIAN_POINT('Ctrl Pts',(-0.486394260387391,-0.338559652781767,
0.738020330859306));
#1676=CARTESIAN_POINT('Ctrl Pts',(-0.495194896764033,-0.321357049587532,
0.732128248990455));
#1677=CARTESIAN_POINT('Ctrl Pts',(-0.499137928032689,-0.301544196955554,
0.729427462632969));
#1678=CARTESIAN_POINT('Ctrl Pts',(-0.498481008649501,-0.285785188233437,
0.729880209413473));
#1679=CARTESIAN_POINT('Ctrl Pts',(-0.495575755003901,-0.272703246930874,
0.73185570580619));
#1680=CARTESIAN_POINT('Ctrl Pts',(-0.491036731008823,-0.260476486565758,
0.734917638898428));
#1681=CARTESIAN_POINT('Ctrl Pts',(-0.486002985459976,-0.252427963571705,
0.738258110787058));
#1682=CARTESIAN_POINT('Ctrl Pts',(-0.477284687202931,-0.242027014626658,
0.743933613452621));
#1683=CARTESIAN_POINT('Ctrl Pts',(-0.464585484802355,-0.231740752982769,
0.752052957937611));
#1684=CARTESIAN_POINT('Ctrl Pts',(-0.449197317592881,-0.228370862902689,
0.761248799262725));
#1685=CARTESIAN_POINT('Ctrl Pts',(-0.434616882375708,-0.228377929452699,
0.769666161513535));
#1686=CARTESIAN_POINT('Ctrl Pts',(-0.42681255264803,-0.230025240421426,
0.774021858073188));
#1687=CARTESIAN_POINT('Ctrl Pts',(-0.404937724337967,-0.240423508269911,
0.78581143989426));
#1688=CARTESIAN_POINT('Ctrl Pts',(-0.39354982385697,-0.2530943305003,0.791436846898697));
#1689=CARTESIAN_POINT('Ctrl Pts',(-0.384231238768199,-0.277893831223973,
0.795979376351314));
#1690=CARTESIAN_POINT('Ctrl Pts',(-0.382716044612131,-0.28686692437395,
0.796701868083238));
#1691=CARTESIAN_POINT('Ctrl Pts',(-0.382716044612131,-0.295275590551181,
0.796701868083238));
#1692=CARTESIAN_POINT('Ctrl Pts',(-0.386389150327423,-0.295275590551181,
0.797827874562776));
#1693=CARTESIAN_POINT('Ctrl Pts',(-0.386392381761283,-0.303332786123589,
0.79782666942437));
#1694=CARTESIAN_POINT('Ctrl Pts',(-0.389328890346093,-0.320533107184336,
0.79641764695401));
#1695=CARTESIAN_POINT('Ctrl Pts',(-0.399206169512946,-0.336729349190001,
0.791531149285592));
#1696=CARTESIAN_POINT('Ctrl Pts',(-0.407193557494509,-0.34486002711785,
0.787427166841525));
#1697=CARTESIAN_POINT('Ctrl Pts',(-0.419176485681818,-0.355085485775403,
0.781204457306038));
#1698=CARTESIAN_POINT('Ctrl Pts',(-0.432693459690585,-0.359630616218654,
0.773813209460565));
#1699=CARTESIAN_POINT('Ctrl Pts',(-0.445861607292078,-0.359574022422804,
0.766204605635566));
#1700=CARTESIAN_POINT('Ctrl Pts',(-0.456608164526808,-0.358839593465026,
0.759938116949562));
#1701=CARTESIAN_POINT('Ctrl Pts',(-0.472740953783936,-0.351304987003659,
0.749998076143404));
#1702=CARTESIAN_POINT('Ctrl Pts',(-0.486042001117511,-0.336787887551801,
0.741381696786418));
#1703=CARTESIAN_POINT('Ctrl Pts',(-0.494479912852332,-0.320270028351572,
0.735760006366777));
#1704=CARTESIAN_POINT('Ctrl Pts',(-0.498253448289127,-0.301280262717107,
0.733189280591532));
#1705=CARTESIAN_POINT('Ctrl Pts',(-0.497625086363924,-0.286185789970139,
0.733619873078748));
#1706=CARTESIAN_POINT('Ctrl Pts',(-0.494842870400286,-0.273645491098826,
0.735501770744751));
#1707=CARTESIAN_POINT('Ctrl Pts',(-0.490493728429625,-0.261914452805682,
0.738420727293577));
#1708=CARTESIAN_POINT('Ctrl Pts',(-0.485663388404112,-0.254179091244983,
0.741611448396481));
#1709=CARTESIAN_POINT('Ctrl Pts',(-0.477288222138922,-0.244171536245584,
0.747041436225224));
#1710=CARTESIAN_POINT('Ctrl Pts',(-0.465072595650033,-0.234253954838058,
0.754824455406835));
#1711=CARTESIAN_POINT('Ctrl Pts',(-0.450242837748084,-0.230995795728425,
0.763675656372872));
#1712=CARTESIAN_POINT('Ctrl Pts',(-0.436196098677922,-0.231002397004855,
0.771785137269972));
#1713=CARTESIAN_POINT('Ctrl Pts',(-0.428679293186248,-0.232595448708634,
0.775985358311133));
#1714=CARTESIAN_POINT('Ctrl Pts',(-0.407642206126913,-0.242628148900851,
0.787351955820259));
#1715=CARTESIAN_POINT('Ctrl Pts',(-0.396733891288082,-0.254837383296423,
0.792769953519682));
#1716=CARTESIAN_POINT('Ctrl Pts',(-0.387837289724888,-0.278619218802088,
0.797132824947626));
#1717=CARTESIAN_POINT('Ctrl Pts',(-0.386388687475035,-0.287221557370033,
0.797828259722493));
#1718=CARTESIAN_POINT('Ctrl Pts',(-0.386389150327423,-0.295275590551181,
0.797827874562776));
#1719=CARTESIAN_POINT('Ctrl Pts',(-0.390062256042716,-0.295275590551181,
0.798953881042315));
#1720=CARTESIAN_POINT('Ctrl Pts',(-0.390059024608856,-0.302978293580832,
0.798955086180722));
#1721=CARTESIAN_POINT('Ctrl Pts',(-0.392861987647724,-0.319431585219772,
0.797601395318649));
#1722=CARTESIAN_POINT('Ctrl Pts',(-0.402283249741535,-0.334962263646603,
0.792911361249198));
#1723=CARTESIAN_POINT('Ctrl Pts',(-0.409931659198349,-0.342775736600217,
0.788962932596624));
#1724=CARTESIAN_POINT('Ctrl Pts',(-0.421411884554762,-0.352612942263402,
0.782975731966545));
#1725=CARTESIAN_POINT('Ctrl Pts',(-0.434404463297645,-0.357009047533298,
0.775857175132682));
#1726=CARTESIAN_POINT('Ctrl Pts',(-0.447074594744883,-0.356947041595015,
0.76853415731314));
#1727=CARTESIAN_POINT('Ctrl Pts',(-0.457413431056276,-0.356244014110035,
0.762509111125338));
#1728=CARTESIAN_POINT('Ctrl Pts',(-0.472930784143103,-0.34897213732468,
0.752971748838553));
#1729=CARTESIAN_POINT('Ctrl Pts',(-0.485688489625458,-0.335019422933943,
0.744743879318678));
#1730=CARTESIAN_POINT('Ctrl Pts',(-0.493765566321408,-0.319179706650728,
0.739390921976684));
#1731=CARTESIAN_POINT('Ctrl Pts',(-0.497369136898238,-0.301015712249706,
0.736950853179873));
#1732=CARTESIAN_POINT('Ctrl Pts',(-0.496769589027638,-0.286582141355425,
0.737359293469389));
#1733=CARTESIAN_POINT('Ctrl Pts',(-0.494111594954721,-0.274582279593075,
0.739146735190244));
#1734=CARTESIAN_POINT('Ctrl Pts',(-0.489951521260295,-0.263348059688733,
0.741923441591788));
#1735=CARTESIAN_POINT('Ctrl Pts',(-0.485325678731312,-0.255925633586528,
0.744963743721838));
#1736=CARTESIAN_POINT('Ctrl Pts',(-0.477293367310527,-0.246313146193539,
0.750148567885119));
#1737=CARTESIAN_POINT('Ctrl Pts',(-0.46556133769895,-0.236763351262518,
0.757595113207));
#1738=CARTESIAN_POINT('Ctrl Pts',(-0.451291283567636,-0.233615868234133,
0.766101264364253));
#1739=CARTESIAN_POINT('Ctrl Pts',(-0.437777389258838,-0.233623125141948,
0.77390270450547));
#1740=CARTESIAN_POINT('Ctrl Pts',(-0.430550720112265,-0.235158715795468,
0.777946553029135));
#1741=CARTESIAN_POINT('Ctrl Pts',(-0.41034610351886,-0.244832134488937,
0.788892528646117));
#1742=CARTESIAN_POINT('Ctrl Pts',(-0.399930165566356,-0.256566568392959,
0.794097124146627));
#1743=CARTESIAN_POINT('Ctrl Pts',(-0.39143479545429,-0.279352683841685,
0.798290167403588));
#1744=CARTESIAN_POINT('Ctrl Pts',(-0.390062718895104,-0.287569719812528,
0.798953495882598));
#1745=CARTESIAN_POINT('Ctrl Pts',(-0.390062256042716,-0.295275590551181,
0.798953881042315));
#1746=CARTESIAN_POINT('Ctrl Pts',(-0.393735361758008,-0.295275590551181,
0.800079887521854));
#1747=CARTESIAN_POINT('Ctrl Pts',(-0.393735361758008,-0.30262682581328,
0.800079887521854));
#1748=CARTESIAN_POINT('Ctrl Pts',(-0.396390097155551,-0.318325260578011,
0.798786902267697));
#1749=CARTESIAN_POINT('Ctrl Pts',(-0.405364355607854,-0.3331959737129,0.79428940211988));
#1750=CARTESIAN_POINT('Ctrl Pts',(-0.412671154889079,-0.340694010896946,
0.790497933708609));
#1751=CARTESIAN_POINT('Ctrl Pts',(-0.423648679555944,-0.350141593054045,
0.784746092241965));
#1752=CARTESIAN_POINT('Ctrl Pts',(-0.436117183360076,-0.354380512298609,
0.777897629834934));
#1753=CARTESIAN_POINT('Ctrl Pts',(-0.448286557941189,-0.354324013895381,
0.770865530652436));
#1754=CARTESIAN_POINT('Ctrl Pts',(-0.458220163948027,-0.353643696330931,
0.765078476599077));
#1755=CARTESIAN_POINT('Ctrl Pts',(-0.473119374847875,-0.346640949399875,
0.75594690835688));
#1756=CARTESIAN_POINT('Ctrl Pts',(-0.485336230355579,-0.333247657703977,
0.74810524524579));
#1757=CARTESIAN_POINT('Ctrl Pts',(-0.493050582409708,-0.318092685414767,
0.743022679353006));
#1758=CARTESIAN_POINT('Ctrl Pts',(-0.496484657154676,-0.300751778011259,
0.740712671138436));
#1759=CARTESIAN_POINT('Ctrl Pts',(-0.495913666742061,-0.286982743092128,
0.741098957134664));
#1760=CARTESIAN_POINT('Ctrl Pts',(-0.493378710351106,-0.275524523761027,
0.742792800128805));
#1761=CARTESIAN_POINT('Ctrl Pts',(-0.489408518681097,-0.264786025928657,
0.745426529986937));
#1762=CARTESIAN_POINT('Ctrl Pts',(-0.484986081675448,-0.257676761259806,
0.74831708133126));
#1763=CARTESIAN_POINT('Ctrl Pts',(-0.477296902246518,-0.248457667812465,
0.753256390657723));
#1764=CARTESIAN_POINT('Ctrl Pts',(-0.466048448546628,-0.239276553117806,
0.760366610676224));
#1765=CARTESIAN_POINT('Ctrl Pts',(-0.452336803722839,-0.236240801059869,
0.768528121474401));
#1766=CARTESIAN_POINT('Ctrl Pts',(-0.439356605561051,-0.236247592694104,
0.776021680261907));
#1767=CARTESIAN_POINT('Ctrl Pts',(-0.432417460650483,-0.237728924082675,
0.77991005326708));
#1768=CARTESIAN_POINT('Ctrl Pts',(-0.413050585307805,-0.247036775119877,
0.790433044572116));
#1769=CARTESIAN_POINT('Ctrl Pts',(-0.403114232997468,-0.258309621189082,
0.795430230767612));
#1770=CARTESIAN_POINT('Ctrl Pts',(-0.395040846410979,-0.2800780714198,0.799443615999901));
#1771=CARTESIAN_POINT('Ctrl Pts',(-0.393735361758008,-0.287924352808611,
0.800079887521854));
#1772=CARTESIAN_POINT('Ctrl Pts',(-0.393735361758008,-0.295275590551181,
0.800079887521854));
#1773=CARTESIAN_POINT('',(-0.38271604461213,-0.295275590551181,0.796701868083238));
#1774=CARTESIAN_POINT('Origin',(-0.460629921259842,-0.295275590551181,-0.797834427108499));
#1775=CARTESIAN_POINT('',(-0.458661417322835,-0.236220472440945,-0.794424878274702));
#1776=CARTESIAN_POINT('',(-0.458661417322835,-0.354330708661417,-0.794424878274702));
#1777=CARTESIAN_POINT('Origin',(-0.458661417322835,-0.295275590551181,-0.794424878274702));
#1778=CARTESIAN_POINT('Origin',(-0.458661417322835,-0.295275590551181,-0.794424878274702));
#1779=CARTESIAN_POINT('',(-0.46259842519685,-0.244094488188976,-0.801243975942296));
#1780=CARTESIAN_POINT('',(-0.460629921259842,-0.24015748031496,-0.797834427108499));
#1781=CARTESIAN_POINT('Origin',(-0.46259842519685,-0.295275590551181,-0.801243975942296));
#1782=CARTESIAN_POINT('Origin',(-0.440944881889764,-0.295275590551181,-0.763738938770529));
#1783=CARTESIAN_POINT('',(-0.496021826771918,-0.295275590551181,-0.741024769411618));
#1784=CARTESIAN_POINT('',(-0.445817778401338,-0.354358586655143,-0.772290658619321));
#1785=CARTESIAN_POINT('Ctrl Pts',(-0.496021826771918,-0.295275590551181,
-0.741024769411618));
#1786=CARTESIAN_POINT('Ctrl Pts',(-0.496021826771918,-0.302626825317186,
-0.741024769411618));
#1787=CARTESIAN_POINT('Ctrl Pts',(-0.493581237473959,-0.318318427089701,
-0.742675004023379));
#1788=CARTESIAN_POINT('Ctrl Pts',(-0.485631533114353,-0.332395437329617,
-0.747911642991488));
#1789=CARTESIAN_POINT('Ctrl Pts',(-0.479427375807581,-0.339455877725255,
-0.751886515947777));
#1790=CARTESIAN_POINT('Ctrl Pts',(-0.475690609153983,-0.34314391420655,
-0.754263005998128));
#1791=CARTESIAN_POINT('Ctrl Pts',(-0.467993511485254,-0.349014857612349,
-0.759089079964501));
#1792=CARTESIAN_POINT('Ctrl Pts',(-0.457416861677366,-0.353426838228624,
-0.76552702110816));
#1793=CARTESIAN_POINT('Ctrl Pts',(-0.449125899619455,-0.354371194197719,
-0.770381828004863));
#1794=CARTESIAN_POINT('Ctrl Pts',(-0.445807821645736,-0.354364326011072,
-0.772296391751795));
#1795=CARTESIAN_POINT('Ctrl Pts',(-0.445807821645736,-0.354364326011072,
-0.772296391751795));
#1796=CARTESIAN_POINT('Ctrl Pts',(-0.439171671072344,-0.354350589648904,
-0.776125516144781));
#1797=CARTESIAN_POINT('Ctrl Pts',(-0.43252875220474,-0.352798412991858,
-0.779845202151866));
#1798=CARTESIAN_POINT('Ctrl Pts',(-0.422185189985579,-0.347946936863939,
-0.785470985801484));
#1799=CARTESIAN_POINT('Ctrl Pts',(-0.414801805486551,-0.343114680471119,
-0.789406019144169));
#1800=CARTESIAN_POINT('Ctrl Pts',(-0.406082697990293,-0.33392428269835,
-0.793912400734009));
#1801=CARTESIAN_POINT('Ctrl Pts',(-0.399025452138042,-0.322299983820783,
-0.797470577440628));
#1802=CARTESIAN_POINT('Ctrl Pts',(-0.393265846386343,-0.304251490188478,
-0.800310603308041));
#1803=CARTESIAN_POINT('Ctrl Pts',(-0.393216286786706,-0.286325119990787,
-0.800336760005734));
#1804=CARTESIAN_POINT('Ctrl Pts',(-0.40015471079622,-0.264869402963365,
-0.796911893878757));
#1805=CARTESIAN_POINT('Ctrl Pts',(-0.408028299419561,-0.254063772790258,
-0.792928184679145));
#1806=CARTESIAN_POINT('Ctrl Pts',(-0.417592268672458,-0.245584681920698,
-0.787919878347381));
#1807=CARTESIAN_POINT('Ctrl Pts',(-0.422214176858209,-0.242587050523383,
-0.785455717705541));
#1808=CARTESIAN_POINT('Ctrl Pts',(-0.435805758603449,-0.236207611030315,
-0.778063764695502));
#1809=CARTESIAN_POINT('Ctrl Pts',(-0.450914193634961,-0.234405646482319,
-0.76948565233724));
#1810=CARTESIAN_POINT('Ctrl Pts',(-0.468002497495593,-0.241530540958984,
-0.759084370325796));
#1811=CARTESIAN_POINT('Ctrl Pts',(-0.47569677645938,-0.247403344629171,
-0.754259771252531));
#1812=CARTESIAN_POINT('Ctrl Pts',(-0.479433627209699,-0.251091311635845,
-0.751883237924592));
#1813=CARTESIAN_POINT('Ctrl Pts',(-0.485635933812532,-0.258152939631277,
-0.74790933511012));
#1814=CARTESIAN_POINT('Ctrl Pts',(-0.493583463177483,-0.272231332486782,
-0.742673836957396));
#1815=CARTESIAN_POINT('Ctrl Pts',(-0.496021826771918,-0.287924355785176,
-0.741024769411618));
#1816=CARTESIAN_POINT('Ctrl Pts',(-0.496021826771918,-0.295275590551181,
-0.741024769411618));
#1817=CARTESIAN_POINT('',(-0.444860320499816,-0.354330708661417,-0.770520677377057));
#1818=CARTESIAN_POINT('',(-0.440944881889764,-0.354330708661417,-0.763738938770529));
#1819=CARTESIAN_POINT('',(-0.440944881889764,-0.354330708661417,-0.763738938770529));
#1820=CARTESIAN_POINT('Origin',(-0.46259842519685,-0.236220472440944,-0.801243975942296));
#1821=CARTESIAN_POINT('Ctrl Pts',(-0.498606034696537,-0.295275590551181,
-0.729792751111622));
#1822=CARTESIAN_POINT('Ctrl Pts',(-0.498606034696537,-0.303684253323687,
-0.729792751111622));
#1823=CARTESIAN_POINT('Ctrl Pts',(-0.49579782878092,-0.321630851714211,
-0.731727151205906));
#1824=CARTESIAN_POINT('Ctrl Pts',(-0.486730465107248,-0.337588427468204,
-0.737796362855872));
#1825=CARTESIAN_POINT('Ctrl Pts',(-0.47970156232575,-0.34554675447063,-0.742358619921275));
#1826=CARTESIAN_POINT('Ctrl Pts',(-0.47547405720908,-0.34969649528424,-0.745080169075713));
#1827=CARTESIAN_POINT('Ctrl Pts',(-0.466787687258397,-0.356280907204124,
-0.750584062955482));
#1828=CARTESIAN_POINT('Ctrl Pts',(-0.44758233596169,-0.364223993764077,
-0.762354531686356));
#1829=CARTESIAN_POINT('Ctrl Pts',(-0.430589715827229,-0.362193320232156,
-0.771978402921282));
#1830=CARTESIAN_POINT('Ctrl Pts',(-0.41525455483835,-0.355079536298502,
-0.780252644019779));
#1831=CARTESIAN_POINT('Ctrl Pts',(-0.406888073082107,-0.349668315267409,
-0.784664187924508));
#1832=CARTESIAN_POINT('Ctrl Pts',(-0.396940821826099,-0.339316186309512,
-0.789730361009719));
#1833=CARTESIAN_POINT('Ctrl Pts',(-0.388835002329964,-0.326138824400421,
-0.793745018468522));
#1834=CARTESIAN_POINT('Ctrl Pts',(-0.382172706021633,-0.305558834605611,
-0.79696335318165));
#1835=CARTESIAN_POINT('Ctrl Pts',(-0.382116236675247,-0.285021128633137,
-0.796992793465873));
#1836=CARTESIAN_POINT('Ctrl Pts',(-0.390140466960459,-0.260555818799833,
-0.793112071015419));
#1837=CARTESIAN_POINT('Ctrl Pts',(-0.399171447113204,-0.248341145562263,
-0.788621341874288));
#1838=CARTESIAN_POINT('Ctrl Pts',(-0.41005042104425,-0.23880868097592,-0.782998060678685));
#1839=CARTESIAN_POINT('Ctrl Pts',(-0.415287718923076,-0.235452031894647,
-0.780235405543523));
#1840=CARTESIAN_POINT('Ctrl Pts',(-0.430640731643228,-0.228325216356438,
-0.771952017683662));
#1841=CARTESIAN_POINT('Ctrl Pts',(-0.447589241415247,-0.226323053969225,
-0.762350944929022));
#1842=CARTESIAN_POINT('Ctrl Pts',(-0.466797958014036,-0.234263767776395,
-0.750578747414474));
#1843=CARTESIAN_POINT('Ctrl Pts',(-0.47548110731137,-0.240850264229451,
-0.74507651798057));
#1844=CARTESIAN_POINT('Ctrl Pts',(-0.479708708201902,-0.244999929691635,
-0.742354920045177));
#1845=CARTESIAN_POINT('Ctrl Pts',(-0.486735495605944,-0.252959593514565,
-0.737793757945812));
#1846=CARTESIAN_POINT('Ctrl Pts',(-0.495800372938877,-0.268918728014521,
-0.731725833950144));
#1847=CARTESIAN_POINT('Ctrl Pts',(-0.498606034696537,-0.286866927778674,
-0.729792751111622));
#1848=CARTESIAN_POINT('Ctrl Pts',(-0.498606034696537,-0.295275590551181,
-0.729792751111622));
#1849=CARTESIAN_POINT('Ctrl Pts',(-0.497744632054997,-0.295275590551181,
-0.733536757211621));
#1850=CARTESIAN_POINT('Ctrl Pts',(-0.497742914275828,-0.303331764649645,
-0.733538292978524));
#1851=CARTESIAN_POINT('Ctrl Pts',(-0.495058694568967,-0.320526695805747,
-0.735376542114898));
#1852=CARTESIAN_POINT('Ctrl Pts',(-0.486363211739297,-0.335857065086498,
-0.741168821642051));
#1853=CARTESIAN_POINT('Ctrl Pts',(-0.4796088197008,-0.343517587009047,-0.745535555614969));
#1854=CARTESIAN_POINT('Ctrl Pts',(-0.475545095128506,-0.347513290058694,
-0.74814195691794));
#1855=CARTESIAN_POINT('Ctrl Pts',(-0.46718810641733,-0.353859315914257,
-0.753420054920636));
#1856=CARTESIAN_POINT('Ctrl Pts',(-0.448690141484954,-0.36153176215716,
-0.764733378151977));
#1857=CARTESIAN_POINT('Ctrl Pts',(-0.432310233297282,-0.359568161853489,
-0.774016317076289));
#1858=CARTESIAN_POINT('Ctrl Pts',(-0.4175678062898,-0.352701215625554,-0.781990502394985));
#1859=CARTESIAN_POINT('Ctrl Pts',(-0.409527262652911,-0.347483944071897,
-0.786244169706718));
#1860=CARTESIAN_POINT('Ctrl Pts',(-0.399989210718738,-0.33751858970382,
-0.791123787108329));
#1861=CARTESIAN_POINT('Ctrl Pts',(-0.392232963150646,-0.324858990915292,
-0.794986284680793));
#1862=CARTESIAN_POINT('Ctrl Pts',(-0.385870257140251,-0.305122692154442,
-0.798079110876603));
#1863=CARTESIAN_POINT('Ctrl Pts',(-0.385816884411937,-0.28545656925652,
-0.798107099258957));
#1864=CARTESIAN_POINT('Ctrl Pts',(-0.393478314222647,-0.2619961285828,-0.794378695362746));
#1865=CARTESIAN_POINT('Ctrl Pts',(-0.402123512987022,-0.250250057183594,
-0.79005695469249));
#1866=CARTESIAN_POINT('Ctrl Pts',(-0.41256934891274,-0.241064295701871,
-0.784636348985201));
#1867=CARTESIAN_POINT('Ctrl Pts',(-0.41760063969863,-0.237831291306465,
-0.781973372531546));
#1868=CARTESIAN_POINT('Ctrl Pts',(-0.432361473794568,-0.230949779187417,
-0.773989853894944));
#1869=CARTESIAN_POINT('Ctrl Pts',(-0.448696918439443,-0.229015621423171,
-0.764729836438312));
#1870=CARTESIAN_POINT('Ctrl Pts',(-0.467198416026166,-0.236685257970679,
-0.753414725715867));
#1871=CARTESIAN_POINT('Ctrl Pts',(-0.475552126732849,-0.24303351750855,
-0.748138312335728));
#1872=CARTESIAN_POINT('Ctrl Pts',(-0.479615971849823,-0.247029080863804,
-0.745531853529661));
#1873=CARTESIAN_POINT('Ctrl Pts',(-0.486368236093432,-0.254690971851931,
-0.741166218896067));
#1874=CARTESIAN_POINT('Ctrl Pts',(-0.495061243893683,-0.270022870506433,
-0.735375223039432));
#1875=CARTESIAN_POINT('Ctrl Pts',(-0.49774291181351,-0.287219422846621,
-0.73353829384574));
#1876=CARTESIAN_POINT('Ctrl Pts',(-0.497744632054997,-0.295275590551181,
-0.733536757211621));
#1877=CARTESIAN_POINT('Ctrl Pts',(-0.496883229413458,-0.295275590551181,
-0.73728076331162));
#1878=CARTESIAN_POINT('Ctrl Pts',(-0.496884947192627,-0.302979313991228,
-0.737279227544717));
#1879=CARTESIAN_POINT('Ctrl Pts',(-0.494320371685912,-0.319422582998165,
-0.739025613114387));
#1880=CARTESIAN_POINT('Ctrl Pts',(-0.485998786482305,-0.334126799711323,
-0.744539184205309));
#1881=CARTESIAN_POINT('Ctrl Pts',(-0.479520118432531,-0.341485045186838,
-0.748709580254082));
#1882=CARTESIAN_POINT('Ctrl Pts',(-0.475619571234558,-0.345327119432096,
-0.751201218155901));
#1883=CARTESIAN_POINT('Ctrl Pts',(-0.467593092326321,-0.351436448902215,
-0.756253087999347));
#1884=CARTESIAN_POINT('Ctrl Pts',(-0.449800351418162,-0.358834133646257,
-0.767109982849537));
#1885=CARTESIAN_POINT('Ctrl Pts',(-0.434040600000452,-0.356939658632466,
-0.776049229479259));
#1886=CARTESIAN_POINT('Ctrl Pts',(-0.419871938534129,-0.350325257536888,
-0.783733127426278));
#1887=CARTESIAN_POINT('Ctrl Pts',(-0.412162615915747,-0.345299051666631,
-0.787826037361959));
#1888=CARTESIAN_POINT('Ctrl Pts',(-0.403034309097653,-0.335721879304042,
-0.792518974635399));
#1889=CARTESIAN_POINT('Ctrl Pts',(-0.39562749131736,-0.323579817305912,
-0.796229311228357));
#1890=CARTESIAN_POINT('Ctrl Pts',(-0.389568295267724,-0.304687632639647,
-0.799194845613088));
#1891=CARTESIAN_POINT('Ctrl Pts',(-0.389515639050017,-0.285889679367404,
-0.799222454212651));
#1892=CARTESIAN_POINT('Ctrl Pts',(-0.396816863534032,-0.263429093180398,
-0.79564526953143));
#1893=CARTESIAN_POINT('Ctrl Pts',(-0.405076233545744,-0.252154861168926,
-0.791492571860943));
#1894=CARTESIAN_POINT('Ctrl Pts',(-0.415073340803968,-0.243329067194746,
-0.786281590040865));
#1895=CARTESIAN_POINT('Ctrl Pts',(-0.419901256082656,-0.240207791111565,
-0.783717750717518));
#1896=CARTESIAN_POINT('Ctrl Pts',(-0.43408501645211,-0.233583048199336,
-0.77602592848422));
#1897=CARTESIAN_POINT('Ctrl Pts',(-0.449806516610766,-0.231713079028373,
-0.767106760827949));
#1898=CARTESIAN_POINT('Ctrl Pts',(-0.467602039483464,-0.2391090507647,-0.756248392024403));
#1899=CARTESIAN_POINT('Ctrl Pts',(-0.475625757037901,-0.245220091350072,
-0.751197976897374));
#1900=CARTESIAN_POINT('Ctrl Pts',(-0.479526363561778,-0.249062160463676,
-0.748706304440109));
#1901=CARTESIAN_POINT('Ctrl Pts',(-0.486003193325044,-0.256421561293911,
-0.744536874159865));
#1902=CARTESIAN_POINT('Ctrl Pts',(-0.494322592222677,-0.271127189994869,
-0.739024447868108));
#1903=CARTESIAN_POINT('Ctrl Pts',(-0.496884949654945,-0.287571860717229,
-0.7372792266775));
#1904=CARTESIAN_POINT('Ctrl Pts',(-0.496883229413458,-0.295275590551181,
-0.73728076331162));
#1905=CARTESIAN_POINT('Ctrl Pts',(-0.496021826771918,-0.295275590551181,
-0.741024769411618));
#1906=CARTESIAN_POINT('Ctrl Pts',(-0.496021826771918,-0.302626825317186,
-0.741024769411618));
#1907=CARTESIAN_POINT('Ctrl Pts',(-0.493581237473959,-0.318318427089701,
-0.742675004023379));
#1908=CARTESIAN_POINT('Ctrl Pts',(-0.485631533114353,-0.332395437329617,
-0.747911642991488));
#1909=CARTESIAN_POINT('Ctrl Pts',(-0.479427375807581,-0.339455877725255,
-0.751886515947777));
#1910=CARTESIAN_POINT('Ctrl Pts',(-0.475690609153983,-0.34314391420655,
-0.754263005998128));
#1911=CARTESIAN_POINT('Ctrl Pts',(-0.467993511485254,-0.349014857612349,
-0.759089079964501));
#1912=CARTESIAN_POINT('Ctrl Pts',(-0.450908156941426,-0.356141902039341,
-0.769488829315158));
#1913=CARTESIAN_POINT('Ctrl Pts',(-0.435761117470504,-0.3543145002538,-0.778087143634266));
#1914=CARTESIAN_POINT('Ctrl Pts',(-0.422185189985579,-0.347946936863939,
-0.785470985801484));
#1915=CARTESIAN_POINT('Ctrl Pts',(-0.414801805486551,-0.343114680471119,
-0.789406019144169));
#1916=CARTESIAN_POINT('Ctrl Pts',(-0.406082697990293,-0.33392428269835,
-0.793912400734009));
#1917=CARTESIAN_POINT('Ctrl Pts',(-0.399025452138042,-0.322299983820783,
-0.797470577440628));
#1918=CARTESIAN_POINT('Ctrl Pts',(-0.393265846386343,-0.304251490188478,
-0.800310603308041));
#1919=CARTESIAN_POINT('Ctrl Pts',(-0.393216286786706,-0.286325119990787,
-0.800336760005734));
#1920=CARTESIAN_POINT('Ctrl Pts',(-0.40015471079622,-0.264869402963365,
-0.796911893878757));
#1921=CARTESIAN_POINT('Ctrl Pts',(-0.408028299419561,-0.254063772790258,
-0.792928184679145));
#1922=CARTESIAN_POINT('Ctrl Pts',(-0.417592268672458,-0.245584681920698,
-0.787919878347381));
#1923=CARTESIAN_POINT('Ctrl Pts',(-0.422214176858209,-0.242587050523383,
-0.785455717705541));
#1924=CARTESIAN_POINT('Ctrl Pts',(-0.435805758603449,-0.236207611030315,
-0.778063764695502));
#1925=CARTESIAN_POINT('Ctrl Pts',(-0.450914193634961,-0.234405646482319,
-0.76948565233724));
#1926=CARTESIAN_POINT('Ctrl Pts',(-0.468002497495593,-0.241530540958984,
-0.759084370325796));
#1927=CARTESIAN_POINT('Ctrl Pts',(-0.47569677645938,-0.247403344629171,
-0.754259771252531));
#1928=CARTESIAN_POINT('Ctrl Pts',(-0.479433627209699,-0.251091311635845,
-0.751883237924592));
#1929=CARTESIAN_POINT('Ctrl Pts',(-0.485635933812532,-0.258152939631277,
-0.74790933511012));
#1930=CARTESIAN_POINT('Ctrl Pts',(-0.493583463177483,-0.272231332486782,
-0.742673836957396));
#1931=CARTESIAN_POINT('Ctrl Pts',(-0.496021826771918,-0.287924355785176,
-0.741024769411618));
#1932=CARTESIAN_POINT('Ctrl Pts',(-0.496021826771918,-0.295275590551181,
-0.741024769411618));
#1933=CARTESIAN_POINT('',(-0.498606034696537,-0.295275590551181,-0.729792751111622));
#1934=CARTESIAN_POINT('Origin',(0.921259842519685,-0.295275590551181,0.));
#1935=CARTESIAN_POINT('',(0.917322834645669,-0.236220472440945,7.23216613669695E-18));
#1936=CARTESIAN_POINT('',(0.917322834645669,-0.354330708661417,7.23216613669695E-18));
#1937=CARTESIAN_POINT('Origin',(0.917322834645669,-0.295275590551181,0.));
#1938=CARTESIAN_POINT('Origin',(0.917322834645669,-0.295275590551181,0.));
#1939=CARTESIAN_POINT('',(0.925196850393701,-0.244094488188976,-6.26787731847069E-18));
#1940=CARTESIAN_POINT('',(0.921259842519685,-0.24015748031496,-6.75002172758382E-18));
#1941=CARTESIAN_POINT('Origin',(0.925196850393701,-0.295275590551181,0.));
#1942=CARTESIAN_POINT('Origin',(0.881889763779528,-0.295275590551181,0.));
#1943=CARTESIAN_POINT('',(0.889757188529926,-0.295275590551181,-0.059055118110236));
#1944=CARTESIAN_POINT('',(0.891733840766522,-0.354339272918981,1.07110670538443E-5));
#1945=CARTESIAN_POINT('Ctrl Pts',(0.889757188529926,-0.295275590551181,
-0.059055118110236));
#1946=CARTESIAN_POINT('Ctrl Pts',(0.889757188529926,-0.303677002279294,
-0.059055118110236));
#1947=CARTESIAN_POINT('Ctrl Pts',(0.890051291847933,-0.32196696374247,-0.0547051886338409));
#1948=CARTESIAN_POINT('Ctrl Pts',(0.890984641281466,-0.342636279042012,
-0.0387320750665659));
#1949=CARTESIAN_POINT('Ctrl Pts',(0.891637878624333,-0.352872439197942,
-0.0175253451919967));
#1950=CARTESIAN_POINT('Ctrl Pts',(0.891734205254458,-0.354352725800677,
-0.0043799171468281));
#1951=CARTESIAN_POINT('Ctrl Pts',(0.891733840766522,-0.354339272918981,
1.07110670538436E-5));
#1952=CARTESIAN_POINT('Ctrl Pts',(0.891733840766522,-0.354339272918981,
1.07110670538436E-5));
#1953=CARTESIAN_POINT('Ctrl Pts',(0.891733476278585,-0.354325820037285,
0.00440133928093571));
#1954=CARTESIAN_POINT('Ctrl Pts',(0.891667800573423,-0.353285150775342,
0.0132002334396843));
#1955=CARTESIAN_POINT('Ctrl Pts',(0.891376683823671,-0.348749172218348,
0.0262234743167646));
#1956=CARTESIAN_POINT('Ctrl Pts',(0.89082304121635,-0.339040686644535,0.0412686243829013));
#1957=CARTESIAN_POINT('Ctrl Pts',(0.89021371724078,-0.325367753935145,0.0521240236519168));
#1958=CARTESIAN_POINT('Ctrl Pts',(0.889622210139739,-0.29953575416929,0.0611087912032766));
#1959=CARTESIAN_POINT('Ctrl Pts',(0.889785039843143,-0.28090413497034,0.0588914564598334));
#1960=CARTESIAN_POINT('Ctrl Pts',(0.890217310668655,-0.266860370856356,
0.0517394721554627));
#1961=CARTESIAN_POINT('Ctrl Pts',(0.890348080185791,-0.26302761917884,0.0494869004638397));
#1962=CARTESIAN_POINT('Ctrl Pts',(0.890593817734141,-0.256719615847325,
0.0449755740686776));
#1963=CARTESIAN_POINT('Ctrl Pts',(0.891105955668237,-0.246052793167979,
0.0346267132804697));
#1964=CARTESIAN_POINT('Ctrl Pts',(0.891702162786865,-0.236648394244584,
0.0153663276406793));
#1965=CARTESIAN_POINT('Ctrl Pts',(0.891802235114321,-0.23524188021681,-0.0109259710975811));
#1966=CARTESIAN_POINT('Ctrl Pts',(0.891079301274035,-0.246007230165868,
-0.0371916081083057));
#1967=CARTESIAN_POINT('Ctrl Pts',(0.890046001023323,-0.268645204129558,
-0.054815241460953));
#1968=CARTESIAN_POINT('Ctrl Pts',(0.889757188529926,-0.286874178823067,
-0.059055118110236));
#1969=CARTESIAN_POINT('Ctrl Pts',(0.889757188529926,-0.295275590551181,
-0.059055118110236));
#1970=CARTESIAN_POINT('',(0.881889763779528,-0.354330708661417,7.23216613669695E-18));
#1971=CARTESIAN_POINT('Origin',(0.925196850393701,-0.236220472440944,0.));
#1972=CARTESIAN_POINT('Ctrl Pts',(0.881322079308668,-0.295275590551181,
-0.0669091169716155));
#1973=CARTESIAN_POINT('Ctrl Pts',(0.881322079308668,-0.304885491511134,
-0.0669091169716155));
#1974=CARTESIAN_POINT('Ctrl Pts',(0.881703933363237,-0.325798115005397,
-0.0618857864215501));
#1975=CARTESIAN_POINT('Ctrl Pts',(0.882905410226775,-0.349162440984234,
-0.0436078563853603));
#1976=CARTESIAN_POINT('Ctrl Pts',(0.883904673129858,-0.362863830375474,
-0.0148991542857525));
#1977=CARTESIAN_POINT('Ctrl Pts',(0.883899845321869,-0.362724753676989,
0.00993756600944572));
#1978=CARTESIAN_POINT('Ctrl Pts',(0.883405173635842,-0.355979778281059,
0.0294939101303715));
#1979=CARTESIAN_POINT('Ctrl Pts',(0.882697241292844,-0.345097191603013,
0.0465176184103361));
#1980=CARTESIAN_POINT('Ctrl Pts',(0.881913292444223,-0.329641545005824,
0.0589241778427977));
#1981=CARTESIAN_POINT('Ctrl Pts',(0.881147288075021,-0.300175480582402,
0.0692744869361002));
#1982=CARTESIAN_POINT('Ctrl Pts',(0.881358890505032,-0.278811266210445,
0.0667048665882157));
#1983=CARTESIAN_POINT('Ctrl Pts',(0.881916997857774,-0.262844052916464,
0.0585002882764555));
#1984=CARTESIAN_POINT('Ctrl Pts',(0.882085617688368,-0.258491927691694,
0.0559207252745647));
#1985=CARTESIAN_POINT('Ctrl Pts',(0.88240206544992,-0.25134492307179,0.0507657648165337));
#1986=CARTESIAN_POINT('Ctrl Pts',(0.883059670341297,-0.239315959429281,
0.0389813994603685));
#1987=CARTESIAN_POINT('Ctrl Pts',(0.883820158636198,-0.228819177948433,
0.0172448492876923));
#1988=CARTESIAN_POINT('Ctrl Pts',(0.883947103277914,-0.227261451052685,
-0.0122560473435263));
#1989=CARTESIAN_POINT('Ctrl Pts',(0.883027078343218,-0.239237447552707,
-0.0418462357414138));
#1990=CARTESIAN_POINT('Ctrl Pts',(0.881697129619672,-0.26482104812716,-0.0620107009160248));
#1991=CARTESIAN_POINT('Ctrl Pts',(0.881322079308668,-0.285665689591225,
-0.0669091169716155));
#1992=CARTESIAN_POINT('Ctrl Pts',(0.881322079308668,-0.295275590551181,
-0.0669091169716155));
#1993=CARTESIAN_POINT('Ctrl Pts',(0.88413378238242,-0.295275590551181,-0.0642911173511557));
#1994=CARTESIAN_POINT('Ctrl Pts',(0.88413378238242,-0.304482661767188,-0.0642911173511557));
#1995=CARTESIAN_POINT('Ctrl Pts',(0.884486386191469,-0.324521064584422,
-0.059492253825647));
#1996=CARTESIAN_POINT('Ctrl Pts',(0.885598487245005,-0.34698705367016,-0.0419825959457621));
#1997=CARTESIAN_POINT('Ctrl Pts',(0.886525957450874,-0.360215777326692,
-0.0143607692628626));
#1998=CARTESIAN_POINT('Ctrl Pts',(0.886521510044582,-0.360082216993884,
0.00957809505540518));
#1999=CARTESIAN_POINT('Ctrl Pts',(0.886062343698452,-0.353569576260155,
0.0284037648591692));
#2000=CARTESIAN_POINT('Ctrl Pts',(0.885405841267346,-0.343078356616854,
0.0447679537345245));
#2001=CARTESIAN_POINT('Ctrl Pts',(0.884680100709742,-0.328216947982265,
0.0566574597791707));
#2002=CARTESIAN_POINT('Ctrl Pts',(0.883972262096594,-0.299962238444698,
0.0665525883584923));
#2003=CARTESIAN_POINT('Ctrl Pts',(0.884167606951069,-0.27950888913041,0.0641003965454216));
#2004=CARTESIAN_POINT('Ctrl Pts',(0.884683768794735,-0.264182825563095,
0.0562466829027912));
#2005=CARTESIAN_POINT('Ctrl Pts',(0.884839771854176,-0.260003824854076,
0.053776117004323));
#2006=CARTESIAN_POINT('Ctrl Pts',(0.88513264954466,-0.253136487330302,0.048835701233915));
#2007=CARTESIAN_POINT('Ctrl Pts',(0.885741765450277,-0.241561570675514,
0.0375298374004022));
#2008=CARTESIAN_POINT('Ctrl Pts',(0.886447493353088,-0.231428916713817,
0.0166186754053546));
#2009=CARTESIAN_POINT('Ctrl Pts',(0.886565480556716,-0.229921594107394,
-0.0118126885948779));
#2010=CARTESIAN_POINT('Ctrl Pts',(0.88571115265349,-0.241494041757094,-0.0402946931970444));
#2011=CARTESIAN_POINT('Ctrl Pts',(0.884480086754222,-0.266095766794626,
-0.0596122144310008));
#2012=CARTESIAN_POINT('Ctrl Pts',(0.88413378238242,-0.286068519335173,-0.0642911173511557));
#2013=CARTESIAN_POINT('Ctrl Pts',(0.88413378238242,-0.295275590551181,-0.0642911173511557));
#2014=CARTESIAN_POINT('Ctrl Pts',(0.886945485456173,-0.295275590551181,
-0.0616731177306959));
#2015=CARTESIAN_POINT('Ctrl Pts',(0.886945485456173,-0.304079832023241,
-0.0616731177306959));
#2016=CARTESIAN_POINT('Ctrl Pts',(0.887268839019701,-0.323244014163446,
-0.057098721229744));
#2017=CARTESIAN_POINT('Ctrl Pts',(0.888291564263236,-0.344811666356086,
-0.040357335506164));
#2018=CARTESIAN_POINT('Ctrl Pts',(0.88914724177189,-0.35756772427791,-0.0138223842399727));
#2019=CARTESIAN_POINT('Ctrl Pts',(0.889143174767294,-0.357439680310779,
0.00921862410136466));
#2020=CARTESIAN_POINT('Ctrl Pts',(0.888719513761061,-0.351159374239251,
0.0273136195879669));
#2021=CARTESIAN_POINT('Ctrl Pts',(0.888114441241848,-0.341059521630694,
0.0430182890587129));
#2022=CARTESIAN_POINT('Ctrl Pts',(0.887446908975261,-0.326792350958705,
0.0543907417155438));
#2023=CARTESIAN_POINT('Ctrl Pts',(0.886797236118167,-0.299748996306994,
0.0638306897808845));
#2024=CARTESIAN_POINT('Ctrl Pts',(0.886976323397106,-0.280206512050375,
0.0614959265026276));
#2025=CARTESIAN_POINT('Ctrl Pts',(0.887450539731694,-0.265521598209725,
0.053993077529127));
#2026=CARTESIAN_POINT('Ctrl Pts',(0.887593926019983,-0.261515722016458,
0.0516315087340814));
#2027=CARTESIAN_POINT('Ctrl Pts',(0.887863233639401,-0.254928051588814,
0.0469056376512964));
#2028=CARTESIAN_POINT('Ctrl Pts',(0.888423860559257,-0.243807181921747,
0.036078275340436));
#2029=CARTESIAN_POINT('Ctrl Pts',(0.889074828069976,-0.234038655479201,
0.015992501523017));
#2030=CARTESIAN_POINT('Ctrl Pts',(0.889183857835518,-0.232581737162102,
-0.0113693298462295));
#2031=CARTESIAN_POINT('Ctrl Pts',(0.888395226963763,-0.243750635961481,
-0.0387431506526751));
#2032=CARTESIAN_POINT('Ctrl Pts',(0.887263043888773,-0.267370485462092,
-0.0572137279459769));
#2033=CARTESIAN_POINT('Ctrl Pts',(0.886945485456173,-0.28647134907912,-0.0616731177306959));
#2034=CARTESIAN_POINT('Ctrl Pts',(0.886945485456173,-0.295275590551181,
-0.0616731177306959));
#2035=CARTESIAN_POINT('Ctrl Pts',(0.889757188529926,-0.295275590551181,
-0.059055118110236));
#2036=CARTESIAN_POINT('Ctrl Pts',(0.889757188529926,-0.303677002279294,
-0.059055118110236));
#2037=CARTESIAN_POINT('Ctrl Pts',(0.890051291847933,-0.32196696374247,-0.0547051886338409));
#2038=CARTESIAN_POINT('Ctrl Pts',(0.890984641281466,-0.342636279042012,
-0.0387320750665659));
#2039=CARTESIAN_POINT('Ctrl Pts',(0.891768526092906,-0.354919671229128,
-0.0132839992170829));
#2040=CARTESIAN_POINT('Ctrl Pts',(0.891764839490007,-0.354797143627674,
0.00885915314732413));
#2041=CARTESIAN_POINT('Ctrl Pts',(0.891376683823671,-0.348749172218348,
0.0262234743167646));
#2042=CARTESIAN_POINT('Ctrl Pts',(0.89082304121635,-0.339040686644535,0.0412686243829013));
#2043=CARTESIAN_POINT('Ctrl Pts',(0.89021371724078,-0.325367753935145,0.0521240236519168));
#2044=CARTESIAN_POINT('Ctrl Pts',(0.889622210139739,-0.29953575416929,0.0611087912032766));
#2045=CARTESIAN_POINT('Ctrl Pts',(0.889785039843143,-0.28090413497034,0.0588914564598334));
#2046=CARTESIAN_POINT('Ctrl Pts',(0.890217310668655,-0.266860370856356,
0.0517394721554627));
#2047=CARTESIAN_POINT('Ctrl Pts',(0.890348080185791,-0.26302761917884,0.0494869004638397));
#2048=CARTESIAN_POINT('Ctrl Pts',(0.890593817734141,-0.256719615847325,
0.0449755740686776));
#2049=CARTESIAN_POINT('Ctrl Pts',(0.891105955668237,-0.246052793167979,
0.0346267132804697));
#2050=CARTESIAN_POINT('Ctrl Pts',(0.891702162786865,-0.236648394244584,
0.0153663276406793));
#2051=CARTESIAN_POINT('Ctrl Pts',(0.891802235114321,-0.23524188021681,-0.0109259710975811));
#2052=CARTESIAN_POINT('Ctrl Pts',(0.891079301274035,-0.246007230165868,
-0.0371916081083057));
#2053=CARTESIAN_POINT('Ctrl Pts',(0.890046001023323,-0.268645204129558,
-0.054815241460953));
#2054=CARTESIAN_POINT('Ctrl Pts',(0.889757188529926,-0.286874178823067,
-0.059055118110236));
#2055=CARTESIAN_POINT('Ctrl Pts',(0.889757188529926,-0.295275590551181,
-0.059055118110236));
#2056=CARTESIAN_POINT('',(0.881322079308668,-0.295275590551181,-0.0669091169716155));
#2057=CARTESIAN_POINT('Ctrl Pts',(-0.74699472287442,0.,-0.248998240958139));
#2058=CARTESIAN_POINT('Ctrl Pts',(-0.74799253897792,1.32808531367254,-0.249330846325973));
#2059=CARTESIAN_POINT('Ctrl Pts',(-0.74899035508142,2.65617062734508,-0.249663451693806));
#2060=CARTESIAN_POINT('Ctrl Pts',(-0.749988171184919,3.98425594101763,-0.249996057061639));
#2061=CARTESIAN_POINT('Ctrl Pts',(-0.73936469220089,0.,-0.271888332978731));
#2062=CARTESIAN_POINT('Ctrl Pts',(-0.730521530221543,1.32808531367255,-0.264720499497191));
#2063=CARTESIAN_POINT('Ctrl Pts',(-0.721548595315542,2.65617062734508,-0.257253986282901));
#2064=CARTESIAN_POINT('Ctrl Pts',(-0.712705433336195,3.98425594101763,-0.250086152801361));
#2065=CARTESIAN_POINT('Ctrl Pts',(-0.713225032270104,0.,-0.349226294867379));
#2066=CARTESIAN_POINT('Ctrl Pts',(-0.68716398632332,1.32808531367254,-0.316258983669151));
#2067=CARTESIAN_POINT('Ctrl Pts',(-0.660995070418236,2.65617062734509,-0.283357867357976));
#2068=CARTESIAN_POINT('Ctrl Pts',(-0.634934024471452,3.98425594101762,-0.250390556159748));
#2069=CARTESIAN_POINT('Ctrl Pts',(-0.625052600647482,0.,-0.484642224298078));
#2070=CARTESIAN_POINT('Ctrl Pts',(-0.586150239138093,1.32808531367255,-0.406752583602598));
#2071=CARTESIAN_POINT('Ctrl Pts',(-0.54722136682838,2.65617062734508,-0.328813195950256));
#2072=CARTESIAN_POINT('Ctrl Pts',(-0.50831900531899,3.98425594101763,-0.250923555254776));
#2073=CARTESIAN_POINT('Ctrl Pts',(-0.556586766593163,0.,-0.55902993811956));
#2074=CARTESIAN_POINT('Ctrl Pts',(-0.515626485018781,1.32808531367254,-0.45640895820214));
#2075=CARTESIAN_POINT('Ctrl Pts',(-0.474403731783335,2.65617062734508,-0.353837326310688));
#2076=CARTESIAN_POINT('Ctrl Pts',(-0.433443450208953,3.98425594101762,-0.251216346393268));
#2077=CARTESIAN_POINT('Ctrl Pts',(-0.436018983680364,0.,-0.666101380954427));
#2078=CARTESIAN_POINT('Ctrl Pts',(-0.395902714610919,1.32808531367255,-0.527974983420289));
#2079=CARTESIAN_POINT('Ctrl Pts',(-0.356117785441108,2.65617062734507,-0.389764178705236));
#2080=CARTESIAN_POINT('Ctrl Pts',(-0.316001516371663,3.98425594101762,-0.251637781171098));
#2081=CARTESIAN_POINT('Ctrl Pts',(-0.201878816573462,0.,-0.794487313769325));
#2082=CARTESIAN_POINT('Ctrl Pts',(-0.179437049828864,1.32808531367254,-0.613655613635523));
#2083=CARTESIAN_POINT('Ctrl Pts',(-0.156934937484484,2.65617062734509,-0.432974810229586));
#2084=CARTESIAN_POINT('Ctrl Pts',(-0.134493170739886,3.98425594101762,-0.252143110095784));
#2085=CARTESIAN_POINT('Ctrl Pts',(0.112010838205856,0.,-0.794687738970235));
#2086=CARTESIAN_POINT('Ctrl Pts',(0.0995664404226218,1.32808531367254,-0.613810173880764));
#2087=CARTESIAN_POINT('Ctrl Pts',(0.0871622589502063,2.65617062734508,-0.433021464061802));
#2088=CARTESIAN_POINT('Ctrl Pts',(0.0747178611669723,3.98425594101763,-0.252143898972331));
#2089=CARTESIAN_POINT('Ctrl Pts',(0.349257708010827,0.,-0.714057139014756));
#2090=CARTESIAN_POINT('Ctrl Pts',(0.315655320008131,1.32808531367254,-0.560060760070821));
#2091=CARTESIAN_POINT('Ctrl Pts',(0.281984987907141,2.65617062734509,-0.405822914685895));
#2092=CARTESIAN_POINT('Ctrl Pts',(0.248382599904445,3.98425594101763,-0.25182653574196));
#2093=CARTESIAN_POINT('Ctrl Pts',(0.550851186423665,0.,-0.586386317164346));
#2094=CARTESIAN_POINT('Ctrl Pts',(0.505566544133263,1.32808531367254,-0.47466523913739));
#2095=CARTESIAN_POINT('Ctrl Pts',(0.460274358539153,2.65617062734508,-0.363045099531531));
#2096=CARTESIAN_POINT('Ctrl Pts',(0.414989716248751,3.98425594101763,-0.251324021504575));
#2097=CARTESIAN_POINT('Ctrl Pts',(0.676711317122121,0.,-0.414439306204179));
#2098=CARTESIAN_POINT('Ctrl Pts',(0.641991283984356,1.32808531367254,-0.359901518316942));
#2099=CARTESIAN_POINT('Ctrl Pts',(0.607355388724397,2.65617062734508,-0.305185023421211));
#2100=CARTESIAN_POINT('Ctrl Pts',(0.572635355586632,3.98425594101763,-0.250647235533975));
#2101=CARTESIAN_POINT('Ctrl Pts',(0.730271732915013,0.,-0.29748238057436));
#2102=CARTESIAN_POINT('Ctrl Pts',(0.715874466774637,1.32808531367254,-0.281614776453912));
#2103=CARTESIAN_POINT('Ctrl Pts',(0.701177401862139,2.65617062734509,-0.266054495470545));
#2104=CARTESIAN_POINT('Ctrl Pts',(0.686780135721762,3.98425594101763,-0.250186891350097));
#2105=CARTESIAN_POINT('Ctrl Pts',(0.743179707537654,0.,-0.260443286968437));
#2106=CARTESIAN_POINT('Ctrl Pts',(0.7391415594085,1.32808531367254,-0.257068951859685));
#2107=CARTESIAN_POINT('Ctrl Pts',(0.735384950389712,2.65617062734508,-0.253415440040253));
#2108=CARTESIAN_POINT('Ctrl Pts',(0.731346802260557,3.98425594101763,-0.250041104931501));
#2109=CARTESIAN_POINT('Ctrl Pts',(0.74699472287442,0.,-0.248998240958141));
#2110=CARTESIAN_POINT('Ctrl Pts',(0.74799253897792,1.32808531367254,-0.249330846325974));
#2111=CARTESIAN_POINT('Ctrl Pts',(0.748990355081419,2.65617062734508,-0.249663451693807));
#2112=CARTESIAN_POINT('Ctrl Pts',(0.749988171184919,3.98425594101763,-0.24999605706164));
#2113=CARTESIAN_POINT('',(0.74699472287442,0.,-0.24899824095814));
#2114=CARTESIAN_POINT('Ctrl Pts',(0.74699472287442,0.,-0.24899824095814));
#2115=CARTESIAN_POINT('Ctrl Pts',(0.747992747643891,1.32836304642351,-0.249330915881297));
#2116=CARTESIAN_POINT('Ctrl Pts',(0.748990772413361,2.65672609284703,-0.249663590804454));
#2117=CARTESIAN_POINT('Ctrl Pts',(0.749988797182832,3.98508913927054,-0.249996265727611));
#2118=CARTESIAN_POINT('Ctrl Pts',(0.754624753547951,0.,-0.226108148937549));
#2119=CARTESIAN_POINT('Ctrl Pts',(0.76553410979472,1.32836304642352,-0.234033146727511));
#2120=CARTESIAN_POINT('Ctrl Pts',(0.776368379838177,2.65672609284703,-0.241985940194097));
#2121=CARTESIAN_POINT('Ctrl Pts',(0.787277736084946,3.98508913927054,-0.24991093798406));
#2122=CARTESIAN_POINT('Ctrl Pts',(0.767778822342003,0.,-0.179626102527123));
#2123=CARTESIAN_POINT('Ctrl Pts',(0.799080379397251,1.32836304642351,-0.197368005759316));
#2124=CARTESIAN_POINT('Ctrl Pts',(0.830486993135801,2.65672609284703,-0.215009183536273));
#2125=CARTESIAN_POINT('Ctrl Pts',(0.861788550191049,3.98508913927054,-0.232751086768466));
#2126=CARTESIAN_POINT('Ctrl Pts',(0.781027825168373,0.,-0.108385934035284));
#2127=CARTESIAN_POINT('Ctrl Pts',(0.837920659056685,1.32836304642351,-0.125872987101055));
#2128=CARTESIAN_POINT('Ctrl Pts',(0.894766959972873,2.65672609284703,-0.143435118752496));
#2129=CARTESIAN_POINT('Ctrl Pts',(0.951659793861185,3.98508913927054,-0.160922171818267));
#2130=CARTESIAN_POINT('Ctrl Pts',(0.787677387409557,0.,-0.0362308262753107));
#2131=CARTESIAN_POINT('Ctrl Pts',(0.85878610248746,1.32836304642352,-0.0433761136200465));
#2132=CARTESIAN_POINT('Ctrl Pts',(0.929978171859226,2.65672609284703,-0.0504358033123195));
#2133=CARTESIAN_POINT('Ctrl Pts',(1.00108688693713,3.98508913927055,-0.0575810906570552));
#2134=CARTESIAN_POINT('Ctrl Pts',(0.787683010172412,0.,0.0603850220280918));
#2135=CARTESIAN_POINT('Ctrl Pts',(0.859079312123296,1.32836304642351,0.0723368044538688));
#2136=CARTESIAN_POINT('Ctrl Pts',(0.930497415183992,2.65672609284703,0.0842749911637317));
#2137=CARTESIAN_POINT('Ctrl Pts',(1.00189371713488,3.98508913927054,0.0962267735895087));
#2138=CARTESIAN_POINT('Ctrl Pts',(0.774362171431289,0.,0.156385874487035));
#2139=CARTESIAN_POINT('Ctrl Pts',(0.81629024740697,1.32836304642352,0.179250173148649));
#2140=CARTESIAN_POINT('Ctrl Pts',(0.858012425609298,2.65672609284702,0.201959192453529));
#2141=CARTESIAN_POINT('Ctrl Pts',(0.899940501584979,3.98508913927054,0.224823491115143));
#2142=CARTESIAN_POINT('Ctrl Pts',(0.754624753547951,0.,0.226108148937547));
#2143=CARTESIAN_POINT('Ctrl Pts',(0.765385102124963,1.32836304642351,0.233953184274005));
#2144=CARTESIAN_POINT('Ctrl Pts',(0.776517387507935,2.65672609284703,0.242065902647601));
#2145=CARTESIAN_POINT('Ctrl Pts',(0.787277736084946,3.98508913927054,0.249910937984059));
#2146=CARTESIAN_POINT('Ctrl Pts',(0.746994722874421,0.,0.248998240958139));
#2147=CARTESIAN_POINT('Ctrl Pts',(0.747992747643891,1.32836304642351,0.249330915881296));
#2148=CARTESIAN_POINT('Ctrl Pts',(0.748990772413361,2.65672609284703,0.249663590804453));
#2149=CARTESIAN_POINT('Ctrl Pts',(0.749988797182832,3.98508913927054,0.24999626572761));
#2150=CARTESIAN_POINT('Ctrl Pts',(-0.793440893273492,0.,-0.389431619533183));
#2151=CARTESIAN_POINT('Ctrl Pts',(-0.779010088733048,1.32877604054698,-0.382348783708871));
#2152=CARTESIAN_POINT('Ctrl Pts',(-0.764579284192605,2.65755208109396,-0.375265947884559));
#2153=CARTESIAN_POINT('Ctrl Pts',(-0.750148479652161,3.98632812164095,-0.368183112060247));
#2154=CARTESIAN_POINT('Ctrl Pts',(-0.776518362653371,0.,-0.423910144486477));
#2155=CARTESIAN_POINT('Ctrl Pts',(-0.749470156889833,1.32877604054698,-0.405409558744458));
#2156=CARTESIAN_POINT('Ctrl Pts',(-0.722257906880706,2.65755208109397,-0.386801544352056));
#2157=CARTESIAN_POINT('Ctrl Pts',(-0.695209701117168,3.98632812164095,-0.368300958610037));
#2158=CARTESIAN_POINT('Ctrl Pts',(-0.717824504652395,0.,-0.534280840186778));
#2159=CARTESIAN_POINT('Ctrl Pts',(-0.668965098518347,1.32877604054698,-0.479079745268615));
#2160=CARTESIAN_POINT('Ctrl Pts',(-0.620132195260728,2.65755208109396,-0.423879297209705));
#2161=CARTESIAN_POINT('Ctrl Pts',(-0.571272789126679,3.98632812164095,-0.368678202291542));
#2162=CARTESIAN_POINT('Ctrl Pts',(-0.514227798107271,0.,-0.743663738603464));
#2163=CARTESIAN_POINT('Ctrl Pts',(-0.461176218628039,1.32877604054698,-0.61892701613092));
#2164=CARTESIAN_POINT('Ctrl Pts',(-0.408078842953767,2.65755208109396,-0.494130589143491));
#2165=CARTESIAN_POINT('Ctrl Pts',(-0.355027263474534,3.98632812164095,-0.369393866670946));
#2166=CARTESIAN_POINT('Ctrl Pts',(-0.189084454687491,0.,-0.889753446978545));
#2167=CARTESIAN_POINT('Ctrl Pts',(-0.166190502454099,1.32877604054698,-0.716449019199289));
#2168=CARTESIAN_POINT('Ctrl Pts',(-0.143293132718708,2.65755208109397,-0.543197624630805));
#2169=CARTESIAN_POINT('Ctrl Pts',(-0.120399180485316,3.98632812164095,-0.36989319685155));
#2170=CARTESIAN_POINT('Ctrl Pts',(0.189105508815858,0.,-0.889822932789935));
#2171=CARTESIAN_POINT('Ctrl Pts',(0.166213054881465,1.32877604054698,-0.716528200458144));
#2172=CARTESIAN_POINT('Ctrl Pts',(0.14329170638208,2.65755208109397,-0.543188166683731));
#2173=CARTESIAN_POINT('Ctrl Pts',(0.120399252447686,3.98632812164095,-0.36989343435194));
#2174=CARTESIAN_POINT('Ctrl Pts',(0.514145460100684,0.,-0.74360991131691));
#2175=CARTESIAN_POINT('Ctrl Pts',(0.461098221900355,1.32877604054699,-0.618866030157123));
#2176=CARTESIAN_POINT('Ctrl Pts',(0.40807422024606,2.65755208109396,-0.494137563850705));
#2177=CARTESIAN_POINT('Ctrl Pts',(0.355026982045731,3.98632812164095,-0.369393682690918));
#2178=CARTESIAN_POINT('Ctrl Pts',(0.717879354964762,0.,-0.534286054086006));
#2179=CARTESIAN_POINT('Ctrl Pts',(0.669010347128953,1.32877604054698,-0.479097400283912));
#2180=CARTESIAN_POINT('Ctrl Pts',(0.620141984439189,2.65755208109397,-0.423866873914585));
#2181=CARTESIAN_POINT('Ctrl Pts',(0.571272976603379,3.98632812164095,-0.368678220112491));
#2182=CARTESIAN_POINT('Ctrl Pts',(0.77651836265337,0.,-0.423910144486479));
#2183=CARTESIAN_POINT('Ctrl Pts',(0.749476044491703,1.32877604054698,-0.405402113447238));
#2184=CARTESIAN_POINT('Ctrl Pts',(0.722252019278835,2.65755208109396,-0.386808989649278));
#2185=CARTESIAN_POINT('Ctrl Pts',(0.695209701117168,3.98632812164095,-0.368300958610037));
#2186=CARTESIAN_POINT('Ctrl Pts',(0.793440893273491,0.,-0.389431619533185));
#2187=CARTESIAN_POINT('Ctrl Pts',(0.779010088733048,1.32877604054698,-0.382348783708873));
#2188=CARTESIAN_POINT('Ctrl Pts',(0.764579284192604,2.65755208109396,-0.37526594788456));
#2189=CARTESIAN_POINT('Ctrl Pts',(0.750148479652161,3.98632812164095,-0.368183112060247));
#2190=CARTESIAN_POINT('',(-0.793440893273492,0.,-0.389431619533183));
#2191=CARTESIAN_POINT('Ctrl Pts',(-0.793440893273492,0.,0.389431619533184));
#2192=CARTESIAN_POINT('Ctrl Pts',(-0.77901729916725,1.32811210998215,0.382352322688388));
#2193=CARTESIAN_POINT('Ctrl Pts',(-0.764593705061008,2.6562242199643,0.375273025843592));
#2194=CARTESIAN_POINT('Ctrl Pts',(-0.750170110954767,3.98433632994645,0.368193728998797));
#2195=CARTESIAN_POINT('Ctrl Pts',(-0.810363423893612,0.,0.35495309457989));
#2196=CARTESIAN_POINT('Ctrl Pts',(-0.808602339271124,1.32811210998215,0.359341160827056));
#2197=CARTESIAN_POINT('Ctrl Pts',(-0.80685097907608,2.6562242199643,0.36367064769193));
#2198=CARTESIAN_POINT('Ctrl Pts',(-0.805089894453591,3.98433632994645,0.368058713939096));
#2199=CARTESIAN_POINT('Ctrl Pts',(-0.839707003790834,0.,0.283786985488237));
#2200=CARTESIAN_POINT('Ctrl Pts',(-0.86476671513004,1.32811210998215,0.303438359579055));
#2201=CARTESIAN_POINT('Ctrl Pts',(-0.889801103195309,2.6562242199643,0.323089418385029));
#2202=CARTESIAN_POINT('Ctrl Pts',(-0.914860814534515,3.98433632994645,0.342740792475846));
#2203=CARTESIAN_POINT('Ctrl Pts',(-0.869474040775864,0.,0.172221977656967));
#2204=CARTESIAN_POINT('Ctrl Pts',(-0.928630493006418,1.32811210998215,0.193855070369162));
#2205=CARTESIAN_POINT('Ctrl Pts',(-0.987834888350165,2.6562242199643,0.215502418662806));
#2206=CARTESIAN_POINT('Ctrl Pts',(-1.04699134058072,3.98433632994645,0.237135511375001));
#2207=CARTESIAN_POINT('Ctrl Pts',(-0.884482444071778,0.,0.0577338616372075));
#2208=CARTESIAN_POINT('Ctrl Pts',(-0.96306390096265,1.32811210998215,0.0666889014780481));
#2209=CARTESIAN_POINT('Ctrl Pts',(-1.04159977594828,2.6562242199643,0.0756494047577299));
#2210=CARTESIAN_POINT('Ctrl Pts',(-1.12018123283915,3.98433632994645,0.0846044445985705));
#2211=CARTESIAN_POINT('Ctrl Pts',(-0.884484151015478,0.,-0.0577338582382002));
#2212=CARTESIAN_POINT('Ctrl Pts',(-0.963064851885107,1.32811210998215,-0.0666888608994821));
#2213=CARTESIAN_POINT('Ctrl Pts',(-1.04169571573774,2.6562242199643,-0.0756504005719829));
#2214=CARTESIAN_POINT('Ctrl Pts',(-1.12027641660737,3.98433632994645,-0.0846054032332648));
#2215=CARTESIAN_POINT('Ctrl Pts',(-0.869472236735806,0.,-0.17222161270159));
#2216=CARTESIAN_POINT('Ctrl Pts',(-0.92863024107542,1.32811210998215,-0.193853394721307));
#2217=CARTESIAN_POINT('Ctrl Pts',(-0.987750096583198,2.6562242199643,-0.215436004440567));
#2218=CARTESIAN_POINT('Ctrl Pts',(-1.04690810092281,3.98433632994645,-0.237067786460283));
#2219=CARTESIAN_POINT('Ctrl Pts',(-0.839708104003304,0.,-0.283787160986183));
#2220=CARTESIAN_POINT('Ctrl Pts',(-0.864764397633132,1.32811210998214,-0.303439331084381));
#2221=CARTESIAN_POINT('Ctrl Pts',(-0.88985374735149,2.6562242199643,-0.323121152101148));
#2222=CARTESIAN_POINT('Ctrl Pts',(-0.914910040981318,3.98433632994645,-0.342773322199345));
#2223=CARTESIAN_POINT('Ctrl Pts',(-0.810363423893612,0.,-0.35495309457989));
#2224=CARTESIAN_POINT('Ctrl Pts',(-0.808604313983766,1.32811210998215,-0.359340458312945));
#2225=CARTESIAN_POINT('Ctrl Pts',(-0.806849004363438,2.65622421996429,-0.363671350206041));
#2226=CARTESIAN_POINT('Ctrl Pts',(-0.805089894453591,3.98433632994645,-0.368058713939096));
#2227=CARTESIAN_POINT('Ctrl Pts',(-0.793440893273492,0.,-0.389431619533183));
#2228=CARTESIAN_POINT('Ctrl Pts',(-0.77901729916725,1.32811210998215,-0.382352322688388));
#2229=CARTESIAN_POINT('Ctrl Pts',(-0.764593705061008,2.6562242199643,-0.375273025843592));
#2230=CARTESIAN_POINT('Ctrl Pts',(-0.750170110954767,3.98433632994645,-0.368193728998796));
#2231=UNCERTAINTY_MEASURE_WITH_UNIT(LENGTH_MEASURE(0.000393700787401575),
#2237,'DISTANCE_ACCURACY_VALUE',
'Maximum model space distance between geometric entities at asserted c
onnectivities');
#2232=UNCERTAINTY_MEASURE_WITH_UNIT(LENGTH_MEASURE(0.000393700787401575),
#2237,'DISTANCE_ACCURACY_VALUE',
'Maximum model space distance between geometric entities at asserted c
onnectivities');
#2233=(
GEOMETRIC_REPRESENTATION_CONTEXT(3)
GLOBAL_UNCERTAINTY_ASSIGNED_CONTEXT((#2231))
GLOBAL_UNIT_ASSIGNED_CONTEXT((#2237,#2241,#2242))
REPRESENTATION_CONTEXT('','3D')
);
#2234=(
GEOMETRIC_REPRESENTATION_CONTEXT(3)
GLOBAL_UNCERTAINTY_ASSIGNED_CONTEXT((#2232))
GLOBAL_UNIT_ASSIGNED_CONTEXT((#2237,#2241,#2242))
REPRESENTATION_CONTEXT('','3D')
);
#2235=DIMENSIONAL_EXPONENTS(1.,0.,0.,0.,0.,0.,0.);
#2236=DIMENSIONAL_EXPONENTS(0.,1.,0.,0.,0.,0.,0.);
#2237=(
CONVERSION_BASED_UNIT('inch',#2240)
LENGTH_UNIT()
NAMED_UNIT(#2235)
);
#2238=(
LENGTH_UNIT()
NAMED_UNIT(*)
SI_UNIT(.MILLI.,.METRE.)
);
#2239=(
LENGTH_UNIT()
NAMED_UNIT(*)
SI_UNIT(.CENTI.,.METRE.)
);
#2240=LENGTH_MEASURE_WITH_UNIT(LENGTH_MEASURE(25.4),#2238);
#2241=(
NAMED_UNIT(*)
PLANE_ANGLE_UNIT()
SI_UNIT($,.RADIAN.)
);
#2242=(
NAMED_UNIT(*)
SI_UNIT($,.STERADIAN.)
SOLID_ANGLE_UNIT()
);
#2243=SHAPE_DEFINITION_REPRESENTATION(#2244,#2245);
#2244=PRODUCT_DEFINITION_SHAPE('',$,#2247);
#2245=SHAPE_REPRESENTATION('',(#626),#2233);
#2246=PRODUCT_DEFINITION_CONTEXT('part definition',#2251,'design');
#2247=PRODUCT_DEFINITION('Tapered Vac Fitting','Wide Vacuum Nozzle',#2248,
#2246);
#2248=PRODUCT_DEFINITION_FORMATION('',$,#2253);
#2249=PRODUCT_RELATED_PRODUCT_CATEGORY('Wide Vacuum Nozzle',
'Wide Vacuum Nozzle',(#2253));
#2250=APPLICATION_PROTOCOL_DEFINITION('international standard',
'automotive_design',2009,#2251);
#2251=APPLICATION_CONTEXT(
'Core Data for Automotive Mechanical Design Process');
#2252=PRODUCT_CONTEXT('part definition',#2251,'mechanical');
#2253=PRODUCT('Tapered Vac Fitting','Wide Vacuum Nozzle',$,(#2252));
#2254=PRESENTATION_STYLE_ASSIGNMENT((#2255));
#2255=SURFACE_STYLE_USAGE(.BOTH.,#2258);
#2256=SURFACE_STYLE_RENDERING_WITH_PROPERTIES($,#2262,(#2257));
#2257=SURFACE_STYLE_TRANSPARENT(0.);
#2258=SURFACE_SIDE_STYLE('',(#2259,#2256));
#2259=SURFACE_STYLE_FILL_AREA(#2260);
#2260=FILL_AREA_STYLE('',(#2261));
#2261=FILL_AREA_STYLE_COLOUR('',#2262);
#2262=COLOUR_RGB('',0.0196078431372549,0.0196078431372549,0.0196078431372549);
ENDSEC;
END-ISO-10303-21;
