ISO-10303-21;
HEADER;
FILE_DESCRIPTION (( 'STEP AP203' ),
    '1' );
FILE_NAME ('3321A18_ER-32 Collet.STEP',
    '2021-09-14T15:25:15',
    ( 'Administrator' ),
    ( 'Managed by Terraform' ),
    'SwSTEP 2.0',
    'SolidWorks 2017',
    '' );
FILE_SCHEMA (( 'CONFIG_CONTROL_DESIGN' ));
ENDSEC;

DATA;
#1 = EDGE_LOOP ( 'NONE', ( #1440, #3981, #2157, #3184 ) ) ;
#2 = ORIENTED_EDGE ( 'NONE', *, *, #1153, .T. ) ;
#3 = LINE ( 'NONE', #740, #3325 ) ;
#4 = EDGE_CURVE ( 'NONE', #3842, #3344, #3423, .T. ) ;
#5 = DIRECTION ( 'NONE',  ( 1.000000000000000000, 0.0000000000000000000, -6.123233995736766000E-017 ) ) ;
#6 = CYLINDRICAL_SURFACE ( 'NONE', #128, 0.5749999999999999600 ) ;
#7 = CARTESIAN_POINT ( 'NONE',  ( 0.0000000000000000000, 0.0000000000000000000, -0.7850000000000001400 ) ) ;
#8 = ORIENTED_EDGE ( 'NONE', *, *, #3680, .T. ) ;
#9 = LINE ( 'NONE', #1260, #994 ) ;
#10 = LINE ( 'NONE', #1607, #2659 ) ;
#11 = CARTESIAN_POINT ( 'NONE',  ( -0.4674384495106986300, 0.2737248336294678100, 0.7626759887966161300 ) ) ;
#12 = ORIENTED_EDGE ( 'NONE', *, *, #3579, .F. ) ;
#13 = LINE ( 'NONE', #850, #3379 ) ;
#14 = CARTESIAN_POINT ( 'NONE',  ( 0.5750000000000000700, 0.0000000000000000000, 0.4250000000000001000 ) ) ;
#15 = ADVANCED_FACE ( 'NONE', ( #3575 ), #3745, .F. ) ;
#16 = ORIENTED_EDGE ( 'NONE', *, *, #1341, .T. ) ;
#17 = CARTESIAN_POINT ( 'NONE',  ( 0.01000000000000008300, -0.6499230723708769900, 0.5750000000000001800 ) ) ;
#18 = CARTESIAN_POINT ( 'NONE',  ( -0.2500000000000000600, 0.0000000000000000000, -0.3953786931315603800 ) ) ;
#19 = EDGE_LOOP ( 'NONE', ( #484, #3396, #2013, #3772, #2979, #127, #533, #288, #927 ) ) ;
#20 = CARTESIAN_POINT ( 'NONE',  ( 9.613477373306722300E-017, 0.0000000000000000000, 0.7849999999999998100 ) ) ;
#21 = EDGE_CURVE ( 'NONE', #3255, #1631, #2037, .T. ) ;
#22 = CARTESIAN_POINT ( 'NONE',  ( 0.01000000000000000000, -0.5909072528936051300, 0.6772053272399298800 ) ) ;
#23 = B_SPLINE_CURVE_WITH_KNOTS ( 'NONE', 3,
 ( #671, #3771, #2816, #1031, #3131, #3752, #3434 ),
 .UNSPECIFIED., .F., .F.,
 ( 4, 3, 4 ),
 ( 0.01695838223662355900, 0.01980466064540401700, 0.02311777893953316900 ),
 .UNSPECIFIED. ) ;
#24 = ORIENTED_EDGE ( 'NONE', *, *, #464, .F. ) ;
#25 = CARTESIAN_POINT ( 'NONE',  ( 0.6499230723708772100, -0.01000000000000000000, 0.5750000000000000700 ) ) ;
#26 = VERTEX_POINT ( 'NONE', #2772 ) ;
#27 = EDGE_LOOP ( 'NONE', ( #1160, #547, #1073, #36, #2429, #2687, #3946, #3559 ) ) ;
#28 = DIRECTION ( 'NONE',  ( -1.000000000000000000, 0.0000000000000000000, 6.123233995736766000E-017 ) ) ;
#29 = ADVANCED_FACE ( 'NONE', ( #261 ), #1471, .T. ) ;
#30 = DIRECTION ( 'NONE',  ( -6.123233995736766000E-017, -0.0000000000000000000, -1.000000000000000000 ) ) ;
#31 = EDGE_LOOP ( 'NONE', ( #3902, #1226, #705, #2868 ) ) ;
#32 = ORIENTED_EDGE ( 'NONE', *, *, #3296, .F. ) ;
#33 = DIRECTION ( 'NONE',  ( -1.000000000000000000, 0.0000000000000000000, 1.050710766793947200E-016 ) ) ;
#34 = EDGE_CURVE ( 'NONE', #1881, #3083, #1803, .T. ) ;
#35 = CARTESIAN_POINT ( 'NONE',  ( -0.4640375896691669700, -0.2794592326933940700, 0.7625979573111026900 ) ) ;
#36 = ORIENTED_EDGE ( 'NONE', *, *, #2568, .T. ) ;
#37 = EDGE_LOOP ( 'NONE', ( #865, #1237, #1215, #3762 ) ) ;
#38 = FACE_OUTER_BOUND ( 'NONE', #3766, .T. ) ;
#39 = ORIENTED_EDGE ( 'NONE', *, *, #264, .T. ) ;
#40 = DIRECTION ( 'NONE',  ( -1.000000000000000000, 0.0000000000000000000, 6.123233995736766000E-017 ) ) ;
#41 = LINE ( 'NONE', #1406, #2293 ) ;
#42 = CARTESIAN_POINT ( 'NONE',  ( 9.373498641636613500E-034, 0.0000000000000000000, -0.7850000000000001400 ) ) ;
#43 = EDGE_CURVE ( 'NONE', #3259, #735, #3816, .T. ) ;
#44 = FACE_OUTER_BOUND ( 'NONE', #2706, .T. ) ;
#45 = CARTESIAN_POINT ( 'NONE',  ( 0.5750000000000000700, -0.01000000000000000000, 0.4250000000000001000 ) ) ;
#46 = CARTESIAN_POINT ( 'NONE',  ( 0.6280010608474671000, 0.01000000000000000000, 0.6129655440011460000 ) ) ;
#47 = ORIENTED_EDGE ( 'NONE', *, *, #1701, .T. ) ;
#48 = LINE ( 'NONE', #2349, #3768 ) ;
#49 = VECTOR ( 'NONE', #2760, 39.37007874015748100 ) ;
#50 = LINE ( 'NONE', #3767, #1315 ) ;
#51 = DIRECTION ( 'NONE',  ( -6.123233995736766000E-017, -0.0000000000000000000, -1.000000000000000000 ) ) ;
#52 = ORIENTED_EDGE ( 'NONE', *, *, #715, .T. ) ;
#53 =( BOUNDED_CURVE ( )  B_SPLINE_CURVE ( 3, ( #692, #1950, #69, #2244 ),
 .UNSPECIFIED., .F., .T. ) 
 B_SPLINE_CURVE_WITH_KNOTS ( ( 4, 4 ),
 ( 3.132035932894353900, 3.151149374285231900 ),
 .UNSPECIFIED. ) 
 CURVE ( )  GEOMETRIC_REPRESENTATION_ITEM ( )  RATIONAL_B_SPLINE_CURVE ( ( 1.000000000000000000, 0.9999695565948860700, 0.9999695565948860700, 1.000000000000000000 ) ) 
 REPRESENTATION_ITEM ( '' )  );
#54 = LINE ( 'NONE', #3497, #593 ) ;
#55 = DIRECTION ( 'NONE',  ( -6.123233995736766000E-017, -0.0000000000000000000, -1.000000000000000000 ) ) ;
#56 = CARTESIAN_POINT ( 'NONE',  ( -0.2834930907377223300, 0.4710244367524791300, -0.2882751530984583600 ) ) ;
#57 = ORIENTED_EDGE ( 'NONE', *, *, #1170, .T. ) ;
#58 = PLANE ( 'NONE',  #689 ) ;
#59 = CARTESIAN_POINT ( 'NONE',  ( 8.266365894244635600E-017, 0.0000000000000000000, 0.5649999999999999500 ) ) ;
#60 = CARTESIAN_POINT ( 'NONE',  ( 0.4262499999999976900, 0.2576425576258717400, 0.4250000000000001000 ) ) ;
#61 = EDGE_LOOP ( 'NONE', ( #1348, #3353, #2724, #2065, #541, #3843, #421, #1093, #2519 ) ) ;
#62 = CARTESIAN_POINT ( 'NONE',  ( 7.409113134841489000E-017, 0.0000000000000000000, 0.4250000000000001000 ) ) ;
#63 = DIRECTION ( 'NONE',  ( -6.123233995736766000E-017, -0.0000000000000000000, -1.000000000000000000 ) ) ;
#64 = AXIS2_PLACEMENT_3D ( 'NONE', #194, #1162, #2328 ) ;
#65 = DIRECTION ( 'NONE',  ( 0.6123724356958010200, 0.3535533905932813400, 0.7071067811865381400 ) ) ;
#66 = CARTESIAN_POINT ( 'NONE',  ( 0.1162397059301262200, 0.2213330765278381500, -0.3951786130674962400 ) ) ;
#67 = EDGE_CURVE ( 'NONE', #2148, #3650, #962, .T. ) ;
#68 = EDGE_CURVE ( 'NONE', #1631, #1792, #3479, .T. ) ;
#69 = CARTESIAN_POINT ( 'NONE',  ( 0.003333434814439507700, -0.5416759887966085000, 0.7626759887966161300 ) ) ;
#70 = PLANE ( 'NONE',  #2214 ) ;
#71 = CARTESIAN_POINT ( 'NONE',  ( 0.004999999999999980200, 0.008660254037844396900, 0.0000000000000000000 ) ) ;
#72 = CARTESIAN_POINT ( 'NONE',  ( 0.4362499999999943100, 0.2403220495501851600, 0.5650000000000001700 ) ) ;
#73 = AXIS2_PLACEMENT_3D ( 'NONE', #1714, #2011, #2315 ) ;
#74 = EDGE_CURVE ( 'NONE', #3272, #1642, #956, .T. ) ;
#75 = CARTESIAN_POINT ( 'NONE',  ( -0.009999999999999916900, -0.6499230723708769900, 0.5750000000000001800 ) ) ;
#76 = ORIENTED_EDGE ( 'NONE', *, *, #1068, .F. ) ;
#77 = CARTESIAN_POINT ( 'NONE',  ( 7.409113134841489000E-017, 0.0000000000000000000, 0.4250000000000001000 ) ) ;
#78 = EDGE_LOOP ( 'NONE', ( #3075, #3788, #340, #1662 ) ) ;
#79 = CARTESIAN_POINT ( 'NONE',  ( -0.2148965835325532000, -0.1279216568640732800, 0.4710667289577122900 ) ) ;
#80 = CARTESIAN_POINT ( 'NONE',  ( -0.2584270320811863400, 0.4276087496138561400, -0.6449122492182509700 ) ) ;
#81 = CARTESIAN_POINT ( 'NONE',  ( 0.5750000000000000700, 0.0000000000000000000, 0.5650000000000001700 ) ) ;
#82 = ORIENTED_EDGE ( 'NONE', *, *, #3237, .T. ) ;
#83 = EDGE_LOOP ( 'NONE', ( #2833, #1208, #489, #145 ) ) ;
#84 = PLANE ( 'NONE',  #1470 ) ;
#85 = ORIENTED_EDGE ( 'NONE', *, *, #3439, .F. ) ;
#86 = CARTESIAN_POINT ( 'NONE',  ( 0.1682050807568863400, 0.1086602540378462800, 0.4209999999999986000 ) ) ;
#87 = CARTESIAN_POINT ( 'NONE',  ( 0.5059059875160378800, 0.01000000000000000000, -0.5995791262226301000 ) ) ;
#88 = DIRECTION ( 'NONE',  ( -0.8660254037844433700, -0.4999999999999920100, 0.0000000000000000000 ) ) ;
#89 = ORIENTED_EDGE ( 'NONE', *, *, #2432, .T. ) ;
#90 = VERTEX_POINT ( 'NONE', #2312 ) ;
#91 = CC_DESIGN_APPROVAL ( #171, ( #3433 ) ) ;
#92 = VECTOR ( 'NONE', #55, 39.37007874015748100 ) ;
#93 = VERTEX_POINT ( 'NONE', #564 ) ;
#94 = ORIENTED_EDGE ( 'NONE', *, *, #3056, .F. ) ;
#95 = CARTESIAN_POINT ( 'NONE',  ( -0.009999999999999962000, 0.2497999199359360000, 0.4707999199359361700 ) ) ;
#96 = LINE ( 'NONE', #2262, #3365 ) ;
#97 = EDGE_CURVE ( 'NONE', #3977, #3413, #1941, .T. ) ;
#98 = DIRECTION ( 'NONE',  ( 6.123233995736766000E-017, 0.0000000000000000000, 1.000000000000000000 ) ) ;
#99 = ORIENTED_EDGE ( 'NONE', *, *, #3624, .T. ) ;
#100 = ORIENTED_EDGE ( 'NONE', *, *, #1596, .T. ) ;
#101 = CIRCLE ( 'NONE', #2198, 0.6500000000000001300 ) ;
#102 = VECTOR ( 'NONE', #3742, 39.37007874015748100 ) ;
#103 = AXIS2_PLACEMENT_3D ( 'NONE', #71, #3417, #2213 ) ;
#104 = EDGE_LOOP ( 'NONE', ( #2193, #2199, #2739, #1088, #298, #386, #359, #2343 ) ) ;
#105 = DIRECTION ( 'NONE',  ( 6.123233995736766000E-017, 0.0000000000000000000, 1.000000000000000000 ) ) ;
#106 = VECTOR ( 'NONE', #2843, 39.37007874015748100 ) ;
#107 = EDGE_CURVE ( 'NONE', #3825, #1885, #3199, .T. ) ;
#108 = ORIENTED_EDGE ( 'NONE', *, *, #2170, .F. ) ;
#109 = VECTOR ( 'NONE', #3963, 39.37007874015748100 ) ;
#110 = CARTESIAN_POINT ( 'NONE',  ( -0.01000000000000000000, -0.5415979573110951700, 0.7625979573111030300 ) ) ;
#111 = FACE_OUTER_BOUND ( 'NONE', #2728, .T. ) ;
#112 = CARTESIAN_POINT ( 'NONE',  ( 0.1335602140058148600, 0.2113330765278378900, -0.3951786130674962400 ) ) ;
#113 = DIRECTION ( 'NONE',  ( -6.123233995736766000E-017, 0.0000000000000000000, -1.000000000000000000 ) ) ;
#114 = ORIENTED_EDGE ( 'NONE', *, *, #1203, .F. ) ;
#115 = CARTESIAN_POINT ( 'NONE',  ( 0.2556706827210071300, 0.4628346124785943100, 0.7849999999999998100 ) ) ;
#116 = CARTESIAN_POINT ( 'NONE',  ( 0.2729911907966894300, -0.4528346124785979600, 0.7849999999999998100 ) ) ;
#117 = PLANE ( 'NONE',  #3317 ) ;
#118 = DIRECTION ( 'NONE',  ( 6.123233995736766000E-017, 0.0000000000000000000, 1.000000000000000000 ) ) ;
#119 = DIRECTION ( 'NONE',  ( -1.000000000000000000, 0.0000000000000000000, 6.123233995736766000E-017 ) ) ;
#120 = EDGE_CURVE ( 'NONE', #3458, #2808, #998, .T. ) ;
#121 = DIRECTION ( 'NONE',  ( -6.123233995736766000E-017, -0.0000000000000000000, -1.000000000000000000 ) ) ;
#122 = CARTESIAN_POINT ( 'NONE',  ( 0.3163012821475928400, -0.5678498911788124600, 0.5649999999999999500 ) ) ;
#123 = AXIS2_PLACEMENT_3D ( 'NONE', #1571, #2135, #1561 ) ;
#124 = EDGE_CURVE ( 'NONE', #1030, #1138, #1147, .T. ) ;
#125 = ORIENTED_EDGE ( 'NONE', *, *, #264, .F. ) ;
#126 = CARTESIAN_POINT ( 'NONE',  ( -0.5087535610328756100, 0.3052760107973022700, 0.02166633889899548600 ) ) ;
#127 = ORIENTED_EDGE ( 'NONE', *, *, #3725, .F. ) ;
#128 = AXIS2_PLACEMENT_3D ( 'NONE', #3024, #1161, #3601 ) ;
#129 = EDGE_CURVE ( 'NONE', #369, #1823, #218, .T. ) ;
#131 = ORIENTED_EDGE ( 'NONE', *, *, #2006, .T. ) ;
#130 = CARTESIAN_POINT ( 'NONE',  ( -0.2584270320811922800, -0.4276087496138525900, -0.6449122492182509700 ) ) ;
#132 = CARTESIAN_POINT ( 'NONE',  ( 0.4640375896691651400, 0.2794592326933974000, 0.7625979573111030300 ) ) ;
#133 = CARTESIAN_POINT ( 'NONE',  ( 0.4740375896691652600, 0.2621387246177087100, 0.7625979573111030300 ) ) ;
#134 = CARTESIAN_POINT ( 'NONE',  ( -0.2961167724888985600, -0.4928892949240811200, 0.4250000000000001000 ) ) ;
#135 = ORIENTED_EDGE ( 'NONE', *, *, #3863, .F. ) ;
#136 = ORIENTED_EDGE ( 'NONE', *, *, #1322, .F. ) ;
#137 = CIRCLE ( 'NONE', #64, 0.5287564434701826900 ) ;
#138 = DIRECTION ( 'NONE',  ( -1.000000000000000000, 0.0000000000000000000, 1.050710766793947200E-016 ) ) ;
#139 = ORIENTED_EDGE ( 'NONE', *, *, #2223, .F. ) ;
#140 = CARTESIAN_POINT ( 'NONE',  ( 0.1162397059301231000, -0.2213330765278396800, -0.3951786130674960800 ) ) ;
#141 = ORIENTED_EDGE ( 'NONE', *, *, #3208, .F. ) ;
#142 = CARTESIAN_POINT ( 'NONE',  ( -0.6499230723708768800, -0.01000000000000000000, 0.5750000000000001800 ) ) ;
#143 = PLANE ( 'NONE',  #1234 ) ;
#144 = VECTOR ( 'NONE', #2964, 39.37007874015748100 ) ;
#145 = ORIENTED_EDGE ( 'NONE', *, *, #3938, .F. ) ;
#146 = FACE_OUTER_BOUND ( 'NONE', #2448, .T. ) ;
#147 = CARTESIAN_POINT ( 'NONE',  ( 0.5750000000000000700, 0.0000000000000000000, 0.5650000000000001700 ) ) ;
#148 = LINE ( 'NONE', #2564, #486 ) ;
#149 = VERTEX_POINT ( 'NONE', #680 ) ;
#150 = EDGE_CURVE ( 'NONE', #3068, #2589, #1052, .T. ) ;
#151 = VECTOR ( 'NONE', #2444, 39.37007874015748900 ) ;
#152 = ADVANCED_FACE ( 'NONE', ( #2605 ), #3862, .T. ) ;
#153 = EDGE_CURVE ( 'NONE', #1818, #1781, #2557, .T. ) ;
#154 = CARTESIAN_POINT ( 'NONE',  ( -0.3336217902232854700, -0.5578498911788103400, 0.5750000000000001800 ) ) ;
#155 = CARTESIAN_POINT ( 'NONE',  ( -0.1335602140058133900, -0.2113330765278388100, -0.7850000000000001400 ) ) ;
#156 = FACE_OUTER_BOUND ( 'NONE', #3992, .T. ) ;
#157 = VERTEX_POINT ( 'NONE', #2555 ) ;
#158 = VECTOR ( 'NONE', #612, 39.37007874015748100 ) ;
#159 = PLANE ( 'NONE',  #1919 ) ;
#160 = AXIS2_PLACEMENT_3D ( 'NONE', #1817, #588, #2743 ) ;
#161 = CARTESIAN_POINT ( 'NONE',  ( -0.2584709074720668000, -0.4276847440200491900, -0.6450000000000001300 ) ) ;
#162 = EDGE_CURVE ( 'NONE', #2111, #3188, #3381, .T. ) ;
#163 = ORIENTED_EDGE ( 'NONE', *, *, #258, .F. ) ;
#164 = ORIENTED_EDGE ( 'NONE', *, *, #120, .F. ) ;
#165 = ORIENTED_EDGE ( 'NONE', *, *, #1543, .F. ) ;
#166 = DIRECTION ( 'NONE',  ( 0.0000000000000000000, 0.0000000000000000000, 1.000000000000000000 ) ) ;
#167 = DIRECTION ( 'NONE',  ( -1.000000000000000000, 0.0000000000000000000, 0.0000000000000000000 ) ) ;
#168 = AXIS2_PLACEMENT_3D ( 'NONE', #1619, #113, #419 ) ;
#169 = CARTESIAN_POINT ( 'NONE',  ( 0.1221450720936396000, -0.2182316963047598300, -0.3954454220892725800 ) ) ;
#170 = DIRECTION ( 'NONE',  ( -6.123233995736766000E-017, -0.0000000000000000000, -1.000000000000000000 ) ) ;
#171 = APPROVAL ( #3974, 'UNSPECIFIED' ) ;
#172 = ADVANCED_FACE ( 'NONE', ( #641 ), #1042, .F. ) ;
#173 = CARTESIAN_POINT ( 'NONE',  ( -0.2787962644132028200, 0.5028892949240850700, 0.5649999999999999500 ) ) ;
#174 = DIRECTION ( 'NONE',  ( -1.000000000000000000, 0.0000000000000000000, 6.123233995736766000E-017 ) ) ;
#175 = CARTESIAN_POINT ( 'NONE',  ( -0.4640375896691669700, -0.2794592326933940700, 0.7625979573111026900 ) ) ;
#176 = EDGE_CURVE ( 'NONE', #1166, #1573, #1755, .T. ) ;
#177 = DIRECTION ( 'NONE',  ( 6.123233995736766000E-017, 0.0000000000000000000, 1.000000000000000000 ) ) ;
#178 = VERTEX_POINT ( 'NONE', #443 ) ;
#179 = DIRECTION ( 'NONE',  ( -0.5000000000000041100, -0.8660254037844362700, 3.061616997868407700E-017 ) ) ;
#180 = DIRECTION ( 'NONE',  ( -6.123233995736766000E-017, -0.0000000000000000000, -1.000000000000000000 ) ) ;
#181 = CARTESIAN_POINT ( 'NONE',  ( -0.01000000000000000000, 0.6155614010470111800, 0.6345087236976358900 ) ) ;
#182 = AXIS2_PLACEMENT_3D ( 'NONE', #1586, #3746, #174 ) ;
#183 = DIRECTION ( 'NONE',  ( -6.123233995736766000E-017, -0.0000000000000000000, -1.000000000000000000 ) ) ;
#184 = ORIENTED_EDGE ( 'NONE', *, *, #1170, .F. ) ;
#185 = CARTESIAN_POINT ( 'NONE',  ( 0.2960914937412328400, 0.5328455108487631900, 0.6450004751093608700 ) ) ;
#186 = B_SPLINE_CURVE_WITH_KNOTS ( 'NONE', 3,
 ( #3435, #3733, #56, #80 ),
 .UNSPECIFIED., .F., .F.,
 ( 4, 4 ),
 ( 2.019659775572203500E-007, 0.02744312681923045600 ),
 .UNSPECIFIED. ) ;
#187 = CARTESIAN_POINT ( 'NONE',  ( 0.2556706827210007400, -0.4628346124785979700, 0.7849999999999997000 ) ) ;
#188 = CARTESIAN_POINT ( 'NONE',  ( 9.613477373306722300E-017, 0.0000000000000000000, 0.7849999999999998100 ) ) ;
#189 = EDGE_LOOP ( 'NONE', ( #1860, #3276, #2852, #1854 ) ) ;
#190 = ORIENTED_EDGE ( 'NONE', *, *, #2877, .F. ) ;
#191 = DIRECTION ( 'NONE',  ( 0.0000000000000000000, -1.000000000000000000, 0.0000000000000000000 ) ) ;
#192 = VERTEX_POINT ( 'NONE', #3460 ) ;
#193 = ORIENTED_EDGE ( 'NONE', *, *, #791, .T. ) ;
#194 = CARTESIAN_POINT ( 'NONE',  ( 9.613477373306722300E-017, 0.0000000000000000000, 0.7849999999999998100 ) ) ;
#195 = ADVANCED_FACE ( 'NONE', ( #3964 ), #2309, .T. ) ;
#196 = LINE ( 'NONE', #608, #1305 ) ;
#197 = CARTESIAN_POINT ( 'NONE',  ( -0.009999999999999962000, -0.2497999199359360000, 0.4707999199359361700 ) ) ;
#198 = CARTESIAN_POINT ( 'NONE',  ( -0.5749130369021039400, 0.01000000000000000000, 0.4250000000000001600 ) ) ;
#199 = VERTEX_POINT ( 'NONE', #771 ) ;
#200 = ORIENTED_EDGE ( 'NONE', *, *, #1101, .F. ) ;
#201 = FACE_OUTER_BOUND ( 'NONE', #3515, .T. ) ;
#202 = CARTESIAN_POINT ( 'NONE',  ( 0.1162397059301231000, -0.2213330765278396800, -0.3951786130674960800 ) ) ;
#203 = CARTESIAN_POINT ( 'NONE',  ( 0.2960914937412253400, -0.5328455108487673000, 0.6450004751093608700 ) ) ;
#204 = ORIENTED_EDGE ( 'NONE', *, *, #3869, .T. ) ;
#205 = VECTOR ( 'NONE', #216, 39.37007874015748900 ) ;
#206 = FACE_OUTER_BOUND ( 'NONE', #2368, .T. ) ;
#207 = AXIS2_PLACEMENT_3D ( 'NONE', #841, #2082, #2437 ) ;
#208 = ORIENTED_EDGE ( 'NONE', *, *, #3693, .T. ) ;
#209 = VECTOR ( 'NONE', #1676, 39.37007874015748900 ) ;
#210 = CARTESIAN_POINT ( 'NONE',  ( 0.01000000000000000000, 0.5662528171316023600, 0.7199017647121244100 ) ) ;
#211 = LINE ( 'NONE', #2872, #2994 ) ;
#212 = CARTESIAN_POINT ( 'NONE',  ( 7.409113134841489000E-017, 0.0000000000000000000, 0.4250000000000001000 ) ) ;
#213 = EDGE_CURVE ( 'NONE', #3255, #2631, #3769, .T. ) ;
#214 = LINE ( 'NONE', #896, #3915 ) ;
#215 = EDGE_CURVE ( 'NONE', #1288, #3363, #3287, .T. ) ;
#216 = DIRECTION ( 'NONE',  ( -0.8660254037844362700, -0.5000000000000038900, 1.300879996982982500E-016 ) ) ;
#217 = DIRECTION ( 'NONE',  ( 0.5000000000000101000, 0.8660254037844328200, -3.061616997868444600E-017 ) ) ;
#218 = LINE ( 'NONE', #726, #2999 ) ;
#219 = DIRECTION ( 'NONE',  ( 0.0000000000000000000, 0.0000000000000000000, 1.000000000000000000 ) ) ;
#220 = CARTESIAN_POINT ( 'NONE',  ( -0.5678498911788101300, -0.3163012821475967300, 0.4250000000000001600 ) ) ;
#221 = DIRECTION ( 'NONE',  ( -6.123233995736766000E-017, -0.0000000000000000000, -1.000000000000000000 ) ) ;
#222 = EDGE_CURVE ( 'NONE', #2361, #963, #399, .T. ) ;
#223 = DIRECTION ( 'NONE',  ( -6.123233995736766000E-017, -0.0000000000000000000, -1.000000000000000000 ) ) ;
#224 = DIRECTION ( 'NONE',  ( -1.000000000000000000, 0.0000000000000000000, 0.0000000000000000000 ) ) ;
#225 = AXIS2_PLACEMENT_3D ( 'NONE', #1751, #1453, #1764 ) ;
#226 = CARTESIAN_POINT ( 'NONE',  ( 0.01000000000000000000, 0.5835794868167192300, -0.04699953367514749700 ) ) ;
#227 = ORIENTED_EDGE ( 'NONE', *, *, #153, .T. ) ;
#229 = ORIENTED_EDGE ( 'NONE', *, *, #1893, .T. ) ;
#228 = DIRECTION ( 'NONE',  ( 0.5000000000000041100, 0.8660254037844362700, -3.061616997868407700E-017 ) ) ;
#230 = EDGE_CURVE ( 'NONE', #1466, #592, #2438, .T. ) ;
#231 = DIRECTION ( 'NONE',  ( 0.7071067811865463500, 0.0000000000000000000, -0.7071067811865487900 ) ) ;
#232 = ADVANCED_FACE ( 'NONE', ( #1606 ), #3088, .T. ) ;
#233 = CARTESIAN_POINT ( 'NONE',  ( 0.5578498911788147800, -0.3336217902232777000, -0.7850000000000001400 ) ) ;
#234 = ORIENTED_EDGE ( 'NONE', *, *, #3919, .F. ) ;
#235 = CARTESIAN_POINT ( 'NONE',  ( 0.3289041151836479300, 0.5496786383165583900, 0.3578719412852723300 ) ) ;
#236 = ORIENTED_EDGE ( 'NONE', *, *, #2338, .T. ) ;
#237 = ORIENTED_EDGE ( 'NONE', *, *, #2685, .F. ) ;
#238 = CARTESIAN_POINT ( 'NONE',  ( 0.3163012821475928400, -0.5678498911788124600, -0.7850000000000001400 ) ) ;
#239 = CONICAL_SURFACE ( 'NONE', #1616, 0.6500000000000001300, 0.1396263401595466700 ) ;
#240 = EDGE_LOOP ( 'NONE', ( #2517, #2227, #1408, #2056 ) ) ;
#241 = VERTEX_POINT ( 'NONE', #1079 ) ;
#242 = DIRECTION ( 'NONE',  ( -0.4999999999999979500, 0.8660254037844397100, 3.061616997868370100E-017 ) ) ;
#243 = LINE ( 'NONE', #1183, #2644 ) ;
#244 = CARTESIAN_POINT ( 'NONE',  ( 0.2182316963047581900, 0.1221450720936426800, 0.4710667289577124600 ) ) ;
#245 = EDGE_LOOP ( 'NONE', ( #1733, #3712, #2791, #814, #2800, #1698, #2143, #1378, #3792 ) ) ;
#246 = LINE ( 'NONE', #2864, #2491 ) ;
#247 = CARTESIAN_POINT ( 'NONE',  ( -0.4996213068684408100, 0.01000000000000000000, -0.6450000000000001300 ) ) ;
#248 = DIRECTION ( 'NONE',  ( 6.123233995736766000E-017, 0.0000000000000000000, 1.000000000000000000 ) ) ;
#249 = CYLINDRICAL_SURFACE ( 'NONE', #3604, 0.5749999999999999600 ) ;
#250 = VERTEX_POINT ( 'NONE', #1677 ) ;
#251 = FACE_OUTER_BOUND ( 'NONE', #3735, .T. ) ;
#252 = CARTESIAN_POINT ( 'NONE',  ( 0.5187535610328775100, -0.2879555027216098600, 0.02166633889899535100 ) ) ;
#253 = CARTESIAN_POINT ( 'NONE',  ( -0.004999999999999980200, -0.008660254037844396900, 0.0000000000000000000 ) ) ;
#254 = LINE ( 'NONE', #3285, #2544 ) ;
#255 = CARTESIAN_POINT ( 'NONE',  ( -0.01000000000000000000, -0.6499230723708769900, 0.4250000000000001000 ) ) ;
#256 = ORIENTED_EDGE ( 'NONE', *, *, #1126, .T. ) ;
#257 = VECTOR ( 'NONE', #968, 39.37007874015748900 ) ;
#258 = EDGE_CURVE ( 'NONE', #1399, #3798, #3048, .T. ) ;
#259 =( BOUNDED_CURVE ( )  B_SPLINE_CURVE ( 3, ( #133, #2014, #3565, #2586 ),
 .UNSPECIFIED., .F., .F. ) 
 B_SPLINE_CURVE_WITH_KNOTS ( ( 4, 4 ),
 ( 3.132035932894354300, 3.151149374285232300 ),
 .UNSPECIFIED. ) 
 CURVE ( )  GEOMETRIC_REPRESENTATION_ITEM ( )  RATIONAL_B_SPLINE_CURVE ( ( 1.000000000000000000, 0.9999695565948860700, 0.9999695565948860700, 1.000000000000000000 ) ) 
 REPRESENTATION_ITEM ( '' )  );
#260 = CARTESIAN_POINT ( 'NONE',  ( 0.01000000000000000000, 0.0000000000000000000, 0.0000000000000000000 ) ) ;
#261 = FACE_OUTER_BOUND ( 'NONE', #1309, .T. ) ;
#262 = CARTESIAN_POINT ( 'NONE',  ( 0.2213330765278406800, -0.1162397059301216700, -0.7850000000000002500 ) ) ;
#263 = APPROVAL_STATUS ( 'not_yet_approved' ) ;
#264 = EDGE_CURVE ( 'NONE', #2185, #3292, #13, .T. ) ;
#265 = VERTEX_POINT ( 'NONE', #1766 ) ;
#266 = DIRECTION ( 'NONE',  ( -6.123233995736766000E-017, -0.0000000000000000000, -1.000000000000000000 ) ) ;
#267 = CARTESIAN_POINT ( 'NONE',  ( 9.613477373306722300E-017, 0.0000000000000000000, 0.7849999999999998100 ) ) ;
#268 = AXIS2_PLACEMENT_3D ( 'NONE', #1986, #2627, #1122 ) ;
#269 = CARTESIAN_POINT ( 'NONE',  ( -0.2499332977472276700, 0.006668223341808186000, -0.3953119908787879300 ) ) ;
#270 = CARTESIAN_POINT ( 'NONE',  ( 0.5678498911788146800, -0.3163012821475887900, -0.7850000000000001400 ) ) ;
#271 = EDGE_LOOP ( 'NONE', ( #1905, #2769, #655, #3599, #455, #582 ) ) ;
#272 = CARTESIAN_POINT ( 'NONE',  ( 0.2497999199359359800, -0.01000000000000000000, -0.3951786130674960800 ) ) ;
#273 = ORIENTED_EDGE ( 'NONE', *, *, #2754, .T. ) ;
#274 = DIRECTION ( 'NONE',  ( -6.123233995736766000E-017, -0.0000000000000000000, -1.000000000000000000 ) ) ;
#275 = PLANE ( 'NONE',  #1023 ) ;
#276 = AXIS2_PLACEMENT_3D ( 'NONE', #3544, #3238, #1702 ) ;
#277 = ORIENTED_EDGE ( 'NONE', *, *, #2419, .T. ) ;
#278 = ADVANCED_FACE ( 'NONE', ( #2949 ), #2753, .T. ) ;
#279 = AXIS2_PLACEMENT_3D ( 'NONE', #2576, #756, #3241 ) ;
#280 = EDGE_CURVE ( 'NONE', #1138, #1655, #2211, .T. ) ;
#281 = CARTESIAN_POINT ( 'NONE',  ( -0.2497999199359359800, -0.01000000000000000000, -0.7850000000000001400 ) ) ;
#282 = EDGE_CURVE ( 'NONE', #3494, #2975, #1562, .T. ) ;
#283 = ORIENTED_EDGE ( 'NONE', *, *, #3167, .T. ) ;
#284 = ORIENTED_EDGE ( 'NONE', *, *, #3005, .F. ) ;
#285 = CARTESIAN_POINT ( 'NONE',  ( 0.01000000000000000000, -0.4798414002252715000, -0.7850000000000002500 ) ) ;
#286 = PERSON_AND_ORGANIZATION_ROLE ( 'design_owner' ) ;
#287 = VECTOR ( 'NONE', #2903, 39.37007874015748100 ) ;
#288 = ORIENTED_EDGE ( 'NONE', *, *, #2615, .F. ) ;
#289 = AXIS2_PLACEMENT_3D ( 'NONE', #3128, #1300, #3432 ) ;
#290 = ORIENTED_EDGE ( 'NONE', *, *, #1735, .F. ) ;
#291 = EDGE_CURVE ( 'NONE', #931, #330, #3619, .T. ) ;
#292 = CIRCLE ( 'NONE', #1946, 0.5749999999999999600 ) ;
#293 = DIRECTION ( 'NONE',  ( -0.3535533905932815000, -0.6123724356957913600, 0.7071067811865462400 ) ) ;
#294 = ORIENTED_EDGE ( 'NONE', *, *, #656, .T. ) ;
#295 = ORIENTED_EDGE ( 'NONE', *, *, #2131, .T. ) ;
#296 = VECTOR ( 'NONE', #2001, 39.37007874015748100 ) ;
#297 = ORIENTED_EDGE ( 'NONE', *, *, #1564, .T. ) ;
#298 = ORIENTED_EDGE ( 'NONE', *, *, #3187, .T. ) ;
#299 = CYLINDRICAL_SURFACE ( 'NONE', #3868, 0.5749999999999999600 ) ;
#300 = CARTESIAN_POINT ( 'NONE',  ( 0.2497999199359360000, -0.01000000000000000000, 0.7849999999999998100 ) ) ;
#301 = VECTOR ( 'NONE', #1442, 39.37007874015748900 ) ;
#302 = DIRECTION ( 'NONE',  ( -6.123233995736766000E-017, 0.0000000000000000000, -1.000000000000000000 ) ) ;
#303 = ORIENTED_EDGE ( 'NONE', *, *, #3806, .F. ) ;
#304 = DATE_TIME_ROLE ( 'creation_date' ) ;
#305 = CYLINDRICAL_SURFACE ( 'NONE', #2035, 0.6500000000000001300 ) ;
#306 = AXIS2_PLACEMENT_3D ( 'NONE', #2055, #3257, #1413 ) ;
#307 = ADVANCED_FACE ( 'NONE', ( #2032 ), #3573, .T. ) ;
#308 = DIRECTION ( 'NONE',  ( -0.7071067811865486800, 0.0000000000000000000, 0.7071067811865462400 ) ) ;
#309 = ORIENTED_EDGE ( 'NONE', *, *, #1895, .T. ) ;
#310 = LINE ( 'NONE', #955, #598 ) ;
#311 = DIRECTION ( 'NONE',  ( 6.123233995736766000E-017, 0.0000000000000000000, 1.000000000000000000 ) ) ;
#312 = CARTESIAN_POINT ( 'NONE',  ( 0.2411503993963750300, -0.4376847440200509800, -0.6450000000000001300 ) ) ;
#313 = ORIENTED_EDGE ( 'NONE', *, *, #3655, .T. ) ;
#314 = EDGE_CURVE ( 'NONE', #963, #199, #2310, .T. ) ;
#315 = DIRECTION ( 'NONE',  ( -6.123233995736766000E-017, -0.0000000000000000000, -1.000000000000000000 ) ) ;
#316 = CARTESIAN_POINT ( 'NONE',  ( -0.2661725826620400800, -0.4810244367524751400, -0.2882751530984589700 ) ) ;
#317 = AXIS2_PLACEMENT_3D ( 'NONE', #3487, #1644, #2579 ) ;
#318 = DIRECTION ( 'NONE',  ( 6.123233995736766000E-017, 0.0000000000000000000, 1.000000000000000000 ) ) ;
#319 = EDGE_CURVE ( 'NONE', #2849, #1177, #3147, .T. ) ;
#320 = CARTESIAN_POINT ( 'NONE',  ( -0.01000000000000003000, -0.6499230723708769900, 0.5649999999999999500 ) ) ;
#321 = CARTESIAN_POINT ( 'NONE',  ( 0.2787962644132064300, -0.5028892949240830700, -0.7850000000000001400 ) ) ;
#322 = ADVANCED_FACE ( 'NONE', ( #3670 ), #1937, .T. ) ;
#323 = CARTESIAN_POINT ( 'NONE',  ( 8.266365894244635600E-017, 0.0000000000000000000, 0.5649999999999999500 ) ) ;
#324 = DIRECTION ( 'NONE',  ( 6.123233995736766000E-017, 0.0000000000000000000, 1.000000000000000000 ) ) ;
#325 = ORIENTED_EDGE ( 'NONE', *, *, #2925, .T. ) ;
#326 = ORIENTED_EDGE ( 'NONE', *, *, #129, .F. ) ;
#327 = EDGE_CURVE ( 'NONE', #1823, #90, #2474, .T. ) ;
#328 = DIRECTION ( 'NONE',  ( -1.000000000000000000, 0.0000000000000000000, 1.050710766793947200E-016 ) ) ;
#329 = VERTEX_POINT ( 'NONE', #3152 ) ;
#330 = VERTEX_POINT ( 'NONE', #115 ) ;
#331 = PLANE ( 'NONE',  #1567 ) ;
#332 = CIRCLE ( 'NONE', #1411, 0.2500000000000000000 ) ;
#333 = CARTESIAN_POINT ( 'NONE',  ( 0.3163012821475928400, -0.5678498911788124600, 0.4250000000000001000 ) ) ;
#334 = EDGE_CURVE ( 'NONE', #1243, #3922, #708, .T. ) ;
#335 = CARTESIAN_POINT ( 'NONE',  ( 0.01000000000000000000, -0.6244634137562685700, 0.2438674296112365900 ) ) ;
#336 = ORIENTED_EDGE ( 'NONE', *, *, #3378, .T. ) ;
#337 = ORIENTED_EDGE ( 'NONE', *, *, #749, .F. ) ;
#338 = CARTESIAN_POINT ( 'NONE',  ( -0.2758813882858449100, 0.4978405813737312700, 0.7150005840914298600 ) ) ;
#339 = LINE ( 'NONE', #465, #1871 ) ;
#340 = ORIENTED_EDGE ( 'NONE', *, *, #2910, .F. ) ;
#341 = CONICAL_SURFACE ( 'NONE', #3044, 0.6500000000000001300, 0.1396263401595466700 ) ;
#342 = EDGE_CURVE ( 'NONE', #1576, #1449, #1143, .T. ) ;
#343 = DIRECTION ( 'NONE',  ( -1.000000000000000000, -0.0000000000000000000, 0.0000000000000000000 ) ) ;
#344 = PLANE ( 'NONE',  #1888 ) ;
#345 = VECTOR ( 'NONE', #843, 39.37007874015748100 ) ;
#346 = CARTESIAN_POINT ( 'NONE',  ( -0.1162397059301215300, 0.2213330765278404800, -0.7850000000000001400 ) ) ;
#347 = ORIENTED_EDGE ( 'NONE', *, *, #2983, .F. ) ;
#348 = LINE ( 'NONE', #1256, #49 ) ;
#349 = FACE_OUTER_BOUND ( 'NONE', #2640, .T. ) ;
#350 = CARTESIAN_POINT ( 'NONE',  ( 0.3163012821476007800, 0.5678498911788080200, 0.4250000000000001000 ) ) ;
#351 = ORIENTED_EDGE ( 'NONE', *, *, #761, .F. ) ;
#352 = VECTOR ( 'NONE', #1063, 39.37007874015748100 ) ;
#353 = DIRECTION ( 'NONE',  ( 6.123233995736766000E-017, 0.0000000000000000000, 1.000000000000000000 ) ) ;
#354 = CARTESIAN_POINT ( 'NONE',  ( 0.5578498911788148900, -0.3336217902232777000, 0.5750000000000001800 ) ) ;
#355 = ORIENTED_EDGE ( 'NONE', *, *, #327, .F. ) ;
#356 = CARTESIAN_POINT ( 'NONE',  ( -0.1162397059301246400, -0.2213330765278389000, -0.7850000000000001400 ) ) ;
#357 =( BOUNDED_CURVE ( )  B_SPLINE_CURVE ( 3, ( #2874, #3196, #1060, #3791 ),
 .UNSPECIFIED., .F., .F. ) 
 B_SPLINE_CURVE_WITH_KNOTS ( ( 4, 4 ),
 ( 3.124217121762408800, 3.158968185417176900 ),
 .UNSPECIFIED. ) 
 CURVE ( )  GEOMETRIC_REPRESENTATION_ITEM ( )  RATIONAL_B_SPLINE_CURVE ( ( 1.000000000000000000, 0.9998993661631328000, 0.9998993661631328000, 1.000000000000000000 ) ) 
 REPRESENTATION_ITEM ( '' )  );
#358 = DIRECTION ( 'NONE',  ( 6.123233995736766000E-017, 0.0000000000000000000, 1.000000000000000000 ) ) ;
#359 = ORIENTED_EDGE ( 'NONE', *, *, #2462, .F. ) ;
#360 = CARTESIAN_POINT ( 'NONE',  ( 0.5750000000000000700, 0.0000000000000000000, 0.5650000000000001700 ) ) ;
#361 = AXIS2_PLACEMENT_3D ( 'NONE', #704, #2513, #3145 ) ;
#362 = EDGE_CURVE ( 'NONE', #1216, #3314, #3406, .T. ) ;
#363 = DIRECTION ( 'NONE',  ( 6.123233995736766000E-017, 0.0000000000000000000, 1.000000000000000000 ) ) ;
#364 = CARTESIAN_POINT ( 'NONE',  ( 8.327598234202003100E-017, 0.0000000000000000000, 0.5750000000000001800 ) ) ;
#365 = ADVANCED_FACE ( 'NONE', ( #504 ), #452, .F. ) ;
#366 = EDGE_CURVE ( 'NONE', #3310, #192, #310, .T. ) ;
#367 = DIRECTION ( 'NONE',  ( 6.123233995736766000E-017, 0.0000000000000000000, 1.000000000000000000 ) ) ;
#368 = CARTESIAN_POINT ( 'NONE',  ( 0.1162397059301262100, 0.2213330765278380100, 0.7849999999999998100 ) ) ;
#369 = VERTEX_POINT ( 'NONE', #2136 ) ;
#370 = CARTESIAN_POINT ( 'NONE',  ( 0.2584270320811893300, -0.4276087496138544800, -0.6449122492182514100 ) ) ;
#371 = CARTESIAN_POINT ( 'NONE',  ( 0.2500000000000000600, 3.061616997868383600E-017, -0.7850000000000001400 ) ) ;
#372 = DIRECTION ( 'NONE',  ( 1.000000000000000000, 0.0000000000000000000, -6.123233995736766000E-017 ) ) ;
#373 = ORIENTED_EDGE ( 'NONE', *, *, #1661, .T. ) ;
#374 = DIRECTION ( 'NONE',  ( -1.000000000000000000, 0.0000000000000000000, 0.0000000000000000000 ) ) ;
#375 = ORIENTED_EDGE ( 'NONE', *, *, #1371, .T. ) ;
#376 = ORIENTED_EDGE ( 'NONE', *, *, #1182, .T. ) ;
#377 = DIRECTION ( 'NONE',  ( 0.4999999999999979500, -0.8660254037844397100, 3.414809992080327100E-016 ) ) ;
#378 = CARTESIAN_POINT ( 'NONE',  ( -0.2411065240054976700, 0.4376087496138563700, -0.6449122492182515200 ) ) ;
#379 = CALENDAR_DATE ( 2021, 14, 9 ) ;
#380 = EDGE_CURVE ( 'NONE', #3324, #1264, #1468, .T. ) ;
#381 = CARTESIAN_POINT ( 'NONE',  ( 0.0000000000000000000, -0.01000000000000000000, 0.0000000000000000000 ) ) ;
#382 = VERTEX_POINT ( 'NONE', #3688 ) ;
#383 = ORIENTED_EDGE ( 'NONE', *, *, #3916, .T. ) ;
#384 = FACE_OUTER_BOUND ( 'NONE', #1957, .T. ) ;
#385 = CARTESIAN_POINT ( 'NONE',  ( -0.2499999999999999700, -0.003334445282294768000, -0.3953786931315602100 ) ) ;
#386 = ORIENTED_EDGE ( 'NONE', *, *, #319, .T. ) ;
#387 = DIRECTION ( 'NONE',  ( 0.8660254037844431500, -0.4999999999999919000, 1.300879996982982700E-016 ) ) ;
#388 = EDGE_LOOP ( 'NONE', ( #184, #52, #3438, #1455 ) ) ;
#389 = VECTOR ( 'NONE', #223, 39.37007874015748100 ) ;
#390 = DIRECTION ( 'NONE',  ( -1.000000000000000000, 0.0000000000000000000, 6.123233995736766000E-017 ) ) ;
#391 = ORIENTED_EDGE ( 'NONE', *, *, #2925, .F. ) ;
#392 = VECTOR ( 'NONE', #3894, 39.37007874015748100 ) ;
#393 = CARTESIAN_POINT ( 'NONE',  ( -0.01000000000000000000, -0.6155614010470111800, 0.6345087236976358900 ) ) ;
#394 = FACE_OUTER_BOUND ( 'NONE', #2766, .T. ) ;
#395 = DIRECTION ( 'NONE',  ( -6.123233995736766000E-017, -0.0000000000000000000, -1.000000000000000000 ) ) ;
#396 = ORIENTED_EDGE ( 'NONE', *, *, #2726, .T. ) ;
#397 = VECTOR ( 'NONE', #1906, 39.37007874015748900 ) ;
#398 = LINE ( 'NONE', #1482, #446 ) ;
#399 = CIRCLE ( 'NONE', #565, 0.2500000000000000000 ) ;
#400 = CARTESIAN_POINT ( 'NONE',  ( 9.373498641636613500E-034, 0.0000000000000000000, -0.7850000000000001400 ) ) ;
#401 = CARTESIAN_POINT ( 'NONE',  ( 9.373498641636613500E-034, 0.0000000000000000000, -0.7850000000000001400 ) ) ;
#402 = DIRECTION ( 'NONE',  ( -6.123233995736766000E-017, -0.0000000000000000000, -1.000000000000000000 ) ) ;
#403 = CARTESIAN_POINT ( 'NONE',  ( 0.4995335560866924200, 0.01000000000000000000, -0.6449122492182515200 ) ) ;
#404 = ORIENTED_EDGE ( 'NONE', *, *, #2170, .T. ) ;
#405 = CARTESIAN_POINT ( 'NONE',  ( 8.266365894244635600E-017, 0.0000000000000000000, 0.5649999999999999500 ) ) ;
#406 = CARTESIAN_POINT ( 'NONE',  ( 0.3163012821476008400, 0.5678498911788080200, 0.5750000000000001800 ) ) ;
#407 = DIRECTION ( 'NONE',  ( -6.123233995736766000E-017, -0.0000000000000000000, -1.000000000000000000 ) ) ;
#408 = EDGE_CURVE ( 'NONE', #931, #26, #1047, .T. ) ;
#409 = EDGE_CURVE ( 'NONE', #2414, #3324, #2850, .T. ) ;
#410 = CARTESIAN_POINT ( 'NONE',  ( 0.2411065240055007800, -0.4376087496138548200, -0.6449122492182515200 ) ) ;
#411 = B_SPLINE_CURVE_WITH_KNOTS ( 'NONE', 3,
 ( #3889, #1763, #2973, #1145, #2332, #235, #870 ),
 .UNSPECIFIED., .F., .F.,
 ( 4, 3, 4 ),
 ( 2.452749270529853000E-006, 0.02227993809857869300, 0.02744537760253119900 ),
 .UNSPECIFIED. ) ;
#412 = CARTESIAN_POINT ( 'NONE',  ( -0.5578498911788124500, 0.3336217902232815900, 0.4250000000000001600 ) ) ;
#413 = CARTESIAN_POINT ( 'NONE',  ( 0.1524102540378398700, -0.2439823035880235000, 0.5650000000000001700 ) ) ;
#414 = AXIS2_PLACEMENT_3D ( 'NONE', #1618, #3220, #166 ) ;
#415 = EDGE_CURVE ( 'NONE', #3270, #2283, #1337, .T. ) ;
#416 = CARTESIAN_POINT ( 'NONE',  ( -0.5660193567349197700, -0.01000000000000000000, 0.7203059062063743600 ) ) ;
#417 = CARTESIAN_POINT ( 'NONE',  ( 0.1524102540378398700, -0.2439823035880235000, 0.4250000000000001000 ) ) ;
#418 = EDGE_LOOP ( 'NONE', ( #1864, #1961, #1267, #2890 ) ) ;
#419 = DIRECTION ( 'NONE',  ( -1.000000000000000000, 0.0000000000000000000, 6.123233995736766000E-017 ) ) ;
#420 = PLANE ( 'NONE',  #2908 ) ;
#421 = ORIENTED_EDGE ( 'NONE', *, *, #1443, .F. ) ;
#422 = DIRECTION ( 'NONE',  ( -0.4999999999999919000, 0.8660254037844431500, 3.414809992080327100E-016 ) ) ;
#423 = CARTESIAN_POINT ( 'NONE',  ( -0.1682050807568878400, 0.1086602540378439200, 0.4209999999999986000 ) ) ;
#424 =( BOUNDED_CURVE ( )  B_SPLINE_CURVE ( 3, ( #706, #385, #2190, #1037 ),
 .UNSPECIFIED., .F., .F. ) 
 B_SPLINE_CURVE_WITH_KNOTS ( ( 4, 4 ),
 ( 0.0000000000000000000, 0.04001067435398945900 ),
 .UNSPECIFIED. ) 
 CURVE ( )  GEOMETRIC_REPRESENTATION_ITEM ( )  RATIONAL_B_SPLINE_CURVE ( ( 1.000000000000000000, 0.9998665999439426700, 0.9998665999439426700, 1.000000000000000000 ) ) 
 REPRESENTATION_ITEM ( '' )  );
#425 = AXIS2_PLACEMENT_3D ( 'NONE', #3643, #3049, #1225 ) ;
#426 = EDGE_LOOP ( 'NONE', ( #1303, #1863, #2191, #2007 ) ) ;
#427 = ORIENTED_EDGE ( 'NONE', *, *, #3607, .T. ) ;
#428 = LINE ( 'NONE', #2238, #3557 ) ;
#429 = ORIENTED_EDGE ( 'NONE', *, *, #3787, .T. ) ;
#430 = ORIENTED_EDGE ( 'NONE', *, *, #1458, .F. ) ;
#431 = CARTESIAN_POINT ( 'NONE',  ( 0.2961167724888952900, -0.4928892949240831800, 0.5649999999999999500 ) ) ;
#432 = CARTESIAN_POINT ( 'NONE',  ( 7.409113134841489000E-017, 0.0000000000000000000, 0.4250000000000001000 ) ) ;
#433 = VECTOR ( 'NONE', #1308, 39.37007874015748100 ) ;
#434 = EDGE_CURVE ( 'NONE', #3356, #3617, #802, .T. ) ;
#435 = CARTESIAN_POINT ( 'NONE',  ( -0.01000000000000000000, 0.5426946107761696500, -0.3378663635626185700 ) ) ;
#436 = DIRECTION ( 'NONE',  ( 6.123233995736766000E-017, 0.0000000000000000000, 1.000000000000000000 ) ) ;
#437 = EDGE_LOOP ( 'NONE', ( #114, #2445, #844, #2107 ) ) ;
#438 = CARTESIAN_POINT ( 'NONE',  ( 0.2584270320811952700, 0.4276087496138507600, -0.6449122492182509700 ) ) ;
#439 = FACE_OUTER_BOUND ( 'NONE', #1105, .T. ) ;
#440 = PLANE ( 'NONE',  #860 ) ;
#441 = CARTESIAN_POINT ( 'NONE',  ( -0.4596559272292739500, 0.2769294787042194700, -0.3816671106335253700 ) ) ;
#442 = ORIENTED_EDGE ( 'NONE', *, *, #1248, .T. ) ;
#443 = CARTESIAN_POINT ( 'NONE',  ( 0.3336217902232856400, 0.5578498911788103400, 0.5750000000000001800 ) ) ;
#444 = VECTOR ( 'NONE', #2684, 39.37007874015748100 ) ;
#445 = EDGE_CURVE ( 'NONE', #2783, #939, #2233, .T. ) ;
#446 = VECTOR ( 'NONE', #266, 39.37007874015748100 ) ;
#447 = ORIENTED_EDGE ( 'NONE', *, *, #648, .F. ) ;
#448 = CIRCLE ( 'NONE', #2187, 0.5749999999999999600 ) ;
#449 = DIRECTION ( 'NONE',  ( -1.000000000000000000, 0.0000000000000000000, 1.050710766793947200E-016 ) ) ;
#450 = ORIENTED_EDGE ( 'NONE', *, *, #3826, .T. ) ;
#451 = VERTEX_POINT ( 'NONE', #991 ) ;
#452 = PLANE ( 'NONE',  #1806 ) ;
#453 = CARTESIAN_POINT ( 'NONE',  ( 0.2500000000000001100, 0.0000000000000000000, -0.7849999999999999200 ) ) ;
#454 = DIRECTION ( 'NONE',  ( -1.000000000000000000, 0.0000000000000000000, 0.0000000000000000000 ) ) ;
#455 = ORIENTED_EDGE ( 'NONE', *, *, #107, .T. ) ;
#456 = PLANE ( 'NONE',  #2846 ) ;
#457 = DIRECTION ( 'NONE',  ( 6.123233995736766000E-017, 0.0000000000000000000, 1.000000000000000000 ) ) ;
#458 = DIRECTION ( 'NONE',  ( 6.123233995736766000E-017, 0.0000000000000000000, 1.000000000000000000 ) ) ;
#459 = EDGE_CURVE ( 'NONE', #3464, #3639, #951, .T. ) ;
#460 = CARTESIAN_POINT ( 'NONE',  ( 7.409113134841489000E-017, 0.0000000000000000000, 0.4250000000000001000 ) ) ;
#461 = PLANE ( 'NONE',  #2476 ) ;
#462 = CARTESIAN_POINT ( 'NONE',  ( -0.5678498911788103500, -0.3163012821475967900, -0.7850000000000001400 ) ) ;
#463 = AXIS2_PLACEMENT_3D ( 'NONE', #1078, #3783, #2273 ) ;
#464 = EDGE_CURVE ( 'NONE', #3179, #1781, #448, .T. ) ;
#465 = CARTESIAN_POINT ( 'NONE',  ( 1.077531754730540700, 0.6336602540378567500, -0.7850000000000001400 ) ) ;
#466 = CARTESIAN_POINT ( 'NONE',  ( 0.0000000000000000000, 0.0000000000000000000, -0.7850000000000001400 ) ) ;
#467 = ORIENTED_EDGE ( 'NONE', *, *, #1822, .F. ) ;
#468 = AXIS2_PLACEMENT_3D ( 'NONE', #1085, #2613, #507 ) ;
#469 = EDGE_LOOP ( 'NONE', ( #12, #1869, #2578, #1541 ) ) ;
#470 = CARTESIAN_POINT ( 'NONE',  ( 0.005000000000000101600, -0.008660254037844327500, 0.0000000000000000000 ) ) ;
#471 = DIRECTION ( 'NONE',  ( -6.123233995736766000E-017, -0.0000000000000000000, -1.000000000000000000 ) ) ;
#472 = ADVANCED_FACE ( 'NONE', ( #1321 ), #3110, .F. ) ;
#473 = ORIENTED_EDGE ( 'NONE', *, *, #3319, .F. ) ;
#474 = ORIENTED_EDGE ( 'NONE', *, *, #1476, .F. ) ;
#475 = APPROVAL_PERSON_ORGANIZATION ( #3887, #596, #1844 ) ;
#476 =( BOUNDED_CURVE ( )  B_SPLINE_CURVE ( 3, ( #558, #3577, #1431, #1467 ),
 .UNSPECIFIED., .F., .F. ) 
 B_SPLINE_CURVE_WITH_KNOTS ( ( 4, 4 ),
 ( 3.101581979235804400, 3.181603327943781900 ),
 .UNSPECIFIED. ) 
 CURVE ( )  GEOMETRIC_REPRESENTATION_ITEM ( )  RATIONAL_B_SPLINE_CURVE ( ( 1.000000000000000000, 0.9994664531624957200, 0.9994664531624957200, 1.000000000000000000 ) ) 
 REPRESENTATION_ITEM ( '' )  );
#477 = CARTESIAN_POINT ( 'NONE',  ( 8.266365894244635600E-017, 0.0000000000000000000, 0.5649999999999999500 ) ) ;
#478 = EDGE_LOOP ( 'NONE', ( #2933, #1544, #2653, #2500 ) ) ;
#479 = CARTESIAN_POINT ( 'NONE',  ( 0.5750000000000000700, 0.0000000000000000000, 0.5650000000000001700 ) ) ;
#480 = VERTEX_POINT ( 'NONE', #2888 ) ;
#481 = LINE ( 'NONE', #765, #287 ) ;
#482 = ORIENTED_EDGE ( 'NONE', *, *, #2380, .T. ) ;
#483 = CARTESIAN_POINT ( 'NONE',  ( 8.327598234202003100E-017, 0.0000000000000000000, 0.5750000000000001800 ) ) ;
#484 = ORIENTED_EDGE ( 'NONE', *, *, #1396, .F. ) ;
#485 = DIRECTION ( 'NONE',  ( -1.000000000000000000, 0.0000000000000000000, 0.0000000000000000000 ) ) ;
#486 = VECTOR ( 'NONE', #3143, 39.37007874015748100 ) ;
#487 = AXIS2_PLACEMENT_3D ( 'NONE', #2634, #2915, #2132 ) ;
#488 = DIRECTION ( 'NONE',  ( 0.0000000000000000000, 1.000000000000000000, 0.0000000000000000000 ) ) ;
#489 = ORIENTED_EDGE ( 'NONE', *, *, #2820, .F. ) ;
#490 = EDGE_CURVE ( 'NONE', #3277, #2730, #2558, .T. ) ;
#491 = EDGE_CURVE ( 'NONE', #3359, #3442, #2662, .T. ) ;
#492 = DIRECTION ( 'NONE',  ( -6.123233995736766000E-017, -0.0000000000000000000, -1.000000000000000000 ) ) ;
#493 = CYLINDRICAL_SURFACE ( 'NONE', #974, 0.5749999999999999600 ) ;
#494 = ORIENTED_EDGE ( 'NONE', *, *, #1527, .T. ) ;
#495 = LINE ( 'NONE', #2938, #2028 ) ;
#496 = CARTESIAN_POINT ( 'NONE',  ( 0.004999999999999920300, 0.008660254037844433400, 0.0000000000000000000 ) ) ;
#497 = B_SPLINE_CURVE_WITH_KNOTS ( 'NONE', 3,
 ( #517, #3864, #803, #181, #2962, #2630, #2951 ),
 .UNSPECIFIED., .F., .F.,
 ( 4, 3, 4 ),
 ( 0.01709284325914704700, 0.02084976365248277000, 0.02259517296004174100 ),
 .UNSPECIFIED. ) ;
#498 = AXIS2_PLACEMENT_3D ( 'NONE', #1663, #2256, #449 ) ;
#499 = CIRCLE ( 'NONE', #3925, 0.6500000000000001300 ) ;
#500 = CARTESIAN_POINT ( 'NONE',  ( -0.5028892949240810800, -0.2787962644132099300, 0.4250000000000001000 ) ) ;
#501 = DIRECTION ( 'NONE',  ( -6.123233995736766000E-017, -0.0000000000000000000, -1.000000000000000000 ) ) ;
#502 = EDGE_CURVE ( 'NONE', #2815, #1059, #989, .T. ) ;
#503 = ADVANCED_FACE ( 'NONE', ( #111 ), #143, .F. ) ;
#504 = FACE_OUTER_BOUND ( 'NONE', #620, .T. ) ;
#505 = CARTESIAN_POINT ( 'NONE',  ( 0.008660254037844433400, 0.004999999999999920300, 0.0000000000000000000 ) ) ;
#506 = ORIENTED_EDGE ( 'NONE', *, *, #3079, .F. ) ;
#507 = DIRECTION ( 'NONE',  ( -1.000000000000000000, 0.0000000000000000000, 1.187759997245331800E-016 ) ) ;
#508 = DIRECTION ( 'NONE',  ( -1.000000000000000000, 0.0000000000000000000, 1.050710766793947200E-016 ) ) ;
#509 = ADVANCED_FACE ( 'NONE', ( #1416 ), #1555, .T. ) ;
#510 = CARTESIAN_POINT ( 'NONE',  ( 0.3336217902232816400, -0.5578498911788125600, 0.5750000000000001800 ) ) ;
#511 = CARTESIAN_POINT ( 'NONE',  ( 0.3163012821475929000, -0.5678498911788124600, 0.5750000000000001800 ) ) ;
#512 = CARTESIAN_POINT ( 'NONE',  ( 0.01000000000000000000, 0.5909072528936051300, 0.6772053272399298800 ) ) ;
#513 = EDGE_CURVE ( 'NONE', #382, #2182, #1842, .T. ) ;
#514 = PLANE ( 'NONE',  #3424 ) ;
#515 = DIRECTION ( 'NONE',  ( -6.123233995736766000E-017, -0.0000000000000000000, -1.000000000000000000 ) ) ;
#516 = DIRECTION ( 'NONE',  ( -6.123233995736766000E-017, -0.0000000000000000000, -1.000000000000000000 ) ) ;
#517 = CARTESIAN_POINT ( 'NONE',  ( -0.01000000000000000000, 0.5415979573110951700, 0.7625979573111030300 ) ) ;
#518 = EDGE_CURVE ( 'NONE', #3674, #2414, #1048, .T. ) ;
#519 = CARTESIAN_POINT ( 'NONE',  ( -0.5678498911788101300, -0.3163012821475967300, 0.4250000000000001600 ) ) ;
#520 = ORIENTED_EDGE ( 'NONE', *, *, #2150, .T. ) ;
#521 = CARTESIAN_POINT ( 'NONE',  ( -0.2213330765278387600, -0.1162397059301246700, -0.7850000000000002500 ) ) ;
#522 = CARTESIAN_POINT ( 'NONE',  ( 0.5749130369021039400, -0.01000000000000000000, -0.7850000000000001400 ) ) ;
#523 = CARTESIAN_POINT ( 'NONE',  ( -0.2729911907966863200, 0.4528346124785998000, 0.7849999999999998100 ) ) ;
#524 = EDGE_LOOP ( 'NONE', ( #47, #227, #24, #1280 ) ) ;
#525 = ORIENTED_EDGE ( 'NONE', *, *, #1923, .T. ) ;
#526 = CARTESIAN_POINT ( 'NONE',  ( -0.4995335560866932500, -0.01000000000000000000, -0.6449122492182525200 ) ) ;
#527 = EDGE_LOOP ( 'NONE', ( #1504, #2397, #3596, #2585 ) ) ;
#528 = VERTEX_POINT ( 'NONE', #854 ) ;
#529 = CARTESIAN_POINT ( 'NONE',  ( 0.1335602140058118900, -0.2113330765278397200, -0.3951786130674960800 ) ) ;
#530 = VECTOR ( 'NONE', #2805, 39.37007874015748100 ) ;
#531 = CARTESIAN_POINT ( 'NONE',  ( 8.266365894244635600E-017, 0.0000000000000000000, 0.5649999999999999500 ) ) ;
#532 = VERTEX_POINT ( 'NONE', #2981 ) ;
#533 = ORIENTED_EDGE ( 'NONE', *, *, #445, .F. ) ;
#534 = DIRECTION ( 'NONE',  ( -6.123233995736766000E-017, -0.0000000000000000000, -1.000000000000000000 ) ) ;
#535 = LINE ( 'NONE', #3429, #3948 ) ;
#536 = DIRECTION ( 'NONE',  ( -0.3535533905932729500, 0.6123724356957963600, 0.7071067811865462400 ) ) ;
#537 = ORIENTED_EDGE ( 'NONE', *, *, #3630, .F. ) ;
#538 = ADVANCED_FACE ( 'NONE', ( #744 ), #3881, .T. ) ;
#539 = FACE_OUTER_BOUND ( 'NONE', #478, .T. ) ;
#540 = EDGE_CURVE ( 'NONE', #1743, #2236, #2255, .T. ) ;
#541 = ORIENTED_EDGE ( 'NONE', *, *, #1096, .F. ) ;
#542 = LINE ( 'NONE', #1211, #1795 ) ;
#543 = DIRECTION ( 'NONE',  ( 0.4999999999999979500, -0.8660254037844397100, -3.061616997868370100E-017 ) ) ;
#544 = VECTOR ( 'NONE', #3770, 39.37007874015748900 ) ;
#545 = DIRECTION ( 'NONE',  ( 0.0000000000000000000, -0.7071067811865570100, 0.7071067811865381400 ) ) ;
#546 = AXIS2_PLACEMENT_3D ( 'NONE', #20, #1246, #928 ) ;
#547 = ORIENTED_EDGE ( 'NONE', *, *, #490, .F. ) ;
#548 = FACE_OUTER_BOUND ( 'NONE', #1435, .T. ) ;
#549 = EDGE_CURVE ( 'NONE', #1689, #988, #214, .T. ) ;
#550 = CARTESIAN_POINT ( 'NONE',  ( -0.01000000000000000000, -0.6499230723708769900, 0.4250000000000001000 ) ) ;
#551 = ORIENTED_EDGE ( 'NONE', *, *, #1137, .T. ) ;
#552 = CARTESIAN_POINT ( 'NONE',  ( -0.1335602140058104200, 0.2113330765278406400, -0.7850000000000001400 ) ) ;
#553 = AXIS2_PLACEMENT_3D ( 'NONE', #2372, #2984, #3298 ) ;
#554 = CARTESIAN_POINT ( 'NONE',  ( -0.4996213068684408100, 0.01000000000000000000, -0.6450000000000001300 ) ) ;
#555 = EDGE_CURVE ( 'NONE', #1731, #3277, #2998, .T. ) ;
#556 = EDGE_LOOP ( 'NONE', ( #2093, #1580, #578, #3810 ) ) ;
#557 = CARTESIAN_POINT ( 'NONE',  ( -0.5122783711104411700, 0.01000000000000000000, -0.5542459965028790900 ) ) ;
#558 = CARTESIAN_POINT ( 'NONE',  ( -0.009999999999999962000, 0.2497999199359360000, 0.4707999199359361700 ) ) ;
#559 = ADVANCED_FACE ( 'NONE', ( #548 ), #864, .F. ) ;
#560 = DIRECTION ( 'NONE',  ( 0.0000000000000000000, 0.0000000000000000000, 1.000000000000000000 ) ) ;
#561 = CARTESIAN_POINT ( 'NONE',  ( -0.5187535610328734000, -0.2879555027216171300, 0.02166633889899542000 ) ) ;
#562 = ORIENTED_EDGE ( 'NONE', *, *, #1949, .T. ) ;
#563 = DIRECTION ( 'NONE',  ( -1.000000000000000000, 0.0000000000000000000, 0.0000000000000000000 ) ) ;
#564 = CARTESIAN_POINT ( 'NONE',  ( -0.4928892949240811200, -0.2961167724888987300, 0.5649999999999999500 ) ) ;
#565 = AXIS2_PLACEMENT_3D ( 'NONE', #2619, #3815, #759 ) ;
#567 = ORIENTED_EDGE ( 'NONE', *, *, #1627, .F. ) ;
#566 = CARTESIAN_POINT ( 'NONE',  ( 0.01000000000000000000, 0.6270153514007337200, 0.6146725170599939300 ) ) ;
#568 = EDGE_CURVE ( 'NONE', #241, #3235, #2162, .T. ) ;
#569 = CARTESIAN_POINT ( 'NONE',  ( 0.4740375896691707600, -0.2621387246176987700, 0.7625979573111030300 ) ) ;
#570 = ORIENTED_EDGE ( 'NONE', *, *, #3501, .T. ) ;
#571 = EDGE_CURVE ( 'NONE', #3524, #3898, #3058, .T. ) ;
#572 = CARTESIAN_POINT ( 'NONE',  ( -0.4640375896691689700, 0.2794592326933908500, 0.7625979573111030300 ) ) ;
#573 = ORIENTED_EDGE ( 'NONE', *, *, #1387, .T. ) ;
#574 = B_SPLINE_CURVE_WITH_KNOTS ( 'NONE', 3,
 ( #1205, #1477, #1196, #3626, #3638, #1798, #2081, #557, #2705, #3941 ),
 .UNSPECIFIED., .F., .F.,
 ( 4, 3, 3, 4 ),
 ( 0.05112912229208922700, 0.05195082283676298600, 0.07508370142559929500, 0.07857204714523272100 ),
 .UNSPECIFIED. ) ;
#575 = ORIENTED_EDGE ( 'NONE', *, *, #1832, .F. ) ;
#576 = CARTESIAN_POINT ( 'NONE',  ( 0.5287564434701828000, 0.0000000000000000000, 0.7849999999999999200 ) ) ;
#577 = ORIENTED_EDGE ( 'NONE', *, *, #2966, .F. ) ;
#578 = ORIENTED_EDGE ( 'NONE', *, *, #3307, .T. ) ;
#579 = ORIENTED_EDGE ( 'NONE', *, *, #162, .T. ) ;
#580 = CARTESIAN_POINT ( 'NONE',  ( -0.3163012821475887900, 0.5678498911788145700, 0.4250000000000001000 ) ) ;
#581 = CIRCLE ( 'NONE', #1489, 0.6500000000000001300 ) ;
#582 = ORIENTED_EDGE ( 'NONE', *, *, #1024, .T. ) ;
#583 = ORIENTED_EDGE ( 'NONE', *, *, #1137, .F. ) ;
#584 = AXIS2_PLACEMENT_3D ( 'NONE', #1242, #1819, #1522 ) ;
#585 = CYLINDRICAL_SURFACE ( 'NONE', #2818, 0.6500000000000001300 ) ;
#586 = ORIENTED_EDGE ( 'NONE', *, *, #1923, .F. ) ;
#587 = VECTOR ( 'NONE', #609, 39.37007874015748900 ) ;
#588 = DIRECTION ( 'NONE',  ( -6.123233995736766000E-017, -0.0000000000000000000, -1.000000000000000000 ) ) ;
#589 = CARTESIAN_POINT ( 'NONE',  ( 0.5028892949240793000, 0.2787962644132135300, 0.4250000000000001000 ) ) ;
#590 = CIRCLE ( 'NONE', #3139, 0.6500000000000001300 ) ;
#591 = CARTESIAN_POINT ( 'NONE',  ( -0.01000000000000000000, 0.0000000000000000000, 0.0000000000000000000 ) ) ;
#592 = VERTEX_POINT ( 'NONE', #3339 ) ;
#593 = VECTOR ( 'NONE', #1666, 39.37007874015748100 ) ;
#594 = EDGE_CURVE ( 'NONE', #2871, #1461, #3713, .T. ) ;
#595 = VECTOR ( 'NONE', #367, 39.37007874015748100 ) ;
#596 = APPROVAL ( #3672, 'UNSPECIFIED' ) ;
#597 = DIRECTION ( 'NONE',  ( 0.0000000000000000000, 0.0000000000000000000, 1.000000000000000000 ) ) ;
#598 = VECTOR ( 'NONE', #3073, 39.37007874015748100 ) ;
#599 = CARTESIAN_POINT ( 'NONE',  ( -0.3163012821475967300, -0.5678498911788101300, 0.4250000000000001000 ) ) ;
#600 = APPROVAL_ROLE ( '' ) ;
#601 = EDGE_CURVE ( 'NONE', #1655, #3952, #3161, .T. ) ;
#602 = ORIENTED_EDGE ( 'NONE', *, *, #690, .T. ) ;
#603 = CARTESIAN_POINT ( 'NONE',  ( 0.01000000000000008300, 0.6499230723708769900, 0.5750000000000001800 ) ) ;
#604 = CARTESIAN_POINT ( 'NONE',  ( 0.01000000000000000000, 0.4871636232262275300, -0.7329109864437067800 ) ) ;
#605 = CARTESIAN_POINT ( 'NONE',  ( 7.409113134841489000E-017, 0.0000000000000000000, 0.4250000000000001000 ) ) ;
#606 = CARTESIAN_POINT ( 'NONE',  ( 0.4105548423825835000, -0.2485809541504762900, -0.7850000000000002500 ) ) ;
#607 = DIRECTION ( 'NONE',  ( -6.123233995736766000E-017, 0.0000000000000000000, -1.000000000000000000 ) ) ;
#608 = CARTESIAN_POINT ( 'NONE',  ( -0.2213330765278389000, -0.1162397059301246400, -0.7850000000000001400 ) ) ;
#609 = DIRECTION ( 'NONE',  ( 0.8660254037844397100, -0.4999999999999979500, -5.302876193624540100E-017 ) ) ;
#610 = VERTEX_POINT ( 'NONE', #3574 ) ;
#611 = EDGE_CURVE ( 'NONE', #1579, #2012, #2004, .T. ) ;
#612 = DIRECTION ( 'NONE',  ( -1.000000000000000000, 0.0000000000000000000, -5.463695987328524500E-016 ) ) ;
#613 = CARTESIAN_POINT ( 'NONE',  ( 0.2912372384210938900, -0.5244376940013879600, 0.06836233743005454300 ) ) ;
#614 = EDGE_CURVE ( 'NONE', #1708, #1841, #2076, .T. ) ;
#615 = ORIENTED_EDGE ( 'NONE', *, *, #3587, .F. ) ;
#616 = DIRECTION ( 'NONE',  ( 6.123233995736766000E-017, 0.0000000000000000000, 1.000000000000000000 ) ) ;
#617 = CARTESIAN_POINT ( 'NONE',  ( 8.266365894244635600E-017, 0.0000000000000000000, 0.5649999999999999500 ) ) ;
#618 = APPLICATION_CONTEXT ( 'configuration controlled 3d designs of mechanical parts and assemblies' ) ;
#619 = LOCAL_TIME ( 10, 25, 15.00000000000000000, #826 ) ;
#620 = EDGE_LOOP ( 'NONE', ( #1773, #2838, #2180, #1034, #2774, #2968, #3452, #674, #2127 ) ) ;
#621 = EDGE_LOOP ( 'NONE', ( #893, #290, #2286, #1703 ) ) ;
#622 = EDGE_CURVE ( 'NONE', #2452, #3524, #3290, .T. ) ;
#623 = CARTESIAN_POINT ( 'NONE',  ( 0.2499332977472277500, -0.006668223341808186000, -0.3953119908787879300 ) ) ;
#624 = LINE ( 'NONE', #1539, #530 ) ;
#625 = CARTESIAN_POINT ( 'NONE',  ( 8.327598234202003100E-017, 0.0000000000000000000, 0.5750000000000001800 ) ) ;
#626 = CARTESIAN_POINT ( 'NONE',  ( 0.2787962644132135300, 0.5028892949240791900, 0.4250000000000001000 ) ) ;
#627 = ORIENTED_EDGE ( 'NONE', *, *, #2412, .F. ) ;
#628 = ORIENTED_EDGE ( 'NONE', *, *, #3192, .F. ) ;
#629 = FACE_OUTER_BOUND ( 'NONE', #245, .T. ) ;
#630 = ORIENTED_EDGE ( 'NONE', *, *, #1878, .T. ) ;
#631 = LINE ( 'NONE', #2694, #1358 ) ;
#632 = CARTESIAN_POINT ( 'NONE',  ( 8.327598234202003100E-017, 0.0000000000000000000, 0.5750000000000001800 ) ) ;
#633 = CIRCLE ( 'NONE', #1574, 0.2500000000000001100 ) ;
#634 = CARTESIAN_POINT ( 'NONE',  ( 0.4996213068684418100, -0.003333543001138655600, -0.6450000000000010200 ) ) ;
#635 = VERTEX_POINT ( 'NONE', #3968 ) ;
#636 = VECTOR ( 'NONE', #170, 39.37007874015748100 ) ;
#637 = AXIS2_PLACEMENT_3D ( 'NONE', #2493, #2479, #33 ) ;
#638 = LINE ( 'NONE', #3481, #1046 ) ;
#639 = CARTESIAN_POINT ( 'NONE',  ( -0.1682050807568871400, -0.1086602540378451100, 0.4209999999999986000 ) ) ;
#640 = VERTEX_POINT ( 'NONE', #1740 ) ;
#641 = FACE_OUTER_BOUND ( 'NONE', #3447, .T. ) ;
#642 = CARTESIAN_POINT ( 'NONE',  ( 9.613477373306724800E-017, 0.0000000000000000000, 0.7850000000000001400 ) ) ;
#643 = ORIENTED_EDGE ( 'NONE', *, *, #761, .T. ) ;
#644 = EDGE_CURVE ( 'NONE', #1112, #3898, #2945, .T. ) ;
#645 = EDGE_LOOP ( 'NONE', ( #1639, #1669, #3248, #775 ) ) ;
#646 = CARTESIAN_POINT ( 'NONE',  ( 0.2411065240055007800, -0.4376087496138548200, -0.6449122492182515200 ) ) ;
#647 = AXIS2_PLACEMENT_3D ( 'NONE', #2320, #1717, #508 ) ;
#648 = EDGE_CURVE ( 'NONE', #157, #2618, #1602, .T. ) ;
#649 = DIRECTION ( 'NONE',  ( -6.123233995736766000E-017, -0.0000000000000000000, -1.000000000000000000 ) ) ;
#650 = DIRECTION ( 'NONE',  ( -1.000000000000000000, 0.0000000000000000000, 1.187759997245331800E-016 ) ) ;
#651 = DIRECTION ( 'NONE',  ( -6.123233995736766000E-017, -0.0000000000000000000, -1.000000000000000000 ) ) ;
#652 = ORIENTED_EDGE ( 'NONE', *, *, #1893, .F. ) ;
#653 = CARTESIAN_POINT ( 'NONE',  ( 0.0000000000000000000, 0.0000000000000000000, -0.7850000000000001400 ) ) ;
#654 = EDGE_LOOP ( 'NONE', ( #3839, #1191, #1500, #3496, #3316 ) ) ;
#655 = ORIENTED_EDGE ( 'NONE', *, *, #2992, .F. ) ;
#656 = EDGE_CURVE ( 'NONE', #3352, #878, #2548, .T. ) ;
#657 = VERTEX_POINT ( 'NONE', #932 ) ;
#658 = AXIS2_PLACEMENT_3D ( 'NONE', #2330, #1745, #2365 ) ;
#659 = ORIENTED_EDGE ( 'NONE', *, *, #954, .F. ) ;
#660 = PLANE ( 'NONE',  #1977 ) ;
#661 = LOCAL_TIME ( 10, 25, 15.00000000000000000, #1495 ) ;
#662 = DIRECTION ( 'NONE',  ( -6.123233995736766000E-017, -0.0000000000000000000, -1.000000000000000000 ) ) ;
#663 = EDGE_CURVE ( 'NONE', #640, #3442, #1801, .T. ) ;
#664 = ORIENTED_EDGE ( 'NONE', *, *, #2758, .F. ) ;
#665 = ORIENTED_EDGE ( 'NONE', *, *, #2754, .F. ) ;
#666 = CARTESIAN_POINT ( 'NONE',  ( -0.6281815210709340600, -0.01000000000000000000, 0.6126530147176362200 ) ) ;
#667 = LINE ( 'NONE', #746, #3273 ) ;
#668 = AXIS2_PLACEMENT_3D ( 'NONE', #3827, #545, #3918 ) ;
#669 = ORIENTED_EDGE ( 'NONE', *, *, #2829, .F. ) ;
#670 = LINE ( 'NONE', #1033, #3218 ) ;
#671 = CARTESIAN_POINT ( 'NONE',  ( -0.5286618735176923400, 0.01000000000000000000, 0.7849999999999997000 ) ) ;
#672 = CIRCLE ( 'NONE', #760, 0.5749999999999999600 ) ;
#673 = CARTESIAN_POINT ( 'NONE',  ( -0.1162397059301215300, 0.2213330765278404800, -0.3951786130674961300 ) ) ;
#674 = ORIENTED_EDGE ( 'NONE', *, *, #2432, .F. ) ;
#675 = LINE ( 'NONE', #1848, #587 ) ;
#676 = DIRECTION ( 'NONE',  ( -1.000000000000000000, 0.0000000000000000000, 1.187759997245331800E-016 ) ) ;
#677 = FACE_OUTER_BOUND ( 'NONE', #31, .T. ) ;
#678 = DIRECTION ( 'NONE',  ( 0.4999999999999979500, -0.8660254037844397100, -3.061616997868370100E-017 ) ) ;
#679 = ORIENTED_EDGE ( 'NONE', *, *, #3826, .F. ) ;
#680 = CARTESIAN_POINT ( 'NONE',  ( 0.5028892949240850700, -0.2787962644132028800, 0.5649999999999999500 ) ) ;
#681 = LINE ( 'NONE', #2471, #106 ) ;
#682 = CARTESIAN_POINT ( 'NONE',  ( 0.5678498911788081300, 0.3163012821476007800, 0.4250000000000000400 ) ) ;
#683 = LINE ( 'NONE', #3029, #1140 ) ;
#684 = CARTESIAN_POINT ( 'NONE',  ( 9.373498641636613500E-034, 0.0000000000000000000, -0.7850000000000001400 ) ) ;
#685 = VECTOR ( 'NONE', #2702, 39.37007874015748100 ) ;
#686 = DIRECTION ( 'NONE',  ( 0.7559289460184467300, 0.0000000000000000000, -0.6546536707079860800 ) ) ;
#687 = DIRECTION ( 'NONE',  ( 0.8660254037844328200, 0.5000000000000099900, 1.300879996982982700E-016 ) ) ;
#688 = ORIENTED_EDGE ( 'NONE', *, *, #3346, .F. ) ;
#689 = AXIS2_PLACEMENT_3D ( 'NONE', #745, #2865, #3795 ) ;
#690 = EDGE_CURVE ( 'NONE', #3977, #1346, #9, .T. ) ;
#691 = EDGE_CURVE ( 'NONE', #1978, #2871, #3419, .T. ) ;
#692 = CARTESIAN_POINT ( 'NONE',  ( -0.01000000000000000000, -0.5415979573110951700, 0.7625979573111030300 ) ) ;
#693 = B_SPLINE_CURVE_WITH_KNOTS ( 'NONE', 3,
 ( #2194, #3099, #22, #1559, #3726, #3702, #1001 ),
 .UNSPECIFIED., .F., .F.,
 ( 4, 3, 4 ),
 ( 0.01709284325914704700, 0.02084976365248277000, 0.02259517296004174100 ),
 .UNSPECIFIED. ) ;
#694 = CARTESIAN_POINT ( 'NONE',  ( -0.2834930907377288300, -0.4710244367524751300, -0.2882751530984583600 ) ) ;
#695 = DIRECTION ( 'NONE',  ( 0.8660254037844328200, 0.5000000000000101000, -5.302876193624499400E-017 ) ) ;
#696 = AXIS2_PLACEMENT_3D ( 'NONE', #147, #458, #1094 ) ;
#697 = EDGE_CURVE ( 'NONE', #1399, #3730, #3181, .T. ) ;
#698 = CARTESIAN_POINT ( 'NONE',  ( 0.2729911907966929300, 0.4528346124785965800, 0.7849999999999995900 ) ) ;
#699 = CARTESIAN_POINT ( 'NONE',  ( 8.266365894244635600E-017, 0.0000000000000000000, 0.5649999999999999500 ) ) ;
#700 = CARTESIAN_POINT ( 'NONE',  ( -0.2497999199359358100, 0.01000000000000000000, 0.7849999999999998100 ) ) ;
#701 = CARTESIAN_POINT ( 'NONE',  ( 8.266365894244635600E-017, 0.0000000000000000000, 0.5649999999999999500 ) ) ;
#702 = DIRECTION ( 'NONE',  ( 0.3535533905932674600, -0.6123724356957968000, -0.7071067811865486800 ) ) ;
#703 = CARTESIAN_POINT ( 'NONE',  ( -0.2497999199359357800, -0.01000000000000000000, 0.7849999999999998100 ) ) ;
#704 = CARTESIAN_POINT ( 'NONE',  ( 0.5750000000000000700, 0.0000000000000000000, 0.4250000000000001000 ) ) ;
#705 = ORIENTED_EDGE ( 'NONE', *, *, #3947, .T. ) ;
#706 = CARTESIAN_POINT ( 'NONE',  ( -0.2500000000000000600, 0.0000000000000000000, -0.3953786931315603800 ) ) ;
#707 = ADVANCED_FACE ( 'NONE', ( #1749 ), #1501, .T. ) ;
#708 = B_SPLINE_CURVE_WITH_KNOTS ( 'NONE', 3,
 ( #739, #1976, #1988, #154 ),
 .UNSPECIFIED., .F., .F.,
 ( 4, 4 ),
 ( 2.309504363995645100E-007, 0.006159627691883680500 ),
 .UNSPECIFIED. ) ;
#709 = CARTESIAN_POINT ( 'NONE',  ( -0.6499230723708768800, -0.01000000000000000000, 0.5750000000000001800 ) ) ;
#710 = ORIENTED_EDGE ( 'NONE', *, *, #3056, .T. ) ;
#711 = ORIENTED_EDGE ( 'NONE', *, *, #380, .T. ) ;
#712 = DIRECTION ( 'NONE',  ( -1.000000000000000000, 0.0000000000000000000, 1.050710766793947200E-016 ) ) ;
#713 = LENGTH_MEASURE_WITH_UNIT ( LENGTH_MEASURE( 0.02539999999999999900 ), #1478 );
#714 = DIRECTION ( 'NONE',  ( -1.000000000000000000, 0.0000000000000000000, 0.0000000000000000000 ) ) ;
#715 = EDGE_CURVE ( 'NONE', #920, #2060, #3282, .T. ) ;
#716 = CARTESIAN_POINT ( 'NONE',  ( -0.01000000000000000000, 0.6244634137562685700, 0.2438674296112367200 ) ) ;
#717 = CARTESIAN_POINT ( 'NONE',  ( -0.2584709074720608100, 0.4276847440200527400, -0.6450000000000001300 ) ) ;
#718 = ORIENTED_EDGE ( 'NONE', *, *, #43, .T. ) ;
#719 = VERTEX_POINT ( 'NONE', #3052 ) ;
#720 = FACE_OUTER_BOUND ( 'NONE', #2090, .T. ) ;
#721 = ORIENTED_EDGE ( 'NONE', *, *, #1878, .F. ) ;
#722 = DIRECTION ( 'NONE',  ( 1.000000000000000000, 0.0000000000000000000, -6.123233995736766000E-017 ) ) ;
#723 = PERSON ( 'UNSPECIFIED', 'UNSPECIFIED', 'UNSPECIFIED', ('UNSPECIFIED'), ('UNSPECIFIED'), ('UNSPECIFIED') ) ;
#724 = ORIENTED_EDGE ( 'NONE', *, *, #1525, .T. ) ;
#725 = CARTESIAN_POINT ( 'NONE',  ( -0.4928892949240810700, -0.2961167724888986200, 0.4250000000000001000 ) ) ;
#726 = CARTESIAN_POINT ( 'NONE',  ( 0.4262499999999941300, 0.2576425576258737900, 0.4250000000000001000 ) ) ;
#727 =( BOUNDED_CURVE ( )  B_SPLINE_CURVE ( 3, ( #3427, #1900, #1688, #2894 ),
 .UNSPECIFIED., .F., .F. ) 
 B_SPLINE_CURVE_WITH_KNOTS ( ( 4, 4 ),
 ( 0.0000000000000000000, 0.04001067435398945900 ),
 .UNSPECIFIED. ) 
 CURVE ( )  GEOMETRIC_REPRESENTATION_ITEM ( )  RATIONAL_B_SPLINE_CURVE ( ( 1.000000000000000000, 0.9998665999439426700, 0.9998665999439426700, 1.000000000000000000 ) ) 
 REPRESENTATION_ITEM ( '' )  );
#728 = EDGE_CURVE ( 'NONE', #635, #3537, #3212, .T. ) ;
#729 = VECTOR ( 'NONE', #2744, 39.37007874015748100 ) ;
#730 = VERTEX_POINT ( 'NONE', #580 ) ;
#731 = ORIENTED_EDGE ( 'NONE', *, *, #1367, .F. ) ;
#732 = VECTOR ( 'NONE', #616, 39.37007874015748100 ) ;
#733 = CARTESIAN_POINT ( 'NONE',  ( 8.327598234202003100E-017, 0.0000000000000000000, 0.5750000000000001800 ) ) ;
#734 = CARTESIAN_POINT ( 'NONE',  ( -0.2584270320811863400, 0.4276087496138561400, -0.6449122492182509700 ) ) ;
#735 = VERTEX_POINT ( 'NONE', #300 ) ;
#736 = LINE ( 'NONE', #1318, #1231 ) ;
#737 = CARTESIAN_POINT ( 'NONE',  ( -0.1335602140058103300, 0.2113330765278405900, 0.7849999999999998100 ) ) ;
#738 = ORIENTED_EDGE ( 'NONE', *, *, #1973, .T. ) ;
#739 = CARTESIAN_POINT ( 'NONE',  ( -0.2729911907966927600, -0.4528346124785962400, 0.7849999999999997000 ) ) ;
#740 = CARTESIAN_POINT ( 'NONE',  ( -0.5749130369021039400, -0.01000000000000000000, -0.7850000000000001400 ) ) ;
#741 = LINE ( 'NONE', #1553, #3962 ) ;
#742 = ORIENTED_EDGE ( 'NONE', *, *, #3525, .F. ) ;
#743 = ORIENTED_EDGE ( 'NONE', *, *, #314, .T. ) ;
#744 = FACE_OUTER_BOUND ( 'NONE', #3087, .T. ) ;
#745 = CARTESIAN_POINT ( 'NONE',  ( -0.2584709074720668000, -0.4276847440200491900, -0.6450000000000001300 ) ) ;
#746 = CARTESIAN_POINT ( 'NONE',  ( -0.5028892949240830700, 0.2787962644132064300, -0.7850000000000001400 ) ) ;
#747 = EDGE_LOOP ( 'NONE', ( #3623, #1384, #2883, #2734, #1956, #2896, #1679, #3657 ) ) ;
#748 = EDGE_LOOP ( 'NONE', ( #1799, #3123, #1824, #804 ) ) ;
#749 = EDGE_CURVE ( 'NONE', #1723, #610, #2454, .T. ) ;
#750 = CC_DESIGN_PERSON_AND_ORGANIZATION_ASSIGNMENT ( #3943, #286, ( #1235 ) ) ;
#751 = DIRECTION ( 'NONE',  ( 0.0000000000000000000, -1.000000000000000000, 1.300879996982983000E-016 ) ) ;
#752 = CARTESIAN_POINT ( 'NONE',  ( 0.0000000000000000000, 0.0000000000000000000, -0.7850000000000001400 ) ) ;
#753 = DIRECTION ( 'NONE',  ( -6.123233995736766000E-017, -0.0000000000000000000, -1.000000000000000000 ) ) ;
#754 = AXIS2_PLACEMENT_3D ( 'NONE', #2077, #1463, #3899 ) ;
#755 = EDGE_CURVE ( 'NONE', #1969, #719, #2306, .T. ) ;
#756 = DIRECTION ( 'NONE',  ( -6.123233995736766000E-017, 0.0000000000000000000, -1.000000000000000000 ) ) ;
#757 = CARTESIAN_POINT ( 'NONE',  ( -0.3163012821475967300, -0.5678498911788103500, 0.5750000000000001800 ) ) ;
#758 = CARTESIAN_POINT ( 'NONE',  ( -0.6499230723708769900, 0.01000000000000000000, -0.7850000000000001400 ) ) ;
#759 = DIRECTION ( 'NONE',  ( -1.000000000000000000, 0.0000000000000000000, 0.0000000000000000000 ) ) ;
#760 = AXIS2_PLACEMENT_3D ( 'NONE', #701, #1306, #3455 ) ;
#761 = EDGE_CURVE ( 'NONE', #2387, #1168, #3960, .T. ) ;
#762 = CARTESIAN_POINT ( 'NONE',  ( -0.4740375896691670400, -0.2621387246177053800, 0.7625979573111028000 ) ) ;
#763 = PLANE ( 'NONE',  #414 ) ;
#764 = ORIENTED_EDGE ( 'NONE', *, *, #2223, .T. ) ;
#765 = CARTESIAN_POINT ( 'NONE',  ( 0.4928892949240790700, 0.2961167724889021100, -0.7850000000000001400 ) ) ;
#766 = CARTESIAN_POINT ( 'NONE',  ( 0.2411065240055065600, 0.4376087496138509300, -0.6449122492182509700 ) ) ;
#767 = DIRECTION ( 'NONE',  ( 0.8660254037844362700, 0.5000000000000041100, -5.302876193624520400E-017 ) ) ;
#768 = VERTEX_POINT ( 'NONE', #1275 ) ;
#769 = CARTESIAN_POINT ( 'NONE',  ( 0.5287564434701828000, 0.0000000000000000000, 0.7849999999999999200 ) ) ;
#770 = DIRECTION ( 'NONE',  ( -1.000000000000000000, 0.0000000000000000000, 0.0000000000000000000 ) ) ;
#771 = CARTESIAN_POINT ( 'NONE',  ( -0.2556706827210038500, -0.4628346124785959200, 0.7849999999999998100 ) ) ;
#772 = ORIENTED_EDGE ( 'NONE', *, *, #1980, .F. ) ;
#773 = EDGE_LOOP ( 'NONE', ( #2912, #337, #336, #2388, #3063, #1499, #1535, #1680, #1095 ) ) ;
#774 = CALENDAR_DATE ( 2021, 14, 9 ) ;
#775 = ORIENTED_EDGE ( 'NONE', *, *, #1895, .F. ) ;
#776 = VERTEX_POINT ( 'NONE', #1600 ) ;
#777 = CARTESIAN_POINT ( 'NONE',  ( -0.003335112772205638300, -0.2500667289577124300, 0.4710667289577122900 ) ) ;
#778 = AXIS2_PLACEMENT_3D ( 'NONE', #1911, #3148, #374 ) ;
#779 = CIRCLE ( 'NONE', #2350, 0.6500000000000001300 ) ;
#780 = EDGE_CURVE ( 'NONE', #852, #1889, #681, .T. ) ;
#781 = CARTESIAN_POINT ( 'NONE',  ( -0.01000000000000003000, -0.5749130369021039400, 0.4250000000000001000 ) ) ;
#782 = ORIENTED_EDGE ( 'NONE', *, *, #540, .T. ) ;
#783 = FACE_OUTER_BOUND ( 'NONE', #2231, .T. ) ;
#784 =( BOUNDED_CURVE ( )  B_SPLINE_CURVE ( 3, ( #2048, #3901, #244, #3008 ),
 .UNSPECIFIED., .F., .T. ) 
 B_SPLINE_CURVE_WITH_KNOTS ( ( 4, 4 ),
 ( 3.101581979235804800, 3.181603327943781900 ),
 .UNSPECIFIED. ) 
 CURVE ( )  GEOMETRIC_REPRESENTATION_ITEM ( )  RATIONAL_B_SPLINE_CURVE ( ( 1.000000000000000000, 0.9994664531624957200, 0.9994664531624957200, 1.000000000000000000 ) ) 
 REPRESENTATION_ITEM ( '' )  );
#785 = LINE ( 'NONE', #2319, #2782 ) ;
#786 = CARTESIAN_POINT ( 'NONE',  ( 0.2148965835325551400, -0.1279216568640702500, 0.4710667289577122900 ) ) ;
#787 = AXIS2_PLACEMENT_3D ( 'NONE', #3094, #51, #2183 ) ;
#788 = CARTESIAN_POINT ( 'NONE',  ( 0.4995920558719348400, 0.006666960199695264200, -0.6449707490034941600 ) ) ;
#789 = EDGE_LOOP ( 'NONE', ( #383, #474, #772, #2376, #3897, #2110 ) ) ;
#790 = CYLINDRICAL_SURFACE ( 'NONE', #952, 0.5749999999999999600 ) ;
#791 = EDGE_CURVE ( 'NONE', #3221, #2060, #693, .T. ) ;
#792 = ADVANCED_FACE ( 'NONE', ( #3568 ), #660, .F. ) ;
#793 = CIRCLE ( 'NONE', #3216, 0.6500000000000001300 ) ;
#794 = DIRECTION ( 'NONE',  ( -6.123233995736766000E-017, -0.0000000000000000000, -1.000000000000000000 ) ) ;
#795 = EDGE_LOOP ( 'NONE', ( #2738, #3696, #131, #2821, #643, #2748, #899, #1509, #2113 ) ) ;
#796 = FACE_OUTER_BOUND ( 'NONE', #2024, .T. ) ;
#797 = CARTESIAN_POINT ( 'NONE',  ( 0.4740375896691707600, -0.2621387246176987700, 0.7625979573111030300 ) ) ;
#798 = VECTOR ( 'NONE', #3873, 39.37007874015748900 ) ;
#799 = PRODUCT_DEFINITION_SHAPE ( 'NONE', 'NONE',  #3264 ) ;
#800 = DIRECTION ( 'NONE',  ( -6.123233995736766000E-017, -0.0000000000000000000, -1.000000000000000000 ) ) ;
#801 = CARTESIAN_POINT ( 'NONE',  ( 0.1524102540378467800, 0.2439823035880273600, 0.4250000000000001000 ) ) ;
#802 = LINE ( 'NONE', #1331, #3475 ) ;
#803 = CARTESIAN_POINT ( 'NONE',  ( -0.01000000000000000000, 0.5909072528936051300, 0.6772053272399298800 ) ) ;
#804 = ORIENTED_EDGE ( 'NONE', *, *, #2167, .F. ) ;
#805 = CARTESIAN_POINT ( 'NONE',  ( 0.01000000000000000000, 0.6329500084179928700, 0.3042449472001914600 ) ) ;
#806 = CARTESIAN_POINT ( 'NONE',  ( -0.005000000000000039100, 0.008660254037844362200, 0.0000000000000000000 ) ) ;
#807 = CARTESIAN_POINT ( 'NONE',  ( 0.2961167724888952300, -0.4928892949240831800, 0.4250000000000001000 ) ) ;
#808 = CARTESIAN_POINT ( 'NONE',  ( 8.266365894244635600E-017, 0.0000000000000000000, 0.5649999999999999500 ) ) ;
#809 = EDGE_CURVE ( 'NONE', #1483, #945, #1929, .T. ) ;
#810 = ADVANCED_FACE ( 'NONE', ( #1517 ), #3441, .F. ) ;
#811 = CARTESIAN_POINT ( 'NONE',  ( 0.5750000000000000700, -0.01000000000000000000, 0.5650000000000001700 ) ) ;
#812 = AXIS2_PLACEMENT_3D ( 'NONE', #576, #2370, #1812 ) ;
#813 = CARTESIAN_POINT ( 'NONE',  ( 0.2113330765278378400, 0.1335602140058148300, -0.7850000000000001400 ) ) ;
#814 = ORIENTED_EDGE ( 'NONE', *, *, #997, .F. ) ;
#815 = DIRECTION ( 'NONE',  ( -6.123233995736766000E-017, -0.0000000000000000000, -1.000000000000000000 ) ) ;
#816 = CARTESIAN_POINT ( 'NONE',  ( 0.2758813882858484100, -0.4978405813737293900, 0.7150005840914298600 ) ) ;
#817 = CARTESIAN_POINT ( 'NONE',  ( -0.3163397459621583600, -0.5679165124598838400, 0.7849999999999999200 ) ) ;
#818 = ADVANCED_FACE ( 'NONE', ( #2708 ), #305, .T. ) ;
#820 = VERTEX_POINT ( 'NONE', #2512 ) ;
#819 = CARTESIAN_POINT ( 'NONE',  ( -0.2527123219164949500, -0.4310432436316332700, -0.6450292532044461500 ) ) ;
#821 = CARTESIAN_POINT ( 'NONE',  ( 0.003335112772205661700, -0.2500667289577124300, 0.4710667289577122900 ) ) ;
#822 = DIRECTION ( 'NONE',  ( -0.0000000000000000000, -0.7071067811865381400, -0.7071067811865570100 ) ) ;
#823 = DIRECTION ( 'NONE',  ( -6.123233995736766000E-017, -0.0000000000000000000, -1.000000000000000000 ) ) ;
#824 = CARTESIAN_POINT ( 'NONE',  ( 0.1682050807568886100, -0.1086602540378427500, 0.4209999999999986000 ) ) ;
#825 = ORIENTED_EDGE ( 'NONE', *, *, #697, .T. ) ;
#826 = COORDINATED_UNIVERSAL_TIME_OFFSET ( 6, 0, .BEHIND. ) ;
#827 = ORIENTED_EDGE ( 'NONE', *, *, #3883, .T. ) ;
#828 = CARTESIAN_POINT ( 'NONE',  ( 0.2497999199359359800, 0.01000000000000000000, -0.7850000000000001400 ) ) ;
#829 = ORIENTED_EDGE ( 'NONE', *, *, #3765, .T. ) ;
#830 = DIRECTION ( 'NONE',  ( -0.5000000000000041100, -0.8660254037844362700, 3.061616997868407700E-017 ) ) ;
#831 = DIRECTION ( 'NONE',  ( -1.000000000000000000, 0.0000000000000000000, 0.0000000000000000000 ) ) ;
#832 = ADVANCED_FACE ( 'NONE', ( #1139 ), #331, .F. ) ;
#833 = LINE ( 'NONE', #3533, #3168 ) ;
#834 = ORIENTED_EDGE ( 'NONE', *, *, #2542, .T. ) ;
#835 = VERTEX_POINT ( 'NONE', #2785 ) ;
#836 = DIRECTION ( 'NONE',  ( -1.000000000000000000, -0.0000000000000000000, 0.0000000000000000000 ) ) ;
#837 = VECTOR ( 'NONE', #3609, 39.37007874015748100 ) ;
#838 = VERTEX_POINT ( 'NONE', #350 ) ;
#839 = AXIS2_PLACEMENT_3D ( 'NONE', #1897, #3405, #2473 ) ;
#840 = VECTOR ( 'NONE', #1746, 39.37007874015748100 ) ;
#841 = CARTESIAN_POINT ( 'NONE',  ( 0.0000000000000000000, 0.0000000000000000000, 0.0000000000000000000 ) ) ;
#842 = EDGE_CURVE ( 'NONE', #1166, #2208, #2654, .T. ) ;
#843 = DIRECTION ( 'NONE',  ( 6.123233995736766000E-017, 0.0000000000000000000, 1.000000000000000000 ) ) ;
#844 = ORIENTED_EDGE ( 'NONE', *, *, #966, .T. ) ;
#845 = VECTOR ( 'NONE', #1415, 39.37007874015748100 ) ;
#846 = CARTESIAN_POINT ( 'NONE',  ( 0.01000000000000000000, 0.4798414002252715000, -0.7850000000000002500 ) ) ;
#847 = CARTESIAN_POINT ( 'NONE',  ( -0.5053090229140146900, -0.2801932950195637500, 0.7000657489934245500 ) ) ;
#848 = VECTOR ( 'NONE', #2265, 39.37007874015748900 ) ;
#849 = CARTESIAN_POINT ( 'NONE',  ( -0.6499230723708768800, 0.01000000000000000000, 0.5750000000000001800 ) ) ;
#850 = CARTESIAN_POINT ( 'NONE',  ( 0.1682050807568863400, 0.1086602540378462800, 0.4209999999999986000 ) ) ;
#851 = EDGE_CURVE ( 'NONE', #657, #931, #2501, .T. ) ;
#852 = VERTEX_POINT ( 'NONE', #2499 ) ;
#853 = VECTOR ( 'NONE', #3824, 39.37007874015748100 ) ;
#854 = CARTESIAN_POINT ( 'NONE',  ( 0.2497999199359360600, 0.01000000000000000000, 0.7849999999999998100 ) ) ;
#855 = VECTOR ( 'NONE', #119, 39.37007874015748100 ) ;
#856 = ADVANCED_FACE ( 'NONE', ( #900 ), #1613, .T. ) ;
#857 = CARTESIAN_POINT ( 'NONE',  ( -0.2497999199359359800, 0.01000000000000000000, -0.7850000000000001400 ) ) ;
#858 = ORIENTED_EDGE ( 'NONE', *, *, #2415, .F. ) ;
#859 = CARTESIAN_POINT ( 'NONE',  ( -0.01000000000000000000, 1.249999999999999800, -0.7850000000000001400 ) ) ;
#860 = AXIS2_PLACEMENT_3D ( 'NONE', #479, #118, #722 ) ;
#861 = CARTESIAN_POINT ( 'NONE',  ( -0.2411065240054976700, 0.4376087496138563700, -0.6449122492182515200 ) ) ;
#862 = DIRECTION ( 'NONE',  ( -6.123233995736766000E-017, -0.0000000000000000000, -1.000000000000000000 ) ) ;
#863 =( BOUNDED_CURVE ( )  B_SPLINE_CURVE ( 3, ( #112, #1649, #2569, #3819 ),
 .UNSPECIFIED., .F., .F. ) 
 B_SPLINE_CURVE_WITH_KNOTS ( ( 4, 4 ),
 ( 6.243174632825597000, 6.323195981533575400 ),
 .UNSPECIFIED. ) 
 CURVE ( )  GEOMETRIC_REPRESENTATION_ITEM ( )  RATIONAL_B_SPLINE_CURVE ( ( 1.000000000000000000, 0.9994664531624957200, 0.9994664531624957200, 1.000000000000000000 ) ) 
 REPRESENTATION_ITEM ( '' )  );
#864 = PLANE ( 'NONE',  #754 ) ;
#865 = ORIENTED_EDGE ( 'NONE', *, *, #555, .F. ) ;
#866 = EDGE_CURVE ( 'NONE', #329, #2236, #3855, .T. ) ;
#867 = DIRECTION ( 'NONE',  ( 1.000000000000000000, -0.0000000000000000000, 3.414809992080328000E-016 ) ) ;
#868 = DIRECTION ( 'NONE',  ( -1.000000000000000000, 0.0000000000000000000, 0.0000000000000000000 ) ) ;
#869 = AXIS2_PLACEMENT_3D ( 'NONE', #2814, #649, #2804 ) ;
#870 = CARTESIAN_POINT ( 'NONE',  ( 0.3336217902232855300, 0.5578498911788102300, 0.4250000000000001000 ) ) ;
#871 = ORIENTED_EDGE ( 'NONE', *, *, #1507, .F. ) ;
#872 = DIRECTION ( 'NONE',  ( -1.000000000000000000, 0.0000000000000000000, 0.0000000000000000000 ) ) ;
#873 = DIRECTION ( 'NONE',  ( -6.123233995736766000E-017, -0.0000000000000000000, -1.000000000000000000 ) ) ;
#874 = ADVANCED_FACE ( 'NONE', ( #3471 ), #3042, .T. ) ;
#875 = ORIENTED_EDGE ( 'NONE', *, *, #2105, .T. ) ;
#876 = ORIENTED_EDGE ( 'NONE', *, *, #2253, .F. ) ;
#877 = CARTESIAN_POINT ( 'NONE',  ( -0.6469211843766066200, -0.01000000000000000000, 0.4036429937167306800 ) ) ;
#878 = VERTEX_POINT ( 'NONE', #703 ) ;
#879 = ORIENTED_EDGE ( 'NONE', *, *, #150, .T. ) ;
#880 = DIRECTION ( 'NONE',  ( 6.123233995736766000E-017, 0.0000000000000000000, 1.000000000000000000 ) ) ;
#881 = CARTESIAN_POINT ( 'NONE',  ( 0.008660254037844362200, -0.005000000000000039100, 0.0000000000000000000 ) ) ;
#882 = LINE ( 'NONE', #1180, #2341 ) ;
#883 = CARTESIAN_POINT ( 'NONE',  ( 0.5028892949240793000, 0.2787962644132134800, 0.5649999999999999500 ) ) ;
#884 = EDGE_LOOP ( 'NONE', ( #1412, #2523, #930, #1902, #2781, #2487 ) ) ;
#885 = ORIENTED_EDGE ( 'NONE', *, *, #915, .F. ) ;
#886 = CARTESIAN_POINT ( 'NONE',  ( 0.5578498911788148900, -0.3336217902232777000, 0.5649999999999999500 ) ) ;
#887 = FACE_OUTER_BOUND ( 'NONE', #1915, .T. ) ;
#888 = DIRECTION ( 'NONE',  ( 1.000000000000000000, 0.0000000000000000000, -1.050710766793947200E-016 ) ) ;
#889 = VERTEX_POINT ( 'NONE', #2229 ) ;
#890 = CIRCLE ( 'NONE', #1004, 0.5749999999999999600 ) ;
#891 = VECTOR ( 'NONE', #3853, 39.37007874015748900 ) ;
#892 = EDGE_CURVE ( 'NONE', #1288, #3882, #1089, .T. ) ;
#893 = ORIENTED_EDGE ( 'NONE', *, *, #1054, .F. ) ;
#894 = B_SPLINE_CURVE_WITH_KNOTS ( 'NONE', 3,
 ( #3528, #1982, #2565, #757 ),
 .UNSPECIFIED., .F., .F.,
 ( 4, 4 ),
 ( 2.309504363883978300E-007, 0.006159627691883679700 ),
 .UNSPECIFIED. ) ;
#895 = CYLINDRICAL_SURFACE ( 'NONE', #1505, 0.6500000000000001300 ) ;
#896 = CARTESIAN_POINT ( 'NONE',  ( -1.077531754730545400, -0.6336602540378495400, -0.7850000000000001400 ) ) ;
#897 = CYLINDRICAL_SURFACE ( 'NONE', #1252, 0.5749999999999999600 ) ;
#898 = AXIS2_PLACEMENT_3D ( 'NONE', #1092, #1659, #770 ) ;
#899 = ORIENTED_EDGE ( 'NONE', *, *, #1204, .T. ) ;
#900 = FACE_OUTER_BOUND ( 'NONE', #795, .T. ) ;
#901 = EDGE_CURVE ( 'NONE', #3650, #1818, #1192, .T. ) ;
#902 = DIRECTION ( 'NONE',  ( 6.123233995736766000E-017, 0.0000000000000000000, 1.000000000000000000 ) ) ;
#903 = ORIENTED_EDGE ( 'NONE', *, *, #571, .F. ) ;
#904 = CARTESIAN_POINT ( 'NONE',  ( 0.1335602140058133900, 0.2113330765278388100, -0.7850000000000001400 ) ) ;
#905 = B_SPLINE_CURVE_WITH_KNOTS ( 'NONE', 3,
 ( #599, #2755, #316, #909 ),
 .UNSPECIFIED., .F., .F.,
 ( 4, 4 ),
 ( 2.019659775572203500E-007, 0.02744312681923047700 ),
 .UNSPECIFIED. ) ;
#906 = ADVANCED_FACE ( 'NONE', ( #796 ), #2303, .T. ) ;
#907 = VERTEX_POINT ( 'NONE', #3823 ) ;
#908 = DIRECTION ( 'NONE',  ( -1.000000000000000000, 0.0000000000000000000, 1.050710766793947200E-016 ) ) ;
#909 = CARTESIAN_POINT ( 'NONE',  ( -0.2411065240055040900, -0.4376087496138536000, -0.6449122492182520800 ) ) ;
#910 = CARTESIAN_POINT ( 'NONE',  ( 0.5750000000000000700, 0.0000000000000000000, 0.5650000000000001700 ) ) ;
#911 = B_SPLINE_CURVE_WITH_KNOTS ( 'NONE', 3,
 ( #1157, #1774, #1167, #861 ),
 .UNSPECIFIED., .F., .F.,
 ( 4, 4 ),
 ( 2.019659775572203500E-007, 0.02744312681923046300 ),
 .UNSPECIFIED. ) ;
#912 = CARTESIAN_POINT ( 'NONE',  ( 0.01000000000000000000, 0.4944857750133735400, -0.6808219628767542300 ) ) ;
#913 = DIRECTION ( 'NONE',  ( 0.7071067811865486800, 0.0000000000000000000, 0.7071067811865462400 ) ) ;
#914 =( GEOMETRIC_REPRESENTATION_CONTEXT ( 3 ) GLOBAL_UNCERTAINTY_ASSIGNED_CONTEXT ( ( #2990 ) ) GLOBAL_UNIT_ASSIGNED_CONTEXT ( ( #1783, #3286, #2384 ) ) REPRESENTATION_CONTEXT ( 'NONE', 'WORKASPACE' ) );
#915 = EDGE_CURVE ( 'NONE', #1642, #2849, #54, .T. ) ;
#917 = EDGE_LOOP ( 'NONE', ( #2727, #450, #2823, #1220 ) ) ;
#916 = DIRECTION ( 'NONE',  ( -0.8660254037844397100, 0.4999999999999979500, 1.300879996982982700E-016 ) ) ;
#918 = EDGE_CURVE ( 'NONE', #1838, #2149, #2206, .T. ) ;
#919 = CARTESIAN_POINT ( 'NONE',  ( -0.4105548423825793900, -0.2485809541504817600, -0.7850000000000002500 ) ) ;
#920 = VERTEX_POINT ( 'NONE', #1926 ) ;
#921 = CC_DESIGN_PERSON_AND_ORGANIZATION_ASSIGNMENT ( #2825, #2399, ( #2802 ) ) ;
#922 = ADVANCED_FACE ( 'NONE', ( #2120 ), #1953, .F. ) ;
#923 = AXIS2_PLACEMENT_3D ( 'NONE', #2582, #2924, #3532 ) ;
#924 = EDGE_CURVE ( 'NONE', #1254, #1346, #1325, .T. ) ;
#925 = DIRECTION ( 'NONE',  ( -1.000000000000000000, 0.0000000000000000000, 0.0000000000000000000 ) ) ;
#926 = EDGE_LOOP ( 'NONE', ( #2441, #1353, #3470, #284, #3456, #3562, #2533, #2812, #1833 ) ) ;
#927 = ORIENTED_EDGE ( 'NONE', *, *, #656, .F. ) ;
#928 = DIRECTION ( 'NONE',  ( -1.000000000000000000, 0.0000000000000000000, 0.0000000000000000000 ) ) ;
#929 = APPROVAL_DATE_TIME ( #1583, #596 ) ;
#930 = ORIENTED_EDGE ( 'NONE', *, *, #2562, .T. ) ;
#931 = VERTEX_POINT ( 'NONE', #2536 ) ;
#932 = CARTESIAN_POINT ( 'NONE',  ( -0.1162397059301214800, 0.2213330765278403700, 0.7849999999999998100 ) ) ;
#933 = LINE ( 'NONE', #1664, #3267 ) ;
#934 = CARTESIAN_POINT ( 'NONE',  ( 0.4996213068684410300, 0.0000000000000000000, -0.6450000000000006800 ) ) ;
#935 = ORIENTED_EDGE ( 'NONE', *, *, #2959, .T. ) ;
#936 = EDGE_LOOP ( 'NONE', ( #1282, #630, #3749, #1365 ) ) ;
#937 = AXIS2_PLACEMENT_3D ( 'NONE', #1904, #1022, #3144 ) ;
#938 = FACE_OUTER_BOUND ( 'NONE', #1966, .T. ) ;
#939 = VERTEX_POINT ( 'NONE', #142 ) ;
#940 = CIRCLE ( 'NONE', #647, 0.6500000000000001300 ) ;
#941 = CARTESIAN_POINT ( 'NONE',  ( 0.4640375896691651400, 0.2794592326933974000, 0.7625979573111030300 ) ) ;
#942 = CARTESIAN_POINT ( 'NONE',  ( 0.5287564434701828000, 0.0000000000000000000, 0.7849999999999999200 ) ) ;
#943 = LINE ( 'NONE', #3543, #2599 ) ;
#944 = CARTESIAN_POINT ( 'NONE',  ( 0.3163012821476007800, 0.5678498911788080200, -0.7850000000000001400 ) ) ;
#945 = VERTEX_POINT ( 'NONE', #725 ) ;
#946 = ORIENTED_EDGE ( 'NONE', *, *, #3501, .F. ) ;
#947 = LINE ( 'NONE', #161, #845 ) ;
#948 = ADVANCED_FACE ( 'NONE', ( #2845 ), #1317, .T. ) ;
#949 = EDGE_CURVE ( 'NONE', #1708, #2278, #3520, .T. ) ;
#950 = FACE_OUTER_BOUND ( 'NONE', #3337, .T. ) ;
#951 = CIRCLE ( 'NONE', #1995, 0.2500000000000001100 ) ;
#952 = AXIS2_PLACEMENT_3D ( 'NONE', #3926, #3913, #563 ) ;
#953 = DIRECTION ( 'NONE',  ( -1.000000000000000000, 0.0000000000000000000, 1.050710766793947200E-016 ) ) ;
#954 = EDGE_CURVE ( 'NONE', #1112, #3022, #2601, .T. ) ;
#955 = CARTESIAN_POINT ( 'NONE',  ( 0.4262499999999941300, 0.2576425576258737900, 0.5650000000000001700 ) ) ;
#956 = CIRCLE ( 'NONE', #3299, 0.5749999999999999600 ) ;
#957 = CARTESIAN_POINT ( 'NONE',  ( 0.5265796790775226800, 0.3155679248489952100, 0.6375330225309449000 ) ) ;
#958 = DIRECTION ( 'NONE',  ( -1.000000000000000000, 0.0000000000000000000, 0.0000000000000000000 ) ) ;
#959 = DIRECTION ( 'NONE',  ( -6.123233995736766000E-017, -0.0000000000000000000, -1.000000000000000000 ) ) ;
#960 = DIRECTION ( 'NONE',  ( -6.123233995736766000E-017, -0.0000000000000000000, -1.000000000000000000 ) ) ;
#961 = CARTESIAN_POINT ( 'NONE',  ( -0.2113330765278388100, -0.1335602140058133900, -0.7850000000000001400 ) ) ;
#962 = B_SPLINE_CURVE_WITH_KNOTS ( 'NONE', 3,
 ( #1005, #987, #2504, #1286, #1604, #46, #1852 ),
 .UNSPECIFIED., .F., .F.,
 ( 4, 3, 4 ),
 ( 0.01696754947364610300, 0.01978632818559386600, 0.02312694617640240900 ),
 .UNSPECIFIED. ) ;
#963 = VERTEX_POINT ( 'NONE', #1944 ) ;
#964 = CARTESIAN_POINT ( 'NONE',  ( 9.613477373306722300E-017, 0.0000000000000000000, 0.7849999999999998100 ) ) ;
#965 = CARTESIAN_POINT ( 'NONE',  ( -0.3336217902232777000, 0.5578498911788147800, -0.7850000000000001400 ) ) ;
#966 = EDGE_CURVE ( 'NONE', #2452, #3413, #3764, .T. ) ;
#967 = ORIENTED_EDGE ( 'NONE', *, *, #3109, .T. ) ;
#968 = DIRECTION ( 'NONE',  ( 0.8660254037844397100, -0.4999999999999979500, -5.302876193624540100E-017 ) ) ;
#969 = EDGE_CURVE ( 'NONE', #1831, #3117, #3338, .T. ) ;
#970 = ORIENTED_EDGE ( 'NONE', *, *, #2189, .T. ) ;
#971 = CARTESIAN_POINT ( 'NONE',  ( 0.4996213068684408100, -0.01000000000000000000, -0.6450000000000001300 ) ) ;
#972 = CARTESIAN_POINT ( 'NONE',  ( 0.1350897459621509800, -0.2539823035880233200, 0.4250000000000001000 ) ) ;
#973 = ORIENTED_EDGE ( 'NONE', *, *, #342, .F. ) ;
#974 = AXIS2_PLACEMENT_3D ( 'NONE', #1465, #3000, #2383 ) ;
#975 = ORIENTED_EDGE ( 'NONE', *, *, #2253, .T. ) ;
#976 = CARTESIAN_POINT ( 'NONE',  ( 0.5286618735176924500, -0.01000000000000000000, 0.7849999999999997000 ) ) ;
#977 = CIRCLE ( 'NONE', #2747, 0.6500000000000001300 ) ;
#978 = CC_DESIGN_SECURITY_CLASSIFICATION ( #3433, ( #2802 ) ) ;
#979 = DIRECTION ( 'NONE',  ( -6.123233995736766000E-017, -0.0000000000000000000, -1.000000000000000000 ) ) ;
#980 = ORIENTED_EDGE ( 'NONE', *, *, #2150, .F. ) ;
#981 = ORIENTED_EDGE ( 'NONE', *, *, #851, .T. ) ;
#982 = ORIENTED_EDGE ( 'NONE', *, *, #3332, .T. ) ;
#983 = DIRECTION ( 'NONE',  ( -1.000000000000000000, 0.0000000000000000000, 1.050710766793947200E-016 ) ) ;
#984 = VECTOR ( 'NONE', #2914, 39.37007874015748100 ) ;
#985 = CIRCLE ( 'NONE', #1947, 0.6500000000000001300 ) ;
#986 = DIRECTION ( 'NONE',  ( 0.0000000000000000000, -1.000000000000000000, 0.0000000000000000000 ) ) ;
#987 = CARTESIAN_POINT ( 'NONE',  ( 0.5471602782624270800, 0.01000000000000000000, 0.7529655536216428600 ) ) ;
#988 = VERTEX_POINT ( 'NONE', #3230 ) ;
#989 =( BOUNDED_CURVE ( )  B_SPLINE_CURVE ( 3, ( #734, #2570, #1007, #378 ),
 .UNSPECIFIED., .F., .F. ) 
 B_SPLINE_CURVE_WITH_KNOTS ( ( 4, 4 ),
 ( 3.124217121762409300, 3.158968185417177400 ),
 .UNSPECIFIED. ) 
 CURVE ( )  GEOMETRIC_REPRESENTATION_ITEM ( )  RATIONAL_B_SPLINE_CURVE ( ( 1.000000000000000000, 0.9998993661631328000, 0.9998993661631328000, 1.000000000000000000 ) ) 
 REPRESENTATION_ITEM ( '' )  );
#990 = LINE ( 'NONE', #312, #151 ) ;
#991 = CARTESIAN_POINT ( 'NONE',  ( 0.1335602140058148600, 0.2113330765278378900, -0.3951786130674962400 ) ) ;
#992 = VECTOR ( 'NONE', #2396, 39.37007874015748100 ) ;
#993 = ORIENTED_EDGE ( 'NONE', *, *, #2710, .T. ) ;
#994 = VECTOR ( 'NONE', #916, 39.37007874015748900 ) ;
#995 = DIRECTION ( 'NONE',  ( -6.123233995736766000E-017, -0.0000000000000000000, -1.000000000000000000 ) ) ;
#996 = CARTESIAN_POINT ( 'NONE',  ( -0.2113330765278397000, 0.1335602140058118900, 0.4707999199359361700 ) ) ;
#997 = EDGE_CURVE ( 'NONE', #149, #1881, #3666, .T. ) ;
#998 = LINE ( 'NONE', #413, #1845 ) ;
#999 = EDGE_CURVE ( 'NONE', #3940, #3359, #495, .T. ) ;
#1000 = CARTESIAN_POINT ( 'NONE',  ( 0.5750000000000000700, 0.0000000000000000000, 0.4250000000000001000 ) ) ;
#1001 = CARTESIAN_POINT ( 'NONE',  ( 0.01000000000000008300, -0.6499230723708769900, 0.5750000000000001800 ) ) ;
#1002 = DIRECTION ( 'NONE',  ( -1.000000000000000000, 0.0000000000000000000, 0.0000000000000000000 ) ) ;
#1003 = ORIENTED_EDGE ( 'NONE', *, *, #415, .T. ) ;
#1004 = AXIS2_PLACEMENT_3D ( 'NONE', #2650, #492, #3240 ) ;
#1005 = CARTESIAN_POINT ( 'NONE',  ( 0.5286618735176923400, 0.01000000000000000000, 0.7849999999999998100 ) ) ;
#1006 = EDGE_CURVE ( 'NONE', #3206, #3610, #1409, .T. ) ;
#1007 = CARTESIAN_POINT ( 'NONE',  ( -0.2469382381563892700, 0.4343769124448527700, -0.6450292532044452600 ) ) ;
#1008 = CARTESIAN_POINT ( 'NONE',  ( -0.2182316963047596900, 0.1221450720936397300, 0.4710667289577122900 ) ) ;
#1009 = DIRECTION ( 'NONE',  ( -1.000000000000000000, 0.0000000000000000000, 0.0000000000000000000 ) ) ;
#1010 = DIRECTION ( 'NONE',  ( -6.123233995736766000E-017, 0.0000000000000000000, -1.000000000000000000 ) ) ;
#1011 = DIRECTION ( 'NONE',  ( -6.123233995736766000E-017, -0.0000000000000000000, -1.000000000000000000 ) ) ;
#1012 = PLANE ( 'NONE',  #2311 ) ;
#1013 = ORIENTED_EDGE ( 'NONE', *, *, #3754, .F. ) ;
#1014 = ORIENTED_EDGE ( 'NONE', *, *, #3038, .F. ) ;
#1015 = CARTESIAN_POINT ( 'NONE',  ( -0.2213330765278389000, -0.1162397059301246700, 0.4707999199359361700 ) ) ;
#1016 = EDGE_CURVE ( 'NONE', #1018, #988, #1043, .T. ) ;
#1017 = DIRECTION ( 'NONE',  ( -1.000000000000000000, 0.0000000000000000000, 1.187759997245331800E-016 ) ) ;
#1018 = VERTEX_POINT ( 'NONE', #1693 ) ;
#1019 = ORIENTED_EDGE ( 'NONE', *, *, #3787, .F. ) ;
#1020 = AXIS2_PLACEMENT_3D ( 'NONE', #531, #180, #3603 ) ;
#1021 = ORIENTED_EDGE ( 'NONE', *, *, #291, .T. ) ;
#1022 = DIRECTION ( 'NONE',  ( -6.123233995736766000E-017, -0.0000000000000000000, -1.000000000000000000 ) ) ;
#1023 = AXIS2_PLACEMENT_3D ( 'NONE', #591, #1493, #1190 ) ;
#1024 = EDGE_CURVE ( 'NONE', #1885, #3363, #3231, .T. ) ;
#1025 = DIRECTION ( 'NONE',  ( -1.000000000000000000, 0.0000000000000000000, 1.050710766793947200E-016 ) ) ;
#1026 = ORIENTED_EDGE ( 'NONE', *, *, #2128, .F. ) ;
#1027 = ORIENTED_EDGE ( 'NONE', *, *, #3035, .F. ) ;
#1028 = CONICAL_SURFACE ( 'NONE', #3536, 0.5287564434701826900, 0.5235987755982853800 ) ;
#1029 = ORIENTED_EDGE ( 'NONE', *, *, #2583, .T. ) ;
#1030 = VERTEX_POINT ( 'NONE', #500 ) ;
#1031 = CARTESIAN_POINT ( 'NONE',  ( -0.5846977727170938900, 0.01000000000000000000, 0.6879586712800982400 ) ) ;
#1032 = LINE ( 'NONE', #2510, #433 ) ;
#1033 = CARTESIAN_POINT ( 'NONE',  ( -0.4996213068684408100, -0.01000000000000000000, -0.6450000000000001300 ) ) ;
#1034 = ORIENTED_EDGE ( 'NONE', *, *, #3831, .F. ) ;
#1035 = ORIENTED_EDGE ( 'NONE', *, *, #1156, .F. ) ;
#1036 = CYLINDRICAL_SURFACE ( 'NONE', #1952, 0.6500000000000001300 ) ;
#1037 = CARTESIAN_POINT ( 'NONE',  ( -0.2497999199359365600, -0.01000000000000000000, -0.3951786130674967400 ) ) ;
#1038 = LINE ( 'NONE', #2787, #2745 ) ;
#1039 = PLANE ( 'NONE',  #3461 ) ;
#1040 = CARTESIAN_POINT ( 'NONE',  ( 0.6499230723708769900, 0.01000000000000000000, -0.7850000000000001400 ) ) ;
#1041 = ORIENTED_EDGE ( 'NONE', *, *, #2358, .F. ) ;
#1042 = PLANE ( 'NONE',  #361 ) ;
#1043 = CIRCLE ( 'NONE', #1782, 0.4799455900101061200 ) ;
#1044 = ORIENTED_EDGE ( 'NONE', *, *, #3208, .T. ) ;
#1045 = DIRECTION ( 'NONE',  ( -1.000000000000000000, 0.0000000000000000000, 1.050710766793947200E-016 ) ) ;
#1046 = VECTOR ( 'NONE', #3193, 39.37007874015748900 ) ;
#1047 = B_SPLINE_CURVE_WITH_KNOTS ( 'NONE', 3,
 ( #3091, #338, #1250, #1265 ),
 .UNSPECIFIED., .F., .F.,
 ( 4, 4 ),
 ( 2.309504363955919000E-007, 0.006159627691883678800 ),
 .UNSPECIFIED. ) ;
#1048 = LINE ( 'NONE', #3297, #2364 ) ;
#1049 = CARTESIAN_POINT ( 'NONE',  ( 0.2932018963615406500, 0.4878405813737275400, 0.7150005840914295300 ) ) ;
#1050 = DIRECTION ( 'NONE',  ( -6.123233995736766000E-017, -0.0000000000000000000, -1.000000000000000000 ) ) ;
#1051 = CARTESIAN_POINT ( 'NONE',  ( -0.2182316963047589200, -0.1221450720936412400, 0.4710667289577122900 ) ) ;
#1052 = CIRCLE ( 'NONE', #3859, 0.4799455900101061200 ) ;
#1053 = AXIS2_PLACEMENT_3D ( 'NONE', #1428, #221, #2976 ) ;
#1054 = EDGE_CURVE ( 'NONE', #719, #3567, #947, .T. ) ;
#1055 = CARTESIAN_POINT ( 'NONE',  ( 0.5578498911788079000, 0.3336217902232894200, 0.5649999999999999500 ) ) ;
#1056 = B_SPLINE_CURVE_WITH_KNOTS ( 'NONE', 3,
 ( #3910, #1451, #2993, #510 ),
 .UNSPECIFIED., .F., .F.,
 ( 4, 4 ),
 ( 2.309504363916192600E-007, 0.006159627691883678800 ),
 .UNSPECIFIED. ) ;
#1057 = CARTESIAN_POINT ( 'NONE',  ( 0.0000000000000000000, 0.0000000000000000000, -0.7850000000000001400 ) ) ;
#1058 = EDGE_CURVE ( 'NONE', #2283, #1978, #2403, .T. ) ;
#1059 = VERTEX_POINT ( 'NONE', #3834 ) ;
#1060 = CARTESIAN_POINT ( 'NONE',  ( 0.2527123219164975100, 0.4310432436316307100, -0.6450292532044449300 ) ) ;
#1061 = CARTESIAN_POINT ( 'NONE',  ( 0.0000000000000000000, 0.0000000000000000000, -0.7850000000000001400 ) ) ;
#1062 = DIRECTION ( 'NONE',  ( 1.000000000000000000, 0.0000000000000000000, -6.123233995736766000E-017 ) ) ;
#1063 = DIRECTION ( 'NONE',  ( 6.123233995736766000E-017, 0.0000000000000000000, 1.000000000000000000 ) ) ;
#1064 = ORIENTED_EDGE ( 'NONE', *, *, #2202, .F. ) ;
#1065 = ORIENTED_EDGE ( 'NONE', *, *, #1973, .F. ) ;
#1066 = CARTESIAN_POINT ( 'NONE',  ( -0.009999999999999916900, -0.5749130369021039400, 0.5649999999999999500 ) ) ;
#1067 = DIRECTION ( 'NONE',  ( 0.4999999999999979500, -0.8660254037844397100, -5.463695987328523500E-016 ) ) ;
#1068 = EDGE_CURVE ( 'NONE', #2121, #3135, #1402, .T. ) ;
#1069 = CARTESIAN_POINT ( 'NONE',  ( 0.0000000000000000000, 0.0000000000000000000, -0.7850000000000001400 ) ) ;
#1070 = ORIENTED_EDGE ( 'NONE', *, *, #1661, .F. ) ;
#1071 = ORIENTED_EDGE ( 'NONE', *, *, #1294, .T. ) ;
#1072 = VECTOR ( 'NONE', #1290, 39.37007874015748100 ) ;
#1073 = ORIENTED_EDGE ( 'NONE', *, *, #3986, .T. ) ;
#1074 = CARTESIAN_POINT ( 'NONE',  ( 0.5750000000000000700, 0.0000000000000000000, 0.5650000000000001700 ) ) ;
#1075 = B_SPLINE_CURVE_WITH_KNOTS ( 'NONE', 3,
 ( #187, #816, #203, #511 ),
 .UNSPECIFIED., .F., .F.,
 ( 4, 4 ),
 ( 2.309504363955918400E-007, 0.006159627691883677100 ),
 .UNSPECIFIED. ) ;
#1076 = AXIS2_PLACEMENT_3D ( 'NONE', #1423, #3884, #2042 ) ;
#1077 = ORIENTED_EDGE ( 'NONE', *, *, #408, .F. ) ;
#1078 = CARTESIAN_POINT ( 'NONE',  ( 9.373498641636613500E-034, 0.0000000000000000000, -0.7850000000000001400 ) ) ;
#1079 = CARTESIAN_POINT ( 'NONE',  ( 0.2787962644132064800, -0.5028892949240830700, 0.5649999999999999500 ) ) ;
#1080 = LINE ( 'NONE', #828, #144 ) ;
#1081 = ORIENTED_EDGE ( 'NONE', *, *, #1068, .T. ) ;
#1082 = VECTOR ( 'NONE', #3269, 39.37007874015748100 ) ;
#1083 = CARTESIAN_POINT ( 'NONE',  ( 0.4640375896691709700, -0.2794592326933876300, 0.7625979573111030300 ) ) ;
#1084 = VECTOR ( 'NONE', #2676, 39.37007874015748900 ) ;
#1085 = CARTESIAN_POINT ( 'NONE',  ( 7.409113134841489000E-017, 0.0000000000000000000, 0.4250000000000001000 ) ) ;
#1086 = ORIENTED_EDGE ( 'NONE', *, *, #1330, .F. ) ;
#1087 = CIRCLE ( 'NONE', #2102, 0.6500000000000001300 ) ;
#1088 = ORIENTED_EDGE ( 'NONE', *, *, #3473, .F. ) ;
#1089 = CIRCLE ( 'NONE', #898, 0.4799455900101061200 ) ;
#1090 = DIRECTION ( 'NONE',  ( -6.123233995736766000E-017, -0.0000000000000000000, -1.000000000000000000 ) ) ;
#1091 = AXIS2_PLACEMENT_3D ( 'NONE', #1472, #815, #2334 ) ;
#1092 = CARTESIAN_POINT ( 'NONE',  ( 1.016337998740283200E-032, 0.0000000000000000000, -0.7849999999999999200 ) ) ;
#1093 = ORIENTED_EDGE ( 'NONE', *, *, #434, .T. ) ;
#1094 = DIRECTION ( 'NONE',  ( 1.000000000000000000, 0.0000000000000000000, -6.123233995736766000E-017 ) ) ;
#1095 = ORIENTED_EDGE ( 'NONE', *, *, #1678, .F. ) ;
#1096 = EDGE_CURVE ( 'NONE', #1129, #93, #3909, .T. ) ;
#1097 = CARTESIAN_POINT ( 'NONE',  ( -0.1335602140058133600, -0.2113330765278387800, -0.3951786130674961300 ) ) ;
#1098 = ADVANCED_FACE ( 'NONE', ( #3082 ), #1990, .F. ) ;
#1099 = DIRECTION ( 'NONE',  ( -1.000000000000000000, 0.0000000000000000000, 0.0000000000000000000 ) ) ;
#1100 = AXIS2_PLACEMENT_3D ( 'NONE', #3121, #2160, #1568 ) ;
#1101 = EDGE_CURVE ( 'NONE', #1486, #2490, #1272, .T. ) ;
#1102 = CARTESIAN_POINT ( 'NONE',  ( 0.3163397459621623600, 0.5679165124598815100, 0.7849999999999999200 ) ) ;
#1103 = CARTESIAN_POINT ( 'NONE',  ( -0.5578498911788125600, 0.3336217902232815900, -0.7850000000000001400 ) ) ;
#1104 = DIRECTION ( 'NONE',  ( -1.000000000000000000, 0.0000000000000000000, 6.123233995736766000E-017 ) ) ;
#1105 = EDGE_LOOP ( 'NONE', ( #615, #404, #3166, #3706, #3699, #3019, #2427, #3111 ) ) ;
#1106 = AXIS2_PLACEMENT_3D ( 'NONE', #971, #3100, #1278 ) ;
#1107 = CARTESIAN_POINT ( 'NONE',  ( -0.4995335560866922500, 0.01000000000000000000, -0.6449122492182515200 ) ) ;
#1108 = ORIENTED_EDGE ( 'NONE', *, *, #614, .T. ) ;
#1109 = CARTESIAN_POINT ( 'NONE',  ( -0.008660254037844396900, -0.004999999999999980200, 0.0000000000000000000 ) ) ;
#1110 = DIRECTION ( 'NONE',  ( -6.123233995736766000E-017, -0.0000000000000000000, -1.000000000000000000 ) ) ;
#1111 = DIRECTION ( 'NONE',  ( -6.123233995736766000E-017, -0.0000000000000000000, -1.000000000000000000 ) ) ;
#1112 = VERTEX_POINT ( 'NONE', #849 ) ;
#1113 = CARTESIAN_POINT ( 'NONE',  ( 0.5750000000000000700, 0.0000000000000000000, 0.5650000000000001700 ) ) ;
#1114 = ADVANCED_FACE ( 'NONE', ( #3517 ), #1975, .T. ) ;
#1115 = ORIENTED_EDGE ( 'NONE', *, *, #3693, .F. ) ;
#1116 = ORIENTED_EDGE ( 'NONE', *, *, #3525, .T. ) ;
#1117 = ORIENTED_EDGE ( 'NONE', *, *, #334, .T. ) ;
#1118 = DIRECTION ( 'NONE',  ( -1.000000000000000000, 0.0000000000000000000, 0.0000000000000000000 ) ) ;
#1119 = LOCAL_TIME ( 10, 25, 15.00000000000000000, #2104 ) ;
#1120 = ORIENTED_EDGE ( 'NONE', *, *, #3869, .F. ) ;
#1121 = ORIENTED_EDGE ( 'NONE', *, *, #1758, .F. ) ;
#1122 = DIRECTION ( 'NONE',  ( -1.000000000000000000, 0.0000000000000000000, 1.050710766793947200E-016 ) ) ;
#1123 = EDGE_CURVE ( 'NONE', #835, #920, #1075, .T. ) ;
#1124 = PLANE ( 'NONE',  #2408 ) ;
#1125 = LINE ( 'NONE', #2835, #2690 ) ;
#1126 = EDGE_CURVE ( 'NONE', #3314, #3119, #1087, .T. ) ;
#1127 = CARTESIAN_POINT ( 'NONE',  ( 1.016337998740283200E-032, 0.0000000000000000000, -0.7849999999999999200 ) ) ;
#1128 = PLANE ( 'NONE',  #1076 ) ;
#1129 = VERTEX_POINT ( 'NONE', #2023 ) ;
#1130 = ORIENTED_EDGE ( 'NONE', *, *, #2367, .T. ) ;
#1131 = DIRECTION ( 'NONE',  ( -1.000000000000000000, 0.0000000000000000000, 0.0000000000000000000 ) ) ;
#1132 = FACE_OUTER_BOUND ( 'NONE', #3837, .T. ) ;
#1133 = CARTESIAN_POINT ( 'NONE',  ( -0.2497999199359359800, 0.01000000000000000000, -0.3951786130674961300 ) ) ;
#1134 = DIRECTION ( 'NONE',  ( -1.000000000000000000, 0.0000000000000000000, 0.0000000000000000000 ) ) ;
#1135 = ORIENTED_EDGE ( 'NONE', *, *, #21, .F. ) ;
#1136 = CIRCLE ( 'NONE', #3830, 0.5749999999999999600 ) ;
#1137 = EDGE_CURVE ( 'NONE', #3547, #3932, #2701, .T. ) ;
#1138 = VERTEX_POINT ( 'NONE', #220 ) ;
#1139 = FACE_OUTER_BOUND ( 'NONE', #1683, .T. ) ;
#1140 = VECTOR ( 'NONE', #3641, 39.37007874015748100 ) ;
#1141 = DIRECTION ( 'NONE',  ( 1.000000000000000000, 0.0000000000000000000, -1.050710766793947200E-016 ) ) ;
#1142 = ADVANCED_FACE ( 'NONE', ( #1363 ), #2789, .T. ) ;
#1143 = LINE ( 'NONE', #3807, #1979 ) ;
#1144 = CARTESIAN_POINT ( 'NONE',  ( 0.5678498911788146800, -0.3163012821475887900, 0.4250000000000000400 ) ) ;
#1145 = CARTESIAN_POINT ( 'NONE',  ( 0.3194686903128386400, 0.5333360030493179400, 0.2236158448808911500 ) ) ;
#1146 = AXIS2_PLACEMENT_3D ( 'NONE', #253, #2133, #1187 ) ;
#1147 = LINE ( 'NONE', #60, #2665 ) ;
#1148 = CARTESIAN_POINT ( 'NONE',  ( -0.5678498911788124600, 0.3163012821475928400, -0.7850000000000001400 ) ) ;
#1149 = CARTESIAN_POINT ( 'NONE',  ( 0.0000000000000000000, 0.0000000000000000000, -0.7850000000000001400 ) ) ;
#1150 = DIRECTION ( 'NONE',  ( -1.000000000000000000, 0.0000000000000000000, 0.0000000000000000000 ) ) ;
#1151 = ADVANCED_FACE ( 'NONE', ( #3660 ), #790, .T. ) ;
#1152 = CARTESIAN_POINT ( 'NONE',  ( -0.6454202385439276000, -0.01000000000000000000, 0.3929644908330957000 ) ) ;
#1153 = EDGE_CURVE ( 'NONE', #1251, #3651, #3553, .T. ) ;
#1154 = CARTESIAN_POINT ( 'NONE',  ( -0.2500000000000001100, 0.0000000000000000000, -0.7850000000000001400 ) ) ;
#1155 = CARTESIAN_POINT ( 'NONE',  ( 0.2912372384211011600, 0.5244376940013838500, 0.06836233743005454300 ) ) ;
#1156 = EDGE_CURVE ( 'NONE', #2618, #178, #2071, .T. ) ;
#1157 = CARTESIAN_POINT ( 'NONE',  ( -0.3163012821475887900, 0.5678498911788145700, 0.4250000000000001000 ) ) ;
#1158 = ADVANCED_FACE ( 'NONE', ( #3614 ), #895, .T. ) ;
#1160 = ORIENTED_EDGE ( 'NONE', *, *, #2877, .T. ) ;
#1159 = DIRECTION ( 'NONE',  ( -6.123233995736766000E-017, -0.0000000000000000000, -1.000000000000000000 ) ) ;
#1161 = DIRECTION ( 'NONE',  ( -6.123233995736766000E-017, -0.0000000000000000000, -1.000000000000000000 ) ) ;
#1162 = DIRECTION ( 'NONE',  ( -6.123233995736766000E-017, -0.0000000000000000000, -1.000000000000000000 ) ) ;
#1163 = DIRECTION ( 'NONE',  ( 0.0000000000000000000, 0.7071067811865381400, -0.7071067811865570100 ) ) ;
#1164 = ORIENTED_EDGE ( 'NONE', *, *, #362, .T. ) ;
#1165 = DIRECTION ( 'NONE',  ( -6.123233995736766000E-017, -0.0000000000000000000, -1.000000000000000000 ) ) ;
#1166 = VERTEX_POINT ( 'NONE', #1201 ) ;
#1167 = CARTESIAN_POINT ( 'NONE',  ( -0.2661725826620333600, 0.4810244367524789100, -0.2882751530984586400 ) ) ;
#1168 = VERTEX_POINT ( 'NONE', #2721 ) ;
#1169 = VECTOR ( 'NONE', #1940, 39.37007874015748900 ) ;
#1170 = EDGE_CURVE ( 'NONE', #920, #1494, #2249, .T. ) ;
#1171 = ORIENTED_EDGE ( 'NONE', *, *, #3921, .F. ) ;
#1172 = CC_DESIGN_APPROVAL ( #596, ( #3264 ) ) ;
#1173 = ORIENTED_EDGE ( 'NONE', *, *, #3937, .T. ) ;
#1174 = CARTESIAN_POINT ( 'NONE',  ( 8.266365894244635600E-017, 0.0000000000000000000, 0.5649999999999999500 ) ) ;
#1175 = VECTOR ( 'NONE', #2554, 39.37007874015748100 ) ;
#1176 = CARTESIAN_POINT ( 'NONE',  ( 0.5678498911788146800, -0.3163012821475887900, 0.5750000000000001800 ) ) ;
#1177 = VERTEX_POINT ( 'NONE', #1515 ) ;
#1178 = AXIS2_PLACEMENT_3D ( 'NONE', #1214, #315, #908 ) ;
#1179 = CIRCLE ( 'NONE', #73, 0.5749999999999999600 ) ;
#1180 = CARTESIAN_POINT ( 'NONE',  ( -0.5578498911788103400, -0.3336217902232855300, -0.7850000000000001400 ) ) ;
#1181 = ADVANCED_FACE ( 'NONE', ( #3956 ), #3951, .F. ) ;
#1182 = EDGE_CURVE ( 'NONE', #1682, #3398, #3757, .T. ) ;
#1183 = CARTESIAN_POINT ( 'NONE',  ( 0.01000000000000000000, -0.2497999199359359800, -0.7850000000000001400 ) ) ;
#1184 = EDGE_LOOP ( 'NONE', ( #2069, #1389, #982, #2267 ) ) ;
#1185 = CYLINDRICAL_SURFACE ( 'NONE', #3416, 0.6500000000000001300 ) ;
#1186 = CARTESIAN_POINT ( 'NONE',  ( 9.613477373306722300E-017, 0.0000000000000000000, 0.7849999999999998100 ) ) ;
#1187 = DIRECTION ( 'NONE',  ( 0.0000000000000000000, 0.0000000000000000000, 1.000000000000000000 ) ) ;
#1188 = AXIS2_PLACEMENT_3D ( 'NONE', #14, #302, #3372 ) ;
#1189 = CIRCLE ( 'NONE', #3017, 0.5749999999999999600 ) ;
#1190 = DIRECTION ( 'NONE',  ( 0.0000000000000000000, 0.0000000000000000000, 1.000000000000000000 ) ) ;
#1191 = ORIENTED_EDGE ( 'NONE', *, *, #2338, .F. ) ;
#1192 = LINE ( 'NONE', #1040, #1651 ) ;
#1193 = ADVANCED_FACE ( 'NONE', ( #2597 ), #275, .T. ) ;
#1194 = CARTESIAN_POINT ( 'NONE',  ( -0.6031649450059347600, -0.01000000000000000000, 0.09233853613829184900 ) ) ;
#1195 = VERTEX_POINT ( 'NONE', #255 ) ;
#1196 = CARTESIAN_POINT ( 'NONE',  ( -0.6469211843766066200, 0.01000000000000000000, 0.4036429937167306800 ) ) ;
#1197 = CARTESIAN_POINT ( 'NONE',  ( -0.01000000000000000000, 0.5415979573110951700, 0.7625979573111030300 ) ) ;
#1198 = ORIENTED_EDGE ( 'NONE', *, *, #3967, .T. ) ;
#1199 = CARTESIAN_POINT ( 'NONE',  ( 0.2500000000000001100, 3.061616997868383600E-017, -0.3953786931315603800 ) ) ;
#1200 = DIRECTION ( 'NONE',  ( 6.123233995736766000E-017, 0.0000000000000000000, 1.000000000000000000 ) ) ;
#1201 = CARTESIAN_POINT ( 'NONE',  ( 0.2213330765278383500, 0.1162397059301263800, -0.7850000000000002500 ) ) ;
#1202 = AXIS2_PLACEMENT_3D ( 'NONE', #2617, #1111, #3209 ) ;
#1203 = EDGE_CURVE ( 'NONE', #3524, #3885, #1877, .T. ) ;
#1204 = EDGE_CURVE ( 'NONE', #2521, #1254, #3804, .T. ) ;
#1205 = CARTESIAN_POINT ( 'NONE',  ( -0.6499230723708768800, 0.01000000000000000000, 0.4250000000000001600 ) ) ;
#1206 = EDGE_CURVE ( 'NONE', #2547, #3188, #542, .T. ) ;
#1207 = CARTESIAN_POINT ( 'NONE',  ( -0.5265796790775270100, 0.3155679248489877700, 0.6375330225309449000 ) ) ;
#1208 = ORIENTED_EDGE ( 'NONE', *, *, #594, .T. ) ;
#1209 = CARTESIAN_POINT ( 'NONE',  ( 7.409113134841489000E-017, 0.0000000000000000000, 0.4250000000000001000 ) ) ;
#1210 = B_SPLINE_CURVE_WITH_KNOTS ( 'NONE', 3,
 ( #2770, #3705, #3973, #919 ),
 .UNSPECIFIED., .F., .F.,
 ( 4, 4 ),
 ( 2.019659775547993200E-007, 0.03103633895897224200 ),
 .UNSPECIFIED. ) ;
#1211 = CARTESIAN_POINT ( 'NONE',  ( 0.4262500000000012400, -0.2576425576258698500, 0.4250000000000001000 ) ) ;
#1212 = ORIENTED_EDGE ( 'NONE', *, *, #176, .T. ) ;
#1213 = DATE_AND_TIME ( #3162, #619 ) ;
#1214 = CARTESIAN_POINT ( 'NONE',  ( 8.327598234202003100E-017, 0.0000000000000000000, 0.5750000000000001800 ) ) ;
#1215 = ORIENTED_EDGE ( 'NONE', *, *, #2675, .T. ) ;
#1216 = VERTEX_POINT ( 'NONE', #2407 ) ;
#1217 = CARTESIAN_POINT ( 'NONE',  ( -0.5028892949240830700, 0.2787962644132063700, 0.4250000000000001000 ) ) ;
#1218 = COORDINATED_UNIVERSAL_TIME_OFFSET ( 6, 0, .BEHIND. ) ;
#1219 = AXIS2_PLACEMENT_3D ( 'NONE', #1074, #1658, #1062 ) ;
#1220 = ORIENTED_EDGE ( 'NONE', *, *, #291, .F. ) ;
#1221 = ORIENTED_EDGE ( 'NONE', *, *, #282, .T. ) ;
#1222 = CARTESIAN_POINT ( 'NONE',  ( 0.2961167724888987300, 0.4928892949240811800, -0.7850000000000001400 ) ) ;
#1223 = VECTOR ( 'NONE', #3003, 39.37007874015748100 ) ;
#1224 = B_SPLINE_CURVE_WITH_KNOTS ( 'NONE', 3,
 ( #3583, #3911, #805, #1719, #226, #1427, #3634, #912, #604, #2720 ),
 .UNSPECIFIED., .F., .F.,
 ( 4, 3, 3, 4 ),
 ( 0.06044042275034081800, 0.06508641549865207300, 0.08746835261900143300, 0.09147655974305474200 ),
 .UNSPECIFIED. ) ;
#1225 = DIRECTION ( 'NONE',  ( -1.000000000000000000, 0.0000000000000000000, 0.0000000000000000000 ) ) ;
#1226 = ORIENTED_EDGE ( 'NONE', *, *, #3134, .F. ) ;
#1227 = ORIENTED_EDGE ( 'NONE', *, *, #1247, .F. ) ;
#1228 = LINE ( 'NONE', #233, #389 ) ;
#1229 = EDGE_CURVE ( 'NONE', #3398, #3674, #1496, .T. ) ;
#1230 = ORIENTED_EDGE ( 'NONE', *, *, #2532, .T. ) ;
#1231 = VECTOR ( 'NONE', #2184, 39.37007874015748900 ) ;
#1232 = CIRCLE ( 'NONE', #2251, 0.5749999999999999600 ) ;
#1233 = CARTESIAN_POINT ( 'NONE',  ( 0.5087535610328776100, -0.3052760107972987700, 0.02166633889899548600 ) ) ;
#1234 = AXIS2_PLACEMENT_3D ( 'NONE', #2596, #1959, #2515 ) ;
#1235 = PRODUCT ( '3321A18_ER-32 Collet', '3321A18_ER-32 Collet', '', ( #2453 ) ) ;
#1236 = CARTESIAN_POINT ( 'NONE',  ( 0.6499230723708772100, 0.01000000000000000000, 0.4250000000000000400 ) ) ;
#1237 = ORIENTED_EDGE ( 'NONE', *, *, #1291, .T. ) ;
#1238 = VECTOR ( 'NONE', #830, 39.37007874015748900 ) ;
#1239 = EDGE_CURVE ( 'NONE', #735, #480, #2201, .T. ) ;
#1240 = LINE ( 'NONE', #3149, #2553 ) ;
#1241 = VECTOR ( 'NONE', #217, 39.37007874015748100 ) ;
#1242 = CARTESIAN_POINT ( 'NONE',  ( 8.266365894244635600E-017, 0.0000000000000000000, 0.5649999999999999500 ) ) ;
#1243 = VERTEX_POINT ( 'NONE', #3294 ) ;
#1244 = CARTESIAN_POINT ( 'NONE',  ( 0.01000000000000000000, -0.4944857750133735400, -0.6808219628767542300 ) ) ;
#1245 = DIRECTION ( 'NONE',  ( -6.123233995736766000E-017, -0.0000000000000000000, -1.000000000000000000 ) ) ;
#1246 = DIRECTION ( 'NONE',  ( -6.123233995736766000E-017, -0.0000000000000000000, -1.000000000000000000 ) ) ;
#1247 = EDGE_CURVE ( 'NONE', #3235, #2571, #348, .T. ) ;
#1248 = EDGE_CURVE ( 'NONE', #2240, #1631, #1922, .T. ) ;
#1249 = DIRECTION ( 'NONE',  ( 0.8660254037844431500, -0.4999999999999919000, -5.302876193624562300E-017 ) ) ;
#1250 = CARTESIAN_POINT ( 'NONE',  ( -0.2960914937412216200, 0.5328455108487695200, 0.6450004751093608700 ) ) ;
#1251 = VERTEX_POINT ( 'NONE', #3715 ) ;
#1252 = AXIS2_PLACEMENT_3D ( 'NONE', #3463, #3727, #1629 ) ;
#1253 = EDGE_CURVE ( 'NONE', #2144, #1585, #1510, .T. ) ;
#1254 = VERTEX_POINT ( 'NONE', #2168 ) ;
#1255 = CARTESIAN_POINT ( 'NONE',  ( 0.5578498911788148900, -0.3336217902232777000, 0.4250000000000000400 ) ) ;
#1256 = CARTESIAN_POINT ( 'NONE',  ( 0.01000000000000000000, -0.5749130369021039400, -0.7850000000000001400 ) ) ;
#1257 = ADVANCED_FACE ( 'NONE', ( #251 ), #1185, .T. ) ;
#1258 = VERTEX_POINT ( 'NONE', #626 ) ;
#1259 = ORIENTED_EDGE ( 'NONE', *, *, #3676, .F. ) ;
#1260 = CARTESIAN_POINT ( 'NONE',  ( -1.077531754730549600, 0.6336602540378418700, -0.7850000000000001400 ) ) ;
#1261 = CIRCLE ( 'NONE', #3673, 0.2500000000000000000 ) ;
#1262 = CARTESIAN_POINT ( 'NONE',  ( 8.266365894244635600E-017, 0.0000000000000000000, 0.5649999999999999500 ) ) ;
#1263 = EDGE_LOOP ( 'NONE', ( #3724, #3646, #3743, #3469 ) ) ;
#1264 = VERTEX_POINT ( 'NONE', #2124 ) ;
#1265 = CARTESIAN_POINT ( 'NONE',  ( -0.3163012821475887400, 0.5678498911788146800, 0.5750000000000001800 ) ) ;
#1266 = FACE_OUTER_BOUND ( 'NONE', #2875, .T. ) ;
#1267 = ORIENTED_EDGE ( 'NONE', *, *, #280, .F. ) ;
#1268 = VECTOR ( 'NONE', #534, 39.37007874015748100 ) ;
#1269 = CARTESIAN_POINT ( 'NONE',  ( 0.5471602782624271900, -0.01000000000000000000, 0.7529655536216428600 ) ) ;
#1270 = PLANE ( 'NONE',  #1932 ) ;
#1271 = ORIENTED_EDGE ( 'NONE', *, *, #3370, .F. ) ;
#1272 = CIRCLE ( 'NONE', #3627, 0.5749999999999999600 ) ;
#1273 = EDGE_CURVE ( 'NONE', #265, #2148, #2025, .T. ) ;
#1274 = LINE ( 'NONE', #1386, #798 ) ;
#1275 = CARTESIAN_POINT ( 'NONE',  ( -0.009999999999999916900, 0.6499230723708769900, 0.5750000000000001800 ) ) ;
#1276 = ORIENTED_EDGE ( 'NONE', *, *, #648, .T. ) ;
#1277 = VECTOR ( 'NONE', #2750, 39.37007874015748100 ) ;
#1278 = DIRECTION ( 'NONE',  ( -0.7071067811865486800, 0.0000000000000000000, 0.7071067811865462400 ) ) ;
#1279 = EDGE_CURVE ( 'NONE', #2730, #3453, #990, .T. ) ;
#1280 = ORIENTED_EDGE ( 'NONE', *, *, #2722, .F. ) ;
#1281 = DIRECTION ( 'NONE',  ( -1.000000000000000000, 0.0000000000000000000, 6.123233995736766000E-017 ) ) ;
#1282 = ORIENTED_EDGE ( 'NONE', *, *, #2296, .T. ) ;
#1283 = CARTESIAN_POINT ( 'NONE',  ( 8.266365894244635600E-017, 0.0000000000000000000, 0.5649999999999999500 ) ) ;
#1284 = DIRECTION ( 'NONE',  ( -6.123233995736766000E-017, -0.0000000000000000000, -1.000000000000000000 ) ) ;
#1285 = DIRECTION ( 'NONE',  ( 6.123233995736766000E-017, 0.0000000000000000000, 1.000000000000000000 ) ) ;
#1286 = CARTESIAN_POINT ( 'NONE',  ( 0.5841563806739725800, 0.01000000000000000000, 0.6888962525637414300 ) ) ;
#1287 = CARTESIAN_POINT ( 'NONE',  ( 8.266365894244635600E-017, 0.0000000000000000000, 0.5649999999999999500 ) ) ;
#1288 = VERTEX_POINT ( 'NONE', #1523 ) ;
#1289 = CARTESIAN_POINT ( 'NONE',  ( 7.409113134841489000E-017, 0.0000000000000000000, 0.4250000000000001000 ) ) ;
#1290 = DIRECTION ( 'NONE',  ( -6.123233995736766000E-017, -0.0000000000000000000, -1.000000000000000000 ) ) ;
#1291 = EDGE_CURVE ( 'NONE', #1731, #2571, #1136, .T. ) ;
#1292 = ORIENTED_EDGE ( 'NONE', *, *, #408, .T. ) ;
#1293 = CARTESIAN_POINT ( 'NONE',  ( 0.2497999199359359800, -0.01000000000000000000, -0.3951786130674960800 ) ) ;
#1294 = EDGE_CURVE ( 'NONE', #26, #3458, #2839, .T. ) ;
#1295 = EDGE_LOOP ( 'NONE', ( #2291, #430, #2277, #165, #627, #2989, #2686, #1339, #3656 ) ) ;
#1296 = DIRECTION ( 'NONE',  ( -6.123233995736766000E-017, -0.0000000000000000000, -1.000000000000000000 ) ) ;
#1297 = ORIENTED_EDGE ( 'NONE', *, *, #34, .T. ) ;
#1298 = AXIS2_PLACEMENT_3D ( 'NONE', #1311, #353, #2171 ) ;
#1299 = ORIENTED_EDGE ( 'NONE', *, *, #2412, .T. ) ;
#1300 = DIRECTION ( 'NONE',  ( -6.123233995736766000E-017, -0.0000000000000000000, -1.000000000000000000 ) ) ;
#1301 = PERSON_AND_ORGANIZATION ( #723, #1534 ) ;
#1302 = CARTESIAN_POINT ( 'NONE',  ( -0.5578498911788102300, -0.3336217902232855300, 0.5750000000000001800 ) ) ;
#1303 = ORIENTED_EDGE ( 'NONE', *, *, #2726, .F. ) ;
#1304 = ORIENTED_EDGE ( 'NONE', *, *, #3012, .T. ) ;
#1305 = VECTOR ( 'NONE', #3096, 39.37007874015748100 ) ;
#1306 = DIRECTION ( 'NONE',  ( -6.123233995736766000E-017, -0.0000000000000000000, -1.000000000000000000 ) ) ;
#1307 = ORIENTED_EDGE ( 'NONE', *, *, #2904, .T. ) ;
#1308 = DIRECTION ( 'NONE',  ( 1.000000000000000000, 0.0000000000000000000, -5.463695987328524500E-016 ) ) ;
#1309 = EDGE_LOOP ( 'NONE', ( #99, #313, #3023, #473 ) ) ;
#1310 = FACE_OUTER_BOUND ( 'NONE', #1873, .T. ) ;
#1311 = CARTESIAN_POINT ( 'NONE',  ( 0.2500000000000001100, 0.0000000000000000000, -0.7849999999999999200 ) ) ;
#1312 = ORIENTED_EDGE ( 'NONE', *, *, #3302, .T. ) ;
#1313 = VECTOR ( 'NONE', #2495, 39.37007874015748100 ) ;
#1314 = DIRECTION ( 'NONE',  ( -6.123233995736766000E-017, -0.0000000000000000000, -1.000000000000000000 ) ) ;
#1315 = VECTOR ( 'NONE', #986, 39.37007874015748100 ) ;
#1316 = ORIENTED_EDGE ( 'NONE', *, *, #2167, .T. ) ;
#1317 = CYLINDRICAL_SURFACE ( 'NONE', #317, 0.6500000000000001300 ) ;
#1318 = CARTESIAN_POINT ( 'NONE',  ( 0.1350897459621544800, -0.2539823035880254300, 0.5650000000000001700 ) ) ;
#1319 = VECTOR ( 'NONE', #1634, 39.37007874015748100 ) ;
#1320 = EDGE_CURVE ( 'NONE', #3637, #907, #2497, .T. ) ;
#1321 = FACE_OUTER_BOUND ( 'NONE', #1, .T. ) ;
#1322 = EDGE_CURVE ( 'NONE', #1632, #1823, #1595, .T. ) ;
#1323 = DIRECTION ( 'NONE',  ( -6.123233995736766000E-017, -0.0000000000000000000, -1.000000000000000000 ) ) ;
#1324 = CARTESIAN_POINT ( 'NONE',  ( -0.2411503993963719200, 0.4376847440200525900, -0.6450000000000001300 ) ) ;
#1325 = B_SPLINE_CURVE_WITH_KNOTS ( 'NONE', 3,
 ( #412, #126, #441, #1334 ),
 .UNSPECIFIED., .F., .F.,
 ( 4, 4 ),
 ( 2.019659775547993200E-007, 0.03103633895897223500 ),
 .UNSPECIFIED. ) ;
#1326 = DIRECTION ( 'NONE',  ( -6.123233995736766000E-017, -0.0000000000000000000, -1.000000000000000000 ) ) ;
#1327 =( BOUNDED_CURVE ( )  B_SPLINE_CURVE ( 3, ( #370, #3485, #3156, #410 ),
 .UNSPECIFIED., .F., .T. ) 
 B_SPLINE_CURVE_WITH_KNOTS ( ( 4, 4 ),
 ( 3.124217121762408800, 3.158968185417176900 ),
 .UNSPECIFIED. ) 
 CURVE ( )  GEOMETRIC_REPRESENTATION_ITEM ( )  RATIONAL_B_SPLINE_CURVE ( ( 1.000000000000000000, 0.9998993661631328000, 0.9998993661631328000, 1.000000000000000000 ) ) 
 REPRESENTATION_ITEM ( '' )  );
#1328 = ORIENTED_EDGE ( 'NONE', *, *, #3012, .F. ) ;
#1329 = CARTESIAN_POINT ( 'NONE',  ( 0.01000000000000003000, -0.6499230723708769900, 0.5649999999999999500 ) ) ;
#1330 = EDGE_CURVE ( 'NONE', #1466, #657, #1696, .T. ) ;
#1331 = CARTESIAN_POINT ( 'NONE',  ( -0.1682050807568871400, -0.1086602540378451100, 0.4209999999999986000 ) ) ;
#1332 = DIRECTION ( 'NONE',  ( 0.0000000000000000000, 0.0000000000000000000, 1.000000000000000000 ) ) ;
#1333 = CARTESIAN_POINT ( 'NONE',  ( 0.5750000000000000700, 0.0000000000000000000, 0.5650000000000001700 ) ) ;
#1334 = CARTESIAN_POINT ( 'NONE',  ( -0.4105548423825815500, 0.2485809541504791200, -0.7850000000000002500 ) ) ;
#1335 = CARTESIAN_POINT ( 'NONE',  ( 7.409113134841489000E-017, 0.0000000000000000000, 0.4250000000000001000 ) ) ;
#1336 = AXIS2_PLACEMENT_3D ( 'NONE', #2765, #995, #958 ) ;
#1337 = B_SPLINE_CURVE_WITH_KNOTS ( 'NONE', 3,
 ( #110, #3138, #2830, #393, #3729, #1935, #75 ),
 .UNSPECIFIED., .F., .F.,
 ( 4, 3, 4 ),
 ( 0.01709284325914704700, 0.02084976365248277000, 0.02259517296004174100 ),
 .UNSPECIFIED. ) ;
#1338 = AXIS2_PLACEMENT_3D ( 'NONE', #3865, #1090, #167 ) ;
#1339 = ORIENTED_EDGE ( 'NONE', *, *, #3307, .F. ) ;
#1340 = CARTESIAN_POINT ( 'NONE',  ( -0.5678498911788124600, 0.3163012821475928400, 0.4250000000000001600 ) ) ;
#1341 = EDGE_CURVE ( 'NONE', #2972, #2085, #675, .T. ) ;
#1342 = DIRECTION ( 'NONE',  ( -1.000000000000000000, 0.0000000000000000000, 0.0000000000000000000 ) ) ;
#1343 = DIRECTION ( 'NONE',  ( -6.123233995736766000E-017, -0.0000000000000000000, -1.000000000000000000 ) ) ;
#1344 = VERTEX_POINT ( 'NONE', #3387 ) ;
#1345 = B_SPLINE_CURVE_WITH_KNOTS ( 'NONE', 3,
 ( #941, #1537, #957, #3062 ),
 .UNSPECIFIED., .F., .F.,
 ( 4, 4 ),
 ( 1.947472152523600800E-006, 0.005504277200746678100 ),
 .UNSPECIFIED. ) ;
#1346 = VERTEX_POINT ( 'NONE', #3683 ) ;
#1347 = EDGE_CURVE ( 'NONE', #1920, #939, #3851, .T. ) ;
#1348 = ORIENTED_EDGE ( 'NONE', *, *, #549, .T. ) ;
#1349 = ORIENTED_EDGE ( 'NONE', *, *, #21, .T. ) ;
#1350 = DIRECTION ( 'NONE',  ( -6.123233995736766000E-017, -0.0000000000000000000, -1.000000000000000000 ) ) ;
#1351 = LINE ( 'NONE', #3965, #1223 ) ;
#1352 = VERTEX_POINT ( 'NONE', #3675 ) ;
#1353 = ORIENTED_EDGE ( 'NONE', *, *, #2532, .F. ) ;
#1354 = CARTESIAN_POINT ( 'NONE',  ( 0.2500000000000001100, 3.061616997868384300E-017, -0.7850000000000001400 ) ) ;
#1355 = CARTESIAN_POINT ( 'NONE',  ( -0.6499230723708769900, -0.01000000000000000000, -0.7850000000000001400 ) ) ;
#1356 = CIRCLE ( 'NONE', #306, 0.4799455900101061200 ) ;
#1357 = ORIENTED_EDGE ( 'NONE', *, *, #1016, .F. ) ;
#1358 = VECTOR ( 'NONE', #1434, 39.37007874015747400 ) ;
#1359 = CARTESIAN_POINT ( 'NONE',  ( 0.5678498911788081300, 0.3163012821476007800, 0.4250000000000000400 ) ) ;
#1360 = CONICAL_SURFACE ( 'NONE', #3436, 0.5287564434701826900, 0.5235987755982853800 ) ;
#1361 = DIRECTION ( 'NONE',  ( -1.000000000000000000, 0.0000000000000000000, 0.0000000000000000000 ) ) ;
#1362 = ORIENTED_EDGE ( 'NONE', *, *, #1934, .F. ) ;
#1363 = FACE_OUTER_BOUND ( 'NONE', #2394, .T. ) ;
#1364 = CYLINDRICAL_SURFACE ( 'NONE', #3635, 0.6500000000000001300 ) ;
#1365 = ORIENTED_EDGE ( 'NONE', *, *, #513, .F. ) ;
#1366 = VECTOR ( 'NONE', #543, 39.37007874015748900 ) ;
#1367 = EDGE_CURVE ( 'NONE', #157, #192, #3331, .T. ) ;
#1368 = ORIENTED_EDGE ( 'NONE', *, *, #3700, .T. ) ;
#1369 = CARTESIAN_POINT ( 'NONE',  ( 0.4105548423825782200, 0.2485809541504848100, -0.7850000000000002500 ) ) ;
#1370 = AXIS2_PLACEMENT_3D ( 'NONE', #323, #3347, #3070 ) ;
#1371 = EDGE_CURVE ( 'NONE', #2815, #592, #2115, .T. ) ;
#1372 = CARTESIAN_POINT ( 'NONE',  ( -0.005000000000000101600, 0.008660254037844327500, 0.0000000000000000000 ) ) ;
#1373 = ORIENTED_EDGE ( 'NONE', *, *, #2304, .F. ) ;
#1374 = CARTESIAN_POINT ( 'NONE',  ( -0.4928892949240811800, -0.2961167724888987300, -0.7850000000000001400 ) ) ;
#1375 = AXIS2_PLACEMENT_3D ( 'NONE', #3840, #794, #2623 ) ;
#1376 = CARTESIAN_POINT ( 'NONE',  ( -0.009999999999999962000, -0.2497999199359360000, 0.4707999199359361700 ) ) ;
#1377 = DIRECTION ( 'NONE',  ( -6.123233995736766000E-017, -0.0000000000000000000, -1.000000000000000000 ) ) ;
#1378 = ORIENTED_EDGE ( 'NONE', *, *, #780, .T. ) ;
#1379 = CARTESIAN_POINT ( 'NONE',  ( 0.5087535610328712800, 0.3052760107973094300, 0.02166633889899548600 ) ) ;
#1380 = CARTESIAN_POINT ( 'NONE',  ( 0.2182316963047607200, -0.1221450720936381600, 0.4710667289577122900 ) ) ;
#1381 = ORIENTED_EDGE ( 'NONE', *, *, #1999, .T. ) ;
#1382 = ADVANCED_FACE ( 'NONE', ( #3125 ), #1270, .F. ) ;
#1384 = ORIENTED_EDGE ( 'NONE', *, *, #3046, .T. ) ;
#1383 = PLANE ( 'NONE',  #696 ) ;
#1385 = ORIENTED_EDGE ( 'NONE', *, *, #2057, .F. ) ;
#1386 = CARTESIAN_POINT ( 'NONE',  ( 0.1782050807568865400, 0.09133974596215761700, 0.4209999999999986000 ) ) ;
#1387 = EDGE_CURVE ( 'NONE', #1494, #241, #736, .T. ) ;
#1388 = DIRECTION ( 'NONE',  ( -6.123233995736766000E-017, -0.0000000000000000000, -1.000000000000000000 ) ) ;
#1389 = ORIENTED_EDGE ( 'NONE', *, *, #3202, .T. ) ;
#1390 = VERTEX_POINT ( 'NONE', #3778 ) ;
#1391 = CYLINDRICAL_SURFACE ( 'NONE', #3647, 0.2500000000000000600 ) ;
#1392 = DIRECTION ( 'NONE',  ( -1.000000000000000000, 0.0000000000000000000, 0.0000000000000000000 ) ) ;
#1393 = EDGE_LOOP ( 'NONE', ( #2780, #1299, #2700, #351 ) ) ;
#1394 = AXIS2_PLACEMENT_3D ( 'NONE', #3841, #1418, #2624 ) ;
#1395 = ORIENTED_EDGE ( 'NONE', *, *, #3780, .F. ) ;
#1396 = EDGE_CURVE ( 'NONE', #3952, #3352, #670, .T. ) ;
#1397 = LINE ( 'NONE', #801, #2931 ) ;
#1398 = EDGE_LOOP ( 'NONE', ( #3281, #442, #1135, #3170 ) ) ;
#1399 = VERTEX_POINT ( 'NONE', #700 ) ;
#1400 = LINE ( 'NONE', #2538, #3412 ) ;
#1401 = ORIENTED_EDGE ( 'NONE', *, *, #3630, .T. ) ;
#1402 = LINE ( 'NONE', #522, #392 ) ;
#1403 = DIRECTION ( 'NONE',  ( 0.0000000000000000000, 0.0000000000000000000, 1.000000000000000000 ) ) ;
#1404 = ADVANCED_FACE ( 'NONE', ( #2541 ), #1918, .F. ) ;
#1405 = CARTESIAN_POINT ( 'NONE',  ( -0.01000000000000000000, -0.6244634137562685700, 0.2438674296112365900 ) ) ;
#1406 = CARTESIAN_POINT ( 'NONE',  ( -0.01000000000000000000, 0.6499230723708769900, -0.7850000000000001400 ) ) ;
#1407 = FACE_OUTER_BOUND ( 'NONE', #1985, .T. ) ;
#1408 = ORIENTED_EDGE ( 'NONE', *, *, #2799, .T. ) ;
#1409 = LINE ( 'NONE', #2005, #1238 ) ;
#1410 = DIRECTION ( 'NONE',  ( -6.123233995736766000E-017, -0.0000000000000000000, -1.000000000000000000 ) ) ;
#1411 = AXIS2_PLACEMENT_3D ( 'NONE', #2561, #471, #2317 ) ;
#1412 = ORIENTED_EDGE ( 'NONE', *, *, #892, .F. ) ;
#1413 = DIRECTION ( 'NONE',  ( -1.000000000000000000, 0.0000000000000000000, 0.0000000000000000000 ) ) ;
#1414 = CYLINDRICAL_SURFACE ( 'NONE', #160, 0.6500000000000001300 ) ;
#1415 = DIRECTION ( 'NONE',  ( 0.3535533905932772300, 0.6123724356957940300, 0.7071067811865462400 ) ) ;
#1416 = FACE_OUTER_BOUND ( 'NONE', #2344, .T. ) ;
#1417 = CARTESIAN_POINT ( 'NONE',  ( -0.01000000000000003000, 0.0000000000000000000, 0.5650000000000001700 ) ) ;
#1418 = DIRECTION ( 'NONE',  ( 0.5000000000000041100, -0.8660254037844362700, 0.0000000000000000000 ) ) ;
#1419 = ORIENTED_EDGE ( 'NONE', *, *, #954, .T. ) ;
#1420 = EDGE_CURVE ( 'NONE', #3885, #3413, #2560, .T. ) ;
#1421 = CARTESIAN_POINT ( 'NONE',  ( 0.01000000000000003800, -0.2497999199359360000, 0.4707999199359361700 ) ) ;
#1422 = DIRECTION ( 'NONE',  ( -6.123233995736766000E-017, -0.0000000000000000000, -1.000000000000000000 ) ) ;
#1423 = CARTESIAN_POINT ( 'NONE',  ( 0.1782050807568884600, -0.09133974596215389800, 0.4209999999999986000 ) ) ;
#1424 = AXIS2_PLACEMENT_3D ( 'NONE', #1127, #823, #2041 ) ;
#1425 = AXIS2_PLACEMENT_3D ( 'NONE', #2413, #2461, #597 ) ;
#1426 = CARTESIAN_POINT ( 'NONE',  ( 0.2787962644132134800, 0.5028892949240791900, -0.7850000000000001400 ) ) ;
#1427 = CARTESIAN_POINT ( 'NONE',  ( 0.01000000000000000000, 0.5426946107761696500, -0.3378663635626185700 ) ) ;
#1428 = CARTESIAN_POINT ( 'NONE',  ( 7.409113134841489000E-017, 0.0000000000000000000, 0.4250000000000001000 ) ) ;
#1429 = ADVANCED_FACE ( 'NONE', ( #3076 ), #2528, .F. ) ;
#1430 = CARTESIAN_POINT ( 'NONE',  ( -0.4995335560866922500, 0.01000000000000000000, -0.6449122492182515200 ) ) ;
#1431 = CARTESIAN_POINT ( 'NONE',  ( 0.003335112772205711200, 0.2500667289577124300, 0.4710667289577122900 ) ) ;
#1432 = CARTESIAN_POINT ( 'NONE',  ( 0.5749130369021040500, -0.01000000000000000000, 0.4250000000000002700 ) ) ;
#1433 = DIRECTION ( 'NONE',  ( -6.123233995736766000E-017, -0.0000000000000000000, -1.000000000000000000 ) ) ;
#1434 = DIRECTION ( 'NONE',  ( -0.5000000000000041100, -0.8660254037844363800, -5.463695987328524500E-016 ) ) ;
#1435 = EDGE_LOOP ( 'NONE', ( #429, #2114, #3818, #669, #3717, #1650 ) ) ;
#1436 = EDGE_LOOP ( 'NONE', ( #1077, #1021, #2985, #3944, #3329, #3364, #1899, #237 ) ) ;
#1437 = ORIENTED_EDGE ( 'NONE', *, *, #614, .F. ) ;
#1438 = APPROVAL_PERSON_ORGANIZATION ( #2731, #171, #600 ) ;
#1439 = CARTESIAN_POINT ( 'NONE',  ( 0.01000000000000000000, 1.249999999999999800, -0.7850000000000001400 ) ) ;
#1440 = ORIENTED_EDGE ( 'NONE', *, *, #2274, .F. ) ;
#1441 = VERTEX_POINT ( 'NONE', #2552 ) ;
#1442 = DIRECTION ( 'NONE',  ( 0.4999999999999919000, -0.8660254037844431500, -3.061616997868333100E-017 ) ) ;
#1443 = EDGE_CURVE ( 'NONE', #3356, #3796, #1925, .T. ) ;
#1444 = CARTESIAN_POINT ( 'NONE',  ( -0.1162397059301247300, -0.2213330765278389600, -0.3951786130674963000 ) ) ;
#1445 = ADVANCED_FACE ( 'NONE', ( #1506 ), #3773, .T. ) ;
#1446 = CIRCLE ( 'NONE', #3961, 0.6500000000000001300 ) ;
#1447 = EDGE_CURVE ( 'NONE', #3250, #3825, #2591, .T. ) ;
#1448 = CARTESIAN_POINT ( 'NONE',  ( -0.01000000000000000000, -0.5426946107761696500, -0.3378663635626186800 ) ) ;
#1449 = VERTEX_POINT ( 'NONE', #66 ) ;
#1450 = EDGE_LOOP ( 'NONE', ( #82, #879, #876, #2047 ) ) ;
#1451 = CARTESIAN_POINT ( 'NONE',  ( 0.2932018963615372100, -0.4878405813737293800, 0.7150005840914298600 ) ) ;
#1452 = FACE_OUTER_BOUND ( 'NONE', #3373, .T. ) ;
#1453 = DIRECTION ( 'NONE',  ( -6.123233995736766000E-017, -0.0000000000000000000, -1.000000000000000000 ) ) ;
#1454 = AXIS2_PLACEMENT_3D ( 'NONE', #460, #3249, #1141 ) ;
#1455 = ORIENTED_EDGE ( 'NONE', *, *, #3492, .F. ) ;
#1456 = CARTESIAN_POINT ( 'NONE',  ( -0.2932018963615337600, 0.4878405813737313200, 0.7150005840914298600 ) ) ;
#1457 = FACE_OUTER_BOUND ( 'NONE', #3124, .T. ) ;
#1458 = EDGE_CURVE ( 'NONE', #3344, #2815, #186, .T. ) ;
#1459 = CONICAL_SURFACE ( 'NONE', #1338, 0.5287564434701826900, 0.5235987755982853800 ) ;
#1460 = ADVANCED_FACE ( 'NONE', ( #146 ), #341, .T. ) ;
#1461 = VERTEX_POINT ( 'NONE', #2509 ) ;
#1462 = VECTOR ( 'NONE', #913, 39.37007874015748900 ) ;
#1463 = DIRECTION ( 'NONE',  ( 6.123233995736766000E-017, 0.0000000000000000000, 1.000000000000000000 ) ) ;
#1464 = CIRCLE ( 'NONE', #289, 0.6500000000000001300 ) ;
#1465 = CARTESIAN_POINT ( 'NONE',  ( 0.0000000000000000000, 0.0000000000000000000, -0.7850000000000001400 ) ) ;
#1466 = VERTEX_POINT ( 'NONE', #673 ) ;
#1467 = CARTESIAN_POINT ( 'NONE',  ( 0.01000000000000003800, 0.2497999199359360000, 0.4707999199359361700 ) ) ;
#1468 = LINE ( 'NONE', #2151, #2458 ) ;
#1469 = CARTESIAN_POINT ( 'NONE',  ( 0.2787962644132135300, 0.5028892949240791900, 0.5649999999999999500 ) ) ;
#1470 = AXIS2_PLACEMENT_3D ( 'NONE', #3782, #1010, #3158 ) ;
#1471 = CYLINDRICAL_SURFACE ( 'NONE', #123, 0.6500000000000001300 ) ;
#1472 = CARTESIAN_POINT ( 'NONE',  ( 8.327598234202003100E-017, 0.0000000000000000000, 0.5750000000000001800 ) ) ;
#1473 = DIRECTION ( 'NONE',  ( -1.000000000000000000, 0.0000000000000000000, 1.050710766793947200E-016 ) ) ;
#1474 = EDGE_LOOP ( 'NONE', ( #2297, #273, #1960, #2137 ) ) ;
#1475 = CARTESIAN_POINT ( 'NONE',  ( -0.6499230723708768800, -0.01000000000000000000, 0.4250000000000001600 ) ) ;
#1476 = EDGE_CURVE ( 'NONE', #1927, #250, #727, .T. ) ;
#1477 = CARTESIAN_POINT ( 'NONE',  ( -0.6484221289771116000, 0.01000000000000000000, 0.4143214967735572300 ) ) ;
#1478 =( LENGTH_UNIT ( ) NAMED_UNIT ( * ) SI_UNIT ( $, .METRE. ) );
#1479 = CARTESIAN_POINT ( 'NONE',  ( 0.008660254037844396900, 0.004999999999999980200, 0.0000000000000000000 ) ) ;
#1480 = ADVANCED_FACE ( 'NONE', ( #3611 ), #420, .F. ) ;
#1481 = AXIS2_PLACEMENT_3D ( 'NONE', #2204, #3410, #1281 ) ;
#1482 = CARTESIAN_POINT ( 'NONE',  ( 0.01000000000000000000, 0.5749130369021039400, -0.7850000000000001400 ) ) ;
#1483 = VERTEX_POINT ( 'NONE', #134 ) ;
#1484 = DIRECTION ( 'NONE',  ( 0.6123724356957871400, -0.3535533905932675700, -0.7071067811865569000 ) ) ;
#1486 = VERTEX_POINT ( 'NONE', #2563 ) ;
#1485 = CARTESIAN_POINT ( 'NONE',  ( -0.5186507119713129600, -0.01000000000000000000, -0.5089128607762308800 ) ) ;
#1487 = DIRECTION ( 'NONE',  ( -6.123233995736766000E-017, -0.0000000000000000000, -1.000000000000000000 ) ) ;
#1488 = ORIENTED_EDGE ( 'NONE', *, *, #3093, .T. ) ;
#1489 = AXIS2_PLACEMENT_3D ( 'NONE', #625, #3682, #1847 ) ;
#1490 = ORIENTED_EDGE ( 'NONE', *, *, #3703, .F. ) ;
#1491 = DIRECTION ( 'NONE',  ( -1.000000000000000000, 0.0000000000000000000, 1.050710766793947200E-016 ) ) ;
#1492 = EDGE_LOOP ( 'NONE', ( #980, #3504, #1820, #2550 ) ) ;
#1493 = DIRECTION ( 'NONE',  ( 1.000000000000000000, 0.0000000000000000000, -0.0000000000000000000 ) ) ;
#1494 = VERTEX_POINT ( 'NONE', #122 ) ;
#1495 = COORDINATED_UNIVERSAL_TIME_OFFSET ( 6, 0, .BEHIND. ) ;
#1496 =( BOUNDED_CURVE ( )  B_SPLINE_CURVE ( 3, ( #3934, #269, #2089, #3031 ),
 .UNSPECIFIED., .F., .F. ) 
 B_SPLINE_CURVE_WITH_KNOTS ( ( 4, 4 ),
 ( 6.243174632825597000, 6.283185307179586200 ),
 .UNSPECIFIED. ) 
 CURVE ( )  GEOMETRIC_REPRESENTATION_ITEM ( )  RATIONAL_B_SPLINE_CURVE ( ( 1.000000000000000000, 0.9998665999439426700, 0.9998665999439426700, 1.000000000000000000 ) ) 
 REPRESENTATION_ITEM ( '' )  );
#1497 = ADVANCED_FACE ( 'NONE', ( #1647 ), #299, .T. ) ;
#1498 = EDGE_CURVE ( 'NONE', #1920, #1787, #2784, .T. ) ;
#1499 = ORIENTED_EDGE ( 'NONE', *, *, #3542, .T. ) ;
#1500 = ORIENTED_EDGE ( 'NONE', *, *, #1396, .T. ) ;
#1501 = PLANE ( 'NONE',  #1425 ) ;
#1502 = CIRCLE ( 'NONE', #1424, 0.4799455900101061200 ) ;
#1503 = CARTESIAN_POINT ( 'NONE',  ( 0.5053090229140185800, -0.2801932950195567000, 0.7000657489934245500 ) ) ;
#1504 = ORIENTED_EDGE ( 'NONE', *, *, #2936, .F. ) ;
#1505 = AXIS2_PLACEMENT_3D ( 'NONE', #2423, #3645, #2377 ) ;
#1506 = FACE_OUTER_BOUND ( 'NONE', #2827, .T. ) ;
#1507 = EDGE_CURVE ( 'NONE', #3022, #2927, #2066, .T. ) ;
#1508 = LINE ( 'NONE', #3480, #2400 ) ;
#1509 = ORIENTED_EDGE ( 'NONE', *, *, #924, .T. ) ;
#1510 = LINE ( 'NONE', #1821, #3222 ) ;
#1511 = CARTESIAN_POINT ( 'NONE',  ( -0.2411503993963719200, 0.4376847440200525900, -0.6450000000000001300 ) ) ;
#1512 = CARTESIAN_POINT ( 'NONE',  ( -0.1335602140058133600, -0.2113330765278387800, -0.3951786130674961300 ) ) ;
#1513 = B_SPLINE_CURVE_WITH_KNOTS ( 'NONE', 3,
 ( #2737, #1233, #3678, #606 ),
 .UNSPECIFIED., .F., .F.,
 ( 4, 4 ),
 ( 2.019659775584441300E-007, 0.03103633895897223500 ),
 .UNSPECIFIED. ) ;
#1514 = LINE ( 'NONE', #961, #732 ) ;
#1515 = CARTESIAN_POINT ( 'NONE',  ( -0.01000000000000000000, 0.4798414002252715000, -0.7850000000000002500 ) ) ;
#1516 = ORIENTED_EDGE ( 'NONE', *, *, #490, .T. ) ;
#1517 = FACE_OUTER_BOUND ( 'NONE', #1393, .T. ) ;
#1518 = LINE ( 'NONE', #1511, #3045 ) ;
#1519 = CARTESIAN_POINT ( 'NONE',  ( -0.4740375896691689200, 0.2621387246177021000, 0.7625979573111030300 ) ) ;
#1520 = VECTOR ( 'NONE', #3879, 39.37007874015747400 ) ;
#1521 = ORIENTED_EDGE ( 'NONE', *, *, #74, .F. ) ;
#1522 = DIRECTION ( 'NONE',  ( -1.000000000000000000, 0.0000000000000000000, 1.050710766793947200E-016 ) ) ;
#1523 = CARTESIAN_POINT ( 'NONE',  ( 0.4799455900101061200, 0.0000000000000000000, -0.7849999999999999200 ) ) ;
#1524 = CARTESIAN_POINT ( 'NONE',  ( 0.6484221289771118200, -0.01000000000000000000, 0.4143214967735571700 ) ) ;
#1525 = EDGE_CURVE ( 'NONE', #2808, #3233, #3510, .T. ) ;
#1526 = CARTESIAN_POINT ( 'NONE',  ( -0.6500000000000001300, -0.01000000000000000000, 0.7849999999999999200 ) ) ;
#1527 = EDGE_CURVE ( 'NONE', #2490, #1352, #3, .T. ) ;
#1528 = CARTESIAN_POINT ( 'NONE',  ( 8.327598234202003100E-017, 0.0000000000000000000, 0.5750000000000001800 ) ) ;
#1529 = VERTEX_POINT ( 'NONE', #1704 ) ;
#1530 = ADVANCED_FACE ( 'NONE', ( #3801 ), #1589, .T. ) ;
#1531 = ORIENTED_EDGE ( 'NONE', *, *, #3155, .T. ) ;
#1532 = DIRECTION ( 'NONE',  ( -1.000000000000000000, 0.0000000000000000000, 3.414809992080328000E-016 ) ) ;
#1533 = ORIENTED_EDGE ( 'NONE', *, *, #319, .F. ) ;
#1534 = ORGANIZATION ( 'UNSPECIFIED', 'UNSPECIFIED', '' ) ;
#1535 = ORIENTED_EDGE ( 'NONE', *, *, #124, .T. ) ;
#1536 = EDGE_LOOP ( 'NONE', ( #2470, #3935, #3563, #2118 ) ) ;
#1537 = CARTESIAN_POINT ( 'NONE',  ( 0.4953090229140125200, 0.2975138030952559900, 0.7000657489934245500 ) ) ;
#1538 = VECTOR ( 'NONE', #293, 39.37007874015748900 ) ;
#1539 = CARTESIAN_POINT ( 'NONE',  ( -0.2961167724888987300, -0.4928892949240811800, -0.7850000000000001400 ) ) ;
#1540 = ORIENTED_EDGE ( 'NONE', *, *, #3202, .F. ) ;
#1541 = ORIENTED_EDGE ( 'NONE', *, *, #2243, .F. ) ;
#1542 = LINE ( 'NONE', #3333, #3462 ) ;
#1543 = EDGE_CURVE ( 'NONE', #2637, #3842, #2649, .T. ) ;
#1544 = ORIENTED_EDGE ( 'NONE', *, *, #3725, .T. ) ;
#1545 = VECTOR ( 'NONE', #2294, 39.37007874015748100 ) ;
#1546 = CARTESIAN_POINT ( 'NONE',  ( -0.4640375896691689700, 0.2794592326933908500, 0.7625979573111030300 ) ) ;
#1547 = FACE_OUTER_BOUND ( 'NONE', #1492, .T. ) ;
#1548 = CARTESIAN_POINT ( 'NONE',  ( -0.5749130369021039400, -0.01000000000000000000, 0.5649999999999999500 ) ) ;
#1549 = ORIENTED_EDGE ( 'NONE', *, *, #2329, .F. ) ;
#1550 = VECTOR ( 'NONE', #2433, 39.37007874015748900 ) ;
#1551 = ORIENTED_EDGE ( 'NONE', *, *, #2592, .T. ) ;
#1552 = FACE_OUTER_BOUND ( 'NONE', #2261, .T. ) ;
#1553 = CARTESIAN_POINT ( 'NONE',  ( -0.3163012821475967900, -0.5678498911788103500, -0.7850000000000001400 ) ) ;
#1554 = ORIENTED_EDGE ( 'NONE', *, *, #3167, .F. ) ;
#1555 = CONICAL_SURFACE ( 'NONE', #1626, 0.5287564434701826900, 0.5235987755982853800 ) ;
#1556 = DIRECTION ( 'NONE',  ( 1.000000000000000000, 0.0000000000000000000, -6.123233995736766000E-017 ) ) ;
#1557 = DIRECTION ( 'NONE',  ( -1.000000000000000000, 0.0000000000000000000, 0.0000000000000000000 ) ) ;
#1558 = ORIENTED_EDGE ( 'NONE', *, *, #3888, .T. ) ;
#1559 = CARTESIAN_POINT ( 'NONE',  ( 0.01000000000000000000, -0.6155614010470111800, 0.6345087236976358900 ) ) ;
#1560 = EDGE_LOOP ( 'NONE', ( #1212, #1549, #2, #3633, #2099, #993, #2625, #2224, #1019 ) ) ;
#1561 = DIRECTION ( 'NONE',  ( -1.000000000000000000, 0.0000000000000000000, 0.0000000000000000000 ) ) ;
#1562 = B_SPLINE_CURVE_WITH_KNOTS ( 'NONE', 3,
 ( #523, #1456, #3593, #3572 ),
 .UNSPECIFIED., .F., .F.,
 ( 4, 4 ),
 ( 2.309504363916192000E-007, 0.006159627691883677900 ),
 .UNSPECIFIED. ) ;
#1563 = CARTESIAN_POINT ( 'NONE',  ( 0.5750000000000000700, 0.0000000000000000000, 0.5650000000000001700 ) ) ;
#1564 = EDGE_CURVE ( 'NONE', #3567, #1390, #3466, .T. ) ;
#1565 = DIRECTION ( 'NONE',  ( -1.000000000000000000, 0.0000000000000000000, 1.050710766793947200E-016 ) ) ;
#1566 = ORIENTED_EDGE ( 'NONE', *, *, #2080, .F. ) ;
#1567 = AXIS2_PLACEMENT_3D ( 'NONE', #1874, #1285, #1887 ) ;
#1568 = DIRECTION ( 'NONE',  ( -1.000000000000000000, 0.0000000000000000000, 1.187759997245331800E-016 ) ) ;
#1569 = EDGE_CURVE ( 'NONE', #1576, #2996, #357, .T. ) ;
#1570 = ORIENTED_EDGE ( 'NONE', *, *, #2098, .T. ) ;
#1571 = CARTESIAN_POINT ( 'NONE',  ( 0.0000000000000000000, 0.0000000000000000000, -0.7850000000000001400 ) ) ;
#1572 = CARTESIAN_POINT ( 'NONE',  ( 0.4953090229140187900, -0.2975138030952456100, 0.7000657489934245500 ) ) ;
#1573 = VERTEX_POINT ( 'NONE', #2606 ) ;
#1574 = AXIS2_PLACEMENT_3D ( 'NONE', #400, #1323, #1942 ) ;
#1575 = DIRECTION ( 'NONE',  ( -6.123233995736766000E-017, -0.0000000000000000000, -1.000000000000000000 ) ) ;
#1576 = VERTEX_POINT ( 'NONE', #766 ) ;
#1577 = PLANE ( 'NONE',  #1816 ) ;
#1578 = DIRECTION ( 'NONE',  ( 6.123233995736766000E-017, 0.0000000000000000000, 1.000000000000000000 ) ) ;
#1579 = VERTEX_POINT ( 'NONE', #2616 ) ;
#1580 = ORIENTED_EDGE ( 'NONE', *, *, #258, .T. ) ;
#1581 = DIRECTION ( 'NONE',  ( -6.123233995736766000E-017, 0.0000000000000000000, -1.000000000000000000 ) ) ;
#1582 = CARTESIAN_POINT ( 'NONE',  ( 0.5750000000000000700, 0.0000000000000000000, 0.5650000000000001700 ) ) ;
#1583 = DATE_AND_TIME ( #1730, #2526 ) ;
#1584 = ORIENTED_EDGE ( 'NONE', *, *, #644, .F. ) ;
#1585 = VERTEX_POINT ( 'NONE', #781 ) ;
#1586 = CARTESIAN_POINT ( 'NONE',  ( 0.5750000000000000700, 0.0000000000000000000, 0.4250000000000001000 ) ) ;
#1587 = FACE_OUTER_BOUND ( 'NONE', #1601, .T. ) ;
#1588 = ORIENTED_EDGE ( 'NONE', *, *, #3927, .T. ) ;
#1589 = CYLINDRICAL_SURFACE ( 'NONE', #3814, 0.5749999999999999600 ) ;
#1590 = DIRECTION ( 'NONE',  ( -0.0000000000000000000, -0.7071067811865381400, -0.7071067811865570100 ) ) ;
#1591 = CARTESIAN_POINT ( 'NONE',  ( 0.5678498911788081300, 0.3163012821476007800, 0.5750000000000001800 ) ) ;
#1592 = FACE_OUTER_BOUND ( 'NONE', #1184, .T. ) ;
#1593 = VERTEX_POINT ( 'NONE', #116 ) ;
#1594 = AXIS2_PLACEMENT_3D ( 'NONE', #2323, #501, #831 ) ;
#1595 = CIRCLE ( 'NONE', #2725, 0.6500000000000001300 ) ;
#1596 = EDGE_CURVE ( 'NONE', #3270, #3117, #246, .T. ) ;
#1597 = DIRECTION ( 'NONE',  ( 6.123233995736766000E-017, 0.0000000000000000000, 1.000000000000000000 ) ) ;
#1598 = VECTOR ( 'NONE', #1487, 39.37007874015748100 ) ;
#1599 = CARTESIAN_POINT ( 'NONE',  ( -0.2787962644132098200, -0.5028892949240811900, 0.4250000000000001000 ) ) ;
#1600 = CARTESIAN_POINT ( 'NONE',  ( -0.2961167724888986700, -0.4928892949240811800, 0.5649999999999999500 ) ) ;
#1601 = EDGE_LOOP ( 'NONE', ( #2711, #1829, #3988, #586 ) ) ;
#1602 = LINE ( 'NONE', #1850, #1550 ) ;
#1603 = AXIS2_PLACEMENT_3D ( 'NONE', #2672, #3383, #3014 ) ;
#1604 = CARTESIAN_POINT ( 'NONE',  ( 0.6060788549399203100, 0.01000000000000000000, 0.6509309757625072500 ) ) ;
#1605 = EDGE_CURVE ( 'NONE', #1646, #2547, #890, .T. ) ;
#1606 = FACE_OUTER_BOUND ( 'NONE', #3744, .T. ) ;
#1607 = CARTESIAN_POINT ( 'NONE',  ( 0.3336602540378431600, -0.5579165124598860500, 0.7849999999999999200 ) ) ;
#1608 = DIRECTION ( 'NONE',  ( -6.123233995736766000E-017, -0.0000000000000000000, -1.000000000000000000 ) ) ;
#1609 = ORIENTED_EDGE ( 'NONE', *, *, #918, .T. ) ;
#1610 = CARTESIAN_POINT ( 'NONE',  ( 0.2584709074720697400, 0.4276847440200473600, -0.6450000000000001300 ) ) ;
#1611 = DIRECTION ( 'NONE',  ( 1.000000000000000000, 0.0000000000000000000, -6.123233995736766000E-017 ) ) ;
#1612 = DIRECTION ( 'NONE',  ( -1.000000000000000000, 0.0000000000000000000, 0.0000000000000000000 ) ) ;
#1613 = PLANE ( 'NONE',  #103 ) ;
#1614 = DIRECTION ( 'NONE',  ( -0.8660254037844362700, -0.5000000000000041100, 5.302876193624520400E-017 ) ) ;
#1615 =( BOUNDED_CURVE ( )  B_SPLINE_CURVE ( 3, ( #762, #3856, #2643, #175 ),
 .UNSPECIFIED., .F., .T. ) 
 B_SPLINE_CURVE_WITH_KNOTS ( ( 4, 4 ),
 ( 3.132035932894353900, 3.151149374285232300 ),
 .UNSPECIFIED. ) 
 CURVE ( )  GEOMETRIC_REPRESENTATION_ITEM ( )  RATIONAL_B_SPLINE_CURVE ( ( 1.000000000000000000, 0.9999695565948860700, 0.9999695565948860700, 1.000000000000000000 ) ) 
 REPRESENTATION_ITEM ( '' )  );
#1616 = AXIS2_PLACEMENT_3D ( 'NONE', #1209, #311, #888 ) ;
#1617 = CARTESIAN_POINT ( 'NONE',  ( 0.5750000000000000700, 0.0000000000000000000, 0.4250000000000001000 ) ) ;
#1618 = CARTESIAN_POINT ( 'NONE',  ( 0.01000000000000000000, 0.0000000000000000000, 0.0000000000000000000 ) ) ;
#1619 = CARTESIAN_POINT ( 'NONE',  ( 0.5750000000000000700, 0.0000000000000000000, 0.4250000000000001000 ) ) ;
#1620 = VERTEX_POINT ( 'NONE', #2905 ) ;
#1621 = EDGE_CURVE ( 'NONE', #768, #2097, #41, .T. ) ;
#1622 = CARTESIAN_POINT ( 'NONE',  ( -0.4953090229140146800, -0.2975138030952524900, 0.7000657489934244400 ) ) ;
#1623 = EDGE_LOOP ( 'NONE', ( #2941, #3959, #3595, #2391 ) ) ;
#1624 = CARTESIAN_POINT ( 'NONE',  ( 0.5750000000000000700, 0.01000000000000000000, 0.4250000000000001000 ) ) ;
#1625 = DIRECTION ( 'NONE',  ( 0.0000000000000000000, 0.7559289460184537300, -0.6546536707079778600 ) ) ;
#1626 = AXIS2_PLACEMENT_3D ( 'NONE', #2801, #1350, #1939 ) ;
#1627 = EDGE_CURVE ( 'NONE', #1216, #2205, #1970, .T. ) ;
#1628 = ORIENTED_EDGE ( 'NONE', *, *, #3938, .T. ) ;
#1629 = DIRECTION ( 'NONE',  ( -1.000000000000000000, 0.0000000000000000000, 0.0000000000000000000 ) ) ;
#1630 = CARTESIAN_POINT ( 'NONE',  ( -0.5473407466755208000, -0.01000000000000000000, 0.7526530290671197300 ) ) ;
#1631 = VERTEX_POINT ( 'NONE', #2932 ) ;
#1632 = VERTEX_POINT ( 'NONE', #2034 ) ;
#1633 = VERTEX_POINT ( 'NONE', #3546 ) ;
#1634 = DIRECTION ( 'NONE',  ( -6.123233995736766000E-017, -0.0000000000000000000, -1.000000000000000000 ) ) ;
#1635 = PERSON_AND_ORGANIZATION ( #723, #1534 ) ;
#1636 = CARTESIAN_POINT ( 'NONE',  ( -0.01000000000000000000, 0.6499230723708769900, 0.4250000000000001000 ) ) ;
#1637 = DIRECTION ( 'NONE',  ( 0.0000000000000000000, 0.0000000000000000000, 1.000000000000000000 ) ) ;
#1638 = ORIENTED_EDGE ( 'NONE', *, *, #2508, .F. ) ;
#1639 = ORIENTED_EDGE ( 'NONE', *, *, #2673, .T. ) ;
#1640 = FACE_OUTER_BOUND ( 'NONE', #3854, .T. ) ;
#1641 = ORIENTED_EDGE ( 'NONE', *, *, #3779, .F. ) ;
#1642 = VERTEX_POINT ( 'NONE', #2017 ) ;
#1643 = ORIENTED_EDGE ( 'NONE', *, *, #1123, .T. ) ;
#1644 = DIRECTION ( 'NONE',  ( -6.123233995736766000E-017, -0.0000000000000000000, -1.000000000000000000 ) ) ;
#1645 = LINE ( 'NONE', #1148, #837 ) ;
#1646 = VERTEX_POINT ( 'NONE', #198 ) ;
#1647 = FACE_OUTER_BOUND ( 'NONE', #3081, .T. ) ;
#1648 = FACE_OUTER_BOUND ( 'NONE', #1263, .T. ) ;
#1649 = CARTESIAN_POINT ( 'NONE',  ( 0.1279216568640748900, 0.2148965835325523400, -0.3954454220892726400 ) ) ;
#1650 = ORIENTED_EDGE ( 'NONE', *, *, #842, .F. ) ;
#1651 = VECTOR ( 'NONE', #2909, 39.37007874015748100 ) ;
#1652 = CARTESIAN_POINT ( 'NONE',  ( -0.4696559272292739100, 0.2596089706285306700, -0.3816671106335253700 ) ) ;
#1653 = FACE_OUTER_BOUND ( 'NONE', #3519, .T. ) ;
#1654 = EDGE_CURVE ( 'NONE', #1969, #889, #940, .T. ) ;
#1655 = VERTEX_POINT ( 'NONE', #2971 ) ;
#1656 = VECTOR ( 'NONE', #1711, 39.37007874015748100 ) ;
#1657 = EDGE_CURVE ( 'NONE', #2440, #768, #497, .T. ) ;
#1658 = DIRECTION ( 'NONE',  ( 6.123233995736766000E-017, 0.0000000000000000000, 1.000000000000000000 ) ) ;
#1659 = DIRECTION ( 'NONE',  ( -6.123233995736766000E-017, -0.0000000000000000000, -1.000000000000000000 ) ) ;
#1660 = ORIENTED_EDGE ( 'NONE', *, *, #1058, .F. ) ;
#1661 = EDGE_CURVE ( 'NONE', #3359, #2121, #1834, .T. ) ;
#1662 = ORIENTED_EDGE ( 'NONE', *, *, #1253, .F. ) ;
#1663 = CARTESIAN_POINT ( 'NONE',  ( 8.266365894244635600E-017, 0.0000000000000000000, 0.5649999999999999500 ) ) ;
#1664 = CARTESIAN_POINT ( 'NONE',  ( 0.5750000000000000700, -0.01000000000000000000, 0.4250000000000001000 ) ) ;
#1665 = CARTESIAN_POINT ( 'NONE',  ( -0.2497999199359365600, -0.01000000000000000000, -0.3951786130674967400 ) ) ;
#1666 = DIRECTION ( 'NONE',  ( 0.0000000000000000000, 1.000000000000000000, 0.0000000000000000000 ) ) ;
#1667 = CARTESIAN_POINT ( 'NONE',  ( 0.01000000000000003000, 0.0000000000000000000, 0.5650000000000001700 ) ) ;
#1668 = CARTESIAN_POINT ( 'NONE',  ( 0.0000000000000000000, 0.0000000000000000000, -0.7850000000000001400 ) ) ;
#1669 = ORIENTED_EDGE ( 'NONE', *, *, #1777, .T. ) ;
#1670 = ORIENTED_EDGE ( 'NONE', *, *, #3262, .T. ) ;
#1671 = CARTESIAN_POINT ( 'NONE',  ( -0.4205548423825794000, -0.2312604460747930100, -0.7850000000000002500 ) ) ;
#1672 = EDGE_CURVE ( 'NONE', #1168, #2521, #2242, .T. ) ;
#1673 = ADVANCED_FACE ( 'NONE', ( #783 ), #1128, .F. ) ;
#1674 = ORIENTED_EDGE ( 'NONE', *, *, #1701, .F. ) ;
#1675 = AXIS2_PLACEMENT_3D ( 'NONE', #1289, #3720, #2776 ) ;
#1676 = DIRECTION ( 'NONE',  ( 0.6123724356957871400, -0.3535533905932675700, -0.7071067811865569000 ) ) ;
#1677 = CARTESIAN_POINT ( 'NONE',  ( 0.2497999199359359800, 0.01000000000000000000, -0.3951786130674960800 ) ) ;
#1678 = EDGE_CURVE ( 'NONE', #3394, #3917, #2398, .T. ) ;
#1679 = ORIENTED_EDGE ( 'NONE', *, *, #3109, .F. ) ;
#1680 = ORIENTED_EDGE ( 'NONE', *, *, #1785, .T. ) ;
#1681 = DATE_AND_TIME ( #774, #1119 ) ;
#1682 = VERTEX_POINT ( 'NONE', #1430 ) ;
#1683 = EDGE_LOOP ( 'NONE', ( #967, #3028, #2078, #1108 ) ) ;
#1684 = CARTESIAN_POINT ( 'NONE',  ( -0.1162397059301247300, -0.2213330765278389600, -0.3951786130674963000 ) ) ;
#1685 = CARTESIAN_POINT ( 'NONE',  ( 0.4205548423825831200, -0.2312604460747872700, -0.7850000000000002500 ) ) ;
#1686 = LINE ( 'NONE', #1374, #3507 ) ;
#1687 = CARTESIAN_POINT ( 'NONE',  ( -0.01000000000000000000, 0.4798414002252715000, -0.7850000000000002500 ) ) ;
#1688 = CARTESIAN_POINT ( 'NONE',  ( 0.2499332977472277500, 0.006668223341808169500, -0.3953119908787879300 ) ) ;
#1689 = VERTEX_POINT ( 'NONE', #2669 ) ;
#1690 = VECTOR ( 'NONE', #2000, 39.37007874015748100 ) ;
#1691 = CARTESIAN_POINT ( 'NONE',  ( 0.5187535610328714000, 0.2879555027216208500, 0.02166633889899548600 ) ) ;
#1692 = LINE ( 'NONE', #3580, #3658 ) ;
#1693 = CARTESIAN_POINT ( 'NONE',  ( -0.01000000000000000000, -0.4798414002252715000, -0.7850000000000002500 ) ) ;
#1694 = VERTEX_POINT ( 'NONE', #3200 ) ;
#1695 = CARTESIAN_POINT ( 'NONE',  ( -0.1221450720936380900, 0.2182316963047606900, -0.3954454220892726400 ) ) ;
#1696 = LINE ( 'NONE', #346, #2298 ) ;
#1697 = VECTOR ( 'NONE', #1532, 39.37007874015748100 ) ;
#1698 = ORIENTED_EDGE ( 'NONE', *, *, #663, .F. ) ;
#1699 = VECTOR ( 'NONE', #2484, 39.37007874015748900 ) ;
#1700 = CARTESIAN_POINT ( 'NONE',  ( 0.2787962644132064800, -0.5028892949240830700, 0.4250000000000001000 ) ) ;
#1701 = EDGE_CURVE ( 'NONE', #532, #1818, #101, .T. ) ;
#1702 = DIRECTION ( 'NONE',  ( -1.000000000000000000, 0.0000000000000000000, 6.123233995736766000E-017 ) ) ;
#1703 = ORIENTED_EDGE ( 'NONE', *, *, #3927, .F. ) ;
#1704 = CARTESIAN_POINT ( 'NONE',  ( -0.6499230723708768800, -0.01000000000000000000, 0.5650000000000000600 ) ) ;
#1705 = AXIS2_PLACEMENT_3D ( 'NONE', #1174, #1159, #2062 ) ;
#1706 = EDGE_CURVE ( 'NONE', #1216, #852, #2314, .T. ) ;
#1707 = DIRECTION ( 'NONE',  ( 0.5000000000000101000, 0.8660254037844328200, 3.414809992080328000E-016 ) ) ;
#1708 = VERTEX_POINT ( 'NONE', #3872 ) ;
#1709 = CARTESIAN_POINT ( 'NONE',  ( -0.4640375896691669700, -0.2794592326933940700, 0.7625979573111026900 ) ) ;
#1710 = CARTESIAN_POINT ( 'NONE',  ( 0.4995335560866924200, 0.01000000000000000000, -0.6449122492182515200 ) ) ;
#1711 = DIRECTION ( 'NONE',  ( 0.1391731009600658000, 0.0000000000000000000, 0.9902680687415701400 ) ) ;
#1712 = ADVANCED_FACE ( 'NONE', ( #3278 ), #1036, .T. ) ;
#1713 = DIRECTION ( 'NONE',  ( 0.0000000000000000000, 1.000000000000000000, 0.0000000000000000000 ) ) ;
#1714 = CARTESIAN_POINT ( 'NONE',  ( 7.409113134841489000E-017, 0.0000000000000000000, 0.4250000000000001000 ) ) ;
#1715 = DIRECTION ( 'NONE',  ( 6.123233995736766000E-017, 0.0000000000000000000, 1.000000000000000000 ) ) ;
#1716 = CARTESIAN_POINT ( 'NONE',  ( 0.2661725826620435200, 0.4810244367524733600, -0.2882751530984583600 ) ) ;
#1717 = DIRECTION ( 'NONE',  ( -6.123233995736766000E-017, -0.0000000000000000000, -1.000000000000000000 ) ) ;
#1718 = DIRECTION ( 'NONE',  ( 0.0000000000000000000, 0.0000000000000000000, 1.000000000000000000 ) ) ;
#1719 = CARTESIAN_POINT ( 'NONE',  ( 0.01000000000000000000, 0.6244634137562685700, 0.2438674296112367200 ) ) ;
#1720 = CARTESIAN_POINT ( 'NONE',  ( 0.0000000000000000000, 0.0000000000000000000, -0.7850000000000001400 ) ) ;
#1721 = EDGE_LOOP ( 'NONE', ( #391, #108, #1035, #447, #2656, #3847, #3002, #2600, #2496 ) ) ;
#1722 = DIRECTION ( 'NONE',  ( 0.0000000000000000000, 0.0000000000000000000, 1.000000000000000000 ) ) ;
#1723 = VERTEX_POINT ( 'NONE', #2325 ) ;
#1724 = DIRECTION ( 'NONE',  ( -0.5000000000000101000, 0.8660254037844328200, 0.0000000000000000000 ) ) ;
#1725 = CARTESIAN_POINT ( 'NONE',  ( 0.2411503993963750300, -0.4376847440200509800, -0.6450000000000001300 ) ) ;
#1726 = ADVANCED_FACE ( 'NONE', ( #2355 ), #2602, .F. ) ;
#1727 = EDGE_CURVE ( 'NONE', #1723, #3356, #1615, .T. ) ;
#1728 = ORIENTED_EDGE ( 'NONE', *, *, #464, .T. ) ;
#1729 = ORIENTED_EDGE ( 'NONE', *, *, #3488, .T. ) ;
#1730 = CALENDAR_DATE ( 2021, 14, 9 ) ;
#1731 = VERTEX_POINT ( 'NONE', #1700 ) ;
#1732 = CARTESIAN_POINT ( 'NONE',  ( -0.3163012821475887400, 0.5678498911788145700, 0.5649999999999999500 ) ) ;
#1733 = ORIENTED_EDGE ( 'NONE', *, *, #2829, .T. ) ;
#1734 = DIRECTION ( 'NONE',  ( -6.123233995736766000E-017, -0.0000000000000000000, -1.000000000000000000 ) ) ;
#1735 = EDGE_CURVE ( 'NONE', #3015, #719, #2179, .T. ) ;
#1736 = LINE ( 'NONE', #3411, #1169 ) ;
#1737 = ORIENTED_EDGE ( 'NONE', *, *, #2415, .T. ) ;
#1738 = ORIENTED_EDGE ( 'NONE', *, *, #3388, .F. ) ;
#1739 =( BOUNDED_CURVE ( )  B_SPLINE_CURVE ( 3, ( #3844, #1742, #3236, #1107 ),
 .UNSPECIFIED., .F., .T. ) 
 B_SPLINE_CURVE_WITH_KNOTS ( ( 4, 4 ),
 ( 3.124217121762409300, 3.158968185417177400 ),
 .UNSPECIFIED. ) 
 CURVE ( )  GEOMETRIC_REPRESENTATION_ITEM ( )  RATIONAL_B_SPLINE_CURVE ( ( 1.000000000000000000, 0.9998993661631328000, 0.9998993661631328000, 1.000000000000000000 ) ) 
 REPRESENTATION_ITEM ( '' )  );
#1740 = CARTESIAN_POINT ( 'NONE',  ( 0.5678498911788146800, -0.3163012821475887900, 0.5750000000000001800 ) ) ;
#1741 = LINE ( 'NONE', #2681, #3608 ) ;
#1742 = CARTESIAN_POINT ( 'NONE',  ( -0.4996505600728867700, -0.003333668813216773600, -0.6450292532044463700 ) ) ;
#1743 = VERTEX_POINT ( 'NONE', #2956 ) ;
#1744 = VECTOR ( 'NONE', #3484, 39.37007874015748100 ) ;
#1745 = DIRECTION ( 'NONE',  ( -6.123233995736766000E-017, -0.0000000000000000000, -1.000000000000000000 ) ) ;
#1746 = DIRECTION ( 'NONE',  ( -1.000000000000000000, 0.0000000000000000000, 6.123233995736766000E-017 ) ) ;
#1747 = CIRCLE ( 'NONE', #2173, 0.6500000000000001300 ) ;
#1748 = ORIENTED_EDGE ( 'NONE', *, *, #2268, .F. ) ;
#1749 = FACE_OUTER_BOUND ( 'NONE', #3330, .T. ) ;
#1750 = CARTESIAN_POINT ( 'NONE',  ( -0.01000000000000000000, -0.2497999199359362000, -0.7850000000000002500 ) ) ;
#1751 = CARTESIAN_POINT ( 'NONE',  ( 8.327598234202003100E-017, 0.0000000000000000000, 0.5750000000000001800 ) ) ;
#1752 = FACE_OUTER_BOUND ( 'NONE', #1398, .T. ) ;
#1753 = DIRECTION ( 'NONE',  ( -6.123233995736766000E-017, -0.0000000000000000000, -1.000000000000000000 ) ) ;
#1754 = ADVANCED_FACE ( 'NONE', ( #2154 ), #2276, .F. ) ;
#1755 = LINE ( 'NONE', #3191, #2123 ) ;
#1756 = CARTESIAN_POINT ( 'NONE',  ( 0.01000000000000003000, 0.0000000000000000000, 0.4250000000000001600 ) ) ;
#1757 = VECTOR ( 'NONE', #3392, 39.37007874015748900 ) ;
#1758 = EDGE_CURVE ( 'NONE', #1585, #1195, #3120, .T. ) ;
#1759 = CARTESIAN_POINT ( 'NONE',  ( -0.4995335560866932500, -0.01000000000000000000, -0.6449122492182525200 ) ) ;
#1760 = CARTESIAN_POINT ( 'NONE',  ( -0.01000000000000000000, -0.4944857750133735400, -0.6808219628767542300 ) ) ;
#1761 = AXIS2_PLACEMENT_3D ( 'NONE', #1186, #2670, #224 ) ;
#1762 = EDGE_CURVE ( 'NONE', #3955, #2795, #1179, .T. ) ;
#1763 = CARTESIAN_POINT ( 'NONE',  ( 0.2787750364383044800, 0.4628525269930035000, -0.3554031051924916900 ) ) ;
#1764 = DIRECTION ( 'NONE',  ( -1.000000000000000000, 0.0000000000000000000, 1.050710766793947200E-016 ) ) ;
#1765 = CARTESIAN_POINT ( 'NONE',  ( 0.5365796790775228000, 0.2982474167733065700, 0.6375330225309449000 ) ) ;
#1766 = CARTESIAN_POINT ( 'NONE',  ( 0.2729911907966929300, 0.4528346124785965800, 0.7849999999999995900 ) ) ;
#1767 = DIRECTION ( 'NONE',  ( -0.8660254037844362700, -0.5000000000000038900, 1.300879996982982500E-016 ) ) ;
#1768 = CARTESIAN_POINT ( 'NONE',  ( 0.5578498911788079000, 0.3336217902232893600, -0.7850000000000001400 ) ) ;
#1769 = CARTESIAN_POINT ( 'NONE',  ( 0.6454202385439279400, 0.01000000000000000000, 0.3929644908330955900 ) ) ;
#1770 = ADVANCED_FACE ( 'NONE', ( #1457 ), #1383, .F. ) ;
#1771 = CARTESIAN_POINT ( 'NONE',  ( -0.01000000000000000000, -0.5018078645464717500, -0.6287329305588780200 ) ) ;
#1772 = CARTESIAN_POINT ( 'NONE',  ( 0.4995335560866924200, 0.01000000000000000000, -0.6449122492182515200 ) ) ;
#1773 = ORIENTED_EDGE ( 'NONE', *, *, #3916, .F. ) ;
#1774 = CARTESIAN_POINT ( 'NONE',  ( -0.2912372384210901200, 0.5244376940013900600, 0.06836233743005454300 ) ) ;
#1775 = ORIENTED_EDGE ( 'NONE', *, *, #334, .F. ) ;
#1776 = ADVANCED_FACE ( 'NONE', ( #3176 ), #3560, .F. ) ;
#1777 = EDGE_CURVE ( 'NONE', #1792, #1258, #2986, .T. ) ;
#1778 = ORIENTED_EDGE ( 'NONE', *, *, #2858, .T. ) ;
#1779 = DIRECTION ( 'NONE',  ( 0.0000000000000000000, 0.0000000000000000000, 1.000000000000000000 ) ) ;
#1780 = ORIENTED_EDGE ( 'NONE', *, *, #1777, .F. ) ;
#1781 = VERTEX_POINT ( 'NONE', #3620 ) ;
#1782 = AXIS2_PLACEMENT_3D ( 'NONE', #2918, #3878, #2610 ) ;
#1783 =( CONVERSION_BASED_UNIT ( 'INCH', #713 ) LENGTH_UNIT ( ) NAMED_UNIT ( #1914 ) );
#1784 = COORDINATED_UNIVERSAL_TIME_OFFSET ( 6, 0, .BEHIND. ) ;
#1785 = EDGE_CURVE ( 'NONE', #1138, #3917, #2857, .T. ) ;
#1786 = DIRECTION ( 'NONE',  ( 0.8660254037844398200, 0.4999999999999980000, -0.0000000000000000000 ) ) ;
#1787 = VERTEX_POINT ( 'NONE', #3291 ) ;
#1788 = ORIENTED_EDGE ( 'NONE', *, *, #3728, .F. ) ;
#1789 = CARTESIAN_POINT ( 'NONE',  ( -0.01000000000000000000, 0.2497999199359362000, -0.7850000000000002500 ) ) ;
#1790 = VECTOR ( 'NONE', #2696, 39.37007874015748100 ) ;
#1791 = CARTESIAN_POINT ( 'NONE',  ( -0.3336217902232776500, 0.5578498911788147800, 0.5649999999999999500 ) ) ;
#1792 = VERTEX_POINT ( 'NONE', #1469 ) ;
#1793 = CIRCLE ( 'NONE', #3165, 0.4799455900101061200 ) ;
#1794 = ORIENTED_EDGE ( 'NONE', *, *, #3046, .F. ) ;
#1795 = VECTOR ( 'NONE', #3336, 39.37007874015748900 ) ;
#1796 = CARTESIAN_POINT ( 'NONE',  ( -0.5059059875160377700, -0.01000000000000000000, -0.5995791262226307600 ) ) ;
#1797 = CIRCLE ( 'NONE', #268, 0.6500000000000001300 ) ;
#1798 = CARTESIAN_POINT ( 'NONE',  ( -0.5609087331960613800, 0.01000000000000000000, -0.2082872894914299700 ) ) ;
#1799 = ORIENTED_EDGE ( 'NONE', *, *, #1294, .F. ) ;
#1800 = CARTESIAN_POINT ( 'NONE',  ( 0.6499230723708772100, -0.01000000000000000000, 0.5750000000000000700 ) ) ;
#1801 = LINE ( 'NONE', #270, #3130 ) ;
#1802 = PLANE ( 'NONE',  #2539 ) ;
#1803 = LINE ( 'NONE', #3108, #3340 ) ;
#1804 = DIRECTION ( 'NONE',  ( -6.123233995736766000E-017, -0.0000000000000000000, -1.000000000000000000 ) ) ;
#1805 = VERTEX_POINT ( 'NONE', #886 ) ;
#1806 = AXIS2_PLACEMENT_3D ( 'NONE', #2740, #3376, #3990 ) ;
#1807 = EDGE_CURVE ( 'NONE', #3083, #3882, #3159, .T. ) ;
#1808 = CARTESIAN_POINT ( 'NONE',  ( 0.2961167724888987300, 0.4928892949240810700, 0.4250000000000001000 ) ) ;
#1809 = EDGE_CURVE ( 'NONE', #2996, #1632, #411, .T. ) ;
#1810 = PLANE ( 'NONE',  #3945 ) ;
#1811 = DIRECTION ( 'NONE',  ( 0.6123724356958035700, -0.3535533905932771200, 0.7071067811865381400 ) ) ;
#1812 = DIRECTION ( 'NONE',  ( -1.000000000000000000, 0.0000000000000000000, 6.123233995736766000E-017 ) ) ;
#1813 = ORIENTED_EDGE ( 'NONE', *, *, #3831, .T. ) ;
#1814 = ORIENTED_EDGE ( 'NONE', *, *, #1851, .T. ) ;
#1815 = ORIENTED_EDGE ( 'NONE', *, *, #1596, .F. ) ;
#1816 = AXIS2_PLACEMENT_3D ( 'NONE', #1563, #3386, #1556 ) ;
#1817 = CARTESIAN_POINT ( 'NONE',  ( 0.0000000000000000000, 0.0000000000000000000, -0.7850000000000001400 ) ) ;
#1818 = VERTEX_POINT ( 'NONE', #3304 ) ;
#1819 = DIRECTION ( 'NONE',  ( -6.123233995736766000E-017, -0.0000000000000000000, -1.000000000000000000 ) ) ;
#1820 = ORIENTED_EDGE ( 'NONE', *, *, #2385, .T. ) ;
#1821 = CARTESIAN_POINT ( 'NONE',  ( -0.01000000000000000000, -0.5749130369021039400, -0.7850000000000001400 ) ) ;
#1822 = EDGE_CURVE ( 'NONE', #1593, #3119, #1056, .T. ) ;
#1823 = VERTEX_POINT ( 'NONE', #2053 ) ;
#1824 = ORIENTED_EDGE ( 'NONE', *, *, #1621, .T. ) ;
#1825 = B_SPLINE_CURVE_WITH_KNOTS ( 'NONE', 3,
 ( #2044, #847, #3891, #3924 ),
 .UNSPECIFIED., .F., .F.,
 ( 4, 4 ),
 ( 1.947472152527573800E-006, 0.005504277200746679000 ),
 .UNSPECIFIED. ) ;
#1826 = CARTESIAN_POINT ( 'NONE',  ( 0.5122783711104411700, -0.01000000000000000000, -0.5542459965028788700 ) ) ;
#1827 = VECTOR ( 'NONE', #121, 39.37007874015748100 ) ;
#1828 = CARTESIAN_POINT ( 'NONE',  ( 0.01000000000000000000, -0.6329500084179928700, 0.3042449472001914100 ) ) ;
#1829 = ORIENTED_EDGE ( 'NONE', *, *, #2887, .T. ) ;
#1830 = AXIS2_PLACEMENT_3D ( 'NONE', #632, #960, #3984 ) ;
#1831 = VERTEX_POINT ( 'NONE', #1750 ) ;
#1832 = EDGE_CURVE ( 'NONE', #3554, #3250, #3903, .T. ) ;
#1833 = ORIENTED_EDGE ( 'NONE', *, *, #2131, .F. ) ;
#1834 = LINE ( 'NONE', #811, #840 ) ;
#1835 = CARTESIAN_POINT ( 'NONE',  ( -0.01000000000000000000, 0.5749130369021039400, -0.7850000000000001400 ) ) ;
#1836 = CIRCLE ( 'NONE', #3838, 0.6500000000000001300 ) ;
#1837 = ORIENTED_EDGE ( 'NONE', *, *, #2675, .F. ) ;
#1838 = VERTEX_POINT ( 'NONE', #1789 ) ;
#1839 = LINE ( 'NONE', #2559, #1933 ) ;
#1840 = CARTESIAN_POINT ( 'NONE',  ( 0.5059059875160378800, -0.01000000000000000000, -0.5995791262226301000 ) ) ;
#1841 = VERTEX_POINT ( 'NONE', #846 ) ;
#1842 = LINE ( 'NONE', #1756, #685 ) ;
#1843 = CARTESIAN_POINT ( 'NONE',  ( -0.2411503993963780800, -0.4376847440200493100, -0.6450000000000001300 ) ) ;
#1844 = APPROVAL_ROLE ( '' ) ;
#1845 = VECTOR ( 'NONE', #3799, 39.37007874015748900 ) ;
#1846 = CARTESIAN_POINT ( 'NONE',  ( -0.5678498911788102400, -0.3163012821475967900, 0.5750000000000001800 ) ) ;
#1847 = DIRECTION ( 'NONE',  ( -1.000000000000000000, 0.0000000000000000000, 1.050710766793947200E-016 ) ) ;
#1848 = CARTESIAN_POINT ( 'NONE',  ( 0.4262500000000012400, -0.2576425576258698500, 0.5650000000000001700 ) ) ;
#1849 = AXIS2_PLACEMENT_3D ( 'NONE', #617, #30, #953 ) ;
#1850 = CARTESIAN_POINT ( 'NONE',  ( 0.1524102540378467800, 0.2439823035880273600, 0.5650000000000001700 ) ) ;
#1851 = EDGE_CURVE ( 'NONE', #1838, #1177, #2886, .T. ) ;
#1852 = CARTESIAN_POINT ( 'NONE',  ( 0.6499230723708772100, 0.01000000000000000000, 0.5750000000000000700 ) ) ;
#1853 =( BOUNDED_CURVE ( )  B_SPLINE_CURVE ( 3, ( #272, #623, #2764, #1199 ),
 .UNSPECIFIED., .F., .T. ) 
 B_SPLINE_CURVE_WITH_KNOTS ( ( 4, 4 ),
 ( 6.243174632825597000, 6.283185307179586200 ),
 .UNSPECIFIED. ) 
 CURVE ( )  GEOMETRIC_REPRESENTATION_ITEM ( )  RATIONAL_B_SPLINE_CURVE ( ( 1.000000000000000000, 0.9998665999439426700, 0.9998665999439426700, 1.000000000000000000 ) ) 
 REPRESENTATION_ITEM ( '' )  );
#1854 = ORIENTED_EDGE ( 'NONE', *, *, #1291, .F. ) ;
#1855 = EDGE_CURVE ( 'NONE', #835, #199, #3375, .T. ) ;
#1856 = CARTESIAN_POINT ( 'NONE',  ( 0.5656584249264499100, -0.01000000000000000000, 0.7209309582129358500 ) ) ;
#1857 = CARTESIAN_POINT ( 'NONE',  ( 0.4205548423825784000, 0.2312604460747962100, -0.7850000000000002500 ) ) ;
#1858 = ORIENTED_EDGE ( 'NONE', *, *, #1273, .F. ) ;
#1859 = DIRECTION ( 'NONE',  ( -6.123233995736766000E-017, 0.0000000000000000000, -1.000000000000000000 ) ) ;
#1860 = ORIENTED_EDGE ( 'NONE', *, *, #3661, .F. ) ;
#1861 = ORIENTED_EDGE ( 'NONE', *, *, #362, .F. ) ;
#1862 = CARTESIAN_POINT ( 'NONE',  ( 0.4640375896691709700, -0.2794592326933876300, 0.7625979573111030300 ) ) ;
#1863 = ORIENTED_EDGE ( 'NONE', *, *, #3863, .T. ) ;
#1864 = ORIENTED_EDGE ( 'NONE', *, *, #2128, .T. ) ;
#1865 = CARTESIAN_POINT ( 'NONE',  ( -0.01000000000000000000, 0.1999999999999998400, 0.4209999999999986000 ) ) ;
#1866 = FACE_OUTER_BOUND ( 'NONE', #3032, .T. ) ;
#1867 = DIRECTION ( 'NONE',  ( -6.123233995736766000E-017, -0.0000000000000000000, -1.000000000000000000 ) ) ;
#1868 = CARTESIAN_POINT ( 'NONE',  ( -0.3163012821475887900, 0.5678498911788146800, -0.7850000000000001400 ) ) ;
#1869 = ORIENTED_EDGE ( 'NONE', *, *, #1569, .F. ) ;
#1870 = ORIENTED_EDGE ( 'NONE', *, *, #969, .F. ) ;
#1871 = VECTOR ( 'NONE', #3538, 39.37007874015748900 ) ;
#1872 = EDGE_CURVE ( 'NONE', #1390, #1243, #631, .T. ) ;
#1873 = EDGE_LOOP ( 'NONE', ( #8, #827, #1643, #57, #573, #3613, #3509, #1516, #2926 ) ) ;
#1874 = CARTESIAN_POINT ( 'NONE',  ( 0.2500000000000001100, 0.0000000000000000000, -0.7849999999999999200 ) ) ;
#1875 = VECTOR ( 'NONE', #3551, 39.37007874015748100 ) ;
#1876 = ORIENTED_EDGE ( 'NONE', *, *, #1341, .F. ) ;
#1877 = LINE ( 'NONE', #3306, #3036 ) ;
#1878 = EDGE_CURVE ( 'NONE', #1258, #838, #3701, .T. ) ;
#1879 = LINE ( 'NONE', #3341, #2498 ) ;
#1880 = CARTESIAN_POINT ( 'NONE',  ( 0.5749130369021040500, -0.01000000000000000000, 0.5649999999999999500 ) ) ;
#1881 = VERTEX_POINT ( 'NONE', #2072 ) ;
#1882 = VECTOR ( 'NONE', #2145, 39.37007874015748100 ) ;
#1883 = DIRECTION ( 'NONE',  ( -1.000000000000000000, 0.0000000000000000000, 6.123233995736766000E-017 ) ) ;
#1884 = DIRECTION ( 'NONE',  ( 1.000000000000000000, 0.0000000000000000000, -6.123233995736766000E-017 ) ) ;
#1885 = VERTEX_POINT ( 'NONE', #1772 ) ;
#1886 = CARTESIAN_POINT ( 'NONE',  ( -0.2787962644132028200, 0.5028892949240850700, 0.4250000000000001000 ) ) ;
#1887 = DIRECTION ( 'NONE',  ( 1.000000000000000000, 0.0000000000000000000, -6.123233995736766000E-017 ) ) ;
#1888 = AXIS2_PLACEMENT_3D ( 'NONE', #942, #2469, #1883 ) ;
#1889 = VERTEX_POINT ( 'NONE', #2375 ) ;
#1890 = DIRECTION ( 'NONE',  ( -1.000000000000000000, 0.0000000000000000000, 0.0000000000000000000 ) ) ;
#1891 = DIRECTION ( 'NONE',  ( -1.000000000000000000, 0.0000000000000000000, 0.0000000000000000000 ) ) ;
#1892 = CARTESIAN_POINT ( 'NONE',  ( 0.2500000000000001100, 0.0000000000000000000, -0.7849999999999999200 ) ) ;
#1893 = EDGE_CURVE ( 'NONE', #329, #3955, #48, .T. ) ;
#1894 = DIRECTION ( 'NONE',  ( -6.123233995736766000E-017, -0.0000000000000000000, -1.000000000000000000 ) ) ;
#1895 = EDGE_CURVE ( 'NONE', #2631, #382, #398, .T. ) ;
#1896 = CARTESIAN_POINT ( 'NONE',  ( -0.008660254037844433400, -0.004999999999999920300, 0.0000000000000000000 ) ) ;
#1897 = CARTESIAN_POINT ( 'NONE',  ( 0.5750000000000000700, 0.0000000000000000000, 0.4250000000000001000 ) ) ;
#1898 = ORIENTED_EDGE ( 'NONE', *, *, #3680, .F. ) ;
#1899 = ORIENTED_EDGE ( 'NONE', *, *, #1657, .T. ) ;
#1900 = CARTESIAN_POINT ( 'NONE',  ( 0.2500000000000000600, 0.003334445282294768000, -0.3953786931315602100 ) ) ;
#1901 = DIRECTION ( 'NONE',  ( -6.123233995736766000E-017, -0.0000000000000000000, -1.000000000000000000 ) ) ;
#1902 = ORIENTED_EDGE ( 'NONE', *, *, #728, .F. ) ;
#1903 = ORIENTED_EDGE ( 'NONE', *, *, #1126, .F. ) ;
#1904 = CARTESIAN_POINT ( 'NONE',  ( 8.266365894244635600E-017, 0.0000000000000000000, 0.5649999999999999500 ) ) ;
#1905 = ORIENTED_EDGE ( 'NONE', *, *, #215, .F. ) ;
#1906 = DIRECTION ( 'NONE',  ( 0.6123724356957847000, 0.3535533905932719000, -0.7071067811865569000 ) ) ;
#1907 = PERSON_AND_ORGANIZATION ( #723, #1534 ) ;
#1908 = CARTESIAN_POINT ( 'NONE',  ( 0.5122783711104411700, 0.01000000000000000000, -0.5542459965028788700 ) ) ;
#1909 = ORIENTED_EDGE ( 'NONE', *, *, #2036, .T. ) ;
#1910 = ORIENTED_EDGE ( 'NONE', *, *, #2460, .T. ) ;
#1911 = CARTESIAN_POINT ( 'NONE',  ( 9.373498641636613500E-034, 0.0000000000000000000, -0.7850000000000001400 ) ) ;
#1912 = CIRCLE ( 'NONE', #425, 0.5287564434701826900 ) ;
#1913 = ORIENTED_EDGE ( 'NONE', *, *, #2274, .T. ) ;
#1914 = DIMENSIONAL_EXPONENTS ( 1.000000000000000000, 0.0000000000000000000, 0.0000000000000000000, 0.0000000000000000000, 0.0000000000000000000, 0.0000000000000000000, 0.0000000000000000000 ) ;
#1915 = EDGE_LOOP ( 'NONE', ( #583, #1641, #1996, #2164, #3150, #1064, #467, #2832, #742 ) ) ;
#1916 = CARTESIAN_POINT ( 'NONE',  ( -0.2961167724888917300, 0.4928892949240851200, 0.4250000000000001000 ) ) ;
#1917 = LINE ( 'NONE', #3812, #2741 ) ;
#1918 = PLANE ( 'NONE',  #2418 ) ;
#1919 = AXIS2_PLACEMENT_3D ( 'NONE', #1372, #2285, #1718 ) ;
#1920 = VERTEX_POINT ( 'NONE', #1846 ) ;
#1921 = AXIS2_PLACEMENT_3D ( 'NONE', #806, #3516, #2264 ) ;
#1922 = LINE ( 'NONE', #944, #2891 ) ;
#1923 = EDGE_CURVE ( 'NONE', #1243, #2783, #3570, .T. ) ;
#1924 = LINE ( 'NONE', #2064, #301 ) ;
#1925 = B_SPLINE_CURVE_WITH_KNOTS ( 'NONE', 3,
 ( #35, #1622, #3755, #1302 ),
 .UNSPECIFIED., .F., .F.,
 ( 4, 4 ),
 ( 1.947472152530578200E-006, 0.005504277200746679000 ),
 .UNSPECIFIED. ) ;
#1926 = CARTESIAN_POINT ( 'NONE',  ( 0.3163012821475929000, -0.5678498911788124600, 0.5750000000000001800 ) ) ;
#1927 = VERTEX_POINT ( 'NONE', #3681 ) ;
#1928 = DIRECTION ( 'NONE',  ( -6.123233995736766000E-017, -0.0000000000000000000, -1.000000000000000000 ) ) ;
#1929 = CIRCLE ( 'NONE', #1100, 0.5749999999999999600 ) ;
#1930 = CC_DESIGN_PERSON_AND_ORGANIZATION_ASSIGNMENT ( #1907, #2763, ( #2802 ) ) ;
#1931 = DIRECTION ( 'NONE',  ( -6.123233995736766000E-017, -0.0000000000000000000, -1.000000000000000000 ) ) ;
#1932 = AXIS2_PLACEMENT_3D ( 'NONE', #1610, #2209, #3142 ) ;
#1933 = VECTOR ( 'NONE', #2525, 39.37007874015748900 ) ;
#1934 = EDGE_CURVE ( 'NONE', #2185, #1694, #1345, .T. ) ;
#1935 = CARTESIAN_POINT ( 'NONE',  ( -0.01000000000000000000, -0.6384692386747189400, 0.5948362739983478200 ) ) ;
#1936 = ORIENTED_EDGE ( 'NONE', *, *, #222, .T. ) ;
#1937 = CYLINDRICAL_SURFACE ( 'NONE', #2241, 0.6500000000000001300 ) ;
#1938 = CARTESIAN_POINT ( 'NONE',  ( 0.01000000000000000000, 0.6499230723708769900, 0.4250000000000001000 ) ) ;
#1939 = DIRECTION ( 'NONE',  ( -1.000000000000000000, 0.0000000000000000000, 0.0000000000000000000 ) ) ;
#1940 = DIRECTION ( 'NONE',  ( 0.8660254037844431500, -0.4999999999999919000, -5.302876193624562300E-017 ) ) ;
#1941 = LINE ( 'NONE', #3649, #2165 ) ;
#1942 = DIRECTION ( 'NONE',  ( -1.000000000000000000, 0.0000000000000000000, 0.0000000000000000000 ) ) ;
#1943 = PLANE ( 'NONE',  #2635 ) ;
#1944 = CARTESIAN_POINT ( 'NONE',  ( -0.1162397059301245500, -0.2213330765278387100, 0.7849999999999998100 ) ) ;
#1945 = CARTESIAN_POINT ( 'NONE',  ( 0.5186507119713129600, 0.01000000000000000000, -0.5089128607762309900 ) ) ;
#1946 = AXIS2_PLACEMENT_3D ( 'NONE', #699, #1608, #3450 ) ;
#1947 = AXIS2_PLACEMENT_3D ( 'NONE', #477, #183, #138 ) ;
#1948 = CARTESIAN_POINT ( 'NONE',  ( -0.2787962644132028800, 0.5028892949240850700, -0.7850000000000001400 ) ) ;
#1949 = EDGE_CURVE ( 'NONE', #2530, #157, #3132, .T. ) ;
#1950 = CARTESIAN_POINT ( 'NONE',  ( -0.003333434814439973100, -0.5416759887966085000, 0.7626759887966161300 ) ) ;
#1951 = CARTESIAN_POINT ( 'NONE',  ( 0.1279216568640717800, -0.2148965835325541100, -0.3954454220892725800 ) ) ;
#1952 = AXIS2_PLACEMENT_3D ( 'NONE', #1668, #1971, #485 ) ;
#1953 = PLANE ( 'NONE',  #2222 ) ;
#1954 = EDGE_CURVE ( 'NONE', #1708, #3605, #683, .T. ) ;
#1955 = ORIENTED_EDGE ( 'NONE', *, *, #513, .T. ) ;
#1956 = ORIENTED_EDGE ( 'NONE', *, *, #1322, .T. ) ;
#1957 = EDGE_LOOP ( 'NONE', ( #2435, #3833, #3400, #1540 ) ) ;
#1958 = DIRECTION ( 'NONE',  ( -6.123233995736766000E-017, -0.0000000000000000000, -1.000000000000000000 ) ) ;
#1959 = DIRECTION ( 'NONE',  ( -0.8660254037844328200, 0.5000000000000101000, 0.0000000000000000000 ) ) ;
#1960 = ORIENTED_EDGE ( 'NONE', *, *, #663, .T. ) ;
#1961 = ORIENTED_EDGE ( 'NONE', *, *, #2703, .T. ) ;
#1962 = LINE ( 'NONE', #321, #92 ) ;
#1963 = CARTESIAN_POINT ( 'NONE',  ( -0.5678498911788124600, 0.3163012821475927900, 0.5650000000000000600 ) ) ;
#1964 = ORIENTED_EDGE ( 'NONE', *, *, #1206, .F. ) ;
#1965 = CARTESIAN_POINT ( 'NONE',  ( 0.2213330765278404800, -0.1162397059301215200, 0.4707999199359359500 ) ) ;
#1966 = EDGE_LOOP ( 'NONE', ( #3800, #3982, #375, #2141 ) ) ;
#1967 = DIRECTION ( 'NONE',  ( -0.6123724356957986900, -0.3535533905932856100, 0.7071067811865381400 ) ) ;
#1968 = VECTOR ( 'NONE', #422, 39.37007874015748900 ) ;
#1969 = VERTEX_POINT ( 'NONE', #3053 ) ;
#1970 = LINE ( 'NONE', #824, #1082 ) ;
#1971 = DIRECTION ( 'NONE',  ( -6.123233995736766000E-017, -0.0000000000000000000, -1.000000000000000000 ) ) ;
#1972 = CONICAL_SURFACE ( 'NONE', #3936, 0.6500000000000001300, 0.1396263401595466700 ) ;
#1973 = EDGE_CURVE ( 'NONE', #1831, #1018, #3084, .T. ) ;
#1974 = ORIENTED_EDGE ( 'NONE', *, *, #1058, .T. ) ;
#1975 = CYLINDRICAL_SURFACE ( 'NONE', #3679, 0.6500000000000001300 ) ;
#1976 = CARTESIAN_POINT ( 'NONE',  ( -0.2932018963615405400, -0.4878405813737274300, 0.7150005840914296400 ) ) ;
#1977 = AXIS2_PLACEMENT_3D ( 'NONE', #2797, #1859, #2178 ) ;
#1978 = VERTEX_POINT ( 'NONE', #320 ) ;
#1979 = VECTOR ( 'NONE', #3508, 39.37007874015748900 ) ;
#1980 = EDGE_CURVE ( 'NONE', #3259, #1927, #1853, .T. ) ;
#1981 = PLANE ( 'NONE',  #279 ) ;
#1982 = CARTESIAN_POINT ( 'NONE',  ( -0.2758813882858518500, -0.4978405813737273300, 0.7150005840914299700 ) ) ;
#1983 = DIRECTION ( 'NONE',  ( 6.123233995736766000E-017, 0.0000000000000000000, 1.000000000000000000 ) ) ;
#1984 = ORIENTED_EDGE ( 'NONE', *, *, #2710, .F. ) ;
#1985 = EDGE_LOOP ( 'NONE', ( #718, #3157, #2019, #3116, #373, #1081, #3500, #2463, #1381 ) ) ;
#1986 = CARTESIAN_POINT ( 'NONE',  ( 7.409113134841489000E-017, 0.0000000000000000000, 0.4250000000000001000 ) ) ;
#1987 = CARTESIAN_POINT ( 'NONE',  ( -0.008660254037844396900, -0.004999999999999980200, 0.7849999999999999200 ) ) ;
#1988 = CARTESIAN_POINT ( 'NONE',  ( -0.3134120018169178100, -0.5228455108487652900, 0.6450004751093608700 ) ) ;
#1989 = CARTESIAN_POINT ( 'NONE',  ( -0.3336602540378392800, 0.5579165124598883800, 0.7849999999999999200 ) ) ;
#1990 = PLANE ( 'NONE',  #3009 ) ;
#1991 = DIRECTION ( 'NONE',  ( -1.000000000000000000, 0.0000000000000000000, 0.0000000000000000000 ) ) ;
#1992 = CARTESIAN_POINT ( 'NONE',  ( -0.5286618735176922300, -0.01000000000000000000, 0.7849999999999998100 ) ) ;
#1993 = CARTESIAN_POINT ( 'NONE',  ( -0.01000000000000003000, 0.0000000000000000000, 0.4250000000000001600 ) ) ;
#1994 = DIRECTION ( 'NONE',  ( 0.0000000000000000000, -0.0000000000000000000, 1.000000000000000000 ) ) ;
#1995 = AXIS2_PLACEMENT_3D ( 'NONE', #684, #1314, #1890 ) ;
#1996 = ORIENTED_EDGE ( 'NONE', *, *, #3245, .F. ) ;
#1997 = DIRECTION ( 'NONE',  ( 0.4999999999999920100, 0.8660254037844433700, -0.0000000000000000000 ) ) ;
#1998 = ADVANCED_FACE ( 'NONE', ( #2252 ), #3976, .F. ) ;
#1999 = EDGE_CURVE ( 'NONE', #3537, #3259, #3669, .T. ) ;
#2000 = DIRECTION ( 'NONE',  ( 6.123233995736766000E-017, 0.0000000000000000000, 1.000000000000000000 ) ) ;
#2001 = DIRECTION ( 'NONE',  ( 6.123233995736766000E-017, 0.0000000000000000000, 1.000000000000000000 ) ) ;
#2002 = EDGE_LOOP ( 'NONE', ( #2626, #2008, #1566, #3667 ) ) ;
#2003 = PLANE ( 'NONE',  #1219 ) ;
#2004 = B_SPLINE_CURVE_WITH_KNOTS ( 'NONE', 3,
 ( #2664, #210, #512, #3597, #566, #2715, #3283 ),
 .UNSPECIFIED., .F., .F.,
 ( 4, 3, 4 ),
 ( 0.01709284325914704700, 0.02084976365248277000, 0.02259517296004174100 ),
 .UNSPECIFIED. ) ;
#2005 = CARTESIAN_POINT ( 'NONE',  ( 0.1524102540378467800, 0.2439823035880273600, 0.4250000000000001000 ) ) ;
#2006 = EDGE_CURVE ( 'NONE', #2452, #1633, #2682, .T. ) ;
#2007 = ORIENTED_EDGE ( 'NONE', *, *, #3085, .F. ) ;
#2008 = ORIENTED_EDGE ( 'NONE', *, *, #1447, .T. ) ;
#2009 = CARTESIAN_POINT ( 'NONE',  ( 0.5750000000000000700, 0.0000000000000000000, 0.4250000000000001000 ) ) ;
#2010 = PERSON_AND_ORGANIZATION ( #723, #1534 ) ;
#2011 = DIRECTION ( 'NONE',  ( -6.123233995736766000E-017, -0.0000000000000000000, -1.000000000000000000 ) ) ;
#2012 = VERTEX_POINT ( 'NONE', #603 ) ;
#2013 = ORIENTED_EDGE ( 'NONE', *, *, #2703, .F. ) ;
#2014 = CARTESIAN_POINT ( 'NONE',  ( 0.4707718843251346200, 0.2679511551671454100, 0.7626759887966161300 ) ) ;
#2015 = LINE ( 'NONE', #1355, #1827 ) ;
#2016 = PLANE ( 'NONE',  #3813 ) ;
#2017 = CARTESIAN_POINT ( 'NONE',  ( -0.01000000000000003000, 0.5749130369021039400, 0.4250000000000001000 ) ) ;
#2018 = ORIENTED_EDGE ( 'NONE', *, *, #3155, .F. ) ;
#2019 = ORIENTED_EDGE ( 'NONE', *, *, #2057, .T. ) ;
#2020 = CARTESIAN_POINT ( 'NONE',  ( 0.1335602140058135000, 0.2113330765278390900, 0.7849999999999997000 ) ) ;
#2021 = AXIS2_PLACEMENT_3D ( 'NONE', #1892, #3721, #3425 ) ;
#2022 = CYLINDRICAL_SURFACE ( 'NONE', #2957, 0.5749999999999999600 ) ;
#2023 = CARTESIAN_POINT ( 'NONE',  ( -0.5578498911788100100, -0.3336217902232854200, 0.5650000000000000600 ) ) ;
#2024 = EDGE_LOOP ( 'NONE', ( #829, #2478, #3748, #2215 ) ) ;
#2025 = CIRCLE ( 'NONE', #546, 0.5287564434701826900 ) ;
#2026 = ADVANCED_FACE ( 'NONE', ( #1552 ), #1802, .F. ) ;
#2027 = ORIENTED_EDGE ( 'NONE', *, *, #866, .F. ) ;
#2028 = VECTOR ( 'NONE', #1753, 39.37007874015748100 ) ;
#2029 = CIRCLE ( 'NONE', #498, 0.6500000000000001300 ) ;
#2030 = CARTESIAN_POINT ( 'NONE',  ( 0.0000000000000000000, -0.01000000000000000000, 0.0000000000000000000 ) ) ;
#2031 = DIRECTION ( 'NONE',  ( 0.0000000000000000000, -0.7071067811865381400, 0.7071067811865570100 ) ) ;
#2032 = FACE_OUTER_BOUND ( 'NONE', #2070, .T. ) ;
#2033 = DIRECTION ( 'NONE',  ( -1.000000000000000000, 0.0000000000000000000, 0.0000000000000000000 ) ) ;
#2034 = CARTESIAN_POINT ( 'NONE',  ( 0.3336217902232855300, 0.5578498911788102300, 0.4250000000000001000 ) ) ;
#2035 = AXIS2_PLACEMENT_3D ( 'NONE', #2810, #3738, #3761 ) ;
#2036 = EDGE_CURVE ( 'NONE', #1059, #1466, #1518, .T. ) ;
#2037 = CIRCLE ( 'NONE', #1849, 0.6500000000000001300 ) ;
#2038 = DIRECTION ( 'NONE',  ( -6.123233995736766000E-017, -0.0000000000000000000, -1.000000000000000000 ) ) ;
#2039 = DIRECTION ( 'NONE',  ( -0.8660254037844362700, -0.5000000000000041100, 5.302876193624520400E-017 ) ) ;
#2040 = ADVANCED_FACE ( 'NONE', ( #950 ), #1414, .T. ) ;
#2041 = DIRECTION ( 'NONE',  ( -1.000000000000000000, 0.0000000000000000000, 0.0000000000000000000 ) ) ;
#2042 = DIRECTION ( 'NONE',  ( 0.7559289460184440700, 0.0000000000000000000, 0.6546536707079890800 ) ) ;
#2043 = DIRECTION ( 'NONE',  ( -1.000000000000000000, 0.0000000000000000000, 1.187759997245331800E-016 ) ) ;
#2044 = CARTESIAN_POINT ( 'NONE',  ( -0.4740375896691670400, -0.2621387246177053800, 0.7625979573111028000 ) ) ;
#2045 = CARTESIAN_POINT ( 'NONE',  ( 8.266365894244635600E-017, 0.0000000000000000000, 0.5649999999999999500 ) ) ;
#2046 = ADVANCED_FACE ( 'NONE', ( #2122 ), #1810, .F. ) ;
#2047 = ORIENTED_EDGE ( 'NONE', *, *, #459, .F. ) ;
#2048 = CARTESIAN_POINT ( 'NONE',  ( 0.2113330765278379200, 0.1335602140058148600, 0.4707999199359362300 ) ) ;
#2049 = AXIS2_PLACEMENT_3D ( 'NONE', #3775, #1928, #2537 ) ;
#2050 = CARTESIAN_POINT ( 'NONE',  ( -0.01000000000000003000, 0.0000000000000000000, 0.5650000000000001700 ) ) ;
#2051 = EDGE_CURVE ( 'NONE', #480, #1593, #10, .T. ) ;
#2052 = ORIENTED_EDGE ( 'NONE', *, *, #901, .T. ) ;
#2053 = CARTESIAN_POINT ( 'NONE',  ( 0.5578498911788077900, 0.3336217902232893600, 0.4250000000000000400 ) ) ;
#2054 = ORIENTED_EDGE ( 'NONE', *, *, #120, .T. ) ;
#2055 = CARTESIAN_POINT ( 'NONE',  ( 1.016337998740283200E-032, 0.0000000000000000000, -0.7849999999999999200 ) ) ;
#2056 = ORIENTED_EDGE ( 'NONE', *, *, #568, .F. ) ;
#2057 = EDGE_CURVE ( 'NONE', #1344, #3940, #3334, .T. ) ;
#2058 = ADVANCED_FACE ( 'NONE', ( #2456 ), #2514, .F. ) ;
#2059 = LINE ( 'NONE', #3077, #3985 ) ;
#2060 = VERTEX_POINT ( 'NONE', #17 ) ;
#2061 = ORIENTED_EDGE ( 'NONE', *, *, #1627, .T. ) ;
#2062 = DIRECTION ( 'NONE',  ( -1.000000000000000000, 0.0000000000000000000, 1.187759997245331800E-016 ) ) ;
#2063 = VECTOR ( 'NONE', #1804, 39.37007874015748100 ) ;
#2064 = CARTESIAN_POINT ( 'NONE',  ( 0.1350897459621509800, -0.2539823035880233200, 0.5650000000000001700 ) ) ;
#2065 = ORIENTED_EDGE ( 'NONE', *, *, #3332, .F. ) ;
#2066 = LINE ( 'NONE', #2270, #984 ) ;
#2067 = CARTESIAN_POINT ( 'NONE',  ( 0.2411065240055065600, 0.4376087496138509300, -0.6449122492182509700 ) ) ;
#2068 = CIRCLE ( 'NONE', #2390, 0.2500000000000000000 ) ;
#2069 = ORIENTED_EDGE ( 'NONE', *, *, #3607, .F. ) ;
#2070 = EDGE_LOOP ( 'NONE', ( #1728, #1813, #575, #1984 ) ) ;
#2071 = LINE ( 'NONE', #3004, #444 ) ;
#2072 = CARTESIAN_POINT ( 'NONE',  ( 0.5028892949240850700, -0.2787962644132029300, 0.4250000000000001000 ) ) ;
#2073 = CARTESIAN_POINT ( 'NONE',  ( 0.2113330765278407800, -0.1335602140058105600, -0.7850000000000002500 ) ) ;
#2074 = CARTESIAN_POINT ( 'NONE',  ( 0.5053090229140128100, 0.2801932950195673600, 0.7000657489934246600 ) ) ;
#2075 = ORIENTED_EDGE ( 'NONE', *, *, #2645, .F. ) ;
#2076 = LINE ( 'NONE', #1439, #1277 ) ;
#2077 = CARTESIAN_POINT ( 'NONE',  ( 0.2500000000000001100, 0.0000000000000000000, -0.7849999999999999200 ) ) ;
#2078 = ORIENTED_EDGE ( 'NONE', *, *, #949, .F. ) ;
#2079 = ORIENTED_EDGE ( 'NONE', *, *, #3710, .T. ) ;
#2080 = EDGE_CURVE ( 'NONE', #2647, #3825, #2947, .T. ) ;
#2081 = CARTESIAN_POINT ( 'NONE',  ( -0.5186507119713129600, 0.01000000000000000000, -0.5089128607762308800 ) ) ;
#2082 = DIRECTION ( 'NONE',  ( 0.0000000000000000000, 0.0000000000000000000, 1.000000000000000000 ) ) ;
#2083 = ADVANCED_FACE ( 'NONE', ( #2848 ), #2506, .F. ) ;
#2084 = CARTESIAN_POINT ( 'NONE',  ( -0.003333434814439716800, 0.5416759887966085000, 0.7626759887966161300 ) ) ;
#2085 = VERTEX_POINT ( 'NONE', #2834 ) ;
#2086 = AXIS2_PLACEMENT_3D ( 'NONE', #2176, #3115, #1637 ) ;
#2087 = CARTESIAN_POINT ( 'NONE',  ( 0.4205548423825831200, -0.2312604460747872700, -0.7850000000000002500 ) ) ;
#2088 = CARTESIAN_POINT ( 'NONE',  ( 0.2584709074720697400, 0.4276847440200473600, -0.6450000000000001300 ) ) ;
#2089 = CARTESIAN_POINT ( 'NONE',  ( -0.2499999999999999700, 0.003334445282294745400, -0.3953786931315602100 ) ) ;
#2090 = EDGE_LOOP ( 'NONE', ( #3828, #1044, #1778, #2371, #2486, #2393, #2288, #1531, #482, #1870, #283, #1551, #3665, #1490, #1304, #3803, #2692, #294, #2455, #2902, #1588, #295, #3112, #1898, #2714, #1116, #2457, #2636 ) ) ;
#2091 = AXIS2_PLACEMENT_3D ( 'NONE', #1479, #1786, #560 ) ;
#2092 = CARTESIAN_POINT ( 'NONE',  ( 9.613477373306722300E-017, 0.0000000000000000000, 0.7849999999999998100 ) ) ;
#2093 = ORIENTED_EDGE ( 'NONE', *, *, #697, .F. ) ;
#2094 = CARTESIAN_POINT ( 'NONE',  ( -0.5028892949240811900, -0.2787962644132099800, -0.7850000000000001400 ) ) ;
#2095 = CARTESIAN_POINT ( 'NONE',  ( 0.4362500000000011400, -0.2403220495501810800, 0.4250000000000001000 ) ) ;
#2096 = ADVANCED_FACE ( 'NONE', ( #3809 ), #3711, .F. ) ;
#2097 = VERTEX_POINT ( 'NONE', #3101 ) ;
#2098 = EDGE_CURVE ( 'NONE', #2661, #2871, #741, .T. ) ;
#2099 = ORIENTED_EDGE ( 'NONE', *, *, #2722, .T. ) ;
#2100 = ORIENTED_EDGE ( 'NONE', *, *, #2268, .T. ) ;
#2101 = CARTESIAN_POINT ( 'NONE',  ( -0.01000000000000000000, 0.5415979573110951700, 0.7625979573111030300 ) ) ;
#2102 = AXIS2_PLACEMENT_3D ( 'NONE', #3586, #862, #1473 ) ;
#2103 = ORIENTED_EDGE ( 'NONE', *, *, #622, .T. ) ;
#2104 = COORDINATED_UNIVERSAL_TIME_OFFSET ( 6, 0, .BEHIND. ) ;
#2105 = EDGE_CURVE ( 'NONE', #2440, #2149, #3183, .T. ) ;
#2106 = ADVANCED_FACE ( 'NONE', ( #3474 ), #2307, .T. ) ;
#2107 = ORIENTED_EDGE ( 'NONE', *, *, #1420, .F. ) ;
#2108 = ORIENTED_EDGE ( 'NONE', *, *, #1239, .T. ) ;
#2109 = CIRCLE ( 'NONE', #637, 0.6500000000000001300 ) ;
#2110 = ORIENTED_EDGE ( 'NONE', *, *, #1024, .F. ) ;
#2111 = VERTEX_POINT ( 'NONE', #3385 ) ;
#2112 = FACE_OUTER_BOUND ( 'NONE', #2186, .T. ) ;
#2113 = ORIENTED_EDGE ( 'NONE', *, *, #690, .F. ) ;
#2114 = ORIENTED_EDGE ( 'NONE', *, *, #3420, .T. ) ;
#2115 = LINE ( 'NONE', #717, #1313 ) ;
#2116 = LINE ( 'NONE', #72, #3566 ) ;
#2117 = CARTESIAN_POINT ( 'NONE',  ( 0.01000000000000000000, -0.5426946107761696500, -0.3378663635626186800 ) ) ;
#2118 = ORIENTED_EDGE ( 'NONE', *, *, #3723, .F. ) ;
#2119 = APPROVAL_ROLE ( '' ) ;
#2120 = FACE_OUTER_BOUND ( 'NONE', #3686, .T. ) ;
#2121 = VERTEX_POINT ( 'NONE', #1880 ) ;
#2122 = FACE_OUTER_BOUND ( 'NONE', #917, .T. ) ;
#2123 = VECTOR ( 'NONE', #1983, 39.37007874015748100 ) ;
#2124 = CARTESIAN_POINT ( 'NONE',  ( -0.4205548423825814500, 0.2312604460747903800, -0.7850000000000002500 ) ) ;
#2125 = AXIS2_PLACEMENT_3D ( 'NONE', #247, #231, #3266 ) ;
#2126 = ADVANCED_FACE ( 'NONE', ( #1653 ), #2210, .T. ) ;
#2127 = ORIENTED_EDGE ( 'NONE', *, *, #3393, .F. ) ;
#2128 = EDGE_CURVE ( 'NONE', #1030, #1352, #2790, .T. ) ;
#2129 = EDGE_CURVE ( 'NONE', #2182, #838, #1464, .T. ) ;
#2130 = CARTESIAN_POINT ( 'NONE',  ( 0.6484221289771118200, 0.01000000000000000000, 0.4143214967735571700 ) ) ;
#2131 = EDGE_CURVE ( 'NONE', #2402, #963, #2359, .T. ) ;
#2132 = DIRECTION ( 'NONE',  ( -1.000000000000000000, 0.0000000000000000000, 0.0000000000000000000 ) ) ;
#2133 = DIRECTION ( 'NONE',  ( -0.4999999999999980000, -0.8660254037844398200, 0.0000000000000000000 ) ) ;
#2134 = DIRECTION ( 'NONE',  ( -1.000000000000000000, 0.0000000000000000000, 0.0000000000000000000 ) ) ;
#2135 = DIRECTION ( 'NONE',  ( -6.123233995736766000E-017, -0.0000000000000000000, -1.000000000000000000 ) ) ;
#2136 = CARTESIAN_POINT ( 'NONE',  ( 0.4928892949240791200, 0.2961167724889021100, 0.4250000000000001000 ) ) ;
#2137 = ORIENTED_EDGE ( 'NONE', *, *, #491, .F. ) ;
#2138 = AXIS2_PLACEMENT_3D ( 'NONE', #432, #1715, #2572 ) ;
#2139 = ORIENTED_EDGE ( 'NONE', *, *, #2910, .T. ) ;
#2140 = CARTESIAN_POINT ( 'NONE',  ( 9.613477373306724800E-017, 0.0000000000000000000, 0.7850000000000001400 ) ) ;
#2141 = ORIENTED_EDGE ( 'NONE', *, *, #230, .F. ) ;
#2142 = EDGE_CURVE ( 'NONE', #3442, #149, #1839, .T. ) ;
#2143 = ORIENTED_EDGE ( 'NONE', *, *, #2439, .F. ) ;
#2144 = VERTEX_POINT ( 'NONE', #1066 ) ;
#2145 = DIRECTION ( 'NONE',  ( 6.123233995736766000E-017, 0.0000000000000000000, 1.000000000000000000 ) ) ;
#2146 = CONICAL_SURFACE ( 'NONE', #2138, 0.6500000000000001300, 0.1396263401595466700 ) ;
#2147 = DIRECTION ( 'NONE',  ( 0.3535533905932772300, 0.6123724356957940300, 0.7071067811865462400 ) ) ;
#2148 = VERTEX_POINT ( 'NONE', #2860 ) ;
#2149 = VERTEX_POINT ( 'NONE', #95 ) ;
#2150 = EDGE_CURVE ( 'NONE', #1483, #1969, #638, .T. ) ;
#2151 = CARTESIAN_POINT ( 'NONE',  ( -1.087531754730549600, 0.6163397459621531300, -0.7850000000000001400 ) ) ;
#2152 = LINE ( 'NONE', #1103, #3172 ) ;
#2153 = EDGE_LOOP ( 'NONE', ( #871, #2621, #16, #2757 ) ) ;
#2154 = FACE_OUTER_BOUND ( 'NONE', #61, .T. ) ;
#2155 = CARTESIAN_POINT ( 'NONE',  ( -0.3163012821475967300, -0.5678498911788101300, 0.4250000000000001000 ) ) ;
#2156 = VECTOR ( 'NONE', #1707, 39.37007874015748100 ) ;
#2157 = ORIENTED_EDGE ( 'NONE', *, *, #915, .T. ) ;
#2158 = VECTOR ( 'NONE', #3592, 39.37007874015748100 ) ;
#2159 = FACE_OUTER_BOUND ( 'NONE', #3226, .T. ) ;
#2160 = DIRECTION ( 'NONE',  ( -6.123233995736766000E-017, -0.0000000000000000000, -1.000000000000000000 ) ) ;
#2161 = ORIENTED_EDGE ( 'NONE', *, *, #1507, .T. ) ;
#2162 = CIRCLE ( 'NONE', #1705, 0.5749999999999999600 ) ;
#2163 = CARTESIAN_POINT ( 'NONE',  ( 0.01000000000000000000, -0.6414365596524791400, 0.3646224708932414600 ) ) ;
#2164 = ORIENTED_EDGE ( 'NONE', *, *, #2419, .F. ) ;
#2165 = VECTOR ( 'NONE', #177, 39.37007874015748100 ) ;
#2166 = ORIENTED_EDGE ( 'NONE', *, *, #2468, .T. ) ;
#2167 = EDGE_CURVE ( 'NONE', #3458, #2097, #2029, .T. ) ;
#2168 = CARTESIAN_POINT ( 'NONE',  ( -0.5578498911788124500, 0.3336217902232815900, 0.4250000000000001600 ) ) ;
#2169 = DIRECTION ( 'NONE',  ( -1.000000000000000000, 0.0000000000000000000, 0.0000000000000000000 ) ) ;
#2170 = EDGE_CURVE ( 'NONE', #178, #265, #2335, .T. ) ;
#2171 = DIRECTION ( 'NONE',  ( 1.000000000000000000, 0.0000000000000000000, -6.123233995736766000E-017 ) ) ;
#2172 = CARTESIAN_POINT ( 'NONE',  ( 0.5265796790775291200, -0.3155679248489841000, 0.6375330225309449000 ) ) ;
#2173 = AXIS2_PLACEMENT_3D ( 'NONE', #483, #2292, #1045 ) ;
#2174 = DIRECTION ( 'NONE',  ( -6.123233995736766000E-017, -0.0000000000000000000, -1.000000000000000000 ) ) ;
#2175 = ORIENTED_EDGE ( 'NONE', *, *, #445, .T. ) ;
#2176 = CARTESIAN_POINT ( 'NONE',  ( -0.008660254037844362200, 0.005000000000000039100, 0.0000000000000000000 ) ) ;
#2177 = ORIENTED_EDGE ( 'NONE', *, *, #3346, .T. ) ;
#2178 = DIRECTION ( 'NONE',  ( -1.000000000000000000, 0.0000000000000000000, 6.123233995736766000E-017 ) ) ;
#2179 =( BOUNDED_CURVE ( )  B_SPLINE_CURVE ( 3, ( #3247, #3521, #819, #130 ),
 .UNSPECIFIED., .F., .F. ) 
 B_SPLINE_CURVE_WITH_KNOTS ( ( 4, 4 ),
 ( 3.124217121762408800, 3.158968185417176900 ),
 .UNSPECIFIED. ) 
 CURVE ( )  GEOMETRIC_REPRESENTATION_ITEM ( )  RATIONAL_B_SPLINE_CURVE ( ( 1.000000000000000000, 0.9998993661631328000, 0.9998993661631328000, 1.000000000000000000 ) ) 
 REPRESENTATION_ITEM ( '' )  );
#2180 = ORIENTED_EDGE ( 'NONE', *, *, #1447, .F. ) ;
#2181 = ORIENTED_EDGE ( 'NONE', *, *, #1872, .T. ) ;
#2182 = VERTEX_POINT ( 'NONE', #1938 ) ;
#2183 = DIRECTION ( 'NONE',  ( -1.000000000000000000, 0.0000000000000000000, 1.187759997245331800E-016 ) ) ;
#2184 = DIRECTION ( 'NONE',  ( -0.4999999999999979500, 0.8660254037844397100, 3.061616997868370100E-017 ) ) ;
#2185 = VERTEX_POINT ( 'NONE', #132 ) ;
#2186 = EDGE_LOOP ( 'NONE', ( #2939, #355, #326, #234, #2483, #3129, #1362, #39, #3072 ) ) ;
#2187 = AXIS2_PLACEMENT_3D ( 'NONE', #1287, #63, #3422 ) ;
#2188 = VECTOR ( 'NONE', #3805, 39.37007874015748100 ) ;
#2189 = EDGE_CURVE ( 'NONE', #3651, #3650, #499, .T. ) ;
#2190 = CARTESIAN_POINT ( 'NONE',  ( -0.2499332977472276700, -0.006668223341808169500, -0.3953119908787879300 ) ) ;
#2191 = ORIENTED_EDGE ( 'NONE', *, *, #3970, .T. ) ;
#2192 = CARTESIAN_POINT ( 'NONE',  ( -0.009999999999999916900, 0.5749130369021039400, 0.5649999999999999500 ) ) ;
#2193 = ORIENTED_EDGE ( 'NONE', *, *, #2645, .T. ) ;
#2194 = CARTESIAN_POINT ( 'NONE',  ( 0.01000000000000000000, -0.5415979573110951700, 0.7625979573111030300 ) ) ;
#2195 = CARTESIAN_POINT ( 'NONE',  ( 0.5609087331960612700, 0.01000000000000000000, -0.2082872894914301300 ) ) ;
#2196 = VECTOR ( 'NONE', #2880, 39.37007874015747400 ) ;
#2197 = DIRECTION ( 'NONE',  ( -6.123233995736766000E-017, -0.0000000000000000000, -1.000000000000000000 ) ) ;
#2198 = AXIS2_PLACEMENT_3D ( 'NONE', #808, #2612, #2946 ) ;
#2199 = ORIENTED_EDGE ( 'NONE', *, *, #1458, .T. ) ;
#2200 = ORIENTED_EDGE ( 'NONE', *, *, #2468, .F. ) ;
#2201 = CIRCLE ( 'NONE', #2301, 0.2500000000000000000 ) ;
#2202 = EDGE_CURVE ( 'NONE', #3119, #1743, #211, .T. ) ;
#2203 = FACE_OUTER_BOUND ( 'NONE', #2916, .T. ) ;
#2204 = CARTESIAN_POINT ( 'NONE',  ( 0.5750000000000000700, 0.0000000000000000000, 0.4250000000000001000 ) ) ;
#2205 = VERTEX_POINT ( 'NONE', #3185 ) ;
#2206 = LINE ( 'NONE', #3514, #352 ) ;
#2207 = CARTESIAN_POINT ( 'NONE',  ( -0.4205548423825814500, 0.2312604460747903800, -0.7850000000000002500 ) ) ;
#2208 = VERTEX_POINT ( 'NONE', #1354 ) ;
#2209 = DIRECTION ( 'NONE',  ( -0.3535533905932802800, -0.6123724356957893600, -0.7071067811865486800 ) ) ;
#2210 = CONICAL_SURFACE ( 'NONE', #3444, 0.5287564434701826900, 0.5235987755982853800 ) ;
#2211 = CIRCLE ( 'NONE', #1053, 0.6500000000000001300 ) ;
#2212 = CARTESIAN_POINT ( 'NONE',  ( 0.1524102540378432200, -0.2439823035880254700, 0.4250000000000001000 ) ) ;
#2213 = DIRECTION ( 'NONE',  ( 0.0000000000000000000, 0.0000000000000000000, 1.000000000000000000 ) ) ;
#2214 = AXIS2_PLACEMENT_3D ( 'NONE', #1324, #702, #1625 ) ;
#2215 = ORIENTED_EDGE ( 'NONE', *, *, #1672, .F. ) ;
#2216 = DIRECTION ( 'NONE',  ( -1.000000000000000000, 0.0000000000000000000, 0.0000000000000000000 ) ) ;
#2217 = CARTESIAN_POINT ( 'NONE',  ( -0.6064397785292893200, -0.01000000000000000000, 0.6503059190099518300 ) ) ;
#2218 = CARTESIAN_POINT ( 'NONE',  ( 0.2113330765278382000, 0.1335602140058150000, -0.7850000000000002500 ) ) ;
#2219 = DIRECTION ( 'NONE',  ( -1.000000000000000000, 0.0000000000000000000, 1.050710766793947200E-016 ) ) ;
#2220 = CARTESIAN_POINT ( 'NONE',  ( 0.3085577464967825300, -0.5144376940013880600, 0.06836233743005454300 ) ) ;
#2221 = DIRECTION ( 'NONE',  ( 1.000000000000000000, 0.0000000000000000000, -6.123233995736766000E-017 ) ) ;
#2222 = AXIS2_PLACEMENT_3D ( 'NONE', #86, #1967, #2567 ) ;
#2223 = EDGE_CURVE ( 'NONE', #1805, #329, #3912, .T. ) ;
#2224 = ORIENTED_EDGE ( 'NONE', *, *, #2992, .T. ) ;
#2225 = CARTESIAN_POINT ( 'NONE',  ( -0.5286618735176923400, 0.01000000000000000000, 0.7849999999999997000 ) ) ;
#2226 = DIRECTION ( 'NONE',  ( 1.000000000000000000, 0.0000000000000000000, -1.050710766793947200E-016 ) ) ;
#2227 = ORIENTED_EDGE ( 'NONE', *, *, #3492, .T. ) ;
#2228 = CARTESIAN_POINT ( 'NONE',  ( 0.01000000000000000000, -0.5415979573110951700, 0.7625979573111030300 ) ) ;
#2229 = CARTESIAN_POINT ( 'NONE',  ( -0.5578498911788100100, -0.3336217902232854200, 0.4250000000000001600 ) ) ;
#2230 = DATE_AND_TIME ( #379, #3790 ) ;
#2231 = EDGE_LOOP ( 'NONE', ( #3007, #3642, #2061, #32 ) ) ;
#2232 = ORIENTED_EDGE ( 'NONE', *, *, #1954, .T. ) ;
#2233 = B_SPLINE_CURVE_WITH_KNOTS ( 'NONE', 3,
 ( #3467, #1630, #416, #2543, #2217, #666, #709 ),
 .UNSPECIFIED., .F., .F.,
 ( 4, 3, 4 ),
 ( 0.01695838223662355200, 0.01980466064540401700, 0.02311777893953316900 ),
 .UNSPECIFIED. ) ;
#2234 = FACE_OUTER_BOUND ( 'NONE', #3175, .T. ) ;
#2235 = EDGE_LOOP ( 'NONE', ( #1858, #325, #1368, #89 ) ) ;
#2236 = VERTEX_POINT ( 'NONE', #431 ) ;
#2237 = CARTESIAN_POINT ( 'NONE',  ( -0.009999999999999916900, -0.6499230723708769900, 0.5750000000000001800 ) ) ;
#2238 = CARTESIAN_POINT ( 'NONE',  ( 1.087531754730541000, 0.6163397459621681200, -0.7850000000000001400 ) ) ;
#2239 = VECTOR ( 'NONE', #363, 39.37007874015748100 ) ;
#2240 = VERTEX_POINT ( 'NONE', #406 ) ;
#2241 = AXIS2_PLACEMENT_3D ( 'NONE', #752, #2893, #3483 ) ;
#2242 = LINE ( 'NONE', #3875, #3409 ) ;
#2243 = EDGE_CURVE ( 'NONE', #451, #1449, #863, .T. ) ;
#2244 = CARTESIAN_POINT ( 'NONE',  ( 0.01000000000000000000, -0.5415979573110951700, 0.7625979573111030300 ) ) ;
#2245 = LINE ( 'NONE', #1102, #2156 ) ;
#2246 = DIRECTION ( 'NONE',  ( -6.123233995736766000E-017, -0.0000000000000000000, -1.000000000000000000 ) ) ;
#2247 = ORIENTED_EDGE ( 'NONE', *, *, #791, .F. ) ;
#2248 = CARTESIAN_POINT ( 'NONE',  ( 0.6500000000000003600, 0.0000000000000000000, 0.4250000000000000400 ) ) ;
#2249 = LINE ( 'NONE', #238, #2158 ) ;
#2250 = CC_DESIGN_PERSON_AND_ORGANIZATION_ASSIGNMENT ( #1635, #3358, ( #3264 ) ) ;
#2251 = AXIS2_PLACEMENT_3D ( 'NONE', #405, #1931, #2811 ) ;
#2252 = FACE_OUTER_BOUND ( 'NONE', #2524, .T. ) ;
#2253 = EDGE_CURVE ( 'NONE', #3639, #2589, #1240, .T. ) ;
#2254 = EDGE_LOOP ( 'NONE', ( #3311, #981, #1292, #1071, #2054, #2100, #1913, #3446, #1909 ) ) ;
#2255 = LINE ( 'NONE', #2342, #3811 ) ;
#2256 = DIRECTION ( 'NONE',  ( -6.123233995736766000E-017, -0.0000000000000000000, -1.000000000000000000 ) ) ;
#2257 = DIRECTION ( 'NONE',  ( -0.7071067811865486800, 0.0000000000000000000, 0.7071067811865462400 ) ) ;
#2258 = ORIENTED_EDGE ( 'NONE', *, *, #3542, .F. ) ;
#2259 = CARTESIAN_POINT ( 'NONE',  ( -0.01000000000000000000, 0.4944857750133735400, -0.6808219628767542300 ) ) ;
#2260 = CARTESIAN_POINT ( 'NONE',  ( 7.409113134841489000E-017, 0.0000000000000000000, 0.4250000000000001000 ) ) ;
#2261 = EDGE_LOOP ( 'NONE', ( #3366, #2980, #3051, #3399, #1328 ) ) ;
#2262 = CARTESIAN_POINT ( 'NONE',  ( 0.5678498911788080200, 0.3163012821476007800, -0.7850000000000001400 ) ) ;
#2263 = DIRECTION ( 'NONE',  ( -1.000000000000000000, 0.0000000000000000000, 1.187759997245331800E-016 ) ) ;
#2264 = DIRECTION ( 'NONE',  ( 0.0000000000000000000, 0.0000000000000000000, 1.000000000000000000 ) ) ;
#2265 = DIRECTION ( 'NONE',  ( -0.4999999999999919000, 0.8660254037844431500, 3.061616997868333100E-017 ) ) ;
#2266 = CARTESIAN_POINT ( 'NONE',  ( 8.266365894244635600E-017, 0.0000000000000000000, 0.5649999999999999500 ) ) ;
#2267 = ORIENTED_EDGE ( 'NONE', *, *, #809, .F. ) ;
#2268 = EDGE_CURVE ( 'NONE', #2808, #3272, #3616, .T. ) ;
#2269 = CARTESIAN_POINT ( 'NONE',  ( 8.266365894244635600E-017, 0.0000000000000000000, 0.5649999999999999500 ) ) ;
#2270 = CARTESIAN_POINT ( 'NONE',  ( 0.5750000000000000700, 0.01000000000000000000, 0.5650000000000001700 ) ) ;
#2271 = DIRECTION ( 'NONE',  ( -6.123233995736766000E-017, -0.0000000000000000000, -1.000000000000000000 ) ) ;
#2272 = AXIS2_PLACEMENT_3D ( 'NONE', #360, #1578, #1884 ) ;
#2273 = DIRECTION ( 'NONE',  ( -1.000000000000000000, 0.0000000000000000000, 0.0000000000000000000 ) ) ;
#2274 = EDGE_CURVE ( 'NONE', #3272, #730, #3709, .T. ) ;
#2275 = ORIENTED_EDGE ( 'NONE', *, *, #176, .F. ) ;
#2277 = ORIENTED_EDGE ( 'NONE', *, *, #4, .F. ) ;
#2276 = PLANE ( 'NONE',  #1394 ) ;
#2278 = VERTEX_POINT ( 'NONE', #2218 ) ;
#2279 = PLANE ( 'NONE',  #3785 ) ;
#2280 = CARTESIAN_POINT ( 'NONE',  ( 8.327598234202003100E-017, 0.0000000000000000000, 0.5750000000000001800 ) ) ;
#2281 = CARTESIAN_POINT ( 'NONE',  ( -0.01000000000000000000, 0.4871636232262275300, -0.7329109864437067800 ) ) ;
#2282 = ORIENTED_EDGE ( 'NONE', *, *, #415, .F. ) ;
#2283 = VERTEX_POINT ( 'NONE', #2237 ) ;
#2284 = SHAPE_DEFINITION_REPRESENTATION ( #799, #3342 ) ;
#2285 = DIRECTION ( 'NONE',  ( -0.5000000000000101000, 0.8660254037844328200, 0.0000000000000000000 ) ) ;
#2286 = ORIENTED_EDGE ( 'NONE', *, *, #2620, .T. ) ;
#2287 = PLANE ( 'NONE',  #3876 ) ;
#2288 = ORIENTED_EDGE ( 'NONE', *, *, #459, .T. ) ;
#2289 = FACE_OUTER_BOUND ( 'NONE', #240, .T. ) ;
#2290 = DIRECTION ( 'NONE',  ( -0.5000000000000101000, -0.8660254037844328200, 3.061616997868444600E-017 ) ) ;
#2291 = ORIENTED_EDGE ( 'NONE', *, *, #1371, .F. ) ;
#2292 = DIRECTION ( 'NONE',  ( -6.123233995736766000E-017, -0.0000000000000000000, -1.000000000000000000 ) ) ;
#2293 = VECTOR ( 'NONE', #1110, 39.37007874015748100 ) ;
#2294 = DIRECTION ( 'NONE',  ( 0.0000000000000000000, -1.000000000000000000, 0.0000000000000000000 ) ) ;
#2295 = FACE_OUTER_BOUND ( 'NONE', #621, .T. ) ;
#2296 = EDGE_CURVE ( 'NONE', #382, #1258, #2895, .T. ) ;
#2297 = ORIENTED_EDGE ( 'NONE', *, *, #999, .F. ) ;
#2298 = VECTOR ( 'NONE', #2746, 39.37007874015748100 ) ;
#2299 = CARTESIAN_POINT ( 'NONE',  ( -0.3336217902232854700, -0.5578498911788103400, 0.5750000000000001800 ) ) ;
#2300 = FACE_OUTER_BOUND ( 'NONE', #1295, .T. ) ;
#2301 = AXIS2_PLACEMENT_3D ( 'NONE', #2140, #3979, #2134 ) ;
#2302 = ORIENTED_EDGE ( 'NONE', *, *, #2768, .T. ) ;
#2303 = CYLINDRICAL_SURFACE ( 'NONE', #2590, 0.5749999999999999600 ) ;
#2304 = EDGE_CURVE ( 'NONE', #3135, #1881, #1189, .T. ) ;
#2305 = CARTESIAN_POINT ( 'NONE',  ( 0.5578498911788148900, -0.3336217902232777000, 0.5750000000000001800 ) ) ;
#2306 = B_SPLINE_CURVE_WITH_KNOTS ( 'NONE', 3,
 ( #3430, #2520, #694, #3105 ),
 .UNSPECIFIED., .F., .F.,
 ( 4, 4 ),
 ( 2.019659775572203500E-007, 0.02744312681923045600 ),
 .UNSPECIFIED. ) ;
#2307 = CONICAL_SURFACE ( 'NONE', #1675, 0.6500000000000001300, 0.1396263401595466700 ) ;
#2308 = DIRECTION ( 'NONE',  ( -6.123233995736766000E-017, 0.0000000000000000000, -1.000000000000000000 ) ) ;
#2309 = PLANE ( 'NONE',  #1921 ) ;
#2310 = LINE ( 'NONE', #817, #1520 ) ;
#2311 = AXIS2_PLACEMENT_3D ( 'NONE', #1896, #88, #3776 ) ;
#2312 = CARTESIAN_POINT ( 'NONE',  ( 0.4105548423825782200, 0.2485809541504848100, -0.7850000000000002500 ) ) ;
#2313 = CARTESIAN_POINT ( 'NONE',  ( 1.016337998740283200E-032, 0.0000000000000000000, -0.7849999999999999200 ) ) ;
#2314 =( BOUNDED_CURVE ( )  B_SPLINE_CURVE ( 3, ( #1083, #3261, #3817, #797 ),
 .UNSPECIFIED., .F., .T. ) 
 B_SPLINE_CURVE_WITH_KNOTS ( ( 4, 4 ),
 ( 3.132035932894353900, 3.151149374285232300 ),
 .UNSPECIFIED. ) 
 CURVE ( )  GEOMETRIC_REPRESENTATION_ITEM ( )  RATIONAL_B_SPLINE_CURVE ( ( 1.000000000000000000, 0.9999695565948860700, 0.9999695565948860700, 1.000000000000000000 ) ) 
 REPRESENTATION_ITEM ( '' )  );
#2315 = DIRECTION ( 'NONE',  ( -1.000000000000000000, 0.0000000000000000000, 1.187759997245331800E-016 ) ) ;
#2316 = ORIENTED_EDGE ( 'NONE', *, *, #2358, .T. ) ;
#2317 = DIRECTION ( 'NONE',  ( -1.000000000000000000, 0.0000000000000000000, 0.0000000000000000000 ) ) ;
#2318 = ADVANCED_FACE ( 'NONE', ( #2159 ), #763, .F. ) ;
#2319 = CARTESIAN_POINT ( 'NONE',  ( 0.01000000000000000000, -0.1999999999999998400, 0.4209999999999986000 ) ) ;
#2320 = CARTESIAN_POINT ( 'NONE',  ( 7.409113134841489000E-017, 0.0000000000000000000, 0.4250000000000001000 ) ) ;
#2321 = CARTESIAN_POINT ( 'NONE',  ( -0.3336217902232776500, 0.5578498911788147800, 0.5750000000000001800 ) ) ;
#2322 = CARTESIAN_POINT ( 'NONE',  ( 0.4996213068684410300, 0.0000000000000000000, -0.6450000000000006800 ) ) ;
#2323 = CARTESIAN_POINT ( 'NONE',  ( 9.613477373306724800E-017, 0.0000000000000000000, 0.7850000000000001400 ) ) ;
#2324 = ADVANCED_FACE ( 'NONE', ( #1752 ), #1364, .T. ) ;
#2325 = CARTESIAN_POINT ( 'NONE',  ( -0.4740375896691670400, -0.2621387246177053800, 0.7625979573111028000 ) ) ;
#2326 = DIRECTION ( 'NONE',  ( -1.000000000000000000, 0.0000000000000000000, 1.187759997245331800E-016 ) ) ;
#2327 = AXIS2_PLACEMENT_3D ( 'NONE', #188, #2638, #2337 ) ;
#2328 = DIRECTION ( 'NONE',  ( -1.000000000000000000, 0.0000000000000000000, 0.0000000000000000000 ) ) ;
#2329 = EDGE_CURVE ( 'NONE', #1251, #1573, #1274, .T. ) ;
#2330 = CARTESIAN_POINT ( 'NONE',  ( 8.266365894244635600E-017, 0.0000000000000000000, 0.5649999999999999500 ) ) ;
#2331 = CARTESIAN_POINT ( 'NONE',  ( -1.087531754730545400, -0.6163397459621607900, -0.7850000000000001400 ) ) ;
#2332 = CARTESIAN_POINT ( 'NONE',  ( 0.3241864163487365200, 0.5415073442396835000, 0.2907438892597292200 ) ) ;
#2333 = ORIENTED_EDGE ( 'NONE', *, *, #2799, .F. ) ;
#2334 = DIRECTION ( 'NONE',  ( -1.000000000000000000, 0.0000000000000000000, 1.050710766793947200E-016 ) ) ;
#2335 = B_SPLINE_CURVE_WITH_KNOTS ( 'NONE', 3,
 ( #3448, #3140, #1049, #698 ),
 .UNSPECIFIED., .F., .F.,
 ( 4, 4 ),
 ( 2.309469416708876400E-007, 0.006159627688388948300 ),
 .UNSPECIFIED. ) ;
#2336 = CARTESIAN_POINT ( 'NONE',  ( 0.4996213068684418100, 0.003333543001138796100, -0.6450000000000010200 ) ) ;
#2337 = DIRECTION ( 'NONE',  ( -1.000000000000000000, 0.0000000000000000000, 0.0000000000000000000 ) ) ;
#2338 = EDGE_CURVE ( 'NONE', #3952, #1682, #1739, .T. ) ;
#2339 = ADVANCED_FACE ( 'NONE', ( #1407 ), #2279, .T. ) ;
#2340 = EDGE_LOOP ( 'NONE', ( #659, #2535, #2697, #2409 ) ) ;
#2341 = VECTOR ( 'NONE', #3300, 39.37007874015748100 ) ;
#2342 = CARTESIAN_POINT ( 'NONE',  ( 0.1524102540378432200, -0.2439823035880254700, 0.5650000000000001700 ) ) ;
#2343 = ORIENTED_EDGE ( 'NONE', *, *, #924, .F. ) ;
#2344 = EDGE_LOOP ( 'NONE', ( #1198, #3258, #1903, #1861, #3989, #2356, #665, #1385 ) ) ;
#2345 = DIRECTION ( 'NONE',  ( 0.8660254037844362700, -0.5000000000000041100, 0.0000000000000000000 ) ) ;
#2346 = CARTESIAN_POINT ( 'NONE',  ( -0.01000000000000000000, -0.4871636232262275300, -0.7329109864437067800 ) ) ;
#2347 = ORIENTED_EDGE ( 'NONE', *, *, #2793, .F. ) ;
#2348 = ORIENTED_EDGE ( 'NONE', *, *, #2961, .F. ) ;
#2349 = CARTESIAN_POINT ( 'NONE',  ( 0.4928892949240851200, -0.2961167724888917900, -0.7850000000000001400 ) ) ;
#2350 = AXIS2_PLACEMENT_3D ( 'NONE', #3133, #1284, #983 ) ;
#2351 = CIRCLE ( 'NONE', #225, 0.6500000000000001300 ) ;
#2352 = PLANE ( 'NONE',  #3343 ) ;
#2353 = ORIENTED_EDGE ( 'NONE', *, *, #2568, .F. ) ;
#2354 = DIRECTION ( 'NONE',  ( -0.6123724356957821500, -0.3535533905932761700, -0.7071067811865569000 ) ) ;
#2355 = FACE_OUTER_BOUND ( 'NONE', #83, .T. ) ;
#2356 = ORIENTED_EDGE ( 'NONE', *, *, #2439, .T. ) ;
#2357 = VECTOR ( 'NONE', #2246, 39.37007874015748100 ) ;
#2358 = EDGE_CURVE ( 'NONE', #1195, #3610, #1797, .T. ) ;
#2359 = LINE ( 'NONE', #356, #595 ) ;
#2360 = DIRECTION ( 'NONE',  ( -6.123233995736766000E-017, -0.0000000000000000000, -1.000000000000000000 ) ) ;
#2361 = VERTEX_POINT ( 'NONE', #2958 ) ;
#2362 = DIRECTION ( 'NONE',  ( 0.0000000000000000000, 0.0000000000000000000, 1.000000000000000000 ) ) ;
#2363 = ADVANCED_FACE ( 'NONE', ( #2203 ), #2450, .T. ) ;
#2364 = VECTOR ( 'NONE', #2038, 39.37007874015748100 ) ;
#2365 = DIRECTION ( 'NONE',  ( -1.000000000000000000, 0.0000000000000000000, 1.050710766793947200E-016 ) ) ;
#2366 = AXIS2_PLACEMENT_3D ( 'NONE', #910, #2428, #5 ) ;
#2367 = EDGE_CURVE ( 'NONE', #2521, #3842, #2704, .T. ) ;
#2368 = EDGE_LOOP ( 'NONE', ( #1130, #3041, #2075, #2386 ) ) ;
#2369 = CARTESIAN_POINT ( 'NONE',  ( 0.5678498911788146800, -0.3163012821475889000, 0.5649999999999999500 ) ) ;
#2370 = DIRECTION ( 'NONE',  ( -6.123233995736766000E-017, 0.0000000000000000000, -1.000000000000000000 ) ) ;
#2371 = ORIENTED_EDGE ( 'NONE', *, *, #3437, .T. ) ;
#2372 = CARTESIAN_POINT ( 'NONE',  ( 1.016337998740283200E-032, 0.0000000000000000000, -0.7849999999999999200 ) ) ;
#2373 = CARTESIAN_POINT ( 'NONE',  ( -0.1221450720936411400, -0.2182316963047589400, -0.3954454220892726900 ) ) ;
#2374 = DIRECTION ( 'NONE',  ( 0.0000000000000000000, 0.0000000000000000000, 1.000000000000000000 ) ) ;
#2375 = CARTESIAN_POINT ( 'NONE',  ( 0.2213330765278404800, -0.1162397059301215200, 0.4707999199359359500 ) ) ;
#2376 = ORIENTED_EDGE ( 'NONE', *, *, #1999, .F. ) ;
#2377 = DIRECTION ( 'NONE',  ( -1.000000000000000000, 0.0000000000000000000, 0.0000000000000000000 ) ) ;
#2378 = ADVANCED_FACE ( 'NONE', ( #3957 ), #514, .T. ) ;
#2379 = CLOSED_SHELL ( 'NONE', ( #2970, #3928, #2632, #3668, #3301, #3232, #2046, #3870, #278, #3534, #2126, #2978, #2955, #322, #948, #1158, #1114, #3328, #3618, #1429, #1770, #2447, #3020, #232, #874, #1098, #2604, #2096, #472, #818, #2426, #1497, #2997, #1712, #3380, #3043, #172, #1181, #509, #559, #3640, #1480, #2026, #2622, #2040, #1142, #1257, #2930, #29, #3315, #1998, #1726, #3252, #810, #307, #2663, #1530, #2467, #906, #792, #2689, #3289, #3786, #2767, #3861, #3556, #2363, #1460, #2106, #832, #2324, #2901, #1151, #15, #152, #2411, #2058, #538, #3578, #3594, #856, #2083, #1754, #195, #3836, #2318, #1193, #1673, #3374, #3905, #922, #3011, #2378, #2732, #2339, #365, #1382, #503, #1776, #2756, #3279, #2677, #707, #3971, #1404, #1445, #2911, #3954, #3880, #3055, #3137 ) ) ;
#2380 = EDGE_CURVE ( 'NONE', #820, #3117, #3697, .T. ) ;
#2382 = ORIENTED_EDGE ( 'NONE', *, *, #2202, .T. ) ;
#2381 = CARTESIAN_POINT ( 'NONE',  ( -0.4740375896691689200, 0.2621387246177021000, 0.7625979573111030300 ) ) ;
#2383 = DIRECTION ( 'NONE',  ( -1.000000000000000000, 0.0000000000000000000, 0.0000000000000000000 ) ) ;
#2384 =( NAMED_UNIT ( * ) SI_UNIT ( $, .STERADIAN. ) SOLID_ANGLE_UNIT ( ) );
#2385 = EDGE_CURVE ( 'NONE', #945, #889, #943, .T. ) ;
#2386 = ORIENTED_EDGE ( 'NONE', *, *, #1204, .F. ) ;
#2387 = VERTEX_POINT ( 'NONE', #3522 ) ;
#2388 = ORIENTED_EDGE ( 'NONE', *, *, #1498, .T. ) ;
#2389 = DIRECTION ( 'NONE',  ( 6.123233995736766000E-017, 0.0000000000000000000, 1.000000000000000000 ) ) ;
#2390 = AXIS2_PLACEMENT_3D ( 'NONE', #3758, #1901, #1009 ) ;
#2391 = ORIENTED_EDGE ( 'NONE', *, *, #162, .F. ) ;
#2392 = LINE ( 'NONE', #2050, #3260 ) ;
#2393 = ORIENTED_EDGE ( 'NONE', *, *, #2904, .F. ) ;
#2394 = EDGE_LOOP ( 'NONE', ( #256, #2382, #1259, #506 ) ) ;
#2395 = CIRCLE ( 'NONE', #2502, 0.5749999999999999600 ) ;
#2396 = DIRECTION ( 'NONE',  ( -6.123233995736766000E-017, -0.0000000000000000000, -1.000000000000000000 ) ) ;
#2397 = ORIENTED_EDGE ( 'NONE', *, *, #1156, .T. ) ;
#2398 = LINE ( 'NONE', #2331, #205 ) ;
#2399 = PERSON_AND_ORGANIZATION_ROLE ( 'creator' ) ;
#2400 = VECTOR ( 'NONE', #3871, 39.37007874015748100 ) ;
#2401 = ORIENTED_EDGE ( 'NONE', *, *, #3038, .T. ) ;
#2402 = VERTEX_POINT ( 'NONE', #1684 ) ;
#2403 = LINE ( 'NONE', #3529, #636 ) ;
#2404 = CARTESIAN_POINT ( 'NONE',  ( -0.01000000000000000000, -1.249999999999999800, -0.7850000000000001400 ) ) ;
#2405 = CARTESIAN_POINT ( 'NONE',  ( -0.4740375896691689200, 0.2621387246177021000, 0.7625979573111030300 ) ) ;
#2406 = LINE ( 'NONE', #3136, #102 ) ;
#2407 = CARTESIAN_POINT ( 'NONE',  ( 0.4640375896691709700, -0.2794592326933876300, 0.7625979573111030300 ) ) ;
#2408 = AXIS2_PLACEMENT_3D ( 'NONE', #1725, #3860, #3251 ) ;
#2409 = ORIENTED_EDGE ( 'NONE', *, *, #2488, .F. ) ;
#2410 = VECTOR ( 'NONE', #457, 39.37007874015748100 ) ;
#2411 = ADVANCED_FACE ( 'NONE', ( #677 ), #3203, .F. ) ;
#2412 = EDGE_CURVE ( 'NONE', #3591, #2637, #1924, .T. ) ;
#2413 = CARTESIAN_POINT ( 'NONE',  ( 0.0000000000000000000, 0.01000000000000000000, 0.0000000000000000000 ) ) ;
#2414 = VERTEX_POINT ( 'NONE', #1154 ) ;
#2415 = EDGE_CURVE ( 'NONE', #3292, #1573, #784, .T. ) ;
#2416 = CARTESIAN_POINT ( 'NONE',  ( 0.5365796790775290100, -0.2982474167732952500, 0.6375330225309449000 ) ) ;
#2417 = ORIENTED_EDGE ( 'NONE', *, *, #491, .T. ) ;
#2418 = AXIS2_PLACEMENT_3D ( 'NONE', #381, #2518, #1332 ) ;
#2419 = EDGE_CURVE ( 'NONE', #2236, #2795, #1879, .T. ) ;
#2420 = DIRECTION ( 'NONE',  ( 6.123233995736766000E-017, 0.0000000000000000000, 1.000000000000000000 ) ) ;
#2421 = CARTESIAN_POINT ( 'NONE',  ( 0.2584270320811893300, -0.4276087496138544800, -0.6449122492182514100 ) ) ;
#2422 = B_SPLINE_CURVE_WITH_KNOTS ( 'NONE', 3,
 ( #1359, #1691, #3493, #3228 ),
 .UNSPECIFIED., .F., .F.,
 ( 4, 4 ),
 ( 2.019659775584441300E-007, 0.03103633895897223500 ),
 .UNSPECIFIED. ) ;
#2423 = CARTESIAN_POINT ( 'NONE',  ( 0.0000000000000000000, 0.0000000000000000000, -0.7850000000000001400 ) ) ;
#2424 = CARTESIAN_POINT ( 'NONE',  ( 0.01000000000000003000, -0.5749130369021039400, 0.4250000000000001000 ) ) ;
#2425 = APPLICATION_PROTOCOL_DEFINITION ( 'international standard', 'config_control_design', 1994, #618 ) ;
#2426 = ADVANCED_FACE ( 'NONE', ( #394 ), #2969, .F. ) ;
#2427 = ORIENTED_EDGE ( 'NONE', *, *, #3921, .T. ) ;
#2428 = DIRECTION ( 'NONE',  ( 6.123233995736766000E-017, 0.0000000000000000000, 1.000000000000000000 ) ) ;
#2429 = ORIENTED_EDGE ( 'NONE', *, *, #150, .F. ) ;
#2430 = DIRECTION ( 'NONE',  ( -6.123233995736766000E-017, -0.0000000000000000000, -1.000000000000000000 ) ) ;
#2431 = ORIENTED_EDGE ( 'NONE', *, *, #3368, .F. ) ;
#2432 = EDGE_CURVE ( 'NONE', #528, #2148, #254, .T. ) ;
#2433 = DIRECTION ( 'NONE',  ( 0.5000000000000041100, 0.8660254037844362700, -3.061616997868407700E-017 ) ) ;
#2434 = ORIENTED_EDGE ( 'NONE', *, *, #97, .F. ) ;
#2435 = ORIENTED_EDGE ( 'NONE', *, *, #3093, .F. ) ;
#2436 = DIRECTION ( 'NONE',  ( -6.123233995736766000E-017, -0.0000000000000000000, -1.000000000000000000 ) ) ;
#2437 = DIRECTION ( 'NONE',  ( 1.000000000000000000, 0.0000000000000000000, 0.0000000000000000000 ) ) ;
#2438 =( BOUNDED_CURVE ( )  B_SPLINE_CURVE ( 3, ( #2899, #1695, #2940, #3530 ),
 .UNSPECIFIED., .F., .F. ) 
 B_SPLINE_CURVE_WITH_KNOTS ( ( 4, 4 ),
 ( 6.243174632825597000, 6.323195981533575400 ),
 .UNSPECIFIED. ) 
 CURVE ( )  GEOMETRIC_REPRESENTATION_ITEM ( )  RATIONAL_B_SPLINE_CURVE ( ( 1.000000000000000000, 0.9994664531624957200, 0.9994664531624957200, 1.000000000000000000 ) ) 
 REPRESENTATION_ITEM ( '' )  );
#2439 = EDGE_CURVE ( 'NONE', #852, #640, #2658, .T. ) ;
#2440 = VERTEX_POINT ( 'NONE', #2101 ) ;
#2441 = ORIENTED_EDGE ( 'NONE', *, *, #2620, .F. ) ;
#2442 = CARTESIAN_POINT ( 'NONE',  ( 0.5287564434701828000, 0.0000000000000000000, 0.7849999999999999200 ) ) ;
#2443 = FACE_OUTER_BOUND ( 'NONE', #3103, .T. ) ;
#2444 = DIRECTION ( 'NONE',  ( -0.3535533905932729500, 0.6123724356957963600, 0.7071067811865462400 ) ) ;
#2445 = ORIENTED_EDGE ( 'NONE', *, *, #622, .F. ) ;
#2446 = EDGE_LOOP ( 'NONE', ( #738, #3210, #3169, #1554 ) ) ;
#2447 = ADVANCED_FACE ( 'NONE', ( #3468 ), #6, .T. ) ;
#2448 = EDGE_LOOP ( 'NONE', ( #3426, #3600, #236, #2200, #579, #2691, #664, #2822 ) ) ;
#2449 = VECTOR ( 'NONE', #2221, 39.37007874015748100 ) ;
#2450 = CONICAL_SURFACE ( 'NONE', #1454, 0.6500000000000001300, 0.1396263401595466700 ) ;
#2451 = CARTESIAN_POINT ( 'NONE',  ( 0.01000000000000000000, -0.4871636232262275300, -0.7329109864437067800 ) ) ;
#2452 = VERTEX_POINT ( 'NONE', #2716 ) ;
#2453 = MECHANICAL_CONTEXT ( 'NONE', #3628, 'mechanical' ) ;
#2454 = LINE ( 'NONE', #3086, #397 ) ;
#2455 = ORIENTED_EDGE ( 'NONE', *, *, #2887, .F. ) ;
#2456 = FACE_OUTER_BOUND ( 'NONE', #2869, .T. ) ;
#2457 = ORIENTED_EDGE ( 'NONE', *, *, #1239, .F. ) ;
#2458 = VECTOR ( 'NONE', #2465, 39.37007874015748900 ) ;
#2459 = ORIENTED_EDGE ( 'NONE', *, *, #755, .F. ) ;
#2460 = EDGE_CURVE ( 'NONE', #2012, #3255, #3663, .T. ) ;
#2461 = DIRECTION ( 'NONE',  ( 0.0000000000000000000, -1.000000000000000000, 0.0000000000000000000 ) ) ;
#2462 = EDGE_CURVE ( 'NONE', #1346, #1177, #3039, .T. ) ;
#2463 = ORIENTED_EDGE ( 'NONE', *, *, #728, .T. ) ;
#2464 = PLANE ( 'NONE',  #1298 ) ;
#2465 = DIRECTION ( 'NONE',  ( -0.8660254037844397100, 0.4999999999999979500, 1.300879996982982700E-016 ) ) ;
#2466 = APPROVAL ( #263, 'UNSPECIFIED' ) ;
#2467 = ADVANCED_FACE ( 'NONE', ( #156 ), #493, .T. ) ;
#2468 = EDGE_CURVE ( 'NONE', #2111, #1682, #574, .T. ) ;
#2469 = DIRECTION ( 'NONE',  ( -6.123233995736766000E-017, 0.0000000000000000000, -1.000000000000000000 ) ) ;
#2470 = ORIENTED_EDGE ( 'NONE', *, *, #434, .F. ) ;
#2471 = CARTESIAN_POINT ( 'NONE',  ( 0.1782050807568884600, -0.09133974596215389800, 0.4209999999999986000 ) ) ;
#2472 = DIRECTION ( 'NONE',  ( -1.000000000000000000, 0.0000000000000000000, 1.050710766793947200E-016 ) ) ;
#2473 = DIRECTION ( 'NONE',  ( -1.000000000000000000, 0.0000000000000000000, 6.123233995736766000E-017 ) ) ;
#2474 = B_SPLINE_CURVE_WITH_KNOTS ( 'NONE', 3,
 ( #2574, #1379, #2551, #1369 ),
 .UNSPECIFIED., .F., .F.,
 ( 4, 4 ),
 ( 2.019659775584441300E-007, 0.03103633895897223500 ),
 .UNSPECIFIED. ) ;
#2475 = ORIENTED_EDGE ( 'NONE', *, *, #969, .T. ) ;
#2476 = AXIS2_PLACEMENT_3D ( 'NONE', #3506, #1997, #1403 ) ;
#2477 = CARTESIAN_POINT ( 'NONE',  ( 0.5841563806739725800, -0.01000000000000000000, 0.6888962525637414300 ) ) ;
#2478 = ORIENTED_EDGE ( 'NONE', *, *, #1543, .T. ) ;
#2479 = DIRECTION ( 'NONE',  ( -6.123233995736766000E-017, -0.0000000000000000000, -1.000000000000000000 ) ) ;
#2480 = CARTESIAN_POINT ( 'NONE',  ( 7.409113134841489000E-017, 0.0000000000000000000, 0.4250000000000001000 ) ) ;
#2481 = EDGE_CURVE ( 'NONE', #1694, #3310, #3852, .T. ) ;
#2482 = VERTEX_POINT ( 'NONE', #262 ) ;
#2483 = ORIENTED_EDGE ( 'NONE', *, *, #366, .F. ) ;
#2484 = DIRECTION ( 'NONE',  ( -0.4999999999999919000, 0.8660254037844431500, -5.463695987328523500E-016 ) ) ;
#2485 = CARTESIAN_POINT ( 'NONE',  ( -0.2961167724888917300, 0.4928892949240851200, 0.5649999999999999500 ) ) ;
#2486 = ORIENTED_EDGE ( 'NONE', *, *, #3296, .T. ) ;
#2487 = ORIENTED_EDGE ( 'NONE', *, *, #1807, .T. ) ;
#2488 = EDGE_CURVE ( 'NONE', #3022, #2972, #793, .T. ) ;
#2489 = CIRCLE ( 'NONE', #937, 0.5749999999999999600 ) ;
#2490 = VERTEX_POINT ( 'NONE', #1548 ) ;
#2491 = VECTOR ( 'NONE', #3821, 39.37007874015748100 ) ;
#2492 = CARTESIAN_POINT ( 'NONE',  ( 0.6280010608474671000, -0.01000000000000000000, 0.6129655440011460000 ) ) ;
#2493 = CARTESIAN_POINT ( 'NONE',  ( 8.266365894244635600E-017, 0.0000000000000000000, 0.5649999999999999500 ) ) ;
#2494 = LINE ( 'NONE', #857, #345 ) ;
#2495 = DIRECTION ( 'NONE',  ( 0.3535533905932686800, -0.6123724356957989100, 0.7071067811865463500 ) ) ;
#2496 = ORIENTED_EDGE ( 'NONE', *, *, #3523, .F. ) ;
#2497 = CIRCLE ( 'NONE', #2511, 0.6500000000000001300 ) ;
#2498 = VECTOR ( 'NONE', #2360, 39.37007874015748100 ) ;
#2499 = CARTESIAN_POINT ( 'NONE',  ( 0.4740375896691707600, -0.2621387246176987700, 0.7625979573111030300 ) ) ;
#2500 = ORIENTED_EDGE ( 'NONE', *, *, #1498, .F. ) ;
#2501 = LINE ( 'NONE', #2824, #1699 ) ;
#2502 = AXIS2_PLACEMENT_3D ( 'NONE', #59, #3457, #2856 ) ;
#2503 = PLANE ( 'NONE',  #2683 ) ;
#2504 = CARTESIAN_POINT ( 'NONE',  ( 0.5656584249264499100, 0.01000000000000000000, 0.7209309582129359600 ) ) ;
#2505 = VECTOR ( 'NONE', #318, 39.37007874015748100 ) ;
#2506 = PLANE ( 'NONE',  #2988 ) ;
#2507 = ORIENTED_EDGE ( 'NONE', *, *, #409, .T. ) ;
#2508 = EDGE_CURVE ( 'NONE', #3324, #3885, #3280, .T. ) ;
#2509 = CARTESIAN_POINT ( 'NONE',  ( -0.2787962644132099300, -0.5028892949240811900, 0.5649999999999999500 ) ) ;
#2510 = CARTESIAN_POINT ( 'NONE',  ( 0.0000000000000000000, -0.01000000000000000000, 0.7849999999999999200 ) ) ;
#2511 = AXIS2_PLACEMENT_3D ( 'NONE', #2480, #3050, #328 ) ;
#2512 = CARTESIAN_POINT ( 'NONE',  ( 0.01000000000000003800, -0.2497999199359360000, 0.4707999199359361700 ) ) ;
#2513 = DIRECTION ( 'NONE',  ( -6.123233995736766000E-017, 0.0000000000000000000, -1.000000000000000000 ) ) ;
#2514 = PLANE ( 'NONE',  #2566 ) ;
#2515 = DIRECTION ( 'NONE',  ( 0.0000000000000000000, 0.0000000000000000000, 1.000000000000000000 ) ) ;
#2516 = CARTESIAN_POINT ( 'NONE',  ( 0.6499230723708772100, 0.01000000000000000000, 0.4250000000000000400 ) ) ;
#2517 = ORIENTED_EDGE ( 'NONE', *, *, #1387, .F. ) ;
#2518 = DIRECTION ( 'NONE',  ( 0.0000000000000000000, -1.000000000000000000, 0.0000000000000000000 ) ) ;
#2519 = ORIENTED_EDGE ( 'NONE', *, *, #2592, .F. ) ;
#2520 = CARTESIAN_POINT ( 'NONE',  ( -0.3085577464967861300, -0.5144376940013858400, 0.06836233743005454300 ) ) ;
#2521 = VERTEX_POINT ( 'NONE', #3040 ) ;
#2522 = DIRECTION ( 'NONE',  ( -0.8660254037844328200, -0.5000000000000101000, 5.302876193624499400E-017 ) ) ;
#2523 = ORIENTED_EDGE ( 'NONE', *, *, #215, .T. ) ;
#2524 = EDGE_LOOP ( 'NONE', ( #2920, #782, #2027, #139 ) ) ;
#2525 = DIRECTION ( 'NONE',  ( -0.8660254037844431500, 0.4999999999999919000, 5.302876193624562300E-017 ) ) ;
#2526 = LOCAL_TIME ( 10, 25, 15.00000000000000000, #1784 ) ;
#2527 = CARTESIAN_POINT ( 'NONE',  ( 0.2834930907377255500, -0.4710244367524770200, -0.2882751530984586400 ) ) ;
#2528 = PLANE ( 'NONE',  #2272 ) ;
#2529 = ORIENTED_EDGE ( 'NONE', *, *, #2793, .T. ) ;
#2530 = VERTEX_POINT ( 'NONE', #1808 ) ;
#2531 = CIRCLE ( 'NONE', #3384, 0.5749999999999999600 ) ;
#2532 = EDGE_CURVE ( 'NONE', #3610, #3015, #905, .T. ) ;
#2533 = ORIENTED_EDGE ( 'NONE', *, *, #3302, .F. ) ;
#2534 = CARTESIAN_POINT ( 'NONE',  ( 0.3163012821475928400, -0.5678498911788124600, 0.4250000000000001000 ) ) ;
#2535 = ORIENTED_EDGE ( 'NONE', *, *, #644, .T. ) ;
#2536 = CARTESIAN_POINT ( 'NONE',  ( -0.2556706827209974700, 0.4628346124785997500, 0.7849999999999997000 ) ) ;
#2537 = DIRECTION ( 'NONE',  ( -1.000000000000000000, 0.0000000000000000000, 1.050710766793947200E-016 ) ) ;
#2538 = CARTESIAN_POINT ( 'NONE',  ( 0.01000000000000003000, 0.0000000000000000000, 0.5650000000000001700 ) ) ;
#2539 = AXIS2_PLACEMENT_3D ( 'NONE', #3351, #2420, #2719 ) ;
#2540 = ORIENTED_EDGE ( 'NONE', *, *, #1229, .T. ) ;
#2541 = FACE_OUTER_BOUND ( 'NONE', #19, .T. ) ;
#2542 = EDGE_CURVE ( 'NONE', #889, #988, #1210, .T. ) ;
#2543 = CARTESIAN_POINT ( 'NONE',  ( -0.5846977727170938900, -0.01000000000000000000, 0.6879586712800982400 ) ) ;
#2544 = VECTOR ( 'NONE', #867, 39.37007874015748100 ) ;
#2545 = PRODUCT_RELATED_PRODUCT_CATEGORY ( 'detail', '', ( #1235 ) ) ;
#2546 = DIRECTION ( 'NONE',  ( -6.123233995736766000E-017, -0.0000000000000000000, -1.000000000000000000 ) ) ;
#2547 = VERTEX_POINT ( 'NONE', #1217 ) ;
#2548 = LINE ( 'NONE', #281, #1882 ) ;
#2549 = DIRECTION ( 'NONE',  ( -6.123233995736766000E-017, -0.0000000000000000000, -1.000000000000000000 ) ) ;
#2550 = ORIENTED_EDGE ( 'NONE', *, *, #1654, .F. ) ;
#2551 = CARTESIAN_POINT ( 'NONE',  ( 0.4596559272292701200, 0.2769294787042258500, -0.3816671106335254900 ) ) ;
#2552 = CARTESIAN_POINT ( 'NONE',  ( 0.01000000000000000000, -0.6499230723708769900, 0.4250000000000001000 ) ) ;
#2553 = VECTOR ( 'NONE', #751, 39.37007874015748100 ) ;
#2554 = DIRECTION ( 'NONE',  ( -6.123233995736766000E-017, -0.0000000000000000000, -1.000000000000000000 ) ) ;
#2555 = CARTESIAN_POINT ( 'NONE',  ( 0.2961167724888987800, 0.4928892949240811800, 0.5649999999999999500 ) ) ;
#2556 = AXIS2_PLACEMENT_3D ( 'NONE', #2280, #3194, #3845 ) ;
#2557 = LINE ( 'NONE', #3180, #855 ) ;
#2558 = B_SPLINE_CURVE_WITH_KNOTS ( 'NONE', 3,
 ( #333, #613, #2798, #2751 ),
 .UNSPECIFIED., .F., .F.,
 ( 4, 4 ),
 ( 2.019659775572203500E-007, 0.02744312681923046300 ),
 .UNSPECIFIED. ) ;
#2559 = CARTESIAN_POINT ( 'NONE',  ( 0.4362500000000045200, -0.2403220495501790000, 0.5650000000000001700 ) ) ;
#2560 =( BOUNDED_CURVE ( )  B_SPLINE_CURVE ( 3, ( #3451, #1008, #2806, #996 ),
 .UNSPECIFIED., .F., .F. ) 
 B_SPLINE_CURVE_WITH_KNOTS ( ( 4, 4 ),
 ( 3.101581979235804800, 3.181603327943781900 ),
 .UNSPECIFIED. ) 
 CURVE ( )  GEOMETRIC_REPRESENTATION_ITEM ( )  RATIONAL_B_SPLINE_CURVE ( ( 1.000000000000000000, 0.9994664531624957200, 0.9994664531624957200, 1.000000000000000000 ) ) 
 REPRESENTATION_ITEM ( '' )  );
#2561 = CARTESIAN_POINT ( 'NONE',  ( 9.613477373306724800E-017, 0.0000000000000000000, 0.7850000000000001400 ) ) ;
#2562 = EDGE_CURVE ( 'NONE', #3363, #3537, #2807, .T. ) ;
#2563 = CARTESIAN_POINT ( 'NONE',  ( -0.5028892949240811900, -0.2787962644132099800, 0.5649999999999999500 ) ) ;
#2564 = CARTESIAN_POINT ( 'NONE',  ( 0.2113330765278406400, -0.1335602140058104200, -0.7850000000000001400 ) ) ;
#2565 = CARTESIAN_POINT ( 'NONE',  ( -0.2960914937412290100, -0.5328455108487651900, 0.6450004751093608700 ) ) ;
#2566 = AXIS2_PLACEMENT_3D ( 'NONE', #3750, #343, #3731 ) ;
#2567 = DIRECTION ( 'NONE',  ( 0.7559289460184479600, 0.0000000000000000000, 0.6546536707079846400 ) ) ;
#2568 = EDGE_CURVE ( 'NONE', #1441, #2589, #3275, .T. ) ;
#2569 = CARTESIAN_POINT ( 'NONE',  ( 0.1221450720936427300, 0.2182316963047581400, -0.3954454220892726400 ) ) ;
#2570 = CARTESIAN_POINT ( 'NONE',  ( -0.2527123219164887400, 0.4310432436316360400, -0.6450292532044452600 ) ) ;
#2571 = VERTEX_POINT ( 'NONE', #2424 ) ;
#2572 = DIRECTION ( 'NONE',  ( 1.000000000000000000, 0.0000000000000000000, -1.050710766793947200E-016 ) ) ;
#2573 = CC_DESIGN_PERSON_AND_ORGANIZATION_ASSIGNMENT ( #2010, #3350, ( #3433 ) ) ;
#2574 = CARTESIAN_POINT ( 'NONE',  ( 0.5578498911788077900, 0.3336217902232893600, 0.4250000000000000400 ) ) ;
#2575 = DIRECTION ( 'NONE',  ( 1.000000000000000000, 0.0000000000000000000, -6.123233995736766000E-017 ) ) ;
#2576 = CARTESIAN_POINT ( 'NONE',  ( 0.5750000000000000700, 0.0000000000000000000, 0.4250000000000001000 ) ) ;
#2577 = ORIENTED_EDGE ( 'NONE', *, *, #2673, .F. ) ;
#2578 = ORIENTED_EDGE ( 'NONE', *, *, #342, .T. ) ;
#2579 = DIRECTION ( 'NONE',  ( -1.000000000000000000, 0.0000000000000000000, 0.0000000000000000000 ) ) ;
#2580 = ORIENTED_EDGE ( 'NONE', *, *, #1851, .F. ) ;
#2581 = ORIENTED_EDGE ( 'NONE', *, *, #3079, .T. ) ;
#2582 = CARTESIAN_POINT ( 'NONE',  ( 0.5750000000000000700, 0.0000000000000000000, 0.5650000000000001700 ) ) ;
#2583 = EDGE_CURVE ( 'NONE', #3637, #3068, #1513, .T. ) ;
#2584 = ORIENTED_EDGE ( 'NONE', *, *, #1657, .F. ) ;
#2585 = ORIENTED_EDGE ( 'NONE', *, *, #2481, .T. ) ;
#2586 = CARTESIAN_POINT ( 'NONE',  ( 0.4640375896691651400, 0.2794592326933974000, 0.7625979573111030300 ) ) ;
#2587 = CIRCLE ( 'NONE', #1091, 0.6500000000000001300 ) ;
#2588 = DIRECTION ( 'NONE',  ( -6.123233995736766000E-017, -0.0000000000000000000, -1.000000000000000000 ) ) ;
#2589 = VERTEX_POINT ( 'NONE', #3687 ) ;
#2590 = AXIS2_PLACEMENT_3D ( 'NONE', #1057, #3190, #3774 ) ;
#2591 = LINE ( 'NONE', #2837, #2449 ) ;
#2592 = EDGE_CURVE ( 'NONE', #1689, #3617, #1514, .T. ) ;
#2593 = LINE ( 'NONE', #1624, #2889 ) ;
#2594 = DIRECTION ( 'NONE',  ( -6.123233995736766000E-017, -0.0000000000000000000, -1.000000000000000000 ) ) ;
#2595 = ORIENTED_EDGE ( 'NONE', *, *, #842, .T. ) ;
#2596 = CARTESIAN_POINT ( 'NONE',  ( -0.008660254037844327500, 0.005000000000000101600, 0.0000000000000000000 ) ) ;
#2597 = FACE_OUTER_BOUND ( 'NONE', #3914, .T. ) ;
#2598 = AXIS2_PLACEMENT_3D ( 'NONE', #3588, #880, #3958 ) ;
#2599 = VECTOR ( 'NONE', #2039, 39.37007874015748900 ) ;
#2600 = ORIENTED_EDGE ( 'NONE', *, *, #3579, .T. ) ;
#2601 = LINE ( 'NONE', #758, #2357 ) ;
#2602 = PLANE ( 'NONE',  #923 ) ;
#2603 = DIRECTION ( 'NONE',  ( 0.0000000000000000000, 0.0000000000000000000, 1.000000000000000000 ) ) ;
#2604 = ADVANCED_FACE ( 'NONE', ( #1547 ), #3671, .F. ) ;
#2605 = FACE_OUTER_BOUND ( 'NONE', #747, .T. ) ;
#2606 = CARTESIAN_POINT ( 'NONE',  ( 0.2213330765278381500, 0.1162397059301262100, 0.4707999199359362300 ) ) ;
#2607 = DIRECTION ( 'NONE',  ( -6.123233995736766000E-017, -0.0000000000000000000, -1.000000000000000000 ) ) ;
#2608 = ORIENTED_EDGE ( 'NONE', *, *, #2380, .F. ) ;
#2609 = CARTESIAN_POINT ( 'NONE',  ( 0.4996213068684410300, 0.0000000000000000000, -0.6450000000000006800 ) ) ;
#2610 = DIRECTION ( 'NONE',  ( -1.000000000000000000, 0.0000000000000000000, 0.0000000000000000000 ) ) ;
#2611 = CARTESIAN_POINT ( 'NONE',  ( 1.087531754730553900, -0.6163397459621453600, -0.7850000000000001400 ) ) ;
#2612 = DIRECTION ( 'NONE',  ( -6.123233995736766000E-017, -0.0000000000000000000, -1.000000000000000000 ) ) ;
#2613 = DIRECTION ( 'NONE',  ( -6.123233995736766000E-017, -0.0000000000000000000, -1.000000000000000000 ) ) ;
#2614 = DIRECTION ( 'NONE',  ( -1.000000000000000000, 0.0000000000000000000, 1.187759997245331800E-016 ) ) ;
#2615 = EDGE_CURVE ( 'NONE', #878, #2783, #3127, .T. ) ;
#2616 = CARTESIAN_POINT ( 'NONE',  ( 0.01000000000000000000, 0.5415979573110951700, 0.7625979573111030300 ) ) ;
#2617 = CARTESIAN_POINT ( 'NONE',  ( 7.409113134841489000E-017, 0.0000000000000000000, 0.4250000000000001000 ) ) ;
#2618 = VERTEX_POINT ( 'NONE', #3987 ) ;
#2619 = CARTESIAN_POINT ( 'NONE',  ( 9.613477373306724800E-017, 0.0000000000000000000, 0.7850000000000001400 ) ) ;
#2620 = EDGE_CURVE ( 'NONE', #3015, #2402, #2651, .T. ) ;
#2621 = ORIENTED_EDGE ( 'NONE', *, *, #2488, .T. ) ;
#2622 = ADVANCED_FACE ( 'NONE', ( #3415 ), #2464, .F. ) ;
#2623 = DIRECTION ( 'NONE',  ( -1.000000000000000000, 0.0000000000000000000, 1.050710766793947200E-016 ) ) ;
#2625 = ORIENTED_EDGE ( 'NONE', *, *, #3576, .T. ) ;
#2624 = DIRECTION ( 'NONE',  ( 0.0000000000000000000, 0.0000000000000000000, 1.000000000000000000 ) ) ;
#2626 = ORIENTED_EDGE ( 'NONE', *, *, #1832, .T. ) ;
#2627 = DIRECTION ( 'NONE',  ( -6.123233995736766000E-017, -0.0000000000000000000, -1.000000000000000000 ) ) ;
#2628 = CARTESIAN_POINT ( 'NONE',  ( -0.5678498911788123500, 0.3163012821475928400, 0.5750000000000001800 ) ) ;
#2629 = CARTESIAN_POINT ( 'NONE',  ( 0.01000000000000000000, 0.5415979573110951700, 0.7625979573111030300 ) ) ;
#2630 = CARTESIAN_POINT ( 'NONE',  ( -0.01000000000000000000, 0.6384692386747189400, 0.5948362739983478200 ) ) ;
#2631 = VERTEX_POINT ( 'NONE', #2826 ) ;
#2632 = ADVANCED_FACE ( 'NONE', ( #2841 ), #3759, .F. ) ;
#2633 = ORIENTED_EDGE ( 'NONE', *, *, #3445, .F. ) ;
#2634 = CARTESIAN_POINT ( 'NONE',  ( 9.373498641636613500E-034, 0.0000000000000000000, -0.7850000000000001400 ) ) ;
#2635 = AXIS2_PLACEMENT_3D ( 'NONE', #1000, #1581, #40 ) ;
#2636 = ORIENTED_EDGE ( 'NONE', *, *, #43, .F. ) ;
#2637 = VERTEX_POINT ( 'NONE', #2485 ) ;
#2638 = DIRECTION ( 'NONE',  ( -6.123233995736766000E-017, -0.0000000000000000000, -1.000000000000000000 ) ) ;
#2639 = VECTOR ( 'NONE', #2389, 39.37007874015748100 ) ;
#2640 = EDGE_LOOP ( 'NONE', ( #3539, #277, #3732, #652 ) ) ;
#2641 = CARTESIAN_POINT ( 'NONE',  ( -0.01000000000000000000, 0.6499230723708769900, 0.4250000000000001000 ) ) ;
#2642 = ORIENTED_EDGE ( 'NONE', *, *, #2304, .T. ) ;
#2643 = CARTESIAN_POINT ( 'NONE',  ( -0.4674384495106968500, -0.2737248336294707500, 0.7626759887966164700 ) ) ;
#2644 = VECTOR ( 'NONE', #248, 39.37007874015748100 ) ;
#2645 = EDGE_CURVE ( 'NONE', #1254, #3344, #1836, .T. ) ;
#2646 = DESIGN_CONTEXT ( 'detailed design', #618, 'design' ) ;
#2647 = VERTEX_POINT ( 'NONE', #682 ) ;
#2648 = VERTEX_POINT ( 'NONE', #1329 ) ;
#2649 = LINE ( 'NONE', #3808, #1744 ) ;
#2650 = CARTESIAN_POINT ( 'NONE',  ( 7.409113134841489000E-017, 0.0000000000000000000, 0.4250000000000001000 ) ) ;
#2651 = LINE ( 'NONE', #1843, #3518 ) ;
#2652 = AXIS2_PLACEMENT_3D ( 'NONE', #3459, #1326, #1361 ) ;
#2653 = ORIENTED_EDGE ( 'NONE', *, *, #3089, .F. ) ;
#2654 = CIRCLE ( 'NONE', #3549, 0.2500000000000001100 ) ;
#2655 = CARTESIAN_POINT ( 'NONE',  ( 0.4696559272292757400, -0.2596089706285273400, -0.3816671106335256500 ) ) ;
#2656 = ORIENTED_EDGE ( 'NONE', *, *, #1949, .F. ) ;
#2657 = DIRECTION ( 'NONE',  ( 0.4999999999999920100, 0.8660254037844433700, -0.0000000000000000000 ) ) ;
#2658 = B_SPLINE_CURVE_WITH_KNOTS ( 'NONE', 3,
 ( #569, #1503, #2416, #1176 ),
 .UNSPECIFIED., .F., .F.,
 ( 4, 4 ),
 ( 1.947472152523600800E-006, 0.005504277200746678100 ),
 .UNSPECIFIED. ) ;
#2659 = VECTOR ( 'NONE', #377, 39.37007874015748900 ) ;
#2660 = CARTESIAN_POINT ( 'NONE',  ( 0.0000000000000000000, 0.0000000000000000000, -0.7850000000000001400 ) ) ;
#2661 = VERTEX_POINT ( 'NONE', #2762 ) ;
#2662 = CIRCLE ( 'NONE', #2819, 0.6500000000000001300 ) ;
#2663 = ADVANCED_FACE ( 'NONE', ( #349 ), #897, .T. ) ;
#2664 = CARTESIAN_POINT ( 'NONE',  ( 0.01000000000000000000, 0.5415979573110951700, 0.7625979573111030300 ) ) ;
#2665 = VECTOR ( 'NONE', #1614, 39.37007874015748900 ) ;
#2666 = CARTESIAN_POINT ( 'NONE',  ( 0.0000000000000000000, 0.0000000000000000000, -0.7850000000000001400 ) ) ;
#2667 = DIRECTION ( 'NONE',  ( -1.000000000000000000, 0.0000000000000000000, 1.050710766793947200E-016 ) ) ;
#2668 = CARTESIAN_POINT ( 'NONE',  ( -0.01000000000000000000, -0.6414365596524791400, 0.3646224708932414600 ) ) ;
#2669 = CARTESIAN_POINT ( 'NONE',  ( -0.2113330765278387300, -0.1335602140058134200, -0.7850000000000002500 ) ) ;
#2670 = DIRECTION ( 'NONE',  ( -6.123233995736766000E-017, -0.0000000000000000000, -1.000000000000000000 ) ) ;
#2671 = DIRECTION ( 'NONE',  ( 6.123233995736766000E-017, 0.0000000000000000000, 1.000000000000000000 ) ) ;
#2672 = CARTESIAN_POINT ( 'NONE',  ( 0.008660254037844362200, -0.005000000000000039100, 0.0000000000000000000 ) ) ;
#2673 = EDGE_CURVE ( 'NONE', #2631, #1792, #1232, .T. ) ;
#2674 = CARTESIAN_POINT ( 'NONE',  ( 0.01000000000000000000, 0.1999999999999998400, 0.4209999999999986000 ) ) ;
#2675 = EDGE_CURVE ( 'NONE', #2571, #1441, #50, .T. ) ;
#2676 = DIRECTION ( 'NONE',  ( 0.5000000000000041100, 0.8660254037844362700, -3.061616997868407700E-017 ) ) ;
#2677 = ADVANCED_FACE ( 'NONE', ( #2300 ), #1012, .F. ) ;
#2678 = DIRECTION ( 'NONE',  ( -6.123233995736766000E-017, -0.0000000000000000000, -1.000000000000000000 ) ) ;
#2679 = ORIENTED_EDGE ( 'NONE', *, *, #2142, .T. ) ;
#2680 = CC_DESIGN_APPROVAL ( #2466, ( #2802 ) ) ;
#2681 = CARTESIAN_POINT ( 'NONE',  ( 0.2213330765278404800, -0.1162397059301215300, -0.7850000000000001400 ) ) ;
#2682 = B_SPLINE_CURVE_WITH_KNOTS ( 'NONE', 3,
 ( #572, #3632, #1207, #2759 ),
 .UNSPECIFIED., .F., .F.,
 ( 4, 4 ),
 ( 1.947472152523600800E-006, 0.005504277200746678100 ),
 .UNSPECIFIED. ) ;
#2683 = AXIS2_PLACEMENT_3D ( 'NONE', #1617, #3421, #28 ) ;
#2684 = DIRECTION ( 'NONE',  ( 6.123233995736766000E-017, 0.0000000000000000000, 1.000000000000000000 ) ) ;
#2685 = EDGE_CURVE ( 'NONE', #26, #768, #590, .T. ) ;
#2686 = ORIENTED_EDGE ( 'NONE', *, *, #282, .F. ) ;
#2687 = ORIENTED_EDGE ( 'NONE', *, *, #2583, .F. ) ;
#2688 = EDGE_LOOP ( 'NONE', ( #136, #1558, #208, #2921 ) ) ;
#2689 = ADVANCED_FACE ( 'NONE', ( #1648 ), #2503, .F. ) ;
#2690 = VECTOR ( 'NONE', #407, 39.37007874015748100 ) ;
#2691 = ORIENTED_EDGE ( 'NONE', *, *, #3754, .T. ) ;
#2692 = ORIENTED_EDGE ( 'NONE', *, *, #2853, .T. ) ;
#2693 =( BOUNDED_CURVE ( )  B_SPLINE_CURVE ( 3, ( #3490, #79, #1051, #1015 ),
 .UNSPECIFIED., .F., .F. ) 
 B_SPLINE_CURVE_WITH_KNOTS ( ( 4, 4 ),
 ( 3.101581979235804400, 3.181603327943781900 ),
 .UNSPECIFIED. ) 
 CURVE ( )  GEOMETRIC_REPRESENTATION_ITEM ( )  RATIONAL_B_SPLINE_CURVE ( ( 1.000000000000000000, 0.9994664531624957200, 0.9994664531624957200, 1.000000000000000000 ) ) 
 REPRESENTATION_ITEM ( '' )  );
#2694 = CARTESIAN_POINT ( 'NONE',  ( -0.008660254037844362200, 0.005000000000000039100, 0.7849999999999999200 ) ) ;
#2695 = LINE ( 'NONE', #371, #1175 ) ;
#2696 = DIRECTION ( 'NONE',  ( -6.123233995736766000E-017, -0.0000000000000000000, -1.000000000000000000 ) ) ;
#2697 = ORIENTED_EDGE ( 'NONE', *, *, #3445, .T. ) ;
#2698 = VECTOR ( 'NONE', #3224, 39.37007874015748100 ) ;
#2699 = CIRCLE ( 'NONE', #1375, 0.6500000000000001300 ) ;
#2700 = ORIENTED_EDGE ( 'NONE', *, *, #3765, .F. ) ;
#2701 = LINE ( 'NONE', #2713, #3564 ) ;
#2702 = DIRECTION ( 'NONE',  ( 0.0000000000000000000, 1.000000000000000000, 0.0000000000000000000 ) ) ;
#2703 = EDGE_CURVE ( 'NONE', #1352, #1655, #3177, .T. ) ;
#2704 = CIRCLE ( 'NONE', #468, 0.5749999999999999600 ) ;
#2705 = CARTESIAN_POINT ( 'NONE',  ( -0.5059059875160378800, 0.01000000000000000000, -0.5995791262226304300 ) ) ;
#2706 = EDGE_LOOP ( 'NONE', ( #76, #204, #3541, #1373 ) ) ;
#2707 = PLANE ( 'NONE',  #2125 ) ;
#2708 = FACE_OUTER_BOUND ( 'NONE', #527, .T. ) ;
#2709 = CARTESIAN_POINT ( 'NONE',  ( -0.5678498911788124600, 0.3163012821475928400, 0.4250000000000001600 ) ) ;
#2710 = EDGE_CURVE ( 'NONE', #3179, #3554, #2406, .T. ) ;
#2711 = ORIENTED_EDGE ( 'NONE', *, *, #1872, .F. ) ;
#2712 = PLANE ( 'NONE',  #3741 ) ;
#2713 = CARTESIAN_POINT ( 'NONE',  ( 0.2584709074720638000, -0.4276847440200510200, -0.6450000000000001300 ) ) ;
#2714 = ORIENTED_EDGE ( 'NONE', *, *, #3368, .T. ) ;
#2715 = CARTESIAN_POINT ( 'NONE',  ( 0.01000000000000000000, 0.6384692386747189400, 0.5948362739983478200 ) ) ;
#2716 = CARTESIAN_POINT ( 'NONE',  ( -0.4640375896691689700, 0.2794592326933908500, 0.7625979573111030300 ) ) ;
#2717 = CARTESIAN_POINT ( 'NONE',  ( 0.6469211843766069500, 0.01000000000000000000, 0.4036429937167305100 ) ) ;
#2718 = DATE_TIME_ROLE ( 'classification_date' ) ;
#2719 = DIRECTION ( 'NONE',  ( 1.000000000000000000, 0.0000000000000000000, -6.123233995736766000E-017 ) ) ;
#2720 = CARTESIAN_POINT ( 'NONE',  ( 0.01000000000000000000, 0.4798414002252715000, -0.7850000000000002500 ) ) ;
#2721 = CARTESIAN_POINT ( 'NONE',  ( -0.4928892949240831200, 0.2961167724888952300, 0.5649999999999999500 ) ) ;
#2722 = EDGE_CURVE ( 'NONE', #532, #3179, #2116, .T. ) ;
#2724 = ORIENTED_EDGE ( 'NONE', *, *, #2385, .F. ) ;
#2723 = CARTESIAN_POINT ( 'NONE',  ( 0.6469211843766069500, -0.01000000000000000000, 0.4036429937167305100 ) ) ;
#2725 = AXIS2_PLACEMENT_3D ( 'NONE', #3664, #959, #3098 ) ;
#2726 = EDGE_CURVE ( 'NONE', #3922, #1620, #1038, .T. ) ;
#2727 = ORIENTED_EDGE ( 'NONE', *, *, #851, .F. ) ;
#2728 = EDGE_LOOP ( 'NONE', ( #973, #1794, #721, #1780, #3736, #3213, #1738, #577, #628 ) ) ;
#2729 = AXIS2_PLACEMENT_3D ( 'NONE', #2009, #3540, #2922 ) ;
#2730 = VERTEX_POINT ( 'NONE', #646 ) ;
#2731 = PERSON_AND_ORGANIZATION ( #723, #1534 ) ;
#2732 = ADVANCED_FACE ( 'NONE', ( #3371 ), #2847, .F. ) ;
#2733 = EDGE_LOOP ( 'NONE', ( #3033, #2876, #1312, #85, #2282, #3975, #193, #3552 ) ) ;
#2734 = ORIENTED_EDGE ( 'NONE', *, *, #1809, .T. ) ;
#2735 = CARTESIAN_POINT ( 'NONE',  ( -0.4707718843251383900, 0.2679511551671390800, 0.7626759887966161300 ) ) ;
#2736 = FACE_OUTER_BOUND ( 'NONE', #271, .T. ) ;
#2737 = CARTESIAN_POINT ( 'NONE',  ( 0.5578498911788148900, -0.3336217902232777000, 0.4250000000000000400 ) ) ;
#2738 = ORIENTED_EDGE ( 'NONE', *, *, #97, .T. ) ;
#2739 = ORIENTED_EDGE ( 'NONE', *, *, #502, .T. ) ;
#2740 = CARTESIAN_POINT ( 'NONE',  ( 0.0000000000000000000, 0.01000000000000000000, 0.0000000000000000000 ) ) ;
#2741 = VECTOR ( 'NONE', #767, 39.37007874015748900 ) ;
#2742 = ORIENTED_EDGE ( 'NONE', *, *, #3237, .F. ) ;
#2743 = DIRECTION ( 'NONE',  ( -1.000000000000000000, 0.0000000000000000000, 0.0000000000000000000 ) ) ;
#2744 = DIRECTION ( 'NONE',  ( -6.123233995736766000E-017, -0.0000000000000000000, -1.000000000000000000 ) ) ;
#2745 = VECTOR ( 'NONE', #1296, 39.37007874015748100 ) ;
#2746 = DIRECTION ( 'NONE',  ( 6.123233995736766000E-017, 0.0000000000000000000, 1.000000000000000000 ) ) ;
#2747 = AXIS2_PLACEMENT_3D ( 'NONE', #2960, #515, #2667 ) ;
#2748 = ORIENTED_EDGE ( 'NONE', *, *, #1672, .T. ) ;
#2749 = VECTOR ( 'NONE', #1590, 39.37007874015748100 ) ;
#2750 = DIRECTION ( 'NONE',  ( -0.0000000000000000000, 1.000000000000000000, 1.300879996982983000E-016 ) ) ;
#2751 = CARTESIAN_POINT ( 'NONE',  ( 0.2411065240055007800, -0.4376087496138548200, -0.6449122492182515200 ) ) ;
#2752 = ORIENTED_EDGE ( 'NONE', *, *, #611, .T. ) ;
#2753 = CONICAL_SURFACE ( 'NONE', #2327, 0.5287564434701826900, 0.5235987755982853800 ) ;
#2754 = EDGE_CURVE ( 'NONE', #3940, #640, #1747, .T. ) ;
#2755 = CARTESIAN_POINT ( 'NONE',  ( -0.2912372384210974400, -0.5244376940013858500, 0.06836233743005433500 ) ) ;
#2756 = ADVANCED_FACE ( 'NONE', ( #3225 ), #2859, .T. ) ;
#2757 = ORIENTED_EDGE ( 'NONE', *, *, #3262, .F. ) ;
#2758 = EDGE_CURVE ( 'NONE', #3917, #1264, #1793, .T. ) ;
#2759 = CARTESIAN_POINT ( 'NONE',  ( -0.5578498911788124500, 0.3336217902232815900, 0.5750000000000001800 ) ) ;
#2760 = DIRECTION ( 'NONE',  ( -6.123233995736766000E-017, -0.0000000000000000000, -1.000000000000000000 ) ) ;
#2761 = CARTESIAN_POINT ( 'NONE',  ( 0.4995335560866924200, -0.01000000000000000000, -0.6449122492182515200 ) ) ;
#2762 = CARTESIAN_POINT ( 'NONE',  ( -0.3163012821475967300, -0.5678498911788103500, 0.5750000000000001800 ) ) ;
#2763 = PERSON_AND_ORGANIZATION_ROLE ( 'design_supplier' ) ;
#2764 = CARTESIAN_POINT ( 'NONE',  ( 0.2500000000000000600, -0.003334445282294745400, -0.3953786931315602100 ) ) ;
#2765 = CARTESIAN_POINT ( 'NONE',  ( 9.373498641636613500E-034, 0.0000000000000000000, -0.7850000000000001400 ) ) ;
#2766 = EDGE_LOOP ( 'NONE', ( #731, #1276, #3027, #3465 ) ) ;
#2767 = ADVANCED_FACE ( 'NONE', ( #206 ), #3246, .F. ) ;
#2768 = EDGE_CURVE ( 'NONE', #1529, #2490, #1508, .T. ) ;
#2769 = ORIENTED_EDGE ( 'NONE', *, *, #3420, .F. ) ;
#2770 = CARTESIAN_POINT ( 'NONE',  ( -0.5578498911788100100, -0.3336217902232854200, 0.4250000000000001600 ) ) ;
#2771 = AXIS2_PLACEMENT_3D ( 'NONE', #2963, #2678, #2043 ) ;
#2772 = CARTESIAN_POINT ( 'NONE',  ( -0.3163012821475887400, 0.5678498911788146800, 0.5750000000000001800 ) ) ;
#2773 = EDGE_CURVE ( 'NONE', #2387, #3591, #2699, .T. ) ;
#2774 = ORIENTED_EDGE ( 'NONE', *, *, #153, .F. ) ;
#2775 = EDGE_LOOP ( 'NONE', ( #141, #3503, #3866, #2944, #2974, #3071, #3659, #679, #1086, #3312, #3606, #163, #1027, #2540, #2788, #2507, #3265, #2952, #2434, #1401, #1609, #1173, #3848, #3360, #935, #1737, #2275, #2595 ) ) ;
#2776 = DIRECTION ( 'NONE',  ( 1.000000000000000000, 0.0000000000000000000, -1.050710766793947200E-016 ) ) ;
#2777 = LINE ( 'NONE', #965, #1072 ) ;
#2778 = CARTESIAN_POINT ( 'NONE',  ( -0.2113330765278387300, -0.1335602140058133600, 0.4707999199359359500 ) ) ;
#2779 = DIRECTION ( 'NONE',  ( -6.123233995736766000E-017, -0.0000000000000000000, -1.000000000000000000 ) ) ;
#2780 = ORIENTED_EDGE ( 'NONE', *, *, #2773, .T. ) ;
#2781 = ORIENTED_EDGE ( 'NONE', *, *, #2983, .T. ) ;
#2782 = VECTOR ( 'NONE', #1163, 39.37007874015748100 ) ;
#2783 = VERTEX_POINT ( 'NONE', #1992 ) ;
#2784 = LINE ( 'NONE', #462, #2698 ) ;
#2785 = CARTESIAN_POINT ( 'NONE',  ( 0.2556706827210007400, -0.4628346124785979700, 0.7849999999999997000 ) ) ;
#2786 = CIRCLE ( 'NONE', #487, 0.2500000000000001100 ) ;
#2787 = CARTESIAN_POINT ( 'NONE',  ( -0.3336217902232855300, -0.5578498911788103400, -0.7850000000000001400 ) ) ;
#2788 = ORIENTED_EDGE ( 'NONE', *, *, #518, .T. ) ;
#2789 = CYLINDRICAL_SURFACE ( 'NONE', #3060, 0.6500000000000001300 ) ;
#2790 = CIRCLE ( 'NONE', #787, 0.5749999999999999600 ) ;
#2791 = ORIENTED_EDGE ( 'NONE', *, *, #34, .F. ) ;
#2792 = VECTOR ( 'NONE', #3931, 39.37007874015748100 ) ;
#2793 = EDGE_CURVE ( 'NONE', #2097, #3233, #3953, .T. ) ;
#2794 = DIRECTION ( 'NONE',  ( -1.000000000000000000, 0.0000000000000000000, 1.187759997245331800E-016 ) ) ;
#2795 = VERTEX_POINT ( 'NONE', #807 ) ;
#2796 = CARTESIAN_POINT ( 'NONE',  ( 0.01000000000000008300, -0.5749130369021039400, 0.5649999999999999500 ) ) ;
#2797 = CARTESIAN_POINT ( 'NONE',  ( 0.5750000000000000700, 0.0000000000000000000, 0.4250000000000001000 ) ) ;
#2798 = CARTESIAN_POINT ( 'NONE',  ( 0.2661725826620367500, -0.4810244367524769700, -0.2882751530984586400 ) ) ;
#2799 = EDGE_CURVE ( 'NONE', #2648, #3235, #1400, .T. ) ;
#2800 = ORIENTED_EDGE ( 'NONE', *, *, #2142, .F. ) ;
#2801 = CARTESIAN_POINT ( 'NONE',  ( 9.613477373306722300E-017, 0.0000000000000000000, 0.7849999999999998100 ) ) ;
#2802 = PRODUCT_DEFINITION_FORMATION_WITH_SPECIFIED_SOURCE ( 'ANY', '', #1235, .NOT_KNOWN. ) ;
#2803 = AXIS2_PLACEMENT_3D ( 'NONE', #653, #3443, #2216 ) ;
#2804 = DIRECTION ( 'NONE',  ( -1.000000000000000000, 0.0000000000000000000, 1.050710766793947200E-016 ) ) ;
#2805 = DIRECTION ( 'NONE',  ( -6.123233995736766000E-017, -0.0000000000000000000, -1.000000000000000000 ) ) ;
#2806 = CARTESIAN_POINT ( 'NONE',  ( -0.2148965835325540900, 0.1279216568640717500, 0.4710667289577122900 ) ) ;
#2807 =( BOUNDED_CURVE ( )  B_SPLINE_CURVE ( 3, ( #934, #634, #3090, #3348 ),
 .UNSPECIFIED., .F., .F. ) 
 B_SPLINE_CURVE_WITH_KNOTS ( ( 4, 4 ),
 ( 3.141592653589793100, 3.158968185417177400 ),
 .UNSPECIFIED. ) 
 CURVE ( )  GEOMETRIC_REPRESENTATION_ITEM ( )  RATIONAL_B_SPLINE_CURVE ( ( 1.000000000000000000, 0.9999748410660541700, 0.9999748410660541700, 1.000000000000000000 ) ) 
 REPRESENTATION_ITEM ( '' )  );
#2808 = VERTEX_POINT ( 'NONE', #173 ) ;
#2809 = DIRECTION ( 'NONE',  ( 1.000000000000000000, 0.0000000000000000000, -6.123233995736766000E-017 ) ) ;
#2810 = CARTESIAN_POINT ( 'NONE',  ( 0.0000000000000000000, 0.0000000000000000000, -0.7850000000000001400 ) ) ;
#2811 = DIRECTION ( 'NONE',  ( -1.000000000000000000, 0.0000000000000000000, 1.187759997245331800E-016 ) ) ;
#2812 = ORIENTED_EDGE ( 'NONE', *, *, #314, .F. ) ;
#2813 = AXIS2_PLACEMENT_3D ( 'NONE', #881, #2345, #2362 ) ;
#2814 = CARTESIAN_POINT ( 'NONE',  ( 7.409113134841489000E-017, 0.0000000000000000000, 0.4250000000000001000 ) ) ;
#2815 = VERTEX_POINT ( 'NONE', #2943 ) ;
#2816 = CARTESIAN_POINT ( 'NONE',  ( -0.5660193567349198800, 0.01000000000000000000, 0.7203059062063742500 ) ) ;
#2817 = DIRECTION ( 'NONE',  ( 0.7071067811865486800, 0.0000000000000000000, 0.7071067811865462400 ) ) ;
#2818 = AXIS2_PLACEMENT_3D ( 'NONE', #1061, #2271, #454 ) ;
#2819 = AXIS2_PLACEMENT_3D ( 'NONE', #2269, #1050, #2219 ) ;
#2820 = EDGE_CURVE ( 'NONE', #2144, #1461, #672, .T. ) ;
#2821 = ORIENTED_EDGE ( 'NONE', *, *, #3319, .T. ) ;
#2822 = ORIENTED_EDGE ( 'NONE', *, *, #1785, .F. ) ;
#2823 = ORIENTED_EDGE ( 'NONE', *, *, #2966, .T. ) ;
#2824 = CARTESIAN_POINT ( 'NONE',  ( 0.008660254037844433400, 0.004999999999999920300, 0.7849999999999999200 ) ) ;
#2825 = PERSON_AND_ORGANIZATION ( #723, #1534 ) ;
#2826 = CARTESIAN_POINT ( 'NONE',  ( 0.01000000000000008300, 0.5749130369021039400, 0.5649999999999999500 ) ) ;
#2827 = EDGE_LOOP ( 'NONE', ( #297, #2181, #1117, #396, #1488, #427, #520, #3146, #3908 ) ) ;
#2828 = ORIENTED_EDGE ( 'NONE', *, *, #2870, .T. ) ;
#2829 = EDGE_CURVE ( 'NONE', #2482, #3882, #3802, .T. ) ;
#2830 = CARTESIAN_POINT ( 'NONE',  ( -0.01000000000000000000, -0.5909072528936051300, 0.6772053272399298800 ) ) ;
#2831 = FACE_OUTER_BOUND ( 'NONE', #3106, .T. ) ;
#2832 = ORIENTED_EDGE ( 'NONE', *, *, #2051, .F. ) ;
#2833 = ORIENTED_EDGE ( 'NONE', *, *, #691, .T. ) ;
#2834 = CARTESIAN_POINT ( 'NONE',  ( -0.5028892949240829600, 0.2787962644132064300, 0.5649999999999999500 ) ) ;
#2835 = CARTESIAN_POINT ( 'NONE',  ( 0.5749130369021039400, 0.01000000000000000000, -0.7850000000000001400 ) ) ;
#2836 = CIRCLE ( 'NONE', #658, 0.6500000000000001300 ) ;
#2837 = CARTESIAN_POINT ( 'NONE',  ( 0.5750000000000000700, 0.01000000000000000000, 0.4250000000000001000 ) ) ;
#2838 = ORIENTED_EDGE ( 'NONE', *, *, #107, .F. ) ;
#2839 = LINE ( 'NONE', #1868, #3414 ) ;
#2840 = CARTESIAN_POINT ( 'NONE',  ( -0.3163012821475966700, -0.5678498911788101300, 0.5649999999999999500 ) ) ;
#2841 = FACE_OUTER_BOUND ( 'NONE', #2775, .T. ) ;
#2842 = CARTESIAN_POINT ( 'NONE',  ( 0.5749130369021040500, 0.01000000000000000000, 0.4250000000000002700 ) ) ;
#2843 = DIRECTION ( 'NONE',  ( -0.6123724356957897000, 0.3535533905932633500, -0.7071067811865570100 ) ) ;
#2844 = ORIENTED_EDGE ( 'NONE', *, *, #1367, .T. ) ;
#2845 = FACE_OUTER_BOUND ( 'NONE', #426, .T. ) ;
#2846 = AXIS2_PLACEMENT_3D ( 'NONE', #496, #2657, #219 ) ;
#2847 = PLANE ( 'NONE',  #1106 ) ;
#2848 = FACE_OUTER_BOUND ( 'NONE', #1536, .T. ) ;
#2849 = VERTEX_POINT ( 'NONE', #2641 ) ;
#2850 = CIRCLE ( 'NONE', #778, 0.2500000000000001100 ) ;
#2851 = DIRECTION ( 'NONE',  ( -1.000000000000000000, 0.0000000000000000000, 1.187759997245331800E-016 ) ) ;
#2852 = ORIENTED_EDGE ( 'NONE', *, *, #1247, .T. ) ;
#2853 = EDGE_CURVE ( 'NONE', #3674, #3352, #424, .T. ) ;
#2854 = CARTESIAN_POINT ( 'NONE',  ( -0.6499230723708768800, 0.01000000000000000000, 0.5650000000000000600 ) ) ;
#2855 = CARTESIAN_POINT ( 'NONE',  ( -0.3163397459621583600, -0.5679165124598838400, 0.7849999999999999200 ) ) ;
#2856 = DIRECTION ( 'NONE',  ( -1.000000000000000000, 0.0000000000000000000, 1.187759997245331800E-016 ) ) ;
#2857 = B_SPLINE_CURVE_WITH_KNOTS ( 'NONE', 3,
 ( #519, #561, #3254, #3582 ),
 .UNSPECIFIED., .F., .F.,
 ( 4, 4 ),
 ( 2.019659775547993200E-007, 0.03103633895897224200 ),
 .UNSPECIFIED. ) ;
#2858 = EDGE_CURVE ( 'NONE', #2208, #2482, #633, .T. ) ;
#2859 = PLANE ( 'NONE',  #3499 ) ;
#2860 = CARTESIAN_POINT ( 'NONE',  ( 0.5286618735176923400, 0.01000000000000000000, 0.7849999999999998100 ) ) ;
#2861 =( BOUNDED_CURVE ( )  B_SPLINE_CURVE ( 3, ( #2629, #3268, #2084, #1197 ),
 .UNSPECIFIED., .F., .F. ) 
 B_SPLINE_CURVE_WITH_KNOTS ( ( 4, 4 ),
 ( 3.132035932894354300, 3.151149374285232300 ),
 .UNSPECIFIED. ) 
 CURVE ( )  GEOMETRIC_REPRESENTATION_ITEM ( )  RATIONAL_B_SPLINE_CURVE ( ( 1.000000000000000000, 0.9999695565948860700, 0.9999695565948860700, 1.000000000000000000 ) ) 
 REPRESENTATION_ITEM ( '' )  );
#2862 = CARTESIAN_POINT ( 'NONE',  ( -0.5578498911788102300, -0.3336217902232855300, 0.5750000000000001800 ) ) ;
#2863 = CARTESIAN_POINT ( 'NONE',  ( -0.01000000000000000000, 0.5835794868167192300, -0.04699953367514749700 ) ) ;
#2864 = CARTESIAN_POINT ( 'NONE',  ( -0.01000000000000000000, -0.1999999999999998400, 0.4209999999999986000 ) ) ;
#2865 = DIRECTION ( 'NONE',  ( 0.3535533905932759500, 0.6123724356957918100, -0.7071067811865487900 ) ) ;
#2866 = CARTESIAN_POINT ( 'NONE',  ( 0.2113330765278379200, 0.1335602140058148600, 0.4707999199359362300 ) ) ;
#2867 = CARTESIAN_POINT ( 'NONE',  ( 0.5028892949240850700, -0.2787962644132028800, -0.7850000000000001400 ) ) ;
#2868 = ORIENTED_EDGE ( 'NONE', *, *, #3937, .F. ) ;
#2869 = EDGE_LOOP ( 'NONE', ( #1814, #1533, #885, #946, #2347, #3621, #2584, #875, #3489 ) ) ;
#2870 = EDGE_CURVE ( 'NONE', #1646, #2111, #2593, .T. ) ;
#2871 = VERTEX_POINT ( 'NONE', #2840 ) ;
#2872 = CARTESIAN_POINT ( 'NONE',  ( 0.3336217902232815900, -0.5578498911788125600, -0.7850000000000001400 ) ) ;
#2873 = PLANE ( 'NONE',  #168 ) ;
#2874 = CARTESIAN_POINT ( 'NONE',  ( 0.2411065240055065600, 0.4376087496138509300, -0.6449122492182509700 ) ) ;
#2875 = EDGE_LOOP ( 'NONE', ( #1775, #525, #2175, #3548, #3644, #3418, #3939, #135 ) ) ;
#2876 = ORIENTED_EDGE ( 'NONE', *, *, #1855, .T. ) ;
#2877 = EDGE_CURVE ( 'NONE', #3547, #2730, #1327, .T. ) ;
#2878 = FACE_OUTER_BOUND ( 'NONE', #2235, .T. ) ;
#2879 = EDGE_CURVE ( 'NONE', #3270, #3221, #53, .T. ) ;
#2880 = DIRECTION ( 'NONE',  ( -0.5000000000000041100, -0.8660254037844363800, 3.414809992080327500E-016 ) ) ;
#2881 = ORIENTED_EDGE ( 'NONE', *, *, #3239, .F. ) ;
#2882 = CARTESIAN_POINT ( 'NONE',  ( 0.1335602140058118900, -0.2113330765278397200, -0.3951786130674960800 ) ) ;
#2883 = ORIENTED_EDGE ( 'NONE', *, *, #1569, .T. ) ;
#2884 = LINE ( 'NONE', #3631, #2239 ) ;
#2885 = ORIENTED_EDGE ( 'NONE', *, *, #3624, .F. ) ;
#2886 = LINE ( 'NONE', #859, #2792 ) ;
#2887 = EDGE_CURVE ( 'NONE', #1390, #878, #2068, .T. ) ;
#2888 = CARTESIAN_POINT ( 'NONE',  ( 0.1335602140058118600, -0.2113330765278397500, 0.7849999999999998100 ) ) ;
#2889 = VECTOR ( 'NONE', #3428, 39.37007874015748100 ) ;
#2890 = ORIENTED_EDGE ( 'NONE', *, *, #124, .F. ) ;
#2891 = VECTOR ( 'NONE', #3362, 39.37007874015748100 ) ;
#2892 = DIRECTION ( 'NONE',  ( -0.0000000000000000000, 0.7071067811865570100, 0.7071067811865381400 ) ) ;
#2893 = DIRECTION ( 'NONE',  ( -6.123233995736766000E-017, -0.0000000000000000000, -1.000000000000000000 ) ) ;
#2894 = CARTESIAN_POINT ( 'NONE',  ( 0.2497999199359359800, 0.01000000000000000000, -0.3951786130674960800 ) ) ;
#2895 = CIRCLE ( 'NONE', #3585, 0.5749999999999999600 ) ;
#2896 = ORIENTED_EDGE ( 'NONE', *, *, #327, .T. ) ;
#2897 = VECTOR ( 'NONE', #228, 39.37007874015748900 ) ;
#2898 = CARTESIAN_POINT ( 'NONE',  ( 0.0000000000000000000, 0.0000000000000000000, -0.7850000000000001400 ) ) ;
#2899 = CARTESIAN_POINT ( 'NONE',  ( -0.1162397059301215300, 0.2213330765278404800, -0.3951786130674961300 ) ) ;
#2900 = ORIENTED_EDGE ( 'NONE', *, *, #2879, .F. ) ;
#2901 = ADVANCED_FACE ( 'NONE', ( #1132 ), #117, .F. ) ;
#2902 = ORIENTED_EDGE ( 'NONE', *, *, #1564, .F. ) ;
#2903 = DIRECTION ( 'NONE',  ( -6.123233995736766000E-017, -0.0000000000000000000, -1.000000000000000000 ) ) ;
#2904 = EDGE_CURVE ( 'NONE', #3464, #2205, #148, .T. ) ;
#2905 = CARTESIAN_POINT ( 'NONE',  ( -0.3336217902232853600, -0.5578498911788101200, 0.5649999999999999500 ) ) ;
#2906 = DIRECTION ( 'NONE',  ( 6.123233995736766000E-017, 0.0000000000000000000, 1.000000000000000000 ) ) ;
#2907 = CARTESIAN_POINT ( 'NONE',  ( -0.2213330765278397300, 0.1162397059301232400, -0.7850000000000002500 ) ) ;
#2908 = AXIS2_PLACEMENT_3D ( 'NONE', #453, #436, #2575 ) ;
#2909 = DIRECTION ( 'NONE',  ( -6.123233995736766000E-017, -0.0000000000000000000, -1.000000000000000000 ) ) ;
#2910 = EDGE_CURVE ( 'NONE', #1585, #3206, #3753, .T. ) ;
#2911 = ADVANCED_FACE ( 'NONE', ( #2295 ), #58, .F. ) ;
#2912 = ORIENTED_EDGE ( 'NONE', *, *, #3703, .T. ) ;
#2913 = ORIENTED_EDGE ( 'NONE', *, *, #2462, .T. ) ;
#2914 = DIRECTION ( 'NONE',  ( 1.000000000000000000, 0.0000000000000000000, -6.123233995736766000E-017 ) ) ;
#2915 = DIRECTION ( 'NONE',  ( -6.123233995736766000E-017, -0.0000000000000000000, -1.000000000000000000 ) ) ;
#2916 = EDGE_LOOP ( 'NONE', ( #2316, #1230, #3061, #2459, #3355, #834, #1357, #1014 ) ) ;
#2917 = CARTESIAN_POINT ( 'NONE',  ( -0.3336217902232777000, 0.5578498911788147800, 0.4250000000000001000 ) ) ;
#2918 = CARTESIAN_POINT ( 'NONE',  ( 1.016337998740283200E-032, 0.0000000000000000000, -0.7849999999999999200 ) ) ;
#2919 = APPROVAL_DATE_TIME ( #1213, #171 ) ;
#2920 = ORIENTED_EDGE ( 'NONE', *, *, #3676, .T. ) ;
#2921 = ORIENTED_EDGE ( 'NONE', *, *, #129, .T. ) ;
#2922 = DIRECTION ( 'NONE',  ( -1.000000000000000000, 0.0000000000000000000, 6.123233995736766000E-017 ) ) ;
#2923 = FACE_OUTER_BOUND ( 'NONE', #654, .T. ) ;
#2924 = DIRECTION ( 'NONE',  ( 6.123233995736766000E-017, 0.0000000000000000000, 1.000000000000000000 ) ) ;
#2925 = EDGE_CURVE ( 'NONE', #265, #2935, #3122, .T. ) ;
#2926 = ORIENTED_EDGE ( 'NONE', *, *, #1279, .T. ) ;
#2927 = VERTEX_POINT ( 'NONE', #3734 ) ;
#2928 = DIRECTION ( 'NONE',  ( -1.000000000000000000, 0.0000000000000000000, 0.0000000000000000000 ) ) ;
#2929 = PLANE ( 'NONE',  #3182 ) ;
#2930 = ADVANCED_FACE ( 'NONE', ( #539 ), #585, .T. ) ;
#2931 = VECTOR ( 'NONE', #179, 39.37007874015748900 ) ;
#2932 = CARTESIAN_POINT ( 'NONE',  ( 0.3163012821476007800, 0.5678498911788081300, 0.5649999999999999500 ) ) ;
#2933 = ORIENTED_EDGE ( 'NONE', *, *, #1347, .T. ) ;
#2934 = AXIS2_PLACEMENT_3D ( 'NONE', #3080, #3397, #1565 ) ;
#2935 = VERTEX_POINT ( 'NONE', #2020 ) ;
#2936 = EDGE_CURVE ( 'NONE', #2618, #3310, #985, .T. ) ;
#2937 = LINE ( 'NONE', #3822, #1875 ) ;
#2938 = CARTESIAN_POINT ( 'NONE',  ( 0.6499230723708769900, -0.01000000000000000000, -0.7850000000000001400 ) ) ;
#2939 = ORIENTED_EDGE ( 'NONE', *, *, #3322, .T. ) ;
#2940 = CARTESIAN_POINT ( 'NONE',  ( -0.1279216568640703100, 0.2148965835325550600, -0.3954454220892726400 ) ) ;
#2941 = ORIENTED_EDGE ( 'NONE', *, *, #2870, .F. ) ;
#2942 = VECTOR ( 'NONE', #390, 39.37007874015748100 ) ;
#2943 = CARTESIAN_POINT ( 'NONE',  ( -0.2584270320811863400, 0.4276087496138561400, -0.6449122492182509700 ) ) ;
#2944 = ORIENTED_EDGE ( 'NONE', *, *, #3700, .F. ) ;
#2945 = CIRCLE ( 'NONE', #1178, 0.6500000000000001300 ) ;
#2946 = DIRECTION ( 'NONE',  ( -1.000000000000000000, 0.0000000000000000000, 1.050710766793947200E-016 ) ) ;
#2947 = CIRCLE ( 'NONE', #869, 0.6500000000000001300 ) ;
#2948 = PLANE ( 'NONE',  #276 ) ;
#2949 = FACE_OUTER_BOUND ( 'NONE', #2733, .T. ) ;
#2950 = CARTESIAN_POINT ( 'NONE',  ( -0.01000000000000000000, -0.4798414002252715000, -0.7850000000000002500 ) ) ;
#2951 = CARTESIAN_POINT ( 'NONE',  ( -0.009999999999999916900, 0.6499230723708769900, 0.5750000000000001800 ) ) ;
#2952 = ORIENTED_EDGE ( 'NONE', *, *, #1420, .T. ) ;
#2953 = CARTESIAN_POINT ( 'NONE',  ( 0.4362499999999977000, 0.2403220495501830800, 0.5650000000000001700 ) ) ;
#2954 = CARTESIAN_POINT ( 'NONE',  ( 9.613477373306722300E-017, 0.0000000000000000000, 0.7849999999999998100 ) ) ;
#2955 = ADVANCED_FACE ( 'NONE', ( #439 ), #1360, .T. ) ;
#2956 = CARTESIAN_POINT ( 'NONE',  ( 0.3336217902232815900, -0.5578498911788125600, 0.5649999999999999500 ) ) ;
#2957 = AXIS2_PLACEMENT_3D ( 'NONE', #2898, #2607, #1392 ) ;
#2958 = CARTESIAN_POINT ( 'NONE',  ( 0.1162397059301231000, -0.2213330765278396800, 0.7849999999999998100 ) ) ;
#2959 = EDGE_CURVE ( 'NONE', #2278, #3292, #3078, .T. ) ;
#2960 = CARTESIAN_POINT ( 'NONE',  ( 7.409113134841489000E-017, 0.0000000000000000000, 0.4250000000000001000 ) ) ;
#2961 = EDGE_CURVE ( 'NONE', #1787, #1486, #1917, .T. ) ;
#2962 = CARTESIAN_POINT ( 'NONE',  ( -0.01000000000000000000, 0.6270153514007337200, 0.6146725170599939300 ) ) ;
#2963 = CARTESIAN_POINT ( 'NONE',  ( 7.409113134841489000E-017, 0.0000000000000000000, 0.4250000000000001000 ) ) ;
#2964 = DIRECTION ( 'NONE',  ( 6.123233995736766000E-017, 0.0000000000000000000, 1.000000000000000000 ) ) ;
#2965 = DIRECTION ( 'NONE',  ( -1.000000000000000000, 0.0000000000000000000, 1.187759997245331800E-016 ) ) ;
#2966 = EDGE_CURVE ( 'NONE', #3789, #330, #2245, .T. ) ;
#2968 = ORIENTED_EDGE ( 'NONE', *, *, #901, .F. ) ;
#2967 = CARTESIAN_POINT ( 'NONE',  ( -0.5053090229140166900, 0.2801932950195602500, 0.7000657489934245500 ) ) ;
#2969 = PLANE ( 'NONE',  #2598 ) ;
#2970 = ADVANCED_FACE ( 'NONE', ( #3327 ), #1972, .T. ) ;
#2971 = CARTESIAN_POINT ( 'NONE',  ( -0.6499230723708768800, -0.01000000000000000000, 0.4250000000000001600 ) ) ;
#2972 = VERTEX_POINT ( 'NONE', #1963 ) ;
#2973 = CARTESIAN_POINT ( 'NONE',  ( 0.2991221016894741200, 0.4980946777929480800, -0.06589369714728167400 ) ) ;
#2974 = ORIENTED_EDGE ( 'NONE', *, *, #3523, .T. ) ;
#2975 = VERTEX_POINT ( 'NONE', #2321 ) ;
#2976 = DIRECTION ( 'NONE',  ( -1.000000000000000000, 0.0000000000000000000, 1.050710766793947200E-016 ) ) ;
#2977 = CIRCLE ( 'NONE', #2556, 0.6500000000000001300 ) ;
#2978 = ADVANCED_FACE ( 'NONE', ( #3907 ), #1459, .T. ) ;
#2979 = ORIENTED_EDGE ( 'NONE', *, *, #2768, .F. ) ;
#2980 = ORIENTED_EDGE ( 'NONE', *, *, #2758, .T. ) ;
#2981 = CARTESIAN_POINT ( 'NONE',  ( 0.5678498911788081300, 0.3163012821476008400, 0.5649999999999999500 ) ) ;
#2982 = FACE_OUTER_BOUND ( 'NONE', #524, .T. ) ;
#2983 = EDGE_CURVE ( 'NONE', #635, #3083, #3704, .T. ) ;
#2984 = DIRECTION ( 'NONE',  ( -6.123233995736766000E-017, -0.0000000000000000000, -1.000000000000000000 ) ) ;
#2985 = ORIENTED_EDGE ( 'NONE', *, *, #3388, .T. ) ;
#2986 = LINE ( 'NONE', #1426, #1268 ) ;
#2987 = CARTESIAN_POINT ( 'NONE',  ( -0.01000000000000000000, -0.6329500084179928700, 0.3042449472001914100 ) ) ;
#2988 = AXIS2_PLACEMENT_3D ( 'NONE', #639, #65, #686 ) ;
#2989 = ORIENTED_EDGE ( 'NONE', *, *, #3655, .F. ) ;
#2990 = UNCERTAINTY_MEASURE_WITH_UNIT (LENGTH_MEASURE( 1.000000000000000100E-005 ), #1783, 'distance_accuracy_value', 'NONE');
#2991 = VECTOR ( 'NONE', #3571, 39.37007874015748900 ) ;
#2992 = EDGE_CURVE ( 'NONE', #2647, #3690, #2422, .T. ) ;
#2993 = CARTESIAN_POINT ( 'NONE',  ( 0.3134120018169140300, -0.5228455108487675100, 0.6450004751093609800 ) ) ;
#2994 = VECTOR ( 'NONE', #1958, 39.37007874015748100 ) ;
#2995 = DIRECTION ( 'NONE',  ( -1.000000000000000000, 0.0000000000000000000, 0.0000000000000000000 ) ) ;
#2996 = VERTEX_POINT ( 'NONE', #438 ) ;
#2997 = ADVANCED_FACE ( 'NONE', ( #3612 ), #1981, .F. ) ;
#2998 = LINE ( 'NONE', #3929, #1366 ) ;
#2999 = VECTOR ( 'NONE', #695, 39.37007874015748100 ) ;
#3000 = DIRECTION ( 'NONE',  ( -6.123233995736766000E-017, -0.0000000000000000000, -1.000000000000000000 ) ) ;
#3001 = PLANE ( 'NONE',  #2813 ) ;
#3002 = ORIENTED_EDGE ( 'NONE', *, *, #1809, .F. ) ;
#3003 = DIRECTION ( 'NONE',  ( 0.8660254037844328200, 0.5000000000000101000, -5.302876193624499400E-017 ) ) ;
#3004 = CARTESIAN_POINT ( 'NONE',  ( 0.3336217902232855300, 0.5578498911788103400, -0.7850000000000001400 ) ) ;
#3005 = EDGE_CURVE ( 'NONE', #1461, #3206, #2937, .T. ) ;
#3006 = CARTESIAN_POINT ( 'NONE',  ( -0.5365796790775269100, 0.2982474167732990800, 0.6375330225309449000 ) ) ;
#3007 = ORIENTED_EDGE ( 'NONE', *, *, #780, .F. ) ;
#3008 = CARTESIAN_POINT ( 'NONE',  ( 0.2213330765278381500, 0.1162397059301262100, 0.4707999199359362300 ) ) ;
#3009 = AXIS2_PLACEMENT_3D ( 'NONE', #3849, #2308, #1104 ) ;
#3010 = CARTESIAN_POINT ( 'NONE',  ( 0.4928892949240852300, -0.2961167724888917900, 0.4250000000000001000 ) ) ;
#3011 = ADVANCED_FACE ( 'NONE', ( #2112 ), #159, .F. ) ;
#3012 = EDGE_CURVE ( 'NONE', #3394, #2414, #2786, .T. ) ;
#3013 = PLANE ( 'NONE',  #2091 ) ;
#3014 = DIRECTION ( 'NONE',  ( 0.0000000000000000000, 0.0000000000000000000, 1.000000000000000000 ) ) ;
#3015 = VERTEX_POINT ( 'NONE', #3832 ) ;
#3016 = DIRECTION ( 'NONE',  ( 0.7559289460184452900, 0.0000000000000000000, -0.6546536707079875200 ) ) ;
#3017 = AXIS2_PLACEMENT_3D ( 'NONE', #212, #800, #2326 ) ;
#3018 = CARTESIAN_POINT ( 'NONE',  ( 0.4740375896691652600, 0.2621387246177087100, 0.7625979573111030300 ) ) ;
#3019 = ORIENTED_EDGE ( 'NONE', *, *, #1153, .F. ) ;
#3020 = ADVANCED_FACE ( 'NONE', ( #1592 ), #2022, .T. ) ;
#3021 = CARTESIAN_POINT ( 'NONE',  ( 0.1524102540378467800, 0.2439823035880273600, 0.5650000000000001700 ) ) ;
#3022 = VERTEX_POINT ( 'NONE', #2854 ) ;
#3023 = ORIENTED_EDGE ( 'NONE', *, *, #2773, .F. ) ;
#3024 = CARTESIAN_POINT ( 'NONE',  ( 0.0000000000000000000, 0.0000000000000000000, -0.7850000000000001400 ) ) ;
#3025 = SECURITY_CLASSIFICATION_LEVEL ( 'unclassified' ) ;
#3026 = DATE_AND_TIME ( #3648, #661 ) ;
#3027 = ORIENTED_EDGE ( 'NONE', *, *, #2936, .T. ) ;
#3028 = ORIENTED_EDGE ( 'NONE', *, *, #3322, .F. ) ;
#3029 = CARTESIAN_POINT ( 'NONE',  ( 0.01000000000000000000, 0.2497999199359359800, -0.7850000000000001400 ) ) ;
#3030 = CIRCLE ( 'NONE', #3256, 0.5749999999999999600 ) ;
#3031 = CARTESIAN_POINT ( 'NONE',  ( -0.2500000000000000600, 0.0000000000000000000, -0.3953786931315603800 ) ) ;
#3032 = EDGE_LOOP ( 'NONE', ( #3034, #2900, #100, #2608 ) ) ;
#3033 = ORIENTED_EDGE ( 'NONE', *, *, #1123, .F. ) ;
#3034 = ORIENTED_EDGE ( 'NONE', *, *, #3104, .F. ) ;
#3035 = EDGE_CURVE ( 'NONE', #3398, #1399, #2494, .T. ) ;
#3036 = VECTOR ( 'NONE', #1484, 39.37007874015748900 ) ;
#3037 = CARTESIAN_POINT ( 'NONE',  ( 0.6454202385439279400, -0.01000000000000000000, 0.3929644908330955900 ) ) ;
#3038 = EDGE_CURVE ( 'NONE', #1195, #1018, #3584, .T. ) ;
#3039 = CIRCLE ( 'NONE', #553, 0.4799455900101061200 ) ;
#3040 = CARTESIAN_POINT ( 'NONE',  ( -0.4928892949240831200, 0.2961167724888951700, 0.4250000000000001000 ) ) ;
#3041 = ORIENTED_EDGE ( 'NONE', *, *, #4, .T. ) ;
#3042 = CYLINDRICAL_SURFACE ( 'NONE', #2652, 0.5749999999999999600 ) ;
#3043 = ADVANCED_FACE ( 'NONE', ( #44 ), #249, .T. ) ;
#3044 = AXIS2_PLACEMENT_3D ( 'NONE', #3153, #98, #2226 ) ;
#3045 = VECTOR ( 'NONE', #3047, 39.37007874015748100 ) ;
#3046 = EDGE_CURVE ( 'NONE', #838, #1576, #3892, .T. ) ;
#3047 = DIRECTION ( 'NONE',  ( 0.3535533905932686800, -0.6123724356957989100, 0.7071067811865463500 ) ) ;
#3048 = CIRCLE ( 'NONE', #1594, 0.2500000000000000000 ) ;
#3049 = DIRECTION ( 'NONE',  ( -6.123233995736766000E-017, -0.0000000000000000000, -1.000000000000000000 ) ) ;
#3050 = DIRECTION ( 'NONE',  ( -6.123233995736766000E-017, -0.0000000000000000000, -1.000000000000000000 ) ) ;
#3051 = ORIENTED_EDGE ( 'NONE', *, *, #380, .F. ) ;
#3052 = CARTESIAN_POINT ( 'NONE',  ( -0.2584270320811922800, -0.4276087496138525900, -0.6449122492182509700 ) ) ;
#3053 = CARTESIAN_POINT ( 'NONE',  ( -0.3336217902232854700, -0.5578498911788100100, 0.4250000000000001000 ) ) ;
#3054 = B_SPLINE_CURVE_WITH_KNOTS ( 'NONE', 3,
 ( #1340, #3482, #1652, #2207 ),
 .UNSPECIFIED., .F., .F.,
 ( 4, 4 ),
 ( 2.019659775530814800E-007, 0.03103633895897223500 ),
 .UNSPECIFIED. ) ;
#3055 = ADVANCED_FACE ( 'NONE', ( #1310 ), #2016, .T. ) ;
#3056 = EDGE_CURVE ( 'NONE', #2927, #1646, #1692, .T. ) ;
#3057 = DIRECTION ( 'NONE',  ( -6.123233995736766000E-017, -0.0000000000000000000, -1.000000000000000000 ) ) ;
#3058 = B_SPLINE_CURVE_WITH_KNOTS ( 'NONE', 3,
 ( #2381, #2967, #3006, #3308 ),
 .UNSPECIFIED., .F., .F.,
 ( 4, 4 ),
 ( 1.947472152523600800E-006, 0.005504277200746677200 ),
 .UNSPECIFIED. ) ;
#3059 = CARTESIAN_POINT ( 'NONE',  ( 0.01000000000000000000, -0.5018078645464717500, -0.6287329305588780200 ) ) ;
#3060 = AXIS2_PLACEMENT_3D ( 'NONE', #1149, #873, #2995 ) ;
#3061 = ORIENTED_EDGE ( 'NONE', *, *, #1735, .T. ) ;
#3062 = CARTESIAN_POINT ( 'NONE',  ( 0.5578498911788079000, 0.3336217902232893600, 0.5750000000000001800 ) ) ;
#3063 = ORIENTED_EDGE ( 'NONE', *, *, #2961, .T. ) ;
#3064 = CARTESIAN_POINT ( 'NONE',  ( 0.01000000000000003800, 0.2497999199359360000, 0.4707999199359361700 ) ) ;
#3065 = DIRECTION ( 'NONE',  ( -6.123233995736766000E-017, -0.0000000000000000000, -1.000000000000000000 ) ) ;
#3066 = ORIENTED_EDGE ( 'NONE', *, *, #571, .T. ) ;
#3067 = APPROVAL_PERSON_ORGANIZATION ( #1301, #2466, #2119 ) ;
#3068 = VERTEX_POINT ( 'NONE', #3906 ) ;
#3069 = ORIENTED_EDGE ( 'NONE', *, *, #3089, .T. ) ;
#3070 = DIRECTION ( 'NONE',  ( -1.000000000000000000, 0.0000000000000000000, 1.050710766793947200E-016 ) ) ;
#3071 = ORIENTED_EDGE ( 'NONE', *, *, #2243, .T. ) ;
#3072 = ORIENTED_EDGE ( 'NONE', *, *, #2959, .F. ) ;
#3073 = DIRECTION ( 'NONE',  ( -0.8660254037844328200, -0.5000000000000101000, 5.302876193624499400E-017 ) ) ;
#3074 = VECTOR ( 'NONE', #678, 39.37007874015748900 ) ;
#3075 = ORIENTED_EDGE ( 'NONE', *, *, #2820, .T. ) ;
#3076 = FACE_OUTER_BOUND ( 'NONE', #2153, .T. ) ;
#3077 = CARTESIAN_POINT ( 'NONE',  ( 0.1162397059301231000, -0.2213330765278396800, -0.7850000000000001400 ) ) ;
#3078 = LINE ( 'NONE', #813, #296 ) ;
#3079 = EDGE_CURVE ( 'NONE', #3314, #1805, #1228, .T. ) ;
#3080 = CARTESIAN_POINT ( 'NONE',  ( 8.327598234202003100E-017, 0.0000000000000000000, 0.5750000000000001800 ) ) ;
#3081 = EDGE_LOOP ( 'NONE', ( #1115, #562, #2844, #3318 ) ) ;
#3082 = FACE_OUTER_BOUND ( 'NONE', #37, .T. ) ;
#3083 = VERTEX_POINT ( 'NONE', #1144 ) ;
#3084 = LINE ( 'NONE', #2404, #109 ) ;
#3085 = EDGE_CURVE ( 'NONE', #1620, #1129, #2836, .T. ) ;
#3086 = CARTESIAN_POINT ( 'NONE',  ( -0.1782050807568872100, -0.09133974596215638200, 0.4209999999999986000 ) ) ;
#3087 = EDGE_LOOP ( 'NONE', ( #2232, #3164, #2752, #1910, #3408, #309, #1955, #1729, #1437 ) ) ;
#3088 = CYLINDRICAL_SURFACE ( 'NONE', #3983, 0.5749999999999999600 ) ;
#3089 = EDGE_CURVE ( 'NONE', #1787, #1529, #3561, .T. ) ;
#3090 = CARTESIAN_POINT ( 'NONE',  ( 0.4995920558719348400, -0.006666960199695125400, -0.6449707490034941600 ) ) ;
#3091 = CARTESIAN_POINT ( 'NONE',  ( -0.2556706827209974700, 0.4628346124785997500, 0.7849999999999997000 ) ) ;
#3092 = ORIENTED_EDGE ( 'NONE', *, *, #3104, .T. ) ;
#3093 = EDGE_CURVE ( 'NONE', #1620, #776, #3512, .T. ) ;
#3094 = CARTESIAN_POINT ( 'NONE',  ( 7.409113134841489000E-017, 0.0000000000000000000, 0.4250000000000001000 ) ) ;
#3095 = DIRECTION ( 'NONE',  ( -1.000000000000000000, 0.0000000000000000000, 1.187759997245331800E-016 ) ) ;
#3096 = DIRECTION ( 'NONE',  ( 6.123233995736766000E-017, 0.0000000000000000000, 1.000000000000000000 ) ) ;
#3097 = ORIENTED_EDGE ( 'NONE', *, *, #1525, .F. ) ;
#3098 = DIRECTION ( 'NONE',  ( -1.000000000000000000, 0.0000000000000000000, 1.050710766793947200E-016 ) ) ;
#3099 = CARTESIAN_POINT ( 'NONE',  ( 0.01000000000000000000, -0.5662528171316023600, 0.7199017647121244100 ) ) ;
#3100 = DIRECTION ( 'NONE',  ( -0.7071067811865463500, 0.0000000000000000000, -0.7071067811865487900 ) ) ;
#3101 = CARTESIAN_POINT ( 'NONE',  ( -0.01000000000000003000, 0.6499230723708769900, 0.5649999999999999500 ) ) ;
#3102 = CARTESIAN_POINT ( 'NONE',  ( 0.01000000000000000000, -0.2497999199359362000, -0.7850000000000002500 ) ) ;
#3103 = EDGE_LOOP ( 'NONE', ( #1307, #567, #1164, #2581, #764, #229, #2079, #1029, #2742 ) ) ;
#3104 = EDGE_CURVE ( 'NONE', #3221, #820, #785, .T. ) ;
#3105 = CARTESIAN_POINT ( 'NONE',  ( -0.2584270320811922800, -0.4276087496138525900, -0.6449122492182509700 ) ) ;
#3106 = EDGE_LOOP ( 'NONE', ( #3558, #1936, #743, #3695 ) ) ;
#3107 = DIRECTION ( 'NONE',  ( -6.123233995736766000E-017, -0.0000000000000000000, -1.000000000000000000 ) ) ;
#3108 = CARTESIAN_POINT ( 'NONE',  ( 0.4362500000000045200, -0.2403220495501790000, 0.4250000000000001000 ) ) ;
#3109 = EDGE_CURVE ( 'NONE', #1841, #90, #1502, .T. ) ;
#3110 = PLANE ( 'NONE',  #182 ) ;
#3111 = ORIENTED_EDGE ( 'NONE', *, *, #1934, .T. ) ;
#3112 = ORIENTED_EDGE ( 'NONE', *, *, #222, .F. ) ;
#3113 = VECTOR ( 'NONE', #822, 39.37007874015748100 ) ;
#3114 = PLANE ( 'NONE',  #2021 ) ;
#3115 = DIRECTION ( 'NONE',  ( 0.8660254037844362700, -0.5000000000000041100, 0.0000000000000000000 ) ) ;
#3116 = ORIENTED_EDGE ( 'NONE', *, *, #999, .T. ) ;
#3117 = VERTEX_POINT ( 'NONE', #197 ) ;
#3118 = LINE ( 'NONE', #1989, #1968 ) ;
#3119 = VERTEX_POINT ( 'NONE', #3303 ) ;
#3120 = LINE ( 'NONE', #1993, #1545 ) ;
#3121 = CARTESIAN_POINT ( 'NONE',  ( 7.409113134841489000E-017, 0.0000000000000000000, 0.4250000000000001000 ) ) ;
#3122 = LINE ( 'NONE', #2855, #2196 ) ;
#3123 = ORIENTED_EDGE ( 'NONE', *, *, #2685, .T. ) ;
#3124 = EDGE_LOOP ( 'NONE', ( #164, #1316, #2529, #3097 ) ) ;
#3125 = FACE_OUTER_BOUND ( 'NONE', #469, .T. ) ;
#3126 = DIRECTION ( 'NONE',  ( 0.6123724356957847000, 0.3535533905932719000, -0.7071067811865569000 ) ) ;
#3127 = LINE ( 'NONE', #1526, #1697 ) ;
#3128 = CARTESIAN_POINT ( 'NONE',  ( 7.409113134841489000E-017, 0.0000000000000000000, 0.4250000000000001000 ) ) ;
#3129 = ORIENTED_EDGE ( 'NONE', *, *, #2481, .F. ) ;
#3130 = VECTOR ( 'NONE', #3057, 39.37007874015748100 ) ;
#3131 = CARTESIAN_POINT ( 'NONE',  ( -0.6064397785292893200, 0.01000000000000000000, 0.6503059190099518300 ) ) ;
#3132 = LINE ( 'NONE', #1222, #3284 ) ;
#3133 = CARTESIAN_POINT ( 'NONE',  ( 7.409113134841489000E-017, 0.0000000000000000000, 0.4250000000000001000 ) ) ;
#3134 = EDGE_CURVE ( 'NONE', #1579, #2440, #2861, .T. ) ;
#3135 = VERTEX_POINT ( 'NONE', #1432 ) ;
#3136 = CARTESIAN_POINT ( 'NONE',  ( 0.5028892949240791900, 0.2787962644132134800, -0.7850000000000001400 ) ) ;
#3137 = ADVANCED_FACE ( 'NONE', ( #887 ), #3013, .F. ) ;
#3138 = CARTESIAN_POINT ( 'NONE',  ( -0.01000000000000000000, -0.5662528171316023600, 0.7199017647121244100 ) ) ;
#3139 = AXIS2_PLACEMENT_3D ( 'NONE', #364, #3107, #3718 ) ;
#3140 = CARTESIAN_POINT ( 'NONE',  ( 0.3134120018169178600, 0.5228455108487652900, 0.6450004751093607600 ) ) ;
#3141 = CARTESIAN_POINT ( 'NONE',  ( 0.3336217902232815300, -0.5578498911788124500, 0.4250000000000001000 ) ) ;
#3142 = DIRECTION ( 'NONE',  ( 0.0000000000000000000, 0.7559289460184577300, -0.6546536707079733100 ) ) ;
#3143 = DIRECTION ( 'NONE',  ( 6.123233995736766000E-017, 0.0000000000000000000, 1.000000000000000000 ) ) ;
#3144 = DIRECTION ( 'NONE',  ( -1.000000000000000000, 0.0000000000000000000, 1.187759997245331800E-016 ) ) ;
#3145 = DIRECTION ( 'NONE',  ( -1.000000000000000000, 0.0000000000000000000, 6.123233995736766000E-017 ) ) ;
#3146 = ORIENTED_EDGE ( 'NONE', *, *, #755, .T. ) ;
#3147 = B_SPLINE_CURVE_WITH_KNOTS ( 'NONE', 3,
 ( #1636, #3777, #3173, #716, #2863, #435, #3195, #2259, #2281, #1687 ),
 .UNSPECIFIED., .F., .F.,
 ( 4, 3, 3, 4 ),
 ( 0.06044042275034081800, 0.06508641549865207300, 0.08746835261900143300, 0.09147655974305474200 ),
 .UNSPECIFIED. ) ;
#3148 = DIRECTION ( 'NONE',  ( -6.123233995736766000E-017, -0.0000000000000000000, -1.000000000000000000 ) ) ;
#3149 = CARTESIAN_POINT ( 'NONE',  ( 0.01000000000000000000, -1.249999999999999800, -0.7850000000000001400 ) ) ;
#3150 = ORIENTED_EDGE ( 'NONE', *, *, #540, .F. ) ;
#3151 = CARTESIAN_POINT ( 'NONE',  ( 0.01000000000000000000, -0.6499230723708769900, -0.7850000000000001400 ) ) ;
#3152 = CARTESIAN_POINT ( 'NONE',  ( 0.4928892949240852300, -0.2961167724888917900, 0.5649999999999999500 ) ) ;
#3153 = CARTESIAN_POINT ( 'NONE',  ( 7.409113134841489000E-017, 0.0000000000000000000, 0.4250000000000001000 ) ) ;
#3154 = AXIS2_PLACEMENT_3D ( 'NONE', #2660, #3295, #3895 ) ;
#3155 = EDGE_CURVE ( 'NONE', #3639, #820, #243, .T. ) ;
#3156 = CARTESIAN_POINT ( 'NONE',  ( 0.2469382381563927400, -0.4343769124448514400, -0.6450292532044460400 ) ) ;
#3157 = ORIENTED_EDGE ( 'NONE', *, *, #3239, .T. ) ;
#3158 = DIRECTION ( 'NONE',  ( -1.000000000000000000, 0.0000000000000000000, 6.123233995736766000E-017 ) ) ;
#3159 = B_SPLINE_CURVE_WITH_KNOTS ( 'NONE', 3,
 ( #3569, #252, #2655, #2087 ),
 .UNSPECIFIED., .F., .F.,
 ( 4, 4 ),
 ( 2.019659775584441300E-007, 0.03103633895897224200 ),
 .UNSPECIFIED. ) ;
#3160 = CARTESIAN_POINT ( 'NONE',  ( 8.266365894244635600E-017, 0.0000000000000000000, 0.5649999999999999500 ) ) ;
#3161 = B_SPLINE_CURVE_WITH_KNOTS ( 'NONE', 3,
 ( #1475, #3615, #877, #1152, #1194, #3320, #1485, #3625, #1796, #526 ),
 .UNSPECIFIED., .F., .F.,
 ( 4, 3, 3, 4 ),
 ( 0.05112912229208922700, 0.05195082283676298600, 0.07508370142559929500, 0.07857204714523273500 ),
 .UNSPECIFIED. ) ;
#3162 = CALENDAR_DATE ( 2021, 14, 9 ) ;
#3163 = DIRECTION ( 'NONE',  ( -6.123233995736766000E-017, -0.0000000000000000000, -1.000000000000000000 ) ) ;
#3164 = ORIENTED_EDGE ( 'NONE', *, *, #3947, .F. ) ;
#3165 = AXIS2_PLACEMENT_3D ( 'NONE', #2313, #3163, #1118 ) ;
#3166 = ORIENTED_EDGE ( 'NONE', *, *, #1273, .T. ) ;
#3167 = EDGE_CURVE ( 'NONE', #1831, #1689, #3698, .T. ) ;
#3168 = VECTOR ( 'NONE', #2257, 39.37007874015748900 ) ;
#3169 = ORIENTED_EDGE ( 'NONE', *, *, #549, .F. ) ;
#3170 = ORIENTED_EDGE ( 'NONE', *, *, #2460, .F. ) ;
#3171 = DIRECTION ( 'NONE',  ( 1.000000000000000000, 0.0000000000000000000, -6.123233995736766000E-017 ) ) ;
#3172 = VECTOR ( 'NONE', #3797, 39.37007874015748100 ) ;
#3173 = CARTESIAN_POINT ( 'NONE',  ( -0.01000000000000000000, 0.6329500084179928700, 0.3042449472001914600 ) ) ;
#3174 = CARTESIAN_POINT ( 'NONE',  ( 0.0000000000000000000, 0.0000000000000000000, -0.7850000000000001400 ) ) ;
#3175 = EDGE_LOOP ( 'NONE', ( #711, #1013, #1964, #688, #1876, #2633, #903, #3756, #1638 ) ) ;
#3176 = FACE_OUTER_BOUND ( 'NONE', #1721, .T. ) ;
#3177 = LINE ( 'NONE', #45, #2942 ) ;
#3178 = DIRECTION ( 'NONE',  ( -6.123233995736766000E-017, -0.0000000000000000000, -1.000000000000000000 ) ) ;
#3179 = VERTEX_POINT ( 'NONE', #883 ) ;
#3180 = CARTESIAN_POINT ( 'NONE',  ( 0.5750000000000000700, 0.01000000000000000000, 0.5650000000000001700 ) ) ;
#3181 = LINE ( 'NONE', #3677, #158 ) ;
#3182 = AXIS2_PLACEMENT_3D ( 'NONE', #3820, #2892, #2031 ) ;
#3183 = LINE ( 'NONE', #1865, #2749 ) ;
#3184 = ORIENTED_EDGE ( 'NONE', *, *, #3187, .F. ) ;
#3185 = CARTESIAN_POINT ( 'NONE',  ( 0.2113330765278407200, -0.1335602140058104500, 0.4707999199359362300 ) ) ;
#3186 = VECTOR ( 'NONE', #2290, 39.37007874015748100 ) ;
#3187 = EDGE_CURVE ( 'NONE', #730, #2849, #779, .T. ) ;
#3188 = VERTEX_POINT ( 'NONE', #2709 ) ;
#3189 = AXIS2_PLACEMENT_3D ( 'NONE', #3205, #1388, #3526 ) ;
#3190 = DIRECTION ( 'NONE',  ( -6.123233995736766000E-017, -0.0000000000000000000, -1.000000000000000000 ) ) ;
#3191 = CARTESIAN_POINT ( 'NONE',  ( 0.2213330765278380700, 0.1162397059301262000, -0.7850000000000001400 ) ) ;
#3192 = EDGE_CURVE ( 'NONE', #1449, #3789, #2884, .T. ) ;
#3193 = DIRECTION ( 'NONE',  ( -0.5000000000000041100, -0.8660254037844362700, 3.061616997868407700E-017 ) ) ;
#3194 = DIRECTION ( 'NONE',  ( -6.123233995736766000E-017, -0.0000000000000000000, -1.000000000000000000 ) ) ;
#3195 = CARTESIAN_POINT ( 'NONE',  ( -0.01000000000000000000, 0.5018078645464717500, -0.6287329305588780200 ) ) ;
#3196 = CARTESIAN_POINT ( 'NONE',  ( 0.2469382381563981500, 0.4343769124448473900, -0.6450292532044449300 ) ) ;
#3197 = CARTESIAN_POINT ( 'NONE',  ( -0.01000000000000000000, -0.2497999199359359800, -0.7850000000000001400 ) ) ;
#3198 = ORIENTED_EDGE ( 'NONE', *, *, #3806, .T. ) ;
#3199 = B_SPLINE_CURVE_WITH_KNOTS ( 'NONE', 3,
 ( #1236, #2130, #2717, #1769, #3920, #2195, #1945, #1908, #87, #403 ),
 .UNSPECIFIED., .F., .F.,
 ( 4, 3, 3, 4 ),
 ( 0.05112912229208925500, 0.05195082283676302100, 0.07508370142559932200, 0.07857204714523273500 ),
 .UNSPECIFIED. ) ;
#3201 = ORIENTED_EDGE ( 'NONE', *, *, #3967, .F. ) ;
#3200 = CARTESIAN_POINT ( 'NONE',  ( 0.5578498911788079000, 0.3336217902232893600, 0.5750000000000001800 ) ) ;
#3202 = EDGE_CURVE ( 'NONE', #776, #93, #2395, .T. ) ;
#3203 = PLANE ( 'NONE',  #668 ) ;
#3204 = CARTESIAN_POINT ( 'NONE',  ( -0.1279216568640733100, -0.2148965835325531700, -0.3954454220892726900 ) ) ;
#3205 = CARTESIAN_POINT ( 'NONE',  ( 8.266365894244635600E-017, 0.0000000000000000000, 0.5649999999999999500 ) ) ;
#3206 = VERTEX_POINT ( 'NONE', #1599 ) ;
#3207 = ORIENTED_EDGE ( 'NONE', *, *, #1253, .T. ) ;
#3208 = EDGE_CURVE ( 'NONE', #1927, #2208, #2695, .T. ) ;
#3209 = DIRECTION ( 'NONE',  ( -1.000000000000000000, 0.0000000000000000000, 1.050710766793947200E-016 ) ) ;
#3210 = ORIENTED_EDGE ( 'NONE', *, *, #1016, .T. ) ;
#3211 = DIRECTION ( 'NONE',  ( -6.123233995736766000E-017, -0.0000000000000000000, -1.000000000000000000 ) ) ;
#3212 = B_SPLINE_CURVE_WITH_KNOTS ( 'NONE', 3,
 ( #3354, #1524, #2723, #3037, #3369, #3653, #3382, #1826, #1840, #2761 ),
 .UNSPECIFIED., .F., .F.,
 ( 4, 3, 3, 4 ),
 ( 0.05112912229208925500, 0.05195082283676302100, 0.07508370142559932200, 0.07857204714523273500 ),
 .UNSPECIFIED. ) ;
#3213 = ORIENTED_EDGE ( 'NONE', *, *, #1248, .F. ) ;
#3214 = DIRECTION ( 'NONE',  ( -6.123233995736766000E-017, -0.0000000000000000000, -1.000000000000000000 ) ) ;
#3215 = CIRCLE ( 'NONE', #584, 0.6500000000000001300 ) ;
#3216 = AXIS2_PLACEMENT_3D ( 'NONE', #1262, #2436, #2472 ) ;
#3217 = ORIENTED_EDGE ( 'NONE', *, *, #1758, .T. ) ;
#3218 = VECTOR ( 'NONE', #2817, 39.37007874015748900 ) ;
#3219 = VECTOR ( 'NONE', #191, 39.37007874015748100 ) ;
#3220 = DIRECTION ( 'NONE',  ( 1.000000000000000000, 0.0000000000000000000, -0.0000000000000000000 ) ) ;
#3221 = VERTEX_POINT ( 'NONE', #2228 ) ;
#3222 = VECTOR ( 'NONE', #3694, 39.37007874015748100 ) ;
#3223 = CARTESIAN_POINT ( 'NONE',  ( -0.2213330765278396500, 0.1162397059301231000, 0.4707999199359361700 ) ) ;
#3224 = DIRECTION ( 'NONE',  ( -6.123233995736766000E-017, -0.0000000000000000000, -1.000000000000000000 ) ) ;
#3225 = FACE_OUTER_BOUND ( 'NONE', #2254, .T. ) ;
#3226 = EDGE_LOOP ( 'NONE', ( #975, #2353, #1837, #1227, #2333, #1395, #2247, #3092, #2018 ) ) ;
#3227 = VECTOR ( 'NONE', #3214, 39.37007874015748100 ) ;
#3228 = CARTESIAN_POINT ( 'NONE',  ( 0.4205548423825784000, 0.2312604460747962100, -0.7850000000000002500 ) ) ;
#3229 = CARTESIAN_POINT ( 'NONE',  ( 0.2113330765278407200, -0.1335602140058104500, 0.4707999199359362300 ) ) ;
#3230 = CARTESIAN_POINT ( 'NONE',  ( -0.4105548423825793900, -0.2485809541504817600, -0.7850000000000002500 ) ) ;
#3231 =( BOUNDED_CURVE ( )  B_SPLINE_CURVE ( 3, ( #1710, #788, #2336, #2322 ),
 .UNSPECIFIED., .F., .T. ) 
 B_SPLINE_CURVE_WITH_KNOTS ( ( 4, 4 ),
 ( 3.124217121762408800, 3.141592653589793100 ),
 .UNSPECIFIED. ) 
 CURVE ( )  GEOMETRIC_REPRESENTATION_ITEM ( )  RATIONAL_B_SPLINE_CURVE ( ( 1.000000000000000000, 0.9999748410660541700, 0.9999748410660541700, 1.000000000000000000 ) ) 
 REPRESENTATION_ITEM ( '' )  );
#3232 = ADVANCED_FACE ( 'NONE', ( #3846 ), #84, .F. ) ;
#3233 = VERTEX_POINT ( 'NONE', #2192 ) ;
#3234 = DIRECTION ( 'NONE',  ( -0.8660254037844433700, -0.4999999999999920100, 0.0000000000000000000 ) ) ;
#3235 = VERTEX_POINT ( 'NONE', #2796 ) ;
#3236 = CARTESIAN_POINT ( 'NONE',  ( -0.4996505600728867700, 0.003333668813216891100, -0.6450292532044463700 ) ) ;
#3237 = EDGE_CURVE ( 'NONE', #3464, #3068, #535, .T. ) ;
#3238 = DIRECTION ( 'NONE',  ( -6.123233995736766000E-017, 0.0000000000000000000, -1.000000000000000000 ) ) ;
#3239 = EDGE_CURVE ( 'NONE', #735, #1344, #1032, .T. ) ;
#3240 = DIRECTION ( 'NONE',  ( -1.000000000000000000, 0.0000000000000000000, 1.187759997245331800E-016 ) ) ;
#3241 = DIRECTION ( 'NONE',  ( -1.000000000000000000, 0.0000000000000000000, 6.123233995736766000E-017 ) ) ;
#3242 = CARTESIAN_POINT ( 'NONE',  ( 0.3163012821476008400, 0.5678498911788080200, 0.5750000000000001800 ) ) ;
#3243 = AXIS2_PLACEMENT_3D ( 'NONE', #2092, #1245, #925 ) ;
#3244 = DIRECTION ( 'NONE',  ( -6.123233995736766000E-017, -0.0000000000000000000, -1.000000000000000000 ) ) ;
#3245 = EDGE_CURVE ( 'NONE', #2795, #907, #3900, .T. ) ;
#3246 = PLANE ( 'NONE',  #2729 ) ;
#3247 = CARTESIAN_POINT ( 'NONE',  ( -0.2411065240055040900, -0.4376087496138536000, -0.6449122492182520800 ) ) ;
#3248 = ORIENTED_EDGE ( 'NONE', *, *, #2296, .F. ) ;
#3249 = DIRECTION ( 'NONE',  ( 6.123233995736766000E-017, 0.0000000000000000000, 1.000000000000000000 ) ) ;
#3250 = VERTEX_POINT ( 'NONE', #2842 ) ;
#3251 = DIRECTION ( 'NONE',  ( 0.0000000000000000000, 0.7559289460184551700, 0.6546536707079763100 ) ) ;
#3252 = ADVANCED_FACE ( 'NONE', ( #201 ), #1039, .F. ) ;
#3253 = CARTESIAN_POINT ( 'NONE',  ( 0.0000000000000000000, 0.0000000000000000000, -0.7850000000000001400 ) ) ;
#3254 = CARTESIAN_POINT ( 'NONE',  ( -0.4696559272292721300, -0.2596089706285338900, -0.3816671106335255400 ) ) ;
#3255 = VERTEX_POINT ( 'NONE', #3760 ) ;
#3256 = AXIS2_PLACEMENT_3D ( 'NONE', #3714, #1867, #650 ) ;
#3257 = DIRECTION ( 'NONE',  ( -6.123233995736766000E-017, -0.0000000000000000000, -1.000000000000000000 ) ) ;
#3258 = ORIENTED_EDGE ( 'NONE', *, *, #1822, .T. ) ;
#3259 = VERTEX_POINT ( 'NONE', #1293 ) ;
#3260 = VECTOR ( 'NONE', #3589, 39.37007874015748100 ) ;
#3261 = CARTESIAN_POINT ( 'NONE',  ( 0.4674384495107010200, -0.2737248336294645400, 0.7626759887966164700 ) ) ;
#3262 = EDGE_CURVE ( 'NONE', #2927, #2085, #2489, .T. ) ;
#3263 = ORIENTED_EDGE ( 'NONE', *, *, #3550, .T. ) ;
#3264 = PRODUCT_DEFINITION ( 'UNKNOWN', '', #2802, #2646 ) ;
#3265 = ORIENTED_EDGE ( 'NONE', *, *, #2508, .T. ) ;
#3266 = DIRECTION ( 'NONE',  ( -0.7071067811865486800, 0.0000000000000000000, -0.7071067811865462400 ) ) ;
#3267 = VECTOR ( 'NONE', #3171, 39.37007874015748100 ) ;
#3268 = CARTESIAN_POINT ( 'NONE',  ( 0.003333434814439763600, 0.5416759887966085000, 0.7626759887966161300 ) ) ;
#3269 = DIRECTION ( 'NONE',  ( -0.6123724356957897000, 0.3535533905932633500, -0.7071067811865570100 ) ) ;
#3270 = VERTEX_POINT ( 'NONE', #3737 ) ;
#3271 = AXIS2_PLACEMENT_3D ( 'NONE', #1582, #3401, #372 ) ;
#3272 = VERTEX_POINT ( 'NONE', #1886 ) ;
#3273 = VECTOR ( 'NONE', #3178, 39.37007874015748100 ) ;
#3274 = CARTESIAN_POINT ( 'NONE',  ( -0.2113330765278397000, 0.1335602140058118900, 0.4707999199359361700 ) ) ;
#3275 = B_SPLINE_CURVE_WITH_KNOTS ( 'NONE', 3,
 ( #3969, #2163, #1828, #335, #3357, #2117, #3059, #1244, #2451, #285 ),
 .UNSPECIFIED., .F., .F.,
 ( 4, 3, 3, 4 ),
 ( 0.06044042275034081800, 0.06508641549865207300, 0.08746835261900143300, 0.09147655974305474200 ),
 .UNSPECIFIED. ) ;
#3276 = ORIENTED_EDGE ( 'NONE', *, *, #568, .T. ) ;
#3277 = VERTEX_POINT ( 'NONE', #2534 ) ;
#3278 = FACE_OUTER_BOUND ( 'NONE', #1474, .T. ) ;
#3279 = ADVANCED_FACE ( 'NONE', ( #938 ), #70, .F. ) ;
#3280 = LINE ( 'NONE', #3390, #3335 ) ;
#3281 = ORIENTED_EDGE ( 'NONE', *, *, #3478, .T. ) ;
#3282 = CIRCLE ( 'NONE', #1830, 0.6500000000000001300 ) ;
#3283 = CARTESIAN_POINT ( 'NONE',  ( 0.01000000000000008300, 0.6499230723708769900, 0.5750000000000001800 ) ) ;
#3284 = VECTOR ( 'NONE', #902, 39.37007874015748100 ) ;
#3285 = CARTESIAN_POINT ( 'NONE',  ( 0.6500000000000001300, 0.01000000000000000000, 0.7849999999999999200 ) ) ;
#3286 =( NAMED_UNIT ( * ) PLANE_ANGLE_UNIT ( ) SI_UNIT ( $, .RADIAN. ) );
#3287 = LINE ( 'NONE', #2248, #1656 ) ;
#3288 = CARTESIAN_POINT ( 'NONE',  ( -0.01000000000000000000, -0.5835794868167192300, -0.04699953367514756600 ) ) ;
#3289 = ADVANCED_FACE ( 'NONE', ( #1452 ), #1943, .F. ) ;
#3290 =( BOUNDED_CURVE ( )  B_SPLINE_CURVE ( 3, ( #1546, #11, #2735, #1519 ),
 .UNSPECIFIED., .F., .T. ) 
 B_SPLINE_CURVE_WITH_KNOTS ( ( 4, 4 ),
 ( 3.132035932894353900, 3.151149374285232300 ),
 .UNSPECIFIED. ) 
 CURVE ( )  GEOMETRIC_REPRESENTATION_ITEM ( )  RATIONAL_B_SPLINE_CURVE ( ( 1.000000000000000000, 0.9999695565948860700, 0.9999695565948860700, 1.000000000000000000 ) ) 
 REPRESENTATION_ITEM ( '' )  );
#3291 = CARTESIAN_POINT ( 'NONE',  ( -0.5678498911788101300, -0.3163012821475967900, 0.5650000000000000600 ) ) ;
#3292 = VERTEX_POINT ( 'NONE', #2866 ) ;
#3293 = CARTESIAN_POINT ( 'NONE',  ( 0.2758813882858553400, 0.4978405813737255000, 0.7150005840914298600 ) ) ;
#3294 = CARTESIAN_POINT ( 'NONE',  ( -0.2729911907966927600, -0.4528346124785962400, 0.7849999999999997000 ) ) ;
#3295 = DIRECTION ( 'NONE',  ( -6.123233995736766000E-017, -0.0000000000000000000, -1.000000000000000000 ) ) ;
#3296 = EDGE_CURVE ( 'NONE', #1889, #2205, #3581, .T. ) ;
#3297 = CARTESIAN_POINT ( 'NONE',  ( -0.2500000000000000600, 0.0000000000000000000, -0.7850000000000001400 ) ) ;
#3298 = DIRECTION ( 'NONE',  ( -1.000000000000000000, 0.0000000000000000000, 0.0000000000000000000 ) ) ;
#3299 = AXIS2_PLACEMENT_3D ( 'NONE', #3949, #3662, #3095 ) ;
#3300 = DIRECTION ( 'NONE',  ( -6.123233995736766000E-017, -0.0000000000000000000, -1.000000000000000000 ) ) ;
#3301 = ADVANCED_FACE ( 'NONE', ( #1587 ), #2287, .F. ) ;
#3302 = EDGE_CURVE ( 'NONE', #199, #2661, #894, .T. ) ;
#3303 = CARTESIAN_POINT ( 'NONE',  ( 0.3336217902232816400, -0.5578498911788125600, 0.5750000000000001800 ) ) ;
#3304 = CARTESIAN_POINT ( 'NONE',  ( 0.6499230723708772100, 0.01000000000000000000, 0.5649999999999999500 ) ) ;
#3305 = DIRECTION ( 'NONE',  ( 6.123233995736766000E-017, 0.0000000000000000000, 1.000000000000000000 ) ) ;
#3306 = CARTESIAN_POINT ( 'NONE',  ( -0.1782050807568877900, 0.09133974596215511900, 0.4209999999999986000 ) ) ;
#3307 = EDGE_CURVE ( 'NONE', #3798, #3494, #3118, .T. ) ;
#3309 = ORIENTED_EDGE ( 'NONE', *, *, #1101, .T. ) ;
#3308 = CARTESIAN_POINT ( 'NONE',  ( -0.5678498911788123500, 0.3163012821475928400, 0.5750000000000001800 ) ) ;
#3310 = VERTEX_POINT ( 'NONE', #1055 ) ;
#3311 = ORIENTED_EDGE ( 'NONE', *, *, #1330, .T. ) ;
#3312 = ORIENTED_EDGE ( 'NONE', *, *, #230, .T. ) ;
#3313 = CARTESIAN_POINT ( 'NONE',  ( -0.1782050807568877900, 0.09133974596215511900, 0.4209999999999986000 ) ) ;
#3314 = VERTEX_POINT ( 'NONE', #2305 ) ;
#3315 = ADVANCED_FACE ( 'NONE', ( #2982 ), #440, .F. ) ;
#3316 = ORIENTED_EDGE ( 'NONE', *, *, #1229, .F. ) ;
#3317 = AXIS2_PLACEMENT_3D ( 'NONE', #81, #1597, #1611 ) ;
#3318 = ORIENTED_EDGE ( 'NONE', *, *, #3919, .T. ) ;
#3319 = EDGE_CURVE ( 'NONE', #1633, #2387, #2152, .T. ) ;
#3320 = CARTESIAN_POINT ( 'NONE',  ( -0.5609087331960613800, -0.01000000000000000000, -0.2082872894914299700 ) ) ;
#3321 = LINE ( 'NONE', #2094, #729 ) ;
#3322 = EDGE_CURVE ( 'NONE', #2278, #90, #339, .T. ) ;
#3323 = CARTESIAN_POINT ( 'NONE',  ( 0.01000000000000000000, 0.6499230723708769900, -0.7850000000000001400 ) ) ;
#3324 = VERTEX_POINT ( 'NONE', #2907 ) ;
#3325 = VECTOR ( 'NONE', #753, 39.37007874015748100 ) ;
#3326 = CARTESIAN_POINT ( 'NONE',  ( 0.0000000000000000000, 0.0000000000000000000, -0.7850000000000001400 ) ) ;
#3327 = FACE_OUTER_BOUND ( 'NONE', #884, .T. ) ;
#3328 = ADVANCED_FACE ( 'NONE', ( #2289 ), #2003, .F. ) ;
#3329 = ORIENTED_EDGE ( 'NONE', *, *, #611, .F. ) ;
#3330 = EDGE_LOOP ( 'NONE', ( #3377, #825, #3198, #1419, #2161, #710, #2828, #2166, #376 ) ) ;
#3331 = CIRCLE ( 'NONE', #3349, 0.5749999999999999600 ) ;
#3332 = EDGE_CURVE ( 'NONE', #93, #945, #1686, .T. ) ;
#3333 = CARTESIAN_POINT ( 'NONE',  ( 0.1335602140058118900, -0.2113330765278397200, -0.7850000000000001400 ) ) ;
#3334 = B_SPLINE_CURVE_WITH_KNOTS ( 'NONE', 3,
 ( #976, #1269, #1856, #2477, #3395, #2492, #25 ),
 .UNSPECIFIED., .F., .F.,
 ( 4, 3, 4 ),
 ( 0.01696754947364610700, 0.01978632818559386600, 0.02312694617640240900 ),
 .UNSPECIFIED. ) ;
#3335 = VECTOR ( 'NONE', #324, 39.37007874015748100 ) ;
#3336 = DIRECTION ( 'NONE',  ( -0.8660254037844397100, 0.4999999999999979500, 5.302876193624540100E-017 ) ) ;
#3337 = EDGE_LOOP ( 'NONE', ( #970, #2052, #1674, #1271 ) ) ;
#3338 = LINE ( 'NONE', #3197, #2410 ) ;
#3339 = CARTESIAN_POINT ( 'NONE',  ( -0.1335602140058104700, 0.2113330765278406700, -0.3951786130674962400 ) ) ;
#3340 = VECTOR ( 'NONE', #1249, 39.37007874015748900 ) ;
#3341 = CARTESIAN_POINT ( 'NONE',  ( 0.2961167724888952300, -0.4928892949240831800, -0.7850000000000001400 ) ) ;
#3342 = ADVANCED_BREP_SHAPE_REPRESENTATION ( '3321A18_ER-32 Collet', ( #3629, #207 ), #914 ) ;
#3343 = AXIS2_PLACEMENT_3D ( 'NONE', #1113, #3305, #3867 ) ;
#3344 = VERTEX_POINT ( 'NONE', #2917 ) ;
#3345 = CARTESIAN_POINT ( 'NONE',  ( 0.4996213068684408100, -0.01000000000000000000, -0.6450000000000001300 ) ) ;
#3346 = EDGE_CURVE ( 'NONE', #2085, #2547, #667, .T. ) ;
#3347 = DIRECTION ( 'NONE',  ( -6.123233995736766000E-017, -0.0000000000000000000, -1.000000000000000000 ) ) ;
#3348 = CARTESIAN_POINT ( 'NONE',  ( 0.4995335560866924200, -0.01000000000000000000, -0.6449122492182515200 ) ) ;
#3349 = AXIS2_PLACEMENT_3D ( 'NONE', #1283, #979, #1017 ) ;
#3350 = PERSON_AND_ORGANIZATION_ROLE ( 'classification_officer' ) ;
#3351 = CARTESIAN_POINT ( 'NONE',  ( 0.2500000000000001100, 0.0000000000000000000, -0.7849999999999999200 ) ) ;
#3352 = VERTEX_POINT ( 'NONE', #1665 ) ;
#3353 = ORIENTED_EDGE ( 'NONE', *, *, #2542, .F. ) ;
#3354 = CARTESIAN_POINT ( 'NONE',  ( 0.6499230723708772100, -0.01000000000000000000, 0.4250000000000000400 ) ) ;
#3355 = ORIENTED_EDGE ( 'NONE', *, *, #1654, .T. ) ;
#3356 = VERTEX_POINT ( 'NONE', #1709 ) ;
#3357 = CARTESIAN_POINT ( 'NONE',  ( 0.01000000000000000000, -0.5835794868167192300, -0.04699953367514756600 ) ) ;
#3358 = PERSON_AND_ORGANIZATION_ROLE ( 'creator' ) ;
#3359 = VERTEX_POINT ( 'NONE', #3513 ) ;
#3360 = ORIENTED_EDGE ( 'NONE', *, *, #949, .T. ) ;
#3361 = FACE_OUTER_BOUND ( 'NONE', #418, .T. ) ;
#3362 = DIRECTION ( 'NONE',  ( -6.123233995736766000E-017, -0.0000000000000000000, -1.000000000000000000 ) ) ;
#3363 = VERTEX_POINT ( 'NONE', #2609 ) ;
#3364 = ORIENTED_EDGE ( 'NONE', *, *, #3134, .T. ) ;
#3365 = VECTOR ( 'NONE', #2594, 39.37007874015748100 ) ;
#3366 = ORIENTED_EDGE ( 'NONE', *, *, #1678, .T. ) ;
#3367 = B_SPLINE_CURVE_WITH_KNOTS ( 'NONE', 3,
 ( #3877, #3293, #185, #3242 ),
 .UNSPECIFIED., .F., .F.,
 ( 4, 4 ),
 ( 2.309504363916192600E-007, 0.006159627691883678800 ),
 .UNSPECIFIED. ) ;
#3368 = EDGE_CURVE ( 'NONE', #3453, #3932, #3751, .T. ) ;
#3369 = CARTESIAN_POINT ( 'NONE',  ( 0.6031649450059350900, -0.01000000000000000000, 0.09233853613829182100 ) ) ;
#3370 = EDGE_CURVE ( 'NONE', #3651, #532, #96, .T. ) ;
#3371 = FACE_OUTER_BOUND ( 'NONE', #789, .T. ) ;
#3372 = DIRECTION ( 'NONE',  ( -1.000000000000000000, 0.0000000000000000000, 6.123233995736766000E-017 ) ) ;
#3373 = EDGE_LOOP ( 'NONE', ( #2139, #3404, #1041, #1121 ) ) ;
#3374 = ADVANCED_FACE ( 'NONE', ( #629 ), #456, .F. ) ;
#3375 = CIRCLE ( 'NONE', #1761, 0.5287564434701826900 ) ;
#3376 = DIRECTION ( 'NONE',  ( 0.0000000000000000000, 1.000000000000000000, 0.0000000000000000000 ) ) ;
#3377 = ORIENTED_EDGE ( 'NONE', *, *, #3035, .T. ) ;
#3378 = EDGE_CURVE ( 'NONE', #1723, #1920, #1825, .T. ) ;
#3379 = VECTOR ( 'NONE', #2354, 39.37007874015748900 ) ;
#3380 = ADVANCED_FACE ( 'NONE', ( #38 ), #2352, .F. ) ;
#3381 = CIRCLE ( 'NONE', #2049, 0.6500000000000001300 ) ;
#3382 = CARTESIAN_POINT ( 'NONE',  ( 0.5186507119713129600, -0.01000000000000000000, -0.5089128607762309900 ) ) ;
#3383 = DIRECTION ( 'NONE',  ( 0.8660254037844362700, -0.5000000000000041100, 0.0000000000000000000 ) ) ;
#3384 = AXIS2_PLACEMENT_3D ( 'NONE', #2266, #1377, #2614 ) ;
#3385 = CARTESIAN_POINT ( 'NONE',  ( -0.6499230723708768800, 0.01000000000000000000, 0.4250000000000001600 ) ) ;
#3386 = DIRECTION ( 'NONE',  ( 6.123233995736766000E-017, 0.0000000000000000000, 1.000000000000000000 ) ) ;
#3387 = CARTESIAN_POINT ( 'NONE',  ( 0.5286618735176924500, -0.01000000000000000000, 0.7849999999999997000 ) ) ;
#3388 = EDGE_CURVE ( 'NONE', #330, #2240, #3367, .T. ) ;
#3389 = CARTESIAN_POINT ( 'NONE',  ( 0.4362500000000011400, -0.2403220495501810800, 0.5650000000000001700 ) ) ;
#3390 = CARTESIAN_POINT ( 'NONE',  ( -0.2213330765278396800, 0.1162397059301231000, -0.7850000000000001400 ) ) ;
#3391 = B_SPLINE_CURVE_WITH_KNOTS ( 'NONE', 3,
 ( #3141, #2220, #2527, #3472 ),
 .UNSPECIFIED., .F., .F.,
 ( 4, 4 ),
 ( 2.019659775572203500E-007, 0.02744312681923046300 ),
 .UNSPECIFIED. ) ;
#3392 = DIRECTION ( 'NONE',  ( -0.4999999999999919000, 0.8660254037844431500, 3.061616997868333100E-017 ) ) ;
#3393 = EDGE_CURVE ( 'NONE', #250, #528, #1080, .T. ) ;
#3394 = VERTEX_POINT ( 'NONE', #521 ) ;
#3395 = CARTESIAN_POINT ( 'NONE',  ( 0.6060788549399203100, -0.01000000000000000000, 0.6509309757625072500 ) ) ;
#3396 = ORIENTED_EDGE ( 'NONE', *, *, #601, .F. ) ;
#3397 = DIRECTION ( 'NONE',  ( -6.123233995736766000E-017, -0.0000000000000000000, -1.000000000000000000 ) ) ;
#3398 = VERTEX_POINT ( 'NONE', #1133 ) ;
#3399 = ORIENTED_EDGE ( 'NONE', *, *, #409, .F. ) ;
#3400 = ORIENTED_EDGE ( 'NONE', *, *, #1096, .T. ) ;
#3401 = DIRECTION ( 'NONE',  ( 6.123233995736766000E-017, 0.0000000000000000000, 1.000000000000000000 ) ) ;
#3402 = LINE ( 'NONE', #2088, #1538 ) ;
#3403 = ORIENTED_EDGE ( 'NONE', *, *, #213, .F. ) ;
#3404 = ORIENTED_EDGE ( 'NONE', *, *, #1006, .T. ) ;
#3405 = DIRECTION ( 'NONE',  ( -6.123233995736766000E-017, 0.0000000000000000000, -1.000000000000000000 ) ) ;
#3406 = B_SPLINE_CURVE_WITH_KNOTS ( 'NONE', 3,
 ( #1862, #1572, #2172, #354 ),
 .UNSPECIFIED., .F., .F.,
 ( 4, 4 ),
 ( 1.947472152526605700E-006, 0.005504277200746678100 ),
 .UNSPECIFIED. ) ;
#3407 = LINE ( 'NONE', #904, #1790 ) ;
#3408 = ORIENTED_EDGE ( 'NONE', *, *, #213, .T. ) ;
#3409 = VECTOR ( 'NONE', #1433, 39.37007874015748100 ) ;
#3410 = DIRECTION ( 'NONE',  ( -6.123233995736766000E-017, 0.0000000000000000000, -1.000000000000000000 ) ) ;
#3411 = CARTESIAN_POINT ( 'NONE',  ( 0.4262500000000046800, -0.2576425576258678500, 0.4250000000000001000 ) ) ;
#3412 = VECTOR ( 'NONE', #1713, 39.37007874015748100 ) ;
#3413 = VERTEX_POINT ( 'NONE', #3274 ) ;
#3414 = VECTOR ( 'NONE', #2779, 39.37007874015748100 ) ;
#3415 = FACE_OUTER_BOUND ( 'NONE', #3893, .T. ) ;
#3416 = AXIS2_PLACEMENT_3D ( 'NONE', #7, #3065, #1557 ) ;
#3417 = DIRECTION ( 'NONE',  ( -0.4999999999999980000, -0.8660254037844398200, 0.0000000000000000000 ) ) ;
#3418 = ORIENTED_EDGE ( 'NONE', *, *, #1727, .T. ) ;
#3419 = CIRCLE ( 'NONE', #1370, 0.6500000000000001300 ) ;
#3420 = EDGE_CURVE ( 'NONE', #3690, #1288, #1356, .T. ) ;
#3421 = DIRECTION ( 'NONE',  ( -6.123233995736766000E-017, 0.0000000000000000000, -1.000000000000000000 ) ) ;
#3422 = DIRECTION ( 'NONE',  ( -1.000000000000000000, 0.0000000000000000000, 1.187759997245331800E-016 ) ) ;
#3423 = LINE ( 'NONE', #972, #1757 ) ;
#3424 = AXIS2_PLACEMENT_3D ( 'NONE', #470, #1724, #2603 ) ;
#3425 = DIRECTION ( 'NONE',  ( 1.000000000000000000, 0.0000000000000000000, -6.123233995736766000E-017 ) ) ;
#3426 = ORIENTED_EDGE ( 'NONE', *, *, #280, .T. ) ;
#3427 = CARTESIAN_POINT ( 'NONE',  ( 0.2500000000000001100, 3.061616997868383600E-017, -0.3953786931315603800 ) ) ;
#3428 = DIRECTION ( 'NONE',  ( -1.000000000000000000, 0.0000000000000000000, 6.123233995736766000E-017 ) ) ;
#3429 = CARTESIAN_POINT ( 'NONE',  ( 1.077531754730553800, -0.6336602540378342100, -0.7850000000000001400 ) ) ;
#3430 = CARTESIAN_POINT ( 'NONE',  ( -0.3336217902232854700, -0.5578498911788100100, 0.4250000000000001000 ) ) ;
#3431 = CARTESIAN_POINT ( 'NONE',  ( 0.1350897459621615000, 0.2539823035880295300, 0.5650000000000001700 ) ) ;
#3432 = DIRECTION ( 'NONE',  ( -1.000000000000000000, 0.0000000000000000000, 1.050710766793947200E-016 ) ) ;
#3433 = SECURITY_CLASSIFICATION ( '', '', #3025 ) ;
#3434 = CARTESIAN_POINT ( 'NONE',  ( -0.6499230723708768800, 0.01000000000000000000, 0.5750000000000001800 ) ) ;
#3435 = CARTESIAN_POINT ( 'NONE',  ( -0.3336217902232777000, 0.5578498911788147800, 0.4250000000000001000 ) ) ;
#3436 = AXIS2_PLACEMENT_3D ( 'NONE', #3535, #1410, #1131 ) ;
#3437 = EDGE_CURVE ( 'NONE', #2482, #1889, #1741, .T. ) ;
#3438 = ORIENTED_EDGE ( 'NONE', *, *, #3780, .T. ) ;
#3439 = EDGE_CURVE ( 'NONE', #2283, #2661, #2351, .T. ) ;
#3440 = DIRECTION ( 'NONE',  ( 6.123233995736766000E-017, 0.0000000000000000000, 1.000000000000000000 ) ) ;
#3441 = PLANE ( 'NONE',  #3271 ) ;
#3442 = VERTEX_POINT ( 'NONE', #2369 ) ;
#3443 = DIRECTION ( 'NONE',  ( -6.123233995736766000E-017, -0.0000000000000000000, -1.000000000000000000 ) ) ;
#3444 = AXIS2_PLACEMENT_3D ( 'NONE', #964, #1575, #1891 ) ;
#3445 = EDGE_CURVE ( 'NONE', #3898, #2972, #1645, .T. ) ;
#3446 = ORIENTED_EDGE ( 'NONE', *, *, #3473, .T. ) ;
#3447 = EDGE_LOOP ( 'NONE', ( #1788, #2642, #1297, #347 ) ) ;
#3448 = CARTESIAN_POINT ( 'NONE',  ( 0.3336217902232856400, 0.5578498911788103400, 0.5750000000000001800 ) ) ;
#3449 = FACE_OUTER_BOUND ( 'NONE', #926, .T. ) ;
#3450 = DIRECTION ( 'NONE',  ( -1.000000000000000000, 0.0000000000000000000, 1.187759997245331800E-016 ) ) ;
#3451 = CARTESIAN_POINT ( 'NONE',  ( -0.2213330765278396500, 0.1162397059301231000, 0.4707999199359361700 ) ) ;
#3452 = ORIENTED_EDGE ( 'NONE', *, *, #67, .F. ) ;
#3453 = VERTEX_POINT ( 'NONE', #202 ) ;
#3454 = CIRCLE ( 'NONE', #1336, 0.2500000000000001100 ) ;
#3455 = DIRECTION ( 'NONE',  ( -1.000000000000000000, 0.0000000000000000000, 1.187759997245331800E-016 ) ) ;
#3456 = ORIENTED_EDGE ( 'NONE', *, *, #594, .F. ) ;
#3457 = DIRECTION ( 'NONE',  ( -6.123233995736766000E-017, -0.0000000000000000000, -1.000000000000000000 ) ) ;
#3458 = VERTEX_POINT ( 'NONE', #1732 ) ;
#3459 = CARTESIAN_POINT ( 'NONE',  ( 0.0000000000000000000, 0.0000000000000000000, -0.7850000000000001400 ) ) ;
#3460 = CARTESIAN_POINT ( 'NONE',  ( 0.4928892949240791200, 0.2961167724889021100, 0.5649999999999999500 ) ) ;
#3461 = AXIS2_PLACEMENT_3D ( 'NONE', #1333, #3440, #2809 ) ;
#3462 = VECTOR ( 'NONE', #1200, 39.37007874015748100 ) ;
#3463 = CARTESIAN_POINT ( 'NONE',  ( 0.0000000000000000000, 0.0000000000000000000, -0.7850000000000001400 ) ) ;
#3464 = VERTEX_POINT ( 'NONE', #2073 ) ;
#3465 = ORIENTED_EDGE ( 'NONE', *, *, #366, .T. ) ;
#3466 = LINE ( 'NONE', #155, #1690 ) ;
#3467 = CARTESIAN_POINT ( 'NONE',  ( -0.5286618735176922300, -0.01000000000000000000, 0.7849999999999998100 ) ) ;
#3468 = FACE_OUTER_BOUND ( 'NONE', #189, .T. ) ;
#3469 = ORIENTED_EDGE ( 'NONE', *, *, #3710, .F. ) ;
#3470 = ORIENTED_EDGE ( 'NONE', *, *, #1006, .F. ) ;
#3471 = FACE_OUTER_BOUND ( 'NONE', #3793, .T. ) ;
#3472 = CARTESIAN_POINT ( 'NONE',  ( 0.2584270320811893300, -0.4276087496138544800, -0.6449122492182514100 ) ) ;
#3473 = EDGE_CURVE ( 'NONE', #730, #1059, #911, .T. ) ;
#3474 = FACE_OUTER_BOUND ( 'NONE', #104, .T. ) ;
#3475 = VECTOR ( 'NONE', #3126, 39.37007874015748900 ) ;
#3476 = AXIS2_PLACEMENT_3D ( 'NONE', #401, #1894, #1612 ) ;
#3477 = AXIS2_PLACEMENT_3D ( 'NONE', #3160, #402, #2263 ) ;
#3478 = EDGE_CURVE ( 'NONE', #2012, #2240, #2587, .T. ) ;
#3479 = LINE ( 'NONE', #3431, #3186 ) ;
#3480 = CARTESIAN_POINT ( 'NONE',  ( 0.5750000000000000700, -0.01000000000000000000, 0.5650000000000001700 ) ) ;
#3481 = CARTESIAN_POINT ( 'NONE',  ( 0.1350897459621580300, 0.2539823035880274200, 0.4250000000000001000 ) ) ;
#3482 = CARTESIAN_POINT ( 'NONE',  ( -0.5187535610328755100, 0.2879555027216135800, 0.02166633889899548600 ) ) ;
#3483 = DIRECTION ( 'NONE',  ( -1.000000000000000000, 0.0000000000000000000, 0.0000000000000000000 ) ) ;
#3484 = DIRECTION ( 'NONE',  ( -6.123233995736766000E-017, -0.0000000000000000000, -1.000000000000000000 ) ) ;
#3485 = CARTESIAN_POINT ( 'NONE',  ( 0.2527123219164921200, -0.4310432436316347100, -0.6450292532044460400 ) ) ;
#3486 = DIRECTION ( 'NONE',  ( -1.000000000000000000, 0.0000000000000000000, 6.123233995736766000E-017 ) ) ;
#3487 = CARTESIAN_POINT ( 'NONE',  ( 0.0000000000000000000, 0.0000000000000000000, -0.7850000000000001400 ) ) ;
#3488 = EDGE_CURVE ( 'NONE', #2182, #1841, #1224, .T. ) ;
#3489 = ORIENTED_EDGE ( 'NONE', *, *, #918, .F. ) ;
#3490 = CARTESIAN_POINT ( 'NONE',  ( -0.2113330765278387300, -0.1335602140058133600, 0.4707999199359359500 ) ) ;
#3491 = AXIS2_PLACEMENT_3D ( 'NONE', #2954, #1734, #1150 ) ;
#3492 = EDGE_CURVE ( 'NONE', #1494, #2648, #3215, .T. ) ;
#3493 = CARTESIAN_POINT ( 'NONE',  ( 0.4696559272292702400, 0.2596089706285371600, -0.3816671106335254900 ) ) ;
#3494 = VERTEX_POINT ( 'NONE', #3933 ) ;
#3495 = DIRECTION ( 'NONE',  ( -6.123233995736766000E-017, 0.0000000000000000000, -1.000000000000000000 ) ) ;
#3496 = ORIENTED_EDGE ( 'NONE', *, *, #2853, .F. ) ;
#3497 = CARTESIAN_POINT ( 'NONE',  ( -0.01000000000000003000, 0.0000000000000000000, 0.4250000000000001600 ) ) ;
#3498 = ORIENTED_EDGE ( 'NONE', *, *, #2051, .T. ) ;
#3499 = AXIS2_PLACEMENT_3D ( 'NONE', #505, #3234, #1722 ) ;
#3500 = ORIENTED_EDGE ( 'NONE', *, *, #3728, .T. ) ;
#3501 = EDGE_CURVE ( 'NONE', #3233, #1642, #3991, .T. ) ;
#3502 = LINE ( 'NONE', #552, #2639 ) ;
#3503 = ORIENTED_EDGE ( 'NONE', *, *, #1476, .T. ) ;
#3504 = ORIENTED_EDGE ( 'NONE', *, *, #809, .T. ) ;
#3505 = CARTESIAN_POINT ( 'NONE',  ( 0.4262500000000046800, -0.2576425576258678500, 0.5650000000000001700 ) ) ;
#3506 = CARTESIAN_POINT ( 'NONE',  ( -0.004999999999999920300, -0.008660254037844433400, 0.0000000000000000000 ) ) ;
#3507 = VECTOR ( 'NONE', #3211, 39.37007874015748100 ) ;
#3508 = DIRECTION ( 'NONE',  ( -0.3535533905932815000, -0.6123724356957913600, 0.7071067811865462400 ) ) ;
#3509 = ORIENTED_EDGE ( 'NONE', *, *, #555, .T. ) ;
#3510 = CIRCLE ( 'NONE', #3189, 0.5749999999999999600 ) ;
#3511 = DIRECTION ( 'NONE',  ( 1.000000000000000000, 0.0000000000000000000, -1.050710766793947200E-016 ) ) ;
#3512 = LINE ( 'NONE', #3874, #1084 ) ;
#3513 = CARTESIAN_POINT ( 'NONE',  ( 0.6499230723708772100, -0.01000000000000000000, 0.5649999999999999500 ) ) ;
#3514 = CARTESIAN_POINT ( 'NONE',  ( -0.01000000000000000000, 0.2497999199359359800, -0.7850000000000001400 ) ) ;
#3515 = EDGE_LOOP ( 'NONE', ( #3069, #2302, #200, #2348 ) ) ;
#3516 = DIRECTION ( 'NONE',  ( 0.5000000000000041100, -0.8660254037844362700, 0.0000000000000000000 ) ) ;
#3517 = FACE_OUTER_BOUND ( 'NONE', #748, .T. ) ;
#3518 = VECTOR ( 'NONE', #2147, 39.37007874015748100 ) ;
#3519 = EDGE_LOOP ( 'NONE', ( #303, #3263, #1221, #2885, #3784, #2103, #3066, #1584 ) ) ;
#3520 = CIRCLE ( 'NONE', #463, 0.2500000000000001100 ) ;
#3521 = CARTESIAN_POINT ( 'NONE',  ( -0.2469382381563956200, -0.4343769124448500500, -0.6450292532044461500 ) ) ;
#3522 = CARTESIAN_POINT ( 'NONE',  ( -0.5578498911788124500, 0.3336217902232815300, 0.5650000000000000600 ) ) ;
#3523 = EDGE_CURVE ( 'NONE', #2935, #451, #3407, .T. ) ;
#3524 = VERTEX_POINT ( 'NONE', #2405 ) ;
#3525 = EDGE_CURVE ( 'NONE', #3932, #480, #1542, .T. ) ;
#3526 = DIRECTION ( 'NONE',  ( -1.000000000000000000, 0.0000000000000000000, 1.187759997245331800E-016 ) ) ;
#3527 = ORIENTED_EDGE ( 'NONE', *, *, #691, .F. ) ;
#3528 = CARTESIAN_POINT ( 'NONE',  ( -0.2556706827210038500, -0.4628346124785959200, 0.7849999999999998100 ) ) ;
#3529 = CARTESIAN_POINT ( 'NONE',  ( -0.01000000000000000000, -0.6499230723708769900, -0.7850000000000001400 ) ) ;
#3530 = CARTESIAN_POINT ( 'NONE',  ( -0.1335602140058104700, 0.2113330765278406700, -0.3951786130674962400 ) ) ;
#3531 =( BOUNDED_CURVE ( )  B_SPLINE_CURVE ( 3, ( #1097, #3204, #2373, #1444 ),
 .UNSPECIFIED., .F., .F. ) 
 B_SPLINE_CURVE_WITH_KNOTS ( ( 4, 4 ),
 ( 6.243174632825597000, 6.323195981533575400 ),
 .UNSPECIFIED. ) 
 CURVE ( )  GEOMETRIC_REPRESENTATION_ITEM ( )  RATIONAL_B_SPLINE_CURVE ( ( 1.000000000000000000, 0.9994664531624957200, 0.9994664531624957200, 1.000000000000000000 ) ) 
 REPRESENTATION_ITEM ( '' )  );
#3532 = DIRECTION ( 'NONE',  ( 1.000000000000000000, 0.0000000000000000000, -6.123233995736766000E-017 ) ) ;
#3533 = CARTESIAN_POINT ( 'NONE',  ( 0.4996213068684408100, 0.01000000000000000000, -0.6450000000000001300 ) ) ;
#3534 = ADVANCED_FACE ( 'NONE', ( #1266 ), #1028, .T. ) ;
#3535 = CARTESIAN_POINT ( 'NONE',  ( 9.613477373306722300E-017, 0.0000000000000000000, 0.7849999999999998100 ) ) ;
#3536 = AXIS2_PLACEMENT_3D ( 'NONE', #267, #274, #872 ) ;
#3537 = VERTEX_POINT ( 'NONE', #3978 ) ;
#3538 = DIRECTION ( 'NONE',  ( 0.8660254037844328200, 0.5000000000000099900, 1.300879996982982700E-016 ) ) ;
#3539 = ORIENTED_EDGE ( 'NONE', *, *, #866, .T. ) ;
#3540 = DIRECTION ( 'NONE',  ( -6.123233995736766000E-017, 0.0000000000000000000, -1.000000000000000000 ) ) ;
#3541 = ORIENTED_EDGE ( 'NONE', *, *, #997, .T. ) ;
#3542 = EDGE_CURVE ( 'NONE', #1486, #1030, #3321, .T. ) ;
#3543 = CARTESIAN_POINT ( 'NONE',  ( 0.4362499999999977000, 0.2403220495501830800, 0.4250000000000001000 ) ) ;
#3544 = CARTESIAN_POINT ( 'NONE',  ( 0.5287564434701828000, 0.0000000000000000000, 0.7849999999999999200 ) ) ;
#3545 = CARTESIAN_POINT ( 'NONE',  ( 0.3163012821476007800, 0.5678498911788080200, 0.4250000000000001000 ) ) ;
#3546 = CARTESIAN_POINT ( 'NONE',  ( -0.5578498911788124500, 0.3336217902232815900, 0.5750000000000001800 ) ) ;
#3547 = VERTEX_POINT ( 'NONE', #2421 ) ;
#3548 = ORIENTED_EDGE ( 'NONE', *, *, #1347, .F. ) ;
#3549 = AXIS2_PLACEMENT_3D ( 'NONE', #42, #1011, #2169 ) ;
#3550 = EDGE_CURVE ( 'NONE', #3730, #3494, #1912, .T. ) ;
#3551 = DIRECTION ( 'NONE',  ( -6.123233995736766000E-017, -0.0000000000000000000, -1.000000000000000000 ) ) ;
#3552 = ORIENTED_EDGE ( 'NONE', *, *, #715, .F. ) ;
#3553 = B_SPLINE_CURVE_WITH_KNOTS ( 'NONE', 3,
 ( #3018, #2074, #1765, #3636 ),
 .UNSPECIFIED., .F., .F.,
 ( 4, 4 ),
 ( 1.947472152523600800E-006, 0.005504277200746678100 ),
 .UNSPECIFIED. ) ;
#3554 = VERTEX_POINT ( 'NONE', #589 ) ;
#3555 = DIRECTION ( 'NONE',  ( -6.123233995736766000E-017, -0.0000000000000000000, -1.000000000000000000 ) ) ;
#3556 = ADVANCED_FACE ( 'NONE', ( #3794 ), #239, .T. ) ;
#3557 = VECTOR ( 'NONE', #687, 39.37007874015748900 ) ;
#3558 = ORIENTED_EDGE ( 'NONE', *, *, #3883, .F. ) ;
#3559 = ORIENTED_EDGE ( 'NONE', *, *, #3779, .T. ) ;
#3560 = PLANE ( 'NONE',  #1603 ) ;
#3561 = CIRCLE ( 'NONE', #1020, 0.6500000000000001300 ) ;
#3562 = ORIENTED_EDGE ( 'NONE', *, *, #2098, .F. ) ;
#3563 = ORIENTED_EDGE ( 'NONE', *, *, #749, .T. ) ;
#3564 = VECTOR ( 'NONE', #536, 39.37007874015748900 ) ;
#3565 = CARTESIAN_POINT ( 'NONE',  ( 0.4674384495106948500, 0.2737248336294739700, 0.7626759887966161300 ) ) ;
#3566 = VECTOR ( 'NONE', #2522, 39.37007874015748100 ) ;
#3567 = VERTEX_POINT ( 'NONE', #1512 ) ;
#3568 = FACE_OUTER_BOUND ( 'NONE', #2002, .T. ) ;
#3569 = CARTESIAN_POINT ( 'NONE',  ( 0.5678498911788146800, -0.3163012821475887900, 0.4250000000000000400 ) ) ;
#3570 = CIRCLE ( 'NONE', #3243, 0.5287564434701826900 ) ;
#3571 = DIRECTION ( 'NONE',  ( 0.8660254037844362700, 0.5000000000000041100, -5.302876193624520400E-017 ) ) ;
#3572 = CARTESIAN_POINT ( 'NONE',  ( -0.3336217902232776500, 0.5578498911788147800, 0.5750000000000001800 ) ) ;
#3573 = CYLINDRICAL_SURFACE ( 'NONE', #3154, 0.5749999999999999600 ) ;
#3574 = CARTESIAN_POINT ( 'NONE',  ( -0.2213330765278389000, -0.1162397059301246700, 0.4707999199359361700 ) ) ;
#3575 = FACE_OUTER_BOUND ( 'NONE', #936, .T. ) ;
#3576 = EDGE_CURVE ( 'NONE', #3554, #2647, #1351, .T. ) ;
#3577 = CARTESIAN_POINT ( 'NONE',  ( -0.003335112772205589300, 0.2500667289577124300, 0.4710667289577122900 ) ) ;
#3578 = ADVANCED_FACE ( 'NONE', ( #3654 ), #2712, .F. ) ;
#3579 = EDGE_CURVE ( 'NONE', #2996, #451, #3402, .T. ) ;
#3580 = CARTESIAN_POINT ( 'NONE',  ( -0.5749130369021039400, 0.01000000000000000000, -0.7850000000000001400 ) ) ;
#3581 =( BOUNDED_CURVE ( )  B_SPLINE_CURVE ( 3, ( #1965, #1380, #786, #3229 ),
 .UNSPECIFIED., .F., .F. ) 
 B_SPLINE_CURVE_WITH_KNOTS ( ( 4, 4 ),
 ( 3.101581979235804400, 3.181603327943781900 ),
 .UNSPECIFIED. ) 
 CURVE ( )  GEOMETRIC_REPRESENTATION_ITEM ( )  RATIONAL_B_SPLINE_CURVE ( ( 1.000000000000000000, 0.9994664531624957200, 0.9994664531624957200, 1.000000000000000000 ) ) 
 REPRESENTATION_ITEM ( '' )  );
#3582 = CARTESIAN_POINT ( 'NONE',  ( -0.4205548423825794000, -0.2312604460747930100, -0.7850000000000002500 ) ) ;
#3583 = CARTESIAN_POINT ( 'NONE',  ( 0.01000000000000000000, 0.6499230723708769900, 0.4250000000000001000 ) ) ;
#3584 = B_SPLINE_CURVE_WITH_KNOTS ( 'NONE', 3,
 ( #550, #2668, #2987, #1405, #3288, #1448, #1771, #1760, #2346, #2950 ),
 .UNSPECIFIED., .F., .F.,
 ( 4, 3, 3, 4 ),
 ( 0.06044042275034081800, 0.06508641549865207300, 0.08746835261900143300, 0.09147655974305474200 ),
 .UNSPECIFIED. ) ;
#3585 = AXIS2_PLACEMENT_3D ( 'NONE', #77, #395, #2851 ) ;
#3586 = CARTESIAN_POINT ( 'NONE',  ( 8.327598234202003100E-017, 0.0000000000000000000, 0.5750000000000001800 ) ) ;
#3587 = EDGE_CURVE ( 'NONE', #178, #1694, #1446, .T. ) ;
#3588 = CARTESIAN_POINT ( 'NONE',  ( 0.5750000000000000700, 0.0000000000000000000, 0.5650000000000001700 ) ) ;
#3589 = DIRECTION ( 'NONE',  ( 0.0000000000000000000, 1.000000000000000000, 0.0000000000000000000 ) ) ;
#3590 = DIRECTION ( 'NONE',  ( 0.8660254037844398200, 0.4999999999999980000, -0.0000000000000000000 ) ) ;
#3591 = VERTEX_POINT ( 'NONE', #1791 ) ;
#3592 = DIRECTION ( 'NONE',  ( -6.123233995736766000E-017, -0.0000000000000000000, -1.000000000000000000 ) ) ;
#3593 = CARTESIAN_POINT ( 'NONE',  ( -0.3134120018169104800, 0.5228455108487695100, 0.6450004751093609800 ) ) ;
#3594 = ADVANCED_FACE ( 'NONE', ( #2234 ), #3950, .F. ) ;
#3595 = ORIENTED_EDGE ( 'NONE', *, *, #1206, .T. ) ;
#3596 = ORIENTED_EDGE ( 'NONE', *, *, #3587, .T. ) ;
#3597 = CARTESIAN_POINT ( 'NONE',  ( 0.01000000000000000000, 0.6155614010470111800, 0.6345087236976358900 ) ) ;
#3598 = EDGE_CURVE ( 'NONE', #592, #3798, #3502, .T. ) ;
#3599 = ORIENTED_EDGE ( 'NONE', *, *, #2080, .T. ) ;
#3600 = ORIENTED_EDGE ( 'NONE', *, *, #601, .T. ) ;
#3601 = DIRECTION ( 'NONE',  ( -1.000000000000000000, 0.0000000000000000000, 0.0000000000000000000 ) ) ;
#3602 = LINE ( 'NONE', #1987, #3747 ) ;
#3603 = DIRECTION ( 'NONE',  ( -1.000000000000000000, 0.0000000000000000000, 1.050710766793947200E-016 ) ) ;
#3604 = AXIS2_PLACEMENT_3D ( 'NONE', #3253, #516, #2033 ) ;
#3605 = VERTEX_POINT ( 'NONE', #3064 ) ;
#3606 = ORIENTED_EDGE ( 'NONE', *, *, #3598, .T. ) ;
#3607 = EDGE_CURVE ( 'NONE', #776, #1483, #624, .T. ) ;
#3608 = VECTOR ( 'NONE', #2671, 39.37007874015748100 ) ;
#3609 = DIRECTION ( 'NONE',  ( -6.123233995736766000E-017, -0.0000000000000000000, -1.000000000000000000 ) ) ;
#3610 = VERTEX_POINT ( 'NONE', #2155 ) ;
#3611 = FACE_OUTER_BOUND ( 'NONE', #2446, .T. ) ;
#3612 = FACE_OUTER_BOUND ( 'NONE', #2688, .T. ) ;
#3613 = ORIENTED_EDGE ( 'NONE', *, *, #3661, .T. ) ;
#3614 = FACE_OUTER_BOUND ( 'NONE', #2340, .T. ) ;
#3615 = CARTESIAN_POINT ( 'NONE',  ( -0.6484221289771116000, -0.01000000000000000000, 0.4143214967735572300 ) ) ;
#3616 = LINE ( 'NONE', #1948, #1319 ) ;
#3617 = VERTEX_POINT ( 'NONE', #2778 ) ;
#3618 = ADVANCED_FACE ( 'NONE', ( #384 ), #1577, .F. ) ;
#3619 = CIRCLE ( 'NONE', #3491, 0.5287564434701826900 ) ;
#3620 = CARTESIAN_POINT ( 'NONE',  ( 0.5749130369021040500, 0.01000000000000000000, 0.5649999999999999500 ) ) ;
#3621 = ORIENTED_EDGE ( 'NONE', *, *, #1621, .F. ) ;
#3622 = DIRECTION ( 'NONE',  ( -0.8660254037844397100, 0.4999999999999979500, 5.302876193624540100E-017 ) ) ;
#3623 = ORIENTED_EDGE ( 'NONE', *, *, #2129, .T. ) ;
#3624 = EDGE_CURVE ( 'NONE', #1633, #2975, #581, .T. ) ;
#3625 = CARTESIAN_POINT ( 'NONE',  ( -0.5122783711104410600, -0.01000000000000000000, -0.5542459965028792000 ) ) ;
#3626 = CARTESIAN_POINT ( 'NONE',  ( -0.6454202385439276000, 0.01000000000000000000, 0.3929644908330957000 ) ) ;
#3627 = AXIS2_PLACEMENT_3D ( 'NONE', #2045, #3244, #2965 ) ;
#3628 = APPLICATION_CONTEXT ( 'configuration controlled 3d designs of mechanical parts and assemblies' ) ;
#3629 = MANIFOLD_SOLID_BREP ( 'CirPattern2', #2379 ) ;
#3630 = EDGE_CURVE ( 'NONE', #3977, #1838, #3454, .T. ) ;
#3631 = CARTESIAN_POINT ( 'NONE',  ( 0.1162397059301262000, 0.2213330765278380700, -0.7850000000000001400 ) ) ;
#3632 = CARTESIAN_POINT ( 'NONE',  ( -0.4953090229140166800, 0.2975138030952490000, 0.7000657489934245500 ) ) ;
#3633 = ORIENTED_EDGE ( 'NONE', *, *, #3370, .T. ) ;
#3634 = CARTESIAN_POINT ( 'NONE',  ( 0.01000000000000000000, 0.5018078645464717500, -0.6287329305588780200 ) ) ;
#3635 = AXIS2_PLACEMENT_3D ( 'NONE', #2666, #3858, #2928 ) ;
#3636 = CARTESIAN_POINT ( 'NONE',  ( 0.5678498911788081300, 0.3163012821476007800, 0.5750000000000001800 ) ) ;
#3637 = VERTEX_POINT ( 'NONE', #1255 ) ;
#3638 = CARTESIAN_POINT ( 'NONE',  ( -0.6031649450059347600, 0.01000000000000000000, 0.09233853613829184900 ) ) ;
#3639 = VERTEX_POINT ( 'NONE', #3102 ) ;
#3640 = ADVANCED_FACE ( 'NONE', ( #3691 ), #3114, .F. ) ;
#3641 = DIRECTION ( 'NONE',  ( 6.123233995736766000E-017, 0.0000000000000000000, 1.000000000000000000 ) ) ;
#3642 = ORIENTED_EDGE ( 'NONE', *, *, #1706, .F. ) ;
#3643 = CARTESIAN_POINT ( 'NONE',  ( 9.613477373306722300E-017, 0.0000000000000000000, 0.7849999999999998100 ) ) ;
#3644 = ORIENTED_EDGE ( 'NONE', *, *, #3378, .F. ) ;
#3645 = DIRECTION ( 'NONE',  ( -6.123233995736766000E-017, -0.0000000000000000000, -1.000000000000000000 ) ) ;
#3646 = ORIENTED_EDGE ( 'NONE', *, *, #3245, .T. ) ;
#3647 = AXIS2_PLACEMENT_3D ( 'NONE', #3326, #3904, #868 ) ;
#3648 = CALENDAR_DATE ( 2021, 14, 9 ) ;
#3649 = CARTESIAN_POINT ( 'NONE',  ( -0.2113330765278397200, 0.1335602140058118900, -0.7850000000000001400 ) ) ;
#3650 = VERTEX_POINT ( 'NONE', #3692 ) ;
#3651 = VERTEX_POINT ( 'NONE', #1591 ) ;
#3652 = AXIS2_PLACEMENT_3D ( 'NONE', #1335, #105, #3763 ) ;
#3653 = CARTESIAN_POINT ( 'NONE',  ( 0.5609087331960612700, -0.01000000000000000000, -0.2082872894914301300 ) ) ;
#3654 = FACE_OUTER_BOUND ( 'NONE', #437, .T. ) ;
#3655 = EDGE_CURVE ( 'NONE', #2975, #3591, #2777, .T. ) ;
#3656 = ORIENTED_EDGE ( 'NONE', *, *, #3598, .F. ) ;
#3657 = ORIENTED_EDGE ( 'NONE', *, *, #3488, .F. ) ;
#3658 = VECTOR ( 'NONE', #1422, 39.37007874015748100 ) ;
#3659 = ORIENTED_EDGE ( 'NONE', *, *, #3192, .T. ) ;
#3660 = FACE_OUTER_BOUND ( 'NONE', #645, .T. ) ;
#3661 = EDGE_CURVE ( 'NONE', #241, #1731, #1962, .T. ) ;
#3662 = DIRECTION ( 'NONE',  ( -6.123233995736766000E-017, -0.0000000000000000000, -1.000000000000000000 ) ) ;
#3663 = LINE ( 'NONE', #3323, #1598 ) ;
#3664 = CARTESIAN_POINT ( 'NONE',  ( 7.409113134841489000E-017, 0.0000000000000000000, 0.4250000000000001000 ) ) ;
#3665 = ORIENTED_EDGE ( 'NONE', *, *, #3723, .T. ) ;
#3666 = LINE ( 'NONE', #2867, #3227 ) ;
#3667 = ORIENTED_EDGE ( 'NONE', *, *, #3576, .F. ) ;
#3668 = ADVANCED_FACE ( 'NONE', ( #2831 ), #344, .F. ) ;
#3669 = LINE ( 'NONE', #3345, #3857 ) ;
#3670 = FACE_OUTER_BOUND ( 'NONE', #388, .T. ) ;
#3671 = PLANE ( 'NONE',  #1188 ) ;
#3672 = APPROVAL_STATUS ( 'not_yet_approved' ) ;
#3673 = AXIS2_PLACEMENT_3D ( 'NONE', #642, #2549, #714 ) ;
#3674 = VERTEX_POINT ( 'NONE', #18 ) ;
#3675 = CARTESIAN_POINT ( 'NONE',  ( -0.5749130369021039400, -0.01000000000000000000, 0.4250000000000001600 ) ) ;
#3676 = EDGE_CURVE ( 'NONE', #1805, #1743, #2109, .T. ) ;
#3677 = CARTESIAN_POINT ( 'NONE',  ( 0.0000000000000000000, 0.01000000000000000000, 0.7849999999999999200 ) ) ;
#3678 = CARTESIAN_POINT ( 'NONE',  ( 0.4596559272292758400, -0.2769294787042162500, -0.3816671106335254900 ) ) ;
#3679 = AXIS2_PLACEMENT_3D ( 'NONE', #466, #3555, #1134 ) ;
#3680 = EDGE_CURVE ( 'NONE', #3453, #2361, #2059, .T. ) ;
#3681 = CARTESIAN_POINT ( 'NONE',  ( 0.2500000000000001100, 3.061616997868383600E-017, -0.3953786931315603800 ) ) ;
#3682 = DIRECTION ( 'NONE',  ( -6.123233995736766000E-017, -0.0000000000000000000, -1.000000000000000000 ) ) ;
#3683 = CARTESIAN_POINT ( 'NONE',  ( -0.4105548423825815500, 0.2485809541504791200, -0.7850000000000002500 ) ) ;
#3684 = ORIENTED_EDGE ( 'NONE', *, *, #2329, .T. ) ;
#3685 = CC_DESIGN_DATE_AND_TIME_ASSIGNMENT ( #2230, #2718, ( #3433 ) ) ;
#3686 = EDGE_LOOP ( 'NONE', ( #125, #1171, #3684, #858 ) ) ;
#3687 = CARTESIAN_POINT ( 'NONE',  ( 0.01000000000000000000, -0.4798414002252715000, -0.7850000000000002500 ) ) ;
#3688 = CARTESIAN_POINT ( 'NONE',  ( 0.01000000000000003000, 0.5749130369021039400, 0.4250000000000001000 ) ) ;
#3689 = EDGE_LOOP ( 'NONE', ( #2108, #3498, #3201, #2881 ) ) ;
#3690 = VERTEX_POINT ( 'NONE', #1857 ) ;
#3691 = FACE_OUTER_BOUND ( 'NONE', #1450, .T. ) ;
#3692 = CARTESIAN_POINT ( 'NONE',  ( 0.6499230723708772100, 0.01000000000000000000, 0.5750000000000000700 ) ) ;
#3693 = EDGE_CURVE ( 'NONE', #2530, #369, #3030, .T. ) ;
#3694 = DIRECTION ( 'NONE',  ( -6.123233995736766000E-017, -0.0000000000000000000, -1.000000000000000000 ) ) ;
#3695 = ORIENTED_EDGE ( 'NONE', *, *, #1855, .F. ) ;
#3696 = ORIENTED_EDGE ( 'NONE', *, *, #966, .F. ) ;
#3697 =( BOUNDED_CURVE ( )  B_SPLINE_CURVE ( 3, ( #1421, #821, #777, #1376 ),
 .UNSPECIFIED., .F., .F. ) 
 B_SPLINE_CURVE_WITH_KNOTS ( ( 4, 4 ),
 ( 3.101581979235804800, 3.181603327943782300 ),
 .UNSPECIFIED. ) 
 CURVE ( )  GEOMETRIC_REPRESENTATION_ITEM ( )  RATIONAL_B_SPLINE_CURVE ( ( 1.000000000000000000, 0.9994664531624957200, 0.9994664531624957200, 1.000000000000000000 ) ) 
 REPRESENTATION_ITEM ( '' )  );
#3698 = CIRCLE ( 'NONE', #3476, 0.2500000000000001100 ) ;
#3699 = ORIENTED_EDGE ( 'NONE', *, *, #2189, .F. ) ;
#3700 = EDGE_CURVE ( 'NONE', #2935, #528, #1261, .T. ) ;
#3701 = LINE ( 'NONE', #3923, #1241 ) ;
#3702 = CARTESIAN_POINT ( 'NONE',  ( 0.01000000000000000000, -0.6384692386747189400, 0.5948362739983478200 ) ) ;
#3703 = EDGE_CURVE ( 'NONE', #3394, #610, #196, .T. ) ;
#3704 = CIRCLE ( 'NONE', #1202, 0.6500000000000001300 ) ;
#3705 = CARTESIAN_POINT ( 'NONE',  ( -0.5087535610328733900, -0.3052760107973058700, 0.02166633889899542000 ) ) ;
#3706 = ORIENTED_EDGE ( 'NONE', *, *, #67, .T. ) ;
#3707 = VECTOR ( 'NONE', #3622, 39.37007874015748900 ) ;
#3708 = CC_DESIGN_DATE_AND_TIME_ASSIGNMENT ( #1681, #304, ( #3264 ) ) ;
#3709 = LINE ( 'NONE', #417, #848 ) ;
#3710 = EDGE_CURVE ( 'NONE', #3955, #3637, #1736, .T. ) ;
#3711 = PLANE ( 'NONE',  #1481 ) ;
#3712 = ORIENTED_EDGE ( 'NONE', *, *, #1807, .F. ) ;
#3713 = LINE ( 'NONE', #3021, #2897 ) ;
#3714 = CARTESIAN_POINT ( 'NONE',  ( 7.409113134841489000E-017, 0.0000000000000000000, 0.4250000000000001000 ) ) ;
#3715 = CARTESIAN_POINT ( 'NONE',  ( 0.4740375896691652600, 0.2621387246177087100, 0.7625979573111030300 ) ) ;
#3716 = ORIENTED_EDGE ( 'NONE', *, *, #1605, .F. ) ;
#3717 = ORIENTED_EDGE ( 'NONE', *, *, #2858, .F. ) ;
#3718 = DIRECTION ( 'NONE',  ( -1.000000000000000000, 0.0000000000000000000, 1.050710766793947200E-016 ) ) ;
#3719 = CARTESIAN_POINT ( 'NONE',  ( 0.2497999199359359800, -0.01000000000000000000, -0.7850000000000001400 ) ) ;
#3720 = DIRECTION ( 'NONE',  ( 6.123233995736766000E-017, 0.0000000000000000000, 1.000000000000000000 ) ) ;
#3721 = DIRECTION ( 'NONE',  ( 6.123233995736766000E-017, 0.0000000000000000000, 1.000000000000000000 ) ) ;
#3722 = AXIS2_PLACEMENT_3D ( 'NONE', #3781, #1343, #676 ) ;
#3723 = EDGE_CURVE ( 'NONE', #3617, #610, #2693, .T. ) ;
#3724 = ORIENTED_EDGE ( 'NONE', *, *, #1762, .T. ) ;
#3725 = EDGE_CURVE ( 'NONE', #939, #1529, #2015, .T. ) ;
#3726 = CARTESIAN_POINT ( 'NONE',  ( 0.01000000000000000000, -0.6270153514007337200, 0.6146725170599939300 ) ) ;
#3727 = DIRECTION ( 'NONE',  ( -6.123233995736766000E-017, -0.0000000000000000000, -1.000000000000000000 ) ) ;
#3728 = EDGE_CURVE ( 'NONE', #3135, #635, #933, .T. ) ;
#3729 = CARTESIAN_POINT ( 'NONE',  ( -0.01000000000000000000, -0.6270153514007337200, 0.6146725170599939300 ) ) ;
#3730 = VERTEX_POINT ( 'NONE', #2225 ) ;
#3731 = DIRECTION ( 'NONE',  ( 0.0000000000000000000, 0.0000000000000000000, 1.000000000000000000 ) ) ;
#3732 = ORIENTED_EDGE ( 'NONE', *, *, #1762, .F. ) ;
#3733 = CARTESIAN_POINT ( 'NONE',  ( -0.3085577464967790800, 0.5144376940013901700, 0.06836233743005454300 ) ) ;
#3734 = CARTESIAN_POINT ( 'NONE',  ( -0.5749130369021039400, 0.01000000000000000000, 0.5649999999999999500 ) ) ;
#3735 = EDGE_LOOP ( 'NONE', ( #3890, #1570, #3527, #1660 ) ) ;
#3736 = ORIENTED_EDGE ( 'NONE', *, *, #68, .F. ) ;
#3737 = CARTESIAN_POINT ( 'NONE',  ( -0.01000000000000000000, -0.5415979573110951700, 0.7625979573111030300 ) ) ;
#3738 = DIRECTION ( 'NONE',  ( -6.123233995736766000E-017, -0.0000000000000000000, -1.000000000000000000 ) ) ;
#3739 = APPROVAL_DATE_TIME ( #3026, #2466 ) ;
#3740 = CARTESIAN_POINT ( 'NONE',  ( 1.016337998740283200E-032, 0.0000000000000000000, -0.7849999999999999200 ) ) ;
#3741 = AXIS2_PLACEMENT_3D ( 'NONE', #3313, #1811, #3016 ) ;
#3742 = DIRECTION ( 'NONE',  ( -6.123233995736766000E-017, -0.0000000000000000000, -1.000000000000000000 ) ) ;
#3743 = ORIENTED_EDGE ( 'NONE', *, *, #1320, .F. ) ;
#3744 = EDGE_LOOP ( 'NONE', ( #94, #1670, #2177, #3716 ) ) ;
#3745 = PLANE ( 'NONE',  #839 ) ;
#3746 = DIRECTION ( 'NONE',  ( -6.123233995736766000E-017, 0.0000000000000000000, -1.000000000000000000 ) ) ;
#3747 = VECTOR ( 'NONE', #1067, 39.37007874015748900 ) ;
#3748 = ORIENTED_EDGE ( 'NONE', *, *, #2367, .F. ) ;
#3749 = ORIENTED_EDGE ( 'NONE', *, *, #2129, .F. ) ;
#3750 = CARTESIAN_POINT ( 'NONE',  ( -0.01000000000000000000, 0.0000000000000000000, 0.0000000000000000000 ) ) ;
#3751 =( BOUNDED_CURVE ( )  B_SPLINE_CURVE ( 3, ( #140, #169, #1951, #2882 ),
 .UNSPECIFIED., .F., .T. ) 
 B_SPLINE_CURVE_WITH_KNOTS ( ( 4, 4 ),
 ( 6.243174632825597000, 6.323195981533575400 ),
 .UNSPECIFIED. ) 
 CURVE ( )  GEOMETRIC_REPRESENTATION_ITEM ( )  RATIONAL_B_SPLINE_CURVE ( ( 1.000000000000000000, 0.9994664531624957200, 0.9994664531624957200, 1.000000000000000000 ) ) 
 REPRESENTATION_ITEM ( '' )  );
#3752 = CARTESIAN_POINT ( 'NONE',  ( -0.6281815210709340600, 0.01000000000000000000, 0.6126530147176362200 ) ) ;
#3753 = CIRCLE ( 'NONE', #3722, 0.5749999999999999600 ) ;
#3754 = EDGE_CURVE ( 'NONE', #3188, #1264, #3054, .T. ) ;
#3755 = CARTESIAN_POINT ( 'NONE',  ( -0.5265796790775249000, -0.3155679248489914900, 0.6375330225309447900 ) ) ;
#3756 = ORIENTED_EDGE ( 'NONE', *, *, #1203, .T. ) ;
#3757 = LINE ( 'NONE', #554, #1462 ) ;
#3758 = CARTESIAN_POINT ( 'NONE',  ( 9.613477373306724800E-017, 0.0000000000000000000, 0.7850000000000001400 ) ) ;
#3759 = CYLINDRICAL_SURFACE ( 'NONE', #2803, 0.2500000000000000600 ) ;
#3760 = CARTESIAN_POINT ( 'NONE',  ( 0.01000000000000003000, 0.6499230723708769900, 0.5649999999999999500 ) ) ;
#3761 = DIRECTION ( 'NONE',  ( -1.000000000000000000, 0.0000000000000000000, 0.0000000000000000000 ) ) ;
#3762 = ORIENTED_EDGE ( 'NONE', *, *, #3986, .F. ) ;
#3763 = DIRECTION ( 'NONE',  ( 1.000000000000000000, 0.0000000000000000000, -1.050710766793947200E-016 ) ) ;
#3764 = LINE ( 'NONE', #423, #209 ) ;
#3765 = EDGE_CURVE ( 'NONE', #1168, #2637, #292, .T. ) ;
#3766 = EDGE_LOOP ( 'NONE', ( #1070, #2417, #2679, #1120 ) ) ;
#3767 = CARTESIAN_POINT ( 'NONE',  ( 0.01000000000000003000, 0.0000000000000000000, 0.4250000000000001600 ) ) ;
#3768 = VECTOR ( 'NONE', #1165, 39.37007874015748100 ) ;
#3769 = LINE ( 'NONE', #1667, #853 ) ;
#3770 = DIRECTION ( 'NONE',  ( -0.8660254037844431500, 0.4999999999999919000, 5.302876193624562300E-017 ) ) ;
#3771 = CARTESIAN_POINT ( 'NONE',  ( -0.5473407466755208000, 0.01000000000000000000, 0.7526530290671196200 ) ) ;
#3772 = ORIENTED_EDGE ( 'NONE', *, *, #1527, .F. ) ;
#3773 = PLANE ( 'NONE',  #2086 ) ;
#3774 = DIRECTION ( 'NONE',  ( -1.000000000000000000, 0.0000000000000000000, 0.0000000000000000000 ) ) ;
#3775 = CARTESIAN_POINT ( 'NONE',  ( 7.409113134841489000E-017, 0.0000000000000000000, 0.4250000000000001000 ) ) ;
#3776 = DIRECTION ( 'NONE',  ( 0.0000000000000000000, 0.0000000000000000000, 1.000000000000000000 ) ) ;
#3777 = CARTESIAN_POINT ( 'NONE',  ( -0.01000000000000000000, 0.6414365596524791400, 0.3646224708932414600 ) ) ;
#3778 = CARTESIAN_POINT ( 'NONE',  ( -0.1335602140058133300, -0.2113330765278387300, 0.7849999999999998100 ) ) ;
#3779 = EDGE_CURVE ( 'NONE', #907, #3547, #3391, .T. ) ;
#3780 = EDGE_CURVE ( 'NONE', #2060, #2648, #3896, .T. ) ;
#3781 = CARTESIAN_POINT ( 'NONE',  ( 7.409113134841489000E-017, 0.0000000000000000000, 0.4250000000000001000 ) ) ;
#3782 = CARTESIAN_POINT ( 'NONE',  ( 0.5287564434701828000, 0.0000000000000000000, 0.7849999999999999200 ) ) ;
#3783 = DIRECTION ( 'NONE',  ( -6.123233995736766000E-017, -0.0000000000000000000, -1.000000000000000000 ) ) ;
#3784 = ORIENTED_EDGE ( 'NONE', *, *, #2006, .F. ) ;
#3785 = AXIS2_PLACEMENT_3D ( 'NONE', #2030, #488, #1994 ) ;
#3786 = ADVANCED_FACE ( 'NONE', ( #3361 ), #2873, .F. ) ;
#3787 = EDGE_CURVE ( 'NONE', #1166, #3690, #428, .T. ) ;
#3788 = ORIENTED_EDGE ( 'NONE', *, *, #3005, .T. ) ;
#3789 = VERTEX_POINT ( 'NONE', #368 ) ;
#3790 = LOCAL_TIME ( 10, 25, 15.00000000000000000, #1218 ) ;
#3791 = CARTESIAN_POINT ( 'NONE',  ( 0.2584270320811952700, 0.4276087496138507600, -0.6449122492182509700 ) ) ;
#3792 = ORIENTED_EDGE ( 'NONE', *, *, #3437, .F. ) ;
#3793 = EDGE_LOOP ( 'NONE', ( #1748, #724, #570, #1521 ) ) ;
#3794 = FACE_OUTER_BOUND ( 'NONE', #27, .T. ) ;
#3795 = DIRECTION ( 'NONE',  ( 0.0000000000000000000, 0.7559289460184565000, 0.6546536707079748700 ) ) ;
#3796 = VERTEX_POINT ( 'NONE', #2862 ) ;
#3797 = DIRECTION ( 'NONE',  ( -6.123233995736766000E-017, -0.0000000000000000000, -1.000000000000000000 ) ) ;
#3798 = VERTEX_POINT ( 'NONE', #737 ) ;
#3799 = DIRECTION ( 'NONE',  ( 0.4999999999999919000, -0.8660254037844431500, -3.061616997868333100E-017 ) ) ;
#3800 = ORIENTED_EDGE ( 'NONE', *, *, #2036, .F. ) ;
#3801 = FACE_OUTER_BOUND ( 'NONE', #78, .T. ) ;
#3802 = LINE ( 'NONE', #2611, #891 ) ;
#3803 = ORIENTED_EDGE ( 'NONE', *, *, #518, .F. ) ;
#3804 = LINE ( 'NONE', #2095, #3707 ) ;
#3805 = DIRECTION ( 'NONE',  ( -6.123233995736766000E-017, -0.0000000000000000000, -1.000000000000000000 ) ) ;
#3806 = EDGE_CURVE ( 'NONE', #3730, #1112, #23, .T. ) ;
#3807 = CARTESIAN_POINT ( 'NONE',  ( 0.2411503993963811100, 0.4376847440200475900, -0.6450000000000001300 ) ) ;
#3808 = CARTESIAN_POINT ( 'NONE',  ( -0.2961167724888917900, 0.4928892949240851200, -0.7850000000000001400 ) ) ;
#3809 = FACE_OUTER_BOUND ( 'NONE', #1623, .T. ) ;
#3810 = ORIENTED_EDGE ( 'NONE', *, *, #3550, .F. ) ;
#3811 = VECTOR ( 'NONE', #242, 39.37007874015748900 ) ;
#3812 = CARTESIAN_POINT ( 'NONE',  ( 0.4262499999999976900, 0.2576425576258717400, 0.5650000000000001700 ) ) ;
#3813 = AXIS2_PLACEMENT_3D ( 'NONE', #1109, #3590, #2374 ) ;
#3814 = AXIS2_PLACEMENT_3D ( 'NONE', #1069, #3829, #1099 ) ;
#3815 = DIRECTION ( 'NONE',  ( -6.123233995736766000E-017, -0.0000000000000000000, -1.000000000000000000 ) ) ;
#3816 = LINE ( 'NONE', #3719, #2505 ) ;
#3817 = CARTESIAN_POINT ( 'NONE',  ( 0.4707718843251405500, -0.2679511551671358600, 0.7626759887966164700 ) ) ;
#3818 = ORIENTED_EDGE ( 'NONE', *, *, #892, .T. ) ;
#3819 = CARTESIAN_POINT ( 'NONE',  ( 0.1162397059301262200, 0.2213330765278381500, -0.3951786130674962400 ) ) ;
#3820 = CARTESIAN_POINT ( 'NONE',  ( 0.01000000000000000000, -0.1999999999999998400, 0.4209999999999986000 ) ) ;
#3821 = DIRECTION ( 'NONE',  ( 0.0000000000000000000, 0.7071067811865381400, -0.7071067811865570100 ) ) ;
#3822 = CARTESIAN_POINT ( 'NONE',  ( -0.2787962644132099800, -0.5028892949240811900, -0.7850000000000001400 ) ) ;
#3823 = CARTESIAN_POINT ( 'NONE',  ( 0.3336217902232815300, -0.5578498911788124500, 0.4250000000000001000 ) ) ;
#3824 = DIRECTION ( 'NONE',  ( 0.0000000000000000000, -1.000000000000000000, 0.0000000000000000000 ) ) ;
#3825 = VERTEX_POINT ( 'NONE', #2516 ) ;
#3826 = EDGE_CURVE ( 'NONE', #657, #3789, #332, .T. ) ;
#3827 = CARTESIAN_POINT ( 'NONE',  ( -0.01000000000000000000, 0.1999999999999998400, 0.4209999999999986000 ) ) ;
#3828 = ORIENTED_EDGE ( 'NONE', *, *, #1980, .T. ) ;
#3829 = DIRECTION ( 'NONE',  ( -6.123233995736766000E-017, -0.0000000000000000000, -1.000000000000000000 ) ) ;
#3830 = AXIS2_PLACEMENT_3D ( 'NONE', #605, #651, #2794 ) ;
#3831 = EDGE_CURVE ( 'NONE', #1781, #3250, #1125, .T. ) ;
#3832 = CARTESIAN_POINT ( 'NONE',  ( -0.2411065240055040900, -0.4376087496138536000, -0.6449122492182520800 ) ) ;
#3833 = ORIENTED_EDGE ( 'NONE', *, *, #3085, .T. ) ;
#3834 = CARTESIAN_POINT ( 'NONE',  ( -0.2411065240054976700, 0.4376087496138563700, -0.6449122492182515200 ) ) ;
#3835 = DIRECTION ( 'NONE',  ( -6.123233995736766000E-017, -0.0000000000000000000, -1.000000000000000000 ) ) ;
#3836 = ADVANCED_FACE ( 'NONE', ( #1866 ), #2929, .F. ) ;
#3837 = EDGE_LOOP ( 'NONE', ( #1349, #3850, #2577, #3403 ) ) ;
#3838 = AXIS2_PLACEMENT_3D ( 'NONE', #62, #2197, #1025 ) ;
#3839 = ORIENTED_EDGE ( 'NONE', *, *, #1182, .F. ) ;
#3840 = CARTESIAN_POINT ( 'NONE',  ( 8.266365894244635600E-017, 0.0000000000000000000, 0.5649999999999999500 ) ) ;
#3841 = CARTESIAN_POINT ( 'NONE',  ( 0.005000000000000039100, -0.008660254037844362200, 0.0000000000000000000 ) ) ;
#3842 = VERTEX_POINT ( 'NONE', #1916 ) ;
#3843 = ORIENTED_EDGE ( 'NONE', *, *, #3970, .F. ) ;
#3844 = CARTESIAN_POINT ( 'NONE',  ( -0.4995335560866932500, -0.01000000000000000000, -0.6449122492182525200 ) ) ;
#3845 = DIRECTION ( 'NONE',  ( -1.000000000000000000, 0.0000000000000000000, 1.050710766793947200E-016 ) ) ;
#3846 = FACE_OUTER_BOUND ( 'NONE', #556, .T. ) ;
#3847 = ORIENTED_EDGE ( 'NONE', *, *, #3888, .F. ) ;
#3848 = ORIENTED_EDGE ( 'NONE', *, *, #1954, .F. ) ;
#3849 = CARTESIAN_POINT ( 'NONE',  ( 0.5750000000000000700, 0.0000000000000000000, 0.4250000000000001000 ) ) ;
#3850 = ORIENTED_EDGE ( 'NONE', *, *, #68, .T. ) ;
#3851 = CIRCLE ( 'NONE', #2934, 0.6500000000000001300 ) ;
#3852 = LINE ( 'NONE', #1768, #992 ) ;
#3853 = DIRECTION ( 'NONE',  ( 0.8660254037844431500, -0.4999999999999919000, 1.300879996982982700E-016 ) ) ;
#3854 = EDGE_LOOP ( 'NONE', ( #3966, #190, #551, #2431 ) ) ;
#3855 = CIRCLE ( 'NONE', #3477, 0.5749999999999999600 ) ;
#3856 = CARTESIAN_POINT ( 'NONE',  ( -0.4707718843251365600, -0.2679511551671420700, 0.7626759887966164700 ) ) ;
#3857 = VECTOR ( 'NONE', #308, 39.37007874015748900 ) ;
#3858 = DIRECTION ( 'NONE',  ( -6.123233995736766000E-017, -0.0000000000000000000, -1.000000000000000000 ) ) ;
#3859 = AXIS2_PLACEMENT_3D ( 'NONE', #3740, #662, #1002 ) ;
#3860 = DIRECTION ( 'NONE',  ( -0.3535533905932716800, 0.6123724356957942500, -0.7071067811865487900 ) ) ;
#3861 = ADVANCED_FACE ( 'NONE', ( #2736 ), #2146, .T. ) ;
#3862 = CONICAL_SURFACE ( 'NONE', #3652, 0.6500000000000001300, 0.1396263401595466700 ) ;
#3863 = EDGE_CURVE ( 'NONE', #3922, #3796, #2977, .T. ) ;
#3864 = CARTESIAN_POINT ( 'NONE',  ( -0.01000000000000000000, 0.5662528171316023600, 0.7199017647121244100 ) ) ;
#3865 = CARTESIAN_POINT ( 'NONE',  ( 9.613477373306722300E-017, 0.0000000000000000000, 0.7849999999999998100 ) ) ;
#3866 = ORIENTED_EDGE ( 'NONE', *, *, #3393, .T. ) ;
#3867 = DIRECTION ( 'NONE',  ( 1.000000000000000000, 0.0000000000000000000, -6.123233995736766000E-017 ) ) ;
#3868 = AXIS2_PLACEMENT_3D ( 'NONE', #3174, #2588, #1342 ) ;
#3869 = EDGE_CURVE ( 'NONE', #2121, #149, #2531, .T. ) ;
#3870 = ADVANCED_FACE ( 'NONE', ( #2878 ), #2948, .F. ) ;
#3871 = DIRECTION ( 'NONE',  ( 1.000000000000000000, 0.0000000000000000000, -6.123233995736766000E-017 ) ) ;
#3872 = CARTESIAN_POINT ( 'NONE',  ( 0.01000000000000000000, 0.2497999199359362000, -0.7850000000000002500 ) ) ;
#3873 = DIRECTION ( 'NONE',  ( -0.6123724356957821500, -0.3535533905932761700, -0.7071067811865569000 ) ) ;
#3874 = CARTESIAN_POINT ( 'NONE',  ( 0.1350897459621580300, 0.2539823035880274200, 0.5650000000000001700 ) ) ;
#3875 = CARTESIAN_POINT ( 'NONE',  ( -0.4928892949240831800, 0.2961167724888952300, -0.7850000000000001400 ) ) ;
#3876 = AXIS2_PLACEMENT_3D ( 'NONE', #769, #3495, #3486 ) ;
#3877 = CARTESIAN_POINT ( 'NONE',  ( 0.2556706827210071300, 0.4628346124785943100, 0.7849999999999998100 ) ) ;
#3878 = DIRECTION ( 'NONE',  ( -6.123233995736766000E-017, -0.0000000000000000000, -1.000000000000000000 ) ) ;
#3879 = DIRECTION ( 'NONE',  ( -0.5000000000000041100, -0.8660254037844363800, 3.414809992080327500E-016 ) ) ;
#3880 = ADVANCED_FACE ( 'NONE', ( #1640 ), #1124, .F. ) ;
#3882 = VERTEX_POINT ( 'NONE', #1685 ) ;
#3881 = PLANE ( 'NONE',  #3886 ) ;
#3883 = EDGE_CURVE ( 'NONE', #2361, #835, #3602, .T. ) ;
#3884 = DIRECTION ( 'NONE',  ( -0.6123724356958060200, 0.3535533905932728400, 0.7071067811865381400 ) ) ;
#3885 = VERTEX_POINT ( 'NONE', #3223 ) ;
#3886 = AXIS2_PLACEMENT_3D ( 'NONE', #260, #836, #1779 ) ;
#3887 = PERSON_AND_ORGANIZATION ( #723, #1534 ) ;
#3888 = EDGE_CURVE ( 'NONE', #1632, #2530, #1397, .T. ) ;
#3889 = CARTESIAN_POINT ( 'NONE',  ( 0.2584270320811952700, 0.4276087496138507600, -0.6449122492182509700 ) ) ;
#3890 = ORIENTED_EDGE ( 'NONE', *, *, #3439, .T. ) ;
#3891 = CARTESIAN_POINT ( 'NONE',  ( -0.5365796790775249100, -0.2982474167733027400, 0.6375330225309449000 ) ) ;
#3892 = B_SPLINE_CURVE_WITH_KNOTS ( 'NONE', 3,
 ( #3545, #1155, #1716, #2067 ),
 .UNSPECIFIED., .F., .F.,
 ( 4, 4 ),
 ( 2.019659775572203500E-007, 0.02744312681923045600 ),
 .UNSPECIFIED. ) ;
#3893 = EDGE_LOOP ( 'NONE', ( #602, #2913, #2580, #537 ) ) ;
#3894 = DIRECTION ( 'NONE',  ( -6.123233995736766000E-017, -0.0000000000000000000, -1.000000000000000000 ) ) ;
#3895 = DIRECTION ( 'NONE',  ( -1.000000000000000000, 0.0000000000000000000, 0.0000000000000000000 ) ) ;
#3896 = LINE ( 'NONE', #3151, #2188 ) ;
#3897 = ORIENTED_EDGE ( 'NONE', *, *, #2562, .F. ) ;
#3898 = VERTEX_POINT ( 'NONE', #2628 ) ;
#3899 = DIRECTION ( 'NONE',  ( 1.000000000000000000, 0.0000000000000000000, -6.123233995736766000E-017 ) ) ;
#3900 = LINE ( 'NONE', #2212, #3074 ) ;
#3901 = CARTESIAN_POINT ( 'NONE',  ( 0.2148965835325524800, 0.1279216568640747000, 0.4710667289577124600 ) ) ;
#3902 = ORIENTED_EDGE ( 'NONE', *, *, #2105, .F. ) ;
#3903 = CIRCLE ( 'NONE', #2771, 0.5749999999999999600 ) ;
#3904 = DIRECTION ( 'NONE',  ( -6.123233995736766000E-017, -0.0000000000000000000, -1.000000000000000000 ) ) ;
#3905 = ADVANCED_FACE ( 'NONE', ( #2443 ), #461, .T. ) ;
#3906 = CARTESIAN_POINT ( 'NONE',  ( 0.4105548423825835000, -0.2485809541504762900, -0.7850000000000002500 ) ) ;
#3907 = FACE_OUTER_BOUND ( 'NONE', #1436, .T. ) ;
#3908 = ORIENTED_EDGE ( 'NONE', *, *, #1054, .T. ) ;
#3909 = LINE ( 'NONE', #2953, #2991 ) ;
#3910 = CARTESIAN_POINT ( 'NONE',  ( 0.2729911907966894300, -0.4528346124785979600, 0.7849999999999998100 ) ) ;
#3911 = CARTESIAN_POINT ( 'NONE',  ( 0.01000000000000000000, 0.6414365596524791400, 0.3646224708932414600 ) ) ;
#3912 = LINE ( 'NONE', #3505, #544 ) ;
#3913 = DIRECTION ( 'NONE',  ( -6.123233995736766000E-017, -0.0000000000000000000, -1.000000000000000000 ) ) ;
#3914 = EDGE_LOOP ( 'NONE', ( #2475, #1815, #1003, #1974, #1628, #3207, #3217, #2401, #1065 ) ) ;
#3915 = VECTOR ( 'NONE', #1767, 39.37007874015748900 ) ;
#3916 = EDGE_CURVE ( 'NONE', #1885, #250, #833, .T. ) ;
#3917 = VERTEX_POINT ( 'NONE', #1671 ) ;
#3918 = DIRECTION ( 'NONE',  ( 0.0000000000000000000, -0.7071067811865381400, -0.7071067811865570100 ) ) ;
#3919 = EDGE_CURVE ( 'NONE', #192, #369, #481, .T. ) ;
#3920 = CARTESIAN_POINT ( 'NONE',  ( 0.6031649450059350900, 0.01000000000000000000, 0.09233853613829182100 ) ) ;
#3921 = EDGE_CURVE ( 'NONE', #1251, #2185, #259, .T. ) ;
#3922 = VERTEX_POINT ( 'NONE', #2299 ) ;
#3923 = CARTESIAN_POINT ( 'NONE',  ( 0.1350897459621615000, 0.2539823035880295300, 0.4250000000000001000 ) ) ;
#3924 = CARTESIAN_POINT ( 'NONE',  ( -0.5678498911788102400, -0.3163012821475967900, 0.5750000000000001800 ) ) ;
#3925 = AXIS2_PLACEMENT_3D ( 'NONE', #733, #2546, #712 ) ;
#3926 = CARTESIAN_POINT ( 'NONE',  ( 0.0000000000000000000, 0.0000000000000000000, -0.7850000000000001400 ) ) ;
#3927 = EDGE_CURVE ( 'NONE', #3567, #2402, #3531, .T. ) ;
#3928 = ADVANCED_FACE ( 'NONE', ( #720 ), #1391, .F. ) ;
#3929 = CARTESIAN_POINT ( 'NONE',  ( 0.1350897459621544800, -0.2539823035880254300, 0.4250000000000001000 ) ) ;
#3930 = CARTESIAN_POINT ( 'NONE',  ( -0.2113330765278398400, 0.1335602140058120000, -0.7850000000000002500 ) ) ;
#3931 = DIRECTION ( 'NONE',  ( -0.0000000000000000000, 1.000000000000000000, 1.300879996982983000E-016 ) ) ;
#3932 = VERTEX_POINT ( 'NONE', #529 ) ;
#3933 = CARTESIAN_POINT ( 'NONE',  ( -0.2729911907966863200, 0.4528346124785998000, 0.7849999999999998100 ) ) ;
#3934 = CARTESIAN_POINT ( 'NONE',  ( -0.2497999199359359800, 0.01000000000000000000, -0.3951786130674961300 ) ) ;
#3935 = ORIENTED_EDGE ( 'NONE', *, *, #1727, .F. ) ;
#3936 = AXIS2_PLACEMENT_3D ( 'NONE', #2260, #2906, #3511 ) ;
#3937 = EDGE_CURVE ( 'NONE', #2149, #3605, #476, .T. ) ;
#3938 = EDGE_CURVE ( 'NONE', #1978, #2144, #2392, .T. ) ;
#3939 = ORIENTED_EDGE ( 'NONE', *, *, #1443, .T. ) ;
#3940 = VERTEX_POINT ( 'NONE', #1800 ) ;
#3941 = CARTESIAN_POINT ( 'NONE',  ( -0.4995335560866922500, 0.01000000000000000000, -0.6449122492182515200 ) ) ;
#3942 = APPLICATION_PROTOCOL_DEFINITION ( 'international standard', 'config_control_design', 1994, #3628 ) ;
#3943 = PERSON_AND_ORGANIZATION ( #723, #1534 ) ;
#3944 = ORIENTED_EDGE ( 'NONE', *, *, #3478, .F. ) ;
#3945 = AXIS2_PLACEMENT_3D ( 'NONE', #2442, #607, #3972 ) ;
#3946 = ORIENTED_EDGE ( 'NONE', *, *, #1320, .T. ) ;
#3947 = EDGE_CURVE ( 'NONE', #1579, #3605, #3980, .T. ) ;
#3948 = VECTOR ( 'NONE', #387, 39.37007874015748900 ) ;
#3949 = CARTESIAN_POINT ( 'NONE',  ( 7.409113134841489000E-017, 0.0000000000000000000, 0.4250000000000001000 ) ) ;
#3950 = PLANE ( 'NONE',  #1146 ) ;
#3951 = PLANE ( 'NONE',  #812 ) ;
#3952 = VERTEX_POINT ( 'NONE', #1759 ) ;
#3953 = LINE ( 'NONE', #1417, #3219 ) ;
#3954 = ADVANCED_FACE ( 'NONE', ( #3449 ), #3001, .F. ) ;
#3955 = VERTEX_POINT ( 'NONE', #3010 ) ;
#3956 = FACE_OUTER_BOUND ( 'NONE', #3689, .T. ) ;
#3957 = FACE_OUTER_BOUND ( 'NONE', #1560, .T. ) ;
#3958 = DIRECTION ( 'NONE',  ( 1.000000000000000000, 0.0000000000000000000, -6.123233995736766000E-017 ) ) ;
#3959 = ORIENTED_EDGE ( 'NONE', *, *, #1605, .T. ) ;
#3960 = LINE ( 'NONE', #3389, #257 ) ;
#3961 = AXIS2_PLACEMENT_3D ( 'NONE', #1528, #2430, #1491 ) ;
#3962 = VECTOR ( 'NONE', #2174, 39.37007874015748100 ) ;
#3963 = DIRECTION ( 'NONE',  ( 0.0000000000000000000, -1.000000000000000000, 1.300879996982983000E-016 ) ) ;
#3964 = FACE_OUTER_BOUND ( 'NONE', #773, .T. ) ;
#3965 = CARTESIAN_POINT ( 'NONE',  ( 0.4362499999999943100, 0.2403220495501851600, 0.4250000000000001000 ) ) ;
#3966 = ORIENTED_EDGE ( 'NONE', *, *, #1279, .F. ) ;
#3967 = EDGE_CURVE ( 'NONE', #1344, #1593, #137, .T. ) ;
#3968 = CARTESIAN_POINT ( 'NONE',  ( 0.6499230723708772100, -0.01000000000000000000, 0.4250000000000000400 ) ) ;
#3969 = CARTESIAN_POINT ( 'NONE',  ( 0.01000000000000000000, -0.6499230723708769900, 0.4250000000000001000 ) ) ;
#3970 = EDGE_CURVE ( 'NONE', #3796, #1129, #882, .T. ) ;
#3971 = ADVANCED_FACE ( 'NONE', ( #2923 ), #2707, .F. ) ;
#3972 = DIRECTION ( 'NONE',  ( -1.000000000000000000, 0.0000000000000000000, 6.123233995736766000E-017 ) ) ;
#3973 = CARTESIAN_POINT ( 'NONE',  ( -0.4596559272292720700, -0.2769294787042226300, -0.3816671106335255400 ) ) ;
#3974 = APPROVAL_STATUS ( 'not_yet_approved' ) ;
#3975 = ORIENTED_EDGE ( 'NONE', *, *, #2879, .T. ) ;
#3976 = PLANE ( 'NONE',  #2366 ) ;
#3977 = VERTEX_POINT ( 'NONE', #3930 ) ;
#3978 = CARTESIAN_POINT ( 'NONE',  ( 0.4995335560866924200, -0.01000000000000000000, -0.6449122492182515200 ) ) ;
#3979 = DIRECTION ( 'NONE',  ( -6.123233995736766000E-017, -0.0000000000000000000, -1.000000000000000000 ) ) ;
#3980 = LINE ( 'NONE', #2674, #3113 ) ;
#3981 = ORIENTED_EDGE ( 'NONE', *, *, #74, .T. ) ;
#3982 = ORIENTED_EDGE ( 'NONE', *, *, #502, .F. ) ;
#3983 = AXIS2_PLACEMENT_3D ( 'NONE', #1720, #3835, #1991 ) ;
#3984 = DIRECTION ( 'NONE',  ( -1.000000000000000000, 0.0000000000000000000, 1.050710766793947200E-016 ) ) ;
#3985 = VECTOR ( 'NONE', #358, 39.37007874015748100 ) ;
#3986 = EDGE_CURVE ( 'NONE', #3277, #1441, #977, .T. ) ;
#3987 = CARTESIAN_POINT ( 'NONE',  ( 0.3336217902232855300, 0.5578498911788101200, 0.5649999999999999500 ) ) ;
#3988 = ORIENTED_EDGE ( 'NONE', *, *, #2615, .T. ) ;
#3989 = ORIENTED_EDGE ( 'NONE', *, *, #1706, .T. ) ;
#3990 = DIRECTION ( 'NONE',  ( 0.0000000000000000000, -0.0000000000000000000, 1.000000000000000000 ) ) ;
#3991 = LINE ( 'NONE', #1835, #2063 ) ;
#3992 = EDGE_LOOP ( 'NONE', ( #3309, #494, #1026, #2258 ) ) ;
ENDSEC;
END-ISO-10303-21;
