ISO-10303-21;
HEADER;
FILE_DESCRIPTION (( 'STEP AP203' ),
    '1' );
FILE_NAME ('3321A185_ER-32 Collet.STEP',
    '2021-09-14T15:25:45',
    ( 'Administrator' ),
    ( 'Managed by Terraform' ),
    'SwSTEP 2.0',
    'SolidWorks 2017',
    '' );
FILE_SCHEMA (( 'CONFIG_CONTROL_DESIGN' ));
ENDSEC;

DATA;
#1 = LINE ( 'NONE', #849, #2121 ) ;
#2 = ORIENTED_EDGE ( 'NONE', *, *, #319, .T. ) ;
#3 = DIRECTION ( 'NONE',  ( -0.0000000000000000000, -0.0000000000000000000, -1.000000000000000000 ) ) ;
#4 = PLANE ( 'NONE',  #622 ) ;
#5 = EDGE_CURVE ( 'NONE', #3800, #2666, #3936, .T. ) ;
#6 = FACE_OUTER_BOUND ( 'NONE', #4252, .T. ) ;
#7 = ADVANCED_FACE ( 'NONE', ( #1003 ), #1992, .F. ) ;
#8 = ORIENTED_EDGE ( 'NONE', *, *, #4474, .T. ) ;
#9 = DIRECTION ( 'NONE',  ( -0.7071067811865389100, 0.7071067811865561200, 0.0000000000000000000 ) ) ;
#10 = FACE_OUTER_BOUND ( 'NONE', #1028, .T. ) ;
#11 = CC_DESIGN_DATE_AND_TIME_ASSIGNMENT ( #2104, #4657, ( #3064 ) ) ;
#12 = EDGE_CURVE ( 'NONE', #1413, #504, #2971, .T. ) ;
#13 = EDGE_LOOP ( 'NONE', ( #4077, #2284, #1810, #4700 ) ) ;
#14 = CARTESIAN_POINT ( 'NONE',  ( -0.6508600127911021700, -0.01377999999999319400, 0.4292699999999997600 ) ) ;
#15 = DIRECTION ( 'NONE',  ( -1.000000000000000000, 0.0000000000000000000, 0.0000000000000000000 ) ) ;
#16 = CIRCLE ( 'NONE', #155, 0.1968503937007874400 ) ;
#17 = CARTESIAN_POINT ( 'NONE',  ( 0.1331458605261542100, 0.2854336669440846700, -0.7875000000000003100 ) ) ;
#18 = DIRECTION ( 'NONE',  ( 0.0000000000000000000, 0.0000000000000000000, 1.000000000000000000 ) ) ;
#19 = DIRECTION ( 'NONE',  ( -0.0000000000000000000, -0.0000000000000000000, -1.000000000000000000 ) ) ;
#20 = EDGE_LOOP ( 'NONE', ( #664, #3751, #3416, #4042 ) ) ;
#21 = LINE ( 'NONE', #2617, #2255 ) ;
#22 = CARTESIAN_POINT ( 'NONE',  ( -0.3149606299212597800, 0.0000000000000000000, -0.5119094488188979900 ) ) ;
#23 = CARTESIAN_POINT ( 'NONE',  ( 0.4717354690295832400, -0.4522476061400868600, 0.5829299999999997300 ) ) ;
#24 = FACE_OUTER_BOUND ( 'NONE', #4170, .T. ) ;
#25 = ORIENTED_EDGE ( 'NONE', *, *, #2665, .F. ) ;
#26 = CARTESIAN_POINT ( 'NONE',  ( -0.3157590042756638300, 0.3352468671651730500, 0.4292699999999997600 ) ) ;
#27 = CIRCLE ( 'NONE', #995, 0.5747999999999999800 ) ;
#28 = ORIENTED_EDGE ( 'NONE', *, *, #4442, .F. ) ;
#29 = EDGE_CURVE ( 'NONE', #4353, #1044, #3819, .T. ) ;
#30 = ORIENTED_EDGE ( 'NONE', *, *, #2372, .F. ) ;
#31 = CARTESIAN_POINT ( 'NONE',  ( -0.4993947684522556700, -0.01377999999999477000, -0.6481465455388577500 ) ) ;
#32 = CARTESIAN_POINT ( 'NONE',  ( -0.4995614282951929000, 0.004593882164847737500, -0.6483132053817951500 ) ) ;
#33 = ORIENTED_EDGE ( 'NONE', *, *, #794, .F. ) ;
#34 = ADVANCED_FACE ( 'NONE', ( #4690 ), #482, .T. ) ;
#35 = DIRECTION ( 'NONE',  ( -1.000000000000000000, 0.0000000000000000000, 0.0000000000000000000 ) ) ;
#36 = DIRECTION ( 'NONE',  ( -1.000000000000000000, 0.0000000000000000000, 0.0000000000000000000 ) ) ;
#37 = AXIS2_PLACEMENT_3D ( 'NONE', #2195, #3298, #314 ) ;
#38 = EDGE_CURVE ( 'NONE', #3864, #3062, #769, .T. ) ;
#39 = CARTESIAN_POINT ( 'NONE',  ( -0.01378000000000000100, 0.0000000000000000000, 0.0000000000000000000 ) ) ;
#40 = DIRECTION ( 'NONE',  ( 0.0000000000000000000, 0.0000000000000000000, 1.000000000000000000 ) ) ;
#41 = PLANE ( 'NONE',  #1700 ) ;
#42 = ORIENTED_EDGE ( 'NONE', *, *, #4697, .T. ) ;
#43 = DATE_AND_TIME ( #1015, #3714 ) ;
#44 = EDGE_CURVE ( 'NONE', #2437, #3938, #27, .T. ) ;
#45 = ORIENTED_EDGE ( 'NONE', *, *, #3321, .F. ) ;
#46 = CONICAL_SURFACE ( 'NONE', #2560, 0.6534999999999999700, 0.5235987755982998100 ) ;
#47 = ORIENTED_EDGE ( 'NONE', *, *, #1912, .T. ) ;
#48 = CARTESIAN_POINT ( 'NONE',  ( -0.4799999999999999800, 6.925413601384372600E-017, -0.7875000000000005300 ) ) ;
#49 = DIRECTION ( 'NONE',  ( -1.000000000000000000, 0.0000000000000000000, 0.0000000000000000000 ) ) ;
#50 = CARTESIAN_POINT ( 'NONE',  ( 0.4993947684522555600, 0.01377999999999825700, -0.6481465455388578700 ) ) ;
#51 = CIRCLE ( 'NONE', #3733, 0.1968503937007874400 ) ;
#52 = VERTEX_POINT ( 'NONE', #872 ) ;
#53 = PLANE ( 'NONE',  #2219 ) ;
#54 = DIRECTION ( 'NONE',  ( -0.0000000000000000000, -0.0000000000000000000, -1.000000000000000000 ) ) ;
#55 = LINE ( 'NONE', #1937, #3843 ) ;
#56 = DIRECTION ( 'NONE',  ( -0.7071067811865413600, 0.7071067811865536800, 0.0000000000000000000 ) ) ;
#57 = ADVANCED_FACE ( 'NONE', ( #3590 ), #1980, .T. ) ;
#58 = ORIENTED_EDGE ( 'NONE', *, *, #624, .F. ) ;
#59 = CARTESIAN_POINT ( 'NONE',  ( 0.0000000000000000000, 0.0000000000000000000, -0.5119094488188979900 ) ) ;
#60 = FACE_OUTER_BOUND ( 'NONE', #1888, .T. ) ;
#61 = ORIENTED_EDGE ( 'NONE', *, *, #369, .T. ) ;
#62 = CYLINDRICAL_SURFACE ( 'NONE', #3540, 0.6534999999999999700 ) ;
#63 = EDGE_CURVE ( 'NONE', #4437, #396, #4453, .T. ) ;
#64 = CARTESIAN_POINT ( 'NONE',  ( 0.08787764305930109700, 0.1761465223911534700, -0.5119094488188979900 ) ) ;
#65 = DIRECTION ( 'NONE',  ( -0.4999999999999963400, 0.5000000000000015500, -0.7071067811865490200 ) ) ;
#66 = CARTESIAN_POINT ( 'NONE',  ( 0.2971439314447505400, 0.2776560685552442700, 0.5709999999999998400 ) ) ;
#67 = ORIENTED_EDGE ( 'NONE', *, *, #3491, .F. ) ;
#68 = CIRCLE ( 'NONE', #767, 0.3149606299212597800 ) ;
#69 = EDGE_CURVE ( 'NONE', #287, #832, #3474, .T. ) ;
#70 = CARTESIAN_POINT ( 'NONE',  ( -0.3628693587064291700, -0.3433814958169217300, -0.6481465455388575300 ) ) ;
#71 = ORIENTED_EDGE ( 'NONE', *, *, #2277, .F. ) ;
#72 = ORIENTED_EDGE ( 'NONE', *, *, #1359, .F. ) ;
#73 = VECTOR ( 'NONE', #854, 39.37007874015748900 ) ;
#74 = CARTESIAN_POINT ( 'NONE',  ( -0.4717354690295896300, -0.4522476061400801900, 0.5829299999999997300 ) ) ;
#75 = EDGE_LOOP ( 'NONE', ( #1478, #3259, #78, #3705 ) ) ;
#76 = CC_DESIGN_APPROVAL ( #1887, ( #3610 ) ) ;
#77 = FACE_OUTER_BOUND ( 'NONE', #1441, .T. ) ;
#78 = ORIENTED_EDGE ( 'NONE', *, *, #3614, .F. ) ;
#79 = DIRECTION ( 'NONE',  ( -1.000000000000000000, 0.0000000000000000000, 0.0000000000000000000 ) ) ;
#80 = CARTESIAN_POINT ( 'NONE',  ( 0.3965842312513615000, -0.4160720941408671500, 0.5709999999999997300 ) ) ;
#81 = CARTESIAN_POINT ( 'NONE',  ( 0.009743931444750757900, 0.009743931444750494200, -0.1487517770866043600 ) ) ;
#82 = VERTEX_POINT ( 'NONE', #2824 ) ;
#83 = EDGE_LOOP ( 'NONE', ( #2499, #1607, #4512, #2807 ) ) ;
#84 = CARTESIAN_POINT ( 'NONE',  ( 0.1866932777871355400, 0.06241552314328954000, 0.1381789218234977000 ) ) ;
#85 = DIRECTION ( 'NONE',  ( -0.0000000000000000000, -0.0000000000000000000, -1.000000000000000000 ) ) ;
#86 = PLANE ( 'NONE',  #4619 ) ;
#87 = ORIENTED_EDGE ( 'NONE', *, *, #4614, .F. ) ;
#88 = ORIENTED_EDGE ( 'NONE', *, *, #836, .F. ) ;
#89 = CARTESIAN_POINT ( 'NONE',  ( -0.4160447030433281300, -0.3965568401538198100, 0.7193110215654288100 ) ) ;
#90 = AXIS2_PLACEMENT_3D ( 'NONE', #3898, #3544, #1680 ) ;
#91 = EDGE_CURVE ( 'NONE', #667, #283, #2365, .T. ) ;
#92 = EDGE_LOOP ( 'NONE', ( #881, #2960, #3518, #3958 ) ) ;
#93 = CARTESIAN_POINT ( 'NONE',  ( 0.0000000000000000000, 0.0000000000000000000, 0.4292699999999997600 ) ) ;
#94 = CARTESIAN_POINT ( 'NONE',  ( 0.0000000000000000000, 0.0000000000000000000, -0.5119094488188979900 ) ) ;
#95 = PERSON_AND_ORGANIZATION ( #4238, #2394 ) ;
#96 = DIRECTION ( 'NONE',  ( 0.9238795325112850700, -0.3826834323650936100, 0.0000000000000000000 ) ) ;
#97 = DIRECTION ( 'NONE',  ( -1.000000000000000000, 0.0000000000000000000, 0.0000000000000000000 ) ) ;
#98 = AXIS2_PLACEMENT_3D ( 'NONE', #1782, #2906, #1107 ) ;
#99 = EDGE_CURVE ( 'NONE', #3195, #2078, #1293, .T. ) ;
#100 = ORIENTED_EDGE ( 'NONE', *, *, #4431, .T. ) ;
#101 = CARTESIAN_POINT ( 'NONE',  ( -0.1291088486861384500, 0.1485967115756430800, -0.3451192619209187400 ) ) ;
#102 = CARTESIAN_POINT ( 'NONE',  ( -0.4160720941408684900, -0.3965842312513601600, 0.4292699999999999300 ) ) ;
#103 = CARTESIAN_POINT ( 'NONE',  ( 0.0000000000000000000, 0.0000000000000000000, -0.5119094488188979900 ) ) ;
#104 = CARTESIAN_POINT ( 'NONE',  ( 0.2776560685552494400, 0.2971439314447457100, 0.5709999999999998400 ) ) ;
#105 = DIRECTION ( 'NONE',  ( 0.3826834323650905000, 0.9238795325112865200, -8.920344749722869000E-017 ) ) ;
#106 = ORIENTED_EDGE ( 'NONE', *, *, #3249, .T. ) ;
#107 = B_SPLINE_CURVE_WITH_KNOTS ( 'NONE', 3,
 ( #2501, #294, #1781, #1012, #4359, #2148, #2517 ),
 .UNSPECIFIED., .F., .F.,
 ( 4, 3, 4 ),
 ( 2.019671278479972000E-007, 0.02140495045453186300, 0.02564998077238688600 ),
 .UNSPECIFIED. ) ;
#108 = VECTOR ( 'NONE', #183, 39.37007874015748100 ) ;
#109 = EDGE_CURVE ( 'NONE', #4607, #123, #1406, .T. ) ;
#110 = DIRECTION ( 'NONE',  ( -1.000000000000000000, 0.0000000000000000000, 0.0000000000000000000 ) ) ;
#111 = ORIENTED_EDGE ( 'NONE', *, *, #1183, .F. ) ;
#112 = LINE ( 'NONE', #2238, #3901 ) ;
#113 = CARTESIAN_POINT ( 'NONE',  ( -0.1968503937007875500, 0.0000000000000000000, -0.3456021707873909700 ) ) ;
#114 = CARTESIAN_POINT ( 'NONE',  ( 0.4160720941408629400, -0.3965842312513659400, 0.5709999999999997300 ) ) ;
#115 = CARTESIAN_POINT ( 'NONE',  ( 0.5208148994374761600, -0.2008132303129555600, -0.2311669415155343200 ) ) ;
#116 = ORIENTED_EDGE ( 'NONE', *, *, #3791, .T. ) ;
#117 = VECTOR ( 'NONE', #613, 39.37007874015748100 ) ;
#118 = ORIENTED_EDGE ( 'NONE', *, *, #5, .T. ) ;
#119 = DIRECTION ( 'NONE',  ( 0.0000000000000000000, 0.0000000000000000000, -1.000000000000000000 ) ) ;
#120 = CARTESIAN_POINT ( 'NONE',  ( 0.5176236959681911300, 0.01377999999999819300, -0.5184886000649031600 ) ) ;
#121 = CIRCLE ( 'NONE', #3299, 0.6534999999999999700 ) ;
#122 = EDGE_CURVE ( 'NONE', #3852, #4532, #219, .T. ) ;
#123 = VERTEX_POINT ( 'NONE', #2524 ) ;
#124 = CARTESIAN_POINT ( 'NONE',  ( -0.005273377697990818900, 0.01273105995800559300, -1.074502747390032500E-033 ) ) ;
#125 = CYLINDRICAL_SURFACE ( 'NONE', #3481, 0.5747999999999999800 ) ;
#126 = AXIS2_PLACEMENT_3D ( 'NONE', #1402, #3926, #997 ) ;
#127 = ORIENTED_EDGE ( 'NONE', *, *, #136, .F. ) ;
#128 = EDGE_CURVE ( 'NONE', #3524, #1730, #2493, .T. ) ;
#129 = CARTESIAN_POINT ( 'NONE',  ( 0.0000000000000000000, 0.0000000000000000000, -0.5119094488188979900 ) ) ;
#130 = DIRECTION ( 'NONE',  ( 0.0000000000000000000, 0.0000000000000000000, -1.000000000000000000 ) ) ;
#131 = VECTOR ( 'NONE', #4206, 39.37007874015748900 ) ;
#132 = CARTESIAN_POINT ( 'NONE',  ( 0.5569425052557136500, -0.2157777746189389300, 0.04700011390998477100 ) ) ;
#133 = EDGE_LOOP ( 'NONE', ( #3448, #4344, #4303, #1228, #317, #181, #846, #326, #3568 ) ) ;
#134 = VECTOR ( 'NONE', #4301, 39.37007874015748100 ) ;
#135 = DIRECTION ( 'NONE',  ( -0.2705980500731003900, 0.6532814824381912900, 0.7071067811865441300 ) ) ;
#136 = EDGE_CURVE ( 'NONE', #1378, #2325, #3302, .T. ) ;
#137 = CARTESIAN_POINT ( 'NONE',  ( 0.01273105995800552900, 0.005273377697990947300, -0.05818856301081960800 ) ) ;
#138 = CARTESIAN_POINT ( 'NONE',  ( 0.0000000000000000000, 0.0000000000000000000, -0.7875000000000005300 ) ) ;
#139 = VERTEX_POINT ( 'NONE', #3317 ) ;
#140 = B_SPLINE_CURVE_WITH_KNOTS ( 'NONE', 3,
 ( #3093, #1649, #4233, #1254 ),
 .UNSPECIFIED., .F., .F.,
 ( 4, 4 ),
 ( 2.019663912520802700E-007, 0.02763568366266931600 ),
 .UNSPECIFIED. ) ;
#141 = VECTOR ( 'NONE', #2484, 39.37007874015748900 ) ;
#142 = DIRECTION ( 'NONE',  ( 0.9238795325112902900, 0.3826834323650810100, 0.0000000000000000000 ) ) ;
#143 = LINE ( 'NONE', #3310, #3933 ) ;
#144 = ORIENTED_EDGE ( 'NONE', *, *, #503, .F. ) ;
#145 = ORIENTED_EDGE ( 'NONE', *, *, #1234, .T. ) ;
#146 = DIRECTION ( 'NONE',  ( 3.413668146703862100E-017, 8.241323937213472200E-017, 1.000000000000000000 ) ) ;
#147 = CARTESIAN_POINT ( 'NONE',  ( 0.4995614282951929600, 0.0000000000000000000, -0.6483132053817951500 ) ) ;
#148 = ORIENTED_EDGE ( 'NONE', *, *, #1150, .F. ) ;
#149 = VERTEX_POINT ( 'NONE', #1813 ) ;
#150 = ORIENTED_EDGE ( 'NONE', *, *, #2143, .T. ) ;
#151 = ORIENTED_EDGE ( 'NONE', *, *, #3368, .F. ) ;
#152 = CARTESIAN_POINT ( 'NONE',  ( 0.01378000000000000100, 0.6510058714408292200, 0.4292699999999997600 ) ) ;
#153 = CARTESIAN_POINT ( 'NONE',  ( 0.6019970751657597300, 0.01377999999999790000, 0.08167154250216608600 ) ) ;
#154 = CARTESIAN_POINT ( 'NONE',  ( 0.0000000000000000000, 0.0000000000000000000, -0.5119094488188979900 ) ) ;
#155 = AXIS2_PLACEMENT_3D ( 'NONE', #2511, #3228, #2157 ) ;
#156 = ORIENTED_EDGE ( 'NONE', *, *, #1997, .F. ) ;
#157 = EDGE_CURVE ( 'NONE', #3494, #1056, #1574, .T. ) ;
#158 =( BOUNDED_CURVE ( )  B_SPLINE_CURVE ( 3, ( #2922, #1477, #4746, #3690 ),
 .UNSPECIFIED., .F., .F. ) 
 B_SPLINE_CURVE_WITH_KNOTS ( ( 4, 4 ),
 ( -3.552713678800500900E-015, 0.07005969898995090300 ),
 .UNSPECIFIED. ) 
 CURVE ( )  GEOMETRIC_REPRESENTATION_ITEM ( )  RATIONAL_B_SPLINE_CURVE ( ( 1.000000000000000000, 0.9995910117061518300, 0.9995910117061518300, 1.000000000000000000 ) ) 
 REPRESENTATION_ITEM ( '' )  );
#159 = CALENDAR_DATE ( 2021, 14, 9 ) ;
#160 = ADVANCED_FACE ( 'NONE', ( #2612 ), #2318, .T. ) ;
#161 = ORIENTED_EDGE ( 'NONE', *, *, #166, .F. ) ;
#162 = CARTESIAN_POINT ( 'NONE',  ( 0.01378000000000000100, 0.4993947684522555000, -0.6481465455388577500 ) ) ;
#163 = CARTESIAN_POINT ( 'NONE',  ( -0.2959804223400654400, 0.1076837406101462400, -0.7875000000000003100 ) ) ;
#164 = CIRCLE ( 'NONE', #2725, 0.3149606299212597800 ) ;
#165 = AXIS2_PLACEMENT_3D ( 'NONE', #3142, #2021, #2788 ) ;
#166 = EDGE_CURVE ( 'NONE', #3465, #3998, #1514, .T. ) ;
#167 = ORIENTED_EDGE ( 'NONE', *, *, #3491, .T. ) ;
#168 = DIRECTION ( 'NONE',  ( -0.3826834323650903900, -0.9238795325112864100, 0.0000000000000000000 ) ) ;
#169 = CIRCLE ( 'NONE', #1918, 0.5748000000000000900 ) ;
#170 = DIRECTION ( 'NONE',  ( -1.000000000000000000, 0.0000000000000000000, 0.0000000000000000000 ) ) ;
#171 = CARTESIAN_POINT ( 'NONE',  ( 0.01378000000000000100, 0.6533546981540731000, -0.7874999999999999800 ) ) ;
#172 = B_SPLINE_CURVE_WITH_KNOTS ( 'NONE', 3,
 ( #3300, #692, #2572, #738 ),
 .UNSPECIFIED., .F., .F.,
 ( 4, 4 ),
 ( 2.019663912537981100E-007, 0.02763568366266930900 ),
 .UNSPECIFIED. ) ;
#173 = AXIS2_PLACEMENT_3D ( 'NONE', #3263, #639, #1010 ) ;
#174 = ORIENTED_EDGE ( 'NONE', *, *, #3482, .F. ) ;
#175 = CARTESIAN_POINT ( 'NONE',  ( -0.4741387965924522800, 0.2113100845158873700, -0.5093337319563667800 ) ) ;
#176 = CIRCLE ( 'NONE', #2782, 0.6534999999999999700 ) ;
#177 = VERTEX_POINT ( 'NONE', #4423 ) ;
#178 = LINE ( 'NONE', #2440, #1379 ) ;
#179 = PLANE ( 'NONE',  #729 ) ;
#180 = CARTESIAN_POINT ( 'NONE',  ( -0.1966893582170023100, 0.009193246255925158200, -0.3454411353036058200 ) ) ;
#181 = ORIENTED_EDGE ( 'NONE', *, *, #3207, .T. ) ;
#182 = CYLINDRICAL_SURFACE ( 'NONE', #3148, 0.6534999999999999700 ) ;
#183 = DIRECTION ( 'NONE',  ( 0.0000000000000000000, 0.0000000000000000000, 1.000000000000000000 ) ) ;
#184 = CARTESIAN_POINT ( 'NONE',  ( -0.01378000000000000100, 0.5746347984589864600, -0.7874999999999999800 ) ) ;
#185 = PLANE ( 'NONE',  #4255 ) ;
#186 = VERTEX_POINT ( 'NONE', #2589 ) ;
#187 = LINE ( 'NONE', #1094, #4494 ) ;
#188 = EDGE_CURVE ( 'NONE', #1471, #1708, #488, .T. ) ;
#189 = CARTESIAN_POINT ( 'NONE',  ( 0.2246810779077453300, -0.5784369808054762300, 0.2124999999999999900 ) ) ;
#190 = ORIENTED_EDGE ( 'NONE', *, *, #4588, .F. ) ;
#191 = DIRECTION ( 'NONE',  ( -0.0000000000000000000, -0.0000000000000000000, -1.000000000000000000 ) ) ;
#192 = LINE ( 'NONE', #4253, #2663 ) ;
#193 = EDGE_CURVE ( 'NONE', #1407, #4482, #2847, .T. ) ;
#194 = ORIENTED_EDGE ( 'NONE', *, *, #3853, .T. ) ;
#195 = CARTESIAN_POINT ( 'NONE',  ( 0.01378000000000000100, -0.6508600127911020600, 0.4292699999999997600 ) ) ;
#196 = DIRECTION ( 'NONE',  ( 1.000000000000000000, 0.0000000000000000000, -0.0000000000000000000 ) ) ;
#197 = VECTOR ( 'NONE', #3425, 39.37007874015748100 ) ;
#198 = ORIENTED_EDGE ( 'NONE', *, *, #3671, .F. ) ;
#199 = PRODUCT_DEFINITION_SHAPE ( 'NONE', 'NONE',  #3064 ) ;
#200 = AXIS2_PLACEMENT_3D ( 'NONE', #3880, #4222, #4599 ) ;
#201 = DIRECTION ( 'NONE',  ( -0.0000000000000000000, -0.0000000000000000000, -1.000000000000000000 ) ) ;
#202 = EDGE_CURVE ( 'NONE', #3410, #1416, #2431, .T. ) ;
#203 = CARTESIAN_POINT ( 'NONE',  ( -0.6508600127911021700, -0.01377999999999319400, 0.4292699999999997600 ) ) ;
#204 = ORIENTED_EDGE ( 'NONE', *, *, #4037, .T. ) ;
#205 = B_SPLINE_CURVE_WITH_KNOTS ( 'NONE', 3,
 ( #1605, #1257, #2360, #3472, #153, #3457, #120, #4529, #478, #2693 ),
 .UNSPECIFIED., .F., .F.,
 ( 4, 3, 3, 4 ),
 ( 0.06085565139990051900, 0.06207447280232166600, 0.08516543236077783700, 0.08849113309542748500 ),
 .UNSPECIFIED. ) ;
#206 = ORIENTED_EDGE ( 'NONE', *, *, #3213, .T. ) ;
#207 = CARTESIAN_POINT ( 'NONE',  ( 0.005273377697990991500, 0.01273105995800550900, -0.05818856301081960800 ) ) ;
#208 = CARTESIAN_POINT ( 'NONE',  ( 3.413668146703864000E-017, -1.456975914324026700E-017, 0.2124999999999999900 ) ) ;
#209 = VERTEX_POINT ( 'NONE', #344 ) ;
#210 = ADVANCED_FACE ( 'NONE', ( #604 ), #4016, .F. ) ;
#211 = CARTESIAN_POINT ( 'NONE',  ( 0.1866932777871355100, 0.06241552314328958200, -0.5119094488188979900 ) ) ;
#212 = CARTESIAN_POINT ( 'NONE',  ( 0.2854336669440850100, 0.1331458605261534000, -0.7875000000000003100 ) ) ;
#213 = ORIENTED_EDGE ( 'NONE', *, *, #4226, .F. ) ;
#214 = COORDINATED_UNIVERSAL_TIME_OFFSET ( 6, 0, .BEHIND. ) ;
#215 = CARTESIAN_POINT ( 'NONE',  ( -0.4522476061400884100, -0.4717354690295816900, -0.7874999999999999800 ) ) ;
#216 = PLANE ( 'NONE',  #1141 ) ;
#217 = CARTESIAN_POINT ( 'NONE',  ( -0.4380060164825163600, -0.1963433969480959100, -0.7874999999999999800 ) ) ;
#218 = ORIENTED_EDGE ( 'NONE', *, *, #3877, .T. ) ;
#219 =( BOUNDED_CURVE ( )  B_SPLINE_CURVE ( 3, ( #1802, #361, #1843, #2896 ),
 .UNSPECIFIED., .F., .F. ) 
 B_SPLINE_CURVE_WITH_KNOTS ( ( 4, 4 ),
 ( 6.213125608189635300, 6.353245006169537100 ),
 .UNSPECIFIED. ) 
 CURVE ( )  GEOMETRIC_REPRESENTATION_ITEM ( )  RATIONAL_B_SPLINE_CURVE ( ( 1.000000000000000000, 0.9983645486388806900, 0.9983645486388806900, 1.000000000000000000 ) ) 
 REPRESENTATION_ITEM ( '' )  );
#220 = LINE ( 'NONE', #4432, #1933 ) ;
#221 = CARTESIAN_POINT ( 'NONE',  ( 0.0000000000000000000, 0.0000000000000000000, -0.7875000000000003100 ) ) ;
#222 = AXIS2_PLACEMENT_3D ( 'NONE', #4329, #2877, #4346 ) ;
#223 = DIRECTION ( 'NONE',  ( 0.5000000000000018900, 0.5000000000000001100, -0.7071067811865460200 ) ) ;
#224 = EDGE_CURVE ( 'NONE', #2361, #2184, #371, .T. ) ;
#225 = ORIENTED_EDGE ( 'NONE', *, *, #122, .F. ) ;
#226 = CONICAL_SURFACE ( 'NONE', #3248, 0.4799999999999999800, 0.1396263401595466700 ) ;
#227 = DIRECTION ( 'NONE',  ( -0.0000000000000000000, 0.0000000000000000000, -1.000000000000000000 ) ) ;
#228 = CARTESIAN_POINT ( 'NONE',  ( 0.1708812770320894700, 0.4485527718784964000, -0.7874999999999999800 ) ) ;
#229 = ORIENTED_EDGE ( 'NONE', *, *, #3614, .T. ) ;
#230 = EDGE_CURVE ( 'NONE', #1393, #1049, #1728, .T. ) ;
#231 = ORIENTED_EDGE ( 'NONE', *, *, #3329, .T. ) ;
#232 = DIRECTION ( 'NONE',  ( -1.000000000000000000, 0.0000000000000000000, 0.0000000000000000000 ) ) ;
#233 = DIRECTION ( 'NONE',  ( -0.0000000000000000000, -0.0000000000000000000, -1.000000000000000000 ) ) ;
#234 = ADVANCED_FACE ( 'NONE', ( #1968 ), #1928, .T. ) ;
#235 = CARTESIAN_POINT ( 'NONE',  ( -6.674586716291127100E-015, 0.01378000000000000900, 0.4292699999999997600 ) ) ;
#236 = CARTESIAN_POINT ( 'NONE',  ( -0.3881974438801999400, 0.3687095809907078900, 0.7874999999999999800 ) ) ;
#237 = LINE ( 'NONE', #1371, #684 ) ;
#238 = ORIENTED_EDGE ( 'NONE', *, *, #3517, .T. ) ;
#239 = CARTESIAN_POINT ( 'NONE',  ( -0.005273377697990905600, 0.01273105995800554600, -0.05818856301081960800 ) ) ;
#240 = CARTESIAN_POINT ( 'NONE',  ( 0.4522476061400818600, -0.4717354690295879600, -0.7874999999999999800 ) ) ;
#241 = FACE_OUTER_BOUND ( 'NONE', #3364, .T. ) ;
#242 = VERTEX_POINT ( 'NONE', #1468 ) ;
#243 = CARTESIAN_POINT ( 'NONE',  ( 0.2854336669440841700, -0.1331458605261552400, -0.5119094488188979900 ) ) ;
#244 = LINE ( 'NONE', #4373, #2592 ) ;
#245 = DIRECTION ( 'NONE',  ( 1.000000000000000000, 0.0000000000000000000, 0.0000000000000000000 ) ) ;
#246 = ORIENTED_EDGE ( 'NONE', *, *, #1834, .F. ) ;
#247 = FACE_OUTER_BOUND ( 'NONE', #4015, .T. ) ;
#248 = CARTESIAN_POINT ( 'NONE',  ( 0.1837756819228174900, 0.07114244727588466000, 0.1388230640013659000 ) ) ;
#249 = DIRECTION ( 'NONE',  ( -1.000000000000000000, 0.0000000000000000000, 0.0000000000000000000 ) ) ;
#250 = CARTESIAN_POINT ( 'NONE',  ( -0.01378000000000000100, 0.5708485613397972200, 0.7257987199877860000 ) ) ;
#251 = ORIENTED_EDGE ( 'NONE', *, *, #128, .T. ) ;
#252 = EDGE_CURVE ( 'NONE', #1005, #853, #1403, .T. ) ;
#253 = FACE_OUTER_BOUND ( 'NONE', #2075, .T. ) ;
#254 = CARTESIAN_POINT ( 'NONE',  ( -0.5208148994374788300, -0.2008132303129484300, -0.2311669415155345700 ) ) ;
#255 = DIRECTION ( 'NONE',  ( -1.000000000000000000, 0.0000000000000000000, 0.0000000000000000000 ) ) ;
#256 = CARTESIAN_POINT ( 'NONE',  ( 0.01378000000000000100, 0.4993947684522555000, -0.6481465455388577500 ) ) ;
#257 = VERTEX_POINT ( 'NONE', #84 ) ;
#258 = VECTOR ( 'NONE', #1431, 39.37007874015748100 ) ;
#259 = ADVANCED_FACE ( 'NONE', ( #2488 ), #53, .F. ) ;
#260 = EDGE_CURVE ( 'NONE', #674, #1589, #4393, .T. ) ;
#261 = FACE_OUTER_BOUND ( 'NONE', #1239, .T. ) ;
#262 = CARTESIAN_POINT ( 'NONE',  ( 0.005273377697991084300, 0.01273105995800547500, -0.05818856301081960800 ) ) ;
#263 = ORIENTED_EDGE ( 'NONE', *, *, #1692, .T. ) ;
#264 = EDGE_LOOP ( 'NONE', ( #4141, #2966, #58, #335, #3191, #2041, #2992 ) ) ;
#265 = ORIENTED_EDGE ( 'NONE', *, *, #1241, .T. ) ;
#266 = DIRECTION ( 'NONE',  ( -0.0000000000000000000, -0.0000000000000000000, -1.000000000000000000 ) ) ;
#267 = DIRECTION ( 'NONE',  ( -0.0000000000000000000, -0.0000000000000000000, -1.000000000000000000 ) ) ;
#268 = AXIS2_PLACEMENT_3D ( 'NONE', #3066, #3403, #3084 ) ;
#269 = CARTESIAN_POINT ( 'NONE',  ( -2.321087464462225700E-015, -0.01378000000000000900, 0.4292699999999997600 ) ) ;
#270 = ORIENTED_EDGE ( 'NONE', *, *, #1264, .T. ) ;
#271 = VERTEX_POINT ( 'NONE', #408 ) ;
#272 = PLANE ( 'NONE',  #4024 ) ;
#273 = DIRECTION ( 'NONE',  ( -3.413668146703919400E-017, -8.241323937213450000E-017, 1.000000000000000000 ) ) ;
#274 = LOCAL_TIME ( 10, 25, 45.00000000000000000, #1417 ) ;
#275 = VERTEX_POINT ( 'NONE', #442 ) ;
#276 = EDGE_CURVE ( 'NONE', #1760, #3822, #2063, .T. ) ;
#277 = CARTESIAN_POINT ( 'NONE',  ( 0.5746347984589865700, 0.01377999999999800400, 0.5709999999999997300 ) ) ;
#278 = CARTESIAN_POINT ( 'NONE',  ( -0.01378000000000000100, -0.5598121074290577400, -0.2184087708608179700 ) ) ;
#279 = LINE ( 'NONE', #3186, #728 ) ;
#280 = ADVANCED_FACE ( 'NONE', ( #428 ), #3028, .F. ) ;
#281 = CARTESIAN_POINT ( 'NONE',  ( 0.5784369808054770100, 0.2246810779077433000, 0.2124999999999999900 ) ) ;
#282 = DIRECTION ( 'NONE',  ( 0.0000000000000000000, 0.0000000000000000000, -1.000000000000000000 ) ) ;
#283 = VERTEX_POINT ( 'NONE', #2275 ) ;
#284 = VECTOR ( 'NONE', #2245, 39.37007874015748900 ) ;
#285 = CARTESIAN_POINT ( 'NONE',  ( 0.01378000000000000100, -0.6464068730931255000, 0.3975914002637311900 ) ) ;
#286 = EDGE_CURVE ( 'NONE', #2108, #558, #1624, .T. ) ;
#287 = VERTEX_POINT ( 'NONE', #3730 ) ;
#288 = VECTOR ( 'NONE', #4764, 39.37007874015748100 ) ;
#289 = DIRECTION ( 'NONE',  ( 0.0000000000000000000, 1.000000000000000000, 0.0000000000000000000 ) ) ;
#290 = AXIS2_PLACEMENT_3D ( 'NONE', #3646, #1754, #2483 ) ;
#291 = ORIENTED_EDGE ( 'NONE', *, *, #1305, .F. ) ;
#292 = EDGE_CURVE ( 'NONE', #1068, #4513, #549, .T. ) ;
#293 = FACE_OUTER_BOUND ( 'NONE', #480, .T. ) ;
#294 = CARTESIAN_POINT ( 'NONE',  ( 0.4741387965924552300, 0.2113100845158810400, -0.5093337319563663300 ) ) ;
#295 = CARTESIAN_POINT ( 'NONE',  ( -0.01378000000000000100, 0.5886652489448935800, 0.6949477634693345100 ) ) ;
#296 = ORIENTED_EDGE ( 'NONE', *, *, #2270, .F. ) ;
#297 = CIRCLE ( 'NONE', #3635, 0.4799999999999999800 ) ;
#298 = EDGE_LOOP ( 'NONE', ( #3532, #3677, #2965, #951 ) ) ;
#299 = DIRECTION ( 'NONE',  ( -3.413668146703862100E-017, 8.241323937213473400E-017, 1.000000000000000000 ) ) ;
#300 = VECTOR ( 'NONE', #3032, 39.37007874015748900 ) ;
#301 = ADVANCED_FACE ( 'NONE', ( #2546 ), #3708, .F. ) ;
#302 = VERTEX_POINT ( 'NONE', #2658 ) ;
#303 =( BOUNDED_CURVE ( )  B_SPLINE_CURVE ( 3, ( #2199, #2596, #2231, #1165 ),
 .UNSPECIFIED., .F., .F. ) 
 B_SPLINE_CURVE_WITH_KNOTS ( ( 4, 4 ),
 ( 3.117645216900680500, 3.165540090278905300 ),
 .UNSPECIFIED. ) 
 CURVE ( )  GEOMETRIC_REPRESENTATION_ITEM ( )  RATIONAL_B_SPLINE_CURVE ( ( 1.000000000000000000, 0.9998088492273599100, 0.9998088492273599100, 1.000000000000000000 ) ) 
 REPRESENTATION_ITEM ( '' )  );
#304 = VECTOR ( 'NONE', #3827, 39.37007874015748100 ) ;
#305 = ORIENTED_EDGE ( 'NONE', *, *, #4060, .F. ) ;
#306 = DIRECTION ( 'NONE',  ( 0.0000000000000000000, 0.0000000000000000000, -1.000000000000000000 ) ) ;
#307 = CARTESIAN_POINT ( 'NONE',  ( 0.3157590042756640600, 0.3352468671651641100, 0.4292699999999997600 ) ) ;
#308 = CYLINDRICAL_SURFACE ( 'NONE', #2873, 0.5747999999999999800 ) ;
#309 = DIRECTION ( 'NONE',  ( 1.000000000000000000, -3.491481338843133000E-015, 0.0000000000000000000 ) ) ;
#310 = DIRECTION ( 'NONE',  ( 3.413668146703862100E-017, -8.241323937213473400E-017, -1.000000000000000000 ) ) ;
#311 = AXIS2_PLACEMENT_3D ( 'NONE', #548, #2011, #905 ) ;
#312 = EDGE_CURVE ( 'NONE', #2379, #380, #3419, .T. ) ;
#313 = ORIENTED_EDGE ( 'NONE', *, *, #1457, .T. ) ;
#314 = DIRECTION ( 'NONE',  ( -0.9238795325112876300, -0.3826834323650873900, 0.0000000000000000000 ) ) ;
#315 = DIRECTION ( 'NONE',  ( 0.3826834323650969400, 0.9238795325112838500, 0.0000000000000000000 ) ) ;
#316 = PLANE ( 'NONE',  #2711 ) ;
#317 = ORIENTED_EDGE ( 'NONE', *, *, #3170, .T. ) ;
#318 = AXIS2_PLACEMENT_3D ( 'NONE', #3535, #1318, #2756 ) ;
#319 = EDGE_CURVE ( 'NONE', #1268, #682, #1113, .T. ) ;
#320 = VERTEX_POINT ( 'NONE', #1223 ) ;
#321 = ORIENTED_EDGE ( 'NONE', *, *, #3862, .T. ) ;
#322 = ORIENTED_EDGE ( 'NONE', *, *, #3638, .T. ) ;
#323 = EDGE_CURVE ( 'NONE', #3546, #2817, #1233, .T. ) ;
#324 = ADVANCED_FACE ( 'NONE', ( #261 ), #4169, .F. ) ;
#325 = CARTESIAN_POINT ( 'NONE',  ( -0.07487050183052698600, 0.01609701275985547500, -0.7875000000000003100 ) ) ;
#326 = ORIENTED_EDGE ( 'NONE', *, *, #2964, .T. ) ;
#327 = DIRECTION ( 'NONE',  ( 0.5000000000000018900, 0.5000000000000001100, -0.7071067811865460200 ) ) ;
#328 = ORIENTED_EDGE ( 'NONE', *, *, #3394, .F. ) ;
#329 = VECTOR ( 'NONE', #2948, 39.37007874015748900 ) ;
#330 = CARTESIAN_POINT ( 'NONE',  ( -0.3433814958169206200, 0.3628693587064303900, -0.6481465455388577500 ) ) ;
#331 = ORIENTED_EDGE ( 'NONE', *, *, #1785, .F. ) ;
#332 = VECTOR ( 'NONE', #3630, 39.37007874015748100 ) ;
#333 = AXIS2_PLACEMENT_3D ( 'NONE', #774, #4039, #4753 ) ;
#334 = EDGE_CURVE ( 'NONE', #3781, #4622, #143, .T. ) ;
#335 = ORIENTED_EDGE ( 'NONE', *, *, #981, .T. ) ;
#336 = DIRECTION ( 'NONE',  ( -1.000000000000000000, 0.0000000000000000000, 0.0000000000000000000 ) ) ;
#337 = DIRECTION ( 'NONE',  ( 0.0000000000000000000, 0.0000000000000000000, 1.000000000000000000 ) ) ;
#338 = DIRECTION ( 'NONE',  ( -0.0000000000000000000, -0.0000000000000000000, -1.000000000000000000 ) ) ;
#339 = CARTESIAN_POINT ( 'NONE',  ( 0.6535000000000001900, 0.01377999999999771900, 0.7874999999999999800 ) ) ;
#340 = FACE_OUTER_BOUND ( 'NONE', #20, .T. ) ;
#341 = ORIENTED_EDGE ( 'NONE', *, *, #1967, .T. ) ;
#342 = CARTESIAN_POINT ( 'NONE',  ( 0.1761465223911537500, 0.08787764305930058400, 0.1381789218234976700 ) ) ;
#343 = AXIS2_PLACEMENT_3D ( 'NONE', #1490, #1824, #2193 ) ;
#344 = CARTESIAN_POINT ( 'NONE',  ( 0.01378000000000000100, -0.4993947684522555000, -0.6481465455388577500 ) ) ;
#345 = CARTESIAN_POINT ( 'NONE',  ( 0.0000000000000000000, 0.0000000000000000000, -0.5119094488188979900 ) ) ;
#346 = VECTOR ( 'NONE', #4251, 39.37007874015748900 ) ;
#347 = EDGE_CURVE ( 'NONE', #4273, #3410, #4484, .T. ) ;
#348 = ADVANCED_FACE ( 'NONE', ( #2963 ), #3070, .T. ) ;
#349 = ORIENTED_EDGE ( 'NONE', *, *, #2335, .F. ) ;
#350 = CARTESIAN_POINT ( 'NONE',  ( -0.1963433969481034300, -0.4380060164825130800, -0.7875000000000005300 ) ) ;
#351 = LINE ( 'NONE', #3428, #4147 ) ;
#352 = AXIS2_PLACEMENT_3D ( 'NONE', #3156, #4277, #2079 ) ;
#353 = EDGE_CURVE ( 'NONE', #1743, #552, #998, .T. ) ;
#354 = ORIENTED_EDGE ( 'NONE', *, *, #3266, .T. ) ;
#355 = FACE_OUTER_BOUND ( 'NONE', #1641, .T. ) ;
#356 = DIRECTION ( 'NONE',  ( -1.000000000000000000, 0.0000000000000000000, 0.0000000000000000000 ) ) ;
#357 = CARTESIAN_POINT ( 'NONE',  ( 0.0000000000000000000, 0.0000000000000000000, -0.7874999999999999800 ) ) ;
#358 = EDGE_LOOP ( 'NONE', ( #2886, #1249, #1932, #4052 ) ) ;
#359 = LINE ( 'NONE', #630, #3682 ) ;
#360 = DIRECTION ( 'NONE',  ( -1.000000000000000000, 0.0000000000000000000, 0.0000000000000000000 ) ) ;
#361 = CARTESIAN_POINT ( 'NONE',  ( 0.1360549596744125800, 0.1425615551914070600, -0.3457634040987869800 ) ) ;
#362 = DIRECTION ( 'NONE',  ( 0.0000000000000000000, 0.0000000000000000000, -1.000000000000000000 ) ) ;
#363 = ORIENTED_EDGE ( 'NONE', *, *, #1604, .F. ) ;
#364 =( BOUNDED_CURVE ( )  B_SPLINE_CURVE ( 3, ( #3794, #1972, #2327, #507 ),
 .UNSPECIFIED., .F., .F. ) 
 B_SPLINE_CURVE_WITH_KNOTS ( ( 4, 4 ),
 ( 3.117645216900681400, 3.141592653589796200 ),
 .UNSPECIFIED. ) 
 CURVE ( )  GEOMETRIC_REPRESENTATION_ITEM ( )  RATIONAL_B_SPLINE_CURVE ( ( 1.000000000000000000, 0.9999522105939694400, 0.9999522105939694400, 1.000000000000000000 ) ) 
 REPRESENTATION_ITEM ( '' )  );
#365 = CARTESIAN_POINT ( 'NONE',  ( -0.05686606417452898200, 0.1732956986809189000, -0.7875000000000003100 ) ) ;
#366 = LINE ( 'NONE', #3358, #485 ) ;
#367 = DIRECTION ( 'NONE',  ( 0.0000000000000000000, 0.0000000000000000000, -1.000000000000000000 ) ) ;
#368 = ORIENTED_EDGE ( 'NONE', *, *, #1594, .T. ) ;
#369 = EDGE_CURVE ( 'NONE', #1155, #1221, #4335, .T. ) ;
#370 = LINE ( 'NONE', #796, #1283 ) ;
#371 = CIRCLE ( 'NONE', #1979, 0.1968503937007875500 ) ;
#372 = EDGE_LOOP ( 'NONE', ( #2220, #532, #3841, #619 ) ) ;
#373 = CARTESIAN_POINT ( 'NONE',  ( 0.005273377697990903000, -0.01273105995800554600, -0.05818856301081960800 ) ) ;
#374 = CARTESIAN_POINT ( 'NONE',  ( 0.0000000000000000000, 0.5747999999999999800, 0.5709999999999998400 ) ) ;
#375 = ADVANCED_FACE ( 'NONE', ( #1853 ), #3814, .T. ) ;
#376 = CARTESIAN_POINT ( 'NONE',  ( -0.5746347984589863500, 0.01378000000000602000, 0.4292699999999999300 ) ) ;
#377 = CARTESIAN_POINT ( 'NONE',  ( 0.0000000000000000000, 0.0000000000000000000, -0.7874999999999999800 ) ) ;
#378 = AXIS2_PLACEMENT_3D ( 'NONE', #1720, #310, #2487 ) ;
#379 = EDGE_CURVE ( 'NONE', #3494, #898, #4045, .T. ) ;
#380 = VERTEX_POINT ( 'NONE', #1423 ) ;
#381 = CARTESIAN_POINT ( 'NONE',  ( -0.6464068730931253900, 0.01378000000000677100, 0.3975914002637311900 ) ) ;
#382 = CARTESIAN_POINT ( 'NONE',  ( 0.01378000000000000100, -1.141827091101859900E-016, -0.1487517770866043600 ) ) ;
#383 = ORIENTED_EDGE ( 'NONE', *, *, #624, .T. ) ;
#384 = VERTEX_POINT ( 'NONE', #3707 ) ;
#385 = EDGE_CURVE ( 'NONE', #3579, #3835, #2608, .T. ) ;
#386 = ORIENTED_EDGE ( 'NONE', *, *, #2035, .T. ) ;
#387 = DIRECTION ( 'NONE',  ( -0.0000000000000000000, -0.0000000000000000000, -1.000000000000000000 ) ) ;
#388 = CARTESIAN_POINT ( 'NONE',  ( 0.4380060164825150300, 0.1963433969480989600, -0.7874999999999999800 ) ) ;
#389 = PERSON_AND_ORGANIZATION ( #4238, #2394 ) ;
#390 = DIRECTION ( 'NONE',  ( -0.7071067811865389100, 0.7071067811865561200, 0.0000000000000000000 ) ) ;
#391 = VERTEX_POINT ( 'NONE', #711 ) ;
#392 = VECTOR ( 'NONE', #1716, 39.37007874015748100 ) ;
#393 = CARTESIAN_POINT ( 'NONE',  ( -0.01378000000000000100, -0.5352140900139535900, 0.7874999999999999800 ) ) ;
#394 = CARTESIAN_POINT ( 'NONE',  ( -0.09085696843694977800, -0.2553570007485758100, 0.2125000000000000200 ) ) ;
#395 = DIRECTION ( 'NONE',  ( -0.0000000000000000000, 0.0000000000000000000, -1.000000000000000000 ) ) ;
#396 = VERTEX_POINT ( 'NONE', #4333 ) ;
#397 = ADVANCED_FACE ( 'NONE', ( #4685 ), #316, .F. ) ;
#398 = VECTOR ( 'NONE', #40, 39.37007874015748100 ) ;
#399 = ORIENTED_EDGE ( 'NONE', *, *, #2624, .F. ) ;
#400 = LINE ( 'NONE', #403, #288 ) ;
#401 = EDGE_CURVE ( 'NONE', #1523, #1704, #1746, .T. ) ;
#402 = DIRECTION ( 'NONE',  ( 0.0000000000000000000, 1.000000000000000000, 0.0000000000000000000 ) ) ;
#403 = CARTESIAN_POINT ( 'NONE',  ( 0.01378000000000000100, 0.6534999999999999700, 0.7874999999999999800 ) ) ;
#404 = ORIENTED_EDGE ( 'NONE', *, *, #1762, .T. ) ;
#405 = FACE_OUTER_BOUND ( 'NONE', #4742, .T. ) ;
#406 = AXIS2_PLACEMENT_3D ( 'NONE', #2050, #4591, #3534 ) ;
#407 = ORIENTED_EDGE ( 'NONE', *, *, #2911, .F. ) ;
#408 = CARTESIAN_POINT ( 'NONE',  ( -0.4380060164825124200, 0.1963433969481049000, -0.7875000000000005300 ) ) ;
#409 = EDGE_CURVE ( 'NONE', #2831, #4056, #652, .T. ) ;
#410 = CARTESIAN_POINT ( 'NONE',  ( -0.01273105995800548200, -0.005273377697990927300, -0.5119094488188979900 ) ) ;
#411 = VECTOR ( 'NONE', #4584, 39.37007874015748100 ) ;
#412 = ORIENTED_EDGE ( 'NONE', *, *, #193, .T. ) ;
#413 = CARTESIAN_POINT ( 'NONE',  ( 0.1866932777871350700, -0.06241552314329078300, 0.1381789218234976700 ) ) ;
#414 = LINE ( 'NONE', #825, #3515 ) ;
#415 = AXIS2_PLACEMENT_3D ( 'NONE', #3704, #763, #356 ) ;
#416 = AXIS2_PLACEMENT_3D ( 'NONE', #2974, #822, #2605 ) ;
#417 = VERTEX_POINT ( 'NONE', #2216 ) ;
#418 = DIRECTION ( 'NONE',  ( -1.000000000000000000, 0.0000000000000000000, 0.0000000000000000000 ) ) ;
#419 = DIRECTION ( 'NONE',  ( -0.0000000000000000000, -0.0000000000000000000, -1.000000000000000000 ) ) ;
#420 = CIRCLE ( 'NONE', #2962, 0.5747999999999999800 ) ;
#421 = ADVANCED_FACE ( 'NONE', ( #24 ), #2961, .F. ) ;
#422 = CARTESIAN_POINT ( 'NONE',  ( 0.4995614282951929600, 0.0000000000000000000, -0.6483132053817951500 ) ) ;
#423 = ORIENTED_EDGE ( 'NONE', *, *, #1117, .F. ) ;
#424 = FACE_OUTER_BOUND ( 'NONE', #2478, .T. ) ;
#425 = CARTESIAN_POINT ( 'NONE',  ( -0.1425615551914056200, 0.1360549596744140600, -0.3457634040987869800 ) ) ;
#426 = DIRECTION ( 'NONE',  ( -1.000000000000000000, 0.0000000000000000000, -0.0000000000000000000 ) ) ;
#427 = DIRECTION ( 'NONE',  ( -0.7071067811865512400, -0.7071067811865438000, 0.0000000000000000000 ) ) ;
#428 = FACE_OUTER_BOUND ( 'NONE', #4687, .T. ) ;
#429 = EDGE_LOOP ( 'NONE', ( #3223, #349, #3146, #694, #3611, #2234, #2791, #1273, #2639, #2397, #1664, #2141, #72, #1168, #4085, #2451, #2376, #4382, #1467, #3992, #3667, #4023, #4391, #2434, #4469, #3477, #891, #1736, #755, #4010, #4133, #1404, #885, #4597, #1361, #3703 ) ) ;
#430 = CARTESIAN_POINT ( 'NONE',  ( 0.01378000000000000100, -0.5715419573863321800, 0.7245980812128045600 ) ) ;
#431 = CARTESIAN_POINT ( 'NONE',  ( -0.5352140900139533700, 0.01378000000000560700, 0.7874999999999999800 ) ) ;
#432 = VECTOR ( 'NONE', #4689, 39.37007874015748100 ) ;
#433 = ORIENTED_EDGE ( 'NONE', *, *, #2744, .F. ) ;
#434 = EDGE_CURVE ( 'NONE', #2437, #3989, #3585, .T. ) ;
#435 = ORIENTED_EDGE ( 'NONE', *, *, #603, .T. ) ;
#436 = ORIENTED_EDGE ( 'NONE', *, *, #4321, .T. ) ;
#437 = CARTESIAN_POINT ( 'NONE',  ( 0.01273105995800552900, 0.005273377697990949000, -0.05818856301081960800 ) ) ;
#438 = DIRECTION ( 'NONE',  ( -1.000000000000000000, 0.0000000000000000000, 0.0000000000000000000 ) ) ;
#439 = CARTESIAN_POINT ( 'NONE',  ( 0.0000000000000000000, 0.0000000000000000000, -0.7875000000000003100 ) ) ;
#440 = CARTESIAN_POINT ( 'NONE',  ( 0.6533546981540731000, 0.01377999999999771900, 0.5829299999999997300 ) ) ;
#441 = EDGE_CURVE ( 'NONE', #1760, #4628, #2316, .T. ) ;
#442 = CARTESIAN_POINT ( 'NONE',  ( -0.08787764305930120800, 0.1761465223911533900, 0.1381789218234976100 ) ) ;
#443 = B_SPLINE_CURVE_WITH_KNOTS ( 'NONE', 3,
 ( #3565, #3581, #671, #2920, #4323, #278, #1415, #2116, #993, #4307 ),
 .UNSPECIFIED., .F., .F.,
 ( 4, 3, 3, 4 ),
 ( 0.06085565139990052600, 0.06207447280232168000, 0.08516543236077785100, 0.08849113309542748500 ),
 .UNSPECIFIED. ) ;
#444 = PLANE ( 'NONE',  #37 ) ;
#445 = VERTEX_POINT ( 'NONE', #2626 ) ;
#446 = APPROVAL_DATE_TIME ( #4572, #1887 ) ;
#447 = AXIS2_PLACEMENT_3D ( 'NONE', #939, #3497, #4654 ) ;
#448 = EDGE_CURVE ( 'NONE', #3227, #644, #2846, .T. ) ;
#449 = DIRECTION ( 'NONE',  ( -1.000000000000000000, 0.0000000000000000000, 0.0000000000000000000 ) ) ;
#450 = ORIENTED_EDGE ( 'NONE', *, *, #2744, .T. ) ;
#451 = ORIENTED_EDGE ( 'NONE', *, *, #2576, .F. ) ;
#452 = PLANE ( 'NONE',  #744 ) ;
#453 = CARTESIAN_POINT ( 'NONE',  ( 0.4699714600924995700, -0.4504835972030031300, 0.4292699999999997600 ) ) ;
#454 = DIRECTION ( 'NONE',  ( 0.0000000000000000000, 0.0000000000000000000, -1.000000000000000000 ) ) ;
#455 = CARTESIAN_POINT ( 'NONE',  ( 0.6109222046738884700, 0.01377999999999786700, 0.6564081069484641900 ) ) ;
#456 = LINE ( 'NONE', #670, #332 ) ;
#457 = ORIENTED_EDGE ( 'NONE', *, *, #4198, .F. ) ;
#458 = DIRECTION ( 'NONE',  ( 0.0000000000000000000, 0.0000000000000000000, -1.000000000000000000 ) ) ;
#459 = PLANE ( 'NONE',  #2917 ) ;
#460 = DIRECTION ( 'NONE',  ( 0.0000000000000000000, 0.0000000000000000000, -1.000000000000000000 ) ) ;
#461 = CIRCLE ( 'NONE', #2689, 0.5747999999999999800 ) ;
#462 = CARTESIAN_POINT ( 'NONE',  ( -0.08232818409054001900, 0.1627489432849370000, -0.7875000000000003100 ) ) ;
#463 = DIRECTION ( 'NONE',  ( -0.0000000000000000000, -0.0000000000000000000, -1.000000000000000000 ) ) ;
#464 = ORIENTED_EDGE ( 'NONE', *, *, #1087, .T. ) ;
#465 = CARTESIAN_POINT ( 'NONE',  ( -0.3881974438802076600, -0.3687095809906998400, 0.7874999999999999800 ) ) ;
#466 = LINE ( 'NONE', #3060, #4424 ) ;
#467 = EDGE_LOOP ( 'NONE', ( #321, #4427, #231, #1583 ) ) ;
#468 = FACE_OUTER_BOUND ( 'NONE', #3363, .T. ) ;
#469 = EDGE_CURVE ( 'NONE', #2827, #2723, #4102, .T. ) ;
#470 = CARTESIAN_POINT ( 'NONE',  ( -0.009743931444750527200, 0.009743931444750723200, -0.1487517770866043600 ) ) ;
#471 = DIRECTION ( 'NONE',  ( 0.0000000000000000000, 0.0000000000000000000, -1.000000000000000000 ) ) ;
#472 = CARTESIAN_POINT ( 'NONE',  ( 0.5352140900139535900, 0.01377999999999813200, 0.7874999999999999800 ) ) ;
#473 = ORIENTED_EDGE ( 'NONE', *, *, #2528, .F. ) ;
#474 = VECTOR ( 'NONE', #3893, 39.37007874015748100 ) ;
#475 = AXIS2_PLACEMENT_3D ( 'NONE', #2007, #3522, #2052 ) ;
#476 = DIRECTION ( 'NONE',  ( 0.0000000000000000000, 0.0000000000000000000, 1.000000000000000000 ) ) ;
#477 = EDGE_CURVE ( 'NONE', #3330, #4581, #4221, .T. ) ;
#478 = CARTESIAN_POINT ( 'NONE',  ( 0.5054711574508074000, 0.01377999999999823600, -0.6049272416039612700 ) ) ;
#479 = CARTESIAN_POINT ( 'NONE',  ( 0.1802543378037905500, -0.07964372400582216100, 0.1388230640013659300 ) ) ;
#480 = EDGE_LOOP ( 'NONE', ( #2033, #4151, #4638, #3194 ) ) ;
#481 = CYLINDRICAL_SURFACE ( 'NONE', #3817, 0.3149606299212597800 ) ;
#482 = PLANE ( 'NONE',  #1060 ) ;
#483 = CARTESIAN_POINT ( 'NONE',  ( -0.3628693587064291700, -0.3433814958169217300, -0.6481465455388575300 ) ) ;
#484 = ORIENTED_EDGE ( 'NONE', *, *, #2027, .F. ) ;
#485 = VECTOR ( 'NONE', #516, 39.37007874015748900 ) ;
#486 = EDGE_LOOP ( 'NONE', ( #3937, #3533, #4322, #1913, #3206, #2444, #4613 ) ) ;
#487 = CARTESIAN_POINT ( 'NONE',  ( 0.5784369808054754500, -0.2246810779077473800, 0.2124999999999999100 ) ) ;
#488 = LINE ( 'NONE', #2924, #3469 ) ;
#489 = ORIENTED_EDGE ( 'NONE', *, *, #3982, .T. ) ;
#490 = ORIENTED_EDGE ( 'NONE', *, *, #1081, .T. ) ;
#491 = CARTESIAN_POINT ( 'NONE',  ( 0.08787764305930113900, 0.1761465223911534400, 0.1381789218234976100 ) ) ;
#492 = DIRECTION ( 'NONE',  ( -1.000000000000000000, 3.491481338843133000E-015, 0.0000000000000000000 ) ) ;
#493 = CARTESIAN_POINT ( 'NONE',  ( -0.01378000000000000100, 0.6533546981540731000, 0.5709999999999997300 ) ) ;
#494 = ORIENTED_EDGE ( 'NONE', *, *, #794, .T. ) ;
#495 = DIRECTION ( 'NONE',  ( 1.000000000000000000, 0.0000000000000000000, -8.241323937213484500E-017 ) ) ;
#496 = AXIS2_PLACEMENT_3D ( 'NONE', #2045, #3574, #1362 ) ;
#497 = EDGE_CURVE ( 'NONE', #3998, #1531, #4138, .T. ) ;
#498 = ORIENTED_EDGE ( 'NONE', *, *, #1752, .T. ) ;
#499 = DIRECTION ( 'NONE',  ( -1.000000000000000000, 0.0000000000000000000, -0.0000000000000000000 ) ) ;
#500 = DIRECTION ( 'NONE',  ( -0.7071067811865486800, -0.7071067811865462400, 0.0000000000000000000 ) ) ;
#501 = CARTESIAN_POINT ( 'NONE',  ( 0.1858479645998715700, -0.4846855519884363800, -0.5093337319563667800 ) ) ;
#502 = AXIS2_PLACEMENT_3D ( 'NONE', #3112, #4216, #3413 ) ;
#503 = EDGE_CURVE ( 'NONE', #3729, #1822, #1621, .T. ) ;
#504 = VERTEX_POINT ( 'NONE', #660 ) ;
#505 = CIRCLE ( 'NONE', #3461, 0.5353914554318778300 ) ;
#506 = DIRECTION ( 'NONE',  ( -0.4999999999999948400, 0.5000000000000069900, -0.7071067811865460200 ) ) ;
#507 = CARTESIAN_POINT ( 'NONE',  ( 0.4995614282951929600, 0.0000000000000000000, -0.6483132053817951500 ) ) ;
#508 = EDGE_LOOP ( 'NONE', ( #3008, #2218, #4773, #4661, #3433, #2494 ) ) ;
#509 = PRODUCT_RELATED_PRODUCT_CATEGORY ( 'detail', '', ( #3099 ) ) ;
#510 = LINE ( 'NONE', #1779, #4299 ) ;
#511 = EDGE_CURVE ( 'NONE', #1756, #3042, #994, .T. ) ;
#512 = CARTESIAN_POINT ( 'NONE',  ( 0.2412398945349481200, -0.5463957498597323800, 0.04700011390998477800 ) ) ;
#513 =( BOUNDED_CURVE ( )  B_SPLINE_CURVE ( 3, ( #4241, #593, #3539, #1707 ),
 .UNSPECIFIED., .F., .F. ) 
 B_SPLINE_CURVE_WITH_KNOTS ( ( 4, 4 ),
 ( 3.071532954599842700, 3.211652352579744000 ),
 .UNSPECIFIED. ) 
 CURVE ( )  GEOMETRIC_REPRESENTATION_ITEM ( )  RATIONAL_B_SPLINE_CURVE ( ( 1.000000000000000000, 0.9983645486388806900, 0.9983645486388806900, 1.000000000000000000 ) ) 
 REPRESENTATION_ITEM ( '' )  );
#514 = VERTEX_POINT ( 'NONE', #1011 ) ;
#515 = LINE ( 'NONE', #1726, #4304 ) ;
#516 = DIRECTION ( 'NONE',  ( -0.9238795325112876300, -0.3826834323650873900, 0.0000000000000000000 ) ) ;
#517 = PLANE ( 'NONE',  #4130 ) ;
#518 = VERTEX_POINT ( 'NONE', #3234 ) ;
#519 = VERTEX_POINT ( 'NONE', #4680 ) ;
#520 = VECTOR ( 'NONE', #3295, 39.37007874015748100 ) ;
#521 = ORIENTED_EDGE ( 'NONE', *, *, #1208, .T. ) ;
#522 = CARTESIAN_POINT ( 'NONE',  ( -0.06241552314329022000, 0.1866932777871352600, -0.7874999999999999800 ) ) ;
#523 = CARTESIAN_POINT ( 'NONE',  ( -0.1076837406101433700, 0.2959804223400665000, -0.7875000000000003100 ) ) ;
#524 = ADVANCED_FACE ( 'NONE', ( #77 ), #2904, .T. ) ;
#525 = CARTESIAN_POINT ( 'NONE',  ( -0.3433814958169206200, 0.3628693587064303900, -0.6481465455388577500 ) ) ;
#526 = VECTOR ( 'NONE', #1126, 39.37007874015748100 ) ;
#527 = EDGE_CURVE ( 'NONE', #2777, #1935, #880, .T. ) ;
#528 = CARTESIAN_POINT ( 'NONE',  ( 0.0000000000000000000, 0.6510058714408292200, 0.4292699999999997600 ) ) ;
#529 = ORIENTED_EDGE ( 'NONE', *, *, #91, .F. ) ;
#530 = DIRECTION ( 'NONE',  ( 0.0000000000000000000, 0.0000000000000000000, -1.000000000000000000 ) ) ;
#531 = AXIS2_PLACEMENT_3D ( 'NONE', #3618, #3268, #807 ) ;
#532 = ORIENTED_EDGE ( 'NONE', *, *, #4315, .T. ) ;
#533 = EDGE_CURVE ( 'NONE', #1221, #2029, #443, .T. ) ;
#534 = CARTESIAN_POINT ( 'NONE',  ( -0.01273105995800549400, 0.005273377697991038300, -0.05818856301081960800 ) ) ;
#535 = DIRECTION ( 'NONE',  ( 0.3826834323650905000, 0.9238795325112865200, -8.920344749722869000E-017 ) ) ;
#536 = LINE ( 'NONE', #3189, #2129 ) ;
#537 = CARTESIAN_POINT ( 'NONE',  ( -0.01273105995800552900, -0.005273377697990949000, -0.05818856301081960800 ) ) ;
#538 = ORIENTED_EDGE ( 'NONE', *, *, #2528, .T. ) ;
#539 = VECTOR ( 'NONE', #681, 39.37007874015748100 ) ;
#540 = CARTESIAN_POINT ( 'NONE',  ( 0.0000000000000000000, 0.0000000000000000000, 0.5709999999999997300 ) ) ;
#541 = CARTESIAN_POINT ( 'NONE',  ( 0.01378000000000000100, 0.5530315448433909000, 0.7566494865727984000 ) ) ;
#542 = EDGE_CURVE ( 'NONE', #2568, #1296, #4681, .T. ) ;
#543 = DIRECTION ( 'NONE',  ( -0.2705980500730977300, 0.6532814824381848500, 0.7071067811865510100 ) ) ;
#544 = DIRECTION ( 'NONE',  ( -0.0000000000000000000, -0.0000000000000000000, -1.000000000000000000 ) ) ;
#545 = VERTEX_POINT ( 'NONE', #2857 ) ;
#546 = B_SPLINE_CURVE_WITH_KNOTS ( 'NONE', 3,
 ( #2455, #2083, #250, #295, #1013, #2502, #1769 ),
 .UNSPECIFIED., .F., .F.,
 ( 4, 3, 4 ),
 ( 0.01722688658365285900, 0.01994159200146799700, 0.02322720776416870700 ),
 .UNSPECIFIED. ) ;
#547 = FACE_OUTER_BOUND ( 'NONE', #1547, .T. ) ;
#548 = CARTESIAN_POINT ( 'NONE',  ( -0.009743931444750608700, 0.009743931444750643400, 0.0000000000000000000 ) ) ;
#549 = CIRCLE ( 'NONE', #2727, 0.6534999999999999700 ) ;
#550 = VERTEX_POINT ( 'NONE', #2130 ) ;
#551 = DIRECTION ( 'NONE',  ( -0.0000000000000000000, -0.0000000000000000000, -1.000000000000000000 ) ) ;
#552 = VERTEX_POINT ( 'NONE', #2516 ) ;
#553 =( LENGTH_UNIT ( ) NAMED_UNIT ( * ) SI_UNIT ( $, .METRE. ) );
#554 = CARTESIAN_POINT ( 'NONE',  ( -5.876372582153323600E-015, 0.01378000000000000900, 0.5709999999999998400 ) ) ;
#555 = ORIENTED_EDGE ( 'NONE', *, *, #4686, .T. ) ;
#556 = PLANE ( 'NONE',  #4467 ) ;
#557 = VERTEX_POINT ( 'NONE', #640 ) ;
#558 = VERTEX_POINT ( 'NONE', #4702 ) ;
#559 = VERTEX_POINT ( 'NONE', #4745 ) ;
#560 = CARTESIAN_POINT ( 'NONE',  ( 0.2959804223400661600, -0.1076837406101441900, -0.5119094488188979900 ) ) ;
#561 = PLANE ( 'NONE',  #4402 ) ;
#562 = DIRECTION ( 'NONE',  ( -0.7071067811865486800, -0.7071067811865462400, 0.0000000000000000000 ) ) ;
#563 = ORIENTED_EDGE ( 'NONE', *, *, #434, .T. ) ;
#564 = CARTESIAN_POINT ( 'NONE',  ( 0.009743931444750690200, -0.009743931444750561800, -0.1487517770866043600 ) ) ;
#565 = EDGE_CURVE ( 'NONE', #1815, #559, #1399, .T. ) ;
#566 = EDGE_LOOP ( 'NONE', ( #4522, #3871, #313, #148 ) ) ;
#567 = PLANE ( 'NONE',  #813 ) ;
#568 = CARTESIAN_POINT ( 'NONE',  ( 0.01378000000000000100, 0.6018096145771062400, 0.08033803903025535400 ) ) ;
#569 = CARTESIAN_POINT ( 'NONE',  ( -0.5352140900139537000, -0.01377999999999439400, 0.7874999999999999800 ) ) ;
#570 = VECTOR ( 'NONE', #2616, 39.37007874015748100 ) ;
#571 = AXIS2_PLACEMENT_3D ( 'NONE', #2375, #2424, #3874 ) ;
#572 = EDGE_CURVE ( 'NONE', #705, #3267, #1846, .T. ) ;
#573 = ORIENTED_EDGE ( 'NONE', *, *, #1722, .F. ) ;
#574 = FACE_OUTER_BOUND ( 'NONE', #2931, .T. ) ;
#575 = CARTESIAN_POINT ( 'NONE',  ( -0.6508600127911018400, 0.01378000000000682700, 0.4292699999999997600 ) ) ;
#576 = DIRECTION ( 'NONE',  ( -0.0000000000000000000, -0.0000000000000000000, -1.000000000000000000 ) ) ;
#577 = ORIENTED_EDGE ( 'NONE', *, *, #3735, .T. ) ;
#578 = EDGE_CURVE ( 'NONE', #3712, #898, #650, .T. ) ;
#579 = VECTOR ( 'NONE', #4434, 39.37007874015748100 ) ;
#580 = ORIENTED_EDGE ( 'NONE', *, *, #157, .F. ) ;
#581 = CARTESIAN_POINT ( 'NONE',  ( -0.2501431978237563800, 0.5678902254094943000, 0.2124999999999999900 ) ) ;
#582 = DIRECTION ( 'NONE',  ( 0.0000000000000000000, 0.0000000000000000000, 1.000000000000000000 ) ) ;
#583 = EDGE_LOOP ( 'NONE', ( #4003, #856, #2959, #1851, #4283, #2704, #3036, #4398, #4240 ) ) ;
#584 = VECTOR ( 'NONE', #963, 39.37007874015748900 ) ;
#585 = CARTESIAN_POINT ( 'NONE',  ( 0.0000000000000000000, 0.0000000000000000000, -0.5119094488188979900 ) ) ;
#586 = CARTESIAN_POINT ( 'NONE',  ( -0.2501431978237602700, -0.5678902254094925200, 0.2124999999999999900 ) ) ;
#587 = DIRECTION ( 'NONE',  ( 0.0000000000000000000, 0.0000000000000000000, -1.000000000000000000 ) ) ;
#588 = ORIENTED_EDGE ( 'NONE', *, *, #4614, .T. ) ;
#589 = AXIS2_PLACEMENT_3D ( 'NONE', #4062, #1872, #4433 ) ;
#590 = EDGE_CURVE ( 'NONE', #1462, #1756, #3932, .T. ) ;
#591 = DIRECTION ( 'NONE',  ( -0.0000000000000000000, -0.0000000000000000000, -1.000000000000000000 ) ) ;
#592 = ORIENTED_EDGE ( 'NONE', *, *, #3818, .F. ) ;
#593 = CARTESIAN_POINT ( 'NONE',  ( 0.07114244727588529800, -0.1837756819228172100, 0.1388230640013659000 ) ) ;
#594 = VECTOR ( 'NONE', #2445, 39.37007874015748100 ) ;
#595 = ADVANCED_FACE ( 'NONE', ( #3985 ), #4012, .F. ) ;
#596 = AXIS2_PLACEMENT_3D ( 'NONE', #2950, #1839, #3691 ) ;
#597 = EDGE_CURVE ( 'NONE', #2860, #3006, #3468, .T. ) ;
#598 = ORIENTED_EDGE ( 'NONE', *, *, #2364, .F. ) ;
#599 = VECTOR ( 'NONE', #4623, 39.37007874015748100 ) ;
#600 = ORIENTED_EDGE ( 'NONE', *, *, #477, .F. ) ;
#601 = AXIS2_PLACEMENT_3D ( 'NONE', #3923, #1299, #1684 ) ;
#602 = DIRECTION ( 'NONE',  ( -1.000000000000000000, 0.0000000000000000000, -0.0000000000000000000 ) ) ;
#603 = EDGE_CURVE ( 'NONE', #4455, #848, #1345, .T. ) ;
#604 = FACE_OUTER_BOUND ( 'NONE', #1354, .T. ) ;
#605 = ORIENTED_EDGE ( 'NONE', *, *, #4163, .T. ) ;
#606 = CARTESIAN_POINT ( 'NONE',  ( -0.4485527718784980100, -0.1708812770320849200, -0.7875000000000005300 ) ) ;
#607 = ORIENTED_EDGE ( 'NONE', *, *, #2407, .F. ) ;
#608 = VERTEX_POINT ( 'NONE', #388 ) ;
#609 = DIRECTION ( 'NONE',  ( -0.9238795325112864100, -0.3826834323650907300, 1.177569344012825500E-016 ) ) ;
#610 = VERTEX_POINT ( 'NONE', #3280 ) ;
#611 = CARTESIAN_POINT ( 'NONE',  ( -0.1802543378037900200, 0.07964372400582339600, 0.1388230640013659300 ) ) ;
#612 = ADVANCED_FACE ( 'NONE', ( #424 ), #2236, .T. ) ;
#613 = DIRECTION ( 'NONE',  ( -0.0000000000000000000, -0.0000000000000000000, -1.000000000000000000 ) ) ;
#614 = EDGE_LOOP ( 'NONE', ( #4164, #2156, #2036, #246 ) ) ;
#615 = CONICAL_SURFACE ( 'NONE', #3130, 0.6534999999999999700, 0.5235987755982998100 ) ;
#616 = AXIS2_PLACEMENT_3D ( 'NONE', #4517, #4493, #110 ) ;
#617 = DIRECTION ( 'NONE',  ( -0.0000000000000000000, -0.0000000000000000000, -1.000000000000000000 ) ) ;
#618 = EDGE_CURVE ( 'NONE', #1531, #384, #3870, .T. ) ;
#619 = ORIENTED_EDGE ( 'NONE', *, *, #4037, .F. ) ;
#620 = VECTOR ( 'NONE', #1808, 39.37007874015748100 ) ;
#621 = ORIENTED_EDGE ( 'NONE', *, *, #1133, .T. ) ;
#622 = AXIS2_PLACEMENT_3D ( 'NONE', #2212, #1862, #1438 ) ;
#623 = LINE ( 'NONE', #2491, #3960 ) ;
#624 = EDGE_CURVE ( 'NONE', #3513, #4674, #21, .T. ) ;
#625 = VERTEX_POINT ( 'NONE', #2175 ) ;
#626 = CARTESIAN_POINT ( 'NONE',  ( -0.1866932777871359300, -0.06241552314328827800, -0.7874999999999999800 ) ) ;
#627 = CARTESIAN_POINT ( 'NONE',  ( 0.0000000000000000000, 0.1968503937007876600, -0.7875000000000003100 ) ) ;
#628 = CIRCLE ( 'NONE', #3919, 0.6534999999999999700 ) ;
#629 = ORIENTED_EDGE ( 'NONE', *, *, #1545, .F. ) ;
#630 = CARTESIAN_POINT ( 'NONE',  ( 0.6534999999999999700, -0.01378000000000228300, 0.7874999999999999800 ) ) ;
#631 = CARTESIAN_POINT ( 'NONE',  ( -0.01378000000000000100, 0.6018096145771062400, 0.08033803903025535400 ) ) ;
#632 = CYLINDRICAL_SURFACE ( 'NONE', #2490, 0.3149606299212597800 ) ;
#633 = ADVANCED_FACE ( 'NONE', ( #4168 ), #308, .T. ) ;
#634 = ORIENTED_EDGE ( 'NONE', *, *, #1072, .F. ) ;
#635 = DIRECTION ( 'NONE',  ( 0.3826834323650969400, 0.9238795325112838500, 0.0000000000000000000 ) ) ;
#636 = CIRCLE ( 'NONE', #98, 0.6510058714408292200 ) ;
#637 = ORIENTED_EDGE ( 'NONE', *, *, #981, .F. ) ;
#638 = LINE ( 'NONE', #171, #4545 ) ;
#639 = DIRECTION ( 'NONE',  ( 3.413668146703862100E-017, -8.241323937213473400E-017, 1.000000000000000000 ) ) ;
#640 = CARTESIAN_POINT ( 'NONE',  ( 0.2959804223400668300, 0.1076837406101423300, -0.7875000000000003100 ) ) ;
#641 = DIRECTION ( 'NONE',  ( -0.0000000000000000000, -0.0000000000000000000, -1.000000000000000000 ) ) ;
#642 = CARTESIAN_POINT ( 'NONE',  ( 0.0000000000000000000, 0.0000000000000000000, 0.7874999999999999800 ) ) ;
#643 = ORIENTED_EDGE ( 'NONE', *, *, #4520, .F. ) ;
#644 = VERTEX_POINT ( 'NONE', #4778 ) ;
#645 = EDGE_CURVE ( 'NONE', #1049, #1901, #4448, .T. ) ;
#646 = VECTOR ( 'NONE', #927, 39.37007874015748100 ) ;
#647 = DIRECTION ( 'NONE',  ( -1.000000000000000000, 0.0000000000000000000, 0.0000000000000000000 ) ) ;
#648 = CARTESIAN_POINT ( 'NONE',  ( 0.01378000000000000100, -0.5054711574508072800, -0.6049272416039612700 ) ) ;
#649 = ORIENTED_EDGE ( 'NONE', *, *, #3476, .T. ) ;
#650 = LINE ( 'NONE', #2146, #1852 ) ;
#651 = EDGE_CURVE ( 'NONE', #2208, #558, #2485, .T. ) ;
#652 = CIRCLE ( 'NONE', #333, 0.6534999999999999700 ) ;
#653 =( BOUNDED_CURVE ( )  B_SPLINE_CURVE ( 3, ( #3174, #3257, #2151, #2908 ),
 .UNSPECIFIED., .F., .F. ) 
 B_SPLINE_CURVE_WITH_KNOTS ( ( 4, 4 ),
 ( 3.071532954599842700, 3.211652352579744000 ),
 .UNSPECIFIED. ) 
 CURVE ( )  GEOMETRIC_REPRESENTATION_ITEM ( )  RATIONAL_B_SPLINE_CURVE ( ( 1.000000000000000000, 0.9983645486388806900, 0.9983645486388806900, 1.000000000000000000 ) ) 
 REPRESENTATION_ITEM ( '' )  );
#654 = VERTEX_POINT ( 'NONE', #1122 ) ;
#655 = DIRECTION ( 'NONE',  ( 1.000000000000000000, -3.491481338843133000E-015, 0.0000000000000000000 ) ) ;
#656 = ORIENTED_EDGE ( 'NONE', *, *, #3643, .F. ) ;
#657 = AXIS2_PLACEMENT_3D ( 'NONE', #1836, #1104, #418 ) ;
#658 = ORIENTED_EDGE ( 'NONE', *, *, #2803, .T. ) ;
#659 = DIRECTION ( 'NONE',  ( -0.0000000000000000000, -0.0000000000000000000, -1.000000000000000000 ) ) ;
#660 = CARTESIAN_POINT ( 'NONE',  ( 0.4160720941408629400, -0.3965842312513659400, 0.4292699999999999300 ) ) ;
#661 = ADVANCED_FACE ( 'NONE', ( #3244 ), #2968, .T. ) ;
#662 = DIRECTION ( 'NONE',  ( 0.2705980500730977300, 0.6532814824381848500, 0.7071067811865509000 ) ) ;
#663 = CARTESIAN_POINT ( 'NONE',  ( -0.01378000000000000100, -0.4993947684522553900, -0.6481465455388575300 ) ) ;
#664 = ORIENTED_EDGE ( 'NONE', *, *, #758, .F. ) ;
#665 = DIRECTION ( 'NONE',  ( 0.7071067811865561200, 0.7071067811865389100, 0.0000000000000000000 ) ) ;
#666 = CARTESIAN_POINT ( 'NONE',  ( 0.01378000000000000100, 0.5746347984589864600, 0.5709999999999997300 ) ) ;
#667 = VERTEX_POINT ( 'NONE', #4761 ) ;
#668 = DIRECTION ( 'NONE',  ( -1.000000000000000000, 0.0000000000000000000, 0.0000000000000000000 ) ) ;
#669 = ORIENTED_EDGE ( 'NONE', *, *, #3982, .F. ) ;
#670 = CARTESIAN_POINT ( 'NONE',  ( 0.5746347984589865700, 0.01377999999999799500, -0.7874999999999999800 ) ) ;
#671 = CARTESIAN_POINT ( 'NONE',  ( -0.01378000000000000100, -0.6464068730931255000, 0.3975914002637311300 ) ) ;
#672 = FACE_OUTER_BOUND ( 'NONE', #1099, .T. ) ;
#673 = CARTESIAN_POINT ( 'NONE',  ( 0.01378000000000000100, -0.4993947684522555000, -0.6481465455388577500 ) ) ;
#674 = VERTEX_POINT ( 'NONE', #3659 ) ;
#675 = FACE_OUTER_BOUND ( 'NONE', #2512, .T. ) ;
#676 = DIRECTION ( 'NONE',  ( -0.0000000000000000000, -0.0000000000000000000, -1.000000000000000000 ) ) ;
#677 = EDGE_CURVE ( 'NONE', #2078, #610, #3017, .T. ) ;
#678 = EDGE_LOOP ( 'NONE', ( #3894, #1063, #2514, #3243, #4050, #3144, #2103 ) ) ;
#679 = ADVANCED_FACE ( 'NONE', ( #547 ), #3582, .T. ) ;
#680 = FACE_OUTER_BOUND ( 'NONE', #83, .T. ) ;
#681 = DIRECTION ( 'NONE',  ( -0.0000000000000000000, -0.0000000000000000000, -1.000000000000000000 ) ) ;
#682 = VERTEX_POINT ( 'NONE', #1474 ) ;
#683 = EDGE_CURVE ( 'NONE', #3085, #186, #1744, .T. ) ;
#684 = VECTOR ( 'NONE', #662, 39.37007874015748900 ) ;
#685 = CARTESIAN_POINT ( 'NONE',  ( 0.6109222046738883600, -0.01378000000000213600, 0.6564081069484641900 ) ) ;
#686 = DIRECTION ( 'NONE',  ( -0.0000000000000000000, -0.0000000000000000000, -1.000000000000000000 ) ) ;
#687 = DIRECTION ( 'NONE',  ( -1.000000000000000000, 0.0000000000000000000, 0.0000000000000000000 ) ) ;
#688 = ORIENTED_EDGE ( 'NONE', *, *, #3423, .T. ) ;
#689 = CIRCLE ( 'NONE', #3727, 0.1968503937007874400 ) ;
#690 = ORIENTED_EDGE ( 'NONE', *, *, #842, .T. ) ;
#691 = CARTESIAN_POINT ( 'NONE',  ( -0.5115474638116270800, 0.01378000000000535700, -0.5617079260506034900 ) ) ;
#692 = CARTESIAN_POINT ( 'NONE',  ( -0.4147852751271683400, 0.4342731380166799400, 0.07013067864948399600 ) ) ;
#693 = LINE ( 'NONE', #1578, #3406 ) ;
#694 = ORIENTED_EDGE ( 'NONE', *, *, #385, .F. ) ;
#695 = CARTESIAN_POINT ( 'NONE',  ( 0.0000000000000000000, 0.0000000000000000000, -0.7874999999999999800 ) ) ;
#696 = CYLINDRICAL_SURFACE ( 'NONE', #616, 0.5747999999999999800 ) ;
#697 = EDGE_LOOP ( 'NONE', ( #1610, #2056, #4693, #1792 ) ) ;
#698 = CARTESIAN_POINT ( 'NONE',  ( 0.1163190883529590500, 0.2448102453525945700, 0.2125000000000000200 ) ) ;
#699 = FACE_OUTER_BOUND ( 'NONE', #3129, .T. ) ;
#700 = ADVANCED_FACE ( 'NONE', ( #4738 ), #3687, .T. ) ;
#701 = CARTESIAN_POINT ( 'NONE',  ( 0.01378000000000000100, -0.1963674848343153200, -0.7874999999999999800 ) ) ;
#702 = CARTESIAN_POINT ( 'NONE',  ( -0.06241552314329144200, -0.1866932777871348500, -0.5119094488188979900 ) ) ;
#703 = AXIS2_PLACEMENT_3D ( 'NONE', #3133, #889, #2025 ) ;
#704 = EDGE_CURVE ( 'NONE', #519, #1883, #2726, .T. ) ;
#705 = VERTEX_POINT ( 'NONE', #3722 ) ;
#706 = CARTESIAN_POINT ( 'NONE',  ( 0.5784369808054770100, 0.2246810779077433000, 0.2124999999999999900 ) ) ;
#707 = CARTESIAN_POINT ( 'NONE',  ( -0.4993947684522552200, 0.01378000000000523300, -0.6481465455388575300 ) ) ;
#708 = DIRECTION ( 'NONE',  ( -1.000000000000000000, 0.0000000000000000000, 0.0000000000000000000 ) ) ;
#709 = ORIENTED_EDGE ( 'NONE', *, *, #379, .F. ) ;
#710 =( BOUNDED_CURVE ( )  B_SPLINE_CURVE ( 3, ( #3391, #2669, #1169, #1187 ),
 .UNSPECIFIED., .F., .F. ) 
 B_SPLINE_CURVE_WITH_KNOTS ( ( 4, 4 ),
 ( 3.071532954599842700, 3.211652352579744000 ),
 .UNSPECIFIED. ) 
 CURVE ( )  GEOMETRIC_REPRESENTATION_ITEM ( )  RATIONAL_B_SPLINE_CURVE ( ( 1.000000000000000000, 0.9983645486388806900, 0.9983645486388806900, 1.000000000000000000 ) ) 
 REPRESENTATION_ITEM ( '' )  );
#711 = CARTESIAN_POINT ( 'NONE',  ( -0.1331458605261544000, 0.2854336669440845600, -0.5119094488188979900 ) ) ;
#712 = EDGE_LOOP ( 'NONE', ( #2942, #2926, #751, #167, #3758, #731, #3306 ) ) ;
#713 = AXIS2_PLACEMENT_3D ( 'NONE', #1874, #471, #4465 ) ;
#714 = EDGE_CURVE ( 'NONE', #3914, #3237, #4334, .T. ) ;
#715 = DIRECTION ( 'NONE',  ( -1.000000000000000000, 0.0000000000000000000, 0.0000000000000000000 ) ) ;
#716 = VERTEX_POINT ( 'NONE', #114 ) ;
#717 = CARTESIAN_POINT ( 'NONE',  ( 0.01378000000000000100, 0.5747999999999999800, 0.5709999999999998400 ) ) ;
#718 = ORIENTED_EDGE ( 'NONE', *, *, #4104, .F. ) ;
#719 = DIRECTION ( 'NONE',  ( -0.0000000000000000000, -0.0000000000000000000, -1.000000000000000000 ) ) ;
#720 = DIRECTION ( 'NONE',  ( 0.7071067811865438000, -0.7071067811865512400, 0.0000000000000000000 ) ) ;
#721 = CARTESIAN_POINT ( 'NONE',  ( 0.0000000000000000000, 0.0000000000000000000, 0.5829299999999997300 ) ) ;
#722 = DIRECTION ( 'NONE',  ( 0.3826834323650906700, -0.9238795325112862900, 0.0000000000000000000 ) ) ;
#723 = EDGE_LOOP ( 'NONE', ( #3644, #2987, #3748, #2319, #2438, #1520, #1541 ) ) ;
#724 = VECTOR ( 'NONE', #816, 39.37007874015748100 ) ;
#725 = ADVANCED_FACE ( 'NONE', ( #3353 ), #2139, .F. ) ;
#726 = DIRECTION ( 'NONE',  ( -1.000000000000000000, 0.0000000000000000000, 0.0000000000000000000 ) ) ;
#727 = EDGE_LOOP ( 'NONE', ( #2598, #3479, #4733, #4196 ) ) ;
#728 = VECTOR ( 'NONE', #266, 39.37007874015748100 ) ;
#729 = AXIS2_PLACEMENT_3D ( 'NONE', #2385, #2715, #3437 ) ;
#730 = EDGE_CURVE ( 'NONE', #4273, #283, #370, .T. ) ;
#731 = ORIENTED_EDGE ( 'NONE', *, *, #2557, .F. ) ;
#732 = CARTESIAN_POINT ( 'NONE',  ( 0.5352140900139535900, -0.01378000000000187100, 0.7874999999999999800 ) ) ;
#733 = DIRECTION ( 'NONE',  ( -1.000000000000000000, 0.0000000000000000000, 0.0000000000000000000 ) ) ;
#734 = DIRECTION ( 'NONE',  ( 0.3826834323650906700, -0.9238795325112862900, 0.0000000000000000000 ) ) ;
#735 = VECTOR ( 'NONE', #327, 39.37007874015748900 ) ;
#736 = ORIENTED_EDGE ( 'NONE', *, *, #805, .T. ) ;
#737 = CARTESIAN_POINT ( 'NONE',  ( 0.0000000000000000000, 0.0000000000000000000, 0.4292699999999999300 ) ) ;
#738 = CARTESIAN_POINT ( 'NONE',  ( -0.3433814958169206200, 0.3628693587064303900, -0.6481465455388577500 ) ) ;
#739 = CIRCLE ( 'NONE', #3427, 0.1968503937007875500 ) ;
#740 = EDGE_CURVE ( 'NONE', #396, #3975, #1180, .T. ) ;
#741 = ORIENTED_EDGE ( 'NONE', *, *, #2852, .F. ) ;
#742 = DIRECTION ( 'NONE',  ( -0.7071067811865438000, 0.7071067811865512400, 0.0000000000000000000 ) ) ;
#743 = FACE_OUTER_BOUND ( 'NONE', #4295, .T. ) ;
#744 = AXIS2_PLACEMENT_3D ( 'NONE', #1217, #2700, #499 ) ;
#745 = AXIS2_PLACEMENT_3D ( 'NONE', #2679, #827, #1562 ) ;
#746 = ORIENTED_EDGE ( 'NONE', *, *, #714, .T. ) ;
#747 = LINE ( 'NONE', #2032, #411 ) ;
#748 = DIRECTION ( 'NONE',  ( -0.0000000000000000000, 0.0000000000000000000, -1.000000000000000000 ) ) ;
#749 = ADVANCED_FACE ( 'NONE', ( #3752 ), #1170, .T. ) ;
#750 = DIRECTION ( 'NONE',  ( -0.0000000000000000000, -0.0000000000000000000, -1.000000000000000000 ) ) ;
#751 = ORIENTED_EDGE ( 'NONE', *, *, #4264, .F. ) ;
#752 = VECTOR ( 'NONE', #4562, 39.37007874015748100 ) ;
#753 = CARTESIAN_POINT ( 'NONE',  ( -0.1360549596744105900, 0.1425615551914089200, -0.3457634040987869800 ) ) ;
#754 = DIRECTION ( 'NONE',  ( 3.413668146703919400E-017, 8.241323937213450000E-017, -1.000000000000000000 ) ) ;
#755 = ORIENTED_EDGE ( 'NONE', *, *, #533, .F. ) ;
#756 = VECTOR ( 'NONE', #742, 39.37007874015748100 ) ;
#757 = VERTEX_POINT ( 'NONE', #2288 ) ;
#758 = EDGE_CURVE ( 'NONE', #3227, #1626, #2781, .T. ) ;
#759 = VECTOR ( 'NONE', #4400, 39.37007874015748100 ) ;
#760 = VECTOR ( 'NONE', #4381, 39.37007874015748900 ) ;
#761 = ORIENTED_EDGE ( 'NONE', *, *, #1731, .F. ) ;
#762 = ORIENTED_EDGE ( 'NONE', *, *, #1661, .T. ) ;
#763 = DIRECTION ( 'NONE',  ( 0.0000000000000000000, 0.0000000000000000000, -1.000000000000000000 ) ) ;
#764 = CARTESIAN_POINT ( 'NONE',  ( -0.01378000000000000100, 0.0000000000000000000, 0.0000000000000000000 ) ) ;
#765 = DIRECTION ( 'NONE',  ( -0.0000000000000000000, -0.0000000000000000000, -1.000000000000000000 ) ) ;
#766 = DIRECTION ( 'NONE',  ( -0.0000000000000000000, -0.0000000000000000000, -1.000000000000000000 ) ) ;
#767 = AXIS2_PLACEMENT_3D ( 'NONE', #2505, #1077, #3652 ) ;
#768 = EDGE_CURVE ( 'NONE', #2827, #4353, #2196, .T. ) ;
#769 = LINE ( 'NONE', #3418, #4563 ) ;
#770 = ORIENTED_EDGE ( 'NONE', *, *, #3718, .F. ) ;
#771 = EDGE_LOOP ( 'NONE', ( #2503, #3119, #967, #2475 ) ) ;
#772 = DIRECTION ( 'NONE',  ( -1.000000000000000000, 0.0000000000000000000, 0.0000000000000000000 ) ) ;
#773 = CARTESIAN_POINT ( 'NONE',  ( -0.1963674848343151800, 0.01378000000000205800, -0.7874999999999999800 ) ) ;
#774 = CARTESIAN_POINT ( 'NONE',  ( 0.0000000000000000000, 0.0000000000000000000, 0.5829299999999997300 ) ) ;
#775 = ADVANCED_FACE ( 'NONE', ( #2370 ), #1200, .F. ) ;
#776 = ORIENTED_EDGE ( 'NONE', *, *, #1051, .F. ) ;
#777 = EDGE_CURVE ( 'NONE', #4360, #4557, #2279, .T. ) ;
#778 = ORIENTED_EDGE ( 'NONE', *, *, #1701, .T. ) ;
#779 = DIRECTION ( 'NONE',  ( 0.0000000000000000000, 0.0000000000000000000, 1.000000000000000000 ) ) ;
#780 = PERSON_AND_ORGANIZATION ( #4238, #2394 ) ;
#781 = CARTESIAN_POINT ( 'NONE',  ( 0.0000000000000000000, 0.0000000000000000000, 0.4292699999999997600 ) ) ;
#782 = CARTESIAN_POINT ( 'NONE',  ( 0.5715419573863322900, 0.01377999999999800600, 0.7245980812128045600 ) ) ;
#783 = ORIENTED_EDGE ( 'NONE', *, *, #954, .F. ) ;
#784 = LINE ( 'NONE', #437, #1587 ) ;
#785 = CARTESIAN_POINT ( 'NONE',  ( -0.01378000000000000100, -0.6109222046738883600, 0.6564081069484641900 ) ) ;
#786 = CARTESIAN_POINT ( 'NONE',  ( 0.0000000000000000000, 0.0000000000000000000, -0.7874999999999999800 ) ) ;
#787 = PLANE ( 'NONE',  #3240 ) ;
#788 = EDGE_LOOP ( 'NONE', ( #144, #2750, #2341, #407 ) ) ;
#789 = CIRCLE ( 'NONE', #1666, 0.3149606299212597800 ) ;
#790 = CARTESIAN_POINT ( 'NONE',  ( -0.6533546981540729900, 0.01378000000000684600, 0.5829299999999997300 ) ) ;
#791 = ORIENTED_EDGE ( 'NONE', *, *, #1752, .F. ) ;
#792 = VECTOR ( 'NONE', #309, 39.37007874015748100 ) ;
#793 = AXIS2_PLACEMENT_3D ( 'NONE', #966, #950, #2053 ) ;
#794 = EDGE_CURVE ( 'NONE', #3608, #2817, #4043, .T. ) ;
#795 = PLANE ( 'NONE',  #1396 ) ;
#796 = CARTESIAN_POINT ( 'NONE',  ( -0.01378000000000000100, 1.141827091101859900E-016, -0.1487517770866043600 ) ) ;
#797 = ADVANCED_FACE ( 'NONE', ( #3187 ), #1524, .T. ) ;
#798 = CARTESIAN_POINT ( 'NONE',  ( 0.2448102453525940700, -0.1163190883529599300, 0.2125000000000000200 ) ) ;
#799 = CARTESIAN_POINT ( 'NONE',  ( -2.224862238763708600E-015, 0.01378000000000000900, 0.4292699999999997600 ) ) ;
#800 = ORIENTED_EDGE ( 'NONE', *, *, #63, .T. ) ;
#801 = VECTOR ( 'NONE', #4425, 39.37007874015748100 ) ;
#802 = VERTEX_POINT ( 'NONE', #80 ) ;
#803 = DIRECTION ( 'NONE',  ( 0.3826834323650906700, -0.9238795325112864100, -8.920344749722869000E-017 ) ) ;
#804 = DIRECTION ( 'NONE',  ( 0.0000000000000000000, 0.0000000000000000000, -1.000000000000000000 ) ) ;
#805 = EDGE_CURVE ( 'NONE', #757, #1243, #1229, .T. ) ;
#806 = CARTESIAN_POINT ( 'NONE',  ( -0.4504835972030047400, -0.4699714600924980200, 0.4292699999999997600 ) ) ;
#807 = DIRECTION ( 'NONE',  ( -1.000000000000000000, 0.0000000000000000000, 0.0000000000000000000 ) ) ;
#808 = VECTOR ( 'NONE', #1910, 39.37007874015748100 ) ;
#809 = B_SPLINE_CURVE_WITH_KNOTS ( 'NONE', 3,
 ( #4559, #3441, #3823, #1970 ),
 .UNSPECIFIED., .F., .F.,
 ( 4, 4 ),
 ( 2.019663912520802700E-007, 0.02763568366266930900 ),
 .UNSPECIFIED. ) ;
#810 = EDGE_LOOP ( 'NONE', ( #263, #3370, #490, #4247 ) ) ;
#811 = CARTESIAN_POINT ( 'NONE',  ( 0.2471754580183457600, -0.5607254677216774200, 0.1573333610333200500 ) ) ;
#812 = FACE_OUTER_BOUND ( 'NONE', #566, .T. ) ;
#813 = AXIS2_PLACEMENT_3D ( 'NONE', #3466, #146, #3450 ) ;
#814 = EDGE_CURVE ( 'NONE', #2128, #1416, #3575, .T. ) ;
#815 = ORIENTED_EDGE ( 'NONE', *, *, #1919, .T. ) ;
#816 = DIRECTION ( 'NONE',  ( 0.7071067811865438000, -0.7071067811865512400, 0.0000000000000000000 ) ) ;
#817 = DIRECTION ( 'NONE',  ( -0.7071067811865512400, -0.7071067811865438000, 0.0000000000000000000 ) ) ;
#818 = FACE_OUTER_BOUND ( 'NONE', #1470, .T. ) ;
#819 = DIRECTION ( 'NONE',  ( -0.0000000000000000000, -0.0000000000000000000, -1.000000000000000000 ) ) ;
#820 = ORIENTED_EDGE ( 'NONE', *, *, #1807, .F. ) ;
#821 = FACE_OUTER_BOUND ( 'NONE', #3684, .T. ) ;
#822 = DIRECTION ( 'NONE',  ( -8.241323937213437700E-017, 3.413668146703949000E-017, 1.000000000000000000 ) ) ;
#823 = DIRECTION ( 'NONE',  ( -1.000000000000000000, 0.0000000000000000000, 0.0000000000000000000 ) ) ;
#824 = CARTESIAN_POINT ( 'NONE',  ( -0.3790852960099230800, -0.3985731588994175800, -0.2890083133193889200 ) ) ;
#825 = CARTESIAN_POINT ( 'NONE',  ( 0.09085696843694800200, 0.2553570007485764800, 0.2125000000000000200 ) ) ;
#826 = ORIENTED_EDGE ( 'NONE', *, *, #3065, .F. ) ;
#827 = DIRECTION ( 'NONE',  ( -0.0000000000000000000, -0.0000000000000000000, -1.000000000000000000 ) ) ;
#828 = AXIS2_PLACEMENT_3D ( 'NONE', #3312, #1089, #15 ) ;
#829 = ORIENTED_EDGE ( 'NONE', *, *, #1297, .T. ) ;
#830 = EDGE_CURVE ( 'NONE', #2208, #1057, #2024, .T. ) ;
#831 = ORIENTED_EDGE ( 'NONE', *, *, #683, .F. ) ;
#832 = VERTEX_POINT ( 'NONE', #1295 ) ;
#833 = DIRECTION ( 'NONE',  ( -0.8164965809277265900, 0.0000000000000000000, 0.5773502691896247300 ) ) ;
#834 = DIRECTION ( 'NONE',  ( -1.000000000000000000, 0.0000000000000000000, 0.0000000000000000000 ) ) ;
#835 = VERTEX_POINT ( 'NONE', #195 ) ;
#836 = EDGE_CURVE ( 'NONE', #2677, #2177, #3069, .T. ) ;
#837 = ORIENTED_EDGE ( 'NONE', *, *, #2482, .T. ) ;
#838 = CARTESIAN_POINT ( 'NONE',  ( -0.009743931444750541000, 0.009743931444750711000, 0.0000000000000000000 ) ) ;
#839 = DIRECTION ( 'NONE',  ( 0.0000000000000000000, 0.0000000000000000000, -1.000000000000000000 ) ) ;
#840 = CARTESIAN_POINT ( 'NONE',  ( -0.2501431978237602700, -0.5678902254094925200, 0.2124999999999999900 ) ) ;
#841 = AXIS2_PLACEMENT_3D ( 'NONE', #208, #2806, #922 ) ;
#842 = EDGE_CURVE ( 'NONE', #2568, #2090, #4040, .T. ) ;
#843 = ORIENTED_EDGE ( 'NONE', *, *, #3082, .T. ) ;
#844 = CIRCLE ( 'NONE', #1149, 0.6510058714408292200 ) ;
#845 = CARTESIAN_POINT ( 'NONE',  ( -0.01378000000000000100, 0.6510058714408292200, 0.4292699999999997600 ) ) ;
#846 = ORIENTED_EDGE ( 'NONE', *, *, #4620, .T. ) ;
#847 = CARTESIAN_POINT ( 'NONE',  ( -0.4160720941408684900, -0.3965842312513601600, 0.5709999999999997300 ) ) ;
#848 = VERTEX_POINT ( 'NONE', #3501 ) ;
#849 = CARTESIAN_POINT ( 'NONE',  ( -0.01273105995800557500, 0.005273377697990968900, -0.5119094488188979900 ) ) ;
#850 = LINE ( 'NONE', #382, #4582 ) ;
#851 = DIRECTION ( 'NONE',  ( 0.0000000000000000000, 0.0000000000000000000, -1.000000000000000000 ) ) ;
#852 = DIRECTION ( 'NONE',  ( -0.0000000000000000000, -0.0000000000000000000, -1.000000000000000000 ) ) ;
#853 = VERTEX_POINT ( 'NONE', #4180 ) ;
#854 = DIRECTION ( 'NONE',  ( -0.3826834323650906700, 0.9238795325112864100, -8.920344749722869000E-017 ) ) ;
#855 = VECTOR ( 'NONE', #4731, 39.37007874015748100 ) ;
#856 = ORIENTED_EDGE ( 'NONE', *, *, #1536, .F. ) ;
#857 = AXIS2_PLACEMENT_3D ( 'NONE', #221, #530, #2792 ) ;
#858 = CIRCLE ( 'NONE', #3054, 0.3149606299212597800 ) ;
#859 = EDGE_CURVE ( 'NONE', #2998, #1815, #4615, .T. ) ;
#860 = DIRECTION ( 'NONE',  ( 0.0000000000000000000, -1.000000000000000000, 0.0000000000000000000 ) ) ;
#861 = CARTESIAN_POINT ( 'NONE',  ( 0.0000000000000000000, 0.0000000000000000000, 0.7874999999999999800 ) ) ;
#862 = CARTESIAN_POINT ( 'NONE',  ( -0.1761465223911543000, -0.08787764305929943200, -0.7874999999999999800 ) ) ;
#863 = CARTESIAN_POINT ( 'NONE',  ( 0.1963674848343154000, 0.01377999999999931500, -0.3451192619209188500 ) ) ;
#864 = VERTEX_POINT ( 'NONE', #3105 ) ;
#865 = VECTOR ( 'NONE', #3757, 39.37007874015748100 ) ;
#866 = AXIS2_PLACEMENT_3D ( 'NONE', #3520, #232, #1334 ) ;
#867 = CARTESIAN_POINT ( 'NONE',  ( -0.4717354690295895200, -0.4522476061400802500, -0.7874999999999999800 ) ) ;
#868 = EDGE_CURVE ( 'NONE', #242, #4694, #366, .T. ) ;
#869 = CARTESIAN_POINT ( 'NONE',  ( -0.6533546981540729900, 0.01378000000000684600, 0.5829299999999997300 ) ) ;
#870 = ORIENTED_EDGE ( 'NONE', *, *, #2251, .T. ) ;
#871 = VECTOR ( 'NONE', #1356, 39.37007874015748100 ) ;
#872 = CARTESIAN_POINT ( 'NONE',  ( 0.2959804223400661600, -0.1076837406101441700, -0.7875000000000003100 ) ) ;
#873 = CARTESIAN_POINT ( 'NONE',  ( 0.2262753502289649400, -0.5102681440414947900, -0.2311669415155343200 ) ) ;
#874 = VERTEX_POINT ( 'NONE', #895 ) ;
#875 = CIRCLE ( 'NONE', #4684, 0.3149606299212597800 ) ;
#876 = ADVANCED_FACE ( 'NONE', ( #821 ), #3089, .F. ) ;
#877 = ORIENTED_EDGE ( 'NONE', *, *, #2179, .T. ) ;
#878 = CARTESIAN_POINT ( 'NONE',  ( 0.01378000000000000100, 0.1963674848343153200, -0.7874999999999999800 ) ) ;
#879 = DIRECTION ( 'NONE',  ( -1.000000000000000000, 0.0000000000000000000, 0.0000000000000000000 ) ) ;
#880 = LINE ( 'NONE', #2469, #258 ) ;
#881 = ORIENTED_EDGE ( 'NONE', *, *, #3942, .T. ) ;
#882 = ORIENTED_EDGE ( 'NONE', *, *, #4385, .T. ) ;
#883 = CARTESIAN_POINT ( 'NONE',  ( 0.07964372400582148100, 0.1802543378037908800, 0.1388230640013659000 ) ) ;
#884 = DIRECTION ( 'NONE',  ( -1.000000000000000000, 0.0000000000000000000, 0.0000000000000000000 ) ) ;
#885 = ORIENTED_EDGE ( 'NONE', *, *, #2976, .F. ) ;
#886 = VERTEX_POINT ( 'NONE', #3868 ) ;
#887 = EDGE_LOOP ( 'NONE', ( #2010, #204, #1877, #2718 ) ) ;
#888 = DIRECTION ( 'NONE',  ( 0.0000000000000000000, 0.0000000000000000000, 1.000000000000000000 ) ) ;
#889 = DIRECTION ( 'NONE',  ( -0.0000000000000000000, -0.0000000000000000000, -1.000000000000000000 ) ) ;
#890 = EDGE_CURVE ( 'NONE', #1498, #3729, #2496, .T. ) ;
#891 = ORIENTED_EDGE ( 'NONE', *, *, #3825, .T. ) ;
#892 = VERTEX_POINT ( 'NONE', #4604 ) ;
#893 = CARTESIAN_POINT ( 'NONE',  ( 0.0000000000000000000, 0.0000000000000000000, -0.7874999999999999800 ) ) ;
#894 = CARTESIAN_POINT ( 'NONE',  ( 0.0000000000000000000, 0.0000000000000000000, 0.0000000000000000000 ) ) ;
#895 = CARTESIAN_POINT ( 'NONE',  ( -0.4717354690295895200, -0.4522476061400802500, 0.5709999999999997300 ) ) ;
#896 = CARTESIAN_POINT ( 'NONE',  ( -0.1963674848343151800, 0.01378000000000205800, -0.3451192619209188500 ) ) ;
#897 = EDGE_CURVE ( 'NONE', #1166, #1296, #2957, .T. ) ;
#898 = VERTEX_POINT ( 'NONE', #212 ) ;
#899 = CARTESIAN_POINT ( 'NONE',  ( 0.07114244727588528400, 0.1837756819228172900, 0.1388230640013659000 ) ) ;
#900 = CARTESIAN_POINT ( 'NONE',  ( 0.01378000000000000100, 0.5708485613397972200, 0.7257987199877860000 ) ) ;
#901 = DIRECTION ( 'NONE',  ( 0.0000000000000000000, 0.0000000000000000000, 1.000000000000000000 ) ) ;
#902 = CARTESIAN_POINT ( 'NONE',  ( -0.5784369808054737900, 0.2246810779077512700, 0.2124999999999999100 ) ) ;
#903 = VERTEX_POINT ( 'NONE', #3467 ) ;
#904 = VECTOR ( 'NONE', #2731, 39.37007874015748900 ) ;
#905 = DIRECTION ( 'NONE',  ( 0.0000000000000000000, 0.0000000000000000000, -1.000000000000000000 ) ) ;
#906 = CARTESIAN_POINT ( 'NONE',  ( 0.0000000000000000000, 0.0000000000000000000, 0.5709999999999997300 ) ) ;
#907 = ORIENTED_EDGE ( 'NONE', *, *, #3728, .F. ) ;
#908 = LINE ( 'NONE', #3637, #4711 ) ;
#909 = CARTESIAN_POINT ( 'NONE',  ( -0.2217133381023385900, -0.5712722231176578000, 0.1573333610333199900 ) ) ;
#910 = CARTESIAN_POINT ( 'NONE',  ( 0.1163190883529590500, 0.2448102453525945700, 0.2125000000000000200 ) ) ;
#911 = CARTESIAN_POINT ( 'NONE',  ( 0.5641074005641639700, -0.2187455714286824200, 0.1021667319364034100 ) ) ;
#912 = ORIENTED_EDGE ( 'NONE', *, *, #188, .T. ) ;
#913 = VECTOR ( 'NONE', #3925, 39.37007874015748900 ) ;
#914 = ORIENTED_EDGE ( 'NONE', *, *, #1962, .T. ) ;
#915 = DIRECTION ( 'NONE',  ( -0.0000000000000000000, -0.0000000000000000000, -1.000000000000000000 ) ) ;
#916 = CARTESIAN_POINT ( 'NONE',  ( -0.1761465223911525500, 0.08787764305930298400, 0.1381789218234977200 ) ) ;
#917 = CARTESIAN_POINT ( 'NONE',  ( 0.3628693587064244500, -0.3433814958169268400, -0.6481465455388578700 ) ) ;
#918 = CARTESIAN_POINT ( 'NONE',  ( -0.1291088486861383700, 0.1485967115756430800, 0.7874999999999999800 ) ) ;
#919 = LINE ( 'NONE', #235, #1894 ) ;
#920 = EDGE_CURVE ( 'NONE', #3786, #2998, #2077, .T. ) ;
#921 = EDGE_LOOP ( 'NONE', ( #1125, #2188, #2254, #3943 ) ) ;
#922 = DIRECTION ( 'NONE',  ( 0.0000000000000000000, -1.000000000000000000, 5.502957744461820500E-017 ) ) ;
#923 = LINE ( 'NONE', #4624, #4207 ) ;
#924 = AXIS2_PLACEMENT_3D ( 'NONE', #4245, #1331, #3560 ) ;
#925 = ORIENTED_EDGE ( 'NONE', *, *, #2027, .T. ) ;
#926 = EDGE_CURVE ( 'NONE', #2108, #445, #4214, .T. ) ;
#927 = DIRECTION ( 'NONE',  ( 1.000000000000000000, -1.047444401652940000E-014, 0.0000000000000000000 ) ) ;
#928 = LINE ( 'NONE', #3204, #3743 ) ;
#929 = EDGE_LOOP ( 'NONE', ( #3657, #1981, #1279, #2467 ) ) ;
#930 = LINE ( 'NONE', #1902, #2538 ) ;
#931 = AXIS2_PLACEMENT_3D ( 'NONE', #2793, #2446, #3865 ) ;
#932 = CARTESIAN_POINT ( 'NONE',  ( 0.1866932777871355400, 0.06241552314328954000, 0.1381789218234977000 ) ) ;
#933 = EDGE_CURVE ( 'NONE', #1498, #4401, #2366, .T. ) ;
#934 = DIRECTION ( 'NONE',  ( 0.0000000000000000000, 0.0000000000000000000, 1.000000000000000000 ) ) ;
#935 = ORIENTED_EDGE ( 'NONE', *, *, #3606, .T. ) ;
#936 = B_SPLINE_CURVE_WITH_KNOTS ( 'NONE', 3,
 ( #4308, #4704, #3254, #4326, #1031, #3971, #1353 ),
 .UNSPECIFIED., .F., .F.,
 ( 4, 3, 4 ),
 ( 2.019671278339852300E-007, 0.02140495045453186600, 0.02564998077238689300 ),
 .UNSPECIFIED. ) ;
#937 = VECTOR ( 'NONE', #1837, 39.37007874015748100 ) ;
#938 = CARTESIAN_POINT ( 'NONE',  ( 0.01378000000000000100, 0.4993947684522555000, -0.6481465455388577500 ) ) ;
#939 = CARTESIAN_POINT ( 'NONE',  ( 0.0000000000000000000, 0.5353914554318778300, 0.7874999999999998700 ) ) ;
#940 = ORIENTED_EDGE ( 'NONE', *, *, #890, .T. ) ;
#941 = ORIENTED_EDGE ( 'NONE', *, *, #497, .T. ) ;
#942 = CARTESIAN_POINT ( 'NONE',  ( 0.01378000000000000100, -0.1963674848343153200, -0.3451192619209188500 ) ) ;
#943 = CARTESIAN_POINT ( 'NONE',  ( 0.1963433969481004100, 0.4380060164825144700, -0.7875000000000005300 ) ) ;
#944 = DIRECTION ( 'NONE',  ( 0.3826834323650906700, -0.9238795325112862900, 0.0000000000000000000 ) ) ;
#945 = EDGE_LOOP ( 'NONE', ( #87, #4174, #3161, #3200 ) ) ;
#946 = VERTEX_POINT ( 'NONE', #147 ) ;
#947 = ORIENTED_EDGE ( 'NONE', *, *, #2919, .T. ) ;
#948 = PLANE ( 'NONE',  #959 ) ;
#949 = ADVANCED_FACE ( 'NONE', ( #699 ), #179, .F. ) ;
#950 = DIRECTION ( 'NONE',  ( 0.0000000000000000000, 0.0000000000000000000, -1.000000000000000000 ) ) ;
#951 = ORIENTED_EDGE ( 'NONE', *, *, #3512, .F. ) ;
#952 = AXIS2_PLACEMENT_3D ( 'NONE', #2166, #1418, #360 ) ;
#953 = PLANE ( 'NONE',  #200 ) ;
#954 = EDGE_CURVE ( 'NONE', #4536, #380, #2311, .T. ) ;
#955 = COORDINATED_UNIVERSAL_TIME_OFFSET ( 6, 0, .BEHIND. ) ;
#956 = ORIENTED_EDGE ( 'NONE', *, *, #1272, .F. ) ;
#957 = CARTESIAN_POINT ( 'NONE',  ( 0.4523503500606556600, -0.4718382129501617600, 0.7874999999999999800 ) ) ;
#958 = FACE_OUTER_BOUND ( 'NONE', #3125, .T. ) ;
#959 = AXIS2_PLACEMENT_3D ( 'NONE', #2767, #4645, #3484 ) ;
#960 = EDGE_CURVE ( 'NONE', #3227, #1620, #1963, .T. ) ;
#961 = ORIENTED_EDGE ( 'NONE', *, *, #4722, .F. ) ;
#962 = CARTESIAN_POINT ( 'NONE',  ( -0.01378000000000000100, 0.1963674848343153200, -0.3451192619209188500 ) ) ;
#963 = DIRECTION ( 'NONE',  ( -0.4999999999999948400, 0.5000000000000069900, -0.7071067811865460200 ) ) ;
#964 = CYLINDRICAL_SURFACE ( 'NONE', #4629, 0.1968503937007875500 ) ;
#965 = PLANE ( 'NONE',  #475 ) ;
#966 = CARTESIAN_POINT ( 'NONE',  ( 0.0000000000000000000, 0.0000000000000000000, -0.5119094488188979900 ) ) ;
#967 = ORIENTED_EDGE ( 'NONE', *, *, #2521, .T. ) ;
#968 = CARTESIAN_POINT ( 'NONE',  ( 0.3433814958169256200, 0.3628693587064256700, -0.6481465455388577500 ) ) ;
#969 = CARTESIAN_POINT ( 'NONE',  ( 0.5678902254094954100, 0.2501431978237544400, 0.2124999999999999100 ) ) ;
#970 = ORIENTED_EDGE ( 'NONE', *, *, #2125, .T. ) ;
#971 = ADVANCED_FACE ( 'NONE', ( #2249 ), #3530, .T. ) ;
#972 = CONICAL_SURFACE ( 'NONE', #1391, 0.4799999999999999800, 0.1396263401595466700 ) ;
#973 = DIRECTION ( 'NONE',  ( 0.6532814824381884000, -0.2705980500731072200, 0.7071067811865440200 ) ) ;
#974 = VERTEX_POINT ( 'NONE', #2812 ) ;
#975 = CIRCLE ( 'NONE', #2810, 0.1968503937007875500 ) ;
#976 = DIRECTION ( 'NONE',  ( -0.0000000000000000000, -0.0000000000000000000, -1.000000000000000000 ) ) ;
#977 = CARTESIAN_POINT ( 'NONE',  ( -0.01378000000000000100, 0.5746347984589864600, 0.4292699999999999300 ) ) ;
#978 = CARTESIAN_POINT ( 'NONE',  ( -0.3965842312513586700, 0.4160720941408698200, 0.4292699999999999300 ) ) ;
#979 = EDGE_LOOP ( 'NONE', ( #494, #2794, #4585, #3701, #1064, #563, #3480, #3561, #3947 ) ) ;
#980 = CIRCLE ( 'NONE', #924, 0.5748000000000000900 ) ;
#981 = EDGE_CURVE ( 'NONE', #3513, #3404, #1105, .T. ) ;
#982 = DIRECTION ( 'NONE',  ( -1.000000000000000000, 0.0000000000000000000, 0.0000000000000000000 ) ) ;
#983 = ORIENTED_EDGE ( 'NONE', *, *, #1997, .T. ) ;
#984 = CARTESIAN_POINT ( 'NONE',  ( 0.0000000000000000000, 0.0000000000000000000, 0.7874999999999999800 ) ) ;
#985 = FACE_OUTER_BOUND ( 'NONE', #727, .T. ) ;
#986 = AXIS2_PLACEMENT_3D ( 'NONE', #2326, #135, #1942 ) ;
#987 = EDGE_CURVE ( 'NONE', #2860, #4674, #2427, .T. ) ;
#988 = VERTEX_POINT ( 'NONE', #2796 ) ;
#989 = PLANE ( 'NONE',  #1172 ) ;
#990 = VECTOR ( 'NONE', #4318, 39.37007874015748900 ) ;
#991 = ORIENTED_EDGE ( 'NONE', *, *, #2277, .T. ) ;
#992 = CARTESIAN_POINT ( 'NONE',  ( 0.1761465223911531700, -0.08787764305930170800, -0.7874999999999999800 ) ) ;
#993 = CARTESIAN_POINT ( 'NONE',  ( -0.01378000000000000100, -0.5054711574508072800, -0.6049272416039609400 ) ) ;
#994 = CIRCLE ( 'NONE', #4342, 0.3149606299212597800 ) ;
#995 = AXIS2_PLACEMENT_3D ( 'NONE', #4143, #4653, #647 ) ;
#996 = ADVANCED_FACE ( 'NONE', ( #253 ), #2093, .F. ) ;
#997 = DIRECTION ( 'NONE',  ( -1.000000000000000000, 0.0000000000000000000, 0.0000000000000000000 ) ) ;
#998 = CIRCLE ( 'NONE', #1889, 0.6534999999999999700 ) ;
#999 = VERTEX_POINT ( 'NONE', #4261 ) ;
#1000 = DIRECTION ( 'NONE',  ( 0.6532814824381857300, 0.2705980500730954000, 0.7071067811865509000 ) ) ;
#1001 = CARTESIAN_POINT ( 'NONE',  ( -0.01378000000000000100, 0.5174624792127157100, -0.5196353104869246800 ) ) ;
#1002 = CARTESIAN_POINT ( 'NONE',  ( 0.01378000000000000100, -0.6508600127911020600, 0.4292699999999997600 ) ) ;
#1003 = FACE_OUTER_BOUND ( 'NONE', #467, .T. ) ;
#1004 = EDGE_LOOP ( 'NONE', ( #4209, #4743, #1483, #2310 ) ) ;
#1005 = VERTEX_POINT ( 'NONE', #1348 ) ;
#1006 =( BOUNDED_CURVE ( )  B_SPLINE_CURVE ( 3, ( #330, #2172, #4757, #2126 ),
 .UNSPECIFIED., .F., .F. ) 
 B_SPLINE_CURVE_WITH_KNOTS ( ( 4, 4 ),
 ( 3.117645216900681400, 3.165540090278905300 ),
 .UNSPECIFIED. ) 
 CURVE ( )  GEOMETRIC_REPRESENTATION_ITEM ( )  RATIONAL_B_SPLINE_CURVE ( ( 1.000000000000000000, 0.9998088492273599100, 0.9998088492273599100, 1.000000000000000000 ) ) 
 REPRESENTATION_ITEM ( '' )  );
#1007 = ORIENTED_EDGE ( 'NONE', *, *, #3159, .F. ) ;
#1008 = EDGE_LOOP ( 'NONE', ( #2588, #4719, #3639, #296 ) ) ;
#1009 = EDGE_CURVE ( 'NONE', #1471, #1678, #4328, .T. ) ;
#1010 = DIRECTION ( 'NONE',  ( 0.0000000000000000000, -1.000000000000000000, -8.241323937213473400E-017 ) ) ;
#1011 = CARTESIAN_POINT ( 'NONE',  ( -0.1076837406101433400, 0.2959804223400665000, -0.5119094488188979900 ) ) ;
#1012 = CARTESIAN_POINT ( 'NONE',  ( 0.5463957498597332700, 0.2412398945349462100, 0.04700011390998477100 ) ) ;
#1013 = CARTESIAN_POINT ( 'NONE',  ( -0.01378000000000000100, 0.6102288371277493400, 0.6576087621826538500 ) ) ;
#1014 = ORIENTED_EDGE ( 'NONE', *, *, #1117, .T. ) ;
#1015 = CALENDAR_DATE ( 2021, 14, 9 ) ;
#1016 = CARTESIAN_POINT ( 'NONE',  ( -0.5569425052557166500, -0.2157777746189312500, 0.04700011390998477800 ) ) ;
#1017 = AXIS2_PLACEMENT_3D ( 'NONE', #1973, #1945, #884 ) ;
#1018 = CARTESIAN_POINT ( 'NONE',  ( -0.4718382129501538800, 0.4523503500606639300, 0.7874999999999999800 ) ) ;
#1019 = EDGE_CURVE ( 'NONE', #3729, #674, #2667, .T. ) ;
#1020 = VERTEX_POINT ( 'NONE', #4640 ) ;
#1021 = VECTOR ( 'NONE', #2981, 39.37007874015748100 ) ;
#1022 = ADVANCED_FACE ( 'NONE', ( #1799 ), #3949, .T. ) ;
#1023 = DIRECTION ( 'NONE',  ( -0.0000000000000000000, -0.0000000000000000000, -1.000000000000000000 ) ) ;
#1024 = ORIENTED_EDGE ( 'NONE', *, *, #469, .F. ) ;
#1025 = AXIS2_PLACEMENT_3D ( 'NONE', #4701, #2145, #2115 ) ;
#1026 = LINE ( 'NONE', #2940, #3726 ) ;
#1027 = EDGE_CURVE ( 'NONE', #3608, #1323, #3238, .T. ) ;
#1028 = EDGE_LOOP ( 'NONE', ( #3983, #4269, #1688, #2043 ) ) ;
#1029 = CARTESIAN_POINT ( 'NONE',  ( -0.1331458605261562300, -0.2854336669440837300, -0.5119094488188979900 ) ) ;
#1030 = CARTESIAN_POINT ( 'NONE',  ( -0.1866932777871359300, -0.06241552314328827800, -0.5119094488188979900 ) ) ;
#1031 = CARTESIAN_POINT ( 'NONE',  ( 0.2442076913446915600, 0.5535606451681827100, 0.1021667319364034700 ) ) ;
#1032 = VECTOR ( 'NONE', #2653, 39.37007874015748900 ) ;
#1033 = ORIENTED_EDGE ( 'NONE', *, *, #542, .T. ) ;
#1034 = CARTESIAN_POINT ( 'NONE',  ( -0.01378000000000000100, 0.6534999999999999700, 0.7874999999999999800 ) ) ;
#1035 = PLANE ( 'NONE',  #3488 ) ;
#1036 = LINE ( 'NONE', #184, #2761 ) ;
#1037 = VERTEX_POINT ( 'NONE', #2448 ) ;
#1038 = ORIENTED_EDGE ( 'NONE', *, *, #38, .T. ) ;
#1039 = FACE_OUTER_BOUND ( 'NONE', #2124, .T. ) ;
#1040 = ADVANCED_FACE ( 'NONE', ( #3294 ), #272, .F. ) ;
#1041 = CARTESIAN_POINT ( 'NONE',  ( 6.607009626092762300E-017, -0.01378000000000000100, -0.1487517770866043600 ) ) ;
#1042 = CARTESIAN_POINT ( 'NONE',  ( 0.0000000000000000000, 0.0000000000000000000, -0.7874999999999999800 ) ) ;
#1043 = AXIS2_PLACEMENT_3D ( 'NONE', #4717, #4667, #4683 ) ;
#1044 = VERTEX_POINT ( 'NONE', #1696 ) ;
#1045 = EDGE_CURVE ( 'NONE', #4536, #4192, #1502, .T. ) ;
#1046 = LINE ( 'NONE', #26, #1959 ) ;
#1047 = CARTESIAN_POINT ( 'NONE',  ( -0.2246810779077493300, -0.5784369808054747900, 0.2124999999999999100 ) ) ;
#1048 = CARTESIAN_POINT ( 'NONE',  ( 0.005273377697991086900, 0.01273105995800548300, -1.074502747390032500E-033 ) ) ;
#1049 = VERTEX_POINT ( 'NONE', #2479 ) ;
#1050 = VECTOR ( 'NONE', #2871, 39.37007874015748900 ) ;
#1051 = EDGE_CURVE ( 'NONE', #2405, #4258, #4162, .T. ) ;
#1052 = CARTESIAN_POINT ( 'NONE',  ( 0.4993947684522555600, 0.01377999999999825700, -0.6481465455388578700 ) ) ;
#1053 = VERTEX_POINT ( 'NONE', #581 ) ;
#1054 = ORIENTED_EDGE ( 'NONE', *, *, #2587, .T. ) ;
#1055 = AXIS2_PLACEMENT_3D ( 'NONE', #4027, #779, #3658 ) ;
#1056 = VERTEX_POINT ( 'NONE', #943 ) ;
#1057 = VERTEX_POINT ( 'NONE', #4383 ) ;
#1058 = CARTESIAN_POINT ( 'NONE',  ( -0.2971439314447507100, 0.2776560685552565400, 0.5709999999999998400 ) ) ;
#1059 = CARTESIAN_POINT ( 'NONE',  ( 0.5115474638116271900, -0.01378000000000178700, -0.5617079260506034900 ) ) ;
#1060 = AXIS2_PLACEMENT_3D ( 'NONE', #528, #888, #3033 ) ;
#1061 = CARTESIAN_POINT ( 'NONE',  ( 0.4522476061400819100, -0.4717354690295880200, 0.5829299999999998400 ) ) ;
#1062 = DIRECTION ( 'NONE',  ( 1.000000000000000000, 0.0000000000000000000, -0.0000000000000000000 ) ) ;
#1063 = ORIENTED_EDGE ( 'NONE', *, *, #4122, .T. ) ;
#1064 = ORIENTED_EDGE ( 'NONE', *, *, #3065, .T. ) ;
#1065 = DIRECTION ( 'NONE',  ( -1.000000000000000000, 0.0000000000000000000, 0.0000000000000000000 ) ) ;
#1066 = DIRECTION ( 'NONE',  ( -0.0000000000000000000, 0.0000000000000000000, -1.000000000000000000 ) ) ;
#1067 = CARTESIAN_POINT ( 'NONE',  ( 0.2553570007485767600, 0.09085696843694712800, 0.2125000000000000200 ) ) ;
#1068 = VERTEX_POINT ( 'NONE', #2779 ) ;
#1069 = ADVANCED_FACE ( 'NONE', ( #4501 ), #3928, .T. ) ;
#1070 = PERSON_AND_ORGANIZATION ( #4238, #2394 ) ;
#1071 = ORIENTED_EDGE ( 'NONE', *, *, #3455, .F. ) ;
#1072 = EDGE_CURVE ( 'NONE', #1643, #1964, #1504, .T. ) ;
#1073 = CARTESIAN_POINT ( 'NONE',  ( 0.5533782514116220000, -0.01378000000000193500, 0.7560491721204312100 ) ) ;
#1074 = DIRECTION ( 'NONE',  ( 0.0000000000000000000, 0.0000000000000000000, -1.000000000000000000 ) ) ;
#1075 = VECTOR ( 'NONE', #2932, 39.37007874015748900 ) ;
#1076 = ORIENTED_EDGE ( 'NONE', *, *, #3232, .T. ) ;
#1077 = DIRECTION ( 'NONE',  ( 0.0000000000000000000, 0.0000000000000000000, -1.000000000000000000 ) ) ;
#1078 = CYLINDRICAL_SURFACE ( 'NONE', #4660, 0.3149606299212597800 ) ;
#1079 = DIRECTION ( 'NONE',  ( 0.0000000000000000000, 0.7071067811865489100, -0.7071067811865460200 ) ) ;
#1080 = DIRECTION ( 'NONE',  ( -0.0000000000000000000, -0.0000000000000000000, -1.000000000000000000 ) ) ;
#1081 = EDGE_CURVE ( 'NONE', #1323, #550, #4132, .T. ) ;
#1082 = DIRECTION ( 'NONE',  ( 8.241323937213509200E-017, 3.413668146703776500E-017, -1.000000000000000000 ) ) ;
#1083 = VERTEX_POINT ( 'NONE', #1052 ) ;
#1084 = LINE ( 'NONE', #2934, #520 ) ;
#1085 = AXIS2_PLACEMENT_3D ( 'NONE', #3556, #2843, #4068 ) ;
#1086 = ORIENTED_EDGE ( 'NONE', *, *, #319, .F. ) ;
#1087 = EDGE_CURVE ( 'NONE', #3055, #3110, #1006, .T. ) ;
#1088 = LINE ( 'NONE', #4515, #4774 ) ;
#1089 = DIRECTION ( 'NONE',  ( -0.0000000000000000000, -0.0000000000000000000, -1.000000000000000000 ) ) ;
#1090 = ADVANCED_FACE ( 'NONE', ( #4445 ), #2529, .T. ) ;
#1091 = CARTESIAN_POINT ( 'NONE',  ( 0.0000000000000000000, 0.0000000000000000000, 0.7874999999999999800 ) ) ;
#1092 = ORIENTED_EDGE ( 'NONE', *, *, #1366, .T. ) ;
#1093 = LINE ( 'NONE', #2343, #3053 ) ;
#1094 = CARTESIAN_POINT ( 'NONE',  ( -0.01378000000000000100, 0.5747999999999999800, 0.5709999999999998400 ) ) ;
#1095 = ORIENTED_EDGE ( 'NONE', *, *, #2919, .F. ) ;
#1096 = DIRECTION ( 'NONE',  ( -1.000000000000000000, 0.0000000000000000000, 0.0000000000000000000 ) ) ;
#1097 = DIRECTION ( 'NONE',  ( -0.0000000000000000000, -0.0000000000000000000, -1.000000000000000000 ) ) ;
#1098 = LINE ( 'NONE', #3090, #4025 ) ;
#1099 = EDGE_LOOP ( 'NONE', ( #3486, #2814, #2181, #498 ) ) ;
#1100 = CARTESIAN_POINT ( 'NONE',  ( -0.1163190883529590700, 0.2448102453525945200, 0.2125000000000000200 ) ) ;
#1101 = CYLINDRICAL_SURFACE ( 'NONE', #703, 0.6534999999999999700 ) ;
#1102 = EDGE_CURVE ( 'NONE', #974, #4414, #420, .T. ) ;
#1103 = ORIENTED_EDGE ( 'NONE', *, *, #2775, .F. ) ;
#1104 = DIRECTION ( 'NONE',  ( -0.0000000000000000000, -0.0000000000000000000, -1.000000000000000000 ) ) ;
#1105 = LINE ( 'NONE', #3181, #134 ) ;
#1106 = DIRECTION ( 'NONE',  ( -1.000000000000000000, 0.0000000000000000000, 0.0000000000000000000 ) ) ;
#1107 = DIRECTION ( 'NONE',  ( -1.000000000000000000, 0.0000000000000000000, 0.0000000000000000000 ) ) ;
#1108 = AXIS2_PLACEMENT_3D ( 'NONE', #4648, #3552, #3236 ) ;
#1109 = EDGE_CURVE ( 'NONE', #892, #3885, #3183, .T. ) ;
#1110 = ORIENTED_EDGE ( 'NONE', *, *, #3549, .F. ) ;
#1111 = VECTOR ( 'NONE', #2982, 39.37007874015748900 ) ;
#1112 = CARTESIAN_POINT ( 'NONE',  ( 0.0000000000000000000, 0.0000000000000000000, 0.7874999999999999800 ) ) ;
#1113 = LINE ( 'NONE', #2244, #4281 ) ;
#1114 = ORIENTED_EDGE ( 'NONE', *, *, #2521, .F. ) ;
#1115 = ADVANCED_FACE ( 'NONE', ( #3525 ), #3577, .T. ) ;
#1116 = AXIS2_PLACEMENT_3D ( 'NONE', #4017, #754, #2955 ) ;
#1117 = EDGE_CURVE ( 'NONE', #1393, #3140, #4677, .T. ) ;
#1118 = VERTEX_POINT ( 'NONE', #350 ) ;
#1119 = ORIENTED_EDGE ( 'NONE', *, *, #4257, .T. ) ;
#1120 = CARTESIAN_POINT ( 'NONE',  ( -0.1485967115756399400, 0.1291088486861420900, -0.7874999999999999800 ) ) ;
#1121 = ORIENTED_EDGE ( 'NONE', *, *, #441, .T. ) ;
#1122 = CARTESIAN_POINT ( 'NONE',  ( -0.1866932777871346500, 0.06241552314329209400, -0.5119094488188979900 ) ) ;
#1123 = ORIENTED_EDGE ( 'NONE', *, *, #3242, .F. ) ;
#1124 = CARTESIAN_POINT ( 'NONE',  ( 0.4504835972029981900, -0.4699714600925042900, 0.4292699999999997600 ) ) ;
#1125 = ORIENTED_EDGE ( 'NONE', *, *, #1208, .F. ) ;
#1126 = DIRECTION ( 'NONE',  ( -0.0000000000000000000, -0.0000000000000000000, -1.000000000000000000 ) ) ;
#1127 = CARTESIAN_POINT ( 'NONE',  ( -0.009743931444750676300, -0.009743931444750574000, 0.0000000000000000000 ) ) ;
#1128 = ORIENTED_EDGE ( 'NONE', *, *, #2301, .F. ) ;
#1129 = LOCAL_TIME ( 10, 25, 45.00000000000000000, #214 ) ;
#1130 = CARTESIAN_POINT ( 'NONE',  ( -0.4522476061400884100, -0.4717354690295816900, 0.5709999999999997300 ) ) ;
#1131 = ORIENTED_EDGE ( 'NONE', *, *, #3056, .T. ) ;
#1132 = FACE_OUTER_BOUND ( 'NONE', #1893, .T. ) ;
#1133 = EDGE_CURVE ( 'NONE', #1935, #1515, #16, .T. ) ;
#1134 = EDGE_LOOP ( 'NONE', ( #88, #3276, #1569, #1831 ) ) ;
#1135 = CARTESIAN_POINT ( 'NONE',  ( -0.6533546981540732100, -0.01377999999999315700, 0.5829299999999997300 ) ) ;
#1136 = DIRECTION ( 'NONE',  ( 1.000000000000000000, 0.0000000000000000000, 0.0000000000000000000 ) ) ;
#1137 = CARTESIAN_POINT ( 'NONE',  ( -0.3881974438802076600, -0.3687095809906998400, 0.7874999999999999800 ) ) ;
#1138 = CARTESIAN_POINT ( 'NONE',  ( 0.4995614282951929000, 0.004593882164845305500, -0.6483132053817951500 ) ) ;
#1139 = LINE ( 'NONE', #1018, #1825 ) ;
#1140 = ORIENTED_EDGE ( 'NONE', *, *, #1904, .F. ) ;
#1141 = AXIS2_PLACEMENT_3D ( 'NONE', #627, #1317, #249 ) ;
#1142 = CARTESIAN_POINT ( 'NONE',  ( -0.01378000000000000100, -1.141827091101859900E-016, -0.1487517770866043600 ) ) ;
#1143 = CARTESIAN_POINT ( 'NONE',  ( -0.1761465223911543600, -0.08787764305929933500, 0.1381789218234976700 ) ) ;
#1144 = FACE_OUTER_BOUND ( 'NONE', #1770, .T. ) ;
#1145 = EDGE_CURVE ( 'NONE', #1175, #320, #2480, .T. ) ;
#1146 = ORIENTED_EDGE ( 'NONE', *, *, #1625, .T. ) ;
#1147 = DIRECTION ( 'NONE',  ( -0.9238795325112902900, -0.3826834323650810100, -8.920344749722869000E-017 ) ) ;
#1148 = FACE_OUTER_BOUND ( 'NONE', #3692, .T. ) ;
#1149 = AXIS2_PLACEMENT_3D ( 'NONE', #93, #3037, #1951 ) ;
#1150 = EDGE_CURVE ( 'NONE', #1332, #2363, #4389, .T. ) ;
#1151 = ORIENTED_EDGE ( 'NONE', *, *, #1167, .T. ) ;
#1152 = LINE ( 'NONE', #957, #2947 ) ;
#1153 = CARTESIAN_POINT ( 'NONE',  ( -0.6019970751657597300, -0.01377999999999369700, 0.08167154250216608600 ) ) ;
#1154 = CARTESIAN_POINT ( 'NONE',  ( 0.4342731380166727200, -0.4147852751271759500, 0.07013067864948392700 ) ) ;
#1155 = VERTEX_POINT ( 'NONE', #3641 ) ;
#1156 = CIRCLE ( 'NONE', #2937, 0.1968503937007875500 ) ;
#1157 = CARTESIAN_POINT ( 'NONE',  ( 0.6533546981540731000, 0.01377999999999771900, -0.7874999999999999800 ) ) ;
#1158 = DIRECTION ( 'NONE',  ( 1.000000000000000000, 0.0000000000000000000, -0.0000000000000000000 ) ) ;
#1159 = DIRECTION ( 'NONE',  ( 0.9238795325112838500, -0.3826834323650969400, 1.177569344012825500E-016 ) ) ;
#1160 = DIRECTION ( 'NONE',  ( 1.000000000000000000, 0.0000000000000000000, 8.241323937213509200E-017 ) ) ;
#1161 = ORIENTED_EDGE ( 'NONE', *, *, #1661, .F. ) ;
#1162 = CIRCLE ( 'NONE', #3175, 0.4799999999999999800 ) ;
#1163 = ADVANCED_FACE ( 'NONE', ( #3688 ), #2915, .T. ) ;
#1164 = DIRECTION ( 'NONE',  ( -0.0000000000000000000, -0.0000000000000000000, -1.000000000000000000 ) ) ;
#1165 = CARTESIAN_POINT ( 'NONE',  ( 0.3433814958169256200, 0.3628693587064256700, -0.6481465455388577500 ) ) ;
#1166 = VERTEX_POINT ( 'NONE', #3994 ) ;
#1167 = EDGE_CURVE ( 'NONE', #1920, #1743, #1697, .T. ) ;
#1168 = ORIENTED_EDGE ( 'NONE', *, *, #714, .F. ) ;
#1169 = CARTESIAN_POINT ( 'NONE',  ( -0.1802543378037916900, -0.07964372400581962200, 0.1388230640013659000 ) ) ;
#1170 = PLANE ( 'NONE',  #1321 ) ;
#1171 = CARTESIAN_POINT ( 'NONE',  ( 0.0000000000000000000, 0.0000000000000000000, 0.5709999999999997300 ) ) ;
#1172 = AXIS2_PLACEMENT_3D ( 'NONE', #2433, #3182, #2402 ) ;
#1173 = EDGE_CURVE ( 'NONE', #396, #380, #2600, .T. ) ;
#1174 = ORIENTED_EDGE ( 'NONE', *, *, #276, .F. ) ;
#1175 = VERTEX_POINT ( 'NONE', #413 ) ;
#1176 = DIRECTION ( 'NONE',  ( 0.2705980500730977300, 0.6532814824381848500, 0.7071067811865509000 ) ) ;
#1177 = DIRECTION ( 'NONE',  ( 1.047444401652940000E-014, 1.000000000000000000, 0.0000000000000000000 ) ) ;
#1178 = CARTESIAN_POINT ( 'NONE',  ( -0.2246810779077453300, 0.5784369808054762300, 0.2124999999999999900 ) ) ;
#1180 = B_SPLINE_CURVE_WITH_KNOTS ( 'NONE', 3,
 ( #4166, #4463, #3375, #1952 ),
 .UNSPECIFIED., .F., .F.,
 ( 4, 4 ),
 ( 2.309592430349258200E-007, 0.006000552272120236200 ),
 .UNSPECIFIED. ) ;
#1179 = DIRECTION ( 'NONE',  ( -0.9238795325112902900, -0.3826834323650810100, 0.0000000000000000000 ) ) ;
#1181 = DIRECTION ( 'NONE',  ( 0.0000000000000000000, 0.0000000000000000000, 1.000000000000000000 ) ) ;
#1182 = EDGE_LOOP ( 'NONE', ( #914, #423, #3420, #3803, #404, #3599, #61, #3323, #2194 ) ) ;
#1183 = EDGE_CURVE ( 'NONE', #1620, #1235, #875, .T. ) ;
#1184 = CARTESIAN_POINT ( 'NONE',  ( 0.3687095809907038300, 0.3881974438802037700, 0.7874999999999999800 ) ) ;
#1185 = ORIENTED_EDGE ( 'NONE', *, *, #4006, .T. ) ;
#1186 = ORIENTED_EDGE ( 'NONE', *, *, #1967, .F. ) ;
#1187 = CARTESIAN_POINT ( 'NONE',  ( -0.1761465223911543600, -0.08787764305929933500, 0.1381789218234976700 ) ) ;
#1188 = DIRECTION ( 'NONE',  ( 0.9238795325112824100, -0.3826834323651000500, 0.0000000000000000000 ) ) ;
#1189 = DIRECTION ( 'NONE',  ( 0.9238795325112876300, 0.3826834323650874500, -8.920344749722869000E-017 ) ) ;
#1190 = CARTESIAN_POINT ( 'NONE',  ( 0.1963674848343153500, 0.01377999999999931500, -0.7874999999999999800 ) ) ;
#1191 = VERTEX_POINT ( 'NONE', #3371 ) ;
#1192 = CARTESIAN_POINT ( 'NONE',  ( 0.07487050183052383600, 0.01609701275985253900, -0.7875000000000003100 ) ) ;
#1193 = ORIENTED_EDGE ( 'NONE', *, *, #4644, .T. ) ;
#1194 = VECTOR ( 'NONE', #506, 39.37007874015748900 ) ;
#1195 = DIRECTION ( 'NONE',  ( -0.9238795325112824100, 0.3826834323651000500, -8.920344749722869000E-017 ) ) ;
#1196 = ORIENTED_EDGE ( 'NONE', *, *, #2943, .F. ) ;
#1197 = CIRCLE ( 'NONE', #4409, 0.6510058714408292200 ) ;
#1198 = EDGE_CURVE ( 'NONE', #2777, #417, #4435, .T. ) ;
#1199 = DIRECTION ( 'NONE',  ( -0.0000000000000000000, 0.0000000000000000000, -1.000000000000000000 ) ) ;
#1200 = PLANE ( 'NONE',  #3784 ) ;
#1201 = CARTESIAN_POINT ( 'NONE',  ( 0.1076837406101431900, 0.2959804223400665500, -0.5119094488188979900 ) ) ;
#1202 = ORIENTED_EDGE ( 'NONE', *, *, #2242, .T. ) ;
#1203 = LINE ( 'NONE', #2820, #117 ) ;
#1204 = AXIS2_PLACEMENT_3D ( 'NONE', #3025, #819, #1571 ) ;
#1205 = VERTEX_POINT ( 'NONE', #3737 ) ;
#1206 = DIRECTION ( 'NONE',  ( 0.0000000000000000000, 0.0000000000000000000, -1.000000000000000000 ) ) ;
#1207 = CARTESIAN_POINT ( 'NONE',  ( 0.01378000000000000100, 0.5352140900139535900, 0.7874999999999999800 ) ) ;
#1208 = EDGE_CURVE ( 'NONE', #2939, #545, #1046, .T. ) ;
#1209 = CARTESIAN_POINT ( 'NONE',  ( -0.005273377697990814600, 0.01273105995800558400, -0.05818856301081960800 ) ) ;
#1210 = CIRCLE ( 'NONE', #2556, 0.5353914554318778300 ) ;
#1211 = ORIENTED_EDGE ( 'NONE', *, *, #3429, .T. ) ;
#1212 = CARTESIAN_POINT ( 'NONE',  ( -0.005273377697990924700, 0.01273105995800559300, -0.5119094488188979900 ) ) ;
#1213 = CARTESIAN_POINT ( 'NONE',  ( 0.1761465223911531400, -0.08787764305930176300, 0.1381789218234976100 ) ) ;
#1214 = FACE_OUTER_BOUND ( 'NONE', #712, .T. ) ;
#1215 =( BOUNDED_CURVE ( )  B_SPLINE_CURVE ( 3, ( #4647, #4268, #3857, #917 ),
 .UNSPECIFIED., .F., .F. ) 
 B_SPLINE_CURVE_WITH_KNOTS ( ( 4, 4 ),
 ( 3.117645216900681000, 3.165540090278905300 ),
 .UNSPECIFIED. ) 
 CURVE ( )  GEOMETRIC_REPRESENTATION_ITEM ( )  RATIONAL_B_SPLINE_CURVE ( ( 1.000000000000000000, 0.9998088492273599100, 0.9998088492273599100, 1.000000000000000000 ) ) 
 REPRESENTATION_ITEM ( '' )  );
#1216 = ORIENTED_EDGE ( 'NONE', *, *, #740, .T. ) ;
#1217 = CARTESIAN_POINT ( 'NONE',  ( 0.0000000000000000000, 0.0000000000000000000, -0.5119094488188979900 ) ) ;
#1218 = DIRECTION ( 'NONE',  ( -0.0000000000000000000, -0.0000000000000000000, -1.000000000000000000 ) ) ;
#1219 = LINE ( 'NONE', #1212, #3290 ) ;
#1220 = CARTESIAN_POINT ( 'NONE',  ( 0.1968503937007875500, 0.004598033534378922700, -0.3456021707873910300 ) ) ;
#1221 = VERTEX_POINT ( 'NONE', #4059 ) ;
#1222 = VECTOR ( 'NONE', #1645, 39.37007874015748100 ) ;
#1223 = CARTESIAN_POINT ( 'NONE',  ( 0.1866932777871351000, -0.06241552314329078300, -0.5119094488188979900 ) ) ;
#1224 = CARTESIAN_POINT ( 'NONE',  ( 0.004600857812505159400, -0.1970116270121835300, -0.3457634040987869800 ) ) ;
#1225 = CARTESIAN_POINT ( 'NONE',  ( -0.3687095809906984500, 0.3881974438802088800, 0.7874999999999999800 ) ) ;
#1226 = DIRECTION ( 'NONE',  ( 0.7071067811865536800, 0.7071067811865413600, 0.0000000000000000000 ) ) ;
#1227 = CARTESIAN_POINT ( 'NONE',  ( -0.1485967115756399700, 0.1291088486861421100, -0.3451192619209188500 ) ) ;
#1228 = ORIENTED_EDGE ( 'NONE', *, *, #3654, .T. ) ;
#1229 = LINE ( 'NONE', #1553, #1341 ) ;
#1230 = CARTESIAN_POINT ( 'NONE',  ( 0.05686606417452880200, 0.1732956986809190100, -0.7875000000000003100 ) ) ;
#1231 = CARTESIAN_POINT ( 'NONE',  ( 0.0000000000000000000, 0.6510058714408292200, 0.4292699999999997600 ) ) ;
#1232 = AXIS2_PLACEMENT_3D ( 'NONE', #2885, #4020, #4336 ) ;
#1233 = LINE ( 'NONE', #3487, #4556 ) ;
#1234 = EDGE_CURVE ( 'NONE', #4450, #610, #930, .T. ) ;
#1235 = VERTEX_POINT ( 'NONE', #1519 ) ;
#1236 = ORIENTED_EDGE ( 'NONE', *, *, #4397, .F. ) ;
#1237 = CARTESIAN_POINT ( 'NONE',  ( 0.01378000000000000100, 0.5596377692941244500, -0.2196488778833548000 ) ) ;
#1238 = CARTESIAN_POINT ( 'NONE',  ( 0.3157590042756640600, 0.3352468671651597200, 0.4292699999999997600 ) ) ;
#1239 = EDGE_LOOP ( 'NONE', ( #127, #573, #3098, #935 ) ) ;
#1240 = AXIS2_PLACEMENT_3D ( 'NONE', #2720, #3809, #119 ) ;
#1241 = EDGE_CURVE ( 'NONE', #1020, #1053, #1506, .T. ) ;
#1242 = ORIENTED_EDGE ( 'NONE', *, *, #1509, .T. ) ;
#1243 = VERTEX_POINT ( 'NONE', #1867 ) ;
#1244 = CARTESIAN_POINT ( 'NONE',  ( 0.0000000000000000000, 0.0000000000000000000, -0.5119094488188979900 ) ) ;
#1245 = DIRECTION ( 'NONE',  ( 0.7345095552677507500, 0.0000000000000000000, -0.6785983445458519900 ) ) ;
#1246 = B_SPLINE_CURVE_WITH_KNOTS ( 'NONE', 3,
 ( #1630, #501, #4538, #3452, #4570, #2339, #4150 ),
 .UNSPECIFIED., .F., .F.,
 ( 4, 3, 4 ),
 ( 2.019671278339852300E-007, 0.02140495045453186300, 0.02564998077238688600 ),
 .UNSPECIFIED. ) ;
#1247 = AXIS2_PLACEMENT_3D ( 'NONE', #3588, #4708, #2879 ) ;
#1248 = CARTESIAN_POINT ( 'NONE',  ( -0.2448102453525957700, -0.1163190883529565100, 0.2125000000000000200 ) ) ;
#1249 = ORIENTED_EDGE ( 'NONE', *, *, #2741, .T. ) ;
#1250 = ORIENTED_EDGE ( 'NONE', *, *, #69, .T. ) ;
#1251 = CARTESIAN_POINT ( 'NONE',  ( 0.0000000000000000000, 0.0000000000000000000, -0.5119094488188979900 ) ) ;
#1252 = LINE ( 'NONE', #1271, #108 ) ;
#1253 = ORIENTED_EDGE ( 'NONE', *, *, #2232, .F. ) ;
#1254 = CARTESIAN_POINT ( 'NONE',  ( -0.3628693587064220600, 0.3433814958169293900, -0.6481465455388578700 ) ) ;
#1255 = DIRECTION ( 'NONE',  ( 1.000000000000000000, -1.047444401652940000E-014, 0.0000000000000000000 ) ) ;
#1256 = FACE_OUTER_BOUND ( 'NONE', #979, .T. ) ;
#1257 = CARTESIAN_POINT ( 'NONE',  ( 0.6486334454518556400, 0.01377999999999773700, 0.4134306997790654400 ) ) ;
#1258 = EDGE_CURVE ( 'NONE', #1205, #139, #303, .T. ) ;
#1259 = VERTEX_POINT ( 'NONE', #1130 ) ;
#1260 = CIRCLE ( 'NONE', #3123, 0.6510058714408292200 ) ;
#1261 = ORIENTED_EDGE ( 'NONE', *, *, #1102, .F. ) ;
#1262 = AXIS2_PLACEMENT_3D ( 'NONE', #3929, #1757, #2071 ) ;
#1263 = FACE_OUTER_BOUND ( 'NONE', #3972, .T. ) ;
#1264 = EDGE_CURVE ( 'NONE', #4674, #1191, #2135, .T. ) ;
#1265 = DIRECTION ( 'NONE',  ( 0.0000000000000000000, 0.0000000000000000000, 1.000000000000000000 ) ) ;
#1266 = CARTESIAN_POINT ( 'NONE',  ( 0.01378000000000000100, 0.6462731510175632200, 0.3966401336562040400 ) ) ;
#1267 = DIRECTION ( 'NONE',  ( 1.000000000000000000, 0.0000000000000000000, -0.0000000000000000000 ) ) ;
#1268 = VERTEX_POINT ( 'NONE', #2575 ) ;
#1269 = FACE_OUTER_BOUND ( 'NONE', #929, .T. ) ;
#1270 = AXIS2_PLACEMENT_3D ( 'NONE', #1929, #4487, #823 ) ;
#1271 = CARTESIAN_POINT ( 'NONE',  ( -0.1963674848343154600, -0.01377999999999794300, -0.7874999999999999800 ) ) ;
#1272 = EDGE_CURVE ( 'NONE', #1166, #3835, #2073, .T. ) ;
#1273 = ORIENTED_EDGE ( 'NONE', *, *, #3942, .F. ) ;
#1274 = VECTOR ( 'NONE', #4490, 39.37007874015748100 ) ;
#1275 = CARTESIAN_POINT ( 'NONE',  ( -0.09085696843694801600, 0.2553570007485764200, 0.2125000000000000200 ) ) ;
#1276 = ORIENTED_EDGE ( 'NONE', *, *, #2833, .T. ) ;
#1277 = CARTESIAN_POINT ( 'NONE',  ( 0.004594211520414997500, 0.4996169921972549200, -0.6483687692838570000 ) ) ;
#1278 = VECTOR ( 'NONE', #2395, 39.37007874015748100 ) ;
#1279 = ORIENTED_EDGE ( 'NONE', *, *, #4305, .T. ) ;
#1280 = DIRECTION ( 'NONE',  ( -0.0000000000000000000, -0.0000000000000000000, -1.000000000000000000 ) ) ;
#1281 = DIRECTION ( 'NONE',  ( -0.0000000000000000000, -0.0000000000000000000, -1.000000000000000000 ) ) ;
#1282 = DIRECTION ( 'NONE',  ( 0.0000000000000000000, 0.0000000000000000000, -1.000000000000000000 ) ) ;
#1283 = VECTOR ( 'NONE', #1936, 39.37007874015748900 ) ;
#1284 = VERTEX_POINT ( 'NONE', #4041 ) ;
#1285 = DIRECTION ( 'NONE',  ( -0.0000000000000000000, -0.0000000000000000000, -1.000000000000000000 ) ) ;
#1286 = CARTESIAN_POINT ( 'NONE',  ( -0.2854336669440859500, -0.1331458605261514000, -0.5119094488188979900 ) ) ;
#1287 = VERTEX_POINT ( 'NONE', #3716 ) ;
#1288 = ORIENTED_EDGE ( 'NONE', *, *, #286, .F. ) ;
#1289 = CARTESIAN_POINT ( 'NONE',  ( -2.055016086416291600E-015, -0.01378000000000000900, 0.5709999999999998400 ) ) ;
#1290 = AXIS2_PLACEMENT_3D ( 'NONE', #2443, #282, #2821 ) ;
#1291 = CARTESIAN_POINT ( 'NONE',  ( -0.004594211520415112000, 0.4996169921972549200, -0.6483687692838570000 ) ) ;
#1292 = EDGE_CURVE ( 'NONE', #1708, #1053, #4608, .T. ) ;
#1293 = B_SPLINE_CURVE_WITH_KNOTS ( 'NONE', 3,
 ( #3619, #2571, #381, #4405, #3666, #4735, #4377, #691, #2954, #707 ),
 .UNSPECIFIED., .F., .F.,
 ( 4, 3, 3, 4 ),
 ( 0.06085565139990051200, 0.06207447280232166600, 0.08516543236077783700, 0.08849113309542748500 ),
 .UNSPECIFIED. ) ;
#1294 = ORIENTED_EDGE ( 'NONE', *, *, #4282, .F. ) ;
#1295 = CARTESIAN_POINT ( 'NONE',  ( 0.01378000000000000100, -0.1963674848343152600, 0.7874999999999999800 ) ) ;
#1296 = VERTEX_POINT ( 'NONE', #1248 ) ;
#1297 = EDGE_CURVE ( 'NONE', #1486, #1166, #1561, .T. ) ;
#1298 = ORIENTED_EDGE ( 'NONE', *, *, #128, .F. ) ;
#1299 = DIRECTION ( 'NONE',  ( -0.0000000000000000000, -0.0000000000000000000, -1.000000000000000000 ) ) ;
#1300 = CARTESIAN_POINT ( 'NONE',  ( -0.01378000000000000100, -0.6533546981540731000, -0.7874999999999999800 ) ) ;
#1301 = CARTESIAN_POINT ( 'NONE',  ( -0.5641074005641623100, 0.2187455714286863400, 0.1021667319364034200 ) ) ;
#1302 = ORIENTED_EDGE ( 'NONE', *, *, #3030, .F. ) ;
#1303 = APPROVAL ( #2092, 'UNSPECIFIED' ) ;
#1304 = LINE ( 'NONE', #2579, #2450 ) ;
#1305 = EDGE_CURVE ( 'NONE', #3546, #1068, #1875, .T. ) ;
#1306 = CARTESIAN_POINT ( 'NONE',  ( 0.4160720941408629400, -0.3965842312513659400, -0.7874999999999999800 ) ) ;
#1307 = ORIENTED_EDGE ( 'NONE', *, *, #1009, .F. ) ;
#1308 = VECTOR ( 'NONE', #3202, 39.37007874015748100 ) ;
#1309 = ADVANCED_FACE ( 'NONE', ( #2952 ), #3387, .T. ) ;
#1310 = CARTESIAN_POINT ( 'NONE',  ( 0.0000000000000000000, 0.0000000000000000000, 0.5829299999999997300 ) ) ;
#1311 = CARTESIAN_POINT ( 'NONE',  ( -0.2008132303129573600, -0.5208148994374753900, -0.2311669415155344100 ) ) ;
#1312 = CARTESIAN_POINT ( 'NONE',  ( 0.1425615551914065900, -0.1360549596744130600, -0.3457634040987869800 ) ) ;
#1313 = ORIENTED_EDGE ( 'NONE', *, *, #926, .F. ) ;
#1314 = VECTOR ( 'NONE', #2636, 39.37007874015748100 ) ;
#1315 = ORIENTED_EDGE ( 'NONE', *, *, #1904, .T. ) ;
#1316 = CARTESIAN_POINT ( 'NONE',  ( -0.01378000000000000100, 0.6533546981540731000, -0.7874999999999999800 ) ) ;
#1317 = DIRECTION ( 'NONE',  ( -0.0000000000000000000, 0.0000000000000000000, -1.000000000000000000 ) ) ;
#1318 = DIRECTION ( 'NONE',  ( -0.6532814824381920600, -0.2705980500730981200, 0.7071067811865441300 ) ) ;
#1319 = CARTESIAN_POINT ( 'NONE',  ( 0.07487050183052480800, 0.01609701275985373300, -0.7875000000000003100 ) ) ;
#1320 = LINE ( 'NONE', #1956, #4367 ) ;
#1321 = AXIS2_PLACEMENT_3D ( 'NONE', #94, #2257, #1891 ) ;
#1322 = EDGE_CURVE ( 'NONE', #2777, #4422, #1842, .T. ) ;
#1323 = VERTEX_POINT ( 'NONE', #483 ) ;
#1324 = LINE ( 'NONE', #4488, #526 ) ;
#1325 = AXIS2_PLACEMENT_3D ( 'NONE', #2935, #18, #2970 ) ;
#1326 = ORIENTED_EDGE ( 'NONE', *, *, #4397, .T. ) ;
#1327 = EDGE_CURVE ( 'NONE', #3247, #2078, #2018, .T. ) ;
#1328 = PERSON_AND_ORGANIZATION_ROLE ( 'creator' ) ;
#1329 = CARTESIAN_POINT ( 'NONE',  ( 0.005273377697991063500, 0.01273105995800542800, -0.5119094488188979900 ) ) ;
#1330 = CIRCLE ( 'NONE', #531, 0.1968503937007875500 ) ;
#1331 = DIRECTION ( 'NONE',  ( -0.0000000000000000000, -0.0000000000000000000, -1.000000000000000000 ) ) ;
#1332 = VERTEX_POINT ( 'NONE', #3405 ) ;
#1333 = FACE_OUTER_BOUND ( 'NONE', #1466, .T. ) ;
#1334 = DIRECTION ( 'NONE',  ( 0.0000000000000000000, 0.0000000000000000000, -1.000000000000000000 ) ) ;
#1335 = DIRECTION ( 'NONE',  ( 0.0000000000000000000, 0.8164965809277239300, -0.5773502691896288400 ) ) ;
#1336 = EDGE_CURVE ( 'NONE', #2292, #1375, #1162, .T. ) ;
#1337 = ADVANCED_FACE ( 'NONE', ( #3634 ), #1608, .T. ) ;
#1338 = CARTESIAN_POINT ( 'NONE',  ( -0.01378000000000000100, -0.4993947684522553900, -0.6481465455388575300 ) ) ;
#1339 = DIRECTION ( 'NONE',  ( -0.0000000000000000000, -0.0000000000000000000, -1.000000000000000000 ) ) ;
#1340 = ORIENTED_EDGE ( 'NONE', *, *, #2364, .T. ) ;
#1341 = VECTOR ( 'NONE', #4497, 39.37007874015748100 ) ;
#1342 = DIRECTION ( 'NONE',  ( -1.000000000000000000, 3.491481338843133000E-015, 0.0000000000000000000 ) ) ;
#1343 = DIRECTION ( 'NONE',  ( -0.0000000000000000000, -0.0000000000000000000, -1.000000000000000000 ) ) ;
#1344 = ORIENTED_EDGE ( 'NONE', *, *, #4226, .T. ) ;
#1345 = LINE ( 'NONE', #1798, #3693 ) ;
#1346 = VECTOR ( 'NONE', #1437, 39.37007874015748900 ) ;
#1347 = MECHANICAL_CONTEXT ( 'NONE', #3088, 'mechanical' ) ;
#1348 = CARTESIAN_POINT ( 'NONE',  ( 0.1163190883529590700, -0.2448102453525945200, 0.2125000000000000200 ) ) ;
#1349 = ORIENTED_EDGE ( 'NONE', *, *, #4503, .F. ) ;
#1350 = ORIENTED_EDGE ( 'NONE', *, *, #758, .T. ) ;
#1351 = DIRECTION ( 'NONE',  ( -0.0000000000000000000, -0.0000000000000000000, -1.000000000000000000 ) ) ;
#1352 = CARTESIAN_POINT ( 'NONE',  ( -0.06241552314329133800, -0.1866932777871349600, -0.7874999999999999800 ) ) ;
#1353 = CARTESIAN_POINT ( 'NONE',  ( 0.2501431978237563200, 0.5678902254094944100, 0.2124999999999999900 ) ) ;
#1354 = EDGE_LOOP ( 'NONE', ( #4298, #229, #1355, #538, #791, #1288, #4713 ) ) ;
#1355 = ORIENTED_EDGE ( 'NONE', *, *, #29, .T. ) ;
#1356 = DIRECTION ( 'NONE',  ( 0.0000000000000000000, -1.000000000000000000, 0.0000000000000000000 ) ) ;
#1357 = CARTESIAN_POINT ( 'NONE',  ( -0.01378000000000000100, 0.6485665845670484100, 0.4129550664537980400 ) ) ;
#1358 = DIRECTION ( 'NONE',  ( 0.9238795325112824100, -0.3826834323651000500, 0.0000000000000000000 ) ) ;
#1359 = EDGE_CURVE ( 'NONE', #3237, #853, #2619, .T. ) ;
#1360 = ADVANCED_FACE ( 'NONE', ( #4158 ), #3805, .T. ) ;
#1361 = ORIENTED_EDGE ( 'NONE', *, *, #4533, .T. ) ;
#1362 = DIRECTION ( 'NONE',  ( -1.000000000000000000, 0.0000000000000000000, 0.0000000000000000000 ) ) ;
#1363 =( BOUNDED_CURVE ( )  B_SPLINE_CURVE ( 3, ( #1338, #2068, #4217, #673 ),
 .UNSPECIFIED., .F., .F. ) 
 B_SPLINE_CURVE_WITH_KNOTS ( ( 4, 4 ),
 ( 3.117645216900681400, 3.165540090278905300 ),
 .UNSPECIFIED. ) 
 CURVE ( )  GEOMETRIC_REPRESENTATION_ITEM ( )  RATIONAL_B_SPLINE_CURVE ( ( 1.000000000000000000, 0.9998088492273599100, 0.9998088492273599100, 1.000000000000000000 ) ) 
 REPRESENTATION_ITEM ( '' )  );
#1364 = CARTESIAN_POINT ( 'NONE',  ( 0.4380060164825136900, -0.1963433969481019100, -0.7875000000000005300 ) ) ;
#1365 = APPROVAL_PERSON_ORGANIZATION ( #4242, #1303, #4289 ) ;
#1366 = EDGE_CURVE ( 'NONE', #177, #4056, #2997, .T. ) ;
#1367 = ORIENTED_EDGE ( 'NONE', *, *, #836, .T. ) ;
#1368 = CARTESIAN_POINT ( 'NONE',  ( 0.4522476061400851900, 0.4717354690295848500, -0.7874999999999999800 ) ) ;
#1369 = CARTESIAN_POINT ( 'NONE',  ( 0.6441802955571315200, -0.01378000000000225100, 0.3817521014761809900 ) ) ;
#1370 = VECTOR ( 'NONE', #3505, 39.37007874015748100 ) ;
#1371 = CARTESIAN_POINT ( 'NONE',  ( 0.01273105995800552900, -0.005273377697990949900, -0.05818856301081960800 ) ) ;
#1372 = PLANE ( 'NONE',  #1108 ) ;
#1373 = ORIENTED_EDGE ( 'NONE', *, *, #1759, .F. ) ;
#1374 = LINE ( 'NONE', #2910, #1540 ) ;
#1375 = VERTEX_POINT ( 'NONE', #2680 ) ;
#1376 = CIRCLE ( 'NONE', #3004, 0.6534999999999999700 ) ;
#1377 = CARTESIAN_POINT ( 'NONE',  ( 0.5102681440414940100, -0.2262753502289665500, -0.2311669415155345500 ) ) ;
#1378 = VERTEX_POINT ( 'NONE', #3049 ) ;
#1379 = VECTOR ( 'NONE', #2039, 39.37007874015748100 ) ;
#1380 = CARTESIAN_POINT ( 'NONE',  ( -0.01378000000000000100, 0.5352140900139535900, 0.7874999999999999800 ) ) ;
#1381 = ADVANCED_FACE ( 'NONE', ( #818 ), #696, .T. ) ;
#1382 = CARTESIAN_POINT ( 'NONE',  ( -0.4717354690295801300, 0.4522476061400901300, 0.5829299999999997300 ) ) ;
#1383 = ORIENTED_EDGE ( 'NONE', *, *, #1450, .T. ) ;
#1384 = VECTOR ( 'NONE', #4390, 39.37007874015748100 ) ;
#1385 = EDGE_CURVE ( 'NONE', #2177, #2951, #2186, .T. ) ;
#1386 = DIRECTION ( 'NONE',  ( -0.0000000000000000000, -0.0000000000000000000, -1.000000000000000000 ) ) ;
#1387 = VERTEX_POINT ( 'NONE', #1563 ) ;
#1388 = DIRECTION ( 'NONE',  ( 0.0000000000000000000, 0.0000000000000000000, -1.000000000000000000 ) ) ;
#1389 = CARTESIAN_POINT ( 'NONE',  ( 0.1291088486861405600, 0.1485967115756413000, -0.3451192619209187400 ) ) ;
#1390 = LINE ( 'NONE', #3747, #4438 ) ;
#1391 = AXIS2_PLACEMENT_3D ( 'NONE', #4632, #934, #3839 ) ;
#1392 = EDGE_CURVE ( 'NONE', #4536, #4557, #3179, .T. ) ;
#1393 = VERTEX_POINT ( 'NONE', #4577 ) ;
#1394 = VECTOR ( 'NONE', #4365, 39.37007874015748100 ) ;
#1395 = VERTEX_POINT ( 'NONE', #189 ) ;
#1396 = AXIS2_PLACEMENT_3D ( 'NONE', #470, #3374, #833 ) ;
#1397 = DIRECTION ( 'NONE',  ( -0.0000000000000000000, -0.0000000000000000000, -1.000000000000000000 ) ) ;
#1398 = CARTESIAN_POINT ( 'NONE',  ( 0.6019970751657596200, -0.01378000000000210300, 0.08167154250216608600 ) ) ;
#1399 = LINE ( 'NONE', #307, #1050 ) ;
#1400 = EDGE_CURVE ( 'NONE', #3712, #3965, #1219, .T. ) ;
#1401 = DIRECTION ( 'NONE',  ( -0.0000000000000000000, -0.0000000000000000000, -1.000000000000000000 ) ) ;
#1402 = CARTESIAN_POINT ( 'NONE',  ( 0.0000000000000000000, 0.0000000000000000000, -0.5119094488188979900 ) ) ;
#1403 = LINE ( 'NONE', #4035, #3190 ) ;
#1404 = ORIENTED_EDGE ( 'NONE', *, *, #1081, .F. ) ;
#1405 = CARTESIAN_POINT ( 'NONE',  ( -0.1291088486861384800, 0.1485967115756430800, -0.7874999999999999800 ) ) ;
#1406 = LINE ( 'NONE', #1725, #432 ) ;
#1407 = VERTEX_POINT ( 'NONE', #1675 ) ;
#1408 = ORIENTED_EDGE ( 'NONE', *, *, #99, .F. ) ;
#1409 = CARTESIAN_POINT ( 'NONE',  ( 0.01378000000000000100, -0.5352140900139535900, 0.7874999999999999800 ) ) ;
#1410 = ADVANCED_FACE ( 'NONE', ( #1333 ), #3101, .T. ) ;
#1411 = DIRECTION ( 'NONE',  ( 0.0000000000000000000, 0.0000000000000000000, 1.000000000000000000 ) ) ;
#1412 = EDGE_LOOP ( 'NONE', ( #1801, #800, #1216, #1103 ) ) ;
#1413 = VERTEX_POINT ( 'NONE', #2350 ) ;
#1414 = CARTESIAN_POINT ( 'NONE',  ( 0.6321386216990705400, -0.01378000000000220900, 0.6196691518083300400 ) ) ;
#1415 = CARTESIAN_POINT ( 'NONE',  ( -0.01378000000000000100, -0.5176236959681910200, -0.5184886000649031600 ) ) ;
#1416 = VERTEX_POINT ( 'NONE', #938 ) ;
#1417 = COORDINATED_UNIVERSAL_TIME_OFFSET ( 6, 0, .BEHIND. ) ;
#1418 = DIRECTION ( 'NONE',  ( -0.0000000000000000000, -0.0000000000000000000, -1.000000000000000000 ) ) ;
#1419 = AXIS2_PLACEMENT_3D ( 'NONE', #262, #973, #3153 ) ;
#1420 = CARTESIAN_POINT ( 'NONE',  ( -0.009743931444750527200, 0.009743931444750723200, -0.1487517770866043600 ) ) ;
#1421 = EDGE_CURVE ( 'NONE', #271, #1985, #3724, .T. ) ;
#1422 = ORIENTED_EDGE ( 'NONE', *, *, #565, .T. ) ;
#1423 = CARTESIAN_POINT ( 'NONE',  ( 0.1485967115756408100, -0.1291088486861410300, 0.7874999999999999800 ) ) ;
#1424 = CARTESIAN_POINT ( 'NONE',  ( -0.3565311612989992600, -0.3500339650584112800, -0.6483687692838570000 ) ) ;
#1425 = ORIENTED_EDGE ( 'NONE', *, *, #1019, .F. ) ;
#1426 = AXIS2_PLACEMENT_3D ( 'NONE', #2168, #4036, #1844 ) ;
#1427 = VECTOR ( 'NONE', #2834, 39.37007874015748100 ) ;
#1428 = EDGE_CURVE ( 'NONE', #1296, #3579, #192, .T. ) ;
#1429 = ORIENTED_EDGE ( 'NONE', *, *, #3862, .F. ) ;
#1430 = CARTESIAN_POINT ( 'NONE',  ( 0.0000000000000000000, 0.1968503937007876600, -0.7875000000000003100 ) ) ;
#1431 = DIRECTION ( 'NONE',  ( 0.7071067811865389100, -0.7071067811865561200, 0.0000000000000000000 ) ) ;
#1432 = ADVANCED_FACE ( 'NONE', ( #2832 ), #3496, .T. ) ;
#1433 = CARTESIAN_POINT ( 'NONE',  ( -0.08787764305930231800, -0.1761465223911528600, -0.7874999999999999800 ) ) ;
#1434 = CARTESIAN_POINT ( 'NONE',  ( 0.1076837406101433400, -0.2959804223400665000, -0.5119094488188979900 ) ) ;
#1435 = LINE ( 'NONE', #1554, #4587 ) ;
#1436 = ORIENTED_EDGE ( 'NONE', *, *, #2648, .T. ) ;
#1437 = DIRECTION ( 'NONE',  ( 0.7071067811865486800, 0.7071067811865462400, -0.0000000000000000000 ) ) ;
#1438 = DIRECTION ( 'NONE',  ( 0.0000000000000000000, -0.7345095552677523000, -0.6785983445458503300 ) ) ;
#1439 = VECTOR ( 'NONE', #543, 39.37007874015748100 ) ;
#1440 = DIRECTION ( 'NONE',  ( 0.7345095552677526300, 0.0000000000000000000, 0.6785983445458500000 ) ) ;
#1441 = EDGE_LOOP ( 'NONE', ( #4396, #4458, #2230, #1575 ) ) ;
#1442 = VECTOR ( 'NONE', #4471, 39.37007874015748100 ) ;
#1443 = ORIENTED_EDGE ( 'NONE', *, *, #2874, .F. ) ;
#1444 = FACE_OUTER_BOUND ( 'NONE', #2537, .T. ) ;
#1445 = CARTESIAN_POINT ( 'NONE',  ( 0.1485967115756416400, 0.1291088486861398900, 0.7874999999999999800 ) ) ;
#1446 = CARTESIAN_POINT ( 'NONE',  ( -0.2448102453525933300, 0.1163190883529616100, 0.2125000000000000200 ) ) ;
#1447 = DIRECTION ( 'NONE',  ( -1.000000000000000000, 0.0000000000000000000, 0.0000000000000000000 ) ) ;
#1448 = AXIS2_PLACEMENT_3D ( 'NONE', #3047, #2328, #3143 ) ;
#1449 = ORIENTED_EDGE ( 'NONE', *, *, #276, .T. ) ;
#1450 = EDGE_CURVE ( 'NONE', #1175, #848, #4498, .T. ) ;
#1451 = LINE ( 'NONE', #1405, #3126 ) ;
#1452 = CARTESIAN_POINT ( 'NONE',  ( -0.1485967115756426600, -0.1291088486861390100, -0.3451192619209188500 ) ) ;
#1453 = ORIENTED_EDGE ( 'NONE', *, *, #3266, .F. ) ;
#1454 = ORIENTED_EDGE ( 'NONE', *, *, #933, .F. ) ;
#1455 = VECTOR ( 'NONE', #1281, 39.37007874015748100 ) ;
#1456 = ADVANCED_FACE ( 'NONE', ( #247 ), #3478, .F. ) ;
#1457 = EDGE_CURVE ( 'NONE', #2325, #2363, #3519, .T. ) ;
#1458 = CARTESIAN_POINT ( 'NONE',  ( -0.3628693587064291700, -0.3433814958169217300, -0.6481465455388575300 ) ) ;
#1459 = ORIENTED_EDGE ( 'NONE', *, *, #1482, .T. ) ;
#1460 = DATE_TIME_ROLE ( 'classification_date' ) ;
#1461 = VECTOR ( 'NONE', #3744, 39.37007874015748100 ) ;
#1462 = VERTEX_POINT ( 'NONE', #4239 ) ;
#1463 = CARTESIAN_POINT ( 'NONE',  ( -0.4995058723592285500, 0.009187435021345237100, -0.6482576494458309700 ) ) ;
#1464 = CARTESIAN_POINT ( 'NONE',  ( -0.08787764305930231800, -0.1761465223911528600, -0.5119094488188979900 ) ) ;
#1465 = DIRECTION ( 'NONE',  ( -0.0000000000000000000, -0.0000000000000000000, -1.000000000000000000 ) ) ;
#1466 = EDGE_LOOP ( 'NONE', ( #1905, #4507, #3680, #1261 ) ) ;
#1467 = ORIENTED_EDGE ( 'NONE', *, *, #2717, .T. ) ;
#1468 = CARTESIAN_POINT ( 'NONE',  ( 0.2959804223400668300, 0.1076837406101423000, -0.5119094488188979900 ) ) ;
#1469 = PLANE ( 'NONE',  #1426 ) ;
#1470 = EDGE_LOOP ( 'NONE', ( #3767, #2309, #736, #2545 ) ) ;
#1471 = VERTEX_POINT ( 'NONE', #1275 ) ;
#1472 = EDGE_CURVE ( 'NONE', #177, #2671, #4032, .T. ) ;
#1473 = CARTESIAN_POINT ( 'NONE',  ( 0.1485967115756408600, -0.1291088486861410900, -0.3451192619209188500 ) ) ;
#1474 = CARTESIAN_POINT ( 'NONE',  ( -0.4485527718784980100, -0.1708812770320849200, -0.7875000000000005300 ) ) ;
#1475 = LINE ( 'NONE', #4462, #329 ) ;
#1476 = ADVANCED_FACE ( 'NONE', ( #3063 ), #1101, .T. ) ;
#1477 = CARTESIAN_POINT ( 'NONE',  ( 0.1968503937007875500, -0.004598033534379831700, -0.3456021707873910300 ) ) ;
#1478 = ORIENTED_EDGE ( 'NONE', *, *, #2457, .T. ) ;
#1479 = LINE ( 'NONE', #626, #1427 ) ;
#1480 = CARTESIAN_POINT ( 'NONE',  ( 0.01378000000000000100, 1.141827091101859900E-016, -0.1487517770866043600 ) ) ;
#1481 = DIRECTION ( 'NONE',  ( 0.0000000000000000000, 0.0000000000000000000, 1.000000000000000000 ) ) ;
#1482 = EDGE_CURVE ( 'NONE', #3675, #2729, #4384, .T. ) ;
#1483 = ORIENTED_EDGE ( 'NONE', *, *, #3663, .T. ) ;
#1484 = CARTESIAN_POINT ( 'NONE',  ( 0.4718382129501569900, -0.4523503500606606600, 0.7874999999999999800 ) ) ;
#1485 = CC_DESIGN_PERSON_AND_ORGANIZATION_ASSIGNMENT ( #389, #3656, ( #3099 ) ) ;
#1486 = VERTEX_POINT ( 'NONE', #2057 ) ;
#1487 = EDGE_CURVE ( 'NONE', #716, #504, #2776, .T. ) ;
#1488 = CARTESIAN_POINT ( 'NONE',  ( -0.5115474638116274100, -0.01377999999999464400, -0.5617079260506034900 ) ) ;
#1489 = DIRECTION ( 'NONE',  ( -1.000000000000000000, 0.0000000000000000000, 0.0000000000000000000 ) ) ;
#1490 = CARTESIAN_POINT ( 'NONE',  ( 3.413668146703864000E-017, -1.793962378875098000E-016, 0.2124999999999999900 ) ) ;
#1491 = VERTEX_POINT ( 'NONE', #3462 ) ;
#1492 = LINE ( 'NONE', #2020, #3338 ) ;
#1493 = ORIENTED_EDGE ( 'NONE', *, *, #1536, .T. ) ;
#1494 = CARTESIAN_POINT ( 'NONE',  ( -0.01378000000000000100, -0.5533782514116220000, 0.7560491721204313200 ) ) ;
#1495 = CARTESIAN_POINT ( 'NONE',  ( 0.1837756819228169600, -0.07114244727588597800, 0.1388230640013659000 ) ) ;
#1496 = CONICAL_SURFACE ( 'NONE', #596, 0.6534999999999999700, 0.5235987755982998100 ) ;
#1497 = ADVANCED_FACE ( 'NONE', ( #985 ), #1622, .T. ) ;
#1498 = VERTEX_POINT ( 'NONE', #4650 ) ;
#1499 = CIRCLE ( 'NONE', #378, 0.6205408347023917400 ) ;
#1500 = EDGE_CURVE ( 'NONE', #2723, #1044, #3922, .T. ) ;
#1501 = ORIENTED_EDGE ( 'NONE', *, *, #3570, .T. ) ;
#1502 =( BOUNDED_CURVE ( )  B_SPLINE_CURVE ( 3, ( #3559, #1312, #3934, #1733 ),
 .UNSPECIFIED., .F., .F. ) 
 B_SPLINE_CURVE_WITH_KNOTS ( ( 4, 4 ),
 ( 6.213125608189635300, 6.353245006169537100 ),
 .UNSPECIFIED. ) 
 CURVE ( )  GEOMETRIC_REPRESENTATION_ITEM ( )  RATIONAL_B_SPLINE_CURVE ( ( 1.000000000000000000, 0.9983645486388806900, 0.9983645486388806900, 1.000000000000000000 ) ) 
 REPRESENTATION_ITEM ( '' )  );
#1503 = DIRECTION ( 'NONE',  ( 0.7071067811865561200, 0.7071067811865389100, 0.0000000000000000000 ) ) ;
#1504 = LINE ( 'NONE', #1761, #539 ) ;
#1505 = CARTESIAN_POINT ( 'NONE',  ( 0.0000000000000000000, 0.0000000000000000000, -0.5119094488188979900 ) ) ;
#1506 = B_SPLINE_CURVE_WITH_KNOTS ( 'NONE', 3,
 ( #2979, #4075, #3305, #4411, #1532, #4092, #3337 ),
 .UNSPECIFIED., .F., .F.,
 ( 4, 3, 4 ),
 ( 2.019671278479972000E-007, 0.02140495045453186300, 0.02564998077238688600 ),
 .UNSPECIFIED. ) ;
#1507 = CARTESIAN_POINT ( 'NONE',  ( 0.2246810779077452200, 0.5784369808054761200, 0.2124999999999999100 ) ) ;
#1508 = AXIS2_PLACEMENT_3D ( 'NONE', #138, #463, #2722 ) ;
#1509 = EDGE_CURVE ( 'NONE', #4199, #2314, #4734, .T. ) ;
#1510 = ORIENTED_EDGE ( 'NONE', *, *, #3159, .T. ) ;
#1511 = DIRECTION ( 'NONE',  ( -1.000000000000000000, 0.0000000000000000000, 0.0000000000000000000 ) ) ;
#1512 = CARTESIAN_POINT ( 'NONE',  ( -0.4523503500606623800, -0.4718382129501554900, 0.7874999999999999800 ) ) ;
#1513 = CARTESIAN_POINT ( 'NONE',  ( -0.2553570007485773700, -0.09085696843694533700, 0.2125000000000000200 ) ) ;
#1514 = CIRCLE ( 'NONE', #2285, 0.5353914554318778300 ) ;
#1515 = VERTEX_POINT ( 'NONE', #2120 ) ;
#1516 = AXIS2_PLACEMENT_3D ( 'NONE', #2042, #3510, #4617 ) ;
#1517 = EDGE_CURVE ( 'NONE', #4422, #1515, #1908, .T. ) ;
#1518 = CARTESIAN_POINT ( 'NONE',  ( -0.005273377697990972400, -0.01273105995800546300, -0.5119094488188979900 ) ) ;
#1519 = CARTESIAN_POINT ( 'NONE',  ( 0.1331458605261544300, -0.2854336669440845600, -0.7875000000000003100 ) ) ;
#1520 = ORIENTED_EDGE ( 'NONE', *, *, #3600, .F. ) ;
#1521 = ORIENTED_EDGE ( 'NONE', *, *, #2938, .F. ) ;
#1522 = ORIENTED_EDGE ( 'NONE', *, *, #2421, .T. ) ;
#1523 = VERTEX_POINT ( 'NONE', #4297 ) ;
#1524 = PLANE ( 'NONE',  #4518 ) ;
#1525 = ADVANCED_FACE ( 'NONE', ( #4098 ), #3601, .F. ) ;
#1526 = CARTESIAN_POINT ( 'NONE',  ( -0.1963674848343151300, 0.01378000000000205600, 0.7874999999999999800 ) ) ;
#1527 = CARTESIAN_POINT ( 'NONE',  ( 0.0000000000000000000, 0.0000000000000000000, -0.7875000000000005300 ) ) ;
#1528 = CARTESIAN_POINT ( 'NONE',  ( 0.0000000000000000000, 0.0000000000000000000, -0.7875000000000003100 ) ) ;
#1529 = CARTESIAN_POINT ( 'NONE',  ( -0.3965568401538269700, -0.4160447030433212000, 0.7193110215654288100 ) ) ;
#1530 = DIRECTION ( 'NONE',  ( -1.000000000000000000, 0.0000000000000000000, 0.0000000000000000000 ) ) ;
#1531 = VERTEX_POINT ( 'NONE', #2840 ) ;
#1532 = CARTESIAN_POINT ( 'NONE',  ( -0.2442076913446915900, 0.5535606451681827100, 0.1021667319364034200 ) ) ;
#1533 = ORIENTED_EDGE ( 'NONE', *, *, #2242, .F. ) ;
#1534 = LINE ( 'NONE', #1679, #1878 ) ;
#1535 = AXIS2_PLACEMENT_3D ( 'NONE', #642, #3220, #3584 ) ;
#1536 = EDGE_CURVE ( 'NONE', #559, #139, #4084, .T. ) ;
#1537 = ORIENTED_EDGE ( 'NONE', *, *, #2755, .T. ) ;
#1538 = CARTESIAN_POINT ( 'NONE',  ( 0.6508600127911020600, 0.01377999999999773700, 0.4292699999999997600 ) ) ;
#1539 = DIRECTION ( 'NONE',  ( -0.0000000000000000000, -0.0000000000000000000, -1.000000000000000000 ) ) ;
#1540 = VECTOR ( 'NONE', #3696, 39.37007874015748100 ) ;
#1541 = ORIENTED_EDGE ( 'NONE', *, *, #3394, .T. ) ;
#1542 = AXIS2_PLACEMENT_3D ( 'NONE', #1559, #3892, #2040 ) ;
#1543 = DIRECTION ( 'NONE',  ( 0.0000000000000000000, 1.000000000000000000, 0.0000000000000000000 ) ) ;
#1544 = DIRECTION ( 'NONE',  ( -1.000000000000000000, 0.0000000000000000000, -0.0000000000000000000 ) ) ;
#1545 = EDGE_CURVE ( 'NONE', #3975, #1037, #3866, .T. ) ;
#1546 = CARTESIAN_POINT ( 'NONE',  ( -0.1291088486861415900, -0.1485967115756404200, -0.3451192619209188500 ) ) ;
#1547 = EDGE_LOOP ( 'NONE', ( #2784, #3379, #2210, #4671 ) ) ;
#1548 = CARTESIAN_POINT ( 'NONE',  ( 0.4522476061400851900, 0.4717354690295848500, 0.5829299999999997300 ) ) ;
#1549 = FACE_OUTER_BOUND ( 'NONE', #788, .T. ) ;
#1550 = AXIS2_PLACEMENT_3D ( 'NONE', #1797, #4760, #2856 ) ;
#1551 = ORIENTED_EDGE ( 'NONE', *, *, #286, .T. ) ;
#1552 = LINE ( 'NONE', #2389, #584 ) ;
#1553 = CARTESIAN_POINT ( 'NONE',  ( 0.01378000000000000100, -0.5746347984589864600, -0.7874999999999999800 ) ) ;
#1554 = CARTESIAN_POINT ( 'NONE',  ( 0.2448102453525949400, 0.1163190883529582200, 0.2125000000000000200 ) ) ;
#1555 = DIRECTION ( 'NONE',  ( -0.0000000000000000000, -0.0000000000000000000, -1.000000000000000000 ) ) ;
#1556 = EDGE_LOOP ( 'NONE', ( #577, #4635, #1349, #831 ) ) ;
#1557 = CIRCLE ( 'NONE', #1508, 0.4799999999999999800 ) ;
#1558 = DIRECTION ( 'NONE',  ( -1.000000000000000000, 0.0000000000000000000, 0.0000000000000000000 ) ) ;
#1559 = CARTESIAN_POINT ( 'NONE',  ( 0.0000000000000000000, 0.5747999999999999800, 0.5709999999999998400 ) ) ;
#1560 = ORIENTED_EDGE ( 'NONE', *, *, #4546, .F. ) ;
#1561 = LINE ( 'NONE', #4506, #4272 ) ;
#1562 = DIRECTION ( 'NONE',  ( -1.000000000000000000, 0.0000000000000000000, 0.0000000000000000000 ) ) ;
#1563 = CARTESIAN_POINT ( 'NONE',  ( 0.1331458605261542400, 0.2854336669440846700, -0.5119094488188979900 ) ) ;
#1564 = ORIENTED_EDGE ( 'NONE', *, *, #3309, .F. ) ;
#1565 = EDGE_CURVE ( 'NONE', #4437, #2379, #359, .T. ) ;
#1566 =( BOUNDED_CURVE ( )  B_SPLINE_CURVE ( 3, ( #491, #883, #899, #3058 ),
 .UNSPECIFIED., .F., .F. ) 
 B_SPLINE_CURVE_WITH_KNOTS ( ( 4, 4 ),
 ( 3.071532954599842700, 3.211652352579744000 ),
 .UNSPECIFIED. ) 
 CURVE ( )  GEOMETRIC_REPRESENTATION_ITEM ( )  RATIONAL_B_SPLINE_CURVE ( ( 1.000000000000000000, 0.9983645486388806900, 0.9983645486388806900, 1.000000000000000000 ) ) 
 REPRESENTATION_ITEM ( '' )  );
#1567 = VECTOR ( 'NONE', #4569, 39.37007874015748100 ) ;
#1568 = CARTESIAN_POINT ( 'NONE',  ( 0.004600857812505109900, 0.1970116270121835300, -0.3457634040987869800 ) ) ;
#1569 = ORIENTED_EDGE ( 'NONE', *, *, #4442, .T. ) ;
#1570 = DIRECTION ( 'NONE',  ( -1.000000000000000000, 0.0000000000000000000, 0.0000000000000000000 ) ) ;
#1571 = DIRECTION ( 'NONE',  ( -1.000000000000000000, 0.0000000000000000000, 0.0000000000000000000 ) ) ;
#1572 = AXIS2_PLACEMENT_3D ( 'NONE', #4441, #2276, #1530 ) ;
#1573 = EDGE_CURVE ( 'NONE', #3822, #1935, #1451, .T. ) ;
#1574 = LINE ( 'NONE', #4053, #2373 ) ;
#1575 = ORIENTED_EDGE ( 'NONE', *, *, #1791, .F. ) ;
#1576 = CARTESIAN_POINT ( 'NONE',  ( 0.01378000000000000100, 0.6102288371277493400, 0.6576087621826538500 ) ) ;
#1577 = DIRECTION ( 'NONE',  ( -1.000000000000000000, 0.0000000000000000000, 0.0000000000000000000 ) ) ;
#1578 = CARTESIAN_POINT ( 'NONE',  ( -0.4522476061400785800, 0.4717354690295911300, -0.7874999999999999800 ) ) ;
#1579 = ORIENTED_EDGE ( 'NONE', *, *, #2345, .F. ) ;
#1580 = AXIS2_PLACEMENT_3D ( 'NONE', #894, #1265, #3543 ) ;
#1581 = ORIENTED_EDGE ( 'NONE', *, *, #572, .T. ) ;
#1582 = CARTESIAN_POINT ( 'NONE',  ( 0.2113100845158826500, -0.4741387965924545600, -0.5093337319563663300 ) ) ;
#1583 = ORIENTED_EDGE ( 'NONE', *, *, #3578, .T. ) ;
#1584 = DIRECTION ( 'NONE',  ( -1.000000000000000000, 0.0000000000000000000, 0.0000000000000000000 ) ) ;
#1585 = DIRECTION ( 'NONE',  ( -0.2705980500730977300, 0.6532814824381848500, 0.7071067811865510100 ) ) ;
#1586 = EDGE_LOOP ( 'NONE', ( #2086, #1859, #2048, #3034 ) ) ;
#1587 = VECTOR ( 'NONE', #1924, 39.37007874015748100 ) ;
#1588 = CARTESIAN_POINT ( 'NONE',  ( -0.01378000000000000100, -0.1963674848343152600, 0.7874999999999999800 ) ) ;
#1589 = VERTEX_POINT ( 'NONE', #3208 ) ;
#1590 = LINE ( 'NONE', #2422, #4646 ) ;
#1591 = ORIENTED_EDGE ( 'NONE', *, *, #3368, .T. ) ;
#1592 = LINE ( 'NONE', #564, #2878 ) ;
#1593 = AXIS2_PLACEMENT_3D ( 'NONE', #4177, #1931, #3019 ) ;
#1594 = EDGE_CURVE ( 'NONE', #1655, #2425, #2304, .T. ) ;
#1595 = DIRECTION ( 'NONE',  ( -1.000000000000000000, 0.0000000000000000000, 0.0000000000000000000 ) ) ;
#1596 = CARTESIAN_POINT ( 'NONE',  ( 0.005273377697990812800, -0.01273105995800557500, -1.074502747390032500E-033 ) ) ;
#1597 = CARTESIAN_POINT ( 'NONE',  ( 0.1963674848343151800, -0.01378000000000068600, 0.7874999999999999800 ) ) ;
#1598 = ORIENTED_EDGE ( 'NONE', *, *, #2482, .F. ) ;
#1599 = VECTOR ( 'NONE', #1226, 39.37007874015748100 ) ;
#1600 = AXIS2_PLACEMENT_3D ( 'NONE', #1828, #1066, #2590 ) ;
#1601 = ORIENTED_EDGE ( 'NONE', *, *, #3541, .F. ) ;
#1602 = DIRECTION ( 'NONE',  ( -8.241323937213459900E-017, 3.413668146703891100E-017, -1.000000000000000000 ) ) ;
#1603 = PLANE ( 'NONE',  #986 ) ;
#1604 = EDGE_CURVE ( 'NONE', #682, #3835, #2953, .T. ) ;
#1605 = CARTESIAN_POINT ( 'NONE',  ( 0.6508600127911020600, 0.01377999999999773700, 0.4292699999999997600 ) ) ;
#1606 = B_SPLINE_CURVE_WITH_KNOTS ( 'NONE', 3,
 ( #2247, #2591, #2991, #4089 ),
 .UNSPECIFIED., .F., .F.,
 ( 4, 4 ),
 ( 2.019663912520802700E-007, 0.02763568366266930900 ),
 .UNSPECIFIED. ) ;
#1607 = ORIENTED_EDGE ( 'NONE', *, *, #2097, .T. ) ;
#1608 = PLANE ( 'NONE',  #2268 ) ;
#1609 = LINE ( 'NONE', #339, #1384 ) ;
#1610 = ORIENTED_EDGE ( 'NONE', *, *, #4220, .F. ) ;
#1611 = CARTESIAN_POINT ( 'NONE',  ( 0.3687095809907011100, -0.3881974438802063300, 0.7874999999999999800 ) ) ;
#1612 = CARTESIAN_POINT ( 'NONE',  ( 0.4717354690295864600, 0.4522476061400835800, 0.5829299999999997300 ) ) ;
#1613 = CIRCLE ( 'NONE', #3422, 0.3149606299212597800 ) ;
#1614 = CARTESIAN_POINT ( 'NONE',  ( 0.0000000000000000000, 0.6510058714408292200, 0.4292699999999997600 ) ) ;
#1615 = VERTEX_POINT ( 'NONE', #3554 ) ;
#1616 = CARTESIAN_POINT ( 'NONE',  ( -0.004600857812505109900, -0.1970116270121835300, -0.3457634040987869800 ) ) ;
#1617 = ADVANCED_FACE ( 'NONE', ( #10 ), #481, .F. ) ;
#1618 = CARTESIAN_POINT ( 'NONE',  ( -0.5463957498597350500, -0.2412398945349424100, 0.04700011390998478500 ) ) ;
#1619 = CARTESIAN_POINT ( 'NONE',  ( -0.2471754580183495900, -0.5607254677216757500, 0.1573333610333199900 ) ) ;
#1620 = VERTEX_POINT ( 'NONE', #4688 ) ;
#1621 = LINE ( 'NONE', #4370, #2081 ) ;
#1622 = PLANE ( 'NONE',  #3753 ) ;
#1623 = AXIS2_PLACEMENT_3D ( 'NONE', #4149, #130, #834 ) ;
#1624 = LINE ( 'NONE', #3760, #2084 ) ;
#1625 = EDGE_CURVE ( 'NONE', #3775, #4504, #3749, .T. ) ;
#1626 = VERTEX_POINT ( 'NONE', #3587 ) ;
#1627 = ORIENTED_EDGE ( 'NONE', *, *, #1359, .T. ) ;
#1628 = DIRECTION ( 'NONE',  ( 0.0000000000000000000, 0.0000000000000000000, 1.000000000000000000 ) ) ;
#1629 = DIRECTION ( 'NONE',  ( -1.000000000000000000, 0.0000000000000000000, 0.0000000000000000000 ) ) ;
#1630 = CARTESIAN_POINT ( 'NONE',  ( 0.1708812770320895800, -0.4485527718784962400, -0.7875000000000005300 ) ) ;
#1631 = ORIENTED_EDGE ( 'NONE', *, *, #2183, .T. ) ;
#1632 = EDGE_CURVE ( 'NONE', #4668, #275, #653, .T. ) ;
#1633 = ORIENTED_EDGE ( 'NONE', *, *, #4431, .F. ) ;
#1634 = ORIENTED_EDGE ( 'NONE', *, *, #3537, .T. ) ;
#1635 = DIRECTION ( 'NONE',  ( 0.0000000000000000000, -1.000000000000000000, 0.0000000000000000000 ) ) ;
#1636 = PLANE ( 'NONE',  #571 ) ;
#1637 = CARTESIAN_POINT ( 'NONE',  ( -0.4160447030433198600, 0.3965568401538284700, 0.7193110215654288100 ) ) ;
#1638 = CC_DESIGN_PERSON_AND_ORGANIZATION_ASSIGNMENT ( #95, #3197, ( #3064 ) ) ;
#1639 = AXIS2_PLACEMENT_3D ( 'NONE', #4456, #1879, #4103 ) ;
#1640 = CARTESIAN_POINT ( 'NONE',  ( -0.4380060164825124200, 0.1963433969481049000, -0.7875000000000005300 ) ) ;
#1641 = EDGE_LOOP ( 'NONE', ( #1693, #1033, #3048, #3282 ) ) ;
#1642 = DIRECTION ( 'NONE',  ( -0.0000000000000000000, -0.0000000000000000000, -1.000000000000000000 ) ) ;
#1643 = VERTEX_POINT ( 'NONE', #3959 ) ;
#1644 = DIRECTION ( 'NONE',  ( -0.0000000000000000000, -0.0000000000000000000, -1.000000000000000000 ) ) ;
#1645 = DIRECTION ( 'NONE',  ( -0.0000000000000000000, -0.0000000000000000000, -1.000000000000000000 ) ) ;
#1646 = CARTESIAN_POINT ( 'NONE',  ( -0.6533546981540732100, -0.01377999999999315700, 0.5829299999999997300 ) ) ;
#1647 = CIRCLE ( 'NONE', #657, 0.1968503937007874400 ) ;
#1648 = ORIENTED_EDGE ( 'NONE', *, *, #1565, .F. ) ;
#1649 = CARTESIAN_POINT ( 'NONE',  ( -0.4342731380166698400, 0.4147852751271788900, 0.07013067864948392700 ) ) ;
#1650 = CARTESIAN_POINT ( 'NONE',  ( 0.0000000000000000000, 0.0000000000000000000, 0.7874999999999999800 ) ) ;
#1651 = VECTOR ( 'NONE', #54, 39.37007874015748100 ) ;
#1652 = CARTESIAN_POINT ( 'NONE',  ( 0.1963433969481004900, -0.4380060164825144200, -0.7874999999999999800 ) ) ;
#1653 = DIRECTION ( 'NONE',  ( -0.9238795325112850700, 0.3826834323650936100, 0.0000000000000000000 ) ) ;
#1654 = EDGE_CURVE ( 'NONE', #644, #4110, #1156, .T. ) ;
#1655 = VERTEX_POINT ( 'NONE', #342 ) ;
#1656 = CARTESIAN_POINT ( 'NONE',  ( 0.01273105995800552000, 0.005273377697990944700, -1.074502747390032500E-033 ) ) ;
#1657 = LINE ( 'NONE', #798, #1032 ) ;
#1658 = ORIENTED_EDGE ( 'NONE', *, *, #4546, .T. ) ;
#1659 = AXIS2_PLACEMENT_3D ( 'NONE', #3662, #2552, #1062 ) ;
#1660 = VECTOR ( 'NONE', #1401, 39.37007874015748100 ) ;
#1661 = EDGE_CURVE ( 'NONE', #504, #4360, #1390, .T. ) ;
#1662 = PLANE ( 'NONE',  #2816 ) ;
#1663 = CARTESIAN_POINT ( 'NONE',  ( 0.0000000000000000000, 0.5353914554318778300, 0.7874999999999998700 ) ) ;
#1664 = ORIENTED_EDGE ( 'NONE', *, *, #2399, .T. ) ;
#1665 = FACE_OUTER_BOUND ( 'NONE', #3362, .T. ) ;
#1666 = AXIS2_PLACEMENT_3D ( 'NONE', #345, #362, #4406 ) ;
#1667 = DIRECTION ( 'NONE',  ( -0.9238795325112824100, 0.3826834323651000500, -8.920344749722869000E-017 ) ) ;
#1668 = EDGE_CURVE ( 'NONE', #302, #2379, #3007, .T. ) ;
#1669 = ADVANCED_FACE ( 'NONE', ( #3344 ), #2894, .T. ) ;
#1670 = PLANE ( 'NONE',  #318 ) ;
#1671 = CARTESIAN_POINT ( 'NONE',  ( 1.456975914324063100E-017, 3.413668146703950900E-017, 0.2124999999999999900 ) ) ;
#1672 = ORIENTED_EDGE ( 'NONE', *, *, #4379, .F. ) ;
#1673 = CIRCLE ( 'NONE', #3086, 0.6510058714408292200 ) ;
#1674 = B_SPLINE_CURVE_WITH_KNOTS ( 'NONE', 3,
 ( #472, #4436, #782, #4081, #455, #4466, #440 ),
 .UNSPECIFIED., .F., .F.,
 ( 4, 3, 4 ),
 ( 0.01720927585499634100, 0.01997680622546083400, 0.02320959703650939800 ),
 .UNSPECIFIED. ) ;
#1675 = CARTESIAN_POINT ( 'NONE',  ( 0.4160720941408657100, 0.3965842312513631100, 0.4292699999999999300 ) ) ;
#1676 = ORIENTED_EDGE ( 'NONE', *, *, #4060, .T. ) ;
#1677 = DIRECTION ( 'NONE',  ( -0.0000000000000000000, -0.0000000000000000000, -1.000000000000000000 ) ) ;
#1678 = VERTEX_POINT ( 'NONE', #4118 ) ;
#1679 = CARTESIAN_POINT ( 'NONE',  ( 0.005273377697990836200, -0.01273105995800563100, -0.5119094488188979900 ) ) ;
#1680 = DIRECTION ( 'NONE',  ( 0.0000000000000000000, -0.7345095552677521900, -0.6785983445458504400 ) ) ;
#1681 = DIRECTION ( 'NONE',  ( -0.7071067811865536800, -0.7071067811865413600, 0.0000000000000000000 ) ) ;
#1682 = VECTOR ( 'NONE', #2076, 39.37007874015748900 ) ;
#1683 = ORIENTED_EDGE ( 'NONE', *, *, #4358, .F. ) ;
#1684 = DIRECTION ( 'NONE',  ( -1.000000000000000000, 0.0000000000000000000, 0.0000000000000000000 ) ) ;
#1685 = CARTESIAN_POINT ( 'NONE',  ( 0.1963674848343152600, 0.01377999999999931500, 0.7874999999999999800 ) ) ;
#1686 = CARTESIAN_POINT ( 'NONE',  ( 0.1076837406101433400, -0.2959804223400665000, -0.5119094488188979900 ) ) ;
#1687 = DIRECTION ( 'NONE',  ( -1.000000000000000000, 0.0000000000000000000, 0.0000000000000000000 ) ) ;
#1688 = ORIENTED_EDGE ( 'NONE', *, *, #2683, .T. ) ;
#1689 = ORIENTED_EDGE ( 'NONE', *, *, #1668, .F. ) ;
#1690 = DIRECTION ( 'NONE',  ( 0.9238795325112864100, 0.3826834323650907300, 1.177569344012825500E-016 ) ) ;
#1691 = AXIS2_PLACEMENT_3D ( 'NONE', #3908, #665, #3224 ) ;
#1692 = EDGE_CURVE ( 'NONE', #2269, #3608, #2149, .T. ) ;
#1693 = ORIENTED_EDGE ( 'NONE', *, *, #4561, .T. ) ;
#1694 = ADVANCED_FACE ( 'NONE', ( #2532 ), #444, .T. ) ;
#1695 = APPROVAL_ROLE ( '' ) ;
#1696 = CARTESIAN_POINT ( 'NONE',  ( 0.1708812770320894700, 0.4485527718784964000, -0.7874999999999999800 ) ) ;
#1697 = B_SPLINE_CURVE_WITH_KNOTS ( 'NONE', 3,
 ( #431, #1850, #2944, #2611, #1886, #3700, #790 ),
 .UNSPECIFIED., .F., .F.,
 ( 4, 3, 4 ),
 ( 0.01720927585499634100, 0.01997680622546083400, 0.02320959703650939800 ),
 .UNSPECIFIED. ) ;
#1698 = CARTESIAN_POINT ( 'NONE',  ( 0.2217133381023346000, 0.5712722231176592400, 0.1573333610333199900 ) ) ;
#1699 = ORIENTED_EDGE ( 'NONE', *, *, #1934, .T. ) ;
#1700 = AXIS2_PLACEMENT_3D ( 'NONE', #1127, #427, #1864 ) ;
#1701 = EDGE_CURVE ( 'NONE', #3139, #445, #1330, .T. ) ;
#1702 = CARTESIAN_POINT ( 'NONE',  ( 0.06241552314329022000, -0.1866932777871352600, -0.7874999999999999800 ) ) ;
#1703 = CARTESIAN_POINT ( 'NONE',  ( 0.1761465223911531400, -0.08787764305930176300, 0.1381789218234976100 ) ) ;
#1704 = VERTEX_POINT ( 'NONE', #706 ) ;
#1705 = FACE_OUTER_BOUND ( 'NONE', #2798, .T. ) ;
#1706 = CARTESIAN_POINT ( 'NONE',  ( 0.4147852751271744500, 0.4342731380166742200, 0.07013067864948399600 ) ) ;
#1707 = CARTESIAN_POINT ( 'NONE',  ( 0.08787764305930119400, -0.1761465223911534400, 0.1381789218234976700 ) ) ;
#1708 = VERTEX_POINT ( 'NONE', #1916 ) ;
#1709 = LINE ( 'NONE', #992, #1308 ) ;
#1710 = APPLICATION_CONTEXT ( 'configuration controlled 3d designs of mechanical parts and assemblies' ) ;
#1711 =( BOUNDED_CURVE ( )  B_SPLINE_CURVE ( 3, ( #1213, #479, #1495, #4105 ),
 .UNSPECIFIED., .F., .F. ) 
 B_SPLINE_CURVE_WITH_KNOTS ( ( 4, 4 ),
 ( 3.071532954599842200, 3.211652352579743600 ),
 .UNSPECIFIED. ) 
 CURVE ( )  GEOMETRIC_REPRESENTATION_ITEM ( )  RATIONAL_B_SPLINE_CURVE ( ( 1.000000000000000000, 0.9983645486388806900, 0.9983645486388806900, 1.000000000000000000 ) ) 
 REPRESENTATION_ITEM ( '' )  );
#1712 = CARTESIAN_POINT ( 'NONE',  ( 0.01378000000000000100, 0.5352140900139535900, 0.7874999999999999800 ) ) ;
#1713 = ORIENTED_EDGE ( 'NONE', *, *, #69, .F. ) ;
#1714 = FACE_OUTER_BOUND ( 'NONE', #2320, .T. ) ;
#1715 = VERTEX_POINT ( 'NONE', #1047 ) ;
#1716 = DIRECTION ( 'NONE',  ( -0.0000000000000000000, -0.0000000000000000000, -1.000000000000000000 ) ) ;
#1717 = CARTESIAN_POINT ( 'NONE',  ( 0.01273105995800554100, -0.005273377697991058300, -0.5119094488188979900 ) ) ;
#1718 = ADVANCED_FACE ( 'NONE', ( #4270 ), #2182, .F. ) ;
#1719 = DIRECTION ( 'NONE',  ( -0.9238795325112824100, 0.3826834323651000500, 0.0000000000000000000 ) ) ;
#1720 = CARTESIAN_POINT ( 'NONE',  ( -3.413668146703864000E-017, -1.456975914324026700E-017, 0.2124999999999999900 ) ) ;
#1721 = CYLINDRICAL_SURFACE ( 'NONE', #2034, 0.6534999999999999700 ) ;
#1722 = EDGE_CURVE ( 'NONE', #1287, #1378, #68, .T. ) ;
#1723 = ORIENTED_EDGE ( 'NONE', *, *, #4343, .T. ) ;
#1724 = CARTESIAN_POINT ( 'NONE',  ( -0.4846855519884382700, -0.1858479645998665200, -0.5093337319563666600 ) ) ;
#1725 = CARTESIAN_POINT ( 'NONE',  ( -0.2776560685552492700, 0.2971439314447574800, 0.5709999999999998400 ) ) ;
#1726 = CARTESIAN_POINT ( 'NONE',  ( -0.009743931444750596500, -0.009743931444750655500, -0.1487517770866043600 ) ) ;
#1727 = VECTOR ( 'NONE', #3347, 39.37007874015748100 ) ;
#1728 = B_SPLINE_CURVE_WITH_KNOTS ( 'NONE', 3,
 ( #393, #1494, #4116, #4502, #785, #4086, #3366 ),
 .UNSPECIFIED., .F., .F.,
 ( 4, 3, 4 ),
 ( 0.01720927585499634100, 0.01997680622546082700, 0.02320959703650939800 ),
 .UNSPECIFIED. ) ;
#1729 = AXIS2_PLACEMENT_3D ( 'NONE', #1527, #1555, #36 ) ;
#1730 = VERTEX_POINT ( 'NONE', #2569 ) ;
#1731 = EDGE_CURVE ( 'NONE', #1118, #2918, #2348, .T. ) ;
#1732 = APPROVAL_STATUS ( 'not_yet_approved' ) ;
#1733 = CARTESIAN_POINT ( 'NONE',  ( 0.1291088486861395000, -0.1485967115756422200, -0.3451192619209188500 ) ) ;
#1734 = VECTOR ( 'NONE', #3378, 39.37007874015748900 ) ;
#1735 = DIRECTION ( 'NONE',  ( -0.0000000000000000000, -0.0000000000000000000, -1.000000000000000000 ) ) ;
#1736 = ORIENTED_EDGE ( 'NONE', *, *, #3292, .F. ) ;
#1737 = CARTESIAN_POINT ( 'NONE',  ( 0.0000000000000000000, 0.0000000000000000000, -0.7875000000000003100 ) ) ;
#1738 = AXIS2_PLACEMENT_3D ( 'NONE', #4768, #3636, #2153 ) ;
#1739 = DIRECTION ( 'NONE',  ( -1.000000000000000000, 0.0000000000000000000, 0.0000000000000000000 ) ) ;
#1740 = EDGE_LOOP ( 'NONE', ( #4485, #1076, #42, #3717 ) ) ;
#1741 = CARTESIAN_POINT ( 'NONE',  ( -0.5712722231176616800, -0.2217133381023287100, 0.1573333610333201000 ) ) ;
#1742 = CARTESIAN_POINT ( 'NONE',  ( 0.08787764305930113900, 0.1761465223911534400, 0.1381789218234976100 ) ) ;
#1743 = VERTEX_POINT ( 'NONE', #869 ) ;
#1744 = LINE ( 'NONE', #3325, #937 ) ;
#1745 = ADVANCED_FACE ( 'NONE', ( #355 ), #3079, .F. ) ;
#1746 = LINE ( 'NONE', #1067, #760 ) ;
#1747 = CARTESIAN_POINT ( 'NONE',  ( -0.1163190883529607600, -0.2448102453525937400, 0.2125000000000000200 ) ) ;
#1748 = ORIENTED_EDGE ( 'NONE', *, *, #3447, .F. ) ;
#1749 = VERTEX_POINT ( 'NONE', #3284 ) ;
#1750 = VECTOR ( 'NONE', #2805, 39.37007874015748900 ) ;
#1751 = EDGE_LOOP ( 'NONE', ( #3921, #1869, #2956, #3180, #4740, #588, #521, #4386, #3820 ) ) ;
#1752 = EDGE_CURVE ( 'NONE', #558, #2382, #414, .T. ) ;
#1753 = EDGE_LOOP ( 'NONE', ( #709, #3993, #4187, #190 ) ) ;
#1754 = DIRECTION ( 'NONE',  ( -0.0000000000000000000, -0.0000000000000000000, -1.000000000000000000 ) ) ;
#1755 = ORIENTED_EDGE ( 'NONE', *, *, #590, .F. ) ;
#1756 = VERTEX_POINT ( 'NONE', #3444 ) ;
#1757 = DIRECTION ( 'NONE',  ( -0.0000000000000000000, -0.0000000000000000000, -1.000000000000000000 ) ) ;
#1758 = CARTESIAN_POINT ( 'NONE',  ( 0.0000000000000000000, 0.0000000000000000000, -0.5119094488188979900 ) ) ;
#1759 = EDGE_CURVE ( 'NONE', #1626, #4110, #4605, .T. ) ;
#1760 = VERTEX_POINT ( 'NONE', #1227 ) ;
#1761 = CARTESIAN_POINT ( 'NONE',  ( 0.1968503937007875500, 2.410722045565657900E-017, -0.7874999999999999800 ) ) ;
#1762 = EDGE_CURVE ( 'NONE', #3828, #999, #187, .T. ) ;
#1763 = ORIENTED_EDGE ( 'NONE', *, *, #2903, .T. ) ;
#1764 = CARTESIAN_POINT ( 'NONE',  ( 0.6533546981540731000, -0.01378000000000228300, 0.5829299999999997300 ) ) ;
#1765 = CARTESIAN_POINT ( 'NONE',  ( 0.5176236959681910200, -0.01378000000000180800, -0.5184886000649031600 ) ) ;
#1766 = FACE_OUTER_BOUND ( 'NONE', #1412, .T. ) ;
#1767 = ADVANCED_FACE ( 'NONE', ( #812 ), #4380, .F. ) ;
#1768 = DIRECTION ( 'NONE',  ( 0.0000000000000000000, 0.0000000000000000000, 1.000000000000000000 ) ) ;
#1769 = CARTESIAN_POINT ( 'NONE',  ( -0.01378000000000000100, 0.6533546981540731000, 0.5829299999999997300 ) ) ;
#1770 = EDGE_LOOP ( 'NONE', ( #1826, #3335, #4394, #4376 ) ) ;
#1771 = DIRECTION ( 'NONE',  ( 0.0000000000000000000, 0.0000000000000000000, 1.000000000000000000 ) ) ;
#1772 = LINE ( 'NONE', #1142, #284 ) ;
#1773 = DIRECTION ( 'NONE',  ( -1.000000000000000000, 0.0000000000000000000, -0.0000000000000000000 ) ) ;
#1774 = ORIENTED_EDGE ( 'NONE', *, *, #3087, .T. ) ;
#1775 = LINE ( 'NONE', #1838, #3503 ) ;
#1776 = VERTEX_POINT ( 'NONE', #1957 ) ;
#1777 = LINE ( 'NONE', #1192, #4483 ) ;
#1778 = DIRECTION ( 'NONE',  ( -1.000000000000000000, 0.0000000000000000000, 0.0000000000000000000 ) ) ;
#1779 = CARTESIAN_POINT ( 'NONE',  ( -0.1968503937007875500, 0.0000000000000000000, -0.7874999999999999800 ) ) ;
#1780 = DIRECTION ( 'NONE',  ( 1.000000000000000000, 0.0000000000000000000, -0.0000000000000000000 ) ) ;
#1781 = CARTESIAN_POINT ( 'NONE',  ( 0.5102681440414955600, 0.2262753502289631400, -0.2311669415155343200 ) ) ;
#1782 = CARTESIAN_POINT ( 'NONE',  ( 0.0000000000000000000, 0.0000000000000000000, 0.4292699999999997600 ) ) ;
#1783 = ORIENTED_EDGE ( 'NONE', *, *, #3051, .T. ) ;
#1784 = FACE_OUTER_BOUND ( 'NONE', #3320, .T. ) ;
#1785 = EDGE_CURVE ( 'NONE', #2458, #4110, #2243, .T. ) ;
#1786 = ORIENTED_EDGE ( 'NONE', *, *, #1785, .T. ) ;
#1787 = DIRECTION ( 'NONE',  ( -0.9238795325112864100, -0.3826834323650905000, -0.0000000000000000000 ) ) ;
#1788 = DIRECTION ( 'NONE',  ( 0.9238795325112850700, -0.3826834323650936100, 0.0000000000000000000 ) ) ;
#1789 = FACE_OUTER_BOUND ( 'NONE', #1753, .T. ) ;
#1790 = ADVANCED_FACE ( 'NONE', ( #1039 ), #4211, .T. ) ;
#1791 = EDGE_CURVE ( 'NONE', #3426, #835, #1673, .T. ) ;
#1792 = ORIENTED_EDGE ( 'NONE', *, *, #3232, .F. ) ;
#1793 = CARTESIAN_POINT ( 'NONE',  ( -0.2959804223400654400, 0.1076837406101462700, -0.5119094488188979900 ) ) ;
#1794 = VECTOR ( 'NONE', #1000, 39.37007874015748900 ) ;
#1795 = ORIENTED_EDGE ( 'NONE', *, *, #2783, .T. ) ;
#1796 = CC_DESIGN_APPROVAL ( #1303, ( #3064 ) ) ;
#1797 = CARTESIAN_POINT ( 'NONE',  ( 0.0000000000000000000, 0.0000000000000000000, 0.4292699999999997600 ) ) ;
#1798 = CARTESIAN_POINT ( 'NONE',  ( 0.2448102453525940700, -0.1163190883529599300, 0.2125000000000000200 ) ) ;
#1799 = FACE_OUTER_BOUND ( 'NONE', #4178, .T. ) ;
#1800 = AXIS2_PLACEMENT_3D ( 'NONE', #3602, #2862, #255 ) ;
#1801 = ORIENTED_EDGE ( 'NONE', *, *, #4403, .F. ) ;
#1802 = CARTESIAN_POINT ( 'NONE',  ( 0.1291088486861405600, 0.1485967115756413000, -0.3451192619209187400 ) ) ;
#1803 = ORIENTED_EDGE ( 'NONE', *, *, #4288, .T. ) ;
#1804 = VERTEX_POINT ( 'NONE', #493 ) ;
#1805 = ORIENTED_EDGE ( 'NONE', *, *, #3537, .F. ) ;
#1806 = AXIS2_PLACEMENT_3D ( 'NONE', #893, #551, #4602 ) ;
#1807 = EDGE_CURVE ( 'NONE', #1056, #608, #1557, .T. ) ;
#1808 = DIRECTION ( 'NONE',  ( 0.0000000000000000000, 1.000000000000000000, 0.0000000000000000000 ) ) ;
#1809 = CARTESIAN_POINT ( 'NONE',  ( -0.009743931444750745700, -0.009743931444750506300, 0.0000000000000000000 ) ) ;
#1810 = ORIENTED_EDGE ( 'NONE', *, *, #4074, .T. ) ;
#1811 = ADVANCED_FACE ( 'NONE', ( #1789 ), #2280, .T. ) ;
#1812 = CARTESIAN_POINT ( 'NONE',  ( -0.07114244727588653300, -0.1837756819228167400, 0.1388230640013659000 ) ) ;
#1813 = CARTESIAN_POINT ( 'NONE',  ( -0.4485527718784945200, 0.1708812770320941000, -0.7874999999999999800 ) ) ;
#1814 = EDGE_CURVE ( 'NONE', #4258, #3885, #3287, .T. ) ;
#1815 = VERTEX_POINT ( 'NONE', #3795 ) ;
#1816 = LINE ( 'NONE', #4047, #1075 ) ;
#1817 = DIRECTION ( 'NONE',  ( -0.0000000000000000000, -0.0000000000000000000, -1.000000000000000000 ) ) ;
#1818 = EDGE_LOOP ( 'NONE', ( #1242, #3755, #4007, #1560 ) ) ;
#1819 = CC_DESIGN_PERSON_AND_ORGANIZATION_ASSIGNMENT ( #780, #3948, ( #2629 ) ) ;
#1820 = CIRCLE ( 'NONE', #4140, 0.6205408347023917400 ) ;
#1821 = AXIS2_PLACEMENT_3D ( 'NONE', #4567, #2330, #495 ) ;
#1822 = VERTEX_POINT ( 'NONE', #2661 ) ;
#1823 = CARTESIAN_POINT ( 'NONE',  ( -0.4699714600925058400, -0.4504835972029965200, 0.4292699999999997600 ) ) ;
#1824 = DIRECTION ( 'NONE',  ( -3.413668146703862100E-017, 8.241323937213473400E-017, -1.000000000000000000 ) ) ;
#1825 = VECTOR ( 'NONE', #2087, 39.37007874015748100 ) ;
#1826 = ORIENTED_EDGE ( 'NONE', *, *, #1934, .F. ) ;
#1827 = CARTESIAN_POINT ( 'NONE',  ( 0.01273105995800553700, -0.005273377697990952500, -1.074502747390032500E-033 ) ) ;
#1828 = CARTESIAN_POINT ( 'NONE',  ( 0.0000000000000000000, 0.1968503937007876600, -0.7875000000000003100 ) ) ;
#1829 = LINE ( 'NONE', #3583, #4721 ) ;
#1830 = ADVANCED_FACE ( 'NONE', ( #4093 ), #4543, .F. ) ;
#1831 = ORIENTED_EDGE ( 'NONE', *, *, #1385, .F. ) ;
#1832 = CARTESIAN_POINT ( 'NONE',  ( -0.4244026224108569100, 0.4438904853003687900, 0.6511208368330015900 ) ) ;
#1833 = LINE ( 'NONE', #1352, #2586 ) ;
#1834 = EDGE_CURVE ( 'NONE', #3989, #519, #3122, .T. ) ;
#1835 = ORIENTED_EDGE ( 'NONE', *, *, #1594, .F. ) ;
#1836 = CARTESIAN_POINT ( 'NONE',  ( 0.0000000000000000000, 0.0000000000000000000, 0.7874999999999999800 ) ) ;
#1837 = DIRECTION ( 'NONE',  ( 0.2705980500730977300, -0.6532814824381848500, 0.7071067811865510100 ) ) ;
#1838 = CARTESIAN_POINT ( 'NONE',  ( -6.165048259248874000E-015, -0.01378000000000000900, 0.5709999999999998400 ) ) ;
#1839 = DIRECTION ( 'NONE',  ( -0.0000000000000000000, -0.0000000000000000000, -1.000000000000000000 ) ) ;
#1840 = ORIENTED_EDGE ( 'NONE', *, *, #2055, .T. ) ;
#1841 = EDGE_CURVE ( 'NONE', #149, #3062, #2790, .T. ) ;
#1842 = CIRCLE ( 'NONE', #1593, 0.5353914554318778300 ) ;
#1843 = CARTESIAN_POINT ( 'NONE',  ( 0.1425615551914075100, 0.1360549596744121100, -0.3457634040987869800 ) ) ;
#1844 = DIRECTION ( 'NONE',  ( 1.000000000000000000, 0.0000000000000000000, -0.0000000000000000000 ) ) ;
#1846 = B_SPLINE_CURVE_WITH_KNOTS ( 'NONE', 3,
 ( #2889, #3997, #3596, #1369, #1398, #3969, #1765, #1059, #3613, #2099 ),
 .UNSPECIFIED., .F., .F.,
 ( 4, 3, 3, 4 ),
 ( 0.06085565139990051200, 0.06207447280232166600, 0.08516543236077783700, 0.08849113309542748500 ),
 .UNSPECIFIED. ) ;
#1845 = CARTESIAN_POINT ( 'NONE',  ( -0.4380060164825163600, -0.1963433969480959100, -0.7874999999999999800 ) ) ;
#1847 = ORIENTED_EDGE ( 'NONE', *, *, #1145, .F. ) ;
#1848 = AXIS2_PLACEMENT_3D ( 'NONE', #3043, #804, #3731 ) ;
#1849 = EDGE_CURVE ( 'NONE', #417, #4607, #693, .T. ) ;
#1850 = CARTESIAN_POINT ( 'NONE',  ( -0.5533782514116218900, 0.01378000000000579800, 0.7560491721204312100 ) ) ;
#1851 = ORIENTED_EDGE ( 'NONE', *, *, #4006, .F. ) ;
#1852 = VECTOR ( 'NONE', #4340, 39.37007874015748100 ) ;
#1853 = FACE_OUTER_BOUND ( 'NONE', #4779, .T. ) ;
#1854 = ORIENTED_EDGE ( 'NONE', *, *, #1258, .F. ) ;
#1855 = CARTESIAN_POINT ( 'NONE',  ( -0.5054711574508075100, -0.01377999999999470600, -0.6049272416039612700 ) ) ;
#1856 = CARTESIAN_POINT ( 'NONE',  ( -0.4993947684522552200, 0.01378000000000523300, -0.6481465455388575300 ) ) ;
#1857 = ADVANCED_FACE ( 'NONE', ( #1214 ), #185, .T. ) ;
#1858 = CARTESIAN_POINT ( 'NONE',  ( -0.005273377697990994100, -0.01273105995800550900, -0.05818856301081960800 ) ) ;
#1859 = ORIENTED_EDGE ( 'NONE', *, *, #292, .T. ) ;
#1860 = ORIENTED_EDGE ( 'NONE', *, *, #202, .T. ) ;
#1861 = DIRECTION ( 'NONE',  ( 0.0000000000000000000, 0.0000000000000000000, -1.000000000000000000 ) ) ;
#1862 = DIRECTION ( 'NONE',  ( -0.2705980500731003900, -0.6532814824381911700, 0.7071067811865442400 ) ) ;
#1863 = CARTESIAN_POINT ( 'NONE',  ( -0.6535000000000001900, -0.01377999999999315700, 0.7874999999999999800 ) ) ;
#1864 = DIRECTION ( 'NONE',  ( 0.0000000000000000000, -0.0000000000000000000, -1.000000000000000000 ) ) ;
#1865 = ORIENTED_EDGE ( 'NONE', *, *, #4349, .F. ) ;
#1866 = EDGE_LOOP ( 'NONE', ( #116, #2415, #3201, #2000 ) ) ;
#1867 = CARTESIAN_POINT ( 'NONE',  ( 0.01378000000000000100, -0.5746347984589864600, 0.4292699999999999300 ) ) ;
#1868 = AXIS2_PLACEMENT_3D ( 'NONE', #3631, #337, #1780 ) ;
#1869 = ORIENTED_EDGE ( 'NONE', *, *, #527, .F. ) ;
#1870 = EDGE_CURVE ( 'NONE', #557, #3800, #1903, .T. ) ;
#1871 = CARTESIAN_POINT ( 'NONE',  ( 0.4699714600925027900, 0.4504835972029998500, 0.4292699999999997600 ) ) ;
#1872 = DIRECTION ( 'NONE',  ( 0.0000000000000000000, -0.7071067811865460200, -0.7071067811865490200 ) ) ;
#1873 = DATE_AND_TIME ( #3092, #274 ) ;
#1874 = CARTESIAN_POINT ( 'NONE',  ( 0.0000000000000000000, 0.0000000000000000000, -0.5119094488188979900 ) ) ;
#1875 = B_SPLINE_CURVE_WITH_KNOTS ( 'NONE', 3,
 ( #465, #89, #2298, #74 ),
 .UNSPECIFIED., .F., .F.,
 ( 4, 4 ),
 ( 2.309592430349258200E-007, 0.006000552272120236200 ),
 .UNSPECIFIED. ) ;
#1876 = CARTESIAN_POINT ( 'NONE',  ( 0.2776560685552494400, 0.2971439314447496000, 0.5709999999999998400 ) ) ;
#1877 = ORIENTED_EDGE ( 'NONE', *, *, #4065, .T. ) ;
#1878 = VECTOR ( 'NONE', #2354, 39.37007874015748100 ) ;
#1879 = DIRECTION ( 'NONE',  ( 0.5000000000000033300, 0.4999999999999945600, -0.7071067811865490200 ) ) ;
#1880 = CARTESIAN_POINT ( 'NONE',  ( 0.01378000000000000100, 0.5747999999999999800, 0.5709999999999998400 ) ) ;
#1881 = CARTESIAN_POINT ( 'NONE',  ( -0.2008132303129538900, 0.5208148994374767200, -0.2311669415155343200 ) ) ;
#1882 = EDGE_CURVE ( 'NONE', #1407, #3330, #3979, .T. ) ;
#1883 = VERTEX_POINT ( 'NONE', #203 ) ;
#1884 = ADVANCED_FACE ( 'NONE', ( #1444 ), #561, .T. ) ;
#1885 = LINE ( 'NONE', #4769, #398 ) ;
#1886 = CARTESIAN_POINT ( 'NONE',  ( -0.6109222046738882500, 0.01378000000000640000, 0.6564081069484641900 ) ) ;
#1887 = APPROVAL ( #4317, 'UNSPECIFIED' ) ;
#1888 = EDGE_LOOP ( 'NONE', ( #4271, #1648, #3633, #3879, #1459, #4115, #2584, #1581, #2302 ) ) ;
#1889 = AXIS2_PLACEMENT_3D ( 'NONE', #1310, #4621, #2416 ) ;
#1890 = VECTOR ( 'NONE', #2551, 39.37007874015748100 ) ;
#1891 = DIRECTION ( 'NONE',  ( -1.000000000000000000, 0.0000000000000000000, -0.0000000000000000000 ) ) ;
#1892 = DIRECTION ( 'NONE',  ( -0.0000000000000000000, -0.0000000000000000000, -1.000000000000000000 ) ) ;
#1893 = EDGE_LOOP ( 'NONE', ( #4161, #870, #3867, #1989 ) ) ;
#1894 = VECTOR ( 'NONE', #2800, 39.37007874015748100 ) ;
#1895 = EDGE_LOOP ( 'NONE', ( #2980, #1110, #435, #4230 ) ) ;
#1896 = DIRECTION ( 'NONE',  ( -0.9238795325112902900, -0.3826834323650810100, 0.0000000000000000000 ) ) ;
#1897 = CARTESIAN_POINT ( 'NONE',  ( -0.4522476061400884100, -0.4717354690295816900, 0.5829299999999997300 ) ) ;
#1898 = CARTESIAN_POINT ( 'NONE',  ( -0.4995614282951928400, -0.004593882164844032200, -0.6483132053817951500 ) ) ;
#1899 = CARTESIAN_POINT ( 'NONE',  ( 0.0000000000000000000, 0.0000000000000000000, 0.5709999999999997300 ) ) ;
#1900 = FACE_OUTER_BOUND ( 'NONE', #1922, .T. ) ;
#1901 = VERTEX_POINT ( 'NONE', #3473 ) ;
#1902 = CARTESIAN_POINT ( 'NONE',  ( -0.4799999999999999800, 5.878304635907294700E-017, -0.7875000000000005300 ) ) ;
#1903 = LINE ( 'NONE', #1319, #3627 ) ;
#1904 = EDGE_CURVE ( 'NONE', #3062, #1985, #4152, .T. ) ;
#1905 = ORIENTED_EDGE ( 'NONE', *, *, #3178, .F. ) ;
#1906 = CARTESIAN_POINT ( 'NONE',  ( -0.3965842312513586700, 0.4160720941408698200, -0.7874999999999999800 ) ) ;
#1907 = DIRECTION ( 'NONE',  ( 0.0000000000000000000, 0.0000000000000000000, -1.000000000000000000 ) ) ;
#1908 = LINE ( 'NONE', #1034, #871 ) ;
#1909 = CARTESIAN_POINT ( 'NONE',  ( -0.1485967115756426600, -0.1291088486861390100, -0.3451192619209188500 ) ) ;
#1910 = DIRECTION ( 'NONE',  ( 0.0000000000000000000, 0.0000000000000000000, 1.000000000000000000 ) ) ;
#1911 = AXIS2_PLACEMENT_3D ( 'NONE', #1663, #582, #196 ) ;
#1912 = EDGE_CURVE ( 'NONE', #1287, #3349, #2418, .T. ) ;
#1913 = ORIENTED_EDGE ( 'NONE', *, *, #4460, .T. ) ;
#1914 = VECTOR ( 'NONE', #2233, 39.37007874015748100 ) ;
#1915 = DIRECTION ( 'NONE',  ( 0.0000000000000000000, 0.0000000000000000000, -1.000000000000000000 ) ) ;
#1916 = CARTESIAN_POINT ( 'NONE',  ( -0.1163190883529590700, 0.2448102453525945200, 0.2125000000000000200 ) ) ;
#1917 = ORIENTED_EDGE ( 'NONE', *, *, #1517, .T. ) ;
#1918 = AXIS2_PLACEMENT_3D ( 'NONE', #2622, #85, #4457 ) ;
#1919 = EDGE_CURVE ( 'NONE', #864, #3042, #3460, .T. ) ;
#1920 = VERTEX_POINT ( 'NONE', #3905 ) ;
#1921 = ADVANCED_BREP_SHAPE_REPRESENTATION ( '3321A185_ER-32 Collet', ( #3222, #1580 ), #3702 ) ;
#1922 = EDGE_LOOP ( 'NONE', ( #947, #4350, #3150, #637 ) ) ;
#1923 = VERTEX_POINT ( 'NONE', #217 ) ;
#1924 = DIRECTION ( 'NONE',  ( 0.2705980500730977300, -0.6532814824381848500, 0.7071067811865510100 ) ) ;
#1925 = DIRECTION ( 'NONE',  ( -1.000000000000000000, 0.0000000000000000000, 0.0000000000000000000 ) ) ;
#1926 = ORIENTED_EDGE ( 'NONE', *, *, #230, .F. ) ;
#1927 = ORIENTED_EDGE ( 'NONE', *, *, #1173, .T. ) ;
#1928 = PLANE ( 'NONE',  #2067 ) ;
#1929 = CARTESIAN_POINT ( 'NONE',  ( 0.0000000000000000000, 0.0000000000000000000, 0.7874999999999999800 ) ) ;
#1930 = CARTESIAN_POINT ( 'NONE',  ( -0.6533546981540729900, 0.01378000000000684600, 0.5709999999999997300 ) ) ;
#1931 = DIRECTION ( 'NONE',  ( -0.0000000000000000000, -0.0000000000000000000, -1.000000000000000000 ) ) ;
#1932 = ORIENTED_EDGE ( 'NONE', *, *, #1487, .T. ) ;
#1933 = VECTOR ( 'NONE', #402, 39.37007874015748100 ) ;
#1934 = EDGE_CURVE ( 'NONE', #1462, #864, #1613, .T. ) ;
#1935 = VERTEX_POINT ( 'NONE', #918 ) ;
#1936 = DIRECTION ( 'NONE',  ( 0.0000000000000000000, 0.7071067811865489100, -0.7071067811865460200 ) ) ;
#1937 = CARTESIAN_POINT ( 'NONE',  ( -0.1163190883529607600, -0.2448102453525937400, 0.2125000000000000200 ) ) ;
#1938 = FACE_OUTER_BOUND ( 'NONE', #2497, .T. ) ;
#1939 = EDGE_LOOP ( 'NONE', ( #1748, #1949, #100, #1847, #1196, #3027, #3821, #331, #2855, #2114, #2881, #2769, #3592, #4243, #4705, #2972, #4276, #1119, #4566, #1683, #2681, #3071, #4366, #33, #2297, #843, #643, #3944, #4374, #4412, #1713, #4509, #2013, #3081, #3881, #1689 ) ) ;
#1940 = AXIS2_PLACEMENT_3D ( 'NONE', #4064, #765, #2209 ) ;
#1941 = CARTESIAN_POINT ( 'NONE',  ( -0.4244026224108661800, -0.4438904853003599000, 0.6511208368330015900 ) ) ;
#1942 = DIRECTION ( 'NONE',  ( 0.0000000000000000000, -0.7345095552677521900, 0.6785983445458504400 ) ) ;
#1943 = VECTOR ( 'NONE', #1543, 39.37007874015748100 ) ;
#1944 = EDGE_CURVE ( 'NONE', #3262, #1749, #3173, .T. ) ;
#1945 = DIRECTION ( 'NONE',  ( -0.0000000000000000000, -0.0000000000000000000, -1.000000000000000000 ) ) ;
#1946 = ORIENTED_EDGE ( 'NONE', *, *, #1472, .F. ) ;
#1947 = DIRECTION ( 'NONE',  ( -0.7071067811865489100, 7.406550393246810600E-015, -0.7071067811865460200 ) ) ;
#1948 = LINE ( 'NONE', #4236, #346 ) ;
#1949 = ORIENTED_EDGE ( 'NONE', *, *, #1072, .T. ) ;
#1950 = VECTOR ( 'NONE', #2739, 39.37007874015748100 ) ;
#1951 = DIRECTION ( 'NONE',  ( -1.000000000000000000, 0.0000000000000000000, 0.0000000000000000000 ) ) ;
#1952 = CARTESIAN_POINT ( 'NONE',  ( 0.4717354690295832400, -0.4522476061400868600, 0.5829299999999997300 ) ) ;
#1953 = VERTEX_POINT ( 'NONE', #1703 ) ;
#1954 = FACE_OUTER_BOUND ( 'NONE', #2912, .T. ) ;
#1955 = CARTESIAN_POINT ( 'NONE',  ( 0.0000000000000000000, 0.0000000000000000000, 0.5829299999999997300 ) ) ;
#1956 = CARTESIAN_POINT ( 'NONE',  ( -0.1291088486861415600, -0.1485967115756403900, -0.7874999999999999800 ) ) ;
#1957 = CARTESIAN_POINT ( 'NONE',  ( -0.01378000000000000100, 0.6533546981540731000, 0.5829299999999997300 ) ) ;
#1958 = ORIENTED_EDGE ( 'NONE', *, *, #379, .T. ) ;
#1959 = VECTOR ( 'NONE', #9, 39.37007874015748100 ) ;
#1960 = DIRECTION ( 'NONE',  ( -1.000000000000000000, 0.0000000000000000000, 0.0000000000000000000 ) ) ;
#1961 = ORIENTED_EDGE ( 'NONE', *, *, #2203, .T. ) ;
#1962 = EDGE_CURVE ( 'NONE', #82, #3140, #2477, .T. ) ;
#1963 = LINE ( 'NONE', #243, #599 ) ;
#1964 = VERTEX_POINT ( 'NONE', #2740 ) ;
#1965 = CARTESIAN_POINT ( 'NONE',  ( -0.1761465223911525500, 0.08787764305930292900, -0.5119094488188979900 ) ) ;
#1966 = VECTOR ( 'NONE', #655, 39.37007874015748100 ) ;
#1967 = EDGE_CURVE ( 'NONE', #3023, #552, #1976, .T. ) ;
#1968 = FACE_OUTER_BOUND ( 'NONE', #2200, .T. ) ;
#1969 = ORIENTED_EDGE ( 'NONE', *, *, #1292, .T. ) ;
#1970 = CARTESIAN_POINT ( 'NONE',  ( 0.3628693587064268900, 0.3433814958169243400, -0.6481465455388577500 ) ) ;
#1971 = DIRECTION ( 'NONE',  ( -1.000000000000000000, 0.0000000000000000000, 0.0000000000000000000 ) ) ;
#1972 = CARTESIAN_POINT ( 'NONE',  ( 0.4995058723592285500, -0.009187435021342855300, -0.6482576494458308600 ) ) ;
#1973 = CARTESIAN_POINT ( 'NONE',  ( 0.0000000000000000000, 0.0000000000000000000, -0.7874999999999999800 ) ) ;
#1974 = ORIENTED_EDGE ( 'NONE', *, *, #497, .F. ) ;
#1975 = ORIENTED_EDGE ( 'NONE', *, *, #2088, .F. ) ;
#1976 = B_SPLINE_CURVE_WITH_KNOTS ( 'NONE', 3,
 ( #236, #1637, #4237, #1382 ),
 .UNSPECIFIED., .F., .F.,
 ( 4, 4 ),
 ( 2.309592430349258200E-007, 0.006000552272120237900 ),
 .UNSPECIFIED. ) ;
#1977 = DIMENSIONAL_EXPONENTS ( 1.000000000000000000, 0.0000000000000000000, 0.0000000000000000000, 0.0000000000000000000, 0.0000000000000000000, 0.0000000000000000000, 0.0000000000000000000 ) ;
#1978 = ORIENTED_EDGE ( 'NONE', *, *, #334, .F. ) ;
#1979 = AXIS2_PLACEMENT_3D ( 'NONE', #2621, #458, #4439 ) ;
#1980 = PLANE ( 'NONE',  #3799 ) ;
#1981 = ORIENTED_EDGE ( 'NONE', *, *, #3890, .T. ) ;
#1982 = CARTESIAN_POINT ( 'NONE',  ( -0.2246810779077493300, -0.5784369808054747900, 0.2124999999999999100 ) ) ;
#1983 = CARTESIAN_POINT ( 'NONE',  ( 0.01378000000000000100, 0.5054174171510003000, -0.6053094782170985700 ) ) ;
#1984 = CARTESIAN_POINT ( 'NONE',  ( 0.4846855519884358300, -0.1858479645998730400, -0.5093337319563663300 ) ) ;
#1985 = VERTEX_POINT ( 'NONE', #3615 ) ;
#1986 = PERSON_AND_ORGANIZATION ( #4238, #2394 ) ;
#1987 = DIRECTION ( 'NONE',  ( -0.0000000000000000000, -0.0000000000000000000, -1.000000000000000000 ) ) ;
#1988 = DIRECTION ( 'NONE',  ( 0.3826834323650906700, -0.9238795325112862900, 0.0000000000000000000 ) ) ;
#1989 = ORIENTED_EDGE ( 'NONE', *, *, #2656, .F. ) ;
#1990 = EDGE_CURVE ( 'NONE', #2831, #4199, #638, .T. ) ;
#1991 = LINE ( 'NONE', #3793, #1194 ) ;
#1992 = PLANE ( 'NONE',  #1821 ) ;
#1993 = CARTESIAN_POINT ( 'NONE',  ( 0.0000000000000000000, 0.5747999999999999800, 0.5709999999999998400 ) ) ;
#1994 = ORIENTED_EDGE ( 'NONE', *, *, #4065, .F. ) ;
#1995 = LINE ( 'NONE', #3225, #3555 ) ;
#1996 = AXIS2_PLACEMENT_3D ( 'NONE', #2849, #1735, #4302 ) ;
#1997 = EDGE_CURVE ( 'NONE', #1053, #1678, #1499, .T. ) ;
#1998 = CARTESIAN_POINT ( 'NONE',  ( -0.6534999999999998600, 0.01378000000000684600, 0.7874999999999999800 ) ) ;
#1999 = CARTESIAN_POINT ( 'NONE',  ( 0.4718382129501602600, 0.4523503500606574400, 0.7874999999999999800 ) ) ;
#2000 = ORIENTED_EDGE ( 'NONE', *, *, #4026, .T. ) ;
#2001 = VECTOR ( 'NONE', #1719, 39.37007874015748900 ) ;
#2002 = AXIS2_PLACEMENT_3D ( 'NONE', #4378, #4054, #722 ) ;
#2003 = EDGE_LOOP ( 'NONE', ( #2859, #1676, #991, #1425 ) ) ;
#2004 = CARTESIAN_POINT ( 'NONE',  ( 0.01378000000000000100, 0.6533546981540731000, 0.5709999999999997300 ) ) ;
#2005 = PLANE ( 'NONE',  #1240 ) ;
#2006 = EDGE_CURVE ( 'NONE', #3272, #667, #536, .T. ) ;
#2007 = CARTESIAN_POINT ( 'NONE',  ( -4.811261284925837800E-017, -0.01378000000000000100, 0.0000000000000000000 ) ) ;
#2008 = DIRECTION ( 'NONE',  ( 0.3826834323650936700, 0.9238795325112851800, 1.177569344012825800E-016 ) ) ;
#2009 = B_SPLINE_CURVE_WITH_KNOTS ( 'NONE', 3,
 ( #228, #4262, #2797, #2830, #3167, #1698, #2449 ),
 .UNSPECIFIED., .F., .F.,
 ( 4, 3, 4 ),
 ( 2.019671278514328200E-007, 0.02140495045453186600, 0.02564998077238689000 ),
 .UNSPECIFIED. ) ;
#2010 = ORIENTED_EDGE ( 'NONE', *, *, #3170, .F. ) ;
#2011 = DIRECTION ( 'NONE',  ( 0.7071067811865463500, -0.7071067811865487900, 0.0000000000000000000 ) ) ;
#2012 = VECTOR ( 'NONE', #1681, 39.37007874015748100 ) ;
#2013 = ORIENTED_EDGE ( 'NONE', *, *, #1045, .F. ) ;
#2014 = CARTESIAN_POINT ( 'NONE',  ( -0.1708812770320925800, -0.4485527718784949600, -0.7874999999999999800 ) ) ;
#2015 = DIRECTION ( 'NONE',  ( -0.0000000000000000000, -0.0000000000000000000, -1.000000000000000000 ) ) ;
#2016 = FACE_OUTER_BOUND ( 'NONE', #2095, .T. ) ;
#2017 = ORIENTED_EDGE ( 'NONE', *, *, #618, .F. ) ;
#2018 = LINE ( 'NONE', #4160, #2901 ) ;
#2019 = CARTESIAN_POINT ( 'NONE',  ( 0.0000000000000000000, 0.0000000000000000000, -0.5119094488188979900 ) ) ;
#2020 = CARTESIAN_POINT ( 'NONE',  ( -0.2448102453525933300, 0.1163190883529616100, 0.2125000000000000200 ) ) ;
#2021 = DIRECTION ( 'NONE',  ( -0.0000000000000000000, -0.0000000000000000000, -1.000000000000000000 ) ) ;
#2022 = DIRECTION ( 'NONE',  ( -1.000000000000000000, 0.0000000000000000000, 0.0000000000000000000 ) ) ;
#2023 = ORIENTED_EDGE ( 'NONE', *, *, #4662, .F. ) ;
#2024 = LINE ( 'NONE', #910, #3350 ) ;
#2025 = DIRECTION ( 'NONE',  ( -1.000000000000000000, 0.0000000000000000000, 0.0000000000000000000 ) ) ;
#2026 = AXIS2_PLACEMENT_3D ( 'NONE', #1231, #3813, #3801 ) ;
#2027 = EDGE_CURVE ( 'NONE', #1056, #1057, #936, .T. ) ;
#2028 = ORIENTED_EDGE ( 'NONE', *, *, #1944, .T. ) ;
#2029 = VERTEX_POINT ( 'NONE', #663 ) ;
#2030 = CARTESIAN_POINT ( 'NONE',  ( 0.005273377697991013200, 0.01273105995800555600, -0.5119094488188979900 ) ) ;
#2031 = CARTESIAN_POINT ( 'NONE',  ( 0.01378000000000000100, 0.5174624792127157100, -0.5196353104869246800 ) ) ;
#2032 = CARTESIAN_POINT ( 'NONE',  ( -0.5746347984589863500, 0.01378000000000602000, -0.7874999999999999800 ) ) ;
#2033 = ORIENTED_EDGE ( 'NONE', *, *, #2683, .F. ) ;
#2034 = AXIS2_PLACEMENT_3D ( 'NONE', #3987, #3253, #2082 ) ;
#2035 = EDGE_CURVE ( 'NONE', #4422, #1776, #546, .T. ) ;
#2036 = ORIENTED_EDGE ( 'NONE', *, *, #4293, .T. ) ;
#2037 = DESIGN_CONTEXT ( 'detailed design', #1710, 'design' ) ;
#2038 = PLANE ( 'NONE',  #866 ) ;
#2039 = DIRECTION ( 'NONE',  ( -0.0000000000000000000, -0.0000000000000000000, -1.000000000000000000 ) ) ;
#2040 = DIRECTION ( 'NONE',  ( -1.000000000000000000, 0.0000000000000000000, 0.0000000000000000000 ) ) ;
#2041 = ORIENTED_EDGE ( 'NONE', *, *, #1421, .F. ) ;
#2042 = CARTESIAN_POINT ( 'NONE',  ( 0.0000000000000000000, 0.0000000000000000000, 0.5829299999999997300 ) ) ;
#2043 = ORIENTED_EDGE ( 'NONE', *, *, #2833, .F. ) ;
#2044 = CARTESIAN_POINT ( 'NONE',  ( 0.4244026224108599600, -0.4438904853003658400, 0.6511208368330015900 ) ) ;
#2045 = CARTESIAN_POINT ( 'NONE',  ( 0.0000000000000000000, 0.1968503937007876600, -0.7875000000000003100 ) ) ;
#2046 = PLANE ( 'NONE',  #4034 ) ;
#2047 = LINE ( 'NONE', #1906, #4762 ) ;
#2048 = ORIENTED_EDGE ( 'NONE', *, *, #3321, .T. ) ;
#2049 = PLANE ( 'NONE',  #352 ) ;
#2050 = CARTESIAN_POINT ( 'NONE',  ( 0.0000000000000000000, 0.1968503937007876600, -0.7875000000000003100 ) ) ;
#2051 = ADVANCED_FACE ( 'NONE', ( #2016 ), #4280, .T. ) ;
#2052 = DIRECTION ( 'NONE',  ( 0.0000000000000000000, -0.0000000000000000000, -1.000000000000000000 ) ) ;
#2053 = DIRECTION ( 'NONE',  ( -1.000000000000000000, 0.0000000000000000000, 0.0000000000000000000 ) ) ;
#2054 = AXIS2_PLACEMENT_3D ( 'NONE', #4658, #227, #2432 ) ;
#2055 = EDGE_CURVE ( 'NONE', #242, #4109, #4729, .T. ) ;
#2056 = ORIENTED_EDGE ( 'NONE', *, *, #2775, .T. ) ;
#2057 = CARTESIAN_POINT ( 'NONE',  ( -0.1866932777871358800, -0.06241552314328820800, 0.1381789218234975900 ) ) ;
#2058 = VECTOR ( 'NONE', #1642, 39.37007874015748100 ) ;
#2059 = DIRECTION ( 'NONE',  ( -1.000000000000000000, 0.0000000000000000000, 0.0000000000000000000 ) ) ;
#2060 = EDGE_LOOP ( 'NONE', ( #3459, #4263, #2892, #1510, #4454, #3021, #1024 ) ) ;
#2061 = AXIS2_PLACEMENT_3D ( 'NONE', #1171, #2289, #4100 ) ;
#2062 = EDGE_CURVE ( 'NONE', #1378, #1332, #2597, .T. ) ;
#2063 =( BOUNDED_CURVE ( )  B_SPLINE_CURVE ( 3, ( #4486, #425, #753, #101 ),
 .UNSPECIFIED., .F., .F. ) 
 B_SPLINE_CURVE_WITH_KNOTS ( ( 4, 4 ),
 ( 6.213125608189635300, 6.353245006169537100 ),
 .UNSPECIFIED. ) 
 CURVE ( )  GEOMETRIC_REPRESENTATION_ITEM ( )  RATIONAL_B_SPLINE_CURVE ( ( 1.000000000000000000, 0.9983645486388806900, 0.9983645486388806900, 1.000000000000000000 ) ) 
 REPRESENTATION_ITEM ( '' )  );
#2064 = ORIENTED_EDGE ( 'NONE', *, *, #91, .T. ) ;
#2065 = VECTOR ( 'NONE', #3094, 39.37007874015747400 ) ;
#2066 = DIRECTION ( 'NONE',  ( -0.7071067811865489100, 7.406550393246810600E-015, -0.7071067811865460200 ) ) ;
#2067 = AXIS2_PLACEMENT_3D ( 'NONE', #3396, #2640, #3331 ) ;
#2068 = CARTESIAN_POINT ( 'NONE',  ( -0.004594211520414997500, -0.4996169921972549200, -0.6483687692838570000 ) ) ;
#2069 = ORIENTED_EDGE ( 'NONE', *, *, #1573, .F. ) ;
#2070 = LINE ( 'NONE', #66, #3456 ) ;
#2071 = DIRECTION ( 'NONE',  ( -1.000000000000000000, 0.0000000000000000000, 0.0000000000000000000 ) ) ;
#2072 = ORIENTED_EDGE ( 'NONE', *, *, #477, .T. ) ;
#2073 = LINE ( 'NONE', #2627, #2420 ) ;
#2074 = ADVANCED_FACE ( 'NONE', ( #2898 ), #1372, .T. ) ;
#2075 = EDGE_LOOP ( 'NONE', ( #3742, #3645, #3018, #1007 ) ) ;
#2076 = DIRECTION ( 'NONE',  ( -0.5000000000000053300, -0.4999999999999965600, -0.7071067811865460200 ) ) ;
#2077 = LINE ( 'NONE', #4583, #1567 ) ;
#2078 = VERTEX_POINT ( 'NONE', #2837 ) ;
#2079 = DIRECTION ( 'NONE',  ( -0.7071067811865490200, 0.0000000000000000000, 0.7071067811865460200 ) ) ;
#2080 = DIRECTION ( 'NONE',  ( 0.3826834323650969400, 0.9238795325112838500, 0.0000000000000000000 ) ) ;
#2081 = VECTOR ( 'NONE', #686, 39.37007874015748100 ) ;
#2082 = DIRECTION ( 'NONE',  ( -1.000000000000000000, 0.0000000000000000000, 0.0000000000000000000 ) ) ;
#2083 = CARTESIAN_POINT ( 'NONE',  ( -0.01378000000000000100, 0.5530315448433909000, 0.7566494865727984000 ) ) ;
#2084 = VECTOR ( 'NONE', #1176, 39.37007874015748900 ) ;
#2085 = EDGE_LOOP ( 'NONE', ( #30, #2655, #4750, #2995 ) ) ;
#2086 = ORIENTED_EDGE ( 'NONE', *, *, #2819, .F. ) ;
#2087 = DIRECTION ( 'NONE',  ( 0.7071067811865389100, -0.7071067811865561200, 0.0000000000000000000 ) ) ;
#2088 = EDGE_CURVE ( 'NONE', #514, #3139, #928, .T. ) ;
#2089 = ORIENTED_EDGE ( 'NONE', *, *, #859, .T. ) ;
#2090 = VERTEX_POINT ( 'NONE', #2102 ) ;
#2091 = ORIENTED_EDGE ( 'NONE', *, *, #2097, .F. ) ;
#2092 = APPROVAL_STATUS ( 'not_yet_approved' ) ;
#2093 = PLANE ( 'NONE',  #90 ) ;
#2094 = CARTESIAN_POINT ( 'NONE',  ( 0.5463957498597316100, -0.2412398945349499300, 0.04700011390998477100 ) ) ;
#2095 = EDGE_LOOP ( 'NONE', ( #3498, #2733, #4564, #4071, #1522, #2150, #2902 ) ) ;
#2096 = AXIS2_PLACEMENT_3D ( 'NONE', #3346, #3709, #4087 ) ;
#2097 = EDGE_CURVE ( 'NONE', #3566, #4628, #3571, .T. ) ;
#2098 = CARTESIAN_POINT ( 'NONE',  ( -0.01378000000000000100, 0.5747999999999999800, 0.5709999999999998400 ) ) ;
#2099 = CARTESIAN_POINT ( 'NONE',  ( 0.4993947684522552800, -0.01378000000000174600, -0.6481465455388575300 ) ) ;
#2100 = ADVANCED_FACE ( 'NONE', ( #2770 ), #182, .T. ) ;
#2101 = DIRECTION ( 'NONE',  ( -0.0000000000000000000, -0.0000000000000000000, -1.000000000000000000 ) ) ;
#2102 = CARTESIAN_POINT ( 'NONE',  ( -0.1761465223911543300, -0.08787764305929933500, -0.5119094488188979900 ) ) ;
#2103 = ORIENTED_EDGE ( 'NONE', *, *, #1145, .T. ) ;
#2104 = DATE_AND_TIME ( #2799, #4758 ) ;
#2105 = CARTESIAN_POINT ( 'NONE',  ( 0.0000000000000000000, 0.0000000000000000000, -0.5119094488188979900 ) ) ;
#2106 = CARTESIAN_POINT ( 'NONE',  ( -0.01378000000000000100, 0.4993947684522555000, -0.6481465455388577500 ) ) ;
#2107 = CARTESIAN_POINT ( 'NONE',  ( -0.1291088486861384500, 0.1485967115756430800, -0.3451192619209187400 ) ) ;
#2108 = VERTEX_POINT ( 'NONE', #3265 ) ;
#2109 = LINE ( 'NONE', #215, #4524 ) ;
#2110 = PERSON_AND_ORGANIZATION_ROLE ( 'design_supplier' ) ;
#2111 = CARTESIAN_POINT ( 'NONE',  ( 0.5535606451681818200, -0.2442076913446934400, 0.1021667319364034200 ) ) ;
#2112 = ORIENTED_EDGE ( 'NONE', *, *, #4111, .F. ) ;
#2113 = LINE ( 'NONE', #4002, #2993 ) ;
#2114 = ORIENTED_EDGE ( 'NONE', *, *, #3274, .T. ) ;
#2115 = DIRECTION ( 'NONE',  ( 1.000000000000000000, 0.0000000000000000000, -0.0000000000000000000 ) ) ;
#2116 = CARTESIAN_POINT ( 'NONE',  ( -0.01378000000000000100, -0.5115474638116273000, -0.5617079260506033800 ) ) ;
#2117 = CIRCLE ( 'NONE', #3694, 0.3149606299212597800 ) ;
#2118 = EDGE_CURVE ( 'NONE', #1920, #3023, #2766, .T. ) ;
#2119 = EDGE_LOOP ( 'NONE', ( #1344, #368, #2613, #3289 ) ) ;
#2120 = CARTESIAN_POINT ( 'NONE',  ( -0.01378000000000000100, 0.1963674848343153200, 0.7874999999999999800 ) ) ;
#2121 = VECTOR ( 'NONE', #168, 39.37007874015748900 ) ;
#2122 = ADVANCED_FACE ( 'NONE', ( #2657 ), #3315, .T. ) ;
#2123 = AXIS2_PLACEMENT_3D ( 'NONE', #3203, #2858, #1739 ) ;
#2124 = EDGE_LOOP ( 'NONE', ( #741, #3896, #436, #3373 ) ) ;
#2125 = EDGE_CURVE ( 'NONE', #3878, #2292, #244, .T. ) ;
#2126 = CARTESIAN_POINT ( 'NONE',  ( -0.3628693587064220600, 0.3433814958169293900, -0.6481465455388578700 ) ) ;
#2127 = LINE ( 'NONE', #3485, #2712 ) ;
#2128 = VERTEX_POINT ( 'NONE', #2518 ) ;
#2129 = VECTOR ( 'NONE', #3988, 39.37007874015748100 ) ;
#2130 = CARTESIAN_POINT ( 'NONE',  ( -0.3433814958169281700, -0.3628693587064232300, -0.6481465455388578700 ) ) ;
#2131 = AXIS2_PLACEMENT_3D ( 'NONE', #129, #3035, #3408 ) ;
#2132 = PLANE ( 'NONE',  #2123 ) ;
#2133 = DIRECTION ( 'NONE',  ( 0.3826834323650906700, -0.9238795325112862900, 0.0000000000000000000 ) ) ;
#2134 = ORIENTED_EDGE ( 'NONE', *, *, #4358, .T. ) ;
#2135 = CIRCLE ( 'NONE', #3683, 0.1968503937007875500 ) ;
#2136 = CARTESIAN_POINT ( 'NONE',  ( -0.2113100845158857600, -0.4741387965924530600, -0.5093337319563667800 ) ) ;
#2137 = CARTESIAN_POINT ( 'NONE',  ( 0.1076837406101433700, -0.2959804223400665000, -0.7875000000000003100 ) ) ;
#2138 = ORIENTED_EDGE ( 'NONE', *, *, #2492, .F. ) ;
#2139 = CYLINDRICAL_SURFACE ( 'NONE', #3205, 0.3149606299212597800 ) ;
#2140 = CARTESIAN_POINT ( 'NONE',  ( -0.3500339650584177200, -0.3565311612989929800, -0.6483687692838570000 ) ) ;
#2141 = ORIENTED_EDGE ( 'NONE', *, *, #2203, .F. ) ;
#2142 = ORIENTED_EDGE ( 'NONE', *, *, #3178, .T. ) ;
#2143 = EDGE_CURVE ( 'NONE', #2405, #892, #3278, .T. ) ;
#2144 = ORIENTED_EDGE ( 'NONE', *, *, #2561, .F. ) ;
#2145 = DIRECTION ( 'NONE',  ( 0.0000000000000000000, 0.0000000000000000000, 1.000000000000000000 ) ) ;
#2146 = CARTESIAN_POINT ( 'NONE',  ( 0.2854336669440850600, 0.1331458605261533800, -0.5119094488188979900 ) ) ;
#2147 = ADVANCED_FACE ( 'NONE', ( #3229 ), #2582, .T. ) ;
#2148 = CARTESIAN_POINT ( 'NONE',  ( 0.5607254677216783100, 0.2471754580183437900, 0.1573333610333199900 ) ) ;
#2149 =( BOUNDED_CURVE ( )  B_SPLINE_CURVE ( 3, ( #1546, #2539, #4001, #1452 ),
 .UNSPECIFIED., .F., .F. ) 
 B_SPLINE_CURVE_WITH_KNOTS ( ( 4, 4 ),
 ( 6.213125608189635300, 6.353245006169537100 ),
 .UNSPECIFIED. ) 
 CURVE ( )  GEOMETRIC_REPRESENTATION_ITEM ( )  RATIONAL_B_SPLINE_CURVE ( ( 1.000000000000000000, 0.9983645486388806900, 0.9983645486388806900, 1.000000000000000000 ) ) 
 REPRESENTATION_ITEM ( '' )  );
#2150 = ORIENTED_EDGE ( 'NONE', *, *, #2399, .F. ) ;
#2151 = CARTESIAN_POINT ( 'NONE',  ( -0.07964372400582150900, 0.1802543378037908300, 0.1388230640013659000 ) ) ;
#2152 = AXIS2_PLACEMENT_3D ( 'NONE', #3531, #245, #2813 ) ;
#2153 = DIRECTION ( 'NONE',  ( -0.3826834323650903900, -0.9238795325112864100, 0.0000000000000000000 ) ) ;
#2154 = EDGE_CURVE ( 'NONE', #625, #2921, #1609, .T. ) ;
#2155 = EDGE_LOOP ( 'NONE', ( #2198, #1092, #3720, #2853 ) ) ;
#2156 = ORIENTED_EDGE ( 'NONE', *, *, #44, .T. ) ;
#2157 = DIRECTION ( 'NONE',  ( -1.000000000000000000, 0.0000000000000000000, 0.0000000000000000000 ) ) ;
#2158 = AXIS2_PLACEMENT_3D ( 'NONE', #3193, #299, #3603 ) ;
#2159 = EDGE_CURVE ( 'NONE', #2128, #559, #636, .T. ) ;
#2160 = EDGE_LOOP ( 'NONE', ( #3255, #4224, #341, #4213 ) ) ;
#2161 = DIRECTION ( 'NONE',  ( 0.7071067811865489100, -2.468850131082270500E-015, -0.7071067811865460200 ) ) ;
#2162 = DIRECTION ( 'NONE',  ( -1.000000000000000000, 0.0000000000000000000, 0.0000000000000000000 ) ) ;
#2163 = DIRECTION ( 'NONE',  ( -0.0000000000000000000, -0.0000000000000000000, -1.000000000000000000 ) ) ;
#2164 = CARTESIAN_POINT ( 'NONE',  ( -0.08787764305930237400, -0.1761465223911528300, 0.1381789218234977000 ) ) ;
#2165 = ORIENTED_EDGE ( 'NONE', *, *, #4293, .F. ) ;
#2166 = CARTESIAN_POINT ( 'NONE',  ( 0.0000000000000000000, 0.0000000000000000000, -0.5119094488188979900 ) ) ;
#2167 = LINE ( 'NONE', #2359, #4129 ) ;
#2168 = CARTESIAN_POINT ( 'NONE',  ( 0.0000000000000000000, 0.5353914554318778300, 0.7874999999999998700 ) ) ;
#2169 = ORIENTED_EDGE ( 'NONE', *, *, #3643, .T. ) ;
#2170 = ADVANCED_FACE ( 'NONE', ( #2829 ), #62, .T. ) ;
#2171 = LINE ( 'NONE', #2192, #1890 ) ;
#2172 = CARTESIAN_POINT ( 'NONE',  ( -0.3500339650584102200, 0.3565311612990004200, -0.6483687692838571200 ) ) ;
#2173 = ORIENTED_EDGE ( 'NONE', *, *, #730, .T. ) ;
#2174 = LINE ( 'NONE', #104, #1599 ) ;
#2175 = CARTESIAN_POINT ( 'NONE',  ( 0.5352140900139535900, 0.01377999999999813200, 0.7874999999999999800 ) ) ;
#2176 = DIRECTION ( 'NONE',  ( -0.0000000000000000000, -0.0000000000000000000, -1.000000000000000000 ) ) ;
#2177 = VERTEX_POINT ( 'NONE', #3296 ) ;
#2178 = FACE_OUTER_BOUND ( 'NONE', #4228, .T. ) ;
#2179 = EDGE_CURVE ( 'NONE', #1730, #2489, #3679, .T. ) ;
#2180 = CARTESIAN_POINT ( 'NONE',  ( -0.2262753502289683600, -0.5102681440414933400, -0.2311669415155345500 ) ) ;
#2181 = ORIENTED_EDGE ( 'NONE', *, *, #651, .T. ) ;
#2182 = CYLINDRICAL_SURFACE ( 'NONE', #952, 0.3149606299212597800 ) ;
#2183 = EDGE_CURVE ( 'NONE', #3262, #3878, #4725, .T. ) ;
#2184 = VERTEX_POINT ( 'NONE', #702 ) ;
#2185 = CARTESIAN_POINT ( 'NONE',  ( -0.3433814958169281700, -0.3628693587064232300, -0.6481465455388578700 ) ) ;
#2186 = CIRCLE ( 'NONE', #2334, 0.5747999999999999800 ) ;
#2187 = CARTESIAN_POINT ( 'NONE',  ( 0.01378000000000000100, -0.6109222046738883600, 0.6564081069484641900 ) ) ;
#2188 = ORIENTED_EDGE ( 'NONE', *, *, #3978, .T. ) ;
#2189 = DIRECTION ( 'NONE',  ( 0.6532814824381857300, 0.2705980500730954000, 0.7071067811865509000 ) ) ;
#2190 = VECTOR ( 'NONE', #3152, 39.37007874015748100 ) ;
#2191 = ADVANCED_FACE ( 'NONE', ( #1954 ), #125, .T. ) ;
#2192 = CARTESIAN_POINT ( 'NONE',  ( -0.1866932777871347100, 0.06241552314329196900, -0.7874999999999999800 ) ) ;
#2193 = DIRECTION ( 'NONE',  ( -2.220446049250313100E-014, -1.000000000000000000, -5.502957744461820500E-017 ) ) ;
#2194 = ORIENTED_EDGE ( 'NONE', *, *, #4000, .F. ) ;
#2195 = CARTESIAN_POINT ( 'NONE',  ( 0.005273377697990907400, -0.01273105995800555500, -1.074502747390032500E-033 ) ) ;
#2196 = CIRCLE ( 'NONE', #4775, 0.3149606299212597800 ) ;
#2197 = VECTOR ( 'NONE', #3, 39.37007874015748100 ) ;
#2198 = ORIENTED_EDGE ( 'NONE', *, *, #2938, .T. ) ;
#2199 = CARTESIAN_POINT ( 'NONE',  ( 0.3628693587064268900, 0.3433814958169243400, -0.6481465455388577500 ) ) ;
#2200 = EDGE_LOOP ( 'NONE', ( #2714, #3594, #2850, #2845 ) ) ;
#2201 = ORIENTED_EDGE ( 'NONE', *, *, #4159, .F. ) ;
#2202 = VERTEX_POINT ( 'NONE', #3281 ) ;
#2203 = EDGE_CURVE ( 'NONE', #853, #1395, #2235, .T. ) ;
#2204 =( BOUNDED_CURVE ( )  B_SPLINE_CURVE ( 3, ( #916, #611, #3904, #3490 ),
 .UNSPECIFIED., .F., .F. ) 
 B_SPLINE_CURVE_WITH_KNOTS ( ( 4, 4 ),
 ( 3.071532954599842700, 3.211652352579744000 ),
 .UNSPECIFIED. ) 
 CURVE ( )  GEOMETRIC_REPRESENTATION_ITEM ( )  RATIONAL_B_SPLINE_CURVE ( ( 1.000000000000000000, 0.9983645486388806900, 0.9983645486388806900, 1.000000000000000000 ) ) 
 REPRESENTATION_ITEM ( '' )  );
#2205 = DIRECTION ( 'NONE',  ( -0.0000000000000000000, -0.0000000000000000000, -1.000000000000000000 ) ) ;
#2206 = PLANE ( 'NONE',  #1055 ) ;
#2207 = CARTESIAN_POINT ( 'NONE',  ( -0.4995614282951929600, 6.117863041391874600E-017, -0.6483132053817951500 ) ) ;
#2208 = VERTEX_POINT ( 'NONE', #2567 ) ;
#2209 = DIRECTION ( 'NONE',  ( -1.000000000000000000, 0.0000000000000000000, 0.0000000000000000000 ) ) ;
#2210 = ORIENTED_EDGE ( 'NONE', *, *, #4349, .T. ) ;
#2211 = DIRECTION ( 'NONE',  ( 0.3826834323650903900, 0.9238795325112864100, 0.0000000000000000000 ) ) ;
#2212 = CARTESIAN_POINT ( 'NONE',  ( 0.01273105995800552900, -0.005273377697990949900, -0.05818856301081960800 ) ) ;
#2213 = EDGE_CURVE ( 'NONE', #271, #1020, #4319, .T. ) ;
#2214 = CARTESIAN_POINT ( 'NONE',  ( -0.4741387965924566700, -0.2113100845158777100, -0.5093337319563663300 ) ) ;
#2215 = EDGE_LOOP ( 'NONE', ( #3553, #1631, #1795, #1453 ) ) ;
#2216 = CARTESIAN_POINT ( 'NONE',  ( -0.4522476061400786400, 0.4717354690295911800, 0.5829299999999998400 ) ) ;
#2217 = ADVANCED_FACE ( 'NONE', ( #1665 ), #1496, .T. ) ;
#2218 = ORIENTED_EDGE ( 'NONE', *, *, #2429, .F. ) ;
#2219 = AXIS2_PLACEMENT_3D ( 'NONE', #39, #2263, #1861 ) ;
#2220 = ORIENTED_EDGE ( 'NONE', *, *, #3654, .F. ) ;
#2221 = CARTESIAN_POINT ( 'NONE',  ( -0.1331458605261544300, 0.2854336669440845600, -0.7875000000000003100 ) ) ;
#2222 = DIRECTION ( 'NONE',  ( 0.3826834323650937800, 0.9238795325112850700, -0.0000000000000000000 ) ) ;
#2223 = CARTESIAN_POINT ( 'NONE',  ( 0.0000000000000000000, 0.0000000000000000000, 0.5709999999999997300 ) ) ;
#2224 = CIRCLE ( 'NONE', #1116, 0.6205408347023917400 ) ;
#2225 = ORIENTED_EDGE ( 'NONE', *, *, #12, .T. ) ;
#2226 = PLANE ( 'NONE',  #1600 ) ;
#2227 = DIRECTION ( 'NONE',  ( -0.0000000000000000000, -0.0000000000000000000, -1.000000000000000000 ) ) ;
#2228 = LINE ( 'NONE', #1041, #913 ) ;
#2229 = CARTESIAN_POINT ( 'NONE',  ( -0.4699714600925058400, -0.4504835972029965200, 0.4292699999999997600 ) ) ;
#2230 = ORIENTED_EDGE ( 'NONE', *, *, #4198, .T. ) ;
#2231 = CARTESIAN_POINT ( 'NONE',  ( 0.3500339650584151600, 0.3565311612989953700, -0.6483687692838570000 ) ) ;
#2232 = EDGE_CURVE ( 'NONE', #886, #1375, #3854, .T. ) ;
#2233 = DIRECTION ( 'NONE',  ( -0.0000000000000000000, -0.0000000000000000000, -1.000000000000000000 ) ) ;
#2234 = ORIENTED_EDGE ( 'NONE', *, *, #4074, .F. ) ;
#2235 = CIRCLE ( 'NONE', #343, 0.6205408347023917400 ) ;
#2236 = PLANE ( 'NONE',  #4612 ) ;
#2237 = ADVANCED_FACE ( 'NONE', ( #1269 ), #3057, .T. ) ;
#2238 = CARTESIAN_POINT ( 'NONE',  ( -0.4717354690295801300, 0.4522476061400901300, -0.7874999999999999800 ) ) ;
#2239 = CARTESIAN_POINT ( 'NONE',  ( 0.4995058723592286100, 0.009187435021340589800, -0.6482576494458308600 ) ) ;
#2240 = AXIS2_PLACEMENT_3D ( 'NONE', #103, #3710, #426 ) ;
#2241 = ORIENTED_EDGE ( 'NONE', *, *, #2665, .T. ) ;
#2242 = EDGE_CURVE ( 'NONE', #3020, #2921, #3973, .T. ) ;
#2243 = LINE ( 'NONE', #4186, #1274 ) ;
#2244 = CARTESIAN_POINT ( 'NONE',  ( 0.06432374643454220900, 0.04155913267586367600, -0.7875000000000003100 ) ) ;
#2245 = DIRECTION ( 'NONE',  ( 0.0000000000000000000, -0.7071067811865489100, -0.7071067811865460200 ) ) ;
#2246 = CARTESIAN_POINT ( 'NONE',  ( 0.0000000000000000000, 0.0000000000000000000, -0.5119094488188979900 ) ) ;
#2247 = CARTESIAN_POINT ( 'NONE',  ( 0.4504835972029981900, -0.4699714600925042900, 0.4292699999999997600 ) ) ;
#2248 = EDGE_LOOP ( 'NONE', ( #961, #4571, #941, #4643 ) ) ;
#2249 = FACE_OUTER_BOUND ( 'NONE', #1740, .T. ) ;
#2250 = AXIS2_PLACEMENT_3D ( 'NONE', #3252, #1397, #3279 ) ;
#2251 = EDGE_CURVE ( 'NONE', #2817, #3339, #689, .T. ) ;
#2252 = DIRECTION ( 'NONE',  ( -0.9238795325112850700, 0.3826834323650936100, 0.0000000000000000000 ) ) ;
#2253 = DIRECTION ( 'NONE',  ( -0.1391731009600657700, 1.704378926181559700E-017, 0.9902680687415703600 ) ) ;
#2254 = ORIENTED_EDGE ( 'NONE', *, *, #2006, .T. ) ;
#2255 = VECTOR ( 'NONE', #2949, 39.37007874015748100 ) ;
#2256 = EDGE_LOOP ( 'NONE', ( #2789, #2773, #600, #1865, #2548, #4119, #71, #2609, #1533 ) ) ;
#2257 = DIRECTION ( 'NONE',  ( 0.0000000000000000000, 0.0000000000000000000, -1.000000000000000000 ) ) ;
#2258 = DIRECTION ( 'NONE',  ( -1.000000000000000000, 0.0000000000000000000, 0.0000000000000000000 ) ) ;
#2259 = CARTESIAN_POINT ( 'NONE',  ( -0.08787764305930237400, -0.1761465223911528300, 0.1381789218234977000 ) ) ;
#2260 = ORIENTED_EDGE ( 'NONE', *, *, #805, .F. ) ;
#2261 = ORIENTED_EDGE ( 'NONE', *, *, #3336, .F. ) ;
#2262 = ORIENTED_EDGE ( 'NONE', *, *, #4288, .F. ) ;
#2263 = DIRECTION ( 'NONE',  ( -1.000000000000000000, 0.0000000000000000000, 0.0000000000000000000 ) ) ;
#2264 = CARTESIAN_POINT ( 'NONE',  ( 0.4522476061400851900, 0.4717354690295848500, 0.5829299999999997300 ) ) ;
#2265 = CARTESIAN_POINT ( 'NONE',  ( -0.4993947684522556700, -0.01377999999999477000, -0.6481465455388577500 ) ) ;
#2266 = CARTESIAN_POINT ( 'NONE',  ( -0.2854336669440832900, 0.1331458605261571800, -0.7875000000000003100 ) ) ;
#2267 = ORIENTED_EDGE ( 'NONE', *, *, #2329, .T. ) ;
#2268 = AXIS2_PLACEMENT_3D ( 'NONE', #124, #2331, #142 ) ;
#2269 = VERTEX_POINT ( 'NONE', #3725 ) ;
#2270 = EDGE_CURVE ( 'NONE', #123, #2392, #4430, .T. ) ;
#2271 = CARTESIAN_POINT ( 'NONE',  ( 0.009743931444750676300, 0.009743931444750574000, 0.0000000000000000000 ) ) ;
#2272 = CARTESIAN_POINT ( 'NONE',  ( 0.0000000000000000000, 0.0000000000000000000, -0.7875000000000005300 ) ) ;
#2273 = VERTEX_POINT ( 'NONE', #2602 ) ;
#2274 = AXIS2_PLACEMENT_3D ( 'NONE', #3219, #641, #4294 ) ;
#2275 = CARTESIAN_POINT ( 'NONE',  ( -0.01378000000000000100, 0.4993947684522555000, -0.6481465455388577500 ) ) ;
#2276 = DIRECTION ( 'NONE',  ( 0.0000000000000000000, 0.0000000000000000000, -1.000000000000000000 ) ) ;
#2277 = EDGE_CURVE ( 'NONE', #625, #674, #1674, .T. ) ;
#2279 = B_SPLINE_CURVE_WITH_KNOTS ( 'NONE', 3,
 ( #453, #1154, #2670, #3038 ),
 .UNSPECIFIED., .F., .F.,
 ( 4, 4 ),
 ( 2.019663912537981100E-007, 0.02763568366266931600 ),
 .UNSPECIFIED. ) ;
#2278 = CARTESIAN_POINT ( 'NONE',  ( -0.3985731588994241800, -0.3790852960099160800, -0.2890083133193885300 ) ) ;
#2280 = PLANE ( 'NONE',  #2772 ) ;
#2281 = ORIENTED_EDGE ( 'NONE', *, *, #1814, .F. ) ;
#2282 = FACE_OUTER_BOUND ( 'NONE', #2003, .T. ) ;
#2283 = AXIS2_PLACEMENT_3D ( 'NONE', #4552, #1280, #3483 ) ;
#2284 = ORIENTED_EDGE ( 'NONE', *, *, #2561, .T. ) ;
#2285 = AXIS2_PLACEMENT_3D ( 'NONE', #1112, #4752, #1096 ) ;
#2286 = CIRCLE ( 'NONE', #1940, 0.5747999999999999800 ) ;
#2287 = CARTESIAN_POINT ( 'NONE',  ( -0.1966893582170024500, -0.009193246255921784200, -0.3454411353036058200 ) ) ;
#2288 = CARTESIAN_POINT ( 'NONE',  ( 0.01378000000000000100, -0.5746347984589864600, 0.5709999999999997300 ) ) ;
#2289 = DIRECTION ( 'NONE',  ( -0.0000000000000000000, -0.0000000000000000000, -1.000000000000000000 ) ) ;
#2290 = EDGE_LOOP ( 'NONE', ( #2336, #399, #3154, #1699 ) ) ;
#2291 = LINE ( 'NONE', #4703, #3332 ) ;
#2292 = VERTEX_POINT ( 'NONE', #3026 ) ;
#2293 = DIRECTION ( 'NONE',  ( -0.0000000000000000000, 0.0000000000000000000, -1.000000000000000000 ) ) ;
#2294 = DIRECTION ( 'NONE',  ( 0.3826834323650969400, 0.9238795325112838500, 0.0000000000000000000 ) ) ;
#2295 = CARTESIAN_POINT ( 'NONE',  ( -0.2971439314447507100, 0.2776560685552524300, 0.5709999999999998400 ) ) ;
#2296 = CIRCLE ( 'NONE', #2973, 0.5747999999999999800 ) ;
#2297 = ORIENTED_EDGE ( 'NONE', *, *, #1692, .F. ) ;
#2298 = CARTESIAN_POINT ( 'NONE',  ( -0.4438904853003672900, -0.4244026224108585800, 0.6511208368330015900 ) ) ;
#2299 = AXIS2_PLACEMENT_3D ( 'NONE', #2828, #4675, #4290 ) ;
#2300 = VECTOR ( 'NONE', #1181, 39.37007874015748100 ) ;
#2301 = EDGE_CURVE ( 'NONE', #1259, #3775, #2070, .T. ) ;
#2302 = ORIENTED_EDGE ( 'NONE', *, *, #3423, .F. ) ;
#2303 = DIRECTION ( 'NONE',  ( -1.000000000000000000, 0.0000000000000000000, 0.0000000000000000000 ) ) ;
#2304 = LINE ( 'NONE', #239, #1794 ) ;
#2305 = DIRECTION ( 'NONE',  ( -0.3826834323650968900, -0.9238795325112838500, -8.920344749722869000E-017 ) ) ;
#2306 = CARTESIAN_POINT ( 'NONE',  ( 0.01378000000000000100, -1.141827091101859900E-016, -0.1487517770866043600 ) ) ;
#2307 = AXIS2_PLACEMENT_3D ( 'NONE', #1251, #1282, #879 ) ;
#2308 = EDGE_CURVE ( 'NONE', #2314, #1615, #3802, .T. ) ;
#2309 = ORIENTED_EDGE ( 'NONE', *, *, #3402, .T. ) ;
#2310 = ORIENTED_EDGE ( 'NONE', *, *, #3000, .F. ) ;
#2311 = LINE ( 'NONE', #3073, #3411 ) ;
#2312 = CARTESIAN_POINT ( 'NONE',  ( 0.5746347984589863500, -0.01378000000000201600, 0.5709999999999997300 ) ) ;
#2313 = CARTESIAN_POINT ( 'NONE',  ( -0.06241552314329013700, 0.1866932777871352900, -0.5119094488188979900 ) ) ;
#2314 = VERTEX_POINT ( 'NONE', #3341 ) ;
#2315 = B_SPLINE_CURVE_WITH_KNOTS ( 'NONE', 3,
 ( #1611, #2368, #2044, #3136 ),
 .UNSPECIFIED., .F., .F.,
 ( 4, 4 ),
 ( 2.309592430349258200E-007, 0.006000552272120236200 ),
 .UNSPECIFIED. ) ;
#2316 = LINE ( 'NONE', #1120, #4555 ) ;
#2317 = CARTESIAN_POINT ( 'NONE',  ( 0.2501431978237564400, -0.5678902254094944100, 0.2124999999999999100 ) ) ;
#2318 = CONICAL_SURFACE ( 'NONE', #2380, 0.6534999999999999700, 0.5235987755982998100 ) ;
#2319 = ORIENTED_EDGE ( 'NONE', *, *, #1841, .T. ) ;
#2320 = EDGE_LOOP ( 'NONE', ( #2876, #145, #3216, #1408, #4751, #3859, #3250, #3407, #882, #2064, #656, #4337, #3811, #1493, #1854, #3907, #1501, #4112, #1579, #4306, #4407, #3165, #1429, #151, #820, #925, #4332, #473, #4125, #3604, #156, #2558, #3395, #4508, #1140, #4316 ) ) ;
#2321 = DIRECTION ( 'NONE',  ( 0.9238795325112876300, 0.3826834323650873900, 0.0000000000000000000 ) ) ;
#2322 = CARTESIAN_POINT ( 'NONE',  ( -0.005273377697991080000, -0.01273105995800546600, -1.074502747390032500E-033 ) ) ;
#2323 = CARTESIAN_POINT ( 'NONE',  ( 0.2448102453525949400, 0.1163190883529582200, 0.2125000000000000200 ) ) ;
#2324 = ORIENTED_EDGE ( 'NONE', *, *, #4044, .T. ) ;
#2325 = VERTEX_POINT ( 'NONE', #4499 ) ;
#2326 = CARTESIAN_POINT ( 'NONE',  ( -0.01273105995800552900, -0.005273377697990947300, -0.05818856301081960800 ) ) ;
#2327 = CARTESIAN_POINT ( 'NONE',  ( 0.4995614282951929000, -0.004593882164846464300, -0.6483132053817951500 ) ) ;
#2328 = DIRECTION ( 'NONE',  ( -0.0000000000000000000, -0.0000000000000000000, -1.000000000000000000 ) ) ;
#2329 = EDGE_CURVE ( 'NONE', #2666, #3011, #297, .T. ) ;
#2330 = DIRECTION ( 'NONE',  ( 8.241323937213484500E-017, 3.413668146703833800E-017, 1.000000000000000000 ) ) ;
#2331 = DIRECTION ( 'NONE',  ( 0.3826834323650810700, -0.9238795325112904000, 1.177569344012825800E-016 ) ) ;
#2332 = ORIENTED_EDGE ( 'NONE', *, *, #1457, .F. ) ;
#2333 = VECTOR ( 'NONE', #3514, 39.37007874015748100 ) ;
#2334 = AXIS2_PLACEMENT_3D ( 'NONE', #3863, #591, #4616 ) ;
#2335 = EDGE_CURVE ( 'NONE', #682, #4450, #3917, .T. ) ;
#2336 = ORIENTED_EDGE ( 'NONE', *, *, #4756, .T. ) ;
#2337 =( NAMED_UNIT ( * ) SI_UNIT ( $, .STERADIAN. ) SOLID_ANGLE_UNIT ( ) );
#2338 = DIRECTION ( 'NONE',  ( 0.3826834323650809000, -0.9238795325112902900, -0.0000000000000000000 ) ) ;
#2339 = CARTESIAN_POINT ( 'NONE',  ( 0.2217133381023346500, -0.5712722231176592400, 0.1573333610333199900 ) ) ;
#2340 = FACE_OUTER_BOUND ( 'NONE', #3214, .T. ) ;
#2341 = ORIENTED_EDGE ( 'NONE', *, *, #260, .T. ) ;
#2342 = DIRECTION ( 'NONE',  ( -0.0000000000000000000, -0.0000000000000000000, -1.000000000000000000 ) ) ;
#2343 = CARTESIAN_POINT ( 'NONE',  ( 0.01273105995800548200, -0.005273377697990929000, -0.5119094488188979900 ) ) ;
#2344 = CIRCLE ( 'NONE', #2664, 0.6534999999999999700 ) ;
#2345 = EDGE_CURVE ( 'NONE', #946, #1083, #2504, .T. ) ;
#2346 = ADVANCED_FACE ( 'NONE', ( #3340 ), #556, .T. ) ;
#2347 = CARTESIAN_POINT ( 'NONE',  ( -0.5678902254094969600, -0.2501431978237504400, 0.2124999999999999100 ) ) ;
#2348 = B_SPLINE_CURVE_WITH_KNOTS ( 'NONE', 3,
 ( #4392, #2136, #2180, #4766, #2555, #1619, #840 ),
 .UNSPECIFIED., .F., .F.,
 ( 4, 3, 4 ),
 ( 2.019671278339852300E-007, 0.02140495045453186300, 0.02564998077238688600 ),
 .UNSPECIFIED. ) ;
#2349 = ORIENTED_EDGE ( 'NONE', *, *, #2994, .T. ) ;
#2350 = CARTESIAN_POINT ( 'NONE',  ( 0.5746347984589863500, -0.01378000000000200800, 0.4292699999999999300 ) ) ;
#2351 = VECTOR ( 'NONE', #2536, 39.37007874015748100 ) ;
#2352 = ORIENTED_EDGE ( 'NONE', *, *, #3728, .T. ) ;
#2353 = VECTOR ( 'NONE', #2080, 39.37007874015748100 ) ;
#2354 = DIRECTION ( 'NONE',  ( 0.9238795325112902900, 0.3826834323650810100, 0.0000000000000000000 ) ) ;
#2355 = DIRECTION ( 'NONE',  ( 0.0000000000000000000, 0.7071067811865490200, 0.7071067811865460200 ) ) ;
#2356 = ORIENTED_EDGE ( 'NONE', *, *, #3882, .F. ) ;
#2357 = LINE ( 'NONE', #3918, #2012 ) ;
#2358 = UNCERTAINTY_MEASURE_WITH_UNIT (LENGTH_MEASURE( 1.000000000000000100E-005 ), #4603, 'distance_accuracy_value', 'NONE');
#2359 = CARTESIAN_POINT ( 'NONE',  ( 0.2959804223400661600, -0.1076837406101441900, -0.5119094488188979900 ) ) ;
#2360 = CARTESIAN_POINT ( 'NONE',  ( 0.6464068730931256100, 0.01377999999999774400, 0.3975914002637311300 ) ) ;
#2361 = VERTEX_POINT ( 'NONE', #4212 ) ;
#2362 = CARTESIAN_POINT ( 'NONE',  ( -0.5535606451681802700, 0.2442076913446973000, 0.1021667319364034700 ) ) ;
#2363 = VERTEX_POINT ( 'NONE', #163 ) ;
#2364 = EDGE_CURVE ( 'NONE', #3356, #3247, #3713, .T. ) ;
#2365 = B_SPLINE_CURVE_WITH_KNOTS ( 'NONE', 3,
 ( #3976, #1357, #2842, #4330, #631, #3209, #1001, #3569, #4312, #2106 ),
 .UNSPECIFIED., .F., .F.,
 ( 4, 3, 3, 4 ),
 ( 0.06133492734094789900, 0.06259034834489450600, 0.08567412119071159100, 0.08897040903645522800 ),
 .UNSPECIFIED. ) ;
#2366 = LINE ( 'NONE', #1999, #3808 ) ;
#2367 = EDGE_LOOP ( 'NONE', ( #1014, #2603, #4472, #2023 ) ) ;
#2368 = CARTESIAN_POINT ( 'NONE',  ( 0.3965568401538212600, -0.4160447030433267500, 0.7193110215654288100 ) ) ;
#2369 = CARTESIAN_POINT ( 'NONE',  ( 0.06241552314329004000, 0.1866932777871353800, -0.7874999999999999800 ) ) ;
#2370 = FACE_OUTER_BOUND ( 'NONE', #723, .T. ) ;
#2371 = AXIS2_PLACEMENT_3D ( 'NONE', #2566, #338, #4049 ) ;
#2372 = EDGE_CURVE ( 'NONE', #3989, #4476, #2893, .T. ) ;
#2373 = VECTOR ( 'NONE', #2211, 39.37007874015748900 ) ;
#2374 = ORIENTED_EDGE ( 'NONE', *, *, #542, .F. ) ;
#2375 = CARTESIAN_POINT ( 'NONE',  ( 0.005273377697990989800, 0.01273105995800550100, -1.074502747390032500E-033 ) ) ;
#2376 = ORIENTED_EDGE ( 'NONE', *, *, #2436, .F. ) ;
#2377 = VERTEX_POINT ( 'NONE', #3833 ) ;
#2378 = APPROVAL ( #1732, 'UNSPECIFIED' ) ;
#2379 = VERTEX_POINT ( 'NONE', #1597 ) ;
#2380 = AXIS2_PLACEMENT_3D ( 'NONE', #721, #676, #1065 ) ;
#2381 = ORIENTED_EDGE ( 'NONE', *, *, #3818, .T. ) ;
#2382 = VERTEX_POINT ( 'NONE', #1507 ) ;
#2383 = ORIENTED_EDGE ( 'NONE', *, *, #2930, .T. ) ;
#2384 = CARTESIAN_POINT ( 'NONE',  ( -0.06241552314329016500, 0.1866932777871352600, 0.1381789218234976100 ) ) ;
#2385 = CARTESIAN_POINT ( 'NONE',  ( 0.009743931444750608700, -0.009743931444750643400, 0.0000000000000000000 ) ) ;
#2386 = DIRECTION ( 'NONE',  ( -0.3826834323650968900, -0.9238795325112838500, -8.920344749722869000E-017 ) ) ;
#2387 = ORIENTED_EDGE ( 'NONE', *, *, #3249, .F. ) ;
#2388 = DIRECTION ( 'NONE',  ( -1.000000000000000000, 0.0000000000000000000, 0.0000000000000000000 ) ) ;
#2389 = CARTESIAN_POINT ( 'NONE',  ( -0.009743931444750825500, -0.009743931444750424800, -0.1487517770866043600 ) ) ;
#2390 = CARTESIAN_POINT ( 'NONE',  ( 0.2854336669440841700, -0.1331458605261552400, -0.5119094488188979900 ) ) ;
#2391 = CARTESIAN_POINT ( 'NONE',  ( -0.5712722231176570200, 0.2217133381023405300, 0.1573333610333199900 ) ) ;
#2392 = VERTEX_POINT ( 'NONE', #4181 ) ;
#2393 = EDGE_CURVE ( 'NONE', #275, #1708, #4090, .T. ) ;
#2394 = ORGANIZATION ( 'UNSPECIFIED', 'UNSPECIFIED', '' ) ;
#2395 = DIRECTION ( 'NONE',  ( -1.000000000000000000, 3.491481338843133000E-015, 0.0000000000000000000 ) ) ;
#2396 = PLANE ( 'NONE',  #931 ) ;
#2397 = ORIENTED_EDGE ( 'NONE', *, *, #1336, .F. ) ;
#2398 = VECTOR ( 'NONE', #2439, 39.37007874015748100 ) ;
#2399 = EDGE_CURVE ( 'NONE', #2292, #1395, #1246, .T. ) ;
#2400 =( NAMED_UNIT ( * ) PLANE_ANGLE_UNIT ( ) SI_UNIT ( $, .RADIAN. ) );
#2401 = CARTESIAN_POINT ( 'NONE',  ( 0.4438904853003642900, 0.4244026224108616300, 0.6511208368330015900 ) ) ;
#2402 = DIRECTION ( 'NONE',  ( -0.9238795325112876300, -0.3826834323650873900, 0.0000000000000000000 ) ) ;
#2403 = EDGE_LOOP ( 'NONE', ( #2381, #1946, #1521, #238 ) ) ;
#2404 = FACE_OUTER_BOUND ( 'NONE', #508, .T. ) ;
#2405 = VERTEX_POINT ( 'NONE', #2259 ) ;
#2406 = ORIENTED_EDGE ( 'NONE', *, *, #3825, .F. ) ;
#2407 = EDGE_CURVE ( 'NONE', #3020, #1643, #4223, .T. ) ;
#2408 = DIRECTION ( 'NONE',  ( -0.0000000000000000000, -0.0000000000000000000, -1.000000000000000000 ) ) ;
#2409 = FACE_OUTER_BOUND ( 'NONE', #4754, .T. ) ;
#2410 = B_SPLINE_CURVE_WITH_KNOTS ( 'NONE', 3,
 ( #1845, #2214, #4155, #1618, #4172, #3414, #2347 ),
 .UNSPECIFIED., .F., .F.,
 ( 4, 3, 4 ),
 ( 2.019671278479972000E-007, 0.02140495045453186300, 0.02564998077238688600 ),
 .UNSPECIFIED. ) ;
#2411 = ORIENTED_EDGE ( 'NONE', *, *, #3388, .F. ) ;
#2412 = CARTESIAN_POINT ( 'NONE',  ( -0.5102681440414924600, 0.2262753502289701300, -0.2311669415155345500 ) ) ;
#2413 = FACE_OUTER_BOUND ( 'NONE', #1556, .T. ) ;
#2414 = ADVANCED_FACE ( 'NONE', ( #1784 ), #517, .F. ) ;
#2415 = ORIENTED_EDGE ( 'NONE', *, *, #1264, .F. ) ;
#2416 = DIRECTION ( 'NONE',  ( -1.000000000000000000, 0.0000000000000000000, 0.0000000000000000000 ) ) ;
#2417 = DIRECTION ( 'NONE',  ( 0.9238795325112838500, -0.3826834323650969400, 1.177569344012825500E-016 ) ) ;
#2418 = LINE ( 'NONE', #3493, #474 ) ;
#2419 = ORIENTED_EDGE ( 'NONE', *, *, #1258, .T. ) ;
#2420 = VECTOR ( 'NONE', #1147, 39.37007874015748900 ) ;
#2421 = EDGE_CURVE ( 'NONE', #186, #1395, #1098, .T. ) ;
#2422 = CARTESIAN_POINT ( 'NONE',  ( -2.585205476579611200E-016, -0.01378000000000000100, -0.1487517770866043600 ) ) ;
#2423 = CARTESIAN_POINT ( 'NONE',  ( -0.009743931444750825500, -0.009743931444750424800, -0.1487517770866043600 ) ) ;
#2424 = DIRECTION ( 'NONE',  ( 0.3826834323650936700, 0.9238795325112851800, 1.177569344012825800E-016 ) ) ;
#2425 = VERTEX_POINT ( 'NONE', #2323 ) ;
#2426 = ORIENTED_EDGE ( 'NONE', *, *, #347, .F. ) ;
#2427 = LINE ( 'NONE', #1329, #990 ) ;
#2428 = AXIS2_PLACEMENT_3D ( 'NONE', #2697, #4547, #449 ) ;
#2429 = EDGE_CURVE ( 'NONE', #4291, #654, #2473, .T. ) ;
#2430 = ORIENTED_EDGE ( 'NONE', *, *, #2844, .T. ) ;
#2431 = LINE ( 'NONE', #1480, #3076 ) ;
#2432 = DIRECTION ( 'NONE',  ( -1.000000000000000000, 0.0000000000000000000, 0.0000000000000000000 ) ) ;
#2433 = CARTESIAN_POINT ( 'NONE',  ( -0.005273377697990901300, 0.01273105995800553700, -1.074502747390032500E-033 ) ) ;
#2434 = ORIENTED_EDGE ( 'NONE', *, *, #3184, .F. ) ;
#2435 = ORIENTED_EDGE ( 'NONE', *, *, #4257, .F. ) ;
#2436 = EDGE_CURVE ( 'NONE', #3011, #3739, #3432, .T. ) ;
#2437 = VERTEX_POINT ( 'NONE', #847 ) ;
#2438 = ORIENTED_EDGE ( 'NONE', *, *, #38, .F. ) ;
#2439 = DIRECTION ( 'NONE',  ( -0.0000000000000000000, -0.0000000000000000000, -1.000000000000000000 ) ) ;
#2440 = CARTESIAN_POINT ( 'NONE',  ( 0.1331458605261544000, -0.2854336669440845600, -0.5119094488188979900 ) ) ;
#2441 = ADVANCED_FACE ( 'NONE', ( #6 ), #2046, .F. ) ;
#2442 = DIRECTION ( 'NONE',  ( -1.000000000000000000, 0.0000000000000000000, 0.0000000000000000000 ) ) ;
#2443 = CARTESIAN_POINT ( 'NONE',  ( 0.0000000000000000000, 0.0000000000000000000, -0.5119094488188979900 ) ) ;
#2444 = ORIENTED_EDGE ( 'NONE', *, *, #3301, .F. ) ;
#2445 = DIRECTION ( 'NONE',  ( -0.0000000000000000000, -0.0000000000000000000, -1.000000000000000000 ) ) ;
#2446 = DIRECTION ( 'NONE',  ( -0.0000000000000000000, 0.0000000000000000000, -1.000000000000000000 ) ) ;
#2447 = ORIENTED_EDGE ( 'NONE', *, *, #933, .T. ) ;
#2448 = CARTESIAN_POINT ( 'NONE',  ( 0.4717354690295832400, -0.4522476061400868600, 0.5709999999999997300 ) ) ;
#2449 = CARTESIAN_POINT ( 'NONE',  ( 0.2246810779077452200, 0.5784369808054761200, 0.2124999999999999100 ) ) ;
#2450 = VECTOR ( 'NONE', #387, 39.37007874015748100 ) ;
#2451 = ORIENTED_EDGE ( 'NONE', *, *, #4171, .F. ) ;
#2452 = CARTESIAN_POINT ( 'NONE',  ( 0.0000000000000000000, 0.0000000000000000000, 0.5829299999999997300 ) ) ;
#2453 = CIRCLE ( 'NONE', #601, 0.6534999999999999700 ) ;
#2454 = CARTESIAN_POINT ( 'NONE',  ( -0.01378000000000000100, -0.5746347984589864600, -0.7874999999999999800 ) ) ;
#2455 = CARTESIAN_POINT ( 'NONE',  ( -0.01378000000000000100, 0.5352140900139535900, 0.7874999999999999800 ) ) ;
#2456 = AXIS2_PLACEMENT_3D ( 'NONE', #4772, #1411, #3246 ) ;
#2457 = EDGE_CURVE ( 'NONE', #514, #2827, #2127, .T. ) ;
#2458 = VERTEX_POINT ( 'NONE', #4659 ) ;
#2459 = DIRECTION ( 'NONE',  ( 0.0000000000000000000, 0.0000000000000000000, 1.000000000000000000 ) ) ;
#2460 = CIRCLE ( 'NONE', #3334, 0.6510058714408292200 ) ;
#2461 = CARTESIAN_POINT ( 'NONE',  ( -0.01273105995800557500, -0.005273377697990968100, -0.5119094488188979900 ) ) ;
#2462 = ORIENTED_EDGE ( 'NONE', *, *, #2006, .F. ) ;
#2463 = ADVANCED_FACE ( 'NONE', ( #4540 ), #989, .F. ) ;
#2464 = VECTOR ( 'NONE', #1343, 39.37007874015748100 ) ;
#2465 = EDGE_CURVE ( 'NONE', #903, #1243, #980, .T. ) ;
#2466 = DIRECTION ( 'NONE',  ( 0.0000000000000000000, -1.000000000000000000, -8.241323937213450000E-017 ) ) ;
#2467 = ORIENTED_EDGE ( 'NONE', *, *, #3698, .F. ) ;
#2468 = FACE_OUTER_BOUND ( 'NONE', #75, .T. ) ;
#2469 = CARTESIAN_POINT ( 'NONE',  ( -0.4523503500606523800, 0.4718382129501649300, 0.7874999999999999800 ) ) ;
#2470 = EDGE_CURVE ( 'NONE', #2177, #3524, #747, .T. ) ;
#2471 = DIRECTION ( 'NONE',  ( -0.0000000000000000000, -0.0000000000000000000, -1.000000000000000000 ) ) ;
#2472 = ORIENTED_EDGE ( 'NONE', *, *, #2035, .F. ) ;
#2473 = CIRCLE ( 'NONE', #2307, 0.1968503937007875500 ) ;
#2474 = CARTESIAN_POINT ( 'NONE',  ( 0.3790852960099202500, 0.3985731588994201900, -0.2890083133193887000 ) ) ;
#2475 = ORIENTED_EDGE ( 'NONE', *, *, #4631, .F. ) ;
#2476 = CARTESIAN_POINT ( 'NONE',  ( 0.01378000000000000100, -0.6441802955571315200, 0.3817521014761809900 ) ) ;
#2477 = LINE ( 'NONE', #3858, #752 ) ;
#2478 = EDGE_LOOP ( 'NONE', ( #2383, #718, #3291, #198, #28, #4415, #1186, #4630, #2869 ) ) ;
#2479 = CARTESIAN_POINT ( 'NONE',  ( -0.01378000000000000100, -0.6533546981540731000, 0.5829299999999997300 ) ) ;
#2480 = LINE ( 'NONE', #3607, #2719 ) ;
#2481 = ORIENTED_EDGE ( 'NONE', *, *, #2884, .T. ) ;
#2482 = EDGE_CURVE ( 'NONE', #2202, #4513, #3768, .T. ) ;
#2483 = DIRECTION ( 'NONE',  ( -1.000000000000000000, 0.0000000000000000000, 0.0000000000000000000 ) ) ;
#2484 = DIRECTION ( 'NONE',  ( -0.6532814824381876200, -0.2705980500730908500, 0.7071067811865509000 ) ) ;
#2485 = LINE ( 'NONE', #698, #1111 ) ;
#2486 = ADVANCED_FACE ( 'NONE', ( #1900 ), #4641, .F. ) ;
#2487 = DIRECTION ( 'NONE',  ( 0.0000000000000000000, -1.000000000000000000, 5.502957744461820500E-017 ) ) ;
#2488 = FACE_OUTER_BOUND ( 'NONE', #1182, .T. ) ;
#2489 = VERTEX_POINT ( 'NONE', #3545 ) ;
#2490 = AXIS2_PLACEMENT_3D ( 'NONE', #4664, #201, #3506 ) ;
#2491 = CARTESIAN_POINT ( 'NONE',  ( 0.1866932777871355100, 0.06241552314328958200, -0.7874999999999999800 ) ) ;
#2492 = EDGE_CURVE ( 'NONE', #3885, #1715, #923, .T. ) ;
#2493 = CIRCLE ( 'NONE', #4596, 0.5748000000000000900 ) ;
#2494 = ORIENTED_EDGE ( 'NONE', *, *, #2062, .T. ) ;
#2495 = CARTESIAN_POINT ( 'NONE',  ( 0.01273105995800549400, -0.005273377697991036600, -0.05818856301081960800 ) ) ;
#2496 = B_SPLINE_CURVE_WITH_KNOTS ( 'NONE', 3,
 ( #3451, #2747, #2401, #1612 ),
 .UNSPECIFIED., .F., .F.,
 ( 4, 4 ),
 ( 2.309592430379302700E-007, 0.006000552272120238800 ),
 .UNSPECIFIED. ) ;
#2497 = EDGE_LOOP ( 'NONE', ( #3001, #4709, #688, #3421, #2743, #4287 ) ) ;
#2498 = AXIS2_PLACEMENT_3D ( 'NONE', #1430, #4355, #4730 ) ;
#2499 = ORIENTED_EDGE ( 'NONE', *, *, #4776, .T. ) ;
#2500 = EDGE_CURVE ( 'NONE', #3465, #287, #1152, .T. ) ;
#2501 = CARTESIAN_POINT ( 'NONE',  ( 0.4380060164825150300, 0.1963433969480989600, -0.7874999999999999800 ) ) ;
#2502 = CARTESIAN_POINT ( 'NONE',  ( -0.01378000000000000100, 0.6317919434606597000, 0.6202694826214584200 ) ) ;
#2503 = ORIENTED_EDGE ( 'NONE', *, *, #369, .F. ) ;
#2504 =( BOUNDED_CURVE ( )  B_SPLINE_CURVE ( 3, ( #422, #1138, #2239, #50 ),
 .UNSPECIFIED., .F., .F. ) 
 B_SPLINE_CURVE_WITH_KNOTS ( ( 4, 4 ),
 ( 3.141592653589796200, 3.165540090278905300 ),
 .UNSPECIFIED. ) 
 CURVE ( )  GEOMETRIC_REPRESENTATION_ITEM ( )  RATIONAL_B_SPLINE_CURVE ( ( 1.000000000000000000, 0.9999522105939694400, 0.9999522105939694400, 1.000000000000000000 ) ) 
 REPRESENTATION_ITEM ( '' )  );
#2505 = CARTESIAN_POINT ( 'NONE',  ( 0.0000000000000000000, 0.0000000000000000000, -0.5119094488188979900 ) ) ;
#2506 = DIRECTION ( 'NONE',  ( 0.4999999999999983900, -0.5000000000000036600, -0.7071067811865460200 ) ) ;
#2507 = ORIENTED_EDGE ( 'NONE', *, *, #603, .F. ) ;
#2508 = CARTESIAN_POINT ( 'NONE',  ( 1.456975914323990300E-017, -3.413668146703778300E-017, 0.2124999999999999900 ) ) ;
#2509 = CONICAL_SURFACE ( 'NONE', #2283, 0.6534999999999999700, 0.5235987755982998100 ) ;
#2510 = ADVANCED_FACE ( 'NONE', ( #2650 ), #3884, .T. ) ;
#2511 = CARTESIAN_POINT ( 'NONE',  ( 0.0000000000000000000, 0.0000000000000000000, 0.7874999999999999800 ) ) ;
#2512 = EDGE_LOOP ( 'NONE', ( #1803, #4157, #4031, #2165, #1805, #45, #1598, #3297, #2201 ) ) ;
#2513 = CONICAL_SURFACE ( 'NONE', #1516, 0.6534999999999999700, 0.5235987755982998100 ) ;
#2514 = ORIENTED_EDGE ( 'NONE', *, *, #3763, .T. ) ;
#2515 = CARTESIAN_POINT ( 'NONE',  ( 0.0000000000000000000, 0.0000000000000000000, -0.7875000000000003100 ) ) ;
#2516 = CARTESIAN_POINT ( 'NONE',  ( -0.4717354690295801300, 0.4522476061400901300, 0.5829299999999997300 ) ) ;
#2517 = CARTESIAN_POINT ( 'NONE',  ( 0.5678902254094954100, 0.2501431978237544400, 0.2124999999999999100 ) ) ;
#2518 = CARTESIAN_POINT ( 'NONE',  ( 0.01378000000000000100, 0.6508600127911020600, 0.4292699999999997600 ) ) ;
#2519 = FACE_OUTER_BOUND ( 'NONE', #3107, .T. ) ;
#2520 = AXIS2_PLACEMENT_3D ( 'NONE', #1993, #3145, #3526 ) ;
#2521 = EDGE_CURVE ( 'NONE', #4504, #1491, #2357, .T. ) ;
#2522 = ORIENTED_EDGE ( 'NONE', *, *, #503, .T. ) ;
#2523 = CARTESIAN_POINT ( 'NONE',  ( 0.1963674848343152900, -0.01378000000000068600, -0.7874999999999999800 ) ) ;
#2524 = CARTESIAN_POINT ( 'NONE',  ( -0.3965842312513587200, 0.4160720941408698200, 0.5709999999999997300 ) ) ;
#2525 = LINE ( 'NONE', #3956, #855 ) ;
#2526 = AXIS2_PLACEMENT_3D ( 'NONE', #1505, #3773, #3723 ) ;
#2527 = ORIENTED_EDGE ( 'NONE', *, *, #3517, .F. ) ;
#2528 = EDGE_CURVE ( 'NONE', #1044, #2382, #2009, .T. ) ;
#2529 = PLANE ( 'NONE',  #2456 ) ;
#2530 = FACE_OUTER_BOUND ( 'NONE', #2562, .T. ) ;
#2531 = EDGE_LOOP ( 'NONE', ( #150, #3230, #2281, #776 ) ) ;
#2532 = FACE_OUTER_BOUND ( 'NONE', #486, .T. ) ;
#2533 = CARTESIAN_POINT ( 'NONE',  ( 0.4699714600924995700, -0.4504835972030031300, 0.4292699999999997600 ) ) ;
#2534 = CARTESIAN_POINT ( 'NONE',  ( -0.2854336669440832900, 0.1331458605261572100, -0.5119094488188979900 ) ) ;
#2535 = ADVANCED_FACE ( 'NONE', ( #468 ), #3138, .F. ) ;
#2536 = DIRECTION ( 'NONE',  ( -0.0000000000000000000, -0.0000000000000000000, -1.000000000000000000 ) ) ;
#2537 = EDGE_LOOP ( 'NONE', ( #111, #3927, #746, #3699 ) ) ;
#2538 = VECTOR ( 'NONE', #2253, 39.37007874015747400 ) ;
#2539 = CARTESIAN_POINT ( 'NONE',  ( -0.1360549596744135600, -0.1425615551914060900, -0.3457634040987869800 ) ) ;
#2540 = CARTESIAN_POINT ( 'NONE',  ( 0.3352468671651652700, 0.3157590042756628400, 0.4292699999999997600 ) ) ;
#2541 = DIRECTION ( 'NONE',  ( 0.9238795325112824100, -0.3826834323651000500, 0.0000000000000000000 ) ) ;
#2542 = ORIENTED_EDGE ( 'NONE', *, *, #814, .T. ) ;
#2543 = VECTOR ( 'NONE', #2338, 39.37007874015748900 ) ;
#2544 = CARTESIAN_POINT ( 'NONE',  ( 0.0000000000000000000, 0.0000000000000000000, 0.5709999999999997300 ) ) ;
#2545 = ORIENTED_EDGE ( 'NONE', *, *, #2465, .F. ) ;
#2546 = FACE_OUTER_BOUND ( 'NONE', #810, .T. ) ;
#2547 = EDGE_CURVE ( 'NONE', #1155, #4504, #3676, .T. ) ;
#2548 = ORIENTED_EDGE ( 'NONE', *, *, #2713, .F. ) ;
#2549 = CARTESIAN_POINT ( 'NONE',  ( 0.3628693587064244500, -0.3433814958169268400, -0.6481465455388578700 ) ) ;
#2550 = DIRECTION ( 'NONE',  ( -0.0000000000000000000, -0.0000000000000000000, -1.000000000000000000 ) ) ;
#2551 = DIRECTION ( 'NONE',  ( -0.0000000000000000000, -0.0000000000000000000, -1.000000000000000000 ) ) ;
#2552 = DIRECTION ( 'NONE',  ( 0.0000000000000000000, 0.0000000000000000000, 1.000000000000000000 ) ) ;
#2553 = ORIENTED_EDGE ( 'NONE', *, *, #2943, .T. ) ;
#2554 = VERTEX_POINT ( 'NONE', #1712 ) ;
#2555 = CARTESIAN_POINT ( 'NONE',  ( -0.2442076913446954200, -0.5535606451681811500, 0.1021667319364034200 ) ) ;
#2556 = AXIS2_PLACEMENT_3D ( 'NONE', #3762, #2227, #1558 ) ;
#2557 = EDGE_CURVE ( 'NONE', #3914, #2377, #3861, .T. ) ;
#2558 = ORIENTED_EDGE ( 'NONE', *, *, #1241, .F. ) ;
#2559 = ADVANCED_FACE ( 'NONE', ( #4314 ), #3950, .F. ) ;
#2560 = AXIS2_PLACEMENT_3D ( 'NONE', #3954, #659, #336 ) ;
#2561 = EDGE_CURVE ( 'NONE', #1756, #1118, #3796, .T. ) ;
#2562 = EDGE_LOOP ( 'NONE', ( #1449, #605, #464, #2757 ) ) ;
#2563 = CARTESIAN_POINT ( 'NONE',  ( -0.6441802955571317400, -0.01377999999999325400, 0.3817521014761809900 ) ) ;
#2564 = CARTESIAN_POINT ( 'NONE',  ( 0.0000000000000000000, 0.0000000000000000000, 0.5829299999999997300 ) ) ;
#2565 = FACE_OUTER_BOUND ( 'NONE', #2531, .T. ) ;
#2566 = CARTESIAN_POINT ( 'NONE',  ( 0.0000000000000000000, 0.0000000000000000000, -0.7875000000000005300 ) ) ;
#2567 = CARTESIAN_POINT ( 'NONE',  ( 0.1163190883529590500, 0.2448102453525945700, 0.2125000000000000200 ) ) ;
#2568 = VERTEX_POINT ( 'NONE', #1143 ) ;
#2569 = CARTESIAN_POINT ( 'NONE',  ( -0.4160720941408602200, 0.3965842312513688200, 0.4292699999999999300 ) ) ;
#2570 = CIRCLE ( 'NONE', #290, 0.6534999999999999700 ) ;
#2571 = CARTESIAN_POINT ( 'NONE',  ( -0.6486334454518554200, 0.01378000000000679400, 0.4134306997790656000 ) ) ;
#2572 = CARTESIAN_POINT ( 'NONE',  ( -0.3790852960099147000, 0.3985731588994254100, -0.2890083133193887000 ) ) ;
#2573 = ORIENTED_EDGE ( 'NONE', *, *, #2393, .F. ) ;
#2574 = FACE_OUTER_BOUND ( 'NONE', #298, .T. ) ;
#2575 = CARTESIAN_POINT ( 'NONE',  ( -0.2959804223400675500, -0.1076837406101402600, -0.7875000000000003100 ) ) ;
#2576 = EDGE_CURVE ( 'NONE', #3247, #3566, #4265, .T. ) ;
#2577 = ORIENTED_EDGE ( 'NONE', *, *, #4142, .T. ) ;
#2578 = LINE ( 'NONE', #462, #801 ) ;
#2579 = CARTESIAN_POINT ( 'NONE',  ( 0.2959804223400668300, 0.1076837406101423000, -0.5119094488188979900 ) ) ;
#2580 = ADVANCED_FACE ( 'NONE', ( #241 ), #3014, .T. ) ;
#2581 = CARTESIAN_POINT ( 'NONE',  ( -0.1761465223911525500, 0.08787764305930298400, 0.1381789218234977200 ) ) ;
#2582 = PLANE ( 'NONE',  #1659 ) ;
#2583 = CARTESIAN_POINT ( 'NONE',  ( 0.01378000000000000100, -0.6533546981540731000, 0.5829299999999997300 ) ) ;
#2584 = ORIENTED_EDGE ( 'NONE', *, *, #3372, .T. ) ;
#2585 = AXIS2_PLACEMENT_3D ( 'NONE', #1209, #3097, #1245 ) ;
#2586 = VECTOR ( 'NONE', #4249, 39.37007874015748100 ) ;
#2587 = EDGE_CURVE ( 'NONE', #988, #2595, #4021, .T. ) ;
#2588 = ORIENTED_EDGE ( 'NONE', *, *, #109, .F. ) ;
#2589 = CARTESIAN_POINT ( 'NONE',  ( 0.09085696843694801600, -0.2553570007485764200, 0.2125000000000000200 ) ) ;
#2590 = DIRECTION ( 'NONE',  ( -1.000000000000000000, 0.0000000000000000000, 0.0000000000000000000 ) ) ;
#2591 = CARTESIAN_POINT ( 'NONE',  ( 0.4147852751271713900, -0.4342731380166771600, 0.07013067864948399600 ) ) ;
#2592 = VECTOR ( 'NONE', #734, 39.37007874015748100 ) ;
#2593 = AXIS2_PLACEMENT_3D ( 'NONE', #585, #3939, #602 ) ;
#2594 = EDGE_CURVE ( 'NONE', #2729, #1413, #1324, .T. ) ;
#2595 = VERTEX_POINT ( 'NONE', #2674 ) ;
#2596 = CARTESIAN_POINT ( 'NONE',  ( 0.3565311612989969200, 0.3500339650584136700, -0.6483687692838570000 ) ) ;
#2597 = CIRCLE ( 'NONE', #1290, 0.3149606299212597800 ) ;
#2598 = ORIENTED_EDGE ( 'NONE', *, *, #1565, .T. ) ;
#2599 = DIRECTION ( 'NONE',  ( -1.000000000000000000, 0.0000000000000000000, 0.0000000000000000000 ) ) ;
#2600 = LINE ( 'NONE', #1484, #756 ) ;
#2601 = DIRECTION ( 'NONE',  ( 1.000000000000000000, -1.047444401652940000E-014, 0.0000000000000000000 ) ) ;
#2602 = CARTESIAN_POINT ( 'NONE',  ( 0.4522476061400818600, -0.4717354690295879600, 0.5709999999999997300 ) ) ;
#2603 = ORIENTED_EDGE ( 'NONE', *, *, #4520, .T. ) ;
#2604 = VECTOR ( 'NONE', #2252, 39.37007874015748900 ) ;
#2605 = DIRECTION ( 'NONE',  ( 1.000000000000000000, 0.0000000000000000000, 8.241323937213437700E-017 ) ) ;
#2606 = CARTESIAN_POINT ( 'NONE',  ( -0.01273105995800550200, 0.005273377697991040900, -1.074502747390032500E-033 ) ) ;
#2607 = CARTESIAN_POINT ( 'NONE',  ( 0.009743931444750541000, -0.009743931444750711000, 0.0000000000000000000 ) ) ;
#2608 = CIRCLE ( 'NONE', #3132, 0.6205408347023917400 ) ;
#2609 = ORIENTED_EDGE ( 'NONE', *, *, #2154, .T. ) ;
#2610 = ADVANCED_FACE ( 'NONE', ( #1148 ), #86, .T. ) ;
#2611 = CARTESIAN_POINT ( 'NONE',  ( -0.5897053234851349400, 0.01378000000000617800, 0.6931467940284670200 ) ) ;
#2612 = FACE_OUTER_BOUND ( 'NONE', #2155, .T. ) ;
#2613 = ORIENTED_EDGE ( 'NONE', *, *, #3329, .F. ) ;
#2614 = EDGE_CURVE ( 'NONE', #2723, #1678, #4594, .T. ) ;
#2615 = ORIENTED_EDGE ( 'NONE', *, *, #4468, .T. ) ;
#2616 = DIRECTION ( 'NONE',  ( -0.0000000000000000000, -0.0000000000000000000, -1.000000000000000000 ) ) ;
#2617 = CARTESIAN_POINT ( 'NONE',  ( -0.1761465223911525500, 0.08787764305930292900, -0.7874999999999999800 ) ) ;
#2618 = CARTESIAN_POINT ( 'NONE',  ( -0.005273377697991082600, -0.01273105995800547500, -0.05818856301081960800 ) ) ;
#2619 = B_SPLINE_CURVE_WITH_KNOTS ( 'NONE', 3,
 ( #4534, #1582, #873, #512, #2646, #811, #2317 ),
 .UNSPECIFIED., .F., .F.,
 ( 4, 3, 4 ),
 ( 2.019671278479972000E-007, 0.02140495045453186300, 0.02564998077238688600 ),
 .UNSPECIFIED. ) ;
#2620 = ORIENTED_EDGE ( 'NONE', *, *, #1759, .T. ) ;
#2621 = CARTESIAN_POINT ( 'NONE',  ( 0.0000000000000000000, 0.0000000000000000000, -0.5119094488188979900 ) ) ;
#2622 = CARTESIAN_POINT ( 'NONE',  ( 0.0000000000000000000, 0.0000000000000000000, 0.4292699999999999300 ) ) ;
#2623 = CARTESIAN_POINT ( 'NONE',  ( -0.4995058723592285500, -0.009187435021338208000, -0.6482576494458306400 ) ) ;
#2624 = EDGE_CURVE ( 'NONE', #3508, #2090, #3511, .T. ) ;
#2625 = ORIENTED_EDGE ( 'NONE', *, *, #4305, .F. ) ;
#2626 = CARTESIAN_POINT ( 'NONE',  ( 0.06241552314329005400, 0.1866932777871353500, -0.5119094488188979900 ) ) ;
#2627 = CARTESIAN_POINT ( 'NONE',  ( -0.2553570007485773700, -0.09085696843694533700, 0.2125000000000000200 ) ) ;
#2628 = ORIENTED_EDGE ( 'NONE', *, *, #4588, .T. ) ;
#2629 = SECURITY_CLASSIFICATION ( '', '', #4639 ) ;
#2630 = VECTOR ( 'NONE', #4417, 39.37007874015748100 ) ;
#2631 = AXIS2_PLACEMENT_3D ( 'NONE', #3996, #4416, #2599 ) ;
#2632 = EDGE_LOOP ( 'NONE', ( #2838, #1860, #2169, #2913 ) ) ;
#2633 = CARTESIAN_POINT ( 'NONE',  ( -0.1963674848343154900, -0.01377999999999794300, -0.3451192619209188500 ) ) ;
#2634 = CARTESIAN_POINT ( 'NONE',  ( 0.0000000000000000000, 0.0000000000000000000, -0.7875000000000005300 ) ) ;
#2635 = ADVANCED_FACE ( 'NONE', ( #2178 ), #787, .T. ) ;
#2636 = DIRECTION ( 'NONE',  ( -0.6532814824381819600, 0.2705980500731045600, 0.7071067811865510100 ) ) ;
#2637 = DIRECTION ( 'NONE',  ( 0.7071067811865536800, 0.7071067811865413600, 0.0000000000000000000 ) ) ;
#2638 = CIRCLE ( 'NONE', #1848, 0.3149606299212597800 ) ;
#2639 = ORIENTED_EDGE ( 'NONE', *, *, #4727, .F. ) ;
#2640 = DIRECTION ( 'NONE',  ( -0.0000000000000000000, 0.0000000000000000000, -1.000000000000000000 ) ) ;
#2641 = PLANE ( 'NONE',  #3401 ) ;
#2642 = CARTESIAN_POINT ( 'NONE',  ( 0.05686606417452994700, 0.1732956986809180400, -0.7875000000000003100 ) ) ;
#2643 = LINE ( 'NONE', #1433, #2351 ) ;
#2644 = CARTESIAN_POINT ( 'NONE',  ( 0.4485527718784956800, -0.1708812770320909900, -0.7874999999999999800 ) ) ;
#2645 = ORIENTED_EDGE ( 'NONE', *, *, #2783, .F. ) ;
#2646 = CARTESIAN_POINT ( 'NONE',  ( 0.2442076913446915900, -0.5535606451681827100, 0.1021667319364034400 ) ) ;
#2647 = FACE_OUTER_BOUND ( 'NONE', #1818, .T. ) ;
#2648 = EDGE_CURVE ( 'NONE', #610, #4699, #4726, .T. ) ;
#2649 = ORIENTED_EDGE ( 'NONE', *, *, #2335, .T. ) ;
#2650 = FACE_OUTER_BOUND ( 'NONE', #2866, .T. ) ;
#2651 = CARTESIAN_POINT ( 'NONE',  ( -0.3352468671651653300, 0.3157590042756675000, 0.4292699999999997600 ) ) ;
#2652 = DIRECTION ( 'NONE',  ( -0.3826834323651001100, -0.9238795325112825200, 1.177569344012825800E-016 ) ) ;
#2653 = DIRECTION ( 'NONE',  ( 0.9238795325112850700, -0.3826834323650937800, -8.920344749722869000E-017 ) ) ;
#2654 = CARTESIAN_POINT ( 'NONE',  ( 0.0000000000000000000, 0.0000000000000000000, 0.7874999999999999800 ) ) ;
#2655 = ORIENTED_EDGE ( 'NONE', *, *, #1834, .T. ) ;
#2656 = EDGE_CURVE ( 'NONE', #3546, #2202, #1210, .T. ) ;
#2657 = FACE_OUTER_BOUND ( 'NONE', #2403, .T. ) ;
#2658 = CARTESIAN_POINT ( 'NONE',  ( 0.1963674848343152900, -0.01378000000000068600, -0.3451192619209188500 ) ) ;
#2659 = DIRECTION ( 'NONE',  ( -1.000000000000000000, 0.0000000000000000000, 0.0000000000000000000 ) ) ;
#2660 = CARTESIAN_POINT ( 'NONE',  ( 0.01378000000000000100, 0.5746347984589864600, 0.4292699999999999300 ) ) ;
#2661 = CARTESIAN_POINT ( 'NONE',  ( 0.4717354690295864600, 0.4522476061400835800, 0.5709999999999997300 ) ) ;
#2662 = ORIENTED_EDGE ( 'NONE', *, *, #3292, .T. ) ;
#2663 = VECTOR ( 'NONE', #3117, 39.37007874015748900 ) ;
#2664 = AXIS2_PLACEMENT_3D ( 'NONE', #2975, #1080, #708 ) ;
#2665 = EDGE_CURVE ( 'NONE', #4694, #1964, #975, .T. ) ;
#2666 = VERTEX_POINT ( 'NONE', #3745 ) ;
#2667 = CIRCLE ( 'NONE', #2299, 0.6534999999999999700 ) ;
#2668 = ORIENTED_EDGE ( 'NONE', *, *, #1327, .F. ) ;
#2669 = CARTESIAN_POINT ( 'NONE',  ( -0.1837756819228179600, -0.07114244727588335500, 0.1388230640013659000 ) ) ;
#2670 = CARTESIAN_POINT ( 'NONE',  ( 0.3985731588994187400, -0.3790852960099216400, -0.2890083133193889200 ) ) ;
#2671 = VERTEX_POINT ( 'NONE', #4135 ) ;
#2672 = ORIENTED_EDGE ( 'NONE', *, *, #3355, .T. ) ;
#2673 = CARTESIAN_POINT ( 'NONE',  ( 0.0000000000000000000, 0.0000000000000000000, -0.7875000000000005300 ) ) ;
#2674 = CARTESIAN_POINT ( 'NONE',  ( -0.1291088486861415300, -0.1485967115756403300, 0.7874999999999999800 ) ) ;
#2675 = CARTESIAN_POINT ( 'NONE',  ( -0.3628693587064220600, 0.3433814958169293900, -0.6481465455388578700 ) ) ;
#2676 = DIRECTION ( 'NONE',  ( -1.000000000000000000, 0.0000000000000000000, 0.0000000000000000000 ) ) ;
#2677 = VERTEX_POINT ( 'NONE', #1930 ) ;
#2678 = EDGE_CURVE ( 'NONE', #2202, #3339, #3911, .T. ) ;
#2679 = CARTESIAN_POINT ( 'NONE',  ( 0.0000000000000000000, 0.0000000000000000000, 0.4292699999999999300 ) ) ;
#2680 = CARTESIAN_POINT ( 'NONE',  ( -0.1708812770320925800, -0.4485527718784949600, -0.7874999999999999800 ) ) ;
#2681 = ORIENTED_EDGE ( 'NONE', *, *, #4644, .F. ) ;
#2682 = AXIS2_PLACEMENT_3D ( 'NONE', #1671, #2768, #3840 ) ;
#2683 = EDGE_CURVE ( 'NONE', #3006, #4519, #858, .T. ) ;
#2684 = CARTESIAN_POINT ( 'NONE',  ( -0.004600857812505159400, 0.1970116270121835300, -0.3457634040987869800 ) ) ;
#2685 = DIRECTION ( 'NONE',  ( 0.0000000000000000000, -0.0000000000000000000, -1.000000000000000000 ) ) ;
#2686 = CARTESIAN_POINT ( 'NONE',  ( 0.1966893582170024000, 0.009193246255923159800, -0.3454411353036058200 ) ) ;
#2687 = ORIENTED_EDGE ( 'NONE', *, *, #3213, .F. ) ;
#2688 = LINE ( 'NONE', #717, #3434 ) ;
#2689 = AXIS2_PLACEMENT_3D ( 'NONE', #2223, #719, #35 ) ;
#2690 = DIRECTION ( 'NONE',  ( -0.7071067811865413600, 0.7071067811865536800, 0.0000000000000000000 ) ) ;
#2691 = CARTESIAN_POINT ( 'NONE',  ( -0.4717354690295801300, 0.4522476061400901300, 0.5709999999999997300 ) ) ;
#2692 = EDGE_CURVE ( 'NONE', #1655, #3965, #3115, .T. ) ;
#2693 = CARTESIAN_POINT ( 'NONE',  ( 0.4993947684522555600, 0.01377999999999825700, -0.6481465455388578700 ) ) ;
#2694 = CARTESIAN_POINT ( 'NONE',  ( 0.0000000000000000000, 0.0000000000000000000, 0.4292699999999997600 ) ) ;
#2695 = ORIENTED_EDGE ( 'NONE', *, *, #4468, .F. ) ;
#2696 = FACE_OUTER_BOUND ( 'NONE', #2290, .T. ) ;
#2697 = CARTESIAN_POINT ( 'NONE',  ( 0.0000000000000000000, 0.0000000000000000000, 0.5829299999999997300 ) ) ;
#2698 = ORIENTED_EDGE ( 'NONE', *, *, #4122, .F. ) ;
#2699 = LINE ( 'NONE', #4720, #3837 ) ;
#2700 = DIRECTION ( 'NONE',  ( 0.0000000000000000000, 0.0000000000000000000, -1.000000000000000000 ) ) ;
#2701 = CARTESIAN_POINT ( 'NONE',  ( -0.1485967115756426400, -0.1291088486861389800, -0.7874999999999999800 ) ) ;
#2702 = EDGE_LOOP ( 'NONE', ( #2089, #1422, #3313, #2695 ) ) ;
#2703 = VECTOR ( 'NONE', #2101, 39.37007874015748100 ) ;
#2704 = ORIENTED_EDGE ( 'NONE', *, *, #4235, .F. ) ;
#2705 = CARTESIAN_POINT ( 'NONE',  ( 0.08787764305930119400, -0.1761465223911534200, -0.5119094488188979900 ) ) ;
#2706 = DIRECTION ( 'NONE',  ( -0.0000000000000000000, -0.0000000000000000000, -1.000000000000000000 ) ) ;
#2707 = DIRECTION ( 'NONE',  ( -0.0000000000000000000, 0.0000000000000000000, -1.000000000000000000 ) ) ;
#2708 = LINE ( 'NONE', #4200, #2065 ) ;
#2709 = VERTEX_POINT ( 'NONE', #2691 ) ;
#2710 = CARTESIAN_POINT ( 'NONE',  ( 0.0000000000000000000, 0.0000000000000000000, -0.7875000000000005300 ) ) ;
#2711 = AXIS2_PLACEMENT_3D ( 'NONE', #2864, #2899, #1440 ) ;
#2712 = VECTOR ( 'NONE', #3869, 39.37007874015748100 ) ;
#2713 = EDGE_CURVE ( 'NONE', #1589, #4414, #351, .T. ) ;
#2714 = ORIENTED_EDGE ( 'NONE', *, *, #768, .F. ) ;
#2715 = DIRECTION ( 'NONE',  ( 0.7071067811865463500, -0.7071067811865487900, 0.0000000000000000000 ) ) ;
#2716 = VECTOR ( 'NONE', #562, 39.37007874015748900 ) ;
#2717 = EDGE_CURVE ( 'NONE', #2666, #946, #2708, .T. ) ;
#2718 = ORIENTED_EDGE ( 'NONE', *, *, #3402, .F. ) ;
#2719 = VECTOR ( 'NONE', #1817, 39.37007874015748100 ) ;
#2720 = CARTESIAN_POINT ( 'NONE',  ( 1.443378385477751500E-016, 0.01378000000000000100, 0.0000000000000000000 ) ) ;
#2721 = CARTESIAN_POINT ( 'NONE',  ( 0.0000000000000000000, 0.5747999999999999800, 0.5709999999999998400 ) ) ;
#2722 = DIRECTION ( 'NONE',  ( -1.000000000000000000, 0.0000000000000000000, 0.0000000000000000000 ) ) ;
#2723 = VERTEX_POINT ( 'NONE', #4527 ) ;
#2724 = B_SPLINE_CURVE_WITH_KNOTS ( 'NONE', 3,
 ( #1002, #3977, #285, #2476, #3930, #4347, #2863, #2880, #648, #3945 ),
 .UNSPECIFIED., .F., .F.,
 ( 4, 3, 3, 4 ),
 ( 0.06085565139990051200, 0.06207447280232166600, 0.08516543236077783700, 0.08849113309542748500 ),
 .UNSPECIFIED. ) ;
#2725 = AXIS2_PLACEMENT_3D ( 'NONE', #2515, #306, #4011 ) ;
#2726 = LINE ( 'NONE', #3024, #3012 ) ;
#2727 = AXIS2_PLACEMENT_3D ( 'NONE', #3695, #3345, #1511 ) ;
#2728 = VECTOR ( 'NONE', #860, 39.37007874015748100 ) ;
#2729 = VERTEX_POINT ( 'NONE', #2312 ) ;
#2730 = ORIENTED_EDGE ( 'NONE', *, *, #2470, .F. ) ;
#2731 = DIRECTION ( 'NONE',  ( -0.9238795325112850700, 0.3826834323650936100, 0.0000000000000000000 ) ) ;
#2732 = CARTESIAN_POINT ( 'NONE',  ( 0.01378000000000000100, 0.6439797119701142800, 0.3803252016314763200 ) ) ;
#2733 = ORIENTED_EDGE ( 'NONE', *, *, #3005, .T. ) ;
#2734 = CARTESIAN_POINT ( 'NONE',  ( -0.1968503937007875500, 0.0000000000000000000, -0.3456021707873909700 ) ) ;
#2735 = ORIENTED_EDGE ( 'NONE', *, *, #1133, .F. ) ;
#2736 = ORIENTED_EDGE ( 'NONE', *, *, #527, .T. ) ;
#2737 = CLOSED_SHELL ( 'NONE', ( #1767, #4079, #4208, #421, #1811, #2865, #1884, #1022, #4371, #3940, #2914, #2122, #2510, #1497, #3913, #1163, #4348, #3668, #34, #4005, #1309, #524, #2147, #1090, #4464, #633, #679, #1069, #1381, #375, #3528, #2191, #3288, #1410, #971, #4637, #3715, #661, #3147, #3359, #1476, #2170, #2100, #1790, #3314, #4028, #2237, #160, #4259, #4739, #3689, #2217, #4695, #1360, #3218, #234, #2933, #2346, #1115, #3171, #4395, #595, #700, #2535, #996, #3838, #3891, #2441, #1525, #612, #2891, #2787, #4057, #1830, #3986, #2984, #301, #259, #4324, #2414, #3003, #797, #3572, #3264, #2074, #4279, #949, #4610, #1432, #3816, #775, #280, #2486, #1337, #876, #2958, #1745, #2610, #1040, #2559, #4763, #2051, #1456, #4419, #2809, #1857, #3196, #3647, #397, #1694, #2463, #7, #3245, #210, #3963, #4715, #1669, #57, #725, #2580, #2835, #749, #4107, #4665, #3621, #2635, #1718, #4300, #3550, #3597, #324, #1617, #348 ) ) ;
#2738 = DIRECTION ( 'NONE',  ( 1.000000000000000000, 8.881784197001252300E-016, -5.502957744461820500E-017 ) ) ;
#2739 = DIRECTION ( 'NONE',  ( -0.0000000000000000000, -0.0000000000000000000, -1.000000000000000000 ) ) ;
#2740 = CARTESIAN_POINT ( 'NONE',  ( 0.1968503937007875500, 2.410722045565657900E-017, -0.5119094488188979900 ) ) ;
#2741 = EDGE_CURVE ( 'NONE', #2729, #716, #2296, .T. ) ;
#2742 = CARTESIAN_POINT ( 'NONE',  ( -0.5678902254094916300, 0.2501431978237622100, 0.2124999999999999900 ) ) ;
#2743 = ORIENTED_EDGE ( 'NONE', *, *, #2345, .T. ) ;
#2744 = EDGE_CURVE ( 'NONE', #1387, #4622, #1093, .T. ) ;
#2745 = ORIENTED_EDGE ( 'NONE', *, *, #1045, .T. ) ;
#2746 = DIRECTION ( 'NONE',  ( 1.000000000000000000, -1.047444401652940000E-014, 0.0000000000000000000 ) ) ;
#2747 = CARTESIAN_POINT ( 'NONE',  ( 0.4160447030433253600, 0.3965568401538227500, 0.7193110215654287000 ) ) ;
#2748 = CARTESIAN_POINT ( 'NONE',  ( 0.4485527718784956800, -0.1708812770320909900, -0.7874999999999999800 ) ) ;
#2749 = LINE ( 'NONE', #4451, #570 ) ;
#2750 = ORIENTED_EDGE ( 'NONE', *, *, #1019, .T. ) ;
#2751 = AXIS2_PLACEMENT_3D ( 'NONE', #3761, #3412, #772 ) ;
#2752 = CARTESIAN_POINT ( 'NONE',  ( -0.01378000000000000100, -0.1963674848343153200, -0.3451192619209188500 ) ) ;
#2753 = DIRECTION ( 'NONE',  ( 0.0000000000000000000, 0.0000000000000000000, -1.000000000000000000 ) ) ;
#2754 = FACE_OUTER_BOUND ( 'NONE', #3591, .T. ) ;
#2755 = EDGE_CURVE ( 'NONE', #4495, #445, #1, .T. ) ;
#2756 = DIRECTION ( 'NONE',  ( 0.7345095552677517500, 0.0000000000000000000, 0.6785983445458508800 ) ) ;
#2757 = ORIENTED_EDGE ( 'NONE', *, *, #2930, .F. ) ;
#2758 = CARTESIAN_POINT ( 'NONE',  ( -0.5463957498597299400, 0.2412398945349537600, 0.04700011390998477100 ) ) ;
#2759 = LINE ( 'NONE', #1201, #3616 ) ;
#2760 = ORIENTED_EDGE ( 'NONE', *, *, #4235, .T. ) ;
#2761 = VECTOR ( 'NONE', #2408, 39.37007874015748100 ) ;
#2762 = CARTESIAN_POINT ( 'NONE',  ( -0.2776560685552493200, 0.2971439314447536000, 0.5709999999999998400 ) ) ;
#2763 = CARTESIAN_POINT ( 'NONE',  ( 0.01378000000000000100, 0.6485665845670484100, 0.4129550664537980400 ) ) ;
#2764 = CARTESIAN_POINT ( 'NONE',  ( -0.5533782514116221100, -0.01377999999999420500, 0.7560491721204313200 ) ) ;
#2765 = EDGE_LOOP ( 'NONE', ( #2795, #2760, #3586, #4176 ) ) ;
#2766 = CIRCLE ( 'NONE', #4652, 0.5353914554318778300 ) ;
#2767 = CARTESIAN_POINT ( 'NONE',  ( 0.0000000000000000000, 0.5353914554318778300, 0.7874999999999998700 ) ) ;
#2768 = DIRECTION ( 'NONE',  ( 8.241323937213437700E-017, -3.413668146703949000E-017, -1.000000000000000000 ) ) ;
#2769 = ORIENTED_EDGE ( 'NONE', *, *, #2844, .F. ) ;
#2770 = FACE_OUTER_BOUND ( 'NONE', #372, .T. ) ;
#2771 = DIRECTION ( 'NONE',  ( -0.3826834323650906700, 0.9238795325112862900, 0.0000000000000000000 ) ) ;
#2772 = AXIS2_PLACEMENT_3D ( 'NONE', #4516, #2707, #3826 ) ;
#2773 = ORIENTED_EDGE ( 'NONE', *, *, #3118, .F. ) ;
#2774 = CARTESIAN_POINT ( 'NONE',  ( 0.4717354690295864600, 0.4522476061400835800, 0.5829299999999997300 ) ) ;
#2775 = EDGE_CURVE ( 'NONE', #3439, #3975, #121, .T. ) ;
#2776 = LINE ( 'NONE', #1306, #304 ) ;
#2777 = VERTEX_POINT ( 'NONE', #1225 ) ;
#2778 = DIRECTION ( 'NONE',  ( 0.0000000000000000000, -0.7345095552677531900, 0.6785983445458493300 ) ) ;
#2779 = CARTESIAN_POINT ( 'NONE',  ( -0.4717354690295896300, -0.4522476061400801900, 0.5829299999999997300 ) ) ;
#2780 = DIRECTION ( 'NONE',  ( -0.7071067811865438000, 0.7071067811865512400, 0.0000000000000000000 ) ) ;
#2781 = CIRCLE ( 'NONE', #1623, 0.3149606299212597800 ) ;
#2782 = AXIS2_PLACEMENT_3D ( 'NONE', #3010, #4099, #3409 ) ;
#2783 = EDGE_CURVE ( 'NONE', #3878, #886, #4537, .T. ) ;
#2784 = ORIENTED_EDGE ( 'NONE', *, *, #4474, .F. ) ;
#2785 = DIRECTION ( 'NONE',  ( -0.0000000000000000000, -0.0000000000000000000, -1.000000000000000000 ) ) ;
#2786 = DIRECTION ( 'NONE',  ( -0.0000000000000000000, -0.0000000000000000000, -1.000000000000000000 ) ) ;
#2787 = ADVANCED_FACE ( 'NONE', ( #743 ), #2005, .F. ) ;
#2788 = DIRECTION ( 'NONE',  ( -1.000000000000000000, 0.0000000000000000000, 0.0000000000000000000 ) ) ;
#2789 = ORIENTED_EDGE ( 'NONE', *, *, #4369, .T. ) ;
#2790 = B_SPLINE_CURVE_WITH_KNOTS ( 'NONE', 3,
 ( #4173, #3765, #4218, #2801, #1301, #2391, #902 ),
 .UNSPECIFIED., .F., .F.,
 ( 4, 3, 4 ),
 ( 2.019671278479972000E-007, 0.02140495045453186300, 0.02564998077238688600 ),
 .UNSPECIFIED. ) ;
#2791 = ORIENTED_EDGE ( 'NONE', *, *, #1731, .T. ) ;
#2792 = DIRECTION ( 'NONE',  ( -1.000000000000000000, 0.0000000000000000000, 0.0000000000000000000 ) ) ;
#2793 = CARTESIAN_POINT ( 'NONE',  ( 0.0000000000000000000, 0.5747999999999999800, 0.5709999999999998400 ) ) ;
#2794 = ORIENTED_EDGE ( 'NONE', *, *, #323, .F. ) ;
#2795 = ORIENTED_EDGE ( 'NONE', *, *, #409, .T. ) ;
#2796 = CARTESIAN_POINT ( 'NONE',  ( -0.3687095809907065500, -0.3881974438802012200, 0.7874999999999999800 ) ) ;
#2797 = CARTESIAN_POINT ( 'NONE',  ( 0.2008132303129537800, 0.5208148994374767200, -0.2311669415155343200 ) ) ;
#2798 = EDGE_LOOP ( 'NONE', ( #291, #3342, #837, #4737 ) ) ;
#2799 = CALENDAR_DATE ( 2021, 14, 9 ) ;
#2800 = DIRECTION ( 'NONE',  ( -1.000000000000000000, 1.047444401652940000E-014, 0.0000000000000000000 ) ) ;
#2801 = CARTESIAN_POINT ( 'NONE',  ( -0.5569425052557120900, 0.2157777746189427900, 0.04700011390998477100 ) ) ;
#2802 = ORIENTED_EDGE ( 'NONE', *, *, #3095, .T. ) ;
#2803 = EDGE_CURVE ( 'NONE', #2554, #2831, #4531, .T. ) ;
#2804 = VECTOR ( 'NONE', #2189, 39.37007874015748900 ) ;
#2805 = DIRECTION ( 'NONE',  ( 0.3826834323650903900, 0.9238795325112864100, 0.0000000000000000000 ) ) ;
#2806 = DIRECTION ( 'NONE',  ( -3.413668146703862100E-017, -8.241323937213472200E-017, -1.000000000000000000 ) ) ;
#2807 = ORIENTED_EDGE ( 'NONE', *, *, #2118, .F. ) ;
#2808 = FACE_OUTER_BOUND ( 'NONE', #3766, .T. ) ;
#2809 = ADVANCED_FACE ( 'NONE', ( #2413 ), #1603, .F. ) ;
#2810 = AXIS2_PLACEMENT_3D ( 'NONE', #2990, #839, #4069 ) ;
#2811 = EDGE_CURVE ( 'NONE', #1287, #1268, #3562, .T. ) ;
#2812 = CARTESIAN_POINT ( 'NONE',  ( 0.4160720941408658200, 0.3965842312513630000, 0.5709999999999997300 ) ) ;
#2813 = DIRECTION ( 'NONE',  ( 0.0000000000000000000, 0.0000000000000000000, -1.000000000000000000 ) ) ;
#2814 = ORIENTED_EDGE ( 'NONE', *, *, #830, .F. ) ;
#2815 = LINE ( 'NONE', #2461, #4528 ) ;
#2816 = AXIS2_PLACEMENT_3D ( 'NONE', #534, #3883, #2778 ) ;
#2817 = VERTEX_POINT ( 'NONE', #4234 ) ;
#2818 = CARTESIAN_POINT ( 'NONE',  ( 0.1761465223911537500, 0.08787764305930058400, 0.1381789218234976700 ) ) ;
#2819 = EDGE_CURVE ( 'NONE', #1068, #874, #3400, .T. ) ;
#2820 = CARTESIAN_POINT ( 'NONE',  ( -0.1076837406101452500, -0.2959804223400657700, -0.5119094488188979900 ) ) ;
#2821 = DIRECTION ( 'NONE',  ( -1.000000000000000000, 0.0000000000000000000, 0.0000000000000000000 ) ) ;
#2822 = FACE_OUTER_BOUND ( 'NONE', #3706, .T. ) ;
#2823 = ORIENTED_EDGE ( 'NONE', *, *, #777, .F. ) ;
#2824 = CARTESIAN_POINT ( 'NONE',  ( -0.01378000000000000100, -0.1963674848343153200, -0.3451192619209188500 ) ) ;
#2825 = CARTESIAN_POINT ( 'NONE',  ( 0.2854336669440850600, 0.1331458605261533800, -0.5119094488188979900 ) ) ;
#2826 = VECTOR ( 'NONE', #267, 39.37007874015748100 ) ;
#2827 = VERTEX_POINT ( 'NONE', #523 ) ;
#2828 = CARTESIAN_POINT ( 'NONE',  ( 0.0000000000000000000, 0.0000000000000000000, 0.5829299999999997300 ) ) ;
#2829 = FACE_OUTER_BOUND ( 'NONE', #697, .T. ) ;
#2830 = CARTESIAN_POINT ( 'NONE',  ( 0.2157777746189370200, 0.5569425052557143200, 0.04700011390998477800 ) ) ;
#2831 = VERTEX_POINT ( 'NONE', #3856 ) ;
#2832 = FACE_OUTER_BOUND ( 'NONE', #583, .T. ) ;
#2833 = EDGE_CURVE ( 'NONE', #391, #4519, #2945, .T. ) ;
#2834 = DIRECTION ( 'NONE',  ( -0.0000000000000000000, -0.0000000000000000000, -1.000000000000000000 ) ) ;
#2835 = ADVANCED_FACE ( 'NONE', ( #2468 ), #632, .F. ) ;
#2836 = CARTESIAN_POINT ( 'NONE',  ( 0.4846855519884370500, 0.1858479645998699100, -0.5093337319563667800 ) ) ;
#2837 = CARTESIAN_POINT ( 'NONE',  ( -0.4993947684522552200, 0.01378000000000523300, -0.6481465455388575300 ) ) ;
#2838 = ORIENTED_EDGE ( 'NONE', *, *, #347, .T. ) ;
#2839 = VECTOR ( 'NONE', #289, 39.37007874015748100 ) ;
#2840 = CARTESIAN_POINT ( 'NONE',  ( 0.01378000000000000100, -0.6533546981540731000, 0.5829299999999997300 ) ) ;
#2841 = AXIS2_PLACEMENT_3D ( 'NONE', #3458, #4530, #3431 ) ;
#2842 = CARTESIAN_POINT ( 'NONE',  ( -0.01378000000000000100, 0.6462731510175632200, 0.3966401336562040400 ) ) ;
#2843 = DIRECTION ( 'NONE',  ( -8.241323937213484500E-017, -3.413668146703833800E-017, -1.000000000000000000 ) ) ;
#2844 = EDGE_CURVE ( 'NONE', #892, #2184, #1833, .T. ) ;
#2845 = ORIENTED_EDGE ( 'NONE', *, *, #29, .F. ) ;
#2846 = LINE ( 'NONE', #1518, #2604 ) ;
#2847 = LINE ( 'NONE', #2540, #1346 ) ;
#2848 = CARTESIAN_POINT ( 'NONE',  ( 0.01273105995800548500, -0.005273377697991034000, -1.074502747390032500E-033 ) ) ;
#2849 = CARTESIAN_POINT ( 'NONE',  ( 0.0000000000000000000, 0.0000000000000000000, 0.4292699999999999300 ) ) ;
#2850 = ORIENTED_EDGE ( 'NONE', *, *, #1500, .T. ) ;
#2851 = ORIENTED_EDGE ( 'NONE', *, *, #1327, .T. ) ;
#2852 = EDGE_CURVE ( 'NONE', #1049, #3828, #4428, .T. ) ;
#2853 = ORIENTED_EDGE ( 'NONE', *, *, #2803, .F. ) ;
#2854 = ORIENTED_EDGE ( 'NONE', *, *, #1654, .F. ) ;
#2855 = ORIENTED_EDGE ( 'NONE', *, *, #3735, .F. ) ;
#2856 = DIRECTION ( 'NONE',  ( -1.000000000000000000, 0.0000000000000000000, 0.0000000000000000000 ) ) ;
#2857 = CARTESIAN_POINT ( 'NONE',  ( -0.4504835972029949100, 0.4699714600925074500, 0.4292699999999997600 ) ) ;
#2858 = DIRECTION ( 'NONE',  ( -0.0000000000000000000, 0.0000000000000000000, -1.000000000000000000 ) ) ;
#2859 = ORIENTED_EDGE ( 'NONE', *, *, #890, .F. ) ;
#2860 = VERTEX_POINT ( 'NONE', #4267 ) ;
#2861 = DIRECTION ( 'NONE',  ( -0.0000000000000000000, -0.0000000000000000000, -1.000000000000000000 ) ) ;
#2862 = DIRECTION ( 'NONE',  ( -0.0000000000000000000, -0.0000000000000000000, -1.000000000000000000 ) ) ;
#2863 = CARTESIAN_POINT ( 'NONE',  ( 0.01378000000000000100, -0.5176236959681910200, -0.5184886000649031600 ) ) ;
#2864 = CARTESIAN_POINT ( 'NONE',  ( -0.005273377697990994100, -0.01273105995800550900, -0.05818856301081960800 ) ) ;
#2865 = ADVANCED_FACE ( 'NONE', ( #1263 ), #3157, .T. ) ;
#2866 = EDGE_LOOP ( 'NONE', ( #2447, #206, #4691, #305 ) ) ;
#2867 = CARTESIAN_POINT ( 'NONE',  ( 0.0000000000000000000, 0.5353914554318778300, 0.7874999999999998700 ) ) ;
#2868 = PERSON_AND_ORGANIZATION ( #4238, #2394 ) ;
#2869 = ORIENTED_EDGE ( 'NONE', *, *, #441, .F. ) ;
#2870 = CARTESIAN_POINT ( 'NONE',  ( 0.1076837406101431700, 0.2959804223400665500, -0.7875000000000003100 ) ) ;
#2871 = DIRECTION ( 'NONE',  ( 0.7071067811865486800, 0.7071067811865462400, -0.0000000000000000000 ) ) ;
#2872 = CARTESIAN_POINT ( 'NONE',  ( 0.4485527718784967400, 0.1708812770320880200, -0.7875000000000005300 ) ) ;
#2873 = AXIS2_PLACEMENT_3D ( 'NONE', #4418, #4388, #49 ) ;
#2874 = EDGE_CURVE ( 'NONE', #3404, #1985, #1492, .T. ) ;
#2875 =( BOUNDED_CURVE ( )  B_SPLINE_CURVE ( 3, ( #932, #248, #4248, #2818 ),
 .UNSPECIFIED., .F., .F. ) 
 B_SPLINE_CURVE_WITH_KNOTS ( ( 4, 4 ),
 ( 3.071532954599842700, 3.211652352579744000 ),
 .UNSPECIFIED. ) 
 CURVE ( )  GEOMETRIC_REPRESENTATION_ITEM ( )  RATIONAL_B_SPLINE_CURVE ( ( 1.000000000000000000, 0.9983645486388806900, 0.9983645486388806900, 1.000000000000000000 ) ) 
 REPRESENTATION_ITEM ( '' )  );
#2876 = ORIENTED_EDGE ( 'NONE', *, *, #3476, .F. ) ;
#2877 = DIRECTION ( 'NONE',  ( -0.0000000000000000000, -0.0000000000000000000, -1.000000000000000000 ) ) ;
#2878 = VECTOR ( 'NONE', #223, 39.37007874015748900 ) ;
#2879 = DIRECTION ( 'NONE',  ( -1.000000000000000000, 0.0000000000000000000, 0.0000000000000000000 ) ) ;
#2880 = CARTESIAN_POINT ( 'NONE',  ( 0.01378000000000000100, -0.5115474638116271900, -0.5617079260506034900 ) ) ;
#2881 = ORIENTED_EDGE ( 'NONE', *, *, #224, .T. ) ;
#2882 = AXIS2_PLACEMENT_3D ( 'NONE', #2423, #3924, #1335 ) ;
#2883 = CIRCLE ( 'NONE', #2371, 0.4799999999999999800 ) ;
#2884 = EDGE_CURVE ( 'NONE', #1626, #1235, #178, .T. ) ;
#2885 = CARTESIAN_POINT ( 'NONE',  ( 0.0000000000000000000, 0.0000000000000000000, -0.7874999999999999800 ) ) ;
#2886 = ORIENTED_EDGE ( 'NONE', *, *, #2594, .F. ) ;
#2887 = FACE_OUTER_BOUND ( 'NONE', #1008, .T. ) ;
#2888 = CARTESIAN_POINT ( 'NONE',  ( 0.5352140900139535900, -0.01378000000000187100, 0.7874999999999999800 ) ) ;
#2889 = CARTESIAN_POINT ( 'NONE',  ( 0.6508600127911020600, -0.01378000000000228300, 0.4292699999999997600 ) ) ;
#2890 = AXIS2_PLACEMENT_3D ( 'NONE', #1528, #4009, #3343 ) ;
#2891 = ADVANCED_FACE ( 'NONE', ( #2530 ), #4609, .F. ) ;
#2892 = ORIENTED_EDGE ( 'NONE', *, *, #4096, .F. ) ;
#2893 = LINE ( 'NONE', #1238, #4600 ) ;
#2894 = PLANE ( 'NONE',  #4549 ) ;
#2895 = ORIENTED_EDGE ( 'NONE', *, *, #4697, .F. ) ;
#2896 = CARTESIAN_POINT ( 'NONE',  ( 0.1485967115756417500, 0.1291088486861400000, -0.3451192619209187400 ) ) ;
#2897 = DIRECTION ( 'NONE',  ( -0.3826834323651001100, -0.9238795325112825200, 1.177569344012825800E-016 ) ) ;
#2898 = FACE_OUTER_BOUND ( 'NONE', #2256, .T. ) ;
#2899 = DIRECTION ( 'NONE',  ( -0.6532814824381904000, 0.2705980500731026100, 0.7071067811865440200 ) ) ;
#2900 = ORIENTED_EDGE ( 'NONE', *, *, #1385, .T. ) ;
#2901 = VECTOR ( 'NONE', #1947, 39.37007874015748900 ) ;
#2902 = ORIENTED_EDGE ( 'NONE', *, *, #2125, .F. ) ;
#2903 = EDGE_CURVE ( 'NONE', #1749, #2184, #4203, .T. ) ;
#2904 = PLANE ( 'NONE',  #1868 ) ;
#2905 = VECTOR ( 'NONE', #3303, 39.37007874015748100 ) ;
#2906 = DIRECTION ( 'NONE',  ( -0.0000000000000000000, -0.0000000000000000000, -1.000000000000000000 ) ) ;
#2907 = ORIENTED_EDGE ( 'NONE', *, *, #99, .T. ) ;
#2908 = CARTESIAN_POINT ( 'NONE',  ( -0.08787764305930120800, 0.1761465223911533900, 0.1381789218234976100 ) ) ;
#2909 = DIRECTION ( 'NONE',  ( -1.000000000000000000, 0.0000000000000000000, 0.0000000000000000000 ) ) ;
#2910 = CARTESIAN_POINT ( 'NONE',  ( 0.1331458605261542400, 0.2854336669440846700, -0.5119094488188979900 ) ) ;
#2911 = EDGE_CURVE ( 'NONE', #1822, #1589, #3226, .T. ) ;
#2912 = EDGE_LOOP ( 'NONE', ( #2730, #2900, #4741, #1298 ) ) ;
#2913 = ORIENTED_EDGE ( 'NONE', *, *, #730, .F. ) ;
#2914 = ADVANCED_FACE ( 'NONE', ( #293 ), #216, .T. ) ;
#2915 = PLANE ( 'NONE',  #4190 ) ;
#2916 = ORIENTED_EDGE ( 'NONE', *, *, #578, .T. ) ;
#2917 = AXIS2_PLACEMENT_3D ( 'NONE', #838, #2690, #2293 ) ;
#2918 = VERTEX_POINT ( 'NONE', #586 ) ;
#2919 = EDGE_CURVE ( 'NONE', #3513, #518, #2204, .T. ) ;
#2920 = CARTESIAN_POINT ( 'NONE',  ( -0.01378000000000000100, -0.6441802955571315200, 0.3817521014761809400 ) ) ;
#2921 = VERTEX_POINT ( 'NONE', #1685 ) ;
#2922 = CARTESIAN_POINT ( 'NONE',  ( 0.1968503937007875500, 2.410722045565657900E-017, -0.3456021707873909700 ) ) ;
#2923 = CARTESIAN_POINT ( 'NONE',  ( -0.3352468671651653300, 0.3157590042756720500, 0.4292699999999997600 ) ) ;
#2924 = CARTESIAN_POINT ( 'NONE',  ( -0.09085696843694801600, 0.2553570007485764200, 0.2125000000000000200 ) ) ;
#2925 = CARTESIAN_POINT ( 'NONE',  ( 0.3433814958169231200, -0.3628693587064280000, -0.6481465455388577500 ) ) ;
#2926 = ORIENTED_EDGE ( 'NONE', *, *, #448, .T. ) ;
#2927 = VECTOR ( 'NONE', #2321, 39.37007874015748900 ) ;
#2928 = CARTESIAN_POINT ( 'NONE',  ( 0.01378000000000000100, -0.5533782514116220000, 0.7560491721204312100 ) ) ;
#2929 = ORIENTED_EDGE ( 'NONE', *, *, #122, .T. ) ;
#2930 = EDGE_CURVE ( 'NONE', #1760, #3110, #1552, .T. ) ;
#2931 = EDGE_LOOP ( 'NONE', ( #4310, #4601, #1326, #2698 ) ) ;
#2932 = DIRECTION ( 'NONE',  ( 0.9238795325112850700, -0.3826834323650937800, -8.920344749722869000E-017 ) ) ;
#2933 = ADVANCED_FACE ( 'NONE', ( #405 ), #948, .T. ) ;
#2934 = CARTESIAN_POINT ( 'NONE',  ( 0.1485967115756417500, 0.1291088486861400300, -0.7874999999999999800 ) ) ;
#2935 = CARTESIAN_POINT ( 'NONE',  ( 0.0000000000000000000, 0.5353914554318778300, 0.7874999999999998700 ) ) ;
#2936 = LINE ( 'NONE', #1880, #1943 ) ;
#2937 = AXIS2_PLACEMENT_3D ( 'NONE', #3384, #3990, #3016 ) ;
#2938 = EDGE_CURVE ( 'NONE', #2554, #177, #4535, .T. ) ;
#2939 = VERTEX_POINT ( 'NONE', #978 ) ;
#2940 = CARTESIAN_POINT ( 'NONE',  ( -0.005273377697991103400, -0.01273105995800552200, -0.5119094488188979900 ) ) ;
#2941 = CYLINDRICAL_SURFACE ( 'NONE', #2274, 0.6534999999999999700 ) ;
#2942 = ORIENTED_EDGE ( 'NONE', *, *, #960, .F. ) ;
#2943 = EDGE_CURVE ( 'NONE', #1953, #1175, #1711, .T. ) ;
#2944 = CARTESIAN_POINT ( 'NONE',  ( -0.5715419573863320700, 0.01378000000000598700, 0.7245980812128045600 ) ) ;
#2945 = LINE ( 'NONE', #3889, #4491 ) ;
#2946 = ORIENTED_EDGE ( 'NONE', *, *, #4756, .F. ) ;
#2947 = VECTOR ( 'NONE', #2780, 39.37007874015748100 ) ;
#2948 = DIRECTION ( 'NONE',  ( 0.9238795325112864100, 0.3826834323650905000, -0.0000000000000000000 ) ) ;
#2949 = DIRECTION ( 'NONE',  ( -0.0000000000000000000, -0.0000000000000000000, -1.000000000000000000 ) ) ;
#2950 = CARTESIAN_POINT ( 'NONE',  ( 0.0000000000000000000, 0.0000000000000000000, 0.5829299999999997300 ) ) ;
#2951 = VERTEX_POINT ( 'NONE', #3746 ) ;
#2952 = FACE_OUTER_BOUND ( 'NONE', #4728, .T. ) ;
#2953 = B_SPLINE_CURVE_WITH_KNOTS ( 'NONE', 3,
 ( #606, #1724, #254, #1016, #3567, #1741, #3192 ),
 .UNSPECIFIED., .F., .F.,
 ( 4, 3, 4 ),
 ( 2.019671278339852300E-007, 0.02140495045453186600, 0.02564998077238689300 ),
 .UNSPECIFIED. ) ;
#2954 = CARTESIAN_POINT ( 'NONE',  ( -0.5054711574508071700, 0.01378000000000529700, -0.6049272416039612700 ) ) ;
#2955 = DIRECTION ( 'NONE',  ( 0.0000000000000000000, -1.000000000000000000, -5.502957744461820500E-017 ) ) ;
#2956 = ORIENTED_EDGE ( 'NONE', *, *, #1198, .T. ) ;
#2957 = LINE ( 'NONE', #4210, #2543 ) ;
#2958 = ADVANCED_FACE ( 'NONE', ( #2822 ), #4070, .F. ) ;
#2959 = ORIENTED_EDGE ( 'NONE', *, *, #565, .F. ) ;
#2960 = ORIENTED_EDGE ( 'NONE', *, *, #3638, .F. ) ;
#2961 = CYLINDRICAL_SURFACE ( 'NONE', #4094, 0.1968503937007875500 ) ;
#2962 = AXIS2_PLACEMENT_3D ( 'NONE', #2544, #4724, #668 ) ;
#2963 = FACE_OUTER_BOUND ( 'NONE', #1866, .T. ) ;
#2964 = EDGE_CURVE ( 'NONE', #3426, #3980, #1606, .T. ) ;
#2965 = ORIENTED_EDGE ( 'NONE', *, *, #2301, .T. ) ;
#2966 = ORIENTED_EDGE ( 'NONE', *, *, #987, .T. ) ;
#2967 = CARTESIAN_POINT ( 'NONE',  ( -0.6464068730931256100, -0.01377999999999323200, 0.3975914002637311900 ) ) ;
#2968 = PLANE ( 'NONE',  #3844 ) ;
#2969 = DIRECTION ( 'NONE',  ( -0.5000000000000053300, -0.4999999999999965600, -0.7071067811865460200 ) ) ;
#2970 = DIRECTION ( 'NONE',  ( 1.000000000000000000, 0.0000000000000000000, -0.0000000000000000000 ) ) ;
#2971 = CIRCLE ( 'NONE', #745, 0.5748000000000000900 ) ;
#2972 = ORIENTED_EDGE ( 'NONE', *, *, #842, .F. ) ;
#2973 = AXIS2_PLACEMENT_3D ( 'NONE', #3824, #1987, #3059 ) ;
#2974 = CARTESIAN_POINT ( 'NONE',  ( -0.2448102453525933300, 0.1163190883529616100, 0.2125000000000000200 ) ) ;
#2975 = CARTESIAN_POINT ( 'NONE',  ( 0.0000000000000000000, 0.0000000000000000000, 0.5829299999999997300 ) ) ;
#2976 = EDGE_CURVE ( 'NONE', #4476, #1323, #4204, .T. ) ;
#2977 = CARTESIAN_POINT ( 'NONE',  ( -0.4147852751271774400, -0.4342731380166713300, 0.07013067864948392700 ) ) ;
#2978 = ORIENTED_EDGE ( 'NONE', *, *, #4000, .T. ) ;
#2979 = CARTESIAN_POINT ( 'NONE',  ( -0.1963433969481004900, 0.4380060164825144200, -0.7874999999999999800 ) ) ;
#2980 = ORIENTED_EDGE ( 'NONE', *, *, #4171, .T. ) ;
#2981 = DIRECTION ( 'NONE',  ( 0.7071067811865389100, -0.7071067811865561200, 0.0000000000000000000 ) ) ;
#2982 = DIRECTION ( 'NONE',  ( -0.9238795325112864100, 0.3826834323650905600, -0.0000000000000000000 ) ) ;
#2983 = APPROVAL_PERSON_ORGANIZATION ( #3772, #1887, #1695 ) ;
#2984 = ADVANCED_FACE ( 'NONE', ( #2409 ), #3383, .T. ) ;
#2985 = CARTESIAN_POINT ( 'NONE',  ( 0.009743931444750459500, -0.009743931444750792600, -0.1487517770866043600 ) ) ;
#2986 = DIRECTION ( 'NONE',  ( -0.0000000000000000000, -0.0000000000000000000, -1.000000000000000000 ) ) ;
#2987 = ORIENTED_EDGE ( 'NONE', *, *, #1150, .T. ) ;
#2988 = FACE_OUTER_BOUND ( 'NONE', #3664, .T. ) ;
#2989 = PLANE ( 'NONE',  #3155 ) ;
#2990 = CARTESIAN_POINT ( 'NONE',  ( 0.0000000000000000000, 0.0000000000000000000, -0.5119094488188979900 ) ) ;
#2991 = CARTESIAN_POINT ( 'NONE',  ( 0.3790852960099174700, -0.3985731588994228500, -0.2890083133193887000 ) ) ;
#2992 = ORIENTED_EDGE ( 'NONE', *, *, #4749, .F. ) ;
#2993 = VECTOR ( 'NONE', #1097, 39.37007874015748100 ) ;
#2994 = EDGE_CURVE ( 'NONE', #3042, #1923, #1777, .T. ) ;
#2995 = ORIENTED_EDGE ( 'NONE', *, *, #4410, .F. ) ;
#2996 = LINE ( 'NONE', #4127, #3163 ) ;
#2997 = B_SPLINE_CURVE_WITH_KNOTS ( 'NONE', 3,
 ( #1184, #3750, #4144, #1548 ),
 .UNSPECIFIED., .F., .F.,
 ( 4, 4 ),
 ( 2.309592430349258200E-007, 0.006000552272120239700 ),
 .UNSPECIFIED. ) ;
#2998 = VERTEX_POINT ( 'NONE', #2660 ) ;
#2999 = LINE ( 'NONE', #137, #1439 ) ;
#3000 = EDGE_CURVE ( 'NONE', #2677, #2709, #4018, .T. ) ;
#3001 = ORIENTED_EDGE ( 'NONE', *, *, #2407, .T. ) ;
#3002 = DIRECTION ( 'NONE',  ( 0.0000000000000000000, 0.0000000000000000000, 1.000000000000000000 ) ) ;
#3003 = ADVANCED_FACE ( 'NONE', ( #3558 ), #41, .F. ) ;
#3004 = AXIS2_PLACEMENT_3D ( 'NONE', #906, #191, #4636 ) ;
#3005 = EDGE_CURVE ( 'NONE', #3262, #2361, #3507, .T. ) ;
#3006 = VERTEX_POINT ( 'NONE', #2266 ) ;
#3007 = LINE ( 'NONE', #2523, #2300 ) ;
#3008 = ORIENTED_EDGE ( 'NONE', *, *, #3902, .T. ) ;
#3009 = CARTESIAN_POINT ( 'NONE',  ( -0.4522476061400785800, 0.4717354690295911300, 0.5709999999999997300 ) ) ;
#3010 = CARTESIAN_POINT ( 'NONE',  ( 0.0000000000000000000, 0.0000000000000000000, 0.5709999999999997300 ) ) ;
#3011 = VERTEX_POINT ( 'NONE', #2644 ) ;
#3012 = VECTOR ( 'NONE', #4097, 39.37007874015748100 ) ;
#3013 = CARTESIAN_POINT ( 'NONE',  ( -0.3687095809907065500, -0.3881974438802012200, 0.7874999999999999800 ) ) ;
#3014 = PLANE ( 'NONE',  #2240 ) ;
#3015 = CARTESIAN_POINT ( 'NONE',  ( 0.1963674848343154000, 0.01377999999999931500, -0.3451192619209188500 ) ) ;
#3016 = DIRECTION ( 'NONE',  ( -1.000000000000000000, 0.0000000000000000000, 0.0000000000000000000 ) ) ;
#3017 =( BOUNDED_CURVE ( )  B_SPLINE_CURVE ( 3, ( #1856, #1463, #32, #2207 ),
 .UNSPECIFIED., .F., .F. ) 
 B_SPLINE_CURVE_WITH_KNOTS ( ( 4, 4 ),
 ( 3.117645216900681400, 3.141592653589802000 ),
 .UNSPECIFIED. ) 
 CURVE ( )  GEOMETRIC_REPRESENTATION_ITEM ( )  RATIONAL_B_SPLINE_CURVE ( ( 1.000000000000000000, 0.9999522105939694400, 0.9999522105939694400, 1.000000000000000000 ) ) 
 REPRESENTATION_ITEM ( '' )  );
#3018 = ORIENTED_EDGE ( 'NONE', *, *, #188, .F. ) ;
#3019 = DIRECTION ( 'NONE',  ( -1.000000000000000000, 0.0000000000000000000, 0.0000000000000000000 ) ) ;
#3020 = VERTEX_POINT ( 'NONE', #3015 ) ;
#3021 = ORIENTED_EDGE ( 'NONE', *, *, #2614, .F. ) ;
#3022 = EDGE_CURVE ( 'NONE', #3349, #4291, #739, .T. ) ;
#3023 = VERTEX_POINT ( 'NONE', #3348 ) ;
#3024 = CARTESIAN_POINT ( 'NONE',  ( -6.963262393386677500E-015, -0.01378000000000000900, 0.4292699999999997600 ) ) ;
#3025 = CARTESIAN_POINT ( 'NONE',  ( 0.0000000000000000000, 0.0000000000000000000, -0.5119094488188979900 ) ) ;
#3026 = CARTESIAN_POINT ( 'NONE',  ( 0.1708812770320895800, -0.4485527718784962400, -0.7875000000000005300 ) ) ;
#3027 = ORIENTED_EDGE ( 'NONE', *, *, #4264, .T. ) ;
#3028 = PLANE ( 'NONE',  #416 ) ;
#3029 = DIRECTION ( 'NONE',  ( -0.0000000000000000000, -0.0000000000000000000, -1.000000000000000000 ) ) ;
#3030 = EDGE_CURVE ( 'NONE', #1491, #550, #4175, .T. ) ;
#3031 = DIRECTION ( 'NONE',  ( -1.000000000000000000, 0.0000000000000000000, 0.0000000000000000000 ) ) ;
#3032 = DIRECTION ( 'NONE',  ( 0.9238795325112836300, -0.3826834323650968900, -0.0000000000000000000 ) ) ;
#3033 = DIRECTION ( 'NONE',  ( 1.000000000000000000, 0.0000000000000000000, -0.0000000000000000000 ) ) ;
#3034 = ORIENTED_EDGE ( 'NONE', *, *, #4343, .F. ) ;
#3035 = DIRECTION ( 'NONE',  ( 0.0000000000000000000, 0.0000000000000000000, -1.000000000000000000 ) ) ;
#3036 = ORIENTED_EDGE ( 'NONE', *, *, #1366, .F. ) ;
#3037 = DIRECTION ( 'NONE',  ( -0.0000000000000000000, -0.0000000000000000000, -1.000000000000000000 ) ) ;
#3038 = CARTESIAN_POINT ( 'NONE',  ( 0.3628693587064244500, -0.3433814958169268400, -0.6481465455388578700 ) ) ;
#3039 = DIRECTION ( 'NONE',  ( -1.000000000000000000, 0.0000000000000000000, 0.0000000000000000000 ) ) ;
#3040 = DIRECTION ( 'NONE',  ( -0.0000000000000000000, -0.0000000000000000000, -1.000000000000000000 ) ) ;
#3041 = LINE ( 'NONE', #152, #3897 ) ;
#3042 = VERTEX_POINT ( 'NONE', #3399 ) ;
#3043 = CARTESIAN_POINT ( 'NONE',  ( 0.0000000000000000000, 0.0000000000000000000, -0.5119094488188979900 ) ) ;
#3044 = DIRECTION ( 'NONE',  ( 0.7071067811865536800, 0.7071067811865413600, 0.0000000000000000000 ) ) ;
#3045 = LINE ( 'NONE', #240, #2058 ) ;
#3046 = DIRECTION ( 'NONE',  ( -0.7071067811865438000, 0.7071067811865512400, 0.0000000000000000000 ) ) ;
#3047 = CARTESIAN_POINT ( 'NONE',  ( 0.0000000000000000000, 0.0000000000000000000, 0.4292699999999999300 ) ) ;
#3048 = ORIENTED_EDGE ( 'NONE', *, *, #897, .F. ) ;
#3049 = CARTESIAN_POINT ( 'NONE',  ( -0.3149606299212597800, 0.0000000000000000000, -0.5119094488188979900 ) ) ;
#3050 = LINE ( 'NONE', #4201, #3966 ) ;
#3051 = EDGE_CURVE ( 'NONE', #1923, #3579, #2410, .T. ) ;
#3052 = ORIENTED_EDGE ( 'NONE', *, *, #224, .F. ) ;
#3053 = VECTOR ( 'NONE', #4514, 39.37007874015748900 ) ;
#3054 = AXIS2_PLACEMENT_3D ( 'NONE', #4542, #2753, #4560 ) ;
#3055 = VERTEX_POINT ( 'NONE', #525 ) ;
#3056 = EDGE_CURVE ( 'NONE', #4519, #1020, #2578, .T. ) ;
#3057 = CYLINDRICAL_SURFACE ( 'NONE', #4225, 0.6534999999999999700 ) ;
#3058 = CARTESIAN_POINT ( 'NONE',  ( 0.06241552314329013000, 0.1866932777871352900, 0.1381789218234976100 ) ) ;
#3059 = DIRECTION ( 'NONE',  ( -1.000000000000000000, 0.0000000000000000000, 0.0000000000000000000 ) ) ;
#3060 = CARTESIAN_POINT ( 'NONE',  ( -0.08787764305930127800, 0.1761465223911533900, -0.7874999999999999800 ) ) ;
#3061 = CARTESIAN_POINT ( 'NONE',  ( -0.1163190883529607600, -0.2448102453525937400, 0.2125000000000000200 ) ) ;
#3062 = VERTEX_POINT ( 'NONE', #4185 ) ;
#3063 = FACE_OUTER_BOUND ( 'NONE', #2765, .T. ) ;
#3064 = PRODUCT_DEFINITION ( 'UNKNOWN', '', #3610, #2037 ) ;
#3065 = EDGE_CURVE ( 'NONE', #874, #2437, #2174, .T. ) ;
#3066 = CARTESIAN_POINT ( 'NONE',  ( 0.0000000000000000000, 0.0000000000000000000, -0.7875000000000005300 ) ) ;
#3067 = DIRECTION ( 'NONE',  ( -0.0000000000000000000, -0.0000000000000000000, -1.000000000000000000 ) ) ;
#3068 = ORIENTED_EDGE ( 'NONE', *, *, #3417, .F. ) ;
#3069 = LINE ( 'NONE', #554, #646 ) ;
#3070 = PLANE ( 'NONE',  #2131 ) ;
#3071 = ORIENTED_EDGE ( 'NONE', *, *, #4159, .T. ) ;
#3072 = CARTESIAN_POINT ( 'NONE',  ( 0.0000000000000000000, 0.0000000000000000000, -0.5119094488188979900 ) ) ;
#3073 = CARTESIAN_POINT ( 'NONE',  ( 0.1485967115756408300, -0.1291088486861410600, -0.7874999999999999800 ) ) ;
#3074 = CARTESIAN_POINT ( 'NONE',  ( -0.1968503937007875500, 0.004598033534380274900, -0.3456021707873910800 ) ) ;
#3075 = VECTOR ( 'NONE', #2550, 39.37007874015748100 ) ;
#3076 = VECTOR ( 'NONE', #1079, 39.37007874015748900 ) ;
#3077 = ORIENTED_EDGE ( 'NONE', *, *, #3912, .T. ) ;
#3078 = DIRECTION ( 'NONE',  ( -0.0000000000000000000, -0.0000000000000000000, -1.000000000000000000 ) ) ;
#3079 = PLANE ( 'NONE',  #2585 ) ;
#3080 = ORIENTED_EDGE ( 'NONE', *, *, #4191, .T. ) ;
#3081 = ORIENTED_EDGE ( 'NONE', *, *, #954, .T. ) ;
#3082 = EDGE_CURVE ( 'NONE', #2269, #2595, #1320, .T. ) ;
#3083 = ORIENTED_EDGE ( 'NONE', *, *, #4727, .T. ) ;
#3084 = DIRECTION ( 'NONE',  ( -1.000000000000000000, 0.0000000000000000000, 0.0000000000000000000 ) ) ;
#3085 = VERTEX_POINT ( 'NONE', #4137 ) ;
#3086 = AXIS2_PLACEMENT_3D ( 'NONE', #2694, #852, #2676 ) ;
#3087 = EDGE_CURVE ( 'NONE', #514, #4495, #3393, .T. ) ;
#3088 = APPLICATION_CONTEXT ( 'configuration controlled 3d designs of mechanical parts and assemblies' ) ;
#3089 = PLANE ( 'NONE',  #3626 ) ;
#3090 = CARTESIAN_POINT ( 'NONE',  ( 0.09085696843694801600, -0.2553570007485764200, 0.2125000000000000200 ) ) ;
#3091 = ORIENTED_EDGE ( 'NONE', *, *, #2903, .F. ) ;
#3092 = CALENDAR_DATE ( 2021, 14, 9 ) ;
#3093 = CARTESIAN_POINT ( 'NONE',  ( -0.4699714600924963500, 0.4504835972030063500, 0.4292699999999997600 ) ) ;
#3094 = DIRECTION ( 'NONE',  ( 0.1391731009600657700, 0.0000000000000000000, 0.9902680687415703600 ) ) ;
#3095 = EDGE_CURVE ( 'NONE', #1235, #3237, #3050, .T. ) ;
#3096 = DIRECTION ( 'NONE',  ( -0.0000000000000000000, 0.0000000000000000000, -1.000000000000000000 ) ) ;
#3097 = DIRECTION ( 'NONE',  ( 0.6532814824381940600, 0.2705980500730935700, 0.7071067811865441300 ) ) ;
#3098 = ORIENTED_EDGE ( 'NONE', *, *, #2811, .T. ) ;
#3099 = PRODUCT ( '3321A185_ER-32 Collet', '3321A185_ER-32 Collet', '', ( #1347 ) ) ;
#3100 = LINE ( 'NONE', #2098, #1370 ) ;
#3101 = PLANE ( 'NONE',  #2520 ) ;
#3102 = ORIENTED_EDGE ( 'NONE', *, *, #2429, .T. ) ;
#3103 = FACE_OUTER_BOUND ( 'NONE', #3529, .T. ) ;
#3104 = APPLICATION_PROTOCOL_DEFINITION ( 'international standard', 'config_control_design', 1994, #3088 ) ;
#3105 = CARTESIAN_POINT ( 'NONE',  ( -0.2854336669440859500, -0.1331458605261514000, -0.5119094488188979900 ) ) ;
#3106 = DIRECTION ( 'NONE',  ( 0.0000000000000000000, 0.0000000000000000000, 1.000000000000000000 ) ) ;
#3107 = EDGE_LOOP ( 'NONE', ( #2745, #3256, #3135, #4019 ) ) ;
#3108 = LINE ( 'NONE', #2985, #4718 ) ;
#3109 = CARTESIAN_POINT ( 'NONE',  ( 0.0000000000000000000, 0.0000000000000000000, -0.5119094488188979900 ) ) ;
#3110 = VERTEX_POINT ( 'NONE', #2675 ) ;
#3111 = CARTESIAN_POINT ( 'NONE',  ( 0.1291088486861395000, -0.1485967115756422200, -0.3451192619209188500 ) ) ;
#3112 = CARTESIAN_POINT ( 'NONE',  ( 0.0000000000000000000, 0.0000000000000000000, -0.7875000000000003100 ) ) ;
#3113 = DIRECTION ( 'NONE',  ( -0.0000000000000000000, -0.0000000000000000000, -1.000000000000000000 ) ) ;
#3114 = DIRECTION ( 'NONE',  ( -0.0000000000000000000, 0.0000000000000000000, -1.000000000000000000 ) ) ;
#3115 = LINE ( 'NONE', #4573, #3283 ) ;
#3116 = VERTEX_POINT ( 'NONE', #3443 ) ;
#3117 = DIRECTION ( 'NONE',  ( -0.9238795325112902900, -0.3826834323650810100, -8.920344749722869000E-017 ) ) ;
#3118 = EDGE_CURVE ( 'NONE', #4581, #1083, #205, .T. ) ;
#3119 = ORIENTED_EDGE ( 'NONE', *, *, #2547, .T. ) ;
#3120 = CARTESIAN_POINT ( 'NONE',  ( -0.2157777746189408500, -0.5569425052557128700, 0.04700011390998477800 ) ) ;
#3121 = CARTESIAN_POINT ( 'NONE',  ( 0.0000000000000000000, 0.0000000000000000000, 0.4292699999999999300 ) ) ;
#3122 = CIRCLE ( 'NONE', #1448, 0.5748000000000000900 ) ;
#3123 = AXIS2_PLACEMENT_3D ( 'NONE', #3661, #3648, #4372 ) ;
#3124 = EDGE_CURVE ( 'NONE', #3267, #946, #364, .T. ) ;
#3125 = EDGE_LOOP ( 'NONE', ( #2929, #2352, #2419, #3527 ) ) ;
#3126 = VECTOR ( 'NONE', #2459, 39.37007874015748100 ) ;
#3127 = DIRECTION ( 'NONE',  ( -0.0000000000000000000, -0.0000000000000000000, -1.000000000000000000 ) ) ;
#3128 = DIRECTION ( 'NONE',  ( -0.0000000000000000000, -0.0000000000000000000, -1.000000000000000000 ) ) ;
#3129 = EDGE_LOOP ( 'NONE', ( #3304, #1454, #940, #2522, #2142, #8, #412, #3080, #907 ) ) ;
#3130 = AXIS2_PLACEMENT_3D ( 'NONE', #3848, #1644, #3832 ) ;
#3131 = VECTOR ( 'NONE', #4714, 39.37007874015748100 ) ;
#3132 = AXIS2_PLACEMENT_3D ( 'NONE', #2508, #1082, #4692 ) ;
#3133 = CARTESIAN_POINT ( 'NONE',  ( 0.0000000000000000000, 0.0000000000000000000, -0.7874999999999999800 ) ) ;
#3134 = ORIENTED_EDGE ( 'NONE', *, *, #44, .F. ) ;
#3135 = ORIENTED_EDGE ( 'NONE', *, *, #3184, .T. ) ;
#3136 = CARTESIAN_POINT ( 'NONE',  ( 0.4522476061400819100, -0.4717354690295880200, 0.5829299999999998400 ) ) ;
#3137 = CARTESIAN_POINT ( 'NONE',  ( 0.01378000000000000100, 0.5114399846655512900, -0.5624723994812389500 ) ) ;
#3138 = PLANE ( 'NONE',  #2152 ) ;
#3139 = VERTEX_POINT ( 'NONE', #2313 ) ;
#3140 = VERTEX_POINT ( 'NONE', #1588 ) ;
#3141 = DIRECTION ( 'NONE',  ( -0.0000000000000000000, -0.0000000000000000000, -1.000000000000000000 ) ) ;
#3142 = CARTESIAN_POINT ( 'NONE',  ( 0.0000000000000000000, 0.0000000000000000000, 0.7874999999999999800 ) ) ;
#3143 = DIRECTION ( 'NONE',  ( -1.000000000000000000, 0.0000000000000000000, 0.0000000000000000000 ) ) ;
#3144 = ORIENTED_EDGE ( 'NONE', *, *, #1450, .F. ) ;
#3145 = DIRECTION ( 'NONE',  ( -0.0000000000000000000, 0.0000000000000000000, -1.000000000000000000 ) ) ;
#3146 = ORIENTED_EDGE ( 'NONE', *, *, #1604, .T. ) ;
#3147 = ADVANCED_FACE ( 'NONE', ( #3738 ), #3430, .T. ) ;
#3148 = AXIS2_PLACEMENT_3D ( 'NONE', #1042, #2471, #3957 ) ;
#3149 = EDGE_CURVE ( 'NONE', #275, #1191, #466, .T. ) ;
#3150 = ORIENTED_EDGE ( 'NONE', *, *, #4550, .F. ) ;
#3151 = CARTESIAN_POINT ( 'NONE',  ( -0.4993947684522556700, -0.01377999999999477000, -0.6481465455388577500 ) ) ;
#3152 = DIRECTION ( 'NONE',  ( -0.2705980500731023400, -0.6532814824381829600, 0.7071067811865510100 ) ) ;
#3153 = DIRECTION ( 'NONE',  ( 0.7345095552677536300, 0.0000000000000000000, -0.6785983445458488900 ) ) ;
#3154 = ORIENTED_EDGE ( 'NONE', *, *, #3754, .F. ) ;
#3155 = AXIS2_PLACEMENT_3D ( 'NONE', #4134, #3002, #1158 ) ;
#3156 = CARTESIAN_POINT ( 'NONE',  ( 1.622953219594443800E-016, 0.01378000000000000100, -0.1487517770866043600 ) ) ;
#3157 = PLANE ( 'NONE',  #406 ) ;
#3158 = FACE_OUTER_BOUND ( 'NONE', #1939, .T. ) ;
#3159 = EDGE_CURVE ( 'NONE', #4668, #1471, #2999, .T. ) ;
#3160 = B_SPLINE_CURVE_WITH_KNOTS ( 'NONE', 3,
 ( #2888, #1073, #3595, #4387, #685, #1414, #1764 ),
 .UNSPECIFIED., .F., .F.,
 ( 4, 3, 4 ),
 ( 0.01720927585499634400, 0.01997680622546083400, 0.02320959703650939800 ),
 .UNSPECIFIED. ) ;
#3161 = ORIENTED_EDGE ( 'NONE', *, *, #3242, .T. ) ;
#3162 = DIRECTION ( 'NONE',  ( 0.6532814824381838500, -0.2705980500731000000, 0.7071067811865510100 ) ) ;
#3163 = VECTOR ( 'NONE', #96, 39.37007874015748900 ) ;
#3164 = CARTESIAN_POINT ( 'NONE',  ( -0.01378000000000000100, 0.4993947684522555000, -0.6481465455388577500 ) ) ;
#3165 = ORIENTED_EDGE ( 'NONE', *, *, #3301, .T. ) ;
#3166 = LINE ( 'NONE', #2295, #3847 ) ;
#3167 = CARTESIAN_POINT ( 'NONE',  ( 0.2187455714286804800, 0.5641074005641646400, 0.1021667319364034200 ) ) ;
#3168 = ORIENTED_EDGE ( 'NONE', *, *, #2692, .T. ) ;
#3169 = VECTOR ( 'NONE', #1255, 39.37007874015748100 ) ;
#3170 = EDGE_CURVE ( 'NONE', #2273, #802, #3166, .T. ) ;
#3171 = ADVANCED_FACE ( 'NONE', ( #2887 ), #3779, .T. ) ;
#3172 = ORIENTED_EDGE ( 'NONE', *, *, #4044, .F. ) ;
#3173 = CIRCLE ( 'NONE', #793, 0.3149606299212597800 ) ;
#3174 = CARTESIAN_POINT ( 'NONE',  ( -0.06241552314329016500, 0.1866932777871352600, 0.1381789218234976100 ) ) ;
#3175 = AXIS2_PLACEMENT_3D ( 'NONE', #2710, #3067, #1960 ) ;
#3176 = ORIENTED_EDGE ( 'NONE', *, *, #448, .F. ) ;
#3177 = CARTESIAN_POINT ( 'NONE',  ( 0.5784369808054754500, -0.2246810779077473800, 0.2124999999999999100 ) ) ;
#3178 = EDGE_CURVE ( 'NONE', #1822, #974, #1948, .T. ) ;
#3179 = LINE ( 'NONE', #3783, #131 ) ;
#3180 = ORIENTED_EDGE ( 'NONE', *, *, #1849, .T. ) ;
#3181 = CARTESIAN_POINT ( 'NONE',  ( 0.005273377697991084300, 0.01273105995800547500, -0.05818856301081960800 ) ) ;
#3182 = DIRECTION ( 'NONE',  ( -0.3826834323650874500, 0.9238795325112877400, 1.177569344012825500E-016 ) ) ;
#3183 = LINE ( 'NONE', #2495, #3464 ) ;
#3184 = EDGE_CURVE ( 'NONE', #3980, #4557, #1215, .T. ) ;
#3185 = ORIENTED_EDGE ( 'NONE', *, *, #4686, .F. ) ;
#3186 = CARTESIAN_POINT ( 'NONE',  ( -0.5746347984589865700, -0.01377999999999398300, -0.7874999999999999800 ) ) ;
#3187 = FACE_OUTER_BOUND ( 'NONE', #4219, .T. ) ;
#3188 = CARTESIAN_POINT ( 'NONE',  ( 0.4993947684522552800, -0.01378000000000174600, -0.6481465455388575300 ) ) ;
#3189 = CARTESIAN_POINT ( 'NONE',  ( -0.01378000000000000100, 0.6510058714408292200, 0.4292699999999997600 ) ) ;
#3190 = VECTOR ( 'NONE', #803, 39.37007874015748900 ) ;
#3191 = ORIENTED_EDGE ( 'NONE', *, *, #2874, .T. ) ;
#3192 = CARTESIAN_POINT ( 'NONE',  ( -0.5784369808054785600, -0.2246810779077392500, 0.2124999999999999900 ) ) ;
#3193 = CARTESIAN_POINT ( 'NONE',  ( -0.09085696843694801600, 0.2553570007485764200, 0.2125000000000000200 ) ) ;
#3194 = ORIENTED_EDGE ( 'NONE', *, *, #3056, .F. ) ;
#3195 = VERTEX_POINT ( 'NONE', #575 ) ;
#3196 = ADVANCED_FACE ( 'NONE', ( #4593 ), #1636, .F. ) ;
#3197 = PERSON_AND_ORGANIZATION_ROLE ( 'creator' ) ;
#3198 = CARTESIAN_POINT ( 'NONE',  ( -0.009743931444750620800, 0.009743931444750629500, -0.1487517770866043600 ) ) ;
#3199 = CARTESIAN_POINT ( 'NONE',  ( -0.01273105995800552000, -0.005273377697990944700, -1.074502747390032500E-033 ) ) ;
#3200 = ORIENTED_EDGE ( 'NONE', *, *, #3978, .F. ) ;
#3201 = ORIENTED_EDGE ( 'NONE', *, *, #987, .F. ) ;
#3202 = DIRECTION ( 'NONE',  ( -0.0000000000000000000, -0.0000000000000000000, -1.000000000000000000 ) ) ;
#3203 = CARTESIAN_POINT ( 'NONE',  ( 0.0000000000000000000, 0.5747999999999999800, 0.5709999999999998400 ) ) ;
#3204 = CARTESIAN_POINT ( 'NONE',  ( 0.01273105995800548200, 0.005273377697990927300, -0.5119094488188979900 ) ) ;
#3205 = AXIS2_PLACEMENT_3D ( 'NONE', #4126, #1218, #1584 ) ;
#3206 = ORIENTED_EDGE ( 'NONE', *, *, #401, .T. ) ;
#3207 = EDGE_CURVE ( 'NONE', #802, #903, #1088, .T. ) ;
#3208 = CARTESIAN_POINT ( 'NONE',  ( 0.6533546981540731000, 0.01377999999999771900, 0.5709999999999997300 ) ) ;
#3209 = CARTESIAN_POINT ( 'NONE',  ( -0.01378000000000000100, 0.5596377692941244500, -0.2196488778833548000 ) ) ;
#3210 = ORIENTED_EDGE ( 'NONE', *, *, #1990, .T. ) ;
#3211 = LINE ( 'NONE', #3968, #3269 ) ;
#3212 = AXIS2_PLACEMENT_3D ( 'NONE', #2607, #56, #395 ) ;
#3213 = EDGE_CURVE ( 'NONE', #4401, #2921, #3620, .T. ) ;
#3214 = EDGE_LOOP ( 'NONE', ( #1961, #3435, #4589, #4327 ) ) ;
#3215 = FACE_OUTER_BOUND ( 'NONE', #2060, .T. ) ;
#3216 = ORIENTED_EDGE ( 'NONE', *, *, #677, .F. ) ;
#3217 = PLANE ( 'NONE',  #173 ) ;
#3218 = ADVANCED_FACE ( 'NONE', ( #4145 ), #972, .T. ) ;
#3219 = CARTESIAN_POINT ( 'NONE',  ( 0.0000000000000000000, 0.0000000000000000000, -0.7874999999999999800 ) ) ;
#3220 = DIRECTION ( 'NONE',  ( -0.0000000000000000000, -0.0000000000000000000, -1.000000000000000000 ) ) ;
#3221 = LINE ( 'NONE', #325, #2001 ) ;
#3222 = MANIFOLD_SOLID_BREP ( 'Counter Bore Cut', #2737 ) ;
#3223 = ORIENTED_EDGE ( 'NONE', *, *, #1234, .F. ) ;
#3224 = DIRECTION ( 'NONE',  ( 0.0000000000000000000, 0.0000000000000000000, -1.000000000000000000 ) ) ;
#3225 = CARTESIAN_POINT ( 'NONE',  ( -0.06432374643454384600, 0.04155913267586572300, -0.7875000000000003100 ) ) ;
#3226 = CIRCLE ( 'NONE', #3669, 0.6534999999999999700 ) ;
#3227 = VERTEX_POINT ( 'NONE', #2390 ) ;
#3228 = DIRECTION ( 'NONE',  ( -0.0000000000000000000, -0.0000000000000000000, -1.000000000000000000 ) ) ;
#3229 = FACE_OUTER_BOUND ( 'NONE', #771, .T. ) ;
#3230 = ORIENTED_EDGE ( 'NONE', *, *, #1109, .T. ) ;
#3231 = VECTOR ( 'NONE', #1339, 39.37007874015748100 ) ;
#3232 = EDGE_CURVE ( 'NONE', #3675, #1037, #628, .T. ) ;
#3233 = CARTESIAN_POINT ( 'NONE',  ( 0.01378000000000000100, -0.6534999999999999700, 0.7874999999999999800 ) ) ;
#3234 = CARTESIAN_POINT ( 'NONE',  ( -0.1866932777871346800, 0.06241552314329209400, 0.1381789218234976700 ) ) ;
#3235 = CARTESIAN_POINT ( 'NONE',  ( 0.5208148994374773900, 0.2008132303129520300, -0.2311669415155344600 ) ) ;
#3236 = DIRECTION ( 'NONE',  ( 0.0000000000000000000, -0.0000000000000000000, -1.000000000000000000 ) ) ;
#3237 = VERTEX_POINT ( 'NONE', #1652 ) ;
#3238 = LINE ( 'NONE', #3198, #1682 ) ;
#3239 = CARTESIAN_POINT ( 'NONE',  ( 0.0000000000000000000, 0.5353914554318778300, 0.7874999999999998700 ) ) ;
#3240 = AXIS2_PLACEMENT_3D ( 'NONE', #2246, #460, #1544 ) ;
#3241 = CARTESIAN_POINT ( 'NONE',  ( 0.4485527718784967400, 0.1708812770320880200, -0.7875000000000005300 ) ) ;
#3242 = EDGE_CURVE ( 'NONE', #2392, #3272, #1036, .T. ) ;
#3243 = ORIENTED_EDGE ( 'NONE', *, *, #2436, .T. ) ;
#3244 = FACE_OUTER_BOUND ( 'NONE', #3352, .T. ) ;
#3245 = ADVANCED_FACE ( 'NONE', ( #3790 ), #1670, .F. ) ;
#3246 = DIRECTION ( 'NONE',  ( 1.000000000000000000, 0.0000000000000000000, -0.0000000000000000000 ) ) ;
#3247 = VERTEX_POINT ( 'NONE', #3551 ) ;
#3248 = AXIS2_PLACEMENT_3D ( 'NONE', #2673, #476, #4153 ) ;
#3249 = EDGE_CURVE ( 'NONE', #3524, #3195, #919, .T. ) ;
#3250 = ORIENTED_EDGE ( 'NONE', *, *, #1087, .F. ) ;
#3251 = ORIENTED_EDGE ( 'NONE', *, *, #1882, .T. ) ;
#3252 = CARTESIAN_POINT ( 'NONE',  ( 0.0000000000000000000, 0.0000000000000000000, 0.4292699999999997600 ) ) ;
#3253 = DIRECTION ( 'NONE',  ( -0.0000000000000000000, -0.0000000000000000000, -1.000000000000000000 ) ) ;
#3254 = CARTESIAN_POINT ( 'NONE',  ( 0.2262753502289648600, 0.5102681440414949000, -0.2311669415155345700 ) ) ;
#3255 = ORIENTED_EDGE ( 'NONE', *, *, #1167, .F. ) ;
#3256 = ORIENTED_EDGE ( 'NONE', *, *, #3812, .T. ) ;
#3257 = CARTESIAN_POINT ( 'NONE',  ( -0.07114244727588529800, 0.1837756819228172100, 0.1388230640013659000 ) ) ;
#3258 = CARTESIAN_POINT ( 'NONE',  ( -0.5784369808054785600, -0.2246810779077392500, 0.2124999999999999900 ) ) ;
#3259 = ORIENTED_EDGE ( 'NONE', *, *, #768, .T. ) ;
#3260 = DIRECTION ( 'NONE',  ( -0.2705980500731023400, -0.6532814824381829600, 0.7071067811865510100 ) ) ;
#3261 = DATE_AND_TIME ( #3886, #4063 ) ;
#3262 = VERTEX_POINT ( 'NONE', #1686 ) ;
#3263 = CARTESIAN_POINT ( 'NONE',  ( 0.09085696843694801600, -0.2553570007485764200, 0.2125000000000000200 ) ) ;
#3264 = ADVANCED_FACE ( 'NONE', ( #60 ), #965, .F. ) ;
#3265 = CARTESIAN_POINT ( 'NONE',  ( 0.06241552314329013000, 0.1866932777871352900, 0.1381789218234976100 ) ) ;
#3266 = EDGE_CURVE ( 'NONE', #1749, #886, #1203, .T. ) ;
#3267 = VERTEX_POINT ( 'NONE', #3188 ) ;
#3268 = DIRECTION ( 'NONE',  ( 0.0000000000000000000, 0.0000000000000000000, -1.000000000000000000 ) ) ;
#3269 = VECTOR ( 'NONE', #2161, 39.37007874015748900 ) ;
#3270 = DIRECTION ( 'NONE',  ( -0.0000000000000000000, -0.0000000000000000000, -1.000000000000000000 ) ) ;
#3271 = PLANE ( 'NONE',  #2002 ) ;
#3272 = VERTEX_POINT ( 'NONE', #977 ) ;
#3273 = LINE ( 'NONE', #701, #579 ) ;
#3274 = EDGE_CURVE ( 'NONE', #3085, #2361, #3906, .T. ) ;
#3275 = CARTESIAN_POINT ( 'NONE',  ( -0.01378000000000000100, -0.6534999999999999700, 0.7874999999999999800 ) ) ;
#3276 = ORIENTED_EDGE ( 'NONE', *, *, #3000, .T. ) ;
#3277 = VECTOR ( 'NONE', #3711, 39.37007874015748100 ) ;
#3278 =( BOUNDED_CURVE ( )  B_SPLINE_CURVE ( 3, ( #2164, #3632, #1812, #4420 ),
 .UNSPECIFIED., .F., .F. ) 
 B_SPLINE_CURVE_WITH_KNOTS ( ( 4, 4 ),
 ( 3.071532954599842700, 3.211652352579744000 ),
 .UNSPECIFIED. ) 
 CURVE ( )  GEOMETRIC_REPRESENTATION_ITEM ( )  RATIONAL_B_SPLINE_CURVE ( ( 1.000000000000000000, 0.9983645486388806900, 0.9983645486388806900, 1.000000000000000000 ) ) 
 REPRESENTATION_ITEM ( '' )  );
#3279 = DIRECTION ( 'NONE',  ( -1.000000000000000000, 0.0000000000000000000, 0.0000000000000000000 ) ) ;
#3280 = CARTESIAN_POINT ( 'NONE',  ( -0.4995614282951929600, 6.117863041391874600E-017, -0.6483132053817951500 ) ) ;
#3281 = CARTESIAN_POINT ( 'NONE',  ( -0.5352140900139537000, -0.01377999999999439400, 0.7874999999999999800 ) ) ;
#3282 = ORIENTED_EDGE ( 'NONE', *, *, #1297, .F. ) ;
#3283 = VECTOR ( 'NONE', #2706, 39.37007874015748100 ) ;
#3284 = CARTESIAN_POINT ( 'NONE',  ( -0.1076837406101452500, -0.2959804223400657700, -0.5119094488188979900 ) ) ;
#3285 = ORIENTED_EDGE ( 'NONE', *, *, #2500, .T. ) ;
#3286 = CARTESIAN_POINT ( 'NONE',  ( 0.1761465223911537200, 0.08787764305930055600, -0.5119094488188979900 ) ) ;
#3287 = LINE ( 'NONE', #3061, #300 ) ;
#3288 = ADVANCED_FACE ( 'NONE', ( #2647 ), #2132, .T. ) ;
#3289 = ORIENTED_EDGE ( 'NONE', *, *, #4460, .F. ) ;
#3290 = VECTOR ( 'NONE', #3842, 39.37007874015748900 ) ;
#3291 = ORIENTED_EDGE ( 'NONE', *, *, #2179, .F. ) ;
#3292 = EDGE_CURVE ( 'NONE', #2029, #209, #1363, .T. ) ;
#3293 = CARTESIAN_POINT ( 'NONE',  ( -0.2448102453525933300, 0.1163190883529616100, 0.2125000000000000200 ) ) ;
#3294 = FACE_OUTER_BOUND ( 'NONE', #4095, .T. ) ;
#3295 = DIRECTION ( 'NONE',  ( 0.0000000000000000000, 0.0000000000000000000, 1.000000000000000000 ) ) ;
#3296 = CARTESIAN_POINT ( 'NONE',  ( -0.5746347984589863500, 0.01378000000000602900, 0.5709999999999997300 ) ) ;
#3297 = ORIENTED_EDGE ( 'NONE', *, *, #2678, .T. ) ;
#3298 = DIRECTION ( 'NONE',  ( -0.3826834323650874500, 0.9238795325112877400, 1.177569344012825500E-016 ) ) ;
#3299 = AXIS2_PLACEMENT_3D ( 'NONE', #1955, #3127, #1971 ) ;
#3300 = CARTESIAN_POINT ( 'NONE',  ( -0.4504835972029949100, 0.4699714600925074500, 0.4292699999999997600 ) ) ;
#3301 = EDGE_CURVE ( 'NONE', #3800, #1704, #4565, .T. ) ;
#3302 = LINE ( 'NONE', #22, #2197 ) ;
#3303 = DIRECTION ( 'NONE',  ( -0.3826834323650906700, 0.9238795325112862900, 0.0000000000000000000 ) ) ;
#3304 = ORIENTED_EDGE ( 'NONE', *, *, #3541, .T. ) ;
#3305 = CARTESIAN_POINT ( 'NONE',  ( -0.2262753502289649400, 0.5102681440414947900, -0.2311669415155343200 ) ) ;
#3306 = ORIENTED_EDGE ( 'NONE', *, *, #3628, .F. ) ;
#3307 = CC_DESIGN_DATE_AND_TIME_ASSIGNMENT ( #1873, #1460, ( #2629 ) ) ;
#3308 = ORIENTED_EDGE ( 'NONE', *, *, #1487, .F. ) ;
#3309 = EDGE_CURVE ( 'NONE', #3781, #2208, #237, .T. ) ;
#3310 = CARTESIAN_POINT ( 'NONE',  ( 0.08787764305930109700, 0.1761465223911534700, -0.7874999999999999800 ) ) ;
#3311 = CARTESIAN_POINT ( 'NONE',  ( -0.5598121074290579600, -0.01377999999999413900, -0.2184087708608179200 ) ) ;
#3312 = CARTESIAN_POINT ( 'NONE',  ( 0.0000000000000000000, 0.0000000000000000000, -0.7874999999999999800 ) ) ;
#3313 = ORIENTED_EDGE ( 'NONE', *, *, #2159, .F. ) ;
#3314 = ADVANCED_FACE ( 'NONE', ( #4260 ), #2941, .T. ) ;
#3315 = PLANE ( 'NONE',  #1325 ) ;
#3316 = ORIENTED_EDGE ( 'NONE', *, *, #3309, .T. ) ;
#3317 = CARTESIAN_POINT ( 'NONE',  ( 0.3433814958169256200, 0.3628693587064256700, -0.6481465455388577500 ) ) ;
#3318 = DIRECTION ( 'NONE',  ( 0.0000000000000000000, -0.7071067811865489100, -0.7071067811865460200 ) ) ;
#3319 = EDGE_LOOP ( 'NONE', ( #2553, #1383, #2507, #67 ) ) ;
#3320 = EDGE_LOOP ( 'NONE', ( #3792, #2978, #2662, #669 ) ) ;
#3321 = EDGE_CURVE ( 'NONE', #4513, #4626, #2525, .T. ) ;
#3322 = FACE_OUTER_BOUND ( 'NONE', #4146, .T. ) ;
#3323 = ORIENTED_EDGE ( 'NONE', *, *, #533, .T. ) ;
#3324 = CARTESIAN_POINT ( 'NONE',  ( 0.1485967115756417500, 0.1291088486861400000, -0.3451192619209187400 ) ) ;
#3325 = CARTESIAN_POINT ( 'NONE',  ( -0.01273105995800552900, -0.005273377697990947300, -0.05818856301081960800 ) ) ;
#3326 = CARTESIAN_POINT ( 'NONE',  ( 0.3687095809907011100, -0.3881974438802063300, 0.7874999999999999800 ) ) ;
#3327 = FACE_OUTER_BOUND ( 'NONE', #4338, .T. ) ;
#3328 = AXIS2_PLACEMENT_3D ( 'NONE', #154, #4202, #3810 ) ;
#3329 = EDGE_CURVE ( 'NONE', #1523, #2425, #1829, .T. ) ;
#3330 = VERTEX_POINT ( 'NONE', #4716 ) ;
#3331 = DIRECTION ( 'NONE',  ( -1.000000000000000000, 0.0000000000000000000, 0.0000000000000000000 ) ) ;
#3332 = VECTOR ( 'NONE', #1768, 39.37007874015748100 ) ;
#3333 = DIRECTION ( 'NONE',  ( -0.0000000000000000000, -0.0000000000000000000, -1.000000000000000000 ) ) ;
#3334 = AXIS2_PLACEMENT_3D ( 'NONE', #4285, #617, #2059 ) ;
#3335 = ORIENTED_EDGE ( 'NONE', *, *, #590, .T. ) ;
#3336 = EDGE_CURVE ( 'NONE', #999, #1155, #3673, .T. ) ;
#3337 = CARTESIAN_POINT ( 'NONE',  ( -0.2501431978237563800, 0.5678902254094943000, 0.2124999999999999900 ) ) ;
#3338 = VECTOR ( 'NONE', #1667, 39.37007874015748900 ) ;
#3339 = VERTEX_POINT ( 'NONE', #3598 ) ;
#3340 = FACE_OUTER_BOUND ( 'NONE', #921, .T. ) ;
#3341 = CARTESIAN_POINT ( 'NONE',  ( 0.4522476061400851900, 0.4717354690295848500, 0.5709999999999997300 ) ) ;
#3342 = ORIENTED_EDGE ( 'NONE', *, *, #2656, .T. ) ;
#3343 = DIRECTION ( 'NONE',  ( -1.000000000000000000, 0.0000000000000000000, 0.0000000000000000000 ) ) ;
#3344 = FACE_OUTER_BOUND ( 'NONE', #4627, .T. ) ;
#3345 = DIRECTION ( 'NONE',  ( -0.0000000000000000000, -0.0000000000000000000, -1.000000000000000000 ) ) ;
#3346 = CARTESIAN_POINT ( 'NONE',  ( 0.0000000000000000000, 0.0000000000000000000, -0.7875000000000005300 ) ) ;
#3347 = DIRECTION ( 'NONE',  ( 0.0000000000000000000, 0.0000000000000000000, 1.000000000000000000 ) ) ;
#3348 = CARTESIAN_POINT ( 'NONE',  ( -0.3881974438801999400, 0.3687095809907078900, 0.7874999999999999800 ) ) ;
#3349 = VERTEX_POINT ( 'NONE', #1030 ) ;
#3350 = VECTOR ( 'NONE', #535, 39.37007874015748900 ) ;
#3351 = CARTESIAN_POINT ( 'NONE',  ( -0.4522476061400786400, 0.4717354690295911800, 0.5829299999999998400 ) ) ;
#3352 = EDGE_LOOP ( 'NONE', ( #826, #1723, #1634, #3134 ) ) ;
#3353 = FACE_OUTER_BOUND ( 'NONE', #4182, .T. ) ;
#3354 = AXIS2_PLACEMENT_3D ( 'NONE', #2564, #419, #1489 ) ;
#3355 = EDGE_CURVE ( 'NONE', #3852, #2671, #2291, .T. ) ;
#3356 = VERTEX_POINT ( 'NONE', #4341 ) ;
#3357 = CARTESIAN_POINT ( 'NONE',  ( -0.6486334454518557500, -0.01377999999999320700, 0.4134306997790656000 ) ) ;
#3358 = CARTESIAN_POINT ( 'NONE',  ( 0.005273377697990883900, -0.01273105995800549900, -0.5119094488188979900 ) ) ;
#3359 = ADVANCED_FACE ( 'NONE', ( #1549 ), #1721, .T. ) ;
#3360 = DIRECTION ( 'NONE',  ( -0.0000000000000000000, -0.0000000000000000000, -1.000000000000000000 ) ) ;
#3361 = DIRECTION ( 'NONE',  ( -1.000000000000000000, 0.0000000000000000000, 0.0000000000000000000 ) ) ;
#3362 = EDGE_LOOP ( 'NONE', ( #1926, #3952, #2324, #3617 ) ) ;
#3363 = EDGE_LOOP ( 'NONE', ( #555, #2527, #658, #3210, #1658, #4051, #2615, #2542, #4461 ) ) ;
#3364 = EDGE_LOOP ( 'NONE', ( #1774, #1537, #4286, #1975 ) ) ;
#3365 = AXIS2_PLACEMENT_3D ( 'NONE', #357, #2163, #1106 ) ;
#3366 = CARTESIAN_POINT ( 'NONE',  ( -0.01378000000000000100, -0.6533546981540731000, 0.5829299999999997300 ) ) ;
#3367 = CARTESIAN_POINT ( 'NONE',  ( -0.2157777746189370500, 0.5569425052557143200, 0.04700011390998477800 ) ) ;
#3368 = EDGE_CURVE ( 'NONE', #608, #3734, #107, .T. ) ;
#3369 = CARTESIAN_POINT ( 'NONE',  ( -0.4342731380166784900, -0.4147852751271697800, 0.07013067864948406600 ) ) ;
#3370 = ORIENTED_EDGE ( 'NONE', *, *, #1027, .T. ) ;
#3371 = CARTESIAN_POINT ( 'NONE',  ( -0.08787764305930119400, 0.1761465223911534200, -0.5119094488188979900 ) ) ;
#3372 = EDGE_CURVE ( 'NONE', #1413, #705, #4197, .T. ) ;
#3373 = ORIENTED_EDGE ( 'NONE', *, *, #3563, .F. ) ;
#3374 = DIRECTION ( 'NONE',  ( -0.4999999999999998300, -0.4999999999999980000, -0.7071067811865490200 ) ) ;
#3375 = CARTESIAN_POINT ( 'NONE',  ( 0.4438904853003614000, -0.4244026224108646800, 0.6511208368330015900 ) ) ;
#3376 = COORDINATED_UNIVERSAL_TIME_OFFSET ( 6, 0, .BEHIND. ) ;
#3377 = DIRECTION ( 'NONE',  ( 0.0000000000000000000, 0.8164965809277258100, 0.5773502691896261800 ) ) ;
#3378 = DIRECTION ( 'NONE',  ( -0.7071067811865486800, -0.7071067811865462400, 0.0000000000000000000 ) ) ;
#3379 = ORIENTED_EDGE ( 'NONE', *, *, #1102, .T. ) ;
#3380 = LINE ( 'NONE', #2030, #904 ) ;
#3381 = CARTESIAN_POINT ( 'NONE',  ( -1.443378385477751500E-016, -0.01378000000000000100, 0.0000000000000000000 ) ) ;
#3382 = CARTESIAN_POINT ( 'NONE',  ( -0.2217133381023346800, 0.5712722231176593500, 0.1573333610333201000 ) ) ;
#3383 = PLANE ( 'NONE',  #3212 ) ;
#3384 = CARTESIAN_POINT ( 'NONE',  ( 0.0000000000000000000, 0.0000000000000000000, -0.5119094488188979900 ) ) ;
#3385 = VERTEX_POINT ( 'NONE', #1061 ) ;
#3386 = CIRCLE ( 'NONE', #1270, 0.5353914554318778300 ) ;
#3387 = PLANE ( 'NONE',  #2026 ) ;
#3388 = EDGE_CURVE ( 'NONE', #2363, #149, #3221, .T. ) ;
#3389 = EDGE_LOOP ( 'NONE', ( #2173, #529, #2462, #1123, #1294, #2625, #2472, #1917, #4066 ) ) ;
#3390 = VECTOR ( 'NONE', #4013, 39.37007874015748900 ) ;
#3391 = CARTESIAN_POINT ( 'NONE',  ( -0.1866932777871358800, -0.06241552314328820800, 0.1381789218234975900 ) ) ;
#3392 = ORIENTED_EDGE ( 'NONE', *, *, #3967, .F. ) ;
#3393 = CIRCLE ( 'NONE', #3453, 0.3149606299212597800 ) ;
#3394 = EDGE_CURVE ( 'NONE', #518, #654, #2171, .T. ) ;
#3395 = ORIENTED_EDGE ( 'NONE', *, *, #2213, .F. ) ;
#3396 = CARTESIAN_POINT ( 'NONE',  ( 0.0000000000000000000, 0.1968503937007876600, -0.7875000000000003100 ) ) ;
#3397 = CARTESIAN_POINT ( 'NONE',  ( 0.01378000000000000100, -0.5352140900139535900, 0.7874999999999999800 ) ) ;
#3398 = CARTESIAN_POINT ( 'NONE',  ( -0.1708812770320894700, 0.4485527718784962900, -0.7874999999999999800 ) ) ;
#3399 = CARTESIAN_POINT ( 'NONE',  ( -0.2854336669440859500, -0.1331458605261514300, -0.7875000000000003100 ) ) ;
#3400 = LINE ( 'NONE', #867, #2826 ) ;
#3401 = AXIS2_PLACEMENT_3D ( 'NONE', #3381, #1177, #1206 ) ;
#3402 = EDGE_CURVE ( 'NONE', #802, #757, #2286, .T. ) ;
#3403 = DIRECTION ( 'NONE',  ( -0.0000000000000000000, -0.0000000000000000000, -1.000000000000000000 ) ) ;
#3404 = VERTEX_POINT ( 'NONE', #1446 ) ;
#3405 = CARTESIAN_POINT ( 'NONE',  ( -0.2959804223400654400, 0.1076837406101462700, -0.5119094488188979900 ) ) ;
#3406 = VECTOR ( 'NONE', #3523, 39.37007874015748100 ) ;
#3407 = ORIENTED_EDGE ( 'NONE', *, *, #3920, .F. ) ;
#3408 = DIRECTION ( 'NONE',  ( -1.000000000000000000, 0.0000000000000000000, -0.0000000000000000000 ) ) ;
#3409 = DIRECTION ( 'NONE',  ( -1.000000000000000000, 0.0000000000000000000, 0.0000000000000000000 ) ) ;
#3410 = VERTEX_POINT ( 'NONE', #3999 ) ;
#3411 = VECTOR ( 'NONE', #4553, 39.37007874015748100 ) ;
#3412 = DIRECTION ( 'NONE',  ( -0.0000000000000000000, -0.0000000000000000000, -1.000000000000000000 ) ) ;
#3413 = DIRECTION ( 'NONE',  ( -1.000000000000000000, 0.0000000000000000000, 0.0000000000000000000 ) ) ;
#3414 = CARTESIAN_POINT ( 'NONE',  ( -0.5607254677216799700, -0.2471754580183398700, 0.1573333610333199900 ) ) ;
#3415 = CARTESIAN_POINT ( 'NONE',  ( 0.01273105995800557500, 0.005273377697990968100, -0.5119094488188979900 ) ) ;
#3416 = ORIENTED_EDGE ( 'NONE', *, *, #1183, .T. ) ;
#3417 = EDGE_CURVE ( 'NONE', #2405, #3508, #2643, .T. ) ;
#3418 = CARTESIAN_POINT ( 'NONE',  ( -0.2553570007485754800, 0.09085696843695066600, 0.2125000000000000200 ) ) ;
#3419 = CIRCLE ( 'NONE', #2631, 0.1968503937007874400 ) ;
#3420 = ORIENTED_EDGE ( 'NONE', *, *, #230, .T. ) ;
#3421 = ORIENTED_EDGE ( 'NONE', *, *, #3124, .T. ) ;
#3422 = AXIS2_PLACEMENT_3D ( 'NONE', #4633, #587, #1687 ) ;
#3423 = EDGE_CURVE ( 'NONE', #302, #3267, #2228, .T. ) ;
#3424 = ORIENTED_EDGE ( 'NONE', *, *, #868, .F. ) ;
#3425 = DIRECTION ( 'NONE',  ( 0.0000000000000000000, 0.0000000000000000000, 1.000000000000000000 ) ) ;
#3426 = VERTEX_POINT ( 'NONE', #1124 ) ;
#3427 = AXIS2_PLACEMENT_3D ( 'NONE', #3764, #1915, #4489 ) ;
#3428 = CARTESIAN_POINT ( 'NONE',  ( -1.958790860717774500E-015, 0.01378000000000000900, 0.5709999999999998400 ) ) ;
#3429 = EDGE_CURVE ( 'NONE', #2269, #550, #3108, .T. ) ;
#3430 = PLANE ( 'NONE',  #3851 ) ;
#3431 = DIRECTION ( 'NONE',  ( -0.7071067811865490200, 0.0000000000000000000, -0.7071067811865460200 ) ) ;
#3432 = B_SPLINE_CURVE_WITH_KNOTS ( 'NONE', 3,
 ( #2748, #1984, #115, #132, #911, #4554, #487 ),
 .UNSPECIFIED., .F., .F.,
 ( 4, 3, 4 ),
 ( 2.019671278479972000E-007, 0.02140495045453186300, 0.02564998077238688600 ),
 .UNSPECIFIED. ) ;
#3433 = ORIENTED_EDGE ( 'NONE', *, *, #1722, .T. ) ;
#3434 = VECTOR ( 'NONE', #3721, 39.37007874015748100 ) ;
#3435 = ORIENTED_EDGE ( 'NONE', *, *, #2421, .F. ) ;
#3436 = DIRECTION ( 'NONE',  ( -0.0000000000000000000, -0.0000000000000000000, -1.000000000000000000 ) ) ;
#3437 = DIRECTION ( 'NONE',  ( 0.0000000000000000000, 0.0000000000000000000, -1.000000000000000000 ) ) ;
#3438 = LINE ( 'NONE', #1368, #2398 ) ;
#3439 = VERTEX_POINT ( 'NONE', #4029 ) ;
#3440 = DIRECTION ( 'NONE',  ( 0.7071067811865536800, 0.7071067811865413600, 0.0000000000000000000 ) ) ;
#3441 = CARTESIAN_POINT ( 'NONE',  ( 0.4342731380166756600, 0.4147852751271729500, 0.07013067864948406600 ) ) ;
#3442 = CIRCLE ( 'NONE', #1085, 0.6205408347023917400 ) ;
#3443 = CARTESIAN_POINT ( 'NONE',  ( -0.1963674848343154900, -0.01377999999999794300, -0.3451192619209188500 ) ) ;
#3444 = CARTESIAN_POINT ( 'NONE',  ( -0.1331458605261562100, -0.2854336669440837300, -0.7875000000000003100 ) ) ;
#3445 = ORIENTED_EDGE ( 'NONE', *, *, #3082, .F. ) ;
#3446 = LINE ( 'NONE', #4579, #2464 ) ;
#3447 = EDGE_CURVE ( 'NONE', #1643, #302, #158, .T. ) ;
#3448 = ORIENTED_EDGE ( 'NONE', *, *, #3946, .T. ) ;
#3449 = VECTOR ( 'NONE', #3141, 39.37007874015748100 ) ;
#3450 = DIRECTION ( 'NONE',  ( 0.0000000000000000000, -1.000000000000000000, 8.241323937213472200E-017 ) ) ;
#3451 = CARTESIAN_POINT ( 'NONE',  ( 0.3881974438802051600, 0.3687095809907026100, 0.7874999999999999800 ) ) ;
#3452 = CARTESIAN_POINT ( 'NONE',  ( 0.2157777746189370500, -0.5569425052557143200, 0.04700011390998477100 ) ) ;
#3453 = AXIS2_PLACEMENT_3D ( 'NONE', #1244, #851, #1577 ) ;
#3454 = ORIENTED_EDGE ( 'NONE', *, *, #1517, .F. ) ;
#3455 = EDGE_CURVE ( 'NONE', #4765, #832, #3273, .T. ) ;
#3456 = VECTOR ( 'NONE', #2637, 39.37007874015748100 ) ;
#3457 = CARTESIAN_POINT ( 'NONE',  ( 0.5598121074290577400, 0.01377999999999804600, -0.2184087708608179200 ) ) ;
#3458 = CARTESIAN_POINT ( 'NONE',  ( -2.585205476579611200E-016, -0.01378000000000000100, -0.1487517770866043600 ) ) ;
#3459 = ORIENTED_EDGE ( 'NONE', *, *, #2457, .F. ) ;
#3460 = LINE ( 'NONE', #1286, #3231 ) ;
#3461 = AXIS2_PLACEMENT_3D ( 'NONE', #861, #3804, #1595 ) ;
#3462 = CARTESIAN_POINT ( 'NONE',  ( -0.4504835972030047400, -0.4699714600924980200, 0.4292699999999997600 ) ) ;
#3463 = ORIENTED_EDGE ( 'NONE', *, *, #1292, .F. ) ;
#3464 = VECTOR ( 'NONE', #3260, 39.37007874015748100 ) ;
#3465 = VERTEX_POINT ( 'NONE', #3326 ) ;
#3466 = CARTESIAN_POINT ( 'NONE',  ( 0.1163190883529590500, 0.2448102453525945700, 0.2125000000000000200 ) ) ;
#3467 = CARTESIAN_POINT ( 'NONE',  ( 0.3965842312513615000, -0.4160720941408671000, 0.4292699999999999300 ) ) ;
#3468 = LINE ( 'NONE', #2534, #3075 ) ;
#3469 = VECTOR ( 'NONE', #1787, 39.37007874015748900 ) ;
#3470 = ORIENTED_EDGE ( 'NONE', *, *, #1392, .T. ) ;
#3471 = CARTESIAN_POINT ( 'NONE',  ( 0.01378000000000000100, 0.6317919434606597000, 0.6202694826214584200 ) ) ;
#3472 = CARTESIAN_POINT ( 'NONE',  ( 0.6441802955571317400, 0.01377999999999775200, 0.3817521014761809900 ) ) ;
#3473 = CARTESIAN_POINT ( 'NONE',  ( -0.4522476061400884100, -0.4717354690295816900, 0.5829299999999997300 ) ) ;
#3474 = CIRCLE ( 'NONE', #1247, 0.1968503937007874400 ) ;
#3475 = ORIENTED_EDGE ( 'NONE', *, *, #4712, .T. ) ;
#3476 = EDGE_CURVE ( 'NONE', #4450, #149, #2883, .T. ) ;
#3477 = ORIENTED_EDGE ( 'NONE', *, *, #1791, .T. ) ;
#3478 = PLANE ( 'NONE',  #4748 ) ;
#3479 = ORIENTED_EDGE ( 'NONE', *, *, #312, .T. ) ;
#3480 = ORIENTED_EDGE ( 'NONE', *, *, #2372, .T. ) ;
#3481 = AXIS2_PLACEMENT_3D ( 'NONE', #377, #750, #3674 ) ;
#3482 = EDGE_CURVE ( 'NONE', #3195, #2489, #1260, .T. ) ;
#3483 = DIRECTION ( 'NONE',  ( -1.000000000000000000, 0.0000000000000000000, 0.0000000000000000000 ) ) ;
#3484 = DIRECTION ( 'NONE',  ( 1.000000000000000000, 0.0000000000000000000, -0.0000000000000000000 ) ) ;
#3485 = CARTESIAN_POINT ( 'NONE',  ( -0.1076837406101433400, 0.2959804223400665000, -0.5119094488188979900 ) ) ;
#3486 = ORIENTED_EDGE ( 'NONE', *, *, #3685, .T. ) ;
#3487 = CARTESIAN_POINT ( 'NONE',  ( -0.4718382129501634300, -0.4523503500606541100, 0.7874999999999999800 ) ) ;
#3488 = AXIS2_PLACEMENT_3D ( 'NONE', #1048, #2897, #1358 ) ;
#3489 = DIRECTION ( 'NONE',  ( -1.000000000000000000, 0.0000000000000000000, 0.0000000000000000000 ) ) ;
#3490 = CARTESIAN_POINT ( 'NONE',  ( -0.1866932777871346800, 0.06241552314329209400, 0.1381789218234976700 ) ) ;
#3491 = EDGE_CURVE ( 'NONE', #1953, #4455, #4364, .T. ) ;
#3492 = CARTESIAN_POINT ( 'NONE',  ( 0.0000000000000000000, 0.0000000000000000000, 0.5709999999999997300 ) ) ;
#3493 = CARTESIAN_POINT ( 'NONE',  ( -0.005273377697990795500, 0.01273105995800553700, -0.5119094488188979900 ) ) ;
#3494 = VERTEX_POINT ( 'NONE', #17 ) ;
#3495 = LINE ( 'NONE', #1998, #4357 ) ;
#3496 = PLANE ( 'NONE',  #311 ) ;
#3497 = DIRECTION ( 'NONE',  ( 0.0000000000000000000, 0.0000000000000000000, 1.000000000000000000 ) ) ;
#3498 = ORIENTED_EDGE ( 'NONE', *, *, #2183, .F. ) ;
#3499 = CYLINDRICAL_SURFACE ( 'NONE', #4072, 0.6534999999999999700 ) ;
#3500 = DIRECTION ( 'NONE',  ( -0.9238795325112824100, 0.3826834323651000500, 0.0000000000000000000 ) ) ;
#3501 = CARTESIAN_POINT ( 'NONE',  ( 0.2553570007485760900, -0.09085696843694890400, 0.2125000000000000200 ) ) ;
#3502 = ORIENTED_EDGE ( 'NONE', *, *, #3149, .F. ) ;
#3503 = VECTOR ( 'NONE', #2601, 39.37007874015748100 ) ;
#3504 = ORIENTED_EDGE ( 'NONE', *, *, #193, .F. ) ;
#3505 = DIRECTION ( 'NONE',  ( 0.0000000000000000000, -1.000000000000000000, 0.0000000000000000000 ) ) ;
#3506 = DIRECTION ( 'NONE',  ( -1.000000000000000000, 0.0000000000000000000, 0.0000000000000000000 ) ) ;
#3507 = LINE ( 'NONE', #410, #3277 ) ;
#3508 = VERTEX_POINT ( 'NONE', #1464 ) ;
#3509 = CARTESIAN_POINT ( 'NONE',  ( -0.5607254677216748600, 0.2471754580183515000, 0.1573333610333201000 ) ) ;
#3510 = DIRECTION ( 'NONE',  ( -0.0000000000000000000, -0.0000000000000000000, -1.000000000000000000 ) ) ;
#3511 = CIRCLE ( 'NONE', #1572, 0.1968503937007875500 ) ;
#3512 = EDGE_CURVE ( 'NONE', #999, #3775, #461, .T. ) ;
#3513 = VERTEX_POINT ( 'NONE', #2581 ) ;
#3514 = DIRECTION ( 'NONE',  ( -0.7071067811865438000, 0.7071067811865512400, 0.0000000000000000000 ) ) ;
#3515 = VECTOR ( 'NONE', #105, 39.37007874015748900 ) ;
#3516 = AXIS2_PLACEMENT_3D ( 'NONE', #81, #65, #3377 ) ;
#3517 = EDGE_CURVE ( 'NONE', #2554, #1284, #400, .T. ) ;
#3518 = ORIENTED_EDGE ( 'NONE', *, *, #1814, .T. ) ;
#3519 = CIRCLE ( 'NONE', #857, 0.3149606299212597800 ) ;
#3520 = CARTESIAN_POINT ( 'NONE',  ( 0.01378000000000000100, 0.0000000000000000000, 0.0000000000000000000 ) ) ;
#3521 = CARTESIAN_POINT ( 'NONE',  ( 0.0000000000000000000, 0.0000000000000000000, 0.5709999999999997300 ) ) ;
#3522 = DIRECTION ( 'NONE',  ( -3.491481338843133000E-015, -1.000000000000000000, 0.0000000000000000000 ) ) ;
#3523 = DIRECTION ( 'NONE',  ( -0.0000000000000000000, -0.0000000000000000000, -1.000000000000000000 ) ) ;
#3524 = VERTEX_POINT ( 'NONE', #376 ) ;
#3525 = FACE_OUTER_BOUND ( 'NONE', #945, .T. ) ;
#3526 = DIRECTION ( 'NONE',  ( -1.000000000000000000, 0.0000000000000000000, 0.0000000000000000000 ) ) ;
#3527 = ORIENTED_EDGE ( 'NONE', *, *, #3845, .F. ) ;
#3528 = ADVANCED_FACE ( 'NONE', ( #4078 ), #4477, .T. ) ;
#3529 = EDGE_LOOP ( 'NONE', ( #3504, #3251, #2072, #4526 ) ) ;
#3530 = PLANE ( 'NONE',  #2054 ) ;
#3531 = CARTESIAN_POINT ( 'NONE',  ( 0.01378000000000000100, 0.0000000000000000000, 0.0000000000000000000 ) ) ;
#3532 = ORIENTED_EDGE ( 'NONE', *, *, #1762, .F. ) ;
#3533 = ORIENTED_EDGE ( 'NONE', *, *, #868, .T. ) ;
#3534 = DIRECTION ( 'NONE',  ( -1.000000000000000000, 0.0000000000000000000, 0.0000000000000000000 ) ) ;
#3535 = CARTESIAN_POINT ( 'NONE',  ( 0.005273377697990903000, -0.01273105995800554600, -0.05818856301081960800 ) ) ;
#3536 = CARTESIAN_POINT ( 'NONE',  ( 0.0000000000000000000, 0.0000000000000000000, 0.4292699999999999300 ) ) ;
#3537 = EDGE_CURVE ( 'NONE', #4626, #3938, #1775, .T. ) ;
#3538 = ORIENTED_EDGE ( 'NONE', *, *, #1109, .F. ) ;
#3539 = CARTESIAN_POINT ( 'NONE',  ( 0.07964372400582150900, -0.1802543378037908300, 0.1388230640013659000 ) ) ;
#3540 = AXIS2_PLACEMENT_3D ( 'NONE', #3649, #4030, #4732 ) ;
#3541 = EDGE_CURVE ( 'NONE', #4532, #4401, #1084, .T. ) ;
#3542 = ORIENTED_EDGE ( 'NONE', *, *, #1322, .F. ) ;
#3543 = DIRECTION ( 'NONE',  ( 1.000000000000000000, 0.0000000000000000000, 0.0000000000000000000 ) ) ;
#3544 = DIRECTION ( 'NONE',  ( 0.2705980500731003900, -0.6532814824381912900, 0.7071067811865441300 ) ) ;
#3545 = CARTESIAN_POINT ( 'NONE',  ( -0.4699714600924963500, 0.4504835972030063500, 0.4292699999999997600 ) ) ;
#3546 = VERTEX_POINT ( 'NONE', #1137 ) ;
#3547 = AXIS2_PLACEMENT_3D ( 'NONE', #4148, #1199, #1570 ) ;
#3548 = LINE ( 'NONE', #3233, #620 ) ;
#3549 = EDGE_CURVE ( 'NONE', #4455, #2377, #1657, .T. ) ;
#3550 = ADVANCED_FACE ( 'NONE', ( #1144 ), #4136, .F. ) ;
#3551 = CARTESIAN_POINT ( 'NONE',  ( -0.1963674848343151800, 0.01378000000000205800, -0.3451192619209188500 ) ) ;
#3552 = DIRECTION ( 'NONE',  ( -3.491481338843133000E-015, -1.000000000000000000, 0.0000000000000000000 ) ) ;
#3553 = ORIENTED_EDGE ( 'NONE', *, *, #1944, .F. ) ;
#3554 = CARTESIAN_POINT ( 'NONE',  ( 0.3965842312513644900, 0.4160720941408642700, 0.5709999999999997300 ) ) ;
#3555 = VECTOR ( 'NONE', #1788, 39.37007874015748900 ) ;
#3556 = CARTESIAN_POINT ( 'NONE',  ( 1.793962378875099300E-016, 3.413668146703835600E-017, 0.2124999999999999900 ) ) ;
#3557 = ORIENTED_EDGE ( 'NONE', *, *, #677, .T. ) ;
#3558 = FACE_OUTER_BOUND ( 'NONE', #133, .T. ) ;
#3559 = CARTESIAN_POINT ( 'NONE',  ( 0.1485967115756408600, -0.1291088486861410900, -0.3451192619209188500 ) ) ;
#3560 = DIRECTION ( 'NONE',  ( -1.000000000000000000, 0.0000000000000000000, 0.0000000000000000000 ) ) ;
#3561 = ORIENTED_EDGE ( 'NONE', *, *, #2976, .T. ) ;
#3562 = LINE ( 'NONE', #4184, #1950 ) ;
#3563 = EDGE_CURVE ( 'NONE', #3828, #1259, #176, .T. ) ;
#3564 = DIRECTION ( 'NONE',  ( -1.000000000000000000, 0.0000000000000000000, 0.0000000000000000000 ) ) ;
#3565 = CARTESIAN_POINT ( 'NONE',  ( -0.01378000000000000100, -0.6508600127911020600, 0.4292699999999997600 ) ) ;
#3566 = VERTEX_POINT ( 'NONE', #1526 ) ;
#3567 = CARTESIAN_POINT ( 'NONE',  ( -0.5641074005641669700, -0.2187455714286746500, 0.1021667319364034700 ) ) ;
#3568 = ORIENTED_EDGE ( 'NONE', *, *, #3812, .F. ) ;
#3569 = CARTESIAN_POINT ( 'NONE',  ( -0.01378000000000000100, 0.5114399846655512900, -0.5624723994812389500 ) ) ;
#3570 = EDGE_CURVE ( 'NONE', #4482, #4581, #1197, .T. ) ;
#3571 = CIRCLE ( 'NONE', #1535, 0.1968503937007874400 ) ;
#3572 = ADVANCED_FACE ( 'NONE', ( #2519 ), #4114, .F. ) ;
#3573 = EDGE_LOOP ( 'NONE', ( #3900, #2916, #2628, #1591, #3672, #1835, #3168 ) ) ;
#3574 = DIRECTION ( 'NONE',  ( -0.0000000000000000000, 0.0000000000000000000, -1.000000000000000000 ) ) ;
#3575 = B_SPLINE_CURVE_WITH_KNOTS ( 'NONE', 3,
 ( #4195, #2763, #1266, #2732, #568, #1237, #2031, #3137, #1983, #162 ),
 .UNSPECIFIED., .F., .F.,
 ( 4, 3, 3, 4 ),
 ( 0.06133492734094789900, 0.06259034834489450600, 0.08567412119071159100, 0.08897040903645522800 ),
 .UNSPECIFIED. ) ;
#3576 = CARTESIAN_POINT ( 'NONE',  ( 0.4741387965924537800, -0.2113100845158840100, -0.5093337319563667800 ) ) ;
#3577 = CYLINDRICAL_SURFACE ( 'NONE', #3941, 0.5747999999999999800 ) ;
#3578 = EDGE_CURVE ( 'NONE', #2425, #3734, #1435, .T. ) ;
#3579 = VERTEX_POINT ( 'NONE', #4080 ) ;
#3580 = CARTESIAN_POINT ( 'NONE',  ( 0.2448102453525940700, -0.1163190883529599300, 0.2125000000000000200 ) ) ;
#3581 = CARTESIAN_POINT ( 'NONE',  ( -0.01378000000000000100, -0.6486334454518556400, 0.4134306997790655500 ) ) ;
#3582 = CYLINDRICAL_SURFACE ( 'NONE', #828, 0.5747999999999999800 ) ;
#3583 = CARTESIAN_POINT ( 'NONE',  ( 0.2553570007485767600, 0.09085696843694712800, 0.2125000000000000200 ) ) ;
#3584 = DIRECTION ( 'NONE',  ( -1.000000000000000000, 0.0000000000000000000, 0.0000000000000000000 ) ) ;
#3585 = LINE ( 'NONE', #4076, #1914 ) ;
#3586 = ORIENTED_EDGE ( 'NONE', *, *, #1509, .F. ) ;
#3587 = CARTESIAN_POINT ( 'NONE',  ( 0.1331458605261544000, -0.2854336669440845600, -0.5119094488188979900 ) ) ;
#3588 = CARTESIAN_POINT ( 'NONE',  ( 0.0000000000000000000, 0.0000000000000000000, 0.7874999999999999800 ) ) ;
#3589 = DIRECTION ( 'NONE',  ( 0.3826834323650906700, -0.9238795325112862900, 0.0000000000000000000 ) ) ;
#3590 = FACE_OUTER_BOUND ( 'NONE', #4091, .T. ) ;
#3591 = EDGE_LOOP ( 'NONE', ( #4618, #1551, #4345, #1564 ) ) ;
#3592 = ORIENTED_EDGE ( 'NONE', *, *, #2143, .F. ) ;
#3593 = DIRECTION ( 'NONE',  ( 0.0000000000000000000, 0.0000000000000000000, 1.000000000000000000 ) ) ;
#3594 = ORIENTED_EDGE ( 'NONE', *, *, #469, .T. ) ;
#3595 = CARTESIAN_POINT ( 'NONE',  ( 0.5715419573863321800, -0.01378000000000199700, 0.7245980812128045600 ) ) ;
#3596 = CARTESIAN_POINT ( 'NONE',  ( 0.6464068730931255000, -0.01378000000000225900, 0.3975914002637311900 ) ) ;
#3597 = ADVANCED_FACE ( 'NONE', ( #2404 ), #4511, .T. ) ;
#3598 = CARTESIAN_POINT ( 'NONE',  ( -0.1963674848343154000, -0.01377999999999794700, 0.7874999999999999800 ) ) ;
#3599 = ORIENTED_EDGE ( 'NONE', *, *, #3336, .T. ) ;
#3600 = EDGE_CURVE ( 'NONE', #518, #3864, #4254, .T. ) ;
#3601 = PLANE ( 'NONE',  #1691 ) ;
#3602 = CARTESIAN_POINT ( 'NONE',  ( 0.0000000000000000000, 0.0000000000000000000, 0.7874999999999999800 ) ) ;
#3603 = DIRECTION ( 'NONE',  ( 0.0000000000000000000, -1.000000000000000000, 8.241323937213473400E-017 ) ) ;
#3604 = ORIENTED_EDGE ( 'NONE', *, *, #2614, .T. ) ;
#3605 = LINE ( 'NONE', #373, #2804 ) ;
#3606 = EDGE_CURVE ( 'NONE', #1268, #2325, #2117, .T. ) ;
#3607 = CARTESIAN_POINT ( 'NONE',  ( 0.1866932777871351300, -0.06241552314329067200, -0.7874999999999999800 ) ) ;
#3608 = VERTEX_POINT ( 'NONE', #1909 ) ;
#3609 = LINE ( 'NONE', #3777, #1651 ) ;
#3610 = PRODUCT_DEFINITION_FORMATION_WITH_SPECIFIED_SOURCE ( 'ANY', '', #3099, .NOT_KNOWN. ) ;
#3611 = ORIENTED_EDGE ( 'NONE', *, *, #3051, .F. ) ;
#3612 = DIRECTION ( 'NONE',  ( -0.0000000000000000000, -0.0000000000000000000, -1.000000000000000000 ) ) ;
#3613 = CARTESIAN_POINT ( 'NONE',  ( 0.5054711574508072800, -0.01378000000000176700, -0.6049272416039612700 ) ) ;
#3614 = EDGE_CURVE ( 'NONE', #4495, #4353, #2759, .T. ) ;
#3615 = CARTESIAN_POINT ( 'NONE',  ( -0.5678902254094916300, 0.2501431978237622100, 0.2124999999999999900 ) ) ;
#3616 = VECTOR ( 'NONE', #3360, 39.37007874015748100 ) ;
#3617 = ORIENTED_EDGE ( 'NONE', *, *, #645, .F. ) ;
#3618 = CARTESIAN_POINT ( 'NONE',  ( 0.0000000000000000000, 0.0000000000000000000, -0.5119094488188979900 ) ) ;
#3619 = CARTESIAN_POINT ( 'NONE',  ( -0.6508600127911018400, 0.01378000000000682700, 0.4292699999999997600 ) ) ;
#3620 = CIRCLE ( 'NONE', #165, 0.1968503937007874400 ) ;
#3621 = ADVANCED_FACE ( 'NONE', ( #340 ), #3964, .F. ) ;
#3622 = ORIENTED_EDGE ( 'NONE', *, *, #3606, .F. ) ;
#3623 = VECTOR ( 'NONE', #390, 39.37007874015748100 ) ;
#3624 = DIRECTION ( 'NONE',  ( 0.0000000000000000000, 0.0000000000000000000, 1.000000000000000000 ) ) ;
#3625 = EDGE_LOOP ( 'NONE', ( #3475, #1633, #25, #3424, #1840 ) ) ;
#3626 = AXIS2_PLACEMENT_3D ( 'NONE', #1596, #3849, #4244 ) ;
#3627 = VECTOR ( 'NONE', #4574, 39.37007874015748900 ) ;
#3628 = EDGE_CURVE ( 'NONE', #1620, #3914, #2996, .T. ) ;
#3629 =( BOUNDED_CURVE ( )  B_SPLINE_CURVE ( 3, ( #256, #1277, #1291, #3164 ),
 .UNSPECIFIED., .F., .F. ) 
 B_SPLINE_CURVE_WITH_KNOTS ( ( 4, 4 ),
 ( 3.117645216900681400, 3.165540090278905300 ),
 .UNSPECIFIED. ) 
 CURVE ( )  GEOMETRIC_REPRESENTATION_ITEM ( )  RATIONAL_B_SPLINE_CURVE ( ( 1.000000000000000000, 0.9998088492273599100, 0.9998088492273599100, 1.000000000000000000 ) ) 
 REPRESENTATION_ITEM ( '' )  );
#3630 = DIRECTION ( 'NONE',  ( -0.0000000000000000000, -0.0000000000000000000, -1.000000000000000000 ) ) ;
#3631 = CARTESIAN_POINT ( 'NONE',  ( 0.0000000000000000000, 0.6510058714408292200, 0.4292699999999997600 ) ) ;
#3632 = CARTESIAN_POINT ( 'NONE',  ( -0.07964372400582274400, -0.1802543378037903000, 0.1388230640013659000 ) ) ;
#3633 = ORIENTED_EDGE ( 'NONE', *, *, #4403, .T. ) ;
#3634 = FACE_OUTER_BOUND ( 'NONE', #4429, .T. ) ;
#3635 = AXIS2_PLACEMENT_3D ( 'NONE', #2272, #2986, #3361 ) ;
#3636 = DIRECTION ( 'NONE',  ( -0.9238795325112865200, 0.3826834323650904500, 1.177569344012825800E-016 ) ) ;
#3637 = CARTESIAN_POINT ( 'NONE',  ( 0.1291088486861394800, -0.1485967115756421900, -0.7874999999999999800 ) ) ;
#3638 = EDGE_CURVE ( 'NONE', #4258, #2918, #55, .T. ) ;
#3639 = ORIENTED_EDGE ( 'NONE', *, *, #4282, .T. ) ;
#3640 = VECTOR ( 'NONE', #3916, 39.37007874015748900 ) ;
#3641 = CARTESIAN_POINT ( 'NONE',  ( -0.01378000000000000100, -0.5746347984589864600, 0.4292699999999999300 ) ) ;
#3642 = ORIENTED_EDGE ( 'NONE', *, *, #3149, .T. ) ;
#3643 = EDGE_CURVE ( 'NONE', #1416, #283, #3629, .T. ) ;
#3644 = ORIENTED_EDGE ( 'NONE', *, *, #3902, .F. ) ;
#3645 = ORIENTED_EDGE ( 'NONE', *, *, #2393, .T. ) ;
#3646 = CARTESIAN_POINT ( 'NONE',  ( 0.0000000000000000000, 0.0000000000000000000, 0.5709999999999997300 ) ) ;
#3647 = ADVANCED_FACE ( 'NONE', ( #3732 ), #953, .F. ) ;
#3648 = DIRECTION ( 'NONE',  ( -0.0000000000000000000, -0.0000000000000000000, -1.000000000000000000 ) ) ;
#3649 = CARTESIAN_POINT ( 'NONE',  ( 0.0000000000000000000, 0.0000000000000000000, -0.7874999999999999800 ) ) ;
#3650 = ORIENTED_EDGE ( 'NONE', *, *, #1198, .F. ) ;
#3651 = ORIENTED_EDGE ( 'NONE', *, *, #2576, .T. ) ;
#3652 = DIRECTION ( 'NONE',  ( -1.000000000000000000, 0.0000000000000000000, 0.0000000000000000000 ) ) ;
#3653 = EDGE_LOOP ( 'NONE', ( #3285, #1250, #1672, #161 ) ) ;
#3654 = EDGE_CURVE ( 'NONE', #3385, #2273, #3045, .T. ) ;
#3655 = CARTESIAN_POINT ( 'NONE',  ( 0.01378000000000000100, -0.6321386216990705400, 0.6196691518083300400 ) ) ;
#3656 = PERSON_AND_ORGANIZATION_ROLE ( 'design_owner' ) ;
#3657 = ORIENTED_EDGE ( 'NONE', *, *, #1849, .F. ) ;
#3658 = DIRECTION ( 'NONE',  ( 1.000000000000000000, 0.0000000000000000000, -0.0000000000000000000 ) ) ;
#3659 = CARTESIAN_POINT ( 'NONE',  ( 0.6533546981540731000, 0.01377999999999771900, 0.5829299999999997300 ) ) ;
#3660 = VECTOR ( 'NONE', #1628, 39.37007874015748100 ) ;
#3661 = CARTESIAN_POINT ( 'NONE',  ( 0.0000000000000000000, 0.0000000000000000000, 0.4292699999999997600 ) ) ;
#3662 = CARTESIAN_POINT ( 'NONE',  ( 0.0000000000000000000, 0.6510058714408292200, 0.4292699999999997600 ) ) ;
#3663 = EDGE_CURVE ( 'NONE', #552, #2709, #112, .T. ) ;
#3664 = EDGE_LOOP ( 'NONE', ( #2387, #251, #877, #174 ) ) ;
#3665 = CONICAL_SURFACE ( 'NONE', #4558, 0.6534999999999999700, 0.5235987755982998100 ) ;
#3666 = CARTESIAN_POINT ( 'NONE',  ( -0.6019970751657594000, 0.01378000000000630600, 0.08167154250216608600 ) ) ;
#3667 = ORIENTED_EDGE ( 'NONE', *, *, #572, .F. ) ;
#3668 = ADVANCED_FACE ( 'NONE', ( #680 ), #4256, .T. ) ;
#3669 = AXIS2_PLACEMENT_3D ( 'NONE', #3521, #2786, #4278 ) ;
#3670 = FACE_OUTER_BOUND ( 'NONE', #4575, .T. ) ;
#3671 = EDGE_CURVE ( 'NONE', #2951, #1730, #3446, .T. ) ;
#3672 = ORIENTED_EDGE ( 'NONE', *, *, #3578, .F. ) ;
#3673 = LINE ( 'NONE', #2454, #2703 ) ;
#3674 = DIRECTION ( 'NONE',  ( -1.000000000000000000, 0.0000000000000000000, 0.0000000000000000000 ) ) ;
#3675 = VERTEX_POINT ( 'NONE', #3910 ) ;
#3676 = CIRCLE ( 'NONE', #1996, 0.5748000000000000900 ) ;
#3677 = ORIENTED_EDGE ( 'NONE', *, *, #3563, .T. ) ;
#3678 = CARTESIAN_POINT ( 'NONE',  ( -0.5746347984589865700, -0.01377999999999399100, 0.5709999999999997300 ) ) ;
#3679 = LINE ( 'NONE', #2923, #3623 ) ;
#3680 = ORIENTED_EDGE ( 'NONE', *, *, #2713, .T. ) ;
#3681 = CARTESIAN_POINT ( 'NONE',  ( -0.3965568401538183700, 0.4160447030433295200, 0.7193110215654288100 ) ) ;
#3682 = VECTOR ( 'NONE', #1342, 39.37007874015748100 ) ;
#3683 = AXIS2_PLACEMENT_3D ( 'NONE', #59, #367, #726 ) ;
#3684 = EDGE_LOOP ( 'NONE', ( #2946, #815, #2349, #1783, #4548, #2374, #690 ) ) ;
#3685 = EDGE_CURVE ( 'NONE', #2382, #1057, #4309, .T. ) ;
#3686 = CARTESIAN_POINT ( 'NONE',  ( -0.5176236959681912400, -0.01377999999999458000, -0.5184886000649031600 ) ) ;
#3687 = PLANE ( 'NONE',  #4578 ) ;
#3688 = FACE_OUTER_BOUND ( 'NONE', #2367, .T. ) ;
#3689 = ADVANCED_FACE ( 'NONE', ( #4014 ), #2513, .T. ) ;
#3690 = CARTESIAN_POINT ( 'NONE',  ( 0.1963674848343152900, -0.01378000000000068600, -0.3451192619209188500 ) ) ;
#3691 = DIRECTION ( 'NONE',  ( -1.000000000000000000, 0.0000000000000000000, 0.0000000000000000000 ) ) ;
#3692 = EDGE_LOOP ( 'NONE', ( #1755, #3903, #3068, #3995, #322, #761, #2144 ) ) ;
#3693 = VECTOR ( 'NONE', #2222, 39.37007874015748900 ) ;
#3694 = AXIS2_PLACEMENT_3D ( 'NONE', #439, #454, #3039 ) ;
#3695 = CARTESIAN_POINT ( 'NONE',  ( 0.0000000000000000000, 0.0000000000000000000, 0.5829299999999997300 ) ) ;
#3696 = DIRECTION ( 'NONE',  ( -0.0000000000000000000, -0.0000000000000000000, -1.000000000000000000 ) ) ;
#3697 = CARTESIAN_POINT ( 'NONE',  ( -0.2187455714286805400, 0.5641074005641646400, 0.1021667319364034700 ) ) ;
#3698 = EDGE_CURVE ( 'NONE', #4607, #1804, #1376, .T. ) ;
#3699 = ORIENTED_EDGE ( 'NONE', *, *, #3095, .F. ) ;
#3700 = CARTESIAN_POINT ( 'NONE',  ( -0.6321386216990704200, 0.01378000000000662400, 0.6196691518083300400 ) ) ;
#3701 = ORIENTED_EDGE ( 'NONE', *, *, #2819, .T. ) ;
#3702 =( GEOMETRIC_REPRESENTATION_CONTEXT ( 3 ) GLOBAL_UNCERTAINTY_ASSIGNED_CONTEXT ( ( #2358 ) ) GLOBAL_UNIT_ASSIGNED_CONTEXT ( ( #4603, #2400, #2337 ) ) REPRESENTATION_CONTEXT ( 'NONE', 'WORKASPACE' ) );
#3703 = ORIENTED_EDGE ( 'NONE', *, *, #2648, .F. ) ;
#3704 = CARTESIAN_POINT ( 'NONE',  ( 0.0000000000000000000, 0.0000000000000000000, -0.5119094488188979900 ) ) ;
#3705 = ORIENTED_EDGE ( 'NONE', *, *, #3087, .F. ) ;
#3706 = EDGE_LOOP ( 'NONE', ( #4723, #956, #4205, #3846 ) ) ;
#3707 = CARTESIAN_POINT ( 'NONE',  ( 0.01378000000000000100, -0.6533546981540731000, 0.5709999999999997300 ) ) ;
#3708 = PLANE ( 'NONE',  #1639 ) ;
#3709 = DIRECTION ( 'NONE',  ( -0.0000000000000000000, -0.0000000000000000000, -1.000000000000000000 ) ) ;
#3710 = DIRECTION ( 'NONE',  ( 0.0000000000000000000, 0.0000000000000000000, -1.000000000000000000 ) ) ;
#3711 = DIRECTION ( 'NONE',  ( -0.3826834323650906700, 0.9238795325112862900, 0.0000000000000000000 ) ) ;
#3712 = VERTEX_POINT ( 'NONE', #2825 ) ;
#3713 =( BOUNDED_CURVE ( )  B_SPLINE_CURVE ( 3, ( #2734, #3074, #180, #896 ),
 .UNSPECIFIED., .F., .F. ) 
 B_SPLINE_CURVE_WITH_KNOTS ( ( 4, 4 ),
 ( -1.065814103640150300E-014, 0.07005969898995090300 ),
 .UNSPECIFIED. ) 
 CURVE ( )  GEOMETRIC_REPRESENTATION_ITEM ( )  RATIONAL_B_SPLINE_CURVE ( ( 1.000000000000000000, 0.9995910117061515000, 0.9995910117061515000, 1.000000000000000000 ) ) 
 REPRESENTATION_ITEM ( '' )  );
#3714 = LOCAL_TIME ( 10, 25, 45.00000000000000000, #4352 ) ;
#3715 = ADVANCED_FACE ( 'NONE', ( #2574 ), #2396, .T. ) ;
#3716 = CARTESIAN_POINT ( 'NONE',  ( -0.2959804223400676100, -0.1076837406101402400, -0.5119094488188979900 ) ) ;
#3717 = ORIENTED_EDGE ( 'NONE', *, *, #2741, .F. ) ;
#3718 = EDGE_CURVE ( 'NONE', #705, #4360, #2460, .T. ) ;
#3719 = LINE ( 'NONE', #3293, #2630 ) ;
#3720 = ORIENTED_EDGE ( 'NONE', *, *, #409, .F. ) ;
#3721 = DIRECTION ( 'NONE',  ( 0.0000000000000000000, -1.000000000000000000, 0.0000000000000000000 ) ) ;
#3722 = CARTESIAN_POINT ( 'NONE',  ( 0.6508600127911020600, -0.01378000000000228300, 0.4292699999999997600 ) ) ;
#3723 = DIRECTION ( 'NONE',  ( -1.000000000000000000, 0.0000000000000000000, 0.0000000000000000000 ) ) ;
#3724 = B_SPLINE_CURVE_WITH_KNOTS ( 'NONE', 3,
 ( #1640, #175, #2412, #2758, #2362, #3509, #2742 ),
 .UNSPECIFIED., .F., .F.,
 ( 4, 3, 4 ),
 ( 2.019671278339852300E-007, 0.02140495045453186300, 0.02564998077238689000 ),
 .UNSPECIFIED. ) ;
#3725 = CARTESIAN_POINT ( 'NONE',  ( -0.1291088486861415900, -0.1485967115756404200, -0.3451192619209188500 ) ) ;
#3726 = VECTOR ( 'NONE', #2541, 39.37007874015748900 ) ;
#3727 = AXIS2_PLACEMENT_3D ( 'NONE', #2654, #3040, #97 ) ;
#3728 = EDGE_CURVE ( 'NONE', #4532, #1205, #1592, .T. ) ;
#3729 = VERTEX_POINT ( 'NONE', #2774 ) ;
#3730 = CARTESIAN_POINT ( 'NONE',  ( 0.1291088486861393900, -0.1485967115756421100, 0.7874999999999999800 ) ) ;
#3731 = DIRECTION ( 'NONE',  ( -1.000000000000000000, 0.0000000000000000000, 0.0000000000000000000 ) ) ;
#3732 = FACE_OUTER_BOUND ( 'NONE', #1895, .T. ) ;
#3733 = AXIS2_PLACEMENT_3D ( 'NONE', #984, #4313, #4331 ) ;
#3734 = VERTEX_POINT ( 'NONE', #969 ) ;
#3735 = EDGE_CURVE ( 'NONE', #3085, #2458, #513, .T. ) ;
#3736 = DIRECTION ( 'NONE',  ( -1.000000000000000000, 0.0000000000000000000, 0.0000000000000000000 ) ) ;
#3737 = CARTESIAN_POINT ( 'NONE',  ( 0.3628693587064268900, 0.3433814958169243400, -0.6481465455388577500 ) ) ;
#3738 = FACE_OUTER_BOUND ( 'NONE', #1134, .T. ) ;
#3739 = VERTEX_POINT ( 'NONE', #3177 ) ;
#3740 = VECTOR ( 'NONE', #1465, 39.37007874015748100 ) ;
#3741 = DIRECTION ( 'NONE',  ( 0.0000000000000000000, 0.0000000000000000000, -1.000000000000000000 ) ) ;
#3742 = ORIENTED_EDGE ( 'NONE', *, *, #1632, .T. ) ;
#3743 = VECTOR ( 'NONE', #2133, 39.37007874015748100 ) ;
#3744 = DIRECTION ( 'NONE',  ( -0.0000000000000000000, -0.0000000000000000000, -1.000000000000000000 ) ) ;
#3745 = CARTESIAN_POINT ( 'NONE',  ( 0.4799999999999999800, 0.0000000000000000000, -0.7875000000000005300 ) ) ;
#3746 = CARTESIAN_POINT ( 'NONE',  ( -0.4160720941408601000, 0.3965842312513688800, 0.5709999999999997300 ) ) ;
#3747 = CARTESIAN_POINT ( 'NONE',  ( -0.3157590042756639500, 0.3352468671651686600, 0.4292699999999997600 ) ) ;
#3748 = ORIENTED_EDGE ( 'NONE', *, *, #3388, .T. ) ;
#3749 = LINE ( 'NONE', #4311, #3981 ) ;
#3750 = CARTESIAN_POINT ( 'NONE',  ( 0.3965568401538240900, 0.4160447030433239200, 0.7193110215654288100 ) ) ;
#3751 = ORIENTED_EDGE ( 'NONE', *, *, #960, .T. ) ;
#3752 = FACE_OUTER_BOUND ( 'NONE', #3625, .T. ) ;
#3753 = AXIS2_PLACEMENT_3D ( 'NONE', #3239, #1771, #4670 ) ;
#3754 = EDGE_CURVE ( 'NONE', #1462, #3508, #2699, .T. ) ;
#3755 = ORIENTED_EDGE ( 'NONE', *, *, #2308, .T. ) ;
#3756 = CARTESIAN_POINT ( 'NONE',  ( -0.6533546981540732100, -0.01377999999999315700, 0.5709999999999997300 ) ) ;
#3757 = DIRECTION ( 'NONE',  ( -0.3826834323650969400, -0.9238795325112838500, 0.0000000000000000000 ) ) ;
#3758 = ORIENTED_EDGE ( 'NONE', *, *, #3549, .T. ) ;
#3759 = ORIENTED_EDGE ( 'NONE', *, *, #252, .F. ) ;
#3760 = CARTESIAN_POINT ( 'NONE',  ( -0.01273105995800552900, 0.005273377697990948100, -0.05818856301081960800 ) ) ;
#3761 = CARTESIAN_POINT ( 'NONE',  ( 0.0000000000000000000, 0.0000000000000000000, 0.5709999999999997300 ) ) ;
#3762 = CARTESIAN_POINT ( 'NONE',  ( 0.0000000000000000000, 0.0000000000000000000, 0.7874999999999999800 ) ) ;
#3763 = EDGE_CURVE ( 'NONE', #52, #3011, #1995, .T. ) ;
#3764 = CARTESIAN_POINT ( 'NONE',  ( 0.0000000000000000000, 0.0000000000000000000, -0.5119094488188979900 ) ) ;
#3765 = CARTESIAN_POINT ( 'NONE',  ( -0.4846855519884346000, 0.1858479645998764600, -0.5093337319563663300 ) ) ;
#3766 = EDGE_LOOP ( 'NONE', ( #489, #2406, #457, #2260, #1994, #2017, #1974, #4649, #1071 ) ) ;
#3767 = ORIENTED_EDGE ( 'NONE', *, *, #3207, .F. ) ;
#3768 = B_SPLINE_CURVE_WITH_KNOTS ( 'NONE', 3,
 ( #569, #2764, #3850, #4229, #4606, #3899, #1646 ),
 .UNSPECIFIED., .F., .F.,
 ( 4, 3, 4 ),
 ( 0.01720927585499634100, 0.01997680622546083000, 0.02320959703650939800 ),
 .UNSPECIFIED. ) ;
#3769 = ORIENTED_EDGE ( 'NONE', *, *, #1336, .T. ) ;
#3770 = CARTESIAN_POINT ( 'NONE',  ( 0.06432374643454300000, 0.04155913267586483500, -0.7875000000000003100 ) ) ;
#3771 = DIRECTION ( 'NONE',  ( -0.0000000000000000000, -0.0000000000000000000, -1.000000000000000000 ) ) ;
#3772 = PERSON_AND_ORGANIZATION ( #4238, #2394 ) ;
#3773 = DIRECTION ( 'NONE',  ( -0.0000000000000000000, -0.0000000000000000000, -1.000000000000000000 ) ) ;
#3774 = DIRECTION ( 'NONE',  ( -1.000000000000000000, 0.0000000000000000000, 0.0000000000000000000 ) ) ;
#3775 = VERTEX_POINT ( 'NONE', #4672 ) ;
#3776 = LINE ( 'NONE', #2651, #724 ) ;
#3777 = CARTESIAN_POINT ( 'NONE',  ( 0.3965842312513644400, 0.4160720941408643800, -0.7874999999999999800 ) ) ;
#3778 = CARTESIAN_POINT ( 'NONE',  ( 0.01378000000000000100, 0.5886652489448935800, 0.6949477634693345100 ) ) ;
#3779 = PLANE ( 'NONE',  #1542 ) ;
#3780 = DIRECTION ( 'NONE',  ( 0.0000000000000000000, 1.000000000000000000, 0.0000000000000000000 ) ) ;
#3781 = VERTEX_POINT ( 'NONE', #1742 ) ;
#3782 = VECTOR ( 'NONE', #976, 39.37007874015748100 ) ;
#3783 = CARTESIAN_POINT ( 'NONE',  ( 0.009743931444750757900, 0.009743931444750494200, -0.1487517770866043600 ) ) ;
#3784 = AXIS2_PLACEMENT_3D ( 'NONE', #2322, #2652, #1188 ) ;
#3785 = EDGE_CURVE ( 'NONE', #3023, #4628, #1139, .T. ) ;
#3786 = VERTEX_POINT ( 'NONE', #666 ) ;
#3787 = VECTOR ( 'NONE', #3855, 39.37007874015748100 ) ;
#3788 = DIRECTION ( 'NONE',  ( 0.0000000000000000000, 0.7071067811865460200, -0.7071067811865490200 ) ) ;
#3789 = ORIENTED_EDGE ( 'NONE', *, *, #3967, .T. ) ;
#3790 = FACE_OUTER_BOUND ( 'NONE', #2119, .T. ) ;
#3791 = EDGE_CURVE ( 'NONE', #391, #1191, #2815, .T. ) ;
#3792 = ORIENTED_EDGE ( 'NONE', *, *, #4131, .T. ) ;
#3793 = CARTESIAN_POINT ( 'NONE',  ( 0.009743931444750664200, 0.009743931444750587900, -0.1487517770866043600 ) ) ;
#3794 = CARTESIAN_POINT ( 'NONE',  ( 0.4993947684522552800, -0.01378000000000174600, -0.6481465455388575300 ) ) ;
#3795 = CARTESIAN_POINT ( 'NONE',  ( 0.3965842312513644400, 0.4160720941408643800, 0.4292699999999999300 ) ) ;
#3796 = LINE ( 'NONE', #2642, #1442 ) ;
#3797 = B_SPLINE_CURVE_WITH_KNOTS ( 'NONE', 3,
 ( #2014, #4194, #1311, #3120, #4568, #909, #1982 ),
 .UNSPECIFIED., .F., .F.,
 ( 4, 3, 4 ),
 ( 2.019671278479972000E-007, 0.02140495045453186300, 0.02564998077238688600 ),
 .UNSPECIFIED. ) ;
#3798 = CC_DESIGN_SECURITY_CLASSIFICATION ( #2629, ( #3610 ) ) ;
#3799 = AXIS2_PLACEMENT_3D ( 'NONE', #1758, #1388, #1773 ) ;
#3800 = VERTEX_POINT ( 'NONE', #3241 ) ;
#3801 = DIRECTION ( 'NONE',  ( 1.000000000000000000, 0.0000000000000000000, -0.0000000000000000000 ) ) ;
#3802 = LINE ( 'NONE', #1876, #1734 ) ;
#3803 = ORIENTED_EDGE ( 'NONE', *, *, #2852, .T. ) ;
#3804 = DIRECTION ( 'NONE',  ( -0.0000000000000000000, -0.0000000000000000000, -1.000000000000000000 ) ) ;
#3805 = CONICAL_SURFACE ( 'NONE', #2428, 0.6534999999999999700, 0.5235987755982998100 ) ;
#3806 = DIRECTION ( 'NONE',  ( -0.7071067811865536800, -0.7071067811865413600, 0.0000000000000000000 ) ) ;
#3807 = ORIENTED_EDGE ( 'NONE', *, *, #4580, .T. ) ;
#3808 = VECTOR ( 'NONE', #500, 39.37007874015748900 ) ;
#3809 = DIRECTION ( 'NONE',  ( 1.047444401652940000E-014, 1.000000000000000000, 0.0000000000000000000 ) ) ;
#3810 = DIRECTION ( 'NONE',  ( -1.000000000000000000, 0.0000000000000000000, 0.0000000000000000000 ) ) ;
#3811 = ORIENTED_EDGE ( 'NONE', *, *, #2159, .T. ) ;
#3812 = EDGE_CURVE ( 'NONE', #4192, #3980, #515, .T. ) ;
#3813 = DIRECTION ( 'NONE',  ( 0.0000000000000000000, 0.0000000000000000000, 1.000000000000000000 ) ) ;
#3814 = CYLINDRICAL_SURFACE ( 'NONE', #1806, 0.5747999999999999800 ) ;
#3815 = ORIENTED_EDGE ( 'NONE', *, *, #334, .T. ) ;
#3816 = ADVANCED_FACE ( 'NONE', ( #4193 ), #1035, .T. ) ;
#3817 = AXIS2_PLACEMENT_3D ( 'NONE', #2105, #2861, #982 ) ;
#3818 = EDGE_CURVE ( 'NONE', #1284, #2671, #51, .T. ) ;
#3819 = LINE ( 'NONE', #1230, #1750 ) ;
#3820 = ORIENTED_EDGE ( 'NONE', *, *, #4163, .F. ) ;
#3821 = ORIENTED_EDGE ( 'NONE', *, *, #1654, .T. ) ;
#3822 = VERTEX_POINT ( 'NONE', #2107 ) ;
#3823 = CARTESIAN_POINT ( 'NONE',  ( 0.3985731588994214600, 0.3790852960099188000, -0.2890083133193887000 ) ) ;
#3824 = CARTESIAN_POINT ( 'NONE',  ( 0.0000000000000000000, 0.0000000000000000000, 0.5709999999999997300 ) ) ;
#3825 = EDGE_CURVE ( 'NONE', #835, #209, #2724, .T. ) ;
#3826 = DIRECTION ( 'NONE',  ( -1.000000000000000000, 0.0000000000000000000, 0.0000000000000000000 ) ) ;
#3827 = DIRECTION ( 'NONE',  ( -0.0000000000000000000, -0.0000000000000000000, -1.000000000000000000 ) ) ;
#3828 = VERTEX_POINT ( 'NONE', #3991 ) ;
#3829 = APPROVAL_DATE_TIME ( #43, #2378 ) ;
#3830 = CARTESIAN_POINT ( 'NONE',  ( 0.01378000000000000100, -0.5897053234851350500, 0.6931467940284670200 ) ) ;
#3831 = ORIENTED_EDGE ( 'NONE', *, *, #4580, .F. ) ;
#3832 = DIRECTION ( 'NONE',  ( -1.000000000000000000, 0.0000000000000000000, 0.0000000000000000000 ) ) ;
#3833 = CARTESIAN_POINT ( 'NONE',  ( 0.5678902254094934100, -0.2501431978237583200, 0.2124999999999999900 ) ) ;
#3834 = LINE ( 'NONE', #1058, #1021 ) ;
#3835 = VERTEX_POINT ( 'NONE', #3258 ) ;
#3836 = CARTESIAN_POINT ( 'NONE',  ( 0.0000000000000000000, 0.0000000000000000000, -0.7874999999999999800 ) ) ;
#3837 = VECTOR ( 'NONE', #315, 39.37007874015748100 ) ;
#3838 = ADVANCED_FACE ( 'NONE', ( #3670 ), #3961, .F. ) ;
#3839 = DIRECTION ( 'NONE',  ( 1.000000000000000000, 0.0000000000000000000, 0.0000000000000000000 ) ) ;
#3840 = DIRECTION ( 'NONE',  ( 1.000000000000000000, 0.0000000000000000000, 5.502957744461820500E-017 ) ) ;
#3841 = ORIENTED_EDGE ( 'NONE', *, *, #618, .T. ) ;
#3842 = DIRECTION ( 'NONE',  ( -0.9238795325112876300, -0.3826834323650873900, 0.0000000000000000000 ) ) ;
#3843 = VECTOR ( 'NONE', #2305, 39.37007874015748900 ) ;
#3844 = AXIS2_PLACEMENT_3D ( 'NONE', #374, #748, #733 ) ;
#3845 = EDGE_CURVE ( 'NONE', #3852, #139, #4421, .T. ) ;
#3846 = ORIENTED_EDGE ( 'NONE', *, *, #1428, .T. ) ;
#3847 = VECTOR ( 'NONE', #3046, 39.37007874015748100 ) ;
#3848 = CARTESIAN_POINT ( 'NONE',  ( 0.0000000000000000000, 0.0000000000000000000, 0.5829299999999997300 ) ) ;
#3849 = DIRECTION ( 'NONE',  ( 0.3826834323650810700, -0.9238795325112904000, 1.177569344012825800E-016 ) ) ;
#3850 = CARTESIAN_POINT ( 'NONE',  ( -0.5715419573863322900, -0.01377999999999401400, 0.7245980812128047800 ) ) ;
#3851 = AXIS2_PLACEMENT_3D ( 'NONE', #2721, #3096, #170 ) ;
#3852 = VERTEX_POINT ( 'NONE', #1389 ) ;
#3853 = EDGE_CURVE ( 'NONE', #257, #4694, #623, .T. ) ;
#3854 = LINE ( 'NONE', #4481, #865 ) ;
#3855 = DIRECTION ( 'NONE',  ( -0.0000000000000000000, -0.0000000000000000000, -1.000000000000000000 ) ) ;
#3856 = CARTESIAN_POINT ( 'NONE',  ( 0.01378000000000000100, 0.6533546981540731000, 0.5829299999999997300 ) ) ;
#3857 = CARTESIAN_POINT ( 'NONE',  ( 0.3565311612989942600, -0.3500339650584163300, -0.6483687692838568900 ) ) ;
#3858 = CARTESIAN_POINT ( 'NONE',  ( -0.01378000000000000100, -0.1963674848343153200, -0.7874999999999999800 ) ) ;
#3859 = ORIENTED_EDGE ( 'NONE', *, *, #4104, .T. ) ;
#3860 = VECTOR ( 'NONE', #4156, 39.37007874015748100 ) ;
#3861 = B_SPLINE_CURVE_WITH_KNOTS ( 'NONE', 3,
 ( #1364, #3576, #1377, #2094, #2111, #4320, #4676 ),
 .UNSPECIFIED., .F., .F.,
 ( 4, 3, 4 ),
 ( 2.019671278339852300E-007, 0.02140495045453186300, 0.02564998077238688600 ),
 .UNSPECIFIED. ) ;
#3862 = EDGE_CURVE ( 'NONE', #3734, #1704, #3442, .T. ) ;
#3863 = CARTESIAN_POINT ( 'NONE',  ( 0.0000000000000000000, 0.0000000000000000000, 0.5709999999999997300 ) ) ;
#3864 = VERTEX_POINT ( 'NONE', #4736 ) ;
#3865 = DIRECTION ( 'NONE',  ( -1.000000000000000000, 0.0000000000000000000, 0.0000000000000000000 ) ) ;
#3866 = LINE ( 'NONE', #4284, #594 ) ;
#3867 = ORIENTED_EDGE ( 'NONE', *, *, #2678, .F. ) ;
#3868 = CARTESIAN_POINT ( 'NONE',  ( -0.1076837406101452100, -0.2959804223400658300, -0.7875000000000003100 ) ) ;
#3869 = DIRECTION ( 'NONE',  ( -0.0000000000000000000, -0.0000000000000000000, -1.000000000000000000 ) ) ;
#3870 = LINE ( 'NONE', #4048, #759 ) ;
#3871 = ORIENTED_EDGE ( 'NONE', *, *, #136, .T. ) ;
#3872 = DIRECTION ( 'NONE',  ( -0.0000000000000000000, -0.0000000000000000000, -1.000000000000000000 ) ) ;
#3873 = PLANE ( 'NONE',  #1025 ) ;
#3874 = DIRECTION ( 'NONE',  ( -0.9238795325112850700, 0.3826834323650936100, 0.0000000000000000000 ) ) ;
#3875 = CARTESIAN_POINT ( 'NONE',  ( -0.005273377697990995800, -0.01273105995800551800, -1.074502747390032500E-033 ) ) ;
#3876 = ORIENTED_EDGE ( 'NONE', *, *, #859, .F. ) ;
#3877 = EDGE_CURVE ( 'NONE', #1743, #2677, #2113, .T. ) ;
#3878 = VERTEX_POINT ( 'NONE', #2137 ) ;
#3879 = ORIENTED_EDGE ( 'NONE', *, *, #4220, .T. ) ;
#3880 = CARTESIAN_POINT ( 'NONE',  ( 0.2448102453525940700, -0.1163190883529599300, 0.2125000000000000200 ) ) ;
#3881 = ORIENTED_EDGE ( 'NONE', *, *, #312, .F. ) ;
#3882 = EDGE_CURVE ( 'NONE', #1387, #3494, #1374, .T. ) ;
#3883 = DIRECTION ( 'NONE',  ( 0.2705980500731049500, 0.6532814824381892900, 0.7071067811865441300 ) ) ;
#3884 = PLANE ( 'NONE',  #1911 ) ;
#3885 = VERTEX_POINT ( 'NONE', #394 ) ;
#3886 = CALENDAR_DATE ( 2021, 14, 9 ) ;
#3887 = AXIS2_PLACEMENT_3D ( 'NONE', #540, #2342, #4541 ) ;
#3888 = CARTESIAN_POINT ( 'NONE',  ( -0.1163190883529607600, -0.2448102453525937400, 0.2125000000000000200 ) ) ;
#3889 = CARTESIAN_POINT ( 'NONE',  ( -0.1331458605261544000, 0.2854336669440845600, -0.5119094488188979900 ) ) ;
#3890 = EDGE_CURVE ( 'NONE', #417, #1776, #2344, .T. ) ;
#3891 = ADVANCED_FACE ( 'NONE', ( #3215 ), #3271, .T. ) ;
#3892 = DIRECTION ( 'NONE',  ( -0.0000000000000000000, 0.0000000000000000000, -1.000000000000000000 ) ) ;
#3893 = DIRECTION ( 'NONE',  ( 0.9238795325112902900, 0.3826834323650810100, 0.0000000000000000000 ) ) ;
#3894 = ORIENTED_EDGE ( 'NONE', *, *, #4712, .F. ) ;
#3895 = VECTOR ( 'NONE', #3500, 39.37007874015748900 ) ;
#3896 = ORIENTED_EDGE ( 'NONE', *, *, #645, .T. ) ;
#3897 = VECTOR ( 'NONE', #1635, 39.37007874015748100 ) ;
#3898 = CARTESIAN_POINT ( 'NONE',  ( 0.01273105995800552900, 0.005273377697990947300, -0.05818856301081960800 ) ) ;
#3899 = CARTESIAN_POINT ( 'NONE',  ( -0.6321386216990707600, -0.01377999999999337900, 0.6196691518083300400 ) ) ;
#3900 = ORIENTED_EDGE ( 'NONE', *, *, #1400, .F. ) ;
#3901 = VECTOR ( 'NONE', #1677, 39.37007874015748100 ) ;
#3902 = EDGE_CURVE ( 'NONE', #1332, #654, #1026, .T. ) ;
#3903 = ORIENTED_EDGE ( 'NONE', *, *, #3754, .T. ) ;
#3904 = CARTESIAN_POINT ( 'NONE',  ( -0.1837756819228165100, 0.07114244727588718600, 0.1388230640013659300 ) ) ;
#3905 = CARTESIAN_POINT ( 'NONE',  ( -0.5352140900139533700, 0.01378000000000560700, 0.7874999999999999800 ) ) ;
#3906 = LINE ( 'NONE', #1702, #1660 ) ;
#3907 = ORIENTED_EDGE ( 'NONE', *, *, #4191, .F. ) ;
#3908 = CARTESIAN_POINT ( 'NONE',  ( 0.009743931444750745700, 0.009743931444750506300, 0.0000000000000000000 ) ) ;
#3909 = AXIS2_PLACEMENT_3D ( 'NONE', #3536, #576, #2022 ) ;
#3910 = CARTESIAN_POINT ( 'NONE',  ( 0.6533546981540731000, -0.01378000000000228300, 0.5709999999999997300 ) ) ;
#3911 = LINE ( 'NONE', #1863, #3169 ) ;
#3912 = EDGE_CURVE ( 'NONE', #4273, #1515, #1885, .T. ) ;
#3913 = ADVANCED_FACE ( 'NONE', ( #4651 ), #1469, .T. ) ;
#3914 = VERTEX_POINT ( 'NONE', #4440 ) ;
#3915 = APPLICATION_PROTOCOL_DEFINITION ( 'international standard', 'config_control_design', 1994, #1710 ) ;
#3916 = DIRECTION ( 'NONE',  ( -0.3826834323650906700, 0.9238795325112864100, -8.920344749722869000E-017 ) ) ;
#3917 = CIRCLE ( 'NONE', #3974, 0.4799999999999999800 ) ;
#3918 = CARTESIAN_POINT ( 'NONE',  ( 0.3352468671651652200, 0.3157590042756582300, 0.4292699999999997600 ) ) ;
#3919 = AXIS2_PLACEMENT_3D ( 'NONE', #3492, #1285, #2442 ) ;
#3920 = EDGE_CURVE ( 'NONE', #545, #3055, #172, .T. ) ;
#3921 = ORIENTED_EDGE ( 'NONE', *, *, #1573, .T. ) ;
#3922 = CIRCLE ( 'NONE', #222, 0.4799999999999999800 ) ;
#3923 = CARTESIAN_POINT ( 'NONE',  ( 0.0000000000000000000, 0.0000000000000000000, 0.5829299999999997300 ) ) ;
#3924 = DIRECTION ( 'NONE',  ( 0.4999999999999928900, -0.5000000000000050000, -0.7071067811865490200 ) ) ;
#3925 = DIRECTION ( 'NONE',  ( 0.7071067811865489100, -2.468850131082270500E-015, -0.7071067811865460200 ) ) ;
#3926 = DIRECTION ( 'NONE',  ( 0.0000000000000000000, 0.0000000000000000000, -1.000000000000000000 ) ) ;
#3927 = ORIENTED_EDGE ( 'NONE', *, *, #3628, .T. ) ;
#3928 = CYLINDRICAL_SURFACE ( 'NONE', #1232, 0.5747999999999999800 ) ;
#3929 = CARTESIAN_POINT ( 'NONE',  ( 0.0000000000000000000, 0.0000000000000000000, 0.5709999999999997300 ) ) ;
#3930 = CARTESIAN_POINT ( 'NONE',  ( 0.01378000000000000100, -0.6019970751657596200, 0.08167154250216608600 ) ) ;
#3931 = ORIENTED_EDGE ( 'NONE', *, *, #1272, .T. ) ;
#3932 = LINE ( 'NONE', #1029, #3131 ) ;
#3933 = VECTOR ( 'NONE', #2205, 39.37007874015748100 ) ;
#3934 = CARTESIAN_POINT ( 'NONE',  ( 0.1360549596744115900, -0.1425615551914079500, -0.3457634040987869800 ) ) ;
#3935 = ORIENTED_EDGE ( 'NONE', *, *, #1870, .T. ) ;
#3936 = CIRCLE ( 'NONE', #268, 0.4799999999999999800 ) ;
#3937 = ORIENTED_EDGE ( 'NONE', *, *, #4525, .F. ) ;
#3938 = VERTEX_POINT ( 'NONE', #3678 ) ;
#3939 = DIRECTION ( 'NONE',  ( 0.0000000000000000000, 0.0000000000000000000, -1.000000000000000000 ) ) ;
#3940 = ADVANCED_FACE ( 'NONE', ( #3327 ), #2226, .T. ) ;
#3941 = AXIS2_PLACEMENT_3D ( 'NONE', #695, #1023, #715 ) ;
#3942 = EDGE_CURVE ( 'NONE', #1715, #2918, #2224, .T. ) ;
#3943 = ORIENTED_EDGE ( 'NONE', *, *, #4385, .F. ) ;
#3944 = ORIENTED_EDGE ( 'NONE', *, *, #1962, .F. ) ;
#3945 = CARTESIAN_POINT ( 'NONE',  ( 0.01378000000000000100, -0.4993947684522555000, -0.6481465455388577500 ) ) ;
#3946 = EDGE_CURVE ( 'NONE', #4192, #287, #908, .T. ) ;
#3947 = ORIENTED_EDGE ( 'NONE', *, *, #1027, .F. ) ;
#3948 = PERSON_AND_ORGANIZATION_ROLE ( 'classification_officer' ) ;
#3949 = PLANE ( 'NONE',  #496 ) ;
#3950 = PLANE ( 'NONE',  #4375 ) ;
#3951 = APPROVAL_PERSON_ORGANIZATION ( #1986, #2378, #4274 ) ;
#3952 = ORIENTED_EDGE ( 'NONE', *, *, #4662, .T. ) ;
#3953 = AXIS2_PLACEMENT_3D ( 'NONE', #3072, #3741, #79 ) ;
#3954 = CARTESIAN_POINT ( 'NONE',  ( 0.0000000000000000000, 0.0000000000000000000, 0.5829299999999997300 ) ) ;
#3955 = CIRCLE ( 'NONE', #1550, 0.6510058714408292200 ) ;
#3956 = CARTESIAN_POINT ( 'NONE',  ( -0.6533546981540732100, -0.01377999999999315700, -0.7874999999999999800 ) ) ;
#3957 = DIRECTION ( 'NONE',  ( -1.000000000000000000, 0.0000000000000000000, 0.0000000000000000000 ) ) ;
#3958 = ORIENTED_EDGE ( 'NONE', *, *, #2492, .T. ) ;
#3959 = CARTESIAN_POINT ( 'NONE',  ( 0.1968503937007875500, 2.410722045565657900E-017, -0.3456021707873909700 ) ) ;
#3960 = VECTOR ( 'NONE', #4362, 39.37007874015748100 ) ;
#3961 = PLANE ( 'NONE',  #2158 ) ;
#3962 = ORIENTED_EDGE ( 'NONE', *, *, #4776, .F. ) ;
#3963 = ADVANCED_FACE ( 'NONE', ( #2754 ), #4, .F. ) ;
#3964 = CYLINDRICAL_SURFACE ( 'NONE', #1204, 0.3149606299212597800 ) ;
#3965 = VERTEX_POINT ( 'NONE', #3286 ) ;
#3966 = VECTOR ( 'NONE', #1988, 39.37007874015748100 ) ;
#3967 = EDGE_CURVE ( 'NONE', #1387, #3712, #789, .T. ) ;
#3968 = CARTESIAN_POINT ( 'NONE',  ( 1.622953219594443800E-016, 0.01378000000000000100, -0.1487517770866043600 ) ) ;
#3969 = CARTESIAN_POINT ( 'NONE',  ( 0.5598121074290577400, -0.01378000000000195600, -0.2184087708608179200 ) ) ;
#3970 = CARTESIAN_POINT ( 'NONE',  ( 0.5569425052557150900, 0.2157777746189351000, 0.04700011390998477100 ) ) ;
#3971 = CARTESIAN_POINT ( 'NONE',  ( 0.2471754580183456500, 0.5607254677216774200, 0.1573333610333201000 ) ) ;
#3972 = EDGE_LOOP ( 'NONE', ( #1236, #3935, #118, #2267, #4625 ) ) ;
#3973 = LINE ( 'NONE', #1190, #808 ) ;
#3974 = AXIS2_PLACEMENT_3D ( 'NONE', #4128, #766, #1925 ) ;
#3975 = VERTEX_POINT ( 'NONE', #23 ) ;
#3976 = CARTESIAN_POINT ( 'NONE',  ( -0.01378000000000000100, 0.6508600127911020600, 0.4292699999999997600 ) ) ;
#3977 = CARTESIAN_POINT ( 'NONE',  ( 0.01378000000000000100, -0.6486334454518556400, 0.4134306997790655500 ) ) ;
#3978 = EDGE_CURVE ( 'NONE', #2939, #3272, #169, .T. ) ;
#3979 = CIRCLE ( 'NONE', #3909, 0.5748000000000000900 ) ;
#3980 = VERTEX_POINT ( 'NONE', #2925 ) ;
#3981 = VECTOR ( 'NONE', #1386, 39.37007874015748100 ) ;
#3982 = EDGE_CURVE ( 'NONE', #4765, #209, #850, .T. ) ;
#3983 = ORIENTED_EDGE ( 'NONE', *, *, #4026, .F. ) ;
#3984 = DIRECTION ( 'NONE',  ( 0.0000000000000000000, 0.0000000000000000000, -1.000000000000000000 ) ) ;
#3985 = FACE_OUTER_BOUND ( 'NONE', #2632, .T. ) ;
#3986 = ADVANCED_FACE ( 'NONE', ( #1256 ), #459, .F. ) ;
#3987 = CARTESIAN_POINT ( 'NONE',  ( 0.0000000000000000000, 0.0000000000000000000, -0.7874999999999999800 ) ) ;
#3988 = DIRECTION ( 'NONE',  ( 0.0000000000000000000, 1.000000000000000000, 0.0000000000000000000 ) ) ;
#3989 = VERTEX_POINT ( 'NONE', #102 ) ;
#3990 = DIRECTION ( 'NONE',  ( 0.0000000000000000000, 0.0000000000000000000, -1.000000000000000000 ) ) ;
#3991 = CARTESIAN_POINT ( 'NONE',  ( -0.01378000000000000100, -0.6533546981540731000, 0.5709999999999997300 ) ) ;
#3992 = ORIENTED_EDGE ( 'NONE', *, *, #3124, .F. ) ;
#3993 = ORIENTED_EDGE ( 'NONE', *, *, #157, .T. ) ;
#3994 = CARTESIAN_POINT ( 'NONE',  ( -0.2553570007485773700, -0.09085696843694533700, 0.2125000000000000200 ) ) ;
#3995 = ORIENTED_EDGE ( 'NONE', *, *, #1051, .T. ) ;
#3996 = CARTESIAN_POINT ( 'NONE',  ( 0.0000000000000000000, 0.0000000000000000000, 0.7874999999999999800 ) ) ;
#3997 = CARTESIAN_POINT ( 'NONE',  ( 0.6486334454518556400, -0.01378000000000226600, 0.4134306997790655500 ) ) ;
#3998 = VERTEX_POINT ( 'NONE', #3397 ) ;
#3999 = CARTESIAN_POINT ( 'NONE',  ( 0.01378000000000000100, 0.1963674848343153200, -0.3451192619209188500 ) ) ;
#4000 = EDGE_CURVE ( 'NONE', #82, #2029, #1772, .T. ) ;
#4001 = CARTESIAN_POINT ( 'NONE',  ( -0.1425615551914084500, -0.1360549596744110900, -0.3457634040987869800 ) ) ;
#4002 = CARTESIAN_POINT ( 'NONE',  ( -0.6533546981540729900, 0.01378000000000684600, -0.7874999999999999800 ) ) ;
#4003 = ORIENTED_EDGE ( 'NONE', *, *, #3845, .T. ) ;
#4004 = LINE ( 'NONE', #3770, #2927 ) ;
#4005 = ADVANCED_FACE ( 'NONE', ( #3103 ), #2989, .T. ) ;
#4006 = EDGE_CURVE ( 'NONE', #1615, #1815, #3609, .T. ) ;
#4007 = ORIENTED_EDGE ( 'NONE', *, *, #4142, .F. ) ;
#4008 = CIRCLE ( 'NONE', #3887, 0.5747999999999999800 ) ;
#4009 = DIRECTION ( 'NONE',  ( 0.0000000000000000000, 0.0000000000000000000, -1.000000000000000000 ) ) ;
#4010 = ORIENTED_EDGE ( 'NONE', *, *, #4631, .T. ) ;
#4011 = DIRECTION ( 'NONE',  ( -1.000000000000000000, 0.0000000000000000000, 0.0000000000000000000 ) ) ;
#4012 = PLANE ( 'NONE',  #589 ) ;
#4013 = DIRECTION ( 'NONE',  ( 0.6532814824381838500, -0.2705980500731000000, 0.7071067811865510100 ) ) ;
#4014 = FACE_OUTER_BOUND ( 'NONE', #2248, .T. ) ;
#4015 = EDGE_LOOP ( 'NONE', ( #1373, #2481, #2802, #1627, #3759, #4046, #1786 ) ) ;
#4016 = PLANE ( 'NONE',  #1738 ) ;
#4017 = CARTESIAN_POINT ( 'NONE',  ( -3.413668146703921300E-017, -1.793962378875095600E-016, 0.2124999999999999900 ) ) ;
#4018 = CIRCLE ( 'NONE', #4586, 0.6534999999999999700 ) ;
#4019 = ORIENTED_EDGE ( 'NONE', *, *, #1392, .F. ) ;
#4020 = DIRECTION ( 'NONE',  ( -0.0000000000000000000, -0.0000000000000000000, -1.000000000000000000 ) ) ;
#4021 = LINE ( 'NONE', #1512, #4083 ) ;
#4022 = ORIENTED_EDGE ( 'NONE', *, *, #2470, .T. ) ;
#4023 = ORIENTED_EDGE ( 'NONE', *, *, #3718, .T. ) ;
#4024 = AXIS2_PLACEMENT_3D ( 'NONE', #2848, #2417, #635 ) ;
#4025 = VECTOR ( 'NONE', #4523, 39.37007874015748900 ) ;
#4026 = EDGE_CURVE ( 'NONE', #2860, #391, #2638, .T. ) ;
#4027 = CARTESIAN_POINT ( 'NONE',  ( 0.0000000000000000000, 0.6510058714408292200, 0.4292699999999997600 ) ) ;
#4028 = ADVANCED_FACE ( 'NONE', ( #4473 ), #3499, .T. ) ;
#4029 = CARTESIAN_POINT ( 'NONE',  ( 0.6533546981540731000, -0.01378000000000228300, 0.5829299999999997300 ) ) ;
#4030 = DIRECTION ( 'NONE',  ( -0.0000000000000000000, -0.0000000000000000000, -1.000000000000000000 ) ) ;
#4031 = ORIENTED_EDGE ( 'NONE', *, *, #704, .F. ) ;
#4032 = LINE ( 'NONE', #4598, #2716 ) ;
#4033 = DIRECTION ( 'NONE',  ( -0.3826834323650903900, -0.9238795325112864100, 0.0000000000000000000 ) ) ;
#4034 = AXIS2_PLACEMENT_3D ( 'NONE', #3199, #609, #944 ) ;
#4035 = CARTESIAN_POINT ( 'NONE',  ( 0.1163190883529590700, -0.2448102453525945200, 0.2125000000000000200 ) ) ;
#4036 = DIRECTION ( 'NONE',  ( 0.0000000000000000000, 0.0000000000000000000, 1.000000000000000000 ) ) ;
#4037 = EDGE_CURVE ( 'NONE', #2273, #384, #4073, .T. ) ;
#4038 = ORIENTED_EDGE ( 'NONE', *, *, #2692, .F. ) ;
#4039 = DIRECTION ( 'NONE',  ( -0.0000000000000000000, -0.0000000000000000000, -1.000000000000000000 ) ) ;
#4040 = LINE ( 'NONE', #862, #1455 ) ;
#4041 = CARTESIAN_POINT ( 'NONE',  ( 0.01378000000000000100, 0.1963674848343153200, 0.7874999999999999800 ) ) ;
#4042 = ORIENTED_EDGE ( 'NONE', *, *, #2884, .F. ) ;
#4043 = LINE ( 'NONE', #2701, #197 ) ;
#4044 = EDGE_CURVE ( 'NONE', #988, #1901, #4139, .T. ) ;
#4045 = CIRCLE ( 'NONE', #2890, 0.3149606299212597800 ) ;
#4046 = ORIENTED_EDGE ( 'NONE', *, *, #4655, .F. ) ;
#4047 = CARTESIAN_POINT ( 'NONE',  ( 0.2553570007485760900, -0.09085696843694890400, 0.2125000000000000200 ) ) ;
#4048 = CARTESIAN_POINT ( 'NONE',  ( 0.01378000000000000100, -0.6533546981540731000, -0.7874999999999999800 ) ) ;
#4049 = DIRECTION ( 'NONE',  ( -1.000000000000000000, 0.0000000000000000000, 0.0000000000000000000 ) ) ;
#4050 = ORIENTED_EDGE ( 'NONE', *, *, #4496, .F. ) ;
#4051 = ORIENTED_EDGE ( 'NONE', *, *, #920, .T. ) ;
#4052 = ORIENTED_EDGE ( 'NONE', *, *, #12, .F. ) ;
#4053 = CARTESIAN_POINT ( 'NONE',  ( 0.08232818409053985200, 0.1627489432849371100, -0.7875000000000003100 ) ) ;
#4054 = DIRECTION ( 'NONE',  ( -0.9238795325112864100, -0.3826834323650907300, 1.177569344012825500E-016 ) ) ;
#4055 = DIRECTION ( 'NONE',  ( -8.241323937213509200E-017, -3.413668146703776500E-017, 1.000000000000000000 ) ) ;
#4056 = VERTEX_POINT ( 'NONE', #2264 ) ;
#4057 = ADVANCED_FACE ( 'NONE', ( #675 ), #2641, .T. ) ;
#4058 = ORIENTED_EDGE ( 'NONE', *, *, #1632, .F. ) ;
#4059 = CARTESIAN_POINT ( 'NONE',  ( -0.01378000000000000100, -0.6508600127911020600, 0.4292699999999997600 ) ) ;
#4060 = EDGE_CURVE ( 'NONE', #1498, #625, #3386, .T. ) ;
#4061 = ORIENTED_EDGE ( 'NONE', *, *, #1322, .T. ) ;
#4062 = CARTESIAN_POINT ( 'NONE',  ( -0.01378000000000000100, 1.141827091101859900E-016, -0.1487517770866043600 ) ) ;
#4063 = LOCAL_TIME ( 10, 25, 45.00000000000000000, #3376 ) ;
#4064 = CARTESIAN_POINT ( 'NONE',  ( 0.0000000000000000000, 0.0000000000000000000, 0.5709999999999997300 ) ) ;
#4065 = EDGE_CURVE ( 'NONE', #384, #757, #2936, .T. ) ;
#4066 = ORIENTED_EDGE ( 'NONE', *, *, #3912, .F. ) ;
#4067 = LINE ( 'NONE', #1316, #392 ) ;
#4068 = DIRECTION ( 'NONE',  ( 1.000000000000000000, -2.131628207280300900E-014, -5.502957744461820500E-017 ) ) ;
#4069 = DIRECTION ( 'NONE',  ( -1.000000000000000000, 0.0000000000000000000, 0.0000000000000000000 ) ) ;
#4070 = PLANE ( 'NONE',  #4755 ) ;
#4071 = ORIENTED_EDGE ( 'NONE', *, *, #683, .T. ) ;
#4072 = AXIS2_PLACEMENT_3D ( 'NONE', #786, #3029, #2659 ) ;
#4073 = CIRCLE ( 'NONE', #2751, 0.6534999999999999700 ) ;
#4074 = EDGE_CURVE ( 'NONE', #1118, #1923, #4361, .T. ) ;
#4075 = CARTESIAN_POINT ( 'NONE',  ( -0.2113100845158826500, 0.4741387965924545600, -0.5093337319563663300 ) ) ;
#4076 = CARTESIAN_POINT ( 'NONE',  ( -0.4160720941408684900, -0.3965842312513601600, -0.7874999999999999800 ) ) ;
#4077 = ORIENTED_EDGE ( 'NONE', *, *, #511, .F. ) ;
#4078 = FACE_OUTER_BOUND ( 'NONE', #614, .T. ) ;
#4079 = ADVANCED_FACE ( 'NONE', ( #1714 ), #226, .T. ) ;
#4080 = CARTESIAN_POINT ( 'NONE',  ( -0.5678902254094969600, -0.2501431978237504400, 0.2124999999999999100 ) ) ;
#4081 = CARTESIAN_POINT ( 'NONE',  ( 0.5897053234851351600, 0.01377999999999794100, 0.6931467940284670200 ) ) ;
#4082 = ORIENTED_EDGE ( 'NONE', *, *, #1625, .F. ) ;
#4083 = VECTOR ( 'NONE', #3044, 39.37007874015748100 ) ;
#4084 = B_SPLINE_CURVE_WITH_KNOTS ( 'NONE', 3,
 ( #4707, #1706, #2474, #968 ),
 .UNSPECIFIED., .F., .F.,
 ( 4, 4 ),
 ( 2.019663912520802700E-007, 0.02763568366266930900 ),
 .UNSPECIFIED. ) ;
#4085 = ORIENTED_EDGE ( 'NONE', *, *, #2557, .T. ) ;
#4086 = CARTESIAN_POINT ( 'NONE',  ( -0.01378000000000000100, -0.6321386216990705400, 0.6196691518083300400 ) ) ;
#4087 = DIRECTION ( 'NONE',  ( -1.000000000000000000, 0.0000000000000000000, 0.0000000000000000000 ) ) ;
#4088 = CARTESIAN_POINT ( 'NONE',  ( -0.1858479645998715700, 0.4846855519884363800, -0.5093337319563663300 ) ) ;
#4089 = CARTESIAN_POINT ( 'NONE',  ( 0.3433814958169231200, -0.3628693587064280000, -0.6481465455388577500 ) ) ;
#4090 = LINE ( 'NONE', #537, #4669 ) ;
#4091 = EDGE_LOOP ( 'NONE', ( #4539, #3831, #433, #3789 ) ) ;
#4092 = CARTESIAN_POINT ( 'NONE',  ( -0.2471754580183457600, 0.5607254677216774200, 0.1573333610333199900 ) ) ;
#4093 = FACE_OUTER_BOUND ( 'NONE', #4101, .T. ) ;
#4094 = AXIS2_PLACEMENT_3D ( 'NONE', #4747, #19, #1447 ) ;
#4095 = EDGE_LOOP ( 'NONE', ( #3091, #354, #4444, #3083, #2138, #3538, #2430 ) ) ;
#4096 = EDGE_CURVE ( 'NONE', #4668, #3139, #4771, .T. ) ;
#4097 = DIRECTION ( 'NONE',  ( -1.000000000000000000, 1.047444401652940000E-014, 0.0000000000000000000 ) ) ;
#4098 = FACE_OUTER_BOUND ( 'NONE', #1751, .T. ) ;
#4099 = DIRECTION ( 'NONE',  ( -0.0000000000000000000, -0.0000000000000000000, -1.000000000000000000 ) ) ;
#4100 = DIRECTION ( 'NONE',  ( -1.000000000000000000, 0.0000000000000000000, 0.0000000000000000000 ) ) ;
#4101 = EDGE_LOOP ( 'NONE', ( #1193, #1340, #2851, #3557, #1436, #2262 ) ) ;
#4102 = LINE ( 'NONE', #365, #2905 ) ;
#4103 = DIRECTION ( 'NONE',  ( -0.8164965809277248100, 0.0000000000000000000, -0.5773502691896275100 ) ) ;
#4104 = EDGE_CURVE ( 'NONE', #2489, #3110, #140, .T. ) ;
#4105 = CARTESIAN_POINT ( 'NONE',  ( 0.1866932777871350700, -0.06241552314329078300, 0.1381789218234976700 ) ) ;
#4106 = ORIENTED_EDGE ( 'NONE', *, *, #2547, .F. ) ;
#4107 = ADVANCED_FACE ( 'NONE', ( #574 ), #1078, .F. ) ;
#4108 = DIRECTION ( 'NONE',  ( -1.000000000000000000, 0.0000000000000000000, 0.0000000000000000000 ) ) ;
#4109 = VERTEX_POINT ( 'NONE', #560 ) ;
#4110 = VERTEX_POINT ( 'NONE', #2705 ) ;
#4111 = EDGE_CURVE ( 'NONE', #3781, #2108, #1566, .T. ) ;
#4112 = ORIENTED_EDGE ( 'NONE', *, *, #3118, .T. ) ;
#4113 = DIRECTION ( 'NONE',  ( 0.0000000000000000000, 0.0000000000000000000, -1.000000000000000000 ) ) ;
#4114 = PLANE ( 'NONE',  #3516 ) ;
#4115 = ORIENTED_EDGE ( 'NONE', *, *, #2594, .T. ) ;
#4116 = CARTESIAN_POINT ( 'NONE',  ( -0.01378000000000000100, -0.5715419573863321800, 0.7245980812128047800 ) ) ;
#4117 = CARTESIAN_POINT ( 'NONE',  ( -0.4995614282951929600, 6.117863041391874600E-017, -0.6483132053817951500 ) ) ;
#4118 = CARTESIAN_POINT ( 'NONE',  ( -0.2246810779077453300, 0.5784369808054762300, 0.2124999999999999900 ) ) ;
#4119 = ORIENTED_EDGE ( 'NONE', *, *, #260, .F. ) ;
#4120 = AXIS2_PLACEMENT_3D ( 'NONE', #2634, #3771, #438 ) ;
#4121 = EDGE_LOOP ( 'NONE', ( #2620, #2854, #3176, #1350 ) ) ;
#4122 = EDGE_CURVE ( 'NONE', #4109, #52, #2167, .T. ) ;
#4123 = FACE_OUTER_BOUND ( 'NONE', #4121, .T. ) ;
#4124 = CARTESIAN_POINT ( 'NONE',  ( 0.01378000000000000100, 0.1963674848343153200, -0.3451192619209188500 ) ) ;
#4125 = ORIENTED_EDGE ( 'NONE', *, *, #1500, .F. ) ;
#4126 = CARTESIAN_POINT ( 'NONE',  ( 0.0000000000000000000, 0.0000000000000000000, -0.5119094488188979900 ) ) ;
#4127 = CARTESIAN_POINT ( 'NONE',  ( -0.07487050183052583500, 0.01609701275985469000, -0.7875000000000003100 ) ) ;
#4128 = CARTESIAN_POINT ( 'NONE',  ( 0.0000000000000000000, 0.0000000000000000000, -0.7875000000000005300 ) ) ;
#4129 = VECTOR ( 'NONE', #3078, 39.37007874015748100 ) ;
#4130 = AXIS2_PLACEMENT_3D ( 'NONE', #2306, #3788, #2355 ) ;
#4131 = EDGE_CURVE ( 'NONE', #4765, #82, #4634, .T. ) ;
#4132 =( BOUNDED_CURVE ( )  B_SPLINE_CURVE ( 3, ( #1458, #1424, #2140, #2185 ),
 .UNSPECIFIED., .F., .F. ) 
 B_SPLINE_CURVE_WITH_KNOTS ( ( 4, 4 ),
 ( 3.117645216900681000, 3.165540090278905300 ),
 .UNSPECIFIED. ) 
 CURVE ( )  GEOMETRIC_REPRESENTATION_ITEM ( )  RATIONAL_B_SPLINE_CURVE ( ( 1.000000000000000000, 0.9998088492273599100, 0.9998088492273599100, 1.000000000000000000 ) ) 
 REPRESENTATION_ITEM ( '' )  );
#4133 = ORIENTED_EDGE ( 'NONE', *, *, #3030, .T. ) ;
#4134 = CARTESIAN_POINT ( 'NONE',  ( 0.0000000000000000000, 0.6510058714408292200, 0.4292699999999997600 ) ) ;
#4135 = CARTESIAN_POINT ( 'NONE',  ( 0.1291088486861404200, 0.1485967115756411700, 0.7874999999999999800 ) ) ;
#4136 = CYLINDRICAL_SURFACE ( 'NONE', #2526, 0.3149606299212597800 ) ;
#4138 = B_SPLINE_CURVE_WITH_KNOTS ( 'NONE', 3,
 ( #1409, #2928, #430, #3830, #2187, #3655, #2583 ),
 .UNSPECIFIED., .F., .F.,
 ( 4, 3, 4 ),
 ( 0.01720927585499634100, 0.01997680622546083400, 0.02320959703650939800 ),
 .UNSPECIFIED. ) ;
#4137 = CARTESIAN_POINT ( 'NONE',  ( 0.06241552314329016500, -0.1866932777871352600, 0.1381789218234976100 ) ) ;
#4139 = B_SPLINE_CURVE_WITH_KNOTS ( 'NONE', 3,
 ( #3013, #1529, #1941, #1897 ),
 .UNSPECIFIED., .F., .F.,
 ( 4, 4 ),
 ( 2.309592430349258200E-007, 0.006000552272120236200 ),
 .UNSPECIFIED. ) ;
#4140 = AXIS2_PLACEMENT_3D ( 'NONE', #4215, #1602, #2738 ) ;
#4141 = ORIENTED_EDGE ( 'NONE', *, *, #597, .F. ) ;
#4142 = EDGE_CURVE ( 'NONE', #3786, #1615, #4008, .T. ) ;
#4143 = CARTESIAN_POINT ( 'NONE',  ( 0.0000000000000000000, 0.0000000000000000000, 0.5709999999999997300 ) ) ;
#4144 = CARTESIAN_POINT ( 'NONE',  ( 0.4244026224108631300, 0.4438904853003628500, 0.6511208368330015900 ) ) ;
#4145 = FACE_OUTER_BOUND ( 'NONE', #429, .T. ) ;
#4146 = EDGE_LOOP ( 'NONE', ( #3650, #4061, #386, #4363 ) ) ;
#4147 = VECTOR ( 'NONE', #492, 39.37007874015748100 ) ;
#4148 = CARTESIAN_POINT ( 'NONE',  ( 0.0000000000000000000, 0.5747999999999999800, 0.5709999999999998400 ) ) ;
#4149 = CARTESIAN_POINT ( 'NONE',  ( 0.0000000000000000000, 0.0000000000000000000, -0.5119094488188979900 ) ) ;
#4150 = CARTESIAN_POINT ( 'NONE',  ( 0.2246810779077453300, -0.5784369808054762300, 0.2124999999999999900 ) ) ;
#4151 = ORIENTED_EDGE ( 'NONE', *, *, #4749, .T. ) ;
#4152 = CIRCLE ( 'NONE', #2682, 0.6205408347023917400 ) ;
#4153 = DIRECTION ( 'NONE',  ( 1.000000000000000000, 0.0000000000000000000, 0.0000000000000000000 ) ) ;
#4154 = CARTESIAN_POINT ( 'NONE',  ( 0.01378000000000000100, 0.6533546981540731000, 0.5829299999999997300 ) ) ;
#4155 = CARTESIAN_POINT ( 'NONE',  ( -0.5102681440414972300, -0.2262753502289596400, -0.2311669415155344100 ) ) ;
#4156 = DIRECTION ( 'NONE',  ( -0.3826834323650906700, 0.9238795325112862900, 0.0000000000000000000 ) ) ;
#4157 = ORIENTED_EDGE ( 'NONE', *, *, #4533, .F. ) ;
#4158 = FACE_OUTER_BOUND ( 'NONE', #2160, .T. ) ;
#4159 = EDGE_CURVE ( 'NONE', #3116, #3339, #1252, .T. ) ;
#4160 = CARTESIAN_POINT ( 'NONE',  ( 3.015512943758914400E-017, 0.01378000000000000100, -0.1487517770866043600 ) ) ;
#4161 = ORIENTED_EDGE ( 'NONE', *, *, #323, .T. ) ;
#4162 = LINE ( 'NONE', #4698, #2190 ) ;
#4163 = EDGE_CURVE ( 'NONE', #3822, #3055, #1991, .T. ) ;
#4164 = ORIENTED_EDGE ( 'NONE', *, *, #434, .F. ) ;
#4165 = PLANE ( 'NONE',  #3547 ) ;
#4166 = CARTESIAN_POINT ( 'NONE',  ( 0.3881974438802024400, -0.3687095809907052200, 0.7874999999999999800 ) ) ;
#4167 = CARTESIAN_POINT ( 'NONE',  ( 0.1968503937007875500, 2.410722045565657900E-017, -0.3456021707873909700 ) ) ;
#4168 = FACE_OUTER_BOUND ( 'NONE', #4231, .T. ) ;
#4169 = CYLINDRICAL_SURFACE ( 'NONE', #4449, 0.3149606299212597800 ) ;
#4170 = EDGE_LOOP ( 'NONE', ( #634, #607, #1202, #2687, #1601, #225, #2672, #592, #3185, #2426, #3077, #2735, #2069, #1174, #1121, #2091, #451, #598, #2134, #3102, #328, #1095, #383, #270, #3502, #4058, #4551, #778, #1313, #2112, #3815, #3807, #4038, #213, #194, #2241 ) ) ;
#4171 = EDGE_CURVE ( 'NONE', #3739, #2377, #1820, .T. ) ;
#4172 = CARTESIAN_POINT ( 'NONE',  ( -0.5535606451681852600, -0.2442076913446858100, 0.1021667319364034200 ) ) ;
#4173 = CARTESIAN_POINT ( 'NONE',  ( -0.4485527718784945200, 0.1708812770320941000, -0.7874999999999999800 ) ) ;
#4174 = ORIENTED_EDGE ( 'NONE', *, *, #2270, .T. ) ;
#4175 = B_SPLINE_CURVE_WITH_KNOTS ( 'NONE', 3,
 ( #806, #2977, #824, #4443 ),
 .UNSPECIFIED., .F., .F.,
 ( 4, 4 ),
 ( 2.019663912537981100E-007, 0.02763568366266931600 ),
 .UNSPECIFIED. ) ;
#4176 = ORIENTED_EDGE ( 'NONE', *, *, #1990, .F. ) ;
#4177 = CARTESIAN_POINT ( 'NONE',  ( 0.0000000000000000000, 0.0000000000000000000, 0.7874999999999999800 ) ) ;
#4178 = EDGE_LOOP ( 'NONE', ( #2645, #970, #3769, #1253 ) ) ;
#4179 = ORIENTED_EDGE ( 'NONE', *, *, #3372, .F. ) ;
#4180 = CARTESIAN_POINT ( 'NONE',  ( 0.2501431978237564400, -0.5678902254094944100, 0.2124999999999999100 ) ) ;
#4181 = CARTESIAN_POINT ( 'NONE',  ( -0.01378000000000000100, 0.5746347984589864600, 0.5709999999999997300 ) ) ;
#4182 = EDGE_LOOP ( 'NONE', ( #3392, #4759, #1958, #4500 ) ) ;
#4183 = CARTESIAN_POINT ( 'NONE',  ( 0.01378000000000000100, -0.1963674848343153200, -0.3451192619209188500 ) ) ;
#4184 = CARTESIAN_POINT ( 'NONE',  ( -0.2959804223400676100, -0.1076837406101402400, -0.5119094488188979900 ) ) ;
#4185 = CARTESIAN_POINT ( 'NONE',  ( -0.5784369808054737900, 0.2246810779077512700, 0.2124999999999999100 ) ) ;
#4186 = CARTESIAN_POINT ( 'NONE',  ( 0.08787764305930127800, -0.1761465223911533900, -0.7874999999999999800 ) ) ;
#4187 = ORIENTED_EDGE ( 'NONE', *, *, #1807, .T. ) ;
#4188 = FACE_OUTER_BOUND ( 'NONE', #13, .T. ) ;
#4189 = DIRECTION ( 'NONE',  ( -0.6532814824381876200, -0.2705980500730908500, 0.7071067811865509000 ) ) ;
#4190 = AXIS2_PLACEMENT_3D ( 'NONE', #2867, #3593, #4351 ) ;
#4191 = EDGE_CURVE ( 'NONE', #4482, #1205, #809, .T. ) ;
#4192 = VERTEX_POINT ( 'NONE', #3111 ) ;
#4193 = FACE_OUTER_BOUND ( 'NONE', #264, .T. ) ;
#4194 = CARTESIAN_POINT ( 'NONE',  ( -0.1858479645998747900, -0.4846855519884351600, -0.5093337319563663300 ) ) ;
#4195 = CARTESIAN_POINT ( 'NONE',  ( 0.01378000000000000100, 0.6508600127911020600, 0.4292699999999997600 ) ) ;
#4196 = ORIENTED_EDGE ( 'NONE', *, *, #63, .F. ) ;
#4197 = LINE ( 'NONE', #269, #792 ) ;
#4198 = EDGE_CURVE ( 'NONE', #1243, #835, #3041, .T. ) ;
#4199 = VERTEX_POINT ( 'NONE', #2004 ) ;
#4200 = CARTESIAN_POINT ( 'NONE',  ( 0.4799999999999999800, 0.0000000000000000000, -0.7875000000000005300 ) ) ;
#4201 = CARTESIAN_POINT ( 'NONE',  ( -0.05686606417452882300, 0.1732956986809189600, -0.7875000000000003100 ) ) ;
#4202 = DIRECTION ( 'NONE',  ( -0.0000000000000000000, -0.0000000000000000000, -1.000000000000000000 ) ) ;
#4203 = LINE ( 'NONE', #1717, #2353 ) ;
#4204 = B_SPLINE_CURVE_WITH_KNOTS ( 'NONE', 3,
 ( #2229, #3369, #2278, #70 ),
 .UNSPECIFIED., .F., .F.,
 ( 4, 4 ),
 ( 2.019663912520802700E-007, 0.02763568366266930600 ),
 .UNSPECIFIED. ) ;
#4205 = ORIENTED_EDGE ( 'NONE', *, *, #897, .T. ) ;
#4206 = DIRECTION ( 'NONE',  ( 0.4999999999999983900, -0.5000000000000036600, -0.7071067811865460200 ) ) ;
#4207 = VECTOR ( 'NONE', #2386, 39.37007874015748900 ) ;
#4208 = ADVANCED_FACE ( 'NONE', ( #3158 ), #964, .F. ) ;
#4209 = ORIENTED_EDGE ( 'NONE', *, *, #3877, .F. ) ;
#4210 = CARTESIAN_POINT ( 'NONE',  ( -0.2553570007485773700, -0.09085696843694533700, 0.2125000000000000200 ) ) ;
#4211 = CYLINDRICAL_SURFACE ( 'NONE', #1017, 0.6534999999999999700 ) ;
#4212 = CARTESIAN_POINT ( 'NONE',  ( 0.06241552314329022000, -0.1866932777871352600, -0.5119094488188979900 ) ) ;
#4213 = ORIENTED_EDGE ( 'NONE', *, *, #353, .F. ) ;
#4214 = LINE ( 'NONE', #2369, #1222 ) ;
#4215 = CARTESIAN_POINT ( 'NONE',  ( 1.793962378875096600E-016, -3.413668146703892900E-017, 0.2124999999999999900 ) ) ;
#4216 = DIRECTION ( 'NONE',  ( 0.0000000000000000000, 0.0000000000000000000, -1.000000000000000000 ) ) ;
#4217 = CARTESIAN_POINT ( 'NONE',  ( 0.004594211520415112000, -0.4996169921972549200, -0.6483687692838570000 ) ) ;
#4218 = CARTESIAN_POINT ( 'NONE',  ( -0.5208148994374747200, 0.2008132303129592000, -0.2311669415155343200 ) ) ;
#4219 = EDGE_LOOP ( 'NONE', ( #3470, #2823, #1161, #3308, #2895, #629, #4710, #1927, #783 ) ) ;
#4220 = EDGE_CURVE ( 'NONE', #3439, #3675, #4767, .T. ) ;
#4221 = LINE ( 'NONE', #799, #1966 ) ;
#4222 = DIRECTION ( 'NONE',  ( 8.241323937213459900E-017, -3.413668146703891100E-017, 1.000000000000000000 ) ) ;
#4223 =( BOUNDED_CURVE ( )  B_SPLINE_CURVE ( 3, ( #863, #2686, #1220, #4167 ),
 .UNSPECIFIED., .F., .F. ) 
 B_SPLINE_CURVE_WITH_KNOTS ( ( 4, 4 ),
 ( 6.213125608189635300, 6.283185307179582700 ),
 .UNSPECIFIED. ) 
 CURVE ( )  GEOMETRIC_REPRESENTATION_ITEM ( )  RATIONAL_B_SPLINE_CURVE ( ( 1.000000000000000000, 0.9995910117061518300, 0.9995910117061518300, 1.000000000000000000 ) ) 
 REPRESENTATION_ITEM ( '' )  );
#4224 = ORIENTED_EDGE ( 'NONE', *, *, #2118, .T. ) ;
#4225 = AXIS2_PLACEMENT_3D ( 'NONE', #4452, #1539, #3774 ) ;
#4226 = EDGE_CURVE ( 'NONE', #257, #1655, #2875, .T. ) ;
#4227 = CARTESIAN_POINT ( 'NONE',  ( -0.06432374643454481800, 0.04155913267586643800, -0.7875000000000003100 ) ) ;
#4228 = EDGE_LOOP ( 'NONE', ( #1763, #3052, #4770, #2028 ) ) ;
#4229 = CARTESIAN_POINT ( 'NONE',  ( -0.5897053234851351600, -0.01377999999999382500, 0.6931467940284671300 ) ) ;
#4230 = ORIENTED_EDGE ( 'NONE', *, *, #4496, .T. ) ;
#4231 = EDGE_LOOP ( 'NONE', ( #2577, #1185, #3876, #4492 ) ) ;
#4232 = ORIENTED_EDGE ( 'NONE', *, *, #2811, .F. ) ;
#4233 = CARTESIAN_POINT ( 'NONE',  ( -0.3985731588994161900, 0.3790852960099244100, -0.2890083133193889200 ) ) ;
#4234 = CARTESIAN_POINT ( 'NONE',  ( -0.1485967115756425300, -0.1291088486861388700, 0.7874999999999999800 ) ) ;
#4235 = EDGE_CURVE ( 'NONE', #4056, #2314, #3438, .T. ) ;
#4236 = CARTESIAN_POINT ( 'NONE',  ( 0.2971439314447506500, 0.2776560685552482700, 0.5709999999999998400 ) ) ;
#4237 = CARTESIAN_POINT ( 'NONE',  ( -0.4438904853003584600, 0.4244026224108677900, 0.6511208368330015900 ) ) ;
#4238 = PERSON ( 'UNSPECIFIED', 'UNSPECIFIED', 'UNSPECIFIED', ('UNSPECIFIED'), ('UNSPECIFIED'), ('UNSPECIFIED') ) ;
#4239 = CARTESIAN_POINT ( 'NONE',  ( -0.1331458605261562300, -0.2854336669440837300, -0.5119094488188979900 ) ) ;
#4240 = ORIENTED_EDGE ( 'NONE', *, *, #3355, .F. ) ;
#4241 = CARTESIAN_POINT ( 'NONE',  ( 0.06241552314329016500, -0.1866932777871352600, 0.1381789218234976100 ) ) ;
#4242 = PERSON_AND_ORGANIZATION ( #4238, #2394 ) ;
#4243 = ORIENTED_EDGE ( 'NONE', *, *, #3417, .T. ) ;
#4244 = DIRECTION ( 'NONE',  ( 0.9238795325112902900, 0.3826834323650810100, 0.0000000000000000000 ) ) ;
#4245 = CARTESIAN_POINT ( 'NONE',  ( 0.0000000000000000000, 0.0000000000000000000, 0.4292699999999999300 ) ) ;
#4246 = LENGTH_MEASURE_WITH_UNIT ( LENGTH_MEASURE( 0.02539999999999999900 ), #553 );
#4247 = ORIENTED_EDGE ( 'NONE', *, *, #3429, .F. ) ;
#4248 = CARTESIAN_POINT ( 'NONE',  ( 0.1802543378037911600, 0.07964372400582085700, 0.1388230640013659000 ) ) ;
#4249 = DIRECTION ( 'NONE',  ( -0.0000000000000000000, -0.0000000000000000000, -1.000000000000000000 ) ) ;
#4250 = CIRCLE ( 'NONE', #415, 0.1968503937007875500 ) ;
#4251 = DIRECTION ( 'NONE',  ( -0.7071067811865486800, -0.7071067811865462400, 0.0000000000000000000 ) ) ;
#4252 = EDGE_LOOP ( 'NONE', ( #4656, #1276, #1131, #265, #3463, #2573, #3642 ) ) ;
#4253 = CARTESIAN_POINT ( 'NONE',  ( -0.2448102453525957700, -0.1163190883529565100, 0.2125000000000000200 ) ) ;
#4254 = LINE ( 'NONE', #2618, #1314 ) ;
#4255 = AXIS2_PLACEMENT_3D ( 'NONE', #3875, #2008, #1653 ) ;
#4256 = PLANE ( 'NONE',  #447 ) ;
#4257 = EDGE_CURVE ( 'NONE', #1486, #3349, #1479, .T. ) ;
#4258 = VERTEX_POINT ( 'NONE', #3888 ) ;
#4259 = ADVANCED_FACE ( 'NONE', ( #2282 ), #3665, .T. ) ;
#4260 = FACE_OUTER_BOUND ( 'NONE', #1586, .T. ) ;
#4261 = CARTESIAN_POINT ( 'NONE',  ( -0.01378000000000000100, -0.5746347984589864600, 0.5709999999999997300 ) ) ;
#4262 = CARTESIAN_POINT ( 'NONE',  ( 0.1858479645998714900, 0.4846855519884364400, -0.5093337319563662200 ) ) ;
#4263 = ORIENTED_EDGE ( 'NONE', *, *, #2088, .T. ) ;
#4264 = EDGE_CURVE ( 'NONE', #1953, #644, #1709, .T. ) ;
#4265 = LINE ( 'NONE', #773, #1727 ) ;
#4266 = PLANE ( 'NONE',  #2593 ) ;
#4267 = CARTESIAN_POINT ( 'NONE',  ( -0.2854336669440832900, 0.1331458605261572100, -0.5119094488188979900 ) ) ;
#4268 = CARTESIAN_POINT ( 'NONE',  ( 0.3500339650584125000, -0.3565311612989980300, -0.6483687692838568900 ) ) ;
#4269 = ORIENTED_EDGE ( 'NONE', *, *, #597, .T. ) ;
#4270 = FACE_OUTER_BOUND ( 'NONE', #2215, .T. ) ;
#4271 = ORIENTED_EDGE ( 'NONE', *, *, #1668, .T. ) ;
#4272 = VECTOR ( 'NONE', #4189, 39.37007874015748900 ) ;
#4273 = VERTEX_POINT ( 'NONE', #962 ) ;
#4274 = APPROVAL_ROLE ( '' ) ;
#4275 = CARTESIAN_POINT ( 'NONE',  ( -0.09085696843694801600, 0.2553570007485764200, 0.2125000000000000200 ) ) ;
#4276 = ORIENTED_EDGE ( 'NONE', *, *, #4561, .F. ) ;
#4277 = DIRECTION ( 'NONE',  ( -0.7071067811865460200, 2.468850131082260200E-015, -0.7071067811865490200 ) ) ;
#4278 = DIRECTION ( 'NONE',  ( -1.000000000000000000, 0.0000000000000000000, 0.0000000000000000000 ) ) ;
#4279 = ADVANCED_FACE ( 'NONE', ( #1938 ), #2049, .F. ) ;
#4280 = PLANE ( 'NONE',  #1043 ) ;
#4281 = VECTOR ( 'NONE', #1896, 39.37007874015748100 ) ;
#4282 = EDGE_CURVE ( 'NONE', #1804, #2392, #3100, .T. ) ;
#4283 = ORIENTED_EDGE ( 'NONE', *, *, #2308, .F. ) ;
#4284 = CARTESIAN_POINT ( 'NONE',  ( 0.4717354690295832400, -0.4522476061400868600, -0.7874999999999999800 ) ) ;
#4285 = CARTESIAN_POINT ( 'NONE',  ( 0.0000000000000000000, 0.0000000000000000000, 0.4292699999999997600 ) ) ;
#4286 = ORIENTED_EDGE ( 'NONE', *, *, #1701, .F. ) ;
#4287 = ORIENTED_EDGE ( 'NONE', *, *, #4369, .F. ) ;
#4288 = EDGE_CURVE ( 'NONE', #3116, #4699, #1590, .T. ) ;
#4289 = APPROVAL_ROLE ( '' ) ;
#4290 = DIRECTION ( 'NONE',  ( -1.000000000000000000, 0.0000000000000000000, 0.0000000000000000000 ) ) ;
#4291 = VERTEX_POINT ( 'NONE', #4679 ) ;
#4292 = CC_DESIGN_PERSON_AND_ORGANIZATION_ASSIGNMENT ( #1070, #1328, ( #3610 ) ) ;
#4293 = EDGE_CURVE ( 'NONE', #3938, #519, #279, .T. ) ;
#4294 = DIRECTION ( 'NONE',  ( -1.000000000000000000, 0.0000000000000000000, 0.0000000000000000000 ) ) ;
#4295 = EDGE_LOOP ( 'NONE', ( #3651, #3962, #1151, #218, #1367, #4022, #106, #2907, #2668 ) ) ;
#4296 = LINE ( 'NONE', #878, #3660 ) ;
#4297 = CARTESIAN_POINT ( 'NONE',  ( 0.2553570007485767600, 0.09085696843694712800, 0.2125000000000000200 ) ) ;
#4298 = ORIENTED_EDGE ( 'NONE', *, *, #2755, .F. ) ;
#4299 = VECTOR ( 'NONE', #3612, 39.37007874015748100 ) ;
#4300 = ADVANCED_FACE ( 'NONE', ( #2696 ), #4266, .T. ) ;
#4301 = DIRECTION ( 'NONE',  ( -0.6532814824381819600, 0.2705980500731045600, 0.7071067811865510100 ) ) ;
#4302 = DIRECTION ( 'NONE',  ( -1.000000000000000000, 0.0000000000000000000, 0.0000000000000000000 ) ) ;
#4303 = ORIENTED_EDGE ( 'NONE', *, *, #4722, .T. ) ;
#4304 = VECTOR ( 'NONE', #2506, 39.37007874015748900 ) ;
#4305 = EDGE_CURVE ( 'NONE', #1776, #1804, #4067, .T. ) ;
#4306 = ORIENTED_EDGE ( 'NONE', *, *, #2717, .F. ) ;
#4307 = CARTESIAN_POINT ( 'NONE',  ( -0.01378000000000000100, -0.4993947684522553900, -0.6481465455388575300 ) ) ;
#4308 = CARTESIAN_POINT ( 'NONE',  ( 0.1963433969481004100, 0.4380060164825144700, -0.7875000000000005300 ) ) ;
#4309 = CIRCLE ( 'NONE', #841, 0.6205408347023917400 ) ;
#4310 = ORIENTED_EDGE ( 'NONE', *, *, #2055, .F. ) ;
#4311 = CARTESIAN_POINT ( 'NONE',  ( -0.3965842312513673300, -0.4160720941408615500, -0.7874999999999999800 ) ) ;
#4312 = CARTESIAN_POINT ( 'NONE',  ( -0.01378000000000000100, 0.5054174171510003000, -0.6053094782170985700 ) ) ;
#4313 = DIRECTION ( 'NONE',  ( -0.0000000000000000000, -0.0000000000000000000, -1.000000000000000000 ) ) ;
#4314 = FACE_OUTER_BOUND ( 'NONE', #92, .T. ) ;
#4315 = EDGE_CURVE ( 'NONE', #3385, #1531, #2453, .T. ) ;
#4316 = ORIENTED_EDGE ( 'NONE', *, *, #1841, .F. ) ;
#4317 = APPROVAL_STATUS ( 'not_yet_approved' ) ;
#4318 = DIRECTION ( 'NONE',  ( 0.9238795325112824100, -0.3826834323651000500, 0.0000000000000000000 ) ) ;
#4319 = CIRCLE ( 'NONE', #1729, 0.4799999999999999800 ) ;
#4320 = CARTESIAN_POINT ( 'NONE',  ( 0.5607254677216765300, -0.2471754580183475900, 0.1573333610333200500 ) ) ;
#4321 = EDGE_CURVE ( 'NONE', #1901, #1259, #2109, .T. ) ;
#4322 = ORIENTED_EDGE ( 'NONE', *, *, #3853, .F. ) ;
#4323 = CARTESIAN_POINT ( 'NONE',  ( -0.01378000000000000100, -0.6019970751657596200, 0.08167154250216601700 ) ) ;
#4324 = ADVANCED_FACE ( 'NONE', ( #2808 ), #2038, .T. ) ;
#4325 = CARTESIAN_POINT ( 'NONE',  ( 0.5641074005641653100, 0.2187455714286785400, 0.1021667319364034200 ) ) ;
#4326 = CARTESIAN_POINT ( 'NONE',  ( 0.2412398945349480700, 0.5463957498597324900, 0.04700011390998477800 ) ) ;
#4327 = ORIENTED_EDGE ( 'NONE', *, *, #252, .T. ) ;
#4328 = LINE ( 'NONE', #4275, #3640 ) ;
#4329 = CARTESIAN_POINT ( 'NONE',  ( 0.0000000000000000000, 0.0000000000000000000, -0.7875000000000005300 ) ) ;
#4330 = CARTESIAN_POINT ( 'NONE',  ( -0.01378000000000000100, 0.6439797119701142800, 0.3803252016314763200 ) ) ;
#4331 = DIRECTION ( 'NONE',  ( -1.000000000000000000, 0.0000000000000000000, 0.0000000000000000000 ) ) ;
#4332 = ORIENTED_EDGE ( 'NONE', *, *, #3685, .F. ) ;
#4333 = CARTESIAN_POINT ( 'NONE',  ( 0.3881974438802024400, -0.3687095809907052200, 0.7874999999999999800 ) ) ;
#4334 = CIRCLE ( 'NONE', #4120, 0.4799999999999999800 ) ;
#4335 = LINE ( 'NONE', #845, #2728 ) ;
#4336 = DIRECTION ( 'NONE',  ( -1.000000000000000000, 0.0000000000000000000, 0.0000000000000000000 ) ) ;
#4337 = ORIENTED_EDGE ( 'NONE', *, *, #814, .F. ) ;
#4338 = EDGE_LOOP ( 'NONE', ( #3622, #2, #2649, #649, #2411, #2332 ) ) ;
#4339 = ORIENTED_EDGE ( 'NONE', *, *, #4321, .F. ) ;
#4340 = DIRECTION ( 'NONE',  ( -0.0000000000000000000, -0.0000000000000000000, -1.000000000000000000 ) ) ;
#4341 = CARTESIAN_POINT ( 'NONE',  ( -0.1968503937007875500, 0.0000000000000000000, -0.3456021707873909700 ) ) ;
#4342 = AXIS2_PLACEMENT_3D ( 'NONE', #1737, #3984, #2162 ) ;
#4343 = EDGE_CURVE ( 'NONE', #874, #4626, #2570, .T. ) ;
#4344 = ORIENTED_EDGE ( 'NONE', *, *, #2500, .F. ) ;
#4345 = ORIENTED_EDGE ( 'NONE', *, *, #651, .F. ) ;
#4346 = DIRECTION ( 'NONE',  ( -1.000000000000000000, 0.0000000000000000000, 0.0000000000000000000 ) ) ;
#4347 = CARTESIAN_POINT ( 'NONE',  ( 0.01378000000000000100, -0.5598121074290577400, -0.2184087708608179200 ) ) ;
#4348 = ADVANCED_FACE ( 'NONE', ( #1132 ), #3873, .T. ) ;
#4349 = EDGE_CURVE ( 'NONE', #4414, #3330, #456, .T. ) ;
#4350 = ORIENTED_EDGE ( 'NONE', *, *, #3600, .T. ) ;
#4351 = DIRECTION ( 'NONE',  ( 1.000000000000000000, 0.0000000000000000000, -0.0000000000000000000 ) ) ;
#4352 = COORDINATED_UNIVERSAL_TIME_OFFSET ( 6, 0, .BEHIND. ) ;
#4353 = VERTEX_POINT ( 'NONE', #2870 ) ;
#4354 = CC_DESIGN_PERSON_AND_ORGANIZATION_ASSIGNMENT ( #2868, #2110, ( #3610 ) ) ;
#4355 = DIRECTION ( 'NONE',  ( -0.0000000000000000000, 0.0000000000000000000, -1.000000000000000000 ) ) ;
#4356 = CARTESIAN_POINT ( 'NONE',  ( 0.005273377697990816300, -0.01273105995800558400, -0.05818856301081960800 ) ) ;
#4357 = VECTOR ( 'NONE', #2746, 39.37007874015748100 ) ;
#4358 = EDGE_CURVE ( 'NONE', #3356, #4291, #510, .T. ) ;
#4359 = CARTESIAN_POINT ( 'NONE',  ( 0.5535606451681834800, 0.2442076913446896400, 0.1021667319364034200 ) ) ;
#4360 = VERTEX_POINT ( 'NONE', #2533 ) ;
#4361 = CIRCLE ( 'NONE', #2096, 0.4799999999999999800 ) ;
#4362 = DIRECTION ( 'NONE',  ( -0.0000000000000000000, -0.0000000000000000000, -1.000000000000000000 ) ) ;
#4363 = ORIENTED_EDGE ( 'NONE', *, *, #3890, .F. ) ;
#4364 = LINE ( 'NONE', #1858, #3390 ) ;
#4365 = DIRECTION ( 'NONE',  ( -0.0000000000000000000, -0.0000000000000000000, -1.000000000000000000 ) ) ;
#4366 = ORIENTED_EDGE ( 'NONE', *, *, #2251, .F. ) ;
#4367 = VECTOR ( 'NONE', #901, 39.37007874015748100 ) ;
#4368 = AXIS2_PLACEMENT_3D ( 'NONE', #3121, #2015, #1629 ) ;
#4369 = EDGE_CURVE ( 'NONE', #3020, #1083, #3211, .T. ) ;
#4370 = CARTESIAN_POINT ( 'NONE',  ( 0.4717354690295864600, 0.4522476061400835800, -0.7874999999999999800 ) ) ;
#4371 = ADVANCED_FACE ( 'NONE', ( #4188 ), #4744, .T. ) ;
#4372 = DIRECTION ( 'NONE',  ( -1.000000000000000000, 0.0000000000000000000, 0.0000000000000000000 ) ) ;
#4373 = CARTESIAN_POINT ( 'NONE',  ( -0.08232818409053988000, 0.1627489432849370800, -0.7875000000000003100 ) ) ;
#4374 = ORIENTED_EDGE ( 'NONE', *, *, #4131, .F. ) ;
#4375 = AXIS2_PLACEMENT_3D ( 'NONE', #1747, #273, #2466 ) ;
#4376 = ORIENTED_EDGE ( 'NONE', *, *, #1919, .F. ) ;
#4377 = CARTESIAN_POINT ( 'NONE',  ( -0.5176236959681910200, 0.01378000000000542200, -0.5184886000649031600 ) ) ;
#4378 = CARTESIAN_POINT ( 'NONE',  ( 0.01273105995800553700, 0.005273377697990950700, -1.074502747390032500E-033 ) ) ;
#4379 = EDGE_CURVE ( 'NONE', #3998, #832, #3548, .T. ) ;
#4380 = CYLINDRICAL_SURFACE ( 'NONE', #3328, 0.3149606299212597800 ) ;
#4381 = DIRECTION ( 'NONE',  ( 0.9238795325112876300, 0.3826834323650874500, -8.920344749722869000E-017 ) ) ;
#4382 = ORIENTED_EDGE ( 'NONE', *, *, #2329, .F. ) ;
#4383 = CARTESIAN_POINT ( 'NONE',  ( 0.2501431978237563200, 0.5678902254094944100, 0.2124999999999999900 ) ) ;
#4384 = LINE ( 'NONE', #1289, #1278 ) ;
#4385 = EDGE_CURVE ( 'NONE', #545, #667, #4413, .T. ) ;
#4386 = ORIENTED_EDGE ( 'NONE', *, *, #3920, .T. ) ;
#4387 = CARTESIAN_POINT ( 'NONE',  ( 0.5897053234851350500, -0.01378000000000206100, 0.6931467940284670200 ) ) ;
#4388 = DIRECTION ( 'NONE',  ( -0.0000000000000000000, -0.0000000000000000000, -1.000000000000000000 ) ) ;
#4389 = LINE ( 'NONE', #1793, #1394 ) ;
#4390 = DIRECTION ( 'NONE',  ( -1.000000000000000000, 3.491481338843133000E-015, 0.0000000000000000000 ) ) ;
#4391 = ORIENTED_EDGE ( 'NONE', *, *, #777, .T. ) ;
#4392 = CARTESIAN_POINT ( 'NONE',  ( -0.1963433969481034300, -0.4380060164825130800, -0.7875000000000005300 ) ) ;
#4393 = LINE ( 'NONE', #1157, #1461 ) ;
#4394 = ORIENTED_EDGE ( 'NONE', *, *, #511, .T. ) ;
#4395 = ADVANCED_FACE ( 'NONE', ( #3322 ), #46, .T. ) ;
#4396 = ORIENTED_EDGE ( 'NONE', *, *, #4620, .F. ) ;
#4397 = EDGE_CURVE ( 'NONE', #557, #52, #164, .T. ) ;
#4398 = ORIENTED_EDGE ( 'NONE', *, *, #1472, .T. ) ;
#4399 = CARTESIAN_POINT ( 'NONE',  ( 0.1076837406101431900, 0.2959804223400665500, -0.5119094488188979900 ) ) ;
#4400 = DIRECTION ( 'NONE',  ( -0.0000000000000000000, -0.0000000000000000000, -1.000000000000000000 ) ) ;
#4401 = VERTEX_POINT ( 'NONE', #1445 ) ;
#4402 = AXIS2_PLACEMENT_3D ( 'NONE', #4592, #3114, #4611 ) ;
#4403 = EDGE_CURVE ( 'NONE', #4437, #3439, #3160, .T. ) ;
#4404 = DIRECTION ( 'NONE',  ( -0.9238795325112865200, 0.3826834323650904500, 1.177569344012825800E-016 ) ) ;
#4405 = CARTESIAN_POINT ( 'NONE',  ( -0.6441802955571314100, 0.01378000000000674700, 0.3817521014761809900 ) ) ;
#4406 = DIRECTION ( 'NONE',  ( -1.000000000000000000, 0.0000000000000000000, 0.0000000000000000000 ) ) ;
#4407 = ORIENTED_EDGE ( 'NONE', *, *, #5, .F. ) ;
#4408 = LINE ( 'NONE', #2762, #2333 ) ;
#4409 = AXIS2_PLACEMENT_3D ( 'NONE', #781, #1892, #2258 ) ;
#4410 = EDGE_CURVE ( 'NONE', #4476, #1883, #3955, .T. ) ;
#4411 = CARTESIAN_POINT ( 'NONE',  ( -0.2412398945349481200, 0.5463957498597323800, 0.04700011390998477800 ) ) ;
#4412 = ORIENTED_EDGE ( 'NONE', *, *, #3455, .T. ) ;
#4413 = CIRCLE ( 'NONE', #2250, 0.6510058714408292200 ) ;
#4414 = VERTEX_POINT ( 'NONE', #277 ) ;
#4415 = ORIENTED_EDGE ( 'NONE', *, *, #3663, .F. ) ;
#4416 = DIRECTION ( 'NONE',  ( -0.0000000000000000000, -0.0000000000000000000, -1.000000000000000000 ) ) ;
#4417 = DIRECTION ( 'NONE',  ( -0.3826834323651003300, -0.9238795325112824100, -0.0000000000000000000 ) ) ;
#4418 = CARTESIAN_POINT ( 'NONE',  ( 0.0000000000000000000, 0.0000000000000000000, -0.7874999999999999800 ) ) ;
#4419 = ADVANCED_FACE ( 'NONE', ( #2340 ), #3217, .F. ) ;
#4420 = CARTESIAN_POINT ( 'NONE',  ( -0.06241552314329144200, -0.1866932777871349000, 0.1381789218234976700 ) ) ;
#4421 = LINE ( 'NONE', #1420, #735 ) ;
#4422 = VERTEX_POINT ( 'NONE', #1380 ) ;
#4423 = CARTESIAN_POINT ( 'NONE',  ( 0.3687095809907038300, 0.3881974438802037700, 0.7874999999999999800 ) ) ;
#4424 = VECTOR ( 'NONE', #3113, 39.37007874015748100 ) ;
#4425 = DIRECTION ( 'NONE',  ( -0.3826834323650906700, 0.9238795325112862900, 0.0000000000000000000 ) ) ;
#4426 =( BOUNDED_CURVE ( )  B_SPLINE_CURVE ( 3, ( #2633, #2287, #4510, #113 ),
 .UNSPECIFIED., .F., .F. ) 
 B_SPLINE_CURVE_WITH_KNOTS ( ( 4, 4 ),
 ( 6.213125608189635300, 6.283185307179575600 ),
 .UNSPECIFIED. ) 
 CURVE ( )  GEOMETRIC_REPRESENTATION_ITEM ( )  RATIONAL_B_SPLINE_CURVE ( ( 1.000000000000000000, 0.9995910117061518300, 0.9995910117061518300, 1.000000000000000000 ) ) 
 REPRESENTATION_ITEM ( '' )  );
#4427 = ORIENTED_EDGE ( 'NONE', *, *, #401, .F. ) ;
#4428 = LINE ( 'NONE', #1300, #3449 ) ;
#4429 = EDGE_LOOP ( 'NONE', ( #4232, #47, #2435, #829, #3931, #363, #1086 ) ) ;
#4430 = CIRCLE ( 'NONE', #2061, 0.5747999999999999800 ) ;
#4431 = EDGE_CURVE ( 'NONE', #1964, #320, #4250, .T. ) ;
#4432 = CARTESIAN_POINT ( 'NONE',  ( 0.01378000000000000100, 0.6510058714408292200, 0.4292699999999997600 ) ) ;
#4433 = DIRECTION ( 'NONE',  ( 0.0000000000000000000, 0.7071067811865490200, -0.7071067811865460200 ) ) ;
#4434 = DIRECTION ( 'NONE',  ( 0.0000000000000000000, 0.0000000000000000000, 1.000000000000000000 ) ) ;
#4435 = B_SPLINE_CURVE_WITH_KNOTS ( 'NONE', 3,
 ( #4475, #3681, #1832, #3351 ),
 .UNSPECIFIED., .F., .F.,
 ( 4, 4 ),
 ( 2.309592430349258200E-007, 0.006000552272120236200 ),
 .UNSPECIFIED. ) ;
#4436 = CARTESIAN_POINT ( 'NONE',  ( 0.5533782514116220000, 0.01377999999999806800, 0.7560491721204312100 ) ) ;
#4437 = VERTEX_POINT ( 'NONE', #732 ) ;
#4438 = VECTOR ( 'NONE', #720, 39.37007874015748100 ) ;
#4439 = DIRECTION ( 'NONE',  ( -1.000000000000000000, 0.0000000000000000000, 0.0000000000000000000 ) ) ;
#4440 = CARTESIAN_POINT ( 'NONE',  ( 0.4380060164825136900, -0.1963433969481019100, -0.7875000000000005300 ) ) ;
#4441 = CARTESIAN_POINT ( 'NONE',  ( 0.0000000000000000000, 0.0000000000000000000, -0.5119094488188979900 ) ) ;
#4442 = EDGE_CURVE ( 'NONE', #2709, #2951, #3834, .T. ) ;
#4443 = CARTESIAN_POINT ( 'NONE',  ( -0.3433814958169281700, -0.3628693587064232300, -0.6481465455388578700 ) ) ;
#4444 = ORIENTED_EDGE ( 'NONE', *, *, #2232, .T. ) ;
#4445 = FACE_OUTER_BOUND ( 'NONE', #2085, .T. ) ;
#4446 = DIRECTION ( 'NONE',  ( 0.0000000000000000000, 0.0000000000000000000, -1.000000000000000000 ) ) ;
#4447 = ORIENTED_EDGE ( 'NONE', *, *, #830, .T. ) ;
#4448 = CIRCLE ( 'NONE', #3354, 0.6534999999999999700 ) ;
#4449 = AXIS2_PLACEMENT_3D ( 'NONE', #3109, #3872, #1778 ) ;
#4450 = VERTEX_POINT ( 'NONE', #48 ) ;
#4451 = CARTESIAN_POINT ( 'NONE',  ( 0.4160720941408657100, 0.3965842312513631100, -0.7874999999999999800 ) ) ;
#4452 = CARTESIAN_POINT ( 'NONE',  ( 0.0000000000000000000, 0.0000000000000000000, -0.7874999999999999800 ) ) ;
#4453 = CIRCLE ( 'NONE', #1800, 0.5353914554318778300 ) ;
#4454 = ORIENTED_EDGE ( 'NONE', *, *, #1009, .T. ) ;
#4455 = VERTEX_POINT ( 'NONE', #3580 ) ;
#4456 = CARTESIAN_POINT ( 'NONE',  ( 0.009743931444750459500, -0.009743931444750792600, -0.1487517770866043600 ) ) ;
#4457 = DIRECTION ( 'NONE',  ( -1.000000000000000000, 0.0000000000000000000, 0.0000000000000000000 ) ) ;
#4458 = ORIENTED_EDGE ( 'NONE', *, *, #2465, .T. ) ;
#4459 = CARTESIAN_POINT ( 'NONE',  ( 0.0000000000000000000, 0.0000000000000000000, -0.7875000000000003100 ) ) ;
#4460 = EDGE_CURVE ( 'NONE', #257, #1523, #3605, .T. ) ;
#4461 = ORIENTED_EDGE ( 'NONE', *, *, #202, .F. ) ;
#4462 = CARTESIAN_POINT ( 'NONE',  ( 0.09085696843694801600, -0.2553570007485764200, 0.2125000000000000200 ) ) ;
#4463 = CARTESIAN_POINT ( 'NONE',  ( 0.4160447030433225800, -0.3965568401538255300, 0.7193110215654288100 ) ) ;
#4464 = ADVANCED_FACE ( 'NONE', ( #2988 ), #2206, .T. ) ;
#4465 = DIRECTION ( 'NONE',  ( -1.000000000000000000, 0.0000000000000000000, -0.0000000000000000000 ) ) ;
#4466 = CARTESIAN_POINT ( 'NONE',  ( 0.6321386216990705400, 0.01377999999999779400, 0.6196691518083300400 ) ) ;
#4467 = AXIS2_PLACEMENT_3D ( 'NONE', #1614, #3106, #1267 ) ;
#4468 = EDGE_CURVE ( 'NONE', #2998, #2128, #220, .T. ) ;
#4469 = ORIENTED_EDGE ( 'NONE', *, *, #2964, .F. ) ;
#4470 = SHAPE_DEFINITION_REPRESENTATION ( #199, #1921 ) ;
#4471 = DIRECTION ( 'NONE',  ( -0.3826834323650969400, -0.9238795325112838500, 0.0000000000000000000 ) ) ;
#4472 = ORIENTED_EDGE ( 'NONE', *, *, #2587, .F. ) ;
#4473 = FACE_OUTER_BOUND ( 'NONE', #1004, .T. ) ;
#4474 = EDGE_CURVE ( 'NONE', #974, #1407, #2749, .T. ) ;
#4475 = CARTESIAN_POINT ( 'NONE',  ( -0.3687095809906984500, 0.3881974438802088800, 0.7874999999999999800 ) ) ;
#4476 = VERTEX_POINT ( 'NONE', #1823 ) ;
#4477 = CYLINDRICAL_SURFACE ( 'NONE', #3365, 0.5747999999999999800 ) ;
#4478 = CARTESIAN_POINT ( 'NONE',  ( -0.01378000000000000100, 0.1963674848343153200, -0.3451192619209188500 ) ) ;
#4479 = CARTESIAN_POINT ( 'NONE',  ( -0.1485967115756398600, 0.1291088486861420600, 0.7874999999999999800 ) ) ;
#4480 = CARTESIAN_POINT ( 'NONE',  ( 0.0000000000000000000, 0.0000000000000000000, -0.7875000000000003100 ) ) ;
#4481 = CARTESIAN_POINT ( 'NONE',  ( 0.08232818409054094800, 0.1627489432849360000, -0.7875000000000003100 ) ) ;
#4482 = VERTEX_POINT ( 'NONE', #1871 ) ;
#4483 = VECTOR ( 'NONE', #1179, 39.37007874015748100 ) ;
#4484 =( BOUNDED_CURVE ( )  B_SPLINE_CURVE ( 3, ( #4478, #2684, #1568, #4124 ),
 .UNSPECIFIED., .F., .F. ) 
 B_SPLINE_CURVE_WITH_KNOTS ( ( 4, 4 ),
 ( 6.213125608189635300, 6.353245006169537100 ),
 .UNSPECIFIED. ) 
 CURVE ( )  GEOMETRIC_REPRESENTATION_ITEM ( )  RATIONAL_B_SPLINE_CURVE ( ( 1.000000000000000000, 0.9983645486388806900, 0.9983645486388806900, 1.000000000000000000 ) ) 
 REPRESENTATION_ITEM ( '' )  );
#4485 = ORIENTED_EDGE ( 'NONE', *, *, #1482, .F. ) ;
#4486 = CARTESIAN_POINT ( 'NONE',  ( -0.1485967115756399700, 0.1291088486861421100, -0.3451192619209188500 ) ) ;
#4487 = DIRECTION ( 'NONE',  ( -0.0000000000000000000, -0.0000000000000000000, -1.000000000000000000 ) ) ;
#4488 = CARTESIAN_POINT ( 'NONE',  ( 0.5746347984589863500, -0.01378000000000200800, -0.7874999999999999800 ) ) ;
#4489 = DIRECTION ( 'NONE',  ( -1.000000000000000000, 0.0000000000000000000, 0.0000000000000000000 ) ) ;
#4490 = DIRECTION ( 'NONE',  ( -0.0000000000000000000, -0.0000000000000000000, -1.000000000000000000 ) ) ;
#4491 = VECTOR ( 'NONE', #233, 39.37007874015748100 ) ;
#4492 = ORIENTED_EDGE ( 'NONE', *, *, #920, .F. ) ;
#4493 = DIRECTION ( 'NONE',  ( -0.0000000000000000000, -0.0000000000000000000, -1.000000000000000000 ) ) ;
#4494 = VECTOR ( 'NONE', #3780, 39.37007874015748100 ) ;
#4495 = VERTEX_POINT ( 'NONE', #4399 ) ;
#4496 = EDGE_CURVE ( 'NONE', #848, #3739, #1816, .T. ) ;
#4497 = DIRECTION ( 'NONE',  ( -0.0000000000000000000, -0.0000000000000000000, -1.000000000000000000 ) ) ;
#4498 = LINE ( 'NONE', #207, #4673 ) ;
#4499 = CARTESIAN_POINT ( 'NONE',  ( -0.3149606299212597800, 0.0000000000000000000, -0.7875000000000003100 ) ) ;
#4500 = ORIENTED_EDGE ( 'NONE', *, *, #578, .F. ) ;
#4501 = FACE_OUTER_BOUND ( 'NONE', #358, .T. ) ;
#4502 = CARTESIAN_POINT ( 'NONE',  ( -0.01378000000000000100, -0.5897053234851349400, 0.6931467940284671300 ) ) ;
#4503 = EDGE_CURVE ( 'NONE', #186, #1005, #1475, .T. ) ;
#4504 = VERTEX_POINT ( 'NONE', #4777 ) ;
#4505 = B_SPLINE_CURVE_WITH_KNOTS ( 'NONE', 3,
 ( #14, #3357, #2967, #2563, #1153, #3311, #3686, #1488, #1855, #31 ),
 .UNSPECIFIED., .F., .F.,
 ( 4, 3, 3, 4 ),
 ( 0.06085565139990051200, 0.06207447280232166600, 0.08516543236077783700, 0.08849113309542748500 ),
 .UNSPECIFIED. ) ;
#4506 = CARTESIAN_POINT ( 'NONE',  ( -0.005273377697990814600, 0.01273105995800558400, -0.05818856301081960800 ) ) ;
#4507 = ORIENTED_EDGE ( 'NONE', *, *, #2911, .T. ) ;
#4508 = ORIENTED_EDGE ( 'NONE', *, *, #1421, .T. ) ;
#4509 = ORIENTED_EDGE ( 'NONE', *, *, #3946, .F. ) ;
#4510 = CARTESIAN_POINT ( 'NONE',  ( -0.1968503937007875800, -0.004598033534377547900, -0.3456021707873910300 ) ) ;
#4511 = PLANE ( 'NONE',  #713 ) ;
#4512 = ORIENTED_EDGE ( 'NONE', *, *, #3785, .F. ) ;
#4513 = VERTEX_POINT ( 'NONE', #1135 ) ;
#4514 = DIRECTION ( 'NONE',  ( -0.3826834323650903900, -0.9238795325112864100, 0.0000000000000000000 ) ) ;
#4515 = CARTESIAN_POINT ( 'NONE',  ( 0.3965842312513615000, -0.4160720941408671000, -0.7874999999999999800 ) ) ;
#4516 = CARTESIAN_POINT ( 'NONE',  ( 0.0000000000000000000, 0.1968503937007876600, -0.7875000000000003100 ) ) ;
#4517 = CARTESIAN_POINT ( 'NONE',  ( 0.0000000000000000000, 0.0000000000000000000, -0.7874999999999999800 ) ) ;
#4518 = AXIS2_PLACEMENT_3D ( 'NONE', #2271, #817, #2685 ) ;
#4519 = VERTEX_POINT ( 'NONE', #2221 ) ;
#4520 = EDGE_CURVE ( 'NONE', #3140, #2595, #1647, .T. ) ;
#4521 = FACE_OUTER_BOUND ( 'NONE', #887, .T. ) ;
#4522 = ORIENTED_EDGE ( 'NONE', *, *, #2062, .F. ) ;
#4523 = DIRECTION ( 'NONE',  ( 0.3826834323650906700, -0.9238795325112864100, -8.920344749722869000E-017 ) ) ;
#4524 = VECTOR ( 'NONE', #1351, 39.37007874015748100 ) ;
#4525 = EDGE_CURVE ( 'NONE', #242, #557, #1304, .T. ) ;
#4526 = ORIENTED_EDGE ( 'NONE', *, *, #3570, .F. ) ;
#4527 = CARTESIAN_POINT ( 'NONE',  ( -0.1708812770320894700, 0.4485527718784962900, -0.7874999999999999800 ) ) ;
#4528 = VECTOR ( 'NONE', #3589, 39.37007874015748100 ) ;
#4529 = CARTESIAN_POINT ( 'NONE',  ( 0.5115474638116273000, 0.01377999999999821600, -0.5617079260506034900 ) ) ;
#4530 = DIRECTION ( 'NONE',  ( 0.7071067811865460200, -7.406550393246780600E-015, -0.7071067811865490200 ) ) ;
#4531 = B_SPLINE_CURVE_WITH_KNOTS ( 'NONE', 3,
 ( #1207, #541, #900, #3778, #1576, #3471, #4154 ),
 .UNSPECIFIED., .F., .F.,
 ( 4, 3, 4 ),
 ( 0.01722688658365285900, 0.01994159200146799700, 0.02322720776416870700 ),
 .UNSPECIFIED. ) ;
#4532 = VERTEX_POINT ( 'NONE', #3324 ) ;
#4533 = EDGE_CURVE ( 'NONE', #1883, #4699, #4505, .T. ) ;
#4534 = CARTESIAN_POINT ( 'NONE',  ( 0.1963433969481004900, -0.4380060164825144200, -0.7874999999999999800 ) ) ;
#4535 = CIRCLE ( 'NONE', #4696, 0.5353914554318778300 ) ;
#4536 = VERTEX_POINT ( 'NONE', #1473 ) ;
#4537 = CIRCLE ( 'NONE', #502, 0.3149606299212597800 ) ;
#4538 = CARTESIAN_POINT ( 'NONE',  ( 0.2008132303129538700, -0.5208148994374767200, -0.2311669415155345500 ) ) ;
#4539 = ORIENTED_EDGE ( 'NONE', *, *, #1400, .T. ) ;
#4540 = FACE_OUTER_BOUND ( 'NONE', #3573, .T. ) ;
#4541 = DIRECTION ( 'NONE',  ( -1.000000000000000000, 0.0000000000000000000, 0.0000000000000000000 ) ) ;
#4542 = CARTESIAN_POINT ( 'NONE',  ( 0.0000000000000000000, 0.0000000000000000000, -0.7875000000000003100 ) ) ;
#4543 = PLANE ( 'NONE',  #2841 ) ;
#4544 = ORIENTED_EDGE ( 'NONE', *, *, #4550, .T. ) ;
#4545 = VECTOR ( 'NONE', #544, 39.37007874015748100 ) ;
#4546 = EDGE_CURVE ( 'NONE', #4199, #3786, #2688, .T. ) ;
#4547 = DIRECTION ( 'NONE',  ( -0.0000000000000000000, -0.0000000000000000000, -1.000000000000000000 ) ) ;
#4548 = ORIENTED_EDGE ( 'NONE', *, *, #1428, .F. ) ;
#4549 = AXIS2_PLACEMENT_3D ( 'NONE', #1827, #4404, #4033 ) ;
#4550 = EDGE_CURVE ( 'NONE', #3404, #3864, #3719, .T. ) ;
#4551 = ORIENTED_EDGE ( 'NONE', *, *, #4096, .T. ) ;
#4552 = CARTESIAN_POINT ( 'NONE',  ( 0.0000000000000000000, 0.0000000000000000000, 0.5829299999999997300 ) ) ;
#4553 = DIRECTION ( 'NONE',  ( 0.0000000000000000000, 0.0000000000000000000, 1.000000000000000000 ) ) ;
#4554 = CARTESIAN_POINT ( 'NONE',  ( 0.5712722231176584600, -0.2217133381023365700, 0.1573333610333200500 ) ) ;
#4555 = VECTOR ( 'NONE', #3624, 39.37007874015748100 ) ;
#4556 = VECTOR ( 'NONE', #3440, 39.37007874015748100 ) ;
#4557 = VERTEX_POINT ( 'NONE', #2549 ) ;
#4558 = AXIS2_PLACEMENT_3D ( 'NONE', #2452, #2785, #3564 ) ;
#4559 = CARTESIAN_POINT ( 'NONE',  ( 0.4699714600925027900, 0.4504835972029998500, 0.4292699999999997600 ) ) ;
#4560 = DIRECTION ( 'NONE',  ( -1.000000000000000000, 0.0000000000000000000, 0.0000000000000000000 ) ) ;
#4561 = EDGE_CURVE ( 'NONE', #1486, #2568, #710, .T. ) ;
#4562 = DIRECTION ( 'NONE',  ( 0.0000000000000000000, 0.0000000000000000000, 1.000000000000000000 ) ) ;
#4563 = VECTOR ( 'NONE', #1195, 39.37007874015748900 ) ;
#4564 = ORIENTED_EDGE ( 'NONE', *, *, #3274, .F. ) ;
#4565 = B_SPLINE_CURVE_WITH_KNOTS ( 'NONE', 3,
 ( #2872, #2836, #3235, #3970, #4325, #4666, #281 ),
 .UNSPECIFIED., .F., .F.,
 ( 4, 3, 4 ),
 ( 2.019671278339852300E-007, 0.02140495045453186300, 0.02564998077238688600 ),
 .UNSPECIFIED. ) ;
#4566 = ORIENTED_EDGE ( 'NONE', *, *, #3022, .T. ) ;
#4567 = CARTESIAN_POINT ( 'NONE',  ( 0.2553570007485767600, 0.09085696843694712800, 0.2125000000000000200 ) ) ;
#4568 = CARTESIAN_POINT ( 'NONE',  ( -0.2187455714286843900, -0.5641074005641632000, 0.1021667319364034200 ) ) ;
#4569 = DIRECTION ( 'NONE',  ( -0.0000000000000000000, -0.0000000000000000000, -1.000000000000000000 ) ) ;
#4570 = CARTESIAN_POINT ( 'NONE',  ( 0.2187455714286805400, -0.5641074005641646400, 0.1021667319364034200 ) ) ;
#4571 = ORIENTED_EDGE ( 'NONE', *, *, #166, .T. ) ;
#4572 = DATE_AND_TIME ( #159, #1129 ) ;
#4573 = CARTESIAN_POINT ( 'NONE',  ( 0.1761465223911536900, 0.08787764305930066700, -0.7874999999999999800 ) ) ;
#4574 = DIRECTION ( 'NONE',  ( 0.9238795325112876300, 0.3826834323650873900, 0.0000000000000000000 ) ) ;
#4575 = EDGE_LOOP ( 'NONE', ( #983, #1307, #912, #1969 ) ) ;
#4576 = CIRCLE ( 'NONE', #3953, 0.1968503937007875500 ) ;
#4577 = CARTESIAN_POINT ( 'NONE',  ( -0.01378000000000000100, -0.5352140900139535900, 0.7874999999999999800 ) ) ;
#4578 = AXIS2_PLACEMENT_3D ( 'NONE', #764, #1136, #1907 ) ;
#4579 = CARTESIAN_POINT ( 'NONE',  ( -0.4160720941408602200, 0.3965842312513688200, -0.7874999999999999800 ) ) ;
#4580 = EDGE_CURVE ( 'NONE', #4622, #3965, #4576, .T. ) ;
#4581 = VERTEX_POINT ( 'NONE', #1538 ) ;
#4582 = VECTOR ( 'NONE', #3318, 39.37007874015748900 ) ;
#4583 = CARTESIAN_POINT ( 'NONE',  ( 0.01378000000000000100, 0.5746347984589864600, -0.7874999999999999800 ) ) ;
#4584 = DIRECTION ( 'NONE',  ( -0.0000000000000000000, -0.0000000000000000000, -1.000000000000000000 ) ) ;
#4585 = ORIENTED_EDGE ( 'NONE', *, *, #1305, .T. ) ;
#4586 = AXIS2_PLACEMENT_3D ( 'NONE', #1899, #3333, #3031 ) ;
#4587 = VECTOR ( 'NONE', #1189, 39.37007874015748900 ) ;
#4588 = EDGE_CURVE ( 'NONE', #898, #608, #4004, .T. ) ;
#4589 = ORIENTED_EDGE ( 'NONE', *, *, #4503, .T. ) ;
#4590 = DIRECTION ( 'NONE',  ( -0.0000000000000000000, -0.0000000000000000000, -1.000000000000000000 ) ) ;
#4591 = DIRECTION ( 'NONE',  ( -0.0000000000000000000, 0.0000000000000000000, -1.000000000000000000 ) ) ;
#4592 = CARTESIAN_POINT ( 'NONE',  ( 0.0000000000000000000, 0.1968503937007876600, -0.7875000000000003100 ) ) ;
#4593 = FACE_OUTER_BOUND ( 'NONE', #678, .T. ) ;
#4594 = B_SPLINE_CURVE_WITH_KNOTS ( 'NONE', 3,
 ( #3398, #4088, #1881, #3367, #3697, #3382, #1178 ),
 .UNSPECIFIED., .F., .F.,
 ( 4, 3, 4 ),
 ( 2.019671278479972000E-007, 0.02140495045453186600, 0.02564998077238689300 ),
 .UNSPECIFIED. ) ;
#4595 = CC_DESIGN_APPROVAL ( #2378, ( #2629 ) ) ;
#4596 = AXIS2_PLACEMENT_3D ( 'NONE', #737, #3270, #2909 ) ;
#4597 = ORIENTED_EDGE ( 'NONE', *, *, #4410, .T. ) ;
#4598 = CARTESIAN_POINT ( 'NONE',  ( 0.4523503500606590500, 0.4718382129501587100, 0.7874999999999999800 ) ) ;
#4599 = DIRECTION ( 'NONE',  ( 1.000000000000000000, 0.0000000000000000000, -8.241323937213459900E-017 ) ) ;
#4600 = VECTOR ( 'NONE', #3806, 39.37007874015748100 ) ;
#4601 = ORIENTED_EDGE ( 'NONE', *, *, #4525, .T. ) ;
#4602 = DIRECTION ( 'NONE',  ( -1.000000000000000000, 0.0000000000000000000, 0.0000000000000000000 ) ) ;
#4603 =( CONVERSION_BASED_UNIT ( 'INCH', #4246 ) LENGTH_UNIT ( ) NAMED_UNIT ( #1977 ) );
#4604 = CARTESIAN_POINT ( 'NONE',  ( -0.06241552314329144200, -0.1866932777871349000, 0.1381789218234976700 ) ) ;
#4605 = LINE ( 'NONE', #3415, #3860 ) ;
#4606 = CARTESIAN_POINT ( 'NONE',  ( -0.6109222046738884700, -0.01377999999999360300, 0.6564081069484641900 ) ) ;
#4607 = VERTEX_POINT ( 'NONE', #3009 ) ;
#4608 = LINE ( 'NONE', #1100, #73 ) ;
#4609 = PLANE ( 'NONE',  #2882 ) ;
#4610 = ADVANCED_FACE ( 'NONE', ( #958 ), #795, .F. ) ;
#4611 = DIRECTION ( 'NONE',  ( -1.000000000000000000, 0.0000000000000000000, 0.0000000000000000000 ) ) ;
#4612 = AXIS2_PLACEMENT_3D ( 'NONE', #1809, #1503, #1074 ) ;
#4613 = ORIENTED_EDGE ( 'NONE', *, *, #1870, .F. ) ;
#4614 = EDGE_CURVE ( 'NONE', #123, #2939, #2047, .T. ) ;
#4615 = CIRCLE ( 'NONE', #4368, 0.5748000000000000900 ) ;
#4616 = DIRECTION ( 'NONE',  ( -1.000000000000000000, 0.0000000000000000000, 0.0000000000000000000 ) ) ;
#4617 = DIRECTION ( 'NONE',  ( -1.000000000000000000, 0.0000000000000000000, 0.0000000000000000000 ) ) ;
#4618 = ORIENTED_EDGE ( 'NONE', *, *, #4111, .T. ) ;
#4619 = AXIS2_PLACEMENT_3D ( 'NONE', #2606, #1159, #2294 ) ;
#4620 = EDGE_CURVE ( 'NONE', #903, #3426, #3776, .T. ) ;
#4621 = DIRECTION ( 'NONE',  ( -0.0000000000000000000, -0.0000000000000000000, -1.000000000000000000 ) ) ;
#4622 = VERTEX_POINT ( 'NONE', #64 ) ;
#4623 = DIRECTION ( 'NONE',  ( -0.0000000000000000000, -0.0000000000000000000, -1.000000000000000000 ) ) ;
#4624 = CARTESIAN_POINT ( 'NONE',  ( -0.09085696843694977800, -0.2553570007485758100, 0.2125000000000000200 ) ) ;
#4625 = ORIENTED_EDGE ( 'NONE', *, *, #3763, .F. ) ;
#4626 = VERTEX_POINT ( 'NONE', #3756 ) ;
#4627 = EDGE_LOOP ( 'NONE', ( #2356, #450, #1978, #3316, #4447, #484, #580 ) ) ;
#4628 = VERTEX_POINT ( 'NONE', #4479 ) ;
#4629 = AXIS2_PLACEMENT_3D ( 'NONE', #3836, #915, #3489 ) ;
#4630 = ORIENTED_EDGE ( 'NONE', *, *, #3785, .T. ) ;
#4631 = EDGE_CURVE ( 'NONE', #1221, #1491, #844, .T. ) ;
#4632 = CARTESIAN_POINT ( 'NONE',  ( 0.0000000000000000000, 0.0000000000000000000, -0.7875000000000005300 ) ) ;
#4633 = CARTESIAN_POINT ( 'NONE',  ( 0.0000000000000000000, 0.0000000000000000000, -0.5119094488188979900 ) ) ;
#4634 =( BOUNDED_CURVE ( )  B_SPLINE_CURVE ( 3, ( #4183, #1224, #1616, #2752 ),
 .UNSPECIFIED., .F., .F. ) 
 B_SPLINE_CURVE_WITH_KNOTS ( ( 4, 4 ),
 ( 6.213125608189635300, 6.353245006169537100 ),
 .UNSPECIFIED. ) 
 CURVE ( )  GEOMETRIC_REPRESENTATION_ITEM ( )  RATIONAL_B_SPLINE_CURVE ( ( 1.000000000000000000, 0.9983645486388806900, 0.9983645486388806900, 1.000000000000000000 ) ) 
 REPRESENTATION_ITEM ( '' )  );
#4635 = ORIENTED_EDGE ( 'NONE', *, *, #4655, .T. ) ;
#4636 = DIRECTION ( 'NONE',  ( -1.000000000000000000, 0.0000000000000000000, 0.0000000000000000000 ) ) ;
#4637 = ADVANCED_FACE ( 'NONE', ( #4521 ), #4165, .T. ) ;
#4638 = ORIENTED_EDGE ( 'NONE', *, *, #2213, .T. ) ;
#4639 = SECURITY_CLASSIFICATION_LEVEL ( 'unclassified' ) ;
#4640 = CARTESIAN_POINT ( 'NONE',  ( -0.1963433969481004900, 0.4380060164825144200, -0.7874999999999999800 ) ) ;
#4641 = PLANE ( 'NONE',  #1419 ) ;
#4642 = LINE ( 'NONE', #4227, #3895 ) ;
#4643 = ORIENTED_EDGE ( 'NONE', *, *, #4315, .F. ) ;
#4644 = EDGE_CURVE ( 'NONE', #3116, #3356, #4426, .T. ) ;
#4645 = DIRECTION ( 'NONE',  ( 0.0000000000000000000, 0.0000000000000000000, 1.000000000000000000 ) ) ;
#4646 = VECTOR ( 'NONE', #2066, 39.37007874015748900 ) ;
#4647 = CARTESIAN_POINT ( 'NONE',  ( 0.3433814958169231200, -0.3628693587064280000, -0.6481465455388577500 ) ) ;
#4648 = CARTESIAN_POINT ( 'NONE',  ( 4.811261284925837800E-017, 0.01378000000000000100, 0.0000000000000000000 ) ) ;
#4649 = ORIENTED_EDGE ( 'NONE', *, *, #4379, .T. ) ;
#4650 = CARTESIAN_POINT ( 'NONE',  ( 0.3881974438802051600, 0.3687095809907026100, 0.7874999999999999800 ) ) ;
#4651 = FACE_OUTER_BOUND ( 'NONE', #3653, .T. ) ;
#4652 = AXIS2_PLACEMENT_3D ( 'NONE', #1091, #2176, #687 ) ;
#4653 = DIRECTION ( 'NONE',  ( -0.0000000000000000000, -0.0000000000000000000, -1.000000000000000000 ) ) ;
#4654 = DIRECTION ( 'NONE',  ( 1.000000000000000000, 0.0000000000000000000, -0.0000000000000000000 ) ) ;
#4655 = EDGE_CURVE ( 'NONE', #2458, #1005, #784, .T. ) ;
#4656 = ORIENTED_EDGE ( 'NONE', *, *, #3791, .F. ) ;
#4657 = DATE_TIME_ROLE ( 'creation_date' ) ;
#4658 = CARTESIAN_POINT ( 'NONE',  ( 0.0000000000000000000, 0.5747999999999999800, 0.5709999999999998400 ) ) ;
#4659 = CARTESIAN_POINT ( 'NONE',  ( 0.08787764305930119400, -0.1761465223911534400, 0.1381789218234976700 ) ) ;
#4660 = AXIS2_PLACEMENT_3D ( 'NONE', #2019, #4590, #2388 ) ;
#4661 = ORIENTED_EDGE ( 'NONE', *, *, #1912, .F. ) ;
#4662 = EDGE_CURVE ( 'NONE', #1393, #988, #505, .T. ) ;
#4663 = CARTESIAN_POINT ( 'NONE',  ( 0.6533546981540731000, -0.01378000000000228300, -0.7874999999999999800 ) ) ;
#4664 = CARTESIAN_POINT ( 'NONE',  ( 0.0000000000000000000, 0.0000000000000000000, -0.5119094488188979900 ) ) ;
#4665 = ADVANCED_FACE ( 'NONE', ( #4123 ), #452, .T. ) ;
#4666 = CARTESIAN_POINT ( 'NONE',  ( 0.5712722231176600200, 0.2217133381023326500, 0.1573333610333200500 ) ) ;
#4667 = DIRECTION ( 'NONE',  ( 0.9238795325112864100, 0.3826834323650907300, 1.177569344012825500E-016 ) ) ;
#4668 = VERTEX_POINT ( 'NONE', #2384 ) ;
#4669 = VECTOR ( 'NONE', #1585, 39.37007874015748100 ) ;
#4670 = DIRECTION ( 'NONE',  ( 1.000000000000000000, 0.0000000000000000000, -0.0000000000000000000 ) ) ;
#4671 = ORIENTED_EDGE ( 'NONE', *, *, #1882, .F. ) ;
#4672 = CARTESIAN_POINT ( 'NONE',  ( -0.3965842312513673800, -0.4160720941408615500, 0.5709999999999997300 ) ) ;
#4673 = VECTOR ( 'NONE', #3162, 39.37007874015748900 ) ;
#4674 = VERTEX_POINT ( 'NONE', #1965 ) ;
#4675 = DIRECTION ( 'NONE',  ( -0.0000000000000000000, -0.0000000000000000000, -1.000000000000000000 ) ) ;
#4676 = CARTESIAN_POINT ( 'NONE',  ( 0.5678902254094934100, -0.2501431978237583200, 0.2124999999999999900 ) ) ;
#4677 = LINE ( 'NONE', #3275, #2839 ) ;
#4678 = ORIENTED_EDGE ( 'NONE', *, *, #3512, .T. ) ;
#4679 = CARTESIAN_POINT ( 'NONE',  ( -0.1968503937007875500, 0.0000000000000000000, -0.5119094488188979900 ) ) ;
#4680 = CARTESIAN_POINT ( 'NONE',  ( -0.5746347984589865700, -0.01377999999999398300, 0.4292699999999999300 ) ) ;
#4681 = LINE ( 'NONE', #4356, #141 ) ;
#4682 = DIRECTION ( 'NONE',  ( -0.3826834323650872800, 0.9238795325112876300, -0.0000000000000000000 ) ) ;
#4683 = DIRECTION ( 'NONE',  ( -0.3826834323650906700, 0.9238795325112862900, 0.0000000000000000000 ) ) ;
#4684 = AXIS2_PLACEMENT_3D ( 'NONE', #4459, #4446, #4108 ) ;
#4685 = FACE_OUTER_BOUND ( 'NONE', #3319, .T. ) ;
#4686 = EDGE_CURVE ( 'NONE', #3410, #1284, #4296, .T. ) ;
#4687 = EDGE_LOOP ( 'NONE', ( #1315, #1443, #4544, #1038 ) ) ;
#4688 = CARTESIAN_POINT ( 'NONE',  ( 0.2854336669440841700, -0.1331458605261551800, -0.7875000000000003100 ) ) ;
#4689 = DIRECTION ( 'NONE',  ( 0.7071067811865389100, -0.7071067811865561200, 0.0000000000000000000 ) ) ;
#4690 = FACE_OUTER_BOUND ( 'NONE', #2702, .T. ) ;
#4691 = ORIENTED_EDGE ( 'NONE', *, *, #2154, .F. ) ;
#4692 = DIRECTION ( 'NONE',  ( 1.000000000000000000, -2.753353101070388500E-014, 5.502957744461820500E-017 ) ) ;
#4693 = ORIENTED_EDGE ( 'NONE', *, *, #1545, .T. ) ;
#4694 = VERTEX_POINT ( 'NONE', #211 ) ;
#4695 = ADVANCED_FACE ( 'NONE', ( #1705 ), #615, .T. ) ;
#4696 = AXIS2_PLACEMENT_3D ( 'NONE', #1650, #1164, #3736 ) ;
#4697 = EDGE_CURVE ( 'NONE', #1037, #716, #4408, .T. ) ;
#4698 = CARTESIAN_POINT ( 'NONE',  ( -0.01273105995800549400, 0.005273377697991038300, -0.05818856301081960800 ) ) ;
#4699 = VERTEX_POINT ( 'NONE', #3151 ) ;
#4700 = ORIENTED_EDGE ( 'NONE', *, *, #2994, .F. ) ;
#4701 = CARTESIAN_POINT ( 'NONE',  ( 0.0000000000000000000, 0.5353914554318778300, 0.7874999999999998700 ) ) ;
#4702 = CARTESIAN_POINT ( 'NONE',  ( 0.09085696843694800200, 0.2553570007485764800, 0.2125000000000000200 ) ) ;
#4703 = CARTESIAN_POINT ( 'NONE',  ( 0.1291088486861405600, 0.1485967115756413000, -0.7874999999999999800 ) ) ;
#4704 = CARTESIAN_POINT ( 'NONE',  ( 0.2113100845158824800, 0.4741387965924545600, -0.5093337319563666600 ) ) ;
#4705 = ORIENTED_EDGE ( 'NONE', *, *, #2624, .T. ) ;
#4706 = APPROVAL_DATE_TIME ( #3261, #1303 ) ;
#4707 = CARTESIAN_POINT ( 'NONE',  ( 0.4504835972030015700, 0.4699714600925010700, 0.4292699999999997600 ) ) ;
#4708 = DIRECTION ( 'NONE',  ( -0.0000000000000000000, -0.0000000000000000000, -1.000000000000000000 ) ) ;
#4709 = ORIENTED_EDGE ( 'NONE', *, *, #3447, .T. ) ;
#4710 = ORIENTED_EDGE ( 'NONE', *, *, #740, .F. ) ;
#4711 = VECTOR ( 'NONE', #1481, 39.37007874015748100 ) ;
#4712 = EDGE_CURVE ( 'NONE', #4109, #320, #3380, .T. ) ;
#4713 = ORIENTED_EDGE ( 'NONE', *, *, #926, .T. ) ;
#4714 = DIRECTION ( 'NONE',  ( -0.0000000000000000000, -0.0000000000000000000, -1.000000000000000000 ) ) ;
#4715 = ADVANCED_FACE ( 'NONE', ( #672 ), #567, .F. ) ;
#4716 = CARTESIAN_POINT ( 'NONE',  ( 0.5746347984589865700, 0.01377999999999799500, 0.4292699999999999300 ) ) ;
#4717 = CARTESIAN_POINT ( 'NONE',  ( -0.01273105995800553700, -0.005273377697990950700, -1.074502747390032500E-033 ) ) ;
#4718 = VECTOR ( 'NONE', #2969, 39.37007874015748900 ) ;
#4719 = ORIENTED_EDGE ( 'NONE', *, *, #3698, .T. ) ;
#4720 = CARTESIAN_POINT ( 'NONE',  ( -0.01273105995800544700, 0.005273377697991017500, -0.5119094488188979900 ) ) ;
#4721 = VECTOR ( 'NONE', #4682, 39.37007874015748900 ) ;
#4722 = EDGE_CURVE ( 'NONE', #3465, #3385, #2315, .T. ) ;
#4723 = ORIENTED_EDGE ( 'NONE', *, *, #385, .T. ) ;
#4724 = DIRECTION ( 'NONE',  ( -0.0000000000000000000, -0.0000000000000000000, -1.000000000000000000 ) ) ;
#4725 = LINE ( 'NONE', #1434, #3740 ) ;
#4726 =( BOUNDED_CURVE ( )  B_SPLINE_CURVE ( 3, ( #4117, #1898, #2623, #2265 ),
 .UNSPECIFIED., .F., .F. ) 
 B_SPLINE_CURVE_WITH_KNOTS ( ( 4, 4 ),
 ( 3.141592653589802000, 3.165540090278905300 ),
 .UNSPECIFIED. ) 
 CURVE ( )  GEOMETRIC_REPRESENTATION_ITEM ( )  RATIONAL_B_SPLINE_CURVE ( ( 1.000000000000000000, 0.9999522105939695500, 0.9999522105939695500, 1.000000000000000000 ) ) 
 REPRESENTATION_ITEM ( '' )  );
#4727 = EDGE_CURVE ( 'NONE', #1375, #1715, #3797, .T. ) ;
#4728 = EDGE_LOOP ( 'NONE', ( #4179, #2225, #762, #770 ) ) ;
#4729 = CIRCLE ( 'NONE', #126, 0.3149606299212597800 ) ;
#4730 = DIRECTION ( 'NONE',  ( -1.000000000000000000, 0.0000000000000000000, 0.0000000000000000000 ) ) ;
#4731 = DIRECTION ( 'NONE',  ( -0.0000000000000000000, -0.0000000000000000000, -1.000000000000000000 ) ) ;
#4732 = DIRECTION ( 'NONE',  ( -1.000000000000000000, 0.0000000000000000000, 0.0000000000000000000 ) ) ;
#4733 = ORIENTED_EDGE ( 'NONE', *, *, #1173, .F. ) ;
#4734 = CIRCLE ( 'NONE', #1262, 0.6534999999999999700 ) ;
#4735 = CARTESIAN_POINT ( 'NONE',  ( -0.5598121074290576300, 0.01378000000000586400, -0.2184087708608179200 ) ) ;
#4736 = CARTESIAN_POINT ( 'NONE',  ( -0.2553570007485754800, 0.09085696843695066600, 0.2125000000000000200 ) ) ;
#4737 = ORIENTED_EDGE ( 'NONE', *, *, #292, .F. ) ;
#4738 = FACE_OUTER_BOUND ( 'NONE', #3389, .T. ) ;
#4739 = ADVANCED_FACE ( 'NONE', ( #1766 ), #2509, .T. ) ;
#4740 = ORIENTED_EDGE ( 'NONE', *, *, #109, .T. ) ;
#4741 = ORIENTED_EDGE ( 'NONE', *, *, #3671, .T. ) ;
#4742 = EDGE_LOOP ( 'NONE', ( #2736, #621, #3454, #3542 ) ) ;
#4743 = ORIENTED_EDGE ( 'NONE', *, *, #353, .T. ) ;
#4744 = PLANE ( 'NONE',  #2498 ) ;
#4745 = CARTESIAN_POINT ( 'NONE',  ( 0.4504835972030015700, 0.4699714600925010700, 0.4292699999999997600 ) ) ;
#4746 = CARTESIAN_POINT ( 'NONE',  ( 0.1966893582170024000, -0.009193246255924249200, -0.3454411353036058200 ) ) ;
#4747 = CARTESIAN_POINT ( 'NONE',  ( 0.0000000000000000000, 0.0000000000000000000, -0.7874999999999999800 ) ) ;
#4748 = AXIS2_PLACEMENT_3D ( 'NONE', #1656, #1690, #2771 ) ;
#4749 = EDGE_CURVE ( 'NONE', #3006, #271, #4642, .T. ) ;
#4750 = ORIENTED_EDGE ( 'NONE', *, *, #704, .T. ) ;
#4751 = ORIENTED_EDGE ( 'NONE', *, *, #3482, .T. ) ;
#4752 = DIRECTION ( 'NONE',  ( -0.0000000000000000000, -0.0000000000000000000, -1.000000000000000000 ) ) ;
#4753 = DIRECTION ( 'NONE',  ( -1.000000000000000000, 0.0000000000000000000, 0.0000000000000000000 ) ) ;
#4754 = EDGE_LOOP ( 'NONE', ( #1211, #1302, #1114, #4082, #1128, #4339, #3172, #1054, #3445 ) ) ;
#4755 = AXIS2_PLACEMENT_3D ( 'NONE', #1513, #4055, #1160 ) ;
#4756 = EDGE_CURVE ( 'NONE', #864, #2090, #1534, .T. ) ;
#4757 = CARTESIAN_POINT ( 'NONE',  ( -0.3565311612989919300, 0.3500339650584188300, -0.6483687692838571200 ) ) ;
#4758 = LOCAL_TIME ( 10, 25, 45.00000000000000000, #955 ) ;
#4759 = ORIENTED_EDGE ( 'NONE', *, *, #3882, .T. ) ;
#4760 = DIRECTION ( 'NONE',  ( -0.0000000000000000000, -0.0000000000000000000, -1.000000000000000000 ) ) ;
#4761 = CARTESIAN_POINT ( 'NONE',  ( -0.01378000000000000100, 0.6508600127911020600, 0.4292699999999997600 ) ) ;
#4762 = VECTOR ( 'NONE', #3436, 39.37007874015748100 ) ;
#4763 = ADVANCED_FACE ( 'NONE', ( #2565 ), #1662, .F. ) ;
#4764 = DIRECTION ( 'NONE',  ( 0.0000000000000000000, -1.000000000000000000, 0.0000000000000000000 ) ) ;
#4765 = VERTEX_POINT ( 'NONE', #942 ) ;
#4766 = CARTESIAN_POINT ( 'NONE',  ( -0.2412398945349518700, -0.5463957498597308300, 0.04700011390998477100 ) ) ;
#4767 = LINE ( 'NONE', #4663, #3782 ) ;
#4768 = CARTESIAN_POINT ( 'NONE',  ( -0.01273105995800552000, 0.005273377697990945500, -1.074502747390032500E-033 ) ) ;
#4769 = CARTESIAN_POINT ( 'NONE',  ( -0.01378000000000000100, 0.1963674848343153200, -0.7874999999999999800 ) ) ;
#4770 = ORIENTED_EDGE ( 'NONE', *, *, #3005, .F. ) ;
#4771 = LINE ( 'NONE', #522, #3787 ) ;
#4772 = CARTESIAN_POINT ( 'NONE',  ( 0.0000000000000000000, 0.6510058714408292200, 0.4292699999999997600 ) ) ;
#4773 = ORIENTED_EDGE ( 'NONE', *, *, #3022, .F. ) ;
#4774 = VECTOR ( 'NONE', #3128, 39.37007874015748100 ) ;
#4775 = AXIS2_PLACEMENT_3D ( 'NONE', #4480, #4113, #2303 ) ;
#4776 = EDGE_CURVE ( 'NONE', #1920, #3566, #3495, .T. ) ;
#4777 = CARTESIAN_POINT ( 'NONE',  ( -0.3965842312513673300, -0.4160720941408615500, 0.4292699999999999300 ) ) ;
#4778 = CARTESIAN_POINT ( 'NONE',  ( 0.1761465223911531700, -0.08787764305930170800, -0.5119094488188979900 ) ) ;
#4779 = EDGE_LOOP ( 'NONE', ( #2261, #4678, #1146, #4106 ) ) ;
ENDSEC;
END-ISO-10303-21;
