ISO-10303-21;
HEADER;
FILE_DESCRIPTION (( 'STEP AP203' ),
    '1' );
FILE_NAME ('3321A21_ER-32 Collet.STEP',
    '2021-09-14T15:30:58',
    ( 'Administrator' ),
    ( 'Managed by Terraform' ),
    'SwSTEP 2.0',
    'SolidWorks 2017',
    '' );
FILE_SCHEMA (( 'CONFIG_CONTROL_DESIGN' ));
ENDSEC;

DATA;
#1 = AXIS2_PLACEMENT_3D ( 'NONE', #838, #2381, #2395 ) ;
#2 = EDGE_CURVE ( 'NONE', #494, #1070, #3439, .T. ) ;
#3 = DIRECTION ( 'NONE',  ( -0.8660254037844363800, -0.5000000000000041100, 1.300879996982982500E-016 ) ) ;
#4 = CARTESIAN_POINT ( 'NONE',  ( 7.409113134841489000E-017, 0.0000000000000000000, 0.4250000000000001000 ) ) ;
#5 = CARTESIAN_POINT ( 'NONE',  ( 0.2991221016894741200, 0.4980946777929480800, -0.06589369714728167400 ) ) ;
#6 = AXIS2_PLACEMENT_3D ( 'NONE', #3503, #1674, #3182 ) ;
#7 = DIRECTION ( 'NONE',  ( 0.6123724356958034600, -0.3535533905932769500, 0.7071067811865381400 ) ) ;
#8 = CARTESIAN_POINT ( 'NONE',  ( 9.613477373306722300E-017, 0.0000000000000000000, 0.7849999999999998100 ) ) ;
#9 = AXIS2_PLACEMENT_3D ( 'NONE', #1216, #290, #3364 ) ;
#10 = ADVANCED_FACE ( 'NONE', ( #1404 ), #2581, .F. ) ;
#11 = PERSON_AND_ORGANIZATION ( #1631, #2208 ) ;
#12 = CARTESIAN_POINT ( 'NONE',  ( 0.4996213068684410300, 0.0000000000000000000, -0.6450000000000006800 ) ) ;
#13 = ADVANCED_FACE ( 'NONE', ( #1990 ), #552, .T. ) ;
#14 = VECTOR ( 'NONE', #1320, 39.37007874015748100 ) ;
#15 = CARTESIAN_POINT ( 'NONE',  ( -0.2469382381563892700, 0.4343769124448527700, -0.6450292532044452600 ) ) ;
#16 = EDGE_LOOP ( 'NONE', ( #3085, #2859, #3987, #905 ) ) ;
#17 = CARTESIAN_POINT ( 'NONE',  ( 0.4362500000000011400, -0.2403220495501810800, 0.5650000000000001700 ) ) ;
#18 = VERTEX_POINT ( 'NONE', #3170 ) ;
#19 = CARTESIAN_POINT ( 'NONE',  ( 0.6060788549399203100, 0.01000000000000000000, 0.6509309757625072500 ) ) ;
#20 = ORIENTED_EDGE ( 'NONE', *, *, #2404, .F. ) ;
#21 = EDGE_CURVE ( 'NONE', #740, #2857, #410, .T. ) ;
#22 = FACE_OUTER_BOUND ( 'NONE', #1943, .T. ) ;
#23 = ORIENTED_EDGE ( 'NONE', *, *, #238, .T. ) ;
#24 = EDGE_LOOP ( 'NONE', ( #1971, #3139, #1392, #829 ) ) ;
#25 = CIRCLE ( 'NONE', #2677, 0.3750000000000001100 ) ;
#26 = DIRECTION ( 'NONE',  ( -1.000000000000000000, 0.0000000000000000000, 6.123233995736766000E-017 ) ) ;
#27 = ORIENTED_EDGE ( 'NONE', *, *, #72, .T. ) ;
#28 = VERTEX_POINT ( 'NONE', #2611 ) ;
#29 = VECTOR ( 'NONE', #1040, 39.37007874015748100 ) ;
#30 = CARTESIAN_POINT ( 'NONE',  ( 0.0000000000000000000, -0.01000000000000000000, 0.7849999999999999200 ) ) ;
#31 = VERTEX_POINT ( 'NONE', #3824 ) ;
#32 = CARTESIAN_POINT ( 'NONE',  ( 0.2787962644132135300, 0.5028892949240791900, 0.4250000000000001000 ) ) ;
#33 = FACE_OUTER_BOUND ( 'NONE', #1510, .T. ) ;
#34 = ADVANCED_FACE ( 'NONE', ( #35 ), #3578, .F. ) ;
#35 = FACE_OUTER_BOUND ( 'NONE', #76, .T. ) ;
#36 = ORIENTED_EDGE ( 'NONE', *, *, #2636, .F. ) ;
#37 = AXIS2_PLACEMENT_3D ( 'NONE', #1814, #1500, #2743 ) ;
#38 = FACE_OUTER_BOUND ( 'NONE', #1921, .T. ) ;
#39 = CARTESIAN_POINT ( 'NONE',  ( 0.6499230723708772100, 0.01000000000000000000, 0.5750000000000000700 ) ) ;
#40 = ADVANCED_FACE ( 'NONE', ( #1790 ), #1711, .F. ) ;
#41 = LINE ( 'NONE', #1957, #3158 ) ;
#42 = ORIENTED_EDGE ( 'NONE', *, *, #2901, .T. ) ;
#43 = CARTESIAN_POINT ( 'NONE',  ( 0.6499230723708772100, 0.01000000000000000000, 0.5649999999999999500 ) ) ;
#44 = LINE ( 'NONE', #1762, #3941 ) ;
#45 = ORIENTED_EDGE ( 'NONE', *, *, #1855, .T. ) ;
#46 = DIRECTION ( 'NONE',  ( -1.000000000000000000, 0.0000000000000000000, 1.050710766793947200E-016 ) ) ;
#47 = CARTESIAN_POINT ( 'NONE',  ( -0.01000000000000000000, -0.6275152784067880000, 0.6138067258892142600 ) ) ;
#48 = EDGE_CURVE ( 'NONE', #1800, #2134, #454, .T. ) ;
#49 = CARTESIAN_POINT ( 'NONE',  ( 0.5678498911788146800, -0.3163012821475887900, 0.4250000000000000400 ) ) ;
#50 = CARTESIAN_POINT ( 'NONE',  ( -0.01000000000000000000, -0.6321463737824993800, 0.2985274934281724700 ) ) ;
#51 =( GEOMETRIC_REPRESENTATION_CONTEXT ( 3 ) GLOBAL_UNCERTAINTY_ASSIGNED_CONTEXT ( ( #1363 ) ) GLOBAL_UNIT_ASSIGNED_CONTEXT ( ( #2729, #1240, #3668 ) ) REPRESENTATION_CONTEXT ( 'NONE', 'WORKASPACE' ) );
#52 = EDGE_CURVE ( 'NONE', #31, #2794, #1182, .T. ) ;
#53 = DIRECTION ( 'NONE',  ( -6.123233995736766000E-017, -0.0000000000000000000, -1.000000000000000000 ) ) ;
#54 = CARTESIAN_POINT ( 'NONE',  ( 0.2411065240055065600, 0.4376087496138509300, -0.6449122492182509700 ) ) ;
#55 = ADVANCED_FACE ( 'NONE', ( #3534 ), #2686, .F. ) ;
#56 = AXIS2_PLACEMENT_3D ( 'NONE', #1099, #1714, #3886 ) ;
#57 = B_SPLINE_CURVE_WITH_KNOTS ( 'NONE', 3,
 ( #2500, #2530, #957, #1599 ),
 .UNSPECIFIED., .F., .F.,
 ( 4, 4 ),
 ( 2.019659775530814800E-007, 0.03103633895897224200 ),
 .UNSPECIFIED. ) ;
#58 = DIRECTION ( 'NONE',  ( 0.6123724356957872500, -0.3535533905932676800, -0.7071067811865569000 ) ) ;
#59 = APPROVAL_PERSON_ORGANIZATION ( #151, #3218, #927 ) ;
#60 = VERTEX_POINT ( 'NONE', #3548 ) ;
#61 = DIRECTION ( 'NONE',  ( 1.000000000000000000, 0.0000000000000000000, -1.050710766793947200E-016 ) ) ;
#62 = ORIENTED_EDGE ( 'NONE', *, *, #575, .T. ) ;
#63 = ORIENTED_EDGE ( 'NONE', *, *, #3069, .T. ) ;
#64 = DIRECTION ( 'NONE',  ( -1.000000000000000000, 0.0000000000000000000, 0.0000000000000000000 ) ) ;
#65 = CARTESIAN_POINT ( 'NONE',  ( -0.2758813882858518500, -0.4978405813737273300, 0.7150005840914299700 ) ) ;
#66 = EDGE_CURVE ( 'NONE', #546, #3678, #953, .T. ) ;
#67 = ORIENTED_EDGE ( 'NONE', *, *, #2584, .F. ) ;
#68 = ORIENTED_EDGE ( 'NONE', *, *, #3746, .T. ) ;
#69 = CIRCLE ( 'NONE', #1331, 0.3750000000000001700 ) ;
#70 = CARTESIAN_POINT ( 'NONE',  ( 0.2932018963615406500, 0.4878405813737275400, 0.7150005840914295300 ) ) ;
#71 = CARTESIAN_POINT ( 'NONE',  ( -0.01000000000000000000, -0.5008390441712572400, -0.6356250746976470600 ) ) ;
#72 = EDGE_CURVE ( 'NONE', #2285, #2796, #2993, .T. ) ;
#73 = ORIENTED_EDGE ( 'NONE', *, *, #1725, .T. ) ;
#74 = EDGE_LOOP ( 'NONE', ( #1778, #2504, #1412, #2261, #717, #626, #2676, #2365, #3031 ) ) ;
#75 = VECTOR ( 'NONE', #2374, 39.37007874015748100 ) ;
#76 = EDGE_LOOP ( 'NONE', ( #296, #1184, #2512, #304 ) ) ;
#77 = PLANE ( 'NONE',  #2566 ) ;
#78 = ORIENTED_EDGE ( 'NONE', *, *, #3857, .F. ) ;
#79 = ORIENTED_EDGE ( 'NONE', *, *, #1414, .F. ) ;
#80 = VECTOR ( 'NONE', #96, 39.37007874015748900 ) ;
#81 = AXIS2_PLACEMENT_3D ( 'NONE', #998, #1312, #653 ) ;
#82 = DIRECTION ( 'NONE',  ( -6.123233995736766000E-017, -0.0000000000000000000, -1.000000000000000000 ) ) ;
#83 = CARTESIAN_POINT ( 'NONE',  ( 1.016337998740283200E-032, 0.0000000000000000000, -0.7849999999999999200 ) ) ;
#84 = ORIENTED_EDGE ( 'NONE', *, *, #2442, .T. ) ;
#85 = VECTOR ( 'NONE', #92, 39.37007874015748100 ) ;
#86 = DIRECTION ( 'NONE',  ( -6.123233995736766000E-017, -0.0000000000000000000, -1.000000000000000000 ) ) ;
#87 = VERTEX_POINT ( 'NONE', #3558 ) ;
#88 = CARTESIAN_POINT ( 'NONE',  ( -0.01000000000000000000, -0.6232579554602715200, 0.2352912498447400100 ) ) ;
#89 = DIRECTION ( 'NONE',  ( -6.123233995736766000E-017, -0.0000000000000000000, -1.000000000000000000 ) ) ;
#90 = DIRECTION ( 'NONE',  ( -6.123233995736766000E-017, -0.0000000000000000000, -1.000000000000000000 ) ) ;
#91 = EDGE_CURVE ( 'NONE', #587, #3767, #3205, .T. ) ;
#92 = DIRECTION ( 'NONE',  ( 0.0000000000000000000, 1.000000000000000000, 0.0000000000000000000 ) ) ;
#93 = DIRECTION ( 'NONE',  ( -0.6123724356958059100, 0.3535533905932727300, 0.7071067811865381400 ) ) ;
#94 = DIRECTION ( 'NONE',  ( 6.123233995736766000E-017, 0.0000000000000000000, 1.000000000000000000 ) ) ;
#95 = EDGE_CURVE ( 'NONE', #675, #3889, #1355, .T. ) ;
#96 = DIRECTION ( 'NONE',  ( 0.5000000000000041100, 0.8660254037844362700, -3.061616997868407700E-017 ) ) ;
#97 = AXIS2_PLACEMENT_3D ( 'NONE', #3553, #3849, #153 ) ;
#98 = DIRECTION ( 'NONE',  ( -6.123233995736766000E-017, -0.0000000000000000000, -1.000000000000000000 ) ) ;
#99 = DIRECTION ( 'NONE',  ( 6.123233995736766000E-017, 0.0000000000000000000, 1.000000000000000000 ) ) ;
#100 = DIRECTION ( 'NONE',  ( -6.123233995736766000E-017, -0.0000000000000000000, -1.000000000000000000 ) ) ;
#101 = DIRECTION ( 'NONE',  ( -0.8660254037844397100, 0.4999999999999979500, 1.300879996982982200E-016 ) ) ;
#102 = AXIS2_PLACEMENT_3D ( 'NONE', #377, #1897, #105 ) ;
#103 = B_SPLINE_CURVE_WITH_KNOTS ( 'NONE', 3,
 ( #49, #3705, #2802, #3405 ),
 .UNSPECIFIED., .F., .F.,
 ( 4, 4 ),
 ( 2.019659775584441300E-007, 0.03103633895897224200 ),
 .UNSPECIFIED. ) ;
#104 = LINE ( 'NONE', #615, #823 ) ;
#105 = DIRECTION ( 'NONE',  ( 1.000000000000000000, 0.0000000000000000000, -6.123233995736766000E-017 ) ) ;
#106 = VERTEX_POINT ( 'NONE', #2072 ) ;
#107 = ORIENTED_EDGE ( 'NONE', *, *, #2227, .T. ) ;
#108 = VERTEX_POINT ( 'NONE', #3317 ) ;
#109 = DIRECTION ( 'NONE',  ( -6.123233995736766000E-017, -0.0000000000000000000, -1.000000000000000000 ) ) ;
#110 = DIRECTION ( 'NONE',  ( -1.000000000000000000, 0.0000000000000000000, 1.050710766793947200E-016 ) ) ;
#111 = LINE ( 'NONE', #3114, #2222 ) ;
#112 = CARTESIAN_POINT ( 'NONE',  ( 0.01000000000000000000, 0.6499230723708769900, -0.7850000000000001400 ) ) ;
#113 = ORIENTED_EDGE ( 'NONE', *, *, #2790, .F. ) ;
#114 = CARTESIAN_POINT ( 'NONE',  ( 0.0000000000000000000, 0.0000000000000000000, -0.7850000000000001400 ) ) ;
#115 = ORIENTED_EDGE ( 'NONE', *, *, #2980, .F. ) ;
#116 = EDGE_CURVE ( 'NONE', #3710, #1851, #3902, .T. ) ;
#117 = FACE_OUTER_BOUND ( 'NONE', #3035, .T. ) ;
#118 =( BOUNDED_CURVE ( )  B_SPLINE_CURVE ( 3, ( #217, #244, #2036, #2353 ),
 .UNSPECIFIED., .F., .F. ) 
 B_SPLINE_CURVE_WITH_KNOTS ( ( 4, 4 ),
 ( 6.256515479007306100, 6.309855135351866400 ),
 .UNSPECIFIED. ) 
 CURVE ( )  GEOMETRIC_REPRESENTATION_ITEM ( )  RATIONAL_B_SPLINE_CURVE ( ( 1.000000000000000000, 0.9997629208080554000, 0.9997629208080554000, 1.000000000000000000 ) ) 
 REPRESENTATION_ITEM ( '' )  );
#119 = ORIENTED_EDGE ( 'NONE', *, *, #2400, .T. ) ;
#120 = LINE ( 'NONE', #981, #3199 ) ;
#121 = ORIENTED_EDGE ( 'NONE', *, *, #839, .F. ) ;
#122 = CYLINDRICAL_SURFACE ( 'NONE', #969, 0.5749999999999999600 ) ;
#123 = CARTESIAN_POINT ( 'NONE',  ( 0.5749130369021040500, 0.01000000000000000000, 0.4250000000000002700 ) ) ;
#124 = AXIS2_PLACEMENT_3D ( 'NONE', #2735, #3037, #1793 ) ;
#125 = EDGE_CURVE ( 'NONE', #2413, #2700, #518, .T. ) ;
#126 = VERTEX_POINT ( 'NONE', #471 ) ;
#127 = ORIENTED_EDGE ( 'NONE', *, *, #1475, .F. ) ;
#128 = FACE_OUTER_BOUND ( 'NONE', #16, .T. ) ;
#129 = DIRECTION ( 'NONE',  ( 0.8660254037844328200, 0.5000000000000101000, -5.302876193624499400E-017 ) ) ;
#130 = FACE_OUTER_BOUND ( 'NONE', #3346, .T. ) ;
#131 = ORIENTED_EDGE ( 'NONE', *, *, #2497, .F. ) ;
#132 = CARTESIAN_POINT ( 'NONE',  ( 0.3163012821475928400, -0.5678498911788124600, 0.5649999999999999500 ) ) ;
#133 = DIRECTION ( 'NONE',  ( -6.123233995736766000E-017, -0.0000000000000000000, -1.000000000000000000 ) ) ;
#134 = DIRECTION ( 'NONE',  ( -6.123233995736766000E-017, -0.0000000000000000000, -1.000000000000000000 ) ) ;
#135 = EDGE_CURVE ( 'NONE', #3091, #3766, #1882, .T. ) ;
#136 = LINE ( 'NONE', #3077, #3020 ) ;
#137 = ORIENTED_EDGE ( 'NONE', *, *, #3436, .F. ) ;
#138 = B_SPLINE_CURVE_WITH_KNOTS ( 'NONE', 3,
 ( #1196, #1823, #283, #618 ),
 .UNSPECIFIED., .F., .F.,
 ( 4, 4 ),
 ( 1.813755728360111000E-006, 0.003179924545928812300 ),
 .UNSPECIFIED. ) ;
#139 = AXIS2_PLACEMENT_3D ( 'NONE', #1680, #495, #1082 ) ;
#140 = CARTESIAN_POINT ( 'NONE',  ( 0.5750000000000000700, 0.0000000000000000000, 0.5650000000000001700 ) ) ;
#141 = CARTESIAN_POINT ( 'NONE',  ( 0.5036649497422494000, 0.3023380996988674400, 0.6833556913220399900 ) ) ;
#142 = CARTESIAN_POINT ( 'NONE',  ( -0.1960935755151070900, 0.3196440358300168300, 0.7849999999999998100 ) ) ;
#143 = PLANE ( 'NONE',  #3582 ) ;
#144 = EDGE_CURVE ( 'NONE', #210, #788, #1033, .T. ) ;
#145 = CARTESIAN_POINT ( 'NONE',  ( -0.5286618735176923400, -0.01000000000000000000, 0.7849999999999999200 ) ) ;
#146 = DIRECTION ( 'NONE',  ( 0.8660254037844362700, -0.5000000000000041100, 0.0000000000000000000 ) ) ;
#147 = EDGE_CURVE ( 'NONE', #2474, #1444, #1263, .T. ) ;
#148 = DIRECTION ( 'NONE',  ( 0.0000000000000000000, -0.0000000000000000000, 1.000000000000000000 ) ) ;
#149 = AXIS2_PLACEMENT_3D ( 'NONE', #2592, #2278, #3826 ) ;
#150 = CARTESIAN_POINT ( 'NONE',  ( -0.5028892949240811900, -0.2787962644132099800, 0.5649999999999999500 ) ) ;
#151 = PERSON_AND_ORGANIZATION ( #1631, #2208 ) ;
#152 = ORIENTED_EDGE ( 'NONE', *, *, #3746, .F. ) ;
#153 = DIRECTION ( 'NONE',  ( -1.000000000000000000, 0.0000000000000000000, 1.050710766793947200E-016 ) ) ;
#154 = CARTESIAN_POINT ( 'NONE',  ( 0.01000000000000000000, -0.5970076087040888700, 0.6666405024348113200 ) ) ;
#155 = CARTESIAN_POINT ( 'NONE',  ( 0.3336217902232815300, -0.5578498911788124500, 0.4250000000000001000 ) ) ;
#156 = AXIS2_PLACEMENT_3D ( 'NONE', #3233, #461, #2342 ) ;
#157 = ORIENTED_EDGE ( 'NONE', *, *, #492, .T. ) ;
#158 = B_SPLINE_CURVE_WITH_KNOTS ( 'NONE', 3,
 ( #1395, #1809, #259, #3651 ),
 .UNSPECIFIED., .F., .F.,
 ( 4, 4 ),
 ( 2.019659775572203500E-007, 0.02744312681923047700 ),
 .UNSPECIFIED. ) ;
#159 = ORIENTED_EDGE ( 'NONE', *, *, #470, .T. ) ;
#160 = CARTESIAN_POINT ( 'NONE',  ( 0.5750000000000000700, 0.01000000000000000000, 0.5650000000000001700 ) ) ;
#161 = CARTESIAN_POINT ( 'NONE',  ( -0.01000000000000000000, 0.6499230723708769900, -0.7850000000000001400 ) ) ;
#162 = ORIENTED_EDGE ( 'NONE', *, *, #2375, .F. ) ;
#163 = ORIENTED_EDGE ( 'NONE', *, *, #3168, .T. ) ;
#164 = CIRCLE ( 'NONE', #921, 0.3750000000000001100 ) ;
#165 = CARTESIAN_POINT ( 'NONE',  ( 0.5750000000000000700, 0.0000000000000000000, 0.4250000000000001000 ) ) ;
#166 = ORIENTED_EDGE ( 'NONE', *, *, #3436, .T. ) ;
#167 = CARTESIAN_POINT ( 'NONE',  ( -0.5678498911788123500, 0.3163012821475928400, 0.5750000000000001800 ) ) ;
#168 = ORIENTED_EDGE ( 'NONE', *, *, #1157, .F. ) ;
#169 = LINE ( 'NONE', #1436, #222 ) ;
#170 = CARTESIAN_POINT ( 'NONE',  ( -0.2556706827209974700, 0.4628346124785996900, 0.7849999999999998100 ) ) ;
#171 = CARTESIAN_POINT ( 'NONE',  ( -0.6500000000000001300, -0.01000000000000000000, 0.7849999999999999200 ) ) ;
#172 = DIRECTION ( 'NONE',  ( -6.123233995736766000E-017, -0.0000000000000000000, -1.000000000000000000 ) ) ;
#173 = EDGE_CURVE ( 'NONE', #261, #3442, #2089, .T. ) ;
#174 = LINE ( 'NONE', #2937, #2371 ) ;
#175 = EDGE_LOOP ( 'NONE', ( #3000, #3341, #1255, #3518, #1300, #1688, #3976, #3295 ) ) ;
#176 = VECTOR ( 'NONE', #3443, 39.37007874015748100 ) ;
#177 = LINE ( 'NONE', #1508, #2564 ) ;
#178 = CARTESIAN_POINT ( 'NONE',  ( -0.3336217902232854700, -0.5578498911788103400, 0.5750000000000001800 ) ) ;
#179 = ORIENTED_EDGE ( 'NONE', *, *, #1544, .F. ) ;
#180 = DIRECTION ( 'NONE',  ( -6.123233995736766000E-017, -0.0000000000000000000, -1.000000000000000000 ) ) ;
#181 = AXIS2_PLACEMENT_3D ( 'NONE', #3654, #3056, #279 ) ;
#182 = VECTOR ( 'NONE', #639, 39.37007874015748100 ) ;
#183 = ORIENTED_EDGE ( 'NONE', *, *, #328, .T. ) ;
#184 = DIRECTION ( 'NONE',  ( 0.0000000000000000000, 0.7559289460184577300, -0.6546536707079733100 ) ) ;
#185 = AXIS2_PLACEMENT_3D ( 'NONE', #3906, #2007, #184 ) ;
#186 = CARTESIAN_POINT ( 'NONE',  ( 8.266365894244635600E-017, 0.0000000000000000000, 0.5649999999999999500 ) ) ;
#187 = DIRECTION ( 'NONE',  ( -6.123233995736766000E-017, -0.0000000000000000000, -1.000000000000000000 ) ) ;
#188 = PLANE ( 'NONE',  #2878 ) ;
#189 = DIRECTION ( 'NONE',  ( 1.000000000000000000, 0.0000000000000000000, -6.123233995736766000E-017 ) ) ;
#190 = EDGE_CURVE ( 'NONE', #2078, #788, #1743, .T. ) ;
#191 = EDGE_CURVE ( 'NONE', #2709, #1231, #1137, .T. ) ;
#192 = CARTESIAN_POINT ( 'NONE',  ( -0.5187535610328734000, -0.2879555027216171300, 0.02166633889899542000 ) ) ;
#193 = DIRECTION ( 'NONE',  ( -6.123233995736766000E-017, -0.0000000000000000000, -1.000000000000000000 ) ) ;
#194 = APPROVAL ( #3335, 'UNSPECIFIED' ) ;
#195 = EDGE_CURVE ( 'NONE', #2168, #3130, #826, .T. ) ;
#196 = PLANE ( 'NONE',  #1551 ) ;
#197 = CARTESIAN_POINT ( 'NONE',  ( 0.2411065240055007800, -0.4376087496138548200, -0.6449122492182515200 ) ) ;
#198 = DIRECTION ( 'NONE',  ( -6.123233995736766000E-017, -0.0000000000000000000, -1.000000000000000000 ) ) ;
#199 = VECTOR ( 'NONE', #500, 39.37007874015748900 ) ;
#200 = ORIENTED_EDGE ( 'NONE', *, *, #3720, .F. ) ;
#201 = VERTEX_POINT ( 'NONE', #1987 ) ;
#202 = CARTESIAN_POINT ( 'NONE',  ( 0.0000000000000000000, 0.0000000000000000000, -0.7850000000000001400 ) ) ;
#203 = CARTESIAN_POINT ( 'NONE',  ( -0.4596559272292720700, -0.2769294787042226300, -0.3816671106335255400 ) ) ;
#204 = ORIENTED_EDGE ( 'NONE', *, *, #868, .T. ) ;
#205 = VERTEX_POINT ( 'NONE', #1087 ) ;
#206 = EDGE_CURVE ( 'NONE', #2413, #967, #547, .T. ) ;
#207 = ORIENTED_EDGE ( 'NONE', *, *, #3212, .F. ) ;
#208 = ADVANCED_FACE ( 'NONE', ( #3391 ), #2297, .F. ) ;
#209 = CARTESIAN_POINT ( 'NONE',  ( 0.3163012821475929000, -0.5678498911788124600, 0.5750000000000001800 ) ) ;
#210 = VERTEX_POINT ( 'NONE', #2621 ) ;
#211 = CARTESIAN_POINT ( 'NONE',  ( -0.5678498911788124600, 0.3163012821475928400, 0.4250000000000001600 ) ) ;
#212 = LINE ( 'NONE', #2460, #2604 ) ;
#213 = AXIS2_PLACEMENT_3D ( 'NONE', #420, #94, #1588 ) ;
#214 = ORIENTED_EDGE ( 'NONE', *, *, #1197, .T. ) ;
#215 = ORIENTED_EDGE ( 'NONE', *, *, #3647, .T. ) ;
#216 = CIRCLE ( 'NONE', #881, 0.4799455900101061200 ) ;
#217 = CARTESIAN_POINT ( 'NONE',  ( 0.1787730674394204500, -0.3296440358300153400, -0.5202453360860909100 ) ) ;
#218 = DIRECTION ( 'NONE',  ( -1.000000000000000000, 0.0000000000000000000, 0.0000000000000000000 ) ) ;
#219 = EDGE_LOOP ( 'NONE', ( #2949, #3637, #3926, #1817 ) ) ;
#220 = FACE_OUTER_BOUND ( 'NONE', #1130, .T. ) ;
#221 = ORIENTED_EDGE ( 'NONE', *, *, #1984, .F. ) ;
#222 = VECTOR ( 'NONE', #1150, 39.37007874015748100 ) ;
#223 = PLANE ( 'NONE',  #1950 ) ;
#224 = LINE ( 'NONE', #332, #3489 ) ;
#225 = EDGE_LOOP ( 'NONE', ( #2080, #257, #3716, #3251 ) ) ;
#226 = CYLINDRICAL_SURFACE ( 'NONE', #792, 0.5749999999999999600 ) ;
#227 = DIRECTION ( 'NONE',  ( -1.000000000000000000, 0.0000000000000000000, 1.187759997245331800E-016 ) ) ;
#228 = DIRECTION ( 'NONE',  ( -6.123233995736766000E-017, -0.0000000000000000000, -1.000000000000000000 ) ) ;
#229 = EDGE_CURVE ( 'NONE', #3912, #2839, #3676, .T. ) ;
#230 = VECTOR ( 'NONE', #2771, 39.37007874015748100 ) ;
#231 = ORIENTED_EDGE ( 'NONE', *, *, #3184, .F. ) ;
#232 = DIRECTION ( 'NONE',  ( -1.000000000000000000, 0.0000000000000000000, 1.050710766793947200E-016 ) ) ;
#233 = CARTESIAN_POINT ( 'NONE',  ( 0.0000000000000000000, 0.0000000000000000000, -0.7850000000000001400 ) ) ;
#234 = CARTESIAN_POINT ( 'NONE',  ( 0.5578498911788148900, -0.3336217902232777000, 0.4250000000000000400 ) ) ;
#235 = DIRECTION ( 'NONE',  ( -6.123233995736766000E-017, -0.0000000000000000000, -1.000000000000000000 ) ) ;
#236 = CIRCLE ( 'NONE', #1916, 0.6500000000000001300 ) ;
#237 = VERTEX_POINT ( 'NONE', #132 ) ;
#238 = EDGE_CURVE ( 'NONE', #1753, #1695, #2041, .T. ) ;
#239 = ADVANCED_FACE ( 'NONE', ( #220 ), #2674, .T. ) ;
#240 = PLANE ( 'NONE',  #3630 ) ;
#241 = PLANE ( 'NONE',  #2109 ) ;
#242 = CARTESIAN_POINT ( 'NONE',  ( 1.406024796245492400E-033, 0.0000000000000000000, -0.7850000000000001400 ) ) ;
#243 = CARTESIAN_POINT ( 'NONE',  ( 0.3750000000000001700, 0.0000000000000000000, -0.7849999999999999200 ) ) ;
#244 = CARTESIAN_POINT ( 'NONE',  ( 0.1846347955479396300, -0.3264650943035374300, -0.5204231560212754200 ) ) ;
#245 = CARTESIAN_POINT ( 'NONE',  ( 0.5749130369021039400, -0.01000000000000000000, -0.7850000000000001400 ) ) ;
#246 = CARTESIAN_POINT ( 'NONE',  ( 0.1350897459621580300, 0.2539823035880274200, 0.4250000000000001000 ) ) ;
#247 = DIRECTION ( 'NONE',  ( -6.123233995736766000E-017, 0.0000000000000000000, -1.000000000000000000 ) ) ;
#248 = DIRECTION ( 'NONE',  ( -1.000000000000000000, 0.0000000000000000000, 0.0000000000000000000 ) ) ;
#249 = CARTESIAN_POINT ( 'NONE',  ( 0.5122783711104411700, -0.01000000000000000000, -0.5542459965028788700 ) ) ;
#250 = EDGE_CURVE ( 'NONE', #1640, #1487, #3529, .T. ) ;
#251 = DIRECTION ( 'NONE',  ( -1.000000000000000000, 0.0000000000000000000, 0.0000000000000000000 ) ) ;
#252 = ORIENTED_EDGE ( 'NONE', *, *, #2400, .F. ) ;
#253 = EDGE_CURVE ( 'NONE', #306, #1131, #2806, .T. ) ;
#254 = DIRECTION ( 'NONE',  ( -0.8660254037844363800, -0.5000000000000041100, 1.300879996982982500E-016 ) ) ;
#255 = CARTESIAN_POINT ( 'NONE',  ( 0.0000000000000000000, 0.0000000000000000000, -0.7850000000000001400 ) ) ;
#256 = ORIENTED_EDGE ( 'NONE', *, *, #2869, .F. ) ;
#257 = ORIENTED_EDGE ( 'NONE', *, *, #3989, .T. ) ;
#258 = AXIS2_PLACEMENT_3D ( 'NONE', #854, #2077, #248 ) ;
#259 = CARTESIAN_POINT ( 'NONE',  ( -0.2661725826620400800, -0.4810244367524751400, -0.2882751530984589700 ) ) ;
#260 = ORIENTED_EDGE ( 'NONE', *, *, #3027, .T. ) ;
#261 = VERTEX_POINT ( 'NONE', #3890 ) ;
#262 = DIRECTION ( 'NONE',  ( -6.123233995736766000E-017, -0.0000000000000000000, -1.000000000000000000 ) ) ;
#263 = VERTEX_POINT ( 'NONE', #3353 ) ;
#264 = VECTOR ( 'NONE', #1349, 39.37007874015748900 ) ;
#265 = ORIENTED_EDGE ( 'NONE', *, *, #3112, .T. ) ;
#266 = AXIS2_PLACEMENT_3D ( 'NONE', #2455, #936, #3078 ) ;
#267 = CYLINDRICAL_SURFACE ( 'NONE', #1357, 0.5749999999999999600 ) ;
#268 = ORIENTED_EDGE ( 'NONE', *, *, #1803, .F. ) ;
#269 = DIRECTION ( 'NONE',  ( -1.000000000000000000, 0.0000000000000000000, 0.0000000000000000000 ) ) ;
#270 = VERTEX_POINT ( 'NONE', #567 ) ;
#271 = CARTESIAN_POINT ( 'NONE',  ( -0.01000000000000000000, -0.5873556913220342500, 0.6833556913220398800 ) ) ;
#272 = LINE ( 'NONE', #463, #3634 ) ;
#273 = EDGE_CURVE ( 'NONE', #1695, #3971, #3092, .T. ) ;
#274 = LINE ( 'NONE', #954, #2863 ) ;
#275 = ORIENTED_EDGE ( 'NONE', *, *, #3219, .T. ) ;
#276 = CARTESIAN_POINT ( 'NONE',  ( 0.5750000000000000700, 0.0000000000000000000, 0.5650000000000001700 ) ) ;
#277 = EDGE_LOOP ( 'NONE', ( #2600, #3415, #901, #131 ) ) ;
#278 = EDGE_CURVE ( 'NONE', #675, #1894, #2177, .T. ) ;
#279 = DIRECTION ( 'NONE',  ( -1.000000000000000000, 0.0000000000000000000, 6.123233995736766000E-017 ) ) ;
#280 = DIRECTION ( 'NONE',  ( 0.8660254037844362700, 0.5000000000000041100, -5.302876193624520400E-017 ) ) ;
#281 = ORIENTED_EDGE ( 'NONE', *, *, #669, .T. ) ;
#282 = DIRECTION ( 'NONE',  ( 0.6123724356957848100, 0.3535533905932719500, -0.7071067811865569000 ) ) ;
#283 = CARTESIAN_POINT ( 'NONE',  ( 0.5497884147873626200, 0.3058734838910375200, 0.6111186776242545400 ) ) ;
#284 = AXIS2_PLACEMENT_3D ( 'NONE', #3153, #387, #2532 ) ;
#285 = ADVANCED_FACE ( 'NONE', ( #353 ), #226, .T. ) ;
#286 = DIRECTION ( 'NONE',  ( -1.000000000000000000, 0.0000000000000000000, 6.123233995736766000E-017 ) ) ;
#287 = DIRECTION ( 'NONE',  ( -6.123233995736766000E-017, -0.0000000000000000000, -1.000000000000000000 ) ) ;
#288 =( BOUNDED_CURVE ( )  B_SPLINE_CURVE ( 3, ( #1183, #2407, #3395, #3444 ),
 .UNSPECIFIED., .F., .F. ) 
 B_SPLINE_CURVE_WITH_KNOTS ( ( 4, 4 ),
 ( 3.132780323306529400, 3.150404983873057200 ),
 .UNSPECIFIED. ) 
 CURVE ( )  GEOMETRIC_REPRESENTATION_ITEM ( )  RATIONAL_B_SPLINE_CURVE ( ( 1.000000000000000000, 0.9999741144458435000, 0.9999741144458435000, 1.000000000000000000 ) ) 
 REPRESENTATION_ITEM ( '' )  );
#289 = CARTESIAN_POINT ( 'NONE',  ( -0.01000000000000000000, 0.6232579554602715200, 0.2352912498447401500 ) ) ;
#290 = DIRECTION ( 'NONE',  ( -6.123233995736766000E-017, -0.0000000000000000000, -1.000000000000000000 ) ) ;
#291 = EDGE_LOOP ( 'NONE', ( #2952, #3633, #2573, #3396, #3493, #275, #3727, #200 ) ) ;
#292 = PLANE ( 'NONE',  #514 ) ;
#293 = CARTESIAN_POINT ( 'NONE',  ( 0.5841563806739725800, 0.01000000000000000000, 0.6888962525637414300 ) ) ;
#294 = EDGE_CURVE ( 'NONE', #1800, #496, #3568, .T. ) ;
#295 = LINE ( 'NONE', #2059, #199 ) ;
#296 = ORIENTED_EDGE ( 'NONE', *, *, #1904, .F. ) ;
#297 = ORIENTED_EDGE ( 'NONE', *, *, #1534, .T. ) ;
#298 = EDGE_CURVE ( 'NONE', #3324, #2997, #1937, .T. ) ;
#299 = VERTEX_POINT ( 'NONE', #498 ) ;
#300 = VERTEX_POINT ( 'NONE', #1114 ) ;
#301 = VECTOR ( 'NONE', #2146, 39.37007874015748900 ) ;
#302 = CARTESIAN_POINT ( 'NONE',  ( 0.5287564434701828000, 0.0000000000000000000, 0.7849999999999999200 ) ) ;
#303 = ADVANCED_FACE ( 'NONE', ( #1315 ), #2738, .F. ) ;
#304 = ORIENTED_EDGE ( 'NONE', *, *, #3695, .F. ) ;
#305 = ORIENTED_EDGE ( 'NONE', *, *, #1614, .F. ) ;
#306 = VERTEX_POINT ( 'NONE', #3671 ) ;
#307 = VECTOR ( 'NONE', #1364, 39.37007874015748100 ) ;
#308 = AXIS2_PLACEMENT_3D ( 'NONE', #2617, #2963, #3868 ) ;
#309 = ORIENTED_EDGE ( 'NONE', *, *, #673, .F. ) ;
#310 = ADVANCED_FACE ( 'NONE', ( #841 ), #1401, .T. ) ;
#311 = VECTOR ( 'NONE', #1426, 39.37007874015748100 ) ;
#312 = ORIENTED_EDGE ( 'NONE', *, *, #2064, .T. ) ;
#313 = FACE_OUTER_BOUND ( 'NONE', #3330, .T. ) ;
#314 = APPLICATION_CONTEXT ( 'configuration controlled 3d designs of mechanical parts and assemblies' ) ;
#315 = DIRECTION ( 'NONE',  ( 1.000000000000000000, 0.0000000000000000000, -6.123233995736766000E-017 ) ) ;
#316 = ORIENTED_EDGE ( 'NONE', *, *, #3494, .T. ) ;
#317 = DIRECTION ( 'NONE',  ( 0.6123724356957848100, 0.3535533905932719500, -0.7071067811865569000 ) ) ;
#318 = CARTESIAN_POINT ( 'NONE',  ( 0.0000000000000000000, 0.0000000000000000000, -0.7850000000000001400 ) ) ;
#319 = FACE_OUTER_BOUND ( 'NONE', #1525, .T. ) ;
#320 = VERTEX_POINT ( 'NONE', #3648 ) ;
#321 = EDGE_CURVE ( 'NONE', #818, #2118, #2462, .T. ) ;
#322 = LINE ( 'NONE', #1483, #414 ) ;
#323 = CARTESIAN_POINT ( 'NONE',  ( 0.0000000000000000000, 0.0000000000000000000, -0.7850000000000001400 ) ) ;
#324 = ORIENTED_EDGE ( 'NONE', *, *, #898, .F. ) ;
#325 = DIRECTION ( 'NONE',  ( 1.000000000000000000, 0.0000000000000000000, -6.123233995736766000E-017 ) ) ;
#326 = ADVANCED_FACE ( 'NONE', ( #1224 ), #2431, .F. ) ;
#327 = AXIS2_PLACEMENT_3D ( 'NONE', #1383, #146, #2635 ) ;
#328 = EDGE_CURVE ( 'NONE', #2370, #3377, #3931, .T. ) ;
#329 = CARTESIAN_POINT ( 'NONE',  ( -0.01000000000000000000, 0.6163112956448895100, 0.6332100393024492300 ) ) ;
#330 = ADVANCED_FACE ( 'NONE', ( #503 ), #1080, .F. ) ;
#331 = CARTESIAN_POINT ( 'NONE',  ( 0.3163012821475928400, -0.5678498911788124600, 0.4250000000000001000 ) ) ;
#332 = CARTESIAN_POINT ( 'NONE',  ( -1.195784930203604800, 0.6788397459621529100, -0.7850000000000001400 ) ) ;
#333 = AXIS2_PLACEMENT_3D ( 'NONE', #1172, #3907, #3298 ) ;
#334 = CARTESIAN_POINT ( 'NONE',  ( -0.2411503993963719200, 0.4376847440200525900, -0.6450000000000001300 ) ) ;
#335 = FACE_OUTER_BOUND ( 'NONE', #1264, .T. ) ;
#336 = CARTESIAN_POINT ( 'NONE',  ( -0.2864582562299418700, -0.1538397459621569400, 0.4209999999999986000 ) ) ;
#337 = CARTESIAN_POINT ( 'NONE',  ( -0.3231309705188313800, 0.1904096673417743400, 0.4710444628897155800 ) ) ;
#338 = EDGE_CURVE ( 'NONE', #3791, #2262, #1642, .T. ) ;
#339 = ORIENTED_EDGE ( 'NONE', *, *, #1961, .F. ) ;
#340 = CARTESIAN_POINT ( 'NONE',  ( 0.4995335560866924200, -0.01000000000000000000, -0.6449122492182515200 ) ) ;
#341 = VERTEX_POINT ( 'NONE', #2792 ) ;
#342 = DIRECTION ( 'NONE',  ( -1.000000000000000000, 0.0000000000000000000, 1.050710766793947200E-016 ) ) ;
#343 = ORIENTED_EDGE ( 'NONE', *, *, #195, .T. ) ;
#344 = EDGE_CURVE ( 'NONE', #2474, #3194, #3722, .T. ) ;
#345 = EDGE_LOOP ( 'NONE', ( #2520, #2042, #3145, #3894 ) ) ;
#346 = VERTEX_POINT ( 'NONE', #2728 ) ;
#347 = ORIENTED_EDGE ( 'NONE', *, *, #125, .T. ) ;
#348 = DIRECTION ( 'NONE',  ( 6.123233995736766000E-017, 0.0000000000000000000, 1.000000000000000000 ) ) ;
#349 = FACE_OUTER_BOUND ( 'NONE', #784, .T. ) ;
#350 = AXIS2_PLACEMENT_3D ( 'NONE', #3549, #3863, #2039 ) ;
#351 = ORIENTED_EDGE ( 'NONE', *, *, #116, .F. ) ;
#352 = CARTESIAN_POINT ( 'NONE',  ( 0.0000000000000000000, 0.0000000000000000000, -0.7850000000000001400 ) ) ;
#353 = FACE_OUTER_BOUND ( 'NONE', #578, .T. ) ;
#354 = CARTESIAN_POINT ( 'NONE',  ( 0.4995335560866924200, -0.01000000000000000000, -0.6449122492182515200 ) ) ;
#355 = ORIENTED_EDGE ( 'NONE', *, *, #72, .F. ) ;
#356 = CARTESIAN_POINT ( 'NONE',  ( -0.5122783711104411700, 0.01000000000000000000, -0.5542459965028790900 ) ) ;
#357 = FACE_OUTER_BOUND ( 'NONE', #3764, .T. ) ;
#358 = B_SPLINE_CURVE_WITH_KNOTS ( 'NONE', 3,
 ( #1345, #3800, #425, #736 ),
 .UNSPECIFIED., .F., .F.,
 ( 4, 4 ),
 ( 2.019659775547993200E-007, 0.03103633895897224200 ),
 .UNSPECIFIED. ) ;
#359 = VERTEX_POINT ( 'NONE', #3321 ) ;
#360 = VERTEX_POINT ( 'NONE', #2778 ) ;
#361 = FACE_OUTER_BOUND ( 'NONE', #1464, .T. ) ;
#362 = FACE_OUTER_BOUND ( 'NONE', #2074, .T. ) ;
#363 = EDGE_LOOP ( 'NONE', ( #2323, #732, #978, #3083 ) ) ;
#364 = DIRECTION ( 'NONE',  ( -1.000000000000000000, 0.0000000000000000000, 1.050710766793947200E-016 ) ) ;
#365 = CARTESIAN_POINT ( 'NONE',  ( -0.009999999999999916900, 0.5749130369021039400, 0.5649999999999999500 ) ) ;
#366 = DIRECTION ( 'NONE',  ( 6.123233995736766000E-017, 0.0000000000000000000, 1.000000000000000000 ) ) ;
#367 = ORIENTED_EDGE ( 'NONE', *, *, #2773, .T. ) ;
#368 = ADVANCED_FACE ( 'NONE', ( #403 ), #1083, .T. ) ;
#369 = CARTESIAN_POINT ( 'NONE',  ( 0.2527123219164975100, 0.4310432436316307100, -0.6450292532044449300 ) ) ;
#370 = EDGE_CURVE ( 'NONE', #60, #2214, #3589, .T. ) ;
#371 = CARTESIAN_POINT ( 'NONE',  ( -0.5028892949240810800, -0.2787962644132099300, 0.4250000000000001000 ) ) ;
#372 = DIRECTION ( 'NONE',  ( -0.8660254037844431500, 0.4999999999999919000, 5.302876193624562300E-017 ) ) ;
#373 = CARTESIAN_POINT ( 'NONE',  ( 0.01000000000000000000, -0.5824529102586824000, -0.05501436857420873000 ) ) ;
#374 = CARTESIAN_POINT ( 'NONE',  ( 0.3748666429545313200, 0.01000000000000000000, -0.7850000000000001400 ) ) ;
#375 = DIRECTION ( 'NONE',  ( -1.000000000000000000, 0.0000000000000000000, 0.0000000000000000000 ) ) ;
#376 = B_SPLINE_CURVE_WITH_KNOTS ( 'NONE', 3,
 ( #1988, #154, #2793, #3584, #1738, #1365, #2597 ),
 .UNSPECIFIED., .F., .F.,
 ( 4, 3, 4 ),
 ( 0.01553013568744281500, 0.01700092803892665200, 0.01870824647136297800 ),
 .UNSPECIFIED. ) ;
#377 = CARTESIAN_POINT ( 'NONE',  ( 0.5750000000000000700, 0.0000000000000000000, 0.5650000000000001700 ) ) ;
#378 = DIRECTION ( 'NONE',  ( 0.0000000000000000000, -0.7071067811865569000, 0.7071067811865381400 ) ) ;
#379 = COORDINATED_UNIVERSAL_TIME_OFFSET ( 6, 0, .BEHIND. ) ;
#380 = ORIENTED_EDGE ( 'NONE', *, *, #2044, .T. ) ;
#381 = CARTESIAN_POINT ( 'NONE',  ( 0.01000000000000003000, 0.0000000000000000000, 0.5650000000000001700 ) ) ;
#382 = CARTESIAN_POINT ( 'NONE',  ( -0.4105548423825793300, -0.2485809541504816800, -0.7850000000000002500 ) ) ;
#383 = CARTESIAN_POINT ( 'NONE',  ( -0.5103939729441572300, 0.2908269962413495600, 0.6834276446287881300 ) ) ;
#384 = ORIENTED_EDGE ( 'NONE', *, *, #1909, .F. ) ;
#385 = EDGE_LOOP ( 'NONE', ( #1386, #2389, #894, #396 ) ) ;
#386 = EDGE_CURVE ( 'NONE', #2285, #3710, #3294, .T. ) ;
#387 = DIRECTION ( 'NONE',  ( 0.0000000000000000000, -1.000000000000000000, 0.0000000000000000000 ) ) ;
#388 = CARTESIAN_POINT ( 'NONE',  ( 7.409113134841489000E-017, 0.0000000000000000000, 0.4250000000000001000 ) ) ;
#389 = EDGE_CURVE ( 'NONE', #3967, #939, #3384, .T. ) ;
#390 = ORIENTED_EDGE ( 'NONE', *, *, #3511, .T. ) ;
#391 = ORIENTED_EDGE ( 'NONE', *, *, #1373, .T. ) ;
#392 = LINE ( 'NONE', #3513, #832 ) ;
#393 = DIRECTION ( 'NONE',  ( -0.8660254037844433700, -0.4999999999999920100, 0.0000000000000000000 ) ) ;
#394 = CARTESIAN_POINT ( 'NONE',  ( 0.3296440358300166100, -0.1787730674394182000, -0.7850000000000001400 ) ) ;
#395 = EDGE_CURVE ( 'NONE', #2542, #3411, #635, .T. ) ;
#396 = ORIENTED_EDGE ( 'NONE', *, *, #1818, .F. ) ;
#397 = ORIENTED_EDGE ( 'NONE', *, *, #135, .T. ) ;
#398 = VECTOR ( 'NONE', #2732, 39.37007874015748100 ) ;
#399 = PLANE ( 'NONE',  #81 ) ;
#400 = CARTESIAN_POINT ( 'NONE',  ( 8.266365894244635600E-017, 0.0000000000000000000, 0.5649999999999999500 ) ) ;
#401 = ORIENTED_EDGE ( 'NONE', *, *, #3408, .T. ) ;
#402 = DIRECTION ( 'NONE',  ( -6.123233995736766000E-017, -0.0000000000000000000, -1.000000000000000000 ) ) ;
#403 = FACE_OUTER_BOUND ( 'NONE', #2499, .T. ) ;
#404 = ORIENTED_EDGE ( 'NONE', *, *, #2869, .T. ) ;
#405 = CIRCLE ( 'NONE', #350, 0.6500000000000001300 ) ;
#406 = AXIS2_PLACEMENT_3D ( 'NONE', #2515, #378, #964 ) ;
#407 = DIRECTION ( 'NONE',  ( -1.000000000000000000, 0.0000000000000000000, 0.0000000000000000000 ) ) ;
#408 = LINE ( 'NONE', #2045, #1993 ) ;
#409 = ORIENTED_EDGE ( 'NONE', *, *, #3575, .T. ) ;
#410 =( BOUNDED_CURVE ( )  B_SPLINE_CURVE ( 3, ( #1391, #765, #1409, #2017 ),
 .UNSPECIFIED., .F., .F. ) 
 B_SPLINE_CURVE_WITH_KNOTS ( ( 4, 4 ),
 ( 6.256515479007306100, 6.283185307179586200 ),
 .UNSPECIFIED. ) 
 CURVE ( )  GEOMETRIC_REPRESENTATION_ITEM ( )  RATIONAL_B_SPLINE_CURVE ( ( 1.000000000000000000, 0.9999407275670978400, 0.9999407275670978400, 1.000000000000000000 ) ) 
 REPRESENTATION_ITEM ( '' )  );
#411 = VECTOR ( 'NONE', #402, 39.37007874015748100 ) ;
#412 = VERTEX_POINT ( 'NONE', #1023 ) ;
#413 = DIRECTION ( 'NONE',  ( -6.123233995736766000E-017, 0.0000000000000000000, -1.000000000000000000 ) ) ;
#414 = VECTOR ( 'NONE', #254, 39.37007874015747400 ) ;
#415 = CARTESIAN_POINT ( 'NONE',  ( 0.4362499999999943100, 0.2403220495501851600, 0.4250000000000001000 ) ) ;
#416 = DIRECTION ( 'NONE',  ( -0.4999999999999919000, 0.8660254037844431500, 3.061616997868333100E-017 ) ) ;
#417 = PLANE ( 'NONE',  #3792 ) ;
#418 = DIRECTION ( 'NONE',  ( -1.000000000000000000, 0.0000000000000000000, 1.050710766793947200E-016 ) ) ;
#419 = CARTESIAN_POINT ( 'NONE',  ( 0.2864582562299439200, -0.1538397459621529100, 0.4209999999999986000 ) ) ;
#420 = CARTESIAN_POINT ( 'NONE',  ( 0.5750000000000000700, 0.0000000000000000000, 0.5650000000000001700 ) ) ;
#421 = DIRECTION ( 'NONE',  ( 0.0000000000000000000, 0.0000000000000000000, 1.000000000000000000 ) ) ;
#422 = EDGE_CURVE ( 'NONE', #1070, #1472, #120, .T. ) ;
#423 = DIRECTION ( 'NONE',  ( -6.123233995736766000E-017, -0.0000000000000000000, -1.000000000000000000 ) ) ;
#424 = CARTESIAN_POINT ( 'NONE',  ( 0.3163012821476007800, 0.5678498911788080200, 0.4250000000000001000 ) ) ;
#425 = CARTESIAN_POINT ( 'NONE',  ( -0.4596559272292739500, 0.2769294787042194700, -0.3816671106335255400 ) ) ;
#426 = CARTESIAN_POINT ( 'NONE',  ( 0.5750000000000000700, 0.0000000000000000000, 0.4250000000000001000 ) ) ;
#427 = CARTESIAN_POINT ( 'NONE',  ( -0.2758813882858448500, 0.4978405813737312200, 0.7150005840914298600 ) ) ;
#428 = CARTESIAN_POINT ( 'NONE',  ( 8.327598234202003100E-017, 0.0000000000000000000, 0.5750000000000001800 ) ) ;
#429 = AXIS2_PLACEMENT_3D ( 'NONE', #2229, #3832, #1967 ) ;
#430 = CARTESIAN_POINT ( 'NONE',  ( 0.008660254037844433400, 0.004999999999999920300, 0.0000000000000000000 ) ) ;
#431 = ORIENTED_EDGE ( 'NONE', *, *, #3237, .T. ) ;
#432 = LINE ( 'NONE', #701, #2696 ) ;
#433 = DIRECTION ( 'NONE',  ( -6.123233995736766000E-017, -0.0000000000000000000, -1.000000000000000000 ) ) ;
#434 = ORIENTED_EDGE ( 'NONE', *, *, #619, .F. ) ;
#435 = VERTEX_POINT ( 'NONE', #3750 ) ;
#436 = ORIENTED_EDGE ( 'NONE', *, *, #3214, .T. ) ;
#437 = DIRECTION ( 'NONE',  ( 0.8660254037844398200, 0.4999999999999980000, -0.0000000000000000000 ) ) ;
#438 = CARTESIAN_POINT ( 'NONE',  ( -0.3336217902232777000, 0.5578498911788147800, 0.4250000000000001000 ) ) ;
#439 = DIRECTION ( 'NONE',  ( -6.123233995736766000E-017, -0.0000000000000000000, -1.000000000000000000 ) ) ;
#440 = ORIENTED_EDGE ( 'NONE', *, *, #595, .F. ) ;
#441 = CARTESIAN_POINT ( 'NONE',  ( 0.01000000000000000000, 0.4798414002252710000, -0.7850000000000002500 ) ) ;
#442 = CARTESIAN_POINT ( 'NONE',  ( 0.01000000000000000000, 0.6163112956448895100, 0.6332100393024492300 ) ) ;
#443 = VERTEX_POINT ( 'NONE', #365 ) ;
#444 = EDGE_CURVE ( 'NONE', #2214, #1490, #3627, .T. ) ;
#445 = LINE ( 'NONE', #2845, #687 ) ;
#446 = CARTESIAN_POINT ( 'NONE',  ( -0.3134120018169104800, 0.5228455108487695100, 0.6450004751093609800 ) ) ;
#447 = ORIENTED_EDGE ( 'NONE', *, *, #524, .F. ) ;
#448 = ORIENTED_EDGE ( 'NONE', *, *, #3909, .T. ) ;
#449 = LINE ( 'NONE', #475, #3007 ) ;
#450 = ORIENTED_EDGE ( 'NONE', *, *, #2534, .F. ) ;
#451 = VECTOR ( 'NONE', #1694, 39.37007874015748900 ) ;
#452 = PLANE ( 'NONE',  #1424 ) ;
#453 = EDGE_CURVE ( 'NONE', #670, #306, #2757, .T. ) ;
#454 = LINE ( 'NONE', #2927, #984 ) ;
#455 = ORIENTED_EDGE ( 'NONE', *, *, #370, .F. ) ;
#456 = LINE ( 'NONE', #3454, #1317 ) ;
#457 = CARTESIAN_POINT ( 'NONE',  ( -0.5136649497422535200, 0.2850175916231715800, 0.6833556913220398800 ) ) ;
#458 = LINE ( 'NONE', #3856, #2516 ) ;
#459 = ORIENTED_EDGE ( 'NONE', *, *, #1011, .T. ) ;
#460 = DIRECTION ( 'NONE',  ( 0.0000000000000000000, 0.0000000000000000000, 1.000000000000000000 ) ) ;
#461 = DIRECTION ( 'NONE',  ( -6.123233995736766000E-017, -0.0000000000000000000, -1.000000000000000000 ) ) ;
#462 = DIRECTION ( 'NONE',  ( -1.000000000000000000, 0.0000000000000000000, 1.050710766793947200E-016 ) ) ;
#463 = CARTESIAN_POINT ( 'NONE',  ( -0.4996213068684408100, 0.01000000000000000000, -0.6450000000000001300 ) ) ;
#464 = VECTOR ( 'NONE', #2470, 39.37007874015748900 ) ;
#465 = ORIENTED_EDGE ( 'NONE', *, *, #1228, .T. ) ;
#466 = B_SPLINE_CURVE_WITH_KNOTS ( 'NONE', 3,
 ( #2439, #607, #2125, #902 ),
 .UNSPECIFIED., .F., .F.,
 ( 4, 4 ),
 ( 2.019659775572203500E-007, 0.02744312681923046300 ),
 .UNSPECIFIED. ) ;
#467 = AXIS2_PLACEMENT_3D ( 'NONE', #83, #724, #1303 ) ;
#468 = CARTESIAN_POINT ( 'NONE',  ( 8.266365894244635600E-017, 0.0000000000000000000, 0.5649999999999999500 ) ) ;
#469 = DIRECTION ( 'NONE',  ( -0.7071067811865486800, 0.0000000000000000000, -0.7071067811865462400 ) ) ;
#470 = EDGE_CURVE ( 'NONE', #3337, #2959, #934, .T. ) ;
#471 = CARTESIAN_POINT ( 'NONE',  ( -0.01000000000000000000, -0.5873556913220342500, 0.6833556913220398800 ) ) ;
#472 = CARTESIAN_POINT ( 'NONE',  ( -0.01000000000000000000, 0.6499230723708769900, 0.4250000000000001000 ) ) ;
#473 = EDGE_CURVE ( 'NONE', #1787, #1829, #2397, .T. ) ;
#474 = CARTESIAN_POINT ( 'NONE',  ( 8.266365894244635600E-017, 0.0000000000000000000, 0.5649999999999999500 ) ) ;
#475 = CARTESIAN_POINT ( 'NONE',  ( 0.1350897459621544800, -0.2539823035880254300, 0.4250000000000001000 ) ) ;
#476 = DIRECTION ( 'NONE',  ( -6.123233995736766000E-017, -0.0000000000000000000, -1.000000000000000000 ) ) ;
#477 = AXIS2_PLACEMENT_3D ( 'NONE', #352, #3166, #711 ) ;
#478 = APPROVAL_PERSON_ORGANIZATION ( #2441, #194, #2717 ) ;
#479 = ORIENTED_EDGE ( 'NONE', *, *, #173, .T. ) ;
#480 = CARTESIAN_POINT ( 'NONE',  ( -0.4105548423825811600, 0.2485809541504788700, -0.7850000000000002500 ) ) ;
#481 = CARTESIAN_POINT ( 'NONE',  ( -0.3163012821475887400, 0.5678498911788146800, 0.5750000000000001800 ) ) ;
#482 = DIRECTION ( 'NONE',  ( -6.123233995736766000E-017, -0.0000000000000000000, -1.000000000000000000 ) ) ;
#483 = CARTESIAN_POINT ( 'NONE',  ( 0.5036649497422494000, 0.3023380996988674400, 0.6833556913220399900 ) ) ;
#484 = AXIS2_PLACEMENT_3D ( 'NONE', #2028, #499, #1671 ) ;
#485 = VERTEX_POINT ( 'NONE', #678 ) ;
#486 = ORIENTED_EDGE ( 'NONE', *, *, #2659, .T. ) ;
#487 = DIRECTION ( 'NONE',  ( -1.000000000000000000, 0.0000000000000000000, 1.050710766793947200E-016 ) ) ;
#488 = DIRECTION ( 'NONE',  ( -6.123233995736766000E-017, -0.0000000000000000000, -1.000000000000000000 ) ) ;
#489 = EDGE_LOOP ( 'NONE', ( #3771, #2360, #2998, #434, #1484, #3839, #3160, #1405, #324 ) ) ;
#490 = ORIENTED_EDGE ( 'NONE', *, *, #1935, .T. ) ;
#491 = CIRCLE ( 'NONE', #1400, 0.6500000000000001300 ) ;
#492 = EDGE_CURVE ( 'NONE', #858, #3594, #1147, .T. ) ;
#493 = DIRECTION ( 'NONE',  ( 6.123233995736766000E-017, 0.0000000000000000000, 1.000000000000000000 ) ) ;
#494 = VERTEX_POINT ( 'NONE', #1600 ) ;
#495 = DIRECTION ( 'NONE',  ( -6.123233995736766000E-017, 0.0000000000000000000, -1.000000000000000000 ) ) ;
#496 = VERTEX_POINT ( 'NONE', #1911 ) ;
#497 = VECTOR ( 'NONE', #129, 39.37007874015748100 ) ;
#498 = CARTESIAN_POINT ( 'NONE',  ( -0.3196440358300140500, -0.1960935755151115300, 0.4708666429545312900 ) ) ;
#499 = DIRECTION ( 'NONE',  ( -6.123233995736766000E-017, -0.0000000000000000000, -1.000000000000000000 ) ) ;
#500 = DIRECTION ( 'NONE',  ( -0.8660254037844362700, -0.5000000000000041100, 5.302876193624520400E-017 ) ) ;
#501 = EDGE_CURVE ( 'NONE', #2593, #3541, #739, .T. ) ;
#502 = VERTEX_POINT ( 'NONE', #382 ) ;
#503 = FACE_OUTER_BOUND ( 'NONE', #920, .T. ) ;
#504 = ORIENTED_EDGE ( 'NONE', *, *, #1336, .F. ) ;
#505 = VECTOR ( 'NONE', #1954, 39.37007874015748100 ) ;
#506 = FACE_OUTER_BOUND ( 'NONE', #2648, .T. ) ;
#507 = DIRECTION ( 'NONE',  ( -6.123233995736766000E-017, -0.0000000000000000000, -1.000000000000000000 ) ) ;
#508 = VERTEX_POINT ( 'NONE', #1946 ) ;
#509 = CARTESIAN_POINT ( 'NONE',  ( 0.4928892949240790700, 0.2961167724889021100, -0.7850000000000001400 ) ) ;
#510 = AXIS2_PLACEMENT_3D ( 'NONE', #2630, #2038, #773 ) ;
#511 = LINE ( 'NONE', #1041, #3686 ) ;
#512 = ORIENTED_EDGE ( 'NONE', *, *, #2784, .T. ) ;
#513 = DIRECTION ( 'NONE',  ( 0.8660254037844431500, -0.4999999999999919000, 1.300879996982982200E-016 ) ) ;
#514 = AXIS2_PLACEMENT_3D ( 'NONE', #1254, #2777, #3101 ) ;
#515 = LINE ( 'NONE', #2622, #605 ) ;
#516 = PLANE ( 'NONE',  #3071 ) ;
#517 = CARTESIAN_POINT ( 'NONE',  ( 0.1524102540378432200, -0.2439823035880254700, 0.5650000000000001700 ) ) ;
#518 = B_SPLINE_CURVE_WITH_KNOTS ( 'NONE', 3,
 ( #545, #1764, #2386, #521, #3948, #529, #849, #862, #743, #441 ),
 .UNSPECIFIED., .F., .F.,
 ( 4, 3, 3, 4 ),
 ( 0.05574543752785234700, 0.06061140657853185400, 0.08295014895826402500, 0.08678157452061866000 ),
 .UNSPECIFIED. ) ;
#519 = PLANE ( 'NONE',  #2509 ) ;
#520 = DIRECTION ( 'NONE',  ( -0.4999999999999979500, 0.8660254037844397100, 3.061616997868370100E-017 ) ) ;
#521 = CARTESIAN_POINT ( 'NONE',  ( 0.01000000000000000000, 0.6232579554602715200, 0.2352912498447401500 ) ) ;
#522 = CARTESIAN_POINT ( 'NONE',  ( 0.5750000000000000700, 0.0000000000000000000, 0.5650000000000001700 ) ) ;
#523 = DIRECTION ( 'NONE',  ( 6.123233995736766000E-017, 0.0000000000000000000, 1.000000000000000000 ) ) ;
#524 = EDGE_CURVE ( 'NONE', #1193, #1998, #3833, .T. ) ;
#525 = EDGE_CURVE ( 'NONE', #1118, #1267, #2274, .T. ) ;
#526 = EDGE_CURVE ( 'NONE', #818, #3528, #449, .T. ) ;
#527 = PLANE ( 'NONE',  #2587 ) ;
#528 = CARTESIAN_POINT ( 'NONE',  ( 0.5750000000000000700, 0.0000000000000000000, 0.4250000000000001000 ) ) ;
#529 = CARTESIAN_POINT ( 'NONE',  ( 0.01000000000000000000, 0.5416469141196753600, -0.3453198533360857200 ) ) ;
#530 = DIRECTION ( 'NONE',  ( -6.123233995736766000E-017, -0.0000000000000000000, -1.000000000000000000 ) ) ;
#531 =( BOUNDED_CURVE ( )  B_SPLINE_CURVE ( 3, ( #1928, #1661, #697, #2586 ),
 .UNSPECIFIED., .F., .F. ) 
 B_SPLINE_CURVE_WITH_KNOTS ( ( 4, 4 ),
 ( 3.124217121762408800, 3.158968185417176900 ),
 .UNSPECIFIED. ) 
 CURVE ( )  GEOMETRIC_REPRESENTATION_ITEM ( )  RATIONAL_B_SPLINE_CURVE ( ( 1.000000000000000000, 0.9998993661631328000, 0.9998993661631328000, 1.000000000000000000 ) ) 
 REPRESENTATION_ITEM ( '' )  );
#532 = LINE ( 'NONE', #2218, #2887 ) ;
#533 = AXIS2_PLACEMENT_3D ( 'NONE', #1611, #3763, #3138 ) ;
#534 = ORIENTED_EDGE ( 'NONE', *, *, #206, .T. ) ;
#535 = CARTESIAN_POINT ( 'NONE',  ( -0.01000000000000000000, -0.3748666429545313200, -0.7850000000000002500 ) ) ;
#536 = ORIENTED_EDGE ( 'NONE', *, *, #2432, .T. ) ;
#537 = DIRECTION ( 'NONE',  ( -1.000000000000000000, 0.0000000000000000000, 1.187759997245331800E-016 ) ) ;
#538 = ORIENTED_EDGE ( 'NONE', *, *, #2736, .F. ) ;
#539 = DIRECTION ( 'NONE',  ( -6.123233995736766000E-017, -0.0000000000000000000, -1.000000000000000000 ) ) ;
#540 = ORIENTED_EDGE ( 'NONE', *, *, #1030, .T. ) ;
#541 = ORIENTED_EDGE ( 'NONE', *, *, #758, .F. ) ;
#542 = FACE_OUTER_BOUND ( 'NONE', #291, .T. ) ;
#543 = DIRECTION ( 'NONE',  ( 0.0000000000000000000, 0.0000000000000000000, 1.000000000000000000 ) ) ;
#544 = CARTESIAN_POINT ( 'NONE',  ( 0.3289041151836479300, 0.5496786383165583900, 0.3578719412852723300 ) ) ;
#545 = CARTESIAN_POINT ( 'NONE',  ( 0.01000000000000000000, 0.6499230723708769900, 0.4250000000000001000 ) ) ;
#546 = VERTEX_POINT ( 'NONE', #3514 ) ;
#547 = CIRCLE ( 'NONE', #97, 0.6500000000000001300 ) ;
#548 = VERTEX_POINT ( 'NONE', #2629 ) ;
#549 = EDGE_CURVE ( 'NONE', #2416, #3220, #2083, .T. ) ;
#550 = CIRCLE ( 'NONE', #1713, 0.3750000000000001100 ) ;
#551 = DIRECTION ( 'NONE',  ( -1.000000000000000000, 0.0000000000000000000, 6.123233995736766000E-017 ) ) ;
#552 = CONICAL_SURFACE ( 'NONE', #3516, 0.6500000000000001300, 0.1396263401595466700 ) ;
#553 = ORIENTED_EDGE ( 'NONE', *, *, #2350, .T. ) ;
#554 = FACE_OUTER_BOUND ( 'NONE', #2943, .T. ) ;
#555 = CARTESIAN_POINT ( 'NONE',  ( 1.406024796245492400E-033, 0.0000000000000000000, -0.7850000000000001400 ) ) ;
#556 = CARTESIAN_POINT ( 'NONE',  ( 0.6499230723708772100, 0.01000000000000000000, 0.5750000000000000700 ) ) ;
#557 = EDGE_CURVE ( 'NONE', #1164, #2078, #3142, .T. ) ;
#558 = FACE_OUTER_BOUND ( 'NONE', #1978, .T. ) ;
#559 = VERTEX_POINT ( 'NONE', #3741 ) ;
#560 = CARTESIAN_POINT ( 'NONE',  ( 0.2787750364383044800, 0.4628525269930035000, -0.3554031051924916900 ) ) ;
#561 = LINE ( 'NONE', #568, #753 ) ;
#562 = ORIENTED_EDGE ( 'NONE', *, *, #3010, .T. ) ;
#563 = AXIS2_PLACEMENT_3D ( 'NONE', #1096, #2336, #2006 ) ;
#564 = CARTESIAN_POINT ( 'NONE',  ( 0.3748666429545313700, -0.01000000000000000000, 0.7849999999999998100 ) ) ;
#565 = DIRECTION ( 'NONE',  ( -1.000000000000000000, 0.0000000000000000000, 1.050710766793947200E-016 ) ) ;
#566 = PERSON_AND_ORGANIZATION_ROLE ( 'design_owner' ) ;
#567 = CARTESIAN_POINT ( 'NONE',  ( -0.5578498911788124500, 0.3336217902232815900, 0.5750000000000001800 ) ) ;
#568 = CARTESIAN_POINT ( 'NONE',  ( -0.1787730674394182000, 0.3296440358300166100, -0.7850000000000001400 ) ) ;
#569 = CARTESIAN_POINT ( 'NONE',  ( -0.5136649497422515200, -0.2850175916231751400, 0.6833556913220398800 ) ) ;
#570 = CARTESIAN_POINT ( 'NONE',  ( 0.5750000000000000700, 0.0000000000000000000, 0.4250000000000001000 ) ) ;
#571 = EDGE_CURVE ( 'NONE', #2366, #1695, #2513, .T. ) ;
#572 = DIRECTION ( 'NONE',  ( -1.000000000000000000, 0.0000000000000000000, 1.187759997245331800E-016 ) ) ;
#573 = CARTESIAN_POINT ( 'NONE',  ( 0.5186507119713129600, 0.01000000000000000000, -0.5089128607762309900 ) ) ;
#574 = ORIENTED_EDGE ( 'NONE', *, *, #2321, .F. ) ;
#575 = EDGE_CURVE ( 'NONE', #1444, #3496, #749, .T. ) ;
#576 = ORIENTED_EDGE ( 'NONE', *, *, #1170, .T. ) ;
#577 = CARTESIAN_POINT ( 'NONE',  ( 0.0000000000000000000, 0.01000000000000000000, 0.7849999999999999200 ) ) ;
#578 = EDGE_LOOP ( 'NONE', ( #2840, #73, #2844, #3099 ) ) ;
#579 = ADVANCED_FACE ( 'NONE', ( #361 ), #1792, .T. ) ;
#580 = ORIENTED_EDGE ( 'NONE', *, *, #1561, .F. ) ;
#581 = EDGE_LOOP ( 'NONE', ( #1314, #1739, #3063, #1372, #1796, #115, #2166, #3206, #2362 ) ) ;
#582 = AXIS2_PLACEMENT_3D ( 'NONE', #2057, #2632, #2944 ) ;
#583 = CARTESIAN_POINT ( 'NONE',  ( -0.6499230723708768800, 0.01000000000000000000, 0.4250000000000001600 ) ) ;
#584 = ORIENTED_EDGE ( 'NONE', *, *, #370, .T. ) ;
#585 = ORIENTED_EDGE ( 'NONE', *, *, #1819, .T. ) ;
#586 = VERTEX_POINT ( 'NONE', #1027 ) ;
#587 = VERTEX_POINT ( 'NONE', #3176 ) ;
#588 = DIRECTION ( 'NONE',  ( 0.8660254037844362700, 0.5000000000000041100, -5.302876193624520400E-017 ) ) ;
#589 = LINE ( 'NONE', #1679, #2459 ) ;
#590 = ORIENTED_EDGE ( 'NONE', *, *, #21, .F. ) ;
#591 = ORIENTED_EDGE ( 'NONE', *, *, #3795, .T. ) ;
#592 = PLANE ( 'NONE',  #37 ) ;
#593 = ORIENTED_EDGE ( 'NONE', *, *, #294, .F. ) ;
#594 = VECTOR ( 'NONE', #2585, 39.37007874015748100 ) ;
#595 = EDGE_CURVE ( 'NONE', #1034, #2370, #3936, .T. ) ;
#596 = FACE_OUTER_BOUND ( 'NONE', #650, .T. ) ;
#597 = VERTEX_POINT ( 'NONE', #1569 ) ;
#598 = CARTESIAN_POINT ( 'NONE',  ( 9.613477373306722300E-017, 0.0000000000000000000, 0.7849999999999998100 ) ) ;
#599 = CARTESIAN_POINT ( 'NONE',  ( 0.2411503993963811100, 0.4376847440200475900, -0.6450000000000001300 ) ) ;
#600 = VECTOR ( 'NONE', #2201, 39.37007874015748100 ) ;
#601 = ORIENTED_EDGE ( 'NONE', *, *, #3544, .F. ) ;
#602 = ADVANCED_FACE ( 'NONE', ( #1269 ), #941, .T. ) ;
#603 = EDGE_CURVE ( 'NONE', #2338, #1380, #2961, .T. ) ;
#604 = DIRECTION ( 'NONE',  ( -6.123233995736766000E-017, -0.0000000000000000000, -1.000000000000000000 ) ) ;
#605 = VECTOR ( 'NONE', #2309, 39.37007874015748100 ) ;
#606 = ADVANCED_FACE ( 'NONE', ( #1548 ), #987, .F. ) ;
#607 = CARTESIAN_POINT ( 'NONE',  ( -0.2912372384210901200, 0.5244376940013900600, 0.06836233743005454300 ) ) ;
#608 = CARTESIAN_POINT ( 'NONE',  ( 0.2556706827210072400, 0.4628346124785943600, 0.7849999999999999200 ) ) ;
#609 = DIRECTION ( 'NONE',  ( -0.6123724356957822600, -0.3535533905932762300, -0.7071067811865569000 ) ) ;
#610 = DIRECTION ( 'NONE',  ( -6.123233995736766000E-017, -0.0000000000000000000, -1.000000000000000000 ) ) ;
#611 = AXIS2_PLACEMENT_3D ( 'NONE', #8, #2147, #3084 ) ;
#612 = APPROVAL_STATUS ( 'not_yet_approved' ) ;
#613 = PLANE ( 'NONE',  #1191 ) ;
#614 = CARTESIAN_POINT ( 'NONE',  ( 0.5750000000000000700, 0.0000000000000000000, 0.5650000000000001700 ) ) ;
#615 = CARTESIAN_POINT ( 'NONE',  ( 0.4262499999999941300, 0.2576425576258737900, 0.5650000000000001700 ) ) ;
#616 = ADVANCED_FACE ( 'NONE', ( #128 ), #2813, .T. ) ;
#617 = FACE_OUTER_BOUND ( 'NONE', #2426, .T. ) ;
#618 = CARTESIAN_POINT ( 'NONE',  ( 0.5678498911788081300, 0.3163012821476007800, 0.5750000000000001800 ) ) ;
#619 = EDGE_CURVE ( 'NONE', #2658, #2709, #986, .T. ) ;
#620 = ADVANCED_FACE ( 'NONE', ( #3885 ), #1461, .T. ) ;
#621 = LINE ( 'NONE', #577, #3033 ) ;
#622 = ORIENTED_EDGE ( 'NONE', *, *, #2925, .F. ) ;
#623 = CARTESIAN_POINT ( 'NONE',  ( 0.3296440358300166100, -0.1787730674394182000, 0.4708666429545312900 ) ) ;
#624 = EDGE_CURVE ( 'NONE', #1070, #1423, #1431, .T. ) ;
#625 = ORIENTED_EDGE ( 'NONE', *, *, #1493, .F. ) ;
#626 = ORIENTED_EDGE ( 'NONE', *, *, #809, .F. ) ;
#627 = DIRECTION ( 'NONE',  ( 6.123233995736766000E-017, 0.0000000000000000000, 1.000000000000000000 ) ) ;
#628 = CARTESIAN_POINT ( 'NONE',  ( -0.01000000000000003000, 0.6499230723708769900, 0.5649999999999999500 ) ) ;
#629 = EDGE_LOOP ( 'NONE', ( #970, #281, #1623, #1202 ) ) ;
#630 = EDGE_LOOP ( 'NONE', ( #686, #1343, #2789, #2237, #3040, #2275, #305, #2680 ) ) ;
#631 = ORIENTED_EDGE ( 'NONE', *, *, #2477, .F. ) ;
#632 = VECTOR ( 'NONE', #2401, 39.37007874015748100 ) ;
#633 = DIRECTION ( 'NONE',  ( 1.000000000000000000, 0.0000000000000000000, -1.050710766793947200E-016 ) ) ;
#634 = ORIENTED_EDGE ( 'NONE', *, *, #2332, .T. ) ;
#635 = LINE ( 'NONE', #1006, #29 ) ;
#636 = ORIENTED_EDGE ( 'NONE', *, *, #1944, .T. ) ;
#637 = FACE_OUTER_BOUND ( 'NONE', #2228, .T. ) ;
#638 = CARTESIAN_POINT ( 'NONE',  ( 0.5678498911788146800, -0.3163012821475889000, 0.5649999999999999500 ) ) ;
#639 = DIRECTION ( 'NONE',  ( 6.123233995736766000E-017, 0.0000000000000000000, 1.000000000000000000 ) ) ;
#640 = ORIENTED_EDGE ( 'NONE', *, *, #3701, .F. ) ;
#641 = ORIENTED_EDGE ( 'NONE', *, *, #3565, .T. ) ;
#642 = LINE ( 'NONE', #3481, #3016 ) ;
#643 = ADVANCED_FACE ( 'NONE', ( #2232 ), #1687, .T. ) ;
#644 = DIRECTION ( 'NONE',  ( -0.8660254037844328200, -0.5000000000000101000, 5.302876193624499400E-017 ) ) ;
#645 = FACE_OUTER_BOUND ( 'NONE', #3590, .T. ) ;
#646 = ORIENTED_EDGE ( 'NONE', *, *, #2350, .F. ) ;
#647 = EDGE_CURVE ( 'NONE', #3803, #2366, #3100, .T. ) ;
#648 = FACE_OUTER_BOUND ( 'NONE', #775, .T. ) ;
#649 = DIRECTION ( 'NONE',  ( -6.123233995736766000E-017, -0.0000000000000000000, -1.000000000000000000 ) ) ;
#650 = EDGE_LOOP ( 'NONE', ( #409, #3240, #2812, #256 ) ) ;
#651 = CARTESIAN_POINT ( 'NONE',  ( -0.3196440358300141600, -0.1960935755151115600, -0.7850000000000001400 ) ) ;
#652 = EDGE_CURVE ( 'NONE', #3870, #1800, #272, .T. ) ;
#653 = DIRECTION ( 'NONE',  ( 0.0000000000000000000, 0.0000000000000000000, 1.000000000000000000 ) ) ;
#654 = DIRECTION ( 'NONE',  ( -0.7071067811865486800, 0.0000000000000000000, 0.7071067811865462400 ) ) ;
#655 = ORIENTED_EDGE ( 'NONE', *, *, #3715, .F. ) ;
#656 = EDGE_CURVE ( 'NONE', #1113, #346, #3022, .T. ) ;
#657 = ORIENTED_EDGE ( 'NONE', *, *, #2266, .F. ) ;
#658 = AXIS2_PLACEMENT_3D ( 'NONE', #942, #2764, #1562 ) ;
#659 = B_SPLINE_CURVE_WITH_KNOTS ( 'NONE', 3,
 ( #3537, #2875, #2921, #755 ),
 .UNSPECIFIED., .F., .F.,
 ( 4, 4 ),
 ( 1.813755728360111000E-006, 0.003179924545928811900 ),
 .UNSPECIFIED. ) ;
#660 = CARTESIAN_POINT ( 'NONE',  ( 0.2729911907966927600, 0.4528346124785964100, 0.7849999999999993600 ) ) ;
#661 = CARTESIAN_POINT ( 'NONE',  ( 0.5286618735176923400, -0.01000000000000000000, 0.7849999999999998100 ) ) ;
#662 = ADVANCED_FACE ( 'NONE', ( #3344 ), #3509, .T. ) ;
#663 = CARTESIAN_POINT ( 'NONE',  ( 9.613477373306724800E-017, 0.0000000000000000000, 0.7850000000000001400 ) ) ;
#664 = DIRECTION ( 'NONE',  ( 0.6123724356957872500, -0.3535533905932676800, -0.7071067811865569000 ) ) ;
#665 = CARTESIAN_POINT ( 'NONE',  ( 0.5287564434701828000, 0.0000000000000000000, 0.7849999999999999200 ) ) ;
#666 = DIRECTION ( 'NONE',  ( -1.000000000000000000, 0.0000000000000000000, 1.050710766793947200E-016 ) ) ;
#667 = CARTESIAN_POINT ( 'NONE',  ( 0.4996213068684410300, 0.0000000000000000000, -0.6450000000000006800 ) ) ;
#668 = DIRECTION ( 'NONE',  ( 1.000000000000000000, 0.0000000000000000000, -1.050710766793947200E-016 ) ) ;
#669 = EDGE_CURVE ( 'NONE', #2608, #2127, #3301, .T. ) ;
#670 = VERTEX_POINT ( 'NONE', #679 ) ;
#671 = ORIENTED_EDGE ( 'NONE', *, *, #2522, .F. ) ;
#672 = VERTEX_POINT ( 'NONE', #1706 ) ;
#673 = EDGE_CURVE ( 'NONE', #1447, #919, #3536, .T. ) ;
#674 = ORIENTED_EDGE ( 'NONE', *, *, #1964, .T. ) ;
#675 = VERTEX_POINT ( 'NONE', #1956 ) ;
#676 = VERTEX_POINT ( 'NONE', #2264 ) ;
#677 = DIRECTION ( 'NONE',  ( 0.0000000000000000000, -1.000000000000000000, 1.300879996982982500E-016 ) ) ;
#678 = CARTESIAN_POINT ( 'NONE',  ( 0.4799455900101061200, 0.0000000000000000000, -0.7849999999999999200 ) ) ;
#679 = CARTESIAN_POINT ( 'NONE',  ( 0.1960935755151093100, -0.3196440358300154400, -0.5202453360860910300 ) ) ;
#680 = LINE ( 'NONE', #704, #3334 ) ;
#681 = CARTESIAN_POINT ( 'NONE',  ( -0.01000000000000000000, 0.6387192010248949900, 0.5944033777472850200 ) ) ;
#682 = AXIS2_PLACEMENT_3D ( 'NONE', #2631, #530, #3559 ) ;
#683 = ORIENTED_EDGE ( 'NONE', *, *, #731, .F. ) ;
#684 = ADVANCED_FACE ( 'NONE', ( #896 ), #417, .F. ) ;
#685 = CARTESIAN_POINT ( 'NONE',  ( 0.5187535610328716200, 0.2879555027216208500, 0.02166633889899535100 ) ) ;
#686 = ORIENTED_EDGE ( 'NONE', *, *, #1564, .T. ) ;
#687 = VECTOR ( 'NONE', #372, 39.37007874015748900 ) ;
#688 = ORIENTED_EDGE ( 'NONE', *, *, #1177, .T. ) ;
#689 = ORIENTED_EDGE ( 'NONE', *, *, #1048, .T. ) ;
#690 = EDGE_LOOP ( 'NONE', ( #622, #674, #1122, #3157, #3838, #1807, #2653, #2092 ) ) ;
#691 = CARTESIAN_POINT ( 'NONE',  ( 0.2961167724888987800, 0.4928892949240811800, 0.5649999999999999500 ) ) ;
#692 = VECTOR ( 'NONE', #3269, 39.37007874015748100 ) ;
#693 = ORIENTED_EDGE ( 'NONE', *, *, #2112, .T. ) ;
#694 = CARTESIAN_POINT ( 'NONE',  ( 0.0000000000000000000, 0.0000000000000000000, -0.7850000000000001400 ) ) ;
#695 = DIRECTION ( 'NONE',  ( -6.123233995736766000E-017, -0.0000000000000000000, -1.000000000000000000 ) ) ;
#696 = EDGE_CURVE ( 'NONE', #2210, #18, #2136, .T. ) ;
#697 = CARTESIAN_POINT ( 'NONE',  ( 0.2469382381563927400, -0.4343769124448514400, -0.6450292532044460400 ) ) ;
#698 = LINE ( 'NONE', #112, #2473 ) ;
#699 = ORIENTED_EDGE ( 'NONE', *, *, #725, .T. ) ;
#700 = CARTESIAN_POINT ( 'NONE',  ( -1.185784930203604800, 0.6961602540378416500, -0.7850000000000001400 ) ) ;
#701 = CARTESIAN_POINT ( 'NONE',  ( -0.2584709074720608100, 0.4276847440200527400, -0.6450000000000001300 ) ) ;
#702 =( BOUNDED_CURVE ( )  B_SPLINE_CURVE ( 3, ( #3403, #2759, #15, #2797 ),
 .UNSPECIFIED., .F., .F. ) 
 B_SPLINE_CURVE_WITH_KNOTS ( ( 4, 4 ),
 ( 3.124217121762409300, 3.158968185417177400 ),
 .UNSPECIFIED. ) 
 CURVE ( )  GEOMETRIC_REPRESENTATION_ITEM ( )  RATIONAL_B_SPLINE_CURVE ( ( 1.000000000000000000, 0.9998993661631328000, 0.9998993661631328000, 1.000000000000000000 ) ) 
 REPRESENTATION_ITEM ( '' )  );
#703 = EDGE_CURVE ( 'NONE', #1018, #548, #3638, .T. ) ;
#704 = CARTESIAN_POINT ( 'NONE',  ( -0.01000000000000000000, -0.5749130369021039400, -0.7850000000000001400 ) ) ;
#705 = DIRECTION ( 'NONE',  ( 6.123233995736766000E-017, 0.0000000000000000000, 1.000000000000000000 ) ) ;
#706 = ADVANCED_BREP_SHAPE_REPRESENTATION ( '3321A21_ER-32 Collet', ( #830, #124 ), #51 ) ;
#707 = AXIS2_PLACEMENT_3D ( 'NONE', #782, #1044, #2000 ) ;
#708 = CARTESIAN_POINT ( 'NONE',  ( 0.2787962644132135300, 0.5028892949240791900, 0.5649999999999999500 ) ) ;
#709 = CARTESIAN_POINT ( 'NONE',  ( 0.01000000000000000000, -0.4868406773361584900, -0.7352083670129085900 ) ) ;
#710 = CARTESIAN_POINT ( 'NONE',  ( -0.5749130369021039400, -0.01000000000000000000, -0.7850000000000001400 ) ) ;
#711 = DIRECTION ( 'NONE',  ( -1.000000000000000000, 0.0000000000000000000, 0.0000000000000000000 ) ) ;
#712 = CARTESIAN_POINT ( 'NONE',  ( 0.3296440358300128900, 0.1787730674394251200, 0.4708666429545312900 ) ) ;
#713 = B_SPLINE_CURVE_WITH_KNOTS ( 'NONE', 3,
 ( #2071, #2061, #2651, #197 ),
 .UNSPECIFIED., .F., .F.,
 ( 4, 4 ),
 ( 2.019659775572203500E-007, 0.02744312681923046300 ),
 .UNSPECIFIED. ) ;
#714 = DIRECTION ( 'NONE',  ( -6.123233995736766000E-017, -0.0000000000000000000, -1.000000000000000000 ) ) ;
#715 = CARTESIAN_POINT ( 'NONE',  ( 0.1787730674394205400, -0.3296440358300153900, 0.7849999999999998100 ) ) ;
#716 = PERSON_AND_ORGANIZATION ( #1631, #2208 ) ;
#717 = ORIENTED_EDGE ( 'NONE', *, *, #2332, .F. ) ;
#718 = DIRECTION ( 'NONE',  ( 0.7071067811865486800, 0.0000000000000000000, 0.7071067811865462400 ) ) ;
#719 = CARTESIAN_POINT ( 'NONE',  ( -0.2864582562299428600, 0.1538397459621549100, 0.4209999999999986000 ) ) ;
#720 = CARTESIAN_POINT ( 'NONE',  ( -0.5749130369021039400, 0.01000000000000000000, 0.4250000000000001600 ) ) ;
#721 = LINE ( 'NONE', #1770, #3412 ) ;
#722 = VERTEX_POINT ( 'NONE', #720 ) ;
#723 = EDGE_CURVE ( 'NONE', #2320, #3129, #456, .T. ) ;
#724 = DIRECTION ( 'NONE',  ( -6.123233995736766000E-017, -0.0000000000000000000, -1.000000000000000000 ) ) ;
#725 = EDGE_CURVE ( 'NONE', #108, #3324, #1503, .T. ) ;
#726 = ORIENTED_EDGE ( 'NONE', *, *, #839, .T. ) ;
#727 = VERTEX_POINT ( 'NONE', #3208 ) ;
#728 = FACE_OUTER_BOUND ( 'NONE', #3247, .T. ) ;
#729 = DIRECTION ( 'NONE',  ( -1.000000000000000000, 0.0000000000000000000, 1.050710766793947200E-016 ) ) ;
#730 = CARTESIAN_POINT ( 'NONE',  ( 0.3336217902232816400, -0.5578498911788125600, 0.5750000000000001800 ) ) ;
#731 = EDGE_CURVE ( 'NONE', #60, #1356, #2716, .T. ) ;
#732 = ORIENTED_EDGE ( 'NONE', *, *, #2053, .T. ) ;
#733 = ORIENTED_EDGE ( 'NONE', *, *, #913, .T. ) ;
#734 = VECTOR ( 'NONE', #718, 39.37007874015748900 ) ;
#735 = EDGE_LOOP ( 'NONE', ( #2899, #3932, #1127, #2894 ) ) ;
#736 = CARTESIAN_POINT ( 'NONE',  ( -0.4105548423825811600, 0.2485809541504788700, -0.7850000000000002500 ) ) ;
#737 = VERTEX_POINT ( 'NONE', #2904 ) ;
#738 = DIRECTION ( 'NONE',  ( -1.000000000000000000, 0.0000000000000000000, 6.123233995736766000E-017 ) ) ;
#739 = CIRCLE ( 'NONE', #2928, 0.6500000000000001300 ) ;
#740 = VERTEX_POINT ( 'NONE', #1660 ) ;
#741 = VECTOR ( 'NONE', #3204, 39.37007874015748100 ) ;
#742 = AXIS2_PLACEMENT_3D ( 'NONE', #2527, #1899, #342 ) ;
#743 = CARTESIAN_POINT ( 'NONE',  ( 0.01000000000000000000, 0.4868406773361584900, -0.7352083670129084800 ) ) ;
#744 = DIRECTION ( 'NONE',  ( -6.123233995736766000E-017, -0.0000000000000000000, -1.000000000000000000 ) ) ;
#745 = CARTESIAN_POINT ( 'NONE',  ( 0.5749130369021039400, 0.01000000000000000000, -0.7850000000000001400 ) ) ;
#746 = ORIENTED_EDGE ( 'NONE', *, *, #3003, .F. ) ;
#747 = ORIENTED_EDGE ( 'NONE', *, *, #195, .F. ) ;
#748 = CARTESIAN_POINT ( 'NONE',  ( -0.4928892949240831800, 0.2961167724888952300, -0.7850000000000001400 ) ) ;
#749 = LINE ( 'NONE', #3754, #1594 ) ;
#750 = CIRCLE ( 'NONE', #2344, 0.3750000000000001700 ) ;
#751 = CARTESIAN_POINT ( 'NONE',  ( 0.2584270320811952700, 0.4276087496138507600, -0.6449122492182509700 ) ) ;
#752 = ORIENTED_EDGE ( 'NONE', *, *, #962, .T. ) ;
#753 = VECTOR ( 'NONE', #3376, 39.37007874015748100 ) ;
#754 = VERTEX_POINT ( 'NONE', #1669 ) ;
#755 = CARTESIAN_POINT ( 'NONE',  ( 0.5678498911788146800, -0.3163012821475887900, 0.5750000000000001800 ) ) ;
#756 = EDGE_CURVE ( 'NONE', #3377, #3791, #642, .T. ) ;
#757 = CARTESIAN_POINT ( 'NONE',  ( 0.01000000000000003000, 0.0000000000000000000, 0.4250000000000001600 ) ) ;
#758 = EDGE_CURVE ( 'NONE', #3971, #676, #3955, .T. ) ;
#759 = CARTESIAN_POINT ( 'NONE',  ( -0.6031649450059347600, -0.01000000000000000000, 0.09233853613829184900 ) ) ;
#760 = CARTESIAN_POINT ( 'NONE',  ( -0.3163012821475966700, -0.5678498911788101300, 0.5649999999999999500 ) ) ;
#761 = DIRECTION ( 'NONE',  ( 0.4999999999999920100, 0.8660254037844433700, -0.0000000000000000000 ) ) ;
#762 = ORIENTED_EDGE ( 'NONE', *, *, #725, .F. ) ;
#763 = EDGE_CURVE ( 'NONE', #1593, #306, #1406, .T. ) ;
#764 = CARTESIAN_POINT ( 'NONE',  ( 0.003334123784706052300, 0.3750444628897157100, 0.4710444628897155800 ) ) ;
#765 = CARTESIAN_POINT ( 'NONE',  ( 0.3749555450165555400, -0.006667358245727028100, -0.5203342381481154100 ) ) ;
#766 = DIRECTION ( 'NONE',  ( 6.123233995736766000E-017, 0.0000000000000000000, 1.000000000000000000 ) ) ;
#767 = DESIGN_CONTEXT ( 'detailed design', #2403, 'design' ) ;
#768 = PLANE ( 'NONE',  #139 ) ;
#769 = CARTESIAN_POINT ( 'NONE',  ( -0.5678498911788124600, 0.3163012821475927900, 0.5650000000000000600 ) ) ;
#770 = CARTESIAN_POINT ( 'NONE',  ( 0.3336217902232815900, -0.5578498911788125600, -0.7850000000000001400 ) ) ;
#771 = CARTESIAN_POINT ( 'NONE',  ( -0.3336217902232854700, -0.5578498911788103400, 0.5750000000000001800 ) ) ;
#772 = CARTESIAN_POINT ( 'NONE',  ( -0.01000000000000003000, 0.0000000000000000000, 0.4250000000000001600 ) ) ;
#773 = DIRECTION ( 'NONE',  ( 0.0000000000000000000, 0.0000000000000000000, 1.000000000000000000 ) ) ;
#774 = DIRECTION ( 'NONE',  ( -1.000000000000000000, 0.0000000000000000000, 1.187759997245331800E-016 ) ) ;
#775 = EDGE_LOOP ( 'NONE', ( #3109, #1632, #2977, #1325 ) ) ;
#776 = ORIENTED_EDGE ( 'NONE', *, *, #2249, .F. ) ;
#777 = EDGE_LOOP ( 'NONE', ( #3105, #3374, #1038, #1015 ) ) ;
#778 = VERTEX_POINT ( 'NONE', #480 ) ;
#779 = PLANE ( 'NONE',  #185 ) ;
#780 = CARTESIAN_POINT ( 'NONE',  ( 9.613477373306722300E-017, 0.0000000000000000000, 0.7849999999999998100 ) ) ;
#781 = ORIENTED_EDGE ( 'NONE', *, *, #3695, .T. ) ;
#782 = CARTESIAN_POINT ( 'NONE',  ( 0.0000000000000000000, 0.0000000000000000000, -0.7850000000000001400 ) ) ;
#783 = CARTESIAN_POINT ( 'NONE',  ( -0.2932018963615405400, -0.4878405813737273800, 0.7150005840914298600 ) ) ;
#784 = EDGE_LOOP ( 'NONE', ( #1729, #2798, #486, #2279 ) ) ;
#785 = EDGE_CURVE ( 'NONE', #1682, #3964, #1091, .T. ) ;
#786 = VECTOR ( 'NONE', #58, 39.37007874015748100 ) ;
#787 = ORIENTED_EDGE ( 'NONE', *, *, #992, .T. ) ;
#788 = VERTEX_POINT ( 'NONE', #2849 ) ;
#789 = VECTOR ( 'NONE', #2391, 39.37007874015748100 ) ;
#790 = CARTESIAN_POINT ( 'NONE',  ( 0.2864582562299439200, -0.1538397459621529100, 0.4209999999999986000 ) ) ;
#791 = CARTESIAN_POINT ( 'NONE',  ( 0.5036649497422494000, 0.3023380996988674400, 0.6833556913220399900 ) ) ;
#792 = AXIS2_PLACEMENT_3D ( 'NONE', #3900, #604, #899 ) ;
#793 = VERTEX_POINT ( 'NONE', #769 ) ;
#794 = ORIENTED_EDGE ( 'NONE', *, *, #1984, .T. ) ;
#795 = EDGE_LOOP ( 'NONE', ( #2749, #1446, #1546, #447 ) ) ;
#796 = LINE ( 'NONE', #651, #3979 ) ;
#797 = CARTESIAN_POINT ( 'NONE',  ( 7.409113134841489000E-017, 0.0000000000000000000, 0.4250000000000001000 ) ) ;
#798 = DIRECTION ( 'NONE',  ( 0.8660254037844328200, 0.5000000000000101000, 1.300879996982982500E-016 ) ) ;
#799 = FACE_OUTER_BOUND ( 'NONE', #3772, .T. ) ;
#800 = VERTEX_POINT ( 'NONE', #2634 ) ;
#801 = AXIS2_PLACEMENT_3D ( 'NONE', #922, #7, #3399 ) ;
#802 = CARTESIAN_POINT ( 'NONE',  ( 0.4262499999999976900, 0.2576425576258717400, 0.5650000000000001700 ) ) ;
#803 = CARTESIAN_POINT ( 'NONE',  ( 0.01000000000000000000, 0.5970076087040888700, 0.6666405024348113200 ) ) ;
#804 = CARTESIAN_POINT ( 'NONE',  ( -0.004999999999999920300, -0.008660254037844433400, 0.0000000000000000000 ) ) ;
#805 = VECTOR ( 'NONE', #1066, 39.37007874015748100 ) ;
#806 = ORIENTED_EDGE ( 'NONE', *, *, #2112, .F. ) ;
#807 = CARTESIAN_POINT ( 'NONE',  ( 0.5750000000000000700, 0.0000000000000000000, 0.4250000000000001000 ) ) ;
#808 = DIRECTION ( 'NONE',  ( -6.123233995736766000E-017, -0.0000000000000000000, -1.000000000000000000 ) ) ;
#809 = EDGE_CURVE ( 'NONE', #800, #2019, #2469, .T. ) ;
#810 = CARTESIAN_POINT ( 'NONE',  ( 1.185784930203595000, 0.6961602540378581900, -0.7850000000000001400 ) ) ;
#811 = EDGE_CURVE ( 'NONE', #2839, #2393, #1650, .T. ) ;
#812 = CARTESIAN_POINT ( 'NONE',  ( 0.005000000000000101600, -0.008660254037844327500, 0.0000000000000000000 ) ) ;
#813 = CARTESIAN_POINT ( 'NONE',  ( 0.01000000000000000000, 0.5873556913220342500, 0.6833556913220398800 ) ) ;
#814 = EDGE_CURVE ( 'NONE', #3442, #2889, #1362, .T. ) ;
#815 = CARTESIAN_POINT ( 'NONE',  ( -0.2469382381563956200, -0.4343769124448500500, -0.6450292532044461500 ) ) ;
#816 = CARTESIAN_POINT ( 'NONE',  ( 8.327598234202003100E-017, 0.0000000000000000000, 0.5750000000000001800 ) ) ;
#817 = AXIS2_PLACEMENT_3D ( 'NONE', #430, #3527, #421 ) ;
#818 = VERTEX_POINT ( 'NONE', #2538 ) ;
#819 = CARTESIAN_POINT ( 'NONE',  ( -0.4105548423825793300, -0.2485809541504816800, -0.7850000000000002500 ) ) ;
#820 = DATE_AND_TIME ( #3030, #2489 ) ;
#821 = DIRECTION ( 'NONE',  ( -1.000000000000000000, 0.0000000000000000000, 1.050710766793947200E-016 ) ) ;
#822 = CARTESIAN_POINT ( 'NONE',  ( 0.5750000000000000700, 0.0000000000000000000, 0.5650000000000001700 ) ) ;
#823 = VECTOR ( 'NONE', #644, 39.37007874015748100 ) ;
#824 = CARTESIAN_POINT ( 'NONE',  ( 0.5217267858293400700, 0.3127661056258083700, 0.6472372535264501200 ) ) ;
#825 = AXIS2_PLACEMENT_3D ( 'NONE', #3470, #134, #1913 ) ;
#826 = B_SPLINE_CURVE_WITH_KNOTS ( 'NONE', 3,
 ( #2326, #1055, #2268, #3499, #759, #2909, #1065, #1381, #3224, #3522 ),
 .UNSPECIFIED., .F., .F.,
 ( 4, 3, 3, 4 ),
 ( 0.05112912229208922700, 0.05195082283676298600, 0.07508370142559929500, 0.07857204714523273500 ),
 .UNSPECIFIED. ) ;
#827 = ORIENTED_EDGE ( 'NONE', *, *, #1486, .T. ) ;
#828 = DIRECTION ( 'NONE',  ( -1.000000000000000000, 0.0000000000000000000, 1.050710766793947200E-016 ) ) ;
#829 = ORIENTED_EDGE ( 'NONE', *, *, #1218, .F. ) ;
#830 = MANIFOLD_SOLID_BREP ( 'CirPattern2', #1840 ) ;
#831 = ORIENTED_EDGE ( 'NONE', *, *, #2442, .F. ) ;
#832 = VECTOR ( 'NONE', #1692, 39.37007874015748100 ) ;
#833 = CARTESIAN_POINT ( 'NONE',  ( 1.195784930203609400, -0.6788397459621444700, -0.7850000000000001400 ) ) ;
#834 = ORIENTED_EDGE ( 'NONE', *, *, #3333, .T. ) ;
#835 = VERTEX_POINT ( 'NONE', #1880 ) ;
#836 = VECTOR ( 'NONE', #3786, 39.37007874015748100 ) ;
#837 = CARTESIAN_POINT ( 'NONE',  ( 0.4995920558719348400, 0.006666960199695264200, -0.6449707490034941600 ) ) ;
#838 = CARTESIAN_POINT ( 'NONE',  ( 8.266365894244635600E-017, 0.0000000000000000000, 0.5649999999999999500 ) ) ;
#839 = EDGE_CURVE ( 'NONE', #2376, #2026, #3434, .T. ) ;
#840 = ORIENTED_EDGE ( 'NONE', *, *, #3458, .T. ) ;
#841 = FACE_OUTER_BOUND ( 'NONE', #3342, .T. ) ;
#842 = ORIENTED_EDGE ( 'NONE', *, *, #2324, .F. ) ;
#843 = DIRECTION ( 'NONE',  ( -0.4999999999999979500, 0.8660254037844397100, 3.061616997868370100E-017 ) ) ;
#844 = CIRCLE ( 'NONE', #1785, 0.6500000000000001300 ) ;
#845 = ORIENTED_EDGE ( 'NONE', *, *, #2639, .T. ) ;
#846 = CARTESIAN_POINT ( 'NONE',  ( 0.008660254037844396900, 0.004999999999999980200, 0.0000000000000000000 ) ) ;
#847 = ORIENTED_EDGE ( 'NONE', *, *, #2324, .T. ) ;
#848 = DIRECTION ( 'NONE',  ( 6.123233995736766000E-017, 0.0000000000000000000, 1.000000000000000000 ) ) ;
#849 = CARTESIAN_POINT ( 'NONE',  ( 0.01000000000000000000, 0.5008390441712572400, -0.6356250746976467300 ) ) ;
#850 = CARTESIAN_POINT ( 'NONE',  ( -0.6499230723708768800, -0.01000000000000000000, 0.5750000000000001800 ) ) ;
#851 = VECTOR ( 'NONE', #3102, 39.37007874015748900 ) ;
#852 = LINE ( 'NONE', #2158, #2429 ) ;
#853 = ORIENTED_EDGE ( 'NONE', *, *, #2233, .T. ) ;
#854 = CARTESIAN_POINT ( 'NONE',  ( 9.613477373306724800E-017, 0.0000000000000000000, 0.7850000000000001400 ) ) ;
#855 = PLANE ( 'NONE',  #3852 ) ;
#856 = AXIS2_PLACEMENT_3D ( 'NONE', #555, #3586, #1769 ) ;
#857 = VECTOR ( 'NONE', #744, 39.37007874015748100 ) ;
#858 = VERTEX_POINT ( 'NONE', #661 ) ;
#859 = CARTESIAN_POINT ( 'NONE',  ( 0.4995335560866924200, 0.01000000000000000000, -0.6449122492182515200 ) ) ;
#860 = CARTESIAN_POINT ( 'NONE',  ( -0.01000000000000000000, 0.5749130369021039400, -0.7850000000000001400 ) ) ;
#861 = DIRECTION ( 'NONE',  ( -6.123233995736766000E-017, 0.0000000000000000000, -1.000000000000000000 ) ) ;
#862 = CARTESIAN_POINT ( 'NONE',  ( 0.01000000000000000000, 0.4938398893661268300, -0.6854167248772706800 ) ) ;
#863 = DIRECTION ( 'NONE',  ( -1.000000000000000000, 0.0000000000000000000, 1.050710766793947200E-016 ) ) ;
#864 = DIRECTION ( 'NONE',  ( -6.123233995736766000E-017, -0.0000000000000000000, -1.000000000000000000 ) ) ;
#865 = CARTESIAN_POINT ( 'NONE',  ( 0.01000000000000000000, 0.5749130369021039400, -0.7850000000000001400 ) ) ;
#866 = ORIENTED_EDGE ( 'NONE', *, *, #1367, .T. ) ;
#867 = DIRECTION ( 'NONE',  ( 6.123233995736766000E-017, 0.0000000000000000000, 1.000000000000000000 ) ) ;
#868 = EDGE_CURVE ( 'NONE', #932, #2320, #2914, .T. ) ;
#869 = CARTESIAN_POINT ( 'NONE',  ( 0.6500000000000001300, 0.01000000000000000000, 0.7849999999999999200 ) ) ;
#870 = SECURITY_CLASSIFICATION ( '', '', #1210 ) ;
#871 = EDGE_CURVE ( 'NONE', #1976, #299, #796, .T. ) ;
#872 = DIRECTION ( 'NONE',  ( -6.123233995736766000E-017, -0.0000000000000000000, -1.000000000000000000 ) ) ;
#873 = APPROVAL_PERSON_ORGANIZATION ( #2254, #1340, #1515 ) ;
#874 = ORIENTED_EDGE ( 'NONE', *, *, #2951, .F. ) ;
#875 = CARTESIAN_POINT ( 'NONE',  ( -0.5317267858293421900, -0.2954455975501160100, 0.6472372535264500100 ) ) ;
#876 = DIRECTION ( 'NONE',  ( -6.123233995736766000E-017, -0.0000000000000000000, -1.000000000000000000 ) ) ;
#877 = ORIENTED_EDGE ( 'NONE', *, *, #814, .F. ) ;
#878 = ORIENTED_EDGE ( 'NONE', *, *, #3909, .F. ) ;
#879 = PERSON_AND_ORGANIZATION_ROLE ( 'classification_officer' ) ;
#880 = DIRECTION ( 'NONE',  ( -1.000000000000000000, 0.0000000000000000000, 6.123233995736766000E-017 ) ) ;
#881 = AXIS2_PLACEMENT_3D ( 'NONE', #1476, #1185, #1784 ) ;
#882 = ORIENTED_EDGE ( 'NONE', *, *, #2576, .F. ) ;
#883 = ORIENTED_EDGE ( 'NONE', *, *, #1293, .T. ) ;
#884 = LINE ( 'NONE', #1374, #2550 ) ;
#885 = CARTESIAN_POINT ( 'NONE',  ( -0.4996505600728867700, -0.003333668813216773600, -0.6450292532044463700 ) ) ;
#886 = CARTESIAN_POINT ( 'NONE',  ( 0.004999999999999920300, 0.008660254037844433400, 0.0000000000000000000 ) ) ;
#887 = ORIENTED_EDGE ( 'NONE', *, *, #1342, .F. ) ;
#888 = EDGE_CURVE ( 'NONE', #3736, #210, #2615, .T. ) ;
#889 = ORIENTED_EDGE ( 'NONE', *, *, #3059, .F. ) ;
#890 = EDGE_CURVE ( 'NONE', #1499, #727, #3556, .T. ) ;
#891 = CYLINDRICAL_SURFACE ( 'NONE', #2408, 0.3750000000000001100 ) ;
#892 = CARTESIAN_POINT ( 'NONE',  ( -0.008660254037844396900, -0.004999999999999980200, 0.7849999999999999200 ) ) ;
#893 = ORIENTED_EDGE ( 'NONE', *, *, #1293, .F. ) ;
#894 = ORIENTED_EDGE ( 'NONE', *, *, #3857, .T. ) ;
#895 = ORIENTED_EDGE ( 'NONE', *, *, #1513, .F. ) ;
#896 = FACE_OUTER_BOUND ( 'NONE', #1846, .T. ) ;
#897 = APPLICATION_PROTOCOL_DEFINITION ( 'international standard', 'config_control_design', 1994, #314 ) ;
#898 = EDGE_CURVE ( 'NONE', #87, #2794, #3728, .T. ) ;
#899 = DIRECTION ( 'NONE',  ( -1.000000000000000000, 0.0000000000000000000, 0.0000000000000000000 ) ) ;
#900 = LINE ( 'NONE', #1537, #3681 ) ;
#901 = ORIENTED_EDGE ( 'NONE', *, *, #3310, .T. ) ;
#902 = CARTESIAN_POINT ( 'NONE',  ( -0.2411065240054976700, 0.4376087496138563700, -0.6449122492182515200 ) ) ;
#903 = DIRECTION ( 'NONE',  ( -1.000000000000000000, 0.0000000000000000000, -3.642463991552350000E-016 ) ) ;
#904 = VECTOR ( 'NONE', #654, 39.37007874015748900 ) ;
#905 = ORIENTED_EDGE ( 'NONE', *, *, #2871, .F. ) ;
#906 = AXIS2_PLACEMENT_3D ( 'NONE', #3260, #488, #1712 ) ;
#907 = CARTESIAN_POINT ( 'NONE',  ( -0.3336217902232777000, 0.5578498911788147800, -0.7850000000000001400 ) ) ;
#908 = CARTESIAN_POINT ( 'NONE',  ( -0.004999999999999980200, -0.008660254037844396900, 0.0000000000000000000 ) ) ;
#909 = AXIS2_PLACEMENT_3D ( 'NONE', #2151, #2691, #315 ) ;
#910 = APPLICATION_PROTOCOL_DEFINITION ( 'international standard', 'config_control_design', 1994, #2403 ) ;
#911 = DIRECTION ( 'NONE',  ( -6.123233995736766000E-017, -0.0000000000000000000, -1.000000000000000000 ) ) ;
#912 = ADVANCED_FACE ( 'NONE', ( #3255 ), #2207, .F. ) ;
#913 = EDGE_CURVE ( 'NONE', #2447, #1018, #3779, .T. ) ;
#914 = ADVANCED_FACE ( 'NONE', ( #554 ), #3207, .F. ) ;
#915 = CARTESIAN_POINT ( 'NONE',  ( 0.4996213068684418100, 0.003333543001138796100, -0.6450000000000010200 ) ) ;
#916 = AXIS2_PLACEMENT_3D ( 'NONE', #3265, #287, #2138 ) ;
#917 = VECTOR ( 'NONE', #3640, 39.37007874015748100 ) ;
#918 = CARTESIAN_POINT ( 'NONE',  ( -0.4996505600728867700, 0.003333668813216891100, -0.6450292532044463700 ) ) ;
#919 = VERTEX_POINT ( 'NONE', #1919 ) ;
#920 = EDGE_LOOP ( 'NONE', ( #3942, #776, #3471, #1742, #593 ) ) ;
#921 = AXIS2_PLACEMENT_3D ( 'NONE', #1906, #86, #1618 ) ;
#922 = CARTESIAN_POINT ( 'NONE',  ( -0.2864582562299428600, 0.1538397459621549100, 0.4209999999999986000 ) ) ;
#923 = ORIENTED_EDGE ( 'NONE', *, *, #1701, .F. ) ;
#924 = ORIENTED_EDGE ( 'NONE', *, *, #1288, .F. ) ;
#925 = LINE ( 'NONE', #160, #3666 ) ;
#926 = ADVANCED_FACE ( 'NONE', ( #38 ), #2803, .F. ) ;
#927 = APPROVAL_ROLE ( '' ) ;
#928 = VERTEX_POINT ( 'NONE', #371 ) ;
#929 = EDGE_LOOP ( 'NONE', ( #949, #2231, #924, #2750, #3778, #1883, #2458, #3231, #2818 ) ) ;
#930 = LINE ( 'NONE', #2097, #398 ) ;
#931 = DIRECTION ( 'NONE',  ( 0.8660254037844362700, -0.5000000000000041100, 0.0000000000000000000 ) ) ;
#932 = VERTEX_POINT ( 'NONE', #691 ) ;
#933 = ADVANCED_FACE ( 'NONE', ( #2465 ), #1271, .F. ) ;
#934 = LINE ( 'NONE', #719, #1540 ) ;
#935 = EDGE_LOOP ( 'NONE', ( #538, #3253, #1262, #3777 ) ) ;
#936 = DIRECTION ( 'NONE',  ( -6.123233995736766000E-017, -0.0000000000000000000, -1.000000000000000000 ) ) ;
#937 = CIRCLE ( 'NONE', #563, 0.5749999999999999600 ) ;
#938 = EDGE_CURVE ( 'NONE', #586, #3733, #1788, .T. ) ;
#939 = VERTEX_POINT ( 'NONE', #1962 ) ;
#940 = VERTEX_POINT ( 'NONE', #2882 ) ;
#941 = CYLINDRICAL_SURFACE ( 'NONE', #3297, 0.6500000000000001300 ) ;
#942 = CARTESIAN_POINT ( 'NONE',  ( 0.0000000000000000000, 0.0000000000000000000, -0.7850000000000001400 ) ) ;
#943 = DIRECTION ( 'NONE',  ( 0.0000000000000000000, -1.000000000000000000, 1.300879996982982500E-016 ) ) ;
#944 = CONICAL_SURFACE ( 'NONE', #1116, 0.5287564434701826900, 0.5235987755982853800 ) ;
#945 = ORIENTED_EDGE ( 'NONE', *, *, #1672, .F. ) ;
#946 = PRODUCT_DEFINITION ( 'UNKNOWN', '', #1908, #767 ) ;
#947 = EDGE_CURVE ( 'NONE', #1131, #3912, #1610, .T. ) ;
#948 = LINE ( 'NONE', #2153, #464 ) ;
#949 = ORIENTED_EDGE ( 'NONE', *, *, #2934, .F. ) ;
#950 = CARTESIAN_POINT ( 'NONE',  ( 0.1350897459621615000, 0.2539823035880295300, 0.5650000000000001700 ) ) ;
#951 = CARTESIAN_POINT ( 'NONE',  ( -0.5609087331960613800, 0.01000000000000000000, -0.2082872894914299700 ) ) ;
#952 = PLANE ( 'NONE',  #1808 ) ;
#953 =( BOUNDED_CURVE ( )  B_SPLINE_CURVE ( 3, ( #2369, #2983, #3935, #1466 ),
 .UNSPECIFIED., .F., .F. ) 
 B_SPLINE_CURVE_WITH_KNOTS ( ( 4, 4 ),
 ( 3.132780323306529400, 3.150404983873057200 ),
 .UNSPECIFIED. ) 
 CURVE ( )  GEOMETRIC_REPRESENTATION_ITEM ( )  RATIONAL_B_SPLINE_CURVE ( ( 1.000000000000000000, 0.9999741144458435000, 0.9999741144458435000, 1.000000000000000000 ) ) 
 REPRESENTATION_ITEM ( '' )  );
#954 = CARTESIAN_POINT ( 'NONE',  ( 0.01000000000000000000, -1.375000000000000000, -0.7850000000000001400 ) ) ;
#955 = ADVANCED_FACE ( 'NONE', ( #313 ), #1050, .T. ) ;
#956 = AXIS2_PLACEMENT_3D ( 'NONE', #1390, #1749, #2638 ) ;
#957 = CARTESIAN_POINT ( 'NONE',  ( -0.4696559272292739100, 0.2596089706285306100, -0.3816671106335255400 ) ) ;
#958 = CARTESIAN_POINT ( 'NONE',  ( 7.409113134841489000E-017, 0.0000000000000000000, 0.4250000000000001000 ) ) ;
#959 = EDGE_CURVE ( 'NONE', #3496, #967, #3431, .T. ) ;
#960 = DIRECTION ( 'NONE',  ( -6.123233995736766000E-017, -0.0000000000000000000, -1.000000000000000000 ) ) ;
#961 = CARTESIAN_POINT ( 'NONE',  ( -0.5059059875160378800, 0.01000000000000000000, -0.5995791262226304300 ) ) ;
#962 = EDGE_CURVE ( 'NONE', #1090, #87, #3339, .T. ) ;
#963 = DIRECTION ( 'NONE',  ( 6.123233995736766000E-017, 0.0000000000000000000, 1.000000000000000000 ) ) ;
#964 = DIRECTION ( 'NONE',  ( 0.0000000000000000000, -0.7071067811865381400, -0.7071067811865569000 ) ) ;
#965 = EDGE_CURVE ( 'NONE', #1640, #1976, #1645, .T. ) ;
#966 = CALENDAR_DATE ( 2021, 14, 9 ) ;
#967 = VERTEX_POINT ( 'NONE', #424 ) ;
#968 = CARTESIAN_POINT ( 'NONE',  ( 0.5750000000000000700, -0.01000000000000000000, 0.4250000000000001000 ) ) ;
#969 = AXIS2_PLACEMENT_3D ( 'NONE', #2973, #1117, #2984 ) ;
#970 = ORIENTED_EDGE ( 'NONE', *, *, #2384, .T. ) ;
#971 = ORIENTED_EDGE ( 'NONE', *, *, #328, .F. ) ;
#972 = ADVANCED_FACE ( 'NONE', ( #33 ), #2301, .F. ) ;
#973 = DIRECTION ( 'NONE',  ( 0.4999999999999979500, -0.8660254037844397100, -3.061616997868370100E-017 ) ) ;
#974 = VERTEX_POINT ( 'NONE', #715 ) ;
#975 = ORIENTED_EDGE ( 'NONE', *, *, #3882, .F. ) ;
#976 = FACE_OUTER_BOUND ( 'NONE', #2182, .T. ) ;
#977 = ORIENTED_EDGE ( 'NONE', *, *, #647, .T. ) ;
#978 = ORIENTED_EDGE ( 'NONE', *, *, #3859, .T. ) ;
#979 = CIRCLE ( 'NONE', #1025, 0.3750000000000001700 ) ;
#980 = CARTESIAN_POINT ( 'NONE',  ( -0.3163012821475887900, 0.5678498911788145700, 0.4250000000000001000 ) ) ;
#981 = CARTESIAN_POINT ( 'NONE',  ( 0.2764582562299405200, 0.1711602540378475400, 0.4209999999999986000 ) ) ;
#982 = DIRECTION ( 'NONE',  ( 0.0000000000000000000, 0.0000000000000000000, 1.000000000000000000 ) ) ;
#983 = CARTESIAN_POINT ( 'NONE',  ( -0.01000000000000000000, 0.6066594744969244800, 0.6499252837581379600 ) ) ;
#984 = VECTOR ( 'NONE', #2938, 39.37007874015748100 ) ;
#985 = VERTEX_POINT ( 'NONE', #142 ) ;
#986 = LINE ( 'NONE', #1606, #2281 ) ;
#987 = PLANE ( 'NONE',  #1187 ) ;
#988 = DIRECTION ( 'NONE',  ( 1.000000000000000000, 0.0000000000000000000, -3.642463991552350000E-016 ) ) ;
#989 = CARTESIAN_POINT ( 'NONE',  ( -0.6499230723708768800, 0.01000000000000000000, 0.5750000000000001800 ) ) ;
#990 = FACE_OUTER_BOUND ( 'NONE', #1304, .T. ) ;
#991 = ORIENTED_EDGE ( 'NONE', *, *, #2766, .T. ) ;
#992 = EDGE_CURVE ( 'NONE', #1648, #270, #1284, .T. ) ;
#993 = FACE_OUTER_BOUND ( 'NONE', #1458, .T. ) ;
#994 = CARTESIAN_POINT ( 'NONE',  ( -0.01000000000000000000, 1.375000000000000000, -0.7850000000000001400 ) ) ;
#995 = ORIENTED_EDGE ( 'NONE', *, *, #2299, .F. ) ;
#996 = DIRECTION ( 'NONE',  ( -1.000000000000000000, 0.0000000000000000000, 1.187759997245331800E-016 ) ) ;
#997 = ADVANCED_FACE ( 'NONE', ( #3484 ), #452, .F. ) ;
#998 = CARTESIAN_POINT ( 'NONE',  ( 0.005000000000000039100, -0.008660254037844362200, 0.0000000000000000000 ) ) ;
#999 = PLANE ( 'NONE',  #3953 ) ;
#1000 = CARTESIAN_POINT ( 'NONE',  ( -0.003334123784706016300, -0.3750444628897157100, 0.4710444628897155800 ) ) ;
#1001 = ORIENTED_EDGE ( 'NONE', *, *, #1384, .F. ) ;
#1002 = AXIS2_PLACEMENT_3D ( 'NONE', #1917, #2526, #1940 ) ;
#1003 = B_SPLINE_CURVE_WITH_KNOTS ( 'NONE', 3,
 ( #608, #3068, #1232, #1837 ),
 .UNSPECIFIED., .F., .F.,
 ( 4, 4 ),
 ( 2.309504363883978600E-007, 0.006159627691883679700 ),
 .UNSPECIFIED. ) ;
#1004 = CARTESIAN_POINT ( 'NONE',  ( -0.4928892949240810700, -0.2961167724888986200, 0.4250000000000001000 ) ) ;
#1005 = DIRECTION ( 'NONE',  ( -1.000000000000000000, 0.0000000000000000000, 0.0000000000000000000 ) ) ;
#1006 = CARTESIAN_POINT ( 'NONE',  ( -0.1787730674394228100, -0.3296440358300141700, -0.7850000000000001400 ) ) ;
#1007 = CARTESIAN_POINT ( 'NONE',  ( 0.4262500000000046800, -0.2576425576258678500, 0.4250000000000001000 ) ) ;
#1008 = DIRECTION ( 'NONE',  ( -6.123233995736766000E-017, -0.0000000000000000000, -1.000000000000000000 ) ) ;
#1009 = EDGE_CURVE ( 'NONE', #3579, #1020, #1542, .T. ) ;
#1010 = CARTESIAN_POINT ( 'NONE',  ( -0.5678498911788101300, -0.3163012821475967300, 0.4250000000000001600 ) ) ;
#1011 = EDGE_CURVE ( 'NONE', #3767, #2953, #1035, .T. ) ;
#1012 = ORIENTED_EDGE ( 'NONE', *, *, #2472, .T. ) ;
#1013 = LINE ( 'NONE', #2546, #14 ) ;
#1014 = DIRECTION ( 'NONE',  ( 1.000000000000000000, 0.0000000000000000000, -1.050710766793947200E-016 ) ) ;
#1015 = ORIENTED_EDGE ( 'NONE', *, *, #3944, .F. ) ;
#1016 = CARTESIAN_POINT ( 'NONE',  ( 0.1350897459621615000, 0.2539823035880295300, 0.4250000000000001000 ) ) ;
#1017 = AXIS2_PLACEMENT_3D ( 'NONE', #1849, #262, #572 ) ;
#1018 = VERTEX_POINT ( 'NONE', #3533 ) ;
#1019 = EDGE_CURVE ( 'NONE', #2033, #587, #2760, .T. ) ;
#1020 = VERTEX_POINT ( 'NONE', #2918 ) ;
#1021 = ORIENTED_EDGE ( 'NONE', *, *, #2174, .T. ) ;
#1022 = CARTESIAN_POINT ( 'NONE',  ( 0.3196440358300127200, 0.1960935755151137500, 0.4708666429545312900 ) ) ;
#1023 = CARTESIAN_POINT ( 'NONE',  ( -0.5036649497422515100, -0.3023380996988638800, 0.6833556913220398800 ) ) ;
#1024 = CYLINDRICAL_SURFACE ( 'NONE', #658, 0.6500000000000001300 ) ;
#1025 = AXIS2_PLACEMENT_3D ( 'NONE', #3595, #198, #218 ) ;
#1026 = ORIENTED_EDGE ( 'NONE', *, *, #386, .T. ) ;
#1027 = CARTESIAN_POINT ( 'NONE',  ( -0.01000000000000003000, 0.5749130369021039400, 0.4250000000000001000 ) ) ;
#1028 = ORIENTED_EDGE ( 'NONE', *, *, #1992, .F. ) ;
#1029 = LINE ( 'NONE', #3940, #789 ) ;
#1030 = EDGE_CURVE ( 'NONE', #835, #2498, #979, .T. ) ;
#1031 = B_SPLINE_CURVE_WITH_KNOTS ( 'NONE', 3,
 ( #1861, #65, #1854, #1283 ),
 .UNSPECIFIED., .F., .F.,
 ( 4, 4 ),
 ( 2.309504363876466200E-007, 0.006159627691883679700 ),
 .UNSPECIFIED. ) ;
#1032 = ORIENTED_EDGE ( 'NONE', *, *, #1701, .T. ) ;
#1033 = LINE ( 'NONE', #3306, #3427 ) ;
#1034 = VERTEX_POINT ( 'NONE', #2552 ) ;
#1035 = CIRCLE ( 'NONE', #2253, 0.5749999999999999600 ) ;
#1036 = CARTESIAN_POINT ( 'NONE',  ( -0.1787730674394182000, 0.3296440358300166100, -0.5202453360860910300 ) ) ;
#1037 = VECTOR ( 'NONE', #2392, 39.37007874015748100 ) ;
#1038 = ORIENTED_EDGE ( 'NONE', *, *, #2874, .T. ) ;
#1039 = VECTOR ( 'NONE', #1806, 39.37007874015748100 ) ;
#1040 = DIRECTION ( 'NONE',  ( 6.123233995736766000E-017, 0.0000000000000000000, 1.000000000000000000 ) ) ;
#1041 = CARTESIAN_POINT ( 'NONE',  ( -0.3750000000000001100, 0.0000000000000000000, -0.7850000000000001400 ) ) ;
#1042 = VECTOR ( 'NONE', #1246, 39.37007874015748100 ) ;
#1043 = ORIENTED_EDGE ( 'NONE', *, *, #2302, .F. ) ;
#1044 = DIRECTION ( 'NONE',  ( -6.123233995736766000E-017, -0.0000000000000000000, -1.000000000000000000 ) ) ;
#1045 = CARTESIAN_POINT ( 'NONE',  ( 0.3196440358300127200, 0.1960935755151137800, -0.7850000000000002500 ) ) ;
#1046 = VECTOR ( 'NONE', #1560, 39.37007874015748100 ) ;
#1047 = ORIENTED_EDGE ( 'NONE', *, *, #2170, .T. ) ;
#1048 = EDGE_CURVE ( 'NONE', #2889, #3541, #3009, .T. ) ;
#1049 = CARTESIAN_POINT ( 'NONE',  ( 0.01000000000000003000, -0.5749130369021039400, 0.4250000000000001000 ) ) ;
#1050 = PLANE ( 'NONE',  #1568 ) ;
#1051 = EDGE_CURVE ( 'NONE', #2067, #3117, #2666, .T. ) ;
#1052 = CARTESIAN_POINT ( 'NONE',  ( 0.2961167724888987300, 0.4928892949240810700, 0.4250000000000001000 ) ) ;
#1053 = CARTESIAN_POINT ( 'NONE',  ( 0.1524102540378467800, 0.2439823035880273600, 0.5650000000000001700 ) ) ;
#1054 = CARTESIAN_POINT ( 'NONE',  ( -0.5070605533234099300, 0.2966006483874310000, 0.6834276446287881300 ) ) ;
#1055 = CARTESIAN_POINT ( 'NONE',  ( -0.6484221289771116000, -0.01000000000000000000, 0.4143214967735572300 ) ) ;
#1056 = CARTESIAN_POINT ( 'NONE',  ( 7.409113134841489000E-017, 0.0000000000000000000, 0.4250000000000001000 ) ) ;
#1057 = CARTESIAN_POINT ( 'NONE',  ( 0.2729911907966927600, 0.4528346124785964100, 0.7849999999999993600 ) ) ;
#1058 = AXIS2_PLACEMENT_3D ( 'NONE', #1602, #439, #418 ) ;
#1059 = DIRECTION ( 'NONE',  ( 0.7071067811865486800, 0.0000000000000000000, 0.7071067811865462400 ) ) ;
#1060 = ORIENTED_EDGE ( 'NONE', *, *, #785, .F. ) ;
#1061 = CARTESIAN_POINT ( 'NONE',  ( 9.613477373306724800E-017, 0.0000000000000000000, 0.7850000000000001400 ) ) ;
#1062 = CARTESIAN_POINT ( 'NONE',  ( -0.009999999999999916900, 0.6499230723708769900, 0.5750000000000001800 ) ) ;
#1063 = CIRCLE ( 'NONE', #2667, 0.3750000000000001700 ) ;
#1064 = ORIENTED_EDGE ( 'NONE', *, *, #1102, .F. ) ;
#1065 = CARTESIAN_POINT ( 'NONE',  ( -0.5186507119713129600, -0.01000000000000000000, -0.5089128607762308800 ) ) ;
#1066 = DIRECTION ( 'NONE',  ( 6.123233995736766000E-017, 0.0000000000000000000, 1.000000000000000000 ) ) ;
#1067 = EDGE_CURVE ( 'NONE', #597, #3185, #169, .T. ) ;
#1068 = ORIENTED_EDGE ( 'NONE', *, *, #1336, .T. ) ;
#1069 = ORIENTED_EDGE ( 'NONE', *, *, #3458, .F. ) ;
#1070 = VERTEX_POINT ( 'NONE', #791 ) ;
#1071 = CARTESIAN_POINT ( 'NONE',  ( 0.3163012821475928400, -0.5678498911788124600, -0.7850000000000001400 ) ) ;
#1072 = CARTESIAN_POINT ( 'NONE',  ( 0.01000000000000000000, -0.3249999999999999600, 0.4209999999999986000 ) ) ;
#1073 = CARTESIAN_POINT ( 'NONE',  ( -0.2584709074720668000, -0.4276847440200491900, -0.6450000000000001300 ) ) ;
#1074 = AXIS2_PLACEMENT_3D ( 'NONE', #804, #761, #2012 ) ;
#1075 = EDGE_CURVE ( 'NONE', #2561, #3971, #1226, .T. ) ;
#1076 = ORIENTED_EDGE ( 'NONE', *, *, #3783, .T. ) ;
#1077 = ORIENTED_EDGE ( 'NONE', *, *, #3392, .F. ) ;
#1078 = FACE_OUTER_BOUND ( 'NONE', #1121, .T. ) ;
#1079 = DIRECTION ( 'NONE',  ( -6.123233995736766000E-017, -0.0000000000000000000, -1.000000000000000000 ) ) ;
#1080 = PLANE ( 'NONE',  #2480 ) ;
#1081 = ORIENTED_EDGE ( 'NONE', *, *, #785, .T. ) ;
#1082 = DIRECTION ( 'NONE',  ( -1.000000000000000000, 0.0000000000000000000, 6.123233995736766000E-017 ) ) ;
#1083 = CYLINDRICAL_SURFACE ( 'NONE', #1733, 0.5749999999999999600 ) ;
#1084 = ORIENTED_EDGE ( 'NONE', *, *, #3961, .T. ) ;
#1085 = VECTOR ( 'NONE', #677, 39.37007874015748100 ) ;
#1086 = AXIS2_PLACEMENT_3D ( 'NONE', #846, #3315, #543 ) ;
#1087 = CARTESIAN_POINT ( 'NONE',  ( 0.4928892949240791200, 0.2961167724889021100, 0.5649999999999999500 ) ) ;
#1088 = CARTESIAN_POINT ( 'NONE',  ( -0.1960935755151115600, -0.3196440358300140500, -0.5202453360860910300 ) ) ;
#1089 = ORIENTED_EDGE ( 'NONE', *, *, #2384, .F. ) ;
#1090 = VERTEX_POINT ( 'NONE', #3905 ) ;
#1091 = CIRCLE ( 'NONE', #3704, 0.6500000000000001300 ) ;
#1092 = B_SPLINE_CURVE_WITH_KNOTS ( 'NONE', 3,
 ( #1797, #1215, #2142, #289, #2104, #3355, #3639, #3677, #2433, #3969 ),
 .UNSPECIFIED., .F., .F.,
 ( 4, 3, 3, 4 ),
 ( 0.05574543752785234700, 0.06061140657853185400, 0.08295014895826402500, 0.08678157452061866000 ),
 .UNSPECIFIED. ) ;
#1093 = AXIS2_PLACEMENT_3D ( 'NONE', #908, #2779, #2787 ) ;
#1094 = CIRCLE ( 'NONE', #2313, 0.6500000000000001300 ) ;
#1095 = EDGE_LOOP ( 'NONE', ( #2702, #2769, #479, #840, #1388, #465, #2614, #2835, #3819 ) ) ;
#1096 = CARTESIAN_POINT ( 'NONE',  ( 8.266365894244635600E-017, 0.0000000000000000000, 0.5649999999999999500 ) ) ;
#1097 = FACE_OUTER_BOUND ( 'NONE', #935, .T. ) ;
#1098 = ORIENTED_EDGE ( 'NONE', *, *, #3989, .F. ) ;
#1099 = CARTESIAN_POINT ( 'NONE',  ( 0.0000000000000000000, 0.0000000000000000000, -0.7850000000000001400 ) ) ;
#1100 = EDGE_CURVE ( 'NONE', #2451, #722, #3386, .T. ) ;
#1101 = DIRECTION ( 'NONE',  ( -6.123233995736766000E-017, -0.0000000000000000000, -1.000000000000000000 ) ) ;
#1102 = EDGE_CURVE ( 'NONE', #1020, #3054, #2710, .T. ) ;
#1103 = CARTESIAN_POINT ( 'NONE',  ( 0.3336602540378431600, -0.5579165124598860500, 0.7849999999999999200 ) ) ;
#1104 = CARTESIAN_POINT ( 'NONE',  ( 8.266365894244635600E-017, 0.0000000000000000000, 0.5649999999999999500 ) ) ;
#1105 = CARTESIAN_POINT ( 'NONE',  ( -0.3750000000000000600, -0.003333827325905863600, -0.5203786931315599300 ) ) ;
#1106 = EDGE_CURVE ( 'NONE', #205, #3013, #3201, .T. ) ;
#1107 = CARTESIAN_POINT ( 'NONE',  ( 1.406024796245492400E-033, 0.0000000000000000000, -0.7850000000000001400 ) ) ;
#1108 = CARTESIAN_POINT ( 'NONE',  ( 0.0000000000000000000, 0.0000000000000000000, -0.7850000000000001400 ) ) ;
#1109 = DIRECTION ( 'NONE',  ( -0.6123724356957897000, 0.3535533905932633500, -0.7071067811865569000 ) ) ;
#1110 = AXIS2_PLACEMENT_3D ( 'NONE', #816, #2055, #828 ) ;
#1111 = DIRECTION ( 'NONE',  ( 0.8660254037844397100, -0.4999999999999979500, -5.302876193624540100E-017 ) ) ;
#1112 = CARTESIAN_POINT ( 'NONE',  ( 0.1960935755151137800, 0.3196440358300127200, -0.5202453360860911400 ) ) ;
#1113 = VERTEX_POINT ( 'NONE', #1720 ) ;
#1114 = CARTESIAN_POINT ( 'NONE',  ( -0.2787962644132028200, 0.5028892949240850700, 0.5649999999999999500 ) ) ;
#1115 = DIRECTION ( 'NONE',  ( -6.123233995736766000E-017, -0.0000000000000000000, -1.000000000000000000 ) ) ;
#1116 = AXIS2_PLACEMENT_3D ( 'NONE', #1524, #1887, #2810 ) ;
#1117 = DIRECTION ( 'NONE',  ( -6.123233995736766000E-017, -0.0000000000000000000, -1.000000000000000000 ) ) ;
#1118 = VERTEX_POINT ( 'NONE', #3239 ) ;
#1119 = ADVANCED_FACE ( 'NONE', ( #1985 ), #3897, .F. ) ;
#1120 = LINE ( 'NONE', #3925, #2541 ) ;
#1121 = EDGE_LOOP ( 'NONE', ( #794, #1209, #2547, #1495, #2491, #1268, #1580, #107, #2421 ) ) ;
#1122 = ORIENTED_EDGE ( 'NONE', *, *, #2946, .T. ) ;
#1123 = CARTESIAN_POINT ( 'NONE',  ( 0.4262500000000012400, -0.2576425576258698500, 0.5650000000000001700 ) ) ;
#1124 = CARTESIAN_POINT ( 'NONE',  ( -0.3231309705188300000, -0.1904096673417767200, 0.4710444628897156300 ) ) ;
#1125 = ORIENTED_EDGE ( 'NONE', *, *, #48, .T. ) ;
#1126 = CARTESIAN_POINT ( 'NONE',  ( 0.01000000000000000000, -0.5873556913220342500, 0.6833556913220398800 ) ) ;
#1127 = ORIENTED_EDGE ( 'NONE', *, *, #3163, .T. ) ;
#1128 = EDGE_CURVE ( 'NONE', #1193, #3864, #2907, .T. ) ;
#1129 = CONICAL_SURFACE ( 'NONE', #3899, 0.6500000000000001300, 0.1396263401595466700 ) ;
#1130 = EDGE_LOOP ( 'NONE', ( #1306, #2570, #2960, #3018 ) ) ;
#1131 = VERTEX_POINT ( 'NONE', #2939 ) ;
#1132 = VECTOR ( 'NONE', #282, 39.37007874015748100 ) ;
#1133 = CARTESIAN_POINT ( 'NONE',  ( 0.5397884147873691600, -0.3231939919667147800, 0.6111186776242545400 ) ) ;
#1134 = AXIS2_PLACEMENT_3D ( 'NONE', #1211, #2644, #3980 ) ;
#1135 =( BOUNDED_CURVE ( )  B_SPLINE_CURVE ( 3, ( #859, #837, #915, #12 ),
 .UNSPECIFIED., .F., .F. ) 
 B_SPLINE_CURVE_WITH_KNOTS ( ( 4, 4 ),
 ( 3.124217121762408800, 3.141592653589793100 ),
 .UNSPECIFIED. ) 
 CURVE ( )  GEOMETRIC_REPRESENTATION_ITEM ( )  RATIONAL_B_SPLINE_CURVE ( ( 1.000000000000000000, 0.9999748410660541700, 0.9999748410660541700, 1.000000000000000000 ) ) 
 REPRESENTATION_ITEM ( '' )  );
#1136 = ORIENTED_EDGE ( 'NONE', *, *, #338, .T. ) ;
#1137 = LINE ( 'NONE', #2588, #1982 ) ;
#1138 = ORIENTED_EDGE ( 'NONE', *, *, #147, .F. ) ;
#1139 = VECTOR ( 'NONE', #2571, 39.37007874015748100 ) ;
#1140 = CARTESIAN_POINT ( 'NONE',  ( 0.0000000000000000000, -0.01000000000000000000, 0.0000000000000000000 ) ) ;
#1141 = CARTESIAN_POINT ( 'NONE',  ( 8.327598234202003100E-017, 0.0000000000000000000, 0.5750000000000001800 ) ) ;
#1142 = VECTOR ( 'NONE', #3271, 39.37007874015748100 ) ;
#1143 = ORIENTED_EDGE ( 'NONE', *, *, #2044, .F. ) ;
#1144 = ADVANCED_FACE ( 'NONE', ( #1746 ), #122, .T. ) ;
#1145 = LINE ( 'NONE', #1334, #2675 ) ;
#1146 = VERTEX_POINT ( 'NONE', #1410 ) ;
#1147 = B_SPLINE_CURVE_WITH_KNOTS ( 'NONE', 3,
 ( #1566, #3462, #1625, #3144, #3479, #3453, #2252 ),
 .UNSPECIFIED., .F., .F.,
 ( 4, 3, 4 ),
 ( 0.01696754947364610300, 0.01978632818559386600, 0.02312694617640240900 ),
 .UNSPECIFIED. ) ;
#1148 = CARTESIAN_POINT ( 'NONE',  ( 0.1524102540378398700, -0.2439823035880235000, 0.5650000000000001700 ) ) ;
#1149 = CARTESIAN_POINT ( 'NONE',  ( 0.5087535610328776100, -0.3052760107972987700, 0.02166633889899535100 ) ) ;
#1150 = DIRECTION ( 'NONE',  ( -6.123233995736766000E-017, -0.0000000000000000000, -1.000000000000000000 ) ) ;
#1151 = CIRCLE ( 'NONE', #3734, 0.5287564434701826900 ) ;
#1152 = DIRECTION ( 'NONE',  ( -1.000000000000000000, 0.0000000000000000000, 0.0000000000000000000 ) ) ;
#1153 = CARTESIAN_POINT ( 'NONE',  ( 0.01000000000000000000, 0.3249999999999999600, 0.4209999999999986000 ) ) ;
#1154 = EDGE_CURVE ( 'NONE', #1894, #1316, #2276, .T. ) ;
#1155 = PLANE ( 'NONE',  #3699 ) ;
#1156 = CC_DESIGN_APPROVAL ( #194, ( #946 ) ) ;
#1157 = EDGE_CURVE ( 'NONE', #587, #360, #405, .T. ) ;
#1158 = DIRECTION ( 'NONE',  ( -6.123233995736766000E-017, 0.0000000000000000000, -1.000000000000000000 ) ) ;
#1159 = CARTESIAN_POINT ( 'NONE',  ( -0.5678498911788101300, -0.3163012821475967900, 0.5650000000000000600 ) ) ;
#1160 = CARTESIAN_POINT ( 'NONE',  ( 0.4596559272292758400, -0.2769294787042162500, -0.3816671106335256500 ) ) ;
#1161 = CARTESIAN_POINT ( 'NONE',  ( 1.185784930203609400, -0.6961602540378333300, -0.7850000000000001400 ) ) ;
#1162 = CARTESIAN_POINT ( 'NONE',  ( 0.5028892949240850700, -0.2787962644132028800, 0.5649999999999999500 ) ) ;
#1163 = AXIS2_PLACEMENT_3D ( 'NONE', #3609, #3291, #3904 ) ;
#1164 = VERTEX_POINT ( 'NONE', #2346 ) ;
#1165 = ORIENTED_EDGE ( 'NONE', *, *, #3806, .T. ) ;
#1166 = CARTESIAN_POINT ( 'NONE',  ( 0.5217267858293465100, -0.3127661056257974900, 0.6472372535264501200 ) ) ;
#1167 = CARTESIAN_POINT ( 'NONE',  ( 8.266365894244635600E-017, 0.0000000000000000000, 0.5649999999999999500 ) ) ;
#1168 = ORIENTED_EDGE ( 'NONE', *, *, #1100, .T. ) ;
#1169 = ORIENTED_EDGE ( 'NONE', *, *, #2692, .T. ) ;
#1170 = EDGE_CURVE ( 'NONE', #754, #2658, #937, .T. ) ;
#1171 = VERTEX_POINT ( 'NONE', #3916 ) ;
#1172 = CARTESIAN_POINT ( 'NONE',  ( 0.4996213068684408100, -0.01000000000000000000, -0.6450000000000001300 ) ) ;
#1173 = ORIENTED_EDGE ( 'NONE', *, *, #3069, .F. ) ;
#1174 = LINE ( 'NONE', #772, #2706 ) ;
#1175 = ADVANCED_FACE ( 'NONE', ( #3097 ), #188, .F. ) ;
#1176 = DIRECTION ( 'NONE',  ( -6.123233995736766000E-017, -0.0000000000000000000, -1.000000000000000000 ) ) ;
#1177 = EDGE_CURVE ( 'NONE', #1146, #359, #1691, .T. ) ;
#1178 = ORIENTED_EDGE ( 'NONE', *, *, #2432, .F. ) ;
#1179 = VECTOR ( 'NONE', #2150, 39.37007874015748100 ) ;
#1180 = ORIENTED_EDGE ( 'NONE', *, *, #2164, .T. ) ;
#1181 = LINE ( 'NONE', #1276, #3531 ) ;
#1182 = LINE ( 'NONE', #790, #2090 ) ;
#1183 = CARTESIAN_POINT ( 'NONE',  ( 0.5036649497422557300, -0.3023380996988568900, 0.6833556913220399900 ) ) ;
#1184 = ORIENTED_EDGE ( 'NONE', *, *, #3219, .F. ) ;
#1185 = DIRECTION ( 'NONE',  ( -6.123233995736766000E-017, -0.0000000000000000000, -1.000000000000000000 ) ) ;
#1186 = VECTOR ( 'NONE', #3146, 39.37007874015748900 ) ;
#1187 = AXIS2_PLACEMENT_3D ( 'NONE', #3131, #1902, #2234 ) ;
#1188 = CIRCLE ( 'NONE', #1163, 0.4799455900101061200 ) ;
#1189 = ORIENTED_EDGE ( 'NONE', *, *, #703, .T. ) ;
#1190 = CARTESIAN_POINT ( 'NONE',  ( 8.327598234202003100E-017, 0.0000000000000000000, 0.5750000000000001800 ) ) ;
#1191 = AXIS2_PLACEMENT_3D ( 'NONE', #2503, #1869, #3410 ) ;
#1192 = CYLINDRICAL_SURFACE ( 'NONE', #1717, 0.6500000000000001300 ) ;
#1193 = VERTEX_POINT ( 'NONE', #2073 ) ;
#1194 = CARTESIAN_POINT ( 'NONE',  ( 0.3750000000000001100, 4.592425496802576100E-017, -0.7850000000000001400 ) ) ;
#1195 = DIRECTION ( 'NONE',  ( -6.123233995736766000E-017, -0.0000000000000000000, -1.000000000000000000 ) ) ;
#1196 = CARTESIAN_POINT ( 'NONE',  ( 0.5136649497422496300, 0.2850175916231787500, 0.6833556913220399900 ) ) ;
#1197 = EDGE_CURVE ( 'NONE', #435, #2796, #2860, .T. ) ;
#1198 = CARTESIAN_POINT ( 'NONE',  ( 0.6484221289771120400, 0.01000000000000000000, 0.4143214967735573400 ) ) ;
#1199 = AXIS2_PLACEMENT_3D ( 'NONE', #2932, #1670, #460 ) ;
#1200 = CARTESIAN_POINT ( 'NONE',  ( -0.5217267858293421800, -0.3127661056258047000, 0.6472372535264500100 ) ) ;
#1201 = LINE ( 'NONE', #3322, #2935 ) ;
#1202 = ORIENTED_EDGE ( 'NONE', *, *, #603, .F. ) ;
#1203 = CARTESIAN_POINT ( 'NONE',  ( -0.5578498911788125600, 0.3336217902232815900, -0.7850000000000001400 ) ) ;
#1204 = CARTESIAN_POINT ( 'NONE',  ( -0.4995335560866932500, -0.01000000000000000000, -0.6449122492182525200 ) ) ;
#1205 = ORIENTED_EDGE ( 'NONE', *, *, #3715, .T. ) ;
#1206 = CONICAL_SURFACE ( 'NONE', #3981, 0.5287564434701826900, 0.5235987755982853800 ) ;
#1207 = ORIENTED_EDGE ( 'NONE', *, *, #3152, .T. ) ;
#1208 = ADVANCED_FACE ( 'NONE', ( #1838 ), #3307, .F. ) ;
#1209 = ORIENTED_EDGE ( 'NONE', *, *, #2196, .F. ) ;
#1210 = SECURITY_CLASSIFICATION_LEVEL ( 'unclassified' ) ;
#1211 = CARTESIAN_POINT ( 'NONE',  ( 7.409113134841489000E-017, 0.0000000000000000000, 0.4250000000000001000 ) ) ;
#1212 = ORIENTED_EDGE ( 'NONE', *, *, #1644, .T. ) ;
#1213 = VERTEX_POINT ( 'NONE', #638 ) ;
#1214 = ADVANCED_FACE ( 'NONE', ( #3724 ), #2043, .T. ) ;
#1215 = CARTESIAN_POINT ( 'NONE',  ( -0.01000000000000000000, 0.6410347441979876700, 0.3617637437453390400 ) ) ;
#1216 = CARTESIAN_POINT ( 'NONE',  ( 9.613477373306722300E-017, 0.0000000000000000000, 0.7849999999999998100 ) ) ;
#1217 = ORIENTED_EDGE ( 'NONE', *, *, #526, .F. ) ;
#1218 = EDGE_CURVE ( 'NONE', #237, #939, #844, .T. ) ;
#1219 = VERTEX_POINT ( 'NONE', #850 ) ;
#1220 = EDGE_CURVE ( 'NONE', #3964, #1490, #57, .T. ) ;
#1221 = VECTOR ( 'NONE', #2427, 39.37007874015748100 ) ;
#1222 = DIRECTION ( 'NONE',  ( -0.8660254037844431500, 0.4999999999999919000, 5.302876193624562300E-017 ) ) ;
#1223 = ORIENTED_EDGE ( 'NONE', *, *, #2599, .F. ) ;
#1224 = FACE_OUTER_BOUND ( 'NONE', #3288, .T. ) ;
#1225 = ORIENTED_EDGE ( 'NONE', *, *, #1051, .T. ) ;
#1226 = CIRCLE ( 'NONE', #906, 0.6500000000000001300 ) ;
#1227 = CC_DESIGN_PERSON_AND_ORGANIZATION_ASSIGNMENT ( #3459, #566, ( #3197 ) ) ;
#1228 = EDGE_CURVE ( 'NONE', #300, #1118, #3592, .T. ) ;
#1229 = CARTESIAN_POINT ( 'NONE',  ( 8.327598234202003100E-017, 0.0000000000000000000, 0.5750000000000001800 ) ) ;
#1230 = LINE ( 'NONE', #810, #1142 ) ;
#1231 = VERTEX_POINT ( 'NONE', #3106 ) ;
#1232 = CARTESIAN_POINT ( 'NONE',  ( 0.2960914937412328400, 0.5328455108487631900, 0.6450004751093608700 ) ) ;
#1233 = LINE ( 'NONE', #1194, #2969 ) ;
#1234 = ORIENTED_EDGE ( 'NONE', *, *, #2599, .T. ) ;
#1235 = ADVANCED_FACE ( 'NONE', ( #1457 ), #891, .F. ) ;
#1236 = LINE ( 'NONE', #1148, #3641 ) ;
#1237 = DIRECTION ( 'NONE',  ( -6.123233995736766000E-017, -0.0000000000000000000, -1.000000000000000000 ) ) ;
#1238 = CARTESIAN_POINT ( 'NONE',  ( 0.4928892949240852300, -0.2961167724888917900, 0.4250000000000001000 ) ) ;
#1239 = ADVANCED_FACE ( 'NONE', ( #637 ), #2088, .T. ) ;
#1240 =( NAMED_UNIT ( * ) PLANE_ANGLE_UNIT ( ) SI_UNIT ( $, .RADIAN. ) );
#1241 = CARTESIAN_POINT ( 'NONE',  ( 0.4995920558719348400, -0.006666960199695125400, -0.6449707490034941600 ) ) ;
#1242 = CARTESIAN_POINT ( 'NONE',  ( 0.6499230723708772100, -0.01000000000000000000, 0.5750000000000000700 ) ) ;
#1243 = DIRECTION ( 'NONE',  ( -1.000000000000000000, 0.0000000000000000000, 0.0000000000000000000 ) ) ;
#1244 =( BOUNDED_CURVE ( )  B_SPLINE_CURVE ( 3, ( #3657, #885, #918, #3067 ),
 .UNSPECIFIED., .F., .F. ) 
 B_SPLINE_CURVE_WITH_KNOTS ( ( 4, 4 ),
 ( 3.124217121762409300, 3.158968185417177400 ),
 .UNSPECIFIED. ) 
 CURVE ( )  GEOMETRIC_REPRESENTATION_ITEM ( )  RATIONAL_B_SPLINE_CURVE ( ( 1.000000000000000000, 0.9998993661631328000, 0.9998993661631328000, 1.000000000000000000 ) ) 
 REPRESENTATION_ITEM ( '' )  );
#1245 = EDGE_CURVE ( 'NONE', #3054, #3047, #550, .T. ) ;
#1246 = DIRECTION ( 'NONE',  ( 6.123233995736766000E-017, 0.0000000000000000000, 1.000000000000000000 ) ) ;
#1247 = AXIS2_PLACEMENT_3D ( 'NONE', #2923, #1704, #3816 ) ;
#1248 = ORIENTED_EDGE ( 'NONE', *, *, #2497, .T. ) ;
#1249 = ADVANCED_FACE ( 'NONE', ( #2373 ), #2609, .T. ) ;
#1250 = FACE_OUTER_BOUND ( 'NONE', #3226, .T. ) ;
#1251 = CARTESIAN_POINT ( 'NONE',  ( -0.01000000000000000000, -0.6387192010248949900, 0.5944033777472850200 ) ) ;
#1252 = ORIENTED_EDGE ( 'NONE', *, *, #386, .F. ) ;
#1253 = ORIENTED_EDGE ( 'NONE', *, *, #250, .F. ) ;
#1254 = CARTESIAN_POINT ( 'NONE',  ( -0.2764582562299418000, -0.1711602540378456500, 0.4209999999999986000 ) ) ;
#1255 = ORIENTED_EDGE ( 'NONE', *, *, #3103, .F. ) ;
#1256 = CARTESIAN_POINT ( 'NONE',  ( -0.01000000000000000000, -0.6499230723708769900, 0.4250000000000001000 ) ) ;
#1257 = ORIENTED_EDGE ( 'NONE', *, *, #3913, .T. ) ;
#1258 = ORIENTED_EDGE ( 'NONE', *, *, #619, .T. ) ;
#1259 = ORIENTED_EDGE ( 'NONE', *, *, #3281, .F. ) ;
#1260 = VECTOR ( 'NONE', #2711, 39.37007874015748100 ) ;
#1261 = CARTESIAN_POINT ( 'NONE',  ( 0.4105548423825831600, -0.2485809541504761800, -0.7850000000000002500 ) ) ;
#1262 = ORIENTED_EDGE ( 'NONE', *, *, #3694, .T. ) ;
#1263 = CIRCLE ( 'NONE', #1453, 0.5749999999999999600 ) ;
#1264 = EDGE_LOOP ( 'NONE', ( #3373, #2594, #3918, #1558, #1576, #1637, #3053, #265, #2273 ) ) ;
#1265 = LINE ( 'NONE', #3143, #3629 ) ;
#1266 = EDGE_CURVE ( 'NONE', #435, #1309, #1265, .T. ) ;
#1267 = VERTEX_POINT ( 'NONE', #980 ) ;
#1268 = ORIENTED_EDGE ( 'NONE', *, *, #1048, .F. ) ;
#1269 = FACE_OUTER_BOUND ( 'NONE', #2032, .T. ) ;
#1270 = DIRECTION ( 'NONE',  ( -1.000000000000000000, 0.0000000000000000000, 0.0000000000000000000 ) ) ;
#1271 = PLANE ( 'NONE',  #3949 ) ;
#1272 = ADVANCED_FACE ( 'NONE', ( #357 ), #399, .F. ) ;
#1273 = VERTEX_POINT ( 'NONE', #3749 ) ;
#1274 = CC_DESIGN_PERSON_AND_ORGANIZATION_ASSIGNMENT ( #2014, #1479, ( #1908 ) ) ;
#1275 = EDGE_CURVE ( 'NONE', #2498, #2959, #1181, .T. ) ;
#1276 = CARTESIAN_POINT ( 'NONE',  ( -0.3296440358300153400, 0.1787730674394204800, -0.7850000000000001400 ) ) ;
#1277 = DIRECTION ( 'NONE',  ( -0.6123724356957822600, -0.3535533905932762300, -0.7071067811865569000 ) ) ;
#1278 = CARTESIAN_POINT ( 'NONE',  ( -0.009999999999999916900, 0.6499230723708769900, 0.5750000000000001800 ) ) ;
#1279 = CYLINDRICAL_SURFACE ( 'NONE', #3347, 0.6500000000000001300 ) ;
#1280 = ORIENTED_EDGE ( 'NONE', *, *, #890, .T. ) ;
#1281 = DIRECTION ( 'NONE',  ( -6.123233995736766000E-017, -0.0000000000000000000, -1.000000000000000000 ) ) ;
#1282 = DIRECTION ( 'NONE',  ( -6.123233995736766000E-017, -0.0000000000000000000, -1.000000000000000000 ) ) ;
#1283 = CARTESIAN_POINT ( 'NONE',  ( -0.3163012821475967300, -0.5678498911788103500, 0.5750000000000001800 ) ) ;
#1284 = B_SPLINE_CURVE_WITH_KNOTS ( 'NONE', 3,
 ( #3171, #1360, #3799, #1974 ),
 .UNSPECIFIED., .F., .F.,
 ( 4, 4 ),
 ( 1.813755728363867000E-006, 0.003179924545928810200 ),
 .UNSPECIFIED. ) ;
#1285 = AXIS2_PLACEMENT_3D ( 'NONE', #2368, #187, #3880 ) ;
#1286 = CARTESIAN_POINT ( 'NONE',  ( -0.01000000000000003000, 0.0000000000000000000, 0.5650000000000001700 ) ) ;
#1287 = DIRECTION ( 'NONE',  ( -1.000000000000000000, 0.0000000000000000000, 1.050710766793947200E-016 ) ) ;
#1288 = EDGE_CURVE ( 'NONE', #1914, #28, #2808, .T. ) ;
#1289 =( BOUNDED_CURVE ( )  B_SPLINE_CURVE ( 3, ( #667, #2505, #1241, #354 ),
 .UNSPECIFIED., .F., .F. ) 
 B_SPLINE_CURVE_WITH_KNOTS ( ( 4, 4 ),
 ( 3.141592653589793100, 3.158968185417177400 ),
 .UNSPECIFIED. ) 
 CURVE ( )  GEOMETRIC_REPRESENTATION_ITEM ( )  RATIONAL_B_SPLINE_CURVE ( ( 1.000000000000000000, 0.9999748410660541700, 0.9999748410660541700, 1.000000000000000000 ) ) 
 REPRESENTATION_ITEM ( '' )  );
#1290 = CARTESIAN_POINT ( 'NONE',  ( 9.613477373306722300E-017, 0.0000000000000000000, 0.7849999999999998100 ) ) ;
#1291 = CARTESIAN_POINT ( 'NONE',  ( -0.01000000000000000000, -0.5416469141196752500, -0.3453198533360859500 ) ) ;
#1292 = AXIS2_PLACEMENT_3D ( 'NONE', #3361, #1523, #2119 ) ;
#1293 = EDGE_CURVE ( 'NONE', #1640, #727, #2180, .T. ) ;
#1294 = CALENDAR_DATE ( 2021, 14, 9 ) ;
#1295 = VERTEX_POINT ( 'NONE', #1296 ) ;
#1296 = CARTESIAN_POINT ( 'NONE',  ( -0.5678498911788123500, 0.3163012821475928400, 0.5750000000000001800 ) ) ;
#1297 = LINE ( 'NONE', #860, #3656 ) ;
#1298 = AXIS2_PLACEMENT_3D ( 'NONE', #522, #2063, #2652 ) ;
#1299 = ORIENTED_EDGE ( 'NONE', *, *, #1672, .T. ) ;
#1300 = ORIENTED_EDGE ( 'NONE', *, *, #2302, .T. ) ;
#1301 = DIRECTION ( 'NONE',  ( 6.123233995736766000E-017, 0.0000000000000000000, 1.000000000000000000 ) ) ;
#1302 = CARTESIAN_POINT ( 'NONE',  ( 0.01000000000000008300, 0.5749130369021039400, 0.5649999999999999500 ) ) ;
#1303 = DIRECTION ( 'NONE',  ( -1.000000000000000000, 0.0000000000000000000, 0.0000000000000000000 ) ) ;
#1304 = EDGE_LOOP ( 'NONE', ( #1207, #3881, #878, #309, #179, #1727, #3198, #159, #1396 ) ) ;
#1305 = EDGE_LOOP ( 'NONE', ( #1021, #1932, #2430, #2179 ) ) ;
#1306 = ORIENTED_EDGE ( 'NONE', *, *, #2713, .F. ) ;
#1307 = VECTOR ( 'NONE', #3747, 39.37007874015748100 ) ;
#1308 = CARTESIAN_POINT ( 'NONE',  ( 0.3750000000000001100, 4.592425496802576100E-017, -0.5203786931315598200 ) ) ;
#1309 = VERTEX_POINT ( 'NONE', #3126 ) ;
#1310 = EDGE_LOOP ( 'NONE', ( #3983, #3664, #1169, #3583, #3585, #1299, #2175, #2543, #3977 ) ) ;
#1311 = LINE ( 'NONE', #381, #836 ) ;
#1312 = DIRECTION ( 'NONE',  ( 0.5000000000000041100, -0.8660254037844362700, 0.0000000000000000000 ) ) ;
#1313 = DIRECTION ( 'NONE',  ( -6.123233995736766000E-017, -0.0000000000000000000, -1.000000000000000000 ) ) ;
#1314 = ORIENTED_EDGE ( 'NONE', *, *, #3051, .T. ) ;
#1315 = FACE_OUTER_BOUND ( 'NONE', #1322, .T. ) ;
#1316 = VERTEX_POINT ( 'NONE', #3164 ) ;
#1317 = VECTOR ( 'NONE', #1900, 39.37007874015748100 ) ;
#1318 = CARTESIAN_POINT ( 'NONE',  ( 0.0000000000000000000, 0.0000000000000000000, -0.7850000000000001400 ) ) ;
#1319 = DIRECTION ( 'NONE',  ( -0.0000000000000000000, 1.000000000000000000, 1.300879996982982500E-016 ) ) ;
#1320 = DIRECTION ( 'NONE',  ( -1.000000000000000000, 0.0000000000000000000, 6.123233995736766000E-017 ) ) ;
#1321 = CIRCLE ( 'NONE', #1844, 0.6500000000000001300 ) ;
#1322 = EDGE_LOOP ( 'NONE', ( #1870, #1638, #3616, #1598 ) ) ;
#1323 = EDGE_CURVE ( 'NONE', #3669, #2474, #1311, .T. ) ;
#1324 = LINE ( 'NONE', #3752, #1042 ) ;
#1325 = ORIENTED_EDGE ( 'NONE', *, *, #3913, .F. ) ;
#1326 = VECTOR ( 'NONE', #3266, 39.37007874015748100 ) ;
#1327 = AXIS2_PLACEMENT_3D ( 'NONE', #2948, #2108, #880 ) ;
#1328 = CARTESIAN_POINT ( 'NONE',  ( 0.01000000000000000000, -0.5008390441712572400, -0.6356250746976470600 ) ) ;
#1329 = DIRECTION ( 'NONE',  ( 0.7559289460184440700, 0.0000000000000000000, 0.6546536707079889700 ) ) ;
#1330 = CARTESIAN_POINT ( 'NONE',  ( -0.5660193567349197700, 0.01000000000000000000, 0.7203059062063743600 ) ) ;
#1331 = AXIS2_PLACEMENT_3D ( 'NONE', #1107, #433, #2315 ) ;
#1332 = B_SPLINE_CURVE_WITH_KNOTS ( 'NONE', 3,
 ( #271, #2815, #1572, #2481, #47, #1251, #2440 ),
 .UNSPECIFIED., .F., .F.,
 ( 4, 3, 4 ),
 ( 0.01553013568744281500, 0.01700092803892665200, 0.01870824647136297800 ),
 .UNSPECIFIED. ) ;
#1333 = CARTESIAN_POINT ( 'NONE',  ( 0.5750000000000000700, 0.0000000000000000000, 0.5650000000000001700 ) ) ;
#1334 = CARTESIAN_POINT ( 'NONE',  ( -0.2411503993963780800, -0.4376847440200493100, -0.6450000000000001300 ) ) ;
#1335 = DIRECTION ( 'NONE',  ( 0.3535533905932686800, -0.6123724356957989100, 0.7071067811865463500 ) ) ;
#1336 = EDGE_CURVE ( 'NONE', #1604, #597, #445, .T. ) ;
#1337 = CIRCLE ( 'NONE', #467, 0.4799455900101061200 ) ;
#1338 = DIRECTION ( 'NONE',  ( -6.123233995736766000E-017, -0.0000000000000000000, -1.000000000000000000 ) ) ;
#1339 = DIRECTION ( 'NONE',  ( 0.0000000000000000000, 1.000000000000000000, 0.0000000000000000000 ) ) ;
#1340 = APPROVAL ( #612, 'UNSPECIFIED' ) ;
#1341 = ORIENTED_EDGE ( 'NONE', *, *, #2925, .T. ) ;
#1342 = EDGE_CURVE ( 'NONE', #210, #2262, #25, .T. ) ;
#1343 = ORIENTED_EDGE ( 'NONE', *, *, #1590, .T. ) ;
#1344 = ORIENTED_EDGE ( 'NONE', *, *, #453, .T. ) ;
#1345 = CARTESIAN_POINT ( 'NONE',  ( -0.5578498911788124500, 0.3336217902232815900, 0.4250000000000001600 ) ) ;
#1346 = CARTESIAN_POINT ( 'NONE',  ( 0.5087535610328712800, 0.3052760107973094300, 0.02166633889899535100 ) ) ;
#1347 = DIRECTION ( 'NONE',  ( -6.123233995736766000E-017, -0.0000000000000000000, -1.000000000000000000 ) ) ;
#1348 = EDGE_LOOP ( 'NONE', ( #2162, #1538, #975, #2970, #3089, #2807, #3521, #2703, #3962 ) ) ;
#1349 = DIRECTION ( 'NONE',  ( -0.3535533905932815000, -0.6123724356957913600, 0.7071067811865462400 ) ) ;
#1350 = DIRECTION ( 'NONE',  ( -6.123233995736766000E-017, -0.0000000000000000000, -1.000000000000000000 ) ) ;
#1351 = ORIENTED_EDGE ( 'NONE', *, *, #1019, .F. ) ;
#1352 = CIRCLE ( 'NONE', #2962, 0.4799455900101061200 ) ;
#1353 = B_SPLINE_CURVE_WITH_KNOTS ( 'NONE', 3,
 ( #2471, #3731, #3429, #1873, #2783, #951, #3745, #356, #961, #3095 ),
 .UNSPECIFIED., .F., .F.,
 ( 4, 3, 3, 4 ),
 ( 0.05112912229208922700, 0.05195082283676298600, 0.07508370142559929500, 0.07857204714523272100 ),
 .UNSPECIFIED. ) ;
#1354 = ORIENTED_EDGE ( 'NONE', *, *, #811, .F. ) ;
#1355 = LINE ( 'NONE', #246, #3927 ) ;
#1356 = VERTEX_POINT ( 'NONE', #1945 ) ;
#1357 = AXIS2_PLACEMENT_3D ( 'NONE', #1108, #3259, #3577 ) ;
#1358 = VECTOR ( 'NONE', #1941, 39.37007874015748100 ) ;
#1359 = DIRECTION ( 'NONE',  ( -1.000000000000000000, 0.0000000000000000000, 1.050710766793947200E-016 ) ) ;
#1360 = CARTESIAN_POINT ( 'NONE',  ( -0.5217267858293444000, 0.3127661056258010900, 0.6472372535264501200 ) ) ;
#1361 = ORIENTED_EDGE ( 'NONE', *, *, #1275, .T. ) ;
#1362 = CIRCLE ( 'NONE', #1839, 0.6500000000000001300 ) ;
#1363 = UNCERTAINTY_MEASURE_WITH_UNIT (LENGTH_MEASURE( 1.000000000000000100E-005 ), #2729, 'distance_accuracy_value', 'NONE');
#1364 = DIRECTION ( 'NONE',  ( 1.000000000000000000, 0.0000000000000000000, -6.123233995736766000E-017 ) ) ;
#1365 = CARTESIAN_POINT ( 'NONE',  ( 0.01000000000000000000, -0.6387192010248949900, 0.5944033777472850200 ) ) ;
#1366 = DIRECTION ( 'NONE',  ( -6.123233995736766000E-017, -0.0000000000000000000, -1.000000000000000000 ) ) ;
#1367 = EDGE_CURVE ( 'NONE', #2100, #3220, #2226, .T. ) ;
#1368 = VECTOR ( 'NONE', #2351, 39.37007874015748100 ) ;
#1369 = ORIENTED_EDGE ( 'NONE', *, *, #1266, .T. ) ;
#1370 = CARTESIAN_POINT ( 'NONE',  ( -0.5473407466755208000, -0.01000000000000000000, 0.7526530290671197300 ) ) ;
#1371 = VECTOR ( 'NONE', #101, 39.37007874015748900 ) ;
#1372 = ORIENTED_EDGE ( 'NONE', *, *, #1106, .F. ) ;
#1373 = EDGE_CURVE ( 'NONE', #2561, #778, #358, .T. ) ;
#1374 = CARTESIAN_POINT ( 'NONE',  ( 0.2584709074720638000, -0.4276847440200510200, -0.6450000000000001300 ) ) ;
#1375 = CARTESIAN_POINT ( 'NONE',  ( -0.5497884147873668400, 0.3058734838910297500, 0.6111186776242545400 ) ) ;
#1376 = DIRECTION ( 'NONE',  ( -1.000000000000000000, 0.0000000000000000000, 1.187759997245331800E-016 ) ) ;
#1377 = B_SPLINE_CURVE_WITH_KNOTS ( 'NONE', 3,
 ( #2296, #2930, #203, #819 ),
 .UNSPECIFIED., .F., .F.,
 ( 4, 4 ),
 ( 2.019659775547993200E-007, 0.03103633895897224200 ),
 .UNSPECIFIED. ) ;
#1378 = CARTESIAN_POINT ( 'NONE',  ( 0.5750000000000000700, -0.01000000000000000000, 0.5650000000000001700 ) ) ;
#1379 = COORDINATED_UNIVERSAL_TIME_OFFSET ( 6, 0, .BEHIND. ) ;
#1380 = VERTEX_POINT ( 'NONE', #3172 ) ;
#1381 = CARTESIAN_POINT ( 'NONE',  ( -0.5122783711104410600, -0.01000000000000000000, -0.5542459965028792000 ) ) ;
#1382 = CARTESIAN_POINT ( 'NONE',  ( -0.2729911907966927100, -0.4528346124785961900, 0.7849999999999998100 ) ) ;
#1383 = CARTESIAN_POINT ( 'NONE',  ( -0.008660254037844362200, 0.005000000000000039100, 0.0000000000000000000 ) ) ;
#1384 = EDGE_CURVE ( 'NONE', #1649, #2210, #2173, .T. ) ;
#1385 = VECTOR ( 'NONE', #1989, 39.37007874015748100 ) ;
#1386 = ORIENTED_EDGE ( 'NONE', *, *, #3461, .F. ) ;
#1387 = ORIENTED_EDGE ( 'NONE', *, *, #3643, .T. ) ;
#1388 = ORIENTED_EDGE ( 'NONE', *, *, #2194, .T. ) ;
#1389 = CARTESIAN_POINT ( 'NONE',  ( 7.409113134841489000E-017, 0.0000000000000000000, 0.4250000000000001000 ) ) ;
#1390 = CARTESIAN_POINT ( 'NONE',  ( 9.613477373306722300E-017, 0.0000000000000000000, 0.7849999999999998100 ) ) ;
#1391 = CARTESIAN_POINT ( 'NONE',  ( 0.3748666429545313200, -0.01000000000000000000, -0.5202453360860910300 ) ) ;
#1392 = ORIENTED_EDGE ( 'NONE', *, *, #389, .T. ) ;
#1393 = ORIENTED_EDGE ( 'NONE', *, *, #2053, .F. ) ;
#1394 = LINE ( 'NONE', #3502, #3526 ) ;
#1395 = CARTESIAN_POINT ( 'NONE',  ( -0.3163012821475967300, -0.5678498911788101300, 0.4250000000000001000 ) ) ;
#1396 = ORIENTED_EDGE ( 'NONE', *, *, #1275, .F. ) ;
#1397 = DIRECTION ( 'NONE',  ( -6.123233995736766000E-017, -0.0000000000000000000, -1.000000000000000000 ) ) ;
#1398 = VERTEX_POINT ( 'NONE', #1052 ) ;
#1399 = VECTOR ( 'NONE', #3228, 39.37007874015748100 ) ;
#1400 = AXIS2_PLACEMENT_3D ( 'NONE', #1673, #2881, #2300 ) ;
#1401 = PLANE ( 'NONE',  #1658 ) ;
#1402 = DIRECTION ( 'NONE',  ( -6.123233995736766000E-017, -0.0000000000000000000, -1.000000000000000000 ) ) ;
#1403 = EDGE_LOOP ( 'NONE', ( #113, #459, #1084, #3876 ) ) ;
#1404 = FACE_OUTER_BOUND ( 'NONE', #1824, .T. ) ;
#1405 = ORIENTED_EDGE ( 'NONE', *, *, #52, .T. ) ;
#1406 = CIRCLE ( 'NONE', #3079, 0.3750000000000001100 ) ;
#1407 = VECTOR ( 'NONE', #3869, 39.37007874015748100 ) ;
#1408 = ORIENTED_EDGE ( 'NONE', *, *, #3119, .F. ) ;
#1409 = CARTESIAN_POINT ( 'NONE',  ( 0.3750000000000001700, -0.003333827325905830200, -0.5203786931315599300 ) ) ;
#1410 = CARTESIAN_POINT ( 'NONE',  ( -0.009999999999999916900, -0.6499230723708769900, 0.5750000000000001800 ) ) ;
#1411 = LINE ( 'NONE', #3424, #182 ) ;
#1412 = ORIENTED_EDGE ( 'NONE', *, *, #959, .F. ) ;
#1413 = DIRECTION ( 'NONE',  ( -1.000000000000000000, 0.0000000000000000000, 1.050710766793947200E-016 ) ) ;
#1414 = EDGE_CURVE ( 'NONE', #2376, #1034, #3141, .T. ) ;
#1415 = EDGE_CURVE ( 'NONE', #31, #320, #659, .T. ) ;
#1416 = LINE ( 'NONE', #700, #1371 ) ;
#1417 = CARTESIAN_POINT ( 'NONE',  ( -0.01000000000000000000, -0.3748666429545313200, -0.7850000000000001400 ) ) ;
#1418 = CARTESIAN_POINT ( 'NONE',  ( 7.409113134841489000E-017, 0.0000000000000000000, 0.4250000000000001000 ) ) ;
#1419 = EDGE_CURVE ( 'NONE', #3130, #2406, #3878, .T. ) ;
#1420 = DIRECTION ( 'NONE',  ( -6.123233995736766000E-017, -0.0000000000000000000, -1.000000000000000000 ) ) ;
#1421 = CARTESIAN_POINT ( 'NONE',  ( -0.1960935755151115600, -0.3196440358300141600, -0.7850000000000001400 ) ) ;
#1422 = ADVANCED_FACE ( 'NONE', ( #117 ), #1668, .F. ) ;
#1423 = VERTEX_POINT ( 'NONE', #3504 ) ;
#1424 = AXIS2_PLACEMENT_3D ( 'NONE', #1333, #766, #1996 ) ;
#1425 = DIRECTION ( 'NONE',  ( -6.123233995736766000E-017, -0.0000000000000000000, -1.000000000000000000 ) ) ;
#1426 = DIRECTION ( 'NONE',  ( 6.123233995736766000E-017, 0.0000000000000000000, 1.000000000000000000 ) ) ;
#1427 = DIRECTION ( 'NONE',  ( -0.0000000000000000000, -0.7071067811865381400, -0.7071067811865569000 ) ) ;
#1428 = CARTESIAN_POINT ( 'NONE',  ( 0.01000000000000003000, 0.0000000000000000000, 0.4250000000000001600 ) ) ;
#1429 = DIRECTION ( 'NONE',  ( -6.123233995736766000E-017, -0.0000000000000000000, -1.000000000000000000 ) ) ;
#1430 = AXIS2_PLACEMENT_3D ( 'NONE', #302, #861, #3014 ) ;
#1431 = B_SPLINE_CURVE_WITH_KNOTS ( 'NONE', 3,
 ( #483, #824, #3954, #1666 ),
 .UNSPECIFIED., .F., .F.,
 ( 4, 4 ),
 ( 1.813755728360111000E-006, 0.003179924545928811900 ),
 .UNSPECIFIED. ) ;
#1432 = VECTOR ( 'NONE', #3005, 39.37007874015748100 ) ;
#1433 = DIRECTION ( 'NONE',  ( -6.123233995736766000E-017, -0.0000000000000000000, -1.000000000000000000 ) ) ;
#1434 = CARTESIAN_POINT ( 'NONE',  ( 0.5678498911788146800, -0.3163012821475887900, -0.7850000000000001400 ) ) ;
#1435 = DIRECTION ( 'NONE',  ( 0.0000000000000000000, 0.0000000000000000000, 1.000000000000000000 ) ) ;
#1436 = CARTESIAN_POINT ( 'NONE',  ( 0.4928892949240851200, -0.2961167724888917900, -0.7850000000000001400 ) ) ;
#1437 = CIRCLE ( 'NONE', #2734, 0.5749999999999999600 ) ;
#1438 = ORIENTED_EDGE ( 'NONE', *, *, #2549, .T. ) ;
#1439 = DIRECTION ( 'NONE',  ( 0.0000000000000000000, 0.0000000000000000000, 1.000000000000000000 ) ) ;
#1440 = CARTESIAN_POINT ( 'NONE',  ( -0.2834930907377288300, -0.4710244367524751300, -0.2882751530984583600 ) ) ;
#1441 = ORIENTED_EDGE ( 'NONE', *, *, #723, .F. ) ;
#1442 = ADVANCED_FACE ( 'NONE', ( #3289 ), #2902, .F. ) ;
#1443 = DIRECTION ( 'NONE',  ( -6.123233995736766000E-017, -0.0000000000000000000, -1.000000000000000000 ) ) ;
#1444 = VERTEX_POINT ( 'NONE', #708 ) ;
#1445 = EDGE_CURVE ( 'NONE', #3013, #1018, #1831, .T. ) ;
#1446 = ORIENTED_EDGE ( 'NONE', *, *, #3644, .T. ) ;
#1447 = VERTEX_POINT ( 'NONE', #1659 ) ;
#1448 = FACE_OUTER_BOUND ( 'NONE', #2799, .T. ) ;
#1449 = DIRECTION ( 'NONE',  ( 1.000000000000000000, 0.0000000000000000000, -6.123233995736766000E-017 ) ) ;
#1450 = CARTESIAN_POINT ( 'NONE',  ( 0.4995335560866924200, 0.01000000000000000000, -0.6449122492182515200 ) ) ;
#1451 = CARTESIAN_POINT ( 'NONE',  ( 0.4105548423825831600, -0.2485809541504761800, -0.7850000000000002500 ) ) ;
#1452 = DIRECTION ( 'NONE',  ( -6.123233995736766000E-017, 0.0000000000000000000, -1.000000000000000000 ) ) ;
#1453 = AXIS2_PLACEMENT_3D ( 'NONE', #186, #3506, #1376 ) ;
#1454 = EDGE_LOOP ( 'NONE', ( #3822, #1533, #641, #2167, #1223, #3465, #2225, #877 ) ) ;
#1455 = VECTOR ( 'NONE', #416, 39.37007874015748900 ) ;
#1456 = ORIENTED_EDGE ( 'NONE', *, *, #2598, .F. ) ;
#1457 = FACE_OUTER_BOUND ( 'NONE', #3081, .T. ) ;
#1458 = EDGE_LOOP ( 'NONE', ( #3972, #3883, #3036, #3046 ) ) ;
#1459 = ORIENTED_EDGE ( 'NONE', *, *, #2822, .T. ) ;
#1460 = AXIS2_PLACEMENT_3D ( 'NONE', #1141, #1397, #2922 ) ;
#1461 = CONICAL_SURFACE ( 'NONE', #2825, 0.6500000000000001300, 0.1396263401595466700 ) ;
#1462 = DIRECTION ( 'NONE',  ( -0.4999999999999919000, 0.8660254037844431500, 4.966996352116840500E-016 ) ) ;
#1463 = VECTOR ( 'NONE', #3702, 39.37007874015748100 ) ;
#1464 = EDGE_LOOP ( 'NONE', ( #688, #3628, #1089, #1578 ) ) ;
#1465 = CARTESIAN_POINT ( 'NONE',  ( -0.3163012821475887900, 0.5678498911788146800, -0.7850000000000001400 ) ) ;
#1466 = CARTESIAN_POINT ( 'NONE',  ( -0.01000000000000000000, 0.5873556913220342500, 0.6833556913220398800 ) ) ;
#1467 = LINE ( 'NONE', #950, #1046 ) ;
#1468 = ORIENTED_EDGE ( 'NONE', *, *, #2068, .T. ) ;
#1469 = ADVANCED_FACE ( 'NONE', ( #3775 ), #143, .T. ) ;
#1470 = CARTESIAN_POINT ( 'NONE',  ( 0.2961167724888952300, -0.4928892949240831800, -0.7850000000000001400 ) ) ;
#1471 = EDGE_CURVE ( 'NONE', #2127, #1914, #589, .T. ) ;
#1472 = VERTEX_POINT ( 'NONE', #1022 ) ;
#1473 = DIRECTION ( 'NONE',  ( -1.000000000000000000, 0.0000000000000000000, 0.0000000000000000000 ) ) ;
#1474 = CC_DESIGN_PERSON_AND_ORGANIZATION_ASSIGNMENT ( #11, #3700, ( #946 ) ) ;
#1475 = EDGE_CURVE ( 'NONE', #3327, #485, #1352, .T. ) ;
#1476 = CARTESIAN_POINT ( 'NONE',  ( 1.016337998740283200E-032, 0.0000000000000000000, -0.7849999999999999200 ) ) ;
#1477 = CARTESIAN_POINT ( 'NONE',  ( -0.01000000000000000000, -0.6499230723708769900, -0.7850000000000001400 ) ) ;
#1478 = DIRECTION ( 'NONE',  ( 1.000000000000000000, 0.0000000000000000000, -6.123233995736766000E-017 ) ) ;
#1479 = PERSON_AND_ORGANIZATION_ROLE ( 'creator' ) ;
#1480 = SHAPE_DEFINITION_REPRESENTATION ( #2957, #706 ) ;
#1481 = CARTESIAN_POINT ( 'NONE',  ( 0.6454202385439279400, 0.01000000000000000000, 0.3929644908330955900 ) ) ;
#1482 = EDGE_LOOP ( 'NONE', ( #2311, #746, #2021, #2820, #1689, #490, #2496, #1280, #893 ) ) ;
#1483 = CARTESIAN_POINT ( 'NONE',  ( -1.185784930203600100, -0.6961602540378499800, -0.7850000000000001400 ) ) ;
#1484 = ORIENTED_EDGE ( 'NONE', *, *, #3155, .F. ) ;
#1485 = ORIENTED_EDGE ( 'NONE', *, *, #95, .F. ) ;
#1486 = EDGE_CURVE ( 'NONE', #3185, #2554, #1497, .T. ) ;
#1487 = VERTEX_POINT ( 'NONE', #2865 ) ;
#1488 = CARTESIAN_POINT ( 'NONE',  ( -0.5036649497422535100, 0.3023380996988603900, 0.6833556913220398800 ) ) ;
#1489 = ORIENTED_EDGE ( 'NONE', *, *, #1651, .F. ) ;
#1490 = VERTEX_POINT ( 'NONE', #2251 ) ;
#1491 = VECTOR ( 'NONE', #1575, 39.37007874015748100 ) ;
#1492 = PLANE ( 'NONE',  #3360 ) ;
#1493 = EDGE_CURVE ( 'NONE', #87, #2070, #3195, .T. ) ;
#1494 = ORIENTED_EDGE ( 'NONE', *, *, #1323, .T. ) ;
#1495 = ORIENTED_EDGE ( 'NONE', *, *, #3859, .F. ) ;
#1496 = CARTESIAN_POINT ( 'NONE',  ( -0.3750000000000001100, 0.0000000000000000000, -0.5203786931315600400 ) ) ;
#1497 = CIRCLE ( 'NONE', #1681, 0.5749999999999999600 ) ;
#1498 = ORIENTED_EDGE ( 'NONE', *, *, #2606, .T. ) ;
#1499 = VERTEX_POINT ( 'NONE', #3550 ) ;
#1500 = DIRECTION ( 'NONE',  ( 0.0000000000000000000, 1.000000000000000000, 0.0000000000000000000 ) ) ;
#1501 = ORIENTED_EDGE ( 'NONE', *, *, #2272, .T. ) ;
#1502 = DIRECTION ( 'NONE',  ( -6.123233995736766000E-017, -0.0000000000000000000, -1.000000000000000000 ) ) ;
#1503 = LINE ( 'NONE', #3812, #1889 ) ;
#1504 = ADVANCED_FACE ( 'NONE', ( #2081 ), #779, .F. ) ;
#1505 = LINE ( 'NONE', #3539, #3593 ) ;
#1506 = ORIENTED_EDGE ( 'NONE', *, *, #1157, .T. ) ;
#1507 = CARTESIAN_POINT ( 'NONE',  ( -0.008660254037844362200, 0.005000000000000039100, 0.7849999999999999200 ) ) ;
#1508 = CARTESIAN_POINT ( 'NONE',  ( 0.01000000000000003000, 0.0000000000000000000, 0.5650000000000001700 ) ) ;
#1509 = VECTOR ( 'NONE', #3175, 39.37007874015748900 ) ;
#1510 = EDGE_LOOP ( 'NONE', ( #1485, #3008, #2747, #3336 ) ) ;
#1511 = CARTESIAN_POINT ( 'NONE',  ( 0.6499230723708772100, 0.01000000000000000000, 0.4250000000000000400 ) ) ;
#1512 = CARTESIAN_POINT ( 'NONE',  ( -0.5678498911788101300, -0.3163012821475967300, 0.4250000000000001600 ) ) ;
#1513 = EDGE_CURVE ( 'NONE', #2320, #3370, #3924, .T. ) ;
#1514 = ADVANCED_FACE ( 'NONE', ( #2367 ), #223, .F. ) ;
#1515 = APPROVAL_ROLE ( '' ) ;
#1516 = ADVANCED_FACE ( 'NONE', ( #542 ), #2325, .T. ) ;
#1517 = CARTESIAN_POINT ( 'NONE',  ( -0.5749130369021039400, -0.01000000000000000000, 0.5649999999999999500 ) ) ;
#1518 = PERSON_AND_ORGANIZATION ( #1631, #2208 ) ;
#1519 =( BOUNDED_CURVE ( )  B_SPLINE_CURVE ( 3, ( #1308, #2247, #3761, #2206 ),
 .UNSPECIFIED., .F., .F. ) 
 B_SPLINE_CURVE_WITH_KNOTS ( ( 4, 4 ),
 ( 0.0000000000000000000, 0.02666982817228040500 ),
 .UNSPECIFIED. ) 
 CURVE ( )  GEOMETRIC_REPRESENTATION_ITEM ( )  RATIONAL_B_SPLINE_CURVE ( ( 1.000000000000000000, 0.9999407275670978400, 0.9999407275670978400, 1.000000000000000000 ) ) 
 REPRESENTATION_ITEM ( '' )  );
#1520 = CARTESIAN_POINT ( 'NONE',  ( -0.01000000000000000000, 0.4798414002252710000, -0.7850000000000002500 ) ) ;
#1521 = LINE ( 'NONE', #3543, #2356 ) ;
#1522 = ORIENTED_EDGE ( 'NONE', *, *, #344, .F. ) ;
#1523 = DIRECTION ( 'NONE',  ( -6.123233995736766000E-017, -0.0000000000000000000, -1.000000000000000000 ) ) ;
#1524 = CARTESIAN_POINT ( 'NONE',  ( 9.613477373306722300E-017, 0.0000000000000000000, 0.7849999999999998100 ) ) ;
#1525 = EDGE_LOOP ( 'NONE', ( #3758, #2903, #1441, #1991, #1456, #1587, #2495, #3873, #2372 ) ) ;
#1526 = ORIENTED_EDGE ( 'NONE', *, *, #1878, .T. ) ;
#1527 = CONICAL_SURFACE ( 'NONE', #9, 0.5287564434701826900, 0.5235987755982853800 ) ;
#1528 = CARTESIAN_POINT ( 'NONE',  ( 0.5036649497422557300, -0.3023380996988568900, 0.6833556913220399900 ) ) ;
#1529 = CARTESIAN_POINT ( 'NONE',  ( 0.1524102540378432200, -0.2439823035880254700, 0.4250000000000001000 ) ) ;
#1530 = ADVANCED_FACE ( 'NONE', ( #3477 ), #240, .F. ) ;
#1531 = ORIENTED_EDGE ( 'NONE', *, *, #3937, .F. ) ;
#1532 = ORIENTED_EDGE ( 'NONE', *, *, #3892, .T. ) ;
#1533 = ORIENTED_EDGE ( 'NONE', *, *, #3212, .T. ) ;
#1534 = EDGE_CURVE ( 'NONE', #3211, #2168, #2271, .T. ) ;
#1535 = FACE_OUTER_BOUND ( 'NONE', #2224, .T. ) ;
#1536 = CARTESIAN_POINT ( 'NONE',  ( -0.01000000000000000000, 0.0000000000000000000, 0.0000000000000000000 ) ) ;
#1537 = CARTESIAN_POINT ( 'NONE',  ( 0.4362500000000045200, -0.2403220495501790000, 0.5650000000000001700 ) ) ;
#1538 = ORIENTED_EDGE ( 'NONE', *, *, #473, .F. ) ;
#1539 = ADVANCED_FACE ( 'NONE', ( #2954 ), #2419, .T. ) ;
#1540 = VECTOR ( 'NONE', #664, 39.37007874015748100 ) ;
#1541 = ORIENTED_EDGE ( 'NONE', *, *, #3314, .F. ) ;
#1542 = LINE ( 'NONE', #1073, #505 ) ;
#1543 = CC_DESIGN_APPROVAL ( #1340, ( #1908 ) ) ;
#1544 = EDGE_CURVE ( 'NONE', #793, #1447, #2035, .T. ) ;
#1545 = CARTESIAN_POINT ( 'NONE',  ( -0.2961167724888987300, -0.4928892949240811800, -0.7850000000000001400 ) ) ;
#1546 = ORIENTED_EDGE ( 'NONE', *, *, #2174, .F. ) ;
#1547 = ORIENTED_EDGE ( 'NONE', *, *, #2064, .F. ) ;
#1548 = FACE_OUTER_BOUND ( 'NONE', #74, .T. ) ;
#1549 = CARTESIAN_POINT ( 'NONE',  ( -0.3296440358300153400, 0.1787730674394204500, 0.4708666429545312900 ) ) ;
#1550 = ORIENTED_EDGE ( 'NONE', *, *, #763, .T. ) ;
#1551 = AXIS2_PLACEMENT_3D ( 'NONE', #1730, #3903, #1449 ) ;
#1552 = VECTOR ( 'NONE', #988, 39.37007874015748100 ) ;
#1553 = DIRECTION ( 'NONE',  ( -1.000000000000000000, -0.0000000000000000000, 0.0000000000000000000 ) ) ;
#1554 = ORIENTED_EDGE ( 'NONE', *, *, #395, .T. ) ;
#1555 = CARTESIAN_POINT ( 'NONE',  ( -0.01000000000000000000, -0.5824529102586824000, -0.05501436857420873000 ) ) ;
#1556 = AXIS2_PLACEMENT_3D ( 'NONE', #1167, #3658, #3343 ) ;
#1557 = CARTESIAN_POINT ( 'NONE',  ( 0.2661725826620435200, 0.4810244367524733600, -0.2882751530984583600 ) ) ;
#1558 = ORIENTED_EDGE ( 'NONE', *, *, #1019, .T. ) ;
#1559 = ADVANCED_FACE ( 'NONE', ( #1535 ), #3048, .T. ) ;
#1560 = DIRECTION ( 'NONE',  ( -0.5000000000000101000, -0.8660254037844328200, 3.061616997868444600E-017 ) ) ;
#1561 = EDGE_CURVE ( 'NONE', #740, #1593, #2129, .T. ) ;
#1562 = DIRECTION ( 'NONE',  ( -1.000000000000000000, 0.0000000000000000000, 0.0000000000000000000 ) ) ;
#1563 = CARTESIAN_POINT ( 'NONE',  ( 0.1524102540378467800, 0.2439823035880273600, 0.5650000000000001700 ) ) ;
#1564 = EDGE_CURVE ( 'NONE', #1499, #28, #3672, .T. ) ;
#1565 = CARTESIAN_POINT ( 'NONE',  ( 0.1524102540378467800, 0.2439823035880273600, 0.4250000000000001000 ) ) ;
#1566 = CARTESIAN_POINT ( 'NONE',  ( 0.5286618735176923400, -0.01000000000000000000, 0.7849999999999998100 ) ) ;
#1567 = CARTESIAN_POINT ( 'NONE',  ( -0.01000000000000000000, 0.5873556913220342500, 0.6833556913220398800 ) ) ;
#1568 = AXIS2_PLACEMENT_3D ( 'NONE', #2582, #1339, #148 ) ;
#1569 = CARTESIAN_POINT ( 'NONE',  ( 0.4928892949240852300, -0.2961167724888917900, 0.5649999999999999500 ) ) ;
#1570 = APPROVAL_DATE_TIME ( #820, #194 ) ;
#1571 = PLANE ( 'NONE',  #3169 ) ;
#1572 = CARTESIAN_POINT ( 'NONE',  ( -0.01000000000000000000, -0.6066594744969244800, 0.6499252837581379600 ) ) ;
#1573 = ORIENTED_EDGE ( 'NONE', *, *, #3783, .F. ) ;
#1574 =( BOUNDED_CURVE ( )  B_SPLINE_CURVE ( 3, ( #2833, #2854, #1000, #1608 ),
 .UNSPECIFIED., .F., .F. ) 
 B_SPLINE_CURVE_WITH_KNOTS ( ( 4, 4 ),
 ( 3.114922825417513900, 3.168262481762073300 ),
 .UNSPECIFIED. ) 
 CURVE ( )  GEOMETRIC_REPRESENTATION_ITEM ( )  RATIONAL_B_SPLINE_CURVE ( ( 1.000000000000000000, 0.9997629208080554000, 0.9997629208080554000, 1.000000000000000000 ) ) 
 REPRESENTATION_ITEM ( '' )  );
#1575 = DIRECTION ( 'NONE',  ( 0.0000000000000000000, 0.7071067811865381400, -0.7071067811865569000 ) ) ;
#1576 = ORIENTED_EDGE ( 'NONE', *, *, #91, .T. ) ;
#1577 = CARTESIAN_POINT ( 'NONE',  ( -0.01000000000000000000, -0.6410347441979876700, 0.3617637437453390400 ) ) ;
#1578 = ORIENTED_EDGE ( 'NONE', *, *, #1774, .F. ) ;
#1579 = ADVANCED_FACE ( 'NONE', ( #1448 ), #2555, .T. ) ;
#1580 = ORIENTED_EDGE ( 'NONE', *, *, #2731, .F. ) ;
#1581 = ORIENTED_EDGE ( 'NONE', *, *, #3072, .T. ) ;
#1582 = CARTESIAN_POINT ( 'NONE',  ( 0.0000000000000000000, 0.0000000000000000000, -0.7850000000000001400 ) ) ;
#1583 = CARTESIAN_POINT ( 'NONE',  ( 0.01000000000000000000, -0.6232579554602715200, 0.2352912498447400100 ) ) ;
#1584 = FACE_OUTER_BOUND ( 'NONE', #219, .T. ) ;
#1585 = DIRECTION ( 'NONE',  ( -1.000000000000000000, 0.0000000000000000000, 6.123233995736766000E-017 ) ) ;
#1586 = ORIENTED_EDGE ( 'NONE', *, *, #3990, .F. ) ;
#1587 = ORIENTED_EDGE ( 'NONE', *, *, #3604, .F. ) ;
#1588 = DIRECTION ( 'NONE',  ( 1.000000000000000000, 0.0000000000000000000, -6.123233995736766000E-017 ) ) ;
#1589 = VECTOR ( 'NONE', #523, 39.37007874015748100 ) ;
#1590 = EDGE_CURVE ( 'NONE', #28, #263, #158, .T. ) ;
#1591 = ORIENTED_EDGE ( 'NONE', *, *, #696, .T. ) ;
#1592 = ORIENTED_EDGE ( 'NONE', *, *, #1909, .T. ) ;
#1593 = VERTEX_POINT ( 'NONE', #564 ) ;
#1594 = VECTOR ( 'NONE', #1008, 39.37007874015748100 ) ;
#1595 = CARTESIAN_POINT ( 'NONE',  ( 0.5678498911788081300, 0.3163012821476008400, 0.5649999999999999500 ) ) ;
#1596 = DIRECTION ( 'NONE',  ( -6.123233995736766000E-017, -0.0000000000000000000, -1.000000000000000000 ) ) ;
#1597 = VECTOR ( 'NONE', #2385, 39.37007874015748100 ) ;
#1598 = ORIENTED_EDGE ( 'NONE', *, *, #3937, .T. ) ;
#1599 = CARTESIAN_POINT ( 'NONE',  ( -0.4205548423825810600, 0.2312604460747901300, -0.7850000000000002500 ) ) ;
#1600 = CARTESIAN_POINT ( 'NONE',  ( 0.5136649497422496300, 0.2850175916231787500, 0.6833556913220399900 ) ) ;
#1601 = DIRECTION ( 'NONE',  ( -6.123233995736766000E-017, -0.0000000000000000000, -1.000000000000000000 ) ) ;
#1602 = CARTESIAN_POINT ( 'NONE',  ( 8.327598234202003100E-017, 0.0000000000000000000, 0.5750000000000001800 ) ) ;
#1603 = CIRCLE ( 'NONE', #1862, 0.6500000000000001300 ) ;
#1604 = VERTEX_POINT ( 'NONE', #3279 ) ;
#1605 = EDGE_CURVE ( 'NONE', #2040, #754, #3829, .T. ) ;
#1606 = CARTESIAN_POINT ( 'NONE',  ( 0.5028892949240850700, -0.2787962644132028800, -0.7850000000000001400 ) ) ;
#1607 = CARTESIAN_POINT ( 'NONE',  ( -0.01000000000000000000, 0.3748666429545313200, -0.7850000000000002500 ) ) ;
#1608 = CARTESIAN_POINT ( 'NONE',  ( -0.009999999999999962000, -0.3748666429545313200, 0.4708666429545312900 ) ) ;
#1609 = AXIS2_PLACEMENT_3D ( 'NONE', #598, #2786, #1243 ) ;
#1610 = B_SPLINE_CURVE_WITH_KNOTS ( 'NONE', 3,
 ( #2294, #3808, #2897, #730 ),
 .UNSPECIFIED., .F., .F.,
 ( 4, 4 ),
 ( 2.309504363914024200E-007, 0.006159627691883678800 ),
 .UNSPECIFIED. ) ;
#1611 = CARTESIAN_POINT ( 'NONE',  ( 0.2764582562299405200, 0.1711602540378475400, 0.4209999999999986000 ) ) ;
#1612 = CARTESIAN_POINT ( 'NONE',  ( 0.1524102540378398700, -0.2439823035880235000, 0.4250000000000001000 ) ) ;
#1613 = ORIENTED_EDGE ( 'NONE', *, *, #1011, .F. ) ;
#1614 = EDGE_CURVE ( 'NONE', #727, #502, #3248, .T. ) ;
#1615 = CARTESIAN_POINT ( 'NONE',  ( 0.3336217902232855300, 0.5578498911788102300, 0.4250000000000001000 ) ) ;
#1616 = CARTESIAN_POINT ( 'NONE',  ( -0.3748666429545313200, -0.01000000000000000000, -0.7850000000000001400 ) ) ;
#1617 = EDGE_CURVE ( 'NONE', #346, #2517, #3718, .T. ) ;
#1618 = DIRECTION ( 'NONE',  ( -1.000000000000000000, 0.0000000000000000000, 0.0000000000000000000 ) ) ;
#1619 = CARTESIAN_POINT ( 'NONE',  ( -0.008660254037844433400, -0.004999999999999920300, 0.0000000000000000000 ) ) ;
#1620 = DIRECTION ( 'NONE',  ( -1.000000000000000000, 0.0000000000000000000, 6.123233995736766000E-017 ) ) ;
#1621 = EDGE_CURVE ( 'NONE', #2123, #341, #1029, .T. ) ;
#1622 = CIRCLE ( 'NONE', #1292, 0.5749999999999999600 ) ;
#1623 = ORIENTED_EDGE ( 'NONE', *, *, #3430, .F. ) ;
#1624 = DIRECTION ( 'NONE',  ( -6.123233995736766000E-017, -0.0000000000000000000, -1.000000000000000000 ) ) ;
#1625 = CARTESIAN_POINT ( 'NONE',  ( 0.5656584249264499100, -0.01000000000000000000, 0.7209309582129359600 ) ) ;
#1626 = LINE ( 'NONE', #2880, #3707 ) ;
#1627 = AXIS2_PLACEMENT_3D ( 'NONE', #2873, #413, #1620 ) ;
#1628 = ORIENTED_EDGE ( 'NONE', *, *, #2522, .T. ) ;
#1629 = DIRECTION ( 'NONE',  ( -1.000000000000000000, 0.0000000000000000000, 1.050710766793947200E-016 ) ) ;
#1630 = VERTEX_POINT ( 'NONE', #1776 ) ;
#1631 = PERSON ( 'UNSPECIFIED', 'UNSPECIFIED', 'UNSPECIFIED', ('UNSPECIFIED'), ('UNSPECIFIED'), ('UNSPECIFIED') ) ;
#1632 = ORIENTED_EDGE ( 'NONE', *, *, #2785, .T. ) ;
#1633 = FACE_OUTER_BOUND ( 'NONE', #629, .T. ) ;
#1634 = AXIS2_PLACEMENT_3D ( 'NONE', #388, #2533, #668 ) ;
#1635 = CARTESIAN_POINT ( 'NONE',  ( 0.5136649497422496300, 0.2850175916231787500, 0.6833556913220399900 ) ) ;
#1636 = DIRECTION ( 'NONE',  ( -6.123233995736766000E-017, -0.0000000000000000000, -1.000000000000000000 ) ) ;
#1637 = ORIENTED_EDGE ( 'NONE', *, *, #2790, .T. ) ;
#1638 = ORIENTED_EDGE ( 'NONE', *, *, #888, .T. ) ;
#1639 = VECTOR ( 'NONE', #2539, 39.37007874015748100 ) ;
#1640 = VERTEX_POINT ( 'NONE', #535 ) ;
#1641 = CARTESIAN_POINT ( 'NONE',  ( 0.4105548423825777200, 0.2485809541504846200, -0.7850000000000002500 ) ) ;
#1642 = LINE ( 'NONE', #374, #311 ) ;
#1643 = ORIENTED_EDGE ( 'NONE', *, *, #229, .F. ) ;
#1644 = EDGE_CURVE ( 'NONE', #412, #299, #2855, .T. ) ;
#1645 = CIRCLE ( 'NONE', #149, 0.3750000000000001700 ) ;
#1646 = CARTESIAN_POINT ( 'NONE',  ( -0.5749130369021039400, 0.01000000000000000000, 0.5649999999999999500 ) ) ;
#1647 = CARTESIAN_POINT ( 'NONE',  ( -0.5473407466755208000, 0.01000000000000000000, 0.7526530290671197300 ) ) ;
#1648 = VERTEX_POINT ( 'NONE', #1488 ) ;
#1649 = VERTEX_POINT ( 'NONE', #1801 ) ;
#1650 = LINE ( 'NONE', #517, #1698 ) ;
#1651 = EDGE_CURVE ( 'NONE', #1171, #108, #2292, .T. ) ;
#1652 = FACE_OUTER_BOUND ( 'NONE', #3843, .T. ) ;
#1653 = CARTESIAN_POINT ( 'NONE',  ( 0.4205548423825830100, -0.2312604460747873000, -0.7850000000000002500 ) ) ;
#1654 = ORIENTED_EDGE ( 'NONE', *, *, #549, .T. ) ;
#1655 = DIRECTION ( 'NONE',  ( 0.0000000000000000000, 0.0000000000000000000, 1.000000000000000000 ) ) ;
#1656 = FACE_OUTER_BOUND ( 'NONE', #3278, .T. ) ;
#1657 = EDGE_LOOP ( 'NONE', ( #2619, #2663, #119, #3642 ) ) ;
#1658 = AXIS2_PLACEMENT_3D ( 'NONE', #812, #3273, #3567 ) ;
#1659 = CARTESIAN_POINT ( 'NONE',  ( -0.5028892949240829600, 0.2787962644132064300, 0.5649999999999999500 ) ) ;
#1660 = CARTESIAN_POINT ( 'NONE',  ( 0.3748666429545313200, -0.01000000000000000000, -0.5202453360860910300 ) ) ;
#1661 = CARTESIAN_POINT ( 'NONE',  ( 0.2527123219164921200, -0.4310432436316347100, -0.6450292532044460400 ) ) ;
#1662 = DIRECTION ( 'NONE',  ( -6.123233995736766000E-017, -0.0000000000000000000, -1.000000000000000000 ) ) ;
#1663 = CARTESIAN_POINT ( 'NONE',  ( 0.01000000000000000000, 0.6066594744969244800, 0.6499252837581379600 ) ) ;
#1664 = PLANE ( 'NONE',  #1074 ) ;
#1665 = AXIS2_PLACEMENT_3D ( 'NONE', #2661, #931, #3075 ) ;
#1666 = CARTESIAN_POINT ( 'NONE',  ( 0.5578498911788079000, 0.3336217902232893600, 0.5750000000000001800 ) ) ;
#1667 = DIRECTION ( 'NONE',  ( -6.123233995736766000E-017, -0.0000000000000000000, -1.000000000000000000 ) ) ;
#1668 = PLANE ( 'NONE',  #2339 ) ;
#1669 = CARTESIAN_POINT ( 'NONE',  ( 0.5749130369021040500, -0.01000000000000000000, 0.5649999999999999500 ) ) ;
#1670 = DIRECTION ( 'NONE',  ( -0.5000000000000101000, 0.8660254037844328200, 0.0000000000000000000 ) ) ;
#1671 = DIRECTION ( 'NONE',  ( -1.000000000000000000, 0.0000000000000000000, 1.187759997245331800E-016 ) ) ;
#1672 = EDGE_CURVE ( 'NONE', #2067, #818, #2900, .T. ) ;
#1673 = CARTESIAN_POINT ( 'NONE',  ( 8.266365894244635600E-017, 0.0000000000000000000, 0.5649999999999999500 ) ) ;
#1674 = DIRECTION ( 'NONE',  ( -6.123233995736766000E-017, -0.0000000000000000000, -1.000000000000000000 ) ) ;
#1675 = ORIENTED_EDGE ( 'NONE', *, *, #898, .T. ) ;
#1676 = EDGE_CURVE ( 'NONE', #2134, #985, #1740, .T. ) ;
#1677 = EDGE_LOOP ( 'NONE', ( #1125, #3148, #2558, #1898, #693, #1168, #3723, #3241, #3958 ) ) ;
#1678 = ORIENTED_EDGE ( 'NONE', *, *, #2657, .T. ) ;
#1679 = CARTESIAN_POINT ( 'NONE',  ( -0.2787962644132099800, -0.5028892949240811900, -0.7850000000000001400 ) ) ;
#1680 = CARTESIAN_POINT ( 'NONE',  ( 0.5750000000000000700, 0.0000000000000000000, 0.4250000000000001000 ) ) ;
#1681 = AXIS2_PLACEMENT_3D ( 'NONE', #797, #1425, #1699 ) ;
#1682 = VERTEX_POINT ( 'NONE', #583 ) ;
#1683 = DIRECTION ( 'NONE',  ( -6.123233995736766000E-017, -0.0000000000000000000, -1.000000000000000000 ) ) ;
#1684 = DIRECTION ( 'NONE',  ( -1.000000000000000000, 0.0000000000000000000, 1.050710766793947200E-016 ) ) ;
#1685 = ORIENTED_EDGE ( 'NONE', *, *, #3333, .F. ) ;
#1686 = VECTOR ( 'NONE', #2436, 39.37007874015748100 ) ;
#1687 = PLANE ( 'NONE',  #817 ) ;
#1688 = ORIENTED_EDGE ( 'NONE', *, *, #1415, .T. ) ;
#1689 = ORIENTED_EDGE ( 'NONE', *, *, #603, .T. ) ;
#1690 = AXIS2_PLACEMENT_3D ( 'NONE', #2721, #2126, #2434 ) ;
#1691 = CIRCLE ( 'NONE', #2202, 0.6500000000000001300 ) ;
#1692 = DIRECTION ( 'NONE',  ( 0.0000000000000000000, -1.000000000000000000, 0.0000000000000000000 ) ) ;
#1693 = CARTESIAN_POINT ( 'NONE',  ( -0.009999999999999962000, 0.3748666429545313200, 0.4708666429545312900 ) ) ;
#1694 = DIRECTION ( 'NONE',  ( -0.8660254037844362700, -0.5000000000000041100, 5.302876193624520400E-017 ) ) ;
#1695 = VERTEX_POINT ( 'NONE', #3661 ) ;
#1696 = ORIENTED_EDGE ( 'NONE', *, *, #2713, .T. ) ;
#1697 = ORIENTED_EDGE ( 'NONE', *, *, #3314, .T. ) ;
#1698 = VECTOR ( 'NONE', #843, 39.37007874015748900 ) ;
#1699 = DIRECTION ( 'NONE',  ( -1.000000000000000000, 0.0000000000000000000, 1.187759997245331800E-016 ) ) ;
#1700 = CARTESIAN_POINT ( 'NONE',  ( -0.3296440358300141100, -0.1787730674394227800, 0.4708666429545312900 ) ) ;
#1701 = EDGE_CURVE ( 'NONE', #3520, #1604, #930, .T. ) ;
#1702 = LINE ( 'NONE', #3137, #1368 ) ;
#1703 = ORIENTED_EDGE ( 'NONE', *, *, #2221, .T. ) ;
#1704 = DIRECTION ( 'NONE',  ( -6.123233995736766000E-017, -0.0000000000000000000, -1.000000000000000000 ) ) ;
#1705 = CARTESIAN_POINT ( 'NONE',  ( 0.5749130369021040500, 0.01000000000000000000, 0.5649999999999999500 ) ) ;
#1706 = CARTESIAN_POINT ( 'NONE',  ( 0.1787730674394252300, 0.3296440358300130000, 0.7849999999999998100 ) ) ;
#1707 = CIRCLE ( 'NONE', #856, 0.3750000000000001700 ) ;
#1708 = ORIENTED_EDGE ( 'NONE', *, *, #3404, .T. ) ;
#1709 = EDGE_CURVE ( 'NONE', #270, #201, #1934, .T. ) ;
#1710 = CARTESIAN_POINT ( 'NONE',  ( 0.5578498911788079000, 0.3336217902232894200, 0.5649999999999999500 ) ) ;
#1711 = PLANE ( 'NONE',  #510 ) ;
#1712 = DIRECTION ( 'NONE',  ( -1.000000000000000000, 0.0000000000000000000, 1.050710766793947200E-016 ) ) ;
#1713 = AXIS2_PLACEMENT_3D ( 'NONE', #663, #53, #1005 ) ;
#1714 = DIRECTION ( 'NONE',  ( -6.123233995736766000E-017, -0.0000000000000000000, -1.000000000000000000 ) ) ;
#1715 = ORIENTED_EDGE ( 'NONE', *, *, #125, .F. ) ;
#1716 = CARTESIAN_POINT ( 'NONE',  ( -0.1787730674394182000, 0.3296440358300166100, -0.5202453360860910300 ) ) ;
#1717 = AXIS2_PLACEMENT_3D ( 'NONE', #114, #1959, #3178 ) ;
#1718 = DIRECTION ( 'NONE',  ( 0.3535533905932674600, -0.6123724356957968000, -0.7071067811865486800 ) ) ;
#1719 = CARTESIAN_POINT ( 'NONE',  ( -0.2411065240055040900, -0.4376087496138536000, -0.6449122492182520800 ) ) ;
#1720 = CARTESIAN_POINT ( 'NONE',  ( -0.2729911907966863800, 0.4528346124785999600, 0.7849999999999999200 ) ) ;
#1721 = CARTESIAN_POINT ( 'NONE',  ( 8.266365894244635600E-017, 0.0000000000000000000, 0.5649999999999999500 ) ) ;
#1722 = CARTESIAN_POINT ( 'NONE',  ( -0.3748666429545313200, -0.01000000000000000000, 0.7849999999999998100 ) ) ;
#1723 = PLANE ( 'NONE',  #909 ) ;
#1724 = DIRECTION ( 'NONE',  ( 0.0000000000000000000, 0.0000000000000000000, 1.000000000000000000 ) ) ;
#1725 = EDGE_CURVE ( 'NONE', #2393, #2554, #2754, .T. ) ;
#1726 = LINE ( 'NONE', #869, #1432 ) ;
#1727 = ORIENTED_EDGE ( 'NONE', *, *, #2659, .F. ) ;
#1728 = ORIENTED_EDGE ( 'NONE', *, *, #2477, .T. ) ;
#1729 = ORIENTED_EDGE ( 'NONE', *, *, #1621, .F. ) ;
#1730 = CARTESIAN_POINT ( 'NONE',  ( 0.5750000000000000700, 0.0000000000000000000, 0.5650000000000001700 ) ) ;
#1731 = CARTESIAN_POINT ( 'NONE',  ( -0.5136649497422535200, 0.2850175916231715800, 0.6833556913220398800 ) ) ;
#1732 = DIRECTION ( 'NONE',  ( 6.123233995736766000E-017, 0.0000000000000000000, 1.000000000000000000 ) ) ;
#1733 = AXIS2_PLACEMENT_3D ( 'NONE', #3862, #1667, #2189 ) ;
#1734 = ORIENTED_EDGE ( 'NONE', *, *, #2773, .F. ) ;
#1735 = ORIENTED_EDGE ( 'NONE', *, *, #3837, .F. ) ;
#1736 = LINE ( 'NONE', #1477, #3042 ) ;
#1737 = ORIENTED_EDGE ( 'NONE', *, *, #3270, .T. ) ;
#1738 = CARTESIAN_POINT ( 'NONE',  ( 0.01000000000000000000, -0.6275152784067880000, 0.6138067258892142600 ) ) ;
#1739 = ORIENTED_EDGE ( 'NONE', *, *, #703, .F. ) ;
#1740 = CIRCLE ( 'NONE', #258, 0.3750000000000001100 ) ;
#1741 = CARTESIAN_POINT ( 'NONE',  ( -0.5070605533234081600, -0.2966006483874341100, 0.6834276446287878000 ) ) ;
#1742 = ORIENTED_EDGE ( 'NONE', *, *, #3795, .F. ) ;
#1743 = LINE ( 'NONE', #3249, #264 ) ;
#1744 = ORIENTED_EDGE ( 'NONE', *, *, #2966, .F. ) ;
#1745 = CARTESIAN_POINT ( 'NONE',  ( 0.01000000000000000000, 0.0000000000000000000, 0.0000000000000000000 ) ) ;
#1746 = FACE_OUTER_BOUND ( 'NONE', #3149, .T. ) ;
#1747 = ORIENTED_EDGE ( 'NONE', *, *, #1755, .T. ) ;
#1748 = ORIENTED_EDGE ( 'NONE', *, *, #473, .T. ) ;
#1749 = DIRECTION ( 'NONE',  ( -6.123233995736766000E-017, -0.0000000000000000000, -1.000000000000000000 ) ) ;
#1750 = CARTESIAN_POINT ( 'NONE',  ( 0.3085577464967825300, -0.5144376940013880600, 0.06836233743005454300 ) ) ;
#1751 = VECTOR ( 'NONE', #3, 39.37007874015747400 ) ;
#1752 = CIRCLE ( 'NONE', #3447, 0.5749999999999999600 ) ;
#1753 = VERTEX_POINT ( 'NONE', #2727 ) ;
#1754 = DIRECTION ( 'NONE',  ( -6.123233995736766000E-017, -0.0000000000000000000, -1.000000000000000000 ) ) ;
#1755 = EDGE_CURVE ( 'NONE', #2463, #2416, #3004, .T. ) ;
#1756 = VECTOR ( 'NONE', #280, 39.37007874015748900 ) ;
#1757 = ORIENTED_EDGE ( 'NONE', *, *, #524, .T. ) ;
#1758 = DIRECTION ( 'NONE',  ( 0.3535533905932759500, 0.6123724356957918100, -0.7071067811865487900 ) ) ;
#1759 = DIRECTION ( 'NONE',  ( 0.0000000000000000000, -1.000000000000000000, 0.0000000000000000000 ) ) ;
#1760 = CC_DESIGN_PERSON_AND_ORGANIZATION_ASSIGNMENT ( #1518, #1827, ( #1908 ) ) ;
#1761 = EDGE_CURVE ( 'NONE', #3054, #1630, #1783, .T. ) ;
#1762 = CARTESIAN_POINT ( 'NONE',  ( -0.5028892949240811900, -0.2787962644132099800, -0.7850000000000001400 ) ) ;
#1763 = PLANE ( 'NONE',  #3354 ) ;
#1764 = CARTESIAN_POINT ( 'NONE',  ( 0.01000000000000000000, 0.6410347441979876700, 0.3617637437453390400 ) ) ;
#1765 = CARTESIAN_POINT ( 'NONE',  ( 8.327598234202003100E-017, 0.0000000000000000000, 0.5750000000000001800 ) ) ;
#1766 = AXIS2_PLACEMENT_3D ( 'NONE', #202, #2347, #1152 ) ;
#1767 = CARTESIAN_POINT ( 'NONE',  ( -0.5497884147873647300, -0.3058734838910335300, 0.6111186776242544200 ) ) ;
#1768 = CARTESIAN_POINT ( 'NONE',  ( 0.6469211843766069500, -0.01000000000000000000, 0.4036429937167306800 ) ) ;
#1769 = DIRECTION ( 'NONE',  ( -1.000000000000000000, 0.0000000000000000000, 0.0000000000000000000 ) ) ;
#1770 = CARTESIAN_POINT ( 'NONE',  ( -0.3336602540378392800, 0.5579165124598883800, 0.7849999999999999200 ) ) ;
#1771 = CARTESIAN_POINT ( 'NONE',  ( 0.5578498911788148900, -0.3336217902232777000, 0.5750000000000001800 ) ) ;
#1772 = CARTESIAN_POINT ( 'NONE',  ( -0.1787730674394227800, -0.3296440358300141100, 0.7849999999999998100 ) ) ;
#1773 = DIRECTION ( 'NONE',  ( 0.8660254037844362700, -0.5000000000000041100, 0.0000000000000000000 ) ) ;
#1774 = EDGE_CURVE ( 'NONE', #1146, #2338, #1736, .T. ) ;
#1775 = ORIENTED_EDGE ( 'NONE', *, *, #3665, .F. ) ;
#1776 = CARTESIAN_POINT ( 'NONE',  ( -0.2729911907966927100, -0.4528346124785961900, 0.7849999999999998100 ) ) ;
#1777 = CARTESIAN_POINT ( 'NONE',  ( 0.5186507119713129600, -0.01000000000000000000, -0.5089128607762309900 ) ) ;
#1778 = ORIENTED_EDGE ( 'NONE', *, *, #3179, .F. ) ;
#1779 = ORIENTED_EDGE ( 'NONE', *, *, #1414, .T. ) ;
#1780 = EDGE_CURVE ( 'NONE', #974, #1888, #2124, .T. ) ;
#1781 = ORIENTED_EDGE ( 'NONE', *, *, #758, .T. ) ;
#1782 = ORIENTED_EDGE ( 'NONE', *, *, #2404, .T. ) ;
#1783 = LINE ( 'NONE', #1507, #3622 ) ;
#1784 = DIRECTION ( 'NONE',  ( -1.000000000000000000, 0.0000000000000000000, 0.0000000000000000000 ) ) ;
#1785 = AXIS2_PLACEMENT_3D ( 'NONE', #2199, #2791, #364 ) ;
#1786 = ORIENTED_EDGE ( 'NONE', *, *, #3990, .T. ) ;
#1787 = VERTEX_POINT ( 'NONE', #3631 ) ;
#1788 = LINE ( 'NONE', #2612, #1139 ) ;
#1789 = CARTESIAN_POINT ( 'NONE',  ( -0.1960935755151115600, -0.3196440358300141600, 0.7849999999999998100 ) ) ;
#1790 = FACE_OUTER_BOUND ( 'NONE', #1348, .T. ) ;
#1791 = ORIENTED_EDGE ( 'NONE', *, *, #1878, .F. ) ;
#1792 = CYLINDRICAL_SURFACE ( 'NONE', #477, 0.6500000000000001300 ) ;
#1793 = DIRECTION ( 'NONE',  ( 1.000000000000000000, 0.0000000000000000000, 0.0000000000000000000 ) ) ;
#1794 = CARTESIAN_POINT ( 'NONE',  ( 0.6031649450059350900, 0.01000000000000000000, 0.09233853613829182100 ) ) ;
#1795 = FACE_OUTER_BOUND ( 'NONE', #175, .T. ) ;
#1796 = ORIENTED_EDGE ( 'NONE', *, *, #3494, .F. ) ;
#1797 = CARTESIAN_POINT ( 'NONE',  ( -0.01000000000000000000, 0.6499230723708769900, 0.4250000000000001000 ) ) ;
#1798 = CARTESIAN_POINT ( 'NONE',  ( -0.5397884147873647200, -0.3231939919667222700, 0.6111186776242545400 ) ) ;
#1799 = LINE ( 'NONE', #1007, #3261 ) ;
#1800 = VERTEX_POINT ( 'NONE', #2999 ) ;
#1801 = CARTESIAN_POINT ( 'NONE',  ( -0.6499230723708768800, -0.01000000000000000000, 0.5650000000000000600 ) ) ;
#1802 = CARTESIAN_POINT ( 'NONE',  ( 0.01000000000000003000, 0.5749130369021039400, 0.4250000000000001000 ) ) ;
#1803 = EDGE_CURVE ( 'NONE', #201, #3803, #3423, .T. ) ;
#1804 = ADVANCED_FACE ( 'NONE', ( #2950 ), #292, .F. ) ;
#1805 = MECHANICAL_CONTEXT ( 'NONE', #314, 'mechanical' ) ;
#1806 = DIRECTION ( 'NONE',  ( 6.123233995736766000E-017, 0.0000000000000000000, 1.000000000000000000 ) ) ;
#1807 = ORIENTED_EDGE ( 'NONE', *, *, #3168, .F. ) ;
#1808 = AXIS2_PLACEMENT_3D ( 'NONE', #1536, #1553, #2155 ) ;
#1809 = CARTESIAN_POINT ( 'NONE',  ( -0.2912372384210974400, -0.5244376940013858500, 0.06836233743005433500 ) ) ;
#1810 = APPROVAL_STATUS ( 'not_yet_approved' ) ;
#1811 = FACE_OUTER_BOUND ( 'NONE', #3473, .T. ) ;
#1812 = CARTESIAN_POINT ( 'NONE',  ( -1.195784930203600100, -0.6788397459621612300, -0.7850000000000001400 ) ) ;
#1813 = CARTESIAN_POINT ( 'NONE',  ( 0.5122783711104411700, 0.01000000000000000000, -0.5542459965028788700 ) ) ;
#1814 = CARTESIAN_POINT ( 'NONE',  ( 0.0000000000000000000, 0.01000000000000000000, 0.0000000000000000000 ) ) ;
#1815 = ORIENTED_EDGE ( 'NONE', *, *, #2888, .T. ) ;
#1816 = ADVANCED_FACE ( 'NONE', ( #3474 ), #1129, .T. ) ;
#1817 = ORIENTED_EDGE ( 'NONE', *, *, #2103, .F. ) ;
#1818 = EDGE_CURVE ( 'NONE', #2140, #1113, #2751, .T. ) ;
#1819 = EDGE_CURVE ( 'NONE', #2366, #2561, #111, .T. ) ;
#1820 = PLANE ( 'NONE',  #801 ) ;
#1821 = ORIENTED_EDGE ( 'NONE', *, *, #2194, .F. ) ;
#1822 =( BOUNDED_CURVE ( )  B_SPLINE_CURVE ( 3, ( #3257, #3532, #3227, #3879 ),
 .UNSPECIFIED., .F., .F. ) 
 B_SPLINE_CURVE_WITH_KNOTS ( ( 4, 4 ),
 ( 3.114922825417513400, 3.168262481762073300 ),
 .UNSPECIFIED. ) 
 CURVE ( )  GEOMETRIC_REPRESENTATION_ITEM ( )  RATIONAL_B_SPLINE_CURVE ( ( 1.000000000000000000, 0.9997629208080554000, 0.9997629208080554000, 1.000000000000000000 ) ) 
 REPRESENTATION_ITEM ( '' )  );
#1823 = CARTESIAN_POINT ( 'NONE',  ( 0.5317267858293401900, 0.2954455975501197300, 0.6472372535264501200 ) ) ;
#1824 = EDGE_LOOP ( 'NONE', ( #1867, #541, #2804, #3378, #2022, #1975, #2548, #78, #2476 ) ) ;
#1825 = ADVANCED_FACE ( 'NONE', ( #2847 ), #2319, .T. ) ;
#1826 = LINE ( 'NONE', #994, #1307 ) ;
#1827 = PERSON_AND_ORGANIZATION_ROLE ( 'design_supplier' ) ;
#1828 = EDGE_CURVE ( 'NONE', #494, #2457, #212, .T. ) ;
#1829 = VERTEX_POINT ( 'NONE', #2185 ) ;
#1830 = EDGE_LOOP ( 'NONE', ( #450, #1501, #3300, #3847, #1489, #3200, #166, #3660 ) ) ;
#1831 = LINE ( 'NONE', #2556, #497 ) ;
#1832 = CARTESIAN_POINT ( 'NONE',  ( 0.01000000000000000000, 0.4798414002252710000, -0.7850000000000002500 ) ) ;
#1833 = VERTEX_POINT ( 'NONE', #3380 ) ;
#1834 = VECTOR ( 'NONE', #588, 39.37007874015748900 ) ;
#1835 = CARTESIAN_POINT ( 'NONE',  ( -0.009999999999999962000, 0.3748666429545313200, 0.4708666429545312900 ) ) ;
#1836 = ORIENTED_EDGE ( 'NONE', *, *, #2449, .F. ) ;
#1837 = CARTESIAN_POINT ( 'NONE',  ( 0.3163012821476008400, 0.5678498911788080200, 0.5750000000000001800 ) ) ;
#1838 = FACE_OUTER_BOUND ( 'NONE', #385, .T. ) ;
#1839 = AXIS2_PLACEMENT_3D ( 'NONE', #3121, #3449, #3748 ) ;
#1840 = CLOSED_SHELL ( 'NONE', ( #3693, #914, #1235, #1175, #2741, #1208, #3426, #303, #1516, #3674, #1910, #2782, #3312, #1249, #1559, #1852, #2453, #997, #1890, #3066, #3988, #1214, #3367, #1825, #1539, #3366, #972, #2157, #2805, #3601, #1119, #239, #326, #3450, #2141, #3387, #2733, #3992, #3406, #3045, #1442, #933, #3950, #3292, #3086, #2197, #579, #2826, #602, #2435, #3667, #2075, #684, #1514, #1579, #285, #1239, #3352, #368, #1422, #2446, #2154, #2355, #2989, #620, #2780, #13, #1816, #2767, #3122, #616, #2701, #1144, #3080, #3065, #926, #1848, #662, #1865, #3151, #3697, #1804, #1272, #2438, #34, #40, #3963, #2478, #3394, #3753, #912, #208, #310, #3110, #955, #2215, #1504, #606, #2688, #643, #2176, #10, #2487, #330, #1530, #3739, #2724, #55, #2761, #1469, #2137 ) ) ;
#1841 = VECTOR ( 'NONE', #2010, 39.37007874015748100 ) ;
#1842 = CARTESIAN_POINT ( 'NONE',  ( 7.409113134841489000E-017, 0.0000000000000000000, 0.4250000000000001000 ) ) ;
#1843 = CARTESIAN_POINT ( 'NONE',  ( 0.01000000000000003800, 0.3748666429545313200, 0.4708666429545312900 ) ) ;
#1844 = AXIS2_PLACEMENT_3D ( 'NONE', #2699, #876, #565 ) ;
#1845 = CONICAL_SURFACE ( 'NONE', #2776, 0.6500000000000001300, 0.1396263401595466700 ) ;
#1846 = EDGE_LOOP ( 'NONE', ( #1782, #2613, #1586, #3928 ) ) ;
#1847 = EDGE_CURVE ( 'NONE', #2026, #2370, #1977, .T. ) ;
#1848 = ADVANCED_FACE ( 'NONE', ( #1078 ), #952, .F. ) ;
#1849 = CARTESIAN_POINT ( 'NONE',  ( 7.409113134841489000E-017, 0.0000000000000000000, 0.4250000000000001000 ) ) ;
#1850 = VECTOR ( 'NONE', #317, 39.37007874015748100 ) ;
#1851 = VERTEX_POINT ( 'NONE', #3719 ) ;
#1852 = ADVANCED_FACE ( 'NONE', ( #349 ), #1024, .T. ) ;
#1853 = DIRECTION ( 'NONE',  ( -6.123233995736766000E-017, -0.0000000000000000000, -1.000000000000000000 ) ) ;
#1854 = CARTESIAN_POINT ( 'NONE',  ( -0.2960914937412290100, -0.5328455108487651900, 0.6450004751093608700 ) ) ;
#1855 = EDGE_CURVE ( 'NONE', #1231, #2070, #103, .T. ) ;
#1856 = CARTESIAN_POINT ( 'NONE',  ( 0.6280010608474671000, 0.01000000000000000000, 0.6129655440011460000 ) ) ;
#1857 = EDGE_CURVE ( 'NONE', #1648, #106, #3135, .T. ) ;
#1858 = PLANE ( 'NONE',  #2359 ) ;
#1859 = EDGE_CURVE ( 'NONE', #3803, #1753, #3581, .T. ) ;
#1860 = DIRECTION ( 'NONE',  ( -1.000000000000000000, 0.0000000000000000000, 6.123233995736766000E-017 ) ) ;
#1861 = CARTESIAN_POINT ( 'NONE',  ( -0.2556706827210038500, -0.4628346124785960300, 0.7849999999999999200 ) ) ;
#1862 = AXIS2_PLACEMENT_3D ( 'NONE', #1229, #1443, #821 ) ;
#1863 = CARTESIAN_POINT ( 'NONE',  ( -0.3163397459621583600, -0.5679165124598838400, 0.7849999999999999200 ) ) ;
#1864 = ORIENTED_EDGE ( 'NONE', *, *, #2246, .F. ) ;
#1865 = ADVANCED_FACE ( 'NONE', ( #22 ), #1820, .F. ) ;
#1866 = CIRCLE ( 'NONE', #266, 0.5749999999999999600 ) ;
#1867 = ORIENTED_EDGE ( 'NONE', *, *, #3694, .F. ) ;
#1868 = DIRECTION ( 'NONE',  ( -6.123233995736766000E-017, -0.0000000000000000000, -1.000000000000000000 ) ) ;
#1869 = DIRECTION ( 'NONE',  ( -6.123233995736766000E-017, 0.0000000000000000000, -1.000000000000000000 ) ) ;
#1870 = ORIENTED_EDGE ( 'NONE', *, *, #2946, .F. ) ;
#1871 = ORIENTED_EDGE ( 'NONE', *, *, #3619, .F. ) ;
#1872 = CARTESIAN_POINT ( 'NONE',  ( -0.01000000000000003000, -0.5749130369021039400, 0.4250000000000001000 ) ) ;
#1873 = CARTESIAN_POINT ( 'NONE',  ( -0.6454202385439276000, 0.01000000000000000000, 0.3929644908330957000 ) ) ;
#1874 = VERTEX_POINT ( 'NONE', #340 ) ;
#1875 = ORIENTED_EDGE ( 'NONE', *, *, #3961, .F. ) ;
#1876 =( BOUNDED_CURVE ( )  B_SPLINE_CURVE ( 3, ( #1719, #815, #2672, #2354 ),
 .UNSPECIFIED., .F., .F. ) 
 B_SPLINE_CURVE_WITH_KNOTS ( ( 4, 4 ),
 ( 3.124217121762408800, 3.158968185417176900 ),
 .UNSPECIFIED. ) 
 CURVE ( )  GEOMETRIC_REPRESENTATION_ITEM ( )  RATIONAL_B_SPLINE_CURVE ( ( 1.000000000000000000, 0.9998993661631328000, 0.9998993661631328000, 1.000000000000000000 ) ) 
 REPRESENTATION_ITEM ( '' )  );
#1877 = EDGE_LOOP ( 'NONE', ( #534, #991, #2410, #401, #733, #1189, #3476, #1715 ) ) ;
#1878 = EDGE_CURVE ( 'NONE', #559, #672, #164, .T. ) ;
#1879 = FACE_OUTER_BOUND ( 'NONE', #277, .T. ) ;
#1880 = CARTESIAN_POINT ( 'NONE',  ( -0.3750000000000001700, 0.0000000000000000000, -0.7850000000000001400 ) ) ;
#1881 = EDGE_LOOP ( 'NONE', ( #883, #3825, #2626, #3098 ) ) ;
#1882 = CIRCLE ( 'NONE', #1247, 0.5749999999999999600 ) ;
#1883 = ORIENTED_EDGE ( 'NONE', *, *, #1885, .F. ) ;
#1884 = VECTOR ( 'NONE', #1886, 39.37007874015748900 ) ;
#1885 = EDGE_CURVE ( 'NONE', #359, #2608, #2031, .T. ) ;
#1886 = DIRECTION ( 'NONE',  ( -0.5000000000000041100, -0.8660254037844362700, 3.061616997868407700E-017 ) ) ;
#1887 = DIRECTION ( 'NONE',  ( -6.123233995736766000E-017, -0.0000000000000000000, -1.000000000000000000 ) ) ;
#1888 = VERTEX_POINT ( 'NONE', #3684 ) ;
#1889 = VECTOR ( 'NONE', #3751, 39.37007874015748100 ) ;
#1890 = ADVANCED_FACE ( 'NONE', ( #3285 ), #2223, .F. ) ;
#1891 = CARTESIAN_POINT ( 'NONE',  ( 0.0000000000000000000, 0.0000000000000000000, -0.7850000000000001400 ) ) ;
#1892 = PLANE ( 'NONE',  #2415 ) ;
#1893 = CYLINDRICAL_SURFACE ( 'NONE', #3369, 0.6500000000000001300 ) ;
#1894 = VERTEX_POINT ( 'NONE', #1004 ) ;
#1895 = B_SPLINE_CURVE_WITH_KNOTS ( 'NONE', 3,
 ( #3798, #3159, #70, #660 ),
 .UNSPECIFIED., .F., .F.,
 ( 4, 4 ),
 ( 2.309469416708876400E-007, 0.006159627688388948300 ),
 .UNSPECIFIED. ) ;
#1896 = CIRCLE ( 'NONE', #3223, 0.6500000000000001300 ) ;
#1897 = DIRECTION ( 'NONE',  ( 6.123233995736766000E-017, 0.0000000000000000000, 1.000000000000000000 ) ) ;
#1898 = ORIENTED_EDGE ( 'NONE', *, *, #1621, .T. ) ;
#1899 = DIRECTION ( 'NONE',  ( -6.123233995736766000E-017, -0.0000000000000000000, -1.000000000000000000 ) ) ;
#1900 = DIRECTION ( 'NONE',  ( 6.123233995736766000E-017, 0.0000000000000000000, 1.000000000000000000 ) ) ;
#1901 = DIRECTION ( 'NONE',  ( 1.000000000000000000, 0.0000000000000000000, -1.050710766793947200E-016 ) ) ;
#1902 = DIRECTION ( 'NONE',  ( -0.8660254037844328200, 0.5000000000000101000, 0.0000000000000000000 ) ) ;
#1903 = CARTESIAN_POINT ( 'NONE',  ( 0.6499230723708772100, -0.01000000000000000000, 0.4250000000000000400 ) ) ;
#1904 = EDGE_CURVE ( 'NONE', #2602, #2219, #1927, .T. ) ;
#1905 = ORIENTED_EDGE ( 'NONE', *, *, #3404, .F. ) ;
#1906 = CARTESIAN_POINT ( 'NONE',  ( 9.613477373306724800E-017, 0.0000000000000000000, 0.7850000000000001400 ) ) ;
#1907 = DIRECTION ( 'NONE',  ( -1.000000000000000000, 0.0000000000000000000, 0.0000000000000000000 ) ) ;
#1908 = PRODUCT_DEFINITION_FORMATION_WITH_SPECIFIED_SOURCE ( 'ANY', '', #3197, .NOT_KNOWN. ) ;
#1909 = EDGE_CURVE ( 'NONE', #2857, #3791, #1519, .T. ) ;
#1910 = ADVANCED_FACE ( 'NONE', ( #976 ), #2454, .T. ) ;
#1911 = CARTESIAN_POINT ( 'NONE',  ( -0.3750000000000001100, 0.0000000000000000000, -0.5203786931315600400 ) ) ;
#1912 = CARTESIAN_POINT ( 'NONE',  ( -0.6499230723708769900, -0.01000000000000000000, -0.7850000000000001400 ) ) ;
#1913 = DIRECTION ( 'NONE',  ( -1.000000000000000000, 0.0000000000000000000, 1.187759997245331800E-016 ) ) ;
#1914 = VERTEX_POINT ( 'NONE', #2551 ) ;
#1915 = FACE_OUTER_BOUND ( 'NONE', #2965, .T. ) ;
#1916 = AXIS2_PLACEMENT_3D ( 'NONE', #2774, #960, #3413 ) ;
#1917 = CARTESIAN_POINT ( 'NONE',  ( 9.613477373306722300E-017, 0.0000000000000000000, 0.7849999999999998100 ) ) ;
#1918 = ORIENTED_EDGE ( 'NONE', *, *, #962, .F. ) ;
#1919 = CARTESIAN_POINT ( 'NONE',  ( -0.5028892949240830700, 0.2787962644132063700, 0.4250000000000001000 ) ) ;
#1920 = ORIENTED_EDGE ( 'NONE', *, *, #1197, .F. ) ;
#1921 = EDGE_LOOP ( 'NONE', ( #3687, #3186, #3460, #2329 ) ) ;
#1922 = ORIENTED_EDGE ( 'NONE', *, *, #253, .T. ) ;
#1923 = ORIENTED_EDGE ( 'NONE', *, *, #2525, .T. ) ;
#1924 = CARTESIAN_POINT ( 'NONE',  ( 0.0000000000000000000, 0.0000000000000000000, -0.7850000000000001400 ) ) ;
#1925 = CARTESIAN_POINT ( 'NONE',  ( 0.1960935755151093100, -0.3196440358300154400, -0.7850000000000001400 ) ) ;
#1926 = CARTESIAN_POINT ( 'NONE',  ( 0.5750000000000000700, 0.0000000000000000000, 0.5650000000000001700 ) ) ;
#1927 = LINE ( 'NONE', #3136, #1491 ) ;
#1928 = CARTESIAN_POINT ( 'NONE',  ( 0.2584270320811893300, -0.4276087496138544800, -0.6449122492182514100 ) ) ;
#1929 = ORIENTED_EDGE ( 'NONE', *, *, #1605, .T. ) ;
#1930 = CARTESIAN_POINT ( 'NONE',  ( 0.2469382381563981500, 0.4343769124448473900, -0.6450292532044449300 ) ) ;
#1931 = CARTESIAN_POINT ( 'NONE',  ( 0.4205548423825779000, 0.2312604460747960100, -0.7850000000000002500 ) ) ;
#1932 = ORIENTED_EDGE ( 'NONE', *, *, #2951, .T. ) ;
#1933 = DIRECTION ( 'NONE',  ( -0.5000000000000041100, -0.8660254037844362700, 3.061616997868407700E-017 ) ) ;
#1934 = LINE ( 'NONE', #1203, #632 ) ;
#1935 = EDGE_CURVE ( 'NONE', #1380, #2317, #680, .T. ) ;
#1936 = ORIENTED_EDGE ( 'NONE', *, *, #2013, .T. ) ;
#1937 = LINE ( 'NONE', #802, #1834 ) ;
#1938 = EDGE_LOOP ( 'NONE', ( #2087, #127, #1836, #3420, #183, #1678 ) ) ;
#1939 = VECTOR ( 'NONE', #2694, 39.37007874015748900 ) ;
#1940 = DIRECTION ( 'NONE',  ( -1.000000000000000000, 0.0000000000000000000, 0.0000000000000000000 ) ) ;
#1941 = DIRECTION ( 'NONE',  ( -6.123233995736766000E-017, -0.0000000000000000000, -1.000000000000000000 ) ) ;
#1942 = LINE ( 'NONE', #2444, #3888 ) ;
#1943 = EDGE_LOOP ( 'NONE', ( #3867, #1972, #3425, #3390 ) ) ;
#1944 = EDGE_CURVE ( 'NONE', #3776, #2920, #3393, .T. ) ;
#1945 = CARTESIAN_POINT ( 'NONE',  ( -0.3296440358300141100, -0.1787730674394227800, 0.4708666429545312900 ) ) ;
#1946 = CARTESIAN_POINT ( 'NONE',  ( -0.5286618735176923400, -0.01000000000000000000, 0.7849999999999999200 ) ) ;
#1947 = CARTESIAN_POINT ( 'NONE',  ( 0.3750000000000001100, 4.592425496802576100E-017, -0.5203786931315598200 ) ) ;
#1948 = LINE ( 'NONE', #2830, #904 ) ;
#1949 = EDGE_LOOP ( 'NONE', ( #553, #1047, #3921, #268 ) ) ;
#1950 = AXIS2_PLACEMENT_3D ( 'NONE', #2975, #493, #189 ) ;
#1951 = LINE ( 'NONE', #30, #1552 ) ;
#1952 = B_SPLINE_CURVE_WITH_KNOTS ( 'NONE', 3,
 ( #2105, #560, #5, #3024, #3061, #544, #3326 ),
 .UNSPECIFIED., .F., .F.,
 ( 4, 3, 4 ),
 ( 2.452749270529853000E-006, 0.02227993809857869300, 0.02744537760253119900 ),
 .UNSPECIFIED. ) ;
#1953 = CARTESIAN_POINT ( 'NONE',  ( 0.3231309705188328300, -0.1904096673417722300, 0.4710444628897155800 ) ) ;
#1954 = DIRECTION ( 'NONE',  ( 0.3535533905932772300, 0.6123724356957940300, 0.7071067811865462400 ) ) ;
#1955 = DIRECTION ( 'NONE',  ( 0.0000000000000000000, 0.0000000000000000000, 1.000000000000000000 ) ) ;
#1956 = CARTESIAN_POINT ( 'NONE',  ( -0.2961167724888985600, -0.4928892949240811200, 0.4250000000000001000 ) ) ;
#1957 = CARTESIAN_POINT ( 'NONE',  ( 0.2411503993963750300, -0.4376847440200509800, -0.6450000000000001300 ) ) ;
#1958 = EDGE_CURVE ( 'NONE', #2794, #1309, #3690, .T. ) ;
#1959 = DIRECTION ( 'NONE',  ( -6.123233995736766000E-017, -0.0000000000000000000, -1.000000000000000000 ) ) ;
#1960 = CARTESIAN_POINT ( 'NONE',  ( 0.3163397459621623600, 0.5679165124598815100, 0.7849999999999999200 ) ) ;
#1961 = EDGE_CURVE ( 'NONE', #858, #1131, #2502, .T. ) ;
#1962 = CARTESIAN_POINT ( 'NONE',  ( 0.01000000000000003000, -0.6499230723708769900, 0.5649999999999999500 ) ) ;
#1963 = CC_DESIGN_PERSON_AND_ORGANIZATION_ASSIGNMENT ( #716, #879, ( #870 ) ) ;
#1964 = EDGE_CURVE ( 'NONE', #3129, #3736, #1895, .T. ) ;
#1965 = DIRECTION ( 'NONE',  ( 6.123233995736766000E-017, 0.0000000000000000000, 1.000000000000000000 ) ) ;
#1966 = CARTESIAN_POINT ( 'NONE',  ( -0.2834930907377223300, 0.4710244367524791300, -0.2882751530984583600 ) ) ;
#1967 = DIRECTION ( 'NONE',  ( -1.000000000000000000, 0.0000000000000000000, 1.050710766793947200E-016 ) ) ;
#1968 = ORIENTED_EDGE ( 'NONE', *, *, #1030, .F. ) ;
#1969 = CARTESIAN_POINT ( 'NONE',  ( 0.01000000000000000000, 0.6387192010248949900, 0.5944033777472850200 ) ) ;
#1970 = CARTESIAN_POINT ( 'NONE',  ( -0.1846347955479419900, -0.3264650943035361500, -0.5204231560212755300 ) ) ;
#1971 = ORIENTED_EDGE ( 'NONE', *, *, #2098, .F. ) ;
#1972 = ORIENTED_EDGE ( 'NONE', *, *, #2836, .F. ) ;
#1973 = DIRECTION ( 'NONE',  ( -0.6123724356957897000, 0.3535533905932633500, -0.7071067811865569000 ) ) ;
#1974 = CARTESIAN_POINT ( 'NONE',  ( -0.5578498911788124500, 0.3336217902232815900, 0.5750000000000001800 ) ) ;
#1975 = ORIENTED_EDGE ( 'NONE', *, *, #1617, .F. ) ;
#1976 = VERTEX_POINT ( 'NONE', #3492 ) ;
#1977 = LINE ( 'NONE', #3070, #1686 ) ;
#1978 = EDGE_LOOP ( 'NONE', ( #1786, #1591, #67, #2753 ) ) ;
#1979 = ORIENTED_EDGE ( 'NONE', *, *, #2528, .T. ) ;
#1980 = DIRECTION ( 'NONE',  ( 6.123233995736766000E-017, 0.0000000000000000000, 1.000000000000000000 ) ) ;
#1981 = CARTESIAN_POINT ( 'NONE',  ( 0.1846347955479443200, 0.3264650943035348200, -0.5204231560212755300 ) ) ;
#1982 = VECTOR ( 'NONE', #2286, 39.37007874015748900 ) ;
#1983 = EDGE_LOOP ( 'NONE', ( #827, #390, #1252, #3282 ) ) ;
#1984 = EDGE_CURVE ( 'NONE', #2463, #3191, #1826, .T. ) ;
#1985 = FACE_OUTER_BOUND ( 'NONE', #3134, .T. ) ;
#1986 = CARTESIAN_POINT ( 'NONE',  ( 7.409113134841489000E-017, 0.0000000000000000000, 0.4250000000000001000 ) ) ;
#1987 = CARTESIAN_POINT ( 'NONE',  ( -0.5578498911788124500, 0.3336217902232815300, 0.5650000000000000600 ) ) ;
#1988 = CARTESIAN_POINT ( 'NONE',  ( 0.01000000000000000000, -0.5873556913220342500, 0.6833556913220398800 ) ) ;
#1989 = DIRECTION ( 'NONE',  ( 6.123233995736766000E-017, 0.0000000000000000000, 1.000000000000000000 ) ) ;
#1990 = FACE_OUTER_BOUND ( 'NONE', #630, .T. ) ;
#1991 = ORIENTED_EDGE ( 'NONE', *, *, #868, .F. ) ;
#1992 = EDGE_CURVE ( 'NONE', #60, #835, #69, .T. ) ;
#1993 = VECTOR ( 'NONE', #1101, 39.37007874015748100 ) ;
#1994 = CARTESIAN_POINT ( 'NONE',  ( -0.5286618735176923400, 0.01000000000000000000, 0.7849999999999998100 ) ) ;
#1995 = ORIENTED_EDGE ( 'NONE', *, *, #91, .F. ) ;
#1996 = DIRECTION ( 'NONE',  ( 1.000000000000000000, 0.0000000000000000000, -6.123233995736766000E-017 ) ) ;
#1997 = FACE_OUTER_BOUND ( 'NONE', #2704, .T. ) ;
#1998 = VERTEX_POINT ( 'NONE', #1595 ) ;
#1999 = DIRECTION ( 'NONE',  ( -1.000000000000000000, 0.0000000000000000000, 0.0000000000000000000 ) ) ;
#2000 = DIRECTION ( 'NONE',  ( -1.000000000000000000, 0.0000000000000000000, 0.0000000000000000000 ) ) ;
#2001 = CARTESIAN_POINT ( 'NONE',  ( -0.5578498911788124500, 0.3336217902232815900, 0.4250000000000001600 ) ) ;
#2002 = DIRECTION ( 'NONE',  ( -6.123233995736766000E-017, -0.0000000000000000000, -1.000000000000000000 ) ) ;
#2003 = AXIS2_PLACEMENT_3D ( 'NONE', #3500, #2890, #3486 ) ;
#2004 = B_SPLINE_CURVE_WITH_KNOTS ( 'NONE', 3,
 ( #3316, #1200, #1798, #3947 ),
 .UNSPECIFIED., .F., .F.,
 ( 4, 4 ),
 ( 1.813755728364083600E-006, 0.003179924545928813600 ),
 .UNSPECIFIED. ) ;
#2005 = CARTESIAN_POINT ( 'NONE',  ( -0.003334123784705943500, 0.3750444628897157100, 0.4710444628897155800 ) ) ;
#2006 = DIRECTION ( 'NONE',  ( -1.000000000000000000, 0.0000000000000000000, 1.187759997245331800E-016 ) ) ;
#2007 = DIRECTION ( 'NONE',  ( -0.3535533905932802800, -0.6123724356957893600, -0.7071067811865486800 ) ) ;
#2008 = PLANE ( 'NONE',  #3591 ) ;
#2009 = DIMENSIONAL_EXPONENTS ( 1.000000000000000000, 0.0000000000000000000, 0.0000000000000000000, 0.0000000000000000000, 0.0000000000000000000, 0.0000000000000000000, 0.0000000000000000000 ) ;
#2010 = DIRECTION ( 'NONE',  ( -6.123233995736766000E-017, -0.0000000000000000000, -1.000000000000000000 ) ) ;
#2011 = CARTESIAN_POINT ( 'NONE',  ( -0.4696559272292721300, -0.2596089706285338900, -0.3816671106335255400 ) ) ;
#2012 = DIRECTION ( 'NONE',  ( 0.0000000000000000000, 0.0000000000000000000, 1.000000000000000000 ) ) ;
#2013 = EDGE_CURVE ( 'NONE', #2330, #1309, #1394, .T. ) ;
#2014 = PERSON_AND_ORGANIZATION ( #1631, #2208 ) ;
#2015 = DIRECTION ( 'NONE',  ( 0.4999999999999919000, -0.8660254037844431500, -3.061616997868333100E-017 ) ) ;
#2016 = CARTESIAN_POINT ( 'NONE',  ( 0.4205548423825779000, 0.2312604460747960100, -0.7850000000000002500 ) ) ;
#2017 = CARTESIAN_POINT ( 'NONE',  ( 0.3750000000000001100, 4.592425496802576100E-017, -0.5203786931315598200 ) ) ;
#2018 = CARTESIAN_POINT ( 'NONE',  ( 8.327598234202003100E-017, 0.0000000000000000000, 0.5750000000000001800 ) ) ;
#2019 = VERTEX_POINT ( 'NONE', #3120 ) ;
#2020 = CIRCLE ( 'NONE', #2383, 0.3750000000000001700 ) ;
#2021 = ORIENTED_EDGE ( 'NONE', *, *, #3488, .T. ) ;
#2022 = ORIENTED_EDGE ( 'NONE', *, *, #2170, .F. ) ;
#2023 = DIRECTION ( 'NONE',  ( 1.000000000000000000, 0.0000000000000000000, -6.123233995736766000E-017 ) ) ;
#2024 = AXIS2_PLACEMENT_3D ( 'NONE', #2483, #649, #2475 ) ;
#2025 = DIRECTION ( 'NONE',  ( -6.123233995736766000E-017, -0.0000000000000000000, -1.000000000000000000 ) ) ;
#2026 = VERTEX_POINT ( 'NONE', #123 ) ;
#2027 = CARTESIAN_POINT ( 'NONE',  ( 0.6469211843766069500, 0.01000000000000000000, 0.4036429937167306800 ) ) ;
#2028 = CARTESIAN_POINT ( 'NONE',  ( 7.409113134841489000E-017, 0.0000000000000000000, 0.4250000000000001000 ) ) ;
#2029 = ORIENTED_EDGE ( 'NONE', *, *, #1676, .F. ) ;
#2030 = CARTESIAN_POINT ( 'NONE',  ( 0.3748666429545313200, 0.01000000000000000000, -0.5202453360860910300 ) ) ;
#2031 = LINE ( 'NONE', #2165, #3968 ) ;
#2032 = EDGE_LOOP ( 'NONE', ( #1728, #2671, #646, #2420 ) ) ;
#2033 = VERTEX_POINT ( 'NONE', #178 ) ;
#2034 = ORIENTED_EDGE ( 'NONE', *, *, #2428, .T. ) ;
#2035 = LINE ( 'NONE', #1123, #3090 ) ;
#2036 = CARTESIAN_POINT ( 'NONE',  ( 0.1904096673417744500, -0.3231309705188313800, -0.5204231560212754200 ) ) ;
#2037 = CARTESIAN_POINT ( 'NONE',  ( 0.6500000000000003600, 0.0000000000000000000, 0.4250000000000000400 ) ) ;
#2038 = DIRECTION ( 'NONE',  ( 1.000000000000000000, 0.0000000000000000000, -0.0000000000000000000 ) ) ;
#2039 = DIRECTION ( 'NONE',  ( -1.000000000000000000, 0.0000000000000000000, 1.050710766793947200E-016 ) ) ;
#2040 = VERTEX_POINT ( 'NONE', #2259 ) ;
#2041 = LINE ( 'NONE', #3232, #1841 ) ;
#2042 = ORIENTED_EDGE ( 'NONE', *, *, #273, .T. ) ;
#2043 = CYLINDRICAL_SURFACE ( 'NONE', #3865, 0.5749999999999999600 ) ;
#2044 = EDGE_CURVE ( 'NONE', #1472, #2457, #1822, .T. ) ;
#2045 = CARTESIAN_POINT ( 'NONE',  ( 0.5578498911788079000, 0.3336217902232893600, -0.7850000000000001400 ) ) ;
#2046 = EDGE_CURVE ( 'NONE', #3541, #443, #392, .T. ) ;
#2047 = CIRCLE ( 'NONE', #2289, 0.5287564434701826900 ) ;
#2048 = ORIENTED_EDGE ( 'NONE', *, *, #2321, .T. ) ;
#2049 = CARTESIAN_POINT ( 'NONE',  ( 0.2758813882858484600, -0.4978405813737293900, 0.7150005840914299700 ) ) ;
#2050 = PLANE ( 'NONE',  #2248 ) ;
#2051 = FACE_OUTER_BOUND ( 'NONE', #2493, .T. ) ;
#2052 = EDGE_LOOP ( 'NONE', ( #2763, #3006, #3433, #2740 ) ) ;
#2053 = EDGE_CURVE ( 'NONE', #300, #443, #3375, .T. ) ;
#2054 = CARTESIAN_POINT ( 'NONE',  ( 0.2834930907377255500, -0.4710244367524770200, -0.2882751530984586400 ) ) ;
#2055 = DIRECTION ( 'NONE',  ( -6.123233995736766000E-017, -0.0000000000000000000, -1.000000000000000000 ) ) ;
#2056 = LINE ( 'NONE', #2720, #1756 ) ;
#2057 = CARTESIAN_POINT ( 'NONE',  ( 0.0000000000000000000, 0.0000000000000000000, -0.7850000000000001400 ) ) ;
#2058 = PLANE ( 'NONE',  #3929 ) ;
#2059 = CARTESIAN_POINT ( 'NONE',  ( 0.4262499999999976900, 0.2576425576258717400, 0.4250000000000001000 ) ) ;
#2060 = DIRECTION ( 'NONE',  ( -1.000000000000000000, 0.0000000000000000000, 0.0000000000000000000 ) ) ;
#2061 = CARTESIAN_POINT ( 'NONE',  ( 0.2912372384210938900, -0.5244376940013879600, 0.06836233743005454300 ) ) ;
#2062 = DIRECTION ( 'NONE',  ( 0.5000000000000041100, 0.8660254037844362700, -3.061616997868407700E-017 ) ) ;
#2063 = DIRECTION ( 'NONE',  ( 6.123233995736766000E-017, 0.0000000000000000000, 1.000000000000000000 ) ) ;
#2064 = EDGE_CURVE ( 'NONE', #1851, #670, #884, .T. ) ;
#2065 = CARTESIAN_POINT ( 'NONE',  ( 7.409113134841489000E-017, 0.0000000000000000000, 0.4250000000000001000 ) ) ;
#2066 = CARTESIAN_POINT ( 'NONE',  ( -0.2584270320811922800, -0.4276087496138525900, -0.6449122492182509700 ) ) ;
#2067 = VERTEX_POINT ( 'NONE', #2896 ) ;
#2068 = EDGE_CURVE ( 'NONE', #1604, #2839, #491, .T. ) ;
#2069 = VECTOR ( 'NONE', #3457, 39.37007874015748900 ) ;
#2070 = VERTEX_POINT ( 'NONE', #1653 ) ;
#2071 = CARTESIAN_POINT ( 'NONE',  ( 0.3163012821475928400, -0.5678498911788124600, 0.4250000000000001000 ) ) ;
#2072 = CARTESIAN_POINT ( 'NONE',  ( -0.3196440358300153800, 0.1960935755151092800, 0.4708666429545312900 ) ) ;
#2073 = CARTESIAN_POINT ( 'NONE',  ( 0.5678498911788081300, 0.3163012821476007800, 0.5750000000000001800 ) ) ;
#2074 = EDGE_LOOP ( 'NONE', ( #1387, #2708, #2257, #3572 ) ) ;
#2075 = ADVANCED_FACE ( 'NONE', ( #1633 ), #2293, .F. ) ;
#2076 = VERTEX_POINT ( 'NONE', #3547 ) ;
#2077 = DIRECTION ( 'NONE',  ( -6.123233995736766000E-017, -0.0000000000000000000, -1.000000000000000000 ) ) ;
#2078 = VERTEX_POINT ( 'NONE', #751 ) ;
#2079 = DIRECTION ( 'NONE',  ( 1.000000000000000000, 0.0000000000000000000, -1.050710766793947200E-016 ) ) ;
#2080 = ORIENTED_EDGE ( 'NONE', *, *, #2801, .F. ) ;
#2081 = FACE_OUTER_BOUND ( 'NONE', #2052, .T. ) ;
#2082 = AXIS2_PLACEMENT_3D ( 'NONE', #2450, #1758, #2682 ) ;
#2083 =( BOUNDED_CURVE ( )  B_SPLINE_CURVE ( 3, ( #1693, #2005, #764, #3854 ),
 .UNSPECIFIED., .F., .F. ) 
 B_SPLINE_CURVE_WITH_KNOTS ( ( 4, 4 ),
 ( 3.114922825417513400, 3.168262481762072800 ),
 .UNSPECIFIED. ) 
 CURVE ( )  GEOMETRIC_REPRESENTATION_ITEM ( )  RATIONAL_B_SPLINE_CURVE ( ( 1.000000000000000000, 0.9997629208080554000, 0.9997629208080554000, 1.000000000000000000 ) ) 
 REPRESENTATION_ITEM ( '' )  );
#2084 = CARTESIAN_POINT ( 'NONE',  ( -0.6499230723708768800, -0.01000000000000000000, 0.5750000000000001800 ) ) ;
#2085 = ORIENTED_EDGE ( 'NONE', *, *, #2657, .F. ) ;
#2086 = FACE_OUTER_BOUND ( 'NONE', #2263, .T. ) ;
#2087 = ORIENTED_EDGE ( 'NONE', *, *, #3357, .F. ) ;
#2088 = CYLINDRICAL_SURFACE ( 'NONE', #3365, 0.5749999999999999600 ) ;
#2089 = B_SPLINE_CURVE_WITH_KNOTS ( 'NONE', 3,
 ( #170, #427, #2575, #481 ),
 .UNSPECIFIED., .F., .F.,
 ( 4, 4 ),
 ( 2.309504363923705000E-007, 0.006159627691883678800 ),
 .UNSPECIFIED. ) ;
#2090 = VECTOR ( 'NONE', #1109, 39.37007874015748900 ) ;
#2091 = CARTESIAN_POINT ( 'NONE',  ( 0.01000000000000003800, -0.3748666429545313200, 0.4708666429545312900 ) ) ;
#2092 = ORIENTED_EDGE ( 'NONE', *, *, #624, .T. ) ;
#2093 = DIRECTION ( 'NONE',  ( -0.5000000000000041100, -0.8660254037844362700, 3.061616997868407700E-017 ) ) ;
#2094 = VECTOR ( 'NONE', #1601, 39.37007874015748100 ) ;
#2095 = FACE_OUTER_BOUND ( 'NONE', #2942, .T. ) ;
#2096 = EDGE_LOOP ( 'NONE', ( #1685, #576, #1258, #1098 ) ) ;
#2097 = CARTESIAN_POINT ( 'NONE',  ( 0.5578498911788147800, -0.3336217902232777000, -0.7850000000000001400 ) ) ;
#2098 = EDGE_CURVE ( 'NONE', #3236, #237, #3242, .T. ) ;
#2099 = FACE_OUTER_BOUND ( 'NONE', #1305, .T. ) ;
#2100 = VERTEX_POINT ( 'NONE', #3853 ) ;
#2101 = DIRECTION ( 'NONE',  ( 1.000000000000000000, 0.0000000000000000000, -6.123233995736766000E-017 ) ) ;
#2102 = CC_DESIGN_DATE_AND_TIME_ASSIGNMENT ( #3809, #3055, ( #946 ) ) ;
#2103 = EDGE_CURVE ( 'NONE', #2317, #1499, #1174, .T. ) ;
#2104 = CARTESIAN_POINT ( 'NONE',  ( -0.01000000000000000000, 0.5824529102586824000, -0.05501436857420855700 ) ) ;
#2105 = CARTESIAN_POINT ( 'NONE',  ( 0.2584270320811952700, 0.4276087496138507600, -0.6449122492182509700 ) ) ;
#2106 = AXIS2_PLACEMENT_3D ( 'NONE', #323, #1237, #1270 ) ;
#2107 = CARTESIAN_POINT ( 'NONE',  ( 0.6031649450059350900, -0.01000000000000000000, 0.09233853613829182100 ) ) ;
#2108 = DIRECTION ( 'NONE',  ( -6.123233995736766000E-017, 0.0000000000000000000, -1.000000000000000000 ) ) ;
#2109 = AXIS2_PLACEMENT_3D ( 'NONE', #276, #3607, #1478 ) ;
#2110 = DIRECTION ( 'NONE',  ( -1.000000000000000000, 0.0000000000000000000, 0.0000000000000000000 ) ) ;
#2111 = LOCAL_TIME ( 10, 30, 58.00000000000000000, #1379 ) ;
#2112 = EDGE_CURVE ( 'NONE', #341, #2451, #925, .T. ) ;
#2113 = ORIENTED_EDGE ( 'NONE', *, *, #2633, .F. ) ;
#2114 = DIRECTION ( 'NONE',  ( -1.000000000000000000, 0.0000000000000000000, 0.0000000000000000000 ) ) ;
#2115 = ORIENTED_EDGE ( 'NONE', *, *, #3155, .T. ) ;
#2116 = VECTOR ( 'NONE', #1759, 39.37007874015748100 ) ;
#2117 = EDGE_LOOP ( 'NONE', ( #1069, #3287, #689, #3052 ) ) ;
#2118 = VERTEX_POINT ( 'NONE', #1049 ) ;
#2119 = DIRECTION ( 'NONE',  ( -1.000000000000000000, 0.0000000000000000000, 1.187759997245331800E-016 ) ) ;
#2120 = EDGE_CURVE ( 'NONE', #3528, #1787, #2414, .T. ) ;
#2121 = CARTESIAN_POINT ( 'NONE',  ( -0.3750000000000000600, 0.003333827325905830200, -0.5203786931315599300 ) ) ;
#2122 = ORIENTED_EDGE ( 'NONE', *, *, #2836, .T. ) ;
#2123 = VERTEX_POINT ( 'NONE', #3861 ) ;
#2124 = LINE ( 'NONE', #892, #2655 ) ;
#2125 = CARTESIAN_POINT ( 'NONE',  ( -0.2661725826620333600, 0.4810244367524789100, -0.2882751530984586400 ) ) ;
#2126 = DIRECTION ( 'NONE',  ( -6.123233995736766000E-017, -0.0000000000000000000, -1.000000000000000000 ) ) ;
#2127 = VERTEX_POINT ( 'NONE', #3202 ) ;
#2128 = ORIENTED_EDGE ( 'NONE', *, *, #1828, .F. ) ;
#2129 = LINE ( 'NONE', #3598, #1589 ) ;
#2130 = DIRECTION ( 'NONE',  ( -6.123233995736766000E-017, -0.0000000000000000000, -1.000000000000000000 ) ) ;
#2131 = PLANE ( 'NONE',  #1093 ) ;
#2132 = EDGE_LOOP ( 'NONE', ( #3717, #68, #3113, #1178 ) ) ;
#2133 = ORIENTED_EDGE ( 'NONE', *, *, #453, .F. ) ;
#2134 = VERTEX_POINT ( 'NONE', #3823 ) ;
#2135 = AXIS2_PLACEMENT_3D ( 'NONE', #3469, #3793, #2577 ) ;
#2136 = LINE ( 'NONE', #710, #2424 ) ;
#2137 = ADVANCED_FACE ( 'NONE', ( #2364 ), #3238, .F. ) ;
#2138 = DIRECTION ( 'NONE',  ( -1.000000000000000000, 0.0000000000000000000, 1.187759997245331800E-016 ) ) ;
#2139 = CIRCLE ( 'NONE', #611, 0.5287564434701826900 ) ;
#2140 = VERTEX_POINT ( 'NONE', #1994 ) ;
#2141 = ADVANCED_FACE ( 'NONE', ( #3919 ), #196, .F. ) ;
#2142 = CARTESIAN_POINT ( 'NONE',  ( -0.01000000000000000000, 0.6321463737824993800, 0.2985274934281725900 ) ) ;
#2143 = CIRCLE ( 'NONE', #429, 0.6500000000000001300 ) ;
#2144 = ORIENTED_EDGE ( 'NONE', *, *, #2249, .T. ) ;
#2145 = LINE ( 'NONE', #171, #1326 ) ;
#2146 = DIRECTION ( 'NONE',  ( 0.8660254037844397100, -0.4999999999999979500, -5.302876193624540100E-017 ) ) ;
#2147 = DIRECTION ( 'NONE',  ( -6.123233995736766000E-017, -0.0000000000000000000, -1.000000000000000000 ) ) ;
#2148 = EDGE_CURVE ( 'NONE', #2330, #3520, #3797, .T. ) ;
#2149 =( LENGTH_UNIT ( ) NAMED_UNIT ( * ) SI_UNIT ( $, .METRE. ) );
#2150 = DIRECTION ( 'NONE',  ( -6.123233995736766000E-017, -0.0000000000000000000, -1.000000000000000000 ) ) ;
#2151 = CARTESIAN_POINT ( 'NONE',  ( 0.5750000000000000700, 0.0000000000000000000, 0.5650000000000001700 ) ) ;
#2152 = EDGE_CURVE ( 'NONE', #2452, #1231, #3087, .T. ) ;
#2153 = CARTESIAN_POINT ( 'NONE',  ( 0.008660254037844433400, 0.004999999999999920300, 0.7849999999999999200 ) ) ;
#2154 = ADVANCED_FACE ( 'NONE', ( #1584 ), #527, .F. ) ;
#2155 = DIRECTION ( 'NONE',  ( 0.0000000000000000000, 0.0000000000000000000, 1.000000000000000000 ) ) ;
#2156 = CARTESIAN_POINT ( 'NONE',  ( 0.5471602782624270800, 0.01000000000000000000, 0.7529655536216428600 ) ) ;
#2157 = ADVANCED_FACE ( 'NONE', ( #728 ), #519, .F. ) ;
#2158 = CARTESIAN_POINT ( 'NONE',  ( 0.5750000000000000700, -0.01000000000000000000, 0.4250000000000001000 ) ) ;
#2159 = FACE_OUTER_BOUND ( 'NONE', #2213, .T. ) ;
#2160 = CARTESIAN_POINT ( 'NONE',  ( -0.4928892949240831200, 0.2961167724888951700, 0.4250000000000001000 ) ) ;
#2161 = CARTESIAN_POINT ( 'NONE',  ( -0.3264650943035373700, 0.1846347955479397100, 0.4710444628897155800 ) ) ;
#2162 = ORIENTED_EDGE ( 'NONE', *, *, #3184, .T. ) ;
#2163 = EDGE_CURVE ( 'NONE', #2997, #928, #44, .T. ) ;
#2164 = EDGE_CURVE ( 'NONE', #3124, #670, #118, .T. ) ;
#2165 = CARTESIAN_POINT ( 'NONE',  ( -0.3163012821475967900, -0.5678498911788103500, -0.7850000000000001400 ) ) ;
#2166 = ORIENTED_EDGE ( 'NONE', *, *, #624, .F. ) ;
#2167 = ORIENTED_EDGE ( 'NONE', *, *, #2895, .F. ) ;
#2168 = VERTEX_POINT ( 'NONE', #2693 ) ;
#2169 = CC_DESIGN_DATE_AND_TIME_ASSIGNMENT ( #3564, #2770, ( #870 ) ) ;
#2170 = EDGE_CURVE ( 'NONE', #2517, #1753, #3064, .T. ) ;
#2171 = ORIENTED_EDGE ( 'NONE', *, *, #2801, .T. ) ;
#2172 = ORIENTED_EDGE ( 'NONE', *, *, #871, .F. ) ;
#2173 = LINE ( 'NONE', #3519, #307 ) ;
#2174 = EDGE_CURVE ( 'NONE', #1998, #2811, #1896, .T. ) ;
#2175 = ORIENTED_EDGE ( 'NONE', *, *, #526, .T. ) ;
#2176 = ADVANCED_FACE ( 'NONE', ( #1097 ), #2971, .F. ) ;
#2177 = CIRCLE ( 'NONE', #916, 0.5749999999999999600 ) ;
#2178 = CARTESIAN_POINT ( 'NONE',  ( -0.3748666429545318700, -0.01000000000000000000, -0.5202453360860915800 ) ) ;
#2179 = ORIENTED_EDGE ( 'NONE', *, *, #3237, .F. ) ;
#2180 = LINE ( 'NONE', #3740, #1085 ) ;
#2181 = AXIS2_PLACEMENT_3D ( 'NONE', #140, #2926, #3842 ) ;
#2182 = EDGE_LOOP ( 'NONE', ( #2697, #3939, #2334, #631, #2842, #2122, #2510, #2314 ) ) ;
#2183 = ORIENTED_EDGE ( 'NONE', *, *, #1067, .T. ) ;
#2184 = VECTOR ( 'NONE', #1980, 39.37007874015748100 ) ;
#2185 = CARTESIAN_POINT ( 'NONE',  ( 0.01000000000000000000, -0.4798414002252710000, -0.7850000000000002500 ) ) ;
#2186 = VECTOR ( 'NONE', #3844, 39.37007874015748100 ) ;
#2187 = ORIENTED_EDGE ( 'NONE', *, *, #3575, .F. ) ;
#2188 = DIRECTION ( 'NONE',  ( -1.000000000000000000, 0.0000000000000000000, 0.0000000000000000000 ) ) ;
#2189 = DIRECTION ( 'NONE',  ( -1.000000000000000000, 0.0000000000000000000, 0.0000000000000000000 ) ) ;
#2190 = FACE_OUTER_BOUND ( 'NONE', #2117, .T. ) ;
#2191 = EDGE_LOOP ( 'NONE', ( #297, #343, #2144, #601, #1081, #2940, #3216, #671 ) ) ;
#2192 = EDGE_CURVE ( 'NONE', #974, #3411, #2722, .T. ) ;
#2193 = CARTESIAN_POINT ( 'NONE',  ( 0.5578498911788148900, -0.3336217902232777000, 0.5750000000000001800 ) ) ;
#2194 = EDGE_CURVE ( 'NONE', #2593, #300, #1236, .T. ) ;
#2195 = CARTESIAN_POINT ( 'NONE',  ( 0.3750000000000001700, 0.0000000000000000000, -0.7849999999999999200 ) ) ;
#2196 = EDGE_CURVE ( 'NONE', #3733, #3191, #1092, .T. ) ;
#2197 = ADVANCED_FACE ( 'NONE', ( #1656 ), #1279, .T. ) ;
#2198 = EDGE_LOOP ( 'NONE', ( #1468, #3483, #2357, #504 ) ) ;
#2199 = CARTESIAN_POINT ( 'NONE',  ( 8.266365894244635600E-017, 0.0000000000000000000, 0.5649999999999999500 ) ) ;
#2200 = DIRECTION ( 'NONE',  ( -6.123233995736766000E-017, -0.0000000000000000000, -1.000000000000000000 ) ) ;
#2201 = DIRECTION ( 'NONE',  ( -6.123233995736766000E-017, -0.0000000000000000000, -1.000000000000000000 ) ) ;
#2202 = AXIS2_PLACEMENT_3D ( 'NONE', #1765, #2996, #863 ) ;
#2203 = CARTESIAN_POINT ( 'NONE',  ( 0.2584270320811952700, 0.4276087496138507600, -0.6449122492182509700 ) ) ;
#2204 = CARTESIAN_POINT ( 'NONE',  ( 0.6499230723708772100, 0.01000000000000000000, 0.4250000000000000400 ) ) ;
#2205 = B_SPLINE_CURVE_WITH_KNOTS ( 'NONE', 3,
 ( #813, #803, #1663, #442, #3836, #1969, #3850 ),
 .UNSPECIFIED., .F., .F.,
 ( 4, 3, 4 ),
 ( 0.01553013568744281500, 0.01700092803892665200, 0.01870824647136297800 ),
 .UNSPECIFIED. ) ;
#2206 = CARTESIAN_POINT ( 'NONE',  ( 0.3748666429545313200, 0.01000000000000000000, -0.5202453360860910300 ) ) ;
#2207 = PLANE ( 'NONE',  #533 ) ;
#2208 = ORGANIZATION ( 'UNSPECIFIED', 'UNSPECIFIED', '' ) ;
#2209 = VERTEX_POINT ( 'NONE', #3060 ) ;
#2210 = VERTEX_POINT ( 'NONE', #1517 ) ;
#2211 = DIRECTION ( 'NONE',  ( -6.123233995736766000E-017, -0.0000000000000000000, -1.000000000000000000 ) ) ;
#2212 = VECTOR ( 'NONE', #3167, 39.37007874015748100 ) ;
#2213 = EDGE_LOOP ( 'NONE', ( #895, #2665, #1341, #3041 ) ) ;
#2214 = VERTEX_POINT ( 'NONE', #2707 ) ;
#2215 = ADVANCED_FACE ( 'NONE', ( #2290 ), #592, .F. ) ;
#2216 = DIRECTION ( 'NONE',  ( -6.123233995736766000E-017, -0.0000000000000000000, -1.000000000000000000 ) ) ;
#2217 = CARTESIAN_POINT ( 'NONE',  ( 0.01000000000000000000, 1.375000000000000000, -0.7850000000000001400 ) ) ;
#2218 = CARTESIAN_POINT ( 'NONE',  ( 0.6499230723708769900, 0.01000000000000000000, -0.7850000000000001400 ) ) ;
#2219 = VERTEX_POINT ( 'NONE', #2091 ) ;
#2220 = ORIENTED_EDGE ( 'NONE', *, *, #1170, .F. ) ;
#2221 = EDGE_CURVE ( 'NONE', #1976, #502, #322, .T. ) ;
#2222 = VECTOR ( 'NONE', #2443, 39.37007874015748900 ) ;
#2223 = PLANE ( 'NONE',  #102 ) ;
#2224 = EDGE_LOOP ( 'NONE', ( #1351, #3515, #84, #168 ) ) ;
#2225 = ORIENTED_EDGE ( 'NONE', *, *, #2731, .T. ) ;
#2226 = LINE ( 'NONE', #2883, #1399 ) ;
#2227 = EDGE_CURVE ( 'NONE', #3678, #2416, #2388, .T. ) ;
#2228 = EDGE_LOOP ( 'NONE', ( #3305, #3574, #657, #2328 ) ) ;
#2229 = CARTESIAN_POINT ( 'NONE',  ( 8.327598234202003100E-017, 0.0000000000000000000, 0.5750000000000001800 ) ) ;
#2230 = ORIENTED_EDGE ( 'NONE', *, *, #1803, .T. ) ;
#2231 = ORIENTED_EDGE ( 'NONE', *, *, #1590, .F. ) ;
#2232 = FACE_OUTER_BOUND ( 'NONE', #1095, .T. ) ;
#2233 = EDGE_CURVE ( 'NONE', #360, #2953, #2056, .T. ) ;
#2234 = DIRECTION ( 'NONE',  ( 0.0000000000000000000, 0.0000000000000000000, 1.000000000000000000 ) ) ;
#2235 = CARTESIAN_POINT ( 'NONE',  ( -0.01000000000000000000, 0.5873556913220342500, 0.6833556913220398800 ) ) ;
#2236 = LINE ( 'NONE', #3898, #1407 ) ;
#2237 = ORIENTED_EDGE ( 'NONE', *, *, #3112, .F. ) ;
#2238 = AXIS2_PLACEMENT_3D ( 'NONE', #1389, #1338, #729 ) ;
#2239 = B_SPLINE_CURVE_WITH_KNOTS ( 'NONE', 3,
 ( #1010, #192, #2011, #3554 ),
 .UNSPECIFIED., .F., .F.,
 ( 4, 4 ),
 ( 2.019659775547993200E-007, 0.03103633895897224200 ),
 .UNSPECIFIED. ) ;
#2240 = CIRCLE ( 'NONE', #2482, 0.5749999999999999600 ) ;
#2241 = CARTESIAN_POINT ( 'NONE',  ( 0.3196440358300168300, -0.1960935755151070900, 0.4708666429545312900 ) ) ;
#2242 = EDGE_LOOP ( 'NONE', ( #1012, #634, #1138, #2748 ) ) ;
#2243 = CIRCLE ( 'NONE', #3254, 0.6500000000000001300 ) ;
#2244 = CARTESIAN_POINT ( 'NONE',  ( 0.01000000000000000000, -0.6321463737824993800, 0.2985274934281724700 ) ) ;
#2245 = DIRECTION ( 'NONE',  ( 0.0000000000000000000, 0.0000000000000000000, 1.000000000000000000 ) ) ;
#2246 = EDGE_CURVE ( 'NONE', #1267, #3058, #466, .T. ) ;
#2247 = CARTESIAN_POINT ( 'NONE',  ( 0.3750000000000001700, 0.003333827325905863600, -0.5203786931315599300 ) ) ;
#2248 = AXIS2_PLACEMENT_3D ( 'NONE', #2646, #3275, #1724 ) ;
#2249 = EDGE_CURVE ( 'NONE', #3130, #3870, #1244, .T. ) ;
#2250 =( BOUNDED_CURVE ( )  B_SPLINE_CURVE ( 3, ( #3652, #3991, #3381, #2765 ),
 .UNSPECIFIED., .F., .F. ) 
 B_SPLINE_CURVE_WITH_KNOTS ( ( 4, 4 ),
 ( 3.132780323306529000, 3.150404983873056800 ),
 .UNSPECIFIED. ) 
 CURVE ( )  GEOMETRIC_REPRESENTATION_ITEM ( )  RATIONAL_B_SPLINE_CURVE ( ( 1.000000000000000000, 0.9999741144458435000, 0.9999741144458435000, 1.000000000000000000 ) ) 
 REPRESENTATION_ITEM ( '' )  );
#2251 = CARTESIAN_POINT ( 'NONE',  ( -0.4205548423825810600, 0.2312604460747901300, -0.7850000000000002500 ) ) ;
#2252 = CARTESIAN_POINT ( 'NONE',  ( 0.6499230723708772100, -0.01000000000000000000, 0.5750000000000000700 ) ) ;
#2253 = AXIS2_PLACEMENT_3D ( 'NONE', #468, #1636, #774 ) ;
#2254 = PERSON_AND_ORGANIZATION ( #1631, #2208 ) ;
#2255 = DIRECTION ( 'NONE',  ( 1.000000000000000000, 0.0000000000000000000, -6.123233995736766000E-017 ) ) ;
#2256 = DIRECTION ( 'NONE',  ( -6.123233995736766000E-017, -0.0000000000000000000, -1.000000000000000000 ) ) ;
#2257 = ORIENTED_EDGE ( 'NONE', *, *, #2639, .F. ) ;
#2258 = CONICAL_SURFACE ( 'NONE', #1634, 0.6500000000000001300, 0.1396263401595466700 ) ;
#2259 = CARTESIAN_POINT ( 'NONE',  ( 0.6499230723708772100, -0.01000000000000000000, 0.5649999999999999500 ) ) ;
#2260 = CARTESIAN_POINT ( 'NONE',  ( -0.3336217902232855300, -0.5578498911788103400, -0.7850000000000001400 ) ) ;
#2261 = ORIENTED_EDGE ( 'NONE', *, *, #575, .F. ) ;
#2262 = VERTEX_POINT ( 'NONE', #3325 ) ;
#2263 = EDGE_LOOP ( 'NONE', ( #162, #1526, #215, #207 ) ) ;
#2264 = CARTESIAN_POINT ( 'NONE',  ( -0.2584270320811863400, 0.4276087496138561400, -0.6449122492182509700 ) ) ;
#2265 = DIRECTION ( 'NONE',  ( -0.3535533905932729500, 0.6123724356957963600, 0.7071067811865462400 ) ) ;
#2266 = EDGE_CURVE ( 'NONE', #2317, #1914, #3600, .T. ) ;
#2267 = ORIENTED_EDGE ( 'NONE', *, *, #3043, .T. ) ;
#2268 = CARTESIAN_POINT ( 'NONE',  ( -0.6469211843766066200, -0.01000000000000000000, 0.4036429937167306800 ) ) ;
#2269 = ORIENTED_EDGE ( 'NONE', *, *, #2449, .T. ) ;
#2270 = CARTESIAN_POINT ( 'NONE',  ( -0.1904096673417767500, -0.3231309705188300500, -0.5204231560212755300 ) ) ;
#2271 = CIRCLE ( 'NONE', #308, 0.6500000000000001300 ) ;
#2272 = EDGE_CURVE ( 'NONE', #1630, #508, #1151, .T. ) ;
#2273 = ORIENTED_EDGE ( 'NONE', *, *, #1009, .T. ) ;
#2274 = LINE ( 'NONE', #1612, #1455 ) ;
#2275 = ORIENTED_EDGE ( 'NONE', *, *, #2966, .T. ) ;
#2276 = LINE ( 'NONE', #2673, #451 ) ;
#2277 = DIRECTION ( 'NONE',  ( -1.000000000000000000, 0.0000000000000000000, 1.187759997245331800E-016 ) ) ;
#2278 = DIRECTION ( 'NONE',  ( -6.123233995736766000E-017, -0.0000000000000000000, -1.000000000000000000 ) ) ;
#2279 = ORIENTED_EDGE ( 'NONE', *, *, #3892, .F. ) ;
#2280 = VERTEX_POINT ( 'NONE', #3691 ) ;
#2281 = VECTOR ( 'NONE', #1429, 39.37007874015748100 ) ;
#2282 = CARTESIAN_POINT ( 'NONE',  ( -0.008660254037844396900, -0.004999999999999980200, 0.0000000000000000000 ) ) ;
#2283 = CARTESIAN_POINT ( 'NONE',  ( 0.3163012821476007800, 0.5678498911788080200, -0.7850000000000001400 ) ) ;
#2284 = LINE ( 'NONE', #334, #1463 ) ;
#2285 = VERTEX_POINT ( 'NONE', #3023 ) ;
#2286 = DIRECTION ( 'NONE',  ( 0.8660254037844431500, -0.4999999999999919000, -5.302876193624562300E-017 ) ) ;
#2287 = CARTESIAN_POINT ( 'NONE',  ( -0.3163012821475887400, 0.5678498911788145700, 0.5649999999999999500 ) ) ;
#2288 = DIRECTION ( 'NONE',  ( 0.0000000000000000000, 0.0000000000000000000, 1.000000000000000000 ) ) ;
#2289 = AXIS2_PLACEMENT_3D ( 'NONE', #780, #1366, #3887 ) ;
#2290 = FACE_OUTER_BOUND ( 'NONE', #3383, .T. ) ;
#2291 = ORIENTED_EDGE ( 'NONE', *, *, #1475, .T. ) ;
#2292 = B_SPLINE_CURVE_WITH_KNOTS ( 'NONE', 3,
 ( #569, #875, #1767, #2698 ),
 .UNSPECIFIED., .F., .F.,
 ( 4, 4 ),
 ( 1.813755728363866700E-006, 0.003179924545928812300 ),
 .UNSPECIFIED. ) ;
#2293 = PLANE ( 'NONE',  #2181 ) ;
#2294 = CARTESIAN_POINT ( 'NONE',  ( 0.2729911907966895400, -0.4528346124785980800, 0.7849999999999999200 ) ) ;
#2295 = CARTESIAN_POINT ( 'NONE',  ( -0.2584270320811863400, 0.4276087496138561400, -0.6449122492182509700 ) ) ;
#2296 = CARTESIAN_POINT ( 'NONE',  ( -0.5578498911788100100, -0.3336217902232854200, 0.4250000000000001600 ) ) ;
#2297 = PLANE ( 'NONE',  #1199 ) ;
#2298 = CARTESIAN_POINT ( 'NONE',  ( -0.5660193567349197700, -0.01000000000000000000, 0.7203059062063743600 ) ) ;
#2299 = EDGE_CURVE ( 'NONE', #3776, #559, #561, .T. ) ;
#2300 = DIRECTION ( 'NONE',  ( -1.000000000000000000, 0.0000000000000000000, 1.050710766793947200E-016 ) ) ;
#2301 = PLANE ( 'NONE',  #1627 ) ;
#2302 = EDGE_CURVE ( 'NONE', #2330, #31, #288, .T. ) ;
#2303 =( BOUNDED_CURVE ( )  B_SPLINE_CURVE ( 3, ( #1549, #2161, #337, #2775 ),
 .UNSPECIFIED., .F., .F. ) 
 B_SPLINE_CURVE_WITH_KNOTS ( ( 4, 4 ),
 ( 3.114922825417513400, 3.168262481762072800 ),
 .UNSPECIFIED. ) 
 CURVE ( )  GEOMETRIC_REPRESENTATION_ITEM ( )  RATIONAL_B_SPLINE_CURVE ( ( 1.000000000000000000, 0.9997629208080554000, 0.9997629208080554000, 1.000000000000000000 ) ) 
 REPRESENTATION_ITEM ( '' )  );
#2304 = DIRECTION ( 'NONE',  ( -6.123233995736766000E-017, -0.0000000000000000000, -1.000000000000000000 ) ) ;
#2305 = CARTESIAN_POINT ( 'NONE',  ( 0.1787730674394251700, 0.3296440358300130000, -0.5202453360860911400 ) ) ;
#2306 = DATE_AND_TIME ( #3123, #2405 ) ;
#2307 = AXIS2_PLACEMENT_3D ( 'NONE', #474, #2610, #2277 ) ;
#2308 = ORIENTED_EDGE ( 'NONE', *, *, #422, .F. ) ;
#2309 = DIRECTION ( 'NONE',  ( 6.123233995736766000E-017, 0.0000000000000000000, 1.000000000000000000 ) ) ;
#2310 = DIRECTION ( 'NONE',  ( -6.123233995736766000E-017, -0.0000000000000000000, -1.000000000000000000 ) ) ;
#2311 = ORIENTED_EDGE ( 'NONE', *, *, #250, .T. ) ;
#2312 = ORIENTED_EDGE ( 'NONE', *, *, #3774, .T. ) ;
#2313 = AXIS2_PLACEMENT_3D ( 'NONE', #1190, #3019, #2678 ) ;
#2314 = ORIENTED_EDGE ( 'NONE', *, *, #2885, .F. ) ;
#2315 = DIRECTION ( 'NONE',  ( -1.000000000000000000, 0.0000000000000000000, 0.0000000000000000000 ) ) ;
#2316 = DIRECTION ( 'NONE',  ( 0.4999999999999979500, -0.8660254037844397100, -3.061616997868370100E-017 ) ) ;
#2317 = VERTEX_POINT ( 'NONE', #1872 ) ;
#2318 = ORIENTED_EDGE ( 'NONE', *, *, #1992, .T. ) ;
#2319 = CYLINDRICAL_SURFACE ( 'NONE', #2106, 0.5749999999999999600 ) ;
#2320 = VERTEX_POINT ( 'NONE', #3730 ) ;
#2321 = EDGE_CURVE ( 'NONE', #1593, #858, #1951, .T. ) ;
#2322 = CARTESIAN_POINT ( 'NONE',  ( 0.3750000000000001700, 0.0000000000000000000, -0.7849999999999999200 ) ) ;
#2323 = ORIENTED_EDGE ( 'NONE', *, *, #1228, .F. ) ;
#2324 = EDGE_CURVE ( 'NONE', #2719, #1874, #1289, .T. ) ;
#2325 = CONICAL_SURFACE ( 'NONE', #3552, 0.5287564434701826900, 0.5235987755982853800 ) ;
#2326 = CARTESIAN_POINT ( 'NONE',  ( -0.6499230723708768800, -0.01000000000000000000, 0.4250000000000001600 ) ) ;
#2327 = CARTESIAN_POINT ( 'NONE',  ( 0.004999999999999980200, 0.008660254037844396900, 0.0000000000000000000 ) ) ;
#2328 = ORIENTED_EDGE ( 'NONE', *, *, #1935, .F. ) ;
#2329 = ORIENTED_EDGE ( 'NONE', *, *, #549, .F. ) ;
#2330 = VERTEX_POINT ( 'NONE', #1528 ) ;
#2331 = FACE_OUTER_BOUND ( 'NONE', #3673, .T. ) ;
#2332 = EDGE_CURVE ( 'NONE', #2019, #1444, #1467, .T. ) ;
#2333 = CIRCLE ( 'NONE', #2936, 0.6500000000000001300 ) ;
#2334 = ORIENTED_EDGE ( 'NONE', *, *, #656, .T. ) ;
#2335 = DIRECTION ( 'NONE',  ( 0.0000000000000000000, -0.7071067811865381400, 0.7071067811865569000 ) ) ;
#2336 = DIRECTION ( 'NONE',  ( -6.123233995736766000E-017, -0.0000000000000000000, -1.000000000000000000 ) ) ;
#2337 = FACE_OUTER_BOUND ( 'NONE', #3580, .T. ) ;
#2338 = VERTEX_POINT ( 'NONE', #2827 ) ;
#2339 = AXIS2_PLACEMENT_3D ( 'NONE', #165, #3187, #3221 ) ;
#2340 = CARTESIAN_POINT ( 'NONE',  ( 0.1904096673417790800, 0.3231309705188287200, -0.5204231560212755300 ) ) ;
#2341 = CARTESIAN_POINT ( 'NONE',  ( 0.1350897459621509800, -0.2539823035880233200, 0.4250000000000001000 ) ) ;
#2342 = DIRECTION ( 'NONE',  ( -1.000000000000000000, 0.0000000000000000000, 1.187759997245331800E-016 ) ) ;
#2343 = DIRECTION ( 'NONE',  ( -0.8660254037844397100, 0.4999999999999979500, 5.302876193624540100E-017 ) ) ;
#2344 = AXIS2_PLACEMENT_3D ( 'NONE', #242, #2380, #251 ) ;
#2345 = PLANE ( 'NONE',  #3418 ) ;
#2346 = CARTESIAN_POINT ( 'NONE',  ( 0.2411065240055065600, 0.4376087496138509300, -0.6449122492182509700 ) ) ;
#2347 = DIRECTION ( 'NONE',  ( -6.123233995736766000E-017, -0.0000000000000000000, -1.000000000000000000 ) ) ;
#2348 = CARTESIAN_POINT ( 'NONE',  ( -0.4928892949240811200, -0.2961167724888987300, 0.5649999999999999500 ) ) ;
#2349 = CARTESIAN_POINT ( 'NONE',  ( -0.5036649497422515100, -0.3023380996988638800, 0.6833556913220398800 ) ) ;
#2350 = EDGE_CURVE ( 'NONE', #201, #2517, #3495, .T. ) ;
#2351 = DIRECTION ( 'NONE',  ( -6.123233995736766000E-017, -0.0000000000000000000, -1.000000000000000000 ) ) ;
#2352 = CALENDAR_DATE ( 2021, 14, 9 ) ;
#2353 = CARTESIAN_POINT ( 'NONE',  ( 0.1960935755151093100, -0.3196440358300154400, -0.5202453360860910300 ) ) ;
#2354 = CARTESIAN_POINT ( 'NONE',  ( -0.2584270320811922800, -0.4276087496138525900, -0.6449122492182509700 ) ) ;
#2355 = ADVANCED_FACE ( 'NONE', ( #648 ), #1571, .F. ) ;
#2356 = VECTOR ( 'NONE', #193, 39.37007874015748100 ) ;
#2357 = ORIENTED_EDGE ( 'NONE', *, *, #2668, .F. ) ;
#2358 = CARTESIAN_POINT ( 'NONE',  ( 9.613477373306722300E-017, 0.0000000000000000000, 0.7849999999999998100 ) ) ;
#2359 = AXIS2_PLACEMENT_3D ( 'NONE', #665, #2781, #1585 ) ;
#2360 = ORIENTED_EDGE ( 'NONE', *, *, #1855, .F. ) ;
#2361 = PLANE ( 'NONE',  #2082 ) ;
#2362 = ORIENTED_EDGE ( 'NONE', *, *, #2606, .F. ) ;
#2363 = CARTESIAN_POINT ( 'NONE',  ( 0.3336217902232816400, -0.5578498911788125600, 0.5750000000000001800 ) ) ;
#2364 = FACE_OUTER_BOUND ( 'NONE', #2864, .T. ) ;
#2365 = ORIENTED_EDGE ( 'NONE', *, *, #3647, .F. ) ;
#2366 = VERTEX_POINT ( 'NONE', #2160 ) ;
#2367 = FACE_OUTER_BOUND ( 'NONE', #1949, .T. ) ;
#2368 = CARTESIAN_POINT ( 'NONE',  ( 8.327598234202003100E-017, 0.0000000000000000000, 0.5750000000000001800 ) ) ;
#2369 = CARTESIAN_POINT ( 'NONE',  ( 0.01000000000000000000, 0.5873556913220342500, 0.6833556913220398800 ) ) ;
#2370 = VERTEX_POINT ( 'NONE', #2204 ) ;
#2371 = VECTOR ( 'NONE', #520, 39.37007874015748900 ) ;
#2372 = ORIENTED_EDGE ( 'NONE', *, *, #144, .F. ) ;
#2373 = FACE_OUTER_BOUND ( 'NONE', #24, .T. ) ;
#2374 = DIRECTION ( 'NONE',  ( -6.123233995736766000E-017, -0.0000000000000000000, -1.000000000000000000 ) ) ;
#2375 = EDGE_CURVE ( 'NONE', #559, #261, #948, .T. ) ;
#2376 = VERTEX_POINT ( 'NONE', #3118 ) ;
#2377 = ORIENTED_EDGE ( 'NONE', *, *, #344, .T. ) ;
#2378 = FACE_OUTER_BOUND ( 'NONE', #2096, .T. ) ;
#2379 =( BOUNDED_CURVE ( )  B_SPLINE_CURVE ( 3, ( #2933, #1105, #3508, #2578 ),
 .UNSPECIFIED., .F., .F. ) 
 B_SPLINE_CURVE_WITH_KNOTS ( ( 4, 4 ),
 ( 0.0000000000000000000, 0.02666982817228040500 ),
 .UNSPECIFIED. ) 
 CURVE ( )  GEOMETRIC_REPRESENTATION_ITEM ( )  RATIONAL_B_SPLINE_CURVE ( ( 1.000000000000000000, 0.9999407275670978400, 0.9999407275670978400, 1.000000000000000000 ) ) 
 REPRESENTATION_ITEM ( '' )  );
#2380 = DIRECTION ( 'NONE',  ( -6.123233995736766000E-017, -0.0000000000000000000, -1.000000000000000000 ) ) ;
#2381 = DIRECTION ( 'NONE',  ( -6.123233995736766000E-017, -0.0000000000000000000, -1.000000000000000000 ) ) ;
#2382 = ORIENTED_EDGE ( 'NONE', *, *, #756, .T. ) ;
#2383 = AXIS2_PLACEMENT_3D ( 'NONE', #3525, #2310, #2623 ) ;
#2384 = EDGE_CURVE ( 'NONE', #2338, #2608, #3846, .T. ) ;
#2385 = DIRECTION ( 'NONE',  ( 0.1391731009600658000, 0.0000000000000000000, 0.9902680687415701400 ) ) ;
#2386 = CARTESIAN_POINT ( 'NONE',  ( 0.01000000000000000000, 0.6321463737824993800, 0.2985274934281725900 ) ) ;
#2387 = DIRECTION ( 'NONE',  ( -1.000000000000000000, 0.0000000000000000000, 6.123233995736766000E-017 ) ) ;
#2388 = LINE ( 'NONE', #3363, #2872 ) ;
#2389 = ORIENTED_EDGE ( 'NONE', *, *, #1676, .T. ) ;
#2390 = AXIS2_PLACEMENT_3D ( 'NONE', #1721, #808, #1413 ) ;
#2391 = DIRECTION ( 'NONE',  ( -6.123233995736766000E-017, -0.0000000000000000000, -1.000000000000000000 ) ) ;
#2392 = DIRECTION ( 'NONE',  ( 6.123233995736766000E-017, 0.0000000000000000000, 1.000000000000000000 ) ) ;
#2393 = VERTEX_POINT ( 'NONE', #2814 ) ;
#2394 = CARTESIAN_POINT ( 'NONE',  ( -0.6281815210709340600, -0.01000000000000000000, 0.6126530147176362200 ) ) ;
#2395 = DIRECTION ( 'NONE',  ( -1.000000000000000000, 0.0000000000000000000, 1.050710766793947200E-016 ) ) ;
#2396 = AXIS2_PLACEMENT_3D ( 'NONE', #3356, #1502, #3970 ) ;
#2397 = B_SPLINE_CURVE_WITH_KNOTS ( 'NONE', 3,
 ( #3127, #3440, #2244, #1583, #373, #2876, #1328, #2518, #709, #3422 ),
 .UNSPECIFIED., .F., .F.,
 ( 4, 3, 3, 4 ),
 ( 0.05574543752785233300, 0.06061140657853184000, 0.08295014895826402500, 0.08678157452061866000 ),
 .UNSPECIFIED. ) ;
#2398 = DIRECTION ( 'NONE',  ( -1.000000000000000000, 0.0000000000000000000, 1.187759997245331800E-016 ) ) ;
#2399 = ORIENTED_EDGE ( 'NONE', *, *, #1154, .F. ) ;
#2400 = EDGE_CURVE ( 'NONE', #1171, #1356, #2679, .T. ) ;
#2401 = DIRECTION ( 'NONE',  ( -6.123233995736766000E-017, -0.0000000000000000000, -1.000000000000000000 ) ) ;
#2402 = CARTESIAN_POINT ( 'NONE',  ( 0.6484221289771120400, -0.01000000000000000000, 0.4143214967735573400 ) ) ;
#2403 = APPLICATION_CONTEXT ( 'configuration controlled 3d designs of mechanical parts and assemblies' ) ;
#2404 = EDGE_CURVE ( 'NONE', #3324, #1649, #236, .T. ) ;
#2405 = LOCAL_TIME ( 10, 30, 58.00000000000000000, #3229 ) ;
#2406 = VERTEX_POINT ( 'NONE', #2178 ) ;
#2407 = CARTESIAN_POINT ( 'NONE',  ( 0.5070605533234120400, -0.2966006483874269500, 0.6834276446287880200 ) ) ;
#2408 = AXIS2_PLACEMENT_3D ( 'NONE', #2823, #89, #3725 ) ;
#2409 = ORIENTED_EDGE ( 'NONE', *, *, #48, .F. ) ;
#2410 = ORIENTED_EDGE ( 'NONE', *, *, #557, .T. ) ;
#2411 = ORIENTED_EDGE ( 'NONE', *, *, #3152, .F. ) ;
#2412 = CARTESIAN_POINT ( 'NONE',  ( -0.3196440358300154400, 0.1960935755151093100, -0.7850000000000001400 ) ) ;
#2413 = VERTEX_POINT ( 'NONE', #3744 ) ;
#2414 = CIRCLE ( 'NONE', #2238, 0.6500000000000001300 ) ;
#2415 = AXIS2_PLACEMENT_3D ( 'NONE', #614, #3507, #2255 ) ;
#2416 = VERTEX_POINT ( 'NONE', #1835 ) ;
#2417 = ORIENTED_EDGE ( 'NONE', *, *, #731, .T. ) ;
#2418 = CARTESIAN_POINT ( 'NONE',  ( -0.3748666429545313200, 0.01000000000000000000, -0.5202453360860910300 ) ) ;
#2419 = CYLINDRICAL_SURFACE ( 'NONE', #582, 0.5749999999999999600 ) ;
#2420 = ORIENTED_EDGE ( 'NONE', *, *, #1709, .F. ) ;
#2421 = ORIENTED_EDGE ( 'NONE', *, *, #1755, .F. ) ;
#2422 = DIRECTION ( 'NONE',  ( -1.000000000000000000, 0.0000000000000000000, 0.0000000000000000000 ) ) ;
#2423 = ORIENTED_EDGE ( 'NONE', *, *, #21, .T. ) ;
#2424 = VECTOR ( 'NONE', #90, 39.37007874015748100 ) ;
#2425 = CIRCLE ( 'NONE', #1285, 0.6500000000000001300 ) ;
#2426 = EDGE_LOOP ( 'NONE', ( #1550, #1922, #339, #574 ) ) ;
#2427 = DIRECTION ( 'NONE',  ( -6.123233995736766000E-017, -0.0000000000000000000, -1.000000000000000000 ) ) ;
#2428 = EDGE_CURVE ( 'NONE', #2076, #672, #136, .T. ) ;
#2429 = VECTOR ( 'NONE', #2466, 39.37007874015748100 ) ;
#2430 = ORIENTED_EDGE ( 'NONE', *, *, #135, .F. ) ;
#2431 = PLANE ( 'NONE',  #181 ) ;
#2432 = EDGE_CURVE ( 'NONE', #722, #919, #2572, .T. ) ;
#2433 = CARTESIAN_POINT ( 'NONE',  ( -0.01000000000000000000, 0.4868406773361584900, -0.7352083670129084800 ) ) ;
#2434 = DIRECTION ( 'NONE',  ( -1.000000000000000000, 0.0000000000000000000, 0.0000000000000000000 ) ) ;
#2435 = ADVANCED_FACE ( 'NONE', ( #2099 ), #1892, .F. ) ;
#2436 = DIRECTION ( 'NONE',  ( 1.000000000000000000, 0.0000000000000000000, -6.123233995736766000E-017 ) ) ;
#2437 = DIRECTION ( 'NONE',  ( -0.3535533905932815000, -0.6123724356957913600, 0.7071067811865462400 ) ) ;
#2438 = ADVANCED_FACE ( 'NONE', ( #3398 ), #2545, .T. ) ;
#2439 = CARTESIAN_POINT ( 'NONE',  ( -0.3163012821475887900, 0.5678498911788145700, 0.4250000000000001000 ) ) ;
#2440 = CARTESIAN_POINT ( 'NONE',  ( -0.009999999999999916900, -0.6499230723708769900, 0.5750000000000001800 ) ) ;
#2441 = PERSON_AND_ORGANIZATION ( #1631, #2208 ) ;
#2442 = EDGE_CURVE ( 'NONE', #3659, #360, #3735, .T. ) ;
#2443 = DIRECTION ( 'NONE',  ( -0.8660254037844397100, 0.4999999999999979500, 5.302876193624540100E-017 ) ) ;
#2444 = CARTESIAN_POINT ( 'NONE',  ( 0.01000000000000000000, -0.5749130369021039400, -0.7850000000000001400 ) ) ;
#2445 = CYLINDRICAL_SURFACE ( 'NONE', #2464, 0.6500000000000001300 ) ;
#2446 = ADVANCED_FACE ( 'NONE', ( #2919 ), #2523, .F. ) ;
#2447 = VERTEX_POINT ( 'NONE', #1615 ) ;
#2448 = DIRECTION ( 'NONE',  ( -6.123233995736766000E-017, 0.0000000000000000000, -1.000000000000000000 ) ) ;
#2449 = EDGE_CURVE ( 'NONE', #1034, #3327, #2627, .T. ) ;
#2450 = CARTESIAN_POINT ( 'NONE',  ( -0.2584709074720668000, -0.4276847440200491900, -0.6450000000000001300 ) ) ;
#2451 = VERTEX_POINT ( 'NONE', #1646 ) ;
#2452 = VERTEX_POINT ( 'NONE', #1903 ) ;
#2453 = ADVANCED_FACE ( 'NONE', ( #2190 ), #1192, .T. ) ;
#2454 = CONICAL_SURFACE ( 'NONE', #1002, 0.5287564434701826900, 0.5235987755982853800 ) ;
#2455 = CARTESIAN_POINT ( 'NONE',  ( 7.409113134841489000E-017, 0.0000000000000000000, 0.4250000000000001000 ) ) ;
#2456 = AXIS2_PLACEMENT_3D ( 'NONE', #2862, #3738, #1907 ) ;
#2457 = VERTEX_POINT ( 'NONE', #712 ) ;
#2458 = ORIENTED_EDGE ( 'NONE', *, *, #3485, .F. ) ;
#2459 = VECTOR ( 'NONE', #2304, 39.37007874015748100 ) ;
#2460 = CARTESIAN_POINT ( 'NONE',  ( 0.2864582562299407600, 0.1538397459621589100, 0.4209999999999986000 ) ) ;
#2461 = ORIENTED_EDGE ( 'NONE', *, *, #1958, .T. ) ;
#2462 = CIRCLE ( 'NONE', #1134, 0.5749999999999999600 ) ;
#2463 = VERTEX_POINT ( 'NONE', #1607 ) ;
#2464 = AXIS2_PLACEMENT_3D ( 'NONE', #255, #872, #2110 ) ;
#2465 = FACE_OUTER_BOUND ( 'NONE', #1881, .T. ) ;
#2466 = DIRECTION ( 'NONE',  ( 1.000000000000000000, 0.0000000000000000000, -6.123233995736766000E-017 ) ) ;
#2467 = ORIENTED_EDGE ( 'NONE', *, *, #571, .F. ) ;
#2468 = VERTEX_POINT ( 'NONE', #2870 ) ;
#2469 = LINE ( 'NONE', #2283, #594 ) ;
#2470 = DIRECTION ( 'NONE',  ( -0.4999999999999919000, 0.8660254037844431500, -3.642463991552349500E-016 ) ) ;
#2471 = CARTESIAN_POINT ( 'NONE',  ( -0.6499230723708768800, 0.01000000000000000000, 0.4250000000000001600 ) ) ;
#2472 = EDGE_CURVE ( 'NONE', #3669, #2019, #3308, .T. ) ;
#2473 = VECTOR ( 'NONE', #1347, 39.37007874015748100 ) ;
#2474 = VERTEX_POINT ( 'NONE', #1302 ) ;
#2475 = DIRECTION ( 'NONE',  ( -1.000000000000000000, 0.0000000000000000000, 1.187759997245331800E-016 ) ) ;
#2476 = ORIENTED_EDGE ( 'NONE', *, *, #2579, .F. ) ;
#2477 = EDGE_CURVE ( 'NONE', #270, #346, #2974, .T. ) ;
#2478 = ADVANCED_FACE ( 'NONE', ( #1997 ), #999, .F. ) ;
#2479 = CARTESIAN_POINT ( 'NONE',  ( 0.2912372384211011600, 0.5244376940013838500, 0.06836233743005454300 ) ) ;
#2480 = AXIS2_PLACEMENT_3D ( 'NONE', #3538, #3561, #469 ) ;
#2481 = CARTESIAN_POINT ( 'NONE',  ( -0.01000000000000000000, -0.6163112956448895100, 0.6332100393024492300 ) ) ;
#2482 = AXIS2_PLACEMENT_3D ( 'NONE', #3608, #3602, #227 ) ;
#2483 = CARTESIAN_POINT ( 'NONE',  ( 8.266365894244635600E-017, 0.0000000000000000000, 0.5649999999999999500 ) ) ;
#2484 = DIRECTION ( 'NONE',  ( 6.123233995736766000E-017, 0.0000000000000000000, 1.000000000000000000 ) ) ;
#2485 = DIRECTION ( 'NONE',  ( -1.000000000000000000, 0.0000000000000000000, 0.0000000000000000000 ) ) ;
#2486 = CARTESIAN_POINT ( 'NONE',  ( 7.409113134841489000E-017, 0.0000000000000000000, 0.4250000000000001000 ) ) ;
#2487 = ADVANCED_FACE ( 'NONE', ( #3545 ), #3456, .T. ) ;
#2488 = CARTESIAN_POINT ( 'NONE',  ( 0.2411065240055065600, 0.4376087496138509300, -0.6449122492182509700 ) ) ;
#2489 = LOCAL_TIME ( 10, 30, 58.00000000000000000, #2831 ) ;
#2490 = CARTESIAN_POINT ( 'NONE',  ( 0.5750000000000000700, 0.0000000000000000000, 0.4250000000000001000 ) ) ;
#2491 = ORIENTED_EDGE ( 'NONE', *, *, #2046, .F. ) ;
#2492 = EDGE_CURVE ( 'NONE', #2100, #2700, #3441, .T. ) ;
#2493 = EDGE_LOOP ( 'NONE', ( #1815, #3917, #3762, #1748, #3132, #355, #1026, #3597 ) ) ;
#2494 = DIRECTION ( 'NONE',  ( 6.123233995736766000E-017, 0.0000000000000000000, 1.000000000000000000 ) ) ;
#2495 = ORIENTED_EDGE ( 'NONE', *, *, #3408, .F. ) ;
#2496 = ORIENTED_EDGE ( 'NONE', *, *, #2103, .T. ) ;
#2497 = EDGE_CURVE ( 'NONE', #2040, #1213, #2243, .T. ) ;
#2498 = VERTEX_POINT ( 'NONE', #2852 ) ;
#2499 = EDGE_LOOP ( 'NONE', ( #2834, #23, #2467, #2723 ) ) ;
#2500 = CARTESIAN_POINT ( 'NONE',  ( -0.5678498911788124600, 0.3163012821475928400, 0.4250000000000001600 ) ) ;
#2501 = DIRECTION ( 'NONE',  ( -1.000000000000000000, -0.0000000000000000000, 0.0000000000000000000 ) ) ;
#2502 = CIRCLE ( 'NONE', #2643, 0.5287564434701826900 ) ;
#2503 = CARTESIAN_POINT ( 'NONE',  ( 0.5750000000000000700, 0.0000000000000000000, 0.4250000000000001000 ) ) ;
#2504 = ORIENTED_EDGE ( 'NONE', *, *, #2766, .F. ) ;
#2505 = CARTESIAN_POINT ( 'NONE',  ( 0.4996213068684418100, -0.003333543001138655600, -0.6450000000000010200 ) ) ;
#2506 = ORIENTED_EDGE ( 'NONE', *, *, #2908, .T. ) ;
#2507 = CARTESIAN_POINT ( 'NONE',  ( 9.613477373306722300E-017, 0.0000000000000000000, 0.7849999999999998100 ) ) ;
#2508 = VECTOR ( 'NONE', #476, 39.37007874015748100 ) ;
#2509 = AXIS2_PLACEMENT_3D ( 'NONE', #2955, #1158, #2637 ) ;
#2510 = ORIENTED_EDGE ( 'NONE', *, *, #3025, .T. ) ;
#2511 = ORIENTED_EDGE ( 'NONE', *, *, #2120, .F. ) ;
#2512 = ORIENTED_EDGE ( 'NONE', *, *, #3003, .T. ) ;
#2513 = CIRCLE ( 'NONE', #3125, 0.5749999999999999600 ) ;
#2514 = CARTESIAN_POINT ( 'NONE',  ( 0.3264650943035387100, -0.1846347955479374900, 0.4710444628897155800 ) ) ;
#2515 = CARTESIAN_POINT ( 'NONE',  ( -0.01000000000000000000, 0.3249999999999999600, 0.4209999999999986000 ) ) ;
#2516 = VECTOR ( 'NONE', #798, 39.37007874015748100 ) ;
#2517 = VERTEX_POINT ( 'NONE', #3250 ) ;
#2518 = CARTESIAN_POINT ( 'NONE',  ( 0.01000000000000000000, -0.4938398893661267700, -0.6854167248772709000 ) ) ;
#2519 = CIRCLE ( 'NONE', #484, 0.5749999999999999600 ) ;
#2520 = ORIENTED_EDGE ( 'NONE', *, *, #571, .T. ) ;
#2521 = CARTESIAN_POINT ( 'NONE',  ( 7.409113134841489000E-017, 0.0000000000000000000, 0.4250000000000001000 ) ) ;
#2522 = EDGE_CURVE ( 'NONE', #3211, #2214, #2239, .T. ) ;
#2523 = PLANE ( 'NONE',  #2003 ) ;
#2524 = PLANE ( 'NONE',  #3782 ) ;
#2525 = EDGE_CURVE ( 'NONE', #1118, #586, #3108, .T. ) ;
#2526 = DIRECTION ( 'NONE',  ( -6.123233995736766000E-017, -0.0000000000000000000, -1.000000000000000000 ) ) ;
#2527 = CARTESIAN_POINT ( 'NONE',  ( 7.409113134841489000E-017, 0.0000000000000000000, 0.4250000000000001000 ) ) ;
#2528 = EDGE_CURVE ( 'NONE', #2280, #778, #1416, .T. ) ;
#2529 = ORIENTED_EDGE ( 'NONE', *, *, #3382, .T. ) ;
#2530 = CARTESIAN_POINT ( 'NONE',  ( -0.5187535610328755100, 0.2879555027216135800, 0.02166633889899542000 ) ) ;
#2531 = DIRECTION ( 'NONE',  ( -1.000000000000000000, 0.0000000000000000000, 1.050710766793947200E-016 ) ) ;
#2532 = DIRECTION ( 'NONE',  ( 0.0000000000000000000, 0.0000000000000000000, 1.000000000000000000 ) ) ;
#2533 = DIRECTION ( 'NONE',  ( 6.123233995736766000E-017, 0.0000000000000000000, 1.000000000000000000 ) ) ;
#2534 = EDGE_CURVE ( 'NONE', #1630, #2033, #3133, .T. ) ;
#2535 = B_SPLINE_CURVE_WITH_KNOTS ( 'NONE', 3,
 ( #3501, #1647, #1330, #3487, #3794, #3154, #989 ),
 .UNSPECIFIED., .F., .F.,
 ( 4, 3, 4 ),
 ( 0.01695838223662355500, 0.01980466064540401700, 0.02311777893953316900 ),
 .UNSPECIFIED. ) ;
#2536 = CARTESIAN_POINT ( 'NONE',  ( -0.1846347955479374100, 0.3264650943035387100, -0.5204231560212755300 ) ) ;
#2537 = CARTESIAN_POINT ( 'NONE',  ( 7.409113134841489000E-017, 0.0000000000000000000, 0.4250000000000001000 ) ) ;
#2538 = CARTESIAN_POINT ( 'NONE',  ( 0.2787962644132064800, -0.5028892949240830700, 0.4250000000000001000 ) ) ;
#2539 = DIRECTION ( 'NONE',  ( 0.8660254037844328200, 0.5000000000000101000, -5.302876193624499400E-017 ) ) ;
#2540 = DIRECTION ( 'NONE',  ( 6.123233995736766000E-017, 0.0000000000000000000, 1.000000000000000000 ) ) ;
#2541 = VECTOR ( 'NONE', #2343, 39.37007874015748900 ) ;
#2542 = VERTEX_POINT ( 'NONE', #3542 ) ;
#2543 = ORIENTED_EDGE ( 'NONE', *, *, #3319, .T. ) ;
#2544 = DIRECTION ( 'NONE',  ( -1.000000000000000000, 0.0000000000000000000, 0.0000000000000000000 ) ) ;
#2545 = PLANE ( 'NONE',  #3196 ) ;
#2546 = CARTESIAN_POINT ( 'NONE',  ( 0.5750000000000000700, 0.01000000000000000000, 0.4250000000000001000 ) ) ;
#2547 = ORIENTED_EDGE ( 'NONE', *, *, #938, .F. ) ;
#2548 = ORIENTED_EDGE ( 'NONE', *, *, #656, .F. ) ;
#2549 = EDGE_CURVE ( 'NONE', #1267, #3733, #3796, .T. ) ;
#2550 = VECTOR ( 'NONE', #2628, 39.37007874015748900 ) ;
#2551 = CARTESIAN_POINT ( 'NONE',  ( -0.2787962644132098200, -0.5028892949240811900, 0.4250000000000001000 ) ) ;
#2552 = CARTESIAN_POINT ( 'NONE',  ( 0.5678498911788081300, 0.3163012821476007800, 0.4250000000000000400 ) ) ;
#2553 = ORIENTED_EDGE ( 'NONE', *, *, #2013, .F. ) ;
#2554 = VERTEX_POINT ( 'NONE', #3872 ) ;
#2555 = CYLINDRICAL_SURFACE ( 'NONE', #56, 0.5749999999999999600 ) ;
#2556 = CARTESIAN_POINT ( 'NONE',  ( 0.4262499999999941300, 0.2576425576258737900, 0.4250000000000001000 ) ) ;
#2557 = CARTESIAN_POINT ( 'NONE',  ( 1.016337998740283200E-032, 0.0000000000000000000, -0.7849999999999999200 ) ) ;
#2558 = ORIENTED_EDGE ( 'NONE', *, *, #3615, .T. ) ;
#2559 = CARTESIAN_POINT ( 'NONE',  ( -0.1960935755151071200, 0.3196440358300168300, -0.5202453360860911400 ) ) ;
#2560 = VECTOR ( 'NONE', #99, 39.37007874015748100 ) ;
#2561 = VERTEX_POINT ( 'NONE', #2001 ) ;
#2562 = VECTOR ( 'NONE', #1732, 39.37007874015748100 ) ;
#2563 = CARTESIAN_POINT ( 'NONE',  ( -0.5578498911788102300, -0.3336217902232855300, 0.5750000000000001800 ) ) ;
#2564 = VECTOR ( 'NONE', #3706, 39.37007874015748100 ) ;
#2565 = ORIENTED_EDGE ( 'NONE', *, *, #947, .F. ) ;
#2566 = AXIS2_PLACEMENT_3D ( 'NONE', #3742, #3726, #3402 ) ;
#2567 = VECTOR ( 'NONE', #2967, 39.37007874015748900 ) ;
#2568 = FACE_OUTER_BOUND ( 'NONE', #1454, .T. ) ;
#2569 = DIRECTION ( 'NONE',  ( 0.0000000000000000000, -1.000000000000000000, 0.0000000000000000000 ) ) ;
#2570 = ORIENTED_EDGE ( 'NONE', *, *, #2598, .T. ) ;
#2571 = DIRECTION ( 'NONE',  ( 0.0000000000000000000, 1.000000000000000000, 0.0000000000000000000 ) ) ;
#2572 = CIRCLE ( 'NONE', #3875, 0.5749999999999999600 ) ;
#2573 = ORIENTED_EDGE ( 'NONE', *, *, #3485, .T. ) ;
#2574 = CARTESIAN_POINT ( 'NONE',  ( -0.4996213068684408100, -0.01000000000000000000, -0.6450000000000001300 ) ) ;
#2575 = CARTESIAN_POINT ( 'NONE',  ( -0.2960914937412216200, 0.5328455108487694100, 0.6450004751093609800 ) ) ;
#2576 = EDGE_CURVE ( 'NONE', #3047, #508, #2145, .T. ) ;
#2577 = DIRECTION ( 'NONE',  ( -1.000000000000000000, 0.0000000000000000000, 1.050710766793947200E-016 ) ) ;
#2578 = CARTESIAN_POINT ( 'NONE',  ( -0.3748666429545318700, -0.01000000000000000000, -0.5202453360860915800 ) ) ;
#2579 = EDGE_CURVE ( 'NONE', #2920, #985, #515, .T. ) ;
#2580 = DIRECTION ( 'NONE',  ( 1.000000000000000000, 0.0000000000000000000, -6.123233995736766000E-017 ) ) ;
#2581 = PLANE ( 'NONE',  #2985 ) ;
#2582 = CARTESIAN_POINT ( 'NONE',  ( 0.0000000000000000000, -0.01000000000000000000, 0.0000000000000000000 ) ) ;
#2583 = AXIS2_PLACEMENT_3D ( 'NONE', #3555, #1402, #462 ) ;
#2584 = EDGE_CURVE ( 'NONE', #928, #18, #2519, .T. ) ;
#2585 = DIRECTION ( 'NONE',  ( -6.123233995736766000E-017, -0.0000000000000000000, -1.000000000000000000 ) ) ;
#2586 = CARTESIAN_POINT ( 'NONE',  ( 0.2411065240055007800, -0.4376087496138548200, -0.6449122492182515200 ) ) ;
#2587 = AXIS2_PLACEMENT_3D ( 'NONE', #807, #3012, #2684 ) ;
#2588 = CARTESIAN_POINT ( 'NONE',  ( 0.4362500000000045200, -0.2403220495501790000, 0.4250000000000001000 ) ) ;
#2589 = CARTESIAN_POINT ( 'NONE',  ( 8.266365894244635600E-017, 0.0000000000000000000, 0.5649999999999999500 ) ) ;
#2590 = APPROVAL_DATE_TIME ( #3860, #1340 ) ;
#2591 = AXIS2_PLACEMENT_3D ( 'NONE', #886, #3624, #3985 ) ;
#2592 = CARTESIAN_POINT ( 'NONE',  ( 1.406024796245492400E-033, 0.0000000000000000000, -0.7850000000000001400 ) ) ;
#2593 = VERTEX_POINT ( 'NONE', #2287 ) ;
#2594 = ORIENTED_EDGE ( 'NONE', *, *, #1761, .T. ) ;
#2595 = ORIENTED_EDGE ( 'NONE', *, *, #2689, .T. ) ;
#2596 = CARTESIAN_POINT ( 'NONE',  ( 0.3750000000000001700, 0.0000000000000000000, -0.7849999999999999200 ) ) ;
#2597 = CARTESIAN_POINT ( 'NONE',  ( 0.01000000000000008300, -0.6499230723708769900, 0.5750000000000001800 ) ) ;
#2598 = EDGE_CURVE ( 'NONE', #1398, #932, #3689, .T. ) ;
#2599 = EDGE_CURVE ( 'NONE', #546, #2468, #2205, .T. ) ;
#2600 = ORIENTED_EDGE ( 'NONE', *, *, #3270, .F. ) ;
#2601 = CARTESIAN_POINT ( 'NONE',  ( -0.6064397785292893200, -0.01000000000000000000, 0.6503059190099518300 ) ) ;
#2602 = VERTEX_POINT ( 'NONE', #1126 ) ;
#2603 = CARTESIAN_POINT ( 'NONE',  ( -0.4928892949240831200, 0.2961167724888952300, 0.5649999999999999500 ) ) ;
#2604 = VECTOR ( 'NONE', #609, 39.37007874015748900 ) ;
#2605 = CARTESIAN_POINT ( 'NONE',  ( -0.2932018963615337600, 0.4878405813737313200, 0.7150005840914298600 ) ) ;
#2606 = EDGE_CURVE ( 'NONE', #3617, #1472, #2867, .T. ) ;
#2607 = EDGE_LOOP ( 'NONE', ( #945, #1225, #436, #2898 ) ) ;
#2608 = VERTEX_POINT ( 'NONE', #760 ) ;
#2609 = CYLINDRICAL_SURFACE ( 'NONE', #3650, 0.6500000000000001300 ) ;
#2610 = DIRECTION ( 'NONE',  ( -6.123233995736766000E-017, -0.0000000000000000000, -1.000000000000000000 ) ) ;
#2611 = CARTESIAN_POINT ( 'NONE',  ( -0.3163012821475967300, -0.5678498911788101300, 0.4250000000000001000 ) ) ;
#2612 = CARTESIAN_POINT ( 'NONE',  ( -0.01000000000000003000, 0.0000000000000000000, 0.4250000000000001600 ) ) ;
#2613 = ORIENTED_EDGE ( 'NONE', *, *, #1384, .T. ) ;
#2614 = ORIENTED_EDGE ( 'NONE', *, *, #525, .T. ) ;
#2615 = LINE ( 'NONE', #1863, #851 ) ;
#2616 = AXIS2_PLACEMENT_3D ( 'NONE', #3467, #1281, #666 ) ;
#2617 = CARTESIAN_POINT ( 'NONE',  ( 7.409113134841489000E-017, 0.0000000000000000000, 0.4250000000000001000 ) ) ;
#2618 = CIRCLE ( 'NONE', #1556, 0.5749999999999999600 ) ;
#2619 = ORIENTED_EDGE ( 'NONE', *, *, #1644, .F. ) ;
#2620 = DIRECTION ( 'NONE',  ( -1.000000000000000000, 0.0000000000000000000, 1.050710766793947200E-016 ) ) ;
#2621 = CARTESIAN_POINT ( 'NONE',  ( 0.1960935755151115300, 0.3196440358300141600, 0.7849999999999993600 ) ) ;
#2622 = CARTESIAN_POINT ( 'NONE',  ( -0.1960935755151070900, 0.3196440358300167200, -0.7850000000000001400 ) ) ;
#2623 = DIRECTION ( 'NONE',  ( -1.000000000000000000, 0.0000000000000000000, 0.0000000000000000000 ) ) ;
#2624 = AXIS2_PLACEMENT_3D ( 'NONE', #428, #1350, #1629 ) ;
#2625 = CONICAL_SURFACE ( 'NONE', #3397, 0.6500000000000001300, 0.1396263401595466700 ) ;
#2626 = ORIENTED_EDGE ( 'NONE', *, *, #2221, .F. ) ;
#2627 = B_SPLINE_CURVE_WITH_KNOTS ( 'NONE', 3,
 ( #3193, #685, #3817, #1931 ),
 .UNSPECIFIED., .F., .F.,
 ( 4, 4 ),
 ( 2.019659775567262900E-007, 0.03103633895897224200 ),
 .UNSPECIFIED. ) ;
#2628 = DIRECTION ( 'NONE',  ( -0.3535533905932729500, 0.6123724356957963600, 0.7071067811865462400 ) ) ;
#2629 = CARTESIAN_POINT ( 'NONE',  ( 0.4105548423825777200, 0.2485809541504846200, -0.7850000000000002500 ) ) ;
#2630 = CARTESIAN_POINT ( 'NONE',  ( 0.01000000000000000000, 0.0000000000000000000, 0.0000000000000000000 ) ) ;
#2631 = CARTESIAN_POINT ( 'NONE',  ( 8.266365894244635600E-017, 0.0000000000000000000, 0.5649999999999999500 ) ) ;
#2632 = DIRECTION ( 'NONE',  ( -6.123233995736766000E-017, -0.0000000000000000000, -1.000000000000000000 ) ) ;
#2633 = EDGE_CURVE ( 'NONE', #508, #1219, #2828, .T. ) ;
#2634 = CARTESIAN_POINT ( 'NONE',  ( 0.3163012821476008400, 0.5678498911788080200, 0.5750000000000001800 ) ) ;
#2635 = DIRECTION ( 'NONE',  ( 0.0000000000000000000, 0.0000000000000000000, 1.000000000000000000 ) ) ;
#2636 = EDGE_CURVE ( 'NONE', #940, #1090, #1707, .T. ) ;
#2637 = DIRECTION ( 'NONE',  ( -1.000000000000000000, 0.0000000000000000000, 6.123233995736766000E-017 ) ) ;
#2638 = DIRECTION ( 'NONE',  ( -1.000000000000000000, 0.0000000000000000000, 0.0000000000000000000 ) ) ;
#2639 = EDGE_CURVE ( 'NONE', #2100, #3617, #750, .T. ) ;
#2640 = DIRECTION ( 'NONE',  ( -6.123233995736766000E-017, -0.0000000000000000000, -1.000000000000000000 ) ) ;
#2641 = CARTESIAN_POINT ( 'NONE',  ( -0.3196440358300140500, -0.1960935755151115300, 0.4708666429545312900 ) ) ;
#2642 = CIRCLE ( 'NONE', #3911, 0.5287564434701826900 ) ;
#2643 = AXIS2_PLACEMENT_3D ( 'NONE', #1290, #2861, #3448 ) ;
#2644 = DIRECTION ( 'NONE',  ( -6.123233995736766000E-017, -0.0000000000000000000, -1.000000000000000000 ) ) ;
#2645 = DIRECTION ( 'NONE',  ( 6.123233995736766000E-017, 0.0000000000000000000, 1.000000000000000000 ) ) ;
#2646 = CARTESIAN_POINT ( 'NONE',  ( -0.01000000000000000000, 0.0000000000000000000, 0.0000000000000000000 ) ) ;
#2647 = VECTOR ( 'NONE', #539, 39.37007874015748100 ) ;
#2648 = EDGE_LOOP ( 'NONE', ( #2382, #384, #590, #1734, #842, #2085 ) ) ;
#2649 = ORIENTED_EDGE ( 'NONE', *, *, #2725, .T. ) ;
#2650 = DIRECTION ( 'NONE',  ( 0.0000000000000000000, 0.7559289460184537300, -0.6546536707079778600 ) ) ;
#2651 = CARTESIAN_POINT ( 'NONE',  ( 0.2661725826620367500, -0.4810244367524769700, -0.2882751530984586400 ) ) ;
#2652 = DIRECTION ( 'NONE',  ( 1.000000000000000000, 0.0000000000000000000, -6.123233995736766000E-017 ) ) ;
#2653 = ORIENTED_EDGE ( 'NONE', *, *, #2, .T. ) ;
#2654 = ORIENTED_EDGE ( 'NONE', *, *, #2, .F. ) ;
#2655 = VECTOR ( 'NONE', #3320, 39.37007874015748900 ) ;
#2656 = ORIENTED_EDGE ( 'NONE', *, *, #3392, .T. ) ;
#2657 = EDGE_CURVE ( 'NONE', #3377, #2719, #1135, .T. ) ;
#2658 = VERTEX_POINT ( 'NONE', #1162 ) ;
#2659 = EDGE_CURVE ( 'NONE', #1295, #793, #3938, .T. ) ;
#2660 = VECTOR ( 'NONE', #864, 39.37007874015748100 ) ;
#2661 = CARTESIAN_POINT ( 'NONE',  ( 0.008660254037844362200, -0.005000000000000039100, 0.0000000000000000000 ) ) ;
#2662 = CARTESIAN_POINT ( 'NONE',  ( -0.3336217902232777000, 0.5578498911788147800, 0.4250000000000001000 ) ) ;
#2663 = ORIENTED_EDGE ( 'NONE', *, *, #3845, .F. ) ;
#2664 = VECTOR ( 'NONE', #3192, 39.37007874015748900 ) ;
#2665 = ORIENTED_EDGE ( 'NONE', *, *, #723, .T. ) ;
#2666 = CIRCLE ( 'NONE', #682, 0.5749999999999999600 ) ;
#2667 = AXIS2_PLACEMENT_3D ( 'NONE', #2910, #172, #2924 ) ;
#2668 = EDGE_CURVE ( 'NONE', #597, #2393, #1752, .T. ) ;
#2669 = LINE ( 'NONE', #2829, #2186 ) ;
#2670 = CARTESIAN_POINT ( 'NONE',  ( 0.5749130369021040500, -0.01000000000000000000, 0.4250000000000002700 ) ) ;
#2671 = ORIENTED_EDGE ( 'NONE', *, *, #1617, .T. ) ;
#2672 = CARTESIAN_POINT ( 'NONE',  ( -0.2527123219164949500, -0.4310432436316332700, -0.6450292532044461500 ) ) ;
#2673 = CARTESIAN_POINT ( 'NONE',  ( 0.4362499999999977000, 0.2403220495501830800, 0.4250000000000001000 ) ) ;
#2674 = CYLINDRICAL_SURFACE ( 'NONE', #707, 0.5749999999999999600 ) ;
#2675 = VECTOR ( 'NONE', #3497, 39.37007874015748100 ) ;
#2676 = ORIENTED_EDGE ( 'NONE', *, *, #3565, .F. ) ;
#2677 = AXIS2_PLACEMENT_3D ( 'NONE', #3855, #1079, #1999 ) ;
#2678 = DIRECTION ( 'NONE',  ( -1.000000000000000000, 0.0000000000000000000, 1.050710766793947200E-016 ) ) ;
#2679 = LINE ( 'NONE', #336, #1850 ) ;
#2680 = ORIENTED_EDGE ( 'NONE', *, *, #890, .F. ) ;
#2681 =( BOUNDED_CURVE ( )  B_SPLINE_CURVE ( 3, ( #1112, #2340, #1981, #2305 ),
 .UNSPECIFIED., .F., .F. ) 
 B_SPLINE_CURVE_WITH_KNOTS ( ( 4, 4 ),
 ( 6.256515479007306100, 6.309855135351866400 ),
 .UNSPECIFIED. ) 
 CURVE ( )  GEOMETRIC_REPRESENTATION_ITEM ( )  RATIONAL_B_SPLINE_CURVE ( ( 1.000000000000000000, 0.9997629208080554000, 0.9997629208080554000, 1.000000000000000000 ) ) 
 REPRESENTATION_ITEM ( '' )  );
#2682 = DIRECTION ( 'NONE',  ( 0.0000000000000000000, 0.7559289460184565000, 0.6546536707079748700 ) ) ;
#2683 = CARTESIAN_POINT ( 'NONE',  ( -0.3336217902232854700, -0.5578498911788100100, 0.4250000000000001000 ) ) ;
#2684 = DIRECTION ( 'NONE',  ( -1.000000000000000000, 0.0000000000000000000, 6.123233995736766000E-017 ) ) ;
#2685 = DIRECTION ( 'NONE',  ( -6.123233995736766000E-017, 0.0000000000000000000, -1.000000000000000000 ) ) ;
#2686 = PLANE ( 'NONE',  #3340 ) ;
#2687 = CARTESIAN_POINT ( 'NONE',  ( -0.5749130369021039400, 0.01000000000000000000, -0.7850000000000001400 ) ) ;
#2688 = ADVANCED_FACE ( 'NONE', ( #319 ), #2990, .F. ) ;
#2689 = EDGE_CURVE ( 'NONE', #108, #1219, #1603, .T. ) ;
#2690 = CARTESIAN_POINT ( 'NONE',  ( 0.4995335560866924200, -0.01000000000000000000, -0.6449122492182515200 ) ) ;
#2691 = DIRECTION ( 'NONE',  ( 6.123233995736766000E-017, 0.0000000000000000000, 1.000000000000000000 ) ) ;
#2692 = EDGE_CURVE ( 'NONE', #1888, #3236, #3446, .T. ) ;
#2693 = CARTESIAN_POINT ( 'NONE',  ( -0.6499230723708768800, -0.01000000000000000000, 0.4250000000000001600 ) ) ;
#2694 = DIRECTION ( 'NONE',  ( 0.8660254037844431500, -0.4999999999999919000, 1.300879996982982200E-016 ) ) ;
#2695 = AXIS2_PLACEMENT_3D ( 'NONE', #2557, #2211, #3787 ) ;
#2696 = VECTOR ( 'NONE', #1335, 39.37007874015748100 ) ;
#2697 = ORIENTED_EDGE ( 'NONE', *, *, #3615, .F. ) ;
#2698 = CARTESIAN_POINT ( 'NONE',  ( -0.5678498911788102400, -0.3163012821475967900, 0.5750000000000001800 ) ) ;
#2699 = CARTESIAN_POINT ( 'NONE',  ( 7.409113134841489000E-017, 0.0000000000000000000, 0.4250000000000001000 ) ) ;
#2700 = VERTEX_POINT ( 'NONE', #1832 ) ;
#2701 = ADVANCED_FACE ( 'NONE', ( #2768 ), #1723, .F. ) ;
#2702 = ORIENTED_EDGE ( 'NONE', *, *, #2299, .T. ) ;
#2703 = ORIENTED_EDGE ( 'NONE', *, *, #1904, .T. ) ;
#2704 = EDGE_LOOP ( 'NONE', ( #3827, #1043, #1936, #3834 ) ) ;
#2705 = ORIENTED_EDGE ( 'NONE', *, *, #1857, .F. ) ;
#2706 = VECTOR ( 'NONE', #2569, 39.37007874015748100 ) ;
#2707 = CARTESIAN_POINT ( 'NONE',  ( -0.4205548423825793400, -0.2312604460747929300, -0.7850000000000002500 ) ) ;
#2708 = ORIENTED_EDGE ( 'NONE', *, *, #3051, .F. ) ;
#2709 = VERTEX_POINT ( 'NONE', #3283 ) ;
#2710 = LINE ( 'NONE', #1421, #2562 ) ;
#2711 = DIRECTION ( 'NONE',  ( -1.000000000000000000, 0.0000000000000000000, 6.123233995736766000E-017 ) ) ;
#2712 = DIRECTION ( 'NONE',  ( -1.000000000000000000, 0.0000000000000000000, 0.0000000000000000000 ) ) ;
#2713 = EDGE_CURVE ( 'NONE', #1398, #3013, #2240, .T. ) ;
#2714 = FACE_OUTER_BOUND ( 'NONE', #1403, .T. ) ;
#2715 = ORIENTED_EDGE ( 'NONE', *, *, #3806, .F. ) ;
#2716 = LINE ( 'NONE', #3788, #2184 ) ;
#2717 = APPROVAL_ROLE ( '' ) ;
#2718 = LINE ( 'NONE', #2412, #1037 ) ;
#2719 = VERTEX_POINT ( 'NONE', #2978 ) ;
#2720 = CARTESIAN_POINT ( 'NONE',  ( 0.4362499999999977000, 0.2403220495501830800, 0.5650000000000001700 ) ) ;
#2721 = CARTESIAN_POINT ( 'NONE',  ( 1.016337998740283200E-032, 0.0000000000000000000, -0.7849999999999999200 ) ) ;
#2722 = CIRCLE ( 'NONE', #2726, 0.3750000000000001100 ) ;
#2723 = ORIENTED_EDGE ( 'NONE', *, *, #647, .F. ) ;
#2724 = ADVANCED_FACE ( 'NONE', ( #130 ), #2361, .F. ) ;
#2725 = EDGE_CURVE ( 'NONE', #737, #2219, #1324, .T. ) ;
#2726 = AXIS2_PLACEMENT_3D ( 'NONE', #3914, #1433, #2060 ) ;
#2727 = CARTESIAN_POINT ( 'NONE',  ( -0.2961167724888917300, 0.4928892949240851200, 0.5649999999999999500 ) ) ;
#2728 = CARTESIAN_POINT ( 'NONE',  ( -0.3336217902232776500, 0.5578498911788147800, 0.5750000000000001800 ) ) ;
#2729 =( CONVERSION_BASED_UNIT ( 'INCH', #3073 ) LENGTH_UNIT ( ) NAMED_UNIT ( #2009 ) );
#2730 = PLANE ( 'NONE',  #2591 ) ;
#2731 = EDGE_CURVE ( 'NONE', #3678, #2889, #3759, .T. ) ;
#2732 = DIRECTION ( 'NONE',  ( -6.123233995736766000E-017, -0.0000000000000000000, -1.000000000000000000 ) ) ;
#2733 = ADVANCED_FACE ( 'NONE', ( #3104 ), #613, .F. ) ;
#2734 = AXIS2_PLACEMENT_3D ( 'NONE', #2589, #2002, #3213 ) ;
#2735 = CARTESIAN_POINT ( 'NONE',  ( 0.0000000000000000000, 0.0000000000000000000, 0.0000000000000000000 ) ) ;
#2736 = EDGE_CURVE ( 'NONE', #3058, #3776, #2284, .T. ) ;
#2737 = APPROVAL_DATE_TIME ( #2306, #3218 ) ;
#2738 = PLANE ( 'NONE',  #1327 ) ;
#2739 = ORIENTED_EDGE ( 'NONE', *, *, #2492, .F. ) ;
#2740 = ORIENTED_EDGE ( 'NONE', *, *, #3027, .F. ) ;
#2741 = ADVANCED_FACE ( 'NONE', ( #993 ), #1858, .F. ) ;
#2742 = LINE ( 'NONE', #1465, #917 ) ;
#2743 = DIRECTION ( 'NONE',  ( 0.0000000000000000000, -0.0000000000000000000, 1.000000000000000000 ) ) ;
#2744 = CARTESIAN_POINT ( 'NONE',  ( -0.3163012821475887400, 0.5678498911788146800, 0.5750000000000001800 ) ) ;
#2745 = AXIS2_PLACEMENT_3D ( 'NONE', #2596, #1965, #3848 ) ;
#2746 = EDGE_LOOP ( 'NONE', ( #214, #2529, #231, #1573 ) ) ;
#2747 = ORIENTED_EDGE ( 'NONE', *, *, #1154, .T. ) ;
#2748 = ORIENTED_EDGE ( 'NONE', *, *, #1323, .F. ) ;
#2749 = ORIENTED_EDGE ( 'NONE', *, *, #1128, .T. ) ;
#2750 = ORIENTED_EDGE ( 'NONE', *, *, #1471, .F. ) ;
#2751 = CIRCLE ( 'NONE', #1609, 0.5287564434701826900 ) ;
#2752 = ORIENTED_EDGE ( 'NONE', *, *, #965, .T. ) ;
#2753 = ORIENTED_EDGE ( 'NONE', *, *, #2163, .F. ) ;
#2754 = LINE ( 'NONE', #1470, #2660 ) ;
#2755 = DIRECTION ( 'NONE',  ( -6.123233995736766000E-017, -0.0000000000000000000, -1.000000000000000000 ) ) ;
#2756 = ORIENTED_EDGE ( 'NONE', *, *, #2888, .F. ) ;
#2757 = LINE ( 'NONE', #1925, #2560 ) ;
#2758 = ORIENTED_EDGE ( 'NONE', *, *, #2785, .F. ) ;
#2759 = CARTESIAN_POINT ( 'NONE',  ( -0.2527123219164887400, 0.4310432436316360400, -0.6450292532044452600 ) ) ;
#2760 = LINE ( 'NONE', #2260, #1358 ) ;
#2761 = ADVANCED_FACE ( 'NONE', ( #645 ), #77, .F. ) ;
#2762 = LINE ( 'NONE', #245, #692 ) ;
#2763 = ORIENTED_EDGE ( 'NONE', *, *, #190, .F. ) ;
#2764 = DIRECTION ( 'NONE',  ( -6.123233995736766000E-017, -0.0000000000000000000, -1.000000000000000000 ) ) ;
#2765 = CARTESIAN_POINT ( 'NONE',  ( 0.01000000000000000000, -0.5873556913220342500, 0.6833556913220398800 ) ) ;
#2766 = EDGE_CURVE ( 'NONE', #967, #1164, #2856, .T. ) ;
#2767 = ADVANCED_FACE ( 'NONE', ( #1652 ), #1845, .T. ) ;
#2768 = FACE_OUTER_BOUND ( 'NONE', #2242, .T. ) ;
#2769 = ORIENTED_EDGE ( 'NONE', *, *, #2375, .T. ) ;
#2770 = DATE_TIME_ROLE ( 'classification_date' ) ;
#2771 = DIRECTION ( 'NONE',  ( -6.123233995736766000E-017, -0.0000000000000000000, -1.000000000000000000 ) ) ;
#2772 = VECTOR ( 'NONE', #2015, 39.37007874015748900 ) ;
#2773 = EDGE_CURVE ( 'NONE', #1874, #740, #1948, .T. ) ;
#2774 = CARTESIAN_POINT ( 'NONE',  ( 8.266365894244635600E-017, 0.0000000000000000000, 0.5649999999999999500 ) ) ;
#2775 = CARTESIAN_POINT ( 'NONE',  ( -0.3196440358300153800, 0.1960935755151092800, 0.4708666429545312900 ) ) ;
#2776 = AXIS2_PLACEMENT_3D ( 'NONE', #2486, #3107, #1901 ) ;
#2777 = DIRECTION ( 'NONE',  ( 0.6123724356958009100, 0.3535533905932813400, 0.7071067811865381400 ) ) ;
#2778 = CARTESIAN_POINT ( 'NONE',  ( -0.5578498911788100100, -0.3336217902232854200, 0.5650000000000000600 ) ) ;
#2779 = DIRECTION ( 'NONE',  ( -0.4999999999999980000, -0.8660254037844398200, 0.0000000000000000000 ) ) ;
#2780 = ADVANCED_FACE ( 'NONE', ( #2051 ), #2625, .T. ) ;
#2781 = DIRECTION ( 'NONE',  ( -6.123233995736766000E-017, 0.0000000000000000000, -1.000000000000000000 ) ) ;
#2782 = ADVANCED_FACE ( 'NONE', ( #2568 ), #944, .T. ) ;
#2783 = CARTESIAN_POINT ( 'NONE',  ( -0.6031649450059347600, 0.01000000000000000000, 0.09233853613829184900 ) ) ;
#2784 = EDGE_CURVE ( 'NONE', #940, #2457, #1411, .T. ) ;
#2785 = EDGE_CURVE ( 'NONE', #18, #2168, #3304, .T. ) ;
#2786 = DIRECTION ( 'NONE',  ( -6.123233995736766000E-017, -0.0000000000000000000, -1.000000000000000000 ) ) ;
#2787 = DIRECTION ( 'NONE',  ( 0.0000000000000000000, 0.0000000000000000000, 1.000000000000000000 ) ) ;
#2788 = FACE_OUTER_BOUND ( 'NONE', #2198, .T. ) ;
#2789 = ORIENTED_EDGE ( 'NONE', *, *, #3281, .T. ) ;
#2790 = EDGE_CURVE ( 'NONE', #3767, #675, #3017, .T. ) ;
#2791 = DIRECTION ( 'NONE',  ( -6.123233995736766000E-017, -0.0000000000000000000, -1.000000000000000000 ) ) ;
#2792 = CARTESIAN_POINT ( 'NONE',  ( -0.6499230723708768800, 0.01000000000000000000, 0.5650000000000000600 ) ) ;
#2793 = CARTESIAN_POINT ( 'NONE',  ( 0.01000000000000000000, -0.6066594744969244800, 0.6499252837581379600 ) ) ;
#2794 = VERTEX_POINT ( 'NONE', #623 ) ;
#2795 =( BOUNDED_CURVE ( )  B_SPLINE_CURVE ( 3, ( #3618, #3313, #1741, #2349 ),
 .UNSPECIFIED., .F., .F. ) 
 B_SPLINE_CURVE_WITH_KNOTS ( ( 4, 4 ),
 ( 3.132780323306529000, 3.150404983873056800 ),
 .UNSPECIFIED. ) 
 CURVE ( )  GEOMETRIC_REPRESENTATION_ITEM ( )  RATIONAL_B_SPLINE_CURVE ( ( 1.000000000000000000, 0.9999741144458435000, 0.9999741144458435000, 1.000000000000000000 ) ) 
 REPRESENTATION_ITEM ( '' )  );
#2796 = VERTEX_POINT ( 'NONE', #1261 ) ;
#2797 = CARTESIAN_POINT ( 'NONE',  ( -0.2411065240054976700, 0.4376087496138563700, -0.6449122492182515200 ) ) ;
#2798 = ORIENTED_EDGE ( 'NONE', *, *, #2885, .T. ) ;
#2799 = EDGE_LOOP ( 'NONE', ( #397, #1165, #121, #1735 ) ) ;
#2800 = VECTOR ( 'NONE', #423, 39.37007874015748100 ) ;
#2801 = EDGE_CURVE ( 'NONE', #3258, #2452, #852, .T. ) ;
#2802 = CARTESIAN_POINT ( 'NONE',  ( 0.4696559272292757400, -0.2596089706285273400, -0.3816671106335256500 ) ) ;
#2803 = PLANE ( 'NONE',  #406 ) ;
#2804 = ORIENTED_EDGE ( 'NONE', *, *, #273, .F. ) ;
#2805 = ADVANCED_FACE ( 'NONE', ( #3350 ), #3789, .F. ) ;
#2806 = LINE ( 'NONE', #1103, #2664 ) ;
#2807 = ORIENTED_EDGE ( 'NONE', *, *, #389, .F. ) ;
#2808 = LINE ( 'NONE', #1565, #1884 ) ;
#2809 = CARTESIAN_POINT ( 'NONE',  ( 0.01000000000000000000, -0.6499230723708769900, -0.7850000000000001400 ) ) ;
#2810 = DIRECTION ( 'NONE',  ( -1.000000000000000000, 0.0000000000000000000, 0.0000000000000000000 ) ) ;
#2811 = VERTEX_POINT ( 'NONE', #43 ) ;
#2812 = ORIENTED_EDGE ( 'NONE', *, *, #206, .F. ) ;
#2813 = CYLINDRICAL_SURFACE ( 'NONE', #3498, 0.6500000000000001300 ) ;
#2814 = CARTESIAN_POINT ( 'NONE',  ( 0.2961167724888952900, -0.4928892949240831800, 0.5649999999999999500 ) ) ;
#2815 = CARTESIAN_POINT ( 'NONE',  ( -0.01000000000000000000, -0.5970076087040888700, 0.6666405024348113200 ) ) ;
#2816 = EDGE_CURVE ( 'NONE', #2209, #3124, #41, .T. ) ;
#2817 = FACE_OUTER_BOUND ( 'NONE', #690, .T. ) ;
#2818 = ORIENTED_EDGE ( 'NONE', *, *, #395, .F. ) ;
#2819 = VECTOR ( 'NONE', #1319, 39.37007874015748100 ) ;
#2820 = ORIENTED_EDGE ( 'NONE', *, *, #1774, .T. ) ;
#2821 = CARTESIAN_POINT ( 'NONE',  ( -0.01000000000000000000, -0.4868406773361584900, -0.7352083670129085900 ) ) ;
#2822 = EDGE_CURVE ( 'NONE', #3185, #2285, #1799, .T. ) ;
#2823 = CARTESIAN_POINT ( 'NONE',  ( 0.0000000000000000000, 0.0000000000000000000, -0.7850000000000001400 ) ) ;
#2824 = CARTESIAN_POINT ( 'NONE',  ( -0.01000000000000000000, 0.5970076087040888700, 0.6666405024348113200 ) ) ;
#2825 = AXIS2_PLACEMENT_3D ( 'NONE', #2521, #1301, #3455 ) ;
#2826 = ADVANCED_FACE ( 'NONE', ( #2337 ), #3893, .T. ) ;
#2827 = CARTESIAN_POINT ( 'NONE',  ( -0.01000000000000003000, -0.6499230723708769900, 0.5649999999999999500 ) ) ;
#2828 = B_SPLINE_CURVE_WITH_KNOTS ( 'NONE', 3,
 ( #145, #1370, #2298, #3523, #2601, #2394, #2084 ),
 .UNSPECIFIED., .F., .F.,
 ( 4, 3, 4 ),
 ( 0.01695838223662355200, 0.01980466064540401700, 0.02311777893953316900 ),
 .UNSPECIFIED. ) ;
#2829 = CARTESIAN_POINT ( 'NONE',  ( 0.4362499999999943100, 0.2403220495501851600, 0.5650000000000001700 ) ) ;
#2830 = CARTESIAN_POINT ( 'NONE',  ( 0.4996213068684408100, -0.01000000000000000000, -0.6450000000000001300 ) ) ;
#2831 = COORDINATED_UNIVERSAL_TIME_OFFSET ( 6, 0, .BEHIND. ) ;
#2832 = DIRECTION ( 'NONE',  ( -1.000000000000000000, 0.0000000000000000000, 1.187759997245331800E-016 ) ) ;
#2833 = CARTESIAN_POINT ( 'NONE',  ( 0.01000000000000003800, -0.3748666429545313200, 0.4708666429545312900 ) ) ;
#2834 = ORIENTED_EDGE ( 'NONE', *, *, #1859, .T. ) ;
#2835 = ORIENTED_EDGE ( 'NONE', *, *, #2246, .T. ) ;
#2836 = EDGE_CURVE ( 'NONE', #1648, #3337, #2843, .T. ) ;
#2837 = CIRCLE ( 'NONE', #825, 0.5749999999999999600 ) ;
#2838 = DIRECTION ( 'NONE',  ( -6.123233995736766000E-017, -0.0000000000000000000, -1.000000000000000000 ) ) ;
#2839 = VERTEX_POINT ( 'NONE', #2866 ) ;
#2840 = ORIENTED_EDGE ( 'NONE', *, *, #2668, .T. ) ;
#2841 = ORIENTED_EDGE ( 'NONE', *, *, #1828, .T. ) ;
#2842 = ORIENTED_EDGE ( 'NONE', *, *, #992, .F. ) ;
#2843 =( BOUNDED_CURVE ( )  B_SPLINE_CURVE ( 3, ( #3165, #1054, #383, #3209 ),
 .UNSPECIFIED., .F., .F. ) 
 B_SPLINE_CURVE_WITH_KNOTS ( ( 4, 4 ),
 ( 3.132780323306529000, 3.150404983873056800 ),
 .UNSPECIFIED. ) 
 CURVE ( )  GEOMETRIC_REPRESENTATION_ITEM ( )  RATIONAL_B_SPLINE_CURVE ( ( 1.000000000000000000, 0.9999741144458435000, 0.9999741144458435000, 1.000000000000000000 ) ) 
 REPRESENTATION_ITEM ( '' )  );
#2844 = ORIENTED_EDGE ( 'NONE', *, *, #1486, .F. ) ;
#2845 = CARTESIAN_POINT ( 'NONE',  ( 0.4262500000000046800, -0.2576425576258678500, 0.5650000000000001700 ) ) ;
#2846 = CARTESIAN_POINT ( 'NONE',  ( 0.5578498911788077900, 0.3336217902232893600, 0.4250000000000000400 ) ) ;
#2847 = FACE_OUTER_BOUND ( 'NONE', #2132, .T. ) ;
#2848 = DIRECTION ( 'NONE',  ( -6.123233995736766000E-017, 0.0000000000000000000, -1.000000000000000000 ) ) ;
#2849 = CARTESIAN_POINT ( 'NONE',  ( 0.1960935755151137800, 0.3196440358300127200, -0.5202453360860911400 ) ) ;
#2850 = ORIENTED_EDGE ( 'NONE', *, *, #501, .T. ) ;
#2851 = DIRECTION ( 'NONE',  ( -1.000000000000000000, 0.0000000000000000000, 1.187759997245331800E-016 ) ) ;
#2852 = CARTESIAN_POINT ( 'NONE',  ( -0.3296440358300153400, 0.1787730674394205400, -0.7850000000000002500 ) ) ;
#2853 = EDGE_LOOP ( 'NONE', ( #3490, #1923, #3475, #3351 ) ) ;
#2854 = CARTESIAN_POINT ( 'NONE',  ( 0.003334123784705977700, -0.3750444628897157100, 0.4710444628897155800 ) ) ;
#2855 = LINE ( 'NONE', #3645, #1132 ) ;
#2856 = B_SPLINE_CURVE_WITH_KNOTS ( 'NONE', 3,
 ( #3147, #2479, #1557, #54 ),
 .UNSPECIFIED., .F., .F.,
 ( 4, 4 ),
 ( 2.019659775572203500E-007, 0.02744312681923045600 ),
 .UNSPECIFIED. ) ;
#2857 = VERTEX_POINT ( 'NONE', #1947 ) ;
#2858 = VECTOR ( 'NONE', #3737, 39.37007874015748100 ) ;
#2859 = ORIENTED_EDGE ( 'NONE', *, *, #809, .T. ) ;
#2860 = LINE ( 'NONE', #1161, #1939 ) ;
#2861 = DIRECTION ( 'NONE',  ( -6.123233995736766000E-017, -0.0000000000000000000, -1.000000000000000000 ) ) ;
#2862 = CARTESIAN_POINT ( 'NONE',  ( 0.0000000000000000000, 0.0000000000000000000, -0.7850000000000001400 ) ) ;
#2863 = VECTOR ( 'NONE', #943, 39.37007874015748100 ) ;
#2864 = EDGE_LOOP ( 'NONE', ( #1547, #351, #3183, #3332, #1354, #1643, #2565, #3293, #2133 ) ) ;
#2865 = CARTESIAN_POINT ( 'NONE',  ( -0.009999999999999962000, -0.3748666429545313200, 0.4708666429545312900 ) ) ;
#2866 = CARTESIAN_POINT ( 'NONE',  ( 0.3336217902232815900, -0.5578498911788125600, 0.5649999999999999500 ) ) ;
#2867 = LINE ( 'NONE', #3569, #805 ) ;
#2868 = EDGE_LOOP ( 'NONE', ( #2308, #2654, #2841, #1143 ) ) ;
#2869 = EDGE_CURVE ( 'NONE', #3194, #2413, #3210, .T. ) ;
#2870 = CARTESIAN_POINT ( 'NONE',  ( 0.01000000000000008300, 0.6499230723708769900, 0.5750000000000001800 ) ) ;
#2871 = EDGE_CURVE ( 'NONE', #2468, #3669, #698, .T. ) ;
#2872 = VECTOR ( 'NONE', #3649, 39.37007874015748100 ) ;
#2873 = CARTESIAN_POINT ( 'NONE',  ( 0.5750000000000000700, 0.0000000000000000000, 0.4250000000000001000 ) ) ;
#2874 = EDGE_CURVE ( 'NONE', #3411, #1833, #3790, .T. ) ;
#2875 = CARTESIAN_POINT ( 'NONE',  ( 0.5317267858293464000, -0.2954455975501085700, 0.6472372535264501200 ) ) ;
#2876 = CARTESIAN_POINT ( 'NONE',  ( 0.01000000000000000000, -0.5416469141196752500, -0.3453198533360859500 ) ) ;
#2877 = CARTESIAN_POINT ( 'NONE',  ( 0.0000000000000000000, 0.0000000000000000000, -0.7850000000000001400 ) ) ;
#2878 = AXIS2_PLACEMENT_3D ( 'NONE', #3318, #1452, #3015 ) ;
#2879 = CARTESIAN_POINT ( 'NONE',  ( -0.5578498911788103400, -0.3336217902232855300, -0.7850000000000001400 ) ) ;
#2880 = CARTESIAN_POINT ( 'NONE',  ( 0.1524102540378467800, 0.2439823035880273600, 0.4250000000000001000 ) ) ;
#2881 = DIRECTION ( 'NONE',  ( -6.123233995736766000E-017, -0.0000000000000000000, -1.000000000000000000 ) ) ;
#2882 = CARTESIAN_POINT ( 'NONE',  ( 0.3296440358300127300, 0.1787730674394251200, -0.7850000000000002500 ) ) ;
#2883 = CARTESIAN_POINT ( 'NONE',  ( 0.01000000000000000000, 0.3748666429545313200, -0.7850000000000001400 ) ) ;
#2884 = CARTESIAN_POINT ( 'NONE',  ( -0.5028892949240830700, 0.2787962644132064300, -0.7850000000000001400 ) ) ;
#2885 = EDGE_CURVE ( 'NONE', #2123, #1295, #2143, .T. ) ;
#2886 = DIRECTION ( 'NONE',  ( 0.8660254037844431500, -0.4999999999999919000, -5.302876193624562300E-017 ) ) ;
#2887 = VECTOR ( 'NONE', #3805, 39.37007874015748100 ) ;
#2888 = EDGE_CURVE ( 'NONE', #1851, #2209, #531, .T. ) ;
#2889 = VERTEX_POINT ( 'NONE', #1062 ) ;
#2890 = DIRECTION ( 'NONE',  ( -6.123233995736766000E-017, 0.0000000000000000000, -1.000000000000000000 ) ) ;
#2891 = PLANE ( 'NONE',  #327 ) ;
#2892 = DIRECTION ( 'NONE',  ( -6.123233995736766000E-017, -0.0000000000000000000, -1.000000000000000000 ) ) ;
#2893 = ORIENTED_EDGE ( 'NONE', *, *, #1847, .T. ) ;
#2894 = ORIENTED_EDGE ( 'NONE', *, *, #1051, .F. ) ;
#2895 = EDGE_CURVE ( 'NONE', #2468, #800, #3986, .T. ) ;
#2896 = CARTESIAN_POINT ( 'NONE',  ( 0.2787962644132064800, -0.5028892949240830700, 0.5649999999999999500 ) ) ;
#2897 = CARTESIAN_POINT ( 'NONE',  ( 0.3134120018169140300, -0.5228455108487675100, 0.6450004751093609800 ) ) ;
#2898 = ORIENTED_EDGE ( 'NONE', *, *, #321, .F. ) ;
#2899 = ORIENTED_EDGE ( 'NONE', *, *, #3362, .F. ) ;
#2900 = LINE ( 'NONE', #3049, #1221 ) ;
#2901 = EDGE_CURVE ( 'NONE', #496, #835, #511, .T. ) ;
#2902 = PLANE ( 'NONE',  #2745 ) ;
#2903 = ORIENTED_EDGE ( 'NONE', *, *, #1964, .F. ) ;
#2904 = CARTESIAN_POINT ( 'NONE',  ( 0.01000000000000000000, -0.3748666429545313200, -0.7850000000000002500 ) ) ;
#2905 = VECTOR ( 'NONE', #1313, 39.37007874015748100 ) ;
#2906 = ORIENTED_EDGE ( 'NONE', *, *, #2163, .T. ) ;
#2907 = CIRCLE ( 'NONE', #1110, 0.6500000000000001300 ) ;
#2908 = EDGE_CURVE ( 'NONE', #1219, #1649, #3062, .T. ) ;
#2909 = CARTESIAN_POINT ( 'NONE',  ( -0.5609087331960613800, -0.01000000000000000000, -0.2082872894914299700 ) ) ;
#2910 = CARTESIAN_POINT ( 'NONE',  ( 1.406024796245492400E-033, 0.0000000000000000000, -0.7850000000000001400 ) ) ;
#2911 = ORIENTED_EDGE ( 'NONE', *, *, #1561, .T. ) ;
#2912 = ORIENTED_EDGE ( 'NONE', *, *, #1245, .F. ) ;
#2913 = AXIS2_PLACEMENT_3D ( 'NONE', #1418, #1115, #1684 ) ;
#2914 = LINE ( 'NONE', #1563, #80 ) ;
#2915 = B_SPLINE_CURVE_WITH_KNOTS ( 'NONE', 3,
 ( #457, #3563, #1375, #167 ),
 .UNSPECIFIED., .F., .F.,
 ( 4, 4 ),
 ( 1.813755728364083600E-006, 0.003179924545928811000 ),
 .UNSPECIFIED. ) ;
#2916 = VECTOR ( 'NONE', #2437, 39.37007874015748900 ) ;
#2917 = ORIENTED_EDGE ( 'NONE', *, *, #338, .F. ) ;
#2918 = CARTESIAN_POINT ( 'NONE',  ( -0.1960935755151115600, -0.3196440358300140500, -0.5202453360860910300 ) ) ;
#2919 = FACE_OUTER_BOUND ( 'NONE', #1983, .T. ) ;
#2920 = VERTEX_POINT ( 'NONE', #2559 ) ;
#2921 = CARTESIAN_POINT ( 'NONE',  ( 0.5497884147873690600, -0.3058734838910259200, 0.6111186776242545400 ) ) ;
#2922 = DIRECTION ( 'NONE',  ( -1.000000000000000000, 0.0000000000000000000, 1.050710766793947200E-016 ) ) ;
#2923 = CARTESIAN_POINT ( 'NONE',  ( 8.266365894244635600E-017, 0.0000000000000000000, 0.5649999999999999500 ) ) ;
#2924 = DIRECTION ( 'NONE',  ( -1.000000000000000000, 0.0000000000000000000, 0.0000000000000000000 ) ) ;
#2925 = EDGE_CURVE ( 'NONE', #3129, #1423, #3596, .T. ) ;
#2926 = DIRECTION ( 'NONE',  ( 6.123233995736766000E-017, 0.0000000000000000000, 1.000000000000000000 ) ) ;
#2927 = CARTESIAN_POINT ( 'NONE',  ( -0.3748666429545313200, 0.01000000000000000000, -0.7850000000000001400 ) ) ;
#2928 = AXIS2_PLACEMENT_3D ( 'NONE', #400, #695, #2531 ) ;
#2929 = DIRECTION ( 'NONE',  ( -6.123233995736766000E-017, -0.0000000000000000000, -1.000000000000000000 ) ) ;
#2930 = CARTESIAN_POINT ( 'NONE',  ( -0.5087535610328733900, -0.3052760107973058700, 0.02166633889899542000 ) ) ;
#2931 = AXIS2_PLACEMENT_3D ( 'NONE', #3576, #1718, #2650 ) ;
#2932 = CARTESIAN_POINT ( 'NONE',  ( -0.005000000000000101600, 0.008660254037844327500, 0.0000000000000000000 ) ) ;
#2933 = CARTESIAN_POINT ( 'NONE',  ( -0.3750000000000001100, 0.0000000000000000000, -0.5203786931315600400 ) ) ;
#2934 = EDGE_CURVE ( 'NONE', #263, #2542, #1145, .T. ) ;
#2935 = VECTOR ( 'NONE', #3587, 39.37007874015748100 ) ;
#2936 = AXIS2_PLACEMENT_3D ( 'NONE', #2018, #109, #1359 ) ;
#2937 = CARTESIAN_POINT ( 'NONE',  ( 0.1350897459621544800, -0.2539823035880254300, 0.5650000000000001700 ) ) ;
#2938 = DIRECTION ( 'NONE',  ( 6.123233995736766000E-017, 0.0000000000000000000, 1.000000000000000000 ) ) ;
#2939 = CARTESIAN_POINT ( 'NONE',  ( 0.2729911907966895400, -0.4528346124785980800, 0.7849999999999999200 ) ) ;
#2940 = ORIENTED_EDGE ( 'NONE', *, *, #1220, .T. ) ;
#2941 = LINE ( 'NONE', #1428, #2116 ) ;
#2942 = EDGE_LOOP ( 'NONE', ( #1979, #2656, #221, #3682 ) ) ;
#2943 = EDGE_LOOP ( 'NONE', ( #2423, #1708, #752, #1675, #2461, #3252, #1076, #2649, #781, #1253, #2752, #3262, #2267, #683, #2318, #3371, #591, #3866, #2912, #1064, #1205, #1554, #3966, #640, #1180, #1344, #3309, #580 ) ) ;
#2944 = DIRECTION ( 'NONE',  ( -1.000000000000000000, 0.0000000000000000000, 0.0000000000000000000 ) ) ;
#2945 = DIRECTION ( 'NONE',  ( 6.123233995736766000E-017, 0.0000000000000000000, 1.000000000000000000 ) ) ;
#2946 = EDGE_CURVE ( 'NONE', #3736, #3466, #2047, .T. ) ;
#2947 = ORIENTED_EDGE ( 'NONE', *, *, #2196, .T. ) ;
#2948 = CARTESIAN_POINT ( 'NONE',  ( 0.5287564434701828000, 0.0000000000000000000, 0.7849999999999999200 ) ) ;
#2949 = ORIENTED_EDGE ( 'NONE', *, *, #2266, .T. ) ;
#2950 = FACE_OUTER_BOUND ( 'NONE', #1657, .T. ) ;
#2951 = EDGE_CURVE ( 'NONE', #2811, #3766, #2236, .T. ) ;
#2952 = ORIENTED_EDGE ( 'NONE', *, *, #2692, .F. ) ;
#2953 = VERTEX_POINT ( 'NONE', #2348 ) ;
#2954 = FACE_OUTER_BOUND ( 'NONE', #363, .T. ) ;
#2955 = CARTESIAN_POINT ( 'NONE',  ( 0.5750000000000000700, 0.0000000000000000000, 0.4250000000000001000 ) ) ;
#2956 = CARTESIAN_POINT ( 'NONE',  ( 0.3750000000000001700, 0.0000000000000000000, -0.7849999999999999200 ) ) ;
#2957 = PRODUCT_DEFINITION_SHAPE ( 'NONE', 'NONE',  #946 ) ;
#2958 = ORIENTED_EDGE ( 'NONE', *, *, #1445, .T. ) ;
#2959 = VERTEX_POINT ( 'NONE', #3264 ) ;
#2960 = ORIENTED_EDGE ( 'NONE', *, *, #3675, .T. ) ;
#2961 = LINE ( 'NONE', #1286, #176 ) ;
#2962 = AXIS2_PLACEMENT_3D ( 'NONE', #3478, #1624, #3811 ) ;
#2963 = DIRECTION ( 'NONE',  ( -6.123233995736766000E-017, -0.0000000000000000000, -1.000000000000000000 ) ) ;
#2964 = FACE_OUTER_BOUND ( 'NONE', #795, .T. ) ;
#2965 = EDGE_LOOP ( 'NONE', ( #1369, #2553, #3428, #1032, #1068, #2183, #1459, #27, #1920 ) ) ;
#2966 = EDGE_CURVE ( 'NONE', #1316, #502, #1377, .T. ) ;
#2967 = DIRECTION ( 'NONE',  ( -0.4999999999999919000, 0.8660254037844431500, 3.061616997868333100E-017 ) ) ;
#2968 = DIRECTION ( 'NONE',  ( -1.000000000000000000, 0.0000000000000000000, 1.050710766793947200E-016 ) ) ;
#2969 = VECTOR ( 'NONE', #3029, 39.37007874015748100 ) ;
#2970 = ORIENTED_EDGE ( 'NONE', *, *, #3214, .F. ) ;
#2971 = PLANE ( 'NONE',  #2931 ) ;
#2972 = DIRECTION ( 'NONE',  ( -1.000000000000000000, 0.0000000000000000000, 0.0000000000000000000 ) ) ;
#2973 = CARTESIAN_POINT ( 'NONE',  ( 0.0000000000000000000, 0.0000000000000000000, -0.7850000000000001400 ) ) ;
#2974 = CIRCLE ( 'NONE', #2624, 0.6500000000000001300 ) ;
#2975 = CARTESIAN_POINT ( 'NONE',  ( 0.5750000000000000700, 0.0000000000000000000, 0.5650000000000001700 ) ) ;
#2976 = DIRECTION ( 'NONE',  ( 0.0000000000000000000, 0.7071067811865381400, -0.7071067811865569000 ) ) ;
#2977 = ORIENTED_EDGE ( 'NONE', *, *, #1534, .F. ) ;
#2978 = CARTESIAN_POINT ( 'NONE',  ( 0.4996213068684410300, 0.0000000000000000000, -0.6450000000000006800 ) ) ;
#2979 = DIRECTION ( 'NONE',  ( 6.123233995736766000E-017, 0.0000000000000000000, 1.000000000000000000 ) ) ;
#2980 = EDGE_CURVE ( 'NONE', #1423, #3370, #408, .T. ) ;
#2981 = DIRECTION ( 'NONE',  ( -6.123233995736766000E-017, -0.0000000000000000000, -1.000000000000000000 ) ) ;
#2982 = DIRECTION ( 'NONE',  ( 1.000000000000000000, 0.0000000000000000000, -6.123233995736766000E-017 ) ) ;
#2983 = CARTESIAN_POINT ( 'NONE',  ( 0.003333419620747415500, 0.5874276446287822800, 0.6834276446287880200 ) ) ;
#2984 = DIRECTION ( 'NONE',  ( -1.000000000000000000, 0.0000000000000000000, 0.0000000000000000000 ) ) ;
#2985 = AXIS2_PLACEMENT_3D ( 'NONE', #1619, #393, #1655 ) ;
#2986 = PLANE ( 'NONE',  #333 ) ;
#2987 = COORDINATED_UNIVERSAL_TIME_OFFSET ( 6, 0, .BEHIND. ) ;
#2988 = AXIS2_PLACEMENT_3D ( 'NONE', #426, #2848, #738 ) ;
#2989 = ADVANCED_FACE ( 'NONE', ( #3732 ), #768, .F. ) ;
#2990 = PLANE ( 'NONE',  #1665 ) ;
#2991 = CARTESIAN_POINT ( 'NONE',  ( 0.01000000000000008300, -0.6499230723708769900, 0.5750000000000001800 ) ) ;
#2992 = LINE ( 'NONE', #1529, #3512 ) ;
#2993 = B_SPLINE_CURVE_WITH_KNOTS ( 'NONE', 3,
 ( #234, #1149, #1160, #1451 ),
 .UNSPECIFIED., .F., .F.,
 ( 4, 4 ),
 ( 2.019659775584441300E-007, 0.03103633895897224200 ),
 .UNSPECIFIED. ) ;
#2994 = ORIENTED_EDGE ( 'NONE', *, *, #3562, .T. ) ;
#2995 = DIRECTION ( 'NONE',  ( -1.000000000000000000, 0.0000000000000000000, 6.123233995736766000E-017 ) ) ;
#2996 = DIRECTION ( 'NONE',  ( -6.123233995736766000E-017, -0.0000000000000000000, -1.000000000000000000 ) ) ;
#2997 = VERTEX_POINT ( 'NONE', #150 ) ;
#2998 = ORIENTED_EDGE ( 'NONE', *, *, #191, .F. ) ;
#2999 = CARTESIAN_POINT ( 'NONE',  ( -0.3748666429545313200, 0.01000000000000000000, -0.5202453360860910300 ) ) ;
#3000 = ORIENTED_EDGE ( 'NONE', *, *, #1961, .T. ) ;
#3001 = CARTESIAN_POINT ( 'NONE',  ( 0.5059059875160378800, -0.01000000000000000000, -0.5995791262226301000 ) ) ;
#3002 = ORIENTED_EDGE ( 'NONE', *, *, #3675, .F. ) ;
#3003 = EDGE_CURVE ( 'NONE', #126, #1487, #1505, .T. ) ;
#3004 = LINE ( 'NONE', #3348, #3769 ) ;
#3005 = DIRECTION ( 'NONE',  ( 1.000000000000000000, -0.0000000000000000000, 4.966996352116841500E-016 ) ) ;
#3006 = ORIENTED_EDGE ( 'NONE', *, *, #557, .F. ) ;
#3007 = VECTOR ( 'NONE', #2316, 39.37007874015748900 ) ;
#3008 = ORIENTED_EDGE ( 'NONE', *, *, #278, .T. ) ;
#3009 = LINE ( 'NONE', #161, #2508 ) ;
#3010 = EDGE_CURVE ( 'NONE', #940, #3327, #458, .T. ) ;
#3011 = ORIENTED_EDGE ( 'NONE', *, *, #1544, .T. ) ;
#3012 = DIRECTION ( 'NONE',  ( -6.123233995736766000E-017, 0.0000000000000000000, -1.000000000000000000 ) ) ;
#3013 = VERTEX_POINT ( 'NONE', #3246 ) ;
#3014 = DIRECTION ( 'NONE',  ( -1.000000000000000000, 0.0000000000000000000, 6.123233995736766000E-017 ) ) ;
#3015 = DIRECTION ( 'NONE',  ( -1.000000000000000000, 0.0000000000000000000, 6.123233995736766000E-017 ) ) ;
#3016 = VECTOR ( 'NONE', #3831, 39.37007874015748900 ) ;
#3017 = LINE ( 'NONE', #1545, #600 ) ;
#3018 = ORIENTED_EDGE ( 'NONE', *, *, #1106, .T. ) ;
#3019 = DIRECTION ( 'NONE',  ( -6.123233995736766000E-017, -0.0000000000000000000, -1.000000000000000000 ) ) ;
#3020 = VECTOR ( 'NONE', #627, 39.37007874015748100 ) ;
#3021 = ORIENTED_EDGE ( 'NONE', *, *, #3644, .F. ) ;
#3022 = B_SPLINE_CURVE_WITH_KNOTS ( 'NONE', 3,
 ( #3215, #2605, #446, #3858 ),
 .UNSPECIFIED., .F., .F.,
 ( 4, 4 ),
 ( 2.309504363916192000E-007, 0.006159627691883677900 ),
 .UNSPECIFIED. ) ;
#3023 = CARTESIAN_POINT ( 'NONE',  ( 0.5578498911788148900, -0.3336217902232777000, 0.4250000000000000400 ) ) ;
#3024 = CARTESIAN_POINT ( 'NONE',  ( 0.3194686903128386400, 0.5333360030493179400, 0.2236158448808911500 ) ) ;
#3025 = EDGE_CURVE ( 'NONE', #3337, #1295, #2915, .T. ) ;
#3026 = CARTESIAN_POINT ( 'NONE',  ( 0.5609087331960612700, -0.01000000000000000000, -0.2082872894914301300 ) ) ;
#3027 = EDGE_CURVE ( 'NONE', #788, #2076, #2681, .T. ) ;
#3028 = DIRECTION ( 'NONE',  ( -6.123233995736766000E-017, -0.0000000000000000000, -1.000000000000000000 ) ) ;
#3029 = DIRECTION ( 'NONE',  ( -6.123233995736766000E-017, -0.0000000000000000000, -1.000000000000000000 ) ) ;
#3030 = CALENDAR_DATE ( 2021, 14, 9 ) ;
#3031 = ORIENTED_EDGE ( 'NONE', *, *, #2428, .F. ) ;
#3032 = CARTESIAN_POINT ( 'NONE',  ( 0.0000000000000000000, 0.0000000000000000000, -0.7850000000000001400 ) ) ;
#3033 = VECTOR ( 'NONE', #903, 39.37007874015748100 ) ;
#3034 = AXIS2_PLACEMENT_3D ( 'NONE', #3111, #1282, #46 ) ;
#3035 = EDGE_LOOP ( 'NONE', ( #726, #2893, #440, #79 ) ) ;
#3036 = ORIENTED_EDGE ( 'NONE', *, *, #2576, .T. ) ;
#3037 = DIRECTION ( 'NONE',  ( 0.0000000000000000000, 0.0000000000000000000, 1.000000000000000000 ) ) ;
#3038 = CARTESIAN_POINT ( 'NONE',  ( 0.5059059875160378800, 0.01000000000000000000, -0.5995791262226301000 ) ) ;
#3039 = ORIENTED_EDGE ( 'NONE', *, *, #147, .T. ) ;
#3040 = ORIENTED_EDGE ( 'NONE', *, *, #3096, .T. ) ;
#3041 = ORIENTED_EDGE ( 'NONE', *, *, #2980, .T. ) ;
#3042 = VECTOR ( 'NONE', #2130, 39.37007874015748100 ) ;
#3043 = EDGE_CURVE ( 'NONE', #299, #1356, #3510, .T. ) ;
#3044 = CARTESIAN_POINT ( 'NONE',  ( 0.5286618735176925600, 0.01000000000000000000, 0.7849999999999999200 ) ) ;
#3045 = ADVANCED_FACE ( 'NONE', ( #799 ), #2008, .F. ) ;
#3046 = ORIENTED_EDGE ( 'NONE', *, *, #2272, .F. ) ;
#3047 = VERTEX_POINT ( 'NONE', #1722 ) ;
#3048 = CYLINDRICAL_SURFACE ( 'NONE', #1766, 0.6500000000000001300 ) ;
#3049 = CARTESIAN_POINT ( 'NONE',  ( 0.2787962644132064300, -0.5028892949240830700, -0.7850000000000001400 ) ) ;
#3050 = CARTESIAN_POINT ( 'NONE',  ( 0.5656584249264499100, 0.01000000000000000000, 0.7209309582129359600 ) ) ;
#3051 = EDGE_CURVE ( 'NONE', #3617, #548, #1230, .T. ) ;
#3052 = ORIENTED_EDGE ( 'NONE', *, *, #501, .F. ) ;
#3053 = ORIENTED_EDGE ( 'NONE', *, *, #95, .T. ) ;
#3054 = VERTEX_POINT ( 'NONE', #1789 ) ;
#3055 = DATE_TIME_ROLE ( 'creation_date' ) ;
#3056 = DIRECTION ( 'NONE',  ( -6.123233995736766000E-017, 0.0000000000000000000, -1.000000000000000000 ) ) ;
#3057 = FACE_OUTER_BOUND ( 'NONE', #1877, .T. ) ;
#3058 = VERTEX_POINT ( 'NONE', #3280 ) ;
#3059 = EDGE_CURVE ( 'NONE', #546, #3220, #3636, .T. ) ;
#3060 = CARTESIAN_POINT ( 'NONE',  ( 0.2411065240055007800, -0.4376087496138548200, -0.6449122492182515200 ) ) ;
#3061 = CARTESIAN_POINT ( 'NONE',  ( 0.3241864163487365200, 0.5415073442396835000, 0.2907438892597292200 ) ) ;
#3062 = LINE ( 'NONE', #1912, #411 ) ;
#3063 = ORIENTED_EDGE ( 'NONE', *, *, #1445, .F. ) ;
#3064 = LINE ( 'NONE', #3268, #2772 ) ;
#3065 = ADVANCED_FACE ( 'NONE', ( #3057 ), #3389, .T. ) ;
#3066 = ADVANCED_FACE ( 'NONE', ( #3982 ), #241, .F. ) ;
#3067 = CARTESIAN_POINT ( 'NONE',  ( -0.4995335560866922500, 0.01000000000000000000, -0.6449122492182515200 ) ) ;
#3068 = CARTESIAN_POINT ( 'NONE',  ( 0.2758813882858553400, 0.4978405813737255500, 0.7150005840914299700 ) ) ;
#3069 = EDGE_CURVE ( 'NONE', #2452, #1874, #3820, .T. ) ;
#3070 = CARTESIAN_POINT ( 'NONE',  ( 0.5750000000000000700, 0.01000000000000000000, 0.4250000000000001000 ) ) ;
#3071 = AXIS2_PLACEMENT_3D ( 'NONE', #822, #2979, #2101 ) ;
#3072 = EDGE_CURVE ( 'NONE', #2280, #106, #2718, .T. ) ;
#3073 = LENGTH_MEASURE_WITH_UNIT ( LENGTH_MEASURE( 0.02539999999999999900 ), #2149 );
#3074 = CARTESIAN_POINT ( 'NONE',  ( 0.4995335560866924200, 0.01000000000000000000, -0.6449122492182515200 ) ) ;
#3075 = DIRECTION ( 'NONE',  ( 0.0000000000000000000, 0.0000000000000000000, 1.000000000000000000 ) ) ;
#3076 = FACE_OUTER_BOUND ( 'NONE', #3400, .T. ) ;
#3077 = CARTESIAN_POINT ( 'NONE',  ( 0.1787730674394251200, 0.3296440358300128900, -0.7850000000000001400 ) ) ;
#3078 = DIRECTION ( 'NONE',  ( -1.000000000000000000, 0.0000000000000000000, 1.187759997245331800E-016 ) ) ;
#3079 = AXIS2_PLACEMENT_3D ( 'NONE', #1061, #3815, #2544 ) ;
#3080 = ADVANCED_FACE ( 'NONE', ( #596 ), #2058, .F. ) ;
#3081 = EDGE_LOOP ( 'NONE', ( #1905, #1592, #1136, #887, #3785, #260, #2034, #1791, #995, #636, #3670, #2029, #2409, #3626, #42, #540, #1361, #2994, #3709, #2312, #1747, #1654, #3385, #845, #1498, #380, #3923, #3358 ) ) ;
#3082 = CARTESIAN_POINT ( 'NONE',  ( -0.2764582562299429100, 0.1711602540378437400, 0.4209999999999986000 ) ) ;
#3083 = ORIENTED_EDGE ( 'NONE', *, *, #2525, .F. ) ;
#3084 = DIRECTION ( 'NONE',  ( -1.000000000000000000, 0.0000000000000000000, 0.0000000000000000000 ) ) ;
#3085 = ORIENTED_EDGE ( 'NONE', *, *, #2895, .T. ) ;
#3086 = ADVANCED_FACE ( 'NONE', ( #2964 ), #1893, .T. ) ;
#3087 = CIRCLE ( 'NONE', #3683, 0.6500000000000001300 ) ;
#3088 = ORIENTED_EDGE ( 'NONE', *, *, #3882, .T. ) ;
#3089 = ORIENTED_EDGE ( 'NONE', *, *, #3163, .F. ) ;
#3090 = VECTOR ( 'NONE', #1111, 39.37007874015748900 ) ;
#3091 = VERTEX_POINT ( 'NONE', #3599 ) ;
#3092 = LINE ( 'NONE', #2341, #2567 ) ;
#3093 = CARTESIAN_POINT ( 'NONE',  ( 8.266365894244635600E-017, 0.0000000000000000000, 0.5649999999999999500 ) ) ;
#3094 = EDGE_LOOP ( 'NONE', ( #3978, #1248, #2115, #2220 ) ) ;
#3095 = CARTESIAN_POINT ( 'NONE',  ( -0.4995335560866922500, 0.01000000000000000000, -0.6449122492182515200 ) ) ;
#3096 = EDGE_CURVE ( 'NONE', #3889, #1316, #1321, .T. ) ;
#3097 = FACE_OUTER_BOUND ( 'NONE', #777, .T. ) ;
#3098 = ORIENTED_EDGE ( 'NONE', *, *, #965, .F. ) ;
#3099 = ORIENTED_EDGE ( 'NONE', *, *, #1067, .F. ) ;
#3100 = LINE ( 'NONE', #748, #3840 ) ;
#3101 = DIRECTION ( 'NONE',  ( 0.7559289460184467300, 0.0000000000000000000, -0.6546536707079859700 ) ) ;
#3102 = DIRECTION ( 'NONE',  ( -0.5000000000000038900, -0.8660254037844362700, 4.966996352116839500E-016 ) ) ;
#3103 = EDGE_CURVE ( 'NONE', #3520, #3912, #1094, .T. ) ;
#3104 = FACE_OUTER_BOUND ( 'NONE', #225, .T. ) ;
#3105 = ORIENTED_EDGE ( 'NONE', *, *, #1780, .F. ) ;
#3106 = CARTESIAN_POINT ( 'NONE',  ( 0.5678498911788146800, -0.3163012821475887900, 0.4250000000000000400 ) ) ;
#3107 = DIRECTION ( 'NONE',  ( 6.123233995736766000E-017, 0.0000000000000000000, 1.000000000000000000 ) ) ;
#3108 = CIRCLE ( 'NONE', #156, 0.5749999999999999600 ) ;
#3109 = ORIENTED_EDGE ( 'NONE', *, *, #2584, .T. ) ;
#3110 = ADVANCED_FACE ( 'NONE', ( #506 ), #2986, .F. ) ;
#3111 = CARTESIAN_POINT ( 'NONE',  ( 8.266365894244635600E-017, 0.0000000000000000000, 0.5649999999999999500 ) ) ;
#3112 = EDGE_CURVE ( 'NONE', #3889, #3579, #3472, .T. ) ;
#3113 = ORIENTED_EDGE ( 'NONE', *, *, #673, .T. ) ;
#3114 = CARTESIAN_POINT ( 'NONE',  ( 0.4362500000000011400, -0.2403220495501810800, 0.4250000000000001000 ) ) ;
#3115 = CARTESIAN_POINT ( 'NONE',  ( -0.01000000000000000000, -0.4798414002252710000, -0.7850000000000002500 ) ) ;
#3116 = DIRECTION ( 'NONE',  ( -6.123233995736766000E-017, -0.0000000000000000000, -1.000000000000000000 ) ) ;
#3117 = VERTEX_POINT ( 'NONE', #3614 ) ;
#3118 = CARTESIAN_POINT ( 'NONE',  ( 0.5028892949240793000, 0.2787962644132135300, 0.4250000000000001000 ) ) ;
#3119 = EDGE_CURVE ( 'NONE', #3466, #3864, #3225, .T. ) ;
#3120 = CARTESIAN_POINT ( 'NONE',  ( 0.3163012821476007800, 0.5678498911788081300, 0.5649999999999999500 ) ) ;
#3121 = CARTESIAN_POINT ( 'NONE',  ( 8.327598234202003100E-017, 0.0000000000000000000, 0.5750000000000001800 ) ) ;
#3122 = ADVANCED_FACE ( 'NONE', ( #362 ), #855, .F. ) ;
#3123 = CALENDAR_DATE ( 2021, 14, 9 ) ;
#3124 = VERTEX_POINT ( 'NONE', #3349 ) ;
#3125 = AXIS2_PLACEMENT_3D ( 'NONE', #3743, #100, #2851 ) ;
#3126 = CARTESIAN_POINT ( 'NONE',  ( 0.3196440358300168300, -0.1960935755151070900, 0.4708666429545312900 ) ) ;
#3127 = CARTESIAN_POINT ( 'NONE',  ( 0.01000000000000000000, -0.6499230723708769900, 0.4250000000000001000 ) ) ;
#3128 = CARTESIAN_POINT ( 'NONE',  ( -0.01000000000000000000, 0.6275152784067880000, 0.6138067258892142600 ) ) ;
#3129 = VERTEX_POINT ( 'NONE', #3663 ) ;
#3130 = VERTEX_POINT ( 'NONE', #1204 ) ;
#3131 = CARTESIAN_POINT ( 'NONE',  ( -0.008660254037844327500, 0.005000000000000101600, 0.0000000000000000000 ) ) ;
#3132 = ORIENTED_EDGE ( 'NONE', *, *, #3382, .F. ) ;
#3133 = B_SPLINE_CURVE_WITH_KNOTS ( 'NONE', 3,
 ( #1382, #783, #3274, #771 ),
 .UNSPECIFIED., .F., .F.,
 ( 4, 4 ),
 ( 2.309504363955918700E-007, 0.006159627691883681400 ),
 .UNSPECIFIED. ) ;
#3134 = EDGE_LOOP ( 'NONE', ( #3002, #204, #3530, #316 ) ) ;
#3135 = LINE ( 'NONE', #3082, #786 ) ;
#3136 = CARTESIAN_POINT ( 'NONE',  ( 0.01000000000000000000, -0.3249999999999999600, 0.4209999999999986000 ) ) ;
#3137 = CARTESIAN_POINT ( 'NONE',  ( 0.6499230723708769900, -0.01000000000000000000, -0.7850000000000001400 ) ) ;
#3138 = DIRECTION ( 'NONE',  ( 0.7559289460184480700, 0.0000000000000000000, 0.6546536707079845300 ) ) ;
#3139 = ORIENTED_EDGE ( 'NONE', *, *, #3720, .T. ) ;
#3140 = ORIENTED_EDGE ( 'NONE', *, *, #1373, .F. ) ;
#3141 = LINE ( 'NONE', #415, #1639 ) ;
#3142 =( BOUNDED_CURVE ( )  B_SPLINE_CURVE ( 3, ( #2488, #1930, #369, #2203 ),
 .UNSPECIFIED., .F., .F. ) 
 B_SPLINE_CURVE_WITH_KNOTS ( ( 4, 4 ),
 ( 3.124217121762408800, 3.158968185417176900 ),
 .UNSPECIFIED. ) 
 CURVE ( )  GEOMETRIC_REPRESENTATION_ITEM ( )  RATIONAL_B_SPLINE_CURVE ( ( 1.000000000000000000, 0.9998993661631328000, 0.9998993661631328000, 1.000000000000000000 ) ) 
 REPRESENTATION_ITEM ( '' )  );
#3143 = CARTESIAN_POINT ( 'NONE',  ( 0.3196440358300167200, -0.1960935755151070900, -0.7850000000000001400 ) ) ;
#3144 = CARTESIAN_POINT ( 'NONE',  ( 0.5841563806739725800, -0.01000000000000000000, 0.6888962525637414300 ) ) ;
#3145 = ORIENTED_EDGE ( 'NONE', *, *, #1075, .F. ) ;
#3146 = DIRECTION ( 'NONE',  ( 0.5000000000000041100, 0.8660254037844362700, -3.061616997868407700E-017 ) ) ;
#3147 = CARTESIAN_POINT ( 'NONE',  ( 0.3163012821476007800, 0.5678498911788080200, 0.4250000000000001000 ) ) ;
#3148 = ORIENTED_EDGE ( 'NONE', *, *, #3461, .T. ) ;
#3149 = EDGE_LOOP ( 'NONE', ( #3039, #62, #2187, #1522 ) ) ;
#3150 = VECTOR ( 'NONE', #2484, 39.37007874015748100 ) ;
#3151 = ADVANCED_FACE ( 'NONE', ( #990 ), #2131, .F. ) ;
#3152 = EDGE_CURVE ( 'NONE', #2498, #1490, #224, .T. ) ;
#3153 = CARTESIAN_POINT ( 'NONE',  ( 0.0000000000000000000, 0.01000000000000000000, 0.0000000000000000000 ) ) ;
#3154 = CARTESIAN_POINT ( 'NONE',  ( -0.6281815210709340600, 0.01000000000000000000, 0.6126530147176362200 ) ) ;
#3155 = EDGE_CURVE ( 'NONE', #1213, #2658, #900, .T. ) ;
#3156 = VECTOR ( 'NONE', #1420, 39.37007874015748100 ) ;
#3157 = ORIENTED_EDGE ( 'NONE', *, *, #3119, .T. ) ;
#3158 = VECTOR ( 'NONE', #2265, 39.37007874015748900 ) ;
#3159 = CARTESIAN_POINT ( 'NONE',  ( 0.3134120018169178600, 0.5228455108487652900, 0.6450004751093607600 ) ) ;
#3160 = ORIENTED_EDGE ( 'NONE', *, *, #1415, .F. ) ;
#3161 = CARTESIAN_POINT ( 'NONE',  ( -0.01000000000000000000, -0.4938398893661267700, -0.6854167248772709000 ) ) ;
#3162 = CC_DESIGN_APPROVAL ( #3218, ( #870 ) ) ;
#3163 = EDGE_CURVE ( 'NONE', #939, #3117, #177, .T. ) ;
#3164 = CARTESIAN_POINT ( 'NONE',  ( -0.5578498911788100100, -0.3336217902232854200, 0.4250000000000001600 ) ) ;
#3165 = CARTESIAN_POINT ( 'NONE',  ( -0.5036649497422535100, 0.3023380996988603900, 0.6833556913220398800 ) ) ;
#3166 = DIRECTION ( 'NONE',  ( -6.123233995736766000E-017, -0.0000000000000000000, -1.000000000000000000 ) ) ;
#3167 = DIRECTION ( 'NONE',  ( 6.123233995736766000E-017, 0.0000000000000000000, 1.000000000000000000 ) ) ;
#3168 = EDGE_CURVE ( 'NONE', #494, #1193, #138, .T. ) ;
#3169 = AXIS2_PLACEMENT_3D ( 'NONE', #2490, #3713, #1860 ) ;
#3170 = CARTESIAN_POINT ( 'NONE',  ( -0.5749130369021039400, -0.01000000000000000000, 0.4250000000000001600 ) ) ;
#3171 = CARTESIAN_POINT ( 'NONE',  ( -0.5036649497422535100, 0.3023380996988603900, 0.6833556913220398800 ) ) ;
#3172 = CARTESIAN_POINT ( 'NONE',  ( -0.009999999999999916900, -0.5749130369021039400, 0.5649999999999999500 ) ) ;
#3173 = CARTESIAN_POINT ( 'NONE',  ( 7.409113134841489000E-017, 0.0000000000000000000, 0.4250000000000001000 ) ) ;
#3174 = CARTESIAN_POINT ( 'NONE',  ( 0.4596559272292701200, 0.2769294787042258500, -0.3816671106335256500 ) ) ;
#3175 = DIRECTION ( 'NONE',  ( -0.5000000000000038900, -0.8660254037844362700, 4.966996352116839500E-016 ) ) ;
#3176 = CARTESIAN_POINT ( 'NONE',  ( -0.3336217902232853600, -0.5578498911788101200, 0.5649999999999999500 ) ) ;
#3177 = LOCAL_TIME ( 10, 30, 58.00000000000000000, #2987 ) ;
#3178 = DIRECTION ( 'NONE',  ( -1.000000000000000000, 0.0000000000000000000, 0.0000000000000000000 ) ) ;
#3179 = EDGE_CURVE ( 'NONE', #1164, #2076, #3345, .T. ) ;
#3180 = CIRCLE ( 'NONE', #2583, 0.6500000000000001300 ) ;
#3181 = CARTESIAN_POINT ( 'NONE',  ( -0.1904096673417722300, 0.3231309705188327200, -0.5204231560212755300 ) ) ;
#3182 = DIRECTION ( 'NONE',  ( -1.000000000000000000, 0.0000000000000000000, 0.0000000000000000000 ) ) ;
#3183 = ORIENTED_EDGE ( 'NONE', *, *, #3511, .F. ) ;
#3184 = EDGE_CURVE ( 'NONE', #737, #1829, #274, .T. ) ;
#3185 = VERTEX_POINT ( 'NONE', #1238 ) ;
#3186 = ORIENTED_EDGE ( 'NONE', *, *, #66, .F. ) ;
#3187 = DIRECTION ( 'NONE',  ( -6.123233995736766000E-017, 0.0000000000000000000, -1.000000000000000000 ) ) ;
#3188 = DIRECTION ( 'NONE',  ( 1.000000000000000000, 0.0000000000000000000, -6.123233995736766000E-017 ) ) ;
#3189 = CYLINDRICAL_SURFACE ( 'NONE', #2396, 0.5749999999999999600 ) ;
#3190 = DIRECTION ( 'NONE',  ( -1.000000000000000000, 0.0000000000000000000, 0.0000000000000000000 ) ) ;
#3191 = VERTEX_POINT ( 'NONE', #1520 ) ;
#3192 = DIRECTION ( 'NONE',  ( 0.4999999999999979500, -0.8660254037844397100, 4.966996352116840500E-016 ) ) ;
#3193 = CARTESIAN_POINT ( 'NONE',  ( 0.5678498911788081300, 0.3163012821476007800, 0.4250000000000000400 ) ) ;
#3194 = VERTEX_POINT ( 'NONE', #1802 ) ;
#3195 = LINE ( 'NONE', #833, #3973 ) ;
#3196 = AXIS2_PLACEMENT_3D ( 'NONE', #3804, #3756, #2245 ) ;
#3197 = PRODUCT ( '3321A21_ER-32 Collet', '3321A21_ER-32 Collet', '', ( #1805 ) ) ;
#3198 = ORIENTED_EDGE ( 'NONE', *, *, #3025, .F. ) ;
#3199 = VECTOR ( 'NONE', #1277, 39.37007874015748900 ) ;
#3200 = ORIENTED_EDGE ( 'NONE', *, *, #3845, .T. ) ;
#3201 = LINE ( 'NONE', #509, #3680 ) ;
#3202 = CARTESIAN_POINT ( 'NONE',  ( -0.2787962644132099300, -0.5028892949240811900, 0.5649999999999999500 ) ) ;
#3203 = CARTESIAN_POINT ( 'NONE',  ( 0.5103939729441537800, 0.2908269962413563800, 0.6834276446287882400 ) ) ;
#3204 = DIRECTION ( 'NONE',  ( 0.5000000000000101000, 0.8660254037844328200, -3.061616997868444600E-017 ) ) ;
#3205 = LINE ( 'NONE', #3610, #3432 ) ;
#3206 = ORIENTED_EDGE ( 'NONE', *, *, #422, .T. ) ;
#3207 = CYLINDRICAL_SURFACE ( 'NONE', #2456, 0.3750000000000001100 ) ;
#3208 = CARTESIAN_POINT ( 'NONE',  ( -0.01000000000000000000, -0.4798414002252710000, -0.7850000000000002500 ) ) ;
#3209 = CARTESIAN_POINT ( 'NONE',  ( -0.5136649497422535200, 0.2850175916231715800, 0.6833556913220398800 ) ) ;
#3210 = LINE ( 'NONE', #757, #85 ) ;
#3211 = VERTEX_POINT ( 'NONE', #1512 ) ;
#3212 = EDGE_CURVE ( 'NONE', #261, #1273, #2139, .T. ) ;
#3213 = DIRECTION ( 'NONE',  ( -1.000000000000000000, 0.0000000000000000000, 1.187759997245331800E-016 ) ) ;
#3214 = EDGE_CURVE ( 'NONE', #3117, #2118, #1942, .T. ) ;
#3215 = CARTESIAN_POINT ( 'NONE',  ( -0.2729911907966863800, 0.4528346124785999600, 0.7849999999999999200 ) ) ;
#3216 = ORIENTED_EDGE ( 'NONE', *, *, #444, .F. ) ;
#3217 = CARTESIAN_POINT ( 'NONE',  ( 0.5070605533234062700, 0.2966006483874380500, 0.6834276446287882400 ) ) ;
#3218 = APPROVAL ( #1810, 'UNSPECIFIED' ) ;
#3219 = EDGE_CURVE ( 'NONE', #126, #2602, #2250, .T. ) ;
#3220 = VERTEX_POINT ( 'NONE', #1843 ) ;
#3221 = DIRECTION ( 'NONE',  ( -1.000000000000000000, 0.0000000000000000000, 6.123233995736766000E-017 ) ) ;
#3222 = CARTESIAN_POINT ( 'NONE',  ( -0.3085577464967790800, 0.5144376940013901700, 0.06836233743005454300 ) ) ;
#3223 = AXIS2_PLACEMENT_3D ( 'NONE', #3895, #507, #232 ) ;
#3224 = CARTESIAN_POINT ( 'NONE',  ( -0.5059059875160377700, -0.01000000000000000000, -0.5995791262226307600 ) ) ;
#3225 = B_SPLINE_CURVE_WITH_KNOTS ( 'NONE', 3,
 ( #3359, #2156, #3050, #293, #19, #1856, #39 ),
 .UNSPECIFIED., .F., .F.,
 ( 4, 3, 4 ),
 ( 0.01696754947364610300, 0.01978632818559386600, 0.02312694617640240900 ),
 .UNSPECIFIED. ) ;
#3226 = EDGE_LOOP ( 'NONE', ( #1541, #3712, #847, #1173, #3711, #45 ) ) ;
#3227 = CARTESIAN_POINT ( 'NONE',  ( 0.3264650943035349300, 0.1846347955479442400, 0.4710444628897156900 ) ) ;
#3228 = DIRECTION ( 'NONE',  ( 6.123233995736766000E-017, 0.0000000000000000000, 1.000000000000000000 ) ) ;
#3229 = COORDINATED_UNIVERSAL_TIME_OFFSET ( 6, 0, .BEHIND. ) ;
#3230 = EDGE_CURVE ( 'NONE', #2033, #3659, #2333, .T. ) ;
#3231 = ORIENTED_EDGE ( 'NONE', *, *, #2874, .F. ) ;
#3232 = CARTESIAN_POINT ( 'NONE',  ( -0.2961167724888917900, 0.4928892949240851200, -0.7850000000000001400 ) ) ;
#3233 = CARTESIAN_POINT ( 'NONE',  ( 7.409113134841489000E-017, 0.0000000000000000000, 0.4250000000000001000 ) ) ;
#3234 = CARTESIAN_POINT ( 'NONE',  ( 0.1787730674394204800, -0.3296440358300153400, -0.7850000000000001400 ) ) ;
#3235 = ORIENTED_EDGE ( 'NONE', *, *, #3505, .T. ) ;
#3236 = VERTEX_POINT ( 'NONE', #3696 ) ;
#3237 = EDGE_CURVE ( 'NONE', #1998, #3091, #2669, .T. ) ;
#3238 = PLANE ( 'NONE',  #1086 ) ;
#3239 = CARTESIAN_POINT ( 'NONE',  ( -0.2787962644132028200, 0.5028892949240850700, 0.4250000000000001000 ) ) ;
#3240 = ORIENTED_EDGE ( 'NONE', *, *, #959, .T. ) ;
#3241 = ORIENTED_EDGE ( 'NONE', *, *, #3544, .T. ) ;
#3242 = LINE ( 'NONE', #1071, #2800 ) ;
#3243 = AXIS2_PLACEMENT_3D ( 'NONE', #3611, #247, #2387 ) ;
#3244 = DIRECTION ( 'NONE',  ( 0.0000000000000000000, -1.000000000000000000, 0.0000000000000000000 ) ) ;
#3245 = ORIENTED_EDGE ( 'NONE', *, *, #756, .F. ) ;
#3246 = CARTESIAN_POINT ( 'NONE',  ( 0.4928892949240791200, 0.2961167724889021100, 0.4250000000000001000 ) ) ;
#3247 = EDGE_LOOP ( 'NONE', ( #1775, #536, #448, #1060 ) ) ;
#3248 = CIRCLE ( 'NONE', #3757, 0.4799455900101061200 ) ;
#3249 = CARTESIAN_POINT ( 'NONE',  ( 0.2584709074720697400, 0.4276847440200473600, -0.6450000000000001300 ) ) ;
#3250 = CARTESIAN_POINT ( 'NONE',  ( -0.3336217902232776500, 0.5578498911788147800, 0.5649999999999999500 ) ) ;
#3251 = ORIENTED_EDGE ( 'NONE', *, *, #2152, .F. ) ;
#3252 = ORIENTED_EDGE ( 'NONE', *, *, #1266, .F. ) ;
#3253 = ORIENTED_EDGE ( 'NONE', *, *, #3505, .F. ) ;
#3254 = AXIS2_PLACEMENT_3D ( 'NONE', #1104, #482, #2968 ) ;
#3255 = FACE_OUTER_BOUND ( 'NONE', #2868, .T. ) ;
#3256 = LINE ( 'NONE', #1434, #3156 ) ;
#3257 = CARTESIAN_POINT ( 'NONE',  ( 0.3196440358300127200, 0.1960935755151137500, 0.4708666429545312900 ) ) ;
#3258 = VERTEX_POINT ( 'NONE', #2670 ) ;
#3259 = DIRECTION ( 'NONE',  ( -6.123233995736766000E-017, -0.0000000000000000000, -1.000000000000000000 ) ) ;
#3260 = CARTESIAN_POINT ( 'NONE',  ( 7.409113134841489000E-017, 0.0000000000000000000, 0.4250000000000001000 ) ) ;
#3261 = VECTOR ( 'NONE', #2886, 39.37007874015748900 ) ;
#3262 = ORIENTED_EDGE ( 'NONE', *, *, #871, .T. ) ;
#3263 = DIRECTION ( 'NONE',  ( -1.000000000000000000, 0.0000000000000000000, 0.0000000000000000000 ) ) ;
#3264 = CARTESIAN_POINT ( 'NONE',  ( -0.3296440358300153400, 0.1787730674394204500, 0.4708666429545312900 ) ) ;
#3265 = CARTESIAN_POINT ( 'NONE',  ( 7.409113134841489000E-017, 0.0000000000000000000, 0.4250000000000001000 ) ) ;
#3266 = DIRECTION ( 'NONE',  ( -1.000000000000000000, 0.0000000000000000000, 4.966996352116841500E-016 ) ) ;
#3267 = EDGE_CURVE ( 'NONE', #2602, #3967, #376, .T. ) ;
#3268 = CARTESIAN_POINT ( 'NONE',  ( 0.1350897459621509800, -0.2539823035880233200, 0.5650000000000001700 ) ) ;
#3269 = DIRECTION ( 'NONE',  ( -6.123233995736766000E-017, -0.0000000000000000000, -1.000000000000000000 ) ) ;
#3270 = EDGE_CURVE ( 'NONE', #3594, #2040, #1702, .T. ) ;
#3271 = DIRECTION ( 'NONE',  ( 0.8660254037844328200, 0.5000000000000101000, 1.300879996982982500E-016 ) ) ;
#3272 = AXIS2_PLACEMENT_3D ( 'NONE', #2065, #2929, #3560 ) ;
#3273 = DIRECTION ( 'NONE',  ( -0.5000000000000101000, 0.8660254037844328200, 0.0000000000000000000 ) ) ;
#3274 = CARTESIAN_POINT ( 'NONE',  ( -0.3134120018169178100, -0.5228455108487652900, 0.6450004751093608700 ) ) ;
#3275 = DIRECTION ( 'NONE',  ( 1.000000000000000000, 0.0000000000000000000, -0.0000000000000000000 ) ) ;
#3276 = DIRECTION ( 'NONE',  ( -6.123233995736766000E-017, -0.0000000000000000000, -1.000000000000000000 ) ) ;
#3277 = DIRECTION ( 'NONE',  ( -6.123233995736766000E-017, -0.0000000000000000000, -1.000000000000000000 ) ) ;
#3278 = EDGE_LOOP ( 'NONE', ( #3414, #3284, #3621, #923 ) ) ;
#3279 = CARTESIAN_POINT ( 'NONE',  ( 0.5578498911788148900, -0.3336217902232777000, 0.5649999999999999500 ) ) ;
#3280 = CARTESIAN_POINT ( 'NONE',  ( -0.2411065240054976700, 0.4376087496138563700, -0.6449122492182515200 ) ) ;
#3281 = EDGE_CURVE ( 'NONE', #263, #3579, #1876, .T. ) ;
#3282 = ORIENTED_EDGE ( 'NONE', *, *, #2822, .F. ) ;
#3283 = CARTESIAN_POINT ( 'NONE',  ( 0.5028892949240850700, -0.2787962644132029300, 0.4250000000000001000 ) ) ;
#3284 = ORIENTED_EDGE ( 'NONE', *, *, #229, .T. ) ;
#3285 = FACE_OUTER_BOUND ( 'NONE', #3438, .T. ) ;
#3286 = EDGE_CURVE ( 'NONE', #3594, #320, #2425, .T. ) ;
#3287 = ORIENTED_EDGE ( 'NONE', *, *, #814, .T. ) ;
#3288 = EDGE_LOOP ( 'NONE', ( #3830, #3480, #1696, #2958 ) ) ;
#3289 = FACE_OUTER_BOUND ( 'NONE', #2746, .T. ) ;
#3290 = DIRECTION ( 'NONE',  ( 0.4999999999999919000, -0.8660254037844431500, -3.061616997868333100E-017 ) ) ;
#3291 = DIRECTION ( 'NONE',  ( -6.123233995736766000E-017, -0.0000000000000000000, -1.000000000000000000 ) ) ;
#3292 = ADVANCED_FACE ( 'NONE', ( #2095 ), #1763, .F. ) ;
#3293 = ORIENTED_EDGE ( 'NONE', *, *, #253, .F. ) ;
#3294 = CIRCLE ( 'NONE', #3810, 0.6500000000000001300 ) ;
#3295 = ORIENTED_EDGE ( 'NONE', *, *, #492, .F. ) ;
#3296 = VECTOR ( 'NONE', #3452, 39.37007874015748100 ) ;
#3297 = AXIS2_PLACEMENT_3D ( 'NONE', #1318, #82, #64 ) ;
#3298 = DIRECTION ( 'NONE',  ( -0.7071067811865486800, 0.0000000000000000000, 0.7071067811865462400 ) ) ;
#3299 = ORIENTED_EDGE ( 'NONE', *, *, #2233, .F. ) ;
#3300 = ORIENTED_EDGE ( 'NONE', *, *, #2633, .T. ) ;
#3301 = LINE ( 'NONE', #1053, #1186 ) ;
#3302 = CARTESIAN_POINT ( 'NONE',  ( 0.2960914937412253400, -0.5328455108487673000, 0.6450004751093608700 ) ) ;
#3303 = DIRECTION ( 'NONE',  ( 6.123233995736766000E-017, 0.0000000000000000000, 1.000000000000000000 ) ) ;
#3304 = LINE ( 'NONE', #968, #3491 ) ;
#3305 = ORIENTED_EDGE ( 'NONE', *, *, #3430, .T. ) ;
#3306 = CARTESIAN_POINT ( 'NONE',  ( 0.1960935755151115600, 0.3196440358300141600, -0.7850000000000001400 ) ) ;
#3307 = PLANE ( 'NONE',  #3243 ) ;
#3308 = CIRCLE ( 'NONE', #2135, 0.6500000000000001300 ) ;
#3309 = ORIENTED_EDGE ( 'NONE', *, *, #763, .F. ) ;
#3310 = EDGE_CURVE ( 'NONE', #320, #1213, #3256, .T. ) ;
#3311 = CARTESIAN_POINT ( 'NONE',  ( 0.6454202385439279400, -0.01000000000000000000, 0.3929644908330955900 ) ) ;
#3312 = ADVANCED_FACE ( 'NONE', ( #2817 ), #3540, .T. ) ;
#3313 = CARTESIAN_POINT ( 'NONE',  ( -0.5103939729441556700, -0.2908269962413526600, 0.6834276446287878000 ) ) ;
#3314 = EDGE_CURVE ( 'NONE', #485, #2070, #1188, .T. ) ;
#3315 = DIRECTION ( 'NONE',  ( 0.8660254037844398200, 0.4999999999999980000, -0.0000000000000000000 ) ) ;
#3316 = CARTESIAN_POINT ( 'NONE',  ( -0.5036649497422515100, -0.3023380996988638800, 0.6833556913220398800 ) ) ;
#3317 = CARTESIAN_POINT ( 'NONE',  ( -0.5678498911788102400, -0.3163012821475967900, 0.5750000000000001800 ) ) ;
#3318 = CARTESIAN_POINT ( 'NONE',  ( 0.5287564434701828000, 0.0000000000000000000, 0.7849999999999999200 ) ) ;
#3319 = EDGE_CURVE ( 'NONE', #3528, #2209, #713, .T. ) ;
#3320 = DIRECTION ( 'NONE',  ( 0.4999999999999979500, -0.8660254037844397100, -3.642463991552349500E-016 ) ) ;
#3321 = CARTESIAN_POINT ( 'NONE',  ( -0.3163012821475967300, -0.5678498911788103500, 0.5750000000000001800 ) ) ;
#3322 = CARTESIAN_POINT ( 'NONE',  ( -0.4928892949240811800, -0.2961167724888987300, -0.7850000000000001400 ) ) ;
#3323 = FACE_OUTER_BOUND ( 'NONE', #3546, .T. ) ;
#3324 = VERTEX_POINT ( 'NONE', #1159 ) ;
#3325 = CARTESIAN_POINT ( 'NONE',  ( 0.3748666429545314300, 0.01000000000000000000, 0.7849999999999998100 ) ) ;
#3326 = CARTESIAN_POINT ( 'NONE',  ( 0.3336217902232855300, 0.5578498911788102300, 0.4250000000000001000 ) ) ;
#3327 = VERTEX_POINT ( 'NONE', #2016 ) ;
#3328 = ORIENTED_EDGE ( 'NONE', *, *, #696, .F. ) ;
#3329 = DIRECTION ( 'NONE',  ( 6.123233995736766000E-017, 0.0000000000000000000, 1.000000000000000000 ) ) ;
#3330 = EDGE_LOOP ( 'NONE', ( #2911, #2048, #157, #1737, #1929, #834, #2171, #63, #367 ) ) ;
#3331 = CARTESIAN_POINT ( 'NONE',  ( -0.3085577464967861300, -0.5144376940013858400, 0.06836233743005454300 ) ) ;
#3332 = ORIENTED_EDGE ( 'NONE', *, *, #1725, .F. ) ;
#3333 = EDGE_CURVE ( 'NONE', #754, #3258, #2762, .T. ) ;
#3334 = VECTOR ( 'NONE', #714, 39.37007874015748100 ) ;
#3335 = APPROVAL_STATUS ( 'not_yet_approved' ) ;
#3336 = ORIENTED_EDGE ( 'NONE', *, *, #3096, .F. ) ;
#3337 = VERTEX_POINT ( 'NONE', #1731 ) ;
#3338 = CARTESIAN_POINT ( 'NONE',  ( -0.3749555450165554200, 0.006667358245727028100, -0.5203342381481154100 ) ) ;
#3339 = CIRCLE ( 'NONE', #6, 0.3750000000000001700 ) ;
#3340 = AXIS2_PLACEMENT_3D ( 'NONE', #3915, #1773, #1435 ) ;
#3341 = ORIENTED_EDGE ( 'NONE', *, *, #947, .T. ) ;
#3342 = EDGE_LOOP ( 'NONE', ( #512, #2128, #163, #1757, #431, #3620, #1779, #2269, #3828 ) ) ;
#3343 = DIRECTION ( 'NONE',  ( -1.000000000000000000, 0.0000000000000000000, 1.187759997245331800E-016 ) ) ;
#3344 = FACE_OUTER_BOUND ( 'NONE', #3588, .T. ) ;
#3345 = LINE ( 'NONE', #599, #2916 ) ;
#3346 = EDGE_LOOP ( 'NONE', ( #3613, #1259, #3517, #655 ) ) ;
#3347 = AXIS2_PLACEMENT_3D ( 'NONE', #3946, #911, #2422 ) ;
#3348 = CARTESIAN_POINT ( 'NONE',  ( -0.01000000000000000000, 0.3748666429545313200, -0.7850000000000001400 ) ) ;
#3349 = CARTESIAN_POINT ( 'NONE',  ( 0.1787730674394204500, -0.3296440358300153400, -0.5202453360860909100 ) ) ;
#3350 = FACE_OUTER_BOUND ( 'NONE', #2853, .T. ) ;
#3351 = ORIENTED_EDGE ( 'NONE', *, *, #2549, .F. ) ;
#3352 = ADVANCED_FACE ( 'NONE', ( #558 ), #3632, .T. ) ;
#3353 = CARTESIAN_POINT ( 'NONE',  ( -0.2411065240055040900, -0.4376087496138536000, -0.6449122492182520800 ) ) ;
#3354 = AXIS2_PLACEMENT_3D ( 'NONE', #2956, #848, #2982 ) ;
#3355 = CARTESIAN_POINT ( 'NONE',  ( -0.01000000000000000000, 0.5416469141196753600, -0.3453198533360857200 ) ) ;
#3356 = CARTESIAN_POINT ( 'NONE',  ( 0.0000000000000000000, 0.0000000000000000000, -0.7850000000000001400 ) ) ;
#3357 = EDGE_CURVE ( 'NONE', #485, #2719, #3437, .T. ) ;
#3358 = ORIENTED_EDGE ( 'NONE', *, *, #2636, .T. ) ;
#3359 = CARTESIAN_POINT ( 'NONE',  ( 0.5286618735176925600, 0.01000000000000000000, 0.7849999999999999200 ) ) ;
#3360 = AXIS2_PLACEMENT_3D ( 'NONE', #3372, #2448, #286 ) ;
#3361 = CARTESIAN_POINT ( 'NONE',  ( 8.266365894244635600E-017, 0.0000000000000000000, 0.5649999999999999500 ) ) ;
#3362 = EDGE_CURVE ( 'NONE', #237, #2067, #174, .T. ) ;
#3363 = CARTESIAN_POINT ( 'NONE',  ( -0.01000000000000000000, 0.3249999999999999600, 0.4209999999999986000 ) ) ;
#3364 = DIRECTION ( 'NONE',  ( -1.000000000000000000, 0.0000000000000000000, 0.0000000000000000000 ) ) ;
#3365 = AXIS2_PLACEMENT_3D ( 'NONE', #1924, #98, #2188 ) ;
#3366 = ADVANCED_FACE ( 'NONE', ( #2331 ), #2345, .F. ) ;
#3367 = ADVANCED_FACE ( 'NONE', ( #2714 ), #267, .T. ) ;
#3368 = LINE ( 'NONE', #1960, #2069 ) ;
#3369 = AXIS2_PLACEMENT_3D ( 'NONE', #3032, #1754, #2712 ) ;
#3370 = VERTEX_POINT ( 'NONE', #1710 ) ;
#3371 = ORIENTED_EDGE ( 'NONE', *, *, #2901, .F. ) ;
#3372 = CARTESIAN_POINT ( 'NONE',  ( 0.5287564434701828000, 0.0000000000000000000, 0.7849999999999999200 ) ) ;
#3373 = ORIENTED_EDGE ( 'NONE', *, *, #1102, .T. ) ;
#3374 = ORIENTED_EDGE ( 'NONE', *, *, #2192, .T. ) ;
#3375 = CIRCLE ( 'NONE', #2307, 0.5749999999999999600 ) ;
#3376 = DIRECTION ( 'NONE',  ( 6.123233995736766000E-017, 0.0000000000000000000, 1.000000000000000000 ) ) ;
#3377 = VERTEX_POINT ( 'NONE', #1450 ) ;
#3378 = ORIENTED_EDGE ( 'NONE', *, *, #238, .F. ) ;
#3379 = FACE_OUTER_BOUND ( 'NONE', #489, .T. ) ;
#3380 = CARTESIAN_POINT ( 'NONE',  ( -0.2556706827210038500, -0.4628346124785960300, 0.7849999999999999200 ) ) ;
#3381 = CARTESIAN_POINT ( 'NONE',  ( 0.003333419620747137900, -0.5874276446287822800, 0.6834276446287880200 ) ) ;
#3382 = EDGE_CURVE ( 'NONE', #2796, #1829, #3930, .T. ) ;
#3383 = EDGE_LOOP ( 'NONE', ( #3245, #971, #3871, #2715, #874, #3021, #1408, #1531, #2917 ) ) ;
#3384 = LINE ( 'NONE', #2809, #1179 ) ;
#3385 = ORIENTED_EDGE ( 'NONE', *, *, #1367, .F. ) ;
#3386 = LINE ( 'NONE', #2687, #3835 ) ;
#3387 = ADVANCED_FACE ( 'NONE', ( #2378 ), #3189, .T. ) ;
#3388 = CARTESIAN_POINT ( 'NONE',  ( -0.5678498911788124600, 0.3163012821475928400, -0.7850000000000001400 ) ) ;
#3389 = CONICAL_SURFACE ( 'NONE', #3708, 0.6500000000000001300, 0.1396263401595466700 ) ;
#3390 = ORIENTED_EDGE ( 'NONE', *, *, #3562, .F. ) ;
#3391 = FACE_OUTER_BOUND ( 'NONE', #581, .T. ) ;
#3392 = EDGE_CURVE ( 'NONE', #778, #3191, #216, .T. ) ;
#3393 =( BOUNDED_CURVE ( )  B_SPLINE_CURVE ( 3, ( #1036, #2536, #3181, #3780 ),
 .UNSPECIFIED., .F., .F. ) 
 B_SPLINE_CURVE_WITH_KNOTS ( ( 4, 4 ),
 ( 6.256515479007306100, 6.309855135351866400 ),
 .UNSPECIFIED. ) 
 CURVE ( )  GEOMETRIC_REPRESENTATION_ITEM ( )  RATIONAL_B_SPLINE_CURVE ( ( 1.000000000000000000, 0.9997629208080554000, 0.9997629208080554000, 1.000000000000000000 ) ) 
 REPRESENTATION_ITEM ( '' )  );
#3394 = ADVANCED_FACE ( 'NONE', ( #3379 ), #2730, .F. ) ;
#3395 = CARTESIAN_POINT ( 'NONE',  ( 0.5103939729441594500, -0.2908269962413454500, 0.6834276446287880200 ) ) ;
#3396 = ORIENTED_EDGE ( 'NONE', *, *, #1177, .F. ) ;
#3397 = AXIS2_PLACEMENT_3D ( 'NONE', #958, #366, #61 ) ;
#3398 = FACE_OUTER_BOUND ( 'NONE', #3814, .T. ) ;
#3399 = DIRECTION ( 'NONE',  ( 0.7559289460184454000, 0.0000000000000000000, -0.6546536707079875200 ) ) ;
#3400 = EDGE_LOOP ( 'NONE', ( #1581, #2705, #787, #3877, #2230, #977, #585, #391, #3524 ) ) ;
#3401 = DIRECTION ( 'NONE',  ( -0.8660254037844397100, 0.4999999999999979500, 1.300879996982982200E-016 ) ) ;
#3402 = DIRECTION ( 'NONE',  ( 0.0000000000000000000, 0.7559289460184551700, 0.6546536707079763100 ) ) ;
#3403 = CARTESIAN_POINT ( 'NONE',  ( -0.2584270320811863400, 0.4276087496138561400, -0.6449122492182509700 ) ) ;
#3404 = EDGE_CURVE ( 'NONE', #2857, #1090, #1233, .T. ) ;
#3405 = CARTESIAN_POINT ( 'NONE',  ( 0.4205548423825830100, -0.2312604460747873000, -0.7850000000000002500 ) ) ;
#3406 = ADVANCED_FACE ( 'NONE', ( #1795 ), #1527, .T. ) ;
#3407 = CC_DESIGN_SECURITY_CLASSIFICATION ( #870, ( #1908 ) ) ;
#3408 = EDGE_CURVE ( 'NONE', #2078, #2447, #1952, .T. ) ;
#3409 = CARTESIAN_POINT ( 'NONE',  ( -0.2787962644132028800, 0.5028892949240850700, -0.7850000000000001400 ) ) ;
#3410 = DIRECTION ( 'NONE',  ( -1.000000000000000000, 0.0000000000000000000, 6.123233995736766000E-017 ) ) ;
#3411 = VERTEX_POINT ( 'NONE', #1772 ) ;
#3412 = VECTOR ( 'NONE', #1462, 39.37007874015748900 ) ;
#3413 = DIRECTION ( 'NONE',  ( -1.000000000000000000, 0.0000000000000000000, 1.050710766793947200E-016 ) ) ;
#3414 = ORIENTED_EDGE ( 'NONE', *, *, #3103, .T. ) ;
#3415 = ORIENTED_EDGE ( 'NONE', *, *, #3286, .T. ) ;
#3416 = DIRECTION ( 'NONE',  ( 6.123233995736766000E-017, 0.0000000000000000000, 1.000000000000000000 ) ) ;
#3417 = ORIENTED_EDGE ( 'NONE', *, *, #2046, .T. ) ;
#3418 = AXIS2_PLACEMENT_3D ( 'NONE', #528, #2685, #2995 ) ;
#3419 = ORIENTED_EDGE ( 'NONE', *, *, #2908, .F. ) ;
#3420 = ORIENTED_EDGE ( 'NONE', *, *, #595, .T. ) ;
#3421 = DIRECTION ( 'NONE',  ( 6.123233995736766000E-017, 0.0000000000000000000, 1.000000000000000000 ) ) ;
#3422 = CARTESIAN_POINT ( 'NONE',  ( 0.01000000000000000000, -0.4798414002252710000, -0.7850000000000002500 ) ) ;
#3423 = LINE ( 'NONE', #17, #301 ) ;
#3424 = CARTESIAN_POINT ( 'NONE',  ( 0.3296440358300128900, 0.1787730674394251200, -0.7850000000000001400 ) ) ;
#3425 = ORIENTED_EDGE ( 'NONE', *, *, #1857, .T. ) ;
#3426 = ADVANCED_FACE ( 'NONE', ( #2086 ), #3679, .F. ) ;
#3427 = VECTOR ( 'NONE', #1662, 39.37007874015748100 ) ;
#3428 = ORIENTED_EDGE ( 'NONE', *, *, #2148, .T. ) ;
#3429 = CARTESIAN_POINT ( 'NONE',  ( -0.6469211843766066200, 0.01000000000000000000, 0.4036429937167306800 ) ) ;
#3430 = EDGE_CURVE ( 'NONE', #1380, #2127, #2618, .T. ) ;
#3431 = LINE ( 'NONE', #1016, #741 ) ;
#3432 = VECTOR ( 'NONE', #2062, 39.37007874015748900 ) ;
#3433 = ORIENTED_EDGE ( 'NONE', *, *, #3179, .T. ) ;
#3434 = CIRCLE ( 'NONE', #3920, 0.5749999999999999600 ) ;
#3435 = DIRECTION ( 'NONE',  ( 1.000000000000000000, 0.0000000000000000000, -6.123233995736766000E-017 ) ) ;
#3436 = EDGE_CURVE ( 'NONE', #412, #3659, #2004, .T. ) ;
#3437 = LINE ( 'NONE', #2037, #1597 ) ;
#3438 = EDGE_LOOP ( 'NONE', ( #1995, #1506, #853, #1613 ) ) ;
#3439 =( BOUNDED_CURVE ( )  B_SPLINE_CURVE ( 3, ( #1635, #3203, #3217, #141 ),
 .UNSPECIFIED., .F., .F. ) 
 B_SPLINE_CURVE_WITH_KNOTS ( ( 4, 4 ),
 ( 3.132780323306529000, 3.150404983873057200 ),
 .UNSPECIFIED. ) 
 CURVE ( )  GEOMETRIC_REPRESENTATION_ITEM ( )  RATIONAL_B_SPLINE_CURVE ( ( 1.000000000000000000, 0.9999741144458435000, 0.9999741144458435000, 1.000000000000000000 ) ) 
 REPRESENTATION_ITEM ( '' )  );
#3440 = CARTESIAN_POINT ( 'NONE',  ( 0.01000000000000000000, -0.6410347441979876700, 0.3617637437453390400 ) ) ;
#3441 = LINE ( 'NONE', #2217, #2819 ) ;
#3442 = VERTEX_POINT ( 'NONE', #2744 ) ;
#3443 = DIRECTION ( 'NONE',  ( 0.0000000000000000000, 1.000000000000000000, 0.0000000000000000000 ) ) ;
#3444 = CARTESIAN_POINT ( 'NONE',  ( 0.5136649497422556300, -0.2850175916231680300, 0.6833556913220399900 ) ) ;
#3445 = PLANE ( 'NONE',  #213 ) ;
#3446 = B_SPLINE_CURVE_WITH_KNOTS ( 'NONE', 3,
 ( #3688, #2049, #3302, #209 ),
 .UNSPECIFIED., .F., .F.,
 ( 4, 4 ),
 ( 2.309504363916192000E-007, 0.006159627691883677900 ),
 .UNSPECIFIED. ) ;
#3447 = AXIS2_PLACEMENT_3D ( 'NONE', #3901, #2755, #537 ) ;
#3448 = DIRECTION ( 'NONE',  ( -1.000000000000000000, 0.0000000000000000000, 0.0000000000000000000 ) ) ;
#3449 = DIRECTION ( 'NONE',  ( -6.123233995736766000E-017, -0.0000000000000000000, -1.000000000000000000 ) ) ;
#3450 = ADVANCED_FACE ( 'NONE', ( #1879 ), #2445, .T. ) ;
#3451 = ORIENTED_EDGE ( 'NONE', *, *, #1651, .T. ) ;
#3452 = DIRECTION ( 'NONE',  ( -6.123233995736766000E-017, -0.0000000000000000000, -1.000000000000000000 ) ) ;
#3453 = CARTESIAN_POINT ( 'NONE',  ( 0.6280010608474671000, -0.01000000000000000000, 0.6129655440011460000 ) ) ;
#3454 = CARTESIAN_POINT ( 'NONE',  ( 0.3336217902232855300, 0.5578498911788103400, -0.7850000000000001400 ) ) ;
#3455 = DIRECTION ( 'NONE',  ( 1.000000000000000000, 0.0000000000000000000, -1.050710766793947200E-016 ) ) ;
#3456 = PLANE ( 'NONE',  #284 ) ;
#3457 = DIRECTION ( 'NONE',  ( 0.5000000000000099900, 0.8660254037844328200, 4.966996352116840500E-016 ) ) ;
#3458 = EDGE_CURVE ( 'NONE', #3442, #2593, #2742, .T. ) ;
#3459 = PERSON_AND_ORGANIZATION ( #1631, #2208 ) ;
#3460 = ORIENTED_EDGE ( 'NONE', *, *, #3059, .T. ) ;
#3461 = EDGE_CURVE ( 'NONE', #2134, #2140, #621, .T. ) ;
#3462 = CARTESIAN_POINT ( 'NONE',  ( 0.5471602782624270800, -0.01000000000000000000, 0.7529655536216428600 ) ) ;
#3463 = CARTESIAN_POINT ( 'NONE',  ( -0.3163397459621583600, -0.5679165124598838400, 0.7849999999999999200 ) ) ;
#3464 = FACE_OUTER_BOUND ( 'NONE', #1830, .T. ) ;
#3465 = ORIENTED_EDGE ( 'NONE', *, *, #66, .T. ) ;
#3466 = VERTEX_POINT ( 'NONE', #3044 ) ;
#3467 = CARTESIAN_POINT ( 'NONE',  ( 7.409113134841489000E-017, 0.0000000000000000000, 0.4250000000000001000 ) ) ;
#3468 = ORIENTED_EDGE ( 'NONE', *, *, #2164, .F. ) ;
#3469 = CARTESIAN_POINT ( 'NONE',  ( 8.266365894244635600E-017, 0.0000000000000000000, 0.5649999999999999500 ) ) ;
#3470 = CARTESIAN_POINT ( 'NONE',  ( 8.266365894244635600E-017, 0.0000000000000000000, 0.5649999999999999500 ) ) ;
#3471 = ORIENTED_EDGE ( 'NONE', *, *, #1419, .T. ) ;
#3472 = B_SPLINE_CURVE_WITH_KNOTS ( 'NONE', 3,
 ( #3960, #3331, #1440, #2066 ),
 .UNSPECIFIED., .F., .F.,
 ( 4, 4 ),
 ( 2.019659775572203500E-007, 0.02744312681923045600 ),
 .UNSPECIFIED. ) ;
#3473 = EDGE_LOOP ( 'NONE', ( #584, #3721, #2411, #1968, #1028 ) ) ;
#3474 = FACE_OUTER_BOUND ( 'NONE', #2191, .T. ) ;
#3475 = ORIENTED_EDGE ( 'NONE', *, *, #938, .T. ) ;
#3476 = ORIENTED_EDGE ( 'NONE', *, *, #3643, .F. ) ;
#3477 = FACE_OUTER_BOUND ( 'NONE', #3884, .T. ) ;
#3478 = CARTESIAN_POINT ( 'NONE',  ( 1.016337998740283200E-032, 0.0000000000000000000, -0.7849999999999999200 ) ) ;
#3479 = CARTESIAN_POINT ( 'NONE',  ( 0.6060788549399203100, -0.01000000000000000000, 0.6509309757625072500 ) ) ;
#3480 = ORIENTED_EDGE ( 'NONE', *, *, #3604, .T. ) ;
#3481 = CARTESIAN_POINT ( 'NONE',  ( 0.4996213068684408100, 0.01000000000000000000, -0.6450000000000001300 ) ) ;
#3482 = VECTOR ( 'NONE', #1683, 39.37007874015748100 ) ;
#3483 = ORIENTED_EDGE ( 'NONE', *, *, #811, .T. ) ;
#3484 = FACE_OUTER_BOUND ( 'NONE', #735, .T. ) ;
#3485 = EDGE_CURVE ( 'NONE', #1833, #359, #1031, .T. ) ;
#3486 = DIRECTION ( 'NONE',  ( -1.000000000000000000, 0.0000000000000000000, 6.123233995736766000E-017 ) ) ;
#3487 = CARTESIAN_POINT ( 'NONE',  ( -0.5846977727170938900, 0.01000000000000000000, 0.6879586712800982400 ) ) ;
#3488 = EDGE_CURVE ( 'NONE', #126, #1146, #1332, .T. ) ;
#3489 = VECTOR ( 'NONE', #3401, 39.37007874015748900 ) ;
#3490 = ORIENTED_EDGE ( 'NONE', *, *, #525, .F. ) ;
#3491 = VECTOR ( 'NONE', #26, 39.37007874015748100 ) ;
#3492 = CARTESIAN_POINT ( 'NONE',  ( -0.3196440358300138300, -0.1960935755151113900, -0.7850000000000002500 ) ) ;
#3493 = ORIENTED_EDGE ( 'NONE', *, *, #3488, .F. ) ;
#3494 = EDGE_CURVE ( 'NONE', #3370, #205, #104, .T. ) ;
#3495 = CIRCLE ( 'NONE', #3653, 0.6500000000000001300 ) ;
#3496 = VERTEX_POINT ( 'NONE', #32 ) ;
#3497 = DIRECTION ( 'NONE',  ( 0.3535533905932772300, 0.6123724356957940300, 0.7071067811865462400 ) ) ;
#3498 = AXIS2_PLACEMENT_3D ( 'NONE', #1891, #2216, #375 ) ;
#3499 = CARTESIAN_POINT ( 'NONE',  ( -0.6454202385439276000, -0.01000000000000000000, 0.3929644908330957000 ) ) ;
#3500 = CARTESIAN_POINT ( 'NONE',  ( 0.5750000000000000700, 0.0000000000000000000, 0.4250000000000001000 ) ) ;
#3501 = CARTESIAN_POINT ( 'NONE',  ( -0.5286618735176923400, 0.01000000000000000000, 0.7849999999999998100 ) ) ;
#3502 = CARTESIAN_POINT ( 'NONE',  ( 0.2764582562299440800, -0.1711602540378418000, 0.4209999999999986000 ) ) ;
#3503 = CARTESIAN_POINT ( 'NONE',  ( 1.406024796245492400E-033, 0.0000000000000000000, -0.7850000000000001400 ) ) ;
#3504 = CARTESIAN_POINT ( 'NONE',  ( 0.5578498911788079000, 0.3336217902232893600, 0.5750000000000001800 ) ) ;
#3505 = EDGE_CURVE ( 'NONE', #676, #3058, #702, .T. ) ;
#3506 = DIRECTION ( 'NONE',  ( -6.123233995736766000E-017, -0.0000000000000000000, -1.000000000000000000 ) ) ;
#3507 = DIRECTION ( 'NONE',  ( 6.123233995736766000E-017, 0.0000000000000000000, 1.000000000000000000 ) ) ;
#3508 = CARTESIAN_POINT ( 'NONE',  ( -0.3749555450165554200, -0.006667358245727003800, -0.5203342381481154100 ) ) ;
#3509 = PLANE ( 'NONE',  #3729 ) ;
#3510 =( BOUNDED_CURVE ( )  B_SPLINE_CURVE ( 3, ( #2641, #1124, #3551, #1700 ),
 .UNSPECIFIED., .F., .F. ) 
 B_SPLINE_CURVE_WITH_KNOTS ( ( 4, 4 ),
 ( 3.114922825417513000, 3.168262481762073300 ),
 .UNSPECIFIED. ) 
 CURVE ( )  GEOMETRIC_REPRESENTATION_ITEM ( )  RATIONAL_B_SPLINE_CURVE ( ( 1.000000000000000000, 0.9997629208080554000, 0.9997629208080554000, 1.000000000000000000 ) ) 
 REPRESENTATION_ITEM ( '' )  );
#3511 = EDGE_CURVE ( 'NONE', #2554, #3710, #2992, .T. ) ;
#3512 = VECTOR ( 'NONE', #973, 39.37007874015748900 ) ;
#3513 = CARTESIAN_POINT ( 'NONE',  ( -0.01000000000000003000, 0.0000000000000000000, 0.5650000000000001700 ) ) ;
#3514 = CARTESIAN_POINT ( 'NONE',  ( 0.01000000000000000000, 0.5873556913220342500, 0.6833556913220398800 ) ) ;
#3515 = ORIENTED_EDGE ( 'NONE', *, *, #3230, .T. ) ;
#3516 = AXIS2_PLACEMENT_3D ( 'NONE', #2537, #705, #1014 ) ;
#3517 = ORIENTED_EDGE ( 'NONE', *, *, #2934, .T. ) ;
#3518 = ORIENTED_EDGE ( 'NONE', *, *, #2148, .F. ) ;
#3519 = CARTESIAN_POINT ( 'NONE',  ( 0.5750000000000000700, -0.01000000000000000000, 0.5650000000000001700 ) ) ;
#3520 = VERTEX_POINT ( 'NONE', #2193 ) ;
#3521 = ORIENTED_EDGE ( 'NONE', *, *, #3267, .F. ) ;
#3522 = CARTESIAN_POINT ( 'NONE',  ( -0.4995335560866932500, -0.01000000000000000000, -0.6449122492182525200 ) ) ;
#3523 = CARTESIAN_POINT ( 'NONE',  ( -0.5846977727170938900, -0.01000000000000000000, 0.6879586712800982400 ) ) ;
#3524 = ORIENTED_EDGE ( 'NONE', *, *, #2528, .F. ) ;
#3525 = CARTESIAN_POINT ( 'NONE',  ( 1.406024796245492400E-033, 0.0000000000000000000, -0.7850000000000001400 ) ) ;
#3526 = VECTOR ( 'NONE', #1973, 39.37007874015748900 ) ;
#3527 = DIRECTION ( 'NONE',  ( -0.8660254037844433700, -0.4999999999999920100, 0.0000000000000000000 ) ) ;
#3528 = VERTEX_POINT ( 'NONE', #331 ) ;
#3529 = LINE ( 'NONE', #1417, #1039 ) ;
#3530 = ORIENTED_EDGE ( 'NONE', *, *, #1513, .T. ) ;
#3531 = VECTOR ( 'NONE', #3421, 39.37007874015748100 ) ;
#3532 = CARTESIAN_POINT ( 'NONE',  ( 0.3231309705188289400, 0.1904096673417788900, 0.4710444628897156900 ) ) ;
#3533 = CARTESIAN_POINT ( 'NONE',  ( 0.5578498911788077900, 0.3336217902232893600, 0.4250000000000000400 ) ) ;
#3534 = FACE_OUTER_BOUND ( 'NONE', #929, .T. ) ;
#3535 = ORIENTED_EDGE ( 'NONE', *, *, #1075, .T. ) ;
#3536 = LINE ( 'NONE', #2884, #2094 ) ;
#3537 = CARTESIAN_POINT ( 'NONE',  ( 0.5136649497422556300, -0.2850175916231680300, 0.6833556913220399900 ) ) ;
#3538 = CARTESIAN_POINT ( 'NONE',  ( -0.4996213068684408100, 0.01000000000000000000, -0.6450000000000001300 ) ) ;
#3539 = CARTESIAN_POINT ( 'NONE',  ( -0.01000000000000000000, -0.3249999999999999600, 0.4209999999999986000 ) ) ;
#3540 = CONICAL_SURFACE ( 'NONE', #956, 0.5287564434701826900, 0.5235987755982853800 ) ;
#3541 = VERTEX_POINT ( 'NONE', #628 ) ;
#3542 = CARTESIAN_POINT ( 'NONE',  ( -0.1787730674394228400, -0.3296440358300141700, -0.5202453360860910300 ) ) ;
#3543 = CARTESIAN_POINT ( 'NONE',  ( 0.5028892949240791900, 0.2787962644132134800, -0.7850000000000001400 ) ) ;
#3544 = EDGE_CURVE ( 'NONE', #1682, #3870, #1353, .T. ) ;
#3545 = FACE_OUTER_BOUND ( 'NONE', #1677, .T. ) ;
#3546 = EDGE_LOOP ( 'NONE', ( #1821, #2850, #3417, #1393 ) ) ;
#3547 = CARTESIAN_POINT ( 'NONE',  ( 0.1787730674394251700, 0.3296440358300130000, -0.5202453360860911400 ) ) ;
#3548 = CARTESIAN_POINT ( 'NONE',  ( -0.3296440358300138400, -0.1787730674394226400, -0.7850000000000002500 ) ) ;
#3549 = CARTESIAN_POINT ( 'NONE',  ( 8.266365894244635600E-017, 0.0000000000000000000, 0.5649999999999999500 ) ) ;
#3550 = CARTESIAN_POINT ( 'NONE',  ( -0.01000000000000000000, -0.6499230723708769900, 0.4250000000000001000 ) ) ;
#3551 = CARTESIAN_POINT ( 'NONE',  ( -0.3264650943035360400, -0.1846347955479420200, 0.4710444628897156300 ) ) ;
#3552 = AXIS2_PLACEMENT_3D ( 'NONE', #2358, #2640, #3263 ) ;
#3553 = CARTESIAN_POINT ( 'NONE',  ( 7.409113134841489000E-017, 0.0000000000000000000, 0.4250000000000001000 ) ) ;
#3554 = CARTESIAN_POINT ( 'NONE',  ( -0.4205548423825793400, -0.2312604460747929300, -0.7850000000000002500 ) ) ;
#3555 = CARTESIAN_POINT ( 'NONE',  ( 8.327598234202003100E-017, 0.0000000000000000000, 0.5750000000000001800 ) ) ;
#3556 = B_SPLINE_CURVE_WITH_KNOTS ( 'NONE', 3,
 ( #1256, #1577, #50, #88, #1555, #1291, #71, #3161, #2821, #3115 ),
 .UNSPECIFIED., .F., .F.,
 ( 4, 3, 3, 4 ),
 ( 0.05574543752785233300, 0.06061140657853184000, 0.08295014895826402500, 0.08678157452061866000 ),
 .UNSPECIFIED. ) ;
#3557 = AXIS2_PLACEMENT_3D ( 'NONE', #318, #3703, #3714 ) ;
#3558 = CARTESIAN_POINT ( 'NONE',  ( 0.3296440358300167200, -0.1787730674394182600, -0.7850000000000002500 ) ) ;
#3559 = DIRECTION ( 'NONE',  ( -1.000000000000000000, 0.0000000000000000000, 1.187759997245331800E-016 ) ) ;
#3560 = DIRECTION ( 'NONE',  ( -1.000000000000000000, 0.0000000000000000000, 1.050710766793947200E-016 ) ) ;
#3561 = DIRECTION ( 'NONE',  ( 0.7071067811865463500, 0.0000000000000000000, -0.7071067811865487900 ) ) ;
#3562 = EDGE_CURVE ( 'NONE', #2959, #106, #2303, .T. ) ;
#3563 = CARTESIAN_POINT ( 'NONE',  ( -0.5317267858293443000, 0.2954455975501122900, 0.6472372535264500100 ) ) ;
#3564 = DATE_AND_TIME ( #966, #3957 ) ;
#3565 = EDGE_CURVE ( 'NONE', #1273, #800, #1003, .T. ) ;
#3566 = ORIENTED_EDGE ( 'NONE', *, *, #2816, .F. ) ;
#3567 = DIRECTION ( 'NONE',  ( 0.0000000000000000000, 0.0000000000000000000, 1.000000000000000000 ) ) ;
#3568 =( BOUNDED_CURVE ( )  B_SPLINE_CURVE ( 3, ( #2418, #3338, #2121, #1496 ),
 .UNSPECIFIED., .F., .F. ) 
 B_SPLINE_CURVE_WITH_KNOTS ( ( 4, 4 ),
 ( 6.256515479007306100, 6.283185307179586200 ),
 .UNSPECIFIED. ) 
 CURVE ( )  GEOMETRIC_REPRESENTATION_ITEM ( )  RATIONAL_B_SPLINE_CURVE ( ( 1.000000000000000000, 0.9999407275670978400, 0.9999407275670978400, 1.000000000000000000 ) ) 
 REPRESENTATION_ITEM ( '' )  );
#3569 = CARTESIAN_POINT ( 'NONE',  ( 0.3196440358300127200, 0.1960935755151137800, -0.7850000000000001400 ) ) ;
#3570 = CARTESIAN_POINT ( 'NONE',  ( -0.1787730674394228400, -0.3296440358300141700, -0.5202453360860910300 ) ) ;
#3571 = CYLINDRICAL_SURFACE ( 'NONE', #3557, 0.6500000000000001300 ) ;
#3572 = ORIENTED_EDGE ( 'NONE', *, *, #2492, .T. ) ;
#3573 = PRODUCT_RELATED_PRODUCT_CATEGORY ( 'detail', '', ( #3197 ) ) ;
#3574 = ORIENTED_EDGE ( 'NONE', *, *, #1471, .T. ) ;
#3575 = EDGE_CURVE ( 'NONE', #3194, #3496, #1866, .T. ) ;
#3576 = CARTESIAN_POINT ( 'NONE',  ( -0.2411503993963719200, 0.4376847440200525900, -0.6450000000000001300 ) ) ;
#3577 = DIRECTION ( 'NONE',  ( -1.000000000000000000, 0.0000000000000000000, 0.0000000000000000000 ) ) ;
#3578 = PLANE ( 'NONE',  #3606 ) ;
#3579 = VERTEX_POINT ( 'NONE', #3692 ) ;
#3580 = EDGE_LOOP ( 'NONE', ( #2595, #2506, #20, #762 ) ) ;
#3581 = CIRCLE ( 'NONE', #2024, 0.5749999999999999600 ) ;
#3582 = AXIS2_PLACEMENT_3D ( 'NONE', #2282, #437, #1955 ) ;
#3583 = ORIENTED_EDGE ( 'NONE', *, *, #2098, .T. ) ;
#3584 = CARTESIAN_POINT ( 'NONE',  ( 0.01000000000000000000, -0.6163112956448895100, 0.6332100393024492300 ) ) ;
#3585 = ORIENTED_EDGE ( 'NONE', *, *, #3362, .T. ) ;
#3586 = DIRECTION ( 'NONE',  ( -6.123233995736766000E-017, -0.0000000000000000000, -1.000000000000000000 ) ) ;
#3587 = DIRECTION ( 'NONE',  ( -6.123233995736766000E-017, -0.0000000000000000000, -1.000000000000000000 ) ) ;
#3588 = EDGE_LOOP ( 'NONE', ( #866, #889, #1234, #3945, #1494, #2377, #404, #347, #2739 ) ) ;
#3589 = LINE ( 'NONE', #1812, #1751 ) ;
#3590 = EDGE_LOOP ( 'NONE', ( #3566, #2756, #312, #3468 ) ) ;
#3591 = AXIS2_PLACEMENT_3D ( 'NONE', #2322, #2945, #2023 ) ;
#3592 = LINE ( 'NONE', #3409, #3296 ) ;
#3593 = VECTOR ( 'NONE', #2976, 39.37007874015748100 ) ;
#3594 = VERTEX_POINT ( 'NONE', #1242 ) ;
#3595 = CARTESIAN_POINT ( 'NONE',  ( 1.406024796245492400E-033, 0.0000000000000000000, -0.7850000000000001400 ) ) ;
#3596 = CIRCLE ( 'NONE', #1460, 0.6500000000000001300 ) ;
#3597 = ORIENTED_EDGE ( 'NONE', *, *, #116, .T. ) ;
#3598 = CARTESIAN_POINT ( 'NONE',  ( 0.3748666429545313200, -0.01000000000000000000, -0.7850000000000001400 ) ) ;
#3599 = CARTESIAN_POINT ( 'NONE',  ( 0.5028892949240793000, 0.2787962644132134800, 0.5649999999999999500 ) ) ;
#3600 = CIRCLE ( 'NONE', #3974, 0.5749999999999999600 ) ;
#3601 = ADVANCED_FACE ( 'NONE', ( #2159 ), #3571, .T. ) ;
#3602 = DIRECTION ( 'NONE',  ( -6.123233995736766000E-017, -0.0000000000000000000, -1.000000000000000000 ) ) ;
#3603 = CARTESIAN_POINT ( 'NONE',  ( 9.613477373306722300E-017, 0.0000000000000000000, 0.7849999999999998100 ) ) ;
#3604 = EDGE_CURVE ( 'NONE', #2447, #1398, #1626, .T. ) ;
#3605 = CARTESIAN_POINT ( 'NONE',  ( 0.3336217902232815300, -0.5578498911788124500, 0.4250000000000001000 ) ) ;
#3606 = AXIS2_PLACEMENT_3D ( 'NONE', #1072, #3896, #2335 ) ;
#3607 = DIRECTION ( 'NONE',  ( 6.123233995736766000E-017, 0.0000000000000000000, 1.000000000000000000 ) ) ;
#3608 = CARTESIAN_POINT ( 'NONE',  ( 7.409113134841489000E-017, 0.0000000000000000000, 0.4250000000000001000 ) ) ;
#3609 = CARTESIAN_POINT ( 'NONE',  ( 1.016337998740283200E-032, 0.0000000000000000000, -0.7849999999999999200 ) ) ;
#3610 = CARTESIAN_POINT ( 'NONE',  ( 0.1350897459621580300, 0.2539823035880274200, 0.5650000000000001700 ) ) ;
#3611 = CARTESIAN_POINT ( 'NONE',  ( 0.5287564434701828000, 0.0000000000000000000, 0.7849999999999999200 ) ) ;
#3612 = LINE ( 'NONE', #3234, #1385 ) ;
#3613 = ORIENTED_EDGE ( 'NONE', *, *, #1009, .F. ) ;
#3614 = CARTESIAN_POINT ( 'NONE',  ( 0.01000000000000008300, -0.5749130369021039400, 0.5649999999999999500 ) ) ;
#3615 = EDGE_CURVE ( 'NONE', #2140, #2123, #2535, .T. ) ;
#3616 = ORIENTED_EDGE ( 'NONE', *, *, #1342, .T. ) ;
#3617 = VERTEX_POINT ( 'NONE', #1045 ) ;
#3618 = CARTESIAN_POINT ( 'NONE',  ( -0.5136649497422515200, -0.2850175916231751400, 0.6833556913220398800 ) ) ;
#3619 = EDGE_CURVE ( 'NONE', #2406, #3047, #3813, .T. ) ;
#3620 = ORIENTED_EDGE ( 'NONE', *, *, #3837, .T. ) ;
#3621 = ORIENTED_EDGE ( 'NONE', *, *, #2068, .F. ) ;
#3622 = VECTOR ( 'NONE', #3951, 39.37007874015747400 ) ;
#3623 = CARTESIAN_POINT ( 'NONE',  ( 7.409113134841489000E-017, 0.0000000000000000000, 0.4250000000000001000 ) ) ;
#3624 = DIRECTION ( 'NONE',  ( 0.4999999999999920100, 0.8660254037844433700, -0.0000000000000000000 ) ) ;
#3625 = CARTESIAN_POINT ( 'NONE',  ( 0.2584270320811893300, -0.4276087496138544800, -0.6449122492182514100 ) ) ;
#3626 = ORIENTED_EDGE ( 'NONE', *, *, #294, .T. ) ;
#3627 = CIRCLE ( 'NONE', #2695, 0.4799455900101061200 ) ;
#3628 = ORIENTED_EDGE ( 'NONE', *, *, #1885, .T. ) ;
#3629 = VECTOR ( 'NONE', #348, 39.37007874015748100 ) ;
#3630 = AXIS2_PLACEMENT_3D ( 'NONE', #1140, #3244, #1439 ) ;
#3631 = CARTESIAN_POINT ( 'NONE',  ( 0.01000000000000000000, -0.6499230723708769900, 0.4250000000000001000 ) ) ;
#3632 = CYLINDRICAL_SURFACE ( 'NONE', #3765, 0.5749999999999999600 ) ;
#3633 = ORIENTED_EDGE ( 'NONE', *, *, #3944, .T. ) ;
#3634 = VECTOR ( 'NONE', #1059, 39.37007874015748900 ) ;
#3635 = DIRECTION ( 'NONE',  ( 1.000000000000000000, 0.0000000000000000000, -6.123233995736766000E-017 ) ) ;
#3636 = LINE ( 'NONE', #1153, #3784 ) ;
#3637 = ORIENTED_EDGE ( 'NONE', *, *, #1288, .T. ) ;
#3638 = B_SPLINE_CURVE_WITH_KNOTS ( 'NONE', 3,
 ( #2846, #1346, #3174, #1641 ),
 .UNSPECIFIED., .F., .F.,
 ( 4, 4 ),
 ( 2.019659775584441300E-007, 0.03103633895897224200 ),
 .UNSPECIFIED. ) ;
#3639 = CARTESIAN_POINT ( 'NONE',  ( -0.01000000000000000000, 0.5008390441712572400, -0.6356250746976467300 ) ) ;
#3640 = DIRECTION ( 'NONE',  ( -6.123233995736766000E-017, -0.0000000000000000000, -1.000000000000000000 ) ) ;
#3641 = VECTOR ( 'NONE', #3290, 39.37007874015748900 ) ;
#3642 = ORIENTED_EDGE ( 'NONE', *, *, #3043, .F. ) ;
#3643 = EDGE_CURVE ( 'NONE', #2700, #548, #1337, .T. ) ;
#3644 = EDGE_CURVE ( 'NONE', #3864, #2811, #532, .T. ) ;
#3645 = CARTESIAN_POINT ( 'NONE',  ( -0.2764582562299418000, -0.1711602540378456500, 0.4209999999999986000 ) ) ;
#3646 = CARTESIAN_POINT ( 'NONE',  ( 0.6499230723708772100, -0.01000000000000000000, 0.4250000000000000400 ) ) ;
#3647 = EDGE_CURVE ( 'NONE', #672, #1273, #3368, .T. ) ;
#3648 = CARTESIAN_POINT ( 'NONE',  ( 0.5678498911788146800, -0.3163012821475887900, 0.5750000000000001800 ) ) ;
#3649 = DIRECTION ( 'NONE',  ( -0.0000000000000000000, -0.7071067811865381400, -0.7071067811865569000 ) ) ;
#3650 = AXIS2_PLACEMENT_3D ( 'NONE', #694, #1868, #3768 ) ;
#3651 = CARTESIAN_POINT ( 'NONE',  ( -0.2411065240055040900, -0.4376087496138536000, -0.6449122492182520800 ) ) ;
#3652 = CARTESIAN_POINT ( 'NONE',  ( -0.01000000000000000000, -0.5873556913220342500, 0.6833556913220398800 ) ) ;
#3653 = AXIS2_PLACEMENT_3D ( 'NONE', #3093, #1853, #1287 ) ;
#3654 = CARTESIAN_POINT ( 'NONE',  ( 0.5750000000000000700, 0.0000000000000000000, 0.4250000000000001000 ) ) ;
#3655 = ORIENTED_EDGE ( 'NONE', *, *, #321, .T. ) ;
#3656 = VECTOR ( 'NONE', #1176, 39.37007874015748100 ) ;
#3657 = CARTESIAN_POINT ( 'NONE',  ( -0.4995335560866932500, -0.01000000000000000000, -0.6449122492182525200 ) ) ;
#3658 = DIRECTION ( 'NONE',  ( -6.123233995736766000E-017, -0.0000000000000000000, -1.000000000000000000 ) ) ;
#3659 = VERTEX_POINT ( 'NONE', #2563 ) ;
#3660 = ORIENTED_EDGE ( 'NONE', *, *, #3230, .F. ) ;
#3661 = CARTESIAN_POINT ( 'NONE',  ( -0.2961167724888917300, 0.4928892949240851200, 0.4250000000000001000 ) ) ;
#3662 = ORIENTED_EDGE ( 'NONE', *, *, #298, .T. ) ;
#3663 = CARTESIAN_POINT ( 'NONE',  ( 0.3336217902232856400, 0.5578498911788103400, 0.5750000000000001800 ) ) ;
#3664 = ORIENTED_EDGE ( 'NONE', *, *, #1780, .T. ) ;
#3665 = EDGE_CURVE ( 'NONE', #722, #1682, #1013, .T. ) ;
#3666 = VECTOR ( 'NONE', #2580, 39.37007874015748100 ) ;
#3667 = ADVANCED_FACE ( 'NONE', ( #2788 ), #3445, .F. ) ;
#3668 =( NAMED_UNIT ( * ) SI_UNIT ( $, .STERADIAN. ) SOLID_ANGLE_UNIT ( ) );
#3669 = VERTEX_POINT ( 'NONE', #3773 ) ;
#3670 = ORIENTED_EDGE ( 'NONE', *, *, #2579, .T. ) ;
#3671 = CARTESIAN_POINT ( 'NONE',  ( 0.1960935755151092800, -0.3196440358300154400, 0.7849999999999998100 ) ) ;
#3672 = CIRCLE ( 'NONE', #3272, 0.6500000000000001300 ) ;
#3673 = EDGE_LOOP ( 'NONE', ( #1217, #3655, #3088, #2511 ) ) ;
#3674 = ADVANCED_FACE ( 'NONE', ( #3464 ), #1206, .T. ) ;
#3675 = EDGE_CURVE ( 'NONE', #932, #205, #2837, .T. ) ;
#3676 = LINE ( 'NONE', #770, #3482 ) ;
#3677 = CARTESIAN_POINT ( 'NONE',  ( -0.01000000000000000000, 0.4938398893661268300, -0.6854167248772706800 ) ) ;
#3678 = VERTEX_POINT ( 'NONE', #2235 ) ;
#3679 = PLANE ( 'NONE',  #1430 ) ;
#3680 = VECTOR ( 'NONE', #235, 39.37007874015748100 ) ;
#3681 = VECTOR ( 'NONE', #1222, 39.37007874015748900 ) ;
#3682 = ORIENTED_EDGE ( 'NONE', *, *, #3774, .F. ) ;
#3683 = AXIS2_PLACEMENT_3D ( 'NONE', #3623, #2981, #487 ) ;
#3684 = CARTESIAN_POINT ( 'NONE',  ( 0.2556706827210007400, -0.4628346124785979700, 0.7849999999999998100 ) ) ;
#3685 = CARTESIAN_POINT ( 'NONE',  ( 0.3750000000000001700, 0.0000000000000000000, -0.7849999999999999200 ) ) ;
#3686 = VECTOR ( 'NONE', #3770, 39.37007874015748100 ) ;
#3687 = ORIENTED_EDGE ( 'NONE', *, *, #2227, .F. ) ;
#3688 = CARTESIAN_POINT ( 'NONE',  ( 0.2556706827210007400, -0.4628346124785979700, 0.7849999999999998100 ) ) ;
#3689 = LINE ( 'NONE', #3891, #3841 ) ;
#3690 =( BOUNDED_CURVE ( )  B_SPLINE_CURVE ( 3, ( #3807, #2514, #1953, #2241 ),
 .UNSPECIFIED., .F., .F. ) 
 B_SPLINE_CURVE_WITH_KNOTS ( ( 4, 4 ),
 ( 3.114922825417513400, 3.168262481762073300 ),
 .UNSPECIFIED. ) 
 CURVE ( )  GEOMETRIC_REPRESENTATION_ITEM ( )  RATIONAL_B_SPLINE_CURVE ( ( 1.000000000000000000, 0.9997629208080554000, 0.9997629208080554000, 1.000000000000000000 ) ) 
 REPRESENTATION_ITEM ( '' )  );
#3691 = CARTESIAN_POINT ( 'NONE',  ( -0.3196440358300154400, 0.1960935755151092800, -0.7850000000000002500 ) ) ;
#3692 = CARTESIAN_POINT ( 'NONE',  ( -0.2584270320811922800, -0.4276087496138525900, -0.6449122492182509700 ) ) ;
#3693 = ADVANCED_FACE ( 'NONE', ( #1250 ), #2258, .T. ) ;
#3694 = EDGE_CURVE ( 'NONE', #676, #2920, #432, .T. ) ;
#3695 = EDGE_CURVE ( 'NONE', #2219, #1487, #1574, .T. ) ;
#3696 = CARTESIAN_POINT ( 'NONE',  ( 0.3163012821475929000, -0.5678498911788124600, 0.5750000000000001800 ) ) ;
#3697 = ADVANCED_FACE ( 'NONE', ( #3076 ), #2524, .T. ) ;
#3698 = ORIENTED_EDGE ( 'NONE', *, *, #1419, .F. ) ;
#3699 = AXIS2_PLACEMENT_3D ( 'NONE', #243, #3303, #3635 ) ;
#3700 = PERSON_AND_ORGANIZATION_ROLE ( 'creator' ) ;
#3701 = EDGE_CURVE ( 'NONE', #3124, #974, #3612, .T. ) ;
#3702 = DIRECTION ( 'NONE',  ( 0.3535533905932686800, -0.6123724356957989100, 0.7071067811865463500 ) ) ;
#3703 = DIRECTION ( 'NONE',  ( -6.123233995736766000E-017, -0.0000000000000000000, -1.000000000000000000 ) ) ;
#3704 = AXIS2_PLACEMENT_3D ( 'NONE', #1986, #2025, #2620 ) ;
#3705 = CARTESIAN_POINT ( 'NONE',  ( 0.5187535610328775100, -0.2879555027216098600, 0.02166633889899535100 ) ) ;
#3706 = DIRECTION ( 'NONE',  ( 0.0000000000000000000, 1.000000000000000000, 0.0000000000000000000 ) ) ;
#3707 = VECTOR ( 'NONE', #1933, 39.37007874015748900 ) ;
#3708 = AXIS2_PLACEMENT_3D ( 'NONE', #3922, #867, #2079 ) ;
#3709 = ORIENTED_EDGE ( 'NONE', *, *, #3072, .F. ) ;
#3710 = VERTEX_POINT ( 'NONE', #155 ) ;
#3711 = ORIENTED_EDGE ( 'NONE', *, *, #2152, .T. ) ;
#3712 = ORIENTED_EDGE ( 'NONE', *, *, #3357, .T. ) ;
#3713 = DIRECTION ( 'NONE',  ( -6.123233995736766000E-017, 0.0000000000000000000, -1.000000000000000000 ) ) ;
#3714 = DIRECTION ( 'NONE',  ( -1.000000000000000000, 0.0000000000000000000, 0.0000000000000000000 ) ) ;
#3715 = EDGE_CURVE ( 'NONE', #1020, #2542, #3821, .T. ) ;
#3716 = ORIENTED_EDGE ( 'NONE', *, *, #191, .T. ) ;
#3717 = ORIENTED_EDGE ( 'NONE', *, *, #1100, .F. ) ;
#3718 = LINE ( 'NONE', #907, #75 ) ;
#3719 = CARTESIAN_POINT ( 'NONE',  ( 0.2584270320811893300, -0.4276087496138544800, -0.6449122492182514100 ) ) ;
#3720 = EDGE_CURVE ( 'NONE', #3236, #3967, #3180, .T. ) ;
#3721 = ORIENTED_EDGE ( 'NONE', *, *, #444, .T. ) ;
#3722 = LINE ( 'NONE', #865, #2858 ) ;
#3723 = ORIENTED_EDGE ( 'NONE', *, *, #3665, .T. ) ;
#3724 = FACE_OUTER_BOUND ( 'NONE', #2607, .T. ) ;
#3725 = DIRECTION ( 'NONE',  ( -1.000000000000000000, 0.0000000000000000000, 0.0000000000000000000 ) ) ;
#3726 = DIRECTION ( 'NONE',  ( -0.3535533905932716800, 0.6123724356957942500, -0.7071067811865487900 ) ) ;
#3727 = ORIENTED_EDGE ( 'NONE', *, *, #3267, .T. ) ;
#3728 = LINE ( 'NONE', #394, #3150 ) ;
#3729 = AXIS2_PLACEMENT_3D ( 'NONE', #1745, #2501, #982 ) ;
#3730 = CARTESIAN_POINT ( 'NONE',  ( 0.3336217902232855300, 0.5578498911788101200, 0.5649999999999999500 ) ) ;
#3731 = CARTESIAN_POINT ( 'NONE',  ( -0.6484221289771116000, 0.01000000000000000000, 0.4143214967735572300 ) ) ;
#3732 = FACE_OUTER_BOUND ( 'NONE', #345, .T. ) ;
#3733 = VERTEX_POINT ( 'NONE', #472 ) ;
#3734 = AXIS2_PLACEMENT_3D ( 'NONE', #3956, #3028, #269 ) ;
#3735 = LINE ( 'NONE', #2879, #857 ) ;
#3736 = VERTEX_POINT ( 'NONE', #1057 ) ;
#3737 = DIRECTION ( 'NONE',  ( -6.123233995736766000E-017, -0.0000000000000000000, -1.000000000000000000 ) ) ;
#3738 = DIRECTION ( 'NONE',  ( -6.123233995736766000E-017, -0.0000000000000000000, -1.000000000000000000 ) ) ;
#3739 = ADVANCED_FACE ( 'NONE', ( #335 ), #2891, .T. ) ;
#3740 = CARTESIAN_POINT ( 'NONE',  ( -0.01000000000000000000, -1.375000000000000000, -0.7850000000000001400 ) ) ;
#3741 = CARTESIAN_POINT ( 'NONE',  ( -0.1787730674394181800, 0.3296440358300165600, 0.7849999999999998100 ) ) ;
#3742 = CARTESIAN_POINT ( 'NONE',  ( 0.2411503993963750300, -0.4376847440200509800, -0.6450000000000001300 ) ) ;
#3743 = CARTESIAN_POINT ( 'NONE',  ( 7.409113134841489000E-017, 0.0000000000000000000, 0.4250000000000001000 ) ) ;
#3744 = CARTESIAN_POINT ( 'NONE',  ( 0.01000000000000000000, 0.6499230723708769900, 0.4250000000000001000 ) ) ;
#3745 = CARTESIAN_POINT ( 'NONE',  ( -0.5186507119713129600, 0.01000000000000000000, -0.5089128607762308800 ) ) ;
#3746 = EDGE_CURVE ( 'NONE', #2451, #1447, #1437, .T. ) ;
#3747 = DIRECTION ( 'NONE',  ( -0.0000000000000000000, 1.000000000000000000, 1.300879996982982500E-016 ) ) ;
#3748 = DIRECTION ( 'NONE',  ( -1.000000000000000000, 0.0000000000000000000, 1.050710766793947200E-016 ) ) ;
#3749 = CARTESIAN_POINT ( 'NONE',  ( 0.2556706827210072400, 0.4628346124785943600, 0.7849999999999999200 ) ) ;
#3750 = CARTESIAN_POINT ( 'NONE',  ( 0.3196440358300168300, -0.1960935755151071400, -0.7850000000000002500 ) ) ;
#3751 = DIRECTION ( 'NONE',  ( -6.123233995736766000E-017, -0.0000000000000000000, -1.000000000000000000 ) ) ;
#3752 = CARTESIAN_POINT ( 'NONE',  ( 0.01000000000000000000, -0.3748666429545313200, -0.7850000000000001400 ) ) ;
#3753 = ADVANCED_FACE ( 'NONE', ( #1915 ), #1664, .T. ) ;
#3754 = CARTESIAN_POINT ( 'NONE',  ( 0.2787962644132134800, 0.5028892949240791900, -0.7850000000000001400 ) ) ;
#3755 = CIRCLE ( 'NONE', #1017, 0.5749999999999999600 ) ;
#3756 = DIRECTION ( 'NONE',  ( 0.5000000000000041100, -0.8660254037844362700, 0.0000000000000000000 ) ) ;
#3757 = AXIS2_PLACEMENT_3D ( 'NONE', #3959, #1195, #2114 ) ;
#3758 = ORIENTED_EDGE ( 'NONE', *, *, #888, .F. ) ;
#3759 = B_SPLINE_CURVE_WITH_KNOTS ( 'NONE', 3,
 ( #1567, #2824, #983, #329, #3128, #681, #1278 ),
 .UNSPECIFIED., .F., .F.,
 ( 4, 3, 4 ),
 ( 0.01553013568744281500, 0.01700092803892665200, 0.01870824647136297800 ),
 .UNSPECIFIED. ) ;
#3760 = LINE ( 'NONE', #745, #2647 ) ;
#3761 = CARTESIAN_POINT ( 'NONE',  ( 0.3749555450165555400, 0.006667358245727003800, -0.5203342381481154100 ) ) ;
#3762 = ORIENTED_EDGE ( 'NONE', *, *, #2120, .T. ) ;
#3763 = DIRECTION ( 'NONE',  ( -0.6123724356957985800, -0.3535533905932855500, 0.7071067811865382500 ) ) ;
#3764 = EDGE_LOOP ( 'NONE', ( #1703, #1744, #2399, #1875, #3299, #831, #137, #1212, #2172 ) ) ;
#3765 = AXIS2_PLACEMENT_3D ( 'NONE', #233, #3277, #2972 ) ;
#3766 = VERTEX_POINT ( 'NONE', #1705 ) ;
#3767 = VERTEX_POINT ( 'NONE', #3874 ) ;
#3768 = DIRECTION ( 'NONE',  ( -1.000000000000000000, 0.0000000000000000000, 0.0000000000000000000 ) ) ;
#3769 = VECTOR ( 'NONE', #3329, 39.37007874015748100 ) ;
#3770 = DIRECTION ( 'NONE',  ( -6.123233995736766000E-017, -0.0000000000000000000, -1.000000000000000000 ) ) ;
#3771 = ORIENTED_EDGE ( 'NONE', *, *, #1493, .T. ) ;
#3772 = EDGE_LOOP ( 'NONE', ( #562, #2291, #1697, #625, #1918, #36 ) ) ;
#3773 = CARTESIAN_POINT ( 'NONE',  ( 0.01000000000000003000, 0.6499230723708769900, 0.5649999999999999500 ) ) ;
#3774 = EDGE_CURVE ( 'NONE', #2280, #2463, #2020, .T. ) ;
#3775 = FACE_OUTER_BOUND ( 'NONE', #1310, .T. ) ;
#3776 = VERTEX_POINT ( 'NONE', #1716 ) ;
#3777 = ORIENTED_EDGE ( 'NONE', *, *, #1944, .F. ) ;
#3778 = ORIENTED_EDGE ( 'NONE', *, *, #669, .F. ) ;
#3779 = CIRCLE ( 'NONE', #742, 0.6500000000000001300 ) ;
#3780 = CARTESIAN_POINT ( 'NONE',  ( -0.1960935755151071200, 0.3196440358300168300, -0.5202453360860911400 ) ) ;
#3781 = CARTESIAN_POINT ( 'NONE',  ( 7.409113134841489000E-017, 0.0000000000000000000, 0.4250000000000001000 ) ) ;
#3782 = AXIS2_PLACEMENT_3D ( 'NONE', #2327, #3851, #2288 ) ;
#3783 = EDGE_CURVE ( 'NONE', #435, #737, #1063, .T. ) ;
#3784 = VECTOR ( 'NONE', #1427, 39.37007874015748100 ) ;
#3785 = ORIENTED_EDGE ( 'NONE', *, *, #144, .T. ) ;
#3786 = DIRECTION ( 'NONE',  ( 0.0000000000000000000, -1.000000000000000000, 0.0000000000000000000 ) ) ;
#3787 = DIRECTION ( 'NONE',  ( -1.000000000000000000, 0.0000000000000000000, 0.0000000000000000000 ) ) ;
#3788 = CARTESIAN_POINT ( 'NONE',  ( -0.3296440358300141700, -0.1787730674394228100, -0.7850000000000001400 ) ) ;
#3789 = PLANE ( 'NONE',  #2988 ) ;
#3790 = LINE ( 'NONE', #3463, #1509 ) ;
#3791 = VERTEX_POINT ( 'NONE', #2030 ) ;
#3792 = AXIS2_PLACEMENT_3D ( 'NONE', #1926, #2540, #3188 ) ;
#3793 = DIRECTION ( 'NONE',  ( -6.123233995736766000E-017, -0.0000000000000000000, -1.000000000000000000 ) ) ;
#3794 = CARTESIAN_POINT ( 'NONE',  ( -0.6064397785292893200, 0.01000000000000000000, 0.6503059190099518300 ) ) ;
#3795 = EDGE_CURVE ( 'NONE', #496, #2406, #2379, .T. ) ;
#3796 = CIRCLE ( 'NONE', #2913, 0.6500000000000001300 ) ;
#3797 = B_SPLINE_CURVE_WITH_KNOTS ( 'NONE', 3,
 ( #3933, #1166, #1133, #1771 ),
 .UNSPECIFIED., .F., .F.,
 ( 4, 4 ),
 ( 1.813755728360110800E-006, 0.003179924545928811900 ),
 .UNSPECIFIED. ) ;
#3798 = CARTESIAN_POINT ( 'NONE',  ( 0.3336217902232856400, 0.5578498911788103400, 0.5750000000000001800 ) ) ;
#3799 = CARTESIAN_POINT ( 'NONE',  ( -0.5397884147873669400, 0.3231939919667185000, 0.6111186776242545400 ) ) ;
#3800 = CARTESIAN_POINT ( 'NONE',  ( -0.5087535610328755000, 0.3052760107973022700, 0.02166633889899542000 ) ) ;
#3801 = CARTESIAN_POINT ( 'NONE',  ( 0.5678498911788080200, 0.3163012821476007800, -0.7850000000000001400 ) ) ;
#3802 = DIRECTION ( 'NONE',  ( -6.123233995736766000E-017, -0.0000000000000000000, -1.000000000000000000 ) ) ;
#3803 = VERTEX_POINT ( 'NONE', #2603 ) ;
#3804 = CARTESIAN_POINT ( 'NONE',  ( -0.005000000000000039100, 0.008660254037844362200, 0.0000000000000000000 ) ) ;
#3805 = DIRECTION ( 'NONE',  ( -6.123233995736766000E-017, -0.0000000000000000000, -1.000000000000000000 ) ) ;
#3806 = EDGE_CURVE ( 'NONE', #3766, #2026, #3760, .T. ) ;
#3807 = CARTESIAN_POINT ( 'NONE',  ( 0.3296440358300166100, -0.1787730674394182000, 0.4708666429545312900 ) ) ;
#3808 = CARTESIAN_POINT ( 'NONE',  ( 0.2932018963615372100, -0.4878405813737293800, 0.7150005840914298600 ) ) ;
#3809 = DATE_AND_TIME ( #1294, #2111 ) ;
#3810 = AXIS2_PLACEMENT_3D ( 'NONE', #3173, #2200, #110 ) ;
#3811 = DIRECTION ( 'NONE',  ( -1.000000000000000000, 0.0000000000000000000, 0.0000000000000000000 ) ) ;
#3812 = CARTESIAN_POINT ( 'NONE',  ( -0.5678498911788103500, -0.3163012821475967900, -0.7850000000000001400 ) ) ;
#3813 = LINE ( 'NONE', #1616, #2212 ) ;
#3814 = EDGE_LOOP ( 'NONE', ( #2417, #252, #3451, #699, #3662, #2906, #1257, #1628, #455 ) ) ;
#3815 = DIRECTION ( 'NONE',  ( -6.123233995736766000E-017, -0.0000000000000000000, -1.000000000000000000 ) ) ;
#3816 = DIRECTION ( 'NONE',  ( -1.000000000000000000, 0.0000000000000000000, 1.187759997245331800E-016 ) ) ;
#3817 = CARTESIAN_POINT ( 'NONE',  ( 0.4696559272292702400, 0.2596089706285371600, -0.3816671106335256500 ) ) ;
#3818 = AXIS2_PLACEMENT_3D ( 'NONE', #2877, #3802, #3190 ) ;
#3819 = ORIENTED_EDGE ( 'NONE', *, *, #2736, .T. ) ;
#3820 = B_SPLINE_CURVE_WITH_KNOTS ( 'NONE', 3,
 ( #3646, #2402, #1768, #3311, #2107, #3026, #1777, #249, #3001, #2690 ),
 .UNSPECIFIED., .F., .F.,
 ( 4, 3, 3, 4 ),
 ( 0.05112912229208926900, 0.05195082283676304100, 0.07508370142559933600, 0.07857204714523274800 ),
 .UNSPECIFIED. ) ;
#3821 =( BOUNDED_CURVE ( )  B_SPLINE_CURVE ( 3, ( #1088, #2270, #1970, #3570 ),
 .UNSPECIFIED., .F., .F. ) 
 B_SPLINE_CURVE_WITH_KNOTS ( ( 4, 4 ),
 ( 6.256515479007306100, 6.309855135351866400 ),
 .UNSPECIFIED. ) 
 CURVE ( )  GEOMETRIC_REPRESENTATION_ITEM ( )  RATIONAL_B_SPLINE_CURVE ( ( 1.000000000000000000, 0.9997629208080554000, 0.9997629208080554000, 1.000000000000000000 ) ) 
 REPRESENTATION_ITEM ( '' )  );
#3822 = ORIENTED_EDGE ( 'NONE', *, *, #173, .F. ) ;
#3823 = CARTESIAN_POINT ( 'NONE',  ( -0.3748666429545312000, 0.01000000000000000000, 0.7849999999999998100 ) ) ;
#3824 = CARTESIAN_POINT ( 'NONE',  ( 0.5136649497422556300, -0.2850175916231680300, 0.6833556913220399900 ) ) ;
#3825 = ORIENTED_EDGE ( 'NONE', *, *, #1614, .T. ) ;
#3826 = DIRECTION ( 'NONE',  ( -1.000000000000000000, 0.0000000000000000000, 0.0000000000000000000 ) ) ;
#3827 = ORIENTED_EDGE ( 'NONE', *, *, #52, .F. ) ;
#3828 = ORIENTED_EDGE ( 'NONE', *, *, #3010, .F. ) ;
#3829 = LINE ( 'NONE', #1378, #1260 ) ;
#3830 = ORIENTED_EDGE ( 'NONE', *, *, #913, .F. ) ;
#3831 = DIRECTION ( 'NONE',  ( -0.7071067811865486800, 0.0000000000000000000, 0.7071067811865462400 ) ) ;
#3832 = DIRECTION ( 'NONE',  ( -6.123233995736766000E-017, -0.0000000000000000000, -1.000000000000000000 ) ) ;
#3833 = LINE ( 'NONE', #3801, #2905 ) ;
#3834 = ORIENTED_EDGE ( 'NONE', *, *, #1958, .F. ) ;
#3835 = VECTOR ( 'NONE', #180, 39.37007874015748100 ) ;
#3836 = CARTESIAN_POINT ( 'NONE',  ( 0.01000000000000000000, 0.6275152784067880000, 0.6138067258892142600 ) ) ;
#3837 = EDGE_CURVE ( 'NONE', #3091, #2376, #1521, .T. ) ;
#3838 = ORIENTED_EDGE ( 'NONE', *, *, #1128, .F. ) ;
#3839 = ORIENTED_EDGE ( 'NONE', *, *, #3310, .F. ) ;
#3840 = VECTOR ( 'NONE', #2892, 39.37007874015748100 ) ;
#3841 = VECTOR ( 'NONE', #2645, 39.37007874015748100 ) ;
#3842 = DIRECTION ( 'NONE',  ( 1.000000000000000000, 0.0000000000000000000, -6.123233995736766000E-017 ) ) ;
#3843 = EDGE_LOOP ( 'NONE', ( #3535, #1781, #3235, #1864, #1438, #2947, #1077, #3140 ) ) ;
#3844 = DIRECTION ( 'NONE',  ( -0.8660254037844328200, -0.5000000000000101000, 5.302876193624499400E-017 ) ) ;
#3845 = EDGE_CURVE ( 'NONE', #1171, #412, #2795, .T. ) ;
#3846 = CIRCLE ( 'NONE', #3034, 0.6500000000000001300 ) ;
#3847 = ORIENTED_EDGE ( 'NONE', *, *, #2689, .F. ) ;
#3848 = DIRECTION ( 'NONE',  ( 1.000000000000000000, 0.0000000000000000000, -6.123233995736766000E-017 ) ) ;
#3849 = DIRECTION ( 'NONE',  ( -6.123233995736766000E-017, -0.0000000000000000000, -1.000000000000000000 ) ) ;
#3850 = CARTESIAN_POINT ( 'NONE',  ( 0.01000000000000008300, 0.6499230723708769900, 0.5750000000000001800 ) ) ;
#3851 = DIRECTION ( 'NONE',  ( -0.4999999999999980000, -0.8660254037844398200, 0.0000000000000000000 ) ) ;
#3852 = AXIS2_PLACEMENT_3D ( 'NONE', #3685, #3975, #325 ) ;
#3853 = CARTESIAN_POINT ( 'NONE',  ( 0.01000000000000000000, 0.3748666429545313200, -0.7850000000000002500 ) ) ;
#3854 = CARTESIAN_POINT ( 'NONE',  ( 0.01000000000000003800, 0.3748666429545313200, 0.4708666429545312900 ) ) ;
#3855 = CARTESIAN_POINT ( 'NONE',  ( 9.613477373306724800E-017, 0.0000000000000000000, 0.7850000000000001400 ) ) ;
#3856 = CARTESIAN_POINT ( 'NONE',  ( 1.195784930203595200, 0.6788397459621695600, -0.7850000000000001400 ) ) ;
#3857 = EDGE_CURVE ( 'NONE', #985, #1113, #721, .T. ) ;
#3858 = CARTESIAN_POINT ( 'NONE',  ( -0.3336217902232776500, 0.5578498911788147800, 0.5750000000000001800 ) ) ;
#3859 = EDGE_CURVE ( 'NONE', #443, #586, #1297, .T. ) ;
#3860 = DATE_AND_TIME ( #2352, #3177 ) ;
#3861 = CARTESIAN_POINT ( 'NONE',  ( -0.6499230723708768800, 0.01000000000000000000, 0.5750000000000001800 ) ) ;
#3862 = CARTESIAN_POINT ( 'NONE',  ( 0.0000000000000000000, 0.0000000000000000000, -0.7850000000000001400 ) ) ;
#3863 = DIRECTION ( 'NONE',  ( -6.123233995736766000E-017, -0.0000000000000000000, -1.000000000000000000 ) ) ;
#3864 = VERTEX_POINT ( 'NONE', #556 ) ;
#3865 = AXIS2_PLACEMENT_3D ( 'NONE', #1582, #3116, #2485 ) ;
#3866 = ORIENTED_EDGE ( 'NONE', *, *, #3619, .T. ) ;
#3867 = ORIENTED_EDGE ( 'NONE', *, *, #470, .F. ) ;
#3868 = DIRECTION ( 'NONE',  ( -1.000000000000000000, 0.0000000000000000000, 1.050710766793947200E-016 ) ) ;
#3869 = DIRECTION ( 'NONE',  ( -1.000000000000000000, 0.0000000000000000000, 6.123233995736766000E-017 ) ) ;
#3870 = VERTEX_POINT ( 'NONE', #3943 ) ;
#3871 = ORIENTED_EDGE ( 'NONE', *, *, #1847, .F. ) ;
#3872 = CARTESIAN_POINT ( 'NONE',  ( 0.2961167724888952300, -0.4928892949240831800, 0.4250000000000001000 ) ) ;
#3873 = ORIENTED_EDGE ( 'NONE', *, *, #190, .T. ) ;
#3874 = CARTESIAN_POINT ( 'NONE',  ( -0.2961167724888986700, -0.4928892949240811800, 0.5649999999999999500 ) ) ;
#3875 = AXIS2_PLACEMENT_3D ( 'NONE', #1056, #133, #2832 ) ;
#3876 = ORIENTED_EDGE ( 'NONE', *, *, #278, .F. ) ;
#3877 = ORIENTED_EDGE ( 'NONE', *, *, #1709, .T. ) ;
#3878 = LINE ( 'NONE', #2574, #734 ) ;
#3879 = CARTESIAN_POINT ( 'NONE',  ( 0.3296440358300128900, 0.1787730674394251200, 0.4708666429545312900 ) ) ;
#3880 = DIRECTION ( 'NONE',  ( -1.000000000000000000, 0.0000000000000000000, 1.050710766793947200E-016 ) ) ;
#3881 = ORIENTED_EDGE ( 'NONE', *, *, #1220, .F. ) ;
#3882 = EDGE_CURVE ( 'NONE', #2118, #1787, #2941, .T. ) ;
#3883 = ORIENTED_EDGE ( 'NONE', *, *, #1245, .T. ) ;
#3884 = EDGE_LOOP ( 'NONE', ( #3698, #747, #2758, #3328, #1001, #3419, #2113, #882, #1871 ) ) ;
#3885 = FACE_OUTER_BOUND ( 'NONE', #1938, .T. ) ;
#3886 = DIRECTION ( 'NONE',  ( -1.000000000000000000, 0.0000000000000000000, 0.0000000000000000000 ) ) ;
#3887 = DIRECTION ( 'NONE',  ( -1.000000000000000000, 0.0000000000000000000, 0.0000000000000000000 ) ) ;
#3888 = VECTOR ( 'NONE', #610, 39.37007874015748100 ) ;
#3889 = VERTEX_POINT ( 'NONE', #2683 ) ;
#3890 = CARTESIAN_POINT ( 'NONE',  ( -0.2556706827209974700, 0.4628346124785996900, 0.7849999999999998100 ) ) ;
#3891 = CARTESIAN_POINT ( 'NONE',  ( 0.2961167724888987300, 0.4928892949240811800, -0.7850000000000001400 ) ) ;
#3892 = EDGE_CURVE ( 'NONE', #341, #793, #3910, .T. ) ;
#3893 = CYLINDRICAL_SURFACE ( 'NONE', #3818, 0.6500000000000001300 ) ;
#3894 = ORIENTED_EDGE ( 'NONE', *, *, #1819, .F. ) ;
#3895 = CARTESIAN_POINT ( 'NONE',  ( 8.266365894244635600E-017, 0.0000000000000000000, 0.5649999999999999500 ) ) ;
#3896 = DIRECTION ( 'NONE',  ( -0.0000000000000000000, 0.7071067811865569000, 0.7071067811865381400 ) ) ;
#3897 = PLANE ( 'NONE',  #1298 ) ;
#3898 = CARTESIAN_POINT ( 'NONE',  ( 0.5750000000000000700, 0.01000000000000000000, 0.5650000000000001700 ) ) ;
#3899 = AXIS2_PLACEMENT_3D ( 'NONE', #1842, #963, #633 ) ;
#3900 = CARTESIAN_POINT ( 'NONE',  ( 0.0000000000000000000, 0.0000000000000000000, -0.7850000000000001400 ) ) ;
#3901 = CARTESIAN_POINT ( 'NONE',  ( 8.266365894244635600E-017, 0.0000000000000000000, 0.5649999999999999500 ) ) ;
#3902 = B_SPLINE_CURVE_WITH_KNOTS ( 'NONE', 3,
 ( #3605, #1750, #2054, #3625 ),
 .UNSPECIFIED., .F., .F.,
 ( 4, 4 ),
 ( 2.019659775572203500E-007, 0.02744312681923046300 ),
 .UNSPECIFIED. ) ;
#3903 = DIRECTION ( 'NONE',  ( 6.123233995736766000E-017, 0.0000000000000000000, 1.000000000000000000 ) ) ;
#3904 = DIRECTION ( 'NONE',  ( -1.000000000000000000, 0.0000000000000000000, 0.0000000000000000000 ) ) ;
#3905 = CARTESIAN_POINT ( 'NONE',  ( 0.3750000000000001700, 4.592425496802576700E-017, -0.7850000000000001400 ) ) ;
#3906 = CARTESIAN_POINT ( 'NONE',  ( 0.2584709074720697400, 0.4276847440200473600, -0.6450000000000001300 ) ) ;
#3907 = DIRECTION ( 'NONE',  ( -0.7071067811865463500, 0.0000000000000000000, -0.7071067811865487900 ) ) ;
#3908 = FACE_OUTER_BOUND ( 'NONE', #1482, .T. ) ;
#3909 = EDGE_CURVE ( 'NONE', #919, #3964, #1120, .T. ) ;
#3910 = CIRCLE ( 'NONE', #1, 0.6500000000000001300 ) ;
#3911 = AXIS2_PLACEMENT_3D ( 'NONE', #3603, #228, #1473 ) ;
#3912 = VERTEX_POINT ( 'NONE', #2363 ) ;
#3913 = EDGE_CURVE ( 'NONE', #928, #3211, #295, .T. ) ;
#3914 = CARTESIAN_POINT ( 'NONE',  ( 9.613477373306724800E-017, 0.0000000000000000000, 0.7850000000000001400 ) ) ;
#3915 = CARTESIAN_POINT ( 'NONE',  ( 0.008660254037844362200, -0.005000000000000039100, 0.0000000000000000000 ) ) ;
#3916 = CARTESIAN_POINT ( 'NONE',  ( -0.5136649497422515200, -0.2850175916231751400, 0.6833556913220398800 ) ) ;
#3917 = ORIENTED_EDGE ( 'NONE', *, *, #3319, .F. ) ;
#3918 = ORIENTED_EDGE ( 'NONE', *, *, #2534, .T. ) ;
#3919 = FACE_OUTER_BOUND ( 'NONE', #3094, .T. ) ;
#3920 = AXIS2_PLACEMENT_3D ( 'NONE', #3781, #1596, #996 ) ;
#3921 = ORIENTED_EDGE ( 'NONE', *, *, #1859, .F. ) ;
#3922 = CARTESIAN_POINT ( 'NONE',  ( 7.409113134841489000E-017, 0.0000000000000000000, 0.4250000000000001000 ) ) ;
#3923 = ORIENTED_EDGE ( 'NONE', *, *, #2784, .F. ) ;
#3924 = CIRCLE ( 'NONE', #2390, 0.6500000000000001300 ) ;
#3925 = CARTESIAN_POINT ( 'NONE',  ( 0.4262500000000012400, -0.2576425576258698500, 0.4250000000000001000 ) ) ;
#3926 = ORIENTED_EDGE ( 'NONE', *, *, #1564, .F. ) ;
#3927 = VECTOR ( 'NONE', #2093, 39.37007874015748900 ) ;
#3928 = ORIENTED_EDGE ( 'NONE', *, *, #298, .F. ) ;
#3929 = AXIS2_PLACEMENT_3D ( 'NONE', #570, #3952, #551 ) ;
#3930 = CIRCLE ( 'NONE', #1690, 0.4799455900101061200 ) ;
#3931 = B_SPLINE_CURVE_WITH_KNOTS ( 'NONE', 3,
 ( #1511, #1198, #2027, #1481, #1794, #3965, #573, #1813, #3038, #3074 ),
 .UNSPECIFIED., .F., .F.,
 ( 4, 3, 3, 4 ),
 ( 0.05112912229208926900, 0.05195082283676304100, 0.07508370142559933600, 0.07857204714523274800 ),
 .UNSPECIFIED. ) ;
#3932 = ORIENTED_EDGE ( 'NONE', *, *, #1218, .T. ) ;
#3933 = CARTESIAN_POINT ( 'NONE',  ( 0.5036649497422557300, -0.3023380996988568900, 0.6833556913220399900 ) ) ;
#3934 = EDGE_LOOP ( 'NONE', ( #806, #1532, #3011, #152 ) ) ;
#3935 = CARTESIAN_POINT ( 'NONE',  ( -0.003333419620747389900, 0.5874276446287822800, 0.6834276446287880200 ) ) ;
#3936 = CIRCLE ( 'NONE', #2616, 0.6500000000000001300 ) ;
#3937 = EDGE_CURVE ( 'NONE', #2262, #3466, #1726, .T. ) ;
#3938 = LINE ( 'NONE', #3388, #230 ) ;
#3939 = ORIENTED_EDGE ( 'NONE', *, *, #1818, .T. ) ;
#3940 = CARTESIAN_POINT ( 'NONE',  ( -0.6499230723708769900, 0.01000000000000000000, -0.7850000000000001400 ) ) ;
#3941 = VECTOR ( 'NONE', #3276, 39.37007874015748100 ) ;
#3942 = ORIENTED_EDGE ( 'NONE', *, *, #652, .F. ) ;
#3943 = CARTESIAN_POINT ( 'NONE',  ( -0.4995335560866922500, 0.01000000000000000000, -0.6449122492182515200 ) ) ;
#3944 = EDGE_CURVE ( 'NONE', #1888, #1833, #2642, .T. ) ;
#3945 = ORIENTED_EDGE ( 'NONE', *, *, #2871, .T. ) ;
#3946 = CARTESIAN_POINT ( 'NONE',  ( 0.0000000000000000000, 0.0000000000000000000, -0.7850000000000001400 ) ) ;
#3947 = CARTESIAN_POINT ( 'NONE',  ( -0.5578498911788102300, -0.3336217902232855300, 0.5750000000000001800 ) ) ;
#3948 = CARTESIAN_POINT ( 'NONE',  ( 0.01000000000000000000, 0.5824529102586824000, -0.05501436857420855700 ) ) ;
#3949 = AXIS2_PLACEMENT_3D ( 'NONE', #2195, #2494, #3435 ) ;
#3950 = ADVANCED_FACE ( 'NONE', ( #1811 ), #1155, .F. ) ;
#3951 = DIRECTION ( 'NONE',  ( -0.5000000000000041100, -0.8660254037844363800, -3.642463991552350000E-016 ) ) ;
#3952 = DIRECTION ( 'NONE',  ( -6.123233995736766000E-017, 0.0000000000000000000, -1.000000000000000000 ) ) ;
#3953 = AXIS2_PLACEMENT_3D ( 'NONE', #419, #93, #1329 ) ;
#3954 = CARTESIAN_POINT ( 'NONE',  ( 0.5397884147873625000, 0.3231939919667260500, 0.6111186776242545400 ) ) ;
#3955 = B_SPLINE_CURVE_WITH_KNOTS ( 'NONE', 3,
 ( #438, #3222, #1966, #2295 ),
 .UNSPECIFIED., .F., .F.,
 ( 4, 4 ),
 ( 2.019659775572203500E-007, 0.02744312681923045600 ),
 .UNSPECIFIED. ) ;
#3956 = CARTESIAN_POINT ( 'NONE',  ( 9.613477373306722300E-017, 0.0000000000000000000, 0.7849999999999998100 ) ) ;
#3957 = LOCAL_TIME ( 10, 30, 58.00000000000000000, #379 ) ;
#3958 = ORIENTED_EDGE ( 'NONE', *, *, #652, .T. ) ;
#3959 = CARTESIAN_POINT ( 'NONE',  ( 1.016337998740283200E-032, 0.0000000000000000000, -0.7849999999999999200 ) ) ;
#3960 = CARTESIAN_POINT ( 'NONE',  ( -0.3336217902232854700, -0.5578498911788100100, 0.4250000000000001000 ) ) ;
#3961 = EDGE_CURVE ( 'NONE', #2953, #1894, #1201, .T. ) ;
#3962 = ORIENTED_EDGE ( 'NONE', *, *, #2725, .F. ) ;
#3963 = ADVANCED_FACE ( 'NONE', ( #3908 ), #2050, .T. ) ;
#3964 = VERTEX_POINT ( 'NONE', #211 ) ;
#3965 = CARTESIAN_POINT ( 'NONE',  ( 0.5609087331960612700, 0.01000000000000000000, -0.2082872894914301300 ) ) ;
#3966 = ORIENTED_EDGE ( 'NONE', *, *, #2192, .F. ) ;
#3967 = VERTEX_POINT ( 'NONE', #2991 ) ;
#3968 = VECTOR ( 'NONE', #2838, 39.37007874015748100 ) ;
#3969 = CARTESIAN_POINT ( 'NONE',  ( -0.01000000000000000000, 0.4798414002252710000, -0.7850000000000002500 ) ) ;
#3970 = DIRECTION ( 'NONE',  ( -1.000000000000000000, 0.0000000000000000000, 0.0000000000000000000 ) ) ;
#3971 = VERTEX_POINT ( 'NONE', #2662 ) ;
#3972 = ORIENTED_EDGE ( 'NONE', *, *, #1761, .F. ) ;
#3973 = VECTOR ( 'NONE', #513, 39.37007874015748900 ) ;
#3974 = AXIS2_PLACEMENT_3D ( 'NONE', #4, #3984, #2398 ) ;
#3975 = DIRECTION ( 'NONE',  ( 6.123233995736766000E-017, 0.0000000000000000000, 1.000000000000000000 ) ) ;
#3976 = ORIENTED_EDGE ( 'NONE', *, *, #3286, .F. ) ;
#3977 = ORIENTED_EDGE ( 'NONE', *, *, #2816, .T. ) ;
#3978 = ORIENTED_EDGE ( 'NONE', *, *, #1605, .F. ) ;
#3979 = VECTOR ( 'NONE', #3416, 39.37007874015748100 ) ;
#3980 = DIRECTION ( 'NONE',  ( -1.000000000000000000, 0.0000000000000000000, 1.187759997245331800E-016 ) ) ;
#3981 = AXIS2_PLACEMENT_3D ( 'NONE', #2507, #2256, #407 ) ;
#3982 = FACE_OUTER_BOUND ( 'NONE', #3934, .T. ) ;
#3983 = ORIENTED_EDGE ( 'NONE', *, *, #3701, .T. ) ;
#3984 = DIRECTION ( 'NONE',  ( -6.123233995736766000E-017, -0.0000000000000000000, -1.000000000000000000 ) ) ;
#3985 = DIRECTION ( 'NONE',  ( 0.0000000000000000000, 0.0000000000000000000, 1.000000000000000000 ) ) ;
#3986 = CIRCLE ( 'NONE', #1058, 0.6500000000000001300 ) ;
#3987 = ORIENTED_EDGE ( 'NONE', *, *, #2472, .F. ) ;
#3988 = ADVANCED_FACE ( 'NONE', ( #3323 ), #516, .F. ) ;
#3989 = EDGE_CURVE ( 'NONE', #3258, #2709, #3755, .T. ) ;
#3990 = EDGE_CURVE ( 'NONE', #2997, #2210, #1622, .T. ) ;
#3991 = CARTESIAN_POINT ( 'NONE',  ( -0.003333419620747669600, -0.5874276446287822800, 0.6834276446287880200 ) ) ;
#3992 = ADVANCED_FACE ( 'NONE', ( #617 ), #1492, .F. ) ;
ENDSEC;
END-ISO-10303-21;
