ISO-10303-21;
HEADER;
/* Generated by software containing ST-Developer
 * from STEP Tools, Inc. (www.steptools.com) 
 */

FILE_DESCRIPTION(
/* description */ (''),
/* implementation_level */ '2;1');

FILE_NAME(
/* name */ 
'CME Exclusive Classic Player Jazzmaster (2018) Pickguard.step',
/* time_stamp */ '2026-05-22T02:14:44-04:00',
/* author */ (''),
/* organization */ (''),
/* preprocessor_version */ 'ST-DEVELOPER v20.1',
/* originating_system */ 'Autodesk Translation Framework v15.8.0.0',
/* authorisation */ '');

FILE_SCHEMA (('AUTOMOTIVE_DESIGN { 1 0 10303 214 3 1 1 }'));
ENDSEC;

DATA;
#10=MECHANICAL_DESIGN_GEOMETRIC_PRESENTATION_REPRESENTATION('',(#13),#4262);
#11=SHAPE_REPRESENTATION_RELATIONSHIP('SRR','None',#4269,#12);
#12=ADVANCED_BREP_SHAPE_REPRESENTATION('',(#14),#4261);
#13=STYLED_ITEM('',(#4278),#14);
#14=MANIFOLD_SOLID_BREP('Body1',#1955);
#15=FACE_BOUND('',#364,.T.);
#16=FACE_BOUND('',#365,.T.);
#17=FACE_BOUND('',#366,.T.);
#18=FACE_BOUND('',#367,.T.);
#19=FACE_BOUND('',#368,.T.);
#20=FACE_BOUND('',#369,.T.);
#21=FACE_BOUND('',#370,.T.);
#22=FACE_BOUND('',#371,.T.);
#23=FACE_BOUND('',#372,.T.);
#24=FACE_BOUND('',#373,.T.);
#25=FACE_BOUND('',#374,.T.);
#26=FACE_BOUND('',#375,.T.);
#27=FACE_BOUND('',#376,.T.);
#28=FACE_BOUND('',#377,.T.);
#29=FACE_BOUND('',#378,.T.);
#30=FACE_BOUND('',#379,.T.);
#31=FACE_BOUND('',#380,.T.);
#32=FACE_BOUND('',#381,.T.);
#33=FACE_BOUND('',#382,.T.);
#34=FACE_BOUND('',#383,.T.);
#35=FACE_BOUND('',#384,.T.);
#36=FACE_BOUND('',#385,.T.);
#37=FACE_BOUND('',#386,.T.);
#38=FACE_BOUND('',#387,.T.);
#39=FACE_BOUND('',#388,.T.);
#40=FACE_BOUND('',#389,.T.);
#41=FACE_BOUND('',#390,.T.);
#42=FACE_BOUND('',#392,.T.);
#43=FACE_BOUND('',#393,.T.);
#44=FACE_BOUND('',#394,.T.);
#45=FACE_BOUND('',#395,.T.);
#46=FACE_BOUND('',#396,.T.);
#47=FACE_BOUND('',#397,.T.);
#48=FACE_BOUND('',#398,.T.);
#49=FACE_BOUND('',#399,.T.);
#50=FACE_BOUND('',#400,.T.);
#51=FACE_BOUND('',#401,.T.);
#52=FACE_BOUND('',#402,.T.);
#53=FACE_BOUND('',#403,.T.);
#54=FACE_BOUND('',#404,.T.);
#55=FACE_BOUND('',#405,.T.);
#56=FACE_BOUND('',#406,.T.);
#57=FACE_BOUND('',#407,.T.);
#58=FACE_BOUND('',#408,.T.);
#59=FACE_BOUND('',#409,.T.);
#60=FACE_BOUND('',#410,.T.);
#61=FACE_BOUND('',#411,.T.);
#62=FACE_BOUND('',#412,.T.);
#63=FACE_BOUND('',#413,.T.);
#64=FACE_BOUND('',#414,.T.);
#65=FACE_BOUND('',#415,.T.);
#66=FACE_BOUND('',#416,.T.);
#67=FACE_BOUND('',#417,.T.);
#68=FACE_BOUND('',#418,.T.);
#69=(
BOUNDED_CURVE()
B_SPLINE_CURVE(5,(#3211,#3212,#3213,#3214,#3215,#3216,#3217,#3218,#3219,
#3220),.UNSPECIFIED.,.F.,.F.)
B_SPLINE_CURVE_WITH_KNOTS((6,1,1,1,1,6),(0.,0.2,0.4,0.6,0.8,1.),
 .UNSPECIFIED.)
CURVE()
GEOMETRIC_REPRESENTATION_ITEM()
RATIONAL_B_SPLINE_CURVE((1.,1.,1.,1.,1.,1.,1.,1.,1.,1.))
REPRESENTATION_ITEM('')
);
#70=(
BOUNDED_CURVE()
B_SPLINE_CURVE(5,(#3222,#3223,#3224,#3225,#3226,#3227,#3228,#3229,#3230,
#3231),.UNSPECIFIED.,.F.,.F.)
B_SPLINE_CURVE_WITH_KNOTS((6,1,1,1,1,6),(0.,0.2,0.4,0.6,0.8,1.),
 .UNSPECIFIED.)
CURVE()
GEOMETRIC_REPRESENTATION_ITEM()
RATIONAL_B_SPLINE_CURVE((1.,1.,1.,1.,1.,1.,1.,1.,1.,1.))
REPRESENTATION_ITEM('')
);
#71=(
BOUNDED_CURVE()
B_SPLINE_CURVE(5,(#3284,#3285,#3286,#3287,#3288,#3289,#3290,#3291,#3292,
#3293,#3294,#3295,#3296,#3297,#3298,#3299,#3300,#3301,#3302,#3303,#3304,
#3305,#3306,#3307,#3308),.UNSPECIFIED.,.F.,.F.)
B_SPLINE_CURVE_WITH_KNOTS((6,1,1,1,1,1,1,1,1,1,1,1,1,1,1,1,1,1,1,1,6),(0.,
0.05,0.1,0.15,0.2,0.25,0.3,0.35,0.4,0.45,0.5,0.55,0.6,0.65,0.7,0.75,0.8,
0.85,0.9,0.95,1.),.UNSPECIFIED.)
CURVE()
GEOMETRIC_REPRESENTATION_ITEM()
RATIONAL_B_SPLINE_CURVE((1.,1.,1.,1.,1.,1.,1.,1.,1.,1.,1.,1.,1.,1.,1.,1.,
1.,1.,1.,1.,1.,1.,1.,1.,1.))
REPRESENTATION_ITEM('')
);
#72=(
BOUNDED_CURVE()
B_SPLINE_CURVE(5,(#3310,#3311,#3312,#3313,#3314,#3315,#3316,#3317,#3318,
#3319,#3320,#3321,#3322,#3323,#3324,#3325,#3326,#3327,#3328,#3329,#3330,
#3331,#3332,#3333,#3334),.UNSPECIFIED.,.F.,.F.)
B_SPLINE_CURVE_WITH_KNOTS((6,1,1,1,1,1,1,1,1,1,1,1,1,1,1,1,1,1,1,1,6),(-1.,
-0.95,-0.9,-0.85,-0.8,-0.75,-0.7,-0.65,-0.6,-0.55,-0.5,-0.45,-0.4,-0.35,
-0.3,-0.25,-0.2,-0.15,-0.1,-0.05,0.),.UNSPECIFIED.)
CURVE()
GEOMETRIC_REPRESENTATION_ITEM()
RATIONAL_B_SPLINE_CURVE((1.,1.,1.,1.,1.,1.,1.,1.,1.,1.,1.,1.,1.,1.,1.,1.,
1.,1.,1.,1.,1.,1.,1.,1.,1.))
REPRESENTATION_ITEM('')
);
#73=(
BOUNDED_CURVE()
B_SPLINE_CURVE(5,(#3457,#3458,#3459,#3460,#3461,#3462,#3463,#3464,#3465,
#3466,#3467,#3468,#3469,#3470,#3471,#3472,#3473,#3474,#3475,#3476,#3477,
#3478,#3479,#3480,#3481,#3482,#3483,#3484,#3485,#3486,#3487,#3488,#3489,
#3490,#3491,#3492,#3493,#3494,#3495,#3496,#3497,#3498,#3499,#3500,#3501,
#3502,#3503,#3504,#3505,#3506,#3507,#3508,#3509,#3510,#3511,#3512,#3513,
#3514,#3515,#3516),.UNSPECIFIED.,.F.,.F.)
B_SPLINE_CURVE_WITH_KNOTS((6,1,1,1,1,1,1,1,1,1,1,1,1,1,1,1,1,1,1,1,1,1,
1,1,1,1,1,1,1,1,1,1,1,1,1,1,1,1,1,1,1,1,1,1,1,1,1,1,1,1,1,1,1,1,1,6),(0.,
0.0181818181818182,0.0363636363636364,0.0545454545454545,0.0727272727272727,
0.0909090909090909,0.109090909090909,0.127272727272727,0.145454545454545,
0.163636363636364,0.181818181818182,0.2,0.218181818181818,0.236363636363636,
0.254545454545455,0.272727272727273,0.290909090909091,0.309090909090909,
0.327272727272727,0.345454545454546,0.363636363636364,0.381818181818182,
0.4,0.418181818181818,0.436363636363636,0.454545454545455,0.472727272727273,
0.490909090909091,0.509090909090909,0.527272727272727,0.545454545454546,
0.563636363636364,0.581818181818182,0.6,0.618181818181818,0.636363636363636,
0.654545454545455,0.672727272727273,0.690909090909091,0.709090909090909,
0.727272727272727,0.745454545454546,0.763636363636364,0.781818181818182,
0.8,0.818181818181818,0.836363636363637,0.854545454545455,0.872727272727273,
0.890909090909091,0.909090909090909,0.927272727272727,0.945454545454546,
0.963636363636364,0.981818181818182,1.),.UNSPECIFIED.)
CURVE()
GEOMETRIC_REPRESENTATION_ITEM()
RATIONAL_B_SPLINE_CURVE((1.,1.,1.,1.,1.,1.,1.,1.,1.,1.,1.,1.,1.,1.,1.,1.,
1.,1.,1.,1.,1.,1.,1.,1.,1.,1.,1.,1.,1.,1.,1.,1.,1.,1.,1.,1.,1.,1.,1.,1.,
1.,1.,1.,1.,1.,1.,1.,1.,1.,1.,1.,1.,1.,1.,1.,1.,1.,1.,1.,1.))
REPRESENTATION_ITEM('')
);
#74=(
BOUNDED_CURVE()
B_SPLINE_CURVE(5,(#3518,#3519,#3520,#3521,#3522,#3523,#3524,#3525,#3526,
#3527,#3528,#3529,#3530,#3531,#3532,#3533,#3534,#3535,#3536,#3537,#3538,
#3539,#3540,#3541,#3542,#3543,#3544,#3545,#3546,#3547,#3548,#3549,#3550,
#3551,#3552,#3553,#3554,#3555,#3556,#3557,#3558,#3559,#3560,#3561,#3562,
#3563,#3564,#3565,#3566,#3567,#3568,#3569,#3570,#3571,#3572,#3573,#3574,
#3575,#3576,#3577),.UNSPECIFIED.,.F.,.F.)
B_SPLINE_CURVE_WITH_KNOTS((6,1,1,1,1,1,1,1,1,1,1,1,1,1,1,1,1,1,1,1,1,1,
1,1,1,1,1,1,1,1,1,1,1,1,1,1,1,1,1,1,1,1,1,1,1,1,1,1,1,1,1,1,1,1,1,6),(-1.,
-0.981818181818182,-0.963636363636364,-0.945454545454546,-0.927272727272727,
-0.909090909090909,-0.890909090909091,-0.872727272727273,-0.854545454545455,
-0.836363636363637,-0.818181818181818,-0.8,-0.781818181818182,-0.763636363636364,
-0.745454545454546,-0.727272727272727,-0.709090909090909,-0.690909090909091,
-0.672727272727273,-0.654545454545455,-0.636363636363636,-0.618181818181818,
-0.6,-0.581818181818182,-0.563636363636364,-0.545454545454546,-0.527272727272727,
-0.509090909090909,-0.490909090909091,-0.472727272727273,-0.454545454545455,
-0.436363636363636,-0.418181818181818,-0.4,-0.381818181818182,-0.363636363636364,
-0.345454545454546,-0.327272727272727,-0.309090909090909,-0.290909090909091,
-0.272727272727273,-0.254545454545455,-0.236363636363636,-0.218181818181818,
-0.2,-0.181818181818182,-0.163636363636364,-0.145454545454545,-0.127272727272727,
-0.109090909090909,-0.0909090909090909,-0.0727272727272727,-0.0545454545454545,
-0.0363636363636364,-0.0181818181818182,0.),.UNSPECIFIED.)
CURVE()
GEOMETRIC_REPRESENTATION_ITEM()
RATIONAL_B_SPLINE_CURVE((1.,1.,1.,1.,1.,1.,1.,1.,1.,1.,1.,1.,1.,1.,1.,1.,
1.,1.,1.,1.,1.,1.,1.,1.,1.,1.,1.,1.,1.,1.,1.,1.,1.,1.,1.,1.,1.,1.,1.,1.,
1.,1.,1.,1.,1.,1.,1.,1.,1.,1.,1.,1.,1.,1.,1.,1.,1.,1.,1.,1.))
REPRESENTATION_ITEM('')
);
#75=(
BOUNDED_CURVE()
B_SPLINE_CURVE(5,(#3816,#3817,#3818,#3819,#3820,#3821,#3822,#3823,#3824,
#3825,#3826,#3827,#3828,#3829,#3830,#3831,#3832,#3833,#3834,#3835,#3836,
#3837,#3838,#3839,#3840,#3841,#3842,#3843,#3844,#3845,#3846,#3847,#3848,
#3849,#3850,#3851,#3852,#3853,#3854,#3855,#3856,#3857,#3858,#3859,#3860,
#3861,#3862,#3863,#3864,#3865,#3866,#3867,#3868,#3869,#3870,#3871,#3872,
#3873,#3874,#3875,#3876,#3877,#3878,#3879,#3880,#3881,#3882,#3883,#3884,
#3885,#3886,#3887,#3888,#3889,#3890,#3891,#3892,#3893,#3894,#3895,#3896,
#3897,#3898,#3899,#3900,#3901,#3902,#3903,#3904,#3905,#3906,#3907,#3908,
#3909,#3910,#3911,#3912,#3913,#3914,#3915,#3916,#3917,#3918,#3919,#3920,
#3921,#3922,#3923,#3924,#3925,#3926,#3927,#3928,#3929,#3930),
 .UNSPECIFIED.,.F.,.F.)
B_SPLINE_CURVE_WITH_KNOTS((6,1,1,1,1,1,1,1,1,1,1,1,1,1,1,1,1,1,1,1,1,1,
1,1,1,1,1,1,1,1,1,1,1,1,1,1,1,1,1,1,1,1,1,1,1,1,1,1,1,1,1,1,1,1,1,1,1,1,
1,1,1,1,1,1,1,1,1,1,1,1,1,1,1,1,1,1,1,1,1,1,1,1,1,1,1,1,1,1,1,1,1,1,1,1,
1,1,1,1,1,1,1,1,1,1,1,1,1,1,1,1,6),(0.,0.00909090909090909,0.0181818181818182,
0.0272727272727273,0.0363636363636364,0.0454545454545455,0.0545454545454545,
0.0636363636363636,0.0727272727272727,0.0818181818181818,0.0909090909090909,
0.1,0.109090909090909,0.118181818181818,0.127272727272727,0.136363636363636,
0.145454545454545,0.154545454545455,0.163636363636364,0.172727272727273,
0.181818181818182,0.190909090909091,0.2,0.209090909090909,0.218181818181818,
0.227272727272727,0.236363636363636,0.245454545454546,0.254545454545455,
0.263636363636364,0.272727272727273,0.281818181818182,0.290909090909091,
0.3,0.309090909090909,0.318181818181818,0.327272727272727,0.336363636363636,
0.345454545454546,0.354545454545455,0.363636363636364,0.372727272727273,
0.381818181818182,0.390909090909091,0.4,0.409090909090909,0.418181818181818,
0.427272727272727,0.436363636363636,0.445454545454546,0.454545454545455,
0.463636363636364,0.472727272727273,0.481818181818182,0.490909090909091,
0.5,0.509090909090909,0.518181818181818,0.527272727272727,0.536363636363636,
0.545454545454545,0.554545454545454,0.563636363636363,0.572727272727272,
0.581818181818181,0.59090909090909,0.6,0.609090909090909,0.618181818181818,
0.627272727272727,0.636363636363636,0.645454545454545,0.654545454545454,
0.663636363636363,0.672727272727272,0.681818181818181,0.69090909090909,
0.699999999999999,0.709090909090908,0.718181818181817,0.727272727272726,
0.736363636363635,0.745454545454544,0.754545454545453,0.763636363636362,
0.772727272727271,0.78181818181818,0.790909090909089,0.799999999999998,
0.809090909090907,0.818181818181816,0.827272727272725,0.836363636363635,
0.845454545454544,0.854545454545453,0.863636363636362,0.872727272727271,
0.88181818181818,0.890909090909089,0.899999999999998,0.909090909090907,
0.918181818181816,0.927272727272725,0.936363636363634,0.945454545454543,
0.954545454545452,0.963636363636361,0.97272727272727,0.981818181818179,
0.990909090909088,1.),.UNSPECIFIED.)
CURVE()
GEOMETRIC_REPRESENTATION_ITEM()
RATIONAL_B_SPLINE_CURVE((1.,1.,1.,1.,1.,1.,1.,1.,1.,1.,1.,1.,1.,1.,1.,1.,
1.,1.,1.,1.,1.,1.,1.,1.,1.,1.,1.,1.,1.,1.,1.,1.,1.,1.,1.,1.,1.,1.,1.,1.,
1.,1.,1.,1.,1.,1.,1.,1.,1.,1.,1.,1.,1.,1.,1.,1.,1.,1.,1.,1.,1.,1.,1.,1.,
1.,1.,1.,1.,1.,1.,1.,1.,1.,1.,1.,1.,1.,1.,1.,1.,1.,1.,1.,1.,1.,1.,1.,1.,
1.,1.,1.,1.,1.,1.,1.,1.,1.,1.,1.,1.,1.,1.,1.,1.,1.,1.,1.,1.,1.,1.,1.,1.,
1.,1.,1.))
REPRESENTATION_ITEM('')
);
#76=(
BOUNDED_CURVE()
B_SPLINE_CURVE(5,(#3932,#3933,#3934,#3935,#3936,#3937,#3938,#3939,#3940,
#3941,#3942,#3943,#3944,#3945,#3946,#3947,#3948,#3949,#3950,#3951,#3952,
#3953,#3954,#3955,#3956,#3957,#3958,#3959,#3960,#3961,#3962,#3963,#3964,
#3965,#3966,#3967,#3968,#3969,#3970,#3971,#3972,#3973,#3974,#3975,#3976,
#3977,#3978,#3979,#3980,#3981,#3982,#3983,#3984,#3985,#3986,#3987,#3988,
#3989,#3990,#3991,#3992,#3993,#3994,#3995,#3996,#3997,#3998,#3999,#4000,
#4001,#4002,#4003,#4004,#4005,#4006,#4007,#4008,#4009,#4010,#4011,#4012,
#4013,#4014,#4015,#4016,#4017,#4018,#4019,#4020,#4021,#4022,#4023,#4024,
#4025,#4026,#4027,#4028,#4029,#4030,#4031,#4032,#4033,#4034,#4035,#4036,
#4037,#4038,#4039,#4040,#4041,#4042,#4043,#4044,#4045,#4046),
 .UNSPECIFIED.,.F.,.F.)
B_SPLINE_CURVE_WITH_KNOTS((6,1,1,1,1,1,1,1,1,1,1,1,1,1,1,1,1,1,1,1,1,1,
1,1,1,1,1,1,1,1,1,1,1,1,1,1,1,1,1,1,1,1,1,1,1,1,1,1,1,1,1,1,1,1,1,1,1,1,
1,1,1,1,1,1,1,1,1,1,1,1,1,1,1,1,1,1,1,1,1,1,1,1,1,1,1,1,1,1,1,1,1,1,1,1,
1,1,1,1,1,1,1,1,1,1,1,1,1,1,1,1,6),(-1.,-0.990909090909088,-0.981818181818179,
-0.97272727272727,-0.963636363636361,-0.954545454545452,-0.945454545454543,
-0.936363636363634,-0.927272727272725,-0.918181818181816,-0.909090909090907,
-0.899999999999998,-0.890909090909089,-0.88181818181818,-0.872727272727271,
-0.863636363636362,-0.854545454545453,-0.845454545454544,-0.836363636363635,
-0.827272727272725,-0.818181818181816,-0.809090909090907,-0.799999999999998,
-0.790909090909089,-0.78181818181818,-0.772727272727271,-0.763636363636362,
-0.754545454545453,-0.745454545454544,-0.736363636363635,-0.727272727272726,
-0.718181818181817,-0.709090909090908,-0.699999999999999,-0.69090909090909,
-0.681818181818181,-0.672727272727272,-0.663636363636363,-0.654545454545454,
-0.645454545454545,-0.636363636363636,-0.627272727272727,-0.618181818181818,
-0.609090909090909,-0.6,-0.59090909090909,-0.581818181818181,-0.572727272727272,
-0.563636363636363,-0.554545454545454,-0.545454545454545,-0.536363636363636,
-0.527272727272727,-0.518181818181818,-0.509090909090909,-0.5,-0.490909090909091,
-0.481818181818182,-0.472727272727273,-0.463636363636364,-0.454545454545455,
-0.445454545454546,-0.436363636363636,-0.427272727272727,-0.418181818181818,
-0.409090909090909,-0.4,-0.390909090909091,-0.381818181818182,-0.372727272727273,
-0.363636363636364,-0.354545454545455,-0.345454545454546,-0.336363636363636,
-0.327272727272727,-0.318181818181818,-0.309090909090909,-0.3,-0.290909090909091,
-0.281818181818182,-0.272727272727273,-0.263636363636364,-0.254545454545455,
-0.245454545454546,-0.236363636363636,-0.227272727272727,-0.218181818181818,
-0.209090909090909,-0.2,-0.190909090909091,-0.181818181818182,-0.172727272727273,
-0.163636363636364,-0.154545454545455,-0.145454545454545,-0.136363636363636,
-0.127272727272727,-0.118181818181818,-0.109090909090909,-0.1,-0.0909090909090909,
-0.0818181818181818,-0.0727272727272727,-0.0636363636363636,-0.0545454545454545,
-0.0454545454545455,-0.0363636363636364,-0.0272727272727273,-0.0181818181818182,
-0.00909090909090909,0.),.UNSPECIFIED.)
CURVE()
GEOMETRIC_REPRESENTATION_ITEM()
RATIONAL_B_SPLINE_CURVE((1.,1.,1.,1.,1.,1.,1.,1.,1.,1.,1.,1.,1.,1.,1.,1.,
1.,1.,1.,1.,1.,1.,1.,1.,1.,1.,1.,1.,1.,1.,1.,1.,1.,1.,1.,1.,1.,1.,1.,1.,
1.,1.,1.,1.,1.,1.,1.,1.,1.,1.,1.,1.,1.,1.,1.,1.,1.,1.,1.,1.,1.,1.,1.,1.,
1.,1.,1.,1.,1.,1.,1.,1.,1.,1.,1.,1.,1.,1.,1.,1.,1.,1.,1.,1.,1.,1.,1.,1.,
1.,1.,1.,1.,1.,1.,1.,1.,1.,1.,1.,1.,1.,1.,1.,1.,1.,1.,1.,1.,1.,1.,1.,1.,
1.,1.,1.))
REPRESENTATION_ITEM('')
);
#77=(
BOUNDED_CURVE()
B_SPLINE_CURVE(5,(#4069,#4070,#4071,#4072,#4073,#4074,#4075,#4076,#4077,
#4078),.UNSPECIFIED.,.F.,.F.)
B_SPLINE_CURVE_WITH_KNOTS((6,1,1,1,1,6),(0.,0.2,0.4,0.6,0.8,1.),
 .UNSPECIFIED.)
CURVE()
GEOMETRIC_REPRESENTATION_ITEM()
RATIONAL_B_SPLINE_CURVE((1.,1.,1.,1.,1.,1.,1.,1.,1.,1.))
REPRESENTATION_ITEM('')
);
#78=(
BOUNDED_CURVE()
B_SPLINE_CURVE(5,(#4080,#4081,#4082,#4083,#4084,#4085,#4086,#4087,#4088,
#4089),.UNSPECIFIED.,.F.,.F.)
B_SPLINE_CURVE_WITH_KNOTS((6,1,1,1,1,6),(0.,0.2,0.4,0.6,0.8,1.),
 .UNSPECIFIED.)
CURVE()
GEOMETRIC_REPRESENTATION_ITEM()
RATIONAL_B_SPLINE_CURVE((1.,1.,1.,1.,1.,1.,1.,1.,1.,1.))
REPRESENTATION_ITEM('')
);
#79=(
BOUNDED_CURVE()
B_SPLINE_CURVE(5,(#4122,#4123,#4124,#4125,#4126,#4127,#4128,#4129,#4130,
#4131,#4132,#4133,#4134,#4135,#4136),.UNSPECIFIED.,.F.,.F.)
B_SPLINE_CURVE_WITH_KNOTS((6,1,1,1,1,1,1,1,1,1,6),(0.,0.1,0.2,0.3,0.4,0.5,
0.6,0.7,0.8,0.9,1.),.UNSPECIFIED.)
CURVE()
GEOMETRIC_REPRESENTATION_ITEM()
RATIONAL_B_SPLINE_CURVE((1.,1.,1.,1.,1.,1.,1.,1.,1.,1.,1.,1.,1.,1.,1.))
REPRESENTATION_ITEM('')
);
#80=(
BOUNDED_CURVE()
B_SPLINE_CURVE(5,(#4138,#4139,#4140,#4141,#4142,#4143,#4144,#4145,#4146,
#4147,#4148,#4149,#4150,#4151,#4152),.UNSPECIFIED.,.F.,.F.)
B_SPLINE_CURVE_WITH_KNOTS((6,1,1,1,1,1,1,1,1,1,6),(0.,0.1,0.2,0.3,0.4,0.5,
0.6,0.7,0.8,0.9,1.),.UNSPECIFIED.)
CURVE()
GEOMETRIC_REPRESENTATION_ITEM()
RATIONAL_B_SPLINE_CURVE((1.,1.,1.,1.,1.,1.,1.,1.,1.,1.,1.,1.,1.,1.,1.))
REPRESENTATION_ITEM('')
);
#81=(
BOUNDED_CURVE()
B_SPLINE_CURVE(5,(#4185,#4186,#4187,#4188,#4189,#4190,#4191,#4192,#4193,
#4194,#4195,#4196,#4197,#4198,#4199),.UNSPECIFIED.,.F.,.F.)
B_SPLINE_CURVE_WITH_KNOTS((6,1,1,1,1,1,1,1,1,1,6),(0.,0.1,0.2,0.3,0.4,0.5,
0.6,0.7,0.8,0.9,1.),.UNSPECIFIED.)
CURVE()
GEOMETRIC_REPRESENTATION_ITEM()
RATIONAL_B_SPLINE_CURVE((1.,1.,1.,1.,1.,1.,1.,1.,1.,1.,1.,1.,1.,1.,1.))
REPRESENTATION_ITEM('')
);
#82=(
BOUNDED_CURVE()
B_SPLINE_CURVE(5,(#4201,#4202,#4203,#4204,#4205,#4206,#4207,#4208,#4209,
#4210,#4211,#4212,#4213,#4214,#4215),.UNSPECIFIED.,.F.,.F.)
B_SPLINE_CURVE_WITH_KNOTS((6,1,1,1,1,1,1,1,1,1,6),(0.,0.1,0.2,0.3,0.4,0.5,
0.6,0.7,0.8,0.9,1.),.UNSPECIFIED.)
CURVE()
GEOMETRIC_REPRESENTATION_ITEM()
RATIONAL_B_SPLINE_CURVE((1.,1.,1.,1.,1.,1.,1.,1.,1.,1.,1.,1.,1.,1.,1.))
REPRESENTATION_ITEM('')
);
#83=(
BOUNDED_CURVE()
B_SPLINE_CURVE(5,(#4237,#4238,#4239,#4240,#4241,#4242,#4243,#4244,#4245,
#4246),.UNSPECIFIED.,.F.,.F.)
B_SPLINE_CURVE_WITH_KNOTS((6,1,1,1,1,6),(0.,0.2,0.4,0.6,0.8,1.),
 .UNSPECIFIED.)
CURVE()
GEOMETRIC_REPRESENTATION_ITEM()
RATIONAL_B_SPLINE_CURVE((1.,1.,1.,1.,1.,1.,1.,1.,1.,1.))
REPRESENTATION_ITEM('')
);
#84=(
BOUNDED_CURVE()
B_SPLINE_CURVE(5,(#4247,#4248,#4249,#4250,#4251,#4252,#4253,#4254,#4255,
#4256),.UNSPECIFIED.,.F.,.F.)
B_SPLINE_CURVE_WITH_KNOTS((6,1,1,1,1,6),(-1.,-0.8,-0.6,-0.4,-0.2,0.),
 .UNSPECIFIED.)
CURVE()
GEOMETRIC_REPRESENTATION_ITEM()
RATIONAL_B_SPLINE_CURVE((1.,1.,1.,1.,1.,1.,1.,1.,1.,1.))
REPRESENTATION_ITEM('')
);
#85=(
BOUNDED_SURFACE()
B_SPLINE_SURFACE(5,1,((#3190,#3191),(#3192,#3193),(#3194,#3195),(#3196,
#3197),(#3198,#3199),(#3200,#3201),(#3202,#3203),(#3204,#3205),(#3206,#3207),
(#3208,#3209)),.UNSPECIFIED.,.F.,.F.,.F.)
B_SPLINE_SURFACE_WITH_KNOTS((6,1,1,1,1,6),(2,2),(0.,0.2,0.4,0.6,0.8,1.),
(0.,0.275),.UNSPECIFIED.)
GEOMETRIC_REPRESENTATION_ITEM()
RATIONAL_B_SPLINE_SURFACE(((1.,1.),(1.,1.),(1.,1.),(1.,1.),(1.,1.),(1.,
1.),(1.,1.),(1.,1.),(1.,1.),(1.,1.)))
REPRESENTATION_ITEM('')
SURFACE()
);
#86=(
BOUNDED_SURFACE()
B_SPLINE_SURFACE(5,1,((#3233,#3234),(#3235,#3236),(#3237,#3238),(#3239,
#3240),(#3241,#3242),(#3243,#3244),(#3245,#3246),(#3247,#3248),(#3249,#3250),
(#3251,#3252),(#3253,#3254),(#3255,#3256),(#3257,#3258),(#3259,#3260),(#3261,
#3262),(#3263,#3264),(#3265,#3266),(#3267,#3268),(#3269,#3270),(#3271,#3272),
(#3273,#3274),(#3275,#3276),(#3277,#3278),(#3279,#3280),(#3281,#3282)),
 .UNSPECIFIED.,.F.,.F.,.F.)
B_SPLINE_SURFACE_WITH_KNOTS((6,1,1,1,1,1,1,1,1,1,1,1,1,1,1,1,1,1,1,1,6),
(2,2),(-1.,-0.95,-0.9,-0.85,-0.8,-0.75,-0.7,-0.65,-0.6,-0.55,-0.5,-0.45,
-0.4,-0.35,-0.3,-0.25,-0.2,-0.15,-0.1,-0.05,0.),(0.,0.275),
 .UNSPECIFIED.)
GEOMETRIC_REPRESENTATION_ITEM()
RATIONAL_B_SPLINE_SURFACE(((1.,1.),(1.,1.),(1.,1.),(1.,1.),(1.,1.),(1.,
1.),(1.,1.),(1.,1.),(1.,1.),(1.,1.),(1.,1.),(1.,1.),(1.,1.),(1.,1.),(1.,
1.),(1.,1.),(1.,1.),(1.,1.),(1.,1.),(1.,1.),(1.,1.),(1.,1.),(1.,1.),(1.,
1.),(1.,1.)))
REPRESENTATION_ITEM('')
SURFACE()
);
#87=(
BOUNDED_SURFACE()
B_SPLINE_SURFACE(5,1,((#3336,#3337),(#3338,#3339),(#3340,#3341),(#3342,
#3343),(#3344,#3345),(#3346,#3347),(#3348,#3349),(#3350,#3351),(#3352,#3353),
(#3354,#3355),(#3356,#3357),(#3358,#3359),(#3360,#3361),(#3362,#3363),(#3364,
#3365),(#3366,#3367),(#3368,#3369),(#3370,#3371),(#3372,#3373),(#3374,#3375),
(#3376,#3377),(#3378,#3379),(#3380,#3381),(#3382,#3383),(#3384,#3385),(#3386,
#3387),(#3388,#3389),(#3390,#3391),(#3392,#3393),(#3394,#3395),(#3396,#3397),
(#3398,#3399),(#3400,#3401),(#3402,#3403),(#3404,#3405),(#3406,#3407),(#3408,
#3409),(#3410,#3411),(#3412,#3413),(#3414,#3415),(#3416,#3417),(#3418,#3419),
(#3420,#3421),(#3422,#3423),(#3424,#3425),(#3426,#3427),(#3428,#3429),(#3430,
#3431),(#3432,#3433),(#3434,#3435),(#3436,#3437),(#3438,#3439),(#3440,#3441),
(#3442,#3443),(#3444,#3445),(#3446,#3447),(#3448,#3449),(#3450,#3451),(#3452,
#3453),(#3454,#3455)),.UNSPECIFIED.,.F.,.F.,.F.)
B_SPLINE_SURFACE_WITH_KNOTS((6,1,1,1,1,1,1,1,1,1,1,1,1,1,1,1,1,1,1,1,1,
1,1,1,1,1,1,1,1,1,1,1,1,1,1,1,1,1,1,1,1,1,1,1,1,1,1,1,1,1,1,1,1,1,1,6),
(2,2),(-1.,-0.981818181818182,-0.963636363636364,-0.945454545454546,-0.927272727272727,
-0.909090909090909,-0.890909090909091,-0.872727272727273,-0.854545454545455,
-0.836363636363637,-0.818181818181818,-0.8,-0.781818181818182,-0.763636363636364,
-0.745454545454546,-0.727272727272727,-0.709090909090909,-0.690909090909091,
-0.672727272727273,-0.654545454545455,-0.636363636363636,-0.618181818181818,
-0.6,-0.581818181818182,-0.563636363636364,-0.545454545454546,-0.527272727272727,
-0.509090909090909,-0.490909090909091,-0.472727272727273,-0.454545454545455,
-0.436363636363636,-0.418181818181818,-0.4,-0.381818181818182,-0.363636363636364,
-0.345454545454546,-0.327272727272727,-0.309090909090909,-0.290909090909091,
-0.272727272727273,-0.254545454545455,-0.236363636363636,-0.218181818181818,
-0.2,-0.181818181818182,-0.163636363636364,-0.145454545454545,-0.127272727272727,
-0.109090909090909,-0.0909090909090909,-0.0727272727272727,-0.0545454545454545,
-0.0363636363636364,-0.0181818181818182,0.),(0.,0.275),.UNSPECIFIED.)
GEOMETRIC_REPRESENTATION_ITEM()
RATIONAL_B_SPLINE_SURFACE(((1.,1.),(1.,1.),(1.,1.),(1.,1.),(1.,1.),(1.,
1.),(1.,1.),(1.,1.),(1.,1.),(1.,1.),(1.,1.),(1.,1.),(1.,1.),(1.,1.),(1.,
1.),(1.,1.),(1.,1.),(1.,1.),(1.,1.),(1.,1.),(1.,1.),(1.,1.),(1.,1.),(1.,
1.),(1.,1.),(1.,1.),(1.,1.),(1.,1.),(1.,1.),(1.,1.),(1.,1.),(1.,1.),(1.,
1.),(1.,1.),(1.,1.),(1.,1.),(1.,1.),(1.,1.),(1.,1.),(1.,1.),(1.,1.),(1.,
1.),(1.,1.),(1.,1.),(1.,1.),(1.,1.),(1.,1.),(1.,1.),(1.,1.),(1.,1.),(1.,
1.),(1.,1.),(1.,1.),(1.,1.),(1.,1.),(1.,1.),(1.,1.),(1.,1.),(1.,1.),(1.,
1.)))
REPRESENTATION_ITEM('')
SURFACE()
);
#88=(
BOUNDED_SURFACE()
B_SPLINE_SURFACE(5,1,((#3585,#3586),(#3587,#3588),(#3589,#3590),(#3591,
#3592),(#3593,#3594),(#3595,#3596),(#3597,#3598),(#3599,#3600),(#3601,#3602),
(#3603,#3604),(#3605,#3606),(#3607,#3608),(#3609,#3610),(#3611,#3612),(#3613,
#3614),(#3615,#3616),(#3617,#3618),(#3619,#3620),(#3621,#3622),(#3623,#3624),
(#3625,#3626),(#3627,#3628),(#3629,#3630),(#3631,#3632),(#3633,#3634),(#3635,
#3636),(#3637,#3638),(#3639,#3640),(#3641,#3642),(#3643,#3644),(#3645,#3646),
(#3647,#3648),(#3649,#3650),(#3651,#3652),(#3653,#3654),(#3655,#3656),(#3657,
#3658),(#3659,#3660),(#3661,#3662),(#3663,#3664),(#3665,#3666),(#3667,#3668),
(#3669,#3670),(#3671,#3672),(#3673,#3674),(#3675,#3676),(#3677,#3678),(#3679,
#3680),(#3681,#3682),(#3683,#3684),(#3685,#3686),(#3687,#3688),(#3689,#3690),
(#3691,#3692),(#3693,#3694),(#3695,#3696),(#3697,#3698),(#3699,#3700),(#3701,
#3702),(#3703,#3704),(#3705,#3706),(#3707,#3708),(#3709,#3710),(#3711,#3712),
(#3713,#3714),(#3715,#3716),(#3717,#3718),(#3719,#3720),(#3721,#3722),(#3723,
#3724),(#3725,#3726),(#3727,#3728),(#3729,#3730),(#3731,#3732),(#3733,#3734),
(#3735,#3736),(#3737,#3738),(#3739,#3740),(#3741,#3742),(#3743,#3744),(#3745,
#3746),(#3747,#3748),(#3749,#3750),(#3751,#3752),(#3753,#3754),(#3755,#3756),
(#3757,#3758),(#3759,#3760),(#3761,#3762),(#3763,#3764),(#3765,#3766),(#3767,
#3768),(#3769,#3770),(#3771,#3772),(#3773,#3774),(#3775,#3776),(#3777,#3778),
(#3779,#3780),(#3781,#3782),(#3783,#3784),(#3785,#3786),(#3787,#3788),(#3789,
#3790),(#3791,#3792),(#3793,#3794),(#3795,#3796),(#3797,#3798),(#3799,#3800),
(#3801,#3802),(#3803,#3804),(#3805,#3806),(#3807,#3808),(#3809,#3810),(#3811,
#3812),(#3813,#3814)),.UNSPECIFIED.,.F.,.F.,.F.)
B_SPLINE_SURFACE_WITH_KNOTS((6,1,1,1,1,1,1,1,1,1,1,1,1,1,1,1,1,1,1,1,1,
1,1,1,1,1,1,1,1,1,1,1,1,1,1,1,1,1,1,1,1,1,1,1,1,1,1,1,1,1,1,1,1,1,1,1,1,
1,1,1,1,1,1,1,1,1,1,1,1,1,1,1,1,1,1,1,1,1,1,1,1,1,1,1,1,1,1,1,1,1,1,1,1,
1,1,1,1,1,1,1,1,1,1,1,1,1,1,1,1,1,6),(2,2),(-1.,-0.990909090909088,-0.981818181818179,
-0.97272727272727,-0.963636363636361,-0.954545454545452,-0.945454545454543,
-0.936363636363634,-0.927272727272725,-0.918181818181816,-0.909090909090907,
-0.899999999999998,-0.890909090909089,-0.88181818181818,-0.872727272727271,
-0.863636363636362,-0.854545454545453,-0.845454545454544,-0.836363636363635,
-0.827272727272725,-0.818181818181816,-0.809090909090907,-0.799999999999998,
-0.790909090909089,-0.78181818181818,-0.772727272727271,-0.763636363636362,
-0.754545454545453,-0.745454545454544,-0.736363636363635,-0.727272727272726,
-0.718181818181817,-0.709090909090908,-0.699999999999999,-0.69090909090909,
-0.681818181818181,-0.672727272727272,-0.663636363636363,-0.654545454545454,
-0.645454545454545,-0.636363636363636,-0.627272727272727,-0.618181818181818,
-0.609090909090909,-0.6,-0.59090909090909,-0.581818181818181,-0.572727272727272,
-0.563636363636363,-0.554545454545454,-0.545454545454545,-0.536363636363636,
-0.527272727272727,-0.518181818181818,-0.509090909090909,-0.5,-0.490909090909091,
-0.481818181818182,-0.472727272727273,-0.463636363636364,-0.454545454545455,
-0.445454545454546,-0.436363636363636,-0.427272727272727,-0.418181818181818,
-0.409090909090909,-0.4,-0.390909090909091,-0.381818181818182,-0.372727272727273,
-0.363636363636364,-0.354545454545455,-0.345454545454546,-0.336363636363636,
-0.327272727272727,-0.318181818181818,-0.309090909090909,-0.3,-0.290909090909091,
-0.281818181818182,-0.272727272727273,-0.263636363636364,-0.254545454545455,
-0.245454545454546,-0.236363636363636,-0.227272727272727,-0.218181818181818,
-0.209090909090909,-0.2,-0.190909090909091,-0.181818181818182,-0.172727272727273,
-0.163636363636364,-0.154545454545455,-0.145454545454545,-0.136363636363636,
-0.127272727272727,-0.118181818181818,-0.109090909090909,-0.1,-0.0909090909090909,
-0.0818181818181818,-0.0727272727272727,-0.0636363636363636,-0.0545454545454545,
-0.0454545454545455,-0.0363636363636364,-0.0272727272727273,-0.0181818181818182,
-0.00909090909090909,0.),(0.,0.275),.UNSPECIFIED.)
GEOMETRIC_REPRESENTATION_ITEM()
RATIONAL_B_SPLINE_SURFACE(((1.,1.),(1.,1.),(1.,1.),(1.,1.),(1.,1.),(1.,
1.),(1.,1.),(1.,1.),(1.,1.),(1.,1.),(1.,1.),(1.,1.),(1.,1.),(1.,1.),(1.,
1.),(1.,1.),(1.,1.),(1.,1.),(1.,1.),(1.,1.),(1.,1.),(1.,1.),(1.,1.),(1.,
1.),(1.,1.),(1.,1.),(1.,1.),(1.,1.),(1.,1.),(1.,1.),(1.,1.),(1.,1.),(1.,
1.),(1.,1.),(1.,1.),(1.,1.),(1.,1.),(1.,1.),(1.,1.),(1.,1.),(1.,1.),(1.,
1.),(1.,1.),(1.,1.),(1.,1.),(1.,1.),(1.,1.),(1.,1.),(1.,1.),(1.,1.),(1.,
1.),(1.,1.),(1.,1.),(1.,1.),(1.,1.),(1.,1.),(1.,1.),(1.,1.),(1.,1.),(1.,
1.),(1.,1.),(1.,1.),(1.,1.),(1.,1.),(1.,1.),(1.,1.),(1.,1.),(1.,1.),(1.,
1.),(1.,1.),(1.,1.),(1.,1.),(1.,1.),(1.,1.),(1.,1.),(1.,1.),(1.,1.),(1.,
1.),(1.,1.),(1.,1.),(1.,1.),(1.,1.),(1.,1.),(1.,1.),(1.,1.),(1.,1.),(1.,
1.),(1.,1.),(1.,1.),(1.,1.),(1.,1.),(1.,1.),(1.,1.),(1.,1.),(1.,1.),(1.,
1.),(1.,1.),(1.,1.),(1.,1.),(1.,1.),(1.,1.),(1.,1.),(1.,1.),(1.,1.),(1.,
1.),(1.,1.),(1.,1.),(1.,1.),(1.,1.),(1.,1.),(1.,1.),(1.,1.),(1.,1.),(1.,
1.),(1.,1.)))
REPRESENTATION_ITEM('')
SURFACE()
);
#89=(
BOUNDED_SURFACE()
B_SPLINE_SURFACE(5,1,((#4048,#4049),(#4050,#4051),(#4052,#4053),(#4054,
#4055),(#4056,#4057),(#4058,#4059),(#4060,#4061),(#4062,#4063),(#4064,#4065),
(#4066,#4067)),.UNSPECIFIED.,.F.,.F.,.F.)
B_SPLINE_SURFACE_WITH_KNOTS((6,1,1,1,1,6),(2,2),(0.,0.2,0.4,0.6,0.8,1.),
(0.,0.275),.UNSPECIFIED.)
GEOMETRIC_REPRESENTATION_ITEM()
RATIONAL_B_SPLINE_SURFACE(((1.,1.),(1.,1.),(1.,1.),(1.,1.),(1.,1.),(1.,
1.),(1.,1.),(1.,1.),(1.,1.),(1.,1.)))
REPRESENTATION_ITEM('')
SURFACE()
);
#90=(
BOUNDED_SURFACE()
B_SPLINE_SURFACE(5,1,((#4091,#4092),(#4093,#4094),(#4095,#4096),(#4097,
#4098),(#4099,#4100),(#4101,#4102),(#4103,#4104),(#4105,#4106),(#4107,#4108),
(#4109,#4110),(#4111,#4112),(#4113,#4114),(#4115,#4116),(#4117,#4118),(#4119,
#4120)),.UNSPECIFIED.,.F.,.F.,.F.)
B_SPLINE_SURFACE_WITH_KNOTS((6,1,1,1,1,1,1,1,1,1,6),(2,2),(0.,0.1,0.2,0.3,
0.4,0.5,0.6,0.7,0.8,0.9,1.),(0.,0.275),.UNSPECIFIED.)
GEOMETRIC_REPRESENTATION_ITEM()
RATIONAL_B_SPLINE_SURFACE(((1.,1.),(1.,1.),(1.,1.),(1.,1.),(1.,1.),(1.,
1.),(1.,1.),(1.,1.),(1.,1.),(1.,1.),(1.,1.),(1.,1.),(1.,1.),(1.,1.),(1.,
1.)))
REPRESENTATION_ITEM('')
SURFACE()
);
#91=(
BOUNDED_SURFACE()
B_SPLINE_SURFACE(5,1,((#4154,#4155),(#4156,#4157),(#4158,#4159),(#4160,
#4161),(#4162,#4163),(#4164,#4165),(#4166,#4167),(#4168,#4169),(#4170,#4171),
(#4172,#4173),(#4174,#4175),(#4176,#4177),(#4178,#4179),(#4180,#4181),(#4182,
#4183)),.UNSPECIFIED.,.F.,.F.,.F.)
B_SPLINE_SURFACE_WITH_KNOTS((6,1,1,1,1,1,1,1,1,1,6),(2,2),(0.,0.1,0.2,0.3,
0.4,0.5,0.6,0.7,0.8,0.9,1.),(0.,0.275),.UNSPECIFIED.)
GEOMETRIC_REPRESENTATION_ITEM()
RATIONAL_B_SPLINE_SURFACE(((1.,1.),(1.,1.),(1.,1.),(1.,1.),(1.,1.),(1.,
1.),(1.,1.),(1.,1.),(1.,1.),(1.,1.),(1.,1.),(1.,1.),(1.,1.),(1.,1.),(1.,
1.)))
REPRESENTATION_ITEM('')
SURFACE()
);
#92=(
BOUNDED_SURFACE()
B_SPLINE_SURFACE(5,1,((#4217,#4218),(#4219,#4220),(#4221,#4222),(#4223,
#4224),(#4225,#4226),(#4227,#4228),(#4229,#4230),(#4231,#4232),(#4233,#4234),
(#4235,#4236)),.UNSPECIFIED.,.F.,.F.,.F.)
B_SPLINE_SURFACE_WITH_KNOTS((6,1,1,1,1,6),(2,2),(-1.,-0.8,-0.6,-0.4,-0.2,
0.),(0.,0.275),.UNSPECIFIED.)
GEOMETRIC_REPRESENTATION_ITEM()
RATIONAL_B_SPLINE_SURFACE(((1.,1.),(1.,1.),(1.,1.),(1.,1.),(1.,1.),(1.,
1.),(1.,1.),(1.,1.),(1.,1.),(1.,1.)))
REPRESENTATION_ITEM('')
SURFACE()
);
#93=PLANE('',#2066);
#94=PLANE('',#2070);
#95=PLANE('',#2074);
#96=PLANE('',#2075);
#97=PLANE('',#2076);
#98=PLANE('',#2077);
#99=PLANE('',#2078);
#100=PLANE('',#2079);
#101=PLANE('',#2080);
#102=PLANE('',#2081);
#103=PLANE('',#2082);
#104=PLANE('',#2083);
#105=PLANE('',#2084);
#106=PLANE('',#2085);
#107=PLANE('',#2086);
#108=PLANE('',#2090);
#109=PLANE('',#2094);
#110=PLANE('',#2098);
#111=PLANE('',#2102);
#112=PLANE('',#2106);
#113=PLANE('',#2110);
#114=PLANE('',#2114);
#115=PLANE('',#2118);
#116=PLANE('',#2122);
#117=PLANE('',#2126);
#118=PLANE('',#2130);
#119=PLANE('',#2134);
#120=PLANE('',#2138);
#121=PLANE('',#2142);
#122=PLANE('',#2146);
#123=PLANE('',#2150);
#124=PLANE('',#2151);
#125=PLANE('',#2152);
#126=PLANE('',#2153);
#127=PLANE('',#2154);
#128=CYLINDRICAL_SURFACE('',#1972,1.925);
#129=CYLINDRICAL_SURFACE('',#1977,1.925);
#130=CYLINDRICAL_SURFACE('',#1982,1.925);
#131=CYLINDRICAL_SURFACE('',#1987,1.925);
#132=CYLINDRICAL_SURFACE('',#1992,1.925);
#133=CYLINDRICAL_SURFACE('',#1997,1.925);
#134=CYLINDRICAL_SURFACE('',#2002,1.925);
#135=CYLINDRICAL_SURFACE('',#2007,1.925);
#136=CYLINDRICAL_SURFACE('',#2012,1.925);
#137=CYLINDRICAL_SURFACE('',#2017,1.925);
#138=CYLINDRICAL_SURFACE('',#2022,1.925);
#139=CYLINDRICAL_SURFACE('',#2027,1.925);
#140=CYLINDRICAL_SURFACE('',#2032,1.925);
#141=CYLINDRICAL_SURFACE('',#2037,1.925);
#142=CYLINDRICAL_SURFACE('',#2042,1.925);
#143=CYLINDRICAL_SURFACE('',#2047,1.925);
#144=CYLINDRICAL_SURFACE('',#2052,1.925);
#145=CYLINDRICAL_SURFACE('',#2054,4.84);
#146=CYLINDRICAL_SURFACE('',#2057,4.84);
#147=CYLINDRICAL_SURFACE('',#2060,4.84);
#148=CYLINDRICAL_SURFACE('',#2063,6.1);
#149=CYLINDRICAL_SURFACE('',#2067,8.59316293995404);
#150=CYLINDRICAL_SURFACE('',#2071,8.59316293995406);
#151=CYLINDRICAL_SURFACE('',#2087,5.49999999999999);
#152=CYLINDRICAL_SURFACE('',#2091,7.10756514498741);
#153=CYLINDRICAL_SURFACE('',#2095,7.10756514498741);
#154=CYLINDRICAL_SURFACE('',#2099,5.49999999999999);
#155=CYLINDRICAL_SURFACE('',#2103,5.5);
#156=CYLINDRICAL_SURFACE('',#2107,7.10756514498741);
#157=CYLINDRICAL_SURFACE('',#2111,7.10756514498741);
#158=CYLINDRICAL_SURFACE('',#2115,5.50000000000001);
#159=CYLINDRICAL_SURFACE('',#2119,5.5);
#160=CYLINDRICAL_SURFACE('',#2123,7.10756514498741);
#161=CYLINDRICAL_SURFACE('',#2127,7.10756514498741);
#162=CYLINDRICAL_SURFACE('',#2131,5.5);
#163=CYLINDRICAL_SURFACE('',#2135,5.49999999999999);
#164=CYLINDRICAL_SURFACE('',#2139,7.10756514498741);
#165=CYLINDRICAL_SURFACE('',#2143,7.10756514498741);
#166=CYLINDRICAL_SURFACE('',#2147,5.5);
#167=FACE_OUTER_BOUND('',#266,.T.);
#168=FACE_OUTER_BOUND('',#267,.T.);
#169=FACE_OUTER_BOUND('',#268,.T.);
#170=FACE_OUTER_BOUND('',#269,.T.);
#171=FACE_OUTER_BOUND('',#270,.T.);
#172=FACE_OUTER_BOUND('',#271,.T.);
#173=FACE_OUTER_BOUND('',#272,.T.);
#174=FACE_OUTER_BOUND('',#273,.T.);
#175=FACE_OUTER_BOUND('',#274,.T.);
#176=FACE_OUTER_BOUND('',#275,.T.);
#177=FACE_OUTER_BOUND('',#276,.T.);
#178=FACE_OUTER_BOUND('',#277,.T.);
#179=FACE_OUTER_BOUND('',#278,.T.);
#180=FACE_OUTER_BOUND('',#279,.T.);
#181=FACE_OUTER_BOUND('',#280,.T.);
#182=FACE_OUTER_BOUND('',#281,.T.);
#183=FACE_OUTER_BOUND('',#282,.T.);
#184=FACE_OUTER_BOUND('',#283,.T.);
#185=FACE_OUTER_BOUND('',#284,.T.);
#186=FACE_OUTER_BOUND('',#285,.T.);
#187=FACE_OUTER_BOUND('',#286,.T.);
#188=FACE_OUTER_BOUND('',#287,.T.);
#189=FACE_OUTER_BOUND('',#288,.T.);
#190=FACE_OUTER_BOUND('',#289,.T.);
#191=FACE_OUTER_BOUND('',#290,.T.);
#192=FACE_OUTER_BOUND('',#291,.T.);
#193=FACE_OUTER_BOUND('',#292,.T.);
#194=FACE_OUTER_BOUND('',#293,.T.);
#195=FACE_OUTER_BOUND('',#294,.T.);
#196=FACE_OUTER_BOUND('',#295,.T.);
#197=FACE_OUTER_BOUND('',#296,.T.);
#198=FACE_OUTER_BOUND('',#297,.T.);
#199=FACE_OUTER_BOUND('',#298,.T.);
#200=FACE_OUTER_BOUND('',#299,.T.);
#201=FACE_OUTER_BOUND('',#300,.T.);
#202=FACE_OUTER_BOUND('',#301,.T.);
#203=FACE_OUTER_BOUND('',#302,.T.);
#204=FACE_OUTER_BOUND('',#303,.T.);
#205=FACE_OUTER_BOUND('',#304,.T.);
#206=FACE_OUTER_BOUND('',#305,.T.);
#207=FACE_OUTER_BOUND('',#306,.T.);
#208=FACE_OUTER_BOUND('',#307,.T.);
#209=FACE_OUTER_BOUND('',#308,.T.);
#210=FACE_OUTER_BOUND('',#309,.T.);
#211=FACE_OUTER_BOUND('',#310,.T.);
#212=FACE_OUTER_BOUND('',#311,.T.);
#213=FACE_OUTER_BOUND('',#312,.T.);
#214=FACE_OUTER_BOUND('',#313,.T.);
#215=FACE_OUTER_BOUND('',#314,.T.);
#216=FACE_OUTER_BOUND('',#315,.T.);
#217=FACE_OUTER_BOUND('',#316,.T.);
#218=FACE_OUTER_BOUND('',#317,.T.);
#219=FACE_OUTER_BOUND('',#318,.T.);
#220=FACE_OUTER_BOUND('',#319,.T.);
#221=FACE_OUTER_BOUND('',#320,.T.);
#222=FACE_OUTER_BOUND('',#321,.T.);
#223=FACE_OUTER_BOUND('',#322,.T.);
#224=FACE_OUTER_BOUND('',#323,.T.);
#225=FACE_OUTER_BOUND('',#324,.T.);
#226=FACE_OUTER_BOUND('',#325,.T.);
#227=FACE_OUTER_BOUND('',#326,.T.);
#228=FACE_OUTER_BOUND('',#327,.T.);
#229=FACE_OUTER_BOUND('',#328,.T.);
#230=FACE_OUTER_BOUND('',#329,.T.);
#231=FACE_OUTER_BOUND('',#330,.T.);
#232=FACE_OUTER_BOUND('',#331,.T.);
#233=FACE_OUTER_BOUND('',#332,.T.);
#234=FACE_OUTER_BOUND('',#333,.T.);
#235=FACE_OUTER_BOUND('',#334,.T.);
#236=FACE_OUTER_BOUND('',#335,.T.);
#237=FACE_OUTER_BOUND('',#336,.T.);
#238=FACE_OUTER_BOUND('',#337,.T.);
#239=FACE_OUTER_BOUND('',#338,.T.);
#240=FACE_OUTER_BOUND('',#339,.T.);
#241=FACE_OUTER_BOUND('',#340,.T.);
#242=FACE_OUTER_BOUND('',#341,.T.);
#243=FACE_OUTER_BOUND('',#342,.T.);
#244=FACE_OUTER_BOUND('',#343,.T.);
#245=FACE_OUTER_BOUND('',#344,.T.);
#246=FACE_OUTER_BOUND('',#345,.T.);
#247=FACE_OUTER_BOUND('',#346,.T.);
#248=FACE_OUTER_BOUND('',#347,.T.);
#249=FACE_OUTER_BOUND('',#348,.T.);
#250=FACE_OUTER_BOUND('',#349,.T.);
#251=FACE_OUTER_BOUND('',#350,.T.);
#252=FACE_OUTER_BOUND('',#351,.T.);
#253=FACE_OUTER_BOUND('',#352,.T.);
#254=FACE_OUTER_BOUND('',#353,.T.);
#255=FACE_OUTER_BOUND('',#354,.T.);
#256=FACE_OUTER_BOUND('',#355,.T.);
#257=FACE_OUTER_BOUND('',#356,.T.);
#258=FACE_OUTER_BOUND('',#357,.T.);
#259=FACE_OUTER_BOUND('',#358,.T.);
#260=FACE_OUTER_BOUND('',#359,.T.);
#261=FACE_OUTER_BOUND('',#360,.T.);
#262=FACE_OUTER_BOUND('',#361,.T.);
#263=FACE_OUTER_BOUND('',#362,.T.);
#264=FACE_OUTER_BOUND('',#363,.T.);
#265=FACE_OUTER_BOUND('',#391,.T.);
#266=EDGE_LOOP('',(#1291,#1292,#1293,#1294));
#267=EDGE_LOOP('',(#1295,#1296,#1297,#1298));
#268=EDGE_LOOP('',(#1299,#1300,#1301,#1302));
#269=EDGE_LOOP('',(#1303,#1304,#1305,#1306));
#270=EDGE_LOOP('',(#1307,#1308,#1309,#1310));
#271=EDGE_LOOP('',(#1311,#1312,#1313,#1314));
#272=EDGE_LOOP('',(#1315,#1316,#1317,#1318));
#273=EDGE_LOOP('',(#1319,#1320,#1321,#1322));
#274=EDGE_LOOP('',(#1323,#1324,#1325,#1326));
#275=EDGE_LOOP('',(#1327,#1328,#1329,#1330));
#276=EDGE_LOOP('',(#1331,#1332,#1333,#1334));
#277=EDGE_LOOP('',(#1335,#1336,#1337,#1338));
#278=EDGE_LOOP('',(#1339,#1340,#1341,#1342));
#279=EDGE_LOOP('',(#1343,#1344,#1345,#1346));
#280=EDGE_LOOP('',(#1347,#1348,#1349,#1350));
#281=EDGE_LOOP('',(#1351,#1352,#1353,#1354));
#282=EDGE_LOOP('',(#1355,#1356,#1357,#1358));
#283=EDGE_LOOP('',(#1359,#1360,#1361,#1362));
#284=EDGE_LOOP('',(#1363,#1364,#1365,#1366));
#285=EDGE_LOOP('',(#1367,#1368,#1369,#1370));
#286=EDGE_LOOP('',(#1371,#1372,#1373,#1374));
#287=EDGE_LOOP('',(#1375,#1376,#1377,#1378));
#288=EDGE_LOOP('',(#1379,#1380,#1381,#1382));
#289=EDGE_LOOP('',(#1383,#1384,#1385,#1386));
#290=EDGE_LOOP('',(#1387,#1388,#1389,#1390));
#291=EDGE_LOOP('',(#1391,#1392,#1393,#1394));
#292=EDGE_LOOP('',(#1395,#1396,#1397,#1398));
#293=EDGE_LOOP('',(#1399,#1400,#1401,#1402));
#294=EDGE_LOOP('',(#1403,#1404,#1405,#1406));
#295=EDGE_LOOP('',(#1407,#1408,#1409,#1410));
#296=EDGE_LOOP('',(#1411,#1412,#1413,#1414));
#297=EDGE_LOOP('',(#1415,#1416,#1417,#1418));
#298=EDGE_LOOP('',(#1419,#1420,#1421,#1422));
#299=EDGE_LOOP('',(#1423,#1424,#1425,#1426));
#300=EDGE_LOOP('',(#1427,#1428,#1429,#1430));
#301=EDGE_LOOP('',(#1431,#1432,#1433,#1434));
#302=EDGE_LOOP('',(#1435,#1436,#1437,#1438));
#303=EDGE_LOOP('',(#1439,#1440,#1441,#1442));
#304=EDGE_LOOP('',(#1443,#1444,#1445,#1446));
#305=EDGE_LOOP('',(#1447,#1448,#1449,#1450));
#306=EDGE_LOOP('',(#1451,#1452,#1453,#1454));
#307=EDGE_LOOP('',(#1455,#1456,#1457,#1458));
#308=EDGE_LOOP('',(#1459,#1460,#1461,#1462));
#309=EDGE_LOOP('',(#1463,#1464,#1465,#1466));
#310=EDGE_LOOP('',(#1467,#1468,#1469,#1470));
#311=EDGE_LOOP('',(#1471,#1472,#1473,#1474));
#312=EDGE_LOOP('',(#1475,#1476,#1477,#1478));
#313=EDGE_LOOP('',(#1479,#1480,#1481,#1482));
#314=EDGE_LOOP('',(#1483,#1484,#1485,#1486));
#315=EDGE_LOOP('',(#1487,#1488,#1489,#1490));
#316=EDGE_LOOP('',(#1491,#1492,#1493,#1494));
#317=EDGE_LOOP('',(#1495,#1496,#1497,#1498));
#318=EDGE_LOOP('',(#1499,#1500,#1501,#1502));
#319=EDGE_LOOP('',(#1503,#1504,#1505,#1506));
#320=EDGE_LOOP('',(#1507,#1508,#1509,#1510));
#321=EDGE_LOOP('',(#1511,#1512,#1513,#1514));
#322=EDGE_LOOP('',(#1515,#1516,#1517,#1518));
#323=EDGE_LOOP('',(#1519,#1520,#1521,#1522));
#324=EDGE_LOOP('',(#1523,#1524,#1525,#1526));
#325=EDGE_LOOP('',(#1527,#1528,#1529,#1530));
#326=EDGE_LOOP('',(#1531,#1532,#1533,#1534));
#327=EDGE_LOOP('',(#1535,#1536,#1537,#1538));
#328=EDGE_LOOP('',(#1539,#1540,#1541,#1542));
#329=EDGE_LOOP('',(#1543,#1544,#1545,#1546));
#330=EDGE_LOOP('',(#1547,#1548,#1549,#1550));
#331=EDGE_LOOP('',(#1551,#1552,#1553,#1554));
#332=EDGE_LOOP('',(#1555,#1556,#1557,#1558));
#333=EDGE_LOOP('',(#1559,#1560,#1561,#1562));
#334=EDGE_LOOP('',(#1563,#1564,#1565,#1566));
#335=EDGE_LOOP('',(#1567,#1568,#1569,#1570));
#336=EDGE_LOOP('',(#1571,#1572,#1573,#1574));
#337=EDGE_LOOP('',(#1575,#1576,#1577,#1578));
#338=EDGE_LOOP('',(#1579,#1580,#1581,#1582));
#339=EDGE_LOOP('',(#1583,#1584,#1585,#1586));
#340=EDGE_LOOP('',(#1587,#1588,#1589,#1590));
#341=EDGE_LOOP('',(#1591,#1592,#1593,#1594));
#342=EDGE_LOOP('',(#1595,#1596,#1597,#1598));
#343=EDGE_LOOP('',(#1599,#1600,#1601,#1602));
#344=EDGE_LOOP('',(#1603,#1604,#1605,#1606));
#345=EDGE_LOOP('',(#1607,#1608,#1609,#1610));
#346=EDGE_LOOP('',(#1611,#1612,#1613,#1614));
#347=EDGE_LOOP('',(#1615,#1616,#1617,#1618));
#348=EDGE_LOOP('',(#1619,#1620,#1621,#1622));
#349=EDGE_LOOP('',(#1623,#1624,#1625,#1626));
#350=EDGE_LOOP('',(#1627,#1628,#1629,#1630));
#351=EDGE_LOOP('',(#1631,#1632,#1633,#1634));
#352=EDGE_LOOP('',(#1635,#1636,#1637,#1638));
#353=EDGE_LOOP('',(#1639,#1640,#1641,#1642));
#354=EDGE_LOOP('',(#1643,#1644,#1645,#1646));
#355=EDGE_LOOP('',(#1647,#1648,#1649,#1650));
#356=EDGE_LOOP('',(#1651,#1652,#1653,#1654));
#357=EDGE_LOOP('',(#1655,#1656,#1657,#1658));
#358=EDGE_LOOP('',(#1659,#1660,#1661,#1662));
#359=EDGE_LOOP('',(#1663,#1664,#1665,#1666));
#360=EDGE_LOOP('',(#1667,#1668,#1669,#1670));
#361=EDGE_LOOP('',(#1671,#1672,#1673,#1674));
#362=EDGE_LOOP('',(#1675,#1676,#1677,#1678));
#363=EDGE_LOOP('',(#1679,#1680,#1681,#1682,#1683,#1684,#1685,#1686,#1687,
#1688,#1689));
#364=EDGE_LOOP('',(#1690));
#365=EDGE_LOOP('',(#1691));
#366=EDGE_LOOP('',(#1692));
#367=EDGE_LOOP('',(#1693));
#368=EDGE_LOOP('',(#1694,#1695,#1696,#1697));
#369=EDGE_LOOP('',(#1698,#1699,#1700,#1701));
#370=EDGE_LOOP('',(#1702,#1703,#1704,#1705));
#371=EDGE_LOOP('',(#1706,#1707,#1708,#1709));
#372=EDGE_LOOP('',(#1710,#1711,#1712,#1713,#1714,#1715,#1716,#1717,#1718,
#1719,#1720,#1721,#1722,#1723,#1724,#1725));
#373=EDGE_LOOP('',(#1726,#1727,#1728,#1729,#1730,#1731,#1732,#1733,#1734,
#1735,#1736,#1737,#1738,#1739,#1740,#1741));
#374=EDGE_LOOP('',(#1742));
#375=EDGE_LOOP('',(#1743));
#376=EDGE_LOOP('',(#1744));
#377=EDGE_LOOP('',(#1745));
#378=EDGE_LOOP('',(#1746));
#379=EDGE_LOOP('',(#1747));
#380=EDGE_LOOP('',(#1748));
#381=EDGE_LOOP('',(#1749));
#382=EDGE_LOOP('',(#1750));
#383=EDGE_LOOP('',(#1751));
#384=EDGE_LOOP('',(#1752));
#385=EDGE_LOOP('',(#1753));
#386=EDGE_LOOP('',(#1754));
#387=EDGE_LOOP('',(#1755));
#388=EDGE_LOOP('',(#1756));
#389=EDGE_LOOP('',(#1757));
#390=EDGE_LOOP('',(#1758));
#391=EDGE_LOOP('',(#1759,#1760,#1761,#1762,#1763,#1764,#1765,#1766,#1767,
#1768,#1769));
#392=EDGE_LOOP('',(#1770));
#393=EDGE_LOOP('',(#1771));
#394=EDGE_LOOP('',(#1772));
#395=EDGE_LOOP('',(#1773));
#396=EDGE_LOOP('',(#1774,#1775,#1776,#1777));
#397=EDGE_LOOP('',(#1778,#1779,#1780,#1781));
#398=EDGE_LOOP('',(#1782,#1783,#1784,#1785));
#399=EDGE_LOOP('',(#1786,#1787,#1788,#1789));
#400=EDGE_LOOP('',(#1790,#1791,#1792,#1793,#1794,#1795,#1796,#1797,#1798,
#1799,#1800,#1801,#1802,#1803,#1804,#1805));
#401=EDGE_LOOP('',(#1806,#1807,#1808,#1809,#1810,#1811,#1812,#1813,#1814,
#1815,#1816,#1817,#1818,#1819,#1820,#1821));
#402=EDGE_LOOP('',(#1822));
#403=EDGE_LOOP('',(#1823));
#404=EDGE_LOOP('',(#1824));
#405=EDGE_LOOP('',(#1825));
#406=EDGE_LOOP('',(#1826));
#407=EDGE_LOOP('',(#1827));
#408=EDGE_LOOP('',(#1828));
#409=EDGE_LOOP('',(#1829));
#410=EDGE_LOOP('',(#1830));
#411=EDGE_LOOP('',(#1831));
#412=EDGE_LOOP('',(#1832));
#413=EDGE_LOOP('',(#1833));
#414=EDGE_LOOP('',(#1834));
#415=EDGE_LOOP('',(#1835));
#416=EDGE_LOOP('',(#1836));
#417=EDGE_LOOP('',(#1837));
#418=EDGE_LOOP('',(#1838));
#419=LINE('',#2697,#582);
#420=LINE('',#2701,#583);
#421=LINE('',#2707,#584);
#422=LINE('',#2711,#585);
#423=LINE('',#2717,#586);
#424=LINE('',#2721,#587);
#425=LINE('',#2727,#588);
#426=LINE('',#2731,#589);
#427=LINE('',#2737,#590);
#428=LINE('',#2741,#591);
#429=LINE('',#2747,#592);
#430=LINE('',#2751,#593);
#431=LINE('',#2757,#594);
#432=LINE('',#2761,#595);
#433=LINE('',#2767,#596);
#434=LINE('',#2771,#597);
#435=LINE('',#2777,#598);
#436=LINE('',#2781,#599);
#437=LINE('',#2787,#600);
#438=LINE('',#2791,#601);
#439=LINE('',#2797,#602);
#440=LINE('',#2801,#603);
#441=LINE('',#2807,#604);
#442=LINE('',#2811,#605);
#443=LINE('',#2817,#606);
#444=LINE('',#2821,#607);
#445=LINE('',#2827,#608);
#446=LINE('',#2831,#609);
#447=LINE('',#2837,#610);
#448=LINE('',#2841,#611);
#449=LINE('',#2847,#612);
#450=LINE('',#2851,#613);
#451=LINE('',#2857,#614);
#452=LINE('',#2861,#615);
#453=LINE('',#2867,#616);
#454=LINE('',#2873,#617);
#455=LINE('',#2879,#618);
#456=LINE('',#2885,#619);
#457=LINE('',#2890,#620);
#458=LINE('',#2892,#621);
#459=LINE('',#2894,#622);
#460=LINE('',#2895,#623);
#461=LINE('',#2900,#624);
#462=LINE('',#2904,#625);
#463=LINE('',#2906,#626);
#464=LINE('',#2907,#627);
#465=LINE('',#2914,#628);
#466=LINE('',#2916,#629);
#467=LINE('',#2918,#630);
#468=LINE('',#2919,#631);
#469=LINE('',#2922,#632);
#470=LINE('',#2924,#633);
#471=LINE('',#2925,#634);
#472=LINE('',#2928,#635);
#473=LINE('',#2930,#636);
#474=LINE('',#2931,#637);
#475=LINE('',#2933,#638);
#476=LINE('',#2934,#639);
#477=LINE('',#2938,#640);
#478=LINE('',#2940,#641);
#479=LINE('',#2942,#642);
#480=LINE('',#2943,#643);
#481=LINE('',#2946,#644);
#482=LINE('',#2948,#645);
#483=LINE('',#2949,#646);
#484=LINE('',#2952,#647);
#485=LINE('',#2954,#648);
#486=LINE('',#2955,#649);
#487=LINE('',#2957,#650);
#488=LINE('',#2958,#651);
#489=LINE('',#2962,#652);
#490=LINE('',#2964,#653);
#491=LINE('',#2966,#654);
#492=LINE('',#2967,#655);
#493=LINE('',#2970,#656);
#494=LINE('',#2972,#657);
#495=LINE('',#2973,#658);
#496=LINE('',#2976,#659);
#497=LINE('',#2978,#660);
#498=LINE('',#2979,#661);
#499=LINE('',#2981,#662);
#500=LINE('',#2982,#663);
#501=LINE('',#2986,#664);
#502=LINE('',#2988,#665);
#503=LINE('',#2990,#666);
#504=LINE('',#2991,#667);
#505=LINE('',#2997,#668);
#506=LINE('',#3000,#669);
#507=LINE('',#3002,#670);
#508=LINE('',#3003,#671);
#509=LINE('',#3009,#672);
#510=LINE('',#3012,#673);
#511=LINE('',#3014,#674);
#512=LINE('',#3015,#675);
#513=LINE('',#3021,#676);
#514=LINE('',#3024,#677);
#515=LINE('',#3026,#678);
#516=LINE('',#3027,#679);
#517=LINE('',#3033,#680);
#518=LINE('',#3036,#681);
#519=LINE('',#3038,#682);
#520=LINE('',#3039,#683);
#521=LINE('',#3045,#684);
#522=LINE('',#3048,#685);
#523=LINE('',#3050,#686);
#524=LINE('',#3051,#687);
#525=LINE('',#3057,#688);
#526=LINE('',#3060,#689);
#527=LINE('',#3062,#690);
#528=LINE('',#3063,#691);
#529=LINE('',#3069,#692);
#530=LINE('',#3072,#693);
#531=LINE('',#3074,#694);
#532=LINE('',#3075,#695);
#533=LINE('',#3082,#696);
#534=LINE('',#3084,#697);
#535=LINE('',#3086,#698);
#536=LINE('',#3087,#699);
#537=LINE('',#3093,#700);
#538=LINE('',#3096,#701);
#539=LINE('',#3098,#702);
#540=LINE('',#3099,#703);
#541=LINE('',#3105,#704);
#542=LINE('',#3108,#705);
#543=LINE('',#3110,#706);
#544=LINE('',#3111,#707);
#545=LINE('',#3117,#708);
#546=LINE('',#3120,#709);
#547=LINE('',#3122,#710);
#548=LINE('',#3123,#711);
#549=LINE('',#3129,#712);
#550=LINE('',#3132,#713);
#551=LINE('',#3134,#714);
#552=LINE('',#3135,#715);
#553=LINE('',#3141,#716);
#554=LINE('',#3144,#717);
#555=LINE('',#3146,#718);
#556=LINE('',#3147,#719);
#557=LINE('',#3153,#720);
#558=LINE('',#3156,#721);
#559=LINE('',#3158,#722);
#560=LINE('',#3159,#723);
#561=LINE('',#3165,#724);
#562=LINE('',#3168,#725);
#563=LINE('',#3170,#726);
#564=LINE('',#3171,#727);
#565=LINE('',#3178,#728);
#566=LINE('',#3180,#729);
#567=LINE('',#3182,#730);
#568=LINE('',#3183,#731);
#569=LINE('',#3186,#732);
#570=LINE('',#3188,#733);
#571=LINE('',#3189,#734);
#572=LINE('',#3232,#735);
#573=LINE('',#3335,#736);
#574=LINE('',#3578,#737);
#575=LINE('',#3581,#738);
#576=LINE('',#3583,#739);
#577=LINE('',#3584,#740);
#578=LINE('',#4047,#741);
#579=LINE('',#4090,#742);
#580=LINE('',#4153,#743);
#581=LINE('',#4216,#744);
#582=VECTOR('',#2161,2.3625);
#583=VECTOR('',#2166,1.925);
#584=VECTOR('',#2173,2.3625);
#585=VECTOR('',#2178,1.925);
#586=VECTOR('',#2185,2.3625);
#587=VECTOR('',#2190,1.925);
#588=VECTOR('',#2197,2.3625);
#589=VECTOR('',#2202,1.925);
#590=VECTOR('',#2209,2.3625);
#591=VECTOR('',#2214,1.925);
#592=VECTOR('',#2221,2.3625);
#593=VECTOR('',#2226,1.925);
#594=VECTOR('',#2233,2.3625);
#595=VECTOR('',#2238,1.925);
#596=VECTOR('',#2245,2.3625);
#597=VECTOR('',#2250,1.925);
#598=VECTOR('',#2257,2.3625);
#599=VECTOR('',#2262,1.925);
#600=VECTOR('',#2269,2.3625);
#601=VECTOR('',#2274,1.925);
#602=VECTOR('',#2281,2.3625);
#603=VECTOR('',#2286,1.925);
#604=VECTOR('',#2293,2.3625);
#605=VECTOR('',#2298,1.925);
#606=VECTOR('',#2305,2.3625);
#607=VECTOR('',#2310,1.925);
#608=VECTOR('',#2317,2.3625);
#609=VECTOR('',#2322,1.925);
#610=VECTOR('',#2329,2.3625);
#611=VECTOR('',#2334,1.925);
#612=VECTOR('',#2341,2.3625);
#613=VECTOR('',#2346,1.925);
#614=VECTOR('',#2353,2.3625);
#615=VECTOR('',#2358,1.925);
#616=VECTOR('',#2365,4.84);
#617=VECTOR('',#2372,4.84);
#618=VECTOR('',#2379,4.84);
#619=VECTOR('',#2386,6.1);
#620=VECTOR('',#2391,10.);
#621=VECTOR('',#2392,10.);
#622=VECTOR('',#2393,10.);
#623=VECTOR('',#2394,10.);
#624=VECTOR('',#2399,10.);
#625=VECTOR('',#2404,10.);
#626=VECTOR('',#2405,10.);
#627=VECTOR('',#2406,10.);
#628=VECTOR('',#2415,10.);
#629=VECTOR('',#2416,10.);
#630=VECTOR('',#2417,10.);
#631=VECTOR('',#2418,10.);
#632=VECTOR('',#2421,10.);
#633=VECTOR('',#2422,10.);
#634=VECTOR('',#2423,10.);
#635=VECTOR('',#2426,10.);
#636=VECTOR('',#2427,10.);
#637=VECTOR('',#2428,10.);
#638=VECTOR('',#2431,10.);
#639=VECTOR('',#2432,10.);
#640=VECTOR('',#2435,10.);
#641=VECTOR('',#2436,10.);
#642=VECTOR('',#2437,10.);
#643=VECTOR('',#2438,10.);
#644=VECTOR('',#2441,10.);
#645=VECTOR('',#2442,10.);
#646=VECTOR('',#2443,10.);
#647=VECTOR('',#2446,10.);
#648=VECTOR('',#2447,10.);
#649=VECTOR('',#2448,10.);
#650=VECTOR('',#2451,10.);
#651=VECTOR('',#2452,10.);
#652=VECTOR('',#2455,10.);
#653=VECTOR('',#2456,10.);
#654=VECTOR('',#2457,10.);
#655=VECTOR('',#2458,10.);
#656=VECTOR('',#2461,10.);
#657=VECTOR('',#2462,10.);
#658=VECTOR('',#2463,10.);
#659=VECTOR('',#2466,10.);
#660=VECTOR('',#2467,10.);
#661=VECTOR('',#2468,10.);
#662=VECTOR('',#2471,10.);
#663=VECTOR('',#2472,10.);
#664=VECTOR('',#2475,10.);
#665=VECTOR('',#2476,10.);
#666=VECTOR('',#2477,10.);
#667=VECTOR('',#2478,10.);
#668=VECTOR('',#2485,10.);
#669=VECTOR('',#2488,10.);
#670=VECTOR('',#2489,10.);
#671=VECTOR('',#2490,10.);
#672=VECTOR('',#2497,10.);
#673=VECTOR('',#2500,10.);
#674=VECTOR('',#2501,10.);
#675=VECTOR('',#2502,10.);
#676=VECTOR('',#2509,10.);
#677=VECTOR('',#2512,10.);
#678=VECTOR('',#2513,10.);
#679=VECTOR('',#2514,10.);
#680=VECTOR('',#2521,10.);
#681=VECTOR('',#2524,10.);
#682=VECTOR('',#2525,10.);
#683=VECTOR('',#2526,10.);
#684=VECTOR('',#2533,10.);
#685=VECTOR('',#2536,10.);
#686=VECTOR('',#2537,10.);
#687=VECTOR('',#2538,10.);
#688=VECTOR('',#2545,10.);
#689=VECTOR('',#2548,10.);
#690=VECTOR('',#2549,10.);
#691=VECTOR('',#2550,10.);
#692=VECTOR('',#2557,10.);
#693=VECTOR('',#2560,10.);
#694=VECTOR('',#2561,10.);
#695=VECTOR('',#2562,10.);
#696=VECTOR('',#2571,10.);
#697=VECTOR('',#2572,10.);
#698=VECTOR('',#2573,10.);
#699=VECTOR('',#2574,10.);
#700=VECTOR('',#2581,10.);
#701=VECTOR('',#2584,10.);
#702=VECTOR('',#2585,10.);
#703=VECTOR('',#2586,10.);
#704=VECTOR('',#2593,10.);
#705=VECTOR('',#2596,10.);
#706=VECTOR('',#2597,10.);
#707=VECTOR('',#2598,10.);
#708=VECTOR('',#2605,10.);
#709=VECTOR('',#2608,10.);
#710=VECTOR('',#2609,10.);
#711=VECTOR('',#2610,10.);
#712=VECTOR('',#2617,10.);
#713=VECTOR('',#2620,10.);
#714=VECTOR('',#2621,10.);
#715=VECTOR('',#2622,10.);
#716=VECTOR('',#2629,10.);
#717=VECTOR('',#2632,10.);
#718=VECTOR('',#2633,10.);
#719=VECTOR('',#2634,10.);
#720=VECTOR('',#2641,10.);
#721=VECTOR('',#2644,10.);
#722=VECTOR('',#2645,10.);
#723=VECTOR('',#2646,10.);
#724=VECTOR('',#2653,10.);
#725=VECTOR('',#2656,10.);
#726=VECTOR('',#2657,10.);
#727=VECTOR('',#2658,10.);
#728=VECTOR('',#2667,10.);
#729=VECTOR('',#2668,10.);
#730=VECTOR('',#2669,10.);
#731=VECTOR('',#2670,10.);
#732=VECTOR('',#2673,10.);
#733=VECTOR('',#2674,10.);
#734=VECTOR('',#2675,10.);
#735=VECTOR('',#2676,10.);
#736=VECTOR('',#2677,10.);
#737=VECTOR('',#2678,10.);
#738=VECTOR('',#2681,10.);
#739=VECTOR('',#2682,10.);
#740=VECTOR('',#2683,10.);
#741=VECTOR('',#2684,10.);
#742=VECTOR('',#2685,10.);
#743=VECTOR('',#2686,10.);
#744=VECTOR('',#2687,10.);
#745=CIRCLE('',#1970,2.8);
#746=CIRCLE('',#1971,1.925);
#747=CIRCLE('',#1973,1.925);
#748=CIRCLE('',#1975,2.8);
#749=CIRCLE('',#1976,1.925);
#750=CIRCLE('',#1978,1.925);
#751=CIRCLE('',#1980,2.8);
#752=CIRCLE('',#1981,1.925);
#753=CIRCLE('',#1983,1.925);
#754=CIRCLE('',#1985,2.8);
#755=CIRCLE('',#1986,1.925);
#756=CIRCLE('',#1988,1.925);
#757=CIRCLE('',#1990,2.8);
#758=CIRCLE('',#1991,1.925);
#759=CIRCLE('',#1993,1.925);
#760=CIRCLE('',#1995,2.8);
#761=CIRCLE('',#1996,1.925);
#762=CIRCLE('',#1998,1.925);
#763=CIRCLE('',#2000,2.8);
#764=CIRCLE('',#2001,1.925);
#765=CIRCLE('',#2003,1.925);
#766=CIRCLE('',#2005,2.8);
#767=CIRCLE('',#2006,1.925);
#768=CIRCLE('',#2008,1.925);
#769=CIRCLE('',#2010,2.8);
#770=CIRCLE('',#2011,1.925);
#771=CIRCLE('',#2013,1.925);
#772=CIRCLE('',#2015,2.8);
#773=CIRCLE('',#2016,1.925);
#774=CIRCLE('',#2018,1.925);
#775=CIRCLE('',#2020,2.8);
#776=CIRCLE('',#2021,1.925);
#777=CIRCLE('',#2023,1.925);
#778=CIRCLE('',#2025,2.8);
#779=CIRCLE('',#2026,1.925);
#780=CIRCLE('',#2028,1.925);
#781=CIRCLE('',#2030,2.8);
#782=CIRCLE('',#2031,1.925);
#783=CIRCLE('',#2033,1.925);
#784=CIRCLE('',#2035,2.8);
#785=CIRCLE('',#2036,1.925);
#786=CIRCLE('',#2038,1.925);
#787=CIRCLE('',#2040,2.8);
#788=CIRCLE('',#2041,1.925);
#789=CIRCLE('',#2043,1.925);
#790=CIRCLE('',#2045,2.8);
#791=CIRCLE('',#2046,1.925);
#792=CIRCLE('',#2048,1.925);
#793=CIRCLE('',#2050,2.8);
#794=CIRCLE('',#2051,1.925);
#795=CIRCLE('',#2053,1.925);
#796=CIRCLE('',#2055,4.84);
#797=CIRCLE('',#2056,4.84);
#798=CIRCLE('',#2058,4.84);
#799=CIRCLE('',#2059,4.84);
#800=CIRCLE('',#2061,4.84);
#801=CIRCLE('',#2062,4.84);
#802=CIRCLE('',#2064,6.1);
#803=CIRCLE('',#2065,6.1);
#804=CIRCLE('',#2068,8.59316293995404);
#805=CIRCLE('',#2069,8.59316293995404);
#806=CIRCLE('',#2072,8.59316293995406);
#807=CIRCLE('',#2073,8.59316293995406);
#808=CIRCLE('',#2088,5.49999999999999);
#809=CIRCLE('',#2089,5.49999999999999);
#810=CIRCLE('',#2092,7.10756514498741);
#811=CIRCLE('',#2093,7.10756514498741);
#812=CIRCLE('',#2096,7.10756514498741);
#813=CIRCLE('',#2097,7.10756514498741);
#814=CIRCLE('',#2100,5.49999999999999);
#815=CIRCLE('',#2101,5.49999999999999);
#816=CIRCLE('',#2104,5.5);
#817=CIRCLE('',#2105,5.5);
#818=CIRCLE('',#2108,7.10756514498741);
#819=CIRCLE('',#2109,7.10756514498741);
#820=CIRCLE('',#2112,7.10756514498741);
#821=CIRCLE('',#2113,7.10756514498741);
#822=CIRCLE('',#2116,5.50000000000001);
#823=CIRCLE('',#2117,5.50000000000001);
#824=CIRCLE('',#2120,5.5);
#825=CIRCLE('',#2121,5.5);
#826=CIRCLE('',#2124,7.10756514498741);
#827=CIRCLE('',#2125,7.10756514498741);
#828=CIRCLE('',#2128,7.10756514498741);
#829=CIRCLE('',#2129,7.10756514498741);
#830=CIRCLE('',#2132,5.5);
#831=CIRCLE('',#2133,5.5);
#832=CIRCLE('',#2136,5.49999999999999);
#833=CIRCLE('',#2137,5.49999999999999);
#834=CIRCLE('',#2140,7.10756514498741);
#835=CIRCLE('',#2141,7.10756514498741);
#836=CIRCLE('',#2144,7.10756514498741);
#837=CIRCLE('',#2145,7.10756514498741);
#838=CIRCLE('',#2148,5.5);
#839=CIRCLE('',#2149,5.5);
#840=VERTEX_POINT('',#2694);
#841=VERTEX_POINT('',#2696);
#842=VERTEX_POINT('',#2700);
#843=VERTEX_POINT('',#2704);
#844=VERTEX_POINT('',#2706);
#845=VERTEX_POINT('',#2710);
#846=VERTEX_POINT('',#2714);
#847=VERTEX_POINT('',#2716);
#848=VERTEX_POINT('',#2720);
#849=VERTEX_POINT('',#2724);
#850=VERTEX_POINT('',#2726);
#851=VERTEX_POINT('',#2730);
#852=VERTEX_POINT('',#2734);
#853=VERTEX_POINT('',#2736);
#854=VERTEX_POINT('',#2740);
#855=VERTEX_POINT('',#2744);
#856=VERTEX_POINT('',#2746);
#857=VERTEX_POINT('',#2750);
#858=VERTEX_POINT('',#2754);
#859=VERTEX_POINT('',#2756);
#860=VERTEX_POINT('',#2760);
#861=VERTEX_POINT('',#2764);
#862=VERTEX_POINT('',#2766);
#863=VERTEX_POINT('',#2770);
#864=VERTEX_POINT('',#2774);
#865=VERTEX_POINT('',#2776);
#866=VERTEX_POINT('',#2780);
#867=VERTEX_POINT('',#2784);
#868=VERTEX_POINT('',#2786);
#869=VERTEX_POINT('',#2790);
#870=VERTEX_POINT('',#2794);
#871=VERTEX_POINT('',#2796);
#872=VERTEX_POINT('',#2800);
#873=VERTEX_POINT('',#2804);
#874=VERTEX_POINT('',#2806);
#875=VERTEX_POINT('',#2810);
#876=VERTEX_POINT('',#2814);
#877=VERTEX_POINT('',#2816);
#878=VERTEX_POINT('',#2820);
#879=VERTEX_POINT('',#2824);
#880=VERTEX_POINT('',#2826);
#881=VERTEX_POINT('',#2830);
#882=VERTEX_POINT('',#2834);
#883=VERTEX_POINT('',#2836);
#884=VERTEX_POINT('',#2840);
#885=VERTEX_POINT('',#2844);
#886=VERTEX_POINT('',#2846);
#887=VERTEX_POINT('',#2850);
#888=VERTEX_POINT('',#2854);
#889=VERTEX_POINT('',#2856);
#890=VERTEX_POINT('',#2860);
#891=VERTEX_POINT('',#2864);
#892=VERTEX_POINT('',#2866);
#893=VERTEX_POINT('',#2870);
#894=VERTEX_POINT('',#2872);
#895=VERTEX_POINT('',#2876);
#896=VERTEX_POINT('',#2878);
#897=VERTEX_POINT('',#2882);
#898=VERTEX_POINT('',#2884);
#899=VERTEX_POINT('',#2888);
#900=VERTEX_POINT('',#2889);
#901=VERTEX_POINT('',#2891);
#902=VERTEX_POINT('',#2893);
#903=VERTEX_POINT('',#2897);
#904=VERTEX_POINT('',#2899);
#905=VERTEX_POINT('',#2903);
#906=VERTEX_POINT('',#2905);
#907=VERTEX_POINT('',#2912);
#908=VERTEX_POINT('',#2913);
#909=VERTEX_POINT('',#2915);
#910=VERTEX_POINT('',#2917);
#911=VERTEX_POINT('',#2921);
#912=VERTEX_POINT('',#2923);
#913=VERTEX_POINT('',#2927);
#914=VERTEX_POINT('',#2929);
#915=VERTEX_POINT('',#2936);
#916=VERTEX_POINT('',#2937);
#917=VERTEX_POINT('',#2939);
#918=VERTEX_POINT('',#2941);
#919=VERTEX_POINT('',#2945);
#920=VERTEX_POINT('',#2947);
#921=VERTEX_POINT('',#2951);
#922=VERTEX_POINT('',#2953);
#923=VERTEX_POINT('',#2960);
#924=VERTEX_POINT('',#2961);
#925=VERTEX_POINT('',#2963);
#926=VERTEX_POINT('',#2965);
#927=VERTEX_POINT('',#2969);
#928=VERTEX_POINT('',#2971);
#929=VERTEX_POINT('',#2975);
#930=VERTEX_POINT('',#2977);
#931=VERTEX_POINT('',#2984);
#932=VERTEX_POINT('',#2985);
#933=VERTEX_POINT('',#2987);
#934=VERTEX_POINT('',#2989);
#935=VERTEX_POINT('',#2993);
#936=VERTEX_POINT('',#2995);
#937=VERTEX_POINT('',#2999);
#938=VERTEX_POINT('',#3001);
#939=VERTEX_POINT('',#3005);
#940=VERTEX_POINT('',#3007);
#941=VERTEX_POINT('',#3011);
#942=VERTEX_POINT('',#3013);
#943=VERTEX_POINT('',#3017);
#944=VERTEX_POINT('',#3019);
#945=VERTEX_POINT('',#3023);
#946=VERTEX_POINT('',#3025);
#947=VERTEX_POINT('',#3029);
#948=VERTEX_POINT('',#3031);
#949=VERTEX_POINT('',#3035);
#950=VERTEX_POINT('',#3037);
#951=VERTEX_POINT('',#3041);
#952=VERTEX_POINT('',#3043);
#953=VERTEX_POINT('',#3047);
#954=VERTEX_POINT('',#3049);
#955=VERTEX_POINT('',#3053);
#956=VERTEX_POINT('',#3055);
#957=VERTEX_POINT('',#3059);
#958=VERTEX_POINT('',#3061);
#959=VERTEX_POINT('',#3065);
#960=VERTEX_POINT('',#3067);
#961=VERTEX_POINT('',#3071);
#962=VERTEX_POINT('',#3073);
#963=VERTEX_POINT('',#3080);
#964=VERTEX_POINT('',#3081);
#965=VERTEX_POINT('',#3083);
#966=VERTEX_POINT('',#3085);
#967=VERTEX_POINT('',#3089);
#968=VERTEX_POINT('',#3091);
#969=VERTEX_POINT('',#3095);
#970=VERTEX_POINT('',#3097);
#971=VERTEX_POINT('',#3101);
#972=VERTEX_POINT('',#3103);
#973=VERTEX_POINT('',#3107);
#974=VERTEX_POINT('',#3109);
#975=VERTEX_POINT('',#3113);
#976=VERTEX_POINT('',#3115);
#977=VERTEX_POINT('',#3119);
#978=VERTEX_POINT('',#3121);
#979=VERTEX_POINT('',#3125);
#980=VERTEX_POINT('',#3127);
#981=VERTEX_POINT('',#3131);
#982=VERTEX_POINT('',#3133);
#983=VERTEX_POINT('',#3137);
#984=VERTEX_POINT('',#3139);
#985=VERTEX_POINT('',#3143);
#986=VERTEX_POINT('',#3145);
#987=VERTEX_POINT('',#3149);
#988=VERTEX_POINT('',#3151);
#989=VERTEX_POINT('',#3155);
#990=VERTEX_POINT('',#3157);
#991=VERTEX_POINT('',#3161);
#992=VERTEX_POINT('',#3163);
#993=VERTEX_POINT('',#3167);
#994=VERTEX_POINT('',#3169);
#995=VERTEX_POINT('',#3176);
#996=VERTEX_POINT('',#3177);
#997=VERTEX_POINT('',#3179);
#998=VERTEX_POINT('',#3181);
#999=VERTEX_POINT('',#3185);
#1000=VERTEX_POINT('',#3187);
#1001=VERTEX_POINT('',#3210);
#1002=VERTEX_POINT('',#3221);
#1003=VERTEX_POINT('',#3283);
#1004=VERTEX_POINT('',#3309);
#1005=VERTEX_POINT('',#3456);
#1006=VERTEX_POINT('',#3517);
#1007=VERTEX_POINT('',#3580);
#1008=VERTEX_POINT('',#3582);
#1009=VERTEX_POINT('',#3815);
#1010=VERTEX_POINT('',#3931);
#1011=VERTEX_POINT('',#4068);
#1012=VERTEX_POINT('',#4079);
#1013=VERTEX_POINT('',#4121);
#1014=VERTEX_POINT('',#4137);
#1015=VERTEX_POINT('',#4184);
#1016=VERTEX_POINT('',#4200);
#1017=EDGE_CURVE('',#840,#840,#745,.T.);
#1018=EDGE_CURVE('',#840,#841,#419,.T.);
#1019=EDGE_CURVE('',#841,#841,#746,.T.);
#1020=EDGE_CURVE('',#841,#842,#420,.T.);
#1021=EDGE_CURVE('',#842,#842,#747,.T.);
#1022=EDGE_CURVE('',#843,#843,#748,.T.);
#1023=EDGE_CURVE('',#843,#844,#421,.T.);
#1024=EDGE_CURVE('',#844,#844,#749,.T.);
#1025=EDGE_CURVE('',#844,#845,#422,.T.);
#1026=EDGE_CURVE('',#845,#845,#750,.T.);
#1027=EDGE_CURVE('',#846,#846,#751,.T.);
#1028=EDGE_CURVE('',#846,#847,#423,.T.);
#1029=EDGE_CURVE('',#847,#847,#752,.T.);
#1030=EDGE_CURVE('',#847,#848,#424,.T.);
#1031=EDGE_CURVE('',#848,#848,#753,.T.);
#1032=EDGE_CURVE('',#849,#849,#754,.T.);
#1033=EDGE_CURVE('',#849,#850,#425,.T.);
#1034=EDGE_CURVE('',#850,#850,#755,.T.);
#1035=EDGE_CURVE('',#850,#851,#426,.T.);
#1036=EDGE_CURVE('',#851,#851,#756,.T.);
#1037=EDGE_CURVE('',#852,#852,#757,.T.);
#1038=EDGE_CURVE('',#852,#853,#427,.T.);
#1039=EDGE_CURVE('',#853,#853,#758,.T.);
#1040=EDGE_CURVE('',#853,#854,#428,.T.);
#1041=EDGE_CURVE('',#854,#854,#759,.T.);
#1042=EDGE_CURVE('',#855,#855,#760,.T.);
#1043=EDGE_CURVE('',#855,#856,#429,.T.);
#1044=EDGE_CURVE('',#856,#856,#761,.T.);
#1045=EDGE_CURVE('',#856,#857,#430,.T.);
#1046=EDGE_CURVE('',#857,#857,#762,.T.);
#1047=EDGE_CURVE('',#858,#858,#763,.T.);
#1048=EDGE_CURVE('',#858,#859,#431,.T.);
#1049=EDGE_CURVE('',#859,#859,#764,.T.);
#1050=EDGE_CURVE('',#859,#860,#432,.T.);
#1051=EDGE_CURVE('',#860,#860,#765,.T.);
#1052=EDGE_CURVE('',#861,#861,#766,.T.);
#1053=EDGE_CURVE('',#861,#862,#433,.T.);
#1054=EDGE_CURVE('',#862,#862,#767,.T.);
#1055=EDGE_CURVE('',#862,#863,#434,.T.);
#1056=EDGE_CURVE('',#863,#863,#768,.T.);
#1057=EDGE_CURVE('',#864,#864,#769,.T.);
#1058=EDGE_CURVE('',#864,#865,#435,.T.);
#1059=EDGE_CURVE('',#865,#865,#770,.T.);
#1060=EDGE_CURVE('',#865,#866,#436,.T.);
#1061=EDGE_CURVE('',#866,#866,#771,.T.);
#1062=EDGE_CURVE('',#867,#867,#772,.T.);
#1063=EDGE_CURVE('',#867,#868,#437,.T.);
#1064=EDGE_CURVE('',#868,#868,#773,.T.);
#1065=EDGE_CURVE('',#868,#869,#438,.T.);
#1066=EDGE_CURVE('',#869,#869,#774,.T.);
#1067=EDGE_CURVE('',#870,#870,#775,.T.);
#1068=EDGE_CURVE('',#870,#871,#439,.T.);
#1069=EDGE_CURVE('',#871,#871,#776,.T.);
#1070=EDGE_CURVE('',#871,#872,#440,.T.);
#1071=EDGE_CURVE('',#872,#872,#777,.T.);
#1072=EDGE_CURVE('',#873,#873,#778,.T.);
#1073=EDGE_CURVE('',#873,#874,#441,.T.);
#1074=EDGE_CURVE('',#874,#874,#779,.T.);
#1075=EDGE_CURVE('',#874,#875,#442,.T.);
#1076=EDGE_CURVE('',#875,#875,#780,.T.);
#1077=EDGE_CURVE('',#876,#876,#781,.T.);
#1078=EDGE_CURVE('',#876,#877,#443,.T.);
#1079=EDGE_CURVE('',#877,#877,#782,.T.);
#1080=EDGE_CURVE('',#877,#878,#444,.T.);
#1081=EDGE_CURVE('',#878,#878,#783,.T.);
#1082=EDGE_CURVE('',#879,#879,#784,.T.);
#1083=EDGE_CURVE('',#879,#880,#445,.T.);
#1084=EDGE_CURVE('',#880,#880,#785,.T.);
#1085=EDGE_CURVE('',#880,#881,#446,.T.);
#1086=EDGE_CURVE('',#881,#881,#786,.T.);
#1087=EDGE_CURVE('',#882,#882,#787,.T.);
#1088=EDGE_CURVE('',#882,#883,#447,.T.);
#1089=EDGE_CURVE('',#883,#883,#788,.T.);
#1090=EDGE_CURVE('',#883,#884,#448,.T.);
#1091=EDGE_CURVE('',#884,#884,#789,.T.);
#1092=EDGE_CURVE('',#885,#885,#790,.T.);
#1093=EDGE_CURVE('',#885,#886,#449,.T.);
#1094=EDGE_CURVE('',#886,#886,#791,.T.);
#1095=EDGE_CURVE('',#886,#887,#450,.T.);
#1096=EDGE_CURVE('',#887,#887,#792,.T.);
#1097=EDGE_CURVE('',#888,#888,#793,.T.);
#1098=EDGE_CURVE('',#888,#889,#451,.T.);
#1099=EDGE_CURVE('',#889,#889,#794,.T.);
#1100=EDGE_CURVE('',#889,#890,#452,.T.);
#1101=EDGE_CURVE('',#890,#890,#795,.T.);
#1102=EDGE_CURVE('',#891,#891,#796,.T.);
#1103=EDGE_CURVE('',#891,#892,#453,.T.);
#1104=EDGE_CURVE('',#892,#892,#797,.T.);
#1105=EDGE_CURVE('',#893,#893,#798,.T.);
#1106=EDGE_CURVE('',#893,#894,#454,.T.);
#1107=EDGE_CURVE('',#894,#894,#799,.T.);
#1108=EDGE_CURVE('',#895,#895,#800,.T.);
#1109=EDGE_CURVE('',#895,#896,#455,.T.);
#1110=EDGE_CURVE('',#896,#896,#801,.T.);
#1111=EDGE_CURVE('',#897,#897,#802,.T.);
#1112=EDGE_CURVE('',#897,#898,#456,.T.);
#1113=EDGE_CURVE('',#898,#898,#803,.T.);
#1114=EDGE_CURVE('',#899,#900,#457,.T.);
#1115=EDGE_CURVE('',#899,#901,#458,.T.);
#1116=EDGE_CURVE('',#902,#901,#459,.T.);
#1117=EDGE_CURVE('',#900,#902,#460,.T.);
#1118=EDGE_CURVE('',#903,#899,#804,.T.);
#1119=EDGE_CURVE('',#903,#904,#461,.T.);
#1120=EDGE_CURVE('',#901,#904,#805,.T.);
#1121=EDGE_CURVE('',#905,#903,#462,.T.);
#1122=EDGE_CURVE('',#905,#906,#463,.T.);
#1123=EDGE_CURVE('',#904,#906,#464,.T.);
#1124=EDGE_CURVE('',#900,#905,#806,.T.);
#1125=EDGE_CURVE('',#906,#902,#807,.T.);
#1126=EDGE_CURVE('',#907,#908,#465,.T.);
#1127=EDGE_CURVE('',#907,#909,#466,.T.);
#1128=EDGE_CURVE('',#910,#909,#467,.T.);
#1129=EDGE_CURVE('',#908,#910,#468,.T.);
#1130=EDGE_CURVE('',#911,#907,#469,.T.);
#1131=EDGE_CURVE('',#911,#912,#470,.T.);
#1132=EDGE_CURVE('',#909,#912,#471,.T.);
#1133=EDGE_CURVE('',#913,#911,#472,.T.);
#1134=EDGE_CURVE('',#913,#914,#473,.T.);
#1135=EDGE_CURVE('',#912,#914,#474,.T.);
#1136=EDGE_CURVE('',#908,#913,#475,.T.);
#1137=EDGE_CURVE('',#914,#910,#476,.T.);
#1138=EDGE_CURVE('',#915,#916,#477,.T.);
#1139=EDGE_CURVE('',#915,#917,#478,.T.);
#1140=EDGE_CURVE('',#918,#917,#479,.T.);
#1141=EDGE_CURVE('',#916,#918,#480,.T.);
#1142=EDGE_CURVE('',#919,#915,#481,.T.);
#1143=EDGE_CURVE('',#919,#920,#482,.T.);
#1144=EDGE_CURVE('',#917,#920,#483,.T.);
#1145=EDGE_CURVE('',#921,#919,#484,.T.);
#1146=EDGE_CURVE('',#921,#922,#485,.T.);
#1147=EDGE_CURVE('',#920,#922,#486,.T.);
#1148=EDGE_CURVE('',#916,#921,#487,.T.);
#1149=EDGE_CURVE('',#922,#918,#488,.T.);
#1150=EDGE_CURVE('',#923,#924,#489,.T.);
#1151=EDGE_CURVE('',#923,#925,#490,.T.);
#1152=EDGE_CURVE('',#926,#925,#491,.T.);
#1153=EDGE_CURVE('',#924,#926,#492,.T.);
#1154=EDGE_CURVE('',#927,#923,#493,.T.);
#1155=EDGE_CURVE('',#927,#928,#494,.T.);
#1156=EDGE_CURVE('',#925,#928,#495,.T.);
#1157=EDGE_CURVE('',#929,#927,#496,.T.);
#1158=EDGE_CURVE('',#929,#930,#497,.T.);
#1159=EDGE_CURVE('',#928,#930,#498,.T.);
#1160=EDGE_CURVE('',#924,#929,#499,.T.);
#1161=EDGE_CURVE('',#930,#926,#500,.T.);
#1162=EDGE_CURVE('',#931,#932,#501,.T.);
#1163=EDGE_CURVE('',#933,#931,#502,.T.);
#1164=EDGE_CURVE('',#934,#933,#503,.T.);
#1165=EDGE_CURVE('',#934,#932,#504,.T.);
#1166=EDGE_CURVE('',#932,#935,#808,.T.);
#1167=EDGE_CURVE('',#936,#934,#809,.T.);
#1168=EDGE_CURVE('',#936,#935,#505,.T.);
#1169=EDGE_CURVE('',#935,#937,#506,.T.);
#1170=EDGE_CURVE('',#938,#936,#507,.T.);
#1171=EDGE_CURVE('',#938,#937,#508,.T.);
#1172=EDGE_CURVE('',#937,#939,#810,.T.);
#1173=EDGE_CURVE('',#940,#938,#811,.T.);
#1174=EDGE_CURVE('',#940,#939,#509,.T.);
#1175=EDGE_CURVE('',#939,#941,#510,.T.);
#1176=EDGE_CURVE('',#942,#940,#511,.T.);
#1177=EDGE_CURVE('',#942,#941,#512,.T.);
#1178=EDGE_CURVE('',#941,#943,#812,.T.);
#1179=EDGE_CURVE('',#944,#942,#813,.T.);
#1180=EDGE_CURVE('',#944,#943,#513,.T.);
#1181=EDGE_CURVE('',#943,#945,#514,.T.);
#1182=EDGE_CURVE('',#946,#944,#515,.T.);
#1183=EDGE_CURVE('',#946,#945,#516,.T.);
#1184=EDGE_CURVE('',#945,#947,#814,.T.);
#1185=EDGE_CURVE('',#948,#946,#815,.T.);
#1186=EDGE_CURVE('',#948,#947,#517,.T.);
#1187=EDGE_CURVE('',#947,#949,#518,.T.);
#1188=EDGE_CURVE('',#950,#948,#519,.T.);
#1189=EDGE_CURVE('',#950,#949,#520,.T.);
#1190=EDGE_CURVE('',#949,#951,#816,.T.);
#1191=EDGE_CURVE('',#952,#950,#817,.T.);
#1192=EDGE_CURVE('',#952,#951,#521,.T.);
#1193=EDGE_CURVE('',#951,#953,#522,.T.);
#1194=EDGE_CURVE('',#954,#952,#523,.T.);
#1195=EDGE_CURVE('',#954,#953,#524,.T.);
#1196=EDGE_CURVE('',#953,#955,#818,.T.);
#1197=EDGE_CURVE('',#956,#954,#819,.T.);
#1198=EDGE_CURVE('',#956,#955,#525,.T.);
#1199=EDGE_CURVE('',#955,#957,#526,.T.);
#1200=EDGE_CURVE('',#958,#956,#527,.T.);
#1201=EDGE_CURVE('',#958,#957,#528,.T.);
#1202=EDGE_CURVE('',#957,#959,#820,.T.);
#1203=EDGE_CURVE('',#960,#958,#821,.T.);
#1204=EDGE_CURVE('',#960,#959,#529,.T.);
#1205=EDGE_CURVE('',#959,#961,#530,.T.);
#1206=EDGE_CURVE('',#962,#960,#531,.T.);
#1207=EDGE_CURVE('',#962,#961,#532,.T.);
#1208=EDGE_CURVE('',#961,#931,#822,.T.);
#1209=EDGE_CURVE('',#933,#962,#823,.T.);
#1210=EDGE_CURVE('',#963,#964,#533,.T.);
#1211=EDGE_CURVE('',#965,#963,#534,.T.);
#1212=EDGE_CURVE('',#966,#965,#535,.T.);
#1213=EDGE_CURVE('',#966,#964,#536,.T.);
#1214=EDGE_CURVE('',#964,#967,#824,.T.);
#1215=EDGE_CURVE('',#968,#966,#825,.T.);
#1216=EDGE_CURVE('',#968,#967,#537,.T.);
#1217=EDGE_CURVE('',#967,#969,#538,.T.);
#1218=EDGE_CURVE('',#970,#968,#539,.T.);
#1219=EDGE_CURVE('',#970,#969,#540,.T.);
#1220=EDGE_CURVE('',#969,#971,#826,.T.);
#1221=EDGE_CURVE('',#972,#970,#827,.T.);
#1222=EDGE_CURVE('',#972,#971,#541,.T.);
#1223=EDGE_CURVE('',#971,#973,#542,.T.);
#1224=EDGE_CURVE('',#974,#972,#543,.T.);
#1225=EDGE_CURVE('',#974,#973,#544,.T.);
#1226=EDGE_CURVE('',#973,#975,#828,.T.);
#1227=EDGE_CURVE('',#976,#974,#829,.T.);
#1228=EDGE_CURVE('',#976,#975,#545,.T.);
#1229=EDGE_CURVE('',#975,#977,#546,.T.);
#1230=EDGE_CURVE('',#978,#976,#547,.T.);
#1231=EDGE_CURVE('',#978,#977,#548,.T.);
#1232=EDGE_CURVE('',#977,#979,#830,.T.);
#1233=EDGE_CURVE('',#980,#978,#831,.T.);
#1234=EDGE_CURVE('',#980,#979,#549,.T.);
#1235=EDGE_CURVE('',#979,#981,#550,.T.);
#1236=EDGE_CURVE('',#982,#980,#551,.T.);
#1237=EDGE_CURVE('',#982,#981,#552,.T.);
#1238=EDGE_CURVE('',#981,#983,#832,.T.);
#1239=EDGE_CURVE('',#984,#982,#833,.T.);
#1240=EDGE_CURVE('',#984,#983,#553,.T.);
#1241=EDGE_CURVE('',#983,#985,#554,.T.);
#1242=EDGE_CURVE('',#986,#984,#555,.T.);
#1243=EDGE_CURVE('',#986,#985,#556,.T.);
#1244=EDGE_CURVE('',#985,#987,#834,.T.);
#1245=EDGE_CURVE('',#988,#986,#835,.T.);
#1246=EDGE_CURVE('',#988,#987,#557,.T.);
#1247=EDGE_CURVE('',#987,#989,#558,.T.);
#1248=EDGE_CURVE('',#990,#988,#559,.T.);
#1249=EDGE_CURVE('',#990,#989,#560,.T.);
#1250=EDGE_CURVE('',#989,#991,#836,.T.);
#1251=EDGE_CURVE('',#992,#990,#837,.T.);
#1252=EDGE_CURVE('',#992,#991,#561,.T.);
#1253=EDGE_CURVE('',#991,#993,#562,.T.);
#1254=EDGE_CURVE('',#994,#992,#563,.T.);
#1255=EDGE_CURVE('',#994,#993,#564,.T.);
#1256=EDGE_CURVE('',#993,#963,#838,.T.);
#1257=EDGE_CURVE('',#965,#994,#839,.T.);
#1258=EDGE_CURVE('',#995,#996,#565,.T.);
#1259=EDGE_CURVE('',#996,#997,#566,.T.);
#1260=EDGE_CURVE('',#998,#997,#567,.T.);
#1261=EDGE_CURVE('',#995,#998,#568,.T.);
#1262=EDGE_CURVE('',#995,#999,#569,.T.);
#1263=EDGE_CURVE('',#1000,#998,#570,.T.);
#1264=EDGE_CURVE('',#999,#1000,#571,.T.);
#1265=EDGE_CURVE('',#1001,#999,#69,.T.);
#1266=EDGE_CURVE('',#1002,#1000,#70,.T.);
#1267=EDGE_CURVE('',#1001,#1002,#572,.T.);
#1268=EDGE_CURVE('',#1001,#1003,#71,.T.);
#1269=EDGE_CURVE('',#1004,#1002,#72,.T.);
#1270=EDGE_CURVE('',#1003,#1004,#573,.T.);
#1271=EDGE_CURVE('',#1003,#1005,#73,.T.);
#1272=EDGE_CURVE('',#1006,#1004,#74,.T.);
#1273=EDGE_CURVE('',#1005,#1006,#574,.T.);
#1274=EDGE_CURVE('',#1005,#1007,#575,.T.);
#1275=EDGE_CURVE('',#1008,#1006,#576,.T.);
#1276=EDGE_CURVE('',#1007,#1008,#577,.T.);
#1277=EDGE_CURVE('',#1007,#1009,#75,.T.);
#1278=EDGE_CURVE('',#1010,#1008,#76,.T.);
#1279=EDGE_CURVE('',#1009,#1010,#578,.T.);
#1280=EDGE_CURVE('',#1011,#1009,#77,.T.);
#1281=EDGE_CURVE('',#1012,#1010,#78,.T.);
#1282=EDGE_CURVE('',#1011,#1012,#579,.T.);
#1283=EDGE_CURVE('',#1013,#1011,#79,.T.);
#1284=EDGE_CURVE('',#1014,#1012,#80,.T.);
#1285=EDGE_CURVE('',#1013,#1014,#580,.T.);
#1286=EDGE_CURVE('',#1015,#1013,#81,.T.);
#1287=EDGE_CURVE('',#1016,#1014,#82,.T.);
#1288=EDGE_CURVE('',#1015,#1016,#581,.T.);
#1289=EDGE_CURVE('',#1015,#996,#83,.T.);
#1290=EDGE_CURVE('',#997,#1016,#84,.T.);
#1291=ORIENTED_EDGE('',*,*,#1017,.F.);
#1292=ORIENTED_EDGE('',*,*,#1018,.T.);
#1293=ORIENTED_EDGE('',*,*,#1019,.T.);
#1294=ORIENTED_EDGE('',*,*,#1018,.F.);
#1295=ORIENTED_EDGE('',*,*,#1019,.F.);
#1296=ORIENTED_EDGE('',*,*,#1020,.T.);
#1297=ORIENTED_EDGE('',*,*,#1021,.F.);
#1298=ORIENTED_EDGE('',*,*,#1020,.F.);
#1299=ORIENTED_EDGE('',*,*,#1022,.F.);
#1300=ORIENTED_EDGE('',*,*,#1023,.T.);
#1301=ORIENTED_EDGE('',*,*,#1024,.T.);
#1302=ORIENTED_EDGE('',*,*,#1023,.F.);
#1303=ORIENTED_EDGE('',*,*,#1024,.F.);
#1304=ORIENTED_EDGE('',*,*,#1025,.T.);
#1305=ORIENTED_EDGE('',*,*,#1026,.F.);
#1306=ORIENTED_EDGE('',*,*,#1025,.F.);
#1307=ORIENTED_EDGE('',*,*,#1027,.F.);
#1308=ORIENTED_EDGE('',*,*,#1028,.T.);
#1309=ORIENTED_EDGE('',*,*,#1029,.T.);
#1310=ORIENTED_EDGE('',*,*,#1028,.F.);
#1311=ORIENTED_EDGE('',*,*,#1029,.F.);
#1312=ORIENTED_EDGE('',*,*,#1030,.T.);
#1313=ORIENTED_EDGE('',*,*,#1031,.F.);
#1314=ORIENTED_EDGE('',*,*,#1030,.F.);
#1315=ORIENTED_EDGE('',*,*,#1032,.F.);
#1316=ORIENTED_EDGE('',*,*,#1033,.T.);
#1317=ORIENTED_EDGE('',*,*,#1034,.T.);
#1318=ORIENTED_EDGE('',*,*,#1033,.F.);
#1319=ORIENTED_EDGE('',*,*,#1034,.F.);
#1320=ORIENTED_EDGE('',*,*,#1035,.T.);
#1321=ORIENTED_EDGE('',*,*,#1036,.F.);
#1322=ORIENTED_EDGE('',*,*,#1035,.F.);
#1323=ORIENTED_EDGE('',*,*,#1037,.F.);
#1324=ORIENTED_EDGE('',*,*,#1038,.T.);
#1325=ORIENTED_EDGE('',*,*,#1039,.T.);
#1326=ORIENTED_EDGE('',*,*,#1038,.F.);
#1327=ORIENTED_EDGE('',*,*,#1039,.F.);
#1328=ORIENTED_EDGE('',*,*,#1040,.T.);
#1329=ORIENTED_EDGE('',*,*,#1041,.F.);
#1330=ORIENTED_EDGE('',*,*,#1040,.F.);
#1331=ORIENTED_EDGE('',*,*,#1042,.F.);
#1332=ORIENTED_EDGE('',*,*,#1043,.T.);
#1333=ORIENTED_EDGE('',*,*,#1044,.T.);
#1334=ORIENTED_EDGE('',*,*,#1043,.F.);
#1335=ORIENTED_EDGE('',*,*,#1044,.F.);
#1336=ORIENTED_EDGE('',*,*,#1045,.T.);
#1337=ORIENTED_EDGE('',*,*,#1046,.F.);
#1338=ORIENTED_EDGE('',*,*,#1045,.F.);
#1339=ORIENTED_EDGE('',*,*,#1047,.F.);
#1340=ORIENTED_EDGE('',*,*,#1048,.T.);
#1341=ORIENTED_EDGE('',*,*,#1049,.T.);
#1342=ORIENTED_EDGE('',*,*,#1048,.F.);
#1343=ORIENTED_EDGE('',*,*,#1049,.F.);
#1344=ORIENTED_EDGE('',*,*,#1050,.T.);
#1345=ORIENTED_EDGE('',*,*,#1051,.F.);
#1346=ORIENTED_EDGE('',*,*,#1050,.F.);
#1347=ORIENTED_EDGE('',*,*,#1052,.F.);
#1348=ORIENTED_EDGE('',*,*,#1053,.T.);
#1349=ORIENTED_EDGE('',*,*,#1054,.T.);
#1350=ORIENTED_EDGE('',*,*,#1053,.F.);
#1351=ORIENTED_EDGE('',*,*,#1054,.F.);
#1352=ORIENTED_EDGE('',*,*,#1055,.T.);
#1353=ORIENTED_EDGE('',*,*,#1056,.F.);
#1354=ORIENTED_EDGE('',*,*,#1055,.F.);
#1355=ORIENTED_EDGE('',*,*,#1057,.F.);
#1356=ORIENTED_EDGE('',*,*,#1058,.T.);
#1357=ORIENTED_EDGE('',*,*,#1059,.T.);
#1358=ORIENTED_EDGE('',*,*,#1058,.F.);
#1359=ORIENTED_EDGE('',*,*,#1059,.F.);
#1360=ORIENTED_EDGE('',*,*,#1060,.T.);
#1361=ORIENTED_EDGE('',*,*,#1061,.F.);
#1362=ORIENTED_EDGE('',*,*,#1060,.F.);
#1363=ORIENTED_EDGE('',*,*,#1062,.F.);
#1364=ORIENTED_EDGE('',*,*,#1063,.T.);
#1365=ORIENTED_EDGE('',*,*,#1064,.T.);
#1366=ORIENTED_EDGE('',*,*,#1063,.F.);
#1367=ORIENTED_EDGE('',*,*,#1064,.F.);
#1368=ORIENTED_EDGE('',*,*,#1065,.T.);
#1369=ORIENTED_EDGE('',*,*,#1066,.F.);
#1370=ORIENTED_EDGE('',*,*,#1065,.F.);
#1371=ORIENTED_EDGE('',*,*,#1067,.F.);
#1372=ORIENTED_EDGE('',*,*,#1068,.T.);
#1373=ORIENTED_EDGE('',*,*,#1069,.T.);
#1374=ORIENTED_EDGE('',*,*,#1068,.F.);
#1375=ORIENTED_EDGE('',*,*,#1069,.F.);
#1376=ORIENTED_EDGE('',*,*,#1070,.T.);
#1377=ORIENTED_EDGE('',*,*,#1071,.F.);
#1378=ORIENTED_EDGE('',*,*,#1070,.F.);
#1379=ORIENTED_EDGE('',*,*,#1072,.F.);
#1380=ORIENTED_EDGE('',*,*,#1073,.T.);
#1381=ORIENTED_EDGE('',*,*,#1074,.T.);
#1382=ORIENTED_EDGE('',*,*,#1073,.F.);
#1383=ORIENTED_EDGE('',*,*,#1074,.F.);
#1384=ORIENTED_EDGE('',*,*,#1075,.T.);
#1385=ORIENTED_EDGE('',*,*,#1076,.F.);
#1386=ORIENTED_EDGE('',*,*,#1075,.F.);
#1387=ORIENTED_EDGE('',*,*,#1077,.F.);
#1388=ORIENTED_EDGE('',*,*,#1078,.T.);
#1389=ORIENTED_EDGE('',*,*,#1079,.T.);
#1390=ORIENTED_EDGE('',*,*,#1078,.F.);
#1391=ORIENTED_EDGE('',*,*,#1079,.F.);
#1392=ORIENTED_EDGE('',*,*,#1080,.T.);
#1393=ORIENTED_EDGE('',*,*,#1081,.F.);
#1394=ORIENTED_EDGE('',*,*,#1080,.F.);
#1395=ORIENTED_EDGE('',*,*,#1082,.F.);
#1396=ORIENTED_EDGE('',*,*,#1083,.T.);
#1397=ORIENTED_EDGE('',*,*,#1084,.T.);
#1398=ORIENTED_EDGE('',*,*,#1083,.F.);
#1399=ORIENTED_EDGE('',*,*,#1084,.F.);
#1400=ORIENTED_EDGE('',*,*,#1085,.T.);
#1401=ORIENTED_EDGE('',*,*,#1086,.F.);
#1402=ORIENTED_EDGE('',*,*,#1085,.F.);
#1403=ORIENTED_EDGE('',*,*,#1087,.F.);
#1404=ORIENTED_EDGE('',*,*,#1088,.T.);
#1405=ORIENTED_EDGE('',*,*,#1089,.T.);
#1406=ORIENTED_EDGE('',*,*,#1088,.F.);
#1407=ORIENTED_EDGE('',*,*,#1089,.F.);
#1408=ORIENTED_EDGE('',*,*,#1090,.T.);
#1409=ORIENTED_EDGE('',*,*,#1091,.F.);
#1410=ORIENTED_EDGE('',*,*,#1090,.F.);
#1411=ORIENTED_EDGE('',*,*,#1092,.F.);
#1412=ORIENTED_EDGE('',*,*,#1093,.T.);
#1413=ORIENTED_EDGE('',*,*,#1094,.T.);
#1414=ORIENTED_EDGE('',*,*,#1093,.F.);
#1415=ORIENTED_EDGE('',*,*,#1094,.F.);
#1416=ORIENTED_EDGE('',*,*,#1095,.T.);
#1417=ORIENTED_EDGE('',*,*,#1096,.F.);
#1418=ORIENTED_EDGE('',*,*,#1095,.F.);
#1419=ORIENTED_EDGE('',*,*,#1097,.F.);
#1420=ORIENTED_EDGE('',*,*,#1098,.T.);
#1421=ORIENTED_EDGE('',*,*,#1099,.T.);
#1422=ORIENTED_EDGE('',*,*,#1098,.F.);
#1423=ORIENTED_EDGE('',*,*,#1099,.F.);
#1424=ORIENTED_EDGE('',*,*,#1100,.T.);
#1425=ORIENTED_EDGE('',*,*,#1101,.F.);
#1426=ORIENTED_EDGE('',*,*,#1100,.F.);
#1427=ORIENTED_EDGE('',*,*,#1102,.F.);
#1428=ORIENTED_EDGE('',*,*,#1103,.T.);
#1429=ORIENTED_EDGE('',*,*,#1104,.F.);
#1430=ORIENTED_EDGE('',*,*,#1103,.F.);
#1431=ORIENTED_EDGE('',*,*,#1105,.F.);
#1432=ORIENTED_EDGE('',*,*,#1106,.T.);
#1433=ORIENTED_EDGE('',*,*,#1107,.F.);
#1434=ORIENTED_EDGE('',*,*,#1106,.F.);
#1435=ORIENTED_EDGE('',*,*,#1108,.F.);
#1436=ORIENTED_EDGE('',*,*,#1109,.T.);
#1437=ORIENTED_EDGE('',*,*,#1110,.F.);
#1438=ORIENTED_EDGE('',*,*,#1109,.F.);
#1439=ORIENTED_EDGE('',*,*,#1111,.F.);
#1440=ORIENTED_EDGE('',*,*,#1112,.T.);
#1441=ORIENTED_EDGE('',*,*,#1113,.F.);
#1442=ORIENTED_EDGE('',*,*,#1112,.F.);
#1443=ORIENTED_EDGE('',*,*,#1114,.F.);
#1444=ORIENTED_EDGE('',*,*,#1115,.T.);
#1445=ORIENTED_EDGE('',*,*,#1116,.F.);
#1446=ORIENTED_EDGE('',*,*,#1117,.F.);
#1447=ORIENTED_EDGE('',*,*,#1118,.F.);
#1448=ORIENTED_EDGE('',*,*,#1119,.T.);
#1449=ORIENTED_EDGE('',*,*,#1120,.F.);
#1450=ORIENTED_EDGE('',*,*,#1115,.F.);
#1451=ORIENTED_EDGE('',*,*,#1121,.F.);
#1452=ORIENTED_EDGE('',*,*,#1122,.T.);
#1453=ORIENTED_EDGE('',*,*,#1123,.F.);
#1454=ORIENTED_EDGE('',*,*,#1119,.F.);
#1455=ORIENTED_EDGE('',*,*,#1124,.F.);
#1456=ORIENTED_EDGE('',*,*,#1117,.T.);
#1457=ORIENTED_EDGE('',*,*,#1125,.F.);
#1458=ORIENTED_EDGE('',*,*,#1122,.F.);
#1459=ORIENTED_EDGE('',*,*,#1126,.F.);
#1460=ORIENTED_EDGE('',*,*,#1127,.T.);
#1461=ORIENTED_EDGE('',*,*,#1128,.F.);
#1462=ORIENTED_EDGE('',*,*,#1129,.F.);
#1463=ORIENTED_EDGE('',*,*,#1130,.F.);
#1464=ORIENTED_EDGE('',*,*,#1131,.T.);
#1465=ORIENTED_EDGE('',*,*,#1132,.F.);
#1466=ORIENTED_EDGE('',*,*,#1127,.F.);
#1467=ORIENTED_EDGE('',*,*,#1133,.F.);
#1468=ORIENTED_EDGE('',*,*,#1134,.T.);
#1469=ORIENTED_EDGE('',*,*,#1135,.F.);
#1470=ORIENTED_EDGE('',*,*,#1131,.F.);
#1471=ORIENTED_EDGE('',*,*,#1136,.F.);
#1472=ORIENTED_EDGE('',*,*,#1129,.T.);
#1473=ORIENTED_EDGE('',*,*,#1137,.F.);
#1474=ORIENTED_EDGE('',*,*,#1134,.F.);
#1475=ORIENTED_EDGE('',*,*,#1138,.F.);
#1476=ORIENTED_EDGE('',*,*,#1139,.T.);
#1477=ORIENTED_EDGE('',*,*,#1140,.F.);
#1478=ORIENTED_EDGE('',*,*,#1141,.F.);
#1479=ORIENTED_EDGE('',*,*,#1142,.F.);
#1480=ORIENTED_EDGE('',*,*,#1143,.T.);
#1481=ORIENTED_EDGE('',*,*,#1144,.F.);
#1482=ORIENTED_EDGE('',*,*,#1139,.F.);
#1483=ORIENTED_EDGE('',*,*,#1145,.F.);
#1484=ORIENTED_EDGE('',*,*,#1146,.T.);
#1485=ORIENTED_EDGE('',*,*,#1147,.F.);
#1486=ORIENTED_EDGE('',*,*,#1143,.F.);
#1487=ORIENTED_EDGE('',*,*,#1148,.F.);
#1488=ORIENTED_EDGE('',*,*,#1141,.T.);
#1489=ORIENTED_EDGE('',*,*,#1149,.F.);
#1490=ORIENTED_EDGE('',*,*,#1146,.F.);
#1491=ORIENTED_EDGE('',*,*,#1150,.F.);
#1492=ORIENTED_EDGE('',*,*,#1151,.T.);
#1493=ORIENTED_EDGE('',*,*,#1152,.F.);
#1494=ORIENTED_EDGE('',*,*,#1153,.F.);
#1495=ORIENTED_EDGE('',*,*,#1154,.F.);
#1496=ORIENTED_EDGE('',*,*,#1155,.T.);
#1497=ORIENTED_EDGE('',*,*,#1156,.F.);
#1498=ORIENTED_EDGE('',*,*,#1151,.F.);
#1499=ORIENTED_EDGE('',*,*,#1157,.F.);
#1500=ORIENTED_EDGE('',*,*,#1158,.T.);
#1501=ORIENTED_EDGE('',*,*,#1159,.F.);
#1502=ORIENTED_EDGE('',*,*,#1155,.F.);
#1503=ORIENTED_EDGE('',*,*,#1160,.F.);
#1504=ORIENTED_EDGE('',*,*,#1153,.T.);
#1505=ORIENTED_EDGE('',*,*,#1161,.F.);
#1506=ORIENTED_EDGE('',*,*,#1158,.F.);
#1507=ORIENTED_EDGE('',*,*,#1162,.F.);
#1508=ORIENTED_EDGE('',*,*,#1163,.F.);
#1509=ORIENTED_EDGE('',*,*,#1164,.F.);
#1510=ORIENTED_EDGE('',*,*,#1165,.T.);
#1511=ORIENTED_EDGE('',*,*,#1166,.F.);
#1512=ORIENTED_EDGE('',*,*,#1165,.F.);
#1513=ORIENTED_EDGE('',*,*,#1167,.F.);
#1514=ORIENTED_EDGE('',*,*,#1168,.T.);
#1515=ORIENTED_EDGE('',*,*,#1169,.F.);
#1516=ORIENTED_EDGE('',*,*,#1168,.F.);
#1517=ORIENTED_EDGE('',*,*,#1170,.F.);
#1518=ORIENTED_EDGE('',*,*,#1171,.T.);
#1519=ORIENTED_EDGE('',*,*,#1172,.F.);
#1520=ORIENTED_EDGE('',*,*,#1171,.F.);
#1521=ORIENTED_EDGE('',*,*,#1173,.F.);
#1522=ORIENTED_EDGE('',*,*,#1174,.T.);
#1523=ORIENTED_EDGE('',*,*,#1175,.F.);
#1524=ORIENTED_EDGE('',*,*,#1174,.F.);
#1525=ORIENTED_EDGE('',*,*,#1176,.F.);
#1526=ORIENTED_EDGE('',*,*,#1177,.T.);
#1527=ORIENTED_EDGE('',*,*,#1178,.F.);
#1528=ORIENTED_EDGE('',*,*,#1177,.F.);
#1529=ORIENTED_EDGE('',*,*,#1179,.F.);
#1530=ORIENTED_EDGE('',*,*,#1180,.T.);
#1531=ORIENTED_EDGE('',*,*,#1181,.F.);
#1532=ORIENTED_EDGE('',*,*,#1180,.F.);
#1533=ORIENTED_EDGE('',*,*,#1182,.F.);
#1534=ORIENTED_EDGE('',*,*,#1183,.T.);
#1535=ORIENTED_EDGE('',*,*,#1184,.F.);
#1536=ORIENTED_EDGE('',*,*,#1183,.F.);
#1537=ORIENTED_EDGE('',*,*,#1185,.F.);
#1538=ORIENTED_EDGE('',*,*,#1186,.T.);
#1539=ORIENTED_EDGE('',*,*,#1187,.F.);
#1540=ORIENTED_EDGE('',*,*,#1186,.F.);
#1541=ORIENTED_EDGE('',*,*,#1188,.F.);
#1542=ORIENTED_EDGE('',*,*,#1189,.T.);
#1543=ORIENTED_EDGE('',*,*,#1190,.F.);
#1544=ORIENTED_EDGE('',*,*,#1189,.F.);
#1545=ORIENTED_EDGE('',*,*,#1191,.F.);
#1546=ORIENTED_EDGE('',*,*,#1192,.T.);
#1547=ORIENTED_EDGE('',*,*,#1193,.F.);
#1548=ORIENTED_EDGE('',*,*,#1192,.F.);
#1549=ORIENTED_EDGE('',*,*,#1194,.F.);
#1550=ORIENTED_EDGE('',*,*,#1195,.T.);
#1551=ORIENTED_EDGE('',*,*,#1196,.F.);
#1552=ORIENTED_EDGE('',*,*,#1195,.F.);
#1553=ORIENTED_EDGE('',*,*,#1197,.F.);
#1554=ORIENTED_EDGE('',*,*,#1198,.T.);
#1555=ORIENTED_EDGE('',*,*,#1199,.F.);
#1556=ORIENTED_EDGE('',*,*,#1198,.F.);
#1557=ORIENTED_EDGE('',*,*,#1200,.F.);
#1558=ORIENTED_EDGE('',*,*,#1201,.T.);
#1559=ORIENTED_EDGE('',*,*,#1202,.F.);
#1560=ORIENTED_EDGE('',*,*,#1201,.F.);
#1561=ORIENTED_EDGE('',*,*,#1203,.F.);
#1562=ORIENTED_EDGE('',*,*,#1204,.T.);
#1563=ORIENTED_EDGE('',*,*,#1205,.F.);
#1564=ORIENTED_EDGE('',*,*,#1204,.F.);
#1565=ORIENTED_EDGE('',*,*,#1206,.F.);
#1566=ORIENTED_EDGE('',*,*,#1207,.T.);
#1567=ORIENTED_EDGE('',*,*,#1208,.F.);
#1568=ORIENTED_EDGE('',*,*,#1207,.F.);
#1569=ORIENTED_EDGE('',*,*,#1209,.F.);
#1570=ORIENTED_EDGE('',*,*,#1163,.T.);
#1571=ORIENTED_EDGE('',*,*,#1210,.F.);
#1572=ORIENTED_EDGE('',*,*,#1211,.F.);
#1573=ORIENTED_EDGE('',*,*,#1212,.F.);
#1574=ORIENTED_EDGE('',*,*,#1213,.T.);
#1575=ORIENTED_EDGE('',*,*,#1214,.F.);
#1576=ORIENTED_EDGE('',*,*,#1213,.F.);
#1577=ORIENTED_EDGE('',*,*,#1215,.F.);
#1578=ORIENTED_EDGE('',*,*,#1216,.T.);
#1579=ORIENTED_EDGE('',*,*,#1217,.F.);
#1580=ORIENTED_EDGE('',*,*,#1216,.F.);
#1581=ORIENTED_EDGE('',*,*,#1218,.F.);
#1582=ORIENTED_EDGE('',*,*,#1219,.T.);
#1583=ORIENTED_EDGE('',*,*,#1220,.F.);
#1584=ORIENTED_EDGE('',*,*,#1219,.F.);
#1585=ORIENTED_EDGE('',*,*,#1221,.F.);
#1586=ORIENTED_EDGE('',*,*,#1222,.T.);
#1587=ORIENTED_EDGE('',*,*,#1223,.F.);
#1588=ORIENTED_EDGE('',*,*,#1222,.F.);
#1589=ORIENTED_EDGE('',*,*,#1224,.F.);
#1590=ORIENTED_EDGE('',*,*,#1225,.T.);
#1591=ORIENTED_EDGE('',*,*,#1226,.F.);
#1592=ORIENTED_EDGE('',*,*,#1225,.F.);
#1593=ORIENTED_EDGE('',*,*,#1227,.F.);
#1594=ORIENTED_EDGE('',*,*,#1228,.T.);
#1595=ORIENTED_EDGE('',*,*,#1229,.F.);
#1596=ORIENTED_EDGE('',*,*,#1228,.F.);
#1597=ORIENTED_EDGE('',*,*,#1230,.F.);
#1598=ORIENTED_EDGE('',*,*,#1231,.T.);
#1599=ORIENTED_EDGE('',*,*,#1232,.F.);
#1600=ORIENTED_EDGE('',*,*,#1231,.F.);
#1601=ORIENTED_EDGE('',*,*,#1233,.F.);
#1602=ORIENTED_EDGE('',*,*,#1234,.T.);
#1603=ORIENTED_EDGE('',*,*,#1235,.F.);
#1604=ORIENTED_EDGE('',*,*,#1234,.F.);
#1605=ORIENTED_EDGE('',*,*,#1236,.F.);
#1606=ORIENTED_EDGE('',*,*,#1237,.T.);
#1607=ORIENTED_EDGE('',*,*,#1238,.F.);
#1608=ORIENTED_EDGE('',*,*,#1237,.F.);
#1609=ORIENTED_EDGE('',*,*,#1239,.F.);
#1610=ORIENTED_EDGE('',*,*,#1240,.T.);
#1611=ORIENTED_EDGE('',*,*,#1241,.F.);
#1612=ORIENTED_EDGE('',*,*,#1240,.F.);
#1613=ORIENTED_EDGE('',*,*,#1242,.F.);
#1614=ORIENTED_EDGE('',*,*,#1243,.T.);
#1615=ORIENTED_EDGE('',*,*,#1244,.F.);
#1616=ORIENTED_EDGE('',*,*,#1243,.F.);
#1617=ORIENTED_EDGE('',*,*,#1245,.F.);
#1618=ORIENTED_EDGE('',*,*,#1246,.T.);
#1619=ORIENTED_EDGE('',*,*,#1247,.F.);
#1620=ORIENTED_EDGE('',*,*,#1246,.F.);
#1621=ORIENTED_EDGE('',*,*,#1248,.F.);
#1622=ORIENTED_EDGE('',*,*,#1249,.T.);
#1623=ORIENTED_EDGE('',*,*,#1250,.F.);
#1624=ORIENTED_EDGE('',*,*,#1249,.F.);
#1625=ORIENTED_EDGE('',*,*,#1251,.F.);
#1626=ORIENTED_EDGE('',*,*,#1252,.T.);
#1627=ORIENTED_EDGE('',*,*,#1253,.F.);
#1628=ORIENTED_EDGE('',*,*,#1252,.F.);
#1629=ORIENTED_EDGE('',*,*,#1254,.F.);
#1630=ORIENTED_EDGE('',*,*,#1255,.T.);
#1631=ORIENTED_EDGE('',*,*,#1256,.F.);
#1632=ORIENTED_EDGE('',*,*,#1255,.F.);
#1633=ORIENTED_EDGE('',*,*,#1257,.F.);
#1634=ORIENTED_EDGE('',*,*,#1211,.T.);
#1635=ORIENTED_EDGE('',*,*,#1258,.T.);
#1636=ORIENTED_EDGE('',*,*,#1259,.T.);
#1637=ORIENTED_EDGE('',*,*,#1260,.F.);
#1638=ORIENTED_EDGE('',*,*,#1261,.F.);
#1639=ORIENTED_EDGE('',*,*,#1262,.F.);
#1640=ORIENTED_EDGE('',*,*,#1261,.T.);
#1641=ORIENTED_EDGE('',*,*,#1263,.F.);
#1642=ORIENTED_EDGE('',*,*,#1264,.F.);
#1643=ORIENTED_EDGE('',*,*,#1265,.T.);
#1644=ORIENTED_EDGE('',*,*,#1264,.T.);
#1645=ORIENTED_EDGE('',*,*,#1266,.F.);
#1646=ORIENTED_EDGE('',*,*,#1267,.F.);
#1647=ORIENTED_EDGE('',*,*,#1268,.F.);
#1648=ORIENTED_EDGE('',*,*,#1267,.T.);
#1649=ORIENTED_EDGE('',*,*,#1269,.F.);
#1650=ORIENTED_EDGE('',*,*,#1270,.F.);
#1651=ORIENTED_EDGE('',*,*,#1271,.F.);
#1652=ORIENTED_EDGE('',*,*,#1270,.T.);
#1653=ORIENTED_EDGE('',*,*,#1272,.F.);
#1654=ORIENTED_EDGE('',*,*,#1273,.F.);
#1655=ORIENTED_EDGE('',*,*,#1274,.F.);
#1656=ORIENTED_EDGE('',*,*,#1273,.T.);
#1657=ORIENTED_EDGE('',*,*,#1275,.F.);
#1658=ORIENTED_EDGE('',*,*,#1276,.F.);
#1659=ORIENTED_EDGE('',*,*,#1277,.F.);
#1660=ORIENTED_EDGE('',*,*,#1276,.T.);
#1661=ORIENTED_EDGE('',*,*,#1278,.F.);
#1662=ORIENTED_EDGE('',*,*,#1279,.F.);
#1663=ORIENTED_EDGE('',*,*,#1280,.T.);
#1664=ORIENTED_EDGE('',*,*,#1279,.T.);
#1665=ORIENTED_EDGE('',*,*,#1281,.F.);
#1666=ORIENTED_EDGE('',*,*,#1282,.F.);
#1667=ORIENTED_EDGE('',*,*,#1283,.T.);
#1668=ORIENTED_EDGE('',*,*,#1282,.T.);
#1669=ORIENTED_EDGE('',*,*,#1284,.F.);
#1670=ORIENTED_EDGE('',*,*,#1285,.F.);
#1671=ORIENTED_EDGE('',*,*,#1286,.T.);
#1672=ORIENTED_EDGE('',*,*,#1285,.T.);
#1673=ORIENTED_EDGE('',*,*,#1287,.F.);
#1674=ORIENTED_EDGE('',*,*,#1288,.F.);
#1675=ORIENTED_EDGE('',*,*,#1289,.F.);
#1676=ORIENTED_EDGE('',*,*,#1288,.T.);
#1677=ORIENTED_EDGE('',*,*,#1290,.F.);
#1678=ORIENTED_EDGE('',*,*,#1259,.F.);
#1679=ORIENTED_EDGE('',*,*,#1289,.T.);
#1680=ORIENTED_EDGE('',*,*,#1258,.F.);
#1681=ORIENTED_EDGE('',*,*,#1262,.T.);
#1682=ORIENTED_EDGE('',*,*,#1265,.F.);
#1683=ORIENTED_EDGE('',*,*,#1268,.T.);
#1684=ORIENTED_EDGE('',*,*,#1271,.T.);
#1685=ORIENTED_EDGE('',*,*,#1274,.T.);
#1686=ORIENTED_EDGE('',*,*,#1277,.T.);
#1687=ORIENTED_EDGE('',*,*,#1280,.F.);
#1688=ORIENTED_EDGE('',*,*,#1283,.F.);
#1689=ORIENTED_EDGE('',*,*,#1286,.F.);
#1690=ORIENTED_EDGE('',*,*,#1102,.T.);
#1691=ORIENTED_EDGE('',*,*,#1105,.T.);
#1692=ORIENTED_EDGE('',*,*,#1108,.T.);
#1693=ORIENTED_EDGE('',*,*,#1111,.T.);
#1694=ORIENTED_EDGE('',*,*,#1114,.T.);
#1695=ORIENTED_EDGE('',*,*,#1124,.T.);
#1696=ORIENTED_EDGE('',*,*,#1121,.T.);
#1697=ORIENTED_EDGE('',*,*,#1118,.T.);
#1698=ORIENTED_EDGE('',*,*,#1126,.T.);
#1699=ORIENTED_EDGE('',*,*,#1136,.T.);
#1700=ORIENTED_EDGE('',*,*,#1133,.T.);
#1701=ORIENTED_EDGE('',*,*,#1130,.T.);
#1702=ORIENTED_EDGE('',*,*,#1138,.T.);
#1703=ORIENTED_EDGE('',*,*,#1148,.T.);
#1704=ORIENTED_EDGE('',*,*,#1145,.T.);
#1705=ORIENTED_EDGE('',*,*,#1142,.T.);
#1706=ORIENTED_EDGE('',*,*,#1150,.T.);
#1707=ORIENTED_EDGE('',*,*,#1160,.T.);
#1708=ORIENTED_EDGE('',*,*,#1157,.T.);
#1709=ORIENTED_EDGE('',*,*,#1154,.T.);
#1710=ORIENTED_EDGE('',*,*,#1164,.T.);
#1711=ORIENTED_EDGE('',*,*,#1209,.T.);
#1712=ORIENTED_EDGE('',*,*,#1206,.T.);
#1713=ORIENTED_EDGE('',*,*,#1203,.T.);
#1714=ORIENTED_EDGE('',*,*,#1200,.T.);
#1715=ORIENTED_EDGE('',*,*,#1197,.T.);
#1716=ORIENTED_EDGE('',*,*,#1194,.T.);
#1717=ORIENTED_EDGE('',*,*,#1191,.T.);
#1718=ORIENTED_EDGE('',*,*,#1188,.T.);
#1719=ORIENTED_EDGE('',*,*,#1185,.T.);
#1720=ORIENTED_EDGE('',*,*,#1182,.T.);
#1721=ORIENTED_EDGE('',*,*,#1179,.T.);
#1722=ORIENTED_EDGE('',*,*,#1176,.T.);
#1723=ORIENTED_EDGE('',*,*,#1173,.T.);
#1724=ORIENTED_EDGE('',*,*,#1170,.T.);
#1725=ORIENTED_EDGE('',*,*,#1167,.T.);
#1726=ORIENTED_EDGE('',*,*,#1212,.T.);
#1727=ORIENTED_EDGE('',*,*,#1257,.T.);
#1728=ORIENTED_EDGE('',*,*,#1254,.T.);
#1729=ORIENTED_EDGE('',*,*,#1251,.T.);
#1730=ORIENTED_EDGE('',*,*,#1248,.T.);
#1731=ORIENTED_EDGE('',*,*,#1245,.T.);
#1732=ORIENTED_EDGE('',*,*,#1242,.T.);
#1733=ORIENTED_EDGE('',*,*,#1239,.T.);
#1734=ORIENTED_EDGE('',*,*,#1236,.T.);
#1735=ORIENTED_EDGE('',*,*,#1233,.T.);
#1736=ORIENTED_EDGE('',*,*,#1230,.T.);
#1737=ORIENTED_EDGE('',*,*,#1227,.T.);
#1738=ORIENTED_EDGE('',*,*,#1224,.T.);
#1739=ORIENTED_EDGE('',*,*,#1221,.T.);
#1740=ORIENTED_EDGE('',*,*,#1218,.T.);
#1741=ORIENTED_EDGE('',*,*,#1215,.T.);
#1742=ORIENTED_EDGE('',*,*,#1097,.T.);
#1743=ORIENTED_EDGE('',*,*,#1092,.T.);
#1744=ORIENTED_EDGE('',*,*,#1087,.T.);
#1745=ORIENTED_EDGE('',*,*,#1082,.T.);
#1746=ORIENTED_EDGE('',*,*,#1077,.T.);
#1747=ORIENTED_EDGE('',*,*,#1072,.T.);
#1748=ORIENTED_EDGE('',*,*,#1067,.T.);
#1749=ORIENTED_EDGE('',*,*,#1062,.T.);
#1750=ORIENTED_EDGE('',*,*,#1057,.T.);
#1751=ORIENTED_EDGE('',*,*,#1052,.T.);
#1752=ORIENTED_EDGE('',*,*,#1047,.T.);
#1753=ORIENTED_EDGE('',*,*,#1042,.T.);
#1754=ORIENTED_EDGE('',*,*,#1037,.T.);
#1755=ORIENTED_EDGE('',*,*,#1032,.T.);
#1756=ORIENTED_EDGE('',*,*,#1027,.T.);
#1757=ORIENTED_EDGE('',*,*,#1022,.T.);
#1758=ORIENTED_EDGE('',*,*,#1017,.T.);
#1759=ORIENTED_EDGE('',*,*,#1290,.T.);
#1760=ORIENTED_EDGE('',*,*,#1287,.T.);
#1761=ORIENTED_EDGE('',*,*,#1284,.T.);
#1762=ORIENTED_EDGE('',*,*,#1281,.T.);
#1763=ORIENTED_EDGE('',*,*,#1278,.T.);
#1764=ORIENTED_EDGE('',*,*,#1275,.T.);
#1765=ORIENTED_EDGE('',*,*,#1272,.T.);
#1766=ORIENTED_EDGE('',*,*,#1269,.T.);
#1767=ORIENTED_EDGE('',*,*,#1266,.T.);
#1768=ORIENTED_EDGE('',*,*,#1263,.T.);
#1769=ORIENTED_EDGE('',*,*,#1260,.T.);
#1770=ORIENTED_EDGE('',*,*,#1104,.T.);
#1771=ORIENTED_EDGE('',*,*,#1107,.T.);
#1772=ORIENTED_EDGE('',*,*,#1110,.T.);
#1773=ORIENTED_EDGE('',*,*,#1113,.T.);
#1774=ORIENTED_EDGE('',*,*,#1116,.T.);
#1775=ORIENTED_EDGE('',*,*,#1120,.T.);
#1776=ORIENTED_EDGE('',*,*,#1123,.T.);
#1777=ORIENTED_EDGE('',*,*,#1125,.T.);
#1778=ORIENTED_EDGE('',*,*,#1128,.T.);
#1779=ORIENTED_EDGE('',*,*,#1132,.T.);
#1780=ORIENTED_EDGE('',*,*,#1135,.T.);
#1781=ORIENTED_EDGE('',*,*,#1137,.T.);
#1782=ORIENTED_EDGE('',*,*,#1140,.T.);
#1783=ORIENTED_EDGE('',*,*,#1144,.T.);
#1784=ORIENTED_EDGE('',*,*,#1147,.T.);
#1785=ORIENTED_EDGE('',*,*,#1149,.T.);
#1786=ORIENTED_EDGE('',*,*,#1152,.T.);
#1787=ORIENTED_EDGE('',*,*,#1156,.T.);
#1788=ORIENTED_EDGE('',*,*,#1159,.T.);
#1789=ORIENTED_EDGE('',*,*,#1161,.T.);
#1790=ORIENTED_EDGE('',*,*,#1162,.T.);
#1791=ORIENTED_EDGE('',*,*,#1166,.T.);
#1792=ORIENTED_EDGE('',*,*,#1169,.T.);
#1793=ORIENTED_EDGE('',*,*,#1172,.T.);
#1794=ORIENTED_EDGE('',*,*,#1175,.T.);
#1795=ORIENTED_EDGE('',*,*,#1178,.T.);
#1796=ORIENTED_EDGE('',*,*,#1181,.T.);
#1797=ORIENTED_EDGE('',*,*,#1184,.T.);
#1798=ORIENTED_EDGE('',*,*,#1187,.T.);
#1799=ORIENTED_EDGE('',*,*,#1190,.T.);
#1800=ORIENTED_EDGE('',*,*,#1193,.T.);
#1801=ORIENTED_EDGE('',*,*,#1196,.T.);
#1802=ORIENTED_EDGE('',*,*,#1199,.T.);
#1803=ORIENTED_EDGE('',*,*,#1202,.T.);
#1804=ORIENTED_EDGE('',*,*,#1205,.T.);
#1805=ORIENTED_EDGE('',*,*,#1208,.T.);
#1806=ORIENTED_EDGE('',*,*,#1210,.T.);
#1807=ORIENTED_EDGE('',*,*,#1214,.T.);
#1808=ORIENTED_EDGE('',*,*,#1217,.T.);
#1809=ORIENTED_EDGE('',*,*,#1220,.T.);
#1810=ORIENTED_EDGE('',*,*,#1223,.T.);
#1811=ORIENTED_EDGE('',*,*,#1226,.T.);
#1812=ORIENTED_EDGE('',*,*,#1229,.T.);
#1813=ORIENTED_EDGE('',*,*,#1232,.T.);
#1814=ORIENTED_EDGE('',*,*,#1235,.T.);
#1815=ORIENTED_EDGE('',*,*,#1238,.T.);
#1816=ORIENTED_EDGE('',*,*,#1241,.T.);
#1817=ORIENTED_EDGE('',*,*,#1244,.T.);
#1818=ORIENTED_EDGE('',*,*,#1247,.T.);
#1819=ORIENTED_EDGE('',*,*,#1250,.T.);
#1820=ORIENTED_EDGE('',*,*,#1253,.T.);
#1821=ORIENTED_EDGE('',*,*,#1256,.T.);
#1822=ORIENTED_EDGE('',*,*,#1101,.T.);
#1823=ORIENTED_EDGE('',*,*,#1096,.T.);
#1824=ORIENTED_EDGE('',*,*,#1091,.T.);
#1825=ORIENTED_EDGE('',*,*,#1086,.T.);
#1826=ORIENTED_EDGE('',*,*,#1081,.T.);
#1827=ORIENTED_EDGE('',*,*,#1076,.T.);
#1828=ORIENTED_EDGE('',*,*,#1071,.T.);
#1829=ORIENTED_EDGE('',*,*,#1066,.T.);
#1830=ORIENTED_EDGE('',*,*,#1061,.T.);
#1831=ORIENTED_EDGE('',*,*,#1056,.T.);
#1832=ORIENTED_EDGE('',*,*,#1051,.T.);
#1833=ORIENTED_EDGE('',*,*,#1046,.T.);
#1834=ORIENTED_EDGE('',*,*,#1041,.T.);
#1835=ORIENTED_EDGE('',*,*,#1036,.T.);
#1836=ORIENTED_EDGE('',*,*,#1031,.T.);
#1837=ORIENTED_EDGE('',*,*,#1026,.T.);
#1838=ORIENTED_EDGE('',*,*,#1021,.T.);
#1839=CONICAL_SURFACE('',#1969,2.3625,0.785398163397448);
#1840=CONICAL_SURFACE('',#1974,2.3625,0.785398163397448);
#1841=CONICAL_SURFACE('',#1979,2.3625,0.785398163397448);
#1842=CONICAL_SURFACE('',#1984,2.3625,0.785398163397448);
#1843=CONICAL_SURFACE('',#1989,2.3625,0.785398163397448);
#1844=CONICAL_SURFACE('',#1994,2.3625,0.785398163397448);
#1845=CONICAL_SURFACE('',#1999,2.3625,0.785398163397448);
#1846=CONICAL_SURFACE('',#2004,2.3625,0.785398163397448);
#1847=CONICAL_SURFACE('',#2009,2.3625,0.785398163397448);
#1848=CONICAL_SURFACE('',#2014,2.3625,0.785398163397448);
#1849=CONICAL_SURFACE('',#2019,2.3625,0.785398163397448);
#1850=CONICAL_SURFACE('',#2024,2.3625,0.785398163397448);
#1851=CONICAL_SURFACE('',#2029,2.3625,0.785398163397448);
#1852=CONICAL_SURFACE('',#2034,2.3625,0.785398163397448);
#1853=CONICAL_SURFACE('',#2039,2.3625,0.785398163397448);
#1854=CONICAL_SURFACE('',#2044,2.3625,0.785398163397448);
#1855=CONICAL_SURFACE('',#2049,2.3625,0.785398163397448);
#1856=ADVANCED_FACE('',(#167),#1839,.F.);
#1857=ADVANCED_FACE('',(#168),#128,.F.);
#1858=ADVANCED_FACE('',(#169),#1840,.F.);
#1859=ADVANCED_FACE('',(#170),#129,.F.);
#1860=ADVANCED_FACE('',(#171),#1841,.F.);
#1861=ADVANCED_FACE('',(#172),#130,.F.);
#1862=ADVANCED_FACE('',(#173),#1842,.F.);
#1863=ADVANCED_FACE('',(#174),#131,.F.);
#1864=ADVANCED_FACE('',(#175),#1843,.F.);
#1865=ADVANCED_FACE('',(#176),#132,.F.);
#1866=ADVANCED_FACE('',(#177),#1844,.F.);
#1867=ADVANCED_FACE('',(#178),#133,.F.);
#1868=ADVANCED_FACE('',(#179),#1845,.F.);
#1869=ADVANCED_FACE('',(#180),#134,.F.);
#1870=ADVANCED_FACE('',(#181),#1846,.F.);
#1871=ADVANCED_FACE('',(#182),#135,.F.);
#1872=ADVANCED_FACE('',(#183),#1847,.F.);
#1873=ADVANCED_FACE('',(#184),#136,.F.);
#1874=ADVANCED_FACE('',(#185),#1848,.F.);
#1875=ADVANCED_FACE('',(#186),#137,.F.);
#1876=ADVANCED_FACE('',(#187),#1849,.F.);
#1877=ADVANCED_FACE('',(#188),#138,.F.);
#1878=ADVANCED_FACE('',(#189),#1850,.F.);
#1879=ADVANCED_FACE('',(#190),#139,.F.);
#1880=ADVANCED_FACE('',(#191),#1851,.F.);
#1881=ADVANCED_FACE('',(#192),#140,.F.);
#1882=ADVANCED_FACE('',(#193),#1852,.F.);
#1883=ADVANCED_FACE('',(#194),#141,.F.);
#1884=ADVANCED_FACE('',(#195),#1853,.F.);
#1885=ADVANCED_FACE('',(#196),#142,.F.);
#1886=ADVANCED_FACE('',(#197),#1854,.F.);
#1887=ADVANCED_FACE('',(#198),#143,.F.);
#1888=ADVANCED_FACE('',(#199),#1855,.F.);
#1889=ADVANCED_FACE('',(#200),#144,.F.);
#1890=ADVANCED_FACE('',(#201),#145,.F.);
#1891=ADVANCED_FACE('',(#202),#146,.F.);
#1892=ADVANCED_FACE('',(#203),#147,.F.);
#1893=ADVANCED_FACE('',(#204),#148,.F.);
#1894=ADVANCED_FACE('',(#205),#93,.F.);
#1895=ADVANCED_FACE('',(#206),#149,.F.);
#1896=ADVANCED_FACE('',(#207),#94,.F.);
#1897=ADVANCED_FACE('',(#208),#150,.F.);
#1898=ADVANCED_FACE('',(#209),#95,.F.);
#1899=ADVANCED_FACE('',(#210),#96,.F.);
#1900=ADVANCED_FACE('',(#211),#97,.F.);
#1901=ADVANCED_FACE('',(#212),#98,.F.);
#1902=ADVANCED_FACE('',(#213),#99,.F.);
#1903=ADVANCED_FACE('',(#214),#100,.F.);
#1904=ADVANCED_FACE('',(#215),#101,.F.);
#1905=ADVANCED_FACE('',(#216),#102,.F.);
#1906=ADVANCED_FACE('',(#217),#103,.F.);
#1907=ADVANCED_FACE('',(#218),#104,.F.);
#1908=ADVANCED_FACE('',(#219),#105,.F.);
#1909=ADVANCED_FACE('',(#220),#106,.F.);
#1910=ADVANCED_FACE('',(#221),#107,.F.);
#1911=ADVANCED_FACE('',(#222),#151,.F.);
#1912=ADVANCED_FACE('',(#223),#108,.F.);
#1913=ADVANCED_FACE('',(#224),#152,.F.);
#1914=ADVANCED_FACE('',(#225),#109,.F.);
#1915=ADVANCED_FACE('',(#226),#153,.F.);
#1916=ADVANCED_FACE('',(#227),#110,.F.);
#1917=ADVANCED_FACE('',(#228),#154,.F.);
#1918=ADVANCED_FACE('',(#229),#111,.F.);
#1919=ADVANCED_FACE('',(#230),#155,.F.);
#1920=ADVANCED_FACE('',(#231),#112,.F.);
#1921=ADVANCED_FACE('',(#232),#156,.F.);
#1922=ADVANCED_FACE('',(#233),#113,.F.);
#1923=ADVANCED_FACE('',(#234),#157,.F.);
#1924=ADVANCED_FACE('',(#235),#114,.F.);
#1925=ADVANCED_FACE('',(#236),#158,.F.);
#1926=ADVANCED_FACE('',(#237),#115,.F.);
#1927=ADVANCED_FACE('',(#238),#159,.F.);
#1928=ADVANCED_FACE('',(#239),#116,.F.);
#1929=ADVANCED_FACE('',(#240),#160,.F.);
#1930=ADVANCED_FACE('',(#241),#117,.F.);
#1931=ADVANCED_FACE('',(#242),#161,.F.);
#1932=ADVANCED_FACE('',(#243),#118,.F.);
#1933=ADVANCED_FACE('',(#244),#162,.F.);
#1934=ADVANCED_FACE('',(#245),#119,.F.);
#1935=ADVANCED_FACE('',(#246),#163,.F.);
#1936=ADVANCED_FACE('',(#247),#120,.F.);
#1937=ADVANCED_FACE('',(#248),#164,.F.);
#1938=ADVANCED_FACE('',(#249),#121,.F.);
#1939=ADVANCED_FACE('',(#250),#165,.F.);
#1940=ADVANCED_FACE('',(#251),#122,.F.);
#1941=ADVANCED_FACE('',(#252),#166,.F.);
#1942=ADVANCED_FACE('',(#253),#123,.T.);
#1943=ADVANCED_FACE('',(#254),#124,.T.);
#1944=ADVANCED_FACE('',(#255),#85,.T.);
#1945=ADVANCED_FACE('',(#256),#86,.T.);
#1946=ADVANCED_FACE('',(#257),#87,.T.);
#1947=ADVANCED_FACE('',(#258),#125,.T.);
#1948=ADVANCED_FACE('',(#259),#88,.T.);
#1949=ADVANCED_FACE('',(#260),#89,.T.);
#1950=ADVANCED_FACE('',(#261),#90,.T.);
#1951=ADVANCED_FACE('',(#262),#91,.T.);
#1952=ADVANCED_FACE('',(#263),#92,.T.);
#1953=ADVANCED_FACE('',(#264,#15,#16,#17,#18,#19,#20,#21,#22,#23,#24,#25,
#26,#27,#28,#29,#30,#31,#32,#33,#34,#35,#36,#37,#38,#39,#40,#41),#126,.T.);
#1954=ADVANCED_FACE('',(#265,#42,#43,#44,#45,#46,#47,#48,#49,#50,#51,#52,
#53,#54,#55,#56,#57,#58,#59,#60,#61,#62,#63,#64,#65,#66,#67,#68),#127,.F.);
#1955=CLOSED_SHELL('',(#1856,#1857,#1858,#1859,#1860,#1861,#1862,#1863,
#1864,#1865,#1866,#1867,#1868,#1869,#1870,#1871,#1872,#1873,#1874,#1875,
#1876,#1877,#1878,#1879,#1880,#1881,#1882,#1883,#1884,#1885,#1886,#1887,
#1888,#1889,#1890,#1891,#1892,#1893,#1894,#1895,#1896,#1897,#1898,#1899,
#1900,#1901,#1902,#1903,#1904,#1905,#1906,#1907,#1908,#1909,#1910,#1911,
#1912,#1913,#1914,#1915,#1916,#1917,#1918,#1919,#1920,#1921,#1922,#1923,
#1924,#1925,#1926,#1927,#1928,#1929,#1930,#1931,#1932,#1933,#1934,#1935,
#1936,#1937,#1938,#1939,#1940,#1941,#1942,#1943,#1944,#1945,#1946,#1947,
#1948,#1949,#1950,#1951,#1952,#1953,#1954));
#1956=DERIVED_UNIT_ELEMENT(#1958,1.);
#1957=DERIVED_UNIT_ELEMENT(#4264,-3.);
#1958=(
MASS_UNIT()
NAMED_UNIT(*)
SI_UNIT(.KILO.,.GRAM.)
);
#1959=DERIVED_UNIT((#1956,#1957));
#1960=MEASURE_REPRESENTATION_ITEM('density measure',
POSITIVE_RATIO_MEASURE(7850.),#1959);
#1961=PROPERTY_DEFINITION_REPRESENTATION(#1966,#1963);
#1962=PROPERTY_DEFINITION_REPRESENTATION(#1967,#1964);
#1963=REPRESENTATION('material name',(#1965),#4261);
#1964=REPRESENTATION('density',(#1960),#4261);
#1965=DESCRIPTIVE_REPRESENTATION_ITEM('Steel','Steel');
#1966=PROPERTY_DEFINITION('material property','material name',#4271);
#1967=PROPERTY_DEFINITION('material property','density of part',#4271);
#1968=AXIS2_PLACEMENT_3D('',#2692,#2155,#2156);
#1969=AXIS2_PLACEMENT_3D('',#2693,#2157,#2158);
#1970=AXIS2_PLACEMENT_3D('',#2695,#2159,#2160);
#1971=AXIS2_PLACEMENT_3D('',#2698,#2162,#2163);
#1972=AXIS2_PLACEMENT_3D('',#2699,#2164,#2165);
#1973=AXIS2_PLACEMENT_3D('',#2702,#2167,#2168);
#1974=AXIS2_PLACEMENT_3D('',#2703,#2169,#2170);
#1975=AXIS2_PLACEMENT_3D('',#2705,#2171,#2172);
#1976=AXIS2_PLACEMENT_3D('',#2708,#2174,#2175);
#1977=AXIS2_PLACEMENT_3D('',#2709,#2176,#2177);
#1978=AXIS2_PLACEMENT_3D('',#2712,#2179,#2180);
#1979=AXIS2_PLACEMENT_3D('',#2713,#2181,#2182);
#1980=AXIS2_PLACEMENT_3D('',#2715,#2183,#2184);
#1981=AXIS2_PLACEMENT_3D('',#2718,#2186,#2187);
#1982=AXIS2_PLACEMENT_3D('',#2719,#2188,#2189);
#1983=AXIS2_PLACEMENT_3D('',#2722,#2191,#2192);
#1984=AXIS2_PLACEMENT_3D('',#2723,#2193,#2194);
#1985=AXIS2_PLACEMENT_3D('',#2725,#2195,#2196);
#1986=AXIS2_PLACEMENT_3D('',#2728,#2198,#2199);
#1987=AXIS2_PLACEMENT_3D('',#2729,#2200,#2201);
#1988=AXIS2_PLACEMENT_3D('',#2732,#2203,#2204);
#1989=AXIS2_PLACEMENT_3D('',#2733,#2205,#2206);
#1990=AXIS2_PLACEMENT_3D('',#2735,#2207,#2208);
#1991=AXIS2_PLACEMENT_3D('',#2738,#2210,#2211);
#1992=AXIS2_PLACEMENT_3D('',#2739,#2212,#2213);
#1993=AXIS2_PLACEMENT_3D('',#2742,#2215,#2216);
#1994=AXIS2_PLACEMENT_3D('',#2743,#2217,#2218);
#1995=AXIS2_PLACEMENT_3D('',#2745,#2219,#2220);
#1996=AXIS2_PLACEMENT_3D('',#2748,#2222,#2223);
#1997=AXIS2_PLACEMENT_3D('',#2749,#2224,#2225);
#1998=AXIS2_PLACEMENT_3D('',#2752,#2227,#2228);
#1999=AXIS2_PLACEMENT_3D('',#2753,#2229,#2230);
#2000=AXIS2_PLACEMENT_3D('',#2755,#2231,#2232);
#2001=AXIS2_PLACEMENT_3D('',#2758,#2234,#2235);
#2002=AXIS2_PLACEMENT_3D('',#2759,#2236,#2237);
#2003=AXIS2_PLACEMENT_3D('',#2762,#2239,#2240);
#2004=AXIS2_PLACEMENT_3D('',#2763,#2241,#2242);
#2005=AXIS2_PLACEMENT_3D('',#2765,#2243,#2244);
#2006=AXIS2_PLACEMENT_3D('',#2768,#2246,#2247);
#2007=AXIS2_PLACEMENT_3D('',#2769,#2248,#2249);
#2008=AXIS2_PLACEMENT_3D('',#2772,#2251,#2252);
#2009=AXIS2_PLACEMENT_3D('',#2773,#2253,#2254);
#2010=AXIS2_PLACEMENT_3D('',#2775,#2255,#2256);
#2011=AXIS2_PLACEMENT_3D('',#2778,#2258,#2259);
#2012=AXIS2_PLACEMENT_3D('',#2779,#2260,#2261);
#2013=AXIS2_PLACEMENT_3D('',#2782,#2263,#2264);
#2014=AXIS2_PLACEMENT_3D('',#2783,#2265,#2266);
#2015=AXIS2_PLACEMENT_3D('',#2785,#2267,#2268);
#2016=AXIS2_PLACEMENT_3D('',#2788,#2270,#2271);
#2017=AXIS2_PLACEMENT_3D('',#2789,#2272,#2273);
#2018=AXIS2_PLACEMENT_3D('',#2792,#2275,#2276);
#2019=AXIS2_PLACEMENT_3D('',#2793,#2277,#2278);
#2020=AXIS2_PLACEMENT_3D('',#2795,#2279,#2280);
#2021=AXIS2_PLACEMENT_3D('',#2798,#2282,#2283);
#2022=AXIS2_PLACEMENT_3D('',#2799,#2284,#2285);
#2023=AXIS2_PLACEMENT_3D('',#2802,#2287,#2288);
#2024=AXIS2_PLACEMENT_3D('',#2803,#2289,#2290);
#2025=AXIS2_PLACEMENT_3D('',#2805,#2291,#2292);
#2026=AXIS2_PLACEMENT_3D('',#2808,#2294,#2295);
#2027=AXIS2_PLACEMENT_3D('',#2809,#2296,#2297);
#2028=AXIS2_PLACEMENT_3D('',#2812,#2299,#2300);
#2029=AXIS2_PLACEMENT_3D('',#2813,#2301,#2302);
#2030=AXIS2_PLACEMENT_3D('',#2815,#2303,#2304);
#2031=AXIS2_PLACEMENT_3D('',#2818,#2306,#2307);
#2032=AXIS2_PLACEMENT_3D('',#2819,#2308,#2309);
#2033=AXIS2_PLACEMENT_3D('',#2822,#2311,#2312);
#2034=AXIS2_PLACEMENT_3D('',#2823,#2313,#2314);
#2035=AXIS2_PLACEMENT_3D('',#2825,#2315,#2316);
#2036=AXIS2_PLACEMENT_3D('',#2828,#2318,#2319);
#2037=AXIS2_PLACEMENT_3D('',#2829,#2320,#2321);
#2038=AXIS2_PLACEMENT_3D('',#2832,#2323,#2324);
#2039=AXIS2_PLACEMENT_3D('',#2833,#2325,#2326);
#2040=AXIS2_PLACEMENT_3D('',#2835,#2327,#2328);
#2041=AXIS2_PLACEMENT_3D('',#2838,#2330,#2331);
#2042=AXIS2_PLACEMENT_3D('',#2839,#2332,#2333);
#2043=AXIS2_PLACEMENT_3D('',#2842,#2335,#2336);
#2044=AXIS2_PLACEMENT_3D('',#2843,#2337,#2338);
#2045=AXIS2_PLACEMENT_3D('',#2845,#2339,#2340);
#2046=AXIS2_PLACEMENT_3D('',#2848,#2342,#2343);
#2047=AXIS2_PLACEMENT_3D('',#2849,#2344,#2345);
#2048=AXIS2_PLACEMENT_3D('',#2852,#2347,#2348);
#2049=AXIS2_PLACEMENT_3D('',#2853,#2349,#2350);
#2050=AXIS2_PLACEMENT_3D('',#2855,#2351,#2352);
#2051=AXIS2_PLACEMENT_3D('',#2858,#2354,#2355);
#2052=AXIS2_PLACEMENT_3D('',#2859,#2356,#2357);
#2053=AXIS2_PLACEMENT_3D('',#2862,#2359,#2360);
#2054=AXIS2_PLACEMENT_3D('',#2863,#2361,#2362);
#2055=AXIS2_PLACEMENT_3D('',#2865,#2363,#2364);
#2056=AXIS2_PLACEMENT_3D('',#2868,#2366,#2367);
#2057=AXIS2_PLACEMENT_3D('',#2869,#2368,#2369);
#2058=AXIS2_PLACEMENT_3D('',#2871,#2370,#2371);
#2059=AXIS2_PLACEMENT_3D('',#2874,#2373,#2374);
#2060=AXIS2_PLACEMENT_3D('',#2875,#2375,#2376);
#2061=AXIS2_PLACEMENT_3D('',#2877,#2377,#2378);
#2062=AXIS2_PLACEMENT_3D('',#2880,#2380,#2381);
#2063=AXIS2_PLACEMENT_3D('',#2881,#2382,#2383);
#2064=AXIS2_PLACEMENT_3D('',#2883,#2384,#2385);
#2065=AXIS2_PLACEMENT_3D('',#2886,#2387,#2388);
#2066=AXIS2_PLACEMENT_3D('',#2887,#2389,#2390);
#2067=AXIS2_PLACEMENT_3D('',#2896,#2395,#2396);
#2068=AXIS2_PLACEMENT_3D('',#2898,#2397,#2398);
#2069=AXIS2_PLACEMENT_3D('',#2901,#2400,#2401);
#2070=AXIS2_PLACEMENT_3D('',#2902,#2402,#2403);
#2071=AXIS2_PLACEMENT_3D('',#2908,#2407,#2408);
#2072=AXIS2_PLACEMENT_3D('',#2909,#2409,#2410);
#2073=AXIS2_PLACEMENT_3D('',#2910,#2411,#2412);
#2074=AXIS2_PLACEMENT_3D('',#2911,#2413,#2414);
#2075=AXIS2_PLACEMENT_3D('',#2920,#2419,#2420);
#2076=AXIS2_PLACEMENT_3D('',#2926,#2424,#2425);
#2077=AXIS2_PLACEMENT_3D('',#2932,#2429,#2430);
#2078=AXIS2_PLACEMENT_3D('',#2935,#2433,#2434);
#2079=AXIS2_PLACEMENT_3D('',#2944,#2439,#2440);
#2080=AXIS2_PLACEMENT_3D('',#2950,#2444,#2445);
#2081=AXIS2_PLACEMENT_3D('',#2956,#2449,#2450);
#2082=AXIS2_PLACEMENT_3D('',#2959,#2453,#2454);
#2083=AXIS2_PLACEMENT_3D('',#2968,#2459,#2460);
#2084=AXIS2_PLACEMENT_3D('',#2974,#2464,#2465);
#2085=AXIS2_PLACEMENT_3D('',#2980,#2469,#2470);
#2086=AXIS2_PLACEMENT_3D('',#2983,#2473,#2474);
#2087=AXIS2_PLACEMENT_3D('',#2992,#2479,#2480);
#2088=AXIS2_PLACEMENT_3D('',#2994,#2481,#2482);
#2089=AXIS2_PLACEMENT_3D('',#2996,#2483,#2484);
#2090=AXIS2_PLACEMENT_3D('',#2998,#2486,#2487);
#2091=AXIS2_PLACEMENT_3D('',#3004,#2491,#2492);
#2092=AXIS2_PLACEMENT_3D('',#3006,#2493,#2494);
#2093=AXIS2_PLACEMENT_3D('',#3008,#2495,#2496);
#2094=AXIS2_PLACEMENT_3D('',#3010,#2498,#2499);
#2095=AXIS2_PLACEMENT_3D('',#3016,#2503,#2504);
#2096=AXIS2_PLACEMENT_3D('',#3018,#2505,#2506);
#2097=AXIS2_PLACEMENT_3D('',#3020,#2507,#2508);
#2098=AXIS2_PLACEMENT_3D('',#3022,#2510,#2511);
#2099=AXIS2_PLACEMENT_3D('',#3028,#2515,#2516);
#2100=AXIS2_PLACEMENT_3D('',#3030,#2517,#2518);
#2101=AXIS2_PLACEMENT_3D('',#3032,#2519,#2520);
#2102=AXIS2_PLACEMENT_3D('',#3034,#2522,#2523);
#2103=AXIS2_PLACEMENT_3D('',#3040,#2527,#2528);
#2104=AXIS2_PLACEMENT_3D('',#3042,#2529,#2530);
#2105=AXIS2_PLACEMENT_3D('',#3044,#2531,#2532);
#2106=AXIS2_PLACEMENT_3D('',#3046,#2534,#2535);
#2107=AXIS2_PLACEMENT_3D('',#3052,#2539,#2540);
#2108=AXIS2_PLACEMENT_3D('',#3054,#2541,#2542);
#2109=AXIS2_PLACEMENT_3D('',#3056,#2543,#2544);
#2110=AXIS2_PLACEMENT_3D('',#3058,#2546,#2547);
#2111=AXIS2_PLACEMENT_3D('',#3064,#2551,#2552);
#2112=AXIS2_PLACEMENT_3D('',#3066,#2553,#2554);
#2113=AXIS2_PLACEMENT_3D('',#3068,#2555,#2556);
#2114=AXIS2_PLACEMENT_3D('',#3070,#2558,#2559);
#2115=AXIS2_PLACEMENT_3D('',#3076,#2563,#2564);
#2116=AXIS2_PLACEMENT_3D('',#3077,#2565,#2566);
#2117=AXIS2_PLACEMENT_3D('',#3078,#2567,#2568);
#2118=AXIS2_PLACEMENT_3D('',#3079,#2569,#2570);
#2119=AXIS2_PLACEMENT_3D('',#3088,#2575,#2576);
#2120=AXIS2_PLACEMENT_3D('',#3090,#2577,#2578);
#2121=AXIS2_PLACEMENT_3D('',#3092,#2579,#2580);
#2122=AXIS2_PLACEMENT_3D('',#3094,#2582,#2583);
#2123=AXIS2_PLACEMENT_3D('',#3100,#2587,#2588);
#2124=AXIS2_PLACEMENT_3D('',#3102,#2589,#2590);
#2125=AXIS2_PLACEMENT_3D('',#3104,#2591,#2592);
#2126=AXIS2_PLACEMENT_3D('',#3106,#2594,#2595);
#2127=AXIS2_PLACEMENT_3D('',#3112,#2599,#2600);
#2128=AXIS2_PLACEMENT_3D('',#3114,#2601,#2602);
#2129=AXIS2_PLACEMENT_3D('',#3116,#2603,#2604);
#2130=AXIS2_PLACEMENT_3D('',#3118,#2606,#2607);
#2131=AXIS2_PLACEMENT_3D('',#3124,#2611,#2612);
#2132=AXIS2_PLACEMENT_3D('',#3126,#2613,#2614);
#2133=AXIS2_PLACEMENT_3D('',#3128,#2615,#2616);
#2134=AXIS2_PLACEMENT_3D('',#3130,#2618,#2619);
#2135=AXIS2_PLACEMENT_3D('',#3136,#2623,#2624);
#2136=AXIS2_PLACEMENT_3D('',#3138,#2625,#2626);
#2137=AXIS2_PLACEMENT_3D('',#3140,#2627,#2628);
#2138=AXIS2_PLACEMENT_3D('',#3142,#2630,#2631);
#2139=AXIS2_PLACEMENT_3D('',#3148,#2635,#2636);
#2140=AXIS2_PLACEMENT_3D('',#3150,#2637,#2638);
#2141=AXIS2_PLACEMENT_3D('',#3152,#2639,#2640);
#2142=AXIS2_PLACEMENT_3D('',#3154,#2642,#2643);
#2143=AXIS2_PLACEMENT_3D('',#3160,#2647,#2648);
#2144=AXIS2_PLACEMENT_3D('',#3162,#2649,#2650);
#2145=AXIS2_PLACEMENT_3D('',#3164,#2651,#2652);
#2146=AXIS2_PLACEMENT_3D('',#3166,#2654,#2655);
#2147=AXIS2_PLACEMENT_3D('',#3172,#2659,#2660);
#2148=AXIS2_PLACEMENT_3D('',#3173,#2661,#2662);
#2149=AXIS2_PLACEMENT_3D('',#3174,#2663,#2664);
#2150=AXIS2_PLACEMENT_3D('',#3175,#2665,#2666);
#2151=AXIS2_PLACEMENT_3D('',#3184,#2671,#2672);
#2152=AXIS2_PLACEMENT_3D('',#3579,#2679,#2680);
#2153=AXIS2_PLACEMENT_3D('',#4257,#2688,#2689);
#2154=AXIS2_PLACEMENT_3D('',#4258,#2690,#2691);
#2155=DIRECTION('axis',(0.,0.,1.));
#2156=DIRECTION('refdir',(1.,0.,0.));
#2157=DIRECTION('center_axis',(0.,0.,1.));
#2158=DIRECTION('ref_axis',(1.,0.,0.));
#2159=DIRECTION('center_axis',(0.,0.,-1.));
#2160=DIRECTION('ref_axis',(1.,0.,0.));
#2161=DIRECTION('',(0.707106781186547,-8.65956056235493E-17,-0.707106781186548));
#2162=DIRECTION('center_axis',(0.,0.,-1.));
#2163=DIRECTION('ref_axis',(1.,0.,0.));
#2164=DIRECTION('center_axis',(0.,0.,-1.));
#2165=DIRECTION('ref_axis',(1.,0.,0.));
#2166=DIRECTION('',(0.,0.,-1.));
#2167=DIRECTION('center_axis',(0.,0.,1.));
#2168=DIRECTION('ref_axis',(1.,0.,0.));
#2169=DIRECTION('center_axis',(0.,0.,1.));
#2170=DIRECTION('ref_axis',(1.,0.,0.));
#2171=DIRECTION('center_axis',(0.,0.,-1.));
#2172=DIRECTION('ref_axis',(1.,0.,0.));
#2173=DIRECTION('',(0.707106781186547,-8.65956056235493E-17,-0.707106781186548));
#2174=DIRECTION('center_axis',(0.,0.,-1.));
#2175=DIRECTION('ref_axis',(1.,0.,0.));
#2176=DIRECTION('center_axis',(0.,0.,-1.));
#2177=DIRECTION('ref_axis',(1.,0.,0.));
#2178=DIRECTION('',(0.,0.,-1.));
#2179=DIRECTION('center_axis',(0.,0.,1.));
#2180=DIRECTION('ref_axis',(1.,0.,0.));
#2181=DIRECTION('center_axis',(0.,0.,1.));
#2182=DIRECTION('ref_axis',(1.,0.,0.));
#2183=DIRECTION('center_axis',(0.,0.,-1.));
#2184=DIRECTION('ref_axis',(1.,0.,0.));
#2185=DIRECTION('',(0.707106781186547,-8.65956056235493E-17,-0.707106781186548));
#2186=DIRECTION('center_axis',(0.,0.,-1.));
#2187=DIRECTION('ref_axis',(1.,0.,0.));
#2188=DIRECTION('center_axis',(0.,0.,-1.));
#2189=DIRECTION('ref_axis',(1.,0.,0.));
#2190=DIRECTION('',(0.,0.,-1.));
#2191=DIRECTION('center_axis',(0.,0.,1.));
#2192=DIRECTION('ref_axis',(1.,0.,0.));
#2193=DIRECTION('center_axis',(0.,0.,1.));
#2194=DIRECTION('ref_axis',(1.,0.,0.));
#2195=DIRECTION('center_axis',(0.,0.,-1.));
#2196=DIRECTION('ref_axis',(1.,0.,0.));
#2197=DIRECTION('',(0.707106781186547,-8.65956056235493E-17,-0.707106781186548));
#2198=DIRECTION('center_axis',(0.,0.,-1.));
#2199=DIRECTION('ref_axis',(1.,0.,0.));
#2200=DIRECTION('center_axis',(0.,0.,-1.));
#2201=DIRECTION('ref_axis',(1.,0.,0.));
#2202=DIRECTION('',(0.,0.,-1.));
#2203=DIRECTION('center_axis',(0.,0.,1.));
#2204=DIRECTION('ref_axis',(1.,0.,0.));
#2205=DIRECTION('center_axis',(0.,0.,1.));
#2206=DIRECTION('ref_axis',(1.,0.,0.));
#2207=DIRECTION('center_axis',(0.,0.,-1.));
#2208=DIRECTION('ref_axis',(1.,0.,0.));
#2209=DIRECTION('',(0.707106781186547,-8.65956056235493E-17,-0.707106781186548));
#2210=DIRECTION('center_axis',(0.,0.,-1.));
#2211=DIRECTION('ref_axis',(1.,0.,0.));
#2212=DIRECTION('center_axis',(0.,0.,-1.));
#2213=DIRECTION('ref_axis',(1.,0.,0.));
#2214=DIRECTION('',(0.,0.,-1.));
#2215=DIRECTION('center_axis',(0.,0.,1.));
#2216=DIRECTION('ref_axis',(1.,0.,0.));
#2217=DIRECTION('center_axis',(0.,0.,1.));
#2218=DIRECTION('ref_axis',(1.,0.,0.));
#2219=DIRECTION('center_axis',(0.,0.,-1.));
#2220=DIRECTION('ref_axis',(1.,0.,0.));
#2221=DIRECTION('',(0.707106781186547,-8.65956056235493E-17,-0.707106781186548));
#2222=DIRECTION('center_axis',(0.,0.,-1.));
#2223=DIRECTION('ref_axis',(1.,0.,0.));
#2224=DIRECTION('center_axis',(0.,0.,-1.));
#2225=DIRECTION('ref_axis',(1.,0.,0.));
#2226=DIRECTION('',(0.,0.,-1.));
#2227=DIRECTION('center_axis',(0.,0.,1.));
#2228=DIRECTION('ref_axis',(1.,0.,0.));
#2229=DIRECTION('center_axis',(0.,0.,1.));
#2230=DIRECTION('ref_axis',(1.,0.,0.));
#2231=DIRECTION('center_axis',(0.,0.,-1.));
#2232=DIRECTION('ref_axis',(1.,0.,0.));
#2233=DIRECTION('',(0.707106781186547,-8.65956056235493E-17,-0.707106781186548));
#2234=DIRECTION('center_axis',(0.,0.,-1.));
#2235=DIRECTION('ref_axis',(1.,0.,0.));
#2236=DIRECTION('center_axis',(0.,0.,-1.));
#2237=DIRECTION('ref_axis',(1.,0.,0.));
#2238=DIRECTION('',(0.,0.,-1.));
#2239=DIRECTION('center_axis',(0.,0.,1.));
#2240=DIRECTION('ref_axis',(1.,0.,0.));
#2241=DIRECTION('center_axis',(0.,0.,1.));
#2242=DIRECTION('ref_axis',(1.,0.,0.));
#2243=DIRECTION('center_axis',(0.,0.,-1.));
#2244=DIRECTION('ref_axis',(1.,0.,0.));
#2245=DIRECTION('',(0.707106781186547,-8.65956056235493E-17,-0.707106781186548));
#2246=DIRECTION('center_axis',(0.,0.,-1.));
#2247=DIRECTION('ref_axis',(1.,0.,0.));
#2248=DIRECTION('center_axis',(0.,0.,-1.));
#2249=DIRECTION('ref_axis',(1.,0.,0.));
#2250=DIRECTION('',(0.,0.,-1.));
#2251=DIRECTION('center_axis',(0.,0.,1.));
#2252=DIRECTION('ref_axis',(1.,0.,0.));
#2253=DIRECTION('center_axis',(0.,0.,1.));
#2254=DIRECTION('ref_axis',(1.,0.,0.));
#2255=DIRECTION('center_axis',(0.,0.,-1.));
#2256=DIRECTION('ref_axis',(1.,0.,0.));
#2257=DIRECTION('',(0.707106781186547,-8.65956056235493E-17,-0.707106781186548));
#2258=DIRECTION('center_axis',(0.,0.,-1.));
#2259=DIRECTION('ref_axis',(1.,0.,0.));
#2260=DIRECTION('center_axis',(0.,0.,-1.));
#2261=DIRECTION('ref_axis',(1.,0.,0.));
#2262=DIRECTION('',(0.,0.,-1.));
#2263=DIRECTION('center_axis',(0.,0.,1.));
#2264=DIRECTION('ref_axis',(1.,0.,0.));
#2265=DIRECTION('center_axis',(0.,0.,1.));
#2266=DIRECTION('ref_axis',(1.,0.,0.));
#2267=DIRECTION('center_axis',(0.,0.,-1.));
#2268=DIRECTION('ref_axis',(1.,0.,0.));
#2269=DIRECTION('',(0.707106781186547,-8.65956056235493E-17,-0.707106781186548));
#2270=DIRECTION('center_axis',(0.,0.,-1.));
#2271=DIRECTION('ref_axis',(1.,0.,0.));
#2272=DIRECTION('center_axis',(0.,0.,-1.));
#2273=DIRECTION('ref_axis',(1.,0.,0.));
#2274=DIRECTION('',(0.,0.,-1.));
#2275=DIRECTION('center_axis',(0.,0.,1.));
#2276=DIRECTION('ref_axis',(1.,0.,0.));
#2277=DIRECTION('center_axis',(0.,0.,1.));
#2278=DIRECTION('ref_axis',(1.,0.,0.));
#2279=DIRECTION('center_axis',(0.,0.,-1.));
#2280=DIRECTION('ref_axis',(1.,0.,0.));
#2281=DIRECTION('',(0.707106781186547,-8.65956056235493E-17,-0.707106781186548));
#2282=DIRECTION('center_axis',(0.,0.,-1.));
#2283=DIRECTION('ref_axis',(1.,0.,0.));
#2284=DIRECTION('center_axis',(0.,0.,-1.));
#2285=DIRECTION('ref_axis',(1.,0.,0.));
#2286=DIRECTION('',(0.,0.,-1.));
#2287=DIRECTION('center_axis',(0.,0.,1.));
#2288=DIRECTION('ref_axis',(1.,0.,0.));
#2289=DIRECTION('center_axis',(0.,0.,1.));
#2290=DIRECTION('ref_axis',(1.,0.,0.));
#2291=DIRECTION('center_axis',(0.,0.,-1.));
#2292=DIRECTION('ref_axis',(1.,0.,0.));
#2293=DIRECTION('',(0.707106781186547,-8.65956056235493E-17,-0.707106781186548));
#2294=DIRECTION('center_axis',(0.,0.,-1.));
#2295=DIRECTION('ref_axis',(1.,0.,0.));
#2296=DIRECTION('center_axis',(0.,0.,-1.));
#2297=DIRECTION('ref_axis',(1.,0.,0.));
#2298=DIRECTION('',(0.,0.,-1.));
#2299=DIRECTION('center_axis',(0.,0.,1.));
#2300=DIRECTION('ref_axis',(1.,0.,0.));
#2301=DIRECTION('center_axis',(0.,0.,1.));
#2302=DIRECTION('ref_axis',(1.,0.,0.));
#2303=DIRECTION('center_axis',(0.,0.,-1.));
#2304=DIRECTION('ref_axis',(1.,0.,0.));
#2305=DIRECTION('',(0.707106781186547,-8.65956056235493E-17,-0.707106781186548));
#2306=DIRECTION('center_axis',(0.,0.,-1.));
#2307=DIRECTION('ref_axis',(1.,0.,0.));
#2308=DIRECTION('center_axis',(0.,0.,-1.));
#2309=DIRECTION('ref_axis',(1.,0.,0.));
#2310=DIRECTION('',(0.,0.,-1.));
#2311=DIRECTION('center_axis',(0.,0.,1.));
#2312=DIRECTION('ref_axis',(1.,0.,0.));
#2313=DIRECTION('center_axis',(0.,0.,1.));
#2314=DIRECTION('ref_axis',(1.,0.,0.));
#2315=DIRECTION('center_axis',(0.,0.,-1.));
#2316=DIRECTION('ref_axis',(1.,0.,0.));
#2317=DIRECTION('',(0.707106781186547,-8.65956056235493E-17,-0.707106781186548));
#2318=DIRECTION('center_axis',(0.,0.,-1.));
#2319=DIRECTION('ref_axis',(1.,0.,0.));
#2320=DIRECTION('center_axis',(0.,0.,-1.));
#2321=DIRECTION('ref_axis',(1.,0.,0.));
#2322=DIRECTION('',(0.,0.,-1.));
#2323=DIRECTION('center_axis',(0.,0.,1.));
#2324=DIRECTION('ref_axis',(1.,0.,0.));
#2325=DIRECTION('center_axis',(0.,0.,1.));
#2326=DIRECTION('ref_axis',(1.,0.,0.));
#2327=DIRECTION('center_axis',(0.,0.,-1.));
#2328=DIRECTION('ref_axis',(1.,0.,0.));
#2329=DIRECTION('',(0.707106781186547,-8.65956056235493E-17,-0.707106781186548));
#2330=DIRECTION('center_axis',(0.,0.,-1.));
#2331=DIRECTION('ref_axis',(1.,0.,0.));
#2332=DIRECTION('center_axis',(0.,0.,-1.));
#2333=DIRECTION('ref_axis',(1.,0.,0.));
#2334=DIRECTION('',(0.,0.,-1.));
#2335=DIRECTION('center_axis',(0.,0.,1.));
#2336=DIRECTION('ref_axis',(1.,0.,0.));
#2337=DIRECTION('center_axis',(0.,0.,1.));
#2338=DIRECTION('ref_axis',(1.,0.,0.));
#2339=DIRECTION('center_axis',(0.,0.,-1.));
#2340=DIRECTION('ref_axis',(1.,0.,0.));
#2341=DIRECTION('',(0.707106781186547,-8.65956056235493E-17,-0.707106781186548));
#2342=DIRECTION('center_axis',(0.,0.,-1.));
#2343=DIRECTION('ref_axis',(1.,0.,0.));
#2344=DIRECTION('center_axis',(0.,0.,-1.));
#2345=DIRECTION('ref_axis',(1.,0.,0.));
#2346=DIRECTION('',(0.,0.,-1.));
#2347=DIRECTION('center_axis',(0.,0.,1.));
#2348=DIRECTION('ref_axis',(1.,0.,0.));
#2349=DIRECTION('center_axis',(0.,0.,1.));
#2350=DIRECTION('ref_axis',(1.,0.,0.));
#2351=DIRECTION('center_axis',(0.,0.,-1.));
#2352=DIRECTION('ref_axis',(1.,0.,0.));
#2353=DIRECTION('',(0.707106781186547,-8.65956056235493E-17,-0.707106781186548));
#2354=DIRECTION('center_axis',(0.,0.,-1.));
#2355=DIRECTION('ref_axis',(1.,0.,0.));
#2356=DIRECTION('center_axis',(0.,0.,-1.));
#2357=DIRECTION('ref_axis',(1.,0.,0.));
#2358=DIRECTION('',(0.,0.,-1.));
#2359=DIRECTION('center_axis',(0.,0.,1.));
#2360=DIRECTION('ref_axis',(1.,0.,0.));
#2361=DIRECTION('center_axis',(0.,0.,-1.));
#2362=DIRECTION('ref_axis',(1.,0.,0.));
#2363=DIRECTION('center_axis',(0.,0.,-1.));
#2364=DIRECTION('ref_axis',(1.,0.,0.));
#2365=DIRECTION('',(0.,0.,-1.));
#2366=DIRECTION('center_axis',(0.,0.,1.));
#2367=DIRECTION('ref_axis',(1.,0.,0.));
#2368=DIRECTION('center_axis',(0.,0.,-1.));
#2369=DIRECTION('ref_axis',(1.,0.,0.));
#2370=DIRECTION('center_axis',(0.,0.,-1.));
#2371=DIRECTION('ref_axis',(1.,0.,0.));
#2372=DIRECTION('',(0.,0.,-1.));
#2373=DIRECTION('center_axis',(0.,0.,1.));
#2374=DIRECTION('ref_axis',(1.,0.,0.));
#2375=DIRECTION('center_axis',(0.,0.,-1.));
#2376=DIRECTION('ref_axis',(1.,0.,0.));
#2377=DIRECTION('center_axis',(0.,0.,-1.));
#2378=DIRECTION('ref_axis',(1.,0.,0.));
#2379=DIRECTION('',(0.,0.,-1.));
#2380=DIRECTION('center_axis',(0.,0.,1.));
#2381=DIRECTION('ref_axis',(1.,0.,0.));
#2382=DIRECTION('center_axis',(0.,0.,-1.));
#2383=DIRECTION('ref_axis',(1.,0.,0.));
#2384=DIRECTION('center_axis',(0.,0.,-1.));
#2385=DIRECTION('ref_axis',(1.,0.,0.));
#2386=DIRECTION('',(0.,0.,-1.));
#2387=DIRECTION('center_axis',(0.,0.,1.));
#2388=DIRECTION('ref_axis',(1.,0.,0.));
#2389=DIRECTION('center_axis',(0.,-1.,0.));
#2390=DIRECTION('ref_axis',(-1.,0.,0.));
#2391=DIRECTION('',(-1.,0.,0.));
#2392=DIRECTION('',(0.,0.,-1.));
#2393=DIRECTION('',(1.,0.,0.));
#2394=DIRECTION('',(0.,0.,-1.));
#2395=DIRECTION('center_axis',(0.,0.,-1.));
#2396=DIRECTION('ref_axis',(0.,-1.,0.));
#2397=DIRECTION('center_axis',(0.,0.,-1.));
#2398=DIRECTION('ref_axis',(0.,-1.,0.));
#2399=DIRECTION('',(0.,0.,-1.));
#2400=DIRECTION('center_axis',(0.,0.,1.));
#2401=DIRECTION('ref_axis',(0.,-1.,0.));
#2402=DIRECTION('center_axis',(2.40968760097858E-16,1.,0.));
#2403=DIRECTION('ref_axis',(1.,-2.40968760097858E-16,0.));
#2404=DIRECTION('',(1.,-2.40968760097858E-16,0.));
#2405=DIRECTION('',(0.,0.,-1.));
#2406=DIRECTION('',(-1.,2.40968760097858E-16,0.));
#2407=DIRECTION('center_axis',(0.,0.,-1.));
#2408=DIRECTION('ref_axis',(0.,1.,0.));
#2409=DIRECTION('center_axis',(0.,0.,-1.));
#2410=DIRECTION('ref_axis',(0.,1.,0.));
#2411=DIRECTION('center_axis',(0.,0.,1.));
#2412=DIRECTION('ref_axis',(0.,1.,0.));
#2413=DIRECTION('center_axis',(1.,0.,0.));
#2414=DIRECTION('ref_axis',(0.,-1.,0.));
#2415=DIRECTION('',(0.,-1.,0.));
#2416=DIRECTION('',(0.,0.,-1.));
#2417=DIRECTION('',(0.,1.,0.));
#2418=DIRECTION('',(0.,0.,-1.));
#2419=DIRECTION('center_axis',(0.,1.,0.));
#2420=DIRECTION('ref_axis',(1.,0.,0.));
#2421=DIRECTION('',(1.,0.,0.));
#2422=DIRECTION('',(0.,0.,-1.));
#2423=DIRECTION('',(-1.,0.,0.));
#2424=DIRECTION('center_axis',(-1.,0.,0.));
#2425=DIRECTION('ref_axis',(0.,1.,0.));
#2426=DIRECTION('',(0.,1.,0.));
#2427=DIRECTION('',(0.,0.,-1.));
#2428=DIRECTION('',(0.,-1.,0.));
#2429=DIRECTION('center_axis',(1.28721510101468E-15,-1.,0.));
#2430=DIRECTION('ref_axis',(-1.,-1.28721510101468E-15,0.));
#2431=DIRECTION('',(-1.,-1.28721510101468E-15,0.));
#2432=DIRECTION('',(1.,1.28721510101468E-15,0.));
#2433=DIRECTION('center_axis',(1.,0.,0.));
#2434=DIRECTION('ref_axis',(0.,-1.,0.));
#2435=DIRECTION('',(0.,-1.,0.));
#2436=DIRECTION('',(0.,0.,-1.));
#2437=DIRECTION('',(0.,1.,0.));
#2438=DIRECTION('',(0.,0.,-1.));
#2439=DIRECTION('center_axis',(0.,1.,0.));
#2440=DIRECTION('ref_axis',(1.,0.,0.));
#2441=DIRECTION('',(1.,0.,0.));
#2442=DIRECTION('',(0.,0.,-1.));
#2443=DIRECTION('',(-1.,0.,0.));
#2444=DIRECTION('center_axis',(-1.,0.,0.));
#2445=DIRECTION('ref_axis',(0.,1.,0.));
#2446=DIRECTION('',(0.,1.,0.));
#2447=DIRECTION('',(0.,0.,-1.));
#2448=DIRECTION('',(0.,-1.,0.));
#2449=DIRECTION('center_axis',(0.,-1.,0.));
#2450=DIRECTION('ref_axis',(-1.,0.,0.));
#2451=DIRECTION('',(-1.,0.,0.));
#2452=DIRECTION('',(1.,0.,0.));
#2453=DIRECTION('center_axis',(1.,0.,0.));
#2454=DIRECTION('ref_axis',(0.,-1.,0.));
#2455=DIRECTION('',(0.,-1.,0.));
#2456=DIRECTION('',(0.,0.,-1.));
#2457=DIRECTION('',(0.,1.,0.));
#2458=DIRECTION('',(0.,0.,-1.));
#2459=DIRECTION('center_axis',(0.,1.,0.));
#2460=DIRECTION('ref_axis',(1.,0.,0.));
#2461=DIRECTION('',(1.,0.,0.));
#2462=DIRECTION('',(0.,0.,-1.));
#2463=DIRECTION('',(-1.,0.,0.));
#2464=DIRECTION('center_axis',(-1.,0.,0.));
#2465=DIRECTION('ref_axis',(0.,1.,0.));
#2466=DIRECTION('',(0.,1.,0.));
#2467=DIRECTION('',(0.,0.,-1.));
#2468=DIRECTION('',(0.,-1.,0.));
#2469=DIRECTION('center_axis',(0.,-1.,0.));
#2470=DIRECTION('ref_axis',(-1.,0.,0.));
#2471=DIRECTION('',(-1.,0.,0.));
#2472=DIRECTION('',(1.,0.,0.));
#2473=DIRECTION('center_axis',(1.,-2.86633610020882E-16,0.));
#2474=DIRECTION('ref_axis',(-2.86633610020882E-16,-1.,0.));
#2475=DIRECTION('',(2.86633610020882E-16,1.,0.));
#2476=DIRECTION('',(0.,0.,-1.));
#2477=DIRECTION('',(-2.86633610020882E-16,-1.,0.));
#2478=DIRECTION('',(0.,0.,-1.));
#2479=DIRECTION('center_axis',(0.,0.,-1.));
#2480=DIRECTION('ref_axis',(1.,-8.07434927000115E-16,0.));
#2481=DIRECTION('center_axis',(0.,0.,1.));
#2482=DIRECTION('ref_axis',(1.,-8.07434927000115E-16,0.));
#2483=DIRECTION('center_axis',(0.,0.,-1.));
#2484=DIRECTION('ref_axis',(1.,-8.07434927000115E-16,0.));
#2485=DIRECTION('',(0.,0.,-1.));
#2486=DIRECTION('center_axis',(-1.6190534075964E-16,1.,0.));
#2487=DIRECTION('ref_axis',(1.,1.6190534075964E-16,0.));
#2488=DIRECTION('',(-1.,-1.6190534075964E-16,0.));
#2489=DIRECTION('',(1.,1.6190534075964E-16,0.));
#2490=DIRECTION('',(0.,0.,-1.));
#2491=DIRECTION('center_axis',(0.,0.,-1.));
#2492=DIRECTION('ref_axis',(1.,0.,0.));
#2493=DIRECTION('center_axis',(0.,0.,1.));
#2494=DIRECTION('ref_axis',(1.,0.,0.));
#2495=DIRECTION('center_axis',(0.,0.,-1.));
#2496=DIRECTION('ref_axis',(1.,0.,0.));
#2497=DIRECTION('',(0.,0.,-1.));
#2498=DIRECTION('center_axis',(-1.6190534075964E-16,1.,0.));
#2499=DIRECTION('ref_axis',(1.,1.6190534075964E-16,0.));
#2500=DIRECTION('',(-1.,-1.6190534075964E-16,0.));
#2501=DIRECTION('',(1.,1.6190534075964E-16,0.));
#2502=DIRECTION('',(0.,0.,-1.));
#2503=DIRECTION('center_axis',(0.,0.,-1.));
#2504=DIRECTION('ref_axis',(1.,0.,0.));
#2505=DIRECTION('center_axis',(0.,0.,1.));
#2506=DIRECTION('ref_axis',(1.,0.,0.));
#2507=DIRECTION('center_axis',(0.,0.,-1.));
#2508=DIRECTION('ref_axis',(1.,0.,0.));
#2509=DIRECTION('',(0.,0.,-1.));
#2510=DIRECTION('center_axis',(-1.6190534075964E-16,1.,0.));
#2511=DIRECTION('ref_axis',(1.,1.6190534075964E-16,0.));
#2512=DIRECTION('',(-1.,-1.6190534075964E-16,0.));
#2513=DIRECTION('',(1.,1.6190534075964E-16,0.));
#2514=DIRECTION('',(0.,0.,-1.));
#2515=DIRECTION('center_axis',(0.,0.,-1.));
#2516=DIRECTION('ref_axis',(1.61486985400023E-15,1.,0.));
#2517=DIRECTION('center_axis',(0.,0.,1.));
#2518=DIRECTION('ref_axis',(1.61486985400023E-15,1.,0.));
#2519=DIRECTION('center_axis',(0.,0.,-1.));
#2520=DIRECTION('ref_axis',(1.61486985400023E-15,1.,0.));
#2521=DIRECTION('',(0.,0.,-1.));
#2522=DIRECTION('center_axis',(-1.,5.73267220041765E-16,0.));
#2523=DIRECTION('ref_axis',(5.73267220041765E-16,1.,0.));
#2524=DIRECTION('',(-5.73267220041765E-16,-1.,0.));
#2525=DIRECTION('',(5.73267220041765E-16,1.,0.));
#2526=DIRECTION('',(0.,0.,-1.));
#2527=DIRECTION('center_axis',(0.,0.,-1.));
#2528=DIRECTION('ref_axis',(-1.,0.,0.));
#2529=DIRECTION('center_axis',(0.,0.,1.));
#2530=DIRECTION('ref_axis',(-1.,0.,0.));
#2531=DIRECTION('center_axis',(0.,0.,-1.));
#2532=DIRECTION('ref_axis',(-1.,0.,0.));
#2533=DIRECTION('',(0.,0.,-1.));
#2534=DIRECTION('center_axis',(0.,-1.,0.));
#2535=DIRECTION('ref_axis',(-1.,0.,0.));
#2536=DIRECTION('',(1.,0.,0.));
#2537=DIRECTION('',(-1.,0.,0.));
#2538=DIRECTION('',(0.,0.,-1.));
#2539=DIRECTION('center_axis',(0.,0.,-1.));
#2540=DIRECTION('ref_axis',(1.,0.,0.));
#2541=DIRECTION('center_axis',(0.,0.,1.));
#2542=DIRECTION('ref_axis',(1.,0.,0.));
#2543=DIRECTION('center_axis',(0.,0.,-1.));
#2544=DIRECTION('ref_axis',(1.,0.,0.));
#2545=DIRECTION('',(0.,0.,-1.));
#2546=DIRECTION('center_axis',(0.,-1.,0.));
#2547=DIRECTION('ref_axis',(-1.,0.,0.));
#2548=DIRECTION('',(1.,0.,0.));
#2549=DIRECTION('',(-1.,0.,0.));
#2550=DIRECTION('',(0.,0.,-1.));
#2551=DIRECTION('center_axis',(0.,0.,-1.));
#2552=DIRECTION('ref_axis',(1.,0.,0.));
#2553=DIRECTION('center_axis',(0.,0.,1.));
#2554=DIRECTION('ref_axis',(1.,0.,0.));
#2555=DIRECTION('center_axis',(0.,0.,-1.));
#2556=DIRECTION('ref_axis',(1.,0.,0.));
#2557=DIRECTION('',(0.,0.,-1.));
#2558=DIRECTION('center_axis',(0.,-1.,0.));
#2559=DIRECTION('ref_axis',(-1.,0.,0.));
#2560=DIRECTION('',(1.,0.,0.));
#2561=DIRECTION('',(-1.,0.,0.));
#2562=DIRECTION('',(0.,0.,-1.));
#2563=DIRECTION('center_axis',(0.,0.,-1.));
#2564=DIRECTION('ref_axis',(2.42230478100034E-15,-1.,0.));
#2565=DIRECTION('center_axis',(0.,0.,1.));
#2566=DIRECTION('ref_axis',(2.42230478100034E-15,-1.,0.));
#2567=DIRECTION('center_axis',(0.,0.,-1.));
#2568=DIRECTION('ref_axis',(2.42230478100034E-15,-1.,0.));
#2569=DIRECTION('center_axis',(1.,-4.29950415031896E-16,0.));
#2570=DIRECTION('ref_axis',(-4.29950415031896E-16,-1.,0.));
#2571=DIRECTION('',(4.29950415031896E-16,1.,0.));
#2572=DIRECTION('',(0.,0.,-1.));
#2573=DIRECTION('',(-4.29950415031896E-16,-1.,0.));
#2574=DIRECTION('',(0.,0.,-1.));
#2575=DIRECTION('center_axis',(0.,0.,-1.));
#2576=DIRECTION('ref_axis',(1.,0.,0.));
#2577=DIRECTION('center_axis',(0.,0.,1.));
#2578=DIRECTION('ref_axis',(1.,0.,0.));
#2579=DIRECTION('center_axis',(0.,0.,-1.));
#2580=DIRECTION('ref_axis',(1.,0.,0.));
#2581=DIRECTION('',(0.,0.,-1.));
#2582=DIRECTION('center_axis',(0.,1.,0.));
#2583=DIRECTION('ref_axis',(1.,0.,0.));
#2584=DIRECTION('',(-1.,0.,0.));
#2585=DIRECTION('',(1.,0.,0.));
#2586=DIRECTION('',(0.,0.,-1.));
#2587=DIRECTION('center_axis',(0.,0.,-1.));
#2588=DIRECTION('ref_axis',(1.,0.,0.));
#2589=DIRECTION('center_axis',(0.,0.,1.));
#2590=DIRECTION('ref_axis',(1.,0.,0.));
#2591=DIRECTION('center_axis',(0.,0.,-1.));
#2592=DIRECTION('ref_axis',(1.,0.,0.));
#2593=DIRECTION('',(0.,0.,-1.));
#2594=DIRECTION('center_axis',(0.,1.,0.));
#2595=DIRECTION('ref_axis',(1.,0.,0.));
#2596=DIRECTION('',(-1.,0.,0.));
#2597=DIRECTION('',(1.,0.,0.));
#2598=DIRECTION('',(0.,0.,-1.));
#2599=DIRECTION('center_axis',(0.,0.,-1.));
#2600=DIRECTION('ref_axis',(1.,0.,0.));
#2601=DIRECTION('center_axis',(0.,0.,1.));
#2602=DIRECTION('ref_axis',(1.,0.,0.));
#2603=DIRECTION('center_axis',(0.,0.,-1.));
#2604=DIRECTION('ref_axis',(1.,0.,0.));
#2605=DIRECTION('',(0.,0.,-1.));
#2606=DIRECTION('center_axis',(0.,1.,0.));
#2607=DIRECTION('ref_axis',(1.,0.,0.));
#2608=DIRECTION('',(-1.,0.,0.));
#2609=DIRECTION('',(1.,0.,0.));
#2610=DIRECTION('',(0.,0.,-1.));
#2611=DIRECTION('center_axis',(0.,0.,-1.));
#2612=DIRECTION('ref_axis',(0.,1.,0.));
#2613=DIRECTION('center_axis',(0.,0.,1.));
#2614=DIRECTION('ref_axis',(0.,1.,0.));
#2615=DIRECTION('center_axis',(0.,0.,-1.));
#2616=DIRECTION('ref_axis',(0.,1.,0.));
#2617=DIRECTION('',(0.,0.,-1.));
#2618=DIRECTION('center_axis',(-1.,0.,0.));
#2619=DIRECTION('ref_axis',(0.,1.,0.));
#2620=DIRECTION('',(0.,-1.,0.));
#2621=DIRECTION('',(0.,1.,0.));
#2622=DIRECTION('',(0.,0.,-1.));
#2623=DIRECTION('center_axis',(0.,0.,-1.));
#2624=DIRECTION('ref_axis',(-1.,1.61486985400023E-15,0.));
#2625=DIRECTION('center_axis',(0.,0.,1.));
#2626=DIRECTION('ref_axis',(-1.,1.61486985400023E-15,0.));
#2627=DIRECTION('center_axis',(0.,0.,-1.));
#2628=DIRECTION('ref_axis',(-1.,1.61486985400023E-15,0.));
#2629=DIRECTION('',(0.,0.,-1.));
#2630=DIRECTION('center_axis',(0.,-1.,0.));
#2631=DIRECTION('ref_axis',(-1.,0.,0.));
#2632=DIRECTION('',(1.,0.,0.));
#2633=DIRECTION('',(-1.,0.,0.));
#2634=DIRECTION('',(0.,0.,-1.));
#2635=DIRECTION('center_axis',(0.,0.,-1.));
#2636=DIRECTION('ref_axis',(1.,0.,0.));
#2637=DIRECTION('center_axis',(0.,0.,1.));
#2638=DIRECTION('ref_axis',(1.,0.,0.));
#2639=DIRECTION('center_axis',(0.,0.,-1.));
#2640=DIRECTION('ref_axis',(1.,0.,0.));
#2641=DIRECTION('',(0.,0.,-1.));
#2642=DIRECTION('center_axis',(0.,-1.,0.));
#2643=DIRECTION('ref_axis',(-1.,0.,0.));
#2644=DIRECTION('',(1.,0.,0.));
#2645=DIRECTION('',(-1.,0.,0.));
#2646=DIRECTION('',(0.,0.,-1.));
#2647=DIRECTION('center_axis',(0.,0.,-1.));
#2648=DIRECTION('ref_axis',(1.,0.,0.));
#2649=DIRECTION('center_axis',(0.,0.,1.));
#2650=DIRECTION('ref_axis',(1.,0.,0.));
#2651=DIRECTION('center_axis',(0.,0.,-1.));
#2652=DIRECTION('ref_axis',(1.,0.,0.));
#2653=DIRECTION('',(0.,0.,-1.));
#2654=DIRECTION('center_axis',(0.,-1.,0.));
#2655=DIRECTION('ref_axis',(-1.,0.,0.));
#2656=DIRECTION('',(1.,0.,0.));
#2657=DIRECTION('',(-1.,0.,0.));
#2658=DIRECTION('',(0.,0.,-1.));
#2659=DIRECTION('center_axis',(0.,0.,-1.));
#2660=DIRECTION('ref_axis',(-8.07434927000114E-16,-1.,0.));
#2661=DIRECTION('center_axis',(0.,0.,1.));
#2662=DIRECTION('ref_axis',(-8.07434927000114E-16,-1.,0.));
#2663=DIRECTION('center_axis',(0.,0.,-1.));
#2664=DIRECTION('ref_axis',(-8.07434927000114E-16,-1.,0.));
#2665=DIRECTION('center_axis',(0.999941336100087,-0.0108316369202969,0.));
#2666=DIRECTION('ref_axis',(-0.0108316369202969,-0.999941336100087,0.));
#2667=DIRECTION('',(-0.0108316369202969,-0.999941336100087,0.));
#2668=DIRECTION('',(0.,0.,-1.));
#2669=DIRECTION('',(-0.0108316369202969,-0.999941336100087,0.));
#2670=DIRECTION('',(0.,0.,-1.));
#2671=DIRECTION('center_axis',(0.456689559350314,0.889626127303159,0.));
#2672=DIRECTION('ref_axis',(0.889626127303159,-0.456689559350314,0.));
#2673=DIRECTION('',(-0.889626127303159,0.456689559350314,0.));
#2674=DIRECTION('',(0.889626127303159,-0.456689559350314,0.));
#2675=DIRECTION('',(0.,0.,-1.));
#2676=DIRECTION('',(0.,0.,-1.));
#2677=DIRECTION('',(0.,0.,-1.));
#2678=DIRECTION('',(0.,0.,-1.));
#2679=DIRECTION('center_axis',(0.,-1.,0.));
#2680=DIRECTION('ref_axis',(-1.,0.,0.));
#2681=DIRECTION('',(1.,0.,0.));
#2682=DIRECTION('',(-1.,0.,0.));
#2683=DIRECTION('',(0.,0.,-1.));
#2684=DIRECTION('',(0.,0.,-1.));
#2685=DIRECTION('',(0.,0.,-1.));
#2686=DIRECTION('',(0.,0.,-1.));
#2687=DIRECTION('',(0.,0.,-1.));
#2688=DIRECTION('center_axis',(0.,0.,1.));
#2689=DIRECTION('ref_axis',(1.,0.,0.));
#2690=DIRECTION('center_axis',(0.,0.,1.));
#2691=DIRECTION('ref_axis',(1.,0.,0.));
#2692=CARTESIAN_POINT('',(0.,0.,0.));
#2693=CARTESIAN_POINT('Origin',(81.1074483608648,-152.009354855688,-0.4375));
#2694=CARTESIAN_POINT('',(78.3074483608648,-152.009354855688,9.0205620750794E-16));
#2695=CARTESIAN_POINT('Origin',(81.1074483608648,-152.009354855688,0.));
#2696=CARTESIAN_POINT('',(79.1824483608648,-152.009354855688,-0.875000000000001));
#2697=CARTESIAN_POINT('',(78.7449483608648,-152.009354855688,-0.4375));
#2698=CARTESIAN_POINT('Origin',(81.1074483608648,-152.009354855688,-0.875));
#2699=CARTESIAN_POINT('Origin',(81.1074483608648,-152.009354855688,-1.5125));
#2700=CARTESIAN_POINT('',(79.1824483608648,-152.009354855688,-2.75));
#2701=CARTESIAN_POINT('',(79.1824483608648,-152.009354855688,-1.5125));
#2702=CARTESIAN_POINT('Origin',(81.1074483608648,-152.009354855688,-2.75));
#2703=CARTESIAN_POINT('Origin',(78.4393261923586,-80.2801090963325,-0.4375));
#2704=CARTESIAN_POINT('',(75.6393261923586,-80.2801090963325,9.0205620750794E-16));
#2705=CARTESIAN_POINT('Origin',(78.4393261923586,-80.2801090963325,0.));
#2706=CARTESIAN_POINT('',(76.5143261923586,-80.2801090963325,-0.875000000000001));
#2707=CARTESIAN_POINT('',(76.0768261923586,-80.2801090963325,-0.4375));
#2708=CARTESIAN_POINT('Origin',(78.4393261923586,-80.2801090963325,-0.875));
#2709=CARTESIAN_POINT('Origin',(78.4393261923586,-80.2801090963325,-1.5125));
#2710=CARTESIAN_POINT('',(76.5143261923586,-80.2801090963325,-2.75));
#2711=CARTESIAN_POINT('',(76.5143261923586,-80.2801090963325,-1.5125));
#2712=CARTESIAN_POINT('Origin',(78.4393261923586,-80.2801090963325,-2.75));
#2713=CARTESIAN_POINT('Origin',(-66.3265957442319,-82.4173700035816,-0.4375));
#2714=CARTESIAN_POINT('',(-69.1265957442319,-82.4173700035816,1.52655665885959E-15));
#2715=CARTESIAN_POINT('Origin',(-66.3265957442319,-82.4173700035816,0.));
#2716=CARTESIAN_POINT('',(-68.2515957442319,-82.4173700035816,-0.875000000000001));
#2717=CARTESIAN_POINT('',(-68.6890957442319,-82.4173700035816,-0.4375));
#2718=CARTESIAN_POINT('Origin',(-66.3265957442319,-82.4173700035816,-0.875));
#2719=CARTESIAN_POINT('Origin',(-66.3265957442319,-82.4173700035816,-1.5125));
#2720=CARTESIAN_POINT('',(-68.2515957442319,-82.4173700035816,-2.75));
#2721=CARTESIAN_POINT('',(-68.2515957442319,-82.4173700035816,-1.5125));
#2722=CARTESIAN_POINT('Origin',(-66.3265957442319,-82.4173700035816,-2.75));
#2723=CARTESIAN_POINT('Origin',(89.9369902819866,81.0349011950288,-0.4375));
#2724=CARTESIAN_POINT('',(87.1369902819866,81.0349011950288,9.0205620750794E-16));
#2725=CARTESIAN_POINT('Origin',(89.9369902819866,81.0349011950288,0.));
#2726=CARTESIAN_POINT('',(88.0119902819865,81.0349011950288,-0.875000000000001));
#2727=CARTESIAN_POINT('',(87.5744902819866,81.0349011950288,-0.4375));
#2728=CARTESIAN_POINT('Origin',(89.9369902819866,81.0349011950288,-0.875));
#2729=CARTESIAN_POINT('Origin',(89.9369902819866,81.0349011950288,-1.5125));
#2730=CARTESIAN_POINT('',(88.0119902819865,81.0349011950288,-2.75));
#2731=CARTESIAN_POINT('',(88.0119902819865,81.0349011950288,-1.5125));
#2732=CARTESIAN_POINT('Origin',(89.9369902819866,81.0349011950288,-2.75));
#2733=CARTESIAN_POINT('Origin',(-77.8483516204096,-2.36609590099213,-0.4375));
#2734=CARTESIAN_POINT('',(-80.6483516204096,-2.36609590099213,5.48172618408671E-15));
#2735=CARTESIAN_POINT('Origin',(-77.8483516204096,-2.36609590099213,0.));
#2736=CARTESIAN_POINT('',(-79.7733516204096,-2.36609590099213,-0.875000000000001));
#2737=CARTESIAN_POINT('',(-80.2108516204096,-2.36609590099213,-0.4375));
#2738=CARTESIAN_POINT('Origin',(-77.8483516204096,-2.36609590099213,-0.875));
#2739=CARTESIAN_POINT('Origin',(-77.8483516204096,-2.36609590099213,-1.5125));
#2740=CARTESIAN_POINT('',(-79.7733516204096,-2.36609590099213,-2.75));
#2741=CARTESIAN_POINT('',(-79.7733516204096,-2.36609590099213,-1.5125));
#2742=CARTESIAN_POINT('Origin',(-77.8483516204096,-2.36609590099213,-2.75));
#2743=CARTESIAN_POINT('Origin',(-101.138599882596,69.8406405400848,-0.4375));
#2744=CARTESIAN_POINT('',(-103.938599882596,69.8406405400848,9.0205620750794E-16));
#2745=CARTESIAN_POINT('Origin',(-101.138599882596,69.8406405400848,0.));
#2746=CARTESIAN_POINT('',(-103.063599882596,69.8406405400848,-0.875000000000001));
#2747=CARTESIAN_POINT('',(-103.501099882596,69.8406405400848,-0.4375));
#2748=CARTESIAN_POINT('Origin',(-101.138599882596,69.8406405400848,-0.875));
#2749=CARTESIAN_POINT('Origin',(-101.138599882596,69.8406405400848,-1.5125));
#2750=CARTESIAN_POINT('',(-103.063599882596,69.8406405400848,-2.75));
#2751=CARTESIAN_POINT('',(-103.063599882596,69.8406405400848,-1.5125));
#2752=CARTESIAN_POINT('Origin',(-101.138599882596,69.8406405400848,-2.75));
#2753=CARTESIAN_POINT('Origin',(-55.0905777602577,120.477645286698,-0.4375));
#2754=CARTESIAN_POINT('',(-57.8905777602577,120.477645286698,1.52655665885959E-15));
#2755=CARTESIAN_POINT('Origin',(-55.0905777602577,120.477645286698,0.));
#2756=CARTESIAN_POINT('',(-57.0155777602577,120.477645286698,-0.875000000000001));
#2757=CARTESIAN_POINT('',(-57.4530777602577,120.477645286698,-0.4375));
#2758=CARTESIAN_POINT('Origin',(-55.0905777602577,120.477645286698,-0.875));
#2759=CARTESIAN_POINT('Origin',(-55.0905777602577,120.477645286698,-1.5125));
#2760=CARTESIAN_POINT('',(-57.0155777602577,120.477645286698,-2.75));
#2761=CARTESIAN_POINT('',(-57.0155777602577,120.477645286698,-1.5125));
#2762=CARTESIAN_POINT('Origin',(-55.0905777602577,120.477645286698,-2.75));
#2763=CARTESIAN_POINT('Origin',(-111.001709745493,122.624040954822,-0.4375));
#2764=CARTESIAN_POINT('',(-113.801709745493,122.624040954822,-2.91433543964104E-15));
#2765=CARTESIAN_POINT('Origin',(-111.001709745493,122.624040954822,0.));
#2766=CARTESIAN_POINT('',(-112.926709745493,122.624040954822,-0.874999999999997));
#2767=CARTESIAN_POINT('',(-113.364209745493,122.624040954822,-0.4375));
#2768=CARTESIAN_POINT('Origin',(-111.001709745493,122.624040954822,-0.875));
#2769=CARTESIAN_POINT('Origin',(-111.001709745493,122.624040954822,-1.5125));
#2770=CARTESIAN_POINT('',(-112.926709745493,122.624040954822,-2.75));
#2771=CARTESIAN_POINT('',(-112.926709745493,122.624040954822,-1.5125));
#2772=CARTESIAN_POINT('Origin',(-111.001709745493,122.624040954822,-2.75));
#2773=CARTESIAN_POINT('Origin',(-112.3982115962,143.956393431497,-0.4375));
#2774=CARTESIAN_POINT('',(-115.1982115962,143.956393431497,-2.91433543964104E-15));
#2775=CARTESIAN_POINT('Origin',(-112.3982115962,143.956393431497,0.));
#2776=CARTESIAN_POINT('',(-114.3232115962,143.956393431497,-0.874999999999997));
#2777=CARTESIAN_POINT('',(-114.7607115962,143.956393431497,-0.4375));
#2778=CARTESIAN_POINT('Origin',(-112.3982115962,143.956393431497,-0.875));
#2779=CARTESIAN_POINT('Origin',(-112.3982115962,143.956393431497,-1.5125));
#2780=CARTESIAN_POINT('',(-114.3232115962,143.956393431497,-2.75));
#2781=CARTESIAN_POINT('',(-114.3232115962,143.956393431497,-1.5125));
#2782=CARTESIAN_POINT('Origin',(-112.3982115962,143.956393431497,-2.75));
#2783=CARTESIAN_POINT('Origin',(-82.4311455059517,122.651071306813,-0.4375));
#2784=CARTESIAN_POINT('',(-85.2311455059517,122.651071306813,1.52655665885959E-15));
#2785=CARTESIAN_POINT('Origin',(-82.4311455059517,122.651071306813,0.));
#2786=CARTESIAN_POINT('',(-84.3561455059518,122.651071306813,-0.874999999999997));
#2787=CARTESIAN_POINT('',(-84.7936455059518,122.651071306813,-0.4375));
#2788=CARTESIAN_POINT('Origin',(-82.4311455059517,122.651071306813,-0.875));
#2789=CARTESIAN_POINT('Origin',(-82.4311455059517,122.651071306813,-1.5125));
#2790=CARTESIAN_POINT('',(-84.3561455059518,122.651071306813,-2.75));
#2791=CARTESIAN_POINT('',(-84.3561455059518,122.651071306813,-1.5125));
#2792=CARTESIAN_POINT('Origin',(-82.4311455059517,122.651071306813,-2.75));
#2793=CARTESIAN_POINT('Origin',(-73.4464541271086,94.7398692449003,-0.4375));
#2794=CARTESIAN_POINT('',(-76.2464541271086,94.7398692449003,1.52655665885959E-15));
#2795=CARTESIAN_POINT('Origin',(-73.4464541271086,94.7398692449003,0.));
#2796=CARTESIAN_POINT('',(-75.3714541271086,94.7398692449003,-0.875000000000001));
#2797=CARTESIAN_POINT('',(-75.8089541271086,94.7398692449003,-0.4375));
#2798=CARTESIAN_POINT('Origin',(-73.4464541271086,94.7398692449003,-0.875));
#2799=CARTESIAN_POINT('Origin',(-73.4464541271086,94.7398692449003,-1.5125));
#2800=CARTESIAN_POINT('',(-75.3714541271086,94.7398692449003,-2.75));
#2801=CARTESIAN_POINT('',(-75.3714541271086,94.7398692449003,-1.5125));
#2802=CARTESIAN_POINT('Origin',(-73.4464541271086,94.7398692449003,-2.75));
#2803=CARTESIAN_POINT('Origin',(-73.5525377548426,26.2998854487303,-0.4375));
#2804=CARTESIAN_POINT('',(-76.3525377548426,26.2998854487303,1.52655665885959E-15));
#2805=CARTESIAN_POINT('Origin',(-73.5525377548426,26.2998854487303,0.));
#2806=CARTESIAN_POINT('',(-75.4775377548426,26.2998854487303,-0.875000000000001));
#2807=CARTESIAN_POINT('',(-75.9150377548426,26.2998854487303,-0.4375));
#2808=CARTESIAN_POINT('Origin',(-73.5525377548426,26.2998854487303,-0.875));
#2809=CARTESIAN_POINT('Origin',(-73.5525377548426,26.2998854487303,-1.5125));
#2810=CARTESIAN_POINT('',(-75.4775377548426,26.2998854487303,-2.75));
#2811=CARTESIAN_POINT('',(-75.4775377548426,26.2998854487303,-1.5125));
#2812=CARTESIAN_POINT('Origin',(-73.5525377548426,26.2998854487303,-2.75));
#2813=CARTESIAN_POINT('Origin',(36.316754120632,72.6928010624927,-0.4375));
#2814=CARTESIAN_POINT('',(33.516754120632,72.6928010624927,9.0205620750794E-16));
#2815=CARTESIAN_POINT('Origin',(36.316754120632,72.6928010624927,0.));
#2816=CARTESIAN_POINT('',(34.391754120632,72.6928010624927,-0.875000000000001));
#2817=CARTESIAN_POINT('',(33.954254120632,72.6928010624927,-0.4375));
#2818=CARTESIAN_POINT('Origin',(36.316754120632,72.6928010624927,-0.875));
#2819=CARTESIAN_POINT('Origin',(36.316754120632,72.6928010624927,-1.5125));
#2820=CARTESIAN_POINT('',(34.391754120632,72.6928010624927,-2.75));
#2821=CARTESIAN_POINT('',(34.391754120632,72.6928010624927,-1.5125));
#2822=CARTESIAN_POINT('Origin',(36.316754120632,72.6928010624927,-2.75));
#2823=CARTESIAN_POINT('Origin',(94.3727318997812,4.54499172361077,-0.4375));
#2824=CARTESIAN_POINT('',(91.5727318997812,4.54499172361077,0.));
#2825=CARTESIAN_POINT('Origin',(94.3727318997812,4.54499172361077,0.));
#2826=CARTESIAN_POINT('',(92.4477318997812,4.54499172361077,-0.875));
#2827=CARTESIAN_POINT('',(92.0102318997812,4.54499172361077,-0.4375));
#2828=CARTESIAN_POINT('Origin',(94.3727318997812,4.54499172361077,-0.875));
#2829=CARTESIAN_POINT('Origin',(94.3727318997812,4.54499172361077,-1.5125));
#2830=CARTESIAN_POINT('',(92.4477318997812,4.54499172361077,-2.75));
#2831=CARTESIAN_POINT('',(92.4477318997812,4.54499172361077,-1.5125));
#2832=CARTESIAN_POINT('Origin',(94.3727318997812,4.54499172361077,-2.75));
#2833=CARTESIAN_POINT('Origin',(36.9404974622664,-103.197086951171,-0.4375));
#2834=CARTESIAN_POINT('',(34.1404974622664,-103.197086951171,-7.63278329429795E-16));
#2835=CARTESIAN_POINT('Origin',(36.9404974622664,-103.197086951171,0.));
#2836=CARTESIAN_POINT('',(35.0154974622664,-103.197086951171,-0.875000000000001));
#2837=CARTESIAN_POINT('',(34.5779974622664,-103.197086951171,-0.4375));
#2838=CARTESIAN_POINT('Origin',(36.9404974622664,-103.197086951171,-0.875));
#2839=CARTESIAN_POINT('Origin',(36.9404974622664,-103.197086951171,-1.5125));
#2840=CARTESIAN_POINT('',(35.0154974622664,-103.197086951171,-2.75));
#2841=CARTESIAN_POINT('',(35.0154974622664,-103.197086951171,-1.5125));
#2842=CARTESIAN_POINT('Origin',(36.9404974622664,-103.197086951171,-2.75));
#2843=CARTESIAN_POINT('Origin',(100.231750697341,-127.651228283533,-0.4375));
#2844=CARTESIAN_POINT('',(97.4317506973409,-127.651228283533,-2.91433543964104E-15));
#2845=CARTESIAN_POINT('Origin',(100.231750697341,-127.651228283533,0.));
#2846=CARTESIAN_POINT('',(98.3067506973408,-127.651228283533,-0.874999999999997));
#2847=CARTESIAN_POINT('',(97.8692506973408,-127.651228283533,-0.4375));
#2848=CARTESIAN_POINT('Origin',(100.231750697341,-127.651228283533,-0.875));
#2849=CARTESIAN_POINT('Origin',(100.231750697341,-127.651228283533,-1.5125));
#2850=CARTESIAN_POINT('',(98.3067506973408,-127.651228283533,-2.75));
#2851=CARTESIAN_POINT('',(98.3067506973408,-127.651228283533,-1.5125));
#2852=CARTESIAN_POINT('Origin',(100.231750697341,-127.651228283533,-2.75));
#2853=CARTESIAN_POINT('Origin',(124.559483008589,-172.92515195521,-0.4375));
#2854=CARTESIAN_POINT('',(121.759483008589,-172.92515195521,1.42941214420489E-14));
#2855=CARTESIAN_POINT('Origin',(124.559483008589,-172.92515195521,0.));
#2856=CARTESIAN_POINT('',(122.634483008589,-172.92515195521,-0.874999999999997));
#2857=CARTESIAN_POINT('',(122.196983008589,-172.92515195521,-0.4375));
#2858=CARTESIAN_POINT('Origin',(124.559483008589,-172.92515195521,-0.875));
#2859=CARTESIAN_POINT('Origin',(124.559483008589,-172.92515195521,-1.5125));
#2860=CARTESIAN_POINT('',(122.634483008589,-172.92515195521,-2.75));
#2861=CARTESIAN_POINT('',(122.634483008589,-172.92515195521,-1.5125));
#2862=CARTESIAN_POINT('Origin',(124.559483008589,-172.92515195521,-2.75));
#2863=CARTESIAN_POINT('Origin',(74.7765545677563,-110.444216656194,-1.5125));
#2864=CARTESIAN_POINT('',(69.9365545677563,-110.444216656194,0.));
#2865=CARTESIAN_POINT('Origin',(74.7765545677563,-110.444216656194,0.));
#2866=CARTESIAN_POINT('',(69.9365545677563,-110.444216656194,-2.75));
#2867=CARTESIAN_POINT('',(69.9365545677563,-110.444216656194,-1.5125));
#2868=CARTESIAN_POINT('Origin',(74.7765545677563,-110.444216656194,-2.75));
#2869=CARTESIAN_POINT('Origin',(62.2506493240504,-59.5126535718215,-1.5125));
#2870=CARTESIAN_POINT('',(57.4106493240504,-59.5126535718215,0.));
#2871=CARTESIAN_POINT('Origin',(62.2506493240504,-59.5126535718215,0.));
#2872=CARTESIAN_POINT('',(57.4106493240504,-59.5126535718215,-2.75));
#2873=CARTESIAN_POINT('',(57.4106493240504,-59.5126535718215,-1.5125));
#2874=CARTESIAN_POINT('Origin',(62.2506493240504,-59.5126535718215,-2.75));
#2875=CARTESIAN_POINT('Origin',(110.271013999252,-160.073664395161,-1.5125));
#2876=CARTESIAN_POINT('',(105.431013999252,-160.073664395161,0.));
#2877=CARTESIAN_POINT('Origin',(110.271013999252,-160.073664395161,0.));
#2878=CARTESIAN_POINT('',(105.431013999252,-160.073664395161,-2.75));
#2879=CARTESIAN_POINT('',(105.431013999252,-160.073664395161,-1.5125));
#2880=CARTESIAN_POINT('Origin',(110.271013999252,-160.073664395161,-2.75));
#2881=CARTESIAN_POINT('Origin',(92.6133488526983,52.6195045352362,-1.5125));
#2882=CARTESIAN_POINT('',(86.5133488526983,52.6195045352362,0.));
#2883=CARTESIAN_POINT('Origin',(92.6133488526983,52.6195045352362,0.));
#2884=CARTESIAN_POINT('',(86.5133488526983,52.6195045352362,-2.75));
#2885=CARTESIAN_POINT('',(86.5133488526983,52.6195045352362,-1.5125));
#2886=CARTESIAN_POINT('Origin',(92.6133488526983,52.6195045352362,-2.75));
#2887=CARTESIAN_POINT('Origin',(17.368899268013,-100.365573980067,0.));
#2888=CARTESIAN_POINT('',(17.368899268013,-100.365573980067,0.));
#2889=CARTESIAN_POINT('',(-56.3484090950656,-100.365573980067,0.));
#2890=CARTESIAN_POINT('',(11.7428389587175,-100.365573980067,0.));
#2891=CARTESIAN_POINT('',(17.368899268013,-100.365573980067,-2.75));
#2892=CARTESIAN_POINT('',(17.368899268013,-100.365573980067,0.));
#2893=CARTESIAN_POINT('',(-56.3484090950656,-100.365573980067,-2.75));
#2894=CARTESIAN_POINT('',(11.7428389587175,-100.365573980067,-2.75));
#2895=CARTESIAN_POINT('',(-56.3484090950656,-100.365573980067,0.));
#2896=CARTESIAN_POINT('Origin',(17.368899268013,-91.7724110401125,0.));
#2897=CARTESIAN_POINT('',(17.368899268013,-83.1792481001585,0.));
#2898=CARTESIAN_POINT('Origin',(17.368899268013,-91.7724110401125,0.));
#2899=CARTESIAN_POINT('',(17.368899268013,-83.1792481001585,-2.75));
#2900=CARTESIAN_POINT('',(17.368899268013,-83.1792481001585,0.));
#2901=CARTESIAN_POINT('Origin',(17.368899268013,-91.7724110401125,-2.75));
#2902=CARTESIAN_POINT('Origin',(-56.3484090950656,-83.1792481001584,0.));
#2903=CARTESIAN_POINT('',(-56.3484090950656,-83.1792481001584,0.));
#2904=CARTESIAN_POINT('',(-25.1158152228218,-83.1792481001585,0.));
#2905=CARTESIAN_POINT('',(-56.3484090950656,-83.1792481001584,-2.75));
#2906=CARTESIAN_POINT('',(-56.3484090950656,-83.1792481001584,0.));
#2907=CARTESIAN_POINT('',(-25.1158152228218,-83.1792481001585,-2.75));
#2908=CARTESIAN_POINT('Origin',(-56.3484090950656,-91.7724110401125,0.));
#2909=CARTESIAN_POINT('Origin',(-56.3484090950656,-91.7724110401125,0.));
#2910=CARTESIAN_POINT('Origin',(-56.3484090950656,-91.7724110401125,-2.75));
#2911=CARTESIAN_POINT('Origin',(-84.3673566348221,92.334223490839,0.));
#2912=CARTESIAN_POINT('',(-84.3673566348221,92.334223490839,0.));
#2913=CARTESIAN_POINT('',(-84.3673566348221,73.234223490839,0.));
#2914=CARTESIAN_POINT('',(-84.3673566348221,38.5620155889964,0.));
#2915=CARTESIAN_POINT('',(-84.3673566348221,92.334223490839,-2.75));
#2916=CARTESIAN_POINT('',(-84.3673566348221,92.334223490839,0.));
#2917=CARTESIAN_POINT('',(-84.3673566348221,73.234223490839,-2.75));
#2918=CARTESIAN_POINT('',(-84.3673566348221,38.5620155889964,-2.75));
#2919=CARTESIAN_POINT('',(-84.3673566348221,73.234223490839,0.));
#2920=CARTESIAN_POINT('Origin',(-91.2673566348221,92.334223490839,0.));
#2921=CARTESIAN_POINT('',(-91.2673566348221,92.334223490839,0.));
#2922=CARTESIAN_POINT('',(-42.5752889927,92.334223490839,0.));
#2923=CARTESIAN_POINT('',(-91.2673566348221,92.334223490839,-2.75));
#2924=CARTESIAN_POINT('',(-91.2673566348221,92.334223490839,0.));
#2925=CARTESIAN_POINT('',(-42.5752889927,92.334223490839,-2.75));
#2926=CARTESIAN_POINT('Origin',(-91.2673566348221,73.234223490839,0.));
#2927=CARTESIAN_POINT('',(-91.2673566348221,73.234223490839,0.));
#2928=CARTESIAN_POINT('',(-91.2673566348221,29.0120155889964,0.));
#2929=CARTESIAN_POINT('',(-91.2673566348221,73.234223490839,-2.75));
#2930=CARTESIAN_POINT('',(-91.2673566348221,73.234223490839,0.));
#2931=CARTESIAN_POINT('',(-91.2673566348221,29.0120155889964,-2.75));
#2932=CARTESIAN_POINT('Origin',(-84.3673566348221,73.234223490839,0.));
#2933=CARTESIAN_POINT('',(-39.1252889927,73.2342234908391,0.));
#2934=CARTESIAN_POINT('',(-39.1252889927,73.2342234908391,-2.75));
#2935=CARTESIAN_POINT('Origin',(-90.6829621820567,126.095948952804,0.));
#2936=CARTESIAN_POINT('',(-90.6829621820567,126.095948952804,0.));
#2937=CARTESIAN_POINT('',(-90.6829621820567,119.195948952804,0.));
#2938=CARTESIAN_POINT('',(-90.6829621820567,55.4428783199788,0.));
#2939=CARTESIAN_POINT('',(-90.6829621820567,126.095948952804,-2.75));
#2940=CARTESIAN_POINT('',(-90.6829621820567,126.095948952804,0.));
#2941=CARTESIAN_POINT('',(-90.6829621820567,119.195948952804,-2.75));
#2942=CARTESIAN_POINT('',(-90.6829621820567,55.4428783199788,-2.75));
#2943=CARTESIAN_POINT('',(-90.6829621820567,119.195948952804,0.));
#2944=CARTESIAN_POINT('Origin',(-102.932962182057,126.095948952804,0.));
#2945=CARTESIAN_POINT('',(-102.932962182057,126.095948952804,0.));
#2946=CARTESIAN_POINT('',(-48.4080917663173,126.095948952804,0.));
#2947=CARTESIAN_POINT('',(-102.932962182057,126.095948952804,-2.75));
#2948=CARTESIAN_POINT('',(-102.932962182057,126.095948952804,0.));
#2949=CARTESIAN_POINT('',(-48.4080917663173,126.095948952804,-2.75));
#2950=CARTESIAN_POINT('Origin',(-102.932962182057,119.195948952804,0.));
#2951=CARTESIAN_POINT('',(-102.932962182057,119.195948952804,0.));
#2952=CARTESIAN_POINT('',(-102.932962182057,51.9928783199788,0.));
#2953=CARTESIAN_POINT('',(-102.932962182057,119.195948952804,-2.75));
#2954=CARTESIAN_POINT('',(-102.932962182057,119.195948952804,0.));
#2955=CARTESIAN_POINT('',(-102.932962182057,51.9928783199788,-2.75));
#2956=CARTESIAN_POINT('Origin',(-90.6829621820567,119.195948952804,0.));
#2957=CARTESIAN_POINT('',(-42.2830917663173,119.195948952804,0.));
#2958=CARTESIAN_POINT('',(-42.2830917663173,119.195948952804,-2.75));
#2959=CARTESIAN_POINT('Origin',(-84.3673566348221,47.8047165639845,0.));
#2960=CARTESIAN_POINT('',(-84.3673566348221,47.8047165639845,0.));
#2961=CARTESIAN_POINT('',(-84.3673566348221,28.7047165639845,0.));
#2962=CARTESIAN_POINT('',(-84.3673566348221,16.2972621255692,0.));
#2963=CARTESIAN_POINT('',(-84.3673566348221,47.8047165639845,-2.75));
#2964=CARTESIAN_POINT('',(-84.3673566348221,47.8047165639845,0.));
#2965=CARTESIAN_POINT('',(-84.3673566348221,28.7047165639845,-2.75));
#2966=CARTESIAN_POINT('',(-84.3673566348221,16.2972621255692,-2.75));
#2967=CARTESIAN_POINT('',(-84.3673566348221,28.7047165639845,0.));
#2968=CARTESIAN_POINT('Origin',(-91.2673566348221,47.8047165639845,0.));
#2969=CARTESIAN_POINT('',(-91.2673566348221,47.8047165639845,0.));
#2970=CARTESIAN_POINT('',(-42.5752889927,47.8047165639845,0.));
#2971=CARTESIAN_POINT('',(-91.2673566348221,47.8047165639845,-2.75));
#2972=CARTESIAN_POINT('',(-91.2673566348221,47.8047165639845,0.));
#2973=CARTESIAN_POINT('',(-42.5752889927,47.8047165639845,-2.75));
#2974=CARTESIAN_POINT('Origin',(-91.2673566348221,28.7047165639845,0.));
#2975=CARTESIAN_POINT('',(-91.2673566348221,28.7047165639845,0.));
#2976=CARTESIAN_POINT('',(-91.2673566348221,6.74726212556917,0.));
#2977=CARTESIAN_POINT('',(-91.2673566348221,28.7047165639845,-2.75));
#2978=CARTESIAN_POINT('',(-91.2673566348221,28.7047165639845,0.));
#2979=CARTESIAN_POINT('',(-91.2673566348221,6.74726212556917,-2.75));
#2980=CARTESIAN_POINT('Origin',(-84.3673566348221,28.7047165639845,0.));
#2981=CARTESIAN_POINT('',(-39.1252889927,28.7047165639845,0.));
#2982=CARTESIAN_POINT('',(-39.1252889927,28.7047165639845,-2.75));
#2983=CARTESIAN_POINT('Origin',(27.299310341203,-33.2950278679603,0.));
#2984=CARTESIAN_POINT('',(27.299310341203,-64.2815691753603,-2.75));
#2985=CARTESIAN_POINT('',(27.299310341203,-33.2950278679603,-2.75));
#2986=CARTESIAN_POINT('',(27.299310341203,-24.2526100904032,-2.75));
#2987=CARTESIAN_POINT('',(27.299310341203,-64.2815691753603,0.));
#2988=CARTESIAN_POINT('',(27.299310341203,-64.2815691753603,0.));
#2989=CARTESIAN_POINT('',(27.299310341203,-33.2950278679603,0.));
#2990=CARTESIAN_POINT('',(27.299310341203,-24.2526100904032,0.));
#2991=CARTESIAN_POINT('',(27.299310341203,-33.2950278679603,0.));
#2992=CARTESIAN_POINT('Origin',(21.799310341203,-33.2950278679603,0.));
#2993=CARTESIAN_POINT('',(21.799310341203,-27.7950278679603,-2.75));
#2994=CARTESIAN_POINT('Origin',(21.799310341203,-33.2950278679603,-2.75));
#2995=CARTESIAN_POINT('',(21.799310341203,-27.7950278679603,0.));
#2996=CARTESIAN_POINT('Origin',(21.799310341203,-33.2950278679603,0.));
#2997=CARTESIAN_POINT('',(21.799310341203,-27.7950278679603,0.));
#2998=CARTESIAN_POINT('Origin',(7.80897948376596,-27.7950278679603,0.));
#2999=CARTESIAN_POINT('',(7.80897948376596,-27.7950278679603,-2.75));
#3000=CARTESIAN_POINT('',(6.96287906659403,-27.7950278679603,-2.75));
#3001=CARTESIAN_POINT('',(7.80897948376596,-27.7950278679603,0.));
#3002=CARTESIAN_POINT('',(6.96287906659403,-27.7950278679603,0.));
#3003=CARTESIAN_POINT('',(7.80897948376596,-27.7950278679603,0.));
#3004=CARTESIAN_POINT('Origin',(1.15124997552798,-30.283424959539,0.));
#3005=CARTESIAN_POINT('',(-5.50647953271,-27.7950278679603,-2.75));
#3006=CARTESIAN_POINT('Origin',(1.15124997552798,-30.283424959539,-2.75));
#3007=CARTESIAN_POINT('',(-5.50647953271,-27.7950278679603,0.));
#3008=CARTESIAN_POINT('Origin',(1.15124997552798,-30.283424959539,0.));
#3009=CARTESIAN_POINT('',(-5.50647953271,-27.7950278679603,0.));
#3010=CARTESIAN_POINT('Origin',(-33.181723882184,-27.7950278679603,0.));
#3011=CARTESIAN_POINT('',(-33.181723882184,-27.7950278679603,-2.75));
#3012=CARTESIAN_POINT('',(-13.5324726163809,-27.7950278679603,-2.75));
#3013=CARTESIAN_POINT('',(-33.181723882184,-27.7950278679603,0.));
#3014=CARTESIAN_POINT('',(-13.5324726163809,-27.7950278679603,0.));
#3015=CARTESIAN_POINT('',(-33.181723882184,-27.7950278679603,0.));
#3016=CARTESIAN_POINT('Origin',(-39.839453390422,-30.283424959539,0.));
#3017=CARTESIAN_POINT('',(-46.4971828986599,-27.7950278679603,-2.75));
#3018=CARTESIAN_POINT('Origin',(-39.839453390422,-30.283424959539,-2.75));
#3019=CARTESIAN_POINT('',(-46.4971828986599,-27.7950278679603,0.));
#3020=CARTESIAN_POINT('Origin',(-39.839453390422,-30.283424959539,0.));
#3021=CARTESIAN_POINT('',(-46.4971828986599,-27.7950278679603,0.));
#3022=CARTESIAN_POINT('Origin',(-60.487513756097,-27.7950278679603,0.));
#3023=CARTESIAN_POINT('',(-60.487513756097,-27.7950278679603,-2.75));
#3024=CARTESIAN_POINT('',(-27.1853675533374,-27.7950278679603,-2.75));
#3025=CARTESIAN_POINT('',(-60.487513756097,-27.7950278679603,0.));
#3026=CARTESIAN_POINT('',(-27.1853675533374,-27.7950278679603,0.));
#3027=CARTESIAN_POINT('',(-60.487513756097,-27.7950278679603,0.));
#3028=CARTESIAN_POINT('Origin',(-60.487513756097,-33.2950278679603,0.));
#3029=CARTESIAN_POINT('',(-65.987513756097,-33.2950278679603,-2.75));
#3030=CARTESIAN_POINT('Origin',(-60.487513756097,-33.2950278679603,-2.75));
#3031=CARTESIAN_POINT('',(-65.987513756097,-33.2950278679603,0.));
#3032=CARTESIAN_POINT('Origin',(-60.487513756097,-33.2950278679603,0.));
#3033=CARTESIAN_POINT('',(-65.987513756097,-33.2950278679603,0.));
#3034=CARTESIAN_POINT('Origin',(-65.987513756097,-64.2815691753603,0.));
#3035=CARTESIAN_POINT('',(-65.987513756097,-64.2815691753603,-2.75));
#3036=CARTESIAN_POINT('',(-65.987513756097,-39.7458807441032,-2.75));
#3037=CARTESIAN_POINT('',(-65.987513756097,-64.2815691753603,0.));
#3038=CARTESIAN_POINT('',(-65.987513756097,-39.7458807441032,0.));
#3039=CARTESIAN_POINT('',(-65.987513756097,-64.2815691753603,0.));
#3040=CARTESIAN_POINT('Origin',(-60.487513756097,-64.2815691753603,0.));
#3041=CARTESIAN_POINT('',(-60.487513756097,-69.7815691753603,-2.75));
#3042=CARTESIAN_POINT('Origin',(-60.487513756097,-64.2815691753603,-2.75));
#3043=CARTESIAN_POINT('',(-60.487513756097,-69.7815691753603,0.));
#3044=CARTESIAN_POINT('Origin',(-60.487513756097,-64.2815691753603,0.));
#3045=CARTESIAN_POINT('',(-60.487513756097,-69.7815691753603,0.));
#3046=CARTESIAN_POINT('Origin',(-46.4971828986599,-69.7815691753603,0.));
#3047=CARTESIAN_POINT('',(-46.4971828986599,-69.7815691753603,-2.75));
#3048=CARTESIAN_POINT('',(-20.1902021246189,-69.7815691753603,-2.75));
#3049=CARTESIAN_POINT('',(-46.4971828986599,-69.7815691753603,0.));
#3050=CARTESIAN_POINT('',(-20.1902021246189,-69.7815691753603,0.));
#3051=CARTESIAN_POINT('',(-46.4971828986599,-69.7815691753603,0.));
#3052=CARTESIAN_POINT('Origin',(-39.839453390422,-67.2931720837816,0.));
#3053=CARTESIAN_POINT('',(-33.181723882184,-69.7815691753603,-2.75));
#3054=CARTESIAN_POINT('Origin',(-39.839453390422,-67.2931720837816,-2.75));
#3055=CARTESIAN_POINT('',(-33.181723882184,-69.7815691753603,0.));
#3056=CARTESIAN_POINT('Origin',(-39.839453390422,-67.2931720837816,0.));
#3057=CARTESIAN_POINT('',(-33.181723882184,-69.7815691753603,0.));
#3058=CARTESIAN_POINT('Origin',(-5.50647953271002,-69.7815691753603,0.));
#3059=CARTESIAN_POINT('',(-5.50647953271002,-69.7815691753603,-2.75));
#3060=CARTESIAN_POINT('',(0.305149558356035,-69.7815691753603,-2.75));
#3061=CARTESIAN_POINT('',(-5.50647953271002,-69.7815691753603,0.));
#3062=CARTESIAN_POINT('',(0.305149558356035,-69.7815691753603,0.));
#3063=CARTESIAN_POINT('',(-5.50647953271002,-69.7815691753603,0.));
#3064=CARTESIAN_POINT('Origin',(1.15124997552797,-67.2931720837816,0.));
#3065=CARTESIAN_POINT('',(7.80897948376595,-69.7815691753603,-2.75));
#3066=CARTESIAN_POINT('Origin',(1.15124997552797,-67.2931720837816,-2.75));
#3067=CARTESIAN_POINT('',(7.80897948376595,-69.7815691753603,0.));
#3068=CARTESIAN_POINT('Origin',(1.15124997552797,-67.2931720837816,0.));
#3069=CARTESIAN_POINT('',(7.80897948376595,-69.7815691753603,0.));
#3070=CARTESIAN_POINT('Origin',(21.799310341203,-69.7815691753603,0.));
#3071=CARTESIAN_POINT('',(21.799310341203,-69.7815691753603,-2.75));
#3072=CARTESIAN_POINT('',(13.9580444953125,-69.7815691753603,-2.75));
#3073=CARTESIAN_POINT('',(21.799310341203,-69.7815691753603,0.));
#3074=CARTESIAN_POINT('',(13.9580444953125,-69.7815691753603,0.));
#3075=CARTESIAN_POINT('',(21.799310341203,-69.7815691753603,0.));
#3076=CARTESIAN_POINT('Origin',(21.799310341203,-64.2815691753603,0.));
#3077=CARTESIAN_POINT('Origin',(21.799310341203,-64.2815691753603,-2.75));
#3078=CARTESIAN_POINT('Origin',(21.799310341203,-64.2815691753603,0.));
#3079=CARTESIAN_POINT('Origin',(27.299310341192,72.1049721320191,0.));
#3080=CARTESIAN_POINT('',(27.299310341192,41.1184308246603,-2.75));
#3081=CARTESIAN_POINT('',(27.299310341192,72.1049721320191,-2.75));
#3082=CARTESIAN_POINT('',(27.299310341192,28.4473899095865,-2.75));
#3083=CARTESIAN_POINT('',(27.299310341192,41.1184308246603,0.));
#3084=CARTESIAN_POINT('',(27.299310341192,41.1184308246603,0.));
#3085=CARTESIAN_POINT('',(27.299310341192,72.1049721320191,0.));
#3086=CARTESIAN_POINT('',(27.299310341192,28.4473899095865,0.));
#3087=CARTESIAN_POINT('',(27.299310341192,72.1049721320191,0.));
#3088=CARTESIAN_POINT('Origin',(21.799310341192,72.1049721320191,0.));
#3089=CARTESIAN_POINT('',(21.799310341192,77.6049721320191,-2.75));
#3090=CARTESIAN_POINT('Origin',(21.799310341192,72.1049721320191,-2.75));
#3091=CARTESIAN_POINT('',(21.799310341192,77.6049721320191,0.));
#3092=CARTESIAN_POINT('Origin',(21.799310341192,72.1049721320191,0.));
#3093=CARTESIAN_POINT('',(21.799310341192,77.6049721320191,0.));
#3094=CARTESIAN_POINT('Origin',(7.80897948377367,77.6049721320191,0.));
#3095=CARTESIAN_POINT('',(7.80897948377367,77.6049721320191,-2.75));
#3096=CARTESIAN_POINT('',(6.96287906659788,77.6049721320191,-2.75));
#3097=CARTESIAN_POINT('',(7.80897948377367,77.6049721320191,0.));
#3098=CARTESIAN_POINT('',(6.96287906659788,77.6049721320191,0.));
#3099=CARTESIAN_POINT('',(7.80897948377367,77.6049721320191,0.));
#3100=CARTESIAN_POINT('Origin',(1.15124997552798,75.116575040461,0.));
#3101=CARTESIAN_POINT('',(-5.50647953271771,77.6049721320191,-2.75));
#3102=CARTESIAN_POINT('Origin',(1.15124997552798,75.116575040461,-2.75));
#3103=CARTESIAN_POINT('',(-5.50647953271771,77.6049721320191,0.));
#3104=CARTESIAN_POINT('Origin',(1.15124997552798,75.116575040461,0.));
#3105=CARTESIAN_POINT('',(-5.50647953271771,77.6049721320191,0.));
#3106=CARTESIAN_POINT('Origin',(-33.1817238821763,77.6049721320191,0.));
#3107=CARTESIAN_POINT('',(-33.1817238821763,77.6049721320191,-2.75));
#3108=CARTESIAN_POINT('',(-13.5324726163771,77.6049721320191,-2.75));
#3109=CARTESIAN_POINT('',(-33.1817238821763,77.6049721320191,0.));
#3110=CARTESIAN_POINT('',(-13.5324726163771,77.6049721320191,0.));
#3111=CARTESIAN_POINT('',(-33.1817238821763,77.6049721320191,0.));
#3112=CARTESIAN_POINT('Origin',(-39.839453390422,75.116575040461,0.));
#3113=CARTESIAN_POINT('',(-46.4971828986677,77.6049721320191,-2.75));
#3114=CARTESIAN_POINT('Origin',(-39.839453390422,75.116575040461,-2.75));
#3115=CARTESIAN_POINT('',(-46.4971828986677,77.6049721320191,0.));
#3116=CARTESIAN_POINT('Origin',(-39.839453390422,75.116575040461,0.));
#3117=CARTESIAN_POINT('',(-46.4971828986677,77.6049721320191,0.));
#3118=CARTESIAN_POINT('Origin',(-60.487513756086,77.6049721320191,0.));
#3119=CARTESIAN_POINT('',(-60.487513756086,77.6049721320191,-2.75));
#3120=CARTESIAN_POINT('',(-27.1853675533319,77.6049721320191,-2.75));
#3121=CARTESIAN_POINT('',(-60.487513756086,77.6049721320191,0.));
#3122=CARTESIAN_POINT('',(-27.1853675533319,77.6049721320191,0.));
#3123=CARTESIAN_POINT('',(-60.487513756086,77.6049721320191,0.));
#3124=CARTESIAN_POINT('Origin',(-60.487513756086,72.1049721320191,0.));
#3125=CARTESIAN_POINT('',(-65.9875137560859,72.1049721320191,-2.75));
#3126=CARTESIAN_POINT('Origin',(-60.487513756086,72.1049721320191,-2.75));
#3127=CARTESIAN_POINT('',(-65.9875137560859,72.1049721320191,0.));
#3128=CARTESIAN_POINT('Origin',(-60.487513756086,72.1049721320191,0.));
#3129=CARTESIAN_POINT('',(-65.9875137560859,72.1049721320191,0.));
#3130=CARTESIAN_POINT('Origin',(-65.9875137560859,41.1184308246604,0.));
#3131=CARTESIAN_POINT('',(-65.9875137560859,41.1184308246604,-2.75));
#3132=CARTESIAN_POINT('',(-65.9875137560859,12.9541192559071,-2.75));
#3133=CARTESIAN_POINT('',(-65.9875137560859,41.1184308246604,0.));
#3134=CARTESIAN_POINT('',(-65.9875137560859,12.9541192559071,0.));
#3135=CARTESIAN_POINT('',(-65.9875137560859,41.1184308246604,0.));
#3136=CARTESIAN_POINT('Origin',(-60.487513756086,41.1184308246603,0.));
#3137=CARTESIAN_POINT('',(-60.487513756086,35.6184308246604,-2.75));
#3138=CARTESIAN_POINT('Origin',(-60.487513756086,41.1184308246603,-2.75));
#3139=CARTESIAN_POINT('',(-60.487513756086,35.6184308246604,0.));
#3140=CARTESIAN_POINT('Origin',(-60.487513756086,41.1184308246603,0.));
#3141=CARTESIAN_POINT('',(-60.487513756086,35.6184308246604,0.));
#3142=CARTESIAN_POINT('Origin',(-46.4971828986676,35.6184308246604,0.));
#3143=CARTESIAN_POINT('',(-46.4971828986676,35.6184308246604,-2.75));
#3144=CARTESIAN_POINT('',(-20.1902021246228,35.6184308246604,-2.75));
#3145=CARTESIAN_POINT('',(-46.4971828986676,35.6184308246604,0.));
#3146=CARTESIAN_POINT('',(-20.1902021246228,35.6184308246604,0.));
#3147=CARTESIAN_POINT('',(-46.4971828986676,35.6184308246604,0.));
#3148=CARTESIAN_POINT('Origin',(-39.839453390422,38.1068279162184,0.));
#3149=CARTESIAN_POINT('',(-33.1817238821763,35.6184308246604,-2.75));
#3150=CARTESIAN_POINT('Origin',(-39.839453390422,38.1068279162184,-2.75));
#3151=CARTESIAN_POINT('',(-33.1817238821763,35.6184308246604,0.));
#3152=CARTESIAN_POINT('Origin',(-39.839453390422,38.1068279162184,0.));
#3153=CARTESIAN_POINT('',(-33.1817238821763,35.6184308246604,0.));
#3154=CARTESIAN_POINT('Origin',(-5.50647953271772,35.6184308246604,0.));
#3155=CARTESIAN_POINT('',(-5.50647953271772,35.6184308246604,-2.75));
#3156=CARTESIAN_POINT('',(0.305149558352182,35.6184308246604,-2.75));
#3157=CARTESIAN_POINT('',(-5.50647953271772,35.6184308246604,0.));
#3158=CARTESIAN_POINT('',(0.305149558352182,35.6184308246604,0.));
#3159=CARTESIAN_POINT('',(-5.50647953271772,35.6184308246604,0.));
#3160=CARTESIAN_POINT('Origin',(1.15124997552797,38.1068279162184,0.));
#3161=CARTESIAN_POINT('',(7.80897948377365,35.6184308246604,-2.75));
#3162=CARTESIAN_POINT('Origin',(1.15124997552797,38.1068279162184,-2.75));
#3163=CARTESIAN_POINT('',(7.80897948377365,35.6184308246604,0.));
#3164=CARTESIAN_POINT('Origin',(1.15124997552797,38.1068279162184,0.));
#3165=CARTESIAN_POINT('',(7.80897948377365,35.6184308246604,0.));
#3166=CARTESIAN_POINT('Origin',(21.799310341192,35.6184308246604,0.));
#3167=CARTESIAN_POINT('',(21.799310341192,35.6184308246604,-2.75));
#3168=CARTESIAN_POINT('',(13.958044495307,35.6184308246604,-2.75));
#3169=CARTESIAN_POINT('',(21.799310341192,35.6184308246604,0.));
#3170=CARTESIAN_POINT('',(13.958044495307,35.6184308246604,0.));
#3171=CARTESIAN_POINT('',(21.799310341192,35.6184308246604,0.));
#3172=CARTESIAN_POINT('Origin',(21.799310341192,41.1184308246604,0.));
#3173=CARTESIAN_POINT('Origin',(21.799310341192,41.1184308246604,-2.75));
#3174=CARTESIAN_POINT('Origin',(21.799310341192,41.1184308246604,0.));
#3175=CARTESIAN_POINT('Origin',(-46.7579046062435,125.106396854953,0.));
#3176=CARTESIAN_POINT('',(-46.7579046062435,125.106396854953,0.));
#3177=CARTESIAN_POINT('',(-47.0450379473807,98.5991847975051,0.));
#3178=CARTESIAN_POINT('',(-46.7579046062435,125.106396854953,0.));
#3179=CARTESIAN_POINT('',(-47.0450379473807,98.5991847975051,-2.75));
#3180=CARTESIAN_POINT('',(-47.0450379473807,98.5991847975051,0.));
#3181=CARTESIAN_POINT('',(-46.7579046062435,125.106396854953,-2.75));
#3182=CARTESIAN_POINT('',(-46.7579046062435,125.106396854953,-2.75));
#3183=CARTESIAN_POINT('',(-46.7579046062435,125.106396854953,0.));
#3184=CARTESIAN_POINT('Origin',(-53.7922465046147,128.717476164893,0.));
#3185=CARTESIAN_POINT('',(-53.7922465046147,128.717476164893,0.));
#3186=CARTESIAN_POINT('',(-46.7579046062435,125.106396854953,0.));
#3187=CARTESIAN_POINT('',(-53.7922465046147,128.717476164893,-2.75));
#3188=CARTESIAN_POINT('',(-46.7579046062435,125.106396854953,-2.75));
#3189=CARTESIAN_POINT('',(-53.7922465046147,128.717476164893,0.));
#3190=CARTESIAN_POINT('Ctrl Pts',(-55.1719146810334,128.758791993902,0.));
#3191=CARTESIAN_POINT('Ctrl Pts',(-55.1719146810334,128.758791993902,-2.75));
#3192=CARTESIAN_POINT('Ctrl Pts',(-55.1171917118963,128.777048718089,0.));
#3193=CARTESIAN_POINT('Ctrl Pts',(-55.1171917118963,128.777048718089,-2.75));
#3194=CARTESIAN_POINT('Ctrl Pts',(-55.0071558989349,128.80973584951,0.));
#3195=CARTESIAN_POINT('Ctrl Pts',(-55.0071558989349,128.80973584951,-2.75));
#3196=CARTESIAN_POINT('Ctrl Pts',(-54.8403345799063,128.847296033671,0.));
#3197=CARTESIAN_POINT('Ctrl Pts',(-54.8403345799063,128.847296033671,-2.75));
#3198=CARTESIAN_POINT('Ctrl Pts',(-54.6152329975027,128.875965491758,0.));
#3199=CARTESIAN_POINT('Ctrl Pts',(-54.6152329975027,128.875965491758,-2.75));
#3200=CARTESIAN_POINT('Ctrl Pts',(-54.333539702202,128.876482294273,0.));
#3201=CARTESIAN_POINT('Ctrl Pts',(-54.333539702202,128.876482294273,-2.75));
#3202=CARTESIAN_POINT('Ctrl Pts',(-54.1119261754655,128.842551057427,0.));
#3203=CARTESIAN_POINT('Ctrl Pts',(-54.1119261754655,128.842551057427,-2.75));
#3204=CARTESIAN_POINT('Ctrl Pts',(-53.9500486772995,128.791383695023,0.));
#3205=CARTESIAN_POINT('Ctrl Pts',(-53.9500486772995,128.791383695023,-2.75));
#3206=CARTESIAN_POINT('Ctrl Pts',(-53.844458776141,128.744279333712,0.));
#3207=CARTESIAN_POINT('Ctrl Pts',(-53.844458776141,128.744279333712,-2.75));
#3208=CARTESIAN_POINT('Ctrl Pts',(-53.7922465046147,128.717476164893,0.));
#3209=CARTESIAN_POINT('Ctrl Pts',(-53.7922465046147,128.717476164893,-2.75));
#3210=CARTESIAN_POINT('',(-55.1719146810334,128.758791993902,0.));
#3211=CARTESIAN_POINT('Ctrl Pts',(-55.1719146810334,128.758791993902,0.));
#3212=CARTESIAN_POINT('Ctrl Pts',(-55.1171917118963,128.777048718089,0.));
#3213=CARTESIAN_POINT('Ctrl Pts',(-55.0071558989349,128.80973584951,0.));
#3214=CARTESIAN_POINT('Ctrl Pts',(-54.8403345799063,128.847296033671,0.));
#3215=CARTESIAN_POINT('Ctrl Pts',(-54.6152329975027,128.875965491758,0.));
#3216=CARTESIAN_POINT('Ctrl Pts',(-54.333539702202,128.876482294273,0.));
#3217=CARTESIAN_POINT('Ctrl Pts',(-54.1119261754655,128.842551057427,0.));
#3218=CARTESIAN_POINT('Ctrl Pts',(-53.9500486772995,128.791383695023,0.));
#3219=CARTESIAN_POINT('Ctrl Pts',(-53.844458776141,128.744279333712,0.));
#3220=CARTESIAN_POINT('Ctrl Pts',(-53.7922465046147,128.717476164893,0.));
#3221=CARTESIAN_POINT('',(-55.1719146810334,128.758791993902,-2.75));
#3222=CARTESIAN_POINT('Ctrl Pts',(-55.1719146810334,128.758791993902,-2.75));
#3223=CARTESIAN_POINT('Ctrl Pts',(-55.1171917118963,128.777048718089,-2.75));
#3224=CARTESIAN_POINT('Ctrl Pts',(-55.0071558989349,128.80973584951,-2.75));
#3225=CARTESIAN_POINT('Ctrl Pts',(-54.8403345799063,128.847296033671,-2.75));
#3226=CARTESIAN_POINT('Ctrl Pts',(-54.6152329975027,128.875965491758,-2.75));
#3227=CARTESIAN_POINT('Ctrl Pts',(-54.333539702202,128.876482294273,-2.75));
#3228=CARTESIAN_POINT('Ctrl Pts',(-54.1119261754655,128.842551057427,-2.75));
#3229=CARTESIAN_POINT('Ctrl Pts',(-53.9500486772995,128.791383695023,-2.75));
#3230=CARTESIAN_POINT('Ctrl Pts',(-53.844458776141,128.744279333712,-2.75));
#3231=CARTESIAN_POINT('Ctrl Pts',(-53.7922465046147,128.717476164893,-2.75));
#3232=CARTESIAN_POINT('',(-55.1719146810334,128.758791993902,0.));
#3233=CARTESIAN_POINT('Ctrl Pts',(-105.827915005527,150.385756533168,0.));
#3234=CARTESIAN_POINT('Ctrl Pts',(-105.827915005527,150.385756533168,-2.75));
#3235=CARTESIAN_POINT('Ctrl Pts',(-105.081905857388,149.827024707489,0.));
#3236=CARTESIAN_POINT('Ctrl Pts',(-105.081905857388,149.827024707489,-2.75));
#3237=CARTESIAN_POINT('Ctrl Pts',(-103.626846022203,148.731022492407,0.));
#3238=CARTESIAN_POINT('Ctrl Pts',(-103.626846022203,148.731022492407,-2.75));
#3239=CARTESIAN_POINT('Ctrl Pts',(-101.555128843032,147.151402075864,0.));
#3240=CARTESIAN_POINT('Ctrl Pts',(-101.555128843032,147.151402075864,-2.75));
#3241=CARTESIAN_POINT('Ctrl Pts',(-99.0027052012753,145.170637623009,0.));
#3242=CARTESIAN_POINT('Ctrl Pts',(-99.0027052012753,145.170637623009,-2.75));
#3243=CARTESIAN_POINT('Ctrl Pts',(-96.09226167236,142.884914149369,0.));
#3244=CARTESIAN_POINT('Ctrl Pts',(-96.09226167236,142.884914149369,-2.75));
#3245=CARTESIAN_POINT('Ctrl Pts',(-93.3713449814245,140.766814880731,0.));
#3246=CARTESIAN_POINT('Ctrl Pts',(-93.3713449814245,140.766814880731,-2.75));
#3247=CARTESIAN_POINT('Ctrl Pts',(-90.7463044651796,138.795686106115,0.));
#3248=CARTESIAN_POINT('Ctrl Pts',(-90.7463044651796,138.795686106115,-2.75));
#3249=CARTESIAN_POINT('Ctrl Pts',(-88.1399089886725,136.959609413903,0.));
#3250=CARTESIAN_POINT('Ctrl Pts',(-88.1399089886725,136.959609413903,-2.75));
#3251=CARTESIAN_POINT('Ctrl Pts',(-85.5065542952448,135.259664183807,0.));
#3252=CARTESIAN_POINT('Ctrl Pts',(-85.5065542952448,135.259664183807,-2.75));
#3253=CARTESIAN_POINT('Ctrl Pts',(-82.8585120963552,133.720260663354,0.));
#3254=CARTESIAN_POINT('Ctrl Pts',(-82.8585120963552,133.720260663354,-2.75));
#3255=CARTESIAN_POINT('Ctrl Pts',(-80.2575476648518,132.380482882087,0.));
#3256=CARTESIAN_POINT('Ctrl Pts',(-80.2575476648518,132.380482882087,-2.75));
#3257=CARTESIAN_POINT('Ctrl Pts',(-77.7712033535186,131.27201485852,0.));
#3258=CARTESIAN_POINT('Ctrl Pts',(-77.7712033535186,131.27201485852,-2.75));
#3259=CARTESIAN_POINT('Ctrl Pts',(-75.423994845911,130.38458040307,0.));
#3260=CARTESIAN_POINT('Ctrl Pts',(-75.423994845911,130.38458040307,-2.75));
#3261=CARTESIAN_POINT('Ctrl Pts',(-73.1806244408803,129.66951315185,0.));
#3262=CARTESIAN_POINT('Ctrl Pts',(-73.1806244408803,129.66951315185,-2.75));
#3263=CARTESIAN_POINT('Ctrl Pts',(-70.8373005198108,128.940109048282,0.));
#3264=CARTESIAN_POINT('Ctrl Pts',(-70.8373005198108,128.940109048282,-2.75));
#3265=CARTESIAN_POINT('Ctrl Pts',(-68.3197359233648,128.241159961286,0.));
#3266=CARTESIAN_POINT('Ctrl Pts',(-68.3197359233648,128.241159961286,-2.75));
#3267=CARTESIAN_POINT('Ctrl Pts',(-65.6664886834932,127.727857501565,0.));
#3268=CARTESIAN_POINT('Ctrl Pts',(-65.6664886834932,127.727857501565,-2.75));
#3269=CARTESIAN_POINT('Ctrl Pts',(-62.9896527772416,127.549207001328,0.));
#3270=CARTESIAN_POINT('Ctrl Pts',(-62.9896527772416,127.549207001328,-2.75));
#3271=CARTESIAN_POINT('Ctrl Pts',(-60.4588649677163,127.719208698858,0.));
#3272=CARTESIAN_POINT('Ctrl Pts',(-60.4588649677163,127.719208698858,-2.75));
#3273=CARTESIAN_POINT('Ctrl Pts',(-58.2556919819778,128.01720139029,0.));
#3274=CARTESIAN_POINT('Ctrl Pts',(-58.2556919819778,128.01720139029,-2.75));
#3275=CARTESIAN_POINT('Ctrl Pts',(-56.8112079775036,128.302557875397,0.));
#3276=CARTESIAN_POINT('Ctrl Pts',(-56.8112079775036,128.302557875397,-2.75));
#3277=CARTESIAN_POINT('Ctrl Pts',(-55.9181185728612,128.526287580574,0.));
#3278=CARTESIAN_POINT('Ctrl Pts',(-55.9181185728612,128.526287580574,-2.75));
#3279=CARTESIAN_POINT('Ctrl Pts',(-55.4066503894948,128.680479264278,0.));
#3280=CARTESIAN_POINT('Ctrl Pts',(-55.4066503894948,128.680479264278,-2.75));
#3281=CARTESIAN_POINT('Ctrl Pts',(-55.1719146810334,128.758791993902,0.));
#3282=CARTESIAN_POINT('Ctrl Pts',(-55.1719146810334,128.758791993902,-2.75));
#3283=CARTESIAN_POINT('',(-105.827915005527,150.385756533168,0.));
#3284=CARTESIAN_POINT('Ctrl Pts',(-55.1719146810334,128.758791993902,0.));
#3285=CARTESIAN_POINT('Ctrl Pts',(-55.4066503894948,128.680479264278,0.));
#3286=CARTESIAN_POINT('Ctrl Pts',(-55.9181185728612,128.526287580574,0.));
#3287=CARTESIAN_POINT('Ctrl Pts',(-56.8112079775036,128.302557875397,0.));
#3288=CARTESIAN_POINT('Ctrl Pts',(-58.2556919819778,128.01720139029,0.));
#3289=CARTESIAN_POINT('Ctrl Pts',(-60.4588649677163,127.719208698858,0.));
#3290=CARTESIAN_POINT('Ctrl Pts',(-62.9896527772416,127.549207001328,0.));
#3291=CARTESIAN_POINT('Ctrl Pts',(-65.6664886834932,127.727857501565,0.));
#3292=CARTESIAN_POINT('Ctrl Pts',(-68.3197359233648,128.241159961286,0.));
#3293=CARTESIAN_POINT('Ctrl Pts',(-70.8373005198108,128.940109048282,0.));
#3294=CARTESIAN_POINT('Ctrl Pts',(-73.1806244408803,129.66951315185,0.));
#3295=CARTESIAN_POINT('Ctrl Pts',(-75.423994845911,130.38458040307,0.));
#3296=CARTESIAN_POINT('Ctrl Pts',(-77.7712033535186,131.27201485852,0.));
#3297=CARTESIAN_POINT('Ctrl Pts',(-80.2575476648518,132.380482882087,0.));
#3298=CARTESIAN_POINT('Ctrl Pts',(-82.8585120963552,133.720260663354,0.));
#3299=CARTESIAN_POINT('Ctrl Pts',(-85.5065542952448,135.259664183807,0.));
#3300=CARTESIAN_POINT('Ctrl Pts',(-88.1399089886725,136.959609413903,0.));
#3301=CARTESIAN_POINT('Ctrl Pts',(-90.7463044651796,138.795686106115,0.));
#3302=CARTESIAN_POINT('Ctrl Pts',(-93.3713449814245,140.766814880731,0.));
#3303=CARTESIAN_POINT('Ctrl Pts',(-96.09226167236,142.884914149369,0.));
#3304=CARTESIAN_POINT('Ctrl Pts',(-99.0027052012753,145.170637623009,0.));
#3305=CARTESIAN_POINT('Ctrl Pts',(-101.555128843032,147.151402075864,0.));
#3306=CARTESIAN_POINT('Ctrl Pts',(-103.626846022203,148.731022492407,0.));
#3307=CARTESIAN_POINT('Ctrl Pts',(-105.081905857388,149.827024707489,0.));
#3308=CARTESIAN_POINT('Ctrl Pts',(-105.827915005527,150.385756533168,0.));
#3309=CARTESIAN_POINT('',(-105.827915005527,150.385756533168,-2.75));
#3310=CARTESIAN_POINT('Ctrl Pts',(-105.827915005527,150.385756533168,-2.75));
#3311=CARTESIAN_POINT('Ctrl Pts',(-105.081905857388,149.827024707489,-2.75));
#3312=CARTESIAN_POINT('Ctrl Pts',(-103.626846022203,148.731022492407,-2.75));
#3313=CARTESIAN_POINT('Ctrl Pts',(-101.555128843032,147.151402075864,-2.75));
#3314=CARTESIAN_POINT('Ctrl Pts',(-99.0027052012753,145.170637623009,-2.75));
#3315=CARTESIAN_POINT('Ctrl Pts',(-96.09226167236,142.884914149369,-2.75));
#3316=CARTESIAN_POINT('Ctrl Pts',(-93.3713449814245,140.766814880731,-2.75));
#3317=CARTESIAN_POINT('Ctrl Pts',(-90.7463044651796,138.795686106115,-2.75));
#3318=CARTESIAN_POINT('Ctrl Pts',(-88.1399089886725,136.959609413903,-2.75));
#3319=CARTESIAN_POINT('Ctrl Pts',(-85.5065542952448,135.259664183807,-2.75));
#3320=CARTESIAN_POINT('Ctrl Pts',(-82.8585120963552,133.720260663354,-2.75));
#3321=CARTESIAN_POINT('Ctrl Pts',(-80.2575476648518,132.380482882087,-2.75));
#3322=CARTESIAN_POINT('Ctrl Pts',(-77.7712033535186,131.27201485852,-2.75));
#3323=CARTESIAN_POINT('Ctrl Pts',(-75.423994845911,130.38458040307,-2.75));
#3324=CARTESIAN_POINT('Ctrl Pts',(-73.1806244408803,129.66951315185,-2.75));
#3325=CARTESIAN_POINT('Ctrl Pts',(-70.8373005198108,128.940109048282,-2.75));
#3326=CARTESIAN_POINT('Ctrl Pts',(-68.3197359233648,128.241159961286,-2.75));
#3327=CARTESIAN_POINT('Ctrl Pts',(-65.6664886834932,127.727857501565,-2.75));
#3328=CARTESIAN_POINT('Ctrl Pts',(-62.9896527772416,127.549207001328,-2.75));
#3329=CARTESIAN_POINT('Ctrl Pts',(-60.4588649677163,127.719208698858,-2.75));
#3330=CARTESIAN_POINT('Ctrl Pts',(-58.2556919819778,128.01720139029,-2.75));
#3331=CARTESIAN_POINT('Ctrl Pts',(-56.8112079775036,128.302557875397,-2.75));
#3332=CARTESIAN_POINT('Ctrl Pts',(-55.9181185728612,128.526287580574,-2.75));
#3333=CARTESIAN_POINT('Ctrl Pts',(-55.4066503894948,128.680479264278,-2.75));
#3334=CARTESIAN_POINT('Ctrl Pts',(-55.1719146810334,128.758791993902,-2.75));
#3335=CARTESIAN_POINT('',(-105.827915005527,150.385756533168,0.));
#3336=CARTESIAN_POINT('Ctrl Pts',(-56.1449886723466,-108.785448413075,0.));
#3337=CARTESIAN_POINT('Ctrl Pts',(-56.1449886723466,-108.785448413075,-2.75));
#3338=CARTESIAN_POINT('Ctrl Pts',(-56.6965144346687,-108.779212569029,0.));
#3339=CARTESIAN_POINT('Ctrl Pts',(-56.6965144346687,-108.779212569029,-2.75));
#3340=CARTESIAN_POINT('Ctrl Pts',(-57.8057456104094,-108.713245628452,0.));
#3341=CARTESIAN_POINT('Ctrl Pts',(-57.8057456104094,-108.713245628452,-2.75));
#3342=CARTESIAN_POINT('Ctrl Pts',(-59.4873421634716,-108.454025049457,0.));
#3343=CARTESIAN_POINT('Ctrl Pts',(-59.4873421634716,-108.454025049457,-2.75));
#3344=CARTESIAN_POINT('Ctrl Pts',(-61.7837066112965,-107.757454490201,0.));
#3345=CARTESIAN_POINT('Ctrl Pts',(-61.7837066112965,-107.757454490201,-2.75));
#3346=CARTESIAN_POINT('Ctrl Pts',(-64.7024200571162,-106.195316296632,0.));
#3347=CARTESIAN_POINT('Ctrl Pts',(-64.7024200571162,-106.195316296632,-2.75));
#3348=CARTESIAN_POINT('Ctrl Pts',(-67.5522591538711,-103.872389294518,0.));
#3349=CARTESIAN_POINT('Ctrl Pts',(-67.5522591538711,-103.872389294518,-2.75));
#3350=CARTESIAN_POINT('Ctrl Pts',(-69.7682092351716,-100.929695231958,0.));
#3351=CARTESIAN_POINT('Ctrl Pts',(-69.7682092351716,-100.929695231958,-2.75));
#3352=CARTESIAN_POINT('Ctrl Pts',(-71.2230064023065,-97.5542947171471,0.));
#3353=CARTESIAN_POINT('Ctrl Pts',(-71.2230064023065,-97.5542947171471,-2.75));
#3354=CARTESIAN_POINT('Ctrl Pts',(-72.1833609277041,-93.8758329282148,0.));
#3355=CARTESIAN_POINT('Ctrl Pts',(-72.1833609277041,-93.8758329282148,-2.75));
#3356=CARTESIAN_POINT('Ctrl Pts',(-72.9866314871999,-89.9658729450254,0.));
#3357=CARTESIAN_POINT('Ctrl Pts',(-72.9866314871999,-89.9658729450254,-2.75));
#3358=CARTESIAN_POINT('Ctrl Pts',(-73.8018564262827,-85.7791772133545,0.));
#3359=CARTESIAN_POINT('Ctrl Pts',(-73.8018564262827,-85.7791772133545,-2.75));
#3360=CARTESIAN_POINT('Ctrl Pts',(-74.430313747589,-81.1513910958328,0.));
#3361=CARTESIAN_POINT('Ctrl Pts',(-74.430313747589,-81.1513910958328,-2.75));
#3362=CARTESIAN_POINT('Ctrl Pts',(-74.879486841093,-76.0179373095777,0.));
#3363=CARTESIAN_POINT('Ctrl Pts',(-74.879486841093,-76.0179373095777,-2.75));
#3364=CARTESIAN_POINT('Ctrl Pts',(-75.1808080260869,-70.3710238740816,0.));
#3365=CARTESIAN_POINT('Ctrl Pts',(-75.1808080260869,-70.3710238740816,-2.75));
#3366=CARTESIAN_POINT('Ctrl Pts',(-75.4162802880057,-64.2788508596713,0.));
#3367=CARTESIAN_POINT('Ctrl Pts',(-75.4162802880057,-64.2788508596713,-2.75));
#3368=CARTESIAN_POINT('Ctrl Pts',(-75.6448992023558,-57.8956009228372,0.));
#3369=CARTESIAN_POINT('Ctrl Pts',(-75.6448992023558,-57.8956009228372,-2.75));
#3370=CARTESIAN_POINT('Ctrl Pts',(-75.9075091349346,-51.4391256063484,0.));
#3371=CARTESIAN_POINT('Ctrl Pts',(-75.9075091349346,-51.4391256063484,-2.75));
#3372=CARTESIAN_POINT('Ctrl Pts',(-76.1139720484893,-45.2687042699603,0.));
#3373=CARTESIAN_POINT('Ctrl Pts',(-76.1139720484893,-45.2687042699603,-2.75));
#3374=CARTESIAN_POINT('Ctrl Pts',(-76.2088447816774,-39.6863823745232,0.));
#3375=CARTESIAN_POINT('Ctrl Pts',(-76.2088447816774,-39.6863823745232,-2.75));
#3376=CARTESIAN_POINT('Ctrl Pts',(-76.3082169913978,-34.7802647067293,0.));
#3377=CARTESIAN_POINT('Ctrl Pts',(-76.3082169913978,-34.7802647067293,-2.75));
#3378=CARTESIAN_POINT('Ctrl Pts',(-76.5562571602656,-30.5474013297569,0.));
#3379=CARTESIAN_POINT('Ctrl Pts',(-76.5562571602656,-30.5474013297569,-2.75));
#3380=CARTESIAN_POINT('Ctrl Pts',(-77.0437746547145,-26.9704339537395,0.));
#3381=CARTESIAN_POINT('Ctrl Pts',(-77.0437746547145,-26.9704339537395,-2.75));
#3382=CARTESIAN_POINT('Ctrl Pts',(-77.7921377947592,-23.9861622541459,0.));
#3383=CARTESIAN_POINT('Ctrl Pts',(-77.7921377947592,-23.9861622541459,-2.75));
#3384=CARTESIAN_POINT('Ctrl Pts',(-78.4788269509052,-21.8219501901949,0.));
#3385=CARTESIAN_POINT('Ctrl Pts',(-78.4788269509052,-21.8219501901949,-2.75));
#3386=CARTESIAN_POINT('Ctrl Pts',(-79.2756073627145,-19.7430416534823,0.));
#3387=CARTESIAN_POINT('Ctrl Pts',(-79.2756073627145,-19.7430416534823,-2.75));
#3388=CARTESIAN_POINT('Ctrl Pts',(-80.577769923613,-16.6706406900432,0.));
#3389=CARTESIAN_POINT('Ctrl Pts',(-80.577769923613,-16.6706406900432,-2.75));
#3390=CARTESIAN_POINT('Ctrl Pts',(-82.575510235751,-12.0378385111332,0.));
#3391=CARTESIAN_POINT('Ctrl Pts',(-82.575510235751,-12.0378385111332,-2.75));
#3392=CARTESIAN_POINT('Ctrl Pts',(-85.0061581823135,-6.29563948228537,0.));
#3393=CARTESIAN_POINT('Ctrl Pts',(-85.0061581823135,-6.29563948228537,-2.75));
#3394=CARTESIAN_POINT('Ctrl Pts',(-87.7451306110769,0.38817821393597,0.));
#3395=CARTESIAN_POINT('Ctrl Pts',(-87.7451306110769,0.38817821393597,-2.75));
#3396=CARTESIAN_POINT('Ctrl Pts',(-90.6558923493802,7.79751065182702,0.));
#3397=CARTESIAN_POINT('Ctrl Pts',(-90.6558923493802,7.79751065182702,-2.75));
#3398=CARTESIAN_POINT('Ctrl Pts',(-93.6452814625509,15.7909288363331,0.));
#3399=CARTESIAN_POINT('Ctrl Pts',(-93.6452814625509,15.7909288363331,-2.75));
#3400=CARTESIAN_POINT('Ctrl Pts',(-96.6350872144399,24.2391195741917,0.));
#3401=CARTESIAN_POINT('Ctrl Pts',(-96.6350872144399,24.2391195741917,-2.75));
#3402=CARTESIAN_POINT('Ctrl Pts',(-99.5695428918409,33.04187204172,0.));
#3403=CARTESIAN_POINT('Ctrl Pts',(-99.5695428918409,33.04187204172,-2.75));
#3404=CARTESIAN_POINT('Ctrl Pts',(-102.407406337966,42.1108276515393,0.));
#3405=CARTESIAN_POINT('Ctrl Pts',(-102.407406337966,42.1108276515393,-2.75));
#3406=CARTESIAN_POINT('Ctrl Pts',(-105.120721535176,51.3671174273865,0.));
#3407=CARTESIAN_POINT('Ctrl Pts',(-105.120721535176,51.3671174273865,-2.75));
#3408=CARTESIAN_POINT('Ctrl Pts',(-107.690724357672,60.7323407489484,0.));
#3409=CARTESIAN_POINT('Ctrl Pts',(-107.690724357672,60.7323407489484,-2.75));
#3410=CARTESIAN_POINT('Ctrl Pts',(-110.105033068439,70.1230388240425,0.));
#3411=CARTESIAN_POINT('Ctrl Pts',(-110.105033068439,70.1230388240425,-2.75));
#3412=CARTESIAN_POINT('Ctrl Pts',(-112.354227564019,79.4420498335733,0.));
#3413=CARTESIAN_POINT('Ctrl Pts',(-112.354227564019,79.4420498335733,-2.75));
#3414=CARTESIAN_POINT('Ctrl Pts',(-114.429300071221,88.5808697529356,0.));
#3415=CARTESIAN_POINT('Ctrl Pts',(-114.429300071221,88.5808697529356,-2.75));
#3416=CARTESIAN_POINT('Ctrl Pts',(-116.319498831993,97.425510783359,0.));
#3417=CARTESIAN_POINT('Ctrl Pts',(-116.319498831993,97.425510783359,-2.75));
#3418=CARTESIAN_POINT('Ctrl Pts',(-118.009607516416,105.861349292281,0.));
#3419=CARTESIAN_POINT('Ctrl Pts',(-118.009607516416,105.861349292281,-2.75));
#3420=CARTESIAN_POINT('Ctrl Pts',(-119.478444178046,113.778115432281,0.));
#3421=CARTESIAN_POINT('Ctrl Pts',(-119.478444178046,113.778115432281,-2.75));
#3422=CARTESIAN_POINT('Ctrl Pts',(-120.694544315347,121.075480165653,0.));
#3423=CARTESIAN_POINT('Ctrl Pts',(-120.694544315347,121.075480165653,-2.75));
#3424=CARTESIAN_POINT('Ctrl Pts',(-121.618339634984,127.666918330756,0.));
#3425=CARTESIAN_POINT('Ctrl Pts',(-121.618339634984,127.666918330756,-2.75));
#3426=CARTESIAN_POINT('Ctrl Pts',(-122.189210851065,133.487828756373,0.));
#3427=CARTESIAN_POINT('Ctrl Pts',(-122.189210851065,133.487828756373,-2.75));
#3428=CARTESIAN_POINT('Ctrl Pts',(-122.347745769698,138.493775249436,0.));
#3429=CARTESIAN_POINT('Ctrl Pts',(-122.347745769698,138.493775249436,-2.75));
#3430=CARTESIAN_POINT('Ctrl Pts',(-121.973110942796,142.68270577821,0.));
#3431=CARTESIAN_POINT('Ctrl Pts',(-121.973110942796,142.68270577821,-2.75));
#3432=CARTESIAN_POINT('Ctrl Pts',(-121.090007815246,146.041378120335,0.));
#3433=CARTESIAN_POINT('Ctrl Pts',(-121.090007815246,146.041378120335,-2.75));
#3434=CARTESIAN_POINT('Ctrl Pts',(-119.846172385336,148.564487849482,0.));
#3435=CARTESIAN_POINT('Ctrl Pts',(-119.846172385336,148.564487849482,-2.75));
#3436=CARTESIAN_POINT('Ctrl Pts',(-118.402255078721,150.293504601425,0.));
#3437=CARTESIAN_POINT('Ctrl Pts',(-118.402255078721,150.293504601425,-2.75));
#3438=CARTESIAN_POINT('Ctrl Pts',(-116.843345925012,151.360201448853,0.));
#3439=CARTESIAN_POINT('Ctrl Pts',(-116.843345925012,151.360201448853,-2.75));
#3440=CARTESIAN_POINT('Ctrl Pts',(-115.125467599178,151.990287255433,0.));
#3441=CARTESIAN_POINT('Ctrl Pts',(-115.125467599178,151.990287255433,-2.75));
#3442=CARTESIAN_POINT('Ctrl Pts',(-113.205866968663,152.360512545469,0.));
#3443=CARTESIAN_POINT('Ctrl Pts',(-113.205866968663,152.360512545469,-2.75));
#3444=CARTESIAN_POINT('Ctrl Pts',(-111.160472318211,152.456406354393,0.));
#3445=CARTESIAN_POINT('Ctrl Pts',(-111.160472318211,152.456406354393,-2.75));
#3446=CARTESIAN_POINT('Ctrl Pts',(-109.143484045523,152.167389827617,0.));
#3447=CARTESIAN_POINT('Ctrl Pts',(-109.143484045523,152.167389827617,-2.75));
#3448=CARTESIAN_POINT('Ctrl Pts',(-107.673308983945,151.605619055336,0.));
#3449=CARTESIAN_POINT('Ctrl Pts',(-107.673308983945,151.605619055336,-2.75));
#3450=CARTESIAN_POINT('Ctrl Pts',(-106.696847003681,151.042832919137,0.));
#3451=CARTESIAN_POINT('Ctrl Pts',(-106.696847003681,151.042832919137,-2.75));
#3452=CARTESIAN_POINT('Ctrl Pts',(-106.107321087376,150.613742008546,0.));
#3453=CARTESIAN_POINT('Ctrl Pts',(-106.107321087376,150.613742008546,-2.75));
#3454=CARTESIAN_POINT('Ctrl Pts',(-105.827915005527,150.385756533168,0.));
#3455=CARTESIAN_POINT('Ctrl Pts',(-105.827915005527,150.385756533168,-2.75));
#3456=CARTESIAN_POINT('',(-56.1449886723466,-108.785448413075,0.));
#3457=CARTESIAN_POINT('Ctrl Pts',(-105.827915005527,150.385756533168,0.));
#3458=CARTESIAN_POINT('Ctrl Pts',(-106.107321087376,150.613742008546,0.));
#3459=CARTESIAN_POINT('Ctrl Pts',(-106.696847003681,151.042832919137,0.));
#3460=CARTESIAN_POINT('Ctrl Pts',(-107.673308983945,151.605619055336,0.));
#3461=CARTESIAN_POINT('Ctrl Pts',(-109.143484045523,152.167389827617,0.));
#3462=CARTESIAN_POINT('Ctrl Pts',(-111.160472318211,152.456406354393,0.));
#3463=CARTESIAN_POINT('Ctrl Pts',(-113.205866968663,152.360512545469,0.));
#3464=CARTESIAN_POINT('Ctrl Pts',(-115.125467599178,151.990287255433,0.));
#3465=CARTESIAN_POINT('Ctrl Pts',(-116.843345925012,151.360201448853,0.));
#3466=CARTESIAN_POINT('Ctrl Pts',(-118.402255078721,150.293504601425,0.));
#3467=CARTESIAN_POINT('Ctrl Pts',(-119.846172385336,148.564487849482,0.));
#3468=CARTESIAN_POINT('Ctrl Pts',(-121.090007815246,146.041378120335,0.));
#3469=CARTESIAN_POINT('Ctrl Pts',(-121.973110942796,142.68270577821,0.));
#3470=CARTESIAN_POINT('Ctrl Pts',(-122.347745769698,138.493775249436,0.));
#3471=CARTESIAN_POINT('Ctrl Pts',(-122.189210851065,133.487828756373,0.));
#3472=CARTESIAN_POINT('Ctrl Pts',(-121.618339634984,127.666918330756,0.));
#3473=CARTESIAN_POINT('Ctrl Pts',(-120.694544315347,121.075480165653,0.));
#3474=CARTESIAN_POINT('Ctrl Pts',(-119.478444178046,113.778115432281,0.));
#3475=CARTESIAN_POINT('Ctrl Pts',(-118.009607516416,105.861349292281,0.));
#3476=CARTESIAN_POINT('Ctrl Pts',(-116.319498831993,97.425510783359,0.));
#3477=CARTESIAN_POINT('Ctrl Pts',(-114.429300071221,88.5808697529356,0.));
#3478=CARTESIAN_POINT('Ctrl Pts',(-112.354227564019,79.4420498335733,0.));
#3479=CARTESIAN_POINT('Ctrl Pts',(-110.105033068439,70.1230388240425,0.));
#3480=CARTESIAN_POINT('Ctrl Pts',(-107.690724357672,60.7323407489484,0.));
#3481=CARTESIAN_POINT('Ctrl Pts',(-105.120721535176,51.3671174273865,0.));
#3482=CARTESIAN_POINT('Ctrl Pts',(-102.407406337966,42.1108276515393,0.));
#3483=CARTESIAN_POINT('Ctrl Pts',(-99.5695428918409,33.04187204172,0.));
#3484=CARTESIAN_POINT('Ctrl Pts',(-96.6350872144399,24.2391195741917,0.));
#3485=CARTESIAN_POINT('Ctrl Pts',(-93.6452814625509,15.7909288363331,0.));
#3486=CARTESIAN_POINT('Ctrl Pts',(-90.6558923493802,7.79751065182702,0.));
#3487=CARTESIAN_POINT('Ctrl Pts',(-87.7451306110769,0.38817821393597,0.));
#3488=CARTESIAN_POINT('Ctrl Pts',(-85.0061581823135,-6.29563948228537,0.));
#3489=CARTESIAN_POINT('Ctrl Pts',(-82.575510235751,-12.0378385111332,0.));
#3490=CARTESIAN_POINT('Ctrl Pts',(-80.577769923613,-16.6706406900432,0.));
#3491=CARTESIAN_POINT('Ctrl Pts',(-79.2756073627145,-19.7430416534823,0.));
#3492=CARTESIAN_POINT('Ctrl Pts',(-78.4788269509052,-21.8219501901949,0.));
#3493=CARTESIAN_POINT('Ctrl Pts',(-77.7921377947592,-23.9861622541459,0.));
#3494=CARTESIAN_POINT('Ctrl Pts',(-77.0437746547145,-26.9704339537395,0.));
#3495=CARTESIAN_POINT('Ctrl Pts',(-76.5562571602656,-30.5474013297569,0.));
#3496=CARTESIAN_POINT('Ctrl Pts',(-76.3082169913978,-34.7802647067293,0.));
#3497=CARTESIAN_POINT('Ctrl Pts',(-76.2088447816774,-39.6863823745232,0.));
#3498=CARTESIAN_POINT('Ctrl Pts',(-76.1139720484893,-45.2687042699603,0.));
#3499=CARTESIAN_POINT('Ctrl Pts',(-75.9075091349346,-51.4391256063484,0.));
#3500=CARTESIAN_POINT('Ctrl Pts',(-75.6448992023558,-57.8956009228372,0.));
#3501=CARTESIAN_POINT('Ctrl Pts',(-75.4162802880057,-64.2788508596713,0.));
#3502=CARTESIAN_POINT('Ctrl Pts',(-75.1808080260869,-70.3710238740816,0.));
#3503=CARTESIAN_POINT('Ctrl Pts',(-74.879486841093,-76.0179373095777,0.));
#3504=CARTESIAN_POINT('Ctrl Pts',(-74.430313747589,-81.1513910958328,0.));
#3505=CARTESIAN_POINT('Ctrl Pts',(-73.8018564262827,-85.7791772133545,0.));
#3506=CARTESIAN_POINT('Ctrl Pts',(-72.9866314871999,-89.9658729450254,0.));
#3507=CARTESIAN_POINT('Ctrl Pts',(-72.1833609277041,-93.8758329282148,0.));
#3508=CARTESIAN_POINT('Ctrl Pts',(-71.2230064023065,-97.5542947171471,0.));
#3509=CARTESIAN_POINT('Ctrl Pts',(-69.7682092351716,-100.929695231958,0.));
#3510=CARTESIAN_POINT('Ctrl Pts',(-67.5522591538711,-103.872389294518,0.));
#3511=CARTESIAN_POINT('Ctrl Pts',(-64.7024200571162,-106.195316296632,0.));
#3512=CARTESIAN_POINT('Ctrl Pts',(-61.7837066112965,-107.757454490201,0.));
#3513=CARTESIAN_POINT('Ctrl Pts',(-59.4873421634716,-108.454025049457,0.));
#3514=CARTESIAN_POINT('Ctrl Pts',(-57.8057456104094,-108.713245628452,0.));
#3515=CARTESIAN_POINT('Ctrl Pts',(-56.6965144346687,-108.779212569029,0.));
#3516=CARTESIAN_POINT('Ctrl Pts',(-56.1449886723466,-108.785448413075,0.));
#3517=CARTESIAN_POINT('',(-56.1449886723466,-108.785448413075,-2.75));
#3518=CARTESIAN_POINT('Ctrl Pts',(-56.1449886723466,-108.785448413075,-2.75));
#3519=CARTESIAN_POINT('Ctrl Pts',(-56.6965144346687,-108.779212569029,-2.75));
#3520=CARTESIAN_POINT('Ctrl Pts',(-57.8057456104094,-108.713245628452,-2.75));
#3521=CARTESIAN_POINT('Ctrl Pts',(-59.4873421634716,-108.454025049457,-2.75));
#3522=CARTESIAN_POINT('Ctrl Pts',(-61.7837066112965,-107.757454490201,-2.75));
#3523=CARTESIAN_POINT('Ctrl Pts',(-64.7024200571162,-106.195316296632,-2.75));
#3524=CARTESIAN_POINT('Ctrl Pts',(-67.5522591538711,-103.872389294518,-2.75));
#3525=CARTESIAN_POINT('Ctrl Pts',(-69.7682092351716,-100.929695231958,-2.75));
#3526=CARTESIAN_POINT('Ctrl Pts',(-71.2230064023065,-97.5542947171471,-2.75));
#3527=CARTESIAN_POINT('Ctrl Pts',(-72.1833609277041,-93.8758329282148,-2.75));
#3528=CARTESIAN_POINT('Ctrl Pts',(-72.9866314871999,-89.9658729450254,-2.75));
#3529=CARTESIAN_POINT('Ctrl Pts',(-73.8018564262827,-85.7791772133545,-2.75));
#3530=CARTESIAN_POINT('Ctrl Pts',(-74.430313747589,-81.1513910958328,-2.75));
#3531=CARTESIAN_POINT('Ctrl Pts',(-74.879486841093,-76.0179373095777,-2.75));
#3532=CARTESIAN_POINT('Ctrl Pts',(-75.1808080260869,-70.3710238740816,-2.75));
#3533=CARTESIAN_POINT('Ctrl Pts',(-75.4162802880057,-64.2788508596713,-2.75));
#3534=CARTESIAN_POINT('Ctrl Pts',(-75.6448992023558,-57.8956009228372,-2.75));
#3535=CARTESIAN_POINT('Ctrl Pts',(-75.9075091349346,-51.4391256063484,-2.75));
#3536=CARTESIAN_POINT('Ctrl Pts',(-76.1139720484893,-45.2687042699603,-2.75));
#3537=CARTESIAN_POINT('Ctrl Pts',(-76.2088447816774,-39.6863823745232,-2.75));
#3538=CARTESIAN_POINT('Ctrl Pts',(-76.3082169913978,-34.7802647067293,-2.75));
#3539=CARTESIAN_POINT('Ctrl Pts',(-76.5562571602656,-30.5474013297569,-2.75));
#3540=CARTESIAN_POINT('Ctrl Pts',(-77.0437746547145,-26.9704339537395,-2.75));
#3541=CARTESIAN_POINT('Ctrl Pts',(-77.7921377947592,-23.9861622541459,-2.75));
#3542=CARTESIAN_POINT('Ctrl Pts',(-78.4788269509052,-21.8219501901949,-2.75));
#3543=CARTESIAN_POINT('Ctrl Pts',(-79.2756073627145,-19.7430416534823,-2.75));
#3544=CARTESIAN_POINT('Ctrl Pts',(-80.577769923613,-16.6706406900432,-2.75));
#3545=CARTESIAN_POINT('Ctrl Pts',(-82.575510235751,-12.0378385111332,-2.75));
#3546=CARTESIAN_POINT('Ctrl Pts',(-85.0061581823135,-6.29563948228537,-2.75));
#3547=CARTESIAN_POINT('Ctrl Pts',(-87.7451306110769,0.38817821393597,-2.75));
#3548=CARTESIAN_POINT('Ctrl Pts',(-90.6558923493802,7.79751065182702,-2.75));
#3549=CARTESIAN_POINT('Ctrl Pts',(-93.6452814625509,15.7909288363331,-2.75));
#3550=CARTESIAN_POINT('Ctrl Pts',(-96.6350872144399,24.2391195741917,-2.75));
#3551=CARTESIAN_POINT('Ctrl Pts',(-99.5695428918409,33.04187204172,-2.75));
#3552=CARTESIAN_POINT('Ctrl Pts',(-102.407406337966,42.1108276515393,-2.75));
#3553=CARTESIAN_POINT('Ctrl Pts',(-105.120721535176,51.3671174273865,-2.75));
#3554=CARTESIAN_POINT('Ctrl Pts',(-107.690724357672,60.7323407489484,-2.75));
#3555=CARTESIAN_POINT('Ctrl Pts',(-110.105033068439,70.1230388240425,-2.75));
#3556=CARTESIAN_POINT('Ctrl Pts',(-112.354227564019,79.4420498335733,-2.75));
#3557=CARTESIAN_POINT('Ctrl Pts',(-114.429300071221,88.5808697529356,-2.75));
#3558=CARTESIAN_POINT('Ctrl Pts',(-116.319498831993,97.425510783359,-2.75));
#3559=CARTESIAN_POINT('Ctrl Pts',(-118.009607516416,105.861349292281,-2.75));
#3560=CARTESIAN_POINT('Ctrl Pts',(-119.478444178046,113.778115432281,-2.75));
#3561=CARTESIAN_POINT('Ctrl Pts',(-120.694544315347,121.075480165653,-2.75));
#3562=CARTESIAN_POINT('Ctrl Pts',(-121.618339634984,127.666918330756,-2.75));
#3563=CARTESIAN_POINT('Ctrl Pts',(-122.189210851065,133.487828756373,-2.75));
#3564=CARTESIAN_POINT('Ctrl Pts',(-122.347745769698,138.493775249436,-2.75));
#3565=CARTESIAN_POINT('Ctrl Pts',(-121.973110942796,142.68270577821,-2.75));
#3566=CARTESIAN_POINT('Ctrl Pts',(-121.090007815246,146.041378120335,-2.75));
#3567=CARTESIAN_POINT('Ctrl Pts',(-119.846172385336,148.564487849482,-2.75));
#3568=CARTESIAN_POINT('Ctrl Pts',(-118.402255078721,150.293504601425,-2.75));
#3569=CARTESIAN_POINT('Ctrl Pts',(-116.843345925012,151.360201448853,-2.75));
#3570=CARTESIAN_POINT('Ctrl Pts',(-115.125467599178,151.990287255433,-2.75));
#3571=CARTESIAN_POINT('Ctrl Pts',(-113.205866968663,152.360512545469,-2.75));
#3572=CARTESIAN_POINT('Ctrl Pts',(-111.160472318211,152.456406354393,-2.75));
#3573=CARTESIAN_POINT('Ctrl Pts',(-109.143484045523,152.167389827617,-2.75));
#3574=CARTESIAN_POINT('Ctrl Pts',(-107.673308983945,151.605619055336,-2.75));
#3575=CARTESIAN_POINT('Ctrl Pts',(-106.696847003681,151.042832919137,-2.75));
#3576=CARTESIAN_POINT('Ctrl Pts',(-106.107321087376,150.613742008546,-2.75));
#3577=CARTESIAN_POINT('Ctrl Pts',(-105.827915005527,150.385756533168,-2.75));
#3578=CARTESIAN_POINT('',(-56.1449886723466,-108.785448413075,0.));
#3579=CARTESIAN_POINT('Origin',(25.1430578337012,-108.785448413075,0.));
#3580=CARTESIAN_POINT('',(25.1430578337012,-108.785448413075,0.));
#3581=CARTESIAN_POINT('',(-56.1449886723466,-108.785448413075,0.));
#3582=CARTESIAN_POINT('',(25.1430578337012,-108.785448413075,-2.75));
#3583=CARTESIAN_POINT('',(-56.1449886723466,-108.785448413075,-2.75));
#3584=CARTESIAN_POINT('',(25.1430578337012,-108.785448413075,0.));
#3585=CARTESIAN_POINT('Ctrl Pts',(7.34742852450394,93.823548992322,0.));
#3586=CARTESIAN_POINT('Ctrl Pts',(7.34742852450394,93.823548992322,-2.75));
#3587=CARTESIAN_POINT('Ctrl Pts',(7.94618416383012,93.3172780441717,0.));
#3588=CARTESIAN_POINT('Ctrl Pts',(7.94618416383012,93.3172780441717,-2.75));
#3589=CARTESIAN_POINT('Ctrl Pts',(9.11532778505098,92.3515766049332,0.));
#3590=CARTESIAN_POINT('Ctrl Pts',(9.11532778505098,92.3515766049332,-2.75));
#3591=CARTESIAN_POINT('Ctrl Pts',(10.7836966729659,91.0437768699556,0.));
#3592=CARTESIAN_POINT('Ctrl Pts',(10.7836966729659,91.0437768699556,-2.75));
#3593=CARTESIAN_POINT('Ctrl Pts',(12.9166074676461,89.5326654032357,0.));
#3594=CARTESIAN_POINT('Ctrl Pts',(12.9166074676461,89.5326654032357,-2.75));
#3595=CARTESIAN_POINT('Ctrl Pts',(15.7981343702775,87.8256665077289,0.));
#3596=CARTESIAN_POINT('Ctrl Pts',(15.7981343702775,87.8256665077289,-2.75));
#3597=CARTESIAN_POINT('Ctrl Pts',(19.2686206846699,86.1144923894189,0.));
#3598=CARTESIAN_POINT('Ctrl Pts',(19.2686206846699,86.1144923894189,-2.75));
#3599=CARTESIAN_POINT('Ctrl Pts',(23.427422495532,84.4453260907129,0.));
#3600=CARTESIAN_POINT('Ctrl Pts',(23.427422495532,84.4453260907129,-2.75));
#3601=CARTESIAN_POINT('Ctrl Pts',(28.1030257464492,83.0402924260435,0.));
#3602=CARTESIAN_POINT('Ctrl Pts',(28.1030257464492,83.0402924260435,-2.75));
#3603=CARTESIAN_POINT('Ctrl Pts',(33.1557740490732,82.0064585923748,0.));
#3604=CARTESIAN_POINT('Ctrl Pts',(33.1557740490732,82.0064585923748,-2.75));
#3605=CARTESIAN_POINT('Ctrl Pts',(38.3906676640121,81.4263065154437,0.));
#3606=CARTESIAN_POINT('Ctrl Pts',(38.3906676640121,81.4263065154437,-2.75));
#3607=CARTESIAN_POINT('Ctrl Pts',(43.5950437600528,81.3068686700087,0.));
#3608=CARTESIAN_POINT('Ctrl Pts',(43.5950437600528,81.3068686700087,-2.75));
#3609=CARTESIAN_POINT('Ctrl Pts',(48.552308422836,81.6036003584949,0.));
#3610=CARTESIAN_POINT('Ctrl Pts',(48.552308422836,81.6036003584949,-2.75));
#3611=CARTESIAN_POINT('Ctrl Pts',(52.991913870674,82.1729066061008,0.));
#3612=CARTESIAN_POINT('Ctrl Pts',(52.991913870674,82.1729066061008,-2.75));
#3613=CARTESIAN_POINT('Ctrl Pts',(56.9560151445635,82.9552427264626,0.));
#3614=CARTESIAN_POINT('Ctrl Pts',(56.9560151445635,82.9552427264626,-2.75));
#3615=CARTESIAN_POINT('Ctrl Pts',(60.6643515436485,83.9462669326204,0.));
#3616=CARTESIAN_POINT('Ctrl Pts',(60.6643515436485,83.9462669326204,-2.75));
#3617=CARTESIAN_POINT('Ctrl Pts',(64.3798671953286,85.1547720612717,0.));
#3618=CARTESIAN_POINT('Ctrl Pts',(64.3798671953286,85.1547720612717,-2.75));
#3619=CARTESIAN_POINT('Ctrl Pts',(68.2898685654559,86.5916729120775,0.));
#3620=CARTESIAN_POINT('Ctrl Pts',(68.2898685654559,86.5916729120775,-2.75));
#3621=CARTESIAN_POINT('Ctrl Pts',(72.3492013894808,88.1909417154292,0.));
#3622=CARTESIAN_POINT('Ctrl Pts',(72.3492013894808,88.1909417154292,-2.75));
#3623=CARTESIAN_POINT('Ctrl Pts',(76.3345305762185,89.6235436101002,0.));
#3624=CARTESIAN_POINT('Ctrl Pts',(76.3345305762185,89.6235436101002,-2.75));
#3625=CARTESIAN_POINT('Ctrl Pts',(80.0632697991057,90.5803367482999,0.));
#3626=CARTESIAN_POINT('Ctrl Pts',(80.0632697991057,90.5803367482999,-2.75));
#3627=CARTESIAN_POINT('Ctrl Pts',(83.443265539282,90.7940491579377,0.));
#3628=CARTESIAN_POINT('Ctrl Pts',(83.443265539282,90.7940491579377,-2.75));
#3629=CARTESIAN_POINT('Ctrl Pts',(86.8625868441802,90.4688041731466,0.));
#3630=CARTESIAN_POINT('Ctrl Pts',(86.8625868441802,90.4688041731466,-2.75));
#3631=CARTESIAN_POINT('Ctrl Pts',(90.5389636006813,89.5382624475052,0.));
#3632=CARTESIAN_POINT('Ctrl Pts',(90.5389636006813,89.5382624475052,-2.75));
#3633=CARTESIAN_POINT('Ctrl Pts',(94.3589167522906,87.6346940198462,0.));
#3634=CARTESIAN_POINT('Ctrl Pts',(94.3589167522906,87.6346940198462,-2.75));
#3635=CARTESIAN_POINT('Ctrl Pts',(98.1001727756995,84.4596467351412,0.));
#3636=CARTESIAN_POINT('Ctrl Pts',(98.1001727756995,84.4596467351412,-2.75));
#3637=CARTESIAN_POINT('Ctrl Pts',(101.48849626315,80.0064934409136,0.));
#3638=CARTESIAN_POINT('Ctrl Pts',(101.48849626315,80.0064934409136,-2.75));
#3639=CARTESIAN_POINT('Ctrl Pts',(104.344467630951,74.8225129446779,0.));
#3640=CARTESIAN_POINT('Ctrl Pts',(104.344467630951,74.8225129446779,-2.75));
#3641=CARTESIAN_POINT('Ctrl Pts',(106.592409637853,69.2041949051022,0.));
#3642=CARTESIAN_POINT('Ctrl Pts',(106.592409637853,69.2041949051022,-2.75));
#3643=CARTESIAN_POINT('Ctrl Pts',(108.228945566227,63.3841173836528,0.));
#3644=CARTESIAN_POINT('Ctrl Pts',(108.228945566227,63.3841173836528,-2.75));
#3645=CARTESIAN_POINT('Ctrl Pts',(109.303005838557,57.4866091220839,0.));
#3646=CARTESIAN_POINT('Ctrl Pts',(109.303005838557,57.4866091220839,-2.75));
#3647=CARTESIAN_POINT('Ctrl Pts',(109.890989435729,51.5756161134954,0.));
#3648=CARTESIAN_POINT('Ctrl Pts',(109.890989435729,51.5756161134954,-2.75));
#3649=CARTESIAN_POINT('Ctrl Pts',(110.074491372307,45.6630962703384,0.));
#3650=CARTESIAN_POINT('Ctrl Pts',(110.074491372307,45.6630962703384,-2.75));
#3651=CARTESIAN_POINT('Ctrl Pts',(109.915817313545,39.7344712024579,0.));
#3652=CARTESIAN_POINT('Ctrl Pts',(109.915817313545,39.7344712024579,-2.75));
#3653=CARTESIAN_POINT('Ctrl Pts',(109.437613557436,33.7663109120565,0.));
#3654=CARTESIAN_POINT('Ctrl Pts',(109.437613557436,33.7663109120565,-2.75));
#3655=CARTESIAN_POINT('Ctrl Pts',(108.639087915636,27.7358834300418,0.));
#3656=CARTESIAN_POINT('Ctrl Pts',(108.639087915636,27.7358834300418,-2.75));
#3657=CARTESIAN_POINT('Ctrl Pts',(107.510744302294,21.632791302396,0.));
#3658=CARTESIAN_POINT('Ctrl Pts',(107.510744302294,21.632791302396,-2.75));
#3659=CARTESIAN_POINT('Ctrl Pts',(106.047225261982,15.4646853291292,0.));
#3660=CARTESIAN_POINT('Ctrl Pts',(106.047225261982,15.4646853291292,-2.75));
#3661=CARTESIAN_POINT('Ctrl Pts',(104.266515902686,9.27730961524281,0.));
#3662=CARTESIAN_POINT('Ctrl Pts',(104.266515902686,9.27730961524281,-2.75));
#3663=CARTESIAN_POINT('Ctrl Pts',(102.213504350611,3.14094884827284,0.));
#3664=CARTESIAN_POINT('Ctrl Pts',(102.213504350611,3.14094884827284,-2.75));
#3665=CARTESIAN_POINT('Ctrl Pts',(100.001401219015,-2.7825118080337,0.));
#3666=CARTESIAN_POINT('Ctrl Pts',(100.001401219015,-2.7825118080337,-2.75));
#3667=CARTESIAN_POINT('Ctrl Pts',(97.7385727412814,-8.41666886799273,0.));
#3668=CARTESIAN_POINT('Ctrl Pts',(97.7385727412814,-8.41666886799273,-2.75));
#3669=CARTESIAN_POINT('Ctrl Pts',(95.4967683817843,-13.8071337081753,0.));
#3670=CARTESIAN_POINT('Ctrl Pts',(95.4967683817843,-13.8071337081753,-2.75));
#3671=CARTESIAN_POINT('Ctrl Pts',(93.3342935966026,-19.0427175999797,0.));
#3672=CARTESIAN_POINT('Ctrl Pts',(93.3342935966026,-19.0427175999797,-2.75));
#3673=CARTESIAN_POINT('Ctrl Pts',(91.296945468754,-24.2235672156488,0.));
#3674=CARTESIAN_POINT('Ctrl Pts',(91.296945468754,-24.2235672156488,-2.75));
#3675=CARTESIAN_POINT('Ctrl Pts',(89.4287697444906,-29.4081798220641,0.));
#3676=CARTESIAN_POINT('Ctrl Pts',(89.4287697444906,-29.4081798220641,-2.75));
#3677=CARTESIAN_POINT('Ctrl Pts',(87.7777996127016,-34.5721703168185,0.));
#3678=CARTESIAN_POINT('Ctrl Pts',(87.7777996127016,-34.5721703168185,-2.75));
#3679=CARTESIAN_POINT('Ctrl Pts',(86.4067674038025,-39.5504077478861,0.));
#3680=CARTESIAN_POINT('Ctrl Pts',(86.4067674038025,-39.5504077478861,-2.75));
#3681=CARTESIAN_POINT('Ctrl Pts',(85.3499175150299,-44.2595860427109,0.));
#3682=CARTESIAN_POINT('Ctrl Pts',(85.3499175150299,-44.2595860427109,-2.75));
#3683=CARTESIAN_POINT('Ctrl Pts',(84.6199624554709,-48.6636002851271,0.));
#3684=CARTESIAN_POINT('Ctrl Pts',(84.6199624554709,-48.6636002851271,-2.75));
#3685=CARTESIAN_POINT('Ctrl Pts',(84.1979733680449,-52.786204537936,0.));
#3686=CARTESIAN_POINT('Ctrl Pts',(84.1979733680449,-52.786204537936,-2.75));
#3687=CARTESIAN_POINT('Ctrl Pts',(84.0461064627261,-56.707782334654,0.));
#3688=CARTESIAN_POINT('Ctrl Pts',(84.0461064627261,-56.707782334654,-2.75));
#3689=CARTESIAN_POINT('Ctrl Pts',(84.0697731753286,-60.5623492888296,0.));
#3690=CARTESIAN_POINT('Ctrl Pts',(84.0697731753286,-60.5623492888296,-2.75));
#3691=CARTESIAN_POINT('Ctrl Pts',(84.2988768487493,-64.5826273478038,0.));
#3692=CARTESIAN_POINT('Ctrl Pts',(84.2988768487493,-64.5826273478038,-2.75));
#3693=CARTESIAN_POINT('Ctrl Pts',(84.8347508241218,-69.0157214803006,0.));
#3694=CARTESIAN_POINT('Ctrl Pts',(84.8347508241218,-69.0157214803006,-2.75));
#3695=CARTESIAN_POINT('Ctrl Pts',(85.7667527867126,-74.0019771536347,0.));
#3696=CARTESIAN_POINT('Ctrl Pts',(85.7667527867126,-74.0019771536347,-2.75));
#3697=CARTESIAN_POINT('Ctrl Pts',(87.1496749423395,-79.5570613304332,0.));
#3698=CARTESIAN_POINT('Ctrl Pts',(87.1496749423395,-79.5570613304332,-2.75));
#3699=CARTESIAN_POINT('Ctrl Pts',(88.8419392218637,-85.2974104684948,0.));
#3700=CARTESIAN_POINT('Ctrl Pts',(88.8419392218637,-85.2974104684948,-2.75));
#3701=CARTESIAN_POINT('Ctrl Pts',(90.8143329433531,-91.0476513691891,0.));
#3702=CARTESIAN_POINT('Ctrl Pts',(90.8143329433531,-91.0476513691891,-2.75));
#3703=CARTESIAN_POINT('Ctrl Pts',(93.1617937491338,-96.882939522731,0.));
#3704=CARTESIAN_POINT('Ctrl Pts',(93.1617937491338,-96.882939522731,-2.75));
#3705=CARTESIAN_POINT('Ctrl Pts',(96.0042572194164,-102.961083842565,0.));
#3706=CARTESIAN_POINT('Ctrl Pts',(96.0042572194164,-102.961083842565,-2.75));
#3707=CARTESIAN_POINT('Ctrl Pts',(99.4273999310872,-109.434219008172,0.));
#3708=CARTESIAN_POINT('Ctrl Pts',(99.4273999310872,-109.434219008172,-2.75));
#3709=CARTESIAN_POINT('Ctrl Pts',(103.42399452108,-116.350942154965,0.));
#3710=CARTESIAN_POINT('Ctrl Pts',(103.42399452108,-116.350942154965,-2.75));
#3711=CARTESIAN_POINT('Ctrl Pts',(107.793588216498,-123.505106515615,0.));
#3712=CARTESIAN_POINT('Ctrl Pts',(107.793588216498,-123.505106515615,-2.75));
#3713=CARTESIAN_POINT('Ctrl Pts',(112.157332828841,-130.442462669816,0.));
#3714=CARTESIAN_POINT('Ctrl Pts',(112.157332828841,-130.442462669816,-2.75));
#3715=CARTESIAN_POINT('Ctrl Pts',(115.668725070883,-136.04666858044,0.));
#3716=CARTESIAN_POINT('Ctrl Pts',(115.668725070883,-136.04666858044,-2.75));
#3717=CARTESIAN_POINT('Ctrl Pts',(118.261695374598,-140.242921618648,0.));
#3718=CARTESIAN_POINT('Ctrl Pts',(118.261695374598,-140.242921618648,-2.75));
#3719=CARTESIAN_POINT('Ctrl Pts',(120.320628705508,-143.575088392095,0.));
#3720=CARTESIAN_POINT('Ctrl Pts',(120.320628705508,-143.575088392095,-2.75));
#3721=CARTESIAN_POINT('Ctrl Pts',(122.357906536069,-146.798654925145,0.));
#3722=CARTESIAN_POINT('Ctrl Pts',(122.357906536069,-146.798654925145,-2.75));
#3723=CARTESIAN_POINT('Ctrl Pts',(124.761388711471,-150.542249071842,0.));
#3724=CARTESIAN_POINT('Ctrl Pts',(124.761388711471,-150.542249071842,-2.75));
#3725=CARTESIAN_POINT('Ctrl Pts',(127.372337292877,-154.805745647542,0.));
#3726=CARTESIAN_POINT('Ctrl Pts',(127.372337292877,-154.805745647542,-2.75));
#3727=CARTESIAN_POINT('Ctrl Pts',(129.448559650391,-158.824610612341,0.));
#3728=CARTESIAN_POINT('Ctrl Pts',(129.448559650391,-158.824610612341,-2.75));
#3729=CARTESIAN_POINT('Ctrl Pts',(131.136350153212,-162.562118409439,0.));
#3730=CARTESIAN_POINT('Ctrl Pts',(131.136350153212,-162.562118409439,-2.75));
#3731=CARTESIAN_POINT('Ctrl Pts',(132.584666740456,-166.13217848639,0.));
#3732=CARTESIAN_POINT('Ctrl Pts',(132.584666740456,-166.13217848639,-2.75));
#3733=CARTESIAN_POINT('Ctrl Pts',(133.971873887856,-169.721715121875,0.));
#3734=CARTESIAN_POINT('Ctrl Pts',(133.971873887856,-169.721715121875,-2.75));
#3735=CARTESIAN_POINT('Ctrl Pts',(134.581303068542,-173.458975594005,0.));
#3736=CARTESIAN_POINT('Ctrl Pts',(134.581303068542,-173.458975594005,-2.75));
#3737=CARTESIAN_POINT('Ctrl Pts',(133.848632690218,-176.900867962907,0.));
#3738=CARTESIAN_POINT('Ctrl Pts',(133.848632690218,-176.900867962907,-2.75));
#3739=CARTESIAN_POINT('Ctrl Pts',(132.262699300098,-179.326264369965,0.));
#3740=CARTESIAN_POINT('Ctrl Pts',(132.262699300098,-179.326264369965,-2.75));
#3741=CARTESIAN_POINT('Ctrl Pts',(130.319775145193,-180.547078115823,0.));
#3742=CARTESIAN_POINT('Ctrl Pts',(130.319775145193,-180.547078115823,-2.75));
#3743=CARTESIAN_POINT('Ctrl Pts',(128.040869610119,-181.641917312862,0.));
#3744=CARTESIAN_POINT('Ctrl Pts',(128.040869610119,-181.641917312862,-2.75));
#3745=CARTESIAN_POINT('Ctrl Pts',(125.232232218523,-182.524770034842,0.));
#3746=CARTESIAN_POINT('Ctrl Pts',(125.232232218523,-182.524770034842,-2.75));
#3747=CARTESIAN_POINT('Ctrl Pts',(121.779637630662,-182.876790980085,0.));
#3748=CARTESIAN_POINT('Ctrl Pts',(121.779637630662,-182.876790980085,-2.75));
#3749=CARTESIAN_POINT('Ctrl Pts',(117.990627533647,-182.580065426987,0.));
#3750=CARTESIAN_POINT('Ctrl Pts',(117.990627533647,-182.580065426987,-2.75));
#3751=CARTESIAN_POINT('Ctrl Pts',(114.512293620751,-181.94360855454,0.));
#3752=CARTESIAN_POINT('Ctrl Pts',(114.512293620751,-181.94360855454,-2.75));
#3753=CARTESIAN_POINT('Ctrl Pts',(111.80082032984,-181.286514491205,0.));
#3754=CARTESIAN_POINT('Ctrl Pts',(111.80082032984,-181.286514491205,-2.75));
#3755=CARTESIAN_POINT('Ctrl Pts',(109.45701888546,-180.622782787727,0.));
#3756=CARTESIAN_POINT('Ctrl Pts',(109.45701888546,-180.622782787727,-2.75));
#3757=CARTESIAN_POINT('Ctrl Pts',(106.132881197692,-179.460150394775,0.));
#3758=CARTESIAN_POINT('Ctrl Pts',(106.132881197692,-179.460150394775,-2.75));
#3759=CARTESIAN_POINT('Ctrl Pts',(101.911394732515,-177.680292665846,0.));
#3760=CARTESIAN_POINT('Ctrl Pts',(101.911394732515,-177.680292665846,-2.75));
#3761=CARTESIAN_POINT('Ctrl Pts',(97.2707869273649,-175.345444019047,0.));
#3762=CARTESIAN_POINT('Ctrl Pts',(97.2707869273649,-175.345444019047,-2.75));
#3763=CARTESIAN_POINT('Ctrl Pts',(92.9494433040836,-172.671638771937,0.));
#3764=CARTESIAN_POINT('Ctrl Pts',(92.9494433040836,-172.671638771937,-2.75));
#3765=CARTESIAN_POINT('Ctrl Pts',(89.5441932386981,-170.218044739201,0.));
#3766=CARTESIAN_POINT('Ctrl Pts',(89.5441932386981,-170.218044739201,-2.75));
#3767=CARTESIAN_POINT('Ctrl Pts',(86.9546930691327,-168.225727266816,0.));
#3768=CARTESIAN_POINT('Ctrl Pts',(86.9546930691327,-168.225727266816,-2.75));
#3769=CARTESIAN_POINT('Ctrl Pts',(84.5727812559067,-166.251011543027,0.));
#3770=CARTESIAN_POINT('Ctrl Pts',(84.5727812559067,-166.251011543027,-2.75));
#3771=CARTESIAN_POINT('Ctrl Pts',(81.7749826046603,-163.808053116043,0.));
#3772=CARTESIAN_POINT('Ctrl Pts',(81.7749826046603,-163.808053116043,-2.75));
#3773=CARTESIAN_POINT('Ctrl Pts',(78.4748636756945,-160.770894924458,0.));
#3774=CARTESIAN_POINT('Ctrl Pts',(78.4748636756945,-160.770894924458,-2.75));
#3775=CARTESIAN_POINT('Ctrl Pts',(75.2490087346727,-157.584751774549,0.));
#3776=CARTESIAN_POINT('Ctrl Pts',(75.2490087346727,-157.584751774549,-2.75));
#3777=CARTESIAN_POINT('Ctrl Pts',(72.2216016250882,-154.397323473686,0.));
#3778=CARTESIAN_POINT('Ctrl Pts',(72.2216016250882,-154.397323473686,-2.75));
#3779=CARTESIAN_POINT('Ctrl Pts',(69.4669733476509,-151.323997390863,0.));
#3780=CARTESIAN_POINT('Ctrl Pts',(69.4669733476509,-151.323997390863,-2.75));
#3781=CARTESIAN_POINT('Ctrl Pts',(66.920109386182,-148.363422794779,0.));
#3782=CARTESIAN_POINT('Ctrl Pts',(66.920109386182,-148.363422794779,-2.75));
#3783=CARTESIAN_POINT('Ctrl Pts',(64.5383384640695,-145.448846151572,0.));
#3784=CARTESIAN_POINT('Ctrl Pts',(64.5383384640695,-145.448846151572,-2.75));
#3785=CARTESIAN_POINT('Ctrl Pts',(62.2244035314823,-142.466601859344,0.));
#3786=CARTESIAN_POINT('Ctrl Pts',(62.2244035314823,-142.466601859344,-2.75));
#3787=CARTESIAN_POINT('Ctrl Pts',(59.792095021745,-139.308903825676,0.));
#3788=CARTESIAN_POINT('Ctrl Pts',(59.792095021745,-139.308903825676,-2.75));
#3789=CARTESIAN_POINT('Ctrl Pts',(57.0953824685858,-135.87141678719,0.));
#3790=CARTESIAN_POINT('Ctrl Pts',(57.0953824685858,-135.87141678719,-2.75));
#3791=CARTESIAN_POINT('Ctrl Pts',(54.0611925155657,-132.09378843329,0.));
#3792=CARTESIAN_POINT('Ctrl Pts',(54.0611925155657,-132.09378843329,-2.75));
#3793=CARTESIAN_POINT('Ctrl Pts',(50.8529875686528,-127.927669196954,0.));
#3794=CARTESIAN_POINT('Ctrl Pts',(50.8529875686528,-127.927669196954,-2.75));
#3795=CARTESIAN_POINT('Ctrl Pts',(47.586928746425,-123.595257446456,0.));
#3796=CARTESIAN_POINT('Ctrl Pts',(47.586928746425,-123.595257446456,-2.75));
#3797=CARTESIAN_POINT('Ctrl Pts',(44.3178460707394,-119.465686895845,0.));
#3798=CARTESIAN_POINT('Ctrl Pts',(44.3178460707394,-119.465686895845,-2.75));
#3799=CARTESIAN_POINT('Ctrl Pts',(41.074884020056,-115.90620198517,0.));
#3800=CARTESIAN_POINT('Ctrl Pts',(41.074884020056,-115.90620198517,-2.75));
#3801=CARTESIAN_POINT('Ctrl Pts',(37.8634758185626,-113.187420663567,0.));
#3802=CARTESIAN_POINT('Ctrl Pts',(37.8634758185626,-113.187420663567,-2.75));
#3803=CARTESIAN_POINT('Ctrl Pts',(34.7062116963986,-111.270374728782,0.));
#3804=CARTESIAN_POINT('Ctrl Pts',(34.7062116963986,-111.270374728782,-2.75));
#3805=CARTESIAN_POINT('Ctrl Pts',(31.6068062549947,-109.877178856209,0.));
#3806=CARTESIAN_POINT('Ctrl Pts',(31.6068062549947,-109.877178856209,-2.75));
#3807=CARTESIAN_POINT('Ctrl Pts',(29.0952415499169,-109.173078709918,0.));
#3808=CARTESIAN_POINT('Ctrl Pts',(29.0952415499169,-109.173078709918,-2.75));
#3809=CARTESIAN_POINT('Ctrl Pts',(27.1497630147555,-108.881928607883,0.));
#3810=CARTESIAN_POINT('Ctrl Pts',(27.1497630147555,-108.881928607883,-2.75));
#3811=CARTESIAN_POINT('Ctrl Pts',(25.8177784689424,-108.799117676015,0.));
#3812=CARTESIAN_POINT('Ctrl Pts',(25.8177784689424,-108.799117676015,-2.75));
#3813=CARTESIAN_POINT('Ctrl Pts',(25.1430578337012,-108.785448413075,0.));
#3814=CARTESIAN_POINT('Ctrl Pts',(25.1430578337012,-108.785448413075,-2.75));
#3815=CARTESIAN_POINT('',(7.34742852450394,93.823548992322,0.));
#3816=CARTESIAN_POINT('Ctrl Pts',(25.1430578337012,-108.785448413075,0.));
#3817=CARTESIAN_POINT('Ctrl Pts',(25.8177784689424,-108.799117676015,0.));
#3818=CARTESIAN_POINT('Ctrl Pts',(27.1497630147555,-108.881928607883,0.));
#3819=CARTESIAN_POINT('Ctrl Pts',(29.0952415499169,-109.173078709918,0.));
#3820=CARTESIAN_POINT('Ctrl Pts',(31.6068062549947,-109.877178856209,0.));
#3821=CARTESIAN_POINT('Ctrl Pts',(34.7062116963986,-111.270374728782,0.));
#3822=CARTESIAN_POINT('Ctrl Pts',(37.8634758185626,-113.187420663567,0.));
#3823=CARTESIAN_POINT('Ctrl Pts',(41.074884020056,-115.90620198517,0.));
#3824=CARTESIAN_POINT('Ctrl Pts',(44.3178460707394,-119.465686895845,0.));
#3825=CARTESIAN_POINT('Ctrl Pts',(47.586928746425,-123.595257446456,0.));
#3826=CARTESIAN_POINT('Ctrl Pts',(50.8529875686528,-127.927669196954,0.));
#3827=CARTESIAN_POINT('Ctrl Pts',(54.0611925155657,-132.09378843329,0.));
#3828=CARTESIAN_POINT('Ctrl Pts',(57.0953824685858,-135.87141678719,0.));
#3829=CARTESIAN_POINT('Ctrl Pts',(59.792095021745,-139.308903825676,0.));
#3830=CARTESIAN_POINT('Ctrl Pts',(62.2244035314823,-142.466601859344,0.));
#3831=CARTESIAN_POINT('Ctrl Pts',(64.5383384640695,-145.448846151572,0.));
#3832=CARTESIAN_POINT('Ctrl Pts',(66.920109386182,-148.363422794779,0.));
#3833=CARTESIAN_POINT('Ctrl Pts',(69.4669733476509,-151.323997390863,0.));
#3834=CARTESIAN_POINT('Ctrl Pts',(72.2216016250882,-154.397323473686,0.));
#3835=CARTESIAN_POINT('Ctrl Pts',(75.2490087346727,-157.584751774549,0.));
#3836=CARTESIAN_POINT('Ctrl Pts',(78.4748636756945,-160.770894924458,0.));
#3837=CARTESIAN_POINT('Ctrl Pts',(81.7749826046603,-163.808053116043,0.));
#3838=CARTESIAN_POINT('Ctrl Pts',(84.5727812559067,-166.251011543027,0.));
#3839=CARTESIAN_POINT('Ctrl Pts',(86.9546930691327,-168.225727266816,0.));
#3840=CARTESIAN_POINT('Ctrl Pts',(89.5441932386981,-170.218044739201,0.));
#3841=CARTESIAN_POINT('Ctrl Pts',(92.9494433040836,-172.671638771937,0.));
#3842=CARTESIAN_POINT('Ctrl Pts',(97.2707869273649,-175.345444019047,0.));
#3843=CARTESIAN_POINT('Ctrl Pts',(101.911394732515,-177.680292665846,0.));
#3844=CARTESIAN_POINT('Ctrl Pts',(106.132881197692,-179.460150394775,0.));
#3845=CARTESIAN_POINT('Ctrl Pts',(109.45701888546,-180.622782787727,0.));
#3846=CARTESIAN_POINT('Ctrl Pts',(111.80082032984,-181.286514491205,0.));
#3847=CARTESIAN_POINT('Ctrl Pts',(114.512293620751,-181.94360855454,0.));
#3848=CARTESIAN_POINT('Ctrl Pts',(117.990627533647,-182.580065426987,0.));
#3849=CARTESIAN_POINT('Ctrl Pts',(121.779637630662,-182.876790980085,0.));
#3850=CARTESIAN_POINT('Ctrl Pts',(125.232232218523,-182.524770034842,0.));
#3851=CARTESIAN_POINT('Ctrl Pts',(128.040869610119,-181.641917312862,0.));
#3852=CARTESIAN_POINT('Ctrl Pts',(130.319775145193,-180.547078115823,0.));
#3853=CARTESIAN_POINT('Ctrl Pts',(132.262699300098,-179.326264369965,0.));
#3854=CARTESIAN_POINT('Ctrl Pts',(133.848632690218,-176.900867962907,0.));
#3855=CARTESIAN_POINT('Ctrl Pts',(134.581303068542,-173.458975594005,0.));
#3856=CARTESIAN_POINT('Ctrl Pts',(133.971873887856,-169.721715121875,0.));
#3857=CARTESIAN_POINT('Ctrl Pts',(132.584666740456,-166.13217848639,0.));
#3858=CARTESIAN_POINT('Ctrl Pts',(131.136350153212,-162.562118409439,0.));
#3859=CARTESIAN_POINT('Ctrl Pts',(129.448559650391,-158.824610612341,0.));
#3860=CARTESIAN_POINT('Ctrl Pts',(127.372337292877,-154.805745647542,0.));
#3861=CARTESIAN_POINT('Ctrl Pts',(124.761388711471,-150.542249071842,0.));
#3862=CARTESIAN_POINT('Ctrl Pts',(122.357906536069,-146.798654925145,0.));
#3863=CARTESIAN_POINT('Ctrl Pts',(120.320628705508,-143.575088392095,0.));
#3864=CARTESIAN_POINT('Ctrl Pts',(118.261695374598,-140.242921618648,0.));
#3865=CARTESIAN_POINT('Ctrl Pts',(115.668725070883,-136.04666858044,0.));
#3866=CARTESIAN_POINT('Ctrl Pts',(112.157332828841,-130.442462669816,0.));
#3867=CARTESIAN_POINT('Ctrl Pts',(107.793588216498,-123.505106515615,0.));
#3868=CARTESIAN_POINT('Ctrl Pts',(103.42399452108,-116.350942154965,0.));
#3869=CARTESIAN_POINT('Ctrl Pts',(99.4273999310872,-109.434219008172,0.));
#3870=CARTESIAN_POINT('Ctrl Pts',(96.0042572194164,-102.961083842565,0.));
#3871=CARTESIAN_POINT('Ctrl Pts',(93.1617937491338,-96.882939522731,0.));
#3872=CARTESIAN_POINT('Ctrl Pts',(90.8143329433531,-91.0476513691891,0.));
#3873=CARTESIAN_POINT('Ctrl Pts',(88.8419392218637,-85.2974104684948,0.));
#3874=CARTESIAN_POINT('Ctrl Pts',(87.1496749423395,-79.5570613304332,0.));
#3875=CARTESIAN_POINT('Ctrl Pts',(85.7667527867126,-74.0019771536347,0.));
#3876=CARTESIAN_POINT('Ctrl Pts',(84.8347508241218,-69.0157214803006,0.));
#3877=CARTESIAN_POINT('Ctrl Pts',(84.2988768487493,-64.5826273478038,0.));
#3878=CARTESIAN_POINT('Ctrl Pts',(84.0697731753286,-60.5623492888296,0.));
#3879=CARTESIAN_POINT('Ctrl Pts',(84.0461064627261,-56.707782334654,0.));
#3880=CARTESIAN_POINT('Ctrl Pts',(84.1979733680449,-52.786204537936,0.));
#3881=CARTESIAN_POINT('Ctrl Pts',(84.6199624554709,-48.6636002851271,0.));
#3882=CARTESIAN_POINT('Ctrl Pts',(85.3499175150299,-44.2595860427109,0.));
#3883=CARTESIAN_POINT('Ctrl Pts',(86.4067674038025,-39.5504077478861,0.));
#3884=CARTESIAN_POINT('Ctrl Pts',(87.7777996127016,-34.5721703168185,0.));
#3885=CARTESIAN_POINT('Ctrl Pts',(89.4287697444906,-29.4081798220641,0.));
#3886=CARTESIAN_POINT('Ctrl Pts',(91.296945468754,-24.2235672156488,0.));
#3887=CARTESIAN_POINT('Ctrl Pts',(93.3342935966026,-19.0427175999797,0.));
#3888=CARTESIAN_POINT('Ctrl Pts',(95.4967683817843,-13.8071337081753,0.));
#3889=CARTESIAN_POINT('Ctrl Pts',(97.7385727412814,-8.41666886799273,0.));
#3890=CARTESIAN_POINT('Ctrl Pts',(100.001401219015,-2.7825118080337,0.));
#3891=CARTESIAN_POINT('Ctrl Pts',(102.213504350611,3.14094884827284,0.));
#3892=CARTESIAN_POINT('Ctrl Pts',(104.266515902686,9.27730961524281,0.));
#3893=CARTESIAN_POINT('Ctrl Pts',(106.047225261982,15.4646853291292,0.));
#3894=CARTESIAN_POINT('Ctrl Pts',(107.510744302294,21.632791302396,0.));
#3895=CARTESIAN_POINT('Ctrl Pts',(108.639087915636,27.7358834300418,0.));
#3896=CARTESIAN_POINT('Ctrl Pts',(109.437613557436,33.7663109120565,0.));
#3897=CARTESIAN_POINT('Ctrl Pts',(109.915817313545,39.7344712024579,0.));
#3898=CARTESIAN_POINT('Ctrl Pts',(110.074491372307,45.6630962703384,0.));
#3899=CARTESIAN_POINT('Ctrl Pts',(109.890989435729,51.5756161134954,0.));
#3900=CARTESIAN_POINT('Ctrl Pts',(109.303005838557,57.4866091220839,0.));
#3901=CARTESIAN_POINT('Ctrl Pts',(108.228945566227,63.3841173836528,0.));
#3902=CARTESIAN_POINT('Ctrl Pts',(106.592409637853,69.2041949051022,0.));
#3903=CARTESIAN_POINT('Ctrl Pts',(104.344467630951,74.8225129446779,0.));
#3904=CARTESIAN_POINT('Ctrl Pts',(101.48849626315,80.0064934409136,0.));
#3905=CARTESIAN_POINT('Ctrl Pts',(98.1001727756995,84.4596467351412,0.));
#3906=CARTESIAN_POINT('Ctrl Pts',(94.3589167522906,87.6346940198462,0.));
#3907=CARTESIAN_POINT('Ctrl Pts',(90.5389636006813,89.5382624475052,0.));
#3908=CARTESIAN_POINT('Ctrl Pts',(86.8625868441802,90.4688041731466,0.));
#3909=CARTESIAN_POINT('Ctrl Pts',(83.443265539282,90.7940491579377,0.));
#3910=CARTESIAN_POINT('Ctrl Pts',(80.0632697991057,90.5803367482999,0.));
#3911=CARTESIAN_POINT('Ctrl Pts',(76.3345305762185,89.6235436101002,0.));
#3912=CARTESIAN_POINT('Ctrl Pts',(72.3492013894808,88.1909417154292,0.));
#3913=CARTESIAN_POINT('Ctrl Pts',(68.2898685654559,86.5916729120775,0.));
#3914=CARTESIAN_POINT('Ctrl Pts',(64.3798671953286,85.1547720612717,0.));
#3915=CARTESIAN_POINT('Ctrl Pts',(60.6643515436485,83.9462669326204,0.));
#3916=CARTESIAN_POINT('Ctrl Pts',(56.9560151445635,82.9552427264626,0.));
#3917=CARTESIAN_POINT('Ctrl Pts',(52.991913870674,82.1729066061008,0.));
#3918=CARTESIAN_POINT('Ctrl Pts',(48.552308422836,81.6036003584949,0.));
#3919=CARTESIAN_POINT('Ctrl Pts',(43.5950437600528,81.3068686700087,0.));
#3920=CARTESIAN_POINT('Ctrl Pts',(38.3906676640121,81.4263065154437,0.));
#3921=CARTESIAN_POINT('Ctrl Pts',(33.1557740490732,82.0064585923748,0.));
#3922=CARTESIAN_POINT('Ctrl Pts',(28.1030257464492,83.0402924260435,0.));
#3923=CARTESIAN_POINT('Ctrl Pts',(23.427422495532,84.4453260907129,0.));
#3924=CARTESIAN_POINT('Ctrl Pts',(19.2686206846699,86.1144923894189,0.));
#3925=CARTESIAN_POINT('Ctrl Pts',(15.7981343702775,87.8256665077289,0.));
#3926=CARTESIAN_POINT('Ctrl Pts',(12.9166074676461,89.5326654032357,0.));
#3927=CARTESIAN_POINT('Ctrl Pts',(10.7836966729659,91.0437768699556,0.));
#3928=CARTESIAN_POINT('Ctrl Pts',(9.11532778505098,92.3515766049332,0.));
#3929=CARTESIAN_POINT('Ctrl Pts',(7.94618416383012,93.3172780441717,0.));
#3930=CARTESIAN_POINT('Ctrl Pts',(7.34742852450394,93.823548992322,0.));
#3931=CARTESIAN_POINT('',(7.34742852450395,93.823548992322,-2.75));
#3932=CARTESIAN_POINT('Ctrl Pts',(7.34742852450394,93.823548992322,-2.75));
#3933=CARTESIAN_POINT('Ctrl Pts',(7.94618416383012,93.3172780441717,-2.75));
#3934=CARTESIAN_POINT('Ctrl Pts',(9.11532778505098,92.3515766049332,-2.75));
#3935=CARTESIAN_POINT('Ctrl Pts',(10.7836966729659,91.0437768699556,-2.75));
#3936=CARTESIAN_POINT('Ctrl Pts',(12.9166074676461,89.5326654032357,-2.75));
#3937=CARTESIAN_POINT('Ctrl Pts',(15.7981343702775,87.8256665077289,-2.75));
#3938=CARTESIAN_POINT('Ctrl Pts',(19.2686206846699,86.1144923894189,-2.75));
#3939=CARTESIAN_POINT('Ctrl Pts',(23.427422495532,84.4453260907129,-2.75));
#3940=CARTESIAN_POINT('Ctrl Pts',(28.1030257464492,83.0402924260435,-2.75));
#3941=CARTESIAN_POINT('Ctrl Pts',(33.1557740490732,82.0064585923748,-2.75));
#3942=CARTESIAN_POINT('Ctrl Pts',(38.3906676640121,81.4263065154437,-2.75));
#3943=CARTESIAN_POINT('Ctrl Pts',(43.5950437600528,81.3068686700087,-2.75));
#3944=CARTESIAN_POINT('Ctrl Pts',(48.552308422836,81.6036003584949,-2.75));
#3945=CARTESIAN_POINT('Ctrl Pts',(52.991913870674,82.1729066061008,-2.75));
#3946=CARTESIAN_POINT('Ctrl Pts',(56.9560151445635,82.9552427264626,-2.75));
#3947=CARTESIAN_POINT('Ctrl Pts',(60.6643515436485,83.9462669326204,-2.75));
#3948=CARTESIAN_POINT('Ctrl Pts',(64.3798671953286,85.1547720612717,-2.75));
#3949=CARTESIAN_POINT('Ctrl Pts',(68.2898685654559,86.5916729120775,-2.75));
#3950=CARTESIAN_POINT('Ctrl Pts',(72.3492013894808,88.1909417154292,-2.75));
#3951=CARTESIAN_POINT('Ctrl Pts',(76.3345305762185,89.6235436101002,-2.75));
#3952=CARTESIAN_POINT('Ctrl Pts',(80.0632697991057,90.5803367482999,-2.75));
#3953=CARTESIAN_POINT('Ctrl Pts',(83.443265539282,90.7940491579377,-2.75));
#3954=CARTESIAN_POINT('Ctrl Pts',(86.8625868441802,90.4688041731466,-2.75));
#3955=CARTESIAN_POINT('Ctrl Pts',(90.5389636006813,89.5382624475052,-2.75));
#3956=CARTESIAN_POINT('Ctrl Pts',(94.3589167522906,87.6346940198462,-2.75));
#3957=CARTESIAN_POINT('Ctrl Pts',(98.1001727756995,84.4596467351412,-2.75));
#3958=CARTESIAN_POINT('Ctrl Pts',(101.48849626315,80.0064934409136,-2.75));
#3959=CARTESIAN_POINT('Ctrl Pts',(104.344467630951,74.8225129446779,-2.75));
#3960=CARTESIAN_POINT('Ctrl Pts',(106.592409637853,69.2041949051022,-2.75));
#3961=CARTESIAN_POINT('Ctrl Pts',(108.228945566227,63.3841173836528,-2.75));
#3962=CARTESIAN_POINT('Ctrl Pts',(109.303005838557,57.4866091220839,-2.75));
#3963=CARTESIAN_POINT('Ctrl Pts',(109.890989435729,51.5756161134954,-2.75));
#3964=CARTESIAN_POINT('Ctrl Pts',(110.074491372307,45.6630962703384,-2.75));
#3965=CARTESIAN_POINT('Ctrl Pts',(109.915817313545,39.7344712024579,-2.75));
#3966=CARTESIAN_POINT('Ctrl Pts',(109.437613557436,33.7663109120565,-2.75));
#3967=CARTESIAN_POINT('Ctrl Pts',(108.639087915636,27.7358834300418,-2.75));
#3968=CARTESIAN_POINT('Ctrl Pts',(107.510744302294,21.632791302396,-2.75));
#3969=CARTESIAN_POINT('Ctrl Pts',(106.047225261982,15.4646853291292,-2.75));
#3970=CARTESIAN_POINT('Ctrl Pts',(104.266515902686,9.27730961524281,-2.75));
#3971=CARTESIAN_POINT('Ctrl Pts',(102.213504350611,3.14094884827284,-2.75));
#3972=CARTESIAN_POINT('Ctrl Pts',(100.001401219015,-2.7825118080337,-2.75));
#3973=CARTESIAN_POINT('Ctrl Pts',(97.7385727412814,-8.41666886799273,-2.75));
#3974=CARTESIAN_POINT('Ctrl Pts',(95.4967683817843,-13.8071337081753,-2.75));
#3975=CARTESIAN_POINT('Ctrl Pts',(93.3342935966026,-19.0427175999797,-2.75));
#3976=CARTESIAN_POINT('Ctrl Pts',(91.296945468754,-24.2235672156488,-2.75));
#3977=CARTESIAN_POINT('Ctrl Pts',(89.4287697444906,-29.4081798220641,-2.75));
#3978=CARTESIAN_POINT('Ctrl Pts',(87.7777996127016,-34.5721703168185,-2.75));
#3979=CARTESIAN_POINT('Ctrl Pts',(86.4067674038025,-39.5504077478861,-2.75));
#3980=CARTESIAN_POINT('Ctrl Pts',(85.3499175150299,-44.2595860427109,-2.75));
#3981=CARTESIAN_POINT('Ctrl Pts',(84.6199624554709,-48.6636002851271,-2.75));
#3982=CARTESIAN_POINT('Ctrl Pts',(84.1979733680449,-52.786204537936,-2.75));
#3983=CARTESIAN_POINT('Ctrl Pts',(84.0461064627261,-56.707782334654,-2.75));
#3984=CARTESIAN_POINT('Ctrl Pts',(84.0697731753286,-60.5623492888296,-2.75));
#3985=CARTESIAN_POINT('Ctrl Pts',(84.2988768487493,-64.5826273478038,-2.75));
#3986=CARTESIAN_POINT('Ctrl Pts',(84.8347508241218,-69.0157214803006,-2.75));
#3987=CARTESIAN_POINT('Ctrl Pts',(85.7667527867126,-74.0019771536347,-2.75));
#3988=CARTESIAN_POINT('Ctrl Pts',(87.1496749423395,-79.5570613304332,-2.75));
#3989=CARTESIAN_POINT('Ctrl Pts',(88.8419392218637,-85.2974104684948,-2.75));
#3990=CARTESIAN_POINT('Ctrl Pts',(90.8143329433531,-91.0476513691891,-2.75));
#3991=CARTESIAN_POINT('Ctrl Pts',(93.1617937491338,-96.882939522731,-2.75));
#3992=CARTESIAN_POINT('Ctrl Pts',(96.0042572194164,-102.961083842565,-2.75));
#3993=CARTESIAN_POINT('Ctrl Pts',(99.4273999310872,-109.434219008172,-2.75));
#3994=CARTESIAN_POINT('Ctrl Pts',(103.42399452108,-116.350942154965,-2.75));
#3995=CARTESIAN_POINT('Ctrl Pts',(107.793588216498,-123.505106515615,-2.75));
#3996=CARTESIAN_POINT('Ctrl Pts',(112.157332828841,-130.442462669816,-2.75));
#3997=CARTESIAN_POINT('Ctrl Pts',(115.668725070883,-136.04666858044,-2.75));
#3998=CARTESIAN_POINT('Ctrl Pts',(118.261695374598,-140.242921618648,-2.75));
#3999=CARTESIAN_POINT('Ctrl Pts',(120.320628705508,-143.575088392095,-2.75));
#4000=CARTESIAN_POINT('Ctrl Pts',(122.357906536069,-146.798654925145,-2.75));
#4001=CARTESIAN_POINT('Ctrl Pts',(124.761388711471,-150.542249071842,-2.75));
#4002=CARTESIAN_POINT('Ctrl Pts',(127.372337292877,-154.805745647542,-2.75));
#4003=CARTESIAN_POINT('Ctrl Pts',(129.448559650391,-158.824610612341,-2.75));
#4004=CARTESIAN_POINT('Ctrl Pts',(131.136350153212,-162.562118409439,-2.75));
#4005=CARTESIAN_POINT('Ctrl Pts',(132.584666740456,-166.13217848639,-2.75));
#4006=CARTESIAN_POINT('Ctrl Pts',(133.971873887856,-169.721715121875,-2.75));
#4007=CARTESIAN_POINT('Ctrl Pts',(134.581303068542,-173.458975594005,-2.75));
#4008=CARTESIAN_POINT('Ctrl Pts',(133.848632690218,-176.900867962907,-2.75));
#4009=CARTESIAN_POINT('Ctrl Pts',(132.262699300098,-179.326264369965,-2.75));
#4010=CARTESIAN_POINT('Ctrl Pts',(130.319775145193,-180.547078115823,-2.75));
#4011=CARTESIAN_POINT('Ctrl Pts',(128.040869610119,-181.641917312862,-2.75));
#4012=CARTESIAN_POINT('Ctrl Pts',(125.232232218523,-182.524770034842,-2.75));
#4013=CARTESIAN_POINT('Ctrl Pts',(121.779637630662,-182.876790980085,-2.75));
#4014=CARTESIAN_POINT('Ctrl Pts',(117.990627533647,-182.580065426987,-2.75));
#4015=CARTESIAN_POINT('Ctrl Pts',(114.512293620751,-181.94360855454,-2.75));
#4016=CARTESIAN_POINT('Ctrl Pts',(111.80082032984,-181.286514491205,-2.75));
#4017=CARTESIAN_POINT('Ctrl Pts',(109.45701888546,-180.622782787727,-2.75));
#4018=CARTESIAN_POINT('Ctrl Pts',(106.132881197692,-179.460150394775,-2.75));
#4019=CARTESIAN_POINT('Ctrl Pts',(101.911394732515,-177.680292665846,-2.75));
#4020=CARTESIAN_POINT('Ctrl Pts',(97.2707869273649,-175.345444019047,-2.75));
#4021=CARTESIAN_POINT('Ctrl Pts',(92.9494433040836,-172.671638771937,-2.75));
#4022=CARTESIAN_POINT('Ctrl Pts',(89.5441932386981,-170.218044739201,-2.75));
#4023=CARTESIAN_POINT('Ctrl Pts',(86.9546930691327,-168.225727266816,-2.75));
#4024=CARTESIAN_POINT('Ctrl Pts',(84.5727812559067,-166.251011543027,-2.75));
#4025=CARTESIAN_POINT('Ctrl Pts',(81.7749826046603,-163.808053116043,-2.75));
#4026=CARTESIAN_POINT('Ctrl Pts',(78.4748636756945,-160.770894924458,-2.75));
#4027=CARTESIAN_POINT('Ctrl Pts',(75.2490087346727,-157.584751774549,-2.75));
#4028=CARTESIAN_POINT('Ctrl Pts',(72.2216016250882,-154.397323473686,-2.75));
#4029=CARTESIAN_POINT('Ctrl Pts',(69.4669733476509,-151.323997390863,-2.75));
#4030=CARTESIAN_POINT('Ctrl Pts',(66.920109386182,-148.363422794779,-2.75));
#4031=CARTESIAN_POINT('Ctrl Pts',(64.5383384640695,-145.448846151572,-2.75));
#4032=CARTESIAN_POINT('Ctrl Pts',(62.2244035314823,-142.466601859344,-2.75));
#4033=CARTESIAN_POINT('Ctrl Pts',(59.792095021745,-139.308903825676,-2.75));
#4034=CARTESIAN_POINT('Ctrl Pts',(57.0953824685858,-135.87141678719,-2.75));
#4035=CARTESIAN_POINT('Ctrl Pts',(54.0611925155657,-132.09378843329,-2.75));
#4036=CARTESIAN_POINT('Ctrl Pts',(50.8529875686528,-127.927669196954,-2.75));
#4037=CARTESIAN_POINT('Ctrl Pts',(47.586928746425,-123.595257446456,-2.75));
#4038=CARTESIAN_POINT('Ctrl Pts',(44.3178460707394,-119.465686895845,-2.75));
#4039=CARTESIAN_POINT('Ctrl Pts',(41.074884020056,-115.90620198517,-2.75));
#4040=CARTESIAN_POINT('Ctrl Pts',(37.8634758185626,-113.187420663567,-2.75));
#4041=CARTESIAN_POINT('Ctrl Pts',(34.7062116963986,-111.270374728782,-2.75));
#4042=CARTESIAN_POINT('Ctrl Pts',(31.6068062549947,-109.877178856209,-2.75));
#4043=CARTESIAN_POINT('Ctrl Pts',(29.0952415499169,-109.173078709918,-2.75));
#4044=CARTESIAN_POINT('Ctrl Pts',(27.1497630147555,-108.881928607883,-2.75));
#4045=CARTESIAN_POINT('Ctrl Pts',(25.8177784689424,-108.799117676015,-2.75));
#4046=CARTESIAN_POINT('Ctrl Pts',(25.1430578337012,-108.785448413075,-2.75));
#4047=CARTESIAN_POINT('',(7.34742852450394,93.823548992322,0.));
#4048=CARTESIAN_POINT('Ctrl Pts',(6.71753015337855,93.8235374804486,0.));
#4049=CARTESIAN_POINT('Ctrl Pts',(6.71753015337855,93.8235374804486,-2.75));
#4050=CARTESIAN_POINT('Ctrl Pts',(6.73993144531433,93.8434768751614,0.));
#4051=CARTESIAN_POINT('Ctrl Pts',(6.73993144531433,93.8434768751614,-2.75));
#4052=CARTESIAN_POINT('Ctrl Pts',(6.7861142309607,93.878684443936,0.));
#4053=CARTESIAN_POINT('Ctrl Pts',(6.7861142309607,93.878684443936,-2.75));
#4054=CARTESIAN_POINT('Ctrl Pts',(6.85952475265742,93.917493649061,0.));
#4055=CARTESIAN_POINT('Ctrl Pts',(6.85952475265742,93.917493649061,-2.75));
#4056=CARTESIAN_POINT('Ctrl Pts',(6.96407193007556,93.9441524615653,0.));
#4057=CARTESIAN_POINT('Ctrl Pts',(6.96407193007556,93.9441524615653,-2.75));
#4058=CARTESIAN_POINT('Ctrl Pts',(7.0988610725029,93.942952194792,0.));
#4059=CARTESIAN_POINT('Ctrl Pts',(7.0988610725029,93.942952194792,-2.75));
#4060=CARTESIAN_POINT('Ctrl Pts',(7.20386740283903,93.915206903564,0.));
#4061=CARTESIAN_POINT('Ctrl Pts',(7.20386740283903,93.915206903564,-2.75));
#4062=CARTESIAN_POINT('Ctrl Pts',(7.27792870823639,93.8769060597919,0.));
#4063=CARTESIAN_POINT('Ctrl Pts',(7.27792870823639,93.8769060597919,-2.75));
#4064=CARTESIAN_POINT('Ctrl Pts',(7.32469673493738,93.8427695956886,0.));
#4065=CARTESIAN_POINT('Ctrl Pts',(7.32469673493738,93.8427695956886,-2.75));
#4066=CARTESIAN_POINT('Ctrl Pts',(7.34742852450394,93.823548992322,0.));
#4067=CARTESIAN_POINT('Ctrl Pts',(7.34742852450394,93.823548992322,-2.75));
#4068=CARTESIAN_POINT('',(6.71753015337855,93.8235374804486,0.));
#4069=CARTESIAN_POINT('Ctrl Pts',(6.71753015337855,93.8235374804486,0.));
#4070=CARTESIAN_POINT('Ctrl Pts',(6.73993144531433,93.8434768751614,0.));
#4071=CARTESIAN_POINT('Ctrl Pts',(6.7861142309607,93.878684443936,0.));
#4072=CARTESIAN_POINT('Ctrl Pts',(6.85952475265742,93.917493649061,0.));
#4073=CARTESIAN_POINT('Ctrl Pts',(6.96407193007556,93.9441524615653,0.));
#4074=CARTESIAN_POINT('Ctrl Pts',(7.0988610725029,93.942952194792,0.));
#4075=CARTESIAN_POINT('Ctrl Pts',(7.20386740283903,93.915206903564,0.));
#4076=CARTESIAN_POINT('Ctrl Pts',(7.27792870823639,93.8769060597919,0.));
#4077=CARTESIAN_POINT('Ctrl Pts',(7.32469673493738,93.8427695956886,0.));
#4078=CARTESIAN_POINT('Ctrl Pts',(7.34742852450394,93.823548992322,0.));
#4079=CARTESIAN_POINT('',(6.71753015337855,93.8235374804486,-2.75));
#4080=CARTESIAN_POINT('Ctrl Pts',(6.71753015337855,93.8235374804486,-2.75));
#4081=CARTESIAN_POINT('Ctrl Pts',(6.73993144531433,93.8434768751614,-2.75));
#4082=CARTESIAN_POINT('Ctrl Pts',(6.7861142309607,93.878684443936,-2.75));
#4083=CARTESIAN_POINT('Ctrl Pts',(6.85952475265742,93.917493649061,-2.75));
#4084=CARTESIAN_POINT('Ctrl Pts',(6.96407193007556,93.9441524615653,-2.75));
#4085=CARTESIAN_POINT('Ctrl Pts',(7.0988610725029,93.942952194792,-2.75));
#4086=CARTESIAN_POINT('Ctrl Pts',(7.20386740283903,93.915206903564,-2.75));
#4087=CARTESIAN_POINT('Ctrl Pts',(7.27792870823639,93.8769060597919,-2.75));
#4088=CARTESIAN_POINT('Ctrl Pts',(7.32469673493738,93.8427695956886,-2.75));
#4089=CARTESIAN_POINT('Ctrl Pts',(7.34742852450394,93.823548992322,-2.75));
#4090=CARTESIAN_POINT('',(6.71753015337855,93.8235374804486,0.));
#4091=CARTESIAN_POINT('Ctrl Pts',(-4.135311034094,90.9987424898103,0.));
#4092=CARTESIAN_POINT('Ctrl Pts',(-4.135311034094,90.9987424898103,-2.75));
#4093=CARTESIAN_POINT('Ctrl Pts',(-3.71611143095347,91.0489912322889,0.));
#4094=CARTESIAN_POINT('Ctrl Pts',(-3.71611143095347,91.0489912322889,-2.75));
#4095=CARTESIAN_POINT('Ctrl Pts',(-2.8977156825855,91.1493369532777,0.));
#4096=CARTESIAN_POINT('Ctrl Pts',(-2.8977156825855,91.1493369532777,-2.75));
#4097=CARTESIAN_POINT('Ctrl Pts',(-1.73012961104044,91.2994011306059,0.));
#4098=CARTESIAN_POINT('Ctrl Pts',(-1.73012961104044,91.2994011306059,-2.75));
#4099=CARTESIAN_POINT('Ctrl Pts',(-0.295362441444966,91.4985551266158,0.));
#4100=CARTESIAN_POINT('Ctrl Pts',(-0.295362441444966,91.4985551266158,-2.75));
#4101=CARTESIAN_POINT('Ctrl Pts',(1.28242241350074,91.7464774562907,0.));
#4102=CARTESIAN_POINT('Ctrl Pts',(1.28242241350074,91.7464774562907,-2.75));
#4103=CARTESIAN_POINT('Ctrl Pts',(2.62948768051483,91.9950318672065,0.));
#4104=CARTESIAN_POINT('Ctrl Pts',(2.62948768051483,91.9950318672065,-2.75));
#4105=CARTESIAN_POINT('Ctrl Pts',(3.73571770315822,92.2479969977301,0.));
#4106=CARTESIAN_POINT('Ctrl Pts',(3.73571770315822,92.2479969977301,-2.75));
#4107=CARTESIAN_POINT('Ctrl Pts',(4.60567791807235,92.5114708111504,0.));
#4108=CARTESIAN_POINT('Ctrl Pts',(4.60567791807235,92.5114708111504,-2.75));
#4109=CARTESIAN_POINT('Ctrl Pts',(5.27436001345901,92.7961805792482,0.));
#4110=CARTESIAN_POINT('Ctrl Pts',(5.27436001345901,92.7961805792482,-2.75));
#4111=CARTESIAN_POINT('Ctrl Pts',(5.82383213446108,93.1155003036138,0.));
#4112=CARTESIAN_POINT('Ctrl Pts',(5.82383213446108,93.1155003036138,-2.75));
#4113=CARTESIAN_POINT('Ctrl Pts',(6.20383839602676,93.3920115370518,0.));
#4114=CARTESIAN_POINT('Ctrl Pts',(6.20383839602676,93.3920115370518,-2.75));
#4115=CARTESIAN_POINT('Ctrl Pts',(6.46798961510492,93.6060920112679,0.));
#4116=CARTESIAN_POINT('Ctrl Pts',(6.46798961510492,93.6060920112679,-2.75));
#4117=CARTESIAN_POINT('Ctrl Pts',(6.63573668155221,93.7507330937934,0.));
#4118=CARTESIAN_POINT('Ctrl Pts',(6.63573668155221,93.7507330937934,-2.75));
#4119=CARTESIAN_POINT('Ctrl Pts',(6.71753015337855,93.8235374804486,0.));
#4120=CARTESIAN_POINT('Ctrl Pts',(6.71753015337855,93.8235374804486,-2.75));
#4121=CARTESIAN_POINT('',(-4.135311034094,90.9987424898103,0.));
#4122=CARTESIAN_POINT('Ctrl Pts',(-4.135311034094,90.9987424898103,0.));
#4123=CARTESIAN_POINT('Ctrl Pts',(-3.71611143095347,91.0489912322889,0.));
#4124=CARTESIAN_POINT('Ctrl Pts',(-2.8977156825855,91.1493369532777,0.));
#4125=CARTESIAN_POINT('Ctrl Pts',(-1.73012961104044,91.2994011306059,0.));
#4126=CARTESIAN_POINT('Ctrl Pts',(-0.295362441444966,91.4985551266158,0.));
#4127=CARTESIAN_POINT('Ctrl Pts',(1.28242241350074,91.7464774562907,0.));
#4128=CARTESIAN_POINT('Ctrl Pts',(2.62948768051483,91.9950318672065,0.));
#4129=CARTESIAN_POINT('Ctrl Pts',(3.73571770315822,92.2479969977301,0.));
#4130=CARTESIAN_POINT('Ctrl Pts',(4.60567791807235,92.5114708111504,0.));
#4131=CARTESIAN_POINT('Ctrl Pts',(5.27436001345901,92.7961805792482,0.));
#4132=CARTESIAN_POINT('Ctrl Pts',(5.82383213446108,93.1155003036138,0.));
#4133=CARTESIAN_POINT('Ctrl Pts',(6.20383839602676,93.3920115370518,0.));
#4134=CARTESIAN_POINT('Ctrl Pts',(6.46798961510492,93.6060920112679,0.));
#4135=CARTESIAN_POINT('Ctrl Pts',(6.63573668155221,93.7507330937934,0.));
#4136=CARTESIAN_POINT('Ctrl Pts',(6.71753015337855,93.8235374804486,0.));
#4137=CARTESIAN_POINT('',(-4.135311034094,90.9987424898103,-2.75));
#4138=CARTESIAN_POINT('Ctrl Pts',(-4.135311034094,90.9987424898103,-2.75));
#4139=CARTESIAN_POINT('Ctrl Pts',(-3.71611143095347,91.0489912322889,-2.75));
#4140=CARTESIAN_POINT('Ctrl Pts',(-2.8977156825855,91.1493369532777,-2.75));
#4141=CARTESIAN_POINT('Ctrl Pts',(-1.73012961104044,91.2994011306059,-2.75));
#4142=CARTESIAN_POINT('Ctrl Pts',(-0.295362441444966,91.4985551266158,-2.75));
#4143=CARTESIAN_POINT('Ctrl Pts',(1.28242241350074,91.7464774562907,-2.75));
#4144=CARTESIAN_POINT('Ctrl Pts',(2.62948768051483,91.9950318672065,-2.75));
#4145=CARTESIAN_POINT('Ctrl Pts',(3.73571770315822,92.2479969977301,-2.75));
#4146=CARTESIAN_POINT('Ctrl Pts',(4.60567791807235,92.5114708111504,-2.75));
#4147=CARTESIAN_POINT('Ctrl Pts',(5.27436001345901,92.7961805792482,-2.75));
#4148=CARTESIAN_POINT('Ctrl Pts',(5.82383213446108,93.1155003036138,-2.75));
#4149=CARTESIAN_POINT('Ctrl Pts',(6.20383839602676,93.3920115370518,-2.75));
#4150=CARTESIAN_POINT('Ctrl Pts',(6.46798961510492,93.6060920112679,-2.75));
#4151=CARTESIAN_POINT('Ctrl Pts',(6.63573668155221,93.7507330937934,-2.75));
#4152=CARTESIAN_POINT('Ctrl Pts',(6.71753015337855,93.8235374804486,-2.75));
#4153=CARTESIAN_POINT('',(-4.135311034094,90.9987424898103,0.));
#4154=CARTESIAN_POINT('Ctrl Pts',(-42.302581863916,92.3735919837506,0.));
#4155=CARTESIAN_POINT('Ctrl Pts',(-42.302581863916,92.3735919837506,-2.75));
#4156=CARTESIAN_POINT('Ctrl Pts',(-41.4078985439202,92.1999018365668,0.));
#4157=CARTESIAN_POINT('Ctrl Pts',(-41.4078985439202,92.1999018365668,-2.75));
#4158=CARTESIAN_POINT('Ctrl Pts',(-39.6255040897767,91.8717321248152,0.));
#4159=CARTESIAN_POINT('Ctrl Pts',(-39.6255040897767,91.8717321248152,-2.75));
#4160=CARTESIAN_POINT('Ctrl Pts',(-36.9728276394434,91.4371060555796,0.));
#4161=CARTESIAN_POINT('Ctrl Pts',(-36.9728276394434,91.4371060555796,-2.75));
#4162=CARTESIAN_POINT('Ctrl Pts',(-33.4806446580869,90.96950682226,0.));
#4163=CARTESIAN_POINT('Ctrl Pts',(-33.4806446580869,90.96950682226,-2.75));
#4164=CARTESIAN_POINT('Ctrl Pts',(-29.2086444142172,90.5547177652564,0.));
#4165=CARTESIAN_POINT('Ctrl Pts',(-29.2086444142172,90.5547177652564,-2.75));
#4166=CARTESIAN_POINT('Ctrl Pts',(-25.056990902279,90.2901870565641,0.));
#4167=CARTESIAN_POINT('Ctrl Pts',(-25.056990902279,90.2901870565641,-2.75));
#4168=CARTESIAN_POINT('Ctrl Pts',(-21.056823796056,90.1571594781213,0.));
#4169=CARTESIAN_POINT('Ctrl Pts',(-21.056823796056,90.1571594781213,-2.75));
#4170=CARTESIAN_POINT('Ctrl Pts',(-17.2388442358973,90.1393293168344,0.));
#4171=CARTESIAN_POINT('Ctrl Pts',(-17.2388442358973,90.1393293168344,-2.75));
#4172=CARTESIAN_POINT('Ctrl Pts',(-13.6238868929236,90.2224747414767,0.));
#4173=CARTESIAN_POINT('Ctrl Pts',(-13.6238868929236,90.2224747414767,-2.75));
#4174=CARTESIAN_POINT('Ctrl Pts',(-10.221699547464,90.3948246949395,0.));
#4175=CARTESIAN_POINT('Ctrl Pts',(-10.221699547464,90.3948246949395,-2.75));
#4176=CARTESIAN_POINT('Ctrl Pts',(-7.67518249662672,90.5977878412586,0.));
#4177=CARTESIAN_POINT('Ctrl Pts',(-7.67518249662672,90.5977878412586,-2.75));
#4178=CARTESIAN_POINT('Ctrl Pts',(-5.86584048985453,90.7848209270038,0.));
#4179=CARTESIAN_POINT('Ctrl Pts',(-5.86584048985453,90.7848209270038,-2.75));
#4180=CARTESIAN_POINT('Ctrl Pts',(-4.70464823423828,90.924874470045,0.));
#4181=CARTESIAN_POINT('Ctrl Pts',(-4.70464823423828,90.924874470045,-2.75));
#4182=CARTESIAN_POINT('Ctrl Pts',(-4.135311034094,90.9987424898103,0.));
#4183=CARTESIAN_POINT('Ctrl Pts',(-4.135311034094,90.9987424898103,-2.75));
#4184=CARTESIAN_POINT('',(-42.302581863916,92.3735919837506,0.));
#4185=CARTESIAN_POINT('Ctrl Pts',(-42.302581863916,92.3735919837506,0.));
#4186=CARTESIAN_POINT('Ctrl Pts',(-41.4078985439202,92.1999018365668,0.));
#4187=CARTESIAN_POINT('Ctrl Pts',(-39.6255040897767,91.8717321248152,0.));
#4188=CARTESIAN_POINT('Ctrl Pts',(-36.9728276394434,91.4371060555796,0.));
#4189=CARTESIAN_POINT('Ctrl Pts',(-33.4806446580869,90.96950682226,0.));
#4190=CARTESIAN_POINT('Ctrl Pts',(-29.2086444142172,90.5547177652564,0.));
#4191=CARTESIAN_POINT('Ctrl Pts',(-25.056990902279,90.2901870565641,0.));
#4192=CARTESIAN_POINT('Ctrl Pts',(-21.056823796056,90.1571594781213,0.));
#4193=CARTESIAN_POINT('Ctrl Pts',(-17.2388442358973,90.1393293168344,0.));
#4194=CARTESIAN_POINT('Ctrl Pts',(-13.6238868929236,90.2224747414767,0.));
#4195=CARTESIAN_POINT('Ctrl Pts',(-10.221699547464,90.3948246949395,0.));
#4196=CARTESIAN_POINT('Ctrl Pts',(-7.67518249662672,90.5977878412586,0.));
#4197=CARTESIAN_POINT('Ctrl Pts',(-5.86584048985453,90.7848209270038,0.));
#4198=CARTESIAN_POINT('Ctrl Pts',(-4.70464823423828,90.924874470045,0.));
#4199=CARTESIAN_POINT('Ctrl Pts',(-4.135311034094,90.9987424898103,0.));
#4200=CARTESIAN_POINT('',(-42.302581863916,92.3735919837506,-2.75));
#4201=CARTESIAN_POINT('Ctrl Pts',(-42.302581863916,92.3735919837506,-2.75));
#4202=CARTESIAN_POINT('Ctrl Pts',(-41.4078985439202,92.1999018365668,-2.75));
#4203=CARTESIAN_POINT('Ctrl Pts',(-39.6255040897767,91.8717321248152,-2.75));
#4204=CARTESIAN_POINT('Ctrl Pts',(-36.9728276394434,91.4371060555796,-2.75));
#4205=CARTESIAN_POINT('Ctrl Pts',(-33.4806446580869,90.96950682226,-2.75));
#4206=CARTESIAN_POINT('Ctrl Pts',(-29.2086444142172,90.5547177652564,-2.75));
#4207=CARTESIAN_POINT('Ctrl Pts',(-25.056990902279,90.2901870565641,-2.75));
#4208=CARTESIAN_POINT('Ctrl Pts',(-21.056823796056,90.1571594781213,-2.75));
#4209=CARTESIAN_POINT('Ctrl Pts',(-17.2388442358973,90.1393293168344,-2.75));
#4210=CARTESIAN_POINT('Ctrl Pts',(-13.6238868929236,90.2224747414767,-2.75));
#4211=CARTESIAN_POINT('Ctrl Pts',(-10.221699547464,90.3948246949395,-2.75));
#4212=CARTESIAN_POINT('Ctrl Pts',(-7.67518249662672,90.5977878412586,-2.75));
#4213=CARTESIAN_POINT('Ctrl Pts',(-5.86584048985453,90.7848209270038,-2.75));
#4214=CARTESIAN_POINT('Ctrl Pts',(-4.70464823423828,90.924874470045,-2.75));
#4215=CARTESIAN_POINT('Ctrl Pts',(-4.135311034094,90.9987424898103,-2.75));
#4216=CARTESIAN_POINT('',(-42.302581863916,92.3735919837506,0.));
#4217=CARTESIAN_POINT('Ctrl Pts',(-47.0450379473807,98.5991847975051,0.));
#4218=CARTESIAN_POINT('Ctrl Pts',(-47.0450379473807,98.5991847975051,-2.75));
#4219=CARTESIAN_POINT('Ctrl Pts',(-47.0490127248807,98.2322463233577,0.));
#4220=CARTESIAN_POINT('Ctrl Pts',(-47.0490127248807,98.2322463233577,-2.75));
#4221=CARTESIAN_POINT('Ctrl Pts',(-47.0102875078146,97.5169815185596,0.));
#4222=CARTESIAN_POINT('Ctrl Pts',(-47.0102875078146,97.5169815185596,-2.75));
#4223=CARTESIAN_POINT('Ctrl Pts',(-46.8122919561948,96.4998855501695,0.));
#4224=CARTESIAN_POINT('Ctrl Pts',(-46.8122919561948,96.4998855501695,-2.75));
#4225=CARTESIAN_POINT('Ctrl Pts',(-46.2989693725862,95.2529801671841,0.));
#4226=CARTESIAN_POINT('Ctrl Pts',(-46.2989693725862,95.2529801671841,-2.75));
#4227=CARTESIAN_POINT('Ctrl Pts',(-45.3232924748329,93.9076293949866,0.));
#4228=CARTESIAN_POINT('Ctrl Pts',(-45.3232924748329,93.9076293949866,-2.75));
#4229=CARTESIAN_POINT('Ctrl Pts',(-44.2943845324927,93.0714817799903,0.));
#4230=CARTESIAN_POINT('Ctrl Pts',(-44.2943845324927,93.0714817799903,-2.75));
#4231=CARTESIAN_POINT('Ctrl Pts',(-43.3656203532319,92.6365762972746,0.));
#4232=CARTESIAN_POINT('Ctrl Pts',(-43.3656203532319,92.6365762972746,-2.75));
#4233=CARTESIAN_POINT('Ctrl Pts',(-42.6697247094017,92.4448675886989,0.));
#4234=CARTESIAN_POINT('Ctrl Pts',(-42.6697247094017,92.4448675886989,-2.75));
#4235=CARTESIAN_POINT('Ctrl Pts',(-42.302581863916,92.3735919837506,0.));
#4236=CARTESIAN_POINT('Ctrl Pts',(-42.302581863916,92.3735919837506,-2.75));
#4237=CARTESIAN_POINT('Ctrl Pts',(-42.302581863916,92.3735919837506,0.));
#4238=CARTESIAN_POINT('Ctrl Pts',(-42.6697247094017,92.4448675886989,0.));
#4239=CARTESIAN_POINT('Ctrl Pts',(-43.3656203532319,92.6365762972746,0.));
#4240=CARTESIAN_POINT('Ctrl Pts',(-44.2943845324927,93.0714817799903,0.));
#4241=CARTESIAN_POINT('Ctrl Pts',(-45.3232924748329,93.9076293949866,0.));
#4242=CARTESIAN_POINT('Ctrl Pts',(-46.2989693725862,95.2529801671841,0.));
#4243=CARTESIAN_POINT('Ctrl Pts',(-46.8122919561948,96.4998855501695,0.));
#4244=CARTESIAN_POINT('Ctrl Pts',(-47.0102875078146,97.5169815185596,0.));
#4245=CARTESIAN_POINT('Ctrl Pts',(-47.0490127248807,98.2322463233577,0.));
#4246=CARTESIAN_POINT('Ctrl Pts',(-47.0450379473807,98.5991847975051,0.));
#4247=CARTESIAN_POINT('Ctrl Pts',(-47.0450379473807,98.5991847975051,-2.75));
#4248=CARTESIAN_POINT('Ctrl Pts',(-47.0490127248807,98.2322463233577,-2.75));
#4249=CARTESIAN_POINT('Ctrl Pts',(-47.0102875078146,97.5169815185596,-2.75));
#4250=CARTESIAN_POINT('Ctrl Pts',(-46.8122919561948,96.4998855501695,-2.75));
#4251=CARTESIAN_POINT('Ctrl Pts',(-46.2989693725862,95.2529801671841,-2.75));
#4252=CARTESIAN_POINT('Ctrl Pts',(-45.3232924748329,93.9076293949866,-2.75));
#4253=CARTESIAN_POINT('Ctrl Pts',(-44.2943845324927,93.0714817799903,-2.75));
#4254=CARTESIAN_POINT('Ctrl Pts',(-43.3656203532319,92.6365762972746,-2.75));
#4255=CARTESIAN_POINT('Ctrl Pts',(-42.6697247094017,92.4448675886989,-2.75));
#4256=CARTESIAN_POINT('Ctrl Pts',(-42.302581863916,92.3735919837506,-2.75));
#4257=CARTESIAN_POINT('Origin',(6.11677864942209,-15.2101923128462,0.));
#4258=CARTESIAN_POINT('Origin',(6.11677864942209,-15.2101923128462,-2.75));
#4259=UNCERTAINTY_MEASURE_WITH_UNIT(LENGTH_MEASURE(0.01),#4263,
'DISTANCE_ACCURACY_VALUE',
'Maximum model space distance between geometric entities at asserted c
onnectivities');
#4260=UNCERTAINTY_MEASURE_WITH_UNIT(LENGTH_MEASURE(0.01),#4263,
'DISTANCE_ACCURACY_VALUE',
'Maximum model space distance between geometric entities at asserted c
onnectivities');
#4261=(
GEOMETRIC_REPRESENTATION_CONTEXT(3)
GLOBAL_UNCERTAINTY_ASSIGNED_CONTEXT((#4259))
GLOBAL_UNIT_ASSIGNED_CONTEXT((#4263,#4265,#4266))
REPRESENTATION_CONTEXT('','3D')
);
#4262=(
GEOMETRIC_REPRESENTATION_CONTEXT(3)
GLOBAL_UNCERTAINTY_ASSIGNED_CONTEXT((#4260))
GLOBAL_UNIT_ASSIGNED_CONTEXT((#4263,#4265,#4266))
REPRESENTATION_CONTEXT('','3D')
);
#4263=(
LENGTH_UNIT()
NAMED_UNIT(*)
SI_UNIT(.MILLI.,.METRE.)
);
#4264=(
LENGTH_UNIT()
NAMED_UNIT(*)
SI_UNIT($,.METRE.)
);
#4265=(
NAMED_UNIT(*)
PLANE_ANGLE_UNIT()
SI_UNIT($,.RADIAN.)
);
#4266=(
NAMED_UNIT(*)
SI_UNIT($,.STERADIAN.)
SOLID_ANGLE_UNIT()
);
#4267=SHAPE_DEFINITION_REPRESENTATION(#4268,#4269);
#4268=PRODUCT_DEFINITION_SHAPE('',$,#4271);
#4269=SHAPE_REPRESENTATION('',(#1968),#4261);
#4270=PRODUCT_DEFINITION_CONTEXT('part definition',#4275,'design');
#4271=PRODUCT_DEFINITION(
'CME Exclusive Classic Player Jazzmaster (2018) Pickguard',
'CME Exclusive Classic Player Jazzmaster (2018) Pickguard v2',#4272,#4270);
#4272=PRODUCT_DEFINITION_FORMATION('',$,#4277);
#4273=PRODUCT_RELATED_PRODUCT_CATEGORY(
'CME Exclusive Classic Player Jazzmaster (2018) Pickguard v2',
'CME Exclusive Classic Player Jazzmaster (2018) Pickguard v2',(#4277));
#4274=APPLICATION_PROTOCOL_DEFINITION('international standard',
'automotive_design',2009,#4275);
#4275=APPLICATION_CONTEXT(
'Core Data for Automotive Mechanical Design Process');
#4276=PRODUCT_CONTEXT('part definition',#4275,'mechanical');
#4277=PRODUCT(
'CME Exclusive Classic Player Jazzmaster (2018) Pickguard',
'CME Exclusive Classic Player Jazzmaster (2018) Pickguard v2',$,(#4276));
#4278=PRESENTATION_STYLE_ASSIGNMENT((#4279));
#4279=SURFACE_STYLE_USAGE(.BOTH.,#4280);
#4280=SURFACE_SIDE_STYLE('',(#4281));
#4281=SURFACE_STYLE_FILL_AREA(#4282);
#4282=FILL_AREA_STYLE('Steel - Satin',(#4283));
#4283=FILL_AREA_STYLE_COLOUR('Steel - Satin',#4284);
#4284=COLOUR_RGB('Steel - Satin',0.627450980392157,0.627450980392157,0.627450980392157);
ENDSEC;
END-ISO-10303-21;
