ISO-10303-21;
HEADER;
/* Generated by software containing ST-Developer
 * from STEP Tools, Inc. (www.steptools.com) 
 */

FILE_DESCRIPTION(
/* description */ (''),
/* implementation_level */ '2;1');

FILE_NAME(
/* name */ 'ER32 Chuck Base (M40x3).stp',
/* time_stamp */ '2025-11-15T15:01:46-05:00',
/* author */ ('JoshuaEah'),
/* organization */ (''),
/* preprocessor_version */ 'ST-DEVELOPER v20.1',
/* originating_system */ 'Autodesk Inventor 2026',
/* authorisation */ '');

FILE_SCHEMA (('AUTOMOTIVE_DESIGN { 1 0 10303 214 3 1 1 }'));
ENDSEC;

DATA;
#10=MECHANICAL_DESIGN_GEOMETRIC_PRESENTATION_REPRESENTATION('',(#13),#2838);
#11=SHAPE_REPRESENTATION_RELATIONSHIP('SRR','None',#2845,#12);
#12=ADVANCED_BREP_SHAPE_REPRESENTATION('',(#14),#2837);
#13=STYLED_ITEM('',(#2855),#14);
#14=MANIFOLD_SOLID_BREP('Solid2',#452);
#15=TOROIDAL_SURFACE('',#500,27.38225,7.5);
#16=TOROIDAL_SURFACE('',#515,38.5,1.5);
#17=FACE_BOUND('',#73,.T.);
#18=FACE_BOUND('',#76,.T.);
#19=FACE_BOUND('',#81,.T.);
#20=PLANE('',#493);
#21=PLANE('',#498);
#22=PLANE('',#503);
#23=PLANE('',#514);
#24=B_SPLINE_SURFACE_WITH_KNOTS('',3,3,((#1779,#1780,#1781,#1782,#1783,
#1784,#1785,#1786,#1787,#1788,#1789,#1790,#1791,#1792,#1793,#1794,#1795,
#1796,#1797,#1798,#1799,#1800,#1801,#1802,#1803,#1804,#1805,#1806,#1807,
#1808,#1809,#1810,#1811,#1812,#1813,#1814,#1815,#1816,#1817,#1818,#1819,
#1820,#1821,#1822,#1823,#1824,#1825,#1826,#1827,#1828,#1829,#1830,#1831,
#1832,#1833,#1834,#1835,#1836,#1837,#1838,#1839,#1840,#1841,#1842,#1843,
#1844,#1845,#1846,#1847,#1848,#1849,#1850,#1851,#1852,#1853,#1854,#1855,
#1856,#1857,#1858,#1859,#1860,#1861,#1862,#1863,#1864,#1865),(#1866,#1867,
#1868,#1869,#1870,#1871,#1872,#1873,#1874,#1875,#1876,#1877,#1878,#1879,
#1880,#1881,#1882,#1883,#1884,#1885,#1886,#1887,#1888,#1889,#1890,#1891,
#1892,#1893,#1894,#1895,#1896,#1897,#1898,#1899,#1900,#1901,#1902,#1903,
#1904,#1905,#1906,#1907,#1908,#1909,#1910,#1911,#1912,#1913,#1914,#1915,
#1916,#1917,#1918,#1919,#1920,#1921,#1922,#1923,#1924,#1925,#1926,#1927,
#1928,#1929,#1930,#1931,#1932,#1933,#1934,#1935,#1936,#1937,#1938,#1939,
#1940,#1941,#1942,#1943,#1944,#1945,#1946,#1947,#1948,#1949,#1950,#1951,
#1952),(#1953,#1954,#1955,#1956,#1957,#1958,#1959,#1960,#1961,#1962,#1963,
#1964,#1965,#1966,#1967,#1968,#1969,#1970,#1971,#1972,#1973,#1974,#1975,
#1976,#1977,#1978,#1979,#1980,#1981,#1982,#1983,#1984,#1985,#1986,#1987,
#1988,#1989,#1990,#1991,#1992,#1993,#1994,#1995,#1996,#1997,#1998,#1999,
#2000,#2001,#2002,#2003,#2004,#2005,#2006,#2007,#2008,#2009,#2010,#2011,
#2012,#2013,#2014,#2015,#2016,#2017,#2018,#2019,#2020,#2021,#2022,#2023,
#2024,#2025,#2026,#2027,#2028,#2029,#2030,#2031,#2032,#2033,#2034,#2035,
#2036,#2037,#2038,#2039),(#2040,#2041,#2042,#2043,#2044,#2045,#2046,#2047,
#2048,#2049,#2050,#2051,#2052,#2053,#2054,#2055,#2056,#2057,#2058,#2059,
#2060,#2061,#2062,#2063,#2064,#2065,#2066,#2067,#2068,#2069,#2070,#2071,
#2072,#2073,#2074,#2075,#2076,#2077,#2078,#2079,#2080,#2081,#2082,#2083,
#2084,#2085,#2086,#2087,#2088,#2089,#2090,#2091,#2092,#2093,#2094,#2095,
#2096,#2097,#2098,#2099,#2100,#2101,#2102,#2103,#2104,#2105,#2106,#2107,
#2108,#2109,#2110,#2111,#2112,#2113,#2114,#2115,#2116,#2117,#2118,#2119,
#2120,#2121,#2122,#2123,#2124,#2125,#2126)),.UNSPECIFIED.,.F.,.F.,.F.,(4,
4),(4,1,1,1,1,1,1,1,1,1,1,1,1,1,1,1,1,1,1,1,1,1,1,1,1,1,1,1,1,1,1,1,1,1,
1,1,1,1,1,1,1,1,1,1,1,1,1,1,1,1,1,1,1,1,1,1,1,1,1,1,1,1,1,1,1,1,1,1,1,1,
1,1,1,1,1,1,1,1,1,1,1,1,1,1,4),(0.,0.198296723455869),(11.6150328478183,
12.1134860070755,12.6119391663327,13.1103923255899,13.608845484847,14.1072986441042,
14.6057518033614,15.1042049626186,15.6026581218758,16.101111281133,16.5995644403902,
17.0980175996473,17.5964707589045,18.0949239181617,18.5933770774189,19.0918302366761,
19.5902833959333,20.0887365551905,20.5871897144477,21.0856428737048,21.584096032962,
22.0825491922192,22.5810023514764,23.0794555107336,23.5779086699908,24.076361829248,
24.5748149885052,25.0732681477623,25.5717213070195,26.0701744662767,26.5686276255339,
27.0670807847911,27.5655339440483,28.0639871033055,28.5624402625626,29.0608934218198,
29.559346581077,30.0577997403342,30.5562528995914,31.0547060588486,31.5531592181058,
32.051612377363,32.5500655366201,33.0485186958773,33.5469718551345,34.0454250143917,
34.5438781736489,35.0423313329061,35.5407844921633,36.0392376514204,36.5376908106776,
37.0361439699348,37.534597129192,38.0330502884492,38.5315034477064,39.0299566069636,
39.5284097662208,40.0268629254779,40.5253160847351,41.0237692439923,41.5222224032495,
42.0206755625067,42.5191287217639,43.0175818810211,43.5160350402782,44.0144881995354,
44.5129413587926,45.0113945180498,45.509847677307,46.0083008365642,46.5067539958214,
47.0052071550786,47.5036603143357,48.0021134735929,48.5005666328501,48.9990197921073,
49.4974729513645,49.9959261106217,50.4943792698789,50.992832429136,51.4912855883932,
51.9897387476504,52.4881919069076,52.9866450661648,53.485098225422),
 .UNSPECIFIED.);
#25=B_SPLINE_SURFACE_WITH_KNOTS('',3,3,((#2289,#2290,#2291,#2292,#2293,
#2294,#2295,#2296,#2297,#2298,#2299,#2300,#2301,#2302,#2303,#2304,#2305,
#2306,#2307,#2308,#2309,#2310,#2311,#2312,#2313,#2314,#2315,#2316,#2317,
#2318,#2319,#2320,#2321,#2322,#2323,#2324,#2325,#2326,#2327,#2328,#2329,
#2330,#2331,#2332,#2333,#2334,#2335,#2336,#2337,#2338,#2339,#2340,#2341,
#2342,#2343,#2344,#2345,#2346,#2347,#2348,#2349,#2350,#2351,#2352,#2353,
#2354,#2355,#2356,#2357,#2358,#2359,#2360,#2361,#2362,#2363,#2364,#2365,
#2366,#2367,#2368,#2369,#2370,#2371,#2372,#2373,#2374,#2375),(#2376,#2377,
#2378,#2379,#2380,#2381,#2382,#2383,#2384,#2385,#2386,#2387,#2388,#2389,
#2390,#2391,#2392,#2393,#2394,#2395,#2396,#2397,#2398,#2399,#2400,#2401,
#2402,#2403,#2404,#2405,#2406,#2407,#2408,#2409,#2410,#2411,#2412,#2413,
#2414,#2415,#2416,#2417,#2418,#2419,#2420,#2421,#2422,#2423,#2424,#2425,
#2426,#2427,#2428,#2429,#2430,#2431,#2432,#2433,#2434,#2435,#2436,#2437,
#2438,#2439,#2440,#2441,#2442,#2443,#2444,#2445,#2446,#2447,#2448,#2449,
#2450,#2451,#2452,#2453,#2454,#2455,#2456,#2457,#2458,#2459,#2460,#2461,
#2462),(#2463,#2464,#2465,#2466,#2467,#2468,#2469,#2470,#2471,#2472,#2473,
#2474,#2475,#2476,#2477,#2478,#2479,#2480,#2481,#2482,#2483,#2484,#2485,
#2486,#2487,#2488,#2489,#2490,#2491,#2492,#2493,#2494,#2495,#2496,#2497,
#2498,#2499,#2500,#2501,#2502,#2503,#2504,#2505,#2506,#2507,#2508,#2509,
#2510,#2511,#2512,#2513,#2514,#2515,#2516,#2517,#2518,#2519,#2520,#2521,
#2522,#2523,#2524,#2525,#2526,#2527,#2528,#2529,#2530,#2531,#2532,#2533,
#2534,#2535,#2536,#2537,#2538,#2539,#2540,#2541,#2542,#2543,#2544,#2545,
#2546,#2547,#2548,#2549),(#2550,#2551,#2552,#2553,#2554,#2555,#2556,#2557,
#2558,#2559,#2560,#2561,#2562,#2563,#2564,#2565,#2566,#2567,#2568,#2569,
#2570,#2571,#2572,#2573,#2574,#2575,#2576,#2577,#2578,#2579,#2580,#2581,
#2582,#2583,#2584,#2585,#2586,#2587,#2588,#2589,#2590,#2591,#2592,#2593,
#2594,#2595,#2596,#2597,#2598,#2599,#2600,#2601,#2602,#2603,#2604,#2605,
#2606,#2607,#2608,#2609,#2610,#2611,#2612,#2613,#2614,#2615,#2616,#2617,
#2618,#2619,#2620,#2621,#2622,#2623,#2624,#2625,#2626,#2627,#2628,#2629,
#2630,#2631,#2632,#2633,#2634,#2635,#2636)),.UNSPECIFIED.,.F.,.F.,.F.,(4,
4),(4,1,1,1,1,1,1,1,1,1,1,1,1,1,1,1,1,1,1,1,1,1,1,1,1,1,1,1,1,1,1,1,1,1,
1,1,1,1,1,1,1,1,1,1,1,1,1,1,1,1,1,1,1,1,1,1,1,1,1,1,1,1,1,1,1,1,1,1,1,1,
1,1,1,1,1,1,1,1,1,1,1,1,1,1,4),(0.,0.198296723455869),(8.29955729517724,
8.79801045443443,9.29646361369162,9.79491677294881,10.293369932206,10.7918230914632,
11.2902762507204,11.7887294099776,12.2871825692347,12.7856357284919,13.2840888877491,
13.7825420470063,14.2809952062635,14.7794483655207,15.2779015247779,15.776354684035,
16.2748078432922,16.7732610025494,17.2717141618066,17.7701673210638,18.268620480321,
18.7670736395782,19.2655267988354,19.7639799580925,20.2624331173497,20.7608862766069,
21.2593394358641,21.7577925951213,22.2562457543785,22.7546989136357,23.2531520728929,
23.75160523215,24.2500583914072,24.7485115506644,25.2469647099216,25.7454178691788,
26.243871028436,26.7423241876932,27.2407773469503,27.7392305062075,28.2376836654647,
28.7361368247219,29.2345899839791,29.7330431432363,30.2314963024935,30.7299494617507,
31.2284026210078,31.726855780265,32.2253089395222,32.7237620987794,33.2222152580366,
33.7206684172938,34.219121576551,34.7175747358081,35.2160278950653,35.7144810543225,
36.2129342135797,36.7113873728369,37.2098405320941,37.7082936913513,38.2067468506085,
38.7052000098656,39.2036531691228,39.70210632838,40.2005594876372,40.6990126468944,
41.1974658061516,41.6959189654088,42.194372124666,42.6928252839231,43.1912784431803,
43.6897316024375,44.1881847616947,44.6866379209519,45.1850910802091,45.6835442394663,
46.1819973987234,46.6804505579806,47.1789037172378,47.677356876495,48.1758100357522,
48.6742631950094,49.1727163542666,49.6711695135238,50.1696226727809),
 .UNSPECIFIED.);
#26=CONICAL_SURFACE('',#489,19.13225,0.785398163397447);
#27=CONICAL_SURFACE('',#509,16.,0.143083293668156);
#28=FACE_OUTER_BOUND('',#54,.T.);
#29=FACE_OUTER_BOUND('',#55,.T.);
#30=FACE_OUTER_BOUND('',#56,.T.);
#31=FACE_OUTER_BOUND('',#57,.T.);
#32=FACE_OUTER_BOUND('',#58,.T.);
#33=FACE_OUTER_BOUND('',#59,.T.);
#34=FACE_OUTER_BOUND('',#60,.T.);
#35=FACE_OUTER_BOUND('',#61,.T.);
#36=FACE_OUTER_BOUND('',#62,.T.);
#37=FACE_OUTER_BOUND('',#63,.T.);
#38=FACE_OUTER_BOUND('',#64,.T.);
#39=FACE_OUTER_BOUND('',#65,.T.);
#40=FACE_OUTER_BOUND('',#66,.T.);
#41=FACE_OUTER_BOUND('',#67,.T.);
#42=FACE_OUTER_BOUND('',#68,.T.);
#43=FACE_OUTER_BOUND('',#69,.T.);
#44=FACE_OUTER_BOUND('',#70,.T.);
#45=FACE_OUTER_BOUND('',#71,.T.);
#46=FACE_OUTER_BOUND('',#72,.T.);
#47=FACE_OUTER_BOUND('',#74,.T.);
#48=FACE_OUTER_BOUND('',#75,.T.);
#49=FACE_OUTER_BOUND('',#77,.T.);
#50=FACE_OUTER_BOUND('',#78,.T.);
#51=FACE_OUTER_BOUND('',#79,.T.);
#52=FACE_OUTER_BOUND('',#80,.T.);
#53=FACE_OUTER_BOUND('',#82,.T.);
#54=EDGE_LOOP('',(#276,#277,#278,#279));
#55=EDGE_LOOP('',(#280,#281,#282,#283));
#56=EDGE_LOOP('',(#284,#285,#286,#287));
#57=EDGE_LOOP('',(#288,#289,#290,#291));
#58=EDGE_LOOP('',(#292,#293,#294,#295));
#59=EDGE_LOOP('',(#296,#297,#298,#299));
#60=EDGE_LOOP('',(#300,#301,#302,#303));
#61=EDGE_LOOP('',(#304,#305,#306,#307));
#62=EDGE_LOOP('',(#308,#309,#310,#311));
#63=EDGE_LOOP('',(#312,#313,#314,#315));
#64=EDGE_LOOP('',(#316,#317,#318,#319));
#65=EDGE_LOOP('',(#320,#321,#322,#323));
#66=EDGE_LOOP('',(#324,#325,#326,#327));
#67=EDGE_LOOP('',(#328,#329,#330,#331));
#68=EDGE_LOOP('',(#332,#333,#334,#335,#336,#337,#338,#339,#340,#341,#342,
#343,#344,#345,#346,#347,#348));
#69=EDGE_LOOP('',(#349,#350,#351,#352,#353,#354,#355,#356,#357,#358,#359,
#360,#361,#362,#363,#364,#365));
#70=EDGE_LOOP('',(#366,#367,#368,#369,#370));
#71=EDGE_LOOP('',(#371,#372,#373,#374));
#72=EDGE_LOOP('',(#375,#376,#377,#378));
#73=EDGE_LOOP('',(#379));
#74=EDGE_LOOP('',(#380,#381,#382,#383,#384,#385));
#75=EDGE_LOOP('',(#386));
#76=EDGE_LOOP('',(#387));
#77=EDGE_LOOP('',(#388,#389,#390,#391,#392));
#78=EDGE_LOOP('',(#393,#394,#395,#396,#397));
#79=EDGE_LOOP('',(#398,#399,#400,#401,#402));
#80=EDGE_LOOP('',(#403));
#81=EDGE_LOOP('',(#404));
#82=EDGE_LOOP('',(#405,#406,#407,#408,#409));
#83=CIRCLE('',#476,18.16495);
#84=CIRCLE('',#483,19.88225);
#85=CIRCLE('',#490,19.88225);
#86=CIRCLE('',#491,18.38225);
#87=CIRCLE('',#494,19.88225);
#88=CIRCLE('',#495,18.16495);
#89=CIRCLE('',#496,19.88225);
#90=CIRCLE('',#499,16.);
#91=CIRCLE('',#501,27.38225);
#92=CIRCLE('',#502,7.5);
#93=CIRCLE('',#504,38.5);
#94=CIRCLE('',#506,40.);
#95=CIRCLE('',#507,40.);
#96=CIRCLE('',#508,40.);
#97=CIRCLE('',#510,11.75);
#98=CIRCLE('',#511,11.75);
#99=CIRCLE('',#513,11.75);
#100=CIRCLE('',#516,1.5);
#101=B_SPLINE_CURVE_WITH_KNOTS('',3,(#624,#625,#626,#627,#628,#629,#630,
#631,#632,#633,#634,#635),.UNSPECIFIED.,.F.,.F.,(4,1,1,1,1,1,1,1,1,4),(47.1238898038469,
47.5036603143357,48.0021134735929,48.5005666328501,48.9990197921073,49.4974729513645,
49.9959261106217,50.4943792698789,50.992832429136,51.408539793289),
 .UNSPECIFIED.);
#102=B_SPLINE_CURVE_WITH_KNOTS('',3,(#638,#639,#640,#641,#642,#643,#644,
#645,#646,#647),.UNSPECIFIED.,.F.,.F.,(4,1,1,1,1,1,1,4),(47.1238898038469,
47.1789037172378,47.677356876495,48.1758100357522,48.6742631950094,49.1727163542666,
49.6711695135238,50.1696226727809),.UNSPECIFIED.);
#103=B_SPLINE_CURVE_WITH_KNOTS('',3,(#652,#653,#654,#655,#656,#657,#658,
#659,#660,#661,#662,#663,#664,#665,#666,#667,#668),.UNSPECIFIED.,.F.,.F.,
(4,1,1,1,1,1,1,1,1,1,1,1,1,1,4),(40.8407044966673,41.0237692439923,41.5222224032495,
42.0206755625067,42.5191287217639,43.0175818810211,43.5160350402782,44.0144881995354,
44.5129413587926,45.0113945180498,45.509847677307,46.0083008365642,46.5067539958214,
47.0052071550786,47.1238898038469),.UNSPECIFIED.);
#104=B_SPLINE_CURVE_WITH_KNOTS('',3,(#669,#670,#671,#672,#673,#674,#675,
#676,#677,#678,#679,#680,#681,#682,#683,#684),.UNSPECIFIED.,.F.,.F.,(4,
1,1,1,1,1,1,1,1,1,1,1,1,4),(40.8407044966673,41.1974658061516,41.6959189654088,
42.194372124666,42.6928252839231,43.1912784431803,43.6897316024375,44.1881847616947,
44.6866379209519,45.1850910802091,45.6835442394663,46.1819973987234,46.6804505579806,
47.1238898038469),.UNSPECIFIED.);
#105=B_SPLINE_CURVE_WITH_KNOTS('',3,(#689,#690,#691,#692,#693,#694,#695,
#696,#697,#698,#699,#700,#701,#702,#703,#704),.UNSPECIFIED.,.F.,.F.,(4,
1,1,1,1,1,1,1,1,1,1,1,1,4),(34.5575191894877,35.0423313329061,35.5407844921633,
36.0392376514204,36.5376908106776,37.0361439699348,37.534597129192,38.0330502884492,
38.5315034477064,39.0299566069636,39.5284097662208,40.0268629254779,40.5253160847351,
40.8407044966673),.UNSPECIFIED.);
#106=B_SPLINE_CURVE_WITH_KNOTS('',3,(#705,#706,#707,#708,#709,#710,#711,
#712,#713,#714,#715,#716,#717,#718,#719,#720,#721),.UNSPECIFIED.,.F.,.F.,
(4,1,1,1,1,1,1,1,1,1,1,1,1,1,4),(34.5575191894877,34.7175747358081,35.2160278950653,
35.7144810543225,36.2129342135797,36.7113873728369,37.2098405320941,37.7082936913513,
38.2067468506085,38.7052000098656,39.2036531691228,39.70210632838,40.2005594876372,
40.6990126468944,40.8407044966673),.UNSPECIFIED.);
#107=B_SPLINE_CURVE_WITH_KNOTS('',3,(#726,#727,#728,#729,#730,#731,#732,
#733,#734,#735,#736,#737,#738,#739,#740,#741,#742),.UNSPECIFIED.,.F.,.F.,
(4,1,1,1,1,1,1,1,1,1,1,1,1,1,4),(28.2743338823081,28.5624402625626,29.0608934218198,
29.559346581077,30.0577997403342,30.5562528995914,31.0547060588486,31.5531592181058,
32.051612377363,32.5500655366201,33.0485186958773,33.5469718551345,34.0454250143917,
34.5438781736489,34.5575191894877),.UNSPECIFIED.);
#108=B_SPLINE_CURVE_WITH_KNOTS('',3,(#743,#744,#745,#746,#747,#748,#749,
#750,#751,#752,#753,#754,#755,#756,#757,#758),.UNSPECIFIED.,.F.,.F.,(4,
1,1,1,1,1,1,1,1,1,1,1,1,4),(28.2743338823081,28.7361368247219,29.2345899839791,
29.7330431432363,30.2314963024935,30.7299494617507,31.2284026210078,31.726855780265,
32.2253089395222,32.7237620987794,33.2222152580366,33.7206684172938,34.219121576551,
34.5575191894877),.UNSPECIFIED.);
#109=B_SPLINE_CURVE_WITH_KNOTS('',3,(#763,#764,#765,#766,#767,#768,#769,
#770,#771,#772,#773,#774,#775,#776,#777,#778,#779),.UNSPECIFIED.,.F.,.F.,
(4,1,1,1,1,1,1,1,1,1,1,1,1,1,4),(21.9911485751285,22.0825491922192,22.5810023514764,
23.0794555107336,23.5779086699908,24.076361829248,24.5748149885052,25.0732681477623,
25.5717213070195,26.0701744662767,26.5686276255339,27.0670807847911,27.5655339440483,
28.0639871033055,28.2743338823081),.UNSPECIFIED.);
#110=B_SPLINE_CURVE_WITH_KNOTS('',3,(#780,#781,#782,#783,#784,#785,#786,
#787,#788,#789,#790,#791,#792,#793,#794,#795,#796),.UNSPECIFIED.,.F.,.F.,
(4,1,1,1,1,1,1,1,1,1,1,1,1,1,4),(21.9911485751285,22.2562457543785,22.7546989136357,
23.2531520728929,23.75160523215,24.2500583914072,24.7485115506644,25.2469647099216,
25.7454178691788,26.243871028436,26.7423241876932,27.2407773469503,27.7392305062075,
28.2376836654647,28.2743338823081),.UNSPECIFIED.);
#111=B_SPLINE_CURVE_WITH_KNOTS('',3,(#801,#802,#803,#804,#805,#806,#807,
#808,#809,#810,#811,#812,#813,#814,#815,#816),.UNSPECIFIED.,.F.,.F.,(4,
1,1,1,1,1,1,1,1,1,1,1,1,4),(15.7079632679489,16.101111281133,16.5995644403902,
17.0980175996473,17.5964707589045,18.0949239181617,18.5933770774189,19.0918302366761,
19.5902833959333,20.0887365551905,20.5871897144477,21.0856428737048,21.584096032962,
21.9911485751285),.UNSPECIFIED.);
#112=B_SPLINE_CURVE_WITH_KNOTS('',3,(#817,#818,#819,#820,#821,#822,#823,
#824,#825,#826,#827,#828,#829,#830,#831,#832,#833),.UNSPECIFIED.,.F.,.F.,
(4,1,1,1,1,1,1,1,1,1,1,1,1,1,4),(15.7079632679489,15.776354684035,16.2748078432922,
16.7732610025494,17.2717141618066,17.7701673210638,18.268620480321,18.7670736395782,
19.2655267988354,19.7639799580925,20.2624331173497,20.7608862766069,21.2593394358641,
21.7577925951213,21.9911485751285),.UNSPECIFIED.);
#113=B_SPLINE_CURVE_WITH_KNOTS('',3,(#839,#840,#841,#842,#843,#844,#845,
#846,#847,#848,#849,#850,#851,#852,#853,#854),.UNSPECIFIED.,.F.,.F.,(4,
3,3,3,3,4),(-4.09293042013065,-3.98762527405749,-3.4891721148003,-2.99071895554312,
-2.49226579628593,-2.07655843213295),.UNSPECIFIED.);
#114=B_SPLINE_CURVE_WITH_KNOTS('',3,(#857,#858,#859,#860,#861,#862,#863,
#864,#865,#866),.UNSPECIFIED.,.F.,.F.,(4,3,3,4),(0.,0.498453159257186,0.996906318514373,
1.12522066559212),.UNSPECIFIED.);
#115=B_SPLINE_CURVE_WITH_KNOTS('',3,(#871,#872,#873,#874,#875,#876,#877,
#878,#879,#880,#881,#882,#883,#884,#885,#886,#887,#888,#889,#890,#891,#892,
#893,#894,#895,#896,#897,#898,#899,#900,#901,#902,#903,#904,#905,#906,#907,
#908,#909,#910),.UNSPECIFIED.,.F.,.F.,(4,3,3,3,3,3,3,3,3,3,3,3,3,4),(-10.3761157273102,
-9.96906318514373,-9.47061002588655,-8.97215686662936,-8.47370370737218,
-7.97525054811499,-7.4767973888578,-6.97834422960062,-6.47989107034343,
-5.98143791108624,-5.48298475182905,-4.98453159257187,-4.48607843331468,
-4.09293042013065),.UNSPECIFIED.);
#116=B_SPLINE_CURVE_WITH_KNOTS('',3,(#911,#912,#913,#914,#915,#916,#917,
#918,#919,#920,#921,#922,#923,#924,#925,#926,#927,#928,#929,#930,#931,#932,
#933,#934,#935,#936,#937,#938,#939,#940,#941,#942,#943,#944,#945,#946,#947,
#948,#949,#950),.UNSPECIFIED.,.F.,.F.,(4,3,3,3,3,3,3,3,3,3,3,3,3,4),(1.12522066559212,
1.49535947777156,1.99381263702875,2.49226579628593,2.99071895554312,3.48917211480031,
3.98762527405749,4.48607843331468,4.98453159257187,5.48298475182905,5.98143791108624,
6.47989107034343,6.97834422960061,7.4084059727717),.UNSPECIFIED.);
#117=B_SPLINE_CURVE_WITH_KNOTS('',3,(#955,#956,#957,#958,#959,#960,#961,
#962,#963,#964,#965,#966,#967,#968,#969,#970,#971,#972,#973,#974,#975,#976,
#977,#978,#979,#980,#981,#982,#983,#984,#985,#986,#987,#988,#989,#990,#991,
#992,#993,#994,#995,#996,#997),.UNSPECIFIED.,.F.,.F.,(4,3,3,3,3,3,3,3,3,
3,3,3,3,3,4),(-16.6593010344898,-16.4489542554872,-15.95050109623,-15.4520479369728,
-14.9535947777156,-14.4551416184584,-13.9566884592012,-13.458235299944,
-12.9597821406869,-12.4613289814297,-11.9628758221725,-11.4644226629153,
-10.9659695036581,-10.4675163444009,-10.3761157273102),.UNSPECIFIED.);
#118=B_SPLINE_CURVE_WITH_KNOTS('',3,(#998,#999,#1000,#1001,#1002,#1003,
#1004,#1005,#1006,#1007,#1008,#1009,#1010,#1011,#1012,#1013,#1014,#1015,
#1016,#1017,#1018,#1019,#1020,#1021,#1022,#1023,#1024,#1025,#1026,#1027,
#1028,#1029,#1030,#1031,#1032,#1033,#1034,#1035,#1036,#1037,#1038,#1039,
#1040),.UNSPECIFIED.,.F.,.F.,(4,3,3,3,3,3,3,3,3,3,3,3,3,3,4),(7.4084059727717,
7.4767973888578,7.97525054811499,8.47370370737217,8.97215686662936,9.47061002588655,
9.96906318514374,10.4675163444009,10.9659695036581,11.4644226629153,11.9628758221725,
12.4613289814297,12.9597821406869,13.458235299944,13.6915912799513),
 .UNSPECIFIED.);
#119=B_SPLINE_CURVE_WITH_KNOTS('',3,(#1045,#1046,#1047,#1048,#1049,#1050,
#1051,#1052,#1053,#1054,#1055,#1056,#1057,#1058,#1059,#1060,#1061,#1062,
#1063,#1064,#1065,#1066,#1067,#1068,#1069,#1070,#1071,#1072,#1073,#1074,
#1075,#1076,#1077,#1078,#1079,#1080,#1081,#1082,#1083,#1084,#1085,#1086,
#1087),.UNSPECIFIED.,.F.,.F.,(4,3,3,3,3,3,3,3,3,3,3,3,3,3,4),(-22.9424863416694,
-22.9288453258306,-22.4303921665734,-21.9319390073162,-21.433485848059,
-20.9350326888018,-20.4365795295447,-19.9381263702875,-19.4396732110303,
-18.9412200517731,-18.4427668925159,-17.9443137332587,-17.4458605740015,
-16.9474074147443,-16.6593010344898),.UNSPECIFIED.);
#120=B_SPLINE_CURVE_WITH_KNOTS('',3,(#1088,#1089,#1090,#1091,#1092,#1093,
#1094,#1095,#1096,#1097,#1098,#1099,#1100,#1101,#1102,#1103,#1104,#1105,
#1106,#1107,#1108,#1109,#1110,#1111,#1112,#1113,#1114,#1115,#1116,#1117,
#1118,#1119,#1120,#1121,#1122,#1123,#1124,#1125,#1126,#1127,#1128,#1129,
#1130),.UNSPECIFIED.,.F.,.F.,(4,3,3,3,3,3,3,3,3,3,3,3,3,3,4),(13.6915912799513,
13.9566884592012,14.4551416184584,14.9535947777156,15.4520479369728,15.95050109623,
16.4489542554872,16.9474074147444,17.4458605740015,17.9443137332587,18.4427668925159,
18.9412200517731,19.4396732110303,19.9381263702875,19.9747765871309),
 .UNSPECIFIED.);
#121=B_SPLINE_CURVE_WITH_KNOTS('',3,(#1135,#1136,#1137,#1138,#1139,#1140,
#1141,#1142,#1143,#1144,#1145,#1146,#1147,#1148,#1149,#1150,#1151,#1152,
#1153,#1154,#1155,#1156,#1157,#1158,#1159,#1160,#1161,#1162,#1163,#1164,
#1165,#1166,#1167,#1168,#1169,#1170,#1171,#1172,#1173,#1174),
 .UNSPECIFIED.,.F.,.F.,(4,3,3,3,3,3,3,3,3,3,3,3,3,4),(-29.225671648849,
-28.9102832369168,-28.4118300776596,-27.9133769184025,-27.4149237591453,
-26.9164705998881,-26.4180174406309,-25.9195642813737,-25.4211111221165,
-24.9226579628593,-24.4242048036022,-23.925751644345,-23.4272984850878,
-22.9424863416694),.UNSPECIFIED.);
#122=B_SPLINE_CURVE_WITH_KNOTS('',3,(#1175,#1176,#1177,#1178,#1179,#1180,
#1181,#1182,#1183,#1184,#1185,#1186,#1187,#1188,#1189,#1190,#1191,#1192,
#1193,#1194,#1195,#1196,#1197,#1198,#1199,#1200,#1201,#1202,#1203,#1204,
#1205,#1206,#1207,#1208,#1209,#1210,#1211,#1212,#1213,#1214),
 .UNSPECIFIED.,.F.,.F.,(4,3,3,3,3,3,3,3,3,3,3,3,3,4),(19.9747765871309,
20.4365795295447,20.9350326888018,21.433485848059,21.9319390073162,22.4303921665734,
22.9288453258306,23.4272984850878,23.925751644345,24.4242048036022,24.9226579628593,
25.4211111221165,25.9195642813737,26.2579618943105),.UNSPECIFIED.);
#123=B_SPLINE_CURVE_WITH_KNOTS('',3,(#1219,#1220,#1221,#1222,#1223,#1224,
#1225,#1226,#1227,#1228,#1229,#1230,#1231,#1232,#1233,#1234,#1235,#1236,
#1237,#1238,#1239,#1240,#1241,#1242,#1243,#1244,#1245,#1246,#1247,#1248,
#1249,#1250,#1251,#1252,#1253,#1254,#1255,#1256,#1257,#1258,#1259,#1260,
#1261),.UNSPECIFIED.,.F.,.F.,(4,3,3,3,3,3,3,3,3,3,3,3,3,3,4),(-35.5088569560286,
-35.3901743072603,-34.8917211480031,-34.3932679887459,-33.8948148294887,
-33.3963616702315,-32.8979085109743,-32.3994553517171,-31.9010021924599,
-31.4025490332028,-30.9040958739456,-30.4056427146884,-29.9071895554312,
-29.408736396174,-29.225671648849),.UNSPECIFIED.);
#124=B_SPLINE_CURVE_WITH_KNOTS('',3,(#1262,#1263,#1264,#1265,#1266,#1267,
#1268,#1269,#1270,#1271,#1272,#1273,#1274,#1275,#1276,#1277,#1278,#1279,
#1280,#1281,#1282,#1283,#1284,#1285,#1286,#1287,#1288,#1289,#1290,#1291,
#1292,#1293,#1294,#1295,#1296,#1297,#1298,#1299,#1300,#1301,#1302,#1303,
#1304),.UNSPECIFIED.,.F.,.F.,(4,3,3,3,3,3,3,3,3,3,3,3,3,3,4),(26.2579618943105,
26.4180174406309,26.9164705998881,27.4149237591453,27.9133769184025,28.4118300776597,
28.9102832369168,29.408736396174,29.9071895554312,30.4056427146884,30.9040958739456,
31.4025490332028,31.90100219246,32.3994553517171,32.54114720149),
 .UNSPECIFIED.);
#125=B_SPLINE_CURVE_WITH_KNOTS('',3,(#1308,#1309,#1310,#1311,#1312,#1313,
#1314,#1315,#1316,#1317,#1318,#1319,#1320,#1321,#1322,#1323,#1324,#1325,
#1326,#1327,#1328,#1329,#1330,#1331,#1332,#1333,#1334,#1335,#1336,#1337,
#1338,#1339,#1340,#1341,#1342,#1343,#1344,#1345,#1346,#1347,#1348,#1349,
#1350,#1351,#1352,#1353,#1354,#1355,#1356,#1357,#1358,#1359,#1360,#1361,
#1362,#1363,#1364,#1365,#1366,#1367,#1368,#1369,#1370,#1371,#1372,#1373,
#1374,#1375,#1376,#1377,#1378,#1379,#1380,#1381,#1382,#1383,#1384,#1385,
#1386,#1387,#1388,#1389,#1390,#1391,#1392,#1393,#1394,#1395,#1396,#1397,
#1398),.UNSPECIFIED.,.F.,.F.,(4,3,3,3,3,3,3,3,3,3,3,3,3,3,3,3,3,3,3,3,3,
3,3,3,3,3,3,3,3,3,4),(-2.55926362548226,-2.44102135938716,-2.33251547026874,
-2.27826252570953,-2.26202444617643,-2.25307677947852,-2.22400958115033,
-2.10553441225939,-1.98674503055511,-1.86691049563528,-1.74658075421118,
-1.62898762316409,-1.54079277487878,-1.52331048787322,-1.51185927264253,
-1.38980281331044,-1.27620823002284,-1.15424758313697,-1.03222652435674,
-0.909894055648597,-0.833722680559513,-0.795629371098208,-0.778796157606826,
-0.7615112873142,-0.638057867291936,-0.513854583637627,-0.389431467681642,
-0.300523054935929,-0.176687099814799,-0.0524328746768677,0.),
 .UNSPECIFIED.);
#126=B_SPLINE_CURVE_WITH_KNOTS('',3,(#1402,#1403,#1404,#1405,#1406,#1407,
#1408,#1409,#1410,#1411,#1412,#1413,#1414,#1415,#1416,#1417,#1418,#1419,
#1420,#1421,#1422,#1423,#1424,#1425,#1426,#1427,#1428,#1429,#1430,#1431,
#1432,#1433,#1434,#1435,#1436,#1437,#1438,#1439,#1440,#1441,#1442,#1443,
#1444,#1445,#1446,#1447,#1448,#1449,#1450,#1451,#1452,#1453,#1454,#1455,
#1456,#1457,#1458,#1459,#1460,#1461,#1462,#1463,#1464,#1465,#1466,#1467,
#1468,#1469,#1470,#1471,#1472,#1473,#1474,#1475,#1476,#1477,#1478,#1479,
#1480,#1481,#1482,#1483,#1484,#1485,#1486,#1487,#1488,#1489,#1490,#1491,
#1492,#1493,#1494,#1495,#1496,#1497,#1498,#1499,#1500,#1501,#1502,#1503,
#1504,#1505,#1506,#1507,#1508,#1509,#1510,#1511,#1512,#1513,#1514,#1515,
#1516,#1517,#1518,#1519,#1520,#1521,#1522,#1523,#1524,#1525,#1526,#1527,
#1528,#1529,#1530,#1531,#1532,#1533,#1534,#1535,#1536,#1537,#1538,#1539,
#1540,#1541,#1542,#1543,#1544,#1545,#1546,#1547,#1548,#1549,#1550,#1551,
#1552,#1553,#1554,#1555,#1556,#1557,#1558,#1559,#1560,#1561,#1562,#1563,
#1564,#1565,#1566,#1567,#1568,#1569,#1570,#1571,#1572,#1573,#1574,#1575,
#1576,#1577,#1578,#1579,#1580,#1581,#1582,#1583,#1584,#1585,#1586,#1587,
#1588,#1589,#1590,#1591,#1592,#1593,#1594,#1595,#1596,#1597,#1598,#1599,
#1600,#1601,#1602,#1603,#1604,#1605,#1606,#1607,#1608,#1609,#1610,#1611,
#1612,#1613,#1614,#1615,#1616,#1617,#1618,#1619,#1620,#1621,#1622,#1623,
#1624,#1625,#1626,#1627,#1628,#1629,#1630,#1631,#1632,#1633,#1634,#1635,
#1636,#1637,#1638,#1639,#1640,#1641,#1642,#1643,#1644,#1645,#1646,#1647,
#1648,#1649,#1650,#1651,#1652,#1653,#1654,#1655,#1656,#1657,#1658,#1659,
#1660,#1661,#1662,#1663,#1664,#1665,#1666,#1667,#1668,#1669,#1670,#1671,
#1672,#1673,#1674,#1675,#1676,#1677,#1678,#1679,#1680,#1681,#1682,#1683,
#1684,#1685,#1686,#1687,#1688,#1689,#1690,#1691,#1692,#1693,#1694,#1695,
#1696,#1697,#1698,#1699,#1700,#1701,#1702,#1703,#1704,#1705,#1706,#1707,
#1708,#1709,#1710,#1711,#1712,#1713,#1714,#1715,#1716,#1717,#1718,#1719,
#1720,#1721,#1722,#1723,#1724,#1725,#1726),.UNSPECIFIED.,.F.,.F.,(4,3,3,
3,3,3,3,3,3,3,3,3,3,3,3,3,3,3,3,3,3,3,3,3,3,3,3,3,3,3,3,3,3,3,3,3,3,3,3,
3,3,3,3,3,3,3,3,3,3,3,3,3,3,3,3,3,3,3,3,3,3,3,3,3,3,3,3,3,3,3,3,3,3,3,3,
3,3,3,3,3,3,3,3,3,3,3,3,3,3,3,3,3,3,3,3,3,3,3,3,3,3,3,3,3,3,3,3,3,4),(-9.98607361838279,
-9.86086021268256,-9.73577082162668,-9.61182035770542,-9.52227756130062,
-9.46075009589123,-9.446487245916,-9.43295976208736,-9.30894696837475,-9.18419142022652,
-9.05934727233977,-8.92896998294239,-8.90827724382036,-8.89733786334094,
-8.77298703411349,-8.6486121165136,-8.53783811475027,-8.41331445708808,
-8.28884633625778,-8.19767067331133,-8.15778132077226,-8.1406719440041,
-8.13041995032924,-8.00721957746305,-7.88316972728129,-7.75930683755295,
-7.63663103105619,-7.55944103268621,-7.43813353622249,-7.38506150651962,
-7.36807529181369,-7.24593558378853,-7.12278384988705,-6.99923696935776,
-6.87632562569057,-6.75437900557806,-6.67168003327727,-6.63033054712688,
-6.61892773313442,-6.60749764539093,-6.58898106097648,-6.46778630544381,
-6.34542135331982,-6.22246745683549,-6.09958788245834,-5.98111201395644,
-5.89225511258001,-5.86649166866344,-5.85517105244732,-5.73289201149518,
-5.62568440845073,-5.50367906560112,-5.38125678418023,-5.259087526379,-5.18537147940658,
-5.11845621354708,-5.10850318432217,-4.98690106349684,-4.8650751216012,
-4.74385020252885,-4.66935915059964,-4.54755042521049,-4.44418604447771,
-4.39896412790712,-4.38178651033492,-4.37038569230386,-4.25016443457282,
-4.12907366763398,-4.0078749954902,-3.88726069196194,-3.7682227191282,-3.72063537934825,
-3.66183074467039,-3.63576298544562,-3.62432526491496,-3.5051670839119,
-3.38490114444699,-3.2641192812962,-3.14302976709778,-3.02370757433646,
-2.90173439941949,-2.88845552461668,-2.77976122450251,-2.66058848383708,
-2.54057067430812,-2.42033788863813,-2.30055458157092,-2.18684596334345,
-2.1684462643188,-2.15750787065119,-2.03808544967738,-1.91865386469121,
-1.84572010866103,-1.72618337528475,-1.6066024078897,-1.52064367343682,
-1.44542978079055,-1.43148062173285,-1.31313244975082,-1.19404612617085,
-1.07518232340808,-0.957432124068899,-0.91893253226663,-0.810144071273985,
-0.728552725529501,-0.717959992801267,-0.706570091985567,-0.588979636034772,
-0.48377868829605),.UNSPECIFIED.);
#127=B_SPLINE_CURVE_WITH_KNOTS('',3,(#1729,#1730,#1731,#1732,#1733,#1734,
#1735,#1736,#1737,#1738,#1739,#1740,#1741,#1742,#1743,#1744,#1745,#1746,
#1747,#1748,#1749,#1750,#1751,#1752,#1753,#1754,#1755,#1756),
 .UNSPECIFIED.,.F.,.F.,(4,3,3,3,3,3,3,3,3,4),(32.54114720149,32.8979085109743,
33.3963616702315,33.8948148294887,34.3932679887459,34.8917211480031,35.3901743072603,
35.8886274665174,36.3870806257746,36.6519142918809),.UNSPECIFIED.);
#128=B_SPLINE_CURVE_WITH_KNOTS('',3,(#1757,#1758,#1759,#1760,#1761,#1762,
#1763,#1764,#1765,#1766,#1767,#1768,#1769,#1770,#1771,#1772,#1773,#1774,
#1775,#1776,#1777,#1778),.UNSPECIFIED.,.F.,.F.,(4,3,3,3,3,3,3,4),(-38.7284727240139,
-38.3808932628034,-37.8824401035462,-37.383986944289,-36.8855337850318,
-36.3870806257746,-35.8886274665174,-35.5088569560286),.UNSPECIFIED.);
#129=B_SPLINE_CURVE_WITH_KNOTS('',3,(#2127,#2128,#2129,#2130,#2131,#2132,
#2133,#2134,#2135,#2136,#2137,#2138,#2139,#2140,#2141,#2142),
 .UNSPECIFIED.,.F.,.F.,(4,3,3,3,3,4),(0.,0.117599098479245,0.151003223404569,
0.266869486913399,0.384292695367197,0.482304159816123),.UNSPECIFIED.);
#130=B_SPLINE_CURVE_WITH_KNOTS('',3,(#2144,#2145,#2146,#2147,#2148,#2149,
#2150,#2151,#2152,#2153,#2154,#2155),.UNSPECIFIED.,.F.,.F.,(4,1,1,1,1,1,
1,1,1,4),(11.6150328478183,12.1134860070755,12.6119391663327,13.1103923255899,
13.608845484847,14.1072986441042,14.6057518033614,15.1042049626186,15.6026581218758,
15.7079632679489),.UNSPECIFIED.);
#131=B_SPLINE_CURVE_WITH_KNOTS('',3,(#2156,#2157,#2158,#2159,#2160,#2161,
#2162,#2163,#2164,#2165,#2166,#2167,#2168,#2169,#2170,#2171,#2172,#2173,
#2174,#2175,#2176,#2177,#2178,#2179,#2180,#2181,#2182,#2183,#2184,#2185,
#2186,#2187,#2188,#2189,#2190,#2191,#2192,#2193,#2194,#2195,#2196,#2197,
#2198,#2199,#2200,#2201,#2202,#2203,#2204,#2205,#2206,#2207,#2208,#2209,
#2210,#2211,#2212,#2213,#2214,#2215,#2216,#2217,#2218,#2219,#2220,#2221,
#2222,#2223,#2224,#2225,#2226,#2227,#2228,#2229,#2230,#2231,#2232,#2233,
#2234,#2235,#2236,#2237,#2238,#2239,#2240,#2241,#2242,#2243,#2244,#2245,
#2246,#2247,#2248,#2249,#2250,#2251,#2252,#2253,#2254,#2255,#2256,#2257,
#2258,#2259,#2260,#2261,#2262,#2263,#2264,#2265,#2266,#2267,#2268,#2269,
#2270,#2271,#2272,#2273,#2274,#2275,#2276,#2277,#2278,#2279,#2280,#2281,
#2282,#2283,#2284,#2285,#2286,#2287,#2288),.UNSPECIFIED.,.F.,.F.,(4,3,3,
3,3,3,3,3,3,3,3,3,3,3,3,3,3,3,3,3,3,3,3,3,3,3,3,3,3,3,3,3,3,3,3,3,3,3,3,
3,3,3,3,3,4),(-3.96110476007711,-3.83688791840971,-3.7968228910205,-3.67225370418085,
-3.54766972382754,-3.45654345995599,-3.44282266235875,-3.31933800719389,
-3.1941684086092,-3.07152090196388,-2.94509025740951,-2.93226899910295,
-2.81865961285514,-2.6968996731721,-2.5744577109466,-2.45199398437604,-2.33016584016456,
-2.21234839626384,-2.18536707116595,-2.17425687445476,-2.05344437231001,
-1.93289281558394,-1.85889606456168,-1.73790936822389,-1.6171014685629,
-1.49712061982545,-1.4609964612677,-1.4432888370712,-1.43175746103464,-1.31274889659765,
-1.193349481182,-1.07436324092096,-0.956688369762882,-0.919134082901306,
-0.804242322538642,-0.753977177379977,-0.72992191964688,-0.715946330898755,
-0.704279785676231,-0.587148349824732,-0.469287342851705,-0.35157186140477,
-0.2345675301912,-0.1172837650956,0.),.UNSPECIFIED.);
#132=B_SPLINE_CURVE_WITH_KNOTS('',3,(#2638,#2639,#2640,#2641,#2642,#2643,
#2644,#2645,#2646,#2647,#2648,#2649,#2650,#2651,#2652,#2653,#2654,#2655,
#2656,#2657,#2658,#2659,#2660,#2661,#2662,#2663,#2664,#2665,#2666,#2667,
#2668,#2669,#2670,#2671,#2672,#2673,#2674,#2675,#2676,#2677,#2678,#2679,
#2680,#2681,#2682,#2683,#2684,#2685,#2686,#2687,#2688,#2689,#2690,#2691,
#2692,#2693,#2694,#2695,#2696,#2697,#2698,#2699,#2700,#2701,#2702,#2703,
#2704,#2705,#2706,#2707,#2708,#2709,#2710,#2711,#2712,#2713,#2714,#2715,
#2716,#2717,#2718,#2719,#2720,#2721,#2722,#2723,#2724,#2725,#2726,#2727,
#2728,#2729,#2730,#2731,#2732,#2733,#2734,#2735,#2736,#2737,#2738,#2739,
#2740,#2741,#2742,#2743,#2744,#2745,#2746,#2747,#2748,#2749,#2750,#2751,
#2752,#2753,#2754,#2755,#2756,#2757,#2758,#2759,#2760,#2761,#2762,#2763,
#2764,#2765,#2766,#2767),.UNSPECIFIED.,.F.,.F.,(4,3,3,3,3,3,3,3,3,3,3,3,
3,3,3,3,3,3,3,3,3,3,3,3,3,3,3,3,3,3,3,3,3,3,3,3,3,3,3,3,3,3,3,4),(-3.96860644955811,
-3.85082887952978,-3.81745256069758,-3.70052526722414,-3.58290788575624,
-3.49687672499341,-3.48052105397457,-3.36258729455256,-3.24370601376814,
-3.12497093739467,-3.00981476852412,-2.99753932419471,-2.89465859965356,
-2.77645770005811,-2.65705249649645,-2.53695303564312,-2.41678014615246,
-2.30005561292322,-2.28189857744581,-2.26493539221181,-2.14388946923156,
-2.02215899345093,-1.94988201323548,-1.82880101150787,-1.7071908638382,
-1.61688842323306,-1.53787378770357,-1.52618157023339,-1.40464306270314,
-1.28161200655552,-1.15833223125515,-1.03559938175459,-0.984771338997124,
-0.861674921622484,-0.807820239021078,-0.780850380302533,-0.768932772103594,
-0.646597036566611,-0.522909036622875,-0.392181777467156,-0.267535396141463,
-0.143493621348654,-0.0209957270355473,0.),.UNSPECIFIED.);
#133=B_SPLINE_CURVE_WITH_KNOTS('',3,(#2768,#2769,#2770,#2771,#2772,#2773,
#2774,#2775,#2776,#2777,#2778,#2779,#2780,#2781),.UNSPECIFIED.,.F.,.F.,
(4,1,1,1,1,1,1,1,1,1,1,4),(10.3761157273102,10.7918230914632,11.2902762507204,
11.7887294099776,12.2871825692347,12.7856357284919,13.2840888877491,13.7825420470063,
14.2809952062635,14.7794483655207,15.2779015247779,15.7079632679489),
 .UNSPECIFIED.);
#134=B_SPLINE_CURVE_WITH_KNOTS('',3,(#2782,#2783,#2784,#2785,#2786,#2787,
#2788,#2789,#2790,#2791,#2792,#2793,#2794,#2795,#2796,#2797),
 .UNSPECIFIED.,.F.,.F.,(4,3,3,3,3,4),(3.48650625956193,3.4996272860763,
3.61741783248667,3.734859317504,3.85173288353105,3.96860644955809),
 .UNSPECIFIED.);
#135=LINE('',#622,#150);
#136=LINE('',#651,#151);
#137=LINE('',#688,#152);
#138=LINE('',#725,#153);
#139=LINE('',#762,#154);
#140=LINE('',#800,#155);
#141=LINE('',#837,#156);
#142=LINE('',#870,#157);
#143=LINE('',#954,#158);
#144=LINE('',#1044,#159);
#145=LINE('',#1134,#160);
#146=LINE('',#1218,#161);
#147=LINE('',#2819,#162);
#148=LINE('',#2827,#163);
#149=LINE('',#2831,#164);
#150=VECTOR('',#521,18.16495);
#151=VECTOR('',#526,18.16495);
#152=VECTOR('',#529,18.16495);
#153=VECTOR('',#532,18.16495);
#154=VECTOR('',#535,18.16495);
#155=VECTOR('',#538,18.16495);
#156=VECTOR('',#541,19.925);
#157=VECTOR('',#546,19.925);
#158=VECTOR('',#549,19.925);
#159=VECTOR('',#552,19.925);
#160=VECTOR('',#555,19.925);
#161=VECTOR('',#558,19.925);
#162=VECTOR('',#595,40.);
#163=VECTOR('',#606,16.);
#164=VECTOR('',#611,11.75);
#165=VERTEX_POINT('',#620);
#166=VERTEX_POINT('',#621);
#167=VERTEX_POINT('',#623);
#168=VERTEX_POINT('',#636);
#169=VERTEX_POINT('',#649);
#170=VERTEX_POINT('',#650);
#171=VERTEX_POINT('',#686);
#172=VERTEX_POINT('',#687);
#173=VERTEX_POINT('',#723);
#174=VERTEX_POINT('',#724);
#175=VERTEX_POINT('',#760);
#176=VERTEX_POINT('',#761);
#177=VERTEX_POINT('',#798);
#178=VERTEX_POINT('',#799);
#179=VERTEX_POINT('',#835);
#180=VERTEX_POINT('',#836);
#181=VERTEX_POINT('',#838);
#182=VERTEX_POINT('',#855);
#183=VERTEX_POINT('',#868);
#184=VERTEX_POINT('',#869);
#185=VERTEX_POINT('',#952);
#186=VERTEX_POINT('',#953);
#187=VERTEX_POINT('',#1042);
#188=VERTEX_POINT('',#1043);
#189=VERTEX_POINT('',#1132);
#190=VERTEX_POINT('',#1133);
#191=VERTEX_POINT('',#1216);
#192=VERTEX_POINT('',#1217);
#193=VERTEX_POINT('',#1306);
#194=VERTEX_POINT('',#1307);
#195=VERTEX_POINT('',#1399);
#196=VERTEX_POINT('',#1401);
#197=VERTEX_POINT('',#2143);
#198=VERTEX_POINT('',#2637);
#199=VERTEX_POINT('',#2799);
#200=VERTEX_POINT('',#2805);
#201=VERTEX_POINT('',#2808);
#202=VERTEX_POINT('',#2812);
#203=VERTEX_POINT('',#2815);
#204=VERTEX_POINT('',#2816);
#205=VERTEX_POINT('',#2818);
#206=VERTEX_POINT('',#2823);
#207=VERTEX_POINT('',#2824);
#208=VERTEX_POINT('',#2829);
#209=EDGE_CURVE('',#165,#166,#135,.T.);
#210=EDGE_CURVE('',#165,#167,#101,.T.);
#211=EDGE_CURVE('',#168,#167,#83,.T.);
#212=EDGE_CURVE('',#166,#168,#102,.T.);
#213=EDGE_CURVE('',#169,#170,#136,.T.);
#214=EDGE_CURVE('',#169,#165,#103,.T.);
#215=EDGE_CURVE('',#170,#166,#104,.T.);
#216=EDGE_CURVE('',#171,#172,#137,.T.);
#217=EDGE_CURVE('',#171,#169,#105,.T.);
#218=EDGE_CURVE('',#172,#170,#106,.T.);
#219=EDGE_CURVE('',#173,#174,#138,.T.);
#220=EDGE_CURVE('',#173,#171,#107,.T.);
#221=EDGE_CURVE('',#174,#172,#108,.T.);
#222=EDGE_CURVE('',#175,#176,#139,.T.);
#223=EDGE_CURVE('',#175,#173,#109,.T.);
#224=EDGE_CURVE('',#176,#174,#110,.T.);
#225=EDGE_CURVE('',#177,#178,#140,.T.);
#226=EDGE_CURVE('',#177,#175,#111,.T.);
#227=EDGE_CURVE('',#178,#176,#112,.T.);
#228=EDGE_CURVE('',#179,#180,#141,.T.);
#229=EDGE_CURVE('',#179,#181,#113,.T.);
#230=EDGE_CURVE('',#182,#181,#84,.T.);
#231=EDGE_CURVE('',#182,#180,#114,.T.);
#232=EDGE_CURVE('',#183,#184,#142,.T.);
#233=EDGE_CURVE('',#183,#179,#115,.T.);
#234=EDGE_CURVE('',#180,#184,#116,.T.);
#235=EDGE_CURVE('',#185,#186,#143,.T.);
#236=EDGE_CURVE('',#185,#183,#117,.T.);
#237=EDGE_CURVE('',#184,#186,#118,.T.);
#238=EDGE_CURVE('',#187,#188,#144,.T.);
#239=EDGE_CURVE('',#187,#185,#119,.T.);
#240=EDGE_CURVE('',#186,#188,#120,.T.);
#241=EDGE_CURVE('',#189,#190,#145,.T.);
#242=EDGE_CURVE('',#189,#187,#121,.T.);
#243=EDGE_CURVE('',#188,#190,#122,.T.);
#244=EDGE_CURVE('',#191,#192,#146,.T.);
#245=EDGE_CURVE('',#191,#189,#123,.T.);
#246=EDGE_CURVE('',#190,#192,#124,.T.);
#247=EDGE_CURVE('',#193,#194,#125,.T.);
#248=EDGE_CURVE('',#194,#195,#85,.T.);
#249=EDGE_CURVE('',#195,#196,#126,.T.);
#250=EDGE_CURVE('',#196,#193,#86,.T.);
#251=EDGE_CURVE('',#192,#195,#127,.T.);
#252=EDGE_CURVE('',#194,#191,#128,.T.);
#253=EDGE_CURVE('',#167,#193,#129,.T.);
#254=EDGE_CURVE('',#197,#177,#130,.T.);
#255=EDGE_CURVE('',#181,#197,#131,.T.);
#256=EDGE_CURVE('',#198,#182,#132,.T.);
#257=EDGE_CURVE('',#198,#178,#133,.T.);
#258=EDGE_CURVE('',#196,#168,#134,.T.);
#259=EDGE_CURVE('',#181,#199,#87,.T.);
#260=EDGE_CURVE('',#197,#198,#88,.T.);
#261=EDGE_CURVE('',#199,#182,#89,.T.);
#262=EDGE_CURVE('',#200,#200,#90,.T.);
#263=EDGE_CURVE('',#201,#201,#91,.T.);
#264=EDGE_CURVE('',#201,#199,#92,.T.);
#265=EDGE_CURVE('',#202,#202,#93,.T.);
#266=EDGE_CURVE('',#203,#204,#94,.T.);
#267=EDGE_CURVE('',#203,#205,#147,.T.);
#268=EDGE_CURVE('',#205,#205,#95,.T.);
#269=EDGE_CURVE('',#204,#203,#96,.T.);
#270=EDGE_CURVE('',#206,#207,#97,.T.);
#271=EDGE_CURVE('',#207,#206,#98,.T.);
#272=EDGE_CURVE('',#207,#200,#148,.T.);
#273=EDGE_CURVE('',#208,#208,#99,.T.);
#274=EDGE_CURVE('',#208,#206,#149,.T.);
#275=EDGE_CURVE('',#202,#204,#100,.T.);
#276=ORIENTED_EDGE('',*,*,#209,.F.);
#277=ORIENTED_EDGE('',*,*,#210,.T.);
#278=ORIENTED_EDGE('',*,*,#211,.F.);
#279=ORIENTED_EDGE('',*,*,#212,.F.);
#280=ORIENTED_EDGE('',*,*,#213,.F.);
#281=ORIENTED_EDGE('',*,*,#214,.T.);
#282=ORIENTED_EDGE('',*,*,#209,.T.);
#283=ORIENTED_EDGE('',*,*,#215,.F.);
#284=ORIENTED_EDGE('',*,*,#216,.F.);
#285=ORIENTED_EDGE('',*,*,#217,.T.);
#286=ORIENTED_EDGE('',*,*,#213,.T.);
#287=ORIENTED_EDGE('',*,*,#218,.F.);
#288=ORIENTED_EDGE('',*,*,#219,.F.);
#289=ORIENTED_EDGE('',*,*,#220,.T.);
#290=ORIENTED_EDGE('',*,*,#216,.T.);
#291=ORIENTED_EDGE('',*,*,#221,.F.);
#292=ORIENTED_EDGE('',*,*,#222,.F.);
#293=ORIENTED_EDGE('',*,*,#223,.T.);
#294=ORIENTED_EDGE('',*,*,#219,.T.);
#295=ORIENTED_EDGE('',*,*,#224,.F.);
#296=ORIENTED_EDGE('',*,*,#225,.F.);
#297=ORIENTED_EDGE('',*,*,#226,.T.);
#298=ORIENTED_EDGE('',*,*,#222,.T.);
#299=ORIENTED_EDGE('',*,*,#227,.F.);
#300=ORIENTED_EDGE('',*,*,#228,.F.);
#301=ORIENTED_EDGE('',*,*,#229,.T.);
#302=ORIENTED_EDGE('',*,*,#230,.F.);
#303=ORIENTED_EDGE('',*,*,#231,.T.);
#304=ORIENTED_EDGE('',*,*,#232,.F.);
#305=ORIENTED_EDGE('',*,*,#233,.T.);
#306=ORIENTED_EDGE('',*,*,#228,.T.);
#307=ORIENTED_EDGE('',*,*,#234,.T.);
#308=ORIENTED_EDGE('',*,*,#235,.F.);
#309=ORIENTED_EDGE('',*,*,#236,.T.);
#310=ORIENTED_EDGE('',*,*,#232,.T.);
#311=ORIENTED_EDGE('',*,*,#237,.T.);
#312=ORIENTED_EDGE('',*,*,#238,.F.);
#313=ORIENTED_EDGE('',*,*,#239,.T.);
#314=ORIENTED_EDGE('',*,*,#235,.T.);
#315=ORIENTED_EDGE('',*,*,#240,.T.);
#316=ORIENTED_EDGE('',*,*,#241,.F.);
#317=ORIENTED_EDGE('',*,*,#242,.T.);
#318=ORIENTED_EDGE('',*,*,#238,.T.);
#319=ORIENTED_EDGE('',*,*,#243,.T.);
#320=ORIENTED_EDGE('',*,*,#244,.F.);
#321=ORIENTED_EDGE('',*,*,#245,.T.);
#322=ORIENTED_EDGE('',*,*,#241,.T.);
#323=ORIENTED_EDGE('',*,*,#246,.T.);
#324=ORIENTED_EDGE('',*,*,#247,.T.);
#325=ORIENTED_EDGE('',*,*,#248,.T.);
#326=ORIENTED_EDGE('',*,*,#249,.T.);
#327=ORIENTED_EDGE('',*,*,#250,.T.);
#328=ORIENTED_EDGE('',*,*,#244,.T.);
#329=ORIENTED_EDGE('',*,*,#251,.T.);
#330=ORIENTED_EDGE('',*,*,#248,.F.);
#331=ORIENTED_EDGE('',*,*,#252,.T.);
#332=ORIENTED_EDGE('',*,*,#247,.F.);
#333=ORIENTED_EDGE('',*,*,#253,.F.);
#334=ORIENTED_EDGE('',*,*,#210,.F.);
#335=ORIENTED_EDGE('',*,*,#214,.F.);
#336=ORIENTED_EDGE('',*,*,#217,.F.);
#337=ORIENTED_EDGE('',*,*,#220,.F.);
#338=ORIENTED_EDGE('',*,*,#223,.F.);
#339=ORIENTED_EDGE('',*,*,#226,.F.);
#340=ORIENTED_EDGE('',*,*,#254,.F.);
#341=ORIENTED_EDGE('',*,*,#255,.F.);
#342=ORIENTED_EDGE('',*,*,#229,.F.);
#343=ORIENTED_EDGE('',*,*,#233,.F.);
#344=ORIENTED_EDGE('',*,*,#236,.F.);
#345=ORIENTED_EDGE('',*,*,#239,.F.);
#346=ORIENTED_EDGE('',*,*,#242,.F.);
#347=ORIENTED_EDGE('',*,*,#245,.F.);
#348=ORIENTED_EDGE('',*,*,#252,.F.);
#349=ORIENTED_EDGE('',*,*,#249,.F.);
#350=ORIENTED_EDGE('',*,*,#251,.F.);
#351=ORIENTED_EDGE('',*,*,#246,.F.);
#352=ORIENTED_EDGE('',*,*,#243,.F.);
#353=ORIENTED_EDGE('',*,*,#240,.F.);
#354=ORIENTED_EDGE('',*,*,#237,.F.);
#355=ORIENTED_EDGE('',*,*,#234,.F.);
#356=ORIENTED_EDGE('',*,*,#231,.F.);
#357=ORIENTED_EDGE('',*,*,#256,.F.);
#358=ORIENTED_EDGE('',*,*,#257,.T.);
#359=ORIENTED_EDGE('',*,*,#227,.T.);
#360=ORIENTED_EDGE('',*,*,#224,.T.);
#361=ORIENTED_EDGE('',*,*,#221,.T.);
#362=ORIENTED_EDGE('',*,*,#218,.T.);
#363=ORIENTED_EDGE('',*,*,#215,.T.);
#364=ORIENTED_EDGE('',*,*,#212,.T.);
#365=ORIENTED_EDGE('',*,*,#258,.F.);
#366=ORIENTED_EDGE('',*,*,#259,.F.);
#367=ORIENTED_EDGE('',*,*,#255,.T.);
#368=ORIENTED_EDGE('',*,*,#260,.T.);
#369=ORIENTED_EDGE('',*,*,#256,.T.);
#370=ORIENTED_EDGE('',*,*,#261,.F.);
#371=ORIENTED_EDGE('',*,*,#225,.T.);
#372=ORIENTED_EDGE('',*,*,#257,.F.);
#373=ORIENTED_EDGE('',*,*,#260,.F.);
#374=ORIENTED_EDGE('',*,*,#254,.T.);
#375=ORIENTED_EDGE('',*,*,#250,.F.);
#376=ORIENTED_EDGE('',*,*,#258,.T.);
#377=ORIENTED_EDGE('',*,*,#211,.T.);
#378=ORIENTED_EDGE('',*,*,#253,.T.);
#379=ORIENTED_EDGE('',*,*,#262,.T.);
#380=ORIENTED_EDGE('',*,*,#263,.T.);
#381=ORIENTED_EDGE('',*,*,#264,.T.);
#382=ORIENTED_EDGE('',*,*,#261,.T.);
#383=ORIENTED_EDGE('',*,*,#230,.T.);
#384=ORIENTED_EDGE('',*,*,#259,.T.);
#385=ORIENTED_EDGE('',*,*,#264,.F.);
#386=ORIENTED_EDGE('',*,*,#265,.F.);
#387=ORIENTED_EDGE('',*,*,#263,.F.);
#388=ORIENTED_EDGE('',*,*,#266,.F.);
#389=ORIENTED_EDGE('',*,*,#267,.T.);
#390=ORIENTED_EDGE('',*,*,#268,.F.);
#391=ORIENTED_EDGE('',*,*,#267,.F.);
#392=ORIENTED_EDGE('',*,*,#269,.F.);
#393=ORIENTED_EDGE('',*,*,#270,.F.);
#394=ORIENTED_EDGE('',*,*,#271,.F.);
#395=ORIENTED_EDGE('',*,*,#272,.T.);
#396=ORIENTED_EDGE('',*,*,#262,.F.);
#397=ORIENTED_EDGE('',*,*,#272,.F.);
#398=ORIENTED_EDGE('',*,*,#273,.T.);
#399=ORIENTED_EDGE('',*,*,#274,.T.);
#400=ORIENTED_EDGE('',*,*,#270,.T.);
#401=ORIENTED_EDGE('',*,*,#271,.T.);
#402=ORIENTED_EDGE('',*,*,#274,.F.);
#403=ORIENTED_EDGE('',*,*,#268,.T.);
#404=ORIENTED_EDGE('',*,*,#273,.F.);
#405=ORIENTED_EDGE('',*,*,#265,.T.);
#406=ORIENTED_EDGE('',*,*,#275,.T.);
#407=ORIENTED_EDGE('',*,*,#269,.T.);
#408=ORIENTED_EDGE('',*,*,#266,.T.);
#409=ORIENTED_EDGE('',*,*,#275,.F.);
#410=CYLINDRICAL_SURFACE('',#475,18.16495);
#411=CYLINDRICAL_SURFACE('',#477,18.16495);
#412=CYLINDRICAL_SURFACE('',#478,18.16495);
#413=CYLINDRICAL_SURFACE('',#479,18.16495);
#414=CYLINDRICAL_SURFACE('',#480,18.16495);
#415=CYLINDRICAL_SURFACE('',#481,18.16495);
#416=CYLINDRICAL_SURFACE('',#482,19.88225);
#417=CYLINDRICAL_SURFACE('',#484,19.88225);
#418=CYLINDRICAL_SURFACE('',#485,19.88225);
#419=CYLINDRICAL_SURFACE('',#486,19.88225);
#420=CYLINDRICAL_SURFACE('',#487,19.88225);
#421=CYLINDRICAL_SURFACE('',#488,19.88225);
#422=CYLINDRICAL_SURFACE('',#492,19.88225);
#423=CYLINDRICAL_SURFACE('',#497,18.16495);
#424=CYLINDRICAL_SURFACE('',#505,40.);
#425=CYLINDRICAL_SURFACE('',#512,11.75);
#426=ADVANCED_FACE('',(#28),#410,.T.);
#427=ADVANCED_FACE('',(#29),#411,.T.);
#428=ADVANCED_FACE('',(#30),#412,.T.);
#429=ADVANCED_FACE('',(#31),#413,.T.);
#430=ADVANCED_FACE('',(#32),#414,.T.);
#431=ADVANCED_FACE('',(#33),#415,.T.);
#432=ADVANCED_FACE('',(#34),#416,.T.);
#433=ADVANCED_FACE('',(#35),#417,.T.);
#434=ADVANCED_FACE('',(#36),#418,.T.);
#435=ADVANCED_FACE('',(#37),#419,.T.);
#436=ADVANCED_FACE('',(#38),#420,.T.);
#437=ADVANCED_FACE('',(#39),#421,.T.);
#438=ADVANCED_FACE('',(#40),#26,.T.);
#439=ADVANCED_FACE('',(#41),#422,.T.);
#440=ADVANCED_FACE('',(#42),#24,.F.);
#441=ADVANCED_FACE('',(#43),#25,.F.);
#442=ADVANCED_FACE('',(#44),#20,.T.);
#443=ADVANCED_FACE('',(#45),#423,.T.);
#444=ADVANCED_FACE('',(#46,#17),#21,.T.);
#445=ADVANCED_FACE('',(#47),#15,.F.);
#446=ADVANCED_FACE('',(#48,#18),#22,.T.);
#447=ADVANCED_FACE('',(#49),#424,.T.);
#448=ADVANCED_FACE('',(#50),#27,.F.);
#449=ADVANCED_FACE('',(#51),#425,.F.);
#450=ADVANCED_FACE('',(#52,#19),#23,.T.);
#451=ADVANCED_FACE('',(#53),#16,.T.);
#452=CLOSED_SHELL('',(#426,#427,#428,#429,#430,#431,#432,#433,#434,#435,
#436,#437,#438,#439,#440,#441,#442,#443,#444,#445,#446,#447,#448,#449,#450,
#451));
#453=DERIVED_UNIT_ELEMENT(#456,1.);
#454=DERIVED_UNIT_ELEMENT(#2840,-3.);
#455=DIMENSIONAL_EXPONENTS(0.,1.,0.,0.,0.,0.,0.);
#456=(
CONVERSION_BASED_UNIT('gram',#458)
MASS_UNIT()
NAMED_UNIT(#455)
);
#457=(
MASS_UNIT()
NAMED_UNIT(*)
SI_UNIT(.KILO.,.GRAM.)
);
#458=MASS_MEASURE_WITH_UNIT(MASS_MEASURE(0.001),#457);
#459=DERIVED_UNIT((#453,#454));
#460=MEASURE_REPRESENTATION_ITEM('density measure',
POSITIVE_RATIO_MEASURE(1.),#459);
#461=PROPERTY_DEFINITION_REPRESENTATION(#466,#463);
#462=PROPERTY_DEFINITION_REPRESENTATION(#467,#464);
#463=REPRESENTATION('material name',(#465),#2837);
#464=REPRESENTATION('density',(#460),#2837);
#465=DESCRIPTIVE_REPRESENTATION_ITEM('Generic','Generic');
#466=PROPERTY_DEFINITION('material property','material name',#2847);
#467=PROPERTY_DEFINITION('material property','density of part',#2847);
#468=DATE_TIME_ROLE('creation_date');
#469=APPLIED_DATE_AND_TIME_ASSIGNMENT(#470,#468,(#2847));
#470=DATE_AND_TIME(#471,#472);
#471=CALENDAR_DATE(2025,15,11);
#472=LOCAL_TIME(0,0,0.,#473);
#473=COORDINATED_UNIVERSAL_TIME_OFFSET(0,0,.BEHIND.);
#474=AXIS2_PLACEMENT_3D('',#618,#517,#518);
#475=AXIS2_PLACEMENT_3D('',#619,#519,#520);
#476=AXIS2_PLACEMENT_3D('',#637,#522,#523);
#477=AXIS2_PLACEMENT_3D('',#648,#524,#525);
#478=AXIS2_PLACEMENT_3D('',#685,#527,#528);
#479=AXIS2_PLACEMENT_3D('',#722,#530,#531);
#480=AXIS2_PLACEMENT_3D('',#759,#533,#534);
#481=AXIS2_PLACEMENT_3D('',#797,#536,#537);
#482=AXIS2_PLACEMENT_3D('',#834,#539,#540);
#483=AXIS2_PLACEMENT_3D('',#856,#542,#543);
#484=AXIS2_PLACEMENT_3D('',#867,#544,#545);
#485=AXIS2_PLACEMENT_3D('',#951,#547,#548);
#486=AXIS2_PLACEMENT_3D('',#1041,#550,#551);
#487=AXIS2_PLACEMENT_3D('',#1131,#553,#554);
#488=AXIS2_PLACEMENT_3D('',#1215,#556,#557);
#489=AXIS2_PLACEMENT_3D('',#1305,#559,#560);
#490=AXIS2_PLACEMENT_3D('',#1400,#561,#562);
#491=AXIS2_PLACEMENT_3D('',#1727,#563,#564);
#492=AXIS2_PLACEMENT_3D('',#1728,#565,#566);
#493=AXIS2_PLACEMENT_3D('',#2798,#567,#568);
#494=AXIS2_PLACEMENT_3D('',#2800,#569,#570);
#495=AXIS2_PLACEMENT_3D('',#2801,#571,#572);
#496=AXIS2_PLACEMENT_3D('',#2802,#573,#574);
#497=AXIS2_PLACEMENT_3D('',#2803,#575,#576);
#498=AXIS2_PLACEMENT_3D('',#2804,#577,#578);
#499=AXIS2_PLACEMENT_3D('',#2806,#579,#580);
#500=AXIS2_PLACEMENT_3D('',#2807,#581,#582);
#501=AXIS2_PLACEMENT_3D('',#2809,#583,#584);
#502=AXIS2_PLACEMENT_3D('',#2810,#585,#586);
#503=AXIS2_PLACEMENT_3D('',#2811,#587,#588);
#504=AXIS2_PLACEMENT_3D('',#2813,#589,#590);
#505=AXIS2_PLACEMENT_3D('',#2814,#591,#592);
#506=AXIS2_PLACEMENT_3D('',#2817,#593,#594);
#507=AXIS2_PLACEMENT_3D('',#2820,#596,#597);
#508=AXIS2_PLACEMENT_3D('',#2821,#598,#599);
#509=AXIS2_PLACEMENT_3D('',#2822,#600,#601);
#510=AXIS2_PLACEMENT_3D('',#2825,#602,#603);
#511=AXIS2_PLACEMENT_3D('',#2826,#604,#605);
#512=AXIS2_PLACEMENT_3D('',#2828,#607,#608);
#513=AXIS2_PLACEMENT_3D('',#2830,#609,#610);
#514=AXIS2_PLACEMENT_3D('',#2832,#612,#613);
#515=AXIS2_PLACEMENT_3D('',#2833,#614,#615);
#516=AXIS2_PLACEMENT_3D('',#2834,#616,#617);
#517=DIRECTION('axis',(0.,0.,1.));
#518=DIRECTION('refdir',(1.,0.,0.));
#519=DIRECTION('center_axis',(0.,1.,0.));
#520=DIRECTION('ref_axis',(-0.54091682606593,0.,-0.841076088875888));
#521=DIRECTION('',(0.,1.,0.));
#522=DIRECTION('center_axis',(0.,1.,0.));
#523=DIRECTION('ref_axis',(-1.,0.,1.97110068822719E-14));
#524=DIRECTION('center_axis',(0.,1.,0.));
#525=DIRECTION('ref_axis',(-1.,0.,1.97110068822719E-14));
#526=DIRECTION('',(0.,1.,0.));
#527=DIRECTION('center_axis',(0.,1.,0.));
#528=DIRECTION('ref_axis',(-1.,0.,1.97110068822719E-14));
#529=DIRECTION('',(0.,1.,0.));
#530=DIRECTION('center_axis',(0.,1.,0.));
#531=DIRECTION('ref_axis',(-1.,0.,1.97110068822719E-14));
#532=DIRECTION('',(0.,1.,0.));
#533=DIRECTION('center_axis',(0.,1.,0.));
#534=DIRECTION('ref_axis',(-1.,0.,1.97110068822719E-14));
#535=DIRECTION('',(0.,1.,0.));
#536=DIRECTION('center_axis',(0.,1.,0.));
#537=DIRECTION('ref_axis',(-1.,0.,1.97110068822719E-14));
#538=DIRECTION('',(0.,1.,0.));
#539=DIRECTION('center_axis',(0.,1.,0.));
#540=DIRECTION('ref_axis',(-1.,0.,0.));
#541=DIRECTION('',(0.,-1.,0.));
#542=DIRECTION('center_axis',(0.,-1.,0.));
#543=DIRECTION('ref_axis',(-1.,0.,0.));
#544=DIRECTION('center_axis',(0.,1.,0.));
#545=DIRECTION('ref_axis',(-1.,0.,0.));
#546=DIRECTION('',(0.,-1.,0.));
#547=DIRECTION('center_axis',(0.,1.,0.));
#548=DIRECTION('ref_axis',(-1.,0.,0.));
#549=DIRECTION('',(0.,-1.,0.));
#550=DIRECTION('center_axis',(0.,1.,0.));
#551=DIRECTION('ref_axis',(-1.,0.,0.));
#552=DIRECTION('',(0.,-1.,0.));
#553=DIRECTION('center_axis',(0.,1.,0.));
#554=DIRECTION('ref_axis',(-1.,0.,0.));
#555=DIRECTION('',(0.,-1.,0.));
#556=DIRECTION('center_axis',(0.,1.,0.));
#557=DIRECTION('ref_axis',(-1.,0.,0.));
#558=DIRECTION('',(0.,-1.,0.));
#559=DIRECTION('center_axis',(0.,-1.,0.));
#560=DIRECTION('ref_axis',(1.,0.,0.));
#561=DIRECTION('center_axis',(0.,1.,0.));
#562=DIRECTION('ref_axis',(1.,0.,0.));
#563=DIRECTION('center_axis',(0.,-1.,0.));
#564=DIRECTION('ref_axis',(1.,0.,0.));
#565=DIRECTION('center_axis',(0.,1.,0.));
#566=DIRECTION('ref_axis',(-0.465833822927601,0.,-0.884872222084441));
#567=DIRECTION('center_axis',(0.,1.,0.));
#568=DIRECTION('ref_axis',(0.,0.,1.));
#569=DIRECTION('center_axis',(0.,-1.,0.));
#570=DIRECTION('ref_axis',(-1.,0.,0.));
#571=DIRECTION('center_axis',(0.,-1.,0.));
#572=DIRECTION('ref_axis',(-1.,0.,1.97110068822719E-14));
#573=DIRECTION('center_axis',(0.,-1.,0.));
#574=DIRECTION('ref_axis',(-1.,0.,0.));
#575=DIRECTION('center_axis',(0.,1.,0.));
#576=DIRECTION('ref_axis',(-0.888986989215341,0.,0.457932454632606));
#577=DIRECTION('center_axis',(0.,1.,0.));
#578=DIRECTION('ref_axis',(-1.,0.,0.));
#579=DIRECTION('center_axis',(0.,-1.,0.));
#580=DIRECTION('ref_axis',(-1.,0.,0.));
#581=DIRECTION('center_axis',(0.,1.,0.));
#582=DIRECTION('ref_axis',(0.,0.,1.));
#583=DIRECTION('center_axis',(0.,1.,0.));
#584=DIRECTION('ref_axis',(-1.,0.,0.));
#585=DIRECTION('center_axis',(-1.,0.,1.22464679914735E-16));
#586=DIRECTION('ref_axis',(-1.22464679914735E-16,0.,-1.));
#587=DIRECTION('center_axis',(0.,1.,0.));
#588=DIRECTION('ref_axis',(1.,0.,0.));
#589=DIRECTION('center_axis',(0.,-1.,0.));
#590=DIRECTION('ref_axis',(1.,0.,0.));
#591=DIRECTION('center_axis',(0.,1.,0.));
#592=DIRECTION('ref_axis',(1.,0.,0.));
#593=DIRECTION('center_axis',(0.,1.,0.));
#594=DIRECTION('ref_axis',(1.,0.,0.));
#595=DIRECTION('',(0.,-1.,0.));
#596=DIRECTION('center_axis',(0.,-1.,0.));
#597=DIRECTION('ref_axis',(1.,0.,0.));
#598=DIRECTION('center_axis',(0.,1.,0.));
#599=DIRECTION('ref_axis',(1.,0.,0.));
#600=DIRECTION('center_axis',(0.,1.,0.));
#601=DIRECTION('ref_axis',(-1.,0.,0.));
#602=DIRECTION('center_axis',(0.,1.,0.));
#603=DIRECTION('ref_axis',(1.,0.,0.));
#604=DIRECTION('center_axis',(0.,1.,0.));
#605=DIRECTION('ref_axis',(1.,0.,0.));
#606=DIRECTION('',(0.142595573221214,0.989781037653134,-1.74629212317942E-17));
#607=DIRECTION('center_axis',(0.,1.,0.));
#608=DIRECTION('ref_axis',(1.,0.,0.));
#609=DIRECTION('center_axis',(0.,-1.,0.));
#610=DIRECTION('ref_axis',(1.,0.,0.));
#611=DIRECTION('',(0.,1.,0.));
#612=DIRECTION('center_axis',(0.,-1.,0.));
#613=DIRECTION('ref_axis',(1.,0.,0.));
#614=DIRECTION('center_axis',(0.,1.,0.));
#615=DIRECTION('ref_axis',(0.,0.,1.));
#616=DIRECTION('center_axis',(-1.,0.,1.22464679914735E-16));
#617=DIRECTION('ref_axis',(-1.22464679914735E-16,0.,-1.));
#618=CARTESIAN_POINT('',(0.,0.,0.));
#619=CARTESIAN_POINT('Origin',(0.,16.9542303242849,0.));
#620=CARTESIAN_POINT('',(18.1648819023539,39.4542303242849,0.000470230753712201));
#621=CARTESIAN_POINT('',(18.1660434725957,40.0457696757151,-0.000322033771681385));
#622=CARTESIAN_POINT('',(18.16495,16.9542303242849,-3.60274019253543E-13));
#623=CARTESIAN_POINT('',(-7.53498985387088,41.5,16.5291554841222));
#624=CARTESIAN_POINT('Ctrl Pts',(18.1648819023539,39.454230324285,0.00047023075371258));
#625=CARTESIAN_POINT('Ctrl Pts',(18.1625389381549,39.5146726782698,-2.29901378338499));
#626=CARTESIAN_POINT('Ctrl Pts',(17.1492323009933,39.6544463164501,-7.61860290188466));
#627=CARTESIAN_POINT('Ctrl Pts',(12.0900243260561,39.8735512388261,-14.572080493568));
#628=CARTESIAN_POINT('Ctrl Pts',(3.65250791498025,40.1115450914128,-18.5788402368501));
#629=CARTESIAN_POINT('Ctrl Pts',(-5.67385347969261,40.3495389439994,-18.0643745160301));
#630=CARTESIAN_POINT('Ctrl Pts',(-13.6194743655615,40.5875327965861,-13.153863597031));
#631=CARTESIAN_POINT('Ctrl Pts',(-18.2507183019524,40.8255266491727,-5.04233254331699));
#632=CARTESIAN_POINT('Ctrl Pts',(-18.4406331075111,41.0635205017594,4.29631373477137));
#633=CARTESIAN_POINT('Ctrl Pts',(-14.3806643297228,41.2883449520351,12.130451846916));
#634=CARTESIAN_POINT('Ctrl Pts',(-9.82401772479908,41.4338381181154,15.4828854454545));
#635=CARTESIAN_POINT('Ctrl Pts',(-7.53498985387088,41.5,16.5291554841222));
#636=CARTESIAN_POINT('',(-18.0815541347074,41.5,-1.73862260889054));
#637=CARTESIAN_POINT('Origin',(0.,41.5,0.));
#638=CARTESIAN_POINT('Ctrl Pts',(18.1660434725957,40.0457696757151,-0.000322033771682044));
#639=CARTESIAN_POINT('Ctrl Pts',(18.1663148064585,40.0545254119701,-0.333366283500324));
#640=CARTESIAN_POINT('Ctrl Pts',(18.0760594616672,40.1426124324207,-3.6838071169539));
#641=CARTESIAN_POINT('Ctrl Pts',(16.1076359769109,40.3100307370666,-9.95267995849155));
#642=CARTESIAN_POINT('Ctrl Pts',(9.38979783633954,40.5480245896534,-16.4423247356337));
#643=CARTESIAN_POINT('Ctrl Pts',(0.386453306426014,40.78601844224,-18.9303940141783));
#644=CARTESIAN_POINT('Ctrl Pts',(-8.71000780312548,41.0240122948267,-16.8122258977919));
#645=CARTESIAN_POINT('Ctrl Pts',(-15.6887742278989,41.2620061474134,-10.6016347074803));
#646=CARTESIAN_POINT('Ctrl Pts',(-17.7926801573216,41.4206687158045,-4.74289186979868));
#647=CARTESIAN_POINT('Ctrl Pts',(-18.0815541347074,41.5,-1.73862260889041));
#648=CARTESIAN_POINT('Origin',(0.,16.9542303242849,0.));
#649=CARTESIAN_POINT('',(18.1638286935719,36.4542303242849,-0.000335821834663029));
#650=CARTESIAN_POINT('',(18.1644590454525,37.0457696757151,0.000453206619938085));
#651=CARTESIAN_POINT('',(18.16495,16.9542303242849,-3.60274019253543E-13));
#652=CARTESIAN_POINT('Ctrl Pts',(18.1638286935719,36.4542303242849,-0.000335821834664268));
#653=CARTESIAN_POINT('Ctrl Pts',(18.1645646417976,36.4833659837276,-1.10896465644891));
#654=CARTESIAN_POINT('Ctrl Pts',(17.7927351546369,36.5918329273658,-5.23570734745434));
#655=CARTESIAN_POINT('Ctrl Pts',(14.7048388948692,36.7796311551996,-11.9281973754546));
#656=CARTESIAN_POINT('Ctrl Pts',(7.21311645986757,37.0176250077862,-17.5067167253744));
#657=CARTESIAN_POINT('Ctrl Pts',(-2.0339451804535,37.2556188603728,-18.8249102666775));
#658=CARTESIAN_POINT('Ctrl Pts',(-10.786038557424,37.4936127129595,-15.5619906117046));
#659=CARTESIAN_POINT('Ctrl Pts',(-16.9133086113696,37.7316065655461,-8.51200160977882));
#660=CARTESIAN_POINT('Ctrl Pts',(-18.92466096217,37.9696004181329,0.609415210461422));
#661=CARTESIAN_POINT('Ctrl Pts',(-16.3306254194145,38.2075942707195,9.5825285432033));
#662=CARTESIAN_POINT('Ctrl Pts',(-9.76247031440809,38.4455881233062,16.2236972456074));
#663=CARTESIAN_POINT('Ctrl Pts',(-0.81858114488186,38.6835819758928,18.9167678349924));
#664=CARTESIAN_POINT('Ctrl Pts',(8.32451295350669,38.9215758284795,17.0063712479886));
#665=CARTESIAN_POINT('Ctrl Pts',(15.4418050883657,39.1595696810661,10.9574100017348));
#666=CARTESIAN_POINT('Ctrl Pts',(17.9480844389001,39.337121179668,4.45535927629498));
#667=CARTESIAN_POINT('Ctrl Pts',(18.165614105591,39.4353413940742,0.71908541034506));
#668=CARTESIAN_POINT('Ctrl Pts',(18.1648819023539,39.454230324285,0.00047023075371258));
#669=CARTESIAN_POINT('Ctrl Pts',(18.1644590454525,37.0457696757151,0.000453206619937599));
#670=CARTESIAN_POINT('Ctrl Pts',(18.1624224005336,37.1025500016234,-2.15985633034946));
#671=CARTESIAN_POINT('Ctrl Pts',(17.2381145079562,37.2386616117274,-7.34016339864714));
#672=CARTESIAN_POINT('Ctrl Pts',(12.4220856858964,37.4541045060268,-14.2900654194387));
#673=CARTESIAN_POINT('Ctrl Pts',(4.07898929020299,37.6920983586134,-18.4898899480819));
#674=CARTESIAN_POINT('Ctrl Pts',(-5.25674471542822,37.9300922112002,-18.1901296711206));
#675=CARTESIAN_POINT('Ctrl Pts',(-13.313229749576,38.1680860637868,-13.4637325993288));
#676=CARTESIAN_POINT('Ctrl Pts',(-18.1298903869422,38.4060799163735,-5.46088493523206));
#677=CARTESIAN_POINT('Ctrl Pts',(-18.534572598942,38.6440737689601,3.87088919731846));
#678=CARTESIAN_POINT('Ctrl Pts',(-14.4287982686665,38.8820676215468,12.2606688986174));
#679=CARTESIAN_POINT('Ctrl Pts',(-6.81171749227436,39.1200614741334,17.6667661817048));
#680=CARTESIAN_POINT('Ctrl Pts',(2.46301306867996,39.35805532672,18.7735934213139));
#681=CARTESIAN_POINT('Ctrl Pts',(11.1383749182262,39.5960491793068,15.3117868458081));
#682=CARTESIAN_POINT('Ctrl Pts',(16.8836991952722,39.8252872956384,8.3882600955574));
#683=CARTESIAN_POINT('Ctrl Pts',(18.1638563879829,39.9751941277745,2.68417870134763));
#684=CARTESIAN_POINT('Ctrl Pts',(18.1660434725957,40.0457696757151,-0.000322033771682044));
#685=CARTESIAN_POINT('Origin',(0.,16.9542303242849,0.));
#686=CARTESIAN_POINT('',(18.1664735706795,33.4542303242849,8.69112484250526E-5));
#687=CARTESIAN_POINT('',(18.1641529690826,34.0457696757151,-0.000413683953846));
#688=CARTESIAN_POINT('',(18.16495,16.9542303242849,-3.60274019253543E-13));
#689=CARTESIAN_POINT('Ctrl Pts',(18.1664735706795,33.4542303242849,8.6911248425494E-5));
#690=CARTESIAN_POINT('Ctrl Pts',(18.1656905553224,33.5313905733809,-2.93467360188532));
#691=CARTESIAN_POINT('Ctrl Pts',(16.6954321916388,33.6878821066725,-8.88752538100514));
#692=CARTESIAN_POINT('Ctrl Pts',(10.4955239625568,33.9237049241596,-15.7593831195388));
#693=CARTESIAN_POINT('Ctrl Pts',(1.68441255770582,34.1616987767463,-18.8593990861971));
#694=CARTESIAN_POINT('Ctrl Pts',(-7.53660702143467,34.399692629333,-17.3699088702695));
#695=CARTESIAN_POINT('Ctrl Pts',(-14.9235647430095,34.6376864819196,-11.6533855560609));
#696=CARTESIAN_POINT('Ctrl Pts',(-18.6788164732534,34.8756803345063,-3.10096673886377));
#697=CARTESIAN_POINT('Ctrl Pts',(-17.8885074835824,35.1136741870929,6.20608407667716));
#698=CARTESIAN_POINT('Ctrl Pts',(-12.7449624593045,35.3516680396796,14.002860831559));
#699=CARTESIAN_POINT('Ctrl Pts',(-4.49988255914894,35.5896618922663,18.3919883783875));
#700=CARTESIAN_POINT('Ctrl Pts',(4.84026080148414,35.8276557448529,18.3053559083337));
#701=CARTESIAN_POINT('Ctrl Pts',(13.0025083674698,36.0656495974395,13.7640457610007));
#702=CARTESIAN_POINT('Ctrl Pts',(17.3886769910924,36.2745077905836,6.83921492008118));
#703=CARTESIAN_POINT('Ctrl Pts',(18.1625607840178,36.404034699532,1.90963697566108));
#704=CARTESIAN_POINT('Ctrl Pts',(18.1638286935719,36.4542303242849,-0.000335821834664268));
#705=CARTESIAN_POINT('Ctrl Pts',(18.1641529690826,34.0457696757151,-0.000413683953846833));
#706=CARTESIAN_POINT('Ctrl Pts',(18.1649656510943,34.0712433070812,-0.969650634460556));
#707=CARTESIAN_POINT('Ctrl Pts',(17.8512893813071,34.176048222643,-4.95681400266985));
#708=CARTESIAN_POINT('Ctrl Pts',(14.9753806719834,34.3601844224003,-11.5867232987688));
#709=CARTESIAN_POINT('Ctrl Pts',(7.61398720683563,34.5981782749869,-17.3361293801984));
#710=CARTESIAN_POINT('Ctrl Pts',(-1.60029887699477,34.8361721275736,-18.8667227301775));
#711=CARTESIAN_POINT('Ctrl Pts',(-10.4251461692818,35.0741659801602,-15.8060276610572));
#712=CARTESIAN_POINT('Ctrl Pts',(-16.7129946642705,35.3121598327469,-8.89887590790913));
#713=CARTESIAN_POINT('Ctrl Pts',(-18.9336726206708,35.5501536853335,0.173850994909601));
#714=CARTESIAN_POINT('Ctrl Pts',(-16.5467696483733,35.7881475379202,9.20427059964956));
#715=CARTESIAN_POINT('Ctrl Pts',(-10.1331476249168,36.0261413905069,15.9947961004067));
#716=CARTESIAN_POINT('Ctrl Pts',(-1.25358575473341,36.2641352430935,18.8929274019982));
#717=CARTESIAN_POINT('Ctrl Pts',(7.93104095388461,36.5021290956802,17.1933932795363));
#718=CARTESIAN_POINT('Ctrl Pts',(15.1856188177269,36.7401229482668,11.3097817939334));
#719=CARTESIAN_POINT('Ctrl Pts',(17.8955924503462,36.9213364749451,4.7342336741903));
#720=CARTESIAN_POINT('Ctrl Pts',(18.1652679223633,37.0232187174279,0.858444940134264));
#721=CARTESIAN_POINT('Ctrl Pts',(18.1644590454525,37.0457696757151,0.000453206619937599));
#722=CARTESIAN_POINT('Origin',(0.,16.9542303242849,0.));
#723=CARTESIAN_POINT('',(18.1635533720573,30.4542303242849,0.000211410342255371));
#724=CARTESIAN_POINT('',(18.1662810054039,31.0457696757151,0.000223908506105513));
#725=CARTESIAN_POINT('',(18.16495,16.9542303242849,-3.60274019253543E-13));
#726=CARTESIAN_POINT('Ctrl Pts',(18.1635533720573,30.4542303242849,0.000211410342255414));
#727=CARTESIAN_POINT('Ctrl Pts',(18.1628383556564,30.5000838788388,-1.74461880805106));
#728=CARTESIAN_POINT('Ctrl Pts',(17.4815452090134,30.6252687175882,-6.50872830988542));
#729=CARTESIAN_POINT('Ctrl Pts',(13.3731342754098,30.829784840533,-13.4042328840136));
#730=CARTESIAN_POINT('Ctrl Pts',(5.33780493758848,31.0677786931197,-18.166508140126));
#731=CARTESIAN_POINT('Ctrl Pts',(-3.99649944448163,31.3057725457064,-18.507894849152));
#732=CARTESIAN_POINT('Ctrl Pts',(-12.3582405531772,31.543766398293,-14.3453152627195));
#733=CARTESIAN_POINT('Ctrl Pts',(-17.7125570262596,31.7817602508797,-6.69174888564337));
#734=CARTESIAN_POINT('Ctrl Pts',(-18.7564556747934,32.0197541034664,2.59027992242562));
#735=CARTESIAN_POINT('Ctrl Pts',(-15.2358998097226,32.257747956053,11.2419543027493));
#736=CARTESIAN_POINT('Ctrl Pts',(-8.00763003211493,32.4957418086397,17.1578565335469));
#737=CARTESIAN_POINT('Ctrl Pts',(1.16932683633168,32.7337356612263,18.8983294051841));
#738=CARTESIAN_POINT('Ctrl Pts',(10.0617235912624,32.971729513813,16.0398222536922));
#739=CARTESIAN_POINT('Ctrl Pts',(16.5055618094917,33.2097233663997,9.27796361870731));
#740=CARTESIAN_POINT('Ctrl Pts',(18.1458009762252,33.3705569698903,3.18255980694519));
#741=CARTESIAN_POINT('Ctrl Pts',(18.1664956021509,33.4520592891854,0.0826613995038883));
#742=CARTESIAN_POINT('Ctrl Pts',(18.1664735706795,33.4542303242849,8.6911248425494E-5));
#743=CARTESIAN_POINT('Ctrl Pts',(18.1662810054039,31.0457696757151,0.000223908506105444));
#744=CARTESIAN_POINT('Ctrl Pts',(18.1645533380735,31.1192678967346,-2.79533898703823));
#745=CARTESIAN_POINT('Ctrl Pts',(16.8016937346411,31.2720974019497,-8.60995624366436));
#746=CARTESIAN_POINT('Ctrl Pts',(10.8553246697122,31.5042581913603,-15.513739374764));
#747=CARTESIAN_POINT('Ctrl Pts',(2.11786811988831,31.742252043947,-18.8156535283717));
#748=CARTESIAN_POINT('Ctrl Pts',(-7.13497965664983,31.9802458965336,-17.5387071465419));
#749=CARTESIAN_POINT('Ctrl Pts',(-14.6515031156871,32.2182397491203,-11.9936499667106));
#750=CARTESIAN_POINT('Ctrl Pts',(-18.6025278106181,32.4562336017069,-3.52989265107952));
#751=CARTESIAN_POINT('Ctrl Pts',(-18.026556920571,32.6942274542937,5.79287740785004));
#752=CARTESIAN_POINT('Ctrl Pts',(-13.0637551426698,32.9322213068803,13.7059288136679));
#753=CARTESIAN_POINT('Ctrl Pts',(-4.92183908222781,33.170215159467,18.2835905423859));
#754=CARTESIAN_POINT('Ctrl Pts',(4.41782515642176,33.4082090120536,18.4118712780709));
#755=CARTESIAN_POINT('Ctrl Pts',(12.6823949142599,33.6462028646403,14.0595534179332));
#756=CARTESIAN_POINT('Ctrl Pts',(17.3064015708544,33.8587230858607,7.11785343460619));
#757=CARTESIAN_POINT('Ctrl Pts',(18.1624347552551,33.9919120228857,2.048796593114));
#758=CARTESIAN_POINT('Ctrl Pts',(18.1641529690826,34.0457696757151,-0.000413683953846833));
#759=CARTESIAN_POINT('Origin',(0.,16.9542303242849,0.));
#760=CARTESIAN_POINT('',(18.1654028973003,27.4542303242849,-0.000440174045237315));
#761=CARTESIAN_POINT('',(18.1634280888087,28.0457696757151,8.88734621051768E-5));
#762=CARTESIAN_POINT('',(18.16495,16.9542303242849,-3.60274019253543E-13));
#763=CARTESIAN_POINT('Ctrl Pts',(18.1654028973003,27.4542303242849,-0.000440174045238037));
#764=CARTESIAN_POINT('Ctrl Pts',(18.1659643143818,27.4687771842966,-0.55381884781268));
#765=CARTESIAN_POINT('Ctrl Pts',(18.0060100777094,27.5626553285038,-4.12472413586048));
#766=CARTESIAN_POINT('Ctrl Pts',(15.7349621274632,27.7358647569065,-10.5321007587684));
#767=CARTESIAN_POINT('Ctrl Pts',(8.78532589576644,27.9738586094931,-16.7729612314371));
#768=CARTESIAN_POINT('Ctrl Pts',(-0.302252660101709,28.2118524620798,-18.9320580730496));
#769=CARTESIAN_POINT('Ctrl Pts',(-9.31627688658827,28.4498463146664,-16.4839668930653));
#770=CARTESIAN_POINT('Ctrl Pts',(-16.063149854744,28.6878401672531,-10.0244399494617));
#771=CARTESIAN_POINT('Ctrl Pts',(-18.9009944793548,28.9258340198398,-1.12542758471703));
#772=CARTESIAN_POINT('Ctrl Pts',(-17.139210524946,29.1638278724265,8.047461844503));
#773=CARTESIAN_POINT('Ctrl Pts',(-11.2065347881763,29.4018217250131,15.2619709604713));
#774=CARTESIAN_POINT('Ctrl Pts',(-2.54670637487524,29.6398155775998,18.7624216506628));
#775=CARTESIAN_POINT('Ctrl Pts',(6.73287267837468,29.8778094301864,17.6969659844213));
#776=CARTESIAN_POINT('Ctrl Pts',(14.373981669947,30.1158032827731,12.3248866327058));
#777=CARTESIAN_POINT('Ctrl Pts',(17.7188803808039,30.3079435808059,5.56638925517742));
#778=CARTESIAN_POINT('Ctrl Pts',(18.1640754063028,30.4207525946432,1.27411383493037));
#779=CARTESIAN_POINT('Ctrl Pts',(18.1635533720573,30.4542303242849,0.000211410342255414));
#780=CARTESIAN_POINT('Ctrl Pts',(18.1634280888087,28.0457696757151,8.88734621051768E-5));
#781=CARTESIAN_POINT('Ctrl Pts',(18.1631538470515,28.0879612021924,-1.60542470907746));
#782=CARTESIAN_POINT('Ctrl Pts',(17.5559610632582,28.2094840128653,-6.22993404777116));
#783=CARTESIAN_POINT('Ctrl Pts',(13.6779879492874,28.4103381077337,-13.0930068636651));
#784=CARTESIAN_POINT('Ctrl Pts',(5.75435200435237,28.6483319603205,-18.0388917642701));
#785=CARTESIAN_POINT('Ctrl Pts',(-3.56962729087052,28.8863258129071,-18.5949440460895));
#786=CARTESIAN_POINT('Ctrl Pts',(-12.0249242677377,29.1243196654938,-14.6258462807508));
#787=CARTESIAN_POINT('Ctrl Pts',(-17.553910389224,29.3623135180804,-7.09749343924017));
#788=CARTESIAN_POINT('Ctrl Pts',(-18.8110859460318,29.600307370667,2.15806130681435));
#789=CARTESIAN_POINT('Ctrl Pts',(-15.4905125058607,29.8383012232537,10.888443661917));
#790=CARTESIAN_POINT('Ctrl Pts',(-8.40026418940451,30.0762950758404,16.96908202058));
#791=CARTESIAN_POINT('Ctrl Pts',(0.734220226856224,30.314288928427,18.9202300126463));
#792=CARTESIAN_POINT('Ctrl Pts',(9.69002937063694,30.5522827810137,16.2670683858266));
#793=CARTESIAN_POINT('Ctrl Pts',(16.2877331738013,30.7902766336003,9.65525406874503));
#794=CARTESIAN_POINT('Ctrl Pts',(18.1083060594628,30.9547722651675,3.46131037748439));
#795=CARTESIAN_POINT('Ctrl Pts',(18.1664181188271,31.0399366125391,0.222089074166449));
#796=CARTESIAN_POINT('Ctrl Pts',(18.1662810054039,31.0457696757151,0.000223908506105444));
#797=CARTESIAN_POINT('Origin',(0.,16.9542303242849,0.));
#798=CARTESIAN_POINT('',(18.1651376777407,24.4542303242849,0.00046498837365018));
#799=CARTESIAN_POINT('',(18.1658192203546,25.0457696757151,-0.000372652873892321));
#800=CARTESIAN_POINT('',(18.16495,16.9542303242849,-3.60274019253543E-13));
#801=CARTESIAN_POINT('Ctrl Pts',(18.1651376777407,24.4542303242849,0.00046498837364975));
#802=CARTESIAN_POINT('Ctrl Pts',(18.1626841953437,24.5168017739499,-2.37992256890079));
#803=CARTESIAN_POINT('Ctrl Pts',(17.0958443524894,24.6587045078105,-7.78042724880176));
#804=CARTESIAN_POINT('Ctrl Pts',(11.8940095155744,24.8799385258666,-14.732503394156));
#805=CARTESIAN_POINT('Ctrl Pts',(3.40365158058481,25.1179323784532,-18.6260402134656));
#806=CARTESIAN_POINT('Ctrl Pts',(-5.91499788935946,25.3559262310399,-17.986855224726));
#807=CARTESIAN_POINT('Ctrl Pts',(-13.7942102073846,25.5939200836265,-12.9705031142231));
#808=CARTESIAN_POINT('Ctrl Pts',(-18.316549245502,25.8319139362132,-4.79772884501559));
#809=CARTESIAN_POINT('Ctrl Pts',(-18.3814866610291,26.0699077887999,4.5425903477996));
#810=CARTESIAN_POINT('Ctrl Pts',(-13.9732196945351,26.3079016413865,12.7774532588468));
#811=CARTESIAN_POINT('Ctrl Pts',(-6.1645168018308,26.5458954939732,17.9028743937049));
#812=CARTESIAN_POINT('Ctrl Pts',(3.1443445972456,26.7838893465598,18.6715633229868));
#813=CARTESIAN_POINT('Ctrl Pts',(11.6880178321585,27.0218831991465,14.8964565782258));
#814=CARTESIAN_POINT('Ctrl Pts',(17.0390072241236,27.2453301917215,7.94856293860951));
#815=CARTESIAN_POINT('Ctrl Pts',(18.1629026269795,27.389445900101,2.4640311075245));
#816=CARTESIAN_POINT('Ctrl Pts',(18.1654028973003,27.4542303242849,-0.000440174045238037));
#817=CARTESIAN_POINT('Ctrl Pts',(18.1658192203546,25.0457696757151,-0.000372652873892876));
#818=CARTESIAN_POINT('Ctrl Pts',(18.1661988633515,25.0566545076502,-0.41441632106377));
#819=CARTESIAN_POINT('Ctrl Pts',(18.0512566549898,25.1468706237809,-3.8458998111896));
#820=CARTESIAN_POINT('Ctrl Pts',(15.9731110084754,25.3164180241072,-10.1672960334935));
#821=CARTESIAN_POINT('Ctrl Pts',(9.16889884576311,25.5544118766938,-16.5663960002093));
#822=CARTESIAN_POINT('Ctrl Pts',(0.133400441847579,25.7924057292805,-18.9340008372386));
#823=CARTESIAN_POINT('Ctrl Pts',(-8.9345614711817,26.0303995818671,-16.6939448383928));
#824=CARTESIAN_POINT('Ctrl Pts',(-15.8282640144226,26.2683934344539,-10.3913541655274));
#825=CARTESIAN_POINT('Ctrl Pts',(-18.8700985744321,26.5063872870405,-1.55998809874018));
#826=CARTESIAN_POINT('Ctrl Pts',(-17.3198231900603,26.7443811396271,7.65100697468602));
#827=CARTESIAN_POINT('Ctrl Pts',(-11.5547032477567,26.9823749922138,15.0001005309372));
#828=CARTESIAN_POINT('Ctrl Pts',(-2.97770251566522,27.2203688448004,18.6988628209339));
#829=CARTESIAN_POINT('Ctrl Pts',(6.32393339918723,27.4583626973871,17.8471860369587));
#830=CARTESIAN_POINT('Ctrl Pts',(14.0866161745365,27.6963565499738,12.6523289486002));
#831=CARTESIAN_POINT('Ctrl Pts',(17.6528209958055,27.8921588760831,5.8452668706386));
#832=CARTESIAN_POINT('Ctrl Pts',(18.163669494448,28.0086299179969,1.41336756819773));
#833=CARTESIAN_POINT('Ctrl Pts',(18.1634280888087,28.0457696757151,8.88734621051768E-5));
#834=CARTESIAN_POINT('Origin',(0.,15.,0.));
#835=CARTESIAN_POINT('',(19.8824554206458,23.4627467070056,0.000508948006429366));
#836=CARTESIAN_POINT('',(19.8820090385921,23.0372532929944,0.000344808363961582));
#837=CARTESIAN_POINT('',(19.88225,15.,-2.43487338223475E-15));
#838=CARTESIAN_POINT('',(-8.56915259983491,22.5,17.9412277150056));
#839=CARTESIAN_POINT('Ctrl Pts',(19.8824554206458,23.4627467070056,0.000508948006429366));
#840=CARTESIAN_POINT('Ctrl Pts',(19.8831747168684,23.445986872475,0.698375694593475));
#841=CARTESIAN_POINT('Ctrl Pts',(19.8471461557623,23.4292270379445,1.39616834028387));
#842=CARTESIAN_POINT('Ctrl Pts',(19.7738089596517,23.4124672034139,2.09001731020532));
#843=CARTESIAN_POINT('Ctrl Pts',(19.4266734353631,23.3331359192184,5.37429375823775));
#844=CARTESIAN_POINT('Ctrl Pts',(18.2436291518298,23.2538046350228,8.5702112213199));
#845=CARTESIAN_POINT('Ctrl Pts',(16.3686251155838,23.1744733508272,11.2889192136241));
#846=CARTESIAN_POINT('Ctrl Pts',(14.4936210793379,23.0951420666317,14.0076272059283));
#847=CARTESIAN_POINT('Ctrl Pts',(11.9266572903793,23.0158107824362,16.2491257274546));
#848=CARTESIAN_POINT('Ctrl Pts',(8.98007421921233,22.9364794982406,17.7406387720242));
#849=CARTESIAN_POINT('Ctrl Pts',(6.03349114804531,22.8571482140451,19.2321518165938));
#850=CARTESIAN_POINT('Ctrl Pts',(2.70728879466987,22.7778169298495,19.9736793842066));
#851=CARTESIAN_POINT('Ctrl Pts',(-0.593811449010386,22.6984856456539,19.8750691414206));
#852=CARTESIAN_POINT('Ctrl Pts',(-3.34691202750829,22.6323237637693,19.7928287074986));
#853=CARTESIAN_POINT('Ctrl Pts',(-6.08255289893175,22.5661618818847,19.1262326058722));
#854=CARTESIAN_POINT('Ctrl Pts',(-8.56950465153691,22.5,17.9414542810002));
#855=CARTESIAN_POINT('',(8.56880054813238,22.5,17.9410011490113));
#856=CARTESIAN_POINT('Origin',(0.,22.5,0.));
#857=CARTESIAN_POINT('Ctrl Pts',(8.56880054813232,22.5,17.9410011490114));
#858=CARTESIAN_POINT('Ctrl Pts',(11.5497167824528,22.5793312841956,16.5172859142576));
#859=CARTESIAN_POINT('Ctrl Pts',(14.1674444173298,22.6586625683911,14.3369949932216));
#860=CARTESIAN_POINT('Ctrl Pts',(16.1044868590622,22.7379938525867,11.6626348591089));
#861=CARTESIAN_POINT('Ctrl Pts',(18.0415293007946,22.8173251367822,8.98827472499628));
#862=CARTESIAN_POINT('Ctrl Pts',(19.2978865493825,22.8966564209778,5.81984537780701));
#863=CARTESIAN_POINT('Ctrl Pts',(19.7205156346141,22.9759877051733,2.54427518960649));
#864=CARTESIAN_POINT('Ctrl Pts',(19.8293109629623,22.9964095677803,1.70106125425372));
#865=CARTESIAN_POINT('Ctrl Pts',(19.8828570646923,23.0168314303874,0.850747344514483));
#866=CARTESIAN_POINT('Ctrl Pts',(19.8820090385921,23.0372532929944,0.000344808363961581));
#867=CARTESIAN_POINT('Origin',(0.,15.,0.));
#868=CARTESIAN_POINT('',(19.8827457138528,26.4627467070056,-0.000481787751220875));
#869=CARTESIAN_POINT('',(19.8832013957591,26.0372532929944,-0.000407883181729851));
#870=CARTESIAN_POINT('',(19.88225,15.,-2.43487338223475E-15));
#871=CARTESIAN_POINT('Ctrl Pts',(19.8827457138528,26.4627467070056,-0.000481787751220875));
#872=CARTESIAN_POINT('Ctrl Pts',(19.8800090699541,26.3979622828217,2.69697865876751));
#873=CARTESIAN_POINT('Ctrl Pts',(19.3270200596023,26.3331778586377,5.39552678149145));
#874=CARTESIAN_POINT('Ctrl Pts',(18.2592716845943,26.2683934344538,7.87214596070704));
#875=CARTESIAN_POINT('Ctrl Pts',(16.9517683633234,26.1890621502583,10.904871533643));
#876=CARTESIAN_POINT('Ctrl Pts',(14.8723810766004,26.1097308660627,13.6048136649834));
#877=CARTESIAN_POINT('Ctrl Pts',(12.2741232095109,26.0303995818672,15.6434517888804));
#878=CARTESIAN_POINT('Ctrl Pts',(9.67586534242141,25.9510682976716,17.6820899127774));
#879=CARTESIAN_POINT('Ctrl Pts',(6.55873689496541,25.8717370134761,19.059424029231));
#880=CARTESIAN_POINT('Ctrl Pts',(3.30202037288458,25.7924057292805,19.6078643920526));
#881=CARTESIAN_POINT('Ctrl Pts',(0.0453038508037235,25.7130744450849,20.1563047548741));
#882=CARTESIAN_POINT('Ctrl Pts',(-3.35100074590197,25.6337431608894,19.8758513640635));
#883=CARTESIAN_POINT('Ctrl Pts',(-6.47364162518008,25.5544118766938,18.8006289364144));
#884=CARTESIAN_POINT('Ctrl Pts',(-9.59628250445819,25.4750805924983,17.7254065087652));
#885=CARTESIAN_POINT('Ctrl Pts',(-12.4452596663087,25.3957493083027,15.8554150442776));
#886=CARTESIAN_POINT('Ctrl Pts',(-14.6739184201455,25.3164180241072,13.4181892562288));
#887=CARTESIAN_POINT('Ctrl Pts',(-16.9025771739823,25.2370867399116,10.98096346818));
#888=CARTESIAN_POINT('Ctrl Pts',(-18.5109175198054,25.1577554557161,7.97650335657005));
#889=CARTESIAN_POINT('Ctrl Pts',(-19.303241601482,25.0784241715205,4.77038237096759));
#890=CARTESIAN_POINT('Ctrl Pts',(-20.0955656831586,24.999092887325,1.56426138536511));
#891=CARTESIAN_POINT('Ctrl Pts',(-20.0718735006888,24.9197616031294,-1.84352047422985));
#892=CARTESIAN_POINT('Ctrl Pts',(-19.2350478440399,24.8404303189339,-5.03831505101371));
#893=CARTESIAN_POINT('Ctrl Pts',(-18.3982221873909,24.7610990347383,-8.23310962779759));
#894=CARTESIAN_POINT('Ctrl Pts',(-16.7482630565628,24.6817677505428,-11.2149169217704));
#895=CARTESIAN_POINT('Ctrl Pts',(-14.4859323551234,24.6024364663472,-13.6209195803977));
#896=CARTESIAN_POINT('Ctrl Pts',(-12.223601653684,24.5231051821517,-16.026922239025));
#897=CARTESIAN_POINT('Ctrl Pts',(-9.34889938163342,24.4437738979561,-17.857120262307));
#898=CARTESIAN_POINT('Ctrl Pts',(-6.21161037603145,24.3644426137606,-18.888821445918));
#899=CARTESIAN_POINT('Ctrl Pts',(-3.07432137042949,24.285111329565,-19.9205226295291));
#900=CARTESIAN_POINT('Ctrl Pts',(0.325554368723839,24.2057800453694,-20.1537269734692));
#901=CARTESIAN_POINT('Ctrl Pts',(3.57433051432977,24.1264487611739,-19.5600576938644));
#902=CARTESIAN_POINT('Ctrl Pts',(6.82310665993568,24.0471174769783,-18.9663884142595));
#903=CARTESIAN_POINT('Ctrl Pts',(9.9207832119942,23.9677861927828,-17.5458455111096));
#904=CARTESIAN_POINT('Ctrl Pts',(12.490444529686,23.8884549085872,-15.4712786255068));
#905=CARTESIAN_POINT('Ctrl Pts',(15.0601058473778,23.8091236243917,-13.396711739904));
#906=CARTESIAN_POINT('Ctrl Pts',(17.101751930703,23.7297923401961,-10.6681208718482));
#907=CARTESIAN_POINT('Ctrl Pts',(18.3669615898436,23.6504610560006,-7.61750772132904));
#908=CARTESIAN_POINT('Ctrl Pts',(19.364878153345,23.5878896063356,-5.21137892698655));
#909=CARTESIAN_POINT('Ctrl Pts',(19.8797699879643,23.5253181566706,-2.60491856545322));
#910=CARTESIAN_POINT('Ctrl Pts',(19.8824554206458,23.4627467070056,0.000508948006429366));
#911=CARTESIAN_POINT('Ctrl Pts',(19.8820090385921,23.0372532929944,0.000344808363961581));
#912=CARTESIAN_POINT('Ctrl Pts',(19.8795628010466,23.0961627145829,-2.45274786423034));
#913=CARTESIAN_POINT('Ctrl Pts',(19.4244995917909,23.1550721361715,-4.90657800278818));
#914=CARTESIAN_POINT('Ctrl Pts',(18.537344474657,23.21398155776,-7.1928511754128));
#915=CARTESIAN_POINT('Ctrl Pts',(17.3426433075928,23.2933128419555,-10.2716963230198));
#916=CARTESIAN_POINT('Ctrl Pts',(15.3643400515887,23.3726441261511,-13.046675589022));
#917=CARTESIAN_POINT('Ctrl Pts',(12.8430951026298,23.4519754103466,-15.1798483824518));
#918=CARTESIAN_POINT('Ctrl Pts',(10.3218501536708,23.5313066945422,-17.3130211758815));
#919=CARTESIAN_POINT('Ctrl Pts',(7.25766351175704,23.6106379787377,-18.8043874967387));
#920=CARTESIAN_POINT('Ctrl Pts',(4.02340279284405,23.6899692629333,-19.4726275331166));
#921=CARTESIAN_POINT('Ctrl Pts',(0.789142073931058,23.7693005471288,-20.1408675694946));
#922=CARTESIAN_POINT('Ctrl Pts',(-2.61519272198112,23.8486318313244,-19.9859813213932));
#923=CARTESIAN_POINT('Ctrl Pts',(-5.77538624007723,23.9279631155199,-19.0267420348975));
#924=CARTESIAN_POINT('Ctrl Pts',(-8.93557975817334,24.0072943997155,-18.0675027484019));
#925=CARTESIAN_POINT('Ctrl Pts',(-11.8516319984534,24.0866256839111,-16.303910423512));
#926=CARTESIAN_POINT('Ctrl Pts',(-14.1687199845573,24.1659569681066,-13.9505900955744));
#927=CARTESIAN_POINT('Ctrl Pts',(-16.4858079706613,24.2452882523022,-11.5972697676368));
#928=CARTESIAN_POINT('Ctrl Pts',(-18.2039317025892,24.3246195364977,-8.65422143665154));
#929=CARTESIAN_POINT('Ctrl Pts',(-19.1140386393031,24.4039508206933,-5.4795276861823));
#930=CARTESIAN_POINT('Ctrl Pts',(-20.024145576017,24.4832821048888,-2.30483393571306));
#931=CARTESIAN_POINT('Ctrl Pts',(-20.126235717517,24.5626133890844,1.10150523424016));
#932=CARTESIAN_POINT('Ctrl Pts',(-19.4078853351821,24.6419446732799,4.32500781109775));
#933=CARTESIAN_POINT('Ctrl Pts',(-18.6895349528473,24.7212759574755,7.54851038795535));
#934=CARTESIAN_POINT('Ctrl Pts',(-17.1507440466775,24.800607241671,10.5891763717173));
#935=CARTESIAN_POINT('Ctrl Pts',(-14.9787487767726,24.8799385258666,13.0770316179843));
#936=CARTESIAN_POINT('Ctrl Pts',(-12.8067535068677,24.9592698100621,15.5648868642512));
#937=CARTESIAN_POINT('Ctrl Pts',(-10.0015538732276,25.0386010942577,17.4999313730231));
#938=CARTESIAN_POINT('Ctrl Pts',(-6.9044774187158,25.1179323784532,18.6467126048558));
#939=CARTESIAN_POINT('Ctrl Pts',(-3.80740096420405,25.1972636626488,19.7934938366886));
#940=CARTESIAN_POINT('Ctrl Pts',(-0.41844768882067,25.2765949468444,20.1520117915822));
#941=CARTESIAN_POINT('Ctrl Pts',(2.85002488315495,25.3559262310399,19.678644292168));
#942=CARTESIAN_POINT('Ctrl Pts',(6.11849745513057,25.4352575152355,19.2052767927538));
#943=CARTESIAN_POINT('Ctrl Pts',(9.26648932369844,25.514588799431,17.9000238390318));
#944=CARTESIAN_POINT('Ctrl Pts',(11.9109627275653,25.5939200836266,15.9217039656197));
#945=CARTESIAN_POINT('Ctrl Pts',(14.5554361314322,25.6732513678221,13.9433840922077));
#946=CARTESIAN_POINT('Ctrl Pts',(16.6963910705982,25.7525826520177,11.2919972991057));
#947=CARTESIAN_POINT('Ctrl Pts',(18.0733227441902,25.8319139362132,8.29015639081165));
#948=CARTESIAN_POINT('Ctrl Pts',(19.2613293297135,25.9003603884736,5.70018999222952));
#949=CARTESIAN_POINT('Ctrl Pts',(19.8805884166869,25.968806840734,2.8493416148476));
#950=CARTESIAN_POINT('Ctrl Pts',(19.8832013957591,26.0372532929944,-0.000407883181729851));
#951=CARTESIAN_POINT('Origin',(0.,15.,0.));
#952=CARTESIAN_POINT('',(19.8807213359566,29.4627467070056,0.000231396908698112));
#953=CARTESIAN_POINT('',(19.8805842085289,29.0372532929944,9.7275488854748E-5));
#954=CARTESIAN_POINT('',(19.88225,15.,-2.43487338223475E-15));
#955=CARTESIAN_POINT('Ctrl Pts',(19.8807213359566,29.4627467070056,0.000231396908698112));
#956=CARTESIAN_POINT('Ctrl Pts',(19.8812927229067,29.4292689773639,1.39456754874328));
#957=CARTESIAN_POINT('Ctrl Pts',(19.7366842227899,29.3957912477221,2.78878687973105));
#958=CARTESIAN_POINT('Ctrl Pts',(19.4456845695371,29.3623135180804,4.15175096694429));
#959=CARTESIAN_POINT('Ctrl Pts',(18.7561104424964,29.2829822338848,7.38153065953902));
#960=CARTESIAN_POINT('Ctrl Pts',(17.2444984830602,29.2036509496893,10.4358011612228));
#961=CARTESIAN_POINT('Ctrl Pts',(15.0947769384062,29.1243196654937,12.9429283258937));
#962=CARTESIAN_POINT('Ctrl Pts',(12.9450553937523,29.0449883812982,15.4500554905646));
#963=CARTESIAN_POINT('Ctrl Pts',(10.1572242638806,28.9656570971026,17.4100393182225));
#964=CARTESIAN_POINT('Ctrl Pts',(7.07049817986378,28.8863258129071,18.5843950656993));
#965=CARTESIAN_POINT('Ctrl Pts',(3.98377209584698,28.8069945287115,19.7587508131761));
#966=CARTESIAN_POINT('Ctrl Pts',(0.598151057685078,28.727663244516,20.1474784804719));
#967=CARTESIAN_POINT('Ctrl Pts',(-2.67441308463141,28.6483319603204,19.7032788926674));
#968=CARTESIAN_POINT('Ctrl Pts',(-5.94697722694794,28.5690006761249,19.259079304863));
#969=CARTESIAN_POINT('Ctrl Pts',(-9.10648447341905,28.4896693919293,17.9819524619584));
#970=CARTESIAN_POINT('Ctrl Pts',(-11.7684957977712,28.4103381077337,16.0272951906197));
#971=CARTESIAN_POINT('Ctrl Pts',(-14.4305071221234,28.3310068235382,14.072637919281));
#972=CARTESIAN_POINT('Ctrl Pts',(-16.5950225243566,28.2516755393427,11.4404502195083));
#973=CARTESIAN_POINT('Ctrl Pts',(-17.9986704947146,28.1723442551471,8.4510085133189));
#974=CARTESIAN_POINT('Ctrl Pts',(-19.4023184650727,28.0930129709516,5.4615668071295));
#975=CARTESIAN_POINT('Ctrl Pts',(-20.0450990035556,28.013681686756,2.11487109452341));
#976=CARTESIAN_POINT('Ctrl Pts',(-19.8488005711338,27.9343504025604,-1.181863087175));
#977=CARTESIAN_POINT('Ctrl Pts',(-19.652502138712,27.8550191183649,-4.47859726887343));
#978=CARTESIAN_POINT('Ctrl Pts',(-18.6171247353855,27.7756878341693,-7.7253699196642));
#979=CARTESIAN_POINT('Ctrl Pts',(-16.8686498670375,27.6963565499738,-10.5271238300191));
#980=CARTESIAN_POINT('Ctrl Pts',(-15.1201749986896,27.6170252657782,-13.328877740374));
#981=CARTESIAN_POINT('Ctrl Pts',(-12.6586026653202,27.5376939815827,-15.6856129102931));
#982=CARTESIAN_POINT('Ctrl Pts',(-9.78344934121541,27.4583626973871,-17.3105691257676));
#983=CARTESIAN_POINT('Ctrl Pts',(-6.90829601711066,27.3790314131916,-18.9355253412421));
#984=CARTESIAN_POINT('Ctrl Pts',(-3.61956170227057,27.299700128996,-19.8287026022721));
#985=CARTESIAN_POINT('Ctrl Pts',(-0.317409371183558,27.2203688448005,-19.8814218746813));
#986=CARTESIAN_POINT('Ctrl Pts',(2.98474295990341,27.1410375606049,-19.9341411470904));
#987=CARTESIAN_POINT('Ctrl Pts',(6.30031330723728,27.0617062764094,-19.1464024308787));
#988=CARTESIAN_POINT('Ctrl Pts',(9.22587337126222,26.9823749922138,-17.6140553254929));
#989=CARTESIAN_POINT('Ctrl Pts',(12.1514334352872,26.9030437080182,-16.0817082201071));
#990=CARTESIAN_POINT('Ctrl Pts',(14.6869832160033,26.8237124238227,-13.8047527255472));
#991=CARTESIAN_POINT('Ctrl Pts',(16.5240048931585,26.7443811396271,-11.060241713318));
#992=CARTESIAN_POINT('Ctrl Pts',(18.3610265703138,26.6650498554316,-8.31573070108889));
#993=CARTESIAN_POINT('Ctrl Pts',(19.4995201439082,26.5857185712361,-5.10366417119053));
#994=CARTESIAN_POINT('Ctrl Pts',(19.8009572527961,26.5063872870405,-1.81487639897555));
#995=CARTESIAN_POINT('Ctrl Pts',(19.8562313287141,26.4918404270289,-1.21181625926509));
#996=CARTESIAN_POINT('Ctrl Pts',(19.8833602068609,26.4772935670172,-0.606176443476246));
#997=CARTESIAN_POINT('Ctrl Pts',(19.8827457138528,26.4627467070056,-0.000481787751220875));
#998=CARTESIAN_POINT('Ctrl Pts',(19.8832013957591,26.0372532929944,-0.000407883181729851));
#999=CARTESIAN_POINT('Ctrl Pts',(19.8836169299046,26.0481381249296,-0.453594912150593));
#1000=CARTESIAN_POINT('Ctrl Pts',(19.8684377446356,26.0590229568647,-0.906754150925124));
#1001=CARTESIAN_POINT('Ctrl Pts',(19.837471204924,26.0699077887999,-1.35883198457516));
#1002=CARTESIAN_POINT('Ctrl Pts',(19.6117795840479,26.1492390729954,-4.65368442818182));
#1003=CARTESIAN_POINT('Ctrl Pts',(18.5474879342776,26.228570357191,-7.89109429190908));
#1004=CARTESIAN_POINT('Ctrl Pts',(16.7740959432677,26.3079016413866,-10.6771435261539));
#1005=CARTESIAN_POINT('Ctrl Pts',(15.0007039522578,26.3872329255821,-13.4631927603987));
#1006=CARTESIAN_POINT('Ctrl Pts',(12.5182116200083,26.4665642097776,-15.7978813651611));
#1007=CARTESIAN_POINT('Ctrl Pts',(9.62868090826825,26.5458954939732,-17.3971317217018));
#1008=CARTESIAN_POINT('Ctrl Pts',(6.73915019652819,26.6252267781687,-18.9963820782424));
#1009=CARTESIAN_POINT('Ctrl Pts',(3.44258110529754,26.7045580623643,-19.8601941865614));
#1010=CARTESIAN_POINT('Ctrl Pts',(0.140089916803801,26.7838893465599,-19.8834620539651));
#1011=CARTESIAN_POINT('Ctrl Pts',(-3.16240127168995,26.8632206307554,-19.9067299213689));
#1012=CARTESIAN_POINT('Ctrl Pts',(-6.47081455744677,26.942551914951,-19.0894535478574));
#1013=CARTESIAN_POINT('Ctrl Pts',(-9.38259248816572,27.0218831991465,-17.5310765930752));
#1014=CARTESIAN_POINT('Ctrl Pts',(-12.2943704188847,27.1012144833421,-15.972699638293));
#1015=CARTESIAN_POINT('Ctrl Pts',(-14.8095129945657,27.1805457675376,-13.6732221022399));
#1016=CARTESIAN_POINT('Ctrl Pts',(-16.6219854811502,27.2598770517332,-10.9124372630582));
#1017=CARTESIAN_POINT('Ctrl Pts',(-18.4344579677347,27.3392083359287,-8.15165242387656));
#1018=CARTESIAN_POINT('Ctrl Pts',(-19.5442603652228,27.4185396201243,-4.92956028156622));
#1019=CARTESIAN_POINT('Ctrl Pts',(-19.8163553652074,27.4978709043198,-1.6382150004983));
#1020=CARTESIAN_POINT('Ctrl Pts',(-20.088450365192,27.5772021885154,1.65313028056959));
#1021=CARTESIAN_POINT('Ctrl Pts',(-19.5228379676732,27.656533472711,5.01372870039507));
#1022=CARTESIAN_POINT('Ctrl Pts',(-18.1883401322467,27.7358647569065,8.03467308465706));
#1023=CARTESIAN_POINT('Ctrl Pts',(-16.8538422968201,27.8151960411021,11.0556174689191));
#1024=CARTESIAN_POINT('Ctrl Pts',(-14.7504590234857,27.8945273252976,13.7369078176176));
#1025=CARTESIAN_POINT('Ctrl Pts',(-12.1341234543586,27.9738586094931,15.752293050342));
#1026=CARTESIAN_POINT('Ctrl Pts',(-9.5177878852315,28.0531898936887,17.7676782830664));
#1027=CARTESIAN_POINT('Ctrl Pts',(-6.38850002031169,28.1325211778843,19.1171583998167));
#1028=CARTESIAN_POINT('Ctrl Pts',(-3.12702188546315,28.2118524620798,19.6365328526512));
#1029=CARTESIAN_POINT('Ctrl Pts',(0.134456249385382,28.2911837462754,20.1559073054857));
#1030=CARTESIAN_POINT('Ctrl Pts',(3.52812465416264,28.3705150304709,19.8451760944045));
#1031=CARTESIAN_POINT('Ctrl Pts',(6.64105230033712,28.4498463146665,18.7421480276862));
#1032=CARTESIAN_POINT('Ctrl Pts',(9.75397994651157,28.529177598862,17.6391199609679));
#1033=CARTESIAN_POINT('Ctrl Pts',(12.5861668340833,28.6085088830576,15.7437950386126));
#1034=CARTESIAN_POINT('Ctrl Pts',(14.7930012611661,28.6878401672531,13.2867905091419));
#1035=CARTESIAN_POINT('Ctrl Pts',(16.9998356882489,28.7671714514487,10.8297859796712));
#1036=CARTESIAN_POINT('Ctrl Pts',(18.5813176548429,28.8465027356442,7.81110184308509));
#1037=CARTESIAN_POINT('Ctrl Pts',(19.3450173483679,28.9258340198398,4.59804220709551));
#1038=CARTESIAN_POINT('Ctrl Pts',(19.7025512251304,28.962973777558,3.09381524764473));
#1039=CARTESIAN_POINT('Ctrl Pts',(19.8808484364663,29.0001135352762,1.54698621976934));
#1040=CARTESIAN_POINT('Ctrl Pts',(19.8805842085289,29.0372532929944,9.7275488854748E-5));
#1041=CARTESIAN_POINT('Origin',(0.,15.,0.));
#1042=CARTESIAN_POINT('',(19.883917607846,32.4627467070056,9.51277692563812E-5));
#1043=CARTESIAN_POINT('',(19.8837068376016,32.0372532929944,0.000245076639212476));
#1044=CARTESIAN_POINT('',(19.88225,15.,-2.43487338223475E-15));
#1045=CARTESIAN_POINT('Ctrl Pts',(19.883917607846,32.4627467070056,9.51277692563812E-5));
#1046=CARTESIAN_POINT('Ctrl Pts',(19.8839417221553,32.460575671906,0.0904761428073555));
#1047=CARTESIAN_POINT('Ctrl Pts',(19.8833383492816,32.4584046368065,0.18085683473254));
#1048=CARTESIAN_POINT('Ctrl Pts',(19.8821055055,32.456233601707,0.271228939502469));
#1049=CARTESIAN_POINT('Ctrl Pts',(19.8370564501316,32.3769023175114,3.57349481644081));
#1050=CARTESIAN_POINT('Ctrl Pts',(18.951520506541,32.2975710333158,6.86429488724031));
#1051=CARTESIAN_POINT('Ctrl Pts',(17.3332469372958,32.2182397491203,9.74321482264371));
#1052=CARTESIAN_POINT('Ctrl Pts',(15.7149733680506,32.1389084649247,12.6221347580471));
#1053=CARTESIAN_POINT('Ctrl Pts',(13.3639621731507,32.0595771807292,15.0891745580544));
#1054=CARTESIAN_POINT('Ctrl Pts',(10.5662770910273,31.9802458965336,16.8441524840251));
#1055=CARTESIAN_POINT('Ctrl Pts',(7.76859200890375,31.9009146123381,18.5991304099959));
#1056=CARTESIAN_POINT('Ctrl Pts',(4.52423303955662,31.8215833281425,19.6420464619302));
#1057=CARTESIAN_POINT('Ctrl Pts',(1.22796370329457,31.742252043947,19.8460018546016));
#1058=CARTESIAN_POINT('Ctrl Pts',(-2.06830563296739,31.6629207597514,20.049957247273));
#1059=CARTESIAN_POINT('Ctrl Pts',(-5.4164853361443,31.5835894755559,19.4149519806816));
#1060=CARTESIAN_POINT('Ctrl Pts',(-8.40917930156954,31.5042581913603,18.0182515229284));
#1061=CARTESIAN_POINT('Ctrl Pts',(-11.4018732669948,31.4249269071648,16.6215510651752));
#1062=CARTESIAN_POINT('Ctrl Pts',(-14.0390814946685,31.3455956229692,14.4631554162602));
#1063=CARTESIAN_POINT('Ctrl Pts',(-15.9999166803249,31.2662643387737,11.8056914533676));
#1064=CARTESIAN_POINT('Ctrl Pts',(-17.9607518659814,31.1869330545781,9.14822749047509));
#1065=CARTESIAN_POINT('Ctrl Pts',(-19.2452140096207,31.1076017703826,5.99169521360509));
#1066=CARTESIAN_POINT('Ctrl Pts',(-19.6970137479766,31.028270486187,2.7201716639722));
#1067=CARTESIAN_POINT('Ctrl Pts',(-20.1488134863326,30.9489392019915,-0.551351885660649));
#1068=CARTESIAN_POINT('Ctrl Pts',(-19.7679508194051,30.8696079177959,-3.93786670805626));
#1069=CARTESIAN_POINT('Ctrl Pts',(-18.6007679332998,30.7902766336003,-7.02731220033536));
#1070=CARTESIAN_POINT('Ctrl Pts',(-17.4335850471945,30.7109453494048,-10.1167576926145));
#1071=CARTESIAN_POINT('Ctrl Pts',(-15.4800819419113,30.6316140652092,-12.909133854777));
#1072=CARTESIAN_POINT('Ctrl Pts',(-12.9779548064544,30.5522827810137,-15.064673030341));
#1073=CARTESIAN_POINT('Ctrl Pts',(-10.4758276709975,30.4729514968181,-17.2202122059051));
#1074=CARTESIAN_POINT('Ctrl Pts',(-7.42507650536693,30.3936202126226,-18.7389143948706));
#1075=CARTESIAN_POINT('Ctrl Pts',(-4.19690723378643,30.314288928427,-19.4359886329574));
#1076=CARTESIAN_POINT('Ctrl Pts',(-0.968737962205948,30.2349576442315,-20.1330628710442));
#1077=CARTESIAN_POINT('Ctrl Pts',(2.43684941532447,30.1556263600359,-20.0085091582524));
#1078=CARTESIAN_POINT('Ctrl Pts',(5.60547360666832,30.0762950758404,-19.0774828034099));
#1079=CARTESIAN_POINT('Ctrl Pts',(8.77409779801218,29.9969637916448,-18.1464564485675));
#1080=CARTESIAN_POINT('Ctrl Pts',(11.7057588031695,29.9176325074493,-16.4089574516744));
#1081=CARTESIAN_POINT('Ctrl Pts',(14.0437412186717,29.8383012232537,-14.0763992928746));
#1082=CARTESIAN_POINT('Ctrl Pts',(16.3817236341739,29.7589699390582,-11.7438411340748));
#1083=CARTESIAN_POINT('Ctrl Pts',(18.126027460021,29.6796386548626,-8.81622381336833));
#1084=CARTESIAN_POINT('Ctrl Pts',(19.064411225622,29.6003073706671,-5.64977071126225));
#1085=CARTESIAN_POINT('Ctrl Pts',(19.6067978972197,29.5544538161132,-3.81955793288808));
#1086=CARTESIAN_POINT('Ctrl Pts',(19.879938722471,29.5086002615594,-1.90955368973619));
#1087=CARTESIAN_POINT('Ctrl Pts',(19.8807213359566,29.4627467070056,0.000231396908698112));
#1088=CARTESIAN_POINT('Ctrl Pts',(19.8805842085289,29.0372532929944,9.7275488854748E-5));
#1089=CARTESIAN_POINT('Ctrl Pts',(19.8802840401729,29.0794448194718,-1.75720029078283));
#1090=CARTESIAN_POINT('Ctrl Pts',(19.6495427281654,29.1216363459491,-3.51457518172758));
#1091=CARTESIAN_POINT('Ctrl Pts',(19.1893502099957,29.1638278724264,-5.20965707749137));
#1092=CARTESIAN_POINT('Ctrl Pts',(18.3240659576425,29.243159156622,-8.39686159069559));
#1093=CARTESIAN_POINT('Ctrl Pts',(16.6475800324801,29.3224904408176,-11.363835481711));
#1094=CARTESIAN_POINT('Ctrl Pts',(14.3638820336323,29.4018217250131,-13.7495665848322));
#1095=CARTESIAN_POINT('Ctrl Pts',(12.0801840347845,29.4811530092087,-16.1352976879535));
#1096=CARTESIAN_POINT('Ctrl Pts',(9.1892739622513,29.5604842934042,-17.9397860031806));
#1097=CARTESIAN_POINT('Ctrl Pts',(6.0429087726175,29.6398155775998,-18.9434669982219));
#1098=CARTESIAN_POINT('Ctrl Pts',(2.89654358298373,29.7191468617953,-19.9471479932633));
#1099=CARTESIAN_POINT('Ctrl Pts',(-0.505276723750671,29.7984781459909,-20.1500216681188));
#1100=CARTESIAN_POINT('Ctrl Pts',(-3.74862922092024,29.8778094301864,-19.5274029842918));
#1101=CARTESIAN_POINT('Ctrl Pts',(-6.99198171808982,29.957140714382,-18.9047843004648));
#1102=CARTESIAN_POINT('Ctrl Pts',(-10.0768664056946,30.0364719985775,-17.4566732579552));
#1103=CARTESIAN_POINT('Ctrl Pts',(-12.627924098598,30.1158032827731,-15.3592715096429));
#1104=CARTESIAN_POINT('Ctrl Pts',(-15.1789817915015,30.1951345669686,-13.2618697613307));
#1105=CARTESIAN_POINT('Ctrl Pts',(-17.1962124897036,30.2744658511642,-10.5151773072157));
#1106=CARTESIAN_POINT('Ctrl Pts',(-18.4341658286729,30.3537971353597,-7.45340315210871));
#1107=CARTESIAN_POINT('Ctrl Pts',(-19.6721191676422,30.4331284195553,-4.3916289970017));
#1108=CARTESIAN_POINT('Ctrl Pts',(-20.1307951473787,30.5124597037508,-1.01477314090259));
#1109=CARTESIAN_POINT('Ctrl Pts',(-19.7543834996129,30.5917909879464,2.26627908632148));
#1110=CARTESIAN_POINT('Ctrl Pts',(-19.3779718518471,30.671122272142,5.54733131354555));
#1111=CARTESIAN_POINT('Ctrl Pts',(-18.166472576579,30.7504535563375,8.73257991189459));
#1112=CARTESIAN_POINT('Ctrl Pts',(-16.2672971419214,30.8297848405331,11.4344537273677));
#1113=CARTESIAN_POINT('Ctrl Pts',(-14.3681217072638,30.9091161247286,14.1363275428408));
#1114=CARTESIAN_POINT('Ctrl Pts',(-11.7812701132167,30.9884474089242,16.3548265754379));
#1115=CARTESIAN_POINT('Ctrl Pts',(-8.82150242530623,31.0677786931197,17.8200107549685));
#1116=CARTESIAN_POINT('Ctrl Pts',(-5.86173473739571,31.1471099773153,19.2851949344991));
#1117=CARTESIAN_POINT('Ctrl Pts',(-2.52905095562182,31.2264412615108,19.9970642609632));
#1118=CARTESIAN_POINT('Ctrl Pts',(0.771038310924794,31.3057725457064,19.869000686244));
#1119=CARTESIAN_POINT('Ctrl Pts',(4.07112757747141,31.3851038299019,19.7409371115248));
#1120=CARTESIAN_POINT('Ctrl Pts',(7.33862232879075,31.4644351140975,18.7729406356222));
#1121=CARTESIAN_POINT('Ctrl Pts',(10.1759439544985,31.543766398293,17.0827940624999));
#1122=CARTESIAN_POINT('Ctrl Pts',(13.0132655802063,31.6230976824886,15.3926474893776));
#1123=CARTESIAN_POINT('Ctrl Pts',(15.4204140803024,31.7024289666842,12.9803508190354));
#1124=CARTESIAN_POINT('Ctrl Pts',(17.1044951034585,31.7817602508797,10.1394248161639));
#1125=CARTESIAN_POINT('Ctrl Pts',(18.7885761266146,31.8610915350753,7.29849881329241));
#1126=CARTESIAN_POINT('Ctrl Pts',(19.7495896728306,31.9404228192708,4.02894347789155));
#1127=CARTESIAN_POINT('Ctrl Pts',(19.8706025993339,32.0197541034663,0.728588145815167));
#1128=CARTESIAN_POINT('Ctrl Pts',(19.8795004263711,32.0255871666424,0.485919930488528));
#1129=CARTESIAN_POINT('Ctrl Pts',(19.8838569136193,32.0314202298184,0.243085199510453));
#1130=CARTESIAN_POINT('Ctrl Pts',(19.8837068376016,32.0372532929944,0.000245076639212476));
#1131=CARTESIAN_POINT('Origin',(0.,15.,0.));
#1132=CARTESIAN_POINT('',(19.8810226861494,35.4627467070056,-0.000367570165016318));
#1133=CARTESIAN_POINT('',(19.8813776184103,35.0372532929944,-0.000452793307476002));
#1134=CARTESIAN_POINT('',(19.88225,15.,-2.43487338223475E-15));
#1135=CARTESIAN_POINT('Ctrl Pts',(19.8810226861494,35.4627467070056,-0.000367570165016318));
#1136=CARTESIAN_POINT('Ctrl Pts',(19.8796349094293,35.4125510822527,2.09017254434171));
#1137=CARTESIAN_POINT('Ctrl Pts',(19.5513787095515,35.3623554574998,4.18113831701896));
#1138=CARTESIAN_POINT('Ctrl Pts',(18.9031986535697,35.3121598327469,6.16771960557088));
#1139=CARTESIAN_POINT('Ctrl Pts',(17.8787875323991,35.2328285485513,9.30739653071066));
#1140=CARTESIAN_POINT('Ctrl Pts',(16.0552713763533,35.1534972643558,12.1863421435839));
#1141=CARTESIAN_POINT('Ctrl Pts',(13.6545299662466,35.0741659801602,14.4542552859129));
#1142=CARTESIAN_POINT('Ctrl Pts',(11.2537885561399,34.9948346959647,16.7221684282419));
#1143=CARTESIAN_POINT('Ctrl Pts',(8.2758218919722,34.9155034117691,18.3790491000267));
#1144=CARTESIAN_POINT('Ctrl Pts',(5.08297970596043,34.8361721275735,19.2232932084566));
#1145=CARTESIAN_POINT('Ctrl Pts',(1.89013751994866,34.756840843378,20.0675373168865));
#1146=CARTESIAN_POINT('Ctrl Pts',(-1.51758018790718,34.6775095591825,20.0991448619614));
#1147=CARTESIAN_POINT('Ctrl Pts',(-4.7255329135025,34.5981782749869,19.3142699357968));
#1148=CARTESIAN_POINT('Ctrl Pts',(-7.93348563909778,34.5188469907914,18.5293950096322));
#1149=CARTESIAN_POINT('Ctrl Pts',(-10.9416733824325,34.4395157065958,16.928037612228));
#1150=CARTESIAN_POINT('Ctrl Pts',(-13.3840692042745,34.3601844224002,14.7050459368433));
#1151=CARTESIAN_POINT('Ctrl Pts',(-15.8264650261166,34.2808531382047,12.4820542614585));
#1152=CARTESIAN_POINT('Ctrl Pts',(-17.7030689264659,34.2015218540091,9.6374283080932));
#1153=CARTESIAN_POINT('Ctrl Pts',(-18.7855415726778,34.1221905698136,6.51729332550274));
#1154=CARTESIAN_POINT('Ctrl Pts',(-19.8680142188896,34.042859285618,3.39715834291227));
#1155=CARTESIAN_POINT('Ctrl Pts',(-20.156355610964,33.9635280014225,0.00151433109667864));
#1156=CARTESIAN_POINT('Ctrl Pts',(-19.6154812640876,33.8841967172269,-3.25646729565802));
#1157=CARTESIAN_POINT('Ctrl Pts',(-19.0746069172112,33.8048654330314,-6.51444892241267));
#1158=CARTESIAN_POINT('Ctrl Pts',(-17.704516831384,33.7255341488358,-9.63476816410643));
#1159=CARTESIAN_POINT('Ctrl Pts',(-15.6719193118623,33.6462028646403,-12.2377542691433));
#1160=CARTESIAN_POINT('Ctrl Pts',(-13.6393217923405,33.5668715804447,-14.8407403741803));
#1161=CARTESIAN_POINT('Ctrl Pts',(-10.944216839124,33.4875402962492,-16.9263933425604));
#1162=CARTESIAN_POINT('Ctrl Pts',(-7.91453645017763,33.4082090120536,-18.240937400481));
#1163=CARTESIAN_POINT('Ctrl Pts',(-4.88485606123129,33.328877727858,-19.5554814584016));
#1164=CARTESIAN_POINT('Ctrl Pts',(-1.52060023655493,33.2495464436625,-20.0989166058628));
#1165=CARTESIAN_POINT('Ctrl Pts',(1.76887882666353,33.1702151594669,-19.8051193423832));
#1166=CARTESIAN_POINT('Ctrl Pts',(5.05835788988204,33.0908838752714,-19.5113220789035));
#1167=CARTESIAN_POINT('Ctrl Pts',(8.27306019164265,33.0115525910758,-18.380292404483));
#1168=CARTESIAN_POINT('Ctrl Pts',(11.0218307428159,32.9322213068803,-16.5496504961941));
#1169=CARTESIAN_POINT('Ctrl Pts',(13.7706012939891,32.8528900226847,-14.7190085879051));
#1170=CARTESIAN_POINT('Ctrl Pts',(16.0534400945749,32.7735587384892,-12.1887544457477));
#1171=CARTESIAN_POINT('Ctrl Pts',(17.5925784112947,32.6942274542936,-9.26676153313038));
#1172=CARTESIAN_POINT('Ctrl Pts',(19.0895955983425,32.6170672051976,-6.42473391085512));
#1173=CARTESIAN_POINT('Ctrl Pts',(19.8830605668367,32.5399069561016,-3.21211532214964));
#1174=CARTESIAN_POINT('Ctrl Pts',(19.883917607846,32.4627467070056,9.51277692563812E-5));
#1175=CARTESIAN_POINT('Ctrl Pts',(19.8837068376016,32.0372532929944,0.000245076639212476));
#1176=CARTESIAN_POINT('Ctrl Pts',(19.8818158379689,32.1107515140139,-3.05960812306332));
#1177=CARTESIAN_POINT('Ctrl Pts',(19.1644312162938,32.1842497350335,-6.12031737757819));
#1178=CARTESIAN_POINT('Ctrl Pts',(17.8011237085735,32.257747956053,-8.85955320876519));
#1179=CARTESIAN_POINT('Ctrl Pts',(16.3296195845192,32.3370792402486,-11.8161839025174));
#1180=CARTESIAN_POINT('Ctrl Pts',(14.1055990296202,32.4164105244441,-14.3982899612698));
#1181=CARTESIAN_POINT('Ctrl Pts',(11.3996739557473,32.4957418086397,-16.2916887414882));
#1182=CARTESIAN_POINT('Ctrl Pts',(8.69374888187453,32.5750730928352,-18.1850875217066));
#1183=CARTESIAN_POINT('Ctrl Pts',(5.50591928902794,32.6544043770308,-19.389779023391));
#1184=CARTESIAN_POINT('Ctrl Pts',(2.22407037860052,32.7337356612263,-19.759180127169));
#1185=CARTESIAN_POINT('Ctrl Pts',(-1.05777853182686,32.8130669454219,-20.1285812309469));
#1186=CARTESIAN_POINT('Ctrl Pts',(-4.43364675983507,32.8923982296175,-19.6626919368185));
#1187=CARTESIAN_POINT('Ctrl Pts',(-7.49276914707455,32.971729513813,-18.4182002067391));
#1188=CARTESIAN_POINT('Ctrl Pts',(-10.5518915343141,33.0510607980086,-17.1737084766597));
#1189=CARTESIAN_POINT('Ctrl Pts',(-13.2942680807849,33.1303920822041,-15.1506143106293));
#1190=CARTESIAN_POINT('Ctrl Pts',(-15.3862149279112,33.2097233663996,-12.595081521729));
#1191=CARTESIAN_POINT('Ctrl Pts',(-17.4781617750375,33.2890546505952,-10.0395487328287));
#1192=CARTESIAN_POINT('Ctrl Pts',(-18.9196789228192,33.3683859347908,-6.95157732105848));
#1193=CARTESIAN_POINT('Ctrl Pts',(-19.5353670430008,33.4477172189863,-3.70690205456213));
#1194=CARTESIAN_POINT('Ctrl Pts',(-20.1510551631823,33.5270485031819,-0.462226788065782));
#1195=CARTESIAN_POINT('Ctrl Pts',(-19.9409142557638,33.6063797873774,2.93915233315671));
#1196=CARTESIAN_POINT('Ctrl Pts',(-18.9305136135259,33.685711071573,6.08336606452282));
#1197=CARTESIAN_POINT('Ctrl Pts',(-17.920112971288,33.7650423557685,9.22757979588895));
#1198=CARTESIAN_POINT('Ctrl Pts',(-16.1094525942308,33.8443736399641,12.1146281373987));
#1199=CARTESIAN_POINT('Ctrl Pts',(-13.7188480119501,33.9237049241596,14.3932240159003));
#1200=CARTESIAN_POINT('Ctrl Pts',(-11.3282434296694,34.0030362083552,16.6718198944019));
#1201=CARTESIAN_POINT('Ctrl Pts',(-8.35769464216518,34.0823674925507,18.3419633098954));
#1202=CARTESIAN_POINT('Ctrl Pts',(-5.16864879745127,34.1616987767463,19.2004364001312));
#1203=CARTESIAN_POINT('Ctrl Pts',(-1.9796029527374,34.2410300609418,20.058909490367));
#1204=CARTESIAN_POINT('Ctrl Pts',(1.42793994918614,34.3203613451374,20.1057122553453));
#1205=CARTESIAN_POINT('Ctrl Pts',(4.63936067404974,34.399692629333,19.3351498800231));
#1206=CARTESIAN_POINT('Ctrl Pts',(7.85078139891337,34.4790239135285,18.564587504701));
#1207=CARTESIAN_POINT('Ctrl Pts',(10.8660799467171,34.5583551977241,16.9766599890784));
#1208=CARTESIAN_POINT('Ctrl Pts',(13.3183641576357,34.6376864819196,14.7645814201244));
#1209=CARTESIAN_POINT('Ctrl Pts',(15.7706483685543,34.7170177661151,12.5525028511703));
#1210=CARTESIAN_POINT('Ctrl Pts',(17.6599182425878,34.7963490503107,9.71627322888476));
#1211=CARTESIAN_POINT('Ctrl Pts',(18.75629329076,34.8756803345063,6.60099616254045));
#1212=CARTESIAN_POINT('Ctrl Pts',(19.5006173908173,34.9295379873356,4.48604854247017));
#1213=CARTESIAN_POINT('Ctrl Pts',(19.8794969660071,34.983395640165,2.24248820191862));
#1214=CARTESIAN_POINT('Ctrl Pts',(19.8813776184103,35.0372532929944,-0.000452793307476001));
#1215=CARTESIAN_POINT('Origin',(0.,15.,0.));
#1216=CARTESIAN_POINT('',(19.8821754644564,38.4627467070056,0.000514685997413667));
#1217=CARTESIAN_POINT('',(19.881712630998,38.0372532929944,0.000496052415502301));
#1218=CARTESIAN_POINT('',(19.88225,15.,-2.43487338223475E-15));
#1219=CARTESIAN_POINT('Ctrl Pts',(19.8821754644564,38.4627467070056,0.000514685997413666));
#1220=CARTESIAN_POINT('Ctrl Pts',(19.8829768896081,38.4438577767949,0.787067176063633));
#1221=CARTESIAN_POINT('Ctrl Pts',(19.8371884016732,38.4249688465842,1.57352694237971));
#1222=CARTESIAN_POINT('Ctrl Pts',(19.7440813733813,38.4060799163734,2.35434431087918));
#1223=CARTESIAN_POINT('Ctrl Pts',(19.3530428106028,38.3267486321779,5.63368537859641));
#1224=CARTESIAN_POINT('Ctrl Pts',(18.1273519668543,38.2474173479823,8.81350012592729));
#1225=CARTESIAN_POINT('Ctrl Pts',(16.2161473280237,38.1680860637868,11.5068783756327));
#1226=CARTESIAN_POINT('Ctrl Pts',(14.3049426891932,38.0887547795912,14.2002566253381));
#1227=CARTESIAN_POINT('Ctrl Pts',(11.7082242552805,38.0094234953957,16.407198377418));
#1228=CARTESIAN_POINT('Ctrl Pts',(8.74195254166001,37.9300922112001,17.8591699149145));
#1229=CARTESIAN_POINT('Ctrl Pts',(5.77568082803947,37.8507609270046,19.311141452411));
#1230=CARTESIAN_POINT('Ctrl Pts',(2.43985583471098,37.771429642809,20.0081427753242));
#1231=CARTESIAN_POINT('Ctrl Pts',(-0.859629557748122,37.6920983586135,19.8653648781115));
#1232=CARTESIAN_POINT('Ctrl Pts',(-4.15911495020718,37.6127670744179,19.7225869808988));
#1233=CARTESIAN_POINT('Ctrl Pts',(-7.42226074179686,37.5334357902223,18.7400298635602));
#1234=CARTESIAN_POINT('Ctrl Pts',(-10.2520175195229,37.4541045060268,17.0372480487725));
#1235=CARTESIAN_POINT('Ctrl Pts',(-13.081774297249,37.3747732218312,15.3344662339847));
#1236=CARTESIAN_POINT('Ctrl Pts',(-15.4781420611114,37.2954419376357,12.9114597217477));
#1237=CARTESIAN_POINT('Ctrl Pts',(-17.1495382114491,37.2161106534401,10.0630524044206));
#1238=CARTESIAN_POINT('Ctrl Pts',(-18.8209343617868,37.1367793692446,7.21464508709351));
#1239=CARTESIAN_POINT('Ctrl Pts',(-19.7673588985999,37.057448085049,3.94083696467635));
#1240=CARTESIAN_POINT('Ctrl Pts',(-19.8736538319124,36.9781168008535,0.639974845282278));
#1241=CARTESIAN_POINT('Ctrl Pts',(-19.9799487652248,36.8987855166579,-2.66088727411184));
#1242=CARTESIAN_POINT('Ctrl Pts',(-19.2461140950367,36.8194542324624,-5.98880339048287));
#1243=CARTESIAN_POINT('Ctrl Pts',(-17.7614405405012,36.7401229482668,-8.9388430126468));
#1244=CARTESIAN_POINT('Ctrl Pts',(-16.2767669859656,36.6607916640713,-11.8888826348107));
#1245=CARTESIAN_POINT('Ctrl Pts',(-14.0412545470826,36.5814603798757,-14.4610457627676));
#1246=CARTESIAN_POINT('Ctrl Pts',(-11.3269134343506,36.5021290956802,-16.342359576308));
#1247=CARTESIAN_POINT('Ctrl Pts',(-8.61257232161855,36.4227978114846,-18.2236733898483));
#1248=CARTESIAN_POINT('Ctrl Pts',(-5.41940253503744,36.3434665272891,-19.4141378889723));
#1249=CARTESIAN_POINT('Ctrl Pts',(-2.13593905323557,36.2641352430935,-19.7689010525879));
#1250=CARTESIAN_POINT('Ctrl Pts',(1.14752442856629,36.184803958898,-20.1236642162034));
#1251=CARTESIAN_POINT('Ctrl Pts',(4.52128160558893,36.1054726747024,-19.6427260443106));
#1252=CARTESIAN_POINT('Ctrl Pts',(7.57482418513161,36.0261413905069,-18.3846055991537));
#1253=CARTESIAN_POINT('Ctrl Pts',(10.6283667646744,35.9468101063113,-17.1264851539968));
#1254=CARTESIAN_POINT('Ctrl Pts',(13.3616947467372,35.8674788221157,-15.0911824355758));
#1255=CARTESIAN_POINT('Ctrl Pts',(15.4422252741904,35.7881475379202,-12.5263467559031));
#1256=CARTESIAN_POINT('Ctrl Pts',(17.5227558016436,35.7088162537246,-9.96151107623047));
#1257=CARTESIAN_POINT('Ctrl Pts',(18.9504888744873,35.6294849695291,-6.8671424353061));
#1258=CARTESIAN_POINT('Ctrl Pts',(19.5517023677615,35.5501536853335,-3.61975399614072));
#1259=CARTESIAN_POINT('Ctrl Pts',(19.7725074608592,35.5210180258909,-2.42709961519965));
#1260=CARTESIAN_POINT('Ctrl Pts',(19.8818282103381,35.4918823664482,-1.21380529760219));
#1261=CARTESIAN_POINT('Ctrl Pts',(19.8810226861494,35.4627467070056,-0.000367570165016318));
#1262=CARTESIAN_POINT('Ctrl Pts',(19.8813776184103,35.0372532929944,-0.000452793307476001));
#1263=CARTESIAN_POINT('Ctrl Pts',(19.8822671307364,35.0627269243606,-1.0613206382072));
#1264=CARTESIAN_POINT('Ctrl Pts',(19.7988179272728,35.0882005557268,-2.12204992889304));
#1265=CARTESIAN_POINT('Ctrl Pts',(19.6298074270487,35.1136741870929,-3.16896650721505));
#1266=CARTESIAN_POINT('Ctrl Pts',(19.1034662928545,35.1930054712885,-6.42932760022335));
#1267=CARTESIAN_POINT('Ctrl Pts',(17.7473038021555,35.272336755484,-9.55572527583685));
#1268=CARTESIAN_POINT('Ctrl Pts',(15.7263335936981,35.3516680396796,-12.1677491775029));
#1269=CARTESIAN_POINT('Ctrl Pts',(13.7053633852408,35.4309993238751,-14.7797730791688));
#1270=CARTESIAN_POINT('Ctrl Pts',(11.0195854590252,35.5103306080707,-16.8774232068873));
#1271=CARTESIAN_POINT('Ctrl Pts',(7.99579692935067,35.5896618922662,-18.2054640097808));
#1272=CARTESIAN_POINT('Ctrl Pts',(4.97200839967611,35.6689931764618,-19.5335048126744));
#1273=CARTESIAN_POINT('Ctrl Pts',(1.61020926654265,35.7483244606574,-20.0919362907429));
#1274=CARTESIAN_POINT('Ctrl Pts',(-1.68054719546533,35.8276557448529,-19.8128102365801));
#1275=CARTESIAN_POINT('Ctrl Pts',(-4.97130365747331,35.9069870290485,-19.5336841824172));
#1276=CARTESIAN_POINT('Ctrl Pts',(-8.19101744835582,35.986318313244,-18.417000596023));
#1277=CARTESIAN_POINT('Ctrl Pts',(-10.9479237965388,36.0656495974396,-16.598634067057));
#1278=CARTESIAN_POINT('Ctrl Pts',(-13.7048301447219,36.1449808816351,-14.780267538091));
#1279=CARTESIAN_POINT('Ctrl Pts',(-15.9989290502054,36.2243121658307,-12.2602180665533));
#1280=CARTESIAN_POINT('Ctrl Pts',(-17.551081685162,36.3036434500262,-9.34511744321364));
#1281=CARTESIAN_POINT('Ctrl Pts',(-19.1032343201186,36.3829747342218,-6.43001681987403));
#1282=CARTESIAN_POINT('Ctrl Pts',(-19.9134406845483,36.4623060184173,-3.11986504473255));
#1283=CARTESIAN_POINT('Ctrl Pts',(-19.8831173849858,36.5416373026129,0.182568897648341));
#1284=CARTESIAN_POINT('Ctrl Pts',(-19.8527940854234,36.6209685868084,3.48500284002919));
#1285=CARTESIAN_POINT('Ctrl Pts',(-18.9819411218688,36.700299871004,6.77971894964944));
#1286=CARTESIAN_POINT('Ctrl Pts',(-17.376521177628,36.7796311551995,9.66582640589316));
#1287=CARTESIAN_POINT('Ctrl Pts',(-15.7711012333871,36.8589624393951,12.5519338621369));
#1288=CARTESIAN_POINT('Ctrl Pts',(-13.4311143084599,36.9382937235906,15.0294326650041));
#1289=CARTESIAN_POINT('Ctrl Pts',(-10.6412827420887,37.0176250077862,16.7968684567211));
#1290=CARTESIAN_POINT('Ctrl Pts',(-7.85145117571759,37.0969562919818,18.5643042484381));
#1291=CARTESIAN_POINT('Ctrl Pts',(-4.61177496790248,37.1762875761773,19.6216770290049));
#1292=CARTESIAN_POINT('Ctrl Pts',(-1.3164478556077,37.2556188603729,19.8403289636809));
#1293=CARTESIAN_POINT('Ctrl Pts',(1.97887925668708,37.3349501445684,20.0589808983568));
#1294=CARTESIAN_POINT('Ctrl Pts',(5.32985727346152,37.414281428764,19.4389119871419));
#1295=CARTESIAN_POINT('Ctrl Pts',(8.32874960100071,37.4936127129595,18.0555702881928));
#1296=CARTESIAN_POINT('Ctrl Pts',(11.3276419285399,37.5729439971551,16.6722285892438));
#1297=CARTESIAN_POINT('Ctrl Pts',(13.9744485668439,37.6522752813506,14.5256141025606));
#1298=CARTESIAN_POINT('Ctrl Pts',(15.9471143047576,37.7316065655462,11.8769202113488));
#1299=CARTESIAN_POINT('Ctrl Pts',(17.9197800426713,37.8109378497417,9.22822632013705));
#1300=CARTESIAN_POINT('Ctrl Pts',(19.2183048801948,37.8902691339373,6.07745302439676));
#1301=CARTESIAN_POINT('Ctrl Pts',(19.6846883533421,37.9696004181328,2.80797662793921));
#1302=CARTESIAN_POINT('Ctrl Pts',(19.817263974113,37.99215137642,1.87858506967671));
#1303=CARTESIAN_POINT('Ctrl Pts',(19.8825979784919,38.0147023347072,0.939601645531007));
#1304=CARTESIAN_POINT('Ctrl Pts',(19.881712630998,38.0372532929944,0.000496052415502301));
#1305=CARTESIAN_POINT('Origin',(0.,40.75,0.));
#1306=CARTESIAN_POINT('',(-3.01896336355997,41.5,18.1326494278132));
#1307=CARTESIAN_POINT('',(-19.8210262327786,40.,1.55012912170701));
#1308=CARTESIAN_POINT('Ctrl Pts',(-3.01911042797626,41.4999999999999,18.1314937188948));
#1309=CARTESIAN_POINT('Ctrl Pts',(-3.40834927891079,41.4760021173233,18.091294107541));
#1310=CARTESIAN_POINT('Ctrl Pts',(-3.79635295969795,41.4520474509226,18.0387497873681));
#1311=CARTESIAN_POINT('Ctrl Pts',(-4.18251668375758,41.4281229740755,17.9738804252065));
#1312=CARTESIAN_POINT('Ctrl Pts',(-4.53688267832221,41.4061685011301,17.9143525757298));
#1313=CARTESIAN_POINT('Ctrl Pts',(-4.88969962515452,41.3842394506592,17.844445311107));
#1314=CARTESIAN_POINT('Ctrl Pts',(-5.24049606708175,41.3623257562009,17.7641352015751));
#1315=CARTESIAN_POINT('Ctrl Pts',(-5.41589428804537,41.3513689089718,17.7239801468092));
#1316=CARTESIAN_POINT('Ctrl Pts',(-5.59078728356055,41.3404159007458,17.6812238014824));
#1317=CARTESIAN_POINT('Ctrl Pts',(-5.76511528262087,41.3294654732152,17.6358597474499));
#1318=CARTESIAN_POINT('Ctrl Pts',(-5.81729220935891,41.3261879752912,17.6222821412332));
#1319=CARTESIAN_POINT('Ctrl Pts',(-5.86941851751317,41.322910708552,17.6084709143391));
#1320=CARTESIAN_POINT('Ctrl Pts',(-5.92149259130279,41.3196336392597,17.5944258539634));
#1321=CARTESIAN_POINT('Ctrl Pts',(-5.95018696091232,41.3178278762251,17.5866866063057));
#1322=CARTESIAN_POINT('Ctrl Pts',(-5.97886464166998,41.3160222251085,17.5788765680445));
#1323=CARTESIAN_POINT('Ctrl Pts',(-6.00751739805093,41.3142171826954,17.5709979461026));
#1324=CARTESIAN_POINT('Ctrl Pts',(-6.10059812853556,41.3083533605857,17.5454036236639));
#1325=CARTESIAN_POINT('Ctrl Pts',(-6.19344075311649,41.3024943936068,17.5190788255031));
#1326=CARTESIAN_POINT('Ctrl Pts',(-6.28603649587259,41.2966401010184,17.4920254786356));
#1327=CARTESIAN_POINT('Ctrl Pts',(-6.66344804196476,41.2727785545661,17.3817585790532));
#1328=CARTESIAN_POINT('Ctrl Pts',(-7.03675796513543,41.2489946638094,17.2593927451377));
#1329=CARTESIAN_POINT('Ctrl Pts',(-7.40550834749415,41.2252761902702,17.125394339723));
#1330=CARTESIAN_POINT('Ctrl Pts',(-7.77523670773756,41.2014948120027,16.9910405516881));
#1331=CARTESIAN_POINT('Ctrl Pts',(-8.14038177272396,41.1777791984041,16.8449921866936));
#1332=CARTESIAN_POINT('Ctrl Pts',(-8.50048046805249,41.154117013363,16.6876646374754));
#1333=CARTESIAN_POINT('Ctrl Pts',(-8.86374744579768,41.1302466396065,16.5289528618928));
#1334=CARTESIAN_POINT('Ctrl Pts',(-9.22187935708794,41.1064306387121,16.3587623801256));
#1335=CARTESIAN_POINT('Ctrl Pts',(-9.57439204066546,41.0826563460823,16.1774669516664));
#1336=CARTESIAN_POINT('Ctrl Pts',(-9.92836145434053,41.0587838081149,15.9954223345411));
#1337=CARTESIAN_POINT('Ctrl Pts',(-10.2766656136165,41.0349533238362,15.8021805836656));
#1338=CARTESIAN_POINT('Ctrl Pts',(-10.6187979641592,41.0111520709927,15.5980702087786));
#1339=CARTESIAN_POINT('Ctrl Pts',(-10.9531493377819,40.9878921203638,15.3986018331461));
#1340=CARTESIAN_POINT('Ctrl Pts',(-11.2816068235034,40.964660086692,15.1887531773934));
#1341=CARTESIAN_POINT('Ctrl Pts',(-11.6036755476975,40.9414440028124,14.9687881502237));
#1342=CARTESIAN_POINT('Ctrl Pts',(-11.8452270908431,40.9240319399027,14.8038143798465));
#1343=CARTESIAN_POINT('Ctrl Pts',(-12.0831845512893,40.9066288487511,14.6331492652855));
#1344=CARTESIAN_POINT('Ctrl Pts',(-12.3173287078511,40.8892296807099,14.4568897092287));
#1345=CARTESIAN_POINT('Ctrl Pts',(-12.3637415701131,40.8857807576121,14.4219509321191));
#1346=CARTESIAN_POINT('Ctrl Pts',(-12.410004566253,40.8823319886633,14.3867922979838));
#1347=CARTESIAN_POINT('Ctrl Pts',(-12.4561159403192,40.8788833345411,14.3514145069961));
#1348=CARTESIAN_POINT('Ctrl Pts',(-12.4863197270919,40.87662440351,14.3282414119166));
#1349=CARTESIAN_POINT('Ctrl Pts',(-12.5164519487615,40.8743660083444,14.3049792718874));
#1350=CARTESIAN_POINT('Ctrl Pts',(-12.5465086517633,40.8721084050533,14.2816311855727));
#1351=CARTESIAN_POINT('Ctrl Pts',(-12.866877684542,40.8480450145105,14.0327681007083));
#1352=CARTESIAN_POINT('Ctrl Pts',(-13.1787977984455,40.8240618927301,13.7740454185872));
#1353=CARTESIAN_POINT('Ctrl Pts',(-13.4817873096265,40.8001465567422,13.50587982086));
#1354=CARTESIAN_POINT('Ctrl Pts',(-13.7637712984416,40.7778892125541,13.2563054886814));
#1355=CARTESIAN_POINT('Ctrl Pts',(-14.0380202525956,40.7556905811114,12.9985514768086));
#1356=CARTESIAN_POINT('Ctrl Pts',(-14.3041319651789,40.7335405998539,12.7329155898656));
#1357=CARTESIAN_POINT('Ctrl Pts',(-14.5898423896662,40.7097593070801,12.4477160348337));
#1358=CARTESIAN_POINT('Ctrl Pts',(-14.8661738085875,40.686034094395,12.1534313371472));
#1359=CARTESIAN_POINT('Ctrl Pts',(-15.1329015501028,40.6623525082023,11.8506515066028));
#1360=CARTESIAN_POINT('Ctrl Pts',(-15.3997614123354,40.6386591915907,11.5477216973267));
#1361=CARTESIAN_POINT('Ctrl Pts',(-15.6570083914035,40.615009544702,11.2362878939539));
#1362=CARTESIAN_POINT('Ctrl Pts',(-15.9043838693212,40.5913910954249,10.9168991413049));
#1363=CARTESIAN_POINT('Ctrl Pts',(-16.1523906741633,40.5677123695064,10.5966952766626));
#1364=CARTESIAN_POINT('Ctrl Pts',(-16.390475863195,40.5440650006414,10.2684953711045));
#1365=CARTESIAN_POINT('Ctrl Pts',(-16.6183401834582,40.5204364209842,9.93281722431104));
#1366=CARTESIAN_POINT('Ctrl Pts',(-16.7602218833167,40.5057238804551,9.72380430812759));
#1367=CARTESIAN_POINT('Ctrl Pts',(-16.8981401303332,40.4910186245741,9.51189137172453));
#1368=CARTESIAN_POINT('Ctrl Pts',(-17.032014257346,40.4763176193733,9.29719764356085));
#1369=CARTESIAN_POINT('Ctrl Pts',(-17.0989647166648,40.4689656457499,9.18982929663557));
#1370=CARTESIAN_POINT('Ctrl Pts',(-17.1649036360068,40.461614735222,9.08176541006711));
#1371=CARTESIAN_POINT('Ctrl Pts',(-17.2298202740232,40.4542645083157,8.97302054288622));
#1372=CARTESIAN_POINT('Ctrl Pts',(-17.258506561519,40.4510164854877,8.92496681399698));
#1373=CARTESIAN_POINT('Ctrl Pts',(-17.2869932217827,40.4477685961509,8.8767801067926));
#1374=CARTESIAN_POINT('Ctrl Pts',(-17.315279299863,40.4445208075608,8.82846166431797));
#1375=CARTESIAN_POINT('Ctrl Pts',(-17.3443243298541,40.4411858766193,8.77884677579159));
#1376=CARTESIAN_POINT('Ctrl Pts',(-17.3731612959296,40.4378506479362,8.72908691747421));
#1377=CARTESIAN_POINT('Ctrl Pts',(-17.4017706027568,40.4345172607394,8.67921604225156));
#1378=CARTESIAN_POINT('Ctrl Pts',(-17.6061063433493,40.4107092689676,8.3230241818841));
#1379=CARTESIAN_POINT('Ctrl Pts',(-17.7989740238899,40.3869791369457,7.9609351118106));
#1380=CARTESIAN_POINT('Ctrl Pts',(-17.9801657090941,40.3633147965443,7.59355717570111));
#1381=CARTESIAN_POINT('Ctrl Pts',(-18.1624579636882,40.3395067174903,7.2239477635138));
#1382=CARTESIAN_POINT('Ctrl Pts',(-18.3329322890657,40.3157652317287,6.84898460830448));
#1383=CARTESIAN_POINT('Ctrl Pts',(-18.4913408843097,40.2920780498841,6.46924822804223));
#1384=CARTESIAN_POINT('Ctrl Pts',(-18.6500298531885,40.2683489431599,6.08883973734901));
#1385=CARTESIAN_POINT('Ctrl Pts',(-18.7966106671473,40.244674332752,5.7036406441586));
#1386=CARTESIAN_POINT('Ctrl Pts',(-18.9307931866987,40.221041863915,5.31420235721789));
#1387=CARTESIAN_POINT('Ctrl Pts',(-19.026675328372,40.2041549271314,5.03592335987661));
#1388=CARTESIAN_POINT('Ctrl Pts',(-19.1162260184227,40.1872895079706,4.75547912816868));
#1389=CARTESIAN_POINT('Ctrl Pts',(-19.1993251989276,40.1704410986893,4.47306281065622));
#1390=CARTESIAN_POINT('Ctrl Pts',(-19.3150697732575,40.1469738159971,4.07969964803881));
#1391=CARTESIAN_POINT('Ctrl Pts',(-19.418300369352,40.1235395329328,3.68251104605339));
#1392=CARTESIAN_POINT('Ctrl Pts',(-19.5090369494939,40.1001260688353,3.28209269598108));
#1393=CARTESIAN_POINT('Ctrl Pts',(-19.6000800027507,40.0766335231011,2.88032188740954));
#1394=CARTESIAN_POINT('Ctrl Pts',(-19.6785445945294,40.0531619372081,2.47529894357184));
#1395=CARTESIAN_POINT('Ctrl Pts',(-19.7443999817001,40.0296990066533,2.06761359663923));
#1396=CARTESIAN_POINT('Ctrl Pts',(-19.772189678658,40.0197981047245,1.895578282109));
#1397=CARTESIAN_POINT('Ctrl Pts',(-19.7977334563118,40.0098987440313,1.72306878015154));
#1398=CARTESIAN_POINT('Ctrl Pts',(-19.8210262327785,40.,1.55012912170702));
#1399=CARTESIAN_POINT('',(-11.2519398618557,40.,16.3899793666935));
#1400=CARTESIAN_POINT('Origin',(0.,40.,0.));
#1401=CARTESIAN_POINT('',(-17.2128167241803,41.5,-6.45182574797863));
#1402=CARTESIAN_POINT('Ctrl Pts',(-11.2519398618556,40.,16.3899793666936));
#1403=CARTESIAN_POINT('Ctrl Pts',(-10.9037103831053,40.006363625478,16.6214128824045));
#1404=CARTESIAN_POINT('Ctrl Pts',(-10.548647043402,40.0127233966032,16.8417271323958));
#1405=CARTESIAN_POINT('Ctrl Pts',(-10.1872903704489,40.0190824999279,17.0506026506812));
#1406=CARTESIAN_POINT('Ctrl Pts',(-9.82629159463162,40.0254353050298,17.2592712931695));
#1407=CARTESIAN_POINT('Ctrl Pts',(-9.45901147188043,40.0317874436533,17.4565241439857));
#1408=CARTESIAN_POINT('Ctrl Pts',(-9.08596011462586,40.038142092892,17.6419994808553));
#1409=CARTESIAN_POINT('Ctrl Pts',(-8.71630535487485,40.0444388836474,17.825786082236));
#1410=CARTESIAN_POINT('Ctrl Pts',(-8.34098349584582,40.0507381395083,17.9980088845534));
#1411=CARTESIAN_POINT('Ctrl Pts',(-7.96046968768101,40.0570429515746,18.1582697527141));
#1412=CARTESIAN_POINT('Ctrl Pts',(-7.68558350028153,40.0615975977241,18.274043472597));
#1413=CARTESIAN_POINT('Ctrl Pts',(-7.40798731594372,40.0661551435083,18.3835736382133));
#1414=CARTESIAN_POINT('Ctrl Pts',(-7.12785539858301,40.0707167542882,18.486693897861));
#1415=CARTESIAN_POINT('Ctrl Pts',(-6.93536859285984,40.0738511700173,18.5575508340214));
#1416=CARTESIAN_POINT('Ctrl Pts',(-6.74168445842554,40.0769875050198,18.6253810461145));
#1417=CARTESIAN_POINT('Ctrl Pts',(-6.54687657644856,40.0801261373687,18.6901727617595));
#1418=CARTESIAN_POINT('Ctrl Pts',(-6.50171762871454,40.0808537123146,18.7051923065065));
#1419=CARTESIAN_POINT('Ctrl Pts',(-6.45649829249059,40.0815814107134,18.7200485583139));
#1420=CARTESIAN_POINT('Ctrl Pts',(-6.41121948201086,40.0823092372747,18.7347413472798));
#1421=CARTESIAN_POINT('Ctrl Pts',(-6.368275163196,40.0829995384455,18.7486766032406));
#1422=CARTESIAN_POINT('Ctrl Pts',(-6.32528238556693,40.0836898737977,18.7624631634969));
#1423=CARTESIAN_POINT('Ctrl Pts',(-6.28224916095655,40.0843801320961,18.7760987543281));
#1424=CARTESIAN_POINT('Ctrl Pts',(-5.88774339225658,40.0907080539076,18.9011026156761));
#1425=CARTESIAN_POINT('Ctrl Pts',(-5.48965527392782,40.0970324704196,19.0134827620484));
#1426=CARTESIAN_POINT('Ctrl Pts',(-5.088620018903,40.1033565160774,19.1132565726268));
#1427=CARTESIAN_POINT('Ctrl Pts',(-4.68518282851654,40.1097184385771,19.2136279621981));
#1428=CARTESIAN_POINT('Ctrl Pts',(-4.27876255191636,40.1160799857669,19.3012416471606));
#1429=CARTESIAN_POINT('Ctrl Pts',(-3.86999007570622,40.1224443487502,19.3760647015627));
#1430=CARTESIAN_POINT('Ctrl Pts',(-3.46092729469568,40.1288132316197,19.4509408943074));
#1431=CARTESIAN_POINT('Ctrl Pts',(-3.04950841441545,40.1351849342836,19.513008337665));
#1432=CARTESIAN_POINT('Ctrl Pts',(-2.63635816543376,40.1415626546485,19.5621824663602));
#1433=CARTESIAN_POINT('Ctrl Pts',(-2.20489693566954,40.1482230380768,19.6135360116908));
#1434=CARTESIAN_POINT('Ctrl Pts',(-1.77154680825933,40.1548899844405,19.6508285411869));
#1435=CARTESIAN_POINT('Ctrl Pts',(-1.33702045547204,40.1615671359671,19.6739027389753));
#1436=CARTESIAN_POINT('Ctrl Pts',(-1.26805491322587,40.1626268953413,19.6775649439306));
#1437=CARTESIAN_POINT('Ctrl Pts',(-1.19905975623111,40.1636869117859,19.6808688570533));
#1438=CARTESIAN_POINT('Ctrl Pts',(-1.13003785420982,40.1647471998626,19.6838137031077));
#1439=CARTESIAN_POINT('Ctrl Pts',(-1.09354887886579,40.1653077295547,19.6853705193055));
#1440=CARTESIAN_POINT('Ctrl Pts',(-1.05705370440678,40.1658683155645,19.6868269105747));
#1441=CARTESIAN_POINT('Ctrl Pts',(-1.02056257335907,40.1664288092703,19.6881824684082));
#1442=CARTESIAN_POINT('Ctrl Pts',(-0.605758242001915,40.1728000893649,19.7035914525806));
#1443=CARTESIAN_POINT('Ctrl Pts',(-0.191130559774853,40.17916476914,19.7059907295752));
#1444=CARTESIAN_POINT('Ctrl Pts',(0.222700866778732,40.1855260416689,19.6953818707676));
#1445=CARTESIAN_POINT('Ctrl Pts',(0.636612457860318,40.1918885464589,19.6847709568862));
#1446=CARTESIAN_POINT('Ctrl Pts',(1.04972803996462,40.1982476426826,19.6611469003244));
#1447=CARTESIAN_POINT('Ctrl Pts',(1.46143385155561,40.2046065252691,19.624459681122));
#1448=CARTESIAN_POINT('Ctrl Pts',(1.82811791598943,40.2102700375306,19.5917843623114));
#1449=CARTESIAN_POINT('Ctrl Pts',(2.19368402389224,40.2159333803245,19.5487460040284));
#1450=CARTESIAN_POINT('Ctrl Pts',(2.55769733962607,40.2215988108837,19.4952744625105));
#1451=CARTESIAN_POINT('Ctrl Pts',(2.96689325916835,40.2279674544663,19.4351658465477));
#1452=CARTESIAN_POINT('Ctrl Pts',(3.37412759911969,40.2343387362611,19.3618740893227));
#1453=CARTESIAN_POINT('Ctrl Pts',(3.77882698380813,40.2407158626735,19.2756575561439));
#1454=CARTESIAN_POINT('Ctrl Pts',(4.18334587490912,40.2470901449243,19.1894794750408));
#1455=CARTESIAN_POINT('Ctrl Pts',(4.58533258699788,40.2534702665806,19.0903879240496));
#1456=CARTESIAN_POINT('Ctrl Pts',(4.98419738533535,40.2598594297596,18.9785917880788));
#1457=CARTESIAN_POINT('Ctrl Pts',(5.27637470890885,40.2645396336916,18.8966986354869));
#1458=CARTESIAN_POINT('Ctrl Pts',(5.56687652727764,40.2692246892033,18.8079873148141));
#1459=CARTESIAN_POINT('Ctrl Pts',(5.85546277088887,40.2739158549292,18.7125242059429));
#1460=CARTESIAN_POINT('Ctrl Pts',(5.98171925246879,40.2759682399343,18.6707590958117));
#1461=CARTESIAN_POINT('Ctrl Pts',(6.10760897870741,40.2780217944725,18.6277014846195));
#1462=CARTESIAN_POINT('Ctrl Pts',(6.23311133160887,40.2800766239423,18.5833561679718));
#1463=CARTESIAN_POINT('Ctrl Pts',(6.28694191306486,40.2809579832363,18.5643355350927));
#1464=CARTESIAN_POINT('Ctrl Pts',(6.34070122402953,40.2818395770835,18.5450779933067));
#1465=CARTESIAN_POINT('Ctrl Pts',(6.39438761804788,40.2827214138008,18.5255838955609));
#1466=CARTESIAN_POINT('Ctrl Pts',(6.42655667828662,40.2832498132025,18.5139029693943));
#1467=CARTESIAN_POINT('Ctrl Pts',(6.45869717552097,40.2837782607628,18.5021379579282));
#1468=CARTESIAN_POINT('Ctrl Pts',(6.49080064856527,40.2843066243807,18.4902920150205));
#1469=CARTESIAN_POINT('Ctrl Pts',(6.8765948633097,40.290656081549,18.3479368176349));
#1470=CARTESIAN_POINT('Ctrl Pts',(7.25738328675021,40.296999003259,18.1937750800285));
#1471=CARTESIAN_POINT('Ctrl Pts',(7.63263070154473,40.3033385502872,18.0281238208588));
#1472=CARTESIAN_POINT('Ctrl Pts',(8.01046547999069,40.309721809045,17.8613303818102));
#1473=CARTESIAN_POINT('Ctrl Pts',(8.38268309748127,40.3161016464232,17.682888251019));
#1474=CARTESIAN_POINT('Ctrl Pts',(8.74872323008873,40.3224812890317,17.4930702715996));
#1475=CARTESIAN_POINT('Ctrl Pts',(9.11421168908218,40.3288513166275,17.303538374392));
#1476=CARTESIAN_POINT('Ctrl Pts',(9.47354177175746,40.3352211500403,17.1026646504648));
#1477=CARTESIAN_POINT('Ctrl Pts',(9.82613414903236,40.341594001313,16.8906735482423));
#1478=CARTESIAN_POINT('Ctrl Pts',(10.1753473342058,40.3479057761414,16.6807141367324));
#1479=CARTESIAN_POINT('Ctrl Pts',(10.5179517871289,40.3542205112615,16.4598491381626));
#1480=CARTESIAN_POINT('Ctrl Pts',(10.853356537912,40.3605413272473,16.2282543055184));
#1481=CARTESIAN_POINT('Ctrl Pts',(11.0643997167226,40.3645185073416,16.0825303419693));
#1482=CARTESIAN_POINT('Ctrl Pts',(11.2725918274513,40.3684980949544,15.9325574265136));
#1483=CARTESIAN_POINT('Ctrl Pts',(11.477778647041,40.3724808674791,15.7783713634282));
#1484=CARTESIAN_POINT('Ctrl Pts',(11.8002388092045,40.3787399706551,15.5360611458163));
#1485=CARTESIAN_POINT('Ctrl Pts',(12.1152785519232,40.3850069397712,15.2833467464357));
#1486=CARTESIAN_POINT('Ctrl Pts',(12.4224966523524,40.3912847921425,15.020653437758));
#1487=CARTESIAN_POINT('Ctrl Pts',(12.5569045712902,40.394031352555,14.9057251152115));
#1488=CARTESIAN_POINT('Ctrl Pts',(12.6898148905104,40.3967799960904,14.7888863903552));
#1489=CARTESIAN_POINT('Ctrl Pts',(12.8211916234768,40.3995309754197,14.670171246771));
#1490=CARTESIAN_POINT('Ctrl Pts',(12.8632400132977,40.4004114528726,14.632175320686));
#1491=CARTESIAN_POINT('Ctrl Pts',(12.9051360875339,40.4012922714823,14.5939826978238));
#1492=CARTESIAN_POINT('Ctrl Pts',(12.9468522961894,40.4021728815215,14.5556188864094));
#1493=CARTESIAN_POINT('Ctrl Pts',(13.2468135078729,40.4085049251782,14.2797631524506));
#1494=CARTESIAN_POINT('Ctrl Pts',(13.5376848698046,40.4148304871356,13.9948765590112));
#1495=CARTESIAN_POINT('Ctrl Pts',(13.8191618426288,40.4211527026284,13.7015089498524));
#1496=CARTESIAN_POINT('Ctrl Pts',(14.1029710789298,40.4275273027697,13.4057105537157));
#1497=CARTESIAN_POINT('Ctrl Pts',(14.3772299735792,40.4338985007602,13.1012896242163));
#1498=CARTESIAN_POINT('Ctrl Pts',(14.6415938046368,40.4402695104158,12.7887677635228));
#1499=CARTESIAN_POINT('Ctrl Pts',(14.9068058777211,40.4466609621951,12.4752431401766));
#1500=CARTESIAN_POINT('Ctrl Pts',(15.1620596452076,40.4530522244289,12.1535650869444));
#1501=CARTESIAN_POINT('Ctrl Pts',(15.4069689563976,40.4594465419681,11.8242243705511));
#1502=CARTESIAN_POINT('Ctrl Pts',(15.6506184308806,40.465807966532,11.4965778140149));
#1503=CARTESIAN_POINT('Ctrl Pts',(15.8840299034297,40.4721724150486,11.1613467662235));
#1504=CARTESIAN_POINT('Ctrl Pts',(16.1067806408064,40.4785430825504,10.8189857408422));
#1505=CARTESIAN_POINT('Ctrl Pts',(16.3277830213857,40.4848637470761,10.4793118860306));
#1506=CARTESIAN_POINT('Ctrl Pts',(16.5382916342865,40.4911905333453,10.132619095207));
#1507=CARTESIAN_POINT('Ctrl Pts',(16.7378474188931,40.4975265617467,9.77932966483129));
#1508=CARTESIAN_POINT('Ctrl Pts',(16.8731776009713,40.5018233847074,9.53974391173827));
#1509=CARTESIAN_POINT('Ctrl Pts',(17.0034696542127,40.506124458098,9.29712394186854));
#1510=CARTESIAN_POINT('Ctrl Pts',(17.128567174242,40.5104307551134,9.05159729189554));
#1511=CARTESIAN_POINT('Ctrl Pts',(17.1911159342567,40.512583903621,8.92883396690905));
#1512=CARTESIAN_POINT('Ctrl Pts',(17.2523658877112,40.5147383580349,8.80534392670695));
#1513=CARTESIAN_POINT('Ctrl Pts',(17.3122964131645,40.5168942400042,8.68114287949432));
#1514=CARTESIAN_POINT('Ctrl Pts',(17.3288232602389,40.5174887605987,8.64689235860797));
#1515=CARTESIAN_POINT('Ctrl Pts',(17.3452497640681,40.5180833897549,8.61258776677833));
#1516=CARTESIAN_POINT('Ctrl Pts',(17.3615754823047,40.518678130024,8.57822943174116));
#1517=CARTESIAN_POINT('Ctrl Pts',(17.3779402491109,40.519274292819,8.54378891693007));
#1518=CARTESIAN_POINT('Ctrl Pts',(17.3942000812328,40.5198704339338,8.50930210095345));
#1519=CARTESIAN_POINT('Ctrl Pts',(17.4103531849552,40.5204665004438,8.47477259981798));
#1520=CARTESIAN_POINT('Ctrl Pts',(17.4365209900799,40.5214321199645,8.41883528446989));
#1521=CARTESIAN_POINT('Ctrl Pts',(17.4624099966316,40.5223975908009,8.36278322791022));
#1522=CARTESIAN_POINT('Ctrl Pts',(17.4880190458569,40.5233629240745,8.30661814974552));
#1523=CARTESIAN_POINT('Ctrl Pts',(17.6556354048362,40.5296812237935,7.93900645823222));
#1524=CARTESIAN_POINT('Ctrl Pts',(17.8112621902912,40.5359936303741,7.56655534772822));
#1525=CARTESIAN_POINT('Ctrl Pts',(17.95490548358,40.5423032622741,7.18989907735883));
#1526=CARTESIAN_POINT('Ctrl Pts',(18.0999357254329,40.5486738168576,6.80960600041521));
#1527=CARTESIAN_POINT('Ctrl Pts',(18.2327500949149,40.5550415429199,6.42502565876893));
#1528=CARTESIAN_POINT('Ctrl Pts',(18.3533073256567,40.5614096501247,6.03678547734527));
#1529=CARTESIAN_POINT('Ctrl Pts',(18.4744448001686,40.5678084071256,5.64667669007215));
#1530=CARTESIAN_POINT('Ctrl Pts',(18.5832069884577,40.5742075489466,5.25287220620505));
#1531=CARTESIAN_POINT('Ctrl Pts',(18.6795022547945,40.5806103318194,4.85599100681098));
#1532=CARTESIAN_POINT('Ctrl Pts',(18.775739313402,40.5870092443934,4.45934971072929));
#1533=CARTESIAN_POINT('Ctrl Pts',(18.8595246048976,40.5934117936186,4.05963486201212));
#1534=CARTESIAN_POINT('Ctrl Pts',(18.9307155464659,40.5998212298254,3.65745510404199));
#1535=CARTESIAN_POINT('Ctrl Pts',(18.999355177377,40.606000967386,3.26968849302537));
#1536=CARTESIAN_POINT('Ctrl Pts',(19.0562867875441,40.6121871071478,2.87962998692043));
#1537=CARTESIAN_POINT('Ctrl Pts',(19.1013363374364,40.6183825623631,2.48782423140302));
#1538=CARTESIAN_POINT('Ctrl Pts',(19.1351234998556,40.6230291537746,2.19396991476497));
#1539=CARTESIAN_POINT('Ctrl Pts',(19.162226081437,40.6276809851287,1.89913271110332));
#1540=CARTESIAN_POINT('Ctrl Pts',(19.1825534464782,40.6323392854538,1.60354446995399));
#1541=CARTESIAN_POINT('Ctrl Pts',(19.1884472253642,40.6336899274108,1.51784070406429));
#1542=CARTESIAN_POINT('Ctrl Pts',(19.1937713361344,40.6350411131948,1.43207381905431));
#1543=CARTESIAN_POINT('Ctrl Pts',(19.1985233330005,40.6363928727627,1.34624951722785));
#1544=CARTESIAN_POINT('Ctrl Pts',(19.200611389743,40.6369868442572,1.30853778947361));
#1545=CARTESIAN_POINT('Ctrl Pts',(19.2025886709286,40.6375808422372,1.27082032801953));
#1546=CARTESIAN_POINT('Ctrl Pts',(19.204454716497,40.6381747462487,1.23310543331171));
#1547=CARTESIAN_POINT('Ctrl Pts',(19.22461070961,40.6445897692082,0.825729980735327));
#1548=CARTESIAN_POINT('Ctrl Pts',(19.231808512877,40.6509982223513,0.418376000371562));
#1549=CARTESIAN_POINT('Ctrl Pts',(19.2259903625432,40.6574033669079,0.0116522593688373));
#1550=CARTESIAN_POINT('Ctrl Pts',(19.2208893252225,40.6630190487918,-0.344940964086684));
#1551=CARTESIAN_POINT('Ctrl Pts',(19.2057824300618,40.6686321874224,-0.701050188017297));
#1552=CARTESIAN_POINT('Ctrl Pts',(19.1805980736877,40.6742449806699,-1.05626949843375));
#1553=CARTESIAN_POINT('Ctrl Pts',(19.1519375501185,40.6806325011914,-1.46051931396405));
#1554=CARTESIAN_POINT('Ctrl Pts',(19.1102266950422,40.687019574404,-1.86361706402751));
#1555=CARTESIAN_POINT('Ctrl Pts',(19.0557149107287,40.6934094396874,-2.2649859349649));
#1556=CARTESIAN_POINT('Ctrl Pts',(19.0010168389549,40.6998211415662,-2.66772643569893));
#1557=CARTESIAN_POINT('Ctrl Pts',(18.9334300400499,40.7062356546316,-3.06872675822149));
#1558=CARTESIAN_POINT('Ctrl Pts',(18.8531545006095,40.7126562515875,-3.46739536043461));
#1559=CARTESIAN_POINT('Ctrl Pts',(18.7730448754727,40.7190635783882,-3.86523999031519));
#1560=CARTESIAN_POINT('Ctrl Pts',(18.6802987113944,40.7254769639568,-4.26076305575324));
#1561=CARTESIAN_POINT('Ctrl Pts',(18.5750657872047,40.7318996607472,-4.65335996098537));
#1562=CARTESIAN_POINT('Ctrl Pts',(18.5115690014975,40.7357750695596,-4.89025009544461));
#1563=CARTESIAN_POINT('Ctrl Pts',(18.4435250692747,40.739653868428,-5.12607450748497));
#1564=CARTESIAN_POINT('Ctrl Pts',(18.3709586844818,40.7435367718675,-5.36069619348425));
#1565=CARTESIAN_POINT('Ctrl Pts',(18.3050870170455,40.7470614524036,-5.5736725146497));
#1566=CARTESIAN_POINT('Ctrl Pts',(18.2354887748356,40.7505895150995,-5.78565777534913));
#1567=CARTESIAN_POINT('Ctrl Pts',(18.1621781885492,40.7541214943977,-5.99654671441223));
#1568=CARTESIAN_POINT('Ctrl Pts',(18.1512739143386,40.7546468437739,-6.02791450092172));
#1569=CARTESIAN_POINT('Ctrl Pts',(18.1402880460078,40.7551722528595,-6.05925641319634));
#1570=CARTESIAN_POINT('Ctrl Pts',(18.129223785313,40.755697576566,-6.09056337370628));
#1571=CARTESIAN_POINT('Ctrl Pts',(17.9940450838903,40.7621157710061,-6.47305926601958));
#1572=CARTESIAN_POINT('Ctrl Pts',(17.8470422234452,40.7685273505722,-6.85070475059428));
#1573=CARTESIAN_POINT('Ctrl Pts',(17.6884792049062,40.7749355813998,-7.22293960216532));
#1574=CARTESIAN_POINT('Ctrl Pts',(17.5296243350056,40.7813556072279,-7.59585958983699));
#1575=CARTESIAN_POINT('Ctrl Pts',(17.3591665253138,40.7877722719788,-7.96334954000206));
#1576=CARTESIAN_POINT('Ctrl Pts',(17.1773206071121,40.7941888598561,-8.32483275766361));
#1577=CARTESIAN_POINT('Ctrl Pts',(16.9963718175964,40.8005737917848,-8.68453261407489));
#1578=CARTESIAN_POINT('Ctrl Pts',(16.8041467791331,40.8069586475965,-9.0382853600665));
#1579=CARTESIAN_POINT('Ctrl Pts',(16.6008102680296,40.8133466631269,-9.38550187933735));
#1580=CARTESIAN_POINT('Ctrl Pts',(16.4758627677662,40.8172720111514,-9.59886167339299));
#1581=CARTESIAN_POINT('Ctrl Pts',(16.3467187447079,40.8211985522649,-9.80975299117864));
#1582=CARTESIAN_POINT('Ctrl Pts',(16.2134081304557,40.8251270372653,-10.0180339550292));
#1583=CARTESIAN_POINT('Ctrl Pts',(15.9954169008736,40.8315509464224,-10.3586176637083));
#1584=CARTESIAN_POINT('Ctrl Pts',(15.7662863964145,40.8379800533796,-10.6922234179629));
#1585=CARTESIAN_POINT('Ctrl Pts',(15.5264616166154,40.8444176409485,-11.018418174855));
#1586=CARTESIAN_POINT('Ctrl Pts',(15.322951237789,40.8498804454425,-11.295220341011));
#1587=CARTESIAN_POINT('Ctrl Pts',(15.1117392228773,40.8553493567154,-11.5666855222873));
#1588=CARTESIAN_POINT('Ctrl Pts',(14.8930775487348,40.8608263807326,-11.832527452931));
#1589=CARTESIAN_POINT('Ctrl Pts',(14.7974130662974,40.8632225787402,-11.9488332975876));
#1590=CARTESIAN_POINT('Ctrl Pts',(14.7003224544852,40.8656203295777,-12.0640625432637));
#1591=CARTESIAN_POINT('Ctrl Pts',(14.6018258560282,40.8680198012253,-12.178189882816));
#1592=CARTESIAN_POINT('Ctrl Pts',(14.5644117650571,40.8689312443808,-12.221541335873));
#1593=CARTESIAN_POINT('Ctrl Pts',(14.5267948025493,40.8698429358272,-12.2647337891854));
#1594=CARTESIAN_POINT('Ctrl Pts',(14.4889760523953,40.8707548847712,-12.3077658230743));
#1595=CARTESIAN_POINT('Ctrl Pts',(14.4638756747174,40.8713601470504,-12.3363262672577));
#1596=CARTESIAN_POINT('Ctrl Pts',(14.4386850397933,40.8719655555474,-12.3648175847092));
#1597=CARTESIAN_POINT('Ctrl Pts',(14.4134088460461,40.8725710079828,-12.3932344307546));
#1598=CARTESIAN_POINT('Ctrl Pts',(14.1468721997574,40.8789554843499,-12.6928891540408));
#1599=CARTESIAN_POINT('Ctrl Pts',(13.8713098660656,40.8853332692019,-12.9837227884682));
#1600=CARTESIAN_POINT('Ctrl Pts',(13.5872352979102,40.8917075768585,-13.265387415529));
#1601=CARTESIAN_POINT('Ctrl Pts',(13.3011061392657,40.8981279871705,-13.5490892030002));
#1602=CARTESIAN_POINT('Ctrl Pts',(13.0063407933735,40.9045448698071,-13.8234892739482));
#1603=CARTESIAN_POINT('Ctrl Pts',(12.7034215644312,40.9109615093375,-14.088200652241));
#1604=CARTESIAN_POINT('Ctrl Pts',(12.4002324011057,40.9173838668002,-14.3531479175156));
#1605=CARTESIAN_POINT('Ctrl Pts',(12.0888743988545,40.9238059807231,-14.6083895916665));
#1606=CARTESIAN_POINT('Ctrl Pts',(11.7697949032574,40.9302311444638,-14.8535004598361));
#1607=CARTESIAN_POINT('Ctrl Pts',(11.4522538737161,40.936625328789,-15.0974295073129));
#1608=CARTESIAN_POINT('Ctrl Pts',(11.1270651983877,40.943022533593,-15.3313255422416));
#1609=CARTESIAN_POINT('Ctrl Pts',(10.7946402994632,40.9494260048253,-15.5547273716621));
#1610=CARTESIAN_POINT('Ctrl Pts',(10.4665599231738,40.9557457879048,-15.7752095211555));
#1611=CARTESIAN_POINT('Ctrl Pts',(10.1314307980384,40.9620716746888,-15.9854702316104));
#1612=CARTESIAN_POINT('Ctrl Pts',(9.78962609787585,40.9684067855167,-16.1850207502377));
#1613=CARTESIAN_POINT('Ctrl Pts',(9.65298418422585,40.9709393477264,-16.2647942721411));
#1614=CARTESIAN_POINT('Ctrl Pts',(9.51527521076947,40.9734733840572,-16.3428556332508));
#1615=CARTESIAN_POINT('Ctrl Pts',(9.37652223405737,40.9760090938607,-16.4191713957613));
#1616=CARTESIAN_POINT('Ctrl Pts',(9.20506238478339,40.9791425215609,-16.5134763213012));
#1617=CARTESIAN_POINT('Ctrl Pts',(9.03200833702865,40.9822785046611,-16.6051157787366));
#1618=CARTESIAN_POINT('Ctrl Pts',(8.85742635496008,40.9854174193276,-16.6940649062434));
#1619=CARTESIAN_POINT('Ctrl Pts',(8.7800351578465,40.9868088822998,-16.7334955472431));
#1620=CARTESIAN_POINT('Ctrl Pts',(8.70234369915128,40.9882009213537,-16.7723974745473));
#1621=CARTESIAN_POINT('Ctrl Pts',(8.62435772082172,40.9895935692578,-16.8107683421879));
#1622=CARTESIAN_POINT('Ctrl Pts',(8.59013990341162,40.990204619766,-16.8276042833522));
#1623=CARTESIAN_POINT('Ctrl Pts',(8.55586509915874,40.9908157923659,-16.8443380906949));
#1624=CARTESIAN_POINT('Ctrl Pts',(8.52154754641954,40.9914268455821,-16.86096299353));
#1625=CARTESIAN_POINT('Ctrl Pts',(8.16402725643537,40.9977927984437,-17.0341612436414));
#1626=CARTESIAN_POINT('Ctrl Pts',(7.80150691966888,41.0041522817043,-17.1957227408533));
#1627=CARTESIAN_POINT('Ctrl Pts',(7.43461224030828,41.0105084832384,-17.3456040579745));
#1628=CARTESIAN_POINT('Ctrl Pts',(7.06430671091418,41.0169237754364,-17.4968787523353));
#1629=CARTESIAN_POINT('Ctrl Pts',(6.68954462392332,41.0233357246068,-17.6362552721063));
#1630=CARTESIAN_POINT('Ctrl Pts',(6.31094217065999,41.0297476083616,-17.7636428289706));
#1631=CARTESIAN_POINT('Ctrl Pts',(5.93071556700094,41.036186998181,-17.8915768602412));
#1632=CARTESIAN_POINT('Ctrl Pts',(5.54661503800459,41.0426263220222,-18.0074190056218));
#1633=CARTESIAN_POINT('Ctrl Pts',(5.15924542211621,41.04906889986,-18.1110284348308));
#1634=CARTESIAN_POINT('Ctrl Pts',(4.77088911282008,41.0555278879913,-18.2149017741056));
#1635=CARTESIAN_POINT('Ctrl Pts',(4.37924649026748,41.0619901467172,-18.306480156653));
#1636=CARTESIAN_POINT('Ctrl Pts',(3.98491586816871,41.0684590214465,-18.3855703053484));
#1637=CARTESIAN_POINT('Ctrl Pts',(3.59634056655626,41.0748334818819,-18.4635061202753));
#1638=CARTESIAN_POINT('Ctrl Pts',(3.2051546207398,41.0812143666068,-18.5293155878648));
#1639=CARTESIAN_POINT('Ctrl Pts',(2.81192781424741,41.0876048766771,-18.5827629412032));
#1640=CARTESIAN_POINT('Ctrl Pts',(2.40996468450267,41.0941373647632,-18.6373977348383));
#1641=CARTESIAN_POINT('Ctrl Pts',(2.00586842141805,41.1006799106384,-18.6791153734921));
#1642=CARTESIAN_POINT('Ctrl Pts',(1.6002532170134,41.1072359334878,-18.7076072711069));
#1643=CARTESIAN_POINT('Ctrl Pts',(1.5560950361587,41.1079496691651,-18.7107091034694));
#1644=CARTESIAN_POINT('Ctrl Pts',(1.51191704802801,41.1086635938737,-18.7136542015016));
#1645=CARTESIAN_POINT('Ctrl Pts',(1.46774189484694,41.1093773592083,-18.7164408644045));
#1646=CARTESIAN_POINT('Ctrl Pts',(1.10614594422939,41.1152198891398,-18.7392511083731));
#1647=CARTESIAN_POINT('Ctrl Pts',(0.744415421823917,41.1210569979503,-18.7514726078917));
#1648=CARTESIAN_POINT('Ctrl Pts',(0.382990207127141,41.1268911504561,-18.7530231031639));
#1649=CARTESIAN_POINT('Ctrl Pts',(-0.0132774291312782,41.1332877319038,
-18.7547230706028));
#1650=CARTESIAN_POINT('Ctrl Pts',(-0.409178408166466,41.1396807595799,-18.7435964517888));
#1651=CARTESIAN_POINT('Ctrl Pts',(-0.804133706299609,41.1460734820755,-18.7198812962631));
#1652=CARTESIAN_POINT('Ctrl Pts',(-1.2018896820296,41.1525115361687,-18.6959979735927));
#1653=CARTESIAN_POINT('Ctrl Pts',(-1.59868705886938,41.1589492807378,-18.6593468562667));
#1654=CARTESIAN_POINT('Ctrl Pts',(-1.99393426634389,41.1653900339734,-18.6101177160345));
#1655=CARTESIAN_POINT('Ctrl Pts',(-2.38988944140881,41.1718423238991,-18.5608003964676));
#1656=CARTESIAN_POINT('Ctrl Pts',(-2.78428943956433,41.1782976332793,-18.4988598227338));
#1657=CARTESIAN_POINT('Ctrl Pts',(-3.1765311391075,41.1847592981673,-18.424435153911));
#1658=CARTESIAN_POINT('Ctrl Pts',(-3.56730648111698,41.191196806748,-18.350288714491));
#1659=CARTESIAN_POINT('Ctrl Pts',(-3.95594016554099,41.1976406234064,-18.2637511793655));
#1660=CARTESIAN_POINT('Ctrl Pts',(-4.34181941031278,41.2040940469208,-18.1649112551682));
#1661=CARTESIAN_POINT('Ctrl Pts',(-4.70812918084733,41.2102201916119,-18.0710838974056));
#1662=CARTESIAN_POINT('Ctrl Pts',(-5.07195707959301,41.216354993463,-17.9661698611276));
#1663=CARTESIAN_POINT('Ctrl Pts',(-5.4327585558166,41.2225012743923,-17.850205968793));
#1664=CARTESIAN_POINT('Ctrl Pts',(-5.49114145302922,41.2234958315418,-17.8314413337992));
#1665=CARTESIAN_POINT('Ctrl Pts',(-5.54944505638975,41.2244906892586,-17.8123872913011));
#1666=CARTESIAN_POINT('Ctrl Pts',(-5.60766699793906,41.2254858594989,-17.7930439064307));
#1667=CARTESIAN_POINT('Ctrl Pts',(-5.64227922262305,41.2260774759075,-17.7815445031909));
#1668=CARTESIAN_POINT('Ctrl Pts',(-5.67686105859089,41.2266691767884,-17.7699433242532));
#1669=CARTESIAN_POINT('Ctrl Pts',(-5.7114005930455,41.2272607686164,-17.7582443484266));
#1670=CARTESIAN_POINT('Ctrl Pts',(-6.08849388016055,41.2337196080478,-17.6305180973352));
#1671=CARTESIAN_POINT('Ctrl Pts',(-6.46092004525686,41.2401718457861,-17.4910151778716));
#1672=CARTESIAN_POINT('Ctrl Pts',(-6.82810689117044,41.2466208123164,-17.3399405331417));
#1673=CARTESIAN_POINT('Ctrl Pts',(-7.1953219135752,41.2530702737154,-17.1888542955308));
#1674=CARTESIAN_POINT('Ctrl Pts',(-7.55729735143704,41.2595164634045,-17.0261943954535));
#1675=CARTESIAN_POINT('Ctrl Pts',(-7.91344805278903,41.2659627126357,-16.852115500342));
#1676=CARTESIAN_POINT('Ctrl Pts',(-8.13094000322572,41.2698992690231,-16.7458100563715));
#1677=CARTESIAN_POINT('Ctrl Pts',(-8.34625949329907,41.2738358476151,-16.6352452405945));
#1678=CARTESIAN_POINT('Ctrl Pts',(-8.55926960639768,41.2777732070515,-16.5204474295634));
#1679=CARTESIAN_POINT('Ctrl Pts',(-8.90838823790463,41.2842264477837,-16.332296481685));
#1680=CARTESIAN_POINT('Ctrl Pts',(-9.25130494369413,41.2906817860553,-16.1327769119481));
#1681=CARTESIAN_POINT('Ctrl Pts',(-9.58757789223586,41.2971425619246,-15.9223289032153));
#1682=CARTESIAN_POINT('Ctrl Pts',(-9.92397527703661,41.3036057285744,-15.711803019164));
#1683=CARTESIAN_POINT('Ctrl Pts',(-10.2537244069108,41.310074336847,-15.4903402207485));
#1684=CARTESIAN_POINT('Ctrl Pts',(-10.5763507486127,41.3165517305101,-15.2583401416005));
#1685=CARTESIAN_POINT('Ctrl Pts',(-10.8082651797967,41.3212078942288,-15.0915708502078));
#1686=CARTESIAN_POINT('Ctrl Pts',(-11.0364984669842,41.3258685975411,-14.9193558575712));
#1687=CARTESIAN_POINT('Ctrl Pts',(-11.2608622203245,41.3305350824423,-14.7418321916));
#1688=CARTESIAN_POINT('Ctrl Pts',(-11.4571805044974,41.3346182567307,-14.5864989838751));
#1689=CARTESIAN_POINT('Ctrl Pts',(-11.6505360574846,41.3387058575482,-14.4271011520415));
#1690=CARTESIAN_POINT('Ctrl Pts',(-11.8407954645026,41.3427987169344,-14.2637252464505));
#1691=CARTESIAN_POINT('Ctrl Pts',(-11.8760809501668,41.3435577781207,-14.2334255715753));
#1692=CARTESIAN_POINT('Ctrl Pts',(-11.9112622984626,41.3443170721763,-14.2029869346321));
#1693=CARTESIAN_POINT('Ctrl Pts',(-11.9463197269613,41.3450761933814,-14.1724265044005));
#1694=CARTESIAN_POINT('Ctrl Pts',(-12.2437557630732,41.3515167685133,-13.9131441320412));
#1695=CARTESIAN_POINT('Ctrl Pts',(-12.5325489627133,41.3579507913244,-13.6448647085625));
#1696=CARTESIAN_POINT('Ctrl Pts',(-12.81230560174,41.3643815645358,-13.3680599508225));
#1697=CARTESIAN_POINT('Ctrl Pts',(-13.0938071161347,41.370852447243,-13.0895287289484));
#1698=CARTESIAN_POINT('Ctrl Pts',(-13.366159427688,41.3773200396878,-12.8023651332217));
#1699=CARTESIAN_POINT('Ctrl Pts',(-13.6289301645457,41.3837877067756,-12.507007533969));
#1700=CARTESIAN_POINT('Ctrl Pts',(-13.8912098965815,41.3902432885919,-12.2122018302856));
#1701=CARTESIAN_POINT('Ctrl Pts',(-14.143944220751,41.3966989447725,-11.9092323100581));
#1702=CARTESIAN_POINT('Ctrl Pts',(-14.3866660251724,41.4031580213958,-11.5984987970428));
#1703=CARTESIAN_POINT('Ctrl Pts',(-14.6271138334227,41.4095565846442,-11.2906764638473));
#1704=CARTESIAN_POINT('Ctrl Pts',(-14.8577361811938,41.4159585045451,-10.975234513771));
#1705=CARTESIAN_POINT('Ctrl Pts',(-15.0780371714438,41.4223670340092,-10.6525323968981));
#1706=CARTESIAN_POINT('Ctrl Pts',(-15.1500667581949,41.4244623660749,-10.5470217494168));
#1707=CARTESIAN_POINT('Ctrl Pts',(-15.2209926072256,41.4265584047213,-10.4407347621437));
#1708=CARTESIAN_POINT('Ctrl Pts',(-15.2907963118143,41.428655263647,-10.3336834262387));
#1709=CARTESIAN_POINT('Ctrl Pts',(-15.4880409380117,41.4345803668692,-10.0311880091411));
#1710=CARTESIAN_POINT('Ctrl Pts',(-15.6763281694688,41.4405120196976,-9.72259041871743));
#1711=CARTESIAN_POINT('Ctrl Pts',(-15.8554822753517,41.4464527874178,-9.40832171764685));
#1712=CARTESIAN_POINT('Ctrl Pts',(-15.9898478547639,41.4509083632079,-9.17262019184391));
#1713=CARTESIAN_POINT('Ctrl Pts',(-16.1190753749118,41.4553690661246,-8.93372834160808));
#1714=CARTESIAN_POINT('Ctrl Pts',(-16.2430777008409,41.4598359783978,-8.69182450086682));
#1715=CARTESIAN_POINT('Ctrl Pts',(-16.2591765099029,41.4604159027439,-8.66041893073528));
#1716=CARTESIAN_POINT('Ctrl Pts',(-16.2751872326984,41.4609959317485,-8.62896259061051));
#1717=CARTESIAN_POINT('Ctrl Pts',(-16.2911096643276,41.4615760677798,-8.5974558682634));
#1718=CARTESIAN_POINT('Ctrl Pts',(-16.3082303565657,41.4621998626045,-8.56357807187523));
#1719=CARTESIAN_POINT('Ctrl Pts',(-16.3252453746155,41.4628236505622,-8.52964911365784));
#1720=CARTESIAN_POINT('Ctrl Pts',(-16.3421523646911,41.4634473513815,-8.49567408557863));
#1721=CARTESIAN_POINT('Ctrl Pts',(-16.5167017926372,41.4698864999658,-8.14491255504199));
#1722=CARTESIAN_POINT('Ctrl Pts',(-16.6798185442372,41.4763192059177,-7.78908867071839));
#1723=CARTESIAN_POINT('Ctrl Pts',(-16.8314050537006,41.4827487705986,-7.42881191491239));
#1724=CARTESIAN_POINT('Ctrl Pts',(-16.9670201793586,41.4885009066245,-7.10649446276404));
#1725=CARTESIAN_POINT('Ctrl Pts',(-17.0934062621172,41.4942505284461,-6.78061231008377));
#1726=CARTESIAN_POINT('Ctrl Pts',(-17.2104632082429,41.5,-6.45158360221281));
#1727=CARTESIAN_POINT('Origin',(0.,41.5,0.));
#1728=CARTESIAN_POINT('Origin',(0.,15.,0.));
#1729=CARTESIAN_POINT('Ctrl Pts',(19.881712630998,38.0372532929944,0.000496052415502301));
#1730=CARTESIAN_POINT('Ctrl Pts',(19.87948344328,38.0940336189028,-2.36404743883614));
#1731=CARTESIAN_POINT('Ctrl Pts',(19.4574462806957,38.1508139448111,-4.72936543944726));
#1732=CARTESIAN_POINT('Ctrl Pts',(18.6319189552533,38.2075942707195,-6.94429870333453));
#1733=CARTESIAN_POINT('Ctrl Pts',(17.4785239752465,38.286925554915,-10.0389181409758));
#1734=CARTESIAN_POINT('Ctrl Pts',(15.5374919064618,38.3662568391106,-12.8399775190835));
#1735=CARTESIAN_POINT('Ctrl Pts',(13.0450015174903,38.4455881233061,-15.0066526442164));
#1736=CARTESIAN_POINT('Ctrl Pts',(10.5525111285188,38.5249194075017,-17.1733277693492));
#1737=CARTESIAN_POINT('Ctrl Pts',(7.50856241936057,38.6042506916973,-18.7056186415072));
#1738=CARTESIAN_POINT('Ctrl Pts',(4.28353357950932,38.6835819758928,-19.4170808481928));
#1739=CARTESIAN_POINT('Ctrl Pts',(1.05850473965807,38.7629132600884,-20.1285430548784));
#1740=CARTESIAN_POINT('Ctrl Pts',(-2.34760423088617,38.8422445442839,-20.0191765960917));
#1741=CARTESIAN_POINT('Ctrl Pts',(-5.52034850858992,38.9215758284795,-19.102288881498));
#1742=CARTESIAN_POINT('Ctrl Pts',(-8.69309278629362,39.000907112675,-18.1854011669044));
#1743=CARTESIAN_POINT('Ctrl Pts',(-11.6324723711568,39.0802383968706,-16.4609921965039));
#1744=CARTESIAN_POINT('Ctrl Pts',(-13.9808328173959,39.1595696810661,-14.1388826196346));
#1745=CARTESIAN_POINT('Ctrl Pts',(-16.3291932636349,39.2389009652617,-11.8167730427652));
#1746=CARTESIAN_POINT('Ctrl Pts',(-18.0865345712498,39.3182322494572,-8.89696285942696));
#1747=CARTESIAN_POINT('Ctrl Pts',(-19.0390286497435,39.3975635336528,-5.73472565521049));
#1748=CARTESIAN_POINT('Ctrl Pts',(-19.9915227282372,39.4768948178483,-2.57248845099406));
#1749=CARTESIAN_POINT('Ctrl Pts',(-20.1391695776098,39.5562261020439,0.832175774100752));
#1750=CARTESIAN_POINT('Ctrl Pts',(-19.4640045045012,39.6355573862394,4.06499835929045));
#1751=CARTESIAN_POINT('Ctrl Pts',(-18.7888394313926,39.714888670435,7.2978209444802));
#1752=CARTESIAN_POINT('Ctrl Pts',(-17.2908624358028,39.7942199546306,10.3588018897648));
#1753=CARTESIAN_POINT('Ctrl Pts',(-15.1523416770105,39.8735512388261,12.875489936184));
#1754=CARTESIAN_POINT('Ctrl Pts',(-14.0161219900106,39.9157008258841,14.2126340778168));
#1755=CARTESIAN_POINT('Ctrl Pts',(-12.6990822941893,39.957850412942,15.3961290038484));
#1756=CARTESIAN_POINT('Ctrl Pts',(-11.2519398618557,40.,16.3899793666935));
#1757=CARTESIAN_POINT('Ctrl Pts',(-19.8210262327786,40.,1.55012912170701));
#1758=CARTESIAN_POINT('Ctrl Pts',(-19.9985318547635,39.9446810106311,-0.746769958397525));
#1759=CARTESIAN_POINT('Ctrl Pts',(-19.7792087578084,39.8893620212623,-3.07539773148738));
#1760=CARTESIAN_POINT('Ctrl Pts',(-19.1659252905777,39.8340430318934,-5.29517638443227));
#1761=CARTESIAN_POINT('Ctrl Pts',(-18.2864340781316,39.7547117476978,-8.47849359931803));
#1762=CARTESIAN_POINT('Ctrl Pts',(-16.5967413869084,39.6753804635023,-11.437956526415));
#1763=CARTESIAN_POINT('Ctrl Pts',(-14.3024294417211,39.5960491793067,-13.8134791126041));
#1764=CARTESIAN_POINT('Ctrl Pts',(-12.0081174965338,39.5167178951112,-16.1890016987932));
#1765=CARTESIAN_POINT('Ctrl Pts',(-9.10918629738261,39.4373866109156,-17.9805839440745));
#1766=CARTESIAN_POINT('Ctrl Pts',(-5.95837599423196,39.3580553267201,-18.9702255505478));
#1767=CARTESIAN_POINT('Ctrl Pts',(-2.80756569108127,39.2787240425245,-19.9598671570211));
#1768=CARTESIAN_POINT('Ctrl Pts',(0.595123716068858,39.199392758329,-20.1475681246864));
#1769=CARTESIAN_POINT('Ctrl Pts',(3.8356671757109,39.1200614741334,-19.5104926686745));
#1770=CARTESIAN_POINT('Ctrl Pts',(7.07621063535294,39.0407301899379,-18.8734172126626));
#1771=CARTESIAN_POINT('Ctrl Pts',(10.1546081474869,38.9613989057423,-17.4115653329736));
#1772=CARTESIAN_POINT('Ctrl Pts',(12.6962880435799,38.8820676215468,-15.3028090730892));
#1773=CARTESIAN_POINT('Ctrl Pts',(15.2379679396728,38.8027363373512,-13.1940528132049));
#1774=CARTESIAN_POINT('Ctrl Pts',(17.2429302197248,38.7234050531556,-10.4383921731251));
#1775=CARTESIAN_POINT('Ctrl Pts',(18.4672182188466,38.6440737689601,-7.37112815903342));
#1776=CARTESIAN_POINT('Ctrl Pts',(19.4000009082065,38.5836314149752,-5.03418556211695));
#1777=CARTESIAN_POINT('Ctrl Pts',(19.8796109982759,38.5231890609904,-2.51636072737344));
#1778=CARTESIAN_POINT('Ctrl Pts',(19.8821754644564,38.4627467070056,0.000514685997413666));
#1779=CARTESIAN_POINT('Ctrl Pts',(-11.5435231932464,21.5085163827207,-16.1879874397494));
#1780=CARTESIAN_POINT('Ctrl Pts',(-14.2331743536993,21.5878476669162,-14.2700189048719));
#1781=CARTESIAN_POINT('Ctrl Pts',(-18.6352680992284,21.7465102353073,-9.06942101109322));
#1782=CARTESIAN_POINT('Ctrl Pts',(-20.703009396177,21.984504087894,0.944616426345009));
#1783=CARTESIAN_POINT('Ctrl Pts',(-17.7326033286147,22.2224979404806,10.7263467639968));
#1784=CARTESIAN_POINT('Ctrl Pts',(-10.4469079606607,22.4604917930673,17.8989627922646));
#1785=CARTESIAN_POINT('Ctrl Pts',(-0.618913558705534,22.6984856456539,20.7152069518195));
#1786=CARTESIAN_POINT('Ctrl Pts',(9.35969350142075,22.9364794982406,18.4906242489809));
#1787=CARTESIAN_POINT('Ctrl Pts',(17.0605848682965,23.1744733508272,11.766128684402));
#1788=CARTESIAN_POINT('Ctrl Pts',(20.6097177188964,23.4124672034139,2.17837629515559));
#1789=CARTESIAN_POINT('Ctrl Pts',(19.1433980140281,23.6504610560006,-7.93953000379249));
#1790=CARTESIAN_POINT('Ctrl Pts',(13.0184597640527,23.8884549085872,-16.1253026079597));
#1791=CARTESIAN_POINT('Ctrl Pts',(3.72543010787714,24.1264487611739,-20.3869313174094));
#1792=CARTESIAN_POINT('Ctrl Pts',(-6.47419710958282,24.3644426137606,-19.6873182855889));
#1793=CARTESIAN_POINT('Ctrl Pts',(-15.0983039257346,24.6024364663472,-14.1967242157431));
#1794=CARTESIAN_POINT('Ctrl Pts',(-20.048181318219,24.8404303189339,-5.25130233382485));
#1795=CARTESIAN_POINT('Ctrl Pts',(-20.1192578656284,25.0784241715206,4.9720432449601));
#1796=CARTESIAN_POINT('Ctrl Pts',(-15.2942368281592,25.3164180241072,13.98542357979));
#1797=CARTESIAN_POINT('Ctrl Pts',(-6.74730534260766,25.5544118766939,19.5953979732529));
#1798=CARTESIAN_POINT('Ctrl Pts',(3.44160844750939,25.7924057292805,20.4367581456847));
#1799=CARTESIAN_POINT('Ctrl Pts',(12.7929937898774,26.0303995818672,16.3047557963237));
#1800=CARTESIAN_POINT('Ctrl Pts',(19.0311556500464,26.2683934344538,8.20492940230263));
#1801=CARTESIAN_POINT('Ctrl Pts',(20.6380137175027,26.5063872870405,-1.89159764129218));
#1802=CARTESIAN_POINT('Ctrl Pts',(17.2225329967193,26.7443811396271,-11.5277972309872));
#1803=CARTESIAN_POINT('Ctrl Pts',(9.61588365457118,26.9823749922138,-18.3586637146669));
#1804=CARTESIAN_POINT('Ctrl Pts',(-0.330827387430545,27.2203688448005,-20.7218798633021));
#1805=CARTESIAN_POINT('Ctrl Pts',(-10.1970303319508,27.4583626973871,-18.0423480802121));
#1806=CARTESIAN_POINT('Ctrl Pts',(-17.581747332059,27.6963565499738,-10.972142570455));
#1807=CARTESIAN_POINT('Ctrl Pts',(-20.6878795420384,27.9343504025604,-1.23182461808267));
#1808=CARTESIAN_POINT('Ctrl Pts',(-18.7595379265898,28.1723442551472,8.80826251973549));
#1809=CARTESIAN_POINT('Ctrl Pts',(-12.2659917198901,28.4103381077337,16.7048256190537));
#1810=CARTESIAN_POINT('Ctrl Pts',(-2.7874699804769,28.6483319603204,20.5362061477676));
#1811=CARTESIAN_POINT('Ctrl Pts',(7.36939313400887,28.8863258129071,19.3700231458804));
#1812=CARTESIAN_POINT('Ctrl Pts',(15.7328865236239,29.1243196654938,13.4900716629066));
#1813=CARTESIAN_POINT('Ctrl Pts',(20.2677224019327,29.3623135180804,4.3272601578552));
#1814=CARTESIAN_POINT('Ctrl Pts',(19.8703312858681,29.6003073706671,-5.88860649266187));
#1815=CARTESIAN_POINT('Ctrl Pts',(14.6374198083268,29.8383012232537,-14.6714584547812));
#1816=CARTESIAN_POINT('Ctrl Pts',(5.84243679285487,30.0762950758404,-19.8839554454606));
#1817=CARTESIAN_POINT('Ctrl Pts',(-4.37432533973638,30.314288928427,-20.257616583836));
#1818=CARTESIAN_POINT('Ctrl Pts',(-13.5265788366281,30.5522827810137,-15.7015100169396));
#1819=CARTESIAN_POINT('Ctrl Pts',(-19.3870881524777,30.7902766336003,-7.32438153045195));
#1820=CARTESIAN_POINT('Ctrl Pts',(-20.52967615326,31.0282704861871,2.83516293673509));
#1821=CARTESIAN_POINT('Ctrl Pts',(-16.6762897223421,31.2662643387736,12.3047597673452));
#1822=CARTESIAN_POINT('Ctrl Pts',(-8.76466503932121,31.5042581913603,18.7799467140902));
#1823=CARTESIAN_POINT('Ctrl Pts',(1.27987407020965,31.742252043947,20.6849625138644));
#1824=CARTESIAN_POINT('Ctrl Pts',(11.0129509782508,31.9802458965336,17.5562143580617));
#1825=CARTESIAN_POINT('Ctrl Pts',(18.0659845629504,32.2182397491203,10.1550949580398));
#1826=CARTESIAN_POINT('Ctrl Pts',(20.7225923937222,32.456233601707,0.282694745641319));
#1827=CARTESIAN_POINT('Ctrl Pts',(18.3362788951607,32.6942274542936,-9.65850030359026));
#1828=CARTESIAN_POINT('Ctrl Pts',(11.4877624934033,32.9322213068803,-17.2492627300625));
#1829=CARTESIAN_POINT('Ctrl Pts',(1.84365558812147,33.1702151594669,-20.642351753324));
#1830=CARTESIAN_POINT('Ctrl Pts',(-8.24911188590769,33.4082090120536,-19.0120463109404));
#1831=CARTESIAN_POINT('Ctrl Pts',(-16.3344267455567,33.6462028646403,-12.7550874058003));
#1832=CARTESIAN_POINT('Ctrl Pts',(-20.4446970030384,33.8841967172269,-3.39412968071892));
#1833=CARTESIAN_POINT('Ctrl Pts',(-19.5796728268152,34.1221905698136,6.79280235472787));
#1834=CARTESIAN_POINT('Ctrl Pts',(-13.9498611257673,34.3601844224002,15.3266802148238));
#1835=CARTESIAN_POINT('Ctrl Pts',(-4.92529789576298,34.5981782749869,20.1307524070364));
#1836=CARTESIAN_POINT('Ctrl Pts',(5.2978552278045,34.8361721275735,20.0359297718115));
#1837=CARTESIAN_POINT('Ctrl Pts',(14.2317552203075,35.0741659801602,15.0652877564571));
#1838=CARTESIAN_POINT('Ctrl Pts',(19.7023036884449,35.3121598327469,6.42845091783741));
#1839=CARTESIAN_POINT('Ctrl Pts',(20.378221947331,35.5501536853335,-3.77277379438173));
#1840=CARTESIAN_POINT('Ctrl Pts',(16.0950227287999,35.7881475379202,-13.0558797171548));
#1841=CARTESIAN_POINT('Ctrl Pts',(7.89503878261171,36.0261413905068,-19.1617878724177));
#1842=CARTESIAN_POINT('Ctrl Pts',(-2.22623274845629,36.2641352430935,-20.6046023880963));
#1843=CARTESIAN_POINT('Ctrl Pts',(-11.8057421081997,36.5021290956802,-17.0332088907244));
#1844=CARTESIAN_POINT('Ctrl Pts',(-18.5122794248486,36.7401229482668,-9.31671950685389));
#1845=CARTESIAN_POINT('Ctrl Pts',(-20.713783435413,36.9781168008535,0.667028842259188));
#1846=CARTESIAN_POINT('Ctrl Pts',(-17.8745098249737,37.2161106534401,10.4884532095108));
#1847=CARTESIAN_POINT('Ctrl Pts',(-10.6854065333866,37.4541045060268,17.7574727462216));
#1848=CARTESIAN_POINT('Ctrl Pts',(-0.895969158617454,37.6920983586135,20.7051440982374));
#1849=CARTESIAN_POINT('Ctrl Pts',(9.11150582136795,37.9300922112001,18.6141401294978));
#1850=CARTESIAN_POINT('Ctrl Pts',(16.9016611231057,38.1680860637868,11.9933148732582));
#1851=CARTESIAN_POINT('Ctrl Pts',(20.5787336543514,38.4060799163735,2.45387063126548));
#1852=CARTESIAN_POINT('Ctrl Pts',(19.2478924997768,38.6440737689601,-7.68273153304535));
#1853=CARTESIAN_POINT('Ctrl Pts',(13.2330056596209,38.8820676215468,-15.9497134532846));
#1854=CARTESIAN_POINT('Ctrl Pts',(3.99781312321899,39.1200614741334,-20.3352690923516));
#1855=CARTESIAN_POINT('Ctrl Pts',(-6.21025509823135,39.35805532672,-19.7721661893558));
#1856=CARTESIAN_POINT('Ctrl Pts',(-14.9070486956851,39.5960491793067,-14.3974194535119));
#1857=CARTESIAN_POINT('Ctrl Pts',(-19.9761267693549,39.8340430318934,-5.51903067222122));
#1858=CARTESIAN_POINT('Ctrl Pts',(-20.1839959703612,40.07203688448,4.70248383580232));
#1859=CARTESIAN_POINT('Ctrl Pts',(-15.4798995338153,40.3100307370667,13.7795342255405));
#1860=CARTESIAN_POINT('Ctrl Pts',(-7.00893723683243,40.5480245896534,19.5034754284341));
#1861=CARTESIAN_POINT('Ctrl Pts',(3.16812699564047,40.78601844224,20.4807887311743));
#1862=CARTESIAN_POINT('Ctrl Pts',(12.5733133719249,41.0240122948267,16.4747895010069));
#1863=CARTESIAN_POINT('Ctrl Pts',(18.9206050604331,41.2620061474134,8.45803279455038));
#1864=CARTESIAN_POINT('Ctrl Pts',(20.0792475945444,41.4206687158045,1.7437051829909));
#1865=CARTESIAN_POINT('Ctrl Pts',(19.8217630384358,41.5,-1.54970161986095));
#1866=CARTESIAN_POINT('Ctrl Pts',(-11.2111716002465,21.8390109218138,-15.7219162652045));
#1867=CARTESIAN_POINT('Ctrl Pts',(-13.8233845442359,21.9183422060093,-13.8591682974988));
#1868=CARTESIAN_POINT('Ctrl Pts',(-18.0987368396576,22.0770047744004,-8.80830172626461));
#1869=CARTESIAN_POINT('Ctrl Pts',(-20.1069454356753,22.3149986269871,0.917419809782307));
#1870=CARTESIAN_POINT('Ctrl Pts',(-17.2220608481571,22.5529924795737,10.4175226403385));
#1871=CARTESIAN_POINT('Ctrl Pts',(-10.1461292084094,22.7909863321604,17.3836306274249));
#1872=CARTESIAN_POINT('Ctrl Pts',(-0.601094310307835,23.0289801847471,20.1187918093622));
#1873=CARTESIAN_POINT('Ctrl Pts',(9.09021693061028,23.2669740373337,17.958257455773));
#1874=CARTESIAN_POINT('Ctrl Pts',(16.5693905887368,23.5049678899204,11.4273680178154));
#1875=CARTESIAN_POINT('Ctrl Pts',(20.0163397353741,23.742961742507,2.11565828266252));
#1876=CARTESIAN_POINT('Ctrl Pts',(18.5922370973061,23.9809555950937,-7.71094160835581));
#1877=CARTESIAN_POINT('Ctrl Pts',(12.6436430145599,24.2189494476804,-15.6610362033585));
#1878=CARTESIAN_POINT('Ctrl Pts',(3.61817059877969,24.456943300267,-19.7999676160948));
#1879=CARTESIAN_POINT('Ctrl Pts',(-6.28779736950837,24.6949371528537,-19.1204972653012));
#1880=CARTESIAN_POINT('Ctrl Pts',(-14.6636060196179,24.9329310054403,-13.7879838485698));
#1881=CARTESIAN_POINT('Ctrl Pts',(-19.4709706273133,25.170924858027,-5.10011117088844));
#1882=CARTESIAN_POINT('Ctrl Pts',(-19.5400007974287,25.4089187106137,4.82889227923993));
#1883=CARTESIAN_POINT('Ctrl Pts',(-14.8538977836179,25.6469125632003,13.5827668061422));
#1884=CARTESIAN_POINT('Ctrl Pts',(-6.55304249568204,25.884906415787,19.0312234467369));
#1885=CARTESIAN_POINT('Ctrl Pts',(3.34252049742146,26.1229002683736,19.848359871452));
#1886=CARTESIAN_POINT('Ctrl Pts',(12.4246684706378,26.3608941209603,15.8353227236244));
#1887=CARTESIAN_POINT('Ctrl Pts',(18.4832263228354,26.5988879735469,7.9686998464161));
#1888=CARTESIAN_POINT('Ctrl Pts',(20.0438210589409,26.8368818261336,-1.83713632312497));
#1889=CARTESIAN_POINT('Ctrl Pts',(16.7266760403006,27.0748756787202,-11.1958984069143));
#1890=CARTESIAN_POINT('Ctrl Pts',(9.33903106830294,27.3128695313069,-17.830096220257));
#1891=CARTESIAN_POINT('Ctrl Pts',(-0.321302478320936,27.5508633838936,-20.1252725998846));
#1892=CARTESIAN_POINT('Ctrl Pts',(-9.90344585016327,27.7888572364802,-17.5228876844965));
#1893=CARTESIAN_POINT('Ctrl Pts',(-17.075548172954,28.0268510890669,-10.6562416967906));
#1894=CARTESIAN_POINT('Ctrl Pts',(-20.0922511878106,28.2648449416535,-1.19635894029412));
#1895=CARTESIAN_POINT('Ctrl Pts',(-18.2194287927085,28.5028387942403,8.55466229465799));
#1896=CARTESIAN_POINT('Ctrl Pts',(-11.9128394093188,28.7408326468268,16.2238740661929));
#1897=CARTESIAN_POINT('Ctrl Pts',(-2.70721544527635,28.9788264994135,19.9449446487327));
#1898=CARTESIAN_POINT('Ctrl Pts',(7.15721964879748,29.2168203520002,18.8123374253941));
#1899=CARTESIAN_POINT('Ctrl Pts',(15.2799182390649,29.4548142045868,13.1016766528397));
#1900=CARTESIAN_POINT('Ctrl Pts',(19.6841908653303,29.6928080571735,4.20267325464445));
#1901=CARTESIAN_POINT('Ctrl Pts',(19.2982411063156,29.9308019097602,-5.7190665943464));
#1902=CARTESIAN_POINT('Ctrl Pts',(14.2159912973545,30.1687957623468,-14.249049931192));
#1903=CARTESIAN_POINT('Ctrl Pts',(5.67422617443274,30.4067896149335,-19.311473010349));
#1904=CARTESIAN_POINT('Ctrl Pts',(-4.24838337465146,30.6447834675201,-19.674376005608));
#1905=CARTESIAN_POINT('Ctrl Pts',(-13.1371327421444,30.8827773201068,-15.2494450988662));
#1906=CARTESIAN_POINT('Ctrl Pts',(-18.828911110405,31.1207711726934,-7.11350398218243));
#1907=CARTESIAN_POINT('Ctrl Pts',(-19.9386026604378,31.3587650252802,2.75353526529861));
#1908=CARTESIAN_POINT('Ctrl Pts',(-16.1961597514689,31.5967588778668,11.9504912791465));
#1909=CARTESIAN_POINT('Ctrl Pts',(-8.51232003691911,31.8347527304534,18.2392499872425));
#1910=CARTESIAN_POINT('Ctrl Pts',(1.24302499225032,32.0727465830401,20.0894181443042));
#1911=CARTESIAN_POINT('Ctrl Pts',(10.695875182588,32.3107404356268,17.0507503232719));
#1912=CARTESIAN_POINT('Ctrl Pts',(17.5458436451309,32.5487342882134,9.86271784492893));
#1913=CARTESIAN_POINT('Ctrl Pts',(20.1259646157169,32.7867281408001,0.27455563183059));
#1914=CARTESIAN_POINT('Ctrl Pts',(17.8083558859999,33.0247219933868,-9.38042073393467));
#1915=CARTESIAN_POINT('Ctrl Pts',(11.1570163164544,33.2627158459734,-16.7526361932213));
#1916=CARTESIAN_POINT('Ctrl Pts',(1.79057457798292,33.50070969856,-20.048034197615));
#1917=CARTESIAN_POINT('Ctrl Pts',(-8.01161026441669,33.7387035511467,-18.4646671640501));
#1918=CARTESIAN_POINT('Ctrl Pts',(-15.8641394113743,33.9766974037334,-12.3878534558872));
#1919=CARTESIAN_POINT('Ctrl Pts',(-19.8560701597768,34.2146912563201,-3.29640870010053));
#1920=CARTESIAN_POINT('Ctrl Pts',(-19.0159510457376,34.4526851089067,6.59722959537763));
#1921=CARTESIAN_POINT('Ctrl Pts',(-13.5482282369464,34.6906789614934,14.8854070870689));
#1922=CARTESIAN_POINT('Ctrl Pts',(-4.78349278355829,34.92867281408,19.5511643974867));
#1923=CARTESIAN_POINT('Ctrl Pts',(5.14532375236437,35.1666666666667,19.4590718173189));
#1924=CARTESIAN_POINT('Ctrl Pts',(13.8220062693616,35.4046605192533,14.6315404246383));
#1925=CARTESIAN_POINT('Ctrl Pts',(19.1350512208055,35.64265437184,6.24336826436169));
#1926=CARTESIAN_POINT('Ctrl Pts',(19.7915089990119,35.8806482244266,-3.66415120493484));
#1927=CARTESIAN_POINT('Ctrl Pts',(15.6316281174897,36.1186420770133,-12.6799856032548));
#1928=CARTESIAN_POINT('Ctrl Pts',(7.667731341697,36.3566359296,-18.61009749007));
#1929=CARTESIAN_POINT('Ctrl Pts',(-2.16213689245536,36.5946297821866,-20.0113716809567));
#1930=CARTESIAN_POINT('Ctrl Pts',(-11.4658409246078,36.8326236347733,-16.5428027977178));
#1931=CARTESIAN_POINT('Ctrl Pts',(-17.9792891536889,37.0706174873599,-9.04848020782886));
#1932=CARTESIAN_POINT('Ctrl Pts',(-20.1174092776653,37.3086113399467,0.647824298326597));
#1933=CARTESIAN_POINT('Ctrl Pts',(-17.3598816897873,37.5466051925332,10.1864783207416));
#1934=CARTESIAN_POINT('Ctrl Pts',(-10.3777611270604,37.7845990451199,17.2462142460169));
#1935=CARTESIAN_POINT('Ctrl Pts',(-0.870173154038923,38.0225928977066,20.1090186771557));
#1936=CARTESIAN_POINT('Ctrl Pts',(8.8491748654142,38.2605867502932,18.0782171689947));
#1937=CARTESIAN_POINT('Ctrl Pts',(16.4150424448591,38.4985806028799,11.6480132494171));
#1938=CARTESIAN_POINT('Ctrl Pts',(19.9862477384445,38.7365744554666,2.38322081321046));
#1939=CARTESIAN_POINT('Ctrl Pts',(18.6937230640596,38.9745683080532,-7.46153666724465));
#1940=CARTESIAN_POINT('Ctrl Pts',(12.8520118817659,39.2125621606399,-15.4905024667124));
#1941=CARTESIAN_POINT('Ctrl Pts',(3.88271138713941,39.4505560132265,-19.7497928071845));
#1942=CARTESIAN_POINT('Ctrl Pts',(-6.03145455871844,39.6885498658132,-19.2029022982473));
#1943=CARTESIAN_POINT('Ctrl Pts',(-14.4778572523105,39.9265437183999,-13.9829008346849));
#1944=CARTESIAN_POINT('Ctrl Pts',(-19.4009906135541,40.1645375709865,-5.36013129591981));
#1945=CARTESIAN_POINT('Ctrl Pts',(-19.6028750160778,40.4025314235732,4.56709380212532));
#1946=CARTESIAN_POINT('Ctrl Pts',(-15.0342150418787,40.6405252761598,13.3828052482615));
#1947=CARTESIAN_POINT('Ctrl Pts',(-6.80714170033105,40.8785191287464,18.9419474599656));
#1948=CARTESIAN_POINT('Ctrl Pts',(3.07691289781263,41.1165129813332,19.8911227646623));
#1949=CARTESIAN_POINT('Ctrl Pts',(12.2113129099785,41.3545068339198,16.0004609582099));
#1950=CARTESIAN_POINT('Ctrl Pts',(18.3758586145617,41.5925006865065,8.21451609467853));
#1951=CARTESIAN_POINT('Ctrl Pts',(19.5011424690495,41.7511632548976,1.69350186242857));
#1952=CARTESIAN_POINT('Ctrl Pts',(19.2510711957804,41.8304945390931,-1.50508388977865));
#1953=CARTESIAN_POINT('Ctrl Pts',(-10.8788200072467,22.1695054609069,-15.2558450906597));
#1954=CARTESIAN_POINT('Ctrl Pts',(-13.4135947347726,22.2488367451024,-13.4483176901256));
#1955=CARTESIAN_POINT('Ctrl Pts',(-17.5622055800868,22.4074993134935,-8.547182441436));
#1956=CARTESIAN_POINT('Ctrl Pts',(-19.5108814751736,22.6454931660803,0.890223193219596));
#1957=CARTESIAN_POINT('Ctrl Pts',(-16.7115183676996,22.8834870186668,10.1086985166803));
#1958=CARTESIAN_POINT('Ctrl Pts',(-9.84535045615818,23.1214808712535,16.8682984625851));
#1959=CARTESIAN_POINT('Ctrl Pts',(-0.583275061910128,23.3594747238401,19.522376666905));
#1960=CARTESIAN_POINT('Ctrl Pts',(8.82074035979981,23.5974685764269,17.4258906625651));
#1961=CARTESIAN_POINT('Ctrl Pts',(16.0781963091772,23.8354624290135,11.0886073512288));
#1962=CARTESIAN_POINT('Ctrl Pts',(19.4229617518517,24.0734562816002,2.05294027016943));
#1963=CARTESIAN_POINT('Ctrl Pts',(18.041076180584,24.3114501341868,-7.48235321291913));
#1964=CARTESIAN_POINT('Ctrl Pts',(12.2688262650672,24.5494439867735,-15.1967697987573));
#1965=CARTESIAN_POINT('Ctrl Pts',(3.51091108968225,24.7874378393601,-19.2130039147801));
#1966=CARTESIAN_POINT('Ctrl Pts',(-6.10139762943391,25.0254316919468,-18.5536762450136));
#1967=CARTESIAN_POINT('Ctrl Pts',(-14.2289081135013,25.2634255445334,-13.3792434813964));
#1968=CARTESIAN_POINT('Ctrl Pts',(-18.8937599364077,25.5014193971201,-4.94892000795203));
#1969=CARTESIAN_POINT('Ctrl Pts',(-18.9607437292289,25.7394132497068,4.68574131351978));
#1970=CARTESIAN_POINT('Ctrl Pts',(-14.4135587390765,25.9774071022934,13.1801100324945));
#1971=CARTESIAN_POINT('Ctrl Pts',(-6.35877964875643,26.2154009548801,18.4670489202209));
#1972=CARTESIAN_POINT('Ctrl Pts',(3.24343254733353,26.4533948074667,19.2599615972194));
#1973=CARTESIAN_POINT('Ctrl Pts',(12.0563431513982,26.6913886600534,15.3658896509251));
#1974=CARTESIAN_POINT('Ctrl Pts',(17.9352969956244,26.9293825126401,7.73247029052957));
#1975=CARTESIAN_POINT('Ctrl Pts',(19.4496284003792,27.1673763652267,-1.78267500495775));
#1976=CARTESIAN_POINT('Ctrl Pts',(16.2308190838819,27.4053702178134,-10.8639995828413));
#1977=CARTESIAN_POINT('Ctrl Pts',(9.06217848203469,27.6433640704,-17.301528725847));
#1978=CARTESIAN_POINT('Ctrl Pts',(-0.311777569211317,27.8813579229867,-19.5286653364671));
#1979=CARTESIAN_POINT('Ctrl Pts',(-9.60986136837578,28.1193517755733,-17.0034272887809));
#1980=CARTESIAN_POINT('Ctrl Pts',(-16.569349013849,28.35734562816,-10.3403408231261));
#1981=CARTESIAN_POINT('Ctrl Pts',(-19.4966228335827,28.5953394807466,-1.16089326250558));
#1982=CARTESIAN_POINT('Ctrl Pts',(-17.6793196588273,28.8333333333334,8.30106206958051));
#1983=CARTESIAN_POINT('Ctrl Pts',(-11.5596870987476,29.07132718592,15.7429225133321));
#1984=CARTESIAN_POINT('Ctrl Pts',(-2.6269609100758,29.3093210385066,19.3536831496978));
#1985=CARTESIAN_POINT('Ctrl Pts',(6.94504616358609,29.5473148910933,18.2546517049077));
#1986=CARTESIAN_POINT('Ctrl Pts',(14.8269499545059,29.78530874368,12.7132816427728));
#1987=CARTESIAN_POINT('Ctrl Pts',(19.1006593287279,30.0233025962666,4.0780863514337));
#1988=CARTESIAN_POINT('Ctrl Pts',(18.7261509267631,30.2612964488533,-5.54952669603094));
#1989=CARTESIAN_POINT('Ctrl Pts',(13.7945627863821,30.4992903014399,-13.8266414076028));
#1990=CARTESIAN_POINT('Ctrl Pts',(5.50601555601061,30.7372841540266,-18.7389905752375));
#1991=CARTESIAN_POINT('Ctrl Pts',(-4.12244140956655,30.9752780066133,-19.09113542738));
#1992=CARTESIAN_POINT('Ctrl Pts',(-12.7476866476608,31.2132718591999,-14.7973801807929));
#1993=CARTESIAN_POINT('Ctrl Pts',(-18.2707340683323,31.4512657117866,-6.9026264339129));
#1994=CARTESIAN_POINT('Ctrl Pts',(-19.3475291676156,31.6892595643732,2.67190759386212));
#1995=CARTESIAN_POINT('Ctrl Pts',(-15.7160297805957,31.9272534169599,11.5962227909479));
#1996=CARTESIAN_POINT('Ctrl Pts',(-8.25997503451702,32.1652472695465,17.6985532603947));
#1997=CARTESIAN_POINT('Ctrl Pts',(1.206175914291,32.4032411221332,19.4938737747441));
#1998=CARTESIAN_POINT('Ctrl Pts',(10.3787993869252,32.6412349747198,16.5452862884821));
#1999=CARTESIAN_POINT('Ctrl Pts',(17.0257027273113,32.8792288273066,9.57034073181812));
#2000=CARTESIAN_POINT('Ctrl Pts',(19.5293368377116,33.1172226798932,0.266416518019856));
#2001=CARTESIAN_POINT('Ctrl Pts',(17.2804328768392,33.3552165324799,-9.10234116427908));
#2002=CARTESIAN_POINT('Ctrl Pts',(10.8262701395056,33.5932103850665,-16.25600965638));
#2003=CARTESIAN_POINT('Ctrl Pts',(1.73749356784437,33.8312042376532,-19.4537166419061));
#2004=CARTESIAN_POINT('Ctrl Pts',(-7.77410864292568,34.0691980902398,-17.9172880171598));
#2005=CARTESIAN_POINT('Ctrl Pts',(-15.3938520771919,34.3071919428265,-12.0206195059741));
#2006=CARTESIAN_POINT('Ctrl Pts',(-19.2674433165151,34.5451857954132,-3.19868771948214));
#2007=CARTESIAN_POINT('Ctrl Pts',(-18.45222926466,34.7831796479998,6.40165683602739));
#2008=CARTESIAN_POINT('Ctrl Pts',(-13.1465953481255,35.0211735005864,14.444133959314));
#2009=CARTESIAN_POINT('Ctrl Pts',(-4.64168767135361,35.2591673531732,18.9715763879371));
#2010=CARTESIAN_POINT('Ctrl Pts',(4.99279227692425,35.4971612057598,18.8822138628263));
#2011=CARTESIAN_POINT('Ctrl Pts',(13.4122573184157,35.7351550583464,14.1977930928195));
#2012=CARTESIAN_POINT('Ctrl Pts',(18.5677987531662,35.9731489109331,6.05828561088597));
#2013=CARTESIAN_POINT('Ctrl Pts',(19.2047960506928,36.2111427635197,-3.55552861548796));
#2014=CARTESIAN_POINT('Ctrl Pts',(15.1682335061795,36.4491366161064,-12.3040914893547));
#2015=CARTESIAN_POINT('Ctrl Pts',(7.44042390078229,36.6871304686931,-18.0584071077222));
#2016=CARTESIAN_POINT('Ctrl Pts',(-2.09804103645444,36.9251243212797,-19.4181409738171));
#2017=CARTESIAN_POINT('Ctrl Pts',(-11.1259397410159,37.1631181738664,-16.0523967047112));
#2018=CARTESIAN_POINT('Ctrl Pts',(-17.4462988825293,37.401112026453,-8.78024090880384));
#2019=CARTESIAN_POINT('Ctrl Pts',(-19.5210351199177,37.6391058790397,0.628619754394012));
#2020=CARTESIAN_POINT('Ctrl Pts',(-16.8452535546009,37.8770997316264,9.88450343197247));
#2021=CARTESIAN_POINT('Ctrl Pts',(-10.0701157207343,38.115093584213,16.7349557458122));
#2022=CARTESIAN_POINT('Ctrl Pts',(-0.844377149460397,38.3530874367997,19.512893256074));
#2023=CARTESIAN_POINT('Ctrl Pts',(8.58684390946045,38.5910812893863,17.5422942084917));
#2024=CARTESIAN_POINT('Ctrl Pts',(15.9284237666124,38.829075141973,11.3027116255759));
#2025=CARTESIAN_POINT('Ctrl Pts',(19.3937618225376,39.0670689945597,2.31257099515544));
#2026=CARTESIAN_POINT('Ctrl Pts',(18.1395536283423,39.3050628471463,-7.24034180144393));
#2027=CARTESIAN_POINT('Ctrl Pts',(12.471018103911,39.543056699733,-15.0312914801402));
#2028=CARTESIAN_POINT('Ctrl Pts',(3.76760965105982,39.7810505523196,-19.1643165220173));
#2029=CARTESIAN_POINT('Ctrl Pts',(-5.85265401920552,40.0190444049063,-18.6336384071387));
#2030=CARTESIAN_POINT('Ctrl Pts',(-14.048665808936,40.257038257493,-13.568382215858));
#2031=CARTESIAN_POINT('Ctrl Pts',(-18.8258544577532,40.4950321100796,-5.2012319196184));
#2032=CARTESIAN_POINT('Ctrl Pts',(-19.0217540617945,40.7330259626662,4.43170376844834));
#2033=CARTESIAN_POINT('Ctrl Pts',(-14.5885305499421,40.971019815253,12.9860762709824));
#2034=CARTESIAN_POINT('Ctrl Pts',(-6.60534616382968,41.2090136678396,18.3804194914971));
#2035=CARTESIAN_POINT('Ctrl Pts',(2.98569879998478,41.4470075204263,19.3014567981504));
#2036=CARTESIAN_POINT('Ctrl Pts',(11.849312448032,41.6850013730129,15.5261324154128));
#2037=CARTESIAN_POINT('Ctrl Pts',(17.8311121686903,41.9229952255996,7.97099939480667));
#2038=CARTESIAN_POINT('Ctrl Pts',(18.9230373435546,42.0816577939907,1.64329854186625));
#2039=CARTESIAN_POINT('Ctrl Pts',(18.680379353125,42.1609890781862,-1.46046615969634));
#2040=CARTESIAN_POINT('Ctrl Pts',(-10.5464684142469,22.5,-14.7897739161149));
#2041=CARTESIAN_POINT('Ctrl Pts',(-13.0038049253093,22.5793312841956,-13.0374670827524));
#2042=CARTESIAN_POINT('Ctrl Pts',(-17.025674320516,22.7379938525867,-8.28606315660739));
#2043=CARTESIAN_POINT('Ctrl Pts',(-18.9148175146719,22.9759877051733,0.863026576656889));
#2044=CARTESIAN_POINT('Ctrl Pts',(-16.2009758872421,23.21398155776,9.79987439302209));
#2045=CARTESIAN_POINT('Ctrl Pts',(-9.54457170390691,23.4519754103466,16.3529662977454));
#2046=CARTESIAN_POINT('Ctrl Pts',(-0.565455813512433,23.6899692629333,18.9259615244478));
#2047=CARTESIAN_POINT('Ctrl Pts',(8.55126378898935,23.9279631155199,16.8935238693571));
#2048=CARTESIAN_POINT('Ctrl Pts',(15.5870020296175,24.1659569681066,10.7498466846422));
#2049=CARTESIAN_POINT('Ctrl Pts',(18.8295837683294,24.4039508206932,1.99022225767636));
#2050=CARTESIAN_POINT('Ctrl Pts',(17.489915263862,24.6419446732799,-7.25376481748247));
#2051=CARTESIAN_POINT('Ctrl Pts',(11.8940095155744,24.8799385258666,-14.732503394156));
#2052=CARTESIAN_POINT('Ctrl Pts',(3.40365158058481,25.1179323784532,-18.6260402134656));
#2053=CARTESIAN_POINT('Ctrl Pts',(-5.91499788935946,25.3559262310399,-17.986855224726));
#2054=CARTESIAN_POINT('Ctrl Pts',(-13.7942102073846,25.5939200836265,-12.9705031142231));
#2055=CARTESIAN_POINT('Ctrl Pts',(-18.316549245502,25.8319139362132,-4.79772884501559));
#2056=CARTESIAN_POINT('Ctrl Pts',(-18.3814866610291,26.0699077887999,4.5425903477996));
#2057=CARTESIAN_POINT('Ctrl Pts',(-13.9732196945351,26.3079016413865,12.7774532588468));
#2058=CARTESIAN_POINT('Ctrl Pts',(-6.1645168018308,26.5458954939732,17.9028743937049));
#2059=CARTESIAN_POINT('Ctrl Pts',(3.1443445972456,26.7838893465598,18.6715633229868));
#2060=CARTESIAN_POINT('Ctrl Pts',(11.6880178321585,27.0218831991465,14.8964565782258));
#2061=CARTESIAN_POINT('Ctrl Pts',(17.3873676684133,27.2598770517332,7.49624073464304));
#2062=CARTESIAN_POINT('Ctrl Pts',(18.8554357418175,27.4978709043198,-1.72821368679053));
#2063=CARTESIAN_POINT('Ctrl Pts',(15.7349621274632,27.7358647569065,-10.5321007587684));
#2064=CARTESIAN_POINT('Ctrl Pts',(8.78532589576644,27.9738586094931,-16.7729612314371));
#2065=CARTESIAN_POINT('Ctrl Pts',(-0.302252660101709,28.2118524620798,-18.9320580730496));
#2066=CARTESIAN_POINT('Ctrl Pts',(-9.31627688658827,28.4498463146664,-16.4839668930653));
#2067=CARTESIAN_POINT('Ctrl Pts',(-16.063149854744,28.6878401672531,-10.0244399494617));
#2068=CARTESIAN_POINT('Ctrl Pts',(-18.9009944793548,28.9258340198398,-1.12542758471703));
#2069=CARTESIAN_POINT('Ctrl Pts',(-17.139210524946,29.1638278724265,8.047461844503));
#2070=CARTESIAN_POINT('Ctrl Pts',(-11.2065347881763,29.4018217250131,15.2619709604713));
#2071=CARTESIAN_POINT('Ctrl Pts',(-2.54670637487524,29.6398155775998,18.7624216506628));
#2072=CARTESIAN_POINT('Ctrl Pts',(6.73287267837468,29.8778094301864,17.6969659844213));
#2073=CARTESIAN_POINT('Ctrl Pts',(14.373981669947,30.1158032827731,12.3248866327058));
#2074=CARTESIAN_POINT('Ctrl Pts',(18.5171277921255,30.3537971353597,3.95349944822296));
#2075=CARTESIAN_POINT('Ctrl Pts',(18.1540607472106,30.5917909879464,-5.37998679771548));
#2076=CARTESIAN_POINT('Ctrl Pts',(13.3731342754098,30.829784840533,-13.4042328840136));
#2077=CARTESIAN_POINT('Ctrl Pts',(5.33780493758848,31.0677786931197,-18.166508140126));
#2078=CARTESIAN_POINT('Ctrl Pts',(-3.99649944448163,31.3057725457064,-18.507894849152));
#2079=CARTESIAN_POINT('Ctrl Pts',(-12.3582405531772,31.543766398293,-14.3453152627195));
#2080=CARTESIAN_POINT('Ctrl Pts',(-17.7125570262596,31.7817602508797,-6.69174888564337));
#2081=CARTESIAN_POINT('Ctrl Pts',(-18.7564556747934,32.0197541034664,2.59027992242562));
#2082=CARTESIAN_POINT('Ctrl Pts',(-15.2358998097226,32.257747956053,11.2419543027493));
#2083=CARTESIAN_POINT('Ctrl Pts',(-8.00763003211493,32.4957418086397,17.1578565335469));
#2084=CARTESIAN_POINT('Ctrl Pts',(1.16932683633168,32.7337356612263,18.8983294051841));
#2085=CARTESIAN_POINT('Ctrl Pts',(10.0617235912624,32.971729513813,16.0398222536922));
#2086=CARTESIAN_POINT('Ctrl Pts',(16.5055618094917,33.2097233663997,9.27796361870731));
#2087=CARTESIAN_POINT('Ctrl Pts',(18.9327090597063,33.4477172189863,0.25827740420912));
#2088=CARTESIAN_POINT('Ctrl Pts',(16.7525098676784,33.685711071573,-8.82426159462348));
#2089=CARTESIAN_POINT('Ctrl Pts',(10.4955239625568,33.9237049241596,-15.7593831195388));
#2090=CARTESIAN_POINT('Ctrl Pts',(1.68441255770582,34.1616987767463,-18.8593990861971));
#2091=CARTESIAN_POINT('Ctrl Pts',(-7.53660702143467,34.399692629333,-17.3699088702695));
#2092=CARTESIAN_POINT('Ctrl Pts',(-14.9235647430095,34.6376864819196,-11.6533855560609));
#2093=CARTESIAN_POINT('Ctrl Pts',(-18.6788164732534,34.8756803345063,-3.10096673886377));
#2094=CARTESIAN_POINT('Ctrl Pts',(-17.8885074835824,35.1136741870929,6.20608407667716));
#2095=CARTESIAN_POINT('Ctrl Pts',(-12.7449624593045,35.3516680396796,14.002860831559));
#2096=CARTESIAN_POINT('Ctrl Pts',(-4.49988255914894,35.5896618922663,18.3919883783875));
#2097=CARTESIAN_POINT('Ctrl Pts',(4.84026080148414,35.8276557448529,18.3053559083337));
#2098=CARTESIAN_POINT('Ctrl Pts',(13.0025083674698,36.0656495974395,13.7640457610007));
#2099=CARTESIAN_POINT('Ctrl Pts',(18.0005462855269,36.3036434500262,5.87320295741025));
#2100=CARTESIAN_POINT('Ctrl Pts',(18.6180831023737,36.5416373026129,-3.44690602604107));
#2101=CARTESIAN_POINT('Ctrl Pts',(14.7048388948692,36.7796311551996,-11.9281973754546));
#2102=CARTESIAN_POINT('Ctrl Pts',(7.21311645986757,37.0176250077862,-17.5067167253744));
#2103=CARTESIAN_POINT('Ctrl Pts',(-2.0339451804535,37.2556188603728,-18.8249102666775));
#2104=CARTESIAN_POINT('Ctrl Pts',(-10.786038557424,37.4936127129595,-15.5619906117046));
#2105=CARTESIAN_POINT('Ctrl Pts',(-16.9133086113696,37.7316065655461,-8.51200160977882));
#2106=CARTESIAN_POINT('Ctrl Pts',(-18.92466096217,37.9696004181329,0.609415210461422));
#2107=CARTESIAN_POINT('Ctrl Pts',(-16.3306254194145,38.2075942707195,9.5825285432033));
#2108=CARTESIAN_POINT('Ctrl Pts',(-9.76247031440809,38.4455881233062,16.2236972456074));
#2109=CARTESIAN_POINT('Ctrl Pts',(-0.81858114488186,38.6835819758928,18.9167678349924));
#2110=CARTESIAN_POINT('Ctrl Pts',(8.32451295350669,38.9215758284795,17.0063712479886));
#2111=CARTESIAN_POINT('Ctrl Pts',(15.4418050883657,39.1595696810661,10.9574100017348));
#2112=CARTESIAN_POINT('Ctrl Pts',(18.8012759066308,39.3975635336528,2.24192117710044));
#2113=CARTESIAN_POINT('Ctrl Pts',(17.5853841926251,39.6355573862394,-7.01914693564324));
#2114=CARTESIAN_POINT('Ctrl Pts',(12.0900243260561,39.8735512388261,-14.572080493568));
#2115=CARTESIAN_POINT('Ctrl Pts',(3.65250791498025,40.1115450914128,-18.5788402368501));
#2116=CARTESIAN_POINT('Ctrl Pts',(-5.67385347969261,40.3495389439994,-18.0643745160301));
#2117=CARTESIAN_POINT('Ctrl Pts',(-13.6194743655615,40.5875327965861,-13.153863597031));
#2118=CARTESIAN_POINT('Ctrl Pts',(-18.2507183019524,40.8255266491727,-5.04233254331699));
#2119=CARTESIAN_POINT('Ctrl Pts',(-18.4406331075111,41.0635205017594,4.29631373477137));
#2120=CARTESIAN_POINT('Ctrl Pts',(-14.1428460580054,41.301514354346,12.5893472937033));
#2121=CARTESIAN_POINT('Ctrl Pts',(-6.40355062732833,41.5395082069327,17.8188915230286));
#2122=CARTESIAN_POINT('Ctrl Pts',(2.89448470215695,41.7775020595194,18.7117908316385));
#2123=CARTESIAN_POINT('Ctrl Pts',(11.4873119860855,42.015495912106,15.0518038726158));
#2124=CARTESIAN_POINT('Ctrl Pts',(17.2863657228189,42.2534897646927,7.72748269493481));
#2125=CARTESIAN_POINT('Ctrl Pts',(18.3449322180598,42.4121523330838,1.59309522130392));
#2126=CARTESIAN_POINT('Ctrl Pts',(18.1096875104696,42.4914836172793,-1.41584842961404));
#2127=CARTESIAN_POINT('Ctrl Pts',(-7.53498985387111,41.5,16.5291554841221));
#2128=CARTESIAN_POINT('Ctrl Pts',(-7.18628496860607,41.5,16.7081438471674));
#2129=CARTESIAN_POINT('Ctrl Pts',(-6.83232734119686,41.5,16.8755055840812));
#2130=CARTESIAN_POINT('Ctrl Pts',(-6.47366626388329,41.5,17.0309506063861));
#2131=CARTESIAN_POINT('Ctrl Pts',(-6.37178827682926,41.5,17.0751048984787));
#2132=CARTESIAN_POINT('Ctrl Pts',(-6.2695305569927,41.5,17.1182974707302));
#2133=CARTESIAN_POINT('Ctrl Pts',(-6.16690515618501,41.5,17.160521130787));
#2134=CARTESIAN_POINT('Ctrl Pts',(-5.8109364918579,41.5,17.3069790228402));
#2135=CARTESIAN_POINT('Ctrl Pts',(-5.45054643345529,41.5,17.4417829910367));
#2136=CARTESIAN_POINT('Ctrl Pts',(-5.08634835623829,41.5,17.5649676542787));
#2137=CARTESIAN_POINT('Ctrl Pts',(-4.71725639241341,41.5,17.6898076029586));
#2138=CARTESIAN_POINT('Ctrl Pts',(-4.34425291120095,41.5,17.8027140799291));
#2139=CARTESIAN_POINT('Ctrl Pts',(-3.96794947387397,41.5,17.903676528657));
#2140=CARTESIAN_POINT('Ctrl Pts',(-3.65385440310189,41.5,17.9879484335425));
#2141=CARTESIAN_POINT('Ctrl Pts',(-3.33745962047097,41.5,18.0638981379593));
#2142=CARTESIAN_POINT('Ctrl Pts',(-3.01911042797623,41.5,18.1314937188946));
#2143=CARTESIAN_POINT('',(-10.5464684142469,22.5,-14.7897739161149));
#2144=CARTESIAN_POINT('Ctrl Pts',(-10.5464684142469,22.5,-14.7897739161149));
#2145=CARTESIAN_POINT('Ctrl Pts',(-13.0038049253093,22.5793312841956,-13.0374670827524));
#2146=CARTESIAN_POINT('Ctrl Pts',(-17.025674320516,22.7379938525867,-8.28606315660739));
#2147=CARTESIAN_POINT('Ctrl Pts',(-18.9148175146719,22.9759877051733,0.863026576656889));
#2148=CARTESIAN_POINT('Ctrl Pts',(-16.2009758872421,23.21398155776,9.79987439302209));
#2149=CARTESIAN_POINT('Ctrl Pts',(-9.54457170390691,23.4519754103466,16.3529662977454));
#2150=CARTESIAN_POINT('Ctrl Pts',(-0.565455813512433,23.6899692629333,18.9259615244478));
#2151=CARTESIAN_POINT('Ctrl Pts',(8.55126378898935,23.9279631155199,16.8935238693571));
#2152=CARTESIAN_POINT('Ctrl Pts',(15.5870020296175,24.1659569681066,10.7498466846422));
#2153=CARTESIAN_POINT('Ctrl Pts',(17.9770699834426,24.3413793710283,4.2932329991685));
#2154=CARTESIAN_POINT('Ctrl Pts',(18.1657948458137,24.4374704897544,0.638054524689473));
#2155=CARTESIAN_POINT('Ctrl Pts',(18.1651376777407,24.4542303242849,0.00046498837364975));
#2156=CARTESIAN_POINT('Ctrl Pts',(-8.56950465153704,22.5,17.9414542810001));
#2157=CARTESIAN_POINT('Ctrl Pts',(-8.93613987217912,22.5,17.7476969442454));
#2158=CARTESIAN_POINT('Ctrl Pts',(-9.29626817926173,22.5,17.5426362282902));
#2159=CARTESIAN_POINT('Ctrl Pts',(-9.64931206784469,22.5,17.326450296274));
#2160=CARTESIAN_POINT('Ctrl Pts',(-9.76318320541188,22.5,17.2567214642483));
#2161=CARTESIAN_POINT('Ctrl Pts',(-9.87631713779444,22.5,17.1858348914821));
#2162=CARTESIAN_POINT('Ctrl Pts',(-9.98869388989728,22.5,17.1137955614533));
#2163=CARTESIAN_POINT('Ctrl Pts',(-10.3380928930014,22.5,16.889812667969));
#2164=CARTESIAN_POINT('Ctrl Pts',(-10.6801747725233,22.5,16.6546891345656));
#2165=CARTESIAN_POINT('Ctrl Pts',(-11.0145233907097,22.5,16.40889992028));
#2166=CARTESIAN_POINT('Ctrl Pts',(-11.3489117152711,22.5,16.1630815167045));
#2167=CARTESIAN_POINT('Ctrl Pts',(-11.6755653142409,22.5,15.9065944701744));
#2168=CARTESIAN_POINT('Ctrl Pts',(-11.9940312337242,22.5,15.63987684902));
#2169=CARTESIAN_POINT('Ctrl Pts',(-12.2269713704145,22.5,15.4447877191368));
#2170=CARTESIAN_POINT('Ctrl Pts',(-12.4555302717948,22.5,15.2442243256687));
#2171=CARTESIAN_POINT('Ctrl Pts',(-12.6795165135767,22.5,15.0383475345788));
#2172=CARTESIAN_POINT('Ctrl Pts',(-12.7132419156451,22.5,15.0073488558171));
#2173=CARTESIAN_POINT('Ctrl Pts',(-12.7468652975035,22.5,14.9762281432693));
#2174=CARTESIAN_POINT('Ctrl Pts',(-12.7803805371874,22.5,14.9449910094094));
#2175=CARTESIAN_POINT('Ctrl Pts',(-13.0820115309989,22.5,14.663862549079));
#2176=CARTESIAN_POINT('Ctrl Pts',(-13.3745707179079,22.5,14.373603547866));
#2177=CARTESIAN_POINT('Ctrl Pts',(-13.6576617555576,22.5,14.0746894144151));
#2178=CARTESIAN_POINT('Ctrl Pts',(-13.9446155596414,22.5,13.77169660899));
#2179=CARTESIAN_POINT('Ctrl Pts',(-14.2218415330331,22.5,13.4598104905269));
#2180=CARTESIAN_POINT('Ctrl Pts',(-14.4888864258682,22.5,13.1394897947031));
#2181=CARTESIAN_POINT('Ctrl Pts',(-14.7505505251298,22.5,12.8256233677599));
#2182=CARTESIAN_POINT('Ctrl Pts',(-15.0024399072025,22.5,12.5036583250331));
#2183=CARTESIAN_POINT('Ctrl Pts',(-15.2440849162194,22.5,12.1739984255342));
#2184=CARTESIAN_POINT('Ctrl Pts',(-15.4931836144238,22.5,11.8341699633225));
#2185=CARTESIAN_POINT('Ctrl Pts',(-15.7313968655383,22.5,11.4861642869858));
#2186=CARTESIAN_POINT('Ctrl Pts',(-15.9581566223305,22.5,11.1303999564203));
#2187=CARTESIAN_POINT('Ctrl Pts',(-15.9811521976961,22.5,11.0943221020796));
#2188=CARTESIAN_POINT('Ctrl Pts',(-16.0040311965108,22.5,11.0581624351023));
#2189=CARTESIAN_POINT('Ctrl Pts',(-16.026788925832,22.5,11.0219278628927));
#2190=CARTESIAN_POINT('Ctrl Pts',(-16.2284455494453,22.5,10.7008527069874));
#2191=CARTESIAN_POINT('Ctrl Pts',(-16.4203168178246,22.5,10.3743243064075));
#2192=CARTESIAN_POINT('Ctrl Pts',(-16.6020946805807,22.5,10.0427004671439));
#2193=CARTESIAN_POINT('Ctrl Pts',(-16.7969136329216,22.5,9.68728530295914));
#2194=CARTESIAN_POINT('Ctrl Pts',(-16.9801398676671,22.5,9.32601734986021));
#2195=CARTESIAN_POINT('Ctrl Pts',(-17.1516903321175,22.5,8.95951261298874));
#2196=CARTESIAN_POINT('Ctrl Pts',(-17.3242017142903,22.5,8.59095494727128));
#2197=CARTESIAN_POINT('Ctrl Pts',(-17.4849063138671,22.5,8.21710112876059));
#2198=CARTESIAN_POINT('Ctrl Pts',(-17.6336712743156,22.5,7.83855567984889));
#2199=CARTESIAN_POINT('Ctrl Pts',(-17.7824626780836,22.5,7.45994294359858));
#2200=CARTESIAN_POINT('Ctrl Pts',(-17.9193103162374,22.5,7.07663635377559));
#2201=CARTESIAN_POINT('Ctrl Pts',(-18.0440309910963,22.5,6.68922716532776));
#2202=CARTESIAN_POINT('Ctrl Pts',(-18.1681043701153,22.5,6.30382861670625));
#2203=CARTESIAN_POINT('Ctrl Pts',(-18.2801764134448,22.5,5.91436939772385));
#2204=CARTESIAN_POINT('Ctrl Pts',(-18.3800156221523,22.5,5.52142639539909));
#2205=CARTESIAN_POINT('Ctrl Pts',(-18.4765680275683,22.5,5.14141945667224));
#2206=CARTESIAN_POINT('Ctrl Pts',(-18.5616796211357,22.5,4.75815387457421));
#2207=CARTESIAN_POINT('Ctrl Pts',(-18.6350940049806,22.5,4.37215389481629));
#2208=CARTESIAN_POINT('Ctrl Pts',(-18.6519066032835,22.5,4.28375619582696));
#2209=CARTESIAN_POINT('Ctrl Pts',(-18.6681055413883,22.5,4.19521511681184));
#2210=CARTESIAN_POINT('Ctrl Pts',(-18.6836873891022,22.5,4.10653701139469));
#2211=CARTESIAN_POINT('Ctrl Pts',(-18.6901035822504,22.5,4.07002171084566));
#2212=CARTESIAN_POINT('Ctrl Pts',(-18.6964150125205,22.5,4.03348376158739));
#2213=CARTESIAN_POINT('Ctrl Pts',(-18.7026192730248,22.5,3.99693686330497));
#2214=CARTESIAN_POINT('Ctrl Pts',(-18.7700845263386,22.5,3.59952515747268));
#2215=CARTESIAN_POINT('Ctrl Pts',(-18.8249538808354,22.5,3.20064972051567));
#2216=CARTESIAN_POINT('Ctrl Pts',(-18.8671187802358,22.5,2.80089370282649));
#2217=CARTESIAN_POINT('Ctrl Pts',(-18.909192606799,22.5,2.40200112641661));
#2218=CARTESIAN_POINT('Ctrl Pts',(-18.9386168781034,22.5,2.0022312218241));
#2219=CARTESIAN_POINT('Ctrl Pts',(-18.9552327901161,22.5,1.60215475427096));
#2220=CARTESIAN_POINT('Ctrl Pts',(-18.9654319408993,22.5,1.35658049904449));
#2221=CARTESIAN_POINT('Ctrl Pts',(-18.9708042476001,22.5,1.11089060481702));
#2222=CARTESIAN_POINT('Ctrl Pts',(-18.9713032419354,22.5,0.865216800785251));
#2223=CARTESIAN_POINT('Ctrl Pts',(-18.9721191112172,22.5,0.463533463126301));
#2224=CARTESIAN_POINT('Ctrl Pts',(-18.9599097435461,22.5,0.0618925631794719));
#2225=CARTESIAN_POINT('Ctrl Pts',(-18.9348311742003,22.5,-0.339103216184787));
#2226=CARTESIAN_POINT('Ctrl Pts',(-18.9097896664902,22.5,-0.7395063955779));
#2227=CARTESIAN_POINT('Ctrl Pts',(-18.8719167948373,22.5,-1.13926690741568));
#2228=CARTESIAN_POINT('Ctrl Pts',(-18.8213176485781,22.5,-1.53777198571298));
#2229=CARTESIAN_POINT('Ctrl Pts',(-18.7710649040919,22.5,-1.93354889810417));
#2230=CARTESIAN_POINT('Ctrl Pts',(-18.7082593358139,22.5,-2.32808802183943));
#2231=CARTESIAN_POINT('Ctrl Pts',(-18.6329571211736,22.5,-2.72076860917557));
#2232=CARTESIAN_POINT('Ctrl Pts',(-18.6102849266521,22.5,-2.83899794284636));
#2233=CARTESIAN_POINT('Ctrl Pts',(-18.5864795892235,22.5,-2.95705862829732));
#2234=CARTESIAN_POINT('Ctrl Pts',(-18.5615418448974,22.5,-3.0749332481961));
#2235=CARTESIAN_POINT('Ctrl Pts',(-18.549317665222,22.5,-3.13271395658646));
#2236=CARTESIAN_POINT('Ctrl Pts',(-18.5368213805993,22.5,-3.19044995269526));
#2237=CARTESIAN_POINT('Ctrl Pts',(-18.5240530460405,22.5,-3.24813916304048));
#2238=CARTESIAN_POINT('Ctrl Pts',(-18.5157381831586,22.5,-3.28570693443436));
#2239=CARTESIAN_POINT('Ctrl Pts',(-18.5073096736918,22.5,-3.3232470310265));
#2240=CARTESIAN_POINT('Ctrl Pts',(-18.4987688478751,22.5,-3.36075388126556));
#2241=CARTESIAN_POINT('Ctrl Pts',(-18.4106239971366,22.5,-3.74784007022955));
#2242=CARTESIAN_POINT('Ctrl Pts',(-18.3104825591666,22.5,-4.13155742688287));
#2243=CARTESIAN_POINT('Ctrl Pts',(-18.1985485047367,22.5,-4.51134099775816));
#2244=CARTESIAN_POINT('Ctrl Pts',(-18.0862468336152,22.5,-4.89237186357445));
#2245=CARTESIAN_POINT('Ctrl Pts',(-17.9620748075313,22.5,-5.26944360800785));
#2246=CARTESIAN_POINT('Ctrl Pts',(-17.8261875501822,22.5,-5.64197395916191));
#2247=CARTESIAN_POINT('Ctrl Pts',(-17.6907705232641,22.5,-6.01321518938599));
#2248=CARTESIAN_POINT('Ctrl Pts',(-17.5437190083173,22.5,-6.37994692133031));
#2249=CARTESIAN_POINT('Ctrl Pts',(-17.3851387894154,22.5,-6.74157332302248));
#2250=CARTESIAN_POINT('Ctrl Pts',(-17.2283063120924,22.5,-7.0992141740413));
#2251=CARTESIAN_POINT('Ctrl Pts',(-17.0601976163046,22.5,-7.4518620652388));
#2252=CARTESIAN_POINT('Ctrl Pts',(-16.880871541091,22.5,-7.79891426208502));
#2253=CARTESIAN_POINT('Ctrl Pts',(-16.8236421360018,22.5,-7.90967110955839));
#2254=CARTESIAN_POINT('Ctrl Pts',(-16.7652699453444,22.5,-8.01985781701572));
#2255=CARTESIAN_POINT('Ctrl Pts',(-16.7057559925915,22.5,-8.12945410307907));
#2256=CARTESIAN_POINT('Ctrl Pts',(-16.5236818974788,22.5,-8.46474765508926));
#2257=CARTESIAN_POINT('Ctrl Pts',(-16.3309235378423,22.5,-8.79451752092362));
#2258=CARTESIAN_POINT('Ctrl Pts',(-16.1278119898573,22.5,-9.1183273673123));
#2259=CARTESIAN_POINT('Ctrl Pts',(-16.0389506876139,22.5,-9.25999417510734));
#2260=CARTESIAN_POINT('Ctrl Pts',(-15.9481073320244,22.5,-9.40051977204841));
#2261=CARTESIAN_POINT('Ctrl Pts',(-15.8553079440188,22.5,-9.53986551844534));
#2262=CARTESIAN_POINT('Ctrl Pts',(-15.8108971860492,22.5,-9.60655184418872));
#2263=CARTESIAN_POINT('Ctrl Pts',(-15.7660384300819,22.5,-9.67296793283537));
#2264=CARTESIAN_POINT('Ctrl Pts',(-15.7207344519725,22.5,-9.73910943743216));
#2265=CARTESIAN_POINT('Ctrl Pts',(-15.6944138124792,22.5,-9.77753623284142));
#2266=CARTESIAN_POINT('Ctrl Pts',(-15.667942893555,22.5,-9.81587034485543));
#2267=CARTESIAN_POINT('Ctrl Pts',(-15.6413222322738,22.5,-9.85411090941703));
#2268=CARTESIAN_POINT('Ctrl Pts',(-15.6190998304638,22.5,-9.88603337678733));
#2269=CARTESIAN_POINT('Ctrl Pts',(-15.5967779008938,22.5,-9.91788370945323));
#2270=CARTESIAN_POINT('Ctrl Pts',(-15.5743599169073,22.5,-9.94965725110817));
#2271=CARTESIAN_POINT('Ctrl Pts',(-15.3492846608523,22.5,-10.2686617623105));
#2272=CARTESIAN_POINT('Ctrl Pts',(-15.1144347203317,22.5,-10.5800660789745));
#2273=CARTESIAN_POINT('Ctrl Pts',(-14.8702745099113,22.5,-10.8834917235241));
#2274=CARTESIAN_POINT('Ctrl Pts',(-14.624593510155,22.5,-11.1888073012601));
#2275=CARTESIAN_POINT('Ctrl Pts',(-14.3694855235517,22.5,-11.4860449226083));
#2276=CARTESIAN_POINT('Ctrl Pts',(-14.1053806633183,22.5,-11.774788423282));
#2277=CARTESIAN_POINT('Ctrl Pts',(-13.8416018990494,22.5,-12.0631754061308));
#2278=CARTESIAN_POINT('Ctrl Pts',(-13.5688480477713,22.5,-12.3430896115464));
#2279=CARTESIAN_POINT('Ctrl Pts',(-13.2875108639139,22.5,-12.614080074879));
#2280=CARTESIAN_POINT('Ctrl Pts',(-13.0078733120972,22.5,-12.8834334134352));
#2281=CARTESIAN_POINT('Ctrl Pts',(-12.7197554010718,22.5,-13.1439708450135));
#2282=CARTESIAN_POINT('Ctrl Pts',(-12.423511777478,22.5,-13.3952082816703));
#2283=CARTESIAN_POINT('Ctrl Pts',(-12.1265606543846,22.5,-13.647045732459));
#2284=CARTESIAN_POINT('Ctrl Pts',(-11.8214445847395,22.5,-13.8895391184333));
#2285=CARTESIAN_POINT('Ctrl Pts',(-11.5084963840888,22.5,-14.1221536470952));
#2286=CARTESIAN_POINT('Ctrl Pts',(-11.195548183438,22.5,-14.3547681757572));
#2287=CARTESIAN_POINT('Ctrl Pts',(-10.8747674684469,22.5,-14.5775042410413));
#2288=CARTESIAN_POINT('Ctrl Pts',(-10.546468414247,22.5,-14.7897739161149));
#2289=CARTESIAN_POINT('Ctrl Pts',(7.82868304728067,21.5085163827207,16.3913736534715));
#2290=CARTESIAN_POINT('Ctrl Pts',(10.5521270413266,21.5878476669162,15.0906297208914));
#2291=CARTESIAN_POINT('Ctrl Pts',(15.3353775890422,21.7465102353073,11.1066866997471));
#2292=CARTESIAN_POINT('Ctrl Pts',(18.7789013254507,21.984504087894,2.42240388413631));
#2293=CARTESIAN_POINT('Ctrl Pts',(17.6521283195014,22.2224979404806,-6.84919918544792));
#2294=CARTESIAN_POINT('Ctrl Pts',(12.2298376235061,22.4604917930673,-14.4550827677337));
#2295=CARTESIAN_POINT('Ctrl Pts',(3.8312714942654,22.6984856456539,-18.5427380356318));
#2296=CARTESIAN_POINT('Ctrl Pts',(-5.49959971261585,22.9364794982406,-18.1182135045878));
#2297=CARTESIAN_POINT('Ctrl Pts',(-13.4921473078943,23.1744733508273,-13.2844195825706));
#2298=CARTESIAN_POINT('Ctrl Pts',(-18.2013172988586,23.4124672034139,-5.21787895765176));
#2299=CARTESIAN_POINT('Ctrl Pts',(-18.4811340674597,23.6504610560006,4.11848599680384));
#2300=CARTESIAN_POINT('Ctrl Pts',(-14.2634937293147,23.8884549085872,12.4525848379919));
#2301=CARTESIAN_POINT('Ctrl Pts',(-6.57477976307473,24.1264487611739,17.7563085236335));
#2302=CARTESIAN_POINT('Ctrl Pts',(2.71393255062344,24.3644426137606,18.7389630106374));
#2303=CARTESIAN_POINT('Ctrl Pts',(11.3421987015282,24.6024364663472,15.1614220419272));
#2304=CARTESIAN_POINT('Ctrl Pts',(17.2102980497713,24.8404303189339,7.89429052602353));
#2305=CARTESIAN_POINT('Ctrl Pts',(18.8902060963294,25.0784241715205,-1.29394593919651));
#2306=CARTESIAN_POINT('Ctrl Pts',(15.9731110084754,25.3164180241072,-10.1672960334935));
#2307=CARTESIAN_POINT('Ctrl Pts',(9.16889884576311,25.5544118766938,-16.5663960002093));
#2308=CARTESIAN_POINT('Ctrl Pts',(0.133400441847579,25.7924057292805,-18.9340008372386));
#2309=CARTESIAN_POINT('Ctrl Pts',(-8.9345614711817,26.0303995818671,-16.6939448383928));
#2310=CARTESIAN_POINT('Ctrl Pts',(-15.8282640144226,26.2683934344539,-10.3913541655274));
#2311=CARTESIAN_POINT('Ctrl Pts',(-18.8700985744321,26.5063872870405,-1.55998809874018));
#2312=CARTESIAN_POINT('Ctrl Pts',(-17.3198231900603,26.7443811396271,7.65100697468602));
#2313=CARTESIAN_POINT('Ctrl Pts',(-11.5547032477567,26.9823749922138,15.0001005309372));
#2314=CARTESIAN_POINT('Ctrl Pts',(-2.97770251566522,27.2203688448004,18.6988628209339));
#2315=CARTESIAN_POINT('Ctrl Pts',(6.32393339918723,27.4583626973871,17.8471860369587));
#2316=CARTESIAN_POINT('Ctrl Pts',(14.0866161745365,27.6963565499738,12.6523289486002));
#2317=CARTESIAN_POINT('Ctrl Pts',(18.4212675619419,27.9343504025604,4.37847970011783));
#2318=CARTESIAN_POINT('Ctrl Pts',(18.2730337322766,28.1723442551471,-4.96088916346523));
#2319=CARTESIAN_POINT('Ctrl Pts',(13.6779879492874,28.4103381077337,-13.0930068636651));
#2320=CARTESIAN_POINT('Ctrl Pts',(5.75435200435237,28.6483319603205,-18.0388917642701));
#2321=CARTESIAN_POINT('Ctrl Pts',(-3.56962729087052,28.8863258129071,-18.5949440460895));
#2322=CARTESIAN_POINT('Ctrl Pts',(-12.0249242677377,29.1243196654938,-14.6258462807508));
#2323=CARTESIAN_POINT('Ctrl Pts',(-17.553910389224,29.3623135180804,-7.09749343924017));
#2324=CARTESIAN_POINT('Ctrl Pts',(-18.8110859460318,29.600307370667,2.15806130681435));
#2325=CARTESIAN_POINT('Ctrl Pts',(-15.4905125058607,29.8383012232537,10.888443661917));
#2326=CARTESIAN_POINT('Ctrl Pts',(-8.40026418940451,30.0762950758404,16.96908202058));
#2327=CARTESIAN_POINT('Ctrl Pts',(0.734220226856224,30.314288928427,18.9202300126463));
#2328=CARTESIAN_POINT('Ctrl Pts',(9.69002937063694,30.5522827810137,16.2670683858266));
#2329=CARTESIAN_POINT('Ctrl Pts',(16.2877331738013,30.7902766336003,9.65525406874503));
#2330=CARTESIAN_POINT('Ctrl Pts',(18.9217554322987,31.028270486187,0.693797112446295));
#2331=CARTESIAN_POINT('Ctrl Pts',(16.9510968552615,31.2662643387737,-8.43649799837042));
#2332=CARTESIAN_POINT('Ctrl Pts',(10.8553246697122,31.5042581913603,-15.513739374764));
#2333=CARTESIAN_POINT('Ctrl Pts',(2.11786811988831,31.742252043947,-18.8156535283717));
#2334=CARTESIAN_POINT('Ctrl Pts',(-7.13497965664983,31.9802458965336,-17.5387071465419));
#2335=CARTESIAN_POINT('Ctrl Pts',(-14.6515031156871,32.2182397491203,-11.9936499667106));
#2336=CARTESIAN_POINT('Ctrl Pts',(-18.6025278106181,32.4562336017069,-3.52989265107952));
#2337=CARTESIAN_POINT('Ctrl Pts',(-18.026556920571,32.6942274542937,5.79287740785004));
#2338=CARTESIAN_POINT('Ctrl Pts',(-13.0637551426698,32.9322213068803,13.7059288136679));
#2339=CARTESIAN_POINT('Ctrl Pts',(-4.92183908222781,33.170215159467,18.2835905423859));
#2340=CARTESIAN_POINT('Ctrl Pts',(4.41782515642176,33.4082090120536,18.4118712780709));
#2341=CARTESIAN_POINT('Ctrl Pts',(12.6823949142599,33.6462028646403,14.0595534179332));
#2342=CARTESIAN_POINT('Ctrl Pts',(17.86065584524,33.8841967172269,6.28578999417538));
#2343=CARTESIAN_POINT('Ctrl Pts',(18.692458543264,34.1221905698136,-3.01764422708925));
#2344=CARTESIAN_POINT('Ctrl Pts',(14.9753806719834,34.3601844224003,-11.5867232987688));
#2345=CARTESIAN_POINT('Ctrl Pts',(7.61398720683563,34.5981782749869,-17.3361293801984));
#2346=CARTESIAN_POINT('Ctrl Pts',(-1.60029887699477,34.8361721275736,-18.8667227301775));
#2347=CARTESIAN_POINT('Ctrl Pts',(-10.4251461692818,35.0741659801602,-15.8060276610572));
#2348=CARTESIAN_POINT('Ctrl Pts',(-16.7129946642705,35.3121598327469,-8.89887590790913));
#2349=CARTESIAN_POINT('Ctrl Pts',(-18.9336726206708,35.5501536853335,0.173850994909601));
#2350=CARTESIAN_POINT('Ctrl Pts',(-16.5467696483733,35.7881475379202,9.20427059964956));
#2351=CARTESIAN_POINT('Ctrl Pts',(-10.1331476249168,36.0261413905069,15.9947961004067));
#2352=CARTESIAN_POINT('Ctrl Pts',(-1.25358575473341,36.2641352430935,18.8929274019982));
#2353=CARTESIAN_POINT('Ctrl Pts',(7.93104095388461,36.5021290956802,17.1933932795363));
#2354=CARTESIAN_POINT('Ctrl Pts',(15.1856188177269,36.7401229482668,11.3097817939334));
#2355=CARTESIAN_POINT('Ctrl Pts',(18.7447188311619,36.9781168008535,2.67389208651219));
#2356=CARTESIAN_POINT('Ctrl Pts',(17.7422205515987,37.2161106534402,-6.61269939441269));
#2357=CARTESIAN_POINT('Ctrl Pts',(12.4220856858964,37.4541045060268,-14.2900654194387));
#2358=CARTESIAN_POINT('Ctrl Pts',(4.07898929020299,37.6920983586134,-18.4898899480819));
#2359=CARTESIAN_POINT('Ctrl Pts',(-5.25674471542822,37.9300922112002,-18.1901296711206));
#2360=CARTESIAN_POINT('Ctrl Pts',(-13.313229749576,38.1680860637868,-13.4637325993288));
#2361=CARTESIAN_POINT('Ctrl Pts',(-18.1298903869422,38.4060799163735,-5.46088493523206));
#2362=CARTESIAN_POINT('Ctrl Pts',(-18.534572598942,38.6440737689601,3.87088919731846));
#2363=CARTESIAN_POINT('Ctrl Pts',(-14.4287982686665,38.8820676215468,12.2606688986174));
#2364=CARTESIAN_POINT('Ctrl Pts',(-6.81171749227436,39.1200614741334,17.6667661817048));
#2365=CARTESIAN_POINT('Ctrl Pts',(2.46301306867996,39.35805532672,18.7735934213139));
#2366=CARTESIAN_POINT('Ctrl Pts',(11.1383749182262,39.5960491793068,15.3117868458081));
#2367=CARTESIAN_POINT('Ctrl Pts',(17.1031415152242,39.8340430318934,8.12381640203173));
#2368=CARTESIAN_POINT('Ctrl Pts',(18.905852633384,40.0720368844801,-1.04115023008349));
#2369=CARTESIAN_POINT('Ctrl Pts',(16.1076359769109,40.3100307370666,-9.95267995849155));
#2370=CARTESIAN_POINT('Ctrl Pts',(9.38979783633954,40.5480245896534,-16.4423247356337));
#2371=CARTESIAN_POINT('Ctrl Pts',(0.386453306426014,40.78601844224,-18.9303940141783));
#2372=CARTESIAN_POINT('Ctrl Pts',(-8.71000780312548,41.0240122948267,-16.8122258977919));
#2373=CARTESIAN_POINT('Ctrl Pts',(-15.6887742278989,41.2620061474134,-10.6016347074803));
#2374=CARTESIAN_POINT('Ctrl Pts',(-17.7926801573216,41.4206687158045,-4.74289186979868));
#2375=CARTESIAN_POINT('Ctrl Pts',(-18.0815541347074,41.5,-1.73862260889041));
#2376=CARTESIAN_POINT('Ctrl Pts',(8.07538888089788,21.8390109218138,16.9079161519848));
#2377=CARTESIAN_POINT('Ctrl Pts',(10.8846569550354,21.9183422060093,15.5661817853468));
#2378=CARTESIAN_POINT('Ctrl Pts',(15.818642410097,22.0770047744004,11.4566924905599));
#2379=CARTESIAN_POINT('Ctrl Pts',(19.3706821496239,22.3149986269871,2.49874126629677));
#2380=CARTESIAN_POINT('Ctrl Pts',(18.2084010675332,22.5529924795738,-7.06503847597113));
#2381=CARTESIAN_POINT('Ctrl Pts',(12.6152373475323,22.7909863321604,-14.9106067968306));
#2382=CARTESIAN_POINT('Ctrl Pts',(3.952006619458,23.0289801847471,-19.1270766296198));
#2383=CARTESIAN_POINT('Ctrl Pts',(-5.67290898104167,23.2669740373337,-18.6891740274892));
#2384=CARTESIAN_POINT('Ctrl Pts',(-13.9173262848406,23.5049678899204,-13.7030524212544));
#2385=CARTESIAN_POINT('Ctrl Pts',(-18.7748966774114,23.7429617425071,-5.38231034032327));
#2386=CARTESIAN_POINT('Ctrl Pts',(-19.0635313313121,23.9809555950937,4.24827213260035));
#2387=CARTESIAN_POINT('Ctrl Pts',(-14.7129801997124,24.2189494476804,12.8450040104877));
#2388=CARTESIAN_POINT('Ctrl Pts',(-6.7819712552456,24.456943300267,18.3158643096873));
#2389=CARTESIAN_POINT('Ctrl Pts',(2.79945689593652,24.6949371528537,19.3294852559169));
#2390=CARTESIAN_POINT('Ctrl Pts',(11.6996261984409,24.9329310054403,15.6392049897214));
#2391=CARTESIAN_POINT('Ctrl Pts',(17.7526473697689,25.170924858027,8.14306385268358));
#2392=CARTESIAN_POINT('Ctrl Pts',(19.4854944754924,25.4089187106136,-1.33472214761587));
#2393=CARTESIAN_POINT('Ctrl Pts',(16.4764727671527,25.6469125632003,-10.4876987408744));
#2394=CARTESIAN_POINT('Ctrl Pts',(9.457838993095,25.884906415787,-17.088453990114));
#2395=CARTESIAN_POINT('Ctrl Pts',(0.137604299254017,26.1229002683736,-19.5306693231192));
#2396=CARTESIAN_POINT('Ctrl Pts',(-9.21611692852233,26.3608941209603,-17.2200222837105));
#2397=CARTESIAN_POINT('Ctrl Pts',(-16.3270611996973,26.598887973547,-10.7188176324139));
#2398=CARTESIAN_POINT('Ctrl Pts',(-19.4647533038583,26.8368818261336,-1.60914811224544));
#2399=CARTESIAN_POINT('Ctrl Pts',(-17.8656239834251,27.0748756787203,7.89211368986421));
#2400=CARTESIAN_POINT('Ctrl Pts',(-11.9188274152216,27.3128695313069,15.4727997427302));
#2401=CARTESIAN_POINT('Ctrl Pts',(-3.07153906224078,27.5508633838936,19.2881213861449));
#2402=CARTESIAN_POINT('Ctrl Pts',(6.52321995243811,27.7888572364803,18.4096056524136));
#2403=CARTESIAN_POINT('Ctrl Pts',(14.5305286902426,28.0268510890669,13.0510426711525));
#2404=CARTESIAN_POINT('Ctrl Pts',(19.0017782484402,28.2648449416536,4.51645903557821));
#2405=CARTESIAN_POINT('Ctrl Pts',(18.848873115786,28.5028387942402,-5.11722200887021));
#2406=CARTESIAN_POINT('Ctrl Pts',(14.1090233352975,28.7408326468269,-13.5056077000189));
#2407=CARTESIAN_POINT('Ctrl Pts',(5.93568929947429,28.9788264994135,-18.6073526156493));
#2408=CARTESIAN_POINT('Ctrl Pts',(-3.68211720407537,29.2168203520002,-19.1809278117178));
#2409=CARTESIAN_POINT('Ctrl Pts',(-12.4038665429249,29.4548142045868,-15.0867515923157));
#2410=CARTESIAN_POINT('Ctrl Pts',(-18.1070879887846,29.6928080571735,-7.32115724386038));
#2411=CARTESIAN_POINT('Ctrl Pts',(-19.4038810063929,29.9308019097602,2.22606844294175));
#2412=CARTESIAN_POINT('Ctrl Pts',(-15.9786661043441,30.1687957623469,11.2315719446926));
#2413=CARTESIAN_POINT('Ctrl Pts',(-8.66498229932619,30.4067896149335,17.503829883065));
#2414=CARTESIAN_POINT('Ctrl Pts',(0.75735775995485,30.6447834675202,19.5164645375733));
#2415=CARTESIAN_POINT('Ctrl Pts',(9.99539194046132,30.8827773201068,16.779693643791));
#2416=CARTESIAN_POINT('Ctrl Pts',(16.8010096426671,31.1207711726935,9.95952076206111));
#2417=CARTESIAN_POINT('Ctrl Pts',(19.5180380278814,31.3587650252802,0.71566078912776));
#2418=CARTESIAN_POINT('Ctrl Pts',(17.4852779499804,31.5967588778668,-8.7023579468353));
#2419=CARTESIAN_POINT('Ctrl Pts',(11.1974092713818,31.8347527304535,-16.0026249231834));
#2420=CARTESIAN_POINT('Ctrl Pts',(2.18460864531933,32.0727465830401,-19.4085925272729));
#2421=CARTESIAN_POINT('Ctrl Pts',(-7.35982476704768,32.3107404356268,-18.0914056452579));
#2422=CARTESIAN_POINT('Ctrl Pts',(-15.1132169528766,32.5487342882134,-12.3716066926734));
#2423=CARTESIAN_POINT('Ctrl Pts',(-19.1887505639457,32.7867281408001,-3.64113040381577));
#2424=CARTESIAN_POINT('Ctrl Pts',(-18.5946290631624,33.0247219933867,5.9754287566931));
#2425=CARTESIAN_POINT('Ctrl Pts',(-13.4754341675045,33.2627158459734,14.1378447020814));
#2426=CARTESIAN_POINT('Ctrl Pts',(-5.07694133970554,33.5007096985601,18.8597626033868));
#2427=CARTESIAN_POINT('Ctrl Pts',(4.55704438798442,33.7387035511467,18.9920858588217));
#2428=CARTESIAN_POINT('Ctrl Pts',(13.0820561076802,33.9766974037334,14.5026131031074));
#2429=CARTESIAN_POINT('Ctrl Pts',(18.4234999357004,34.21469125632,6.48387453164997));
#2430=CARTESIAN_POINT('Ctrl Pts',(19.2815152900272,34.4526851089067,-3.11273945959615));
#2431=CARTESIAN_POINT('Ctrl Pts',(15.4473008851411,34.6906789614933,-11.9518565163293));
#2432=CARTESIAN_POINT('Ctrl Pts',(7.85392731549359,34.92867281408,-17.8824440316675));
#2433=CARTESIAN_POINT('Ctrl Pts',(-1.65072920686012,35.1666666666667,-19.4612710763888));
#2434=CARTESIAN_POINT('Ctrl Pts',(-10.753674525934,35.4046605192533,-16.3041241105811));
#2435=CARTESIAN_POINT('Ctrl Pts',(-17.2396724280766,35.64265437184,-9.17930680361126));
#2436=CARTESIAN_POINT('Ctrl Pts',(-19.5303307634398,35.8806482244267,0.179329573409364));
#2437=CARTESIAN_POINT('Ctrl Pts',(-17.068209151687,36.1186420770133,9.49432541952295));
#2438=CARTESIAN_POINT('Ctrl Pts',(-10.4524742111221,36.3566359296,16.4988412228949));
#2439=CARTESIAN_POINT('Ctrl Pts',(-1.2930900898514,36.5946297821866,19.4883015378561));
#2440=CARTESIAN_POINT('Ctrl Pts',(8.18097239933506,36.8326236347733,17.7352098783332));
#2441=CARTESIAN_POINT('Ctrl Pts',(15.6641642802005,37.0706174873599,11.6661877345814));
#2442=CARTESIAN_POINT('Ctrl Pts',(19.335422460014,37.3086113399466,2.75815463389359));
#2443=CARTESIAN_POINT('Ctrl Pts',(18.3013323824095,37.5466051925333,-6.82108585056449));
#2444=CARTESIAN_POINT('Ctrl Pts',(12.8135437364899,37.7845990451199,-14.7403892453562));
#2445=CARTESIAN_POINT('Ctrl Pts',(4.20753076353609,38.0225928977066,-19.0725631366096));
#2446=CARTESIAN_POINT('Ctrl Pts',(-5.42240087742893,38.2605867502933,-18.7633564931821));
#2447=CARTESIAN_POINT('Ctrl Pts',(-13.7327704850574,38.4985806028798,-13.888016141587));
#2448=CARTESIAN_POINT('Ctrl Pts',(-18.7012188842496,38.7365744554666,-5.6329741821843));
#2449=CARTESIAN_POINT('Ctrl Pts',(-19.1186538749555,38.9745683080532,3.99287279794411));
#2450=CARTESIAN_POINT('Ctrl Pts',(-14.8834939925153,39.2125621606399,12.6470402107614));
#2451=CARTESIAN_POINT('Ctrl Pts',(-7.02637561959251,39.4505560132265,18.2235002137067));
#2452=CARTESIAN_POINT('Ctrl Pts',(2.54063017089868,39.6885498658132,19.3652069771347));
#2453=CARTESIAN_POINT('Ctrl Pts',(11.489379302073,39.9265437183999,15.79430825013));
#2454=CARTESIAN_POINT('Ctrl Pts',(17.6421140038923,40.1645375709865,8.37982279359366));
#2455=CARTESIAN_POINT('Ctrl Pts',(19.5016340829578,40.4025314235732,-1.07396006973111));
#2456=CARTESIAN_POINT('Ctrl Pts',(16.6152370302793,40.6405252761598,-10.2663194545672));
#2457=CARTESIAN_POINT('Ctrl Pts',(9.68569918893242,40.8785191287465,-16.9604728591445));
#2458=CARTESIAN_POINT('Ctrl Pts',(0.398631636362263,41.1165129813332,-19.5269488379928));
#2459=CARTESIAN_POINT('Ctrl Pts',(-8.98448688509942,41.3545068339198,-17.3420307423649));
#2460=CARTESIAN_POINT('Ctrl Pts',(-16.1831756618247,41.5925006865065,-10.9357247597174));
#2461=CARTESIAN_POINT('Ctrl Pts',(-18.3533821251987,41.7511632548976,-4.89235495131933));
#2462=CARTESIAN_POINT('Ctrl Pts',(-18.6513594083348,41.8304945390931,-1.79341194414408));
#2463=CARTESIAN_POINT('Ctrl Pts',(8.32209471451508,22.1695054609069,17.4244586504981));
#2464=CARTESIAN_POINT('Ctrl Pts',(11.2171868687441,22.2488367451024,16.0417338498022));
#2465=CARTESIAN_POINT('Ctrl Pts',(16.3019072311519,22.4074993134935,11.8066982813727));
#2466=CARTESIAN_POINT('Ctrl Pts',(19.9624629737971,22.6454931660802,2.57507864845726));
#2467=CARTESIAN_POINT('Ctrl Pts',(18.764673815565,22.8834870186669,-7.28087776649436));
#2468=CARTESIAN_POINT('Ctrl Pts',(13.0006370715585,23.1214808712535,-15.3661308259274));
#2469=CARTESIAN_POINT('Ctrl Pts',(4.07274174465062,23.3594747238402,-19.7114152236079));
#2470=CARTESIAN_POINT('Ctrl Pts',(-5.84621824946748,23.5974685764268,-19.2601345503905));
#2471=CARTESIAN_POINT('Ctrl Pts',(-14.342505261787,23.8354624290135,-14.1216852599383));
#2472=CARTESIAN_POINT('Ctrl Pts',(-19.3484760559642,24.0734562816002,-5.54674172299477));
#2473=CARTESIAN_POINT('Ctrl Pts',(-19.6459285951646,24.3114501341868,4.37805826839688));
#2474=CARTESIAN_POINT('Ctrl Pts',(-15.1624666701101,24.5494439867735,13.2374231829835));
#2475=CARTESIAN_POINT('Ctrl Pts',(-6.98916274741651,24.7874378393601,18.8754200957412));
#2476=CARTESIAN_POINT('Ctrl Pts',(2.88498124124963,25.0254316919468,19.9200075011963));
#2477=CARTESIAN_POINT('Ctrl Pts',(12.0570536953536,25.2634255445334,16.1169879375156));
#2478=CARTESIAN_POINT('Ctrl Pts',(18.2949966897665,25.5014193971201,8.39183717934363));
#2479=CARTESIAN_POINT('Ctrl Pts',(20.0807828546553,25.7394132497068,-1.37549835603522));
#2480=CARTESIAN_POINT('Ctrl Pts',(16.97983452583,25.9774071022934,-10.8081014482554));
#2481=CARTESIAN_POINT('Ctrl Pts',(9.74677914042689,26.2154009548801,-17.6105119800188));
#2482=CARTESIAN_POINT('Ctrl Pts',(0.141808156660468,26.4533948074668,-20.1273378089998));
#2483=CARTESIAN_POINT('Ctrl Pts',(-9.49767238586299,26.6913886600534,-17.7460997290283));
#2484=CARTESIAN_POINT('Ctrl Pts',(-16.825858384972,26.9293825126401,-11.0462810993004));
#2485=CARTESIAN_POINT('Ctrl Pts',(-20.0594080332846,27.1673763652267,-1.6583081257507));
#2486=CARTESIAN_POINT('Ctrl Pts',(-18.4114247767898,27.4053702178134,8.13322040504239));
#2487=CARTESIAN_POINT('Ctrl Pts',(-12.2829515826864,27.6433640704,15.9454989545232));
#2488=CARTESIAN_POINT('Ctrl Pts',(-3.16537560881632,27.8813579229867,19.8773799513559));
#2489=CARTESIAN_POINT('Ctrl Pts',(6.72250650568897,28.1193517755733,18.9720252678684));
#2490=CARTESIAN_POINT('Ctrl Pts',(14.9744412059489,28.35734562816,13.4497563937049));
#2491=CARTESIAN_POINT('Ctrl Pts',(19.5822889349385,28.5953394807467,4.6544383710386));
#2492=CARTESIAN_POINT('Ctrl Pts',(19.4247124992955,28.8333333333333,-5.27355485427522));
#2493=CARTESIAN_POINT('Ctrl Pts',(14.5400587213076,29.07132718592,-13.9182085363726));
#2494=CARTESIAN_POINT('Ctrl Pts',(6.11702659459622,29.3093210385067,-19.1758134670285));
#2495=CARTESIAN_POINT('Ctrl Pts',(-3.79460711728022,29.5473148910933,-19.7669115773461));
#2496=CARTESIAN_POINT('Ctrl Pts',(-12.7828088181121,29.78530874368,-15.5476569038806));
#2497=CARTESIAN_POINT('Ctrl Pts',(-18.6602655883452,30.0233025962666,-7.5448210484806));
#2498=CARTESIAN_POINT('Ctrl Pts',(-19.996676066754,30.2612964488533,2.29407557906913));
#2499=CARTESIAN_POINT('Ctrl Pts',(-16.4668197028276,30.4992903014399,11.5747002274681));
#2500=CARTESIAN_POINT('Ctrl Pts',(-8.92970040924784,30.7372841540266,18.03857774555));
#2501=CARTESIAN_POINT('Ctrl Pts',(0.780495293053459,30.9752780066133,20.1126990625003));
#2502=CARTESIAN_POINT('Ctrl Pts',(10.3007545102857,31.2132718591999,17.2923189017553));
#2503=CARTESIAN_POINT('Ctrl Pts',(17.3142861115328,31.4512657117866,10.2637874553772));
#2504=CARTESIAN_POINT('Ctrl Pts',(20.114320623464,31.6892595643732,0.737524465809215));
#2505=CARTESIAN_POINT('Ctrl Pts',(18.0194590446993,31.9272534169599,-8.96821789530017));
#2506=CARTESIAN_POINT('Ctrl Pts',(11.5394938730515,32.1652472695466,-16.4915104716028));
#2507=CARTESIAN_POINT('Ctrl Pts',(2.25134917075034,32.4032411221332,-20.0015315261742));
#2508=CARTESIAN_POINT('Ctrl Pts',(-7.58466987744552,32.6412349747199,-18.644104143974));
#2509=CARTESIAN_POINT('Ctrl Pts',(-15.5749307900662,32.8792288273065,-12.7495634186362));
#2510=CARTESIAN_POINT('Ctrl Pts',(-19.7749733172733,33.1172226798932,-3.75236815655202));
#2511=CARTESIAN_POINT('Ctrl Pts',(-19.1627012057538,33.3552165324798,6.15798010553615));
#2512=CARTESIAN_POINT('Ctrl Pts',(-13.887113192339,33.5932103850666,14.5697605904949));
#2513=CARTESIAN_POINT('Ctrl Pts',(-5.23204359718326,33.8312042376531,19.4359346643878));
#2514=CARTESIAN_POINT('Ctrl Pts',(4.69626361954708,34.0691980902399,19.5723004395726));
#2515=CARTESIAN_POINT('Ctrl Pts',(13.4817173011005,34.3071919428265,14.9456727882817));
#2516=CARTESIAN_POINT('Ctrl Pts',(18.9863440261609,34.5451857954131,6.68195906912457));
#2517=CARTESIAN_POINT('Ctrl Pts',(19.8705720367903,34.7831796479998,-3.20783469210307));
#2518=CARTESIAN_POINT('Ctrl Pts',(15.9192210982988,35.0211735005864,-12.3169897338898));
#2519=CARTESIAN_POINT('Ctrl Pts',(8.09386742415156,35.2591673531732,-18.4287586831367));
#2520=CARTESIAN_POINT('Ctrl Pts',(-1.70115953672545,35.4971612057598,-20.0558194226001));
#2521=CARTESIAN_POINT('Ctrl Pts',(-11.0822028825862,35.7351550583465,-16.8022205601049));
#2522=CARTESIAN_POINT('Ctrl Pts',(-17.7663501918828,35.9731489109331,-9.45973769931337));
#2523=CARTESIAN_POINT('Ctrl Pts',(-20.1269889062089,36.2111427635198,0.184808151909112));
#2524=CARTESIAN_POINT('Ctrl Pts',(-17.5896486550006,36.4491366161064,9.78438023939635));
#2525=CARTESIAN_POINT('Ctrl Pts',(-10.7718007973274,36.6871304686931,17.0028863453831));
#2526=CARTESIAN_POINT('Ctrl Pts',(-1.33259442496938,36.9251243212797,20.0836756737139));
#2527=CARTESIAN_POINT('Ctrl Pts',(8.43090384478551,37.1631181738664,18.2770264771301));
#2528=CARTESIAN_POINT('Ctrl Pts',(16.1427097426741,37.4011120264531,12.0225936752294));
#2529=CARTESIAN_POINT('Ctrl Pts',(19.9261260888662,37.6391058790397,2.842417181275));
#2530=CARTESIAN_POINT('Ctrl Pts',(18.8604442132203,37.8770997316264,-7.0294723067163));
#2531=CARTESIAN_POINT('Ctrl Pts',(13.2050017870835,38.115093584213,-15.1907130712737));
#2532=CARTESIAN_POINT('Ctrl Pts',(4.33607223686919,38.3530874367997,-19.6552363251374));
#2533=CARTESIAN_POINT('Ctrl Pts',(-5.58805703942964,38.5910812893863,-19.3365833152435));
#2534=CARTESIAN_POINT('Ctrl Pts',(-14.1523112205387,38.829075141973,-14.3122996838452));
#2535=CARTESIAN_POINT('Ctrl Pts',(-19.2725473815571,39.0670689945597,-5.80506342913651));
#2536=CARTESIAN_POINT('Ctrl Pts',(-19.702735150969,39.3050628471463,4.11485639856974));
#2537=CARTESIAN_POINT('Ctrl Pts',(-15.3381897163641,39.543056699733,13.0334115229055));
#2538=CARTESIAN_POINT('Ctrl Pts',(-7.24103374691065,39.7810505523197,18.7802342457087));
#2539=CARTESIAN_POINT('Ctrl Pts',(2.61824727311739,40.0190444049063,19.9568205329556));
#2540=CARTESIAN_POINT('Ctrl Pts',(11.8403836859197,40.257038257493,16.2768296544518));
#2541=CARTESIAN_POINT('Ctrl Pts',(18.1810864925604,40.4950321100796,8.63582918515562));
#2542=CARTESIAN_POINT('Ctrl Pts',(20.0974155325317,40.7330259626663,-1.10676990937875));
#2543=CARTESIAN_POINT('Ctrl Pts',(17.1228380836476,40.9710198152529,-10.5799589506428));
#2544=CARTESIAN_POINT('Ctrl Pts',(9.98160054152531,41.2090136678396,-17.4786209826553));
#2545=CARTESIAN_POINT('Ctrl Pts',(0.410809966298502,41.4470075204263,-20.1235036618073));
#2546=CARTESIAN_POINT('Ctrl Pts',(-9.25896596707334,41.6850013730129,-17.8718355869379));
#2547=CARTESIAN_POINT('Ctrl Pts',(-16.6775770957505,41.9229952255996,-11.2698148119546));
#2548=CARTESIAN_POINT('Ctrl Pts',(-18.9140840930759,42.0816577939907,-5.04181803283999));
#2549=CARTESIAN_POINT('Ctrl Pts',(-19.2211646819622,42.1609890781862,-1.84820127939774));
#2550=CARTESIAN_POINT('Ctrl Pts',(8.56880054813229,22.5,17.9410011490114));
#2551=CARTESIAN_POINT('Ctrl Pts',(11.5497167824528,22.5793312841956,16.5172859142576));
#2552=CARTESIAN_POINT('Ctrl Pts',(16.7851720522068,22.7379938525867,12.1567040721855));
#2553=CARTESIAN_POINT('Ctrl Pts',(20.5542437979703,22.9759877051733,2.65141603061772));
#2554=CARTESIAN_POINT('Ctrl Pts',(19.3209465635968,23.21398155776,-7.49671705701755));
#2555=CARTESIAN_POINT('Ctrl Pts',(13.3860367955846,23.4519754103466,-15.8216548550243));
#2556=CARTESIAN_POINT('Ctrl Pts',(4.19347686984323,23.6899692629333,-20.2957538175959));
#2557=CARTESIAN_POINT('Ctrl Pts',(-6.0195275178933,23.9279631155199,-19.8310950732918));
#2558=CARTESIAN_POINT('Ctrl Pts',(-14.7676842387334,24.1659569681066,-14.5403180986221));
#2559=CARTESIAN_POINT('Ctrl Pts',(-19.9220554345171,24.4039508206933,-5.71117310566626));
#2560=CARTESIAN_POINT('Ctrl Pts',(-20.228325859017,24.6419446732799,4.50784440419338));
#2561=CARTESIAN_POINT('Ctrl Pts',(-15.6119531405078,24.8799385258666,13.6298423554793));
#2562=CARTESIAN_POINT('Ctrl Pts',(-7.19635423958738,25.1179323784532,19.434975881795));
#2563=CARTESIAN_POINT('Ctrl Pts',(2.9705055865627,25.3559262310399,20.5105297464758));
#2564=CARTESIAN_POINT('Ctrl Pts',(12.4144811922663,25.5939200836265,16.5947708853097));
#2565=CARTESIAN_POINT('Ctrl Pts',(18.8373460097641,25.8319139362133,8.64061050600369));
#2566=CARTESIAN_POINT('Ctrl Pts',(20.6760712338182,26.0699077887998,-1.41627456445458));
#2567=CARTESIAN_POINT('Ctrl Pts',(17.4831962845072,26.3079016413866,-11.1285041556363));
#2568=CARTESIAN_POINT('Ctrl Pts',(10.0357192877588,26.5458954939732,-18.1325699699235));
#2569=CARTESIAN_POINT('Ctrl Pts',(0.146012014066902,26.7838893465599,-20.7240062948803));
#2570=CARTESIAN_POINT('Ctrl Pts',(-9.77922784320362,27.0218831991465,-18.272177174346));
#2571=CARTESIAN_POINT('Ctrl Pts',(-17.3246555702467,27.2598770517332,-11.3737445661869));
#2572=CARTESIAN_POINT('Ctrl Pts',(-20.6540627627108,27.4978709043198,-1.70746813925596));
#2573=CARTESIAN_POINT('Ctrl Pts',(-18.9572255701545,27.7358647569065,8.37432712022057));
#2574=CARTESIAN_POINT('Ctrl Pts',(-12.6470757501513,27.9738586094931,16.4181981663162));
#2575=CARTESIAN_POINT('Ctrl Pts',(-3.25921215539186,28.2118524620798,20.4666385165669));
#2576=CARTESIAN_POINT('Ctrl Pts',(6.92179305893986,28.4498463146665,19.5344448833233));
#2577=CARTESIAN_POINT('Ctrl Pts',(15.418353721655,28.6878401672531,13.8484701162572));
#2578=CARTESIAN_POINT('Ctrl Pts',(20.1627996214369,28.9258340198398,4.79241770649898));
#2579=CARTESIAN_POINT('Ctrl Pts',(20.0005518828049,29.1638278724265,-5.42988769968021));
#2580=CARTESIAN_POINT('Ctrl Pts',(14.9710941073177,29.4018217250131,-14.3308093727264));
#2581=CARTESIAN_POINT('Ctrl Pts',(6.29836388971814,29.6398155775998,-19.7442743184077));
#2582=CARTESIAN_POINT('Ctrl Pts',(-3.90709703048507,29.8778094301864,-20.3528953429744));
#2583=CARTESIAN_POINT('Ctrl Pts',(-13.1617510932993,30.1158032827731,-16.0085622154456));
#2584=CARTESIAN_POINT('Ctrl Pts',(-19.2134431879057,30.3537971353597,-7.76848485310081));
#2585=CARTESIAN_POINT('Ctrl Pts',(-20.5894711271152,30.5917909879464,2.36208271519652));
#2586=CARTESIAN_POINT('Ctrl Pts',(-16.954973301311,30.8297848405331,11.9178285102436));
#2587=CARTESIAN_POINT('Ctrl Pts',(-9.19441851916952,31.0677786931197,18.5733256080351));
#2588=CARTESIAN_POINT('Ctrl Pts',(0.803632826152092,31.3057725457064,20.7089335874273));
#2589=CARTESIAN_POINT('Ctrl Pts',(10.6061170801101,31.543766398293,17.8049441597197));
#2590=CARTESIAN_POINT('Ctrl Pts',(17.8275625803986,31.7817602508797,10.5680541486933));
#2591=CARTESIAN_POINT('Ctrl Pts',(20.7106032190466,32.0197541034663,0.759388142490685));
#2592=CARTESIAN_POINT('Ctrl Pts',(18.5536401394182,32.257747956053,-9.23407784376505));
#2593=CARTESIAN_POINT('Ctrl Pts',(11.8815784747211,32.4957418086397,-16.9803960200222));
#2594=CARTESIAN_POINT('Ctrl Pts',(2.31808969618138,32.7337356612263,-20.5944705250754));
#2595=CARTESIAN_POINT('Ctrl Pts',(-7.80951498784338,32.971729513813,-19.19680264269));
#2596=CARTESIAN_POINT('Ctrl Pts',(-16.0366446272557,33.2097233663996,-13.127520144599));
#2597=CARTESIAN_POINT('Ctrl Pts',(-20.3611960706009,33.4477172189863,-3.86360590928829));
#2598=CARTESIAN_POINT('Ctrl Pts',(-19.7307733483452,33.685711071573,6.34053145437922));
#2599=CARTESIAN_POINT('Ctrl Pts',(-14.2987922171737,33.9237049241596,15.0016764789085));
#2600=CARTESIAN_POINT('Ctrl Pts',(-5.38714585466099,34.1616987767463,20.0121067253888));
#2601=CARTESIAN_POINT('Ctrl Pts',(4.83548285110973,34.399692629333,20.1525150203235));
#2602=CARTESIAN_POINT('Ctrl Pts',(13.8813784945207,34.6376864819196,15.3887324734559));
#2603=CARTESIAN_POINT('Ctrl Pts',(19.5491881166214,34.8756803345063,6.8800436065992));
#2604=CARTESIAN_POINT('Ctrl Pts',(20.4596287835535,35.1136741870929,-3.30292992461));
#2605=CARTESIAN_POINT('Ctrl Pts',(16.3911413114565,35.3516680396796,-12.6821229514503));
#2606=CARTESIAN_POINT('Ctrl Pts',(8.33380753280952,35.5896618922662,-18.9750733346058));
#2607=CARTESIAN_POINT('Ctrl Pts',(-1.75158986659081,35.8276557448529,-20.6503677688114));
#2608=CARTESIAN_POINT('Ctrl Pts',(-11.4107312392383,36.0656495974395,-17.3003170096287));
#2609=CARTESIAN_POINT('Ctrl Pts',(-18.2930279556889,36.3036434500262,-9.74016859501551));
#2610=CARTESIAN_POINT('Ctrl Pts',(-20.7236470489779,36.5416373026129,0.190286730408883));
#2611=CARTESIAN_POINT('Ctrl Pts',(-18.1110881583142,36.7796311551995,10.0744350592697));
#2612=CARTESIAN_POINT('Ctrl Pts',(-11.0911273835327,37.0176250077862,17.5069314678714));
#2613=CARTESIAN_POINT('Ctrl Pts',(-1.37209876008736,37.2556188603729,20.6790498095717));
#2614=CARTESIAN_POINT('Ctrl Pts',(8.68083529023595,37.4936127129595,18.818843075927));
#2615=CARTESIAN_POINT('Ctrl Pts',(16.6212552051478,37.7316065655462,12.3789996158774));
#2616=CARTESIAN_POINT('Ctrl Pts',(20.5168297177184,37.9696004181328,2.92667972865642));
#2617=CARTESIAN_POINT('Ctrl Pts',(19.4195560440311,38.2075942707195,-7.23785876286811));
#2618=CARTESIAN_POINT('Ctrl Pts',(13.5964598376771,38.4455881233061,-15.6410368971912));
#2619=CARTESIAN_POINT('Ctrl Pts',(4.4646137102023,38.6835819758928,-20.2379095136651));
#2620=CARTESIAN_POINT('Ctrl Pts',(-5.75371320143036,38.9215758284794,-19.909810137305));
#2621=CARTESIAN_POINT('Ctrl Pts',(-14.5718519560201,39.1595696810661,-14.7365832261034));
#2622=CARTESIAN_POINT('Ctrl Pts',(-19.8438758788646,39.3975635336528,-5.97715267608874));
#2623=CARTESIAN_POINT('Ctrl Pts',(-20.2868164269825,39.6355573862394,4.23683999919539));
#2624=CARTESIAN_POINT('Ctrl Pts',(-15.7928854402129,39.8735512388261,13.4197828350496));
#2625=CARTESIAN_POINT('Ctrl Pts',(-7.45569187422878,40.1115450914128,19.3369682777106));
#2626=CARTESIAN_POINT('Ctrl Pts',(2.69586437533609,40.3495389439994,20.5484340887764));
#2627=CARTESIAN_POINT('Ctrl Pts',(12.1913880697664,40.5875327965861,16.7593510587736));
#2628=CARTESIAN_POINT('Ctrl Pts',(18.7200589812284,40.8255266491727,8.89183557671758));
#2629=CARTESIAN_POINT('Ctrl Pts',(20.6931969821056,41.0635205017594,-1.13957974902639));
#2630=CARTESIAN_POINT('Ctrl Pts',(17.6304391370159,41.3015143543461,-10.8935984467184));
#2631=CARTESIAN_POINT('Ctrl Pts',(10.2775018941182,41.5395082069327,-17.9967691061661));
#2632=CARTESIAN_POINT('Ctrl Pts',(0.422988296234744,41.7775020595194,-20.7200584856218));
#2633=CARTESIAN_POINT('Ctrl Pts',(-9.53344504904727,42.015495912106,-18.4016404315108));
#2634=CARTESIAN_POINT('Ctrl Pts',(-17.1719785296762,42.2534897646927,-11.6039048641918));
#2635=CARTESIAN_POINT('Ctrl Pts',(-19.474786060953,42.4121523330838,-5.19128111436064));
#2636=CARTESIAN_POINT('Ctrl Pts',(-19.7909699555896,42.4914836172794,-1.9029906146514));
#2637=CARTESIAN_POINT('',(10.5471737242222,22.5,-14.7900702562871));
#2638=CARTESIAN_POINT('Ctrl Pts',(10.5471737242222,22.5,-14.790070256287));
#2639=CARTESIAN_POINT('Ctrl Pts',(10.87649739696,22.5,-14.5776011726075));
#2640=CARTESIAN_POINT('Ctrl Pts',(11.1985410546141,22.5,-14.3546684543353));
#2641=CARTESIAN_POINT('Ctrl Pts',(11.5127593750315,22.5,-14.1215701534758));
#2642=CARTESIAN_POINT('Ctrl Pts',(11.6018039260665,22.5,-14.0555137455634));
#2643=CARTESIAN_POINT('Ctrl Pts',(11.6902199470305,22.5,-13.9886406694175));
#2644=CARTESIAN_POINT('Ctrl Pts',(11.7779947556238,22.5,-13.9209569975911));
#2645=CARTESIAN_POINT('Ctrl Pts',(12.0854963364771,22.5,-13.6838407176684));
#2646=CARTESIAN_POINT('Ctrl Pts',(12.385130327088,22.5,-13.4367794487228));
#2647=CARTESIAN_POINT('Ctrl Pts',(12.6765900018451,22.5,-13.1803060211543));
#2648=CARTESIAN_POINT('Ctrl Pts',(12.9697698294976,22.5,-12.9223189244671));
#2649=CARTESIAN_POINT('Ctrl Pts',(13.2546789620012,22.5,-12.654807868925));
#2650=CARTESIAN_POINT('Ctrl Pts',(13.5309746509747,22.5,-12.3782716524928));
#2651=CARTESIAN_POINT('Ctrl Pts',(13.7330709613967,22.5,-12.1759994084103));
#2652=CARTESIAN_POINT('Ctrl Pts',(13.930558311738,22.5,-11.9688976084247));
#2653=CARTESIAN_POINT('Ctrl Pts',(14.1232904627624,22.5,-11.7571486187589));
#2654=CARTESIAN_POINT('Ctrl Pts',(14.1599314150517,22.5,-11.716892311825));
#2655=CARTESIAN_POINT('Ctrl Pts',(14.1964020224498,22.5,-11.6764662028018));
#2656=CARTESIAN_POINT('Ctrl Pts',(14.2326858669983,22.5,-11.6358889029765));
#2657=CARTESIAN_POINT('Ctrl Pts',(14.494313175897,22.5,-11.3433033214934));
#2658=CARTESIAN_POINT('Ctrl Pts',(14.746406215347,22.5,-11.0426717327898));
#2659=CARTESIAN_POINT('Ctrl Pts',(14.9886620141842,22.5,-10.7345399274382));
#2660=CARTESIAN_POINT('Ctrl Pts',(15.2328641814377,22.5,-10.4239324826307));
#2661=CARTESIAN_POINT('Ctrl Pts',(15.4670708078008,22.5,-10.1057034389546));
#2662=CARTESIAN_POINT('Ctrl Pts',(15.6909385022112,22.5,-9.78037058925531));
#2663=CARTESIAN_POINT('Ctrl Pts',(15.9145308761996,22.5,-9.45543784542082));
#2664=CARTESIAN_POINT('Ctrl Pts',(16.1278100975462,22.5,-9.12341831662062));
#2665=CARTESIAN_POINT('Ctrl Pts',(16.3303954766918,22.5,-8.78479315757945));
#2666=CARTESIAN_POINT('Ctrl Pts',(16.5268745361587,22.5,-8.45637482334005));
#2667=CARTESIAN_POINT('Ctrl Pts',(16.7132948418637,22.5,-8.12174255008073));
#2668=CARTESIAN_POINT('Ctrl Pts',(16.8892694413265,22.5,-7.78130987882048));
#2669=CARTESIAN_POINT('Ctrl Pts',(16.9080280230011,22.5,-7.74502035699153));
#2670=CARTESIAN_POINT('Ctrl Pts',(16.9266677419912,22.5,-7.70866508034146));
#2671=CARTESIAN_POINT('Ctrl Pts',(16.9451817167735,22.5,-7.6722573093504));
#2672=CARTESIAN_POINT('Ctrl Pts',(17.1003476797015,22.5,-7.36712311151812));
#2673=CARTESIAN_POINT('Ctrl Pts',(17.2467998821546,22.5,-7.05807791414194));
#2674=CARTESIAN_POINT('Ctrl Pts',(17.3843436671366,22.5,-6.74546437602722));
#2675=CARTESIAN_POINT('Ctrl Pts',(17.5423693730318,22.5,-6.38629892889724));
#2676=CARTESIAN_POINT('Ctrl Pts',(17.6886374028023,22.5,-6.02242377037087));
#2677=CARTESIAN_POINT('Ctrl Pts',(17.8231785790053,22.5,-5.65446536156717));
#2678=CARTESIAN_POINT('Ctrl Pts',(17.9590905440321,22.5,-5.28275796462009));
#2679=CARTESIAN_POINT('Ctrl Pts',(18.0830356576245,22.5,-4.90688321496191));
#2680=CARTESIAN_POINT('Ctrl Pts',(18.1950004111184,22.5,-4.52745750537753));
#2681=CARTESIAN_POINT('Ctrl Pts',(18.307616160919,22.5,-4.14582570210819));
#2682=CARTESIAN_POINT('Ctrl Pts',(18.4081119925711,22.5,-3.76060100744405));
#2683=CARTESIAN_POINT('Ctrl Pts',(18.4964260426855,22.5,-3.37238855845225));
#2684=CARTESIAN_POINT('Ctrl Pts',(18.5847940878829,22.5,-2.98393875692848));
#2685=CARTESIAN_POINT('Ctrl Pts',(18.6609655812923,22.5,-2.59249699991177));
#2686=CARTESIAN_POINT('Ctrl Pts',(18.7248283769168,22.5,-2.19865554198263));
#2687=CARTESIAN_POINT('Ctrl Pts',(18.7868586321731,22.5,-1.8161153489495));
#2688=CARTESIAN_POINT('Ctrl Pts',(18.8372763396305,22.5,-1.43131067099777));
#2689=CARTESIAN_POINT('Ctrl Pts',(18.875931662938,22.5,-1.04477898798525));
#2690=CARTESIAN_POINT('Ctrl Pts',(18.8819446754322,22.5,-0.984652215254316));
#2691=CARTESIAN_POINT('Ctrl Pts',(18.8876729774989,22.5,-0.924483652110239));
#2692=CARTESIAN_POINT('Ctrl Pts',(18.8931159013452,22.5,-0.864275322266537));
#2693=CARTESIAN_POINT('Ctrl Pts',(18.8982009454062,22.5,-0.808025773542586));
#2694=CARTESIAN_POINT('Ctrl Pts',(18.9030374208817,22.5,-0.751734593026695));
#2695=CARTESIAN_POINT('Ctrl Pts',(18.9076219014284,22.5,-0.695440317465941));
#2696=CARTESIAN_POINT('Ctrl Pts',(18.9403358446828,22.5,-0.293735540340929));
#2697=CARTESIAN_POINT('Ctrl Pts',(18.9602495274856,22.5,0.108391980345184));
#2698=CARTESIAN_POINT('Ctrl Pts',(18.9673673300293,22.5,0.510314027529971));
#2699=CARTESIAN_POINT('Ctrl Pts',(18.9745253859871,22.5,0.914509070418912));
#2700=CARTESIAN_POINT('Ctrl Pts',(18.9687425713331,22.5,1.31849685286558));
#2701=CARTESIAN_POINT('Ctrl Pts',(18.9499737639894,22.5,1.72165601756559));
#2702=CARTESIAN_POINT('Ctrl Pts',(18.9388298601448,22.5,1.96103014950614));
#2703=CARTESIAN_POINT('Ctrl Pts',(18.9231069959995,22.5,2.20011246003501));
#2704=CARTESIAN_POINT('Ctrl Pts',(18.9027872024209,22.5,2.43877459315086));
#2705=CARTESIAN_POINT('Ctrl Pts',(18.868746752003,22.5,2.83858999863646));
#2706=CARTESIAN_POINT('Ctrl Pts',(18.8218083406289,22.5,3.23722633989696));
#2707=CARTESIAN_POINT('Ctrl Pts',(18.7622409691396,22.5,3.63412938253935));
#2708=CARTESIAN_POINT('Ctrl Pts',(18.7024132774311,22.5,4.03276696347766));
#2709=CARTESIAN_POINT('Ctrl Pts',(18.6298458898905,22.5,4.4296565952275));
#2710=CARTESIAN_POINT('Ctrl Pts',(18.5447585927872,22.5,4.82423260721743));
#2711=CARTESIAN_POINT('Ctrl Pts',(18.4815764427761,22.5,5.11722770318357));
#2712=CARTESIAN_POINT('Ctrl Pts',(18.4114898317654,22.5,5.40894704962584));
#2713=CARTESIAN_POINT('Ctrl Pts',(18.3345706240453,22.5,5.69915491771886));
#2714=CARTESIAN_POINT('Ctrl Pts',(18.2672663172901,22.5,5.95308680230024));
#2715=CARTESIAN_POINT('Ctrl Pts',(18.1947305602089,22.5,6.20586145746536));
#2716=CARTESIAN_POINT('Ctrl Pts',(18.1170021226949,22.5,6.45731752449089));
#2717=CARTESIAN_POINT('Ctrl Pts',(18.1055002308119,22.5,6.49452682122632));
#2718=CARTESIAN_POINT('Ctrl Pts',(18.09388395123,22.5,6.53170935679257));
#2719=CARTESIAN_POINT('Ctrl Pts',(18.082155544298,22.5,6.56885779845252));
#2720=CARTESIAN_POINT('Ctrl Pts',(17.96024085379,22.5,6.95500919941142));
#2721=CARTESIAN_POINT('Ctrl Pts',(17.8264331041189,22.5,7.33679040950251));
#2722=CARTESIAN_POINT('Ctrl Pts',(17.6810567869403,22.5,7.71365735735785));
#2723=CARTESIAN_POINT('Ctrl Pts',(17.5338951819083,22.5,8.09515240418678));
#2724=CARTESIAN_POINT('Ctrl Pts',(17.374879062896,22.5,8.47161228152671));
#2725=CARTESIAN_POINT('Ctrl Pts',(17.2042918114011,22.5,8.84247029587991));
#2726=CARTESIAN_POINT('Ctrl Pts',(17.0333597013154,22.5,9.21407803549768));
#2727=CARTESIAN_POINT('Ctrl Pts',(16.850809472597,22.5,9.58006178561944));
#2728=CARTESIAN_POINT('Ctrl Pts',(16.6568749360265,22.5,9.93984094734934));
#2729=CARTESIAN_POINT('Ctrl Pts',(16.4638007822825,22.5,10.2980239631964));
#2730=CARTESIAN_POINT('Ctrl Pts',(16.259442909856,22.5,10.6500578476746));
#2731=CARTESIAN_POINT('Ctrl Pts',(16.0439839695761,22.5,10.995351337676));
#2732=CARTESIAN_POINT('Ctrl Pts',(15.9547547512079,22.5,11.1383496657119));
#2733=CARTESIAN_POINT('Ctrl Pts',(15.8636210536375,22.5,11.2801916971158));
#2734=CARTESIAN_POINT('Ctrl Pts',(15.7705935411963,22.5,11.4208341806864));
#2735=CARTESIAN_POINT('Ctrl Pts',(15.5452975652439,22.5,11.7614450899208));
#2736=CARTESIAN_POINT('Ctrl Pts',(15.3088967970828,22.5,12.0950226298852));
#2737=CARTESIAN_POINT('Ctrl Pts',(15.0618356180889,22.5,12.421175579022));
#2738=CARTESIAN_POINT('Ctrl Pts',(14.9537463522791,22.5,12.5638674942694));
#2739=CARTESIAN_POINT('Ctrl Pts',(14.8436160819054,22.5,12.7051378818789));
#2740=CARTESIAN_POINT('Ctrl Pts',(14.7314796466674,22.5,12.8449519141625));
#2741=CARTESIAN_POINT('Ctrl Pts',(14.6753228991111,22.5,12.9149693112655));
#2742=CARTESIAN_POINT('Ctrl Pts',(14.6186630037521,22.5,12.9846214479835));
#2743=CARTESIAN_POINT('Ctrl Pts',(14.5615042106663,22.5,13.0539038204037));
#2744=CARTESIAN_POINT('Ctrl Pts',(14.5362465291845,22.5,13.0845187442049));
#2745=CARTESIAN_POINT('Ctrl Pts',(14.5108903267957,22.5,13.1150627855284));
#2746=CARTESIAN_POINT('Ctrl Pts',(14.485439432358,22.5,13.1455314017679));
#2747=CARTESIAN_POINT('Ctrl Pts',(14.2241828245609,22.5,13.4582955500962));
#2748=CARTESIAN_POINT('Ctrl Pts',(13.9535032523261,22.5,13.7624558324783));
#2749=CARTESIAN_POINT('Ctrl Pts',(13.6739577746116,22.5,14.0577089906918));
#2750=CARTESIAN_POINT('Ctrl Pts',(13.3913222807385,22.5,14.356225793294));
#2751=CARTESIAN_POINT('Ctrl Pts',(13.0996234967375,22.5,14.6456378706613));
#2752=CARTESIAN_POINT('Ctrl Pts',(12.7993888741283,22.5,14.925608726523));
#2753=CARTESIAN_POINT('Ctrl Pts',(12.4820674740312,22.5,15.2215131202147));
#2754=CARTESIAN_POINT('Ctrl Pts',(12.1552110096294,22.5,15.5068718476653));
#2755=CARTESIAN_POINT('Ctrl Pts',(11.8193904568531,22.5,15.7812526974437));
#2756=CARTESIAN_POINT('Ctrl Pts',(11.4991908523582,22.5,16.042870513428));
#2757=CARTESIAN_POINT('Ctrl Pts',(11.1708409637167,22.5,16.2945081097039));
#2758=CARTESIAN_POINT('Ctrl Pts',(10.8347969545506,22.5,16.5357544003863));
#2759=CARTESIAN_POINT('Ctrl Pts',(10.5003829518165,22.5,16.7758305080131));
#2760=CARTESIAN_POINT('Ctrl Pts',(10.1583488746717,22.5,17.0056162318997));
#2761=CARTESIAN_POINT('Ctrl Pts',(9.80911298608867,22.5,17.2246655967954));
#2762=CARTESIAN_POINT('Ctrl Pts',(9.4642238465915,22.5,17.4409885734312));
#2763=CARTESIAN_POINT('Ctrl Pts',(9.11231063214367,22.5,17.6468410769098));
#2764=CARTESIAN_POINT('Ctrl Pts',(8.75375184072492,22.5,17.8417489273445));
#2765=CARTESIAN_POINT('Ctrl Pts',(8.69229606997035,22.5,17.8751554772918));
#2766=CARTESIAN_POINT('Ctrl Pts',(8.6306450235657,22.5,17.9082403948815));
#2767=CARTESIAN_POINT('Ctrl Pts',(8.56880054813229,22.5,17.9410011490114));
#2768=CARTESIAN_POINT('Ctrl Pts',(10.5471737242222,22.5,-14.7900702562871));
#2769=CARTESIAN_POINT('Ctrl Pts',(8.4965633537197,22.5661618818847,-16.249291535412));
#2770=CARTESIAN_POINT('Ctrl Pts',(3.31494724681496,22.7116550479648,-18.5192469484486));
#2771=CARTESIAN_POINT('Ctrl Pts',(-5.49959971261585,22.9364794982406,-18.1182135045878));
#2772=CARTESIAN_POINT('Ctrl Pts',(-13.4921473078943,23.1744733508273,-13.2844195825706));
#2773=CARTESIAN_POINT('Ctrl Pts',(-18.2013172988586,23.4124672034139,-5.21787895765176));
#2774=CARTESIAN_POINT('Ctrl Pts',(-18.4811340674597,23.6504610560006,4.11848599680384));
#2775=CARTESIAN_POINT('Ctrl Pts',(-14.2634937293147,23.8884549085872,12.4525848379919));
#2776=CARTESIAN_POINT('Ctrl Pts',(-6.57477976307473,24.1264487611739,17.7563085236335));
#2777=CARTESIAN_POINT('Ctrl Pts',(2.71393255062344,24.3644426137606,18.7389630106374));
#2778=CARTESIAN_POINT('Ctrl Pts',(11.3421987015282,24.6024364663472,15.1614220419272));
#2779=CARTESIAN_POINT('Ctrl Pts',(16.9419160117891,24.8295454869987,8.22665837645989));
#2780=CARTESIAN_POINT('Ctrl Pts',(18.1634319334933,24.9773232234547,2.6032339381421));
#2781=CARTESIAN_POINT('Ctrl Pts',(18.1658192203546,25.0457696757151,-0.000372652873892876));
#2782=CARTESIAN_POINT('Ctrl Pts',(-17.2104632082429,41.5,-6.45158360221269));
#2783=CARTESIAN_POINT('Ctrl Pts',(-17.2239233053455,41.5,-6.41003842163769));
#2784=CARTESIAN_POINT('Ctrl Pts',(-17.2372378767672,41.5,-6.36844231115898));
#2785=CARTESIAN_POINT('Ctrl Pts',(-17.2504030019788,41.5,-6.3268075718229));
#2786=CARTESIAN_POINT('Ctrl Pts',(-17.3685894327836,41.5,-5.95304270741384));
#2787=CARTESIAN_POINT('Ctrl Pts',(-17.4748179374928,41.5,-5.57591440853702));
#2788=CARTESIAN_POINT('Ctrl Pts',(-17.5689296429818,41.5,-5.19600055451794));
#2789=CARTESIAN_POINT('Ctrl Pts',(-17.6627624571335,41.5,-4.81721254007735));
#2790=CARTESIAN_POINT('Ctrl Pts',(-17.7445502845581,41.5,-4.43565490565963));
#2791=CARTESIAN_POINT('Ctrl Pts',(-17.8140851016917,41.5,-4.05189015876929));
#2792=CARTESIAN_POINT('Ctrl Pts',(-17.8832836650464,41.5,-3.66998120659688));
#2793=CARTESIAN_POINT('Ctrl Pts',(-17.9403475285527,41.5,-3.28588590750035));
#2794=CARTESIAN_POINT('Ctrl Pts',(-17.9850200843922,41.5,-2.90015653131131));
#2795=CARTESIAN_POINT('Ctrl Pts',(-18.0296926402316,41.5,-2.51442715512227));
#2796=CARTESIAN_POINT('Ctrl Pts',(-18.0619740278911,41.5,-2.12706318066126));
#2797=CARTESIAN_POINT('Ctrl Pts',(-18.0815541347074,41.5,-1.73862260889041));
#2798=CARTESIAN_POINT('Origin',(1.80008820962042E-15,22.5,0.));
#2799=CARTESIAN_POINT('',(-2.43487338223475E-15,22.5,-19.88225));
#2800=CARTESIAN_POINT('Origin',(0.,22.5,0.));
#2801=CARTESIAN_POINT('Origin',(0.,22.5,0.));
#2802=CARTESIAN_POINT('Origin',(0.,22.5,0.));
#2803=CARTESIAN_POINT('Origin',(0.,16.9542303242849,0.));
#2804=CARTESIAN_POINT('Origin',(0.,41.5,0.));
#2805=CARTESIAN_POINT('',(16.,41.5,1.95943487863577E-15));
#2806=CARTESIAN_POINT('Origin',(0.,41.5,0.));
#2807=CARTESIAN_POINT('Origin',(0.,22.5,0.));
#2808=CARTESIAN_POINT('',(-3.35335848159526E-15,15.,-27.38225));
#2809=CARTESIAN_POINT('Origin',(0.,15.,0.));
#2810=CARTESIAN_POINT('Origin',(-3.35335848159526E-15,22.5,-27.38225));
#2811=CARTESIAN_POINT('Origin',(0.,15.,0.));
#2812=CARTESIAN_POINT('',(-4.71489017671731E-15,15.,-38.5));
#2813=CARTESIAN_POINT('Origin',(0.,15.,0.));
#2814=CARTESIAN_POINT('Origin',(0.,0.,0.));
#2815=CARTESIAN_POINT('',(-40.,13.5,4.89858719658941E-15));
#2816=CARTESIAN_POINT('',(-4.89858719658941E-15,13.5,-40.));
#2817=CARTESIAN_POINT('Origin',(0.,13.5,0.));
#2818=CARTESIAN_POINT('',(-40.,5.5,-4.89858719658941E-15));
#2819=CARTESIAN_POINT('',(-40.,0.,4.89858719658941E-15));
#2820=CARTESIAN_POINT('Origin',(0.,5.5,0.));
#2821=CARTESIAN_POINT('Origin',(0.,13.5,0.));
#2822=CARTESIAN_POINT('Origin',(0.,41.5,0.));
#2823=CARTESIAN_POINT('',(-11.75,12.,1.43895998899814E-15));
#2824=CARTESIAN_POINT('',(11.75,12.,-1.43895998899814E-15));
#2825=CARTESIAN_POINT('Origin',(0.,12.,0.));
#2826=CARTESIAN_POINT('Origin',(0.,12.,0.));
#2827=CARTESIAN_POINT('',(16.,41.5,-1.95943487863577E-15));
#2828=CARTESIAN_POINT('Origin',(0.,10.,0.));
#2829=CARTESIAN_POINT('',(-11.75,5.5,-1.43895998899814E-15));
#2830=CARTESIAN_POINT('Origin',(0.,5.5,0.));
#2831=CARTESIAN_POINT('',(-11.75,10.,1.43895998899814E-15));
#2832=CARTESIAN_POINT('Origin',(0.,5.5,0.));
#2833=CARTESIAN_POINT('Origin',(0.,13.5,0.));
#2834=CARTESIAN_POINT('Origin',(-4.71489017671731E-15,13.5,-38.5));
#2835=UNCERTAINTY_MEASURE_WITH_UNIT(LENGTH_MEASURE(0.01),#2839,
'DISTANCE_ACCURACY_VALUE',
'Maximum model space distance between geometric entities at asserted c
onnectivities');
#2836=UNCERTAINTY_MEASURE_WITH_UNIT(LENGTH_MEASURE(0.01),#2839,
'DISTANCE_ACCURACY_VALUE',
'Maximum model space distance between geometric entities at asserted c
onnectivities');
#2837=(
GEOMETRIC_REPRESENTATION_CONTEXT(3)
GLOBAL_UNCERTAINTY_ASSIGNED_CONTEXT((#2835))
GLOBAL_UNIT_ASSIGNED_CONTEXT((#2839,#2841,#2842))
REPRESENTATION_CONTEXT('','3D')
);
#2838=(
GEOMETRIC_REPRESENTATION_CONTEXT(3)
GLOBAL_UNCERTAINTY_ASSIGNED_CONTEXT((#2836))
GLOBAL_UNIT_ASSIGNED_CONTEXT((#2839,#2841,#2842))
REPRESENTATION_CONTEXT('','3D')
);
#2839=(
LENGTH_UNIT()
NAMED_UNIT(*)
SI_UNIT(.MILLI.,.METRE.)
);
#2840=(
LENGTH_UNIT()
NAMED_UNIT(*)
SI_UNIT(.CENTI.,.METRE.)
);
#2841=(
NAMED_UNIT(*)
PLANE_ANGLE_UNIT()
SI_UNIT($,.RADIAN.)
);
#2842=(
NAMED_UNIT(*)
SI_UNIT($,.STERADIAN.)
SOLID_ANGLE_UNIT()
);
#2843=SHAPE_DEFINITION_REPRESENTATION(#2844,#2845);
#2844=PRODUCT_DEFINITION_SHAPE('',$,#2847);
#2845=SHAPE_REPRESENTATION('',(#474),#2837);
#2846=PRODUCT_DEFINITION_CONTEXT('part definition',#2851,'design');
#2847=PRODUCT_DEFINITION('ER32 Chuck Base','ER32 Chuck Base (M40x3)',#2848,
#2846);
#2848=PRODUCT_DEFINITION_FORMATION('',$,#2853);
#2849=PRODUCT_RELATED_PRODUCT_CATEGORY('ER32 Chuck Base (M40x3)',
'ER32 Chuck Base (M40x3)',(#2853));
#2850=APPLICATION_PROTOCOL_DEFINITION('international standard',
'automotive_design',2009,#2851);
#2851=APPLICATION_CONTEXT(
'Core Data for Automotive Mechanical Design Process');
#2852=PRODUCT_CONTEXT('part definition',#2851,'mechanical');
#2853=PRODUCT('ER32 Chuck Base','ER32 Chuck Base (M40x3)',$,(#2852));
#2854=PRESENTATION_STYLE_ASSIGNMENT((#2856));
#2855=PRESENTATION_STYLE_ASSIGNMENT((#2857));
#2856=SURFACE_STYLE_USAGE(.BOTH.,#2862);
#2857=SURFACE_STYLE_USAGE(.BOTH.,#2863);
#2858=SURFACE_STYLE_RENDERING_WITH_PROPERTIES($,#2870,(#2860));
#2859=SURFACE_STYLE_RENDERING_WITH_PROPERTIES($,#2871,(#2861));
#2860=SURFACE_STYLE_TRANSPARENT(0.);
#2861=SURFACE_STYLE_TRANSPARENT(0.);
#2862=SURFACE_SIDE_STYLE('',(#2864,#2858));
#2863=SURFACE_SIDE_STYLE('',(#2865,#2859));
#2864=SURFACE_STYLE_FILL_AREA(#2866);
#2865=SURFACE_STYLE_FILL_AREA(#2867);
#2866=FILL_AREA_STYLE('',(#2868));
#2867=FILL_AREA_STYLE('',(#2869));
#2868=FILL_AREA_STYLE_COLOUR('',#2870);
#2869=FILL_AREA_STYLE_COLOUR('',#2871);
#2870=COLOUR_RGB('',0.627450980392157,0.627450980392157,0.627450980392157);
#2871=COLOUR_RGB('',0.749019607843137,0.749019607843137,0.749019607843137);
ENDSEC;
END-ISO-10303-21;
