ISO-10303-21;
HEADER;
/* Generated by software containing ST-Developer
 * from STEP Tools, Inc. (www.steptools.com) 
 */

FILE_DESCRIPTION(
/* description */ (''),
/* implementation_level */ '2;1');

FILE_NAME(
/* name */ 'Driver Bit Tray x 40.step',
/* time_stamp */ '2026-02-14T02:11:25-05:00',
/* author */ (''),
/* organization */ (''),
/* preprocessor_version */ 'ST-DEVELOPER v20.1',
/* originating_system */ 'Autodesk Translation Framework v14.24.0.0',
/* authorisation */ '');

FILE_SCHEMA (('AUTOMOTIVE_DESIGN { 1 0 10303 214 3 1 1 }'));
ENDSEC;

DATA;
#10=MECHANICAL_DESIGN_GEOMETRIC_PRESENTATION_REPRESENTATION('',(#13),#18940);
#11=SHAPE_REPRESENTATION_RELATIONSHIP('SRR','None',#18947,#12);
#12=ADVANCED_BREP_SHAPE_REPRESENTATION('',(#14),#18939);
#13=STYLED_ITEM('',(#18956),#14);
#14=MANIFOLD_SOLID_BREP('Gridfinity bin 1x2x1',#11136);
#15=CONICAL_SURFACE('',#11546,2.8,0.785398163397448);
#16=CONICAL_SURFACE('',#11550,2.8,0.785398163397448);
#17=CONICAL_SURFACE('',#11554,2.8,0.785398163397448);
#18=CONICAL_SURFACE('',#11558,1.2,0.78539816339745);
#19=CONICAL_SURFACE('',#11562,1.2,0.78539816339745);
#20=CONICAL_SURFACE('',#11566,1.2,0.78539816339745);
#21=CONICAL_SURFACE('',#11570,1.2,0.785398163397448);
#22=CONICAL_SURFACE('',#11585,2.8,0.785398163397448);
#23=CONICAL_SURFACE('',#11591,2.8,0.785398163397448);
#24=CONICAL_SURFACE('',#11593,1.2,0.78539816339745);
#25=CONICAL_SURFACE('',#11597,1.2,0.78539816339745);
#26=CONICAL_SURFACE('',#11601,1.2,0.78539816339745);
#27=CONICAL_SURFACE('',#11605,1.2,0.785398163397448);
#28=CONICAL_SURFACE('',#11621,2.8,0.785398163397448);
#29=CONICAL_SURFACE('',#11624,2.8,0.785398163397448);
#30=CONICAL_SURFACE('',#11627,2.8,0.785398163397448);
#31=(
BOUNDED_CURVE()
B_SPLINE_CURVE(2,(#17084,#17085,#17086),.UNSPECIFIED.,.F.,.F.)
B_SPLINE_CURVE_WITH_KNOTS((3,3),(0.,0.14142135623731),.UNSPECIFIED.)
CURVE()
GEOMETRIC_REPRESENTATION_ITEM()
RATIONAL_B_SPLINE_CURVE((1.,1.03333333333333,1.03333333333333))
REPRESENTATION_ITEM('')
);
#32=(
BOUNDED_CURVE()
B_SPLINE_CURVE(2,(#17090,#17091,#17092),.UNSPECIFIED.,.F.,.F.)
B_SPLINE_CURVE_WITH_KNOTS((3,3),(0.141421356237309,0.282842712474619),
 .UNSPECIFIED.)
CURVE()
GEOMETRIC_REPRESENTATION_ITEM()
RATIONAL_B_SPLINE_CURVE((1.03333333333334,1.03333333333334,1.))
REPRESENTATION_ITEM('')
);
#33=(
BOUNDED_CURVE()
B_SPLINE_CURVE(2,(#17097,#17098,#17099),.UNSPECIFIED.,.F.,.F.)
B_SPLINE_CURVE_WITH_KNOTS((3,3),(0.,0.141421356237309),.UNSPECIFIED.)
CURVE()
GEOMETRIC_REPRESENTATION_ITEM()
RATIONAL_B_SPLINE_CURVE((1.,1.03333333333334,1.03333333333334))
REPRESENTATION_ITEM('')
);
#34=(
BOUNDED_CURVE()
B_SPLINE_CURVE(2,(#17213,#17214,#17215),.UNSPECIFIED.,.F.,.F.)
B_SPLINE_CURVE_WITH_KNOTS((3,3),(0.14142135623731,0.282842712474619),
 .UNSPECIFIED.)
CURVE()
GEOMETRIC_REPRESENTATION_ITEM()
RATIONAL_B_SPLINE_CURVE((1.03333333333334,1.03333333333334,1.))
REPRESENTATION_ITEM('')
);
#35=(
BOUNDED_SURFACE()
B_SPLINE_SURFACE(1,2,((#16595,#16596,#16597),(#16598,#16599,#16600)),
 .UNSPECIFIED.,.F.,.F.,.F.)
B_SPLINE_SURFACE_WITH_KNOTS((2,2),(3,3),(-1.78732182071034E-16,2.45345159877423),
(-1.11022302462516E-16,1.5707963267949),.UNSPECIFIED.)
GEOMETRIC_REPRESENTATION_ITEM()
RATIONAL_B_SPLINE_SURFACE(((1.,0.707106781186547,1.),(1.,0.707106781186547,
1.)))
REPRESENTATION_ITEM('')
SURFACE()
);
#36=(
BOUNDED_SURFACE()
B_SPLINE_SURFACE(1,2,((#16612,#16613,#16614),(#16615,#16616,#16617)),
 .UNSPECIFIED.,.F.,.F.,.F.)
B_SPLINE_SURFACE_WITH_KNOTS((2,2),(3,3),(-1.77163093351485E-16,2.45345159877423),
(-1.5707963267949,0.),.UNSPECIFIED.)
GEOMETRIC_REPRESENTATION_ITEM()
RATIONAL_B_SPLINE_SURFACE(((1.,0.707106781186547,1.),(1.,0.707106781186547,
1.)))
REPRESENTATION_ITEM('')
SURFACE()
);
#37=(
BOUNDED_SURFACE()
B_SPLINE_SURFACE(1,2,((#17055,#17056,#17057),(#17058,#17059,#17060)),
 .UNSPECIFIED.,.F.,.F.,.F.)
B_SPLINE_SURFACE_WITH_KNOTS((2,2),(3,3),(-3.96644483822331E-17,4.90690319754847),
(-2.96059473233375E-16,1.5707963267949),.UNSPECIFIED.)
GEOMETRIC_REPRESENTATION_ITEM()
RATIONAL_B_SPLINE_SURFACE(((1.,0.707106781186547,1.),(1.,0.707106781186547,
1.)))
REPRESENTATION_ITEM('')
SURFACE()
);
#38=(
BOUNDED_SURFACE()
B_SPLINE_SURFACE(1,2,((#17068,#17069,#17070),(#17071,#17072,#17073)),
 .UNSPECIFIED.,.F.,.F.,.F.)
B_SPLINE_SURFACE_WITH_KNOTS((2,2),(3,3),(-3.96644483822331E-17,4.90690319754847),
(-1.5707963267949,1.11022302462516E-16),.UNSPECIFIED.)
GEOMETRIC_REPRESENTATION_ITEM()
RATIONAL_B_SPLINE_SURFACE(((1.,0.707106781186548,1.),(1.,0.707106781186548,
1.)))
REPRESENTATION_ITEM('')
SURFACE()
);
#39=FACE_BOUND('',#956,.T.);
#40=FACE_BOUND('',#957,.T.);
#41=FACE_BOUND('',#958,.T.);
#42=FACE_BOUND('',#959,.T.);
#43=FACE_BOUND('',#960,.T.);
#44=FACE_BOUND('',#961,.T.);
#45=FACE_BOUND('',#962,.T.);
#46=FACE_BOUND('',#963,.T.);
#47=FACE_BOUND('',#964,.T.);
#48=FACE_BOUND('',#965,.T.);
#49=FACE_BOUND('',#972,.T.);
#50=FACE_BOUND('',#973,.T.);
#51=FACE_BOUND('',#974,.T.);
#52=FACE_BOUND('',#975,.T.);
#53=FACE_BOUND('',#976,.T.);
#54=FACE_BOUND('',#977,.T.);
#55=FACE_BOUND('',#978,.T.);
#56=FACE_BOUND('',#979,.T.);
#57=FACE_BOUND('',#980,.T.);
#58=FACE_BOUND('',#981,.T.);
#59=FACE_BOUND('',#1038,.T.);
#60=FACE_BOUND('',#1039,.T.);
#61=FACE_BOUND('',#1040,.T.);
#62=FACE_BOUND('',#1041,.T.);
#63=FACE_BOUND('',#1042,.T.);
#64=FACE_BOUND('',#1043,.T.);
#65=FACE_BOUND('',#1044,.T.);
#66=FACE_BOUND('',#1045,.T.);
#67=FACE_BOUND('',#1046,.T.);
#68=FACE_BOUND('',#1047,.T.);
#69=FACE_BOUND('',#1049,.T.);
#70=FACE_BOUND('',#1050,.T.);
#71=FACE_BOUND('',#1051,.T.);
#72=FACE_BOUND('',#1052,.T.);
#73=FACE_BOUND('',#1053,.T.);
#74=FACE_BOUND('',#1054,.T.);
#75=FACE_BOUND('',#1055,.T.);
#76=FACE_BOUND('',#1056,.T.);
#77=FACE_BOUND('',#1057,.T.);
#78=FACE_BOUND('',#1058,.T.);
#79=ELLIPSE('',#11209,3.88228567653781,3.75);
#80=ELLIPSE('',#11210,3.88228567653781,3.75);
#81=ELLIPSE('',#11426,3.88228567653781,3.75);
#82=ELLIPSE('',#11427,3.88228567653781,3.75);
#83=ELLIPSE('',#11429,3.88228567653781,3.75);
#84=ELLIPSE('',#11430,3.88228567653781,3.75);
#85=ELLIPSE('',#11541,3.88228567653781,3.75);
#86=ELLIPSE('',#11543,3.88228567653781,3.75);
#87=CYLINDRICAL_SURFACE('',#11199,3.75);
#88=CYLINDRICAL_SURFACE('',#11203,3.75);
#89=CYLINDRICAL_SURFACE('',#11271,3.75);
#90=CYLINDRICAL_SURFACE('',#11274,3.75);
#91=CYLINDRICAL_SURFACE('',#11277,3.75);
#92=CYLINDRICAL_SURFACE('',#11343,3.75);
#93=CYLINDRICAL_SURFACE('',#11345,0.4);
#94=CYLINDRICAL_SURFACE('',#11347,0.4);
#95=CYLINDRICAL_SURFACE('',#11348,0.4);
#96=CYLINDRICAL_SURFACE('',#11350,0.4);
#97=CYLINDRICAL_SURFACE('',#11351,0.4);
#98=CYLINDRICAL_SURFACE('',#11353,0.4);
#99=CYLINDRICAL_SURFACE('',#11357,0.4);
#100=CYLINDRICAL_SURFACE('',#11367,0.4);
#101=CYLINDRICAL_SURFACE('',#11369,0.4);
#102=CYLINDRICAL_SURFACE('',#11372,0.4);
#103=CYLINDRICAL_SURFACE('',#11374,0.4);
#104=CYLINDRICAL_SURFACE('',#11377,0.4);
#105=CYLINDRICAL_SURFACE('',#11382,0.4);
#106=CYLINDRICAL_SURFACE('',#11391,0.4);
#107=CYLINDRICAL_SURFACE('',#11392,0.4);
#108=CYLINDRICAL_SURFACE('',#11394,0.4);
#109=CYLINDRICAL_SURFACE('',#11395,0.4);
#110=CYLINDRICAL_SURFACE('',#11397,0.4);
#111=CYLINDRICAL_SURFACE('',#11401,0.4);
#112=CYLINDRICAL_SURFACE('',#11411,0.4);
#113=CYLINDRICAL_SURFACE('',#11413,0.4);
#114=CYLINDRICAL_SURFACE('',#11416,0.4);
#115=CYLINDRICAL_SURFACE('',#11418,0.4);
#116=CYLINDRICAL_SURFACE('',#11421,0.4);
#117=CYLINDRICAL_SURFACE('',#11575,1.6);
#118=CYLINDRICAL_SURFACE('',#11578,1.6);
#119=CYLINDRICAL_SURFACE('',#11581,1.6);
#120=CYLINDRICAL_SURFACE('',#11583,1.6);
#121=CYLINDRICAL_SURFACE('',#11610,1.6);
#122=CYLINDRICAL_SURFACE('',#11613,1.6);
#123=CYLINDRICAL_SURFACE('',#11617,1.6);
#124=CYLINDRICAL_SURFACE('',#11619,1.6);
#125=CYLINDRICAL_SURFACE('',#11630,3.75);
#126=CYLINDRICAL_SURFACE('',#11631,3.75);
#127=CYLINDRICAL_SURFACE('',#11632,3.75);
#128=CYLINDRICAL_SURFACE('',#11633,3.75);
#129=CYLINDRICAL_SURFACE('',#11635,0.4);
#130=CYLINDRICAL_SURFACE('',#11644,0.4);
#131=CYLINDRICAL_SURFACE('',#11645,0.4);
#132=CYLINDRICAL_SURFACE('',#11647,0.4);
#133=CYLINDRICAL_SURFACE('',#11648,0.4);
#134=CYLINDRICAL_SURFACE('',#11650,0.4);
#135=CYLINDRICAL_SURFACE('',#11654,0.4);
#136=CYLINDRICAL_SURFACE('',#11663,0.4);
#137=CYLINDRICAL_SURFACE('',#11664,0.4);
#138=CYLINDRICAL_SURFACE('',#11666,0.4);
#139=CYLINDRICAL_SURFACE('',#11667,0.4);
#140=CYLINDRICAL_SURFACE('',#11669,0.4);
#141=CYLINDRICAL_SURFACE('',#11673,0.4);
#142=CYLINDRICAL_SURFACE('',#11682,0.4);
#143=CYLINDRICAL_SURFACE('',#11683,0.4);
#144=CYLINDRICAL_SURFACE('',#11685,0.4);
#145=CYLINDRICAL_SURFACE('',#11686,0.4);
#146=CYLINDRICAL_SURFACE('',#11688,0.4);
#147=CYLINDRICAL_SURFACE('',#11692,0.4);
#148=CYLINDRICAL_SURFACE('',#11701,0.4);
#149=CYLINDRICAL_SURFACE('',#11702,0.4);
#150=CYLINDRICAL_SURFACE('',#11704,0.4);
#151=CYLINDRICAL_SURFACE('',#11705,0.4);
#152=CYLINDRICAL_SURFACE('',#11707,0.4);
#153=CYLINDRICAL_SURFACE('',#11711,0.4);
#154=CYLINDRICAL_SURFACE('',#11720,0.4);
#155=CYLINDRICAL_SURFACE('',#11721,0.4);
#156=CYLINDRICAL_SURFACE('',#11723,0.4);
#157=CYLINDRICAL_SURFACE('',#11724,0.4);
#158=CYLINDRICAL_SURFACE('',#11726,0.4);
#159=CYLINDRICAL_SURFACE('',#11730,0.4);
#160=CYLINDRICAL_SURFACE('',#11739,0.4);
#161=CYLINDRICAL_SURFACE('',#11740,0.4);
#162=CYLINDRICAL_SURFACE('',#11742,0.4);
#163=CYLINDRICAL_SURFACE('',#11743,0.4);
#164=CYLINDRICAL_SURFACE('',#11745,0.4);
#165=CYLINDRICAL_SURFACE('',#11749,0.4);
#166=CYLINDRICAL_SURFACE('',#11758,0.4);
#167=CYLINDRICAL_SURFACE('',#11759,0.4);
#168=CYLINDRICAL_SURFACE('',#11761,0.4);
#169=CYLINDRICAL_SURFACE('',#11762,0.4);
#170=CYLINDRICAL_SURFACE('',#11764,0.4);
#171=CYLINDRICAL_SURFACE('',#11768,0.4);
#172=CYLINDRICAL_SURFACE('',#11777,0.4);
#173=CYLINDRICAL_SURFACE('',#11778,0.4);
#174=CYLINDRICAL_SURFACE('',#11780,0.4);
#175=CYLINDRICAL_SURFACE('',#11781,0.4);
#176=CYLINDRICAL_SURFACE('',#11783,0.4);
#177=CYLINDRICAL_SURFACE('',#11787,0.4);
#178=CYLINDRICAL_SURFACE('',#11796,0.4);
#179=CYLINDRICAL_SURFACE('',#11797,0.4);
#180=CYLINDRICAL_SURFACE('',#11799,0.4);
#181=CYLINDRICAL_SURFACE('',#11800,0.4);
#182=CYLINDRICAL_SURFACE('',#11802,0.4);
#183=CYLINDRICAL_SURFACE('',#11806,0.4);
#184=CYLINDRICAL_SURFACE('',#11815,0.4);
#185=CYLINDRICAL_SURFACE('',#11816,0.4);
#186=CYLINDRICAL_SURFACE('',#11818,0.4);
#187=CYLINDRICAL_SURFACE('',#11819,0.4);
#188=CYLINDRICAL_SURFACE('',#11821,0.4);
#189=CYLINDRICAL_SURFACE('',#11825,0.4);
#190=CYLINDRICAL_SURFACE('',#11834,0.4);
#191=CYLINDRICAL_SURFACE('',#11835,0.4);
#192=CYLINDRICAL_SURFACE('',#11837,0.4);
#193=CYLINDRICAL_SURFACE('',#11838,0.4);
#194=CYLINDRICAL_SURFACE('',#11840,0.4);
#195=CYLINDRICAL_SURFACE('',#11844,0.4);
#196=CYLINDRICAL_SURFACE('',#11853,0.4);
#197=CYLINDRICAL_SURFACE('',#11854,0.4);
#198=CYLINDRICAL_SURFACE('',#11856,0.4);
#199=CYLINDRICAL_SURFACE('',#11857,0.4);
#200=CYLINDRICAL_SURFACE('',#11859,0.4);
#201=CYLINDRICAL_SURFACE('',#11863,0.4);
#202=CYLINDRICAL_SURFACE('',#11872,0.4);
#203=CYLINDRICAL_SURFACE('',#11873,0.4);
#204=CYLINDRICAL_SURFACE('',#11875,0.4);
#205=CYLINDRICAL_SURFACE('',#11876,0.4);
#206=CYLINDRICAL_SURFACE('',#11878,0.4);
#207=CYLINDRICAL_SURFACE('',#11882,0.4);
#208=CYLINDRICAL_SURFACE('',#11891,0.4);
#209=CYLINDRICAL_SURFACE('',#11892,0.4);
#210=CYLINDRICAL_SURFACE('',#11894,0.4);
#211=CYLINDRICAL_SURFACE('',#11895,0.4);
#212=CYLINDRICAL_SURFACE('',#11897,0.4);
#213=CYLINDRICAL_SURFACE('',#11901,0.4);
#214=CYLINDRICAL_SURFACE('',#11910,0.4);
#215=CYLINDRICAL_SURFACE('',#11911,0.4);
#216=CYLINDRICAL_SURFACE('',#11913,0.4);
#217=CYLINDRICAL_SURFACE('',#11914,0.4);
#218=CYLINDRICAL_SURFACE('',#11916,0.4);
#219=CYLINDRICAL_SURFACE('',#11920,0.4);
#220=CYLINDRICAL_SURFACE('',#11929,0.4);
#221=CYLINDRICAL_SURFACE('',#11930,0.4);
#222=CYLINDRICAL_SURFACE('',#11932,0.4);
#223=CYLINDRICAL_SURFACE('',#11933,0.4);
#224=CYLINDRICAL_SURFACE('',#11935,0.4);
#225=CYLINDRICAL_SURFACE('',#11939,0.4);
#226=CYLINDRICAL_SURFACE('',#11948,0.4);
#227=CYLINDRICAL_SURFACE('',#11949,0.4);
#228=CYLINDRICAL_SURFACE('',#11951,0.4);
#229=CYLINDRICAL_SURFACE('',#11952,0.4);
#230=CYLINDRICAL_SURFACE('',#11954,0.4);
#231=CYLINDRICAL_SURFACE('',#11958,0.4);
#232=CYLINDRICAL_SURFACE('',#11967,0.4);
#233=CYLINDRICAL_SURFACE('',#11968,0.4);
#234=CYLINDRICAL_SURFACE('',#11970,0.4);
#235=CYLINDRICAL_SURFACE('',#11971,0.4);
#236=CYLINDRICAL_SURFACE('',#11973,0.4);
#237=CYLINDRICAL_SURFACE('',#11977,0.4);
#238=CYLINDRICAL_SURFACE('',#11986,0.4);
#239=CYLINDRICAL_SURFACE('',#11987,0.4);
#240=CYLINDRICAL_SURFACE('',#11989,0.4);
#241=CYLINDRICAL_SURFACE('',#11990,0.4);
#242=CYLINDRICAL_SURFACE('',#11992,0.4);
#243=CYLINDRICAL_SURFACE('',#11996,0.4);
#244=CYLINDRICAL_SURFACE('',#12005,0.4);
#245=CYLINDRICAL_SURFACE('',#12006,0.4);
#246=CYLINDRICAL_SURFACE('',#12008,0.4);
#247=CYLINDRICAL_SURFACE('',#12009,0.4);
#248=CYLINDRICAL_SURFACE('',#12011,0.4);
#249=CYLINDRICAL_SURFACE('',#12015,0.4);
#250=CYLINDRICAL_SURFACE('',#12024,0.4);
#251=CYLINDRICAL_SURFACE('',#12025,0.4);
#252=CYLINDRICAL_SURFACE('',#12027,0.4);
#253=CYLINDRICAL_SURFACE('',#12028,0.4);
#254=CYLINDRICAL_SURFACE('',#12030,0.4);
#255=CYLINDRICAL_SURFACE('',#12034,0.4);
#256=CYLINDRICAL_SURFACE('',#12043,0.4);
#257=CYLINDRICAL_SURFACE('',#12044,0.4);
#258=CYLINDRICAL_SURFACE('',#12046,0.4);
#259=CYLINDRICAL_SURFACE('',#12047,0.4);
#260=CYLINDRICAL_SURFACE('',#12049,0.4);
#261=CYLINDRICAL_SURFACE('',#12053,0.4);
#262=CYLINDRICAL_SURFACE('',#12062,0.4);
#263=CYLINDRICAL_SURFACE('',#12063,0.4);
#264=CYLINDRICAL_SURFACE('',#12065,0.4);
#265=CYLINDRICAL_SURFACE('',#12066,0.4);
#266=CYLINDRICAL_SURFACE('',#12068,0.4);
#267=CYLINDRICAL_SURFACE('',#12072,0.4);
#268=CYLINDRICAL_SURFACE('',#12081,0.4);
#269=CYLINDRICAL_SURFACE('',#12082,0.4);
#270=CYLINDRICAL_SURFACE('',#12084,0.4);
#271=CYLINDRICAL_SURFACE('',#12085,0.4);
#272=CYLINDRICAL_SURFACE('',#12087,0.4);
#273=CYLINDRICAL_SURFACE('',#12091,0.4);
#274=CYLINDRICAL_SURFACE('',#12100,0.4);
#275=CYLINDRICAL_SURFACE('',#12101,0.4);
#276=CYLINDRICAL_SURFACE('',#12103,0.4);
#277=CYLINDRICAL_SURFACE('',#12104,0.4);
#278=CYLINDRICAL_SURFACE('',#12106,0.4);
#279=CYLINDRICAL_SURFACE('',#12110,0.4);
#280=CYLINDRICAL_SURFACE('',#12119,0.4);
#281=CYLINDRICAL_SURFACE('',#12120,0.4);
#282=CYLINDRICAL_SURFACE('',#12122,0.4);
#283=CYLINDRICAL_SURFACE('',#12123,0.4);
#284=CYLINDRICAL_SURFACE('',#12125,0.4);
#285=CYLINDRICAL_SURFACE('',#12129,0.4);
#286=CYLINDRICAL_SURFACE('',#12138,0.4);
#287=CYLINDRICAL_SURFACE('',#12139,0.4);
#288=CYLINDRICAL_SURFACE('',#12141,0.4);
#289=CYLINDRICAL_SURFACE('',#12142,0.4);
#290=CYLINDRICAL_SURFACE('',#12144,0.4);
#291=CYLINDRICAL_SURFACE('',#12148,0.4);
#292=CYLINDRICAL_SURFACE('',#12150,0.4);
#293=CYLINDRICAL_SURFACE('',#12151,0.4);
#294=CYLINDRICAL_SURFACE('',#12153,0.4);
#295=CYLINDRICAL_SURFACE('',#12154,0.4);
#296=CYLINDRICAL_SURFACE('',#12156,0.4);
#297=CYLINDRICAL_SURFACE('',#12160,0.4);
#298=CYLINDRICAL_SURFACE('',#12162,0.4);
#299=CYLINDRICAL_SURFACE('',#12163,0.4);
#300=CYLINDRICAL_SURFACE('',#12165,0.4);
#301=CYLINDRICAL_SURFACE('',#12166,0.4);
#302=CYLINDRICAL_SURFACE('',#12168,0.4);
#303=CYLINDRICAL_SURFACE('',#12172,0.4);
#304=CYLINDRICAL_SURFACE('',#12174,0.4);
#305=CYLINDRICAL_SURFACE('',#12175,0.4);
#306=CYLINDRICAL_SURFACE('',#12177,0.4);
#307=CYLINDRICAL_SURFACE('',#12178,0.4);
#308=CYLINDRICAL_SURFACE('',#12180,0.4);
#309=CYLINDRICAL_SURFACE('',#12184,0.4);
#310=CYLINDRICAL_SURFACE('',#12186,0.4);
#311=CYLINDRICAL_SURFACE('',#12187,0.4);
#312=CYLINDRICAL_SURFACE('',#12189,0.4);
#313=CYLINDRICAL_SURFACE('',#12190,0.4);
#314=CYLINDRICAL_SURFACE('',#12192,0.4);
#315=CYLINDRICAL_SURFACE('',#12196,0.4);
#316=CYLINDRICAL_SURFACE('',#12198,0.4);
#317=CYLINDRICAL_SURFACE('',#12199,0.4);
#318=CYLINDRICAL_SURFACE('',#12201,0.4);
#319=CYLINDRICAL_SURFACE('',#12202,0.4);
#320=CYLINDRICAL_SURFACE('',#12204,0.4);
#321=CYLINDRICAL_SURFACE('',#12208,0.4);
#322=CYLINDRICAL_SURFACE('',#12210,0.4);
#323=CYLINDRICAL_SURFACE('',#12211,0.4);
#324=CYLINDRICAL_SURFACE('',#12213,0.4);
#325=CYLINDRICAL_SURFACE('',#12214,0.4);
#326=CYLINDRICAL_SURFACE('',#12216,0.4);
#327=CYLINDRICAL_SURFACE('',#12220,0.4);
#328=CYLINDRICAL_SURFACE('',#12229,0.4);
#329=CYLINDRICAL_SURFACE('',#12230,0.4);
#330=CYLINDRICAL_SURFACE('',#12232,0.4);
#331=CYLINDRICAL_SURFACE('',#12233,0.4);
#332=CYLINDRICAL_SURFACE('',#12235,0.4);
#333=CYLINDRICAL_SURFACE('',#12239,0.4);
#334=CYLINDRICAL_SURFACE('',#12248,0.4);
#335=CYLINDRICAL_SURFACE('',#12249,0.4);
#336=CYLINDRICAL_SURFACE('',#12251,0.4);
#337=CYLINDRICAL_SURFACE('',#12252,0.4);
#338=CYLINDRICAL_SURFACE('',#12254,0.4);
#339=CYLINDRICAL_SURFACE('',#12258,0.4);
#340=CYLINDRICAL_SURFACE('',#12267,0.4);
#341=CYLINDRICAL_SURFACE('',#12268,0.4);
#342=CYLINDRICAL_SURFACE('',#12270,0.4);
#343=CYLINDRICAL_SURFACE('',#12271,0.4);
#344=CYLINDRICAL_SURFACE('',#12273,0.4);
#345=FACE_OUTER_BOUND('',#944,.T.);
#346=FACE_OUTER_BOUND('',#945,.T.);
#347=FACE_OUTER_BOUND('',#946,.T.);
#348=FACE_OUTER_BOUND('',#947,.T.);
#349=FACE_OUTER_BOUND('',#948,.T.);
#350=FACE_OUTER_BOUND('',#949,.T.);
#351=FACE_OUTER_BOUND('',#950,.T.);
#352=FACE_OUTER_BOUND('',#951,.T.);
#353=FACE_OUTER_BOUND('',#952,.T.);
#354=FACE_OUTER_BOUND('',#953,.T.);
#355=FACE_OUTER_BOUND('',#954,.T.);
#356=FACE_OUTER_BOUND('',#955,.T.);
#357=FACE_OUTER_BOUND('',#966,.T.);
#358=FACE_OUTER_BOUND('',#967,.T.);
#359=FACE_OUTER_BOUND('',#968,.T.);
#360=FACE_OUTER_BOUND('',#969,.T.);
#361=FACE_OUTER_BOUND('',#970,.T.);
#362=FACE_OUTER_BOUND('',#971,.T.);
#363=FACE_OUTER_BOUND('',#982,.T.);
#364=FACE_OUTER_BOUND('',#983,.T.);
#365=FACE_OUTER_BOUND('',#984,.T.);
#366=FACE_OUTER_BOUND('',#985,.T.);
#367=FACE_OUTER_BOUND('',#986,.T.);
#368=FACE_OUTER_BOUND('',#987,.T.);
#369=FACE_OUTER_BOUND('',#988,.T.);
#370=FACE_OUTER_BOUND('',#989,.T.);
#371=FACE_OUTER_BOUND('',#990,.T.);
#372=FACE_OUTER_BOUND('',#991,.T.);
#373=FACE_OUTER_BOUND('',#992,.T.);
#374=FACE_OUTER_BOUND('',#993,.T.);
#375=FACE_OUTER_BOUND('',#994,.T.);
#376=FACE_OUTER_BOUND('',#995,.T.);
#377=FACE_OUTER_BOUND('',#996,.T.);
#378=FACE_OUTER_BOUND('',#997,.T.);
#379=FACE_OUTER_BOUND('',#998,.T.);
#380=FACE_OUTER_BOUND('',#999,.T.);
#381=FACE_OUTER_BOUND('',#1000,.T.);
#382=FACE_OUTER_BOUND('',#1001,.T.);
#383=FACE_OUTER_BOUND('',#1002,.T.);
#384=FACE_OUTER_BOUND('',#1003,.T.);
#385=FACE_OUTER_BOUND('',#1004,.T.);
#386=FACE_OUTER_BOUND('',#1005,.T.);
#387=FACE_OUTER_BOUND('',#1006,.T.);
#388=FACE_OUTER_BOUND('',#1007,.T.);
#389=FACE_OUTER_BOUND('',#1008,.T.);
#390=FACE_OUTER_BOUND('',#1009,.T.);
#391=FACE_OUTER_BOUND('',#1010,.T.);
#392=FACE_OUTER_BOUND('',#1011,.T.);
#393=FACE_OUTER_BOUND('',#1012,.T.);
#394=FACE_OUTER_BOUND('',#1013,.T.);
#395=FACE_OUTER_BOUND('',#1014,.T.);
#396=FACE_OUTER_BOUND('',#1015,.T.);
#397=FACE_OUTER_BOUND('',#1016,.T.);
#398=FACE_OUTER_BOUND('',#1017,.T.);
#399=FACE_OUTER_BOUND('',#1018,.T.);
#400=FACE_OUTER_BOUND('',#1019,.T.);
#401=FACE_OUTER_BOUND('',#1020,.T.);
#402=FACE_OUTER_BOUND('',#1021,.T.);
#403=FACE_OUTER_BOUND('',#1022,.T.);
#404=FACE_OUTER_BOUND('',#1023,.T.);
#405=FACE_OUTER_BOUND('',#1024,.T.);
#406=FACE_OUTER_BOUND('',#1025,.T.);
#407=FACE_OUTER_BOUND('',#1026,.T.);
#408=FACE_OUTER_BOUND('',#1027,.T.);
#409=FACE_OUTER_BOUND('',#1028,.T.);
#410=FACE_OUTER_BOUND('',#1029,.T.);
#411=FACE_OUTER_BOUND('',#1030,.T.);
#412=FACE_OUTER_BOUND('',#1031,.T.);
#413=FACE_OUTER_BOUND('',#1032,.T.);
#414=FACE_OUTER_BOUND('',#1033,.T.);
#415=FACE_OUTER_BOUND('',#1034,.T.);
#416=FACE_OUTER_BOUND('',#1035,.T.);
#417=FACE_OUTER_BOUND('',#1036,.T.);
#418=FACE_OUTER_BOUND('',#1037,.T.);
#419=FACE_OUTER_BOUND('',#1048,.T.);
#420=FACE_OUTER_BOUND('',#1059,.T.);
#421=FACE_OUTER_BOUND('',#1060,.T.);
#422=FACE_OUTER_BOUND('',#1061,.T.);
#423=FACE_OUTER_BOUND('',#1062,.T.);
#424=FACE_OUTER_BOUND('',#1063,.T.);
#425=FACE_OUTER_BOUND('',#1064,.T.);
#426=FACE_OUTER_BOUND('',#1065,.T.);
#427=FACE_OUTER_BOUND('',#1066,.T.);
#428=FACE_OUTER_BOUND('',#1067,.T.);
#429=FACE_OUTER_BOUND('',#1068,.T.);
#430=FACE_OUTER_BOUND('',#1069,.T.);
#431=FACE_OUTER_BOUND('',#1070,.T.);
#432=FACE_OUTER_BOUND('',#1071,.T.);
#433=FACE_OUTER_BOUND('',#1072,.T.);
#434=FACE_OUTER_BOUND('',#1073,.T.);
#435=FACE_OUTER_BOUND('',#1074,.T.);
#436=FACE_OUTER_BOUND('',#1075,.T.);
#437=FACE_OUTER_BOUND('',#1076,.T.);
#438=FACE_OUTER_BOUND('',#1077,.T.);
#439=FACE_OUTER_BOUND('',#1078,.T.);
#440=FACE_OUTER_BOUND('',#1079,.T.);
#441=FACE_OUTER_BOUND('',#1080,.T.);
#442=FACE_OUTER_BOUND('',#1081,.T.);
#443=FACE_OUTER_BOUND('',#1082,.T.);
#444=FACE_OUTER_BOUND('',#1083,.T.);
#445=FACE_OUTER_BOUND('',#1084,.T.);
#446=FACE_OUTER_BOUND('',#1085,.T.);
#447=FACE_OUTER_BOUND('',#1086,.T.);
#448=FACE_OUTER_BOUND('',#1087,.T.);
#449=FACE_OUTER_BOUND('',#1088,.T.);
#450=FACE_OUTER_BOUND('',#1089,.T.);
#451=FACE_OUTER_BOUND('',#1090,.T.);
#452=FACE_OUTER_BOUND('',#1091,.T.);
#453=FACE_OUTER_BOUND('',#1092,.T.);
#454=FACE_OUTER_BOUND('',#1093,.T.);
#455=FACE_OUTER_BOUND('',#1094,.T.);
#456=FACE_OUTER_BOUND('',#1095,.T.);
#457=FACE_OUTER_BOUND('',#1096,.T.);
#458=FACE_OUTER_BOUND('',#1097,.T.);
#459=FACE_OUTER_BOUND('',#1098,.T.);
#460=FACE_OUTER_BOUND('',#1099,.T.);
#461=FACE_OUTER_BOUND('',#1100,.T.);
#462=FACE_OUTER_BOUND('',#1101,.T.);
#463=FACE_OUTER_BOUND('',#1102,.T.);
#464=FACE_OUTER_BOUND('',#1103,.T.);
#465=FACE_OUTER_BOUND('',#1104,.T.);
#466=FACE_OUTER_BOUND('',#1105,.T.);
#467=FACE_OUTER_BOUND('',#1106,.T.);
#468=FACE_OUTER_BOUND('',#1107,.T.);
#469=FACE_OUTER_BOUND('',#1108,.T.);
#470=FACE_OUTER_BOUND('',#1109,.T.);
#471=FACE_OUTER_BOUND('',#1110,.T.);
#472=FACE_OUTER_BOUND('',#1111,.T.);
#473=FACE_OUTER_BOUND('',#1112,.T.);
#474=FACE_OUTER_BOUND('',#1113,.T.);
#475=FACE_OUTER_BOUND('',#1114,.T.);
#476=FACE_OUTER_BOUND('',#1115,.T.);
#477=FACE_OUTER_BOUND('',#1116,.T.);
#478=FACE_OUTER_BOUND('',#1117,.T.);
#479=FACE_OUTER_BOUND('',#1118,.T.);
#480=FACE_OUTER_BOUND('',#1119,.T.);
#481=FACE_OUTER_BOUND('',#1120,.T.);
#482=FACE_OUTER_BOUND('',#1121,.T.);
#483=FACE_OUTER_BOUND('',#1122,.T.);
#484=FACE_OUTER_BOUND('',#1123,.T.);
#485=FACE_OUTER_BOUND('',#1124,.T.);
#486=FACE_OUTER_BOUND('',#1125,.T.);
#487=FACE_OUTER_BOUND('',#1126,.T.);
#488=FACE_OUTER_BOUND('',#1127,.T.);
#489=FACE_OUTER_BOUND('',#1128,.T.);
#490=FACE_OUTER_BOUND('',#1129,.T.);
#491=FACE_OUTER_BOUND('',#1130,.T.);
#492=FACE_OUTER_BOUND('',#1131,.T.);
#493=FACE_OUTER_BOUND('',#1132,.T.);
#494=FACE_OUTER_BOUND('',#1133,.T.);
#495=FACE_OUTER_BOUND('',#1134,.T.);
#496=FACE_OUTER_BOUND('',#1135,.T.);
#497=FACE_OUTER_BOUND('',#1136,.T.);
#498=FACE_OUTER_BOUND('',#1137,.T.);
#499=FACE_OUTER_BOUND('',#1138,.T.);
#500=FACE_OUTER_BOUND('',#1139,.T.);
#501=FACE_OUTER_BOUND('',#1140,.T.);
#502=FACE_OUTER_BOUND('',#1141,.T.);
#503=FACE_OUTER_BOUND('',#1142,.T.);
#504=FACE_OUTER_BOUND('',#1143,.T.);
#505=FACE_OUTER_BOUND('',#1144,.T.);
#506=FACE_OUTER_BOUND('',#1145,.T.);
#507=FACE_OUTER_BOUND('',#1146,.T.);
#508=FACE_OUTER_BOUND('',#1147,.T.);
#509=FACE_OUTER_BOUND('',#1148,.T.);
#510=FACE_OUTER_BOUND('',#1149,.T.);
#511=FACE_OUTER_BOUND('',#1150,.T.);
#512=FACE_OUTER_BOUND('',#1151,.T.);
#513=FACE_OUTER_BOUND('',#1152,.T.);
#514=FACE_OUTER_BOUND('',#1153,.T.);
#515=FACE_OUTER_BOUND('',#1154,.T.);
#516=FACE_OUTER_BOUND('',#1155,.T.);
#517=FACE_OUTER_BOUND('',#1156,.T.);
#518=FACE_OUTER_BOUND('',#1157,.T.);
#519=FACE_OUTER_BOUND('',#1158,.T.);
#520=FACE_OUTER_BOUND('',#1159,.T.);
#521=FACE_OUTER_BOUND('',#1160,.T.);
#522=FACE_OUTER_BOUND('',#1161,.T.);
#523=FACE_OUTER_BOUND('',#1162,.T.);
#524=FACE_OUTER_BOUND('',#1163,.T.);
#525=FACE_OUTER_BOUND('',#1164,.T.);
#526=FACE_OUTER_BOUND('',#1165,.T.);
#527=FACE_OUTER_BOUND('',#1166,.T.);
#528=FACE_OUTER_BOUND('',#1167,.T.);
#529=FACE_OUTER_BOUND('',#1168,.T.);
#530=FACE_OUTER_BOUND('',#1169,.T.);
#531=FACE_OUTER_BOUND('',#1170,.T.);
#532=FACE_OUTER_BOUND('',#1171,.T.);
#533=FACE_OUTER_BOUND('',#1172,.T.);
#534=FACE_OUTER_BOUND('',#1173,.T.);
#535=FACE_OUTER_BOUND('',#1174,.T.);
#536=FACE_OUTER_BOUND('',#1175,.T.);
#537=FACE_OUTER_BOUND('',#1176,.T.);
#538=FACE_OUTER_BOUND('',#1177,.T.);
#539=FACE_OUTER_BOUND('',#1178,.T.);
#540=FACE_OUTER_BOUND('',#1179,.T.);
#541=FACE_OUTER_BOUND('',#1180,.T.);
#542=FACE_OUTER_BOUND('',#1181,.T.);
#543=FACE_OUTER_BOUND('',#1182,.T.);
#544=FACE_OUTER_BOUND('',#1183,.T.);
#545=FACE_OUTER_BOUND('',#1184,.T.);
#546=FACE_OUTER_BOUND('',#1185,.T.);
#547=FACE_OUTER_BOUND('',#1186,.T.);
#548=FACE_OUTER_BOUND('',#1187,.T.);
#549=FACE_OUTER_BOUND('',#1188,.T.);
#550=FACE_OUTER_BOUND('',#1189,.T.);
#551=FACE_OUTER_BOUND('',#1190,.T.);
#552=FACE_OUTER_BOUND('',#1191,.T.);
#553=FACE_OUTER_BOUND('',#1192,.T.);
#554=FACE_OUTER_BOUND('',#1193,.T.);
#555=FACE_OUTER_BOUND('',#1194,.T.);
#556=FACE_OUTER_BOUND('',#1195,.T.);
#557=FACE_OUTER_BOUND('',#1196,.T.);
#558=FACE_OUTER_BOUND('',#1197,.T.);
#559=FACE_OUTER_BOUND('',#1198,.T.);
#560=FACE_OUTER_BOUND('',#1199,.T.);
#561=FACE_OUTER_BOUND('',#1200,.T.);
#562=FACE_OUTER_BOUND('',#1201,.T.);
#563=FACE_OUTER_BOUND('',#1202,.T.);
#564=FACE_OUTER_BOUND('',#1203,.T.);
#565=FACE_OUTER_BOUND('',#1204,.T.);
#566=FACE_OUTER_BOUND('',#1205,.T.);
#567=FACE_OUTER_BOUND('',#1206,.T.);
#568=FACE_OUTER_BOUND('',#1207,.T.);
#569=FACE_OUTER_BOUND('',#1208,.T.);
#570=FACE_OUTER_BOUND('',#1209,.T.);
#571=FACE_OUTER_BOUND('',#1210,.T.);
#572=FACE_OUTER_BOUND('',#1211,.T.);
#573=FACE_OUTER_BOUND('',#1212,.T.);
#574=FACE_OUTER_BOUND('',#1213,.T.);
#575=FACE_OUTER_BOUND('',#1214,.T.);
#576=FACE_OUTER_BOUND('',#1215,.T.);
#577=FACE_OUTER_BOUND('',#1216,.T.);
#578=FACE_OUTER_BOUND('',#1217,.T.);
#579=FACE_OUTER_BOUND('',#1218,.T.);
#580=FACE_OUTER_BOUND('',#1219,.T.);
#581=FACE_OUTER_BOUND('',#1220,.T.);
#582=FACE_OUTER_BOUND('',#1221,.T.);
#583=FACE_OUTER_BOUND('',#1222,.T.);
#584=FACE_OUTER_BOUND('',#1223,.T.);
#585=FACE_OUTER_BOUND('',#1224,.T.);
#586=FACE_OUTER_BOUND('',#1225,.T.);
#587=FACE_OUTER_BOUND('',#1226,.T.);
#588=FACE_OUTER_BOUND('',#1227,.T.);
#589=FACE_OUTER_BOUND('',#1228,.T.);
#590=FACE_OUTER_BOUND('',#1229,.T.);
#591=FACE_OUTER_BOUND('',#1230,.T.);
#592=FACE_OUTER_BOUND('',#1231,.T.);
#593=FACE_OUTER_BOUND('',#1232,.T.);
#594=FACE_OUTER_BOUND('',#1233,.T.);
#595=FACE_OUTER_BOUND('',#1234,.T.);
#596=FACE_OUTER_BOUND('',#1235,.T.);
#597=FACE_OUTER_BOUND('',#1236,.T.);
#598=FACE_OUTER_BOUND('',#1237,.T.);
#599=FACE_OUTER_BOUND('',#1238,.T.);
#600=FACE_OUTER_BOUND('',#1239,.T.);
#601=FACE_OUTER_BOUND('',#1240,.T.);
#602=FACE_OUTER_BOUND('',#1241,.T.);
#603=FACE_OUTER_BOUND('',#1242,.T.);
#604=FACE_OUTER_BOUND('',#1243,.T.);
#605=FACE_OUTER_BOUND('',#1244,.T.);
#606=FACE_OUTER_BOUND('',#1245,.T.);
#607=FACE_OUTER_BOUND('',#1246,.T.);
#608=FACE_OUTER_BOUND('',#1247,.T.);
#609=FACE_OUTER_BOUND('',#1248,.T.);
#610=FACE_OUTER_BOUND('',#1249,.T.);
#611=FACE_OUTER_BOUND('',#1250,.T.);
#612=FACE_OUTER_BOUND('',#1251,.T.);
#613=FACE_OUTER_BOUND('',#1252,.T.);
#614=FACE_OUTER_BOUND('',#1253,.T.);
#615=FACE_OUTER_BOUND('',#1254,.T.);
#616=FACE_OUTER_BOUND('',#1255,.T.);
#617=FACE_OUTER_BOUND('',#1256,.T.);
#618=FACE_OUTER_BOUND('',#1257,.T.);
#619=FACE_OUTER_BOUND('',#1258,.T.);
#620=FACE_OUTER_BOUND('',#1259,.T.);
#621=FACE_OUTER_BOUND('',#1260,.T.);
#622=FACE_OUTER_BOUND('',#1261,.T.);
#623=FACE_OUTER_BOUND('',#1262,.T.);
#624=FACE_OUTER_BOUND('',#1263,.T.);
#625=FACE_OUTER_BOUND('',#1264,.T.);
#626=FACE_OUTER_BOUND('',#1265,.T.);
#627=FACE_OUTER_BOUND('',#1266,.T.);
#628=FACE_OUTER_BOUND('',#1267,.T.);
#629=FACE_OUTER_BOUND('',#1268,.T.);
#630=FACE_OUTER_BOUND('',#1269,.T.);
#631=FACE_OUTER_BOUND('',#1270,.T.);
#632=FACE_OUTER_BOUND('',#1271,.T.);
#633=FACE_OUTER_BOUND('',#1272,.T.);
#634=FACE_OUTER_BOUND('',#1273,.T.);
#635=FACE_OUTER_BOUND('',#1274,.T.);
#636=FACE_OUTER_BOUND('',#1275,.T.);
#637=FACE_OUTER_BOUND('',#1276,.T.);
#638=FACE_OUTER_BOUND('',#1277,.T.);
#639=FACE_OUTER_BOUND('',#1278,.T.);
#640=FACE_OUTER_BOUND('',#1279,.T.);
#641=FACE_OUTER_BOUND('',#1280,.T.);
#642=FACE_OUTER_BOUND('',#1281,.T.);
#643=FACE_OUTER_BOUND('',#1282,.T.);
#644=FACE_OUTER_BOUND('',#1283,.T.);
#645=FACE_OUTER_BOUND('',#1284,.T.);
#646=FACE_OUTER_BOUND('',#1285,.T.);
#647=FACE_OUTER_BOUND('',#1286,.T.);
#648=FACE_OUTER_BOUND('',#1287,.T.);
#649=FACE_OUTER_BOUND('',#1288,.T.);
#650=FACE_OUTER_BOUND('',#1289,.T.);
#651=FACE_OUTER_BOUND('',#1290,.T.);
#652=FACE_OUTER_BOUND('',#1291,.T.);
#653=FACE_OUTER_BOUND('',#1292,.T.);
#654=FACE_OUTER_BOUND('',#1293,.T.);
#655=FACE_OUTER_BOUND('',#1294,.T.);
#656=FACE_OUTER_BOUND('',#1295,.T.);
#657=FACE_OUTER_BOUND('',#1296,.T.);
#658=FACE_OUTER_BOUND('',#1297,.T.);
#659=FACE_OUTER_BOUND('',#1298,.T.);
#660=FACE_OUTER_BOUND('',#1299,.T.);
#661=FACE_OUTER_BOUND('',#1300,.T.);
#662=FACE_OUTER_BOUND('',#1301,.T.);
#663=FACE_OUTER_BOUND('',#1302,.T.);
#664=FACE_OUTER_BOUND('',#1303,.T.);
#665=FACE_OUTER_BOUND('',#1304,.T.);
#666=FACE_OUTER_BOUND('',#1305,.T.);
#667=FACE_OUTER_BOUND('',#1306,.T.);
#668=FACE_OUTER_BOUND('',#1307,.T.);
#669=FACE_OUTER_BOUND('',#1308,.T.);
#670=FACE_OUTER_BOUND('',#1309,.T.);
#671=FACE_OUTER_BOUND('',#1310,.T.);
#672=FACE_OUTER_BOUND('',#1311,.T.);
#673=FACE_OUTER_BOUND('',#1312,.T.);
#674=FACE_OUTER_BOUND('',#1313,.T.);
#675=FACE_OUTER_BOUND('',#1314,.T.);
#676=FACE_OUTER_BOUND('',#1315,.T.);
#677=FACE_OUTER_BOUND('',#1316,.T.);
#678=FACE_OUTER_BOUND('',#1317,.T.);
#679=FACE_OUTER_BOUND('',#1318,.T.);
#680=FACE_OUTER_BOUND('',#1319,.T.);
#681=FACE_OUTER_BOUND('',#1320,.T.);
#682=FACE_OUTER_BOUND('',#1321,.T.);
#683=FACE_OUTER_BOUND('',#1322,.T.);
#684=FACE_OUTER_BOUND('',#1323,.T.);
#685=FACE_OUTER_BOUND('',#1324,.T.);
#686=FACE_OUTER_BOUND('',#1325,.T.);
#687=FACE_OUTER_BOUND('',#1326,.T.);
#688=FACE_OUTER_BOUND('',#1327,.T.);
#689=FACE_OUTER_BOUND('',#1328,.T.);
#690=FACE_OUTER_BOUND('',#1329,.T.);
#691=FACE_OUTER_BOUND('',#1330,.T.);
#692=FACE_OUTER_BOUND('',#1331,.T.);
#693=FACE_OUTER_BOUND('',#1332,.T.);
#694=FACE_OUTER_BOUND('',#1333,.T.);
#695=FACE_OUTER_BOUND('',#1334,.T.);
#696=FACE_OUTER_BOUND('',#1335,.T.);
#697=FACE_OUTER_BOUND('',#1336,.T.);
#698=FACE_OUTER_BOUND('',#1337,.T.);
#699=FACE_OUTER_BOUND('',#1338,.T.);
#700=FACE_OUTER_BOUND('',#1339,.T.);
#701=FACE_OUTER_BOUND('',#1340,.T.);
#702=FACE_OUTER_BOUND('',#1341,.T.);
#703=FACE_OUTER_BOUND('',#1342,.T.);
#704=FACE_OUTER_BOUND('',#1343,.T.);
#705=FACE_OUTER_BOUND('',#1344,.T.);
#706=FACE_OUTER_BOUND('',#1345,.T.);
#707=FACE_OUTER_BOUND('',#1346,.T.);
#708=FACE_OUTER_BOUND('',#1347,.T.);
#709=FACE_OUTER_BOUND('',#1348,.T.);
#710=FACE_OUTER_BOUND('',#1349,.T.);
#711=FACE_OUTER_BOUND('',#1350,.T.);
#712=FACE_OUTER_BOUND('',#1351,.T.);
#713=FACE_OUTER_BOUND('',#1352,.T.);
#714=FACE_OUTER_BOUND('',#1353,.T.);
#715=FACE_OUTER_BOUND('',#1354,.T.);
#716=FACE_OUTER_BOUND('',#1355,.T.);
#717=FACE_OUTER_BOUND('',#1356,.T.);
#718=FACE_OUTER_BOUND('',#1357,.T.);
#719=FACE_OUTER_BOUND('',#1358,.T.);
#720=FACE_OUTER_BOUND('',#1359,.T.);
#721=FACE_OUTER_BOUND('',#1360,.T.);
#722=FACE_OUTER_BOUND('',#1361,.T.);
#723=FACE_OUTER_BOUND('',#1362,.T.);
#724=FACE_OUTER_BOUND('',#1363,.T.);
#725=FACE_OUTER_BOUND('',#1364,.T.);
#726=FACE_OUTER_BOUND('',#1365,.T.);
#727=FACE_OUTER_BOUND('',#1366,.T.);
#728=FACE_OUTER_BOUND('',#1367,.T.);
#729=FACE_OUTER_BOUND('',#1368,.T.);
#730=FACE_OUTER_BOUND('',#1369,.T.);
#731=FACE_OUTER_BOUND('',#1370,.T.);
#732=FACE_OUTER_BOUND('',#1371,.T.);
#733=FACE_OUTER_BOUND('',#1372,.T.);
#734=FACE_OUTER_BOUND('',#1373,.T.);
#735=FACE_OUTER_BOUND('',#1374,.T.);
#736=FACE_OUTER_BOUND('',#1375,.T.);
#737=FACE_OUTER_BOUND('',#1376,.T.);
#738=FACE_OUTER_BOUND('',#1377,.T.);
#739=FACE_OUTER_BOUND('',#1378,.T.);
#740=FACE_OUTER_BOUND('',#1379,.T.);
#741=FACE_OUTER_BOUND('',#1380,.T.);
#742=FACE_OUTER_BOUND('',#1381,.T.);
#743=FACE_OUTER_BOUND('',#1382,.T.);
#744=FACE_OUTER_BOUND('',#1383,.T.);
#745=FACE_OUTER_BOUND('',#1384,.T.);
#746=FACE_OUTER_BOUND('',#1385,.T.);
#747=FACE_OUTER_BOUND('',#1386,.T.);
#748=FACE_OUTER_BOUND('',#1387,.T.);
#749=FACE_OUTER_BOUND('',#1388,.T.);
#750=FACE_OUTER_BOUND('',#1389,.T.);
#751=FACE_OUTER_BOUND('',#1390,.T.);
#752=FACE_OUTER_BOUND('',#1391,.T.);
#753=FACE_OUTER_BOUND('',#1392,.T.);
#754=FACE_OUTER_BOUND('',#1393,.T.);
#755=FACE_OUTER_BOUND('',#1394,.T.);
#756=FACE_OUTER_BOUND('',#1395,.T.);
#757=FACE_OUTER_BOUND('',#1396,.T.);
#758=FACE_OUTER_BOUND('',#1397,.T.);
#759=FACE_OUTER_BOUND('',#1398,.T.);
#760=FACE_OUTER_BOUND('',#1399,.T.);
#761=FACE_OUTER_BOUND('',#1400,.T.);
#762=FACE_OUTER_BOUND('',#1401,.T.);
#763=FACE_OUTER_BOUND('',#1402,.T.);
#764=FACE_OUTER_BOUND('',#1403,.T.);
#765=FACE_OUTER_BOUND('',#1404,.T.);
#766=FACE_OUTER_BOUND('',#1405,.T.);
#767=FACE_OUTER_BOUND('',#1406,.T.);
#768=FACE_OUTER_BOUND('',#1407,.T.);
#769=FACE_OUTER_BOUND('',#1408,.T.);
#770=FACE_OUTER_BOUND('',#1409,.T.);
#771=FACE_OUTER_BOUND('',#1410,.T.);
#772=FACE_OUTER_BOUND('',#1411,.T.);
#773=FACE_OUTER_BOUND('',#1412,.T.);
#774=FACE_OUTER_BOUND('',#1413,.T.);
#775=FACE_OUTER_BOUND('',#1414,.T.);
#776=FACE_OUTER_BOUND('',#1415,.T.);
#777=FACE_OUTER_BOUND('',#1416,.T.);
#778=FACE_OUTER_BOUND('',#1417,.T.);
#779=FACE_OUTER_BOUND('',#1418,.T.);
#780=FACE_OUTER_BOUND('',#1419,.T.);
#781=FACE_OUTER_BOUND('',#1420,.T.);
#782=FACE_OUTER_BOUND('',#1421,.T.);
#783=FACE_OUTER_BOUND('',#1422,.T.);
#784=FACE_OUTER_BOUND('',#1423,.T.);
#785=FACE_OUTER_BOUND('',#1424,.T.);
#786=FACE_OUTER_BOUND('',#1425,.T.);
#787=FACE_OUTER_BOUND('',#1426,.T.);
#788=FACE_OUTER_BOUND('',#1427,.T.);
#789=FACE_OUTER_BOUND('',#1428,.T.);
#790=FACE_OUTER_BOUND('',#1429,.T.);
#791=FACE_OUTER_BOUND('',#1430,.T.);
#792=FACE_OUTER_BOUND('',#1431,.T.);
#793=FACE_OUTER_BOUND('',#1432,.T.);
#794=FACE_OUTER_BOUND('',#1433,.T.);
#795=FACE_OUTER_BOUND('',#1434,.T.);
#796=FACE_OUTER_BOUND('',#1435,.T.);
#797=FACE_OUTER_BOUND('',#1436,.T.);
#798=FACE_OUTER_BOUND('',#1437,.T.);
#799=FACE_OUTER_BOUND('',#1438,.T.);
#800=FACE_OUTER_BOUND('',#1439,.T.);
#801=FACE_OUTER_BOUND('',#1440,.T.);
#802=FACE_OUTER_BOUND('',#1441,.T.);
#803=FACE_OUTER_BOUND('',#1442,.T.);
#804=FACE_OUTER_BOUND('',#1443,.T.);
#805=FACE_OUTER_BOUND('',#1444,.T.);
#806=FACE_OUTER_BOUND('',#1445,.T.);
#807=FACE_OUTER_BOUND('',#1446,.T.);
#808=FACE_OUTER_BOUND('',#1447,.T.);
#809=FACE_OUTER_BOUND('',#1448,.T.);
#810=FACE_OUTER_BOUND('',#1449,.T.);
#811=FACE_OUTER_BOUND('',#1450,.T.);
#812=FACE_OUTER_BOUND('',#1451,.T.);
#813=FACE_OUTER_BOUND('',#1452,.T.);
#814=FACE_OUTER_BOUND('',#1453,.T.);
#815=FACE_OUTER_BOUND('',#1454,.T.);
#816=FACE_OUTER_BOUND('',#1455,.T.);
#817=FACE_OUTER_BOUND('',#1456,.T.);
#818=FACE_OUTER_BOUND('',#1457,.T.);
#819=FACE_OUTER_BOUND('',#1458,.T.);
#820=FACE_OUTER_BOUND('',#1459,.T.);
#821=FACE_OUTER_BOUND('',#1460,.T.);
#822=FACE_OUTER_BOUND('',#1461,.T.);
#823=FACE_OUTER_BOUND('',#1462,.T.);
#824=FACE_OUTER_BOUND('',#1463,.T.);
#825=FACE_OUTER_BOUND('',#1464,.T.);
#826=FACE_OUTER_BOUND('',#1465,.T.);
#827=FACE_OUTER_BOUND('',#1466,.T.);
#828=FACE_OUTER_BOUND('',#1467,.T.);
#829=FACE_OUTER_BOUND('',#1468,.T.);
#830=FACE_OUTER_BOUND('',#1469,.T.);
#831=FACE_OUTER_BOUND('',#1470,.T.);
#832=FACE_OUTER_BOUND('',#1471,.T.);
#833=FACE_OUTER_BOUND('',#1472,.T.);
#834=FACE_OUTER_BOUND('',#1473,.T.);
#835=FACE_OUTER_BOUND('',#1474,.T.);
#836=FACE_OUTER_BOUND('',#1475,.T.);
#837=FACE_OUTER_BOUND('',#1476,.T.);
#838=FACE_OUTER_BOUND('',#1477,.T.);
#839=FACE_OUTER_BOUND('',#1478,.T.);
#840=FACE_OUTER_BOUND('',#1479,.T.);
#841=FACE_OUTER_BOUND('',#1480,.T.);
#842=FACE_OUTER_BOUND('',#1481,.T.);
#843=FACE_OUTER_BOUND('',#1482,.T.);
#844=FACE_OUTER_BOUND('',#1483,.T.);
#845=FACE_OUTER_BOUND('',#1484,.T.);
#846=FACE_OUTER_BOUND('',#1485,.T.);
#847=FACE_OUTER_BOUND('',#1486,.T.);
#848=FACE_OUTER_BOUND('',#1487,.T.);
#849=FACE_OUTER_BOUND('',#1488,.T.);
#850=FACE_OUTER_BOUND('',#1489,.T.);
#851=FACE_OUTER_BOUND('',#1490,.T.);
#852=FACE_OUTER_BOUND('',#1491,.T.);
#853=FACE_OUTER_BOUND('',#1492,.T.);
#854=FACE_OUTER_BOUND('',#1493,.T.);
#855=FACE_OUTER_BOUND('',#1494,.T.);
#856=FACE_OUTER_BOUND('',#1495,.T.);
#857=FACE_OUTER_BOUND('',#1496,.T.);
#858=FACE_OUTER_BOUND('',#1497,.T.);
#859=FACE_OUTER_BOUND('',#1498,.T.);
#860=FACE_OUTER_BOUND('',#1499,.T.);
#861=FACE_OUTER_BOUND('',#1500,.T.);
#862=FACE_OUTER_BOUND('',#1501,.T.);
#863=FACE_OUTER_BOUND('',#1502,.T.);
#864=FACE_OUTER_BOUND('',#1503,.T.);
#865=FACE_OUTER_BOUND('',#1504,.T.);
#866=FACE_OUTER_BOUND('',#1505,.T.);
#867=FACE_OUTER_BOUND('',#1506,.T.);
#868=FACE_OUTER_BOUND('',#1507,.T.);
#869=FACE_OUTER_BOUND('',#1508,.T.);
#870=FACE_OUTER_BOUND('',#1509,.T.);
#871=FACE_OUTER_BOUND('',#1510,.T.);
#872=FACE_OUTER_BOUND('',#1511,.T.);
#873=FACE_OUTER_BOUND('',#1512,.T.);
#874=FACE_OUTER_BOUND('',#1513,.T.);
#875=FACE_OUTER_BOUND('',#1514,.T.);
#876=FACE_OUTER_BOUND('',#1515,.T.);
#877=FACE_OUTER_BOUND('',#1516,.T.);
#878=FACE_OUTER_BOUND('',#1517,.T.);
#879=FACE_OUTER_BOUND('',#1518,.T.);
#880=FACE_OUTER_BOUND('',#1519,.T.);
#881=FACE_OUTER_BOUND('',#1520,.T.);
#882=FACE_OUTER_BOUND('',#1521,.T.);
#883=FACE_OUTER_BOUND('',#1522,.T.);
#884=FACE_OUTER_BOUND('',#1523,.T.);
#885=FACE_OUTER_BOUND('',#1524,.T.);
#886=FACE_OUTER_BOUND('',#1525,.T.);
#887=FACE_OUTER_BOUND('',#1526,.T.);
#888=FACE_OUTER_BOUND('',#1527,.T.);
#889=FACE_OUTER_BOUND('',#1528,.T.);
#890=FACE_OUTER_BOUND('',#1529,.T.);
#891=FACE_OUTER_BOUND('',#1530,.T.);
#892=FACE_OUTER_BOUND('',#1531,.T.);
#893=FACE_OUTER_BOUND('',#1532,.T.);
#894=FACE_OUTER_BOUND('',#1533,.T.);
#895=FACE_OUTER_BOUND('',#1534,.T.);
#896=FACE_OUTER_BOUND('',#1535,.T.);
#897=FACE_OUTER_BOUND('',#1536,.T.);
#898=FACE_OUTER_BOUND('',#1537,.T.);
#899=FACE_OUTER_BOUND('',#1538,.T.);
#900=FACE_OUTER_BOUND('',#1539,.T.);
#901=FACE_OUTER_BOUND('',#1540,.T.);
#902=FACE_OUTER_BOUND('',#1541,.T.);
#903=FACE_OUTER_BOUND('',#1542,.T.);
#904=FACE_OUTER_BOUND('',#1543,.T.);
#905=FACE_OUTER_BOUND('',#1544,.T.);
#906=FACE_OUTER_BOUND('',#1545,.T.);
#907=FACE_OUTER_BOUND('',#1546,.T.);
#908=FACE_OUTER_BOUND('',#1547,.T.);
#909=FACE_OUTER_BOUND('',#1548,.T.);
#910=FACE_OUTER_BOUND('',#1549,.T.);
#911=FACE_OUTER_BOUND('',#1550,.T.);
#912=FACE_OUTER_BOUND('',#1551,.T.);
#913=FACE_OUTER_BOUND('',#1552,.T.);
#914=FACE_OUTER_BOUND('',#1553,.T.);
#915=FACE_OUTER_BOUND('',#1554,.T.);
#916=FACE_OUTER_BOUND('',#1555,.T.);
#917=FACE_OUTER_BOUND('',#1556,.T.);
#918=FACE_OUTER_BOUND('',#1557,.T.);
#919=FACE_OUTER_BOUND('',#1558,.T.);
#920=FACE_OUTER_BOUND('',#1559,.T.);
#921=FACE_OUTER_BOUND('',#1560,.T.);
#922=FACE_OUTER_BOUND('',#1561,.T.);
#923=FACE_OUTER_BOUND('',#1562,.T.);
#924=FACE_OUTER_BOUND('',#1563,.T.);
#925=FACE_OUTER_BOUND('',#1564,.T.);
#926=FACE_OUTER_BOUND('',#1565,.T.);
#927=FACE_OUTER_BOUND('',#1566,.T.);
#928=FACE_OUTER_BOUND('',#1567,.T.);
#929=FACE_OUTER_BOUND('',#1568,.T.);
#930=FACE_OUTER_BOUND('',#1569,.T.);
#931=FACE_OUTER_BOUND('',#1570,.T.);
#932=FACE_OUTER_BOUND('',#1571,.T.);
#933=FACE_OUTER_BOUND('',#1572,.T.);
#934=FACE_OUTER_BOUND('',#1573,.T.);
#935=FACE_OUTER_BOUND('',#1574,.T.);
#936=FACE_OUTER_BOUND('',#1575,.T.);
#937=FACE_OUTER_BOUND('',#1576,.T.);
#938=FACE_OUTER_BOUND('',#1577,.T.);
#939=FACE_OUTER_BOUND('',#1578,.T.);
#940=FACE_OUTER_BOUND('',#1579,.T.);
#941=FACE_OUTER_BOUND('',#1580,.T.);
#942=FACE_OUTER_BOUND('',#1581,.T.);
#943=FACE_OUTER_BOUND('',#1582,.T.);
#944=EDGE_LOOP('',(#6970,#6971,#6972,#6973,#6974,#6975,#6976,#6977,#6978,
#6979,#6980,#6981));
#945=EDGE_LOOP('',(#6982,#6983,#6984,#6985,#6986,#6987,#6988,#6989,#6990,
#6991,#6992,#6993));
#946=EDGE_LOOP('',(#6994,#6995,#6996,#6997,#6998,#6999,#7000,#7001,#7002,
#7003,#7004,#7005));
#947=EDGE_LOOP('',(#7006,#7007,#7008,#7009,#7010,#7011,#7012,#7013,#7014,
#7015,#7016,#7017));
#948=EDGE_LOOP('',(#7018,#7019,#7020,#7021,#7022,#7023,#7024,#7025,#7026,
#7027,#7028,#7029));
#949=EDGE_LOOP('',(#7030,#7031,#7032,#7033,#7034,#7035,#7036,#7037,#7038,
#7039,#7040,#7041));
#950=EDGE_LOOP('',(#7042,#7043,#7044,#7045,#7046,#7047,#7048,#7049,#7050,
#7051,#7052,#7053));
#951=EDGE_LOOP('',(#7054,#7055,#7056,#7057));
#952=EDGE_LOOP('',(#7058,#7059,#7060,#7061));
#953=EDGE_LOOP('',(#7062,#7063,#7064,#7065));
#954=EDGE_LOOP('',(#7066,#7067,#7068,#7069,#7070,#7071,#7072,#7073,#7074,
#7075,#7076,#7077));
#955=EDGE_LOOP('',(#7078,#7079,#7080,#7081,#7082,#7083,#7084,#7085));
#956=EDGE_LOOP('',(#7086,#7087,#7088,#7089,#7090,#7091,#7092,#7093,#7094,
#7095,#7096,#7097));
#957=EDGE_LOOP('',(#7098,#7099,#7100,#7101,#7102,#7103,#7104,#7105,#7106,
#7107,#7108,#7109));
#958=EDGE_LOOP('',(#7110,#7111,#7112,#7113,#7114,#7115,#7116,#7117,#7118,
#7119,#7120,#7121));
#959=EDGE_LOOP('',(#7122,#7123,#7124,#7125,#7126,#7127,#7128,#7129,#7130,
#7131,#7132,#7133));
#960=EDGE_LOOP('',(#7134,#7135,#7136,#7137,#7138,#7139,#7140,#7141,#7142,
#7143,#7144,#7145));
#961=EDGE_LOOP('',(#7146,#7147,#7148,#7149,#7150,#7151,#7152,#7153,#7154,
#7155,#7156,#7157));
#962=EDGE_LOOP('',(#7158,#7159,#7160,#7161,#7162,#7163,#7164,#7165,#7166,
#7167,#7168,#7169));
#963=EDGE_LOOP('',(#7170,#7171,#7172,#7173,#7174,#7175,#7176,#7177,#7178,
#7179,#7180,#7181));
#964=EDGE_LOOP('',(#7182,#7183,#7184,#7185,#7186,#7187,#7188,#7189,#7190,
#7191,#7192,#7193));
#965=EDGE_LOOP('',(#7194,#7195,#7196,#7197,#7198,#7199,#7200,#7201,#7202,
#7203,#7204,#7205));
#966=EDGE_LOOP('',(#7206,#7207,#7208,#7209));
#967=EDGE_LOOP('',(#7210,#7211,#7212,#7213,#7214,#7215,#7216,#7217,#7218,
#7219,#7220,#7221));
#968=EDGE_LOOP('',(#7222,#7223,#7224,#7225));
#969=EDGE_LOOP('',(#7226,#7227,#7228,#7229));
#970=EDGE_LOOP('',(#7230,#7231,#7232,#7233));
#971=EDGE_LOOP('',(#7234,#7235,#7236,#7237,#7238,#7239,#7240,#7241));
#972=EDGE_LOOP('',(#7242,#7243,#7244,#7245,#7246,#7247,#7248,#7249,#7250,
#7251,#7252,#7253));
#973=EDGE_LOOP('',(#7254,#7255,#7256,#7257,#7258,#7259,#7260,#7261,#7262,
#7263,#7264,#7265));
#974=EDGE_LOOP('',(#7266,#7267,#7268,#7269,#7270,#7271,#7272,#7273,#7274,
#7275,#7276,#7277));
#975=EDGE_LOOP('',(#7278,#7279,#7280,#7281,#7282,#7283,#7284,#7285,#7286,
#7287,#7288,#7289));
#976=EDGE_LOOP('',(#7290,#7291,#7292,#7293,#7294,#7295,#7296,#7297,#7298,
#7299,#7300,#7301));
#977=EDGE_LOOP('',(#7302,#7303,#7304,#7305,#7306,#7307,#7308,#7309,#7310,
#7311,#7312,#7313));
#978=EDGE_LOOP('',(#7314,#7315,#7316,#7317,#7318,#7319,#7320,#7321,#7322,
#7323,#7324,#7325));
#979=EDGE_LOOP('',(#7326,#7327,#7328,#7329,#7330,#7331,#7332,#7333,#7334,
#7335,#7336,#7337));
#980=EDGE_LOOP('',(#7338,#7339,#7340,#7341,#7342,#7343,#7344,#7345,#7346,
#7347,#7348,#7349));
#981=EDGE_LOOP('',(#7350,#7351,#7352,#7353,#7354,#7355,#7356,#7357,#7358,
#7359,#7360,#7361));
#982=EDGE_LOOP('',(#7362,#7363,#7364,#7365));
#983=EDGE_LOOP('',(#7366,#7367,#7368,#7369));
#984=EDGE_LOOP('',(#7370,#7371,#7372,#7373));
#985=EDGE_LOOP('',(#7374,#7375,#7376,#7377));
#986=EDGE_LOOP('',(#7378,#7379,#7380,#7381));
#987=EDGE_LOOP('',(#7382,#7383,#7384,#7385));
#988=EDGE_LOOP('',(#7386,#7387,#7388,#7389));
#989=EDGE_LOOP('',(#7390,#7391,#7392,#7393));
#990=EDGE_LOOP('',(#7394,#7395,#7396,#7397));
#991=EDGE_LOOP('',(#7398,#7399,#7400,#7401));
#992=EDGE_LOOP('',(#7402,#7403,#7404,#7405));
#993=EDGE_LOOP('',(#7406,#7407,#7408,#7409));
#994=EDGE_LOOP('',(#7410,#7411,#7412,#7413));
#995=EDGE_LOOP('',(#7414,#7415,#7416,#7417));
#996=EDGE_LOOP('',(#7418,#7419,#7420,#7421,#7422,#7423,#7424,#7425,#7426,
#7427,#7428,#7429));
#997=EDGE_LOOP('',(#7430,#7431,#7432,#7433));
#998=EDGE_LOOP('',(#7434,#7435,#7436,#7437));
#999=EDGE_LOOP('',(#7438,#7439,#7440,#7441));
#1000=EDGE_LOOP('',(#7442,#7443,#7444,#7445));
#1001=EDGE_LOOP('',(#7446,#7447,#7448,#7449));
#1002=EDGE_LOOP('',(#7450,#7451,#7452,#7453));
#1003=EDGE_LOOP('',(#7454,#7455,#7456,#7457));
#1004=EDGE_LOOP('',(#7458,#7459,#7460,#7461));
#1005=EDGE_LOOP('',(#7462,#7463,#7464,#7465));
#1006=EDGE_LOOP('',(#7466,#7467,#7468,#7469));
#1007=EDGE_LOOP('',(#7470,#7471,#7472,#7473));
#1008=EDGE_LOOP('',(#7474,#7475,#7476,#7477));
#1009=EDGE_LOOP('',(#7478,#7479,#7480,#7481,#7482,#7483,#7484,#7485,#7486,
#7487,#7488,#7489));
#1010=EDGE_LOOP('',(#7490,#7491,#7492,#7493));
#1011=EDGE_LOOP('',(#7494,#7495,#7496,#7497));
#1012=EDGE_LOOP('',(#7498,#7499,#7500,#7501));
#1013=EDGE_LOOP('',(#7502,#7503,#7504,#7505));
#1014=EDGE_LOOP('',(#7506,#7507,#7508,#7509));
#1015=EDGE_LOOP('',(#7510,#7511,#7512,#7513));
#1016=EDGE_LOOP('',(#7514,#7515,#7516,#7517));
#1017=EDGE_LOOP('',(#7518,#7519,#7520,#7521));
#1018=EDGE_LOOP('',(#7522,#7523,#7524,#7525));
#1019=EDGE_LOOP('',(#7526,#7527,#7528,#7529));
#1020=EDGE_LOOP('',(#7530,#7531,#7532,#7533));
#1021=EDGE_LOOP('',(#7534,#7535,#7536,#7537));
#1022=EDGE_LOOP('',(#7538,#7539,#7540,#7541,#7542,#7543,#7544,#7545,#7546,
#7547,#7548,#7549));
#1023=EDGE_LOOP('',(#7550,#7551,#7552,#7553));
#1024=EDGE_LOOP('',(#7554,#7555,#7556,#7557));
#1025=EDGE_LOOP('',(#7558,#7559,#7560,#7561));
#1026=EDGE_LOOP('',(#7562,#7563,#7564,#7565));
#1027=EDGE_LOOP('',(#7566,#7567,#7568,#7569));
#1028=EDGE_LOOP('',(#7570,#7571,#7572,#7573));
#1029=EDGE_LOOP('',(#7574,#7575,#7576,#7577));
#1030=EDGE_LOOP('',(#7578,#7579,#7580,#7581));
#1031=EDGE_LOOP('',(#7582,#7583,#7584,#7585));
#1032=EDGE_LOOP('',(#7586,#7587,#7588,#7589));
#1033=EDGE_LOOP('',(#7590,#7591,#7592,#7593));
#1034=EDGE_LOOP('',(#7594,#7595,#7596,#7597));
#1035=EDGE_LOOP('',(#7598,#7599,#7600,#7601));
#1036=EDGE_LOOP('',(#7602,#7603,#7604,#7605));
#1037=EDGE_LOOP('',(#7606,#7607,#7608,#7609,#7610,#7611,#7612,#7613));
#1038=EDGE_LOOP('',(#7614,#7615,#7616,#7617,#7618,#7619,#7620,#7621,#7622,
#7623,#7624,#7625));
#1039=EDGE_LOOP('',(#7626,#7627,#7628,#7629,#7630,#7631,#7632,#7633,#7634,
#7635,#7636,#7637));
#1040=EDGE_LOOP('',(#7638,#7639,#7640,#7641,#7642,#7643,#7644,#7645,#7646,
#7647,#7648,#7649));
#1041=EDGE_LOOP('',(#7650,#7651,#7652,#7653,#7654,#7655,#7656,#7657,#7658,
#7659,#7660,#7661));
#1042=EDGE_LOOP('',(#7662,#7663,#7664,#7665,#7666,#7667,#7668,#7669,#7670,
#7671,#7672,#7673));
#1043=EDGE_LOOP('',(#7674,#7675,#7676,#7677,#7678,#7679,#7680,#7681,#7682,
#7683,#7684,#7685));
#1044=EDGE_LOOP('',(#7686,#7687,#7688,#7689,#7690,#7691,#7692,#7693,#7694,
#7695,#7696,#7697));
#1045=EDGE_LOOP('',(#7698,#7699,#7700,#7701,#7702,#7703,#7704,#7705,#7706,
#7707,#7708,#7709));
#1046=EDGE_LOOP('',(#7710,#7711,#7712,#7713,#7714,#7715,#7716,#7717,#7718,
#7719,#7720,#7721));
#1047=EDGE_LOOP('',(#7722,#7723,#7724,#7725,#7726,#7727,#7728,#7729,#7730,
#7731,#7732,#7733));
#1048=EDGE_LOOP('',(#7734,#7735,#7736,#7737,#7738,#7739,#7740,#7741));
#1049=EDGE_LOOP('',(#7742,#7743,#7744,#7745,#7746,#7747,#7748,#7749,#7750,
#7751,#7752,#7753));
#1050=EDGE_LOOP('',(#7754,#7755,#7756,#7757,#7758,#7759,#7760,#7761,#7762,
#7763,#7764,#7765));
#1051=EDGE_LOOP('',(#7766,#7767,#7768,#7769,#7770,#7771,#7772,#7773,#7774,
#7775,#7776,#7777));
#1052=EDGE_LOOP('',(#7778,#7779,#7780,#7781,#7782,#7783,#7784,#7785,#7786,
#7787,#7788,#7789));
#1053=EDGE_LOOP('',(#7790,#7791,#7792,#7793,#7794,#7795,#7796,#7797,#7798,
#7799,#7800,#7801));
#1054=EDGE_LOOP('',(#7802,#7803,#7804,#7805,#7806,#7807,#7808,#7809,#7810,
#7811,#7812,#7813));
#1055=EDGE_LOOP('',(#7814,#7815,#7816,#7817,#7818,#7819,#7820,#7821,#7822,
#7823,#7824,#7825));
#1056=EDGE_LOOP('',(#7826,#7827,#7828,#7829,#7830,#7831,#7832,#7833,#7834,
#7835,#7836,#7837));
#1057=EDGE_LOOP('',(#7838,#7839,#7840,#7841,#7842,#7843,#7844,#7845,#7846,
#7847,#7848,#7849));
#1058=EDGE_LOOP('',(#7850,#7851,#7852,#7853,#7854,#7855,#7856,#7857,#7858,
#7859,#7860,#7861));
#1059=EDGE_LOOP('',(#7862,#7863,#7864,#7865));
#1060=EDGE_LOOP('',(#7866,#7867,#7868,#7869));
#1061=EDGE_LOOP('',(#7870,#7871,#7872,#7873));
#1062=EDGE_LOOP('',(#7874,#7875,#7876,#7877));
#1063=EDGE_LOOP('',(#7878,#7879,#7880,#7881,#7882,#7883,#7884,#7885));
#1064=EDGE_LOOP('',(#7886,#7887,#7888,#7889,#7890));
#1065=EDGE_LOOP('',(#7891,#7892,#7893,#7894));
#1066=EDGE_LOOP('',(#7895,#7896,#7897,#7898));
#1067=EDGE_LOOP('',(#7899,#7900,#7901,#7902));
#1068=EDGE_LOOP('',(#7903,#7904,#7905,#7906));
#1069=EDGE_LOOP('',(#7907,#7908,#7909,#7910));
#1070=EDGE_LOOP('',(#7911,#7912,#7913,#7914));
#1071=EDGE_LOOP('',(#7915,#7916,#7917,#7918));
#1072=EDGE_LOOP('',(#7919,#7920,#7921,#7922));
#1073=EDGE_LOOP('',(#7923,#7924,#7925,#7926));
#1074=EDGE_LOOP('',(#7927,#7928,#7929,#7930));
#1075=EDGE_LOOP('',(#7931,#7932,#7933,#7934));
#1076=EDGE_LOOP('',(#7935,#7936,#7937,#7938));
#1077=EDGE_LOOP('',(#7939,#7940,#7941,#7942));
#1078=EDGE_LOOP('',(#7943,#7944,#7945,#7946));
#1079=EDGE_LOOP('',(#7947,#7948,#7949,#7950));
#1080=EDGE_LOOP('',(#7951,#7952,#7953,#7954));
#1081=EDGE_LOOP('',(#7955,#7956,#7957,#7958));
#1082=EDGE_LOOP('',(#7959,#7960,#7961,#7962,#7963,#7964,#7965,#7966));
#1083=EDGE_LOOP('',(#7967,#7968,#7969,#7970));
#1084=EDGE_LOOP('',(#7971,#7972,#7973,#7974));
#1085=EDGE_LOOP('',(#7975,#7976,#7977,#7978));
#1086=EDGE_LOOP('',(#7979,#7980,#7981,#7982));
#1087=EDGE_LOOP('',(#7983,#7984,#7985,#7986));
#1088=EDGE_LOOP('',(#7987,#7988,#7989,#7990,#7991));
#1089=EDGE_LOOP('',(#7992,#7993,#7994));
#1090=EDGE_LOOP('',(#7995,#7996,#7997));
#1091=EDGE_LOOP('',(#7998,#7999,#8000,#8001,#8002));
#1092=EDGE_LOOP('',(#8003,#8004,#8005,#8006));
#1093=EDGE_LOOP('',(#8007,#8008,#8009,#8010));
#1094=EDGE_LOOP('',(#8011,#8012,#8013,#8014));
#1095=EDGE_LOOP('',(#8015,#8016,#8017,#8018));
#1096=EDGE_LOOP('',(#8019,#8020,#8021,#8022));
#1097=EDGE_LOOP('',(#8023,#8024,#8025,#8026));
#1098=EDGE_LOOP('',(#8027,#8028,#8029,#8030));
#1099=EDGE_LOOP('',(#8031,#8032,#8033,#8034));
#1100=EDGE_LOOP('',(#8035,#8036,#8037,#8038));
#1101=EDGE_LOOP('',(#8039,#8040,#8041,#8042));
#1102=EDGE_LOOP('',(#8043,#8044,#8045,#8046));
#1103=EDGE_LOOP('',(#8047,#8048,#8049,#8050));
#1104=EDGE_LOOP('',(#8051,#8052,#8053,#8054,#8055,#8056,#8057,#8058));
#1105=EDGE_LOOP('',(#8059,#8060,#8061,#8062));
#1106=EDGE_LOOP('',(#8063,#8064,#8065,#8066));
#1107=EDGE_LOOP('',(#8067,#8068,#8069,#8070));
#1108=EDGE_LOOP('',(#8071,#8072,#8073,#8074));
#1109=EDGE_LOOP('',(#8075,#8076,#8077,#8078,#8079));
#1110=EDGE_LOOP('',(#8080,#8081,#8082,#8083));
#1111=EDGE_LOOP('',(#8084,#8085,#8086,#8087));
#1112=EDGE_LOOP('',(#8088,#8089,#8090,#8091));
#1113=EDGE_LOOP('',(#8092,#8093,#8094,#8095));
#1114=EDGE_LOOP('',(#8096,#8097,#8098,#8099));
#1115=EDGE_LOOP('',(#8100,#8101,#8102,#8103));
#1116=EDGE_LOOP('',(#8104,#8105,#8106,#8107));
#1117=EDGE_LOOP('',(#8108,#8109,#8110,#8111));
#1118=EDGE_LOOP('',(#8112,#8113,#8114,#8115));
#1119=EDGE_LOOP('',(#8116,#8117,#8118,#8119));
#1120=EDGE_LOOP('',(#8120,#8121,#8122,#8123,#8124,#8125,#8126,#8127));
#1121=EDGE_LOOP('',(#8128,#8129,#8130,#8131));
#1122=EDGE_LOOP('',(#8132,#8133,#8134,#8135,#8136,#8137,#8138,#8139,#8140,
#8141,#8142,#8143));
#1123=EDGE_LOOP('',(#8144,#8145,#8146,#8147));
#1124=EDGE_LOOP('',(#8148,#8149,#8150,#8151));
#1125=EDGE_LOOP('',(#8152,#8153,#8154,#8155));
#1126=EDGE_LOOP('',(#8156,#8157,#8158,#8159));
#1127=EDGE_LOOP('',(#8160,#8161,#8162,#8163));
#1128=EDGE_LOOP('',(#8164,#8165,#8166,#8167));
#1129=EDGE_LOOP('',(#8168,#8169,#8170,#8171));
#1130=EDGE_LOOP('',(#8172,#8173,#8174,#8175));
#1131=EDGE_LOOP('',(#8176,#8177,#8178,#8179));
#1132=EDGE_LOOP('',(#8180,#8181,#8182,#8183));
#1133=EDGE_LOOP('',(#8184,#8185,#8186,#8187));
#1134=EDGE_LOOP('',(#8188,#8189,#8190,#8191));
#1135=EDGE_LOOP('',(#8192,#8193,#8194,#8195,#8196,#8197,#8198,#8199,#8200,
#8201,#8202,#8203));
#1136=EDGE_LOOP('',(#8204,#8205,#8206,#8207));
#1137=EDGE_LOOP('',(#8208,#8209,#8210,#8211));
#1138=EDGE_LOOP('',(#8212,#8213,#8214,#8215));
#1139=EDGE_LOOP('',(#8216,#8217,#8218,#8219));
#1140=EDGE_LOOP('',(#8220,#8221,#8222,#8223));
#1141=EDGE_LOOP('',(#8224,#8225,#8226,#8227));
#1142=EDGE_LOOP('',(#8228,#8229,#8230,#8231));
#1143=EDGE_LOOP('',(#8232,#8233,#8234,#8235));
#1144=EDGE_LOOP('',(#8236,#8237,#8238,#8239));
#1145=EDGE_LOOP('',(#8240,#8241,#8242,#8243));
#1146=EDGE_LOOP('',(#8244,#8245,#8246,#8247));
#1147=EDGE_LOOP('',(#8248,#8249,#8250,#8251));
#1148=EDGE_LOOP('',(#8252,#8253,#8254,#8255,#8256,#8257,#8258,#8259,#8260,
#8261,#8262,#8263));
#1149=EDGE_LOOP('',(#8264,#8265,#8266,#8267));
#1150=EDGE_LOOP('',(#8268,#8269,#8270,#8271));
#1151=EDGE_LOOP('',(#8272,#8273,#8274,#8275));
#1152=EDGE_LOOP('',(#8276,#8277,#8278,#8279));
#1153=EDGE_LOOP('',(#8280,#8281,#8282,#8283));
#1154=EDGE_LOOP('',(#8284,#8285,#8286,#8287));
#1155=EDGE_LOOP('',(#8288,#8289,#8290,#8291));
#1156=EDGE_LOOP('',(#8292,#8293,#8294,#8295));
#1157=EDGE_LOOP('',(#8296,#8297,#8298,#8299));
#1158=EDGE_LOOP('',(#8300,#8301,#8302,#8303));
#1159=EDGE_LOOP('',(#8304,#8305,#8306,#8307));
#1160=EDGE_LOOP('',(#8308,#8309,#8310,#8311));
#1161=EDGE_LOOP('',(#8312,#8313,#8314,#8315,#8316,#8317,#8318,#8319,#8320,
#8321,#8322,#8323));
#1162=EDGE_LOOP('',(#8324,#8325,#8326,#8327));
#1163=EDGE_LOOP('',(#8328,#8329,#8330,#8331));
#1164=EDGE_LOOP('',(#8332,#8333,#8334,#8335));
#1165=EDGE_LOOP('',(#8336,#8337,#8338,#8339));
#1166=EDGE_LOOP('',(#8340,#8341,#8342,#8343));
#1167=EDGE_LOOP('',(#8344,#8345,#8346,#8347));
#1168=EDGE_LOOP('',(#8348,#8349,#8350,#8351));
#1169=EDGE_LOOP('',(#8352,#8353,#8354,#8355));
#1170=EDGE_LOOP('',(#8356,#8357,#8358,#8359));
#1171=EDGE_LOOP('',(#8360,#8361,#8362,#8363));
#1172=EDGE_LOOP('',(#8364,#8365,#8366,#8367));
#1173=EDGE_LOOP('',(#8368,#8369,#8370,#8371));
#1174=EDGE_LOOP('',(#8372,#8373,#8374,#8375,#8376,#8377,#8378,#8379,#8380,
#8381,#8382,#8383));
#1175=EDGE_LOOP('',(#8384,#8385,#8386,#8387));
#1176=EDGE_LOOP('',(#8388,#8389,#8390,#8391));
#1177=EDGE_LOOP('',(#8392,#8393,#8394,#8395));
#1178=EDGE_LOOP('',(#8396,#8397,#8398,#8399));
#1179=EDGE_LOOP('',(#8400,#8401,#8402,#8403));
#1180=EDGE_LOOP('',(#8404,#8405,#8406,#8407));
#1181=EDGE_LOOP('',(#8408,#8409,#8410,#8411));
#1182=EDGE_LOOP('',(#8412,#8413,#8414,#8415));
#1183=EDGE_LOOP('',(#8416,#8417,#8418,#8419));
#1184=EDGE_LOOP('',(#8420,#8421,#8422,#8423));
#1185=EDGE_LOOP('',(#8424,#8425,#8426,#8427));
#1186=EDGE_LOOP('',(#8428,#8429,#8430,#8431));
#1187=EDGE_LOOP('',(#8432,#8433,#8434,#8435,#8436,#8437,#8438,#8439,#8440,
#8441,#8442,#8443));
#1188=EDGE_LOOP('',(#8444,#8445,#8446,#8447));
#1189=EDGE_LOOP('',(#8448,#8449,#8450,#8451));
#1190=EDGE_LOOP('',(#8452,#8453,#8454,#8455));
#1191=EDGE_LOOP('',(#8456,#8457,#8458,#8459));
#1192=EDGE_LOOP('',(#8460,#8461,#8462,#8463));
#1193=EDGE_LOOP('',(#8464,#8465,#8466,#8467));
#1194=EDGE_LOOP('',(#8468,#8469,#8470,#8471));
#1195=EDGE_LOOP('',(#8472,#8473,#8474,#8475));
#1196=EDGE_LOOP('',(#8476,#8477,#8478,#8479));
#1197=EDGE_LOOP('',(#8480,#8481,#8482,#8483));
#1198=EDGE_LOOP('',(#8484,#8485,#8486,#8487));
#1199=EDGE_LOOP('',(#8488,#8489,#8490,#8491));
#1200=EDGE_LOOP('',(#8492,#8493,#8494,#8495,#8496,#8497,#8498,#8499,#8500,
#8501,#8502,#8503));
#1201=EDGE_LOOP('',(#8504,#8505,#8506,#8507));
#1202=EDGE_LOOP('',(#8508,#8509,#8510,#8511));
#1203=EDGE_LOOP('',(#8512,#8513,#8514,#8515));
#1204=EDGE_LOOP('',(#8516,#8517,#8518,#8519));
#1205=EDGE_LOOP('',(#8520,#8521,#8522,#8523));
#1206=EDGE_LOOP('',(#8524,#8525,#8526,#8527));
#1207=EDGE_LOOP('',(#8528,#8529,#8530,#8531));
#1208=EDGE_LOOP('',(#8532,#8533,#8534,#8535));
#1209=EDGE_LOOP('',(#8536,#8537,#8538,#8539));
#1210=EDGE_LOOP('',(#8540,#8541,#8542,#8543));
#1211=EDGE_LOOP('',(#8544,#8545,#8546,#8547));
#1212=EDGE_LOOP('',(#8548,#8549,#8550,#8551));
#1213=EDGE_LOOP('',(#8552,#8553,#8554,#8555,#8556,#8557,#8558,#8559,#8560,
#8561,#8562,#8563));
#1214=EDGE_LOOP('',(#8564,#8565,#8566,#8567));
#1215=EDGE_LOOP('',(#8568,#8569,#8570,#8571));
#1216=EDGE_LOOP('',(#8572,#8573,#8574,#8575));
#1217=EDGE_LOOP('',(#8576,#8577,#8578,#8579));
#1218=EDGE_LOOP('',(#8580,#8581,#8582,#8583));
#1219=EDGE_LOOP('',(#8584,#8585,#8586,#8587));
#1220=EDGE_LOOP('',(#8588,#8589,#8590,#8591));
#1221=EDGE_LOOP('',(#8592,#8593,#8594,#8595));
#1222=EDGE_LOOP('',(#8596,#8597,#8598,#8599));
#1223=EDGE_LOOP('',(#8600,#8601,#8602,#8603));
#1224=EDGE_LOOP('',(#8604,#8605,#8606,#8607));
#1225=EDGE_LOOP('',(#8608,#8609,#8610,#8611));
#1226=EDGE_LOOP('',(#8612,#8613,#8614,#8615,#8616,#8617,#8618,#8619,#8620,
#8621,#8622,#8623));
#1227=EDGE_LOOP('',(#8624,#8625,#8626,#8627));
#1228=EDGE_LOOP('',(#8628,#8629,#8630,#8631));
#1229=EDGE_LOOP('',(#8632,#8633,#8634,#8635));
#1230=EDGE_LOOP('',(#8636,#8637,#8638,#8639));
#1231=EDGE_LOOP('',(#8640,#8641,#8642,#8643));
#1232=EDGE_LOOP('',(#8644,#8645,#8646,#8647));
#1233=EDGE_LOOP('',(#8648,#8649,#8650,#8651));
#1234=EDGE_LOOP('',(#8652,#8653,#8654,#8655));
#1235=EDGE_LOOP('',(#8656,#8657,#8658,#8659));
#1236=EDGE_LOOP('',(#8660,#8661,#8662,#8663));
#1237=EDGE_LOOP('',(#8664,#8665,#8666,#8667));
#1238=EDGE_LOOP('',(#8668,#8669,#8670,#8671));
#1239=EDGE_LOOP('',(#8672,#8673,#8674,#8675,#8676,#8677,#8678,#8679,#8680,
#8681,#8682,#8683));
#1240=EDGE_LOOP('',(#8684,#8685,#8686,#8687));
#1241=EDGE_LOOP('',(#8688,#8689,#8690,#8691));
#1242=EDGE_LOOP('',(#8692,#8693,#8694,#8695));
#1243=EDGE_LOOP('',(#8696,#8697,#8698,#8699));
#1244=EDGE_LOOP('',(#8700,#8701,#8702,#8703));
#1245=EDGE_LOOP('',(#8704,#8705,#8706,#8707));
#1246=EDGE_LOOP('',(#8708,#8709,#8710,#8711));
#1247=EDGE_LOOP('',(#8712,#8713,#8714,#8715));
#1248=EDGE_LOOP('',(#8716,#8717,#8718,#8719));
#1249=EDGE_LOOP('',(#8720,#8721,#8722,#8723));
#1250=EDGE_LOOP('',(#8724,#8725,#8726,#8727));
#1251=EDGE_LOOP('',(#8728,#8729,#8730,#8731));
#1252=EDGE_LOOP('',(#8732,#8733,#8734,#8735,#8736,#8737,#8738,#8739,#8740,
#8741,#8742,#8743));
#1253=EDGE_LOOP('',(#8744,#8745,#8746,#8747));
#1254=EDGE_LOOP('',(#8748,#8749,#8750,#8751));
#1255=EDGE_LOOP('',(#8752,#8753,#8754,#8755));
#1256=EDGE_LOOP('',(#8756,#8757,#8758,#8759));
#1257=EDGE_LOOP('',(#8760,#8761,#8762,#8763));
#1258=EDGE_LOOP('',(#8764,#8765,#8766,#8767));
#1259=EDGE_LOOP('',(#8768,#8769,#8770,#8771));
#1260=EDGE_LOOP('',(#8772,#8773,#8774,#8775));
#1261=EDGE_LOOP('',(#8776,#8777,#8778,#8779));
#1262=EDGE_LOOP('',(#8780,#8781,#8782,#8783));
#1263=EDGE_LOOP('',(#8784,#8785,#8786,#8787));
#1264=EDGE_LOOP('',(#8788,#8789,#8790,#8791));
#1265=EDGE_LOOP('',(#8792,#8793,#8794,#8795,#8796,#8797,#8798,#8799,#8800,
#8801,#8802,#8803));
#1266=EDGE_LOOP('',(#8804,#8805,#8806,#8807));
#1267=EDGE_LOOP('',(#8808,#8809,#8810,#8811));
#1268=EDGE_LOOP('',(#8812,#8813,#8814,#8815));
#1269=EDGE_LOOP('',(#8816,#8817,#8818,#8819));
#1270=EDGE_LOOP('',(#8820,#8821,#8822,#8823));
#1271=EDGE_LOOP('',(#8824,#8825,#8826,#8827));
#1272=EDGE_LOOP('',(#8828,#8829,#8830,#8831));
#1273=EDGE_LOOP('',(#8832,#8833,#8834,#8835));
#1274=EDGE_LOOP('',(#8836,#8837,#8838,#8839));
#1275=EDGE_LOOP('',(#8840,#8841,#8842,#8843));
#1276=EDGE_LOOP('',(#8844,#8845,#8846,#8847));
#1277=EDGE_LOOP('',(#8848,#8849,#8850,#8851));
#1278=EDGE_LOOP('',(#8852,#8853,#8854,#8855,#8856,#8857,#8858,#8859,#8860,
#8861,#8862,#8863));
#1279=EDGE_LOOP('',(#8864,#8865,#8866,#8867));
#1280=EDGE_LOOP('',(#8868,#8869,#8870,#8871));
#1281=EDGE_LOOP('',(#8872,#8873,#8874,#8875));
#1282=EDGE_LOOP('',(#8876,#8877,#8878,#8879));
#1283=EDGE_LOOP('',(#8880,#8881,#8882,#8883));
#1284=EDGE_LOOP('',(#8884,#8885,#8886,#8887));
#1285=EDGE_LOOP('',(#8888,#8889,#8890,#8891));
#1286=EDGE_LOOP('',(#8892,#8893,#8894,#8895));
#1287=EDGE_LOOP('',(#8896,#8897,#8898,#8899));
#1288=EDGE_LOOP('',(#8900,#8901,#8902,#8903));
#1289=EDGE_LOOP('',(#8904,#8905,#8906,#8907));
#1290=EDGE_LOOP('',(#8908,#8909,#8910,#8911));
#1291=EDGE_LOOP('',(#8912,#8913,#8914,#8915,#8916,#8917,#8918,#8919,#8920,
#8921,#8922,#8923));
#1292=EDGE_LOOP('',(#8924,#8925,#8926,#8927));
#1293=EDGE_LOOP('',(#8928,#8929,#8930,#8931));
#1294=EDGE_LOOP('',(#8932,#8933,#8934,#8935));
#1295=EDGE_LOOP('',(#8936,#8937,#8938,#8939));
#1296=EDGE_LOOP('',(#8940,#8941,#8942,#8943));
#1297=EDGE_LOOP('',(#8944,#8945,#8946,#8947));
#1298=EDGE_LOOP('',(#8948,#8949,#8950,#8951));
#1299=EDGE_LOOP('',(#8952,#8953,#8954,#8955));
#1300=EDGE_LOOP('',(#8956,#8957,#8958,#8959));
#1301=EDGE_LOOP('',(#8960,#8961,#8962,#8963));
#1302=EDGE_LOOP('',(#8964,#8965,#8966,#8967));
#1303=EDGE_LOOP('',(#8968,#8969,#8970,#8971));
#1304=EDGE_LOOP('',(#8972,#8973,#8974,#8975,#8976,#8977,#8978,#8979,#8980,
#8981,#8982,#8983));
#1305=EDGE_LOOP('',(#8984,#8985,#8986,#8987));
#1306=EDGE_LOOP('',(#8988,#8989,#8990,#8991));
#1307=EDGE_LOOP('',(#8992,#8993,#8994,#8995));
#1308=EDGE_LOOP('',(#8996,#8997,#8998,#8999));
#1309=EDGE_LOOP('',(#9000,#9001,#9002,#9003));
#1310=EDGE_LOOP('',(#9004,#9005,#9006,#9007));
#1311=EDGE_LOOP('',(#9008,#9009,#9010,#9011));
#1312=EDGE_LOOP('',(#9012,#9013,#9014,#9015));
#1313=EDGE_LOOP('',(#9016,#9017,#9018,#9019));
#1314=EDGE_LOOP('',(#9020,#9021,#9022,#9023));
#1315=EDGE_LOOP('',(#9024,#9025,#9026,#9027));
#1316=EDGE_LOOP('',(#9028,#9029,#9030,#9031));
#1317=EDGE_LOOP('',(#9032,#9033,#9034,#9035,#9036,#9037,#9038,#9039,#9040,
#9041,#9042,#9043));
#1318=EDGE_LOOP('',(#9044,#9045,#9046,#9047));
#1319=EDGE_LOOP('',(#9048,#9049,#9050,#9051));
#1320=EDGE_LOOP('',(#9052,#9053,#9054,#9055));
#1321=EDGE_LOOP('',(#9056,#9057,#9058,#9059));
#1322=EDGE_LOOP('',(#9060,#9061,#9062,#9063));
#1323=EDGE_LOOP('',(#9064,#9065,#9066,#9067));
#1324=EDGE_LOOP('',(#9068,#9069,#9070,#9071));
#1325=EDGE_LOOP('',(#9072,#9073,#9074,#9075));
#1326=EDGE_LOOP('',(#9076,#9077,#9078,#9079));
#1327=EDGE_LOOP('',(#9080,#9081,#9082,#9083));
#1328=EDGE_LOOP('',(#9084,#9085,#9086,#9087));
#1329=EDGE_LOOP('',(#9088,#9089,#9090,#9091));
#1330=EDGE_LOOP('',(#9092,#9093,#9094,#9095,#9096,#9097,#9098,#9099,#9100,
#9101,#9102,#9103));
#1331=EDGE_LOOP('',(#9104,#9105,#9106,#9107));
#1332=EDGE_LOOP('',(#9108,#9109,#9110,#9111));
#1333=EDGE_LOOP('',(#9112,#9113,#9114,#9115));
#1334=EDGE_LOOP('',(#9116,#9117,#9118,#9119));
#1335=EDGE_LOOP('',(#9120,#9121,#9122,#9123));
#1336=EDGE_LOOP('',(#9124,#9125,#9126,#9127));
#1337=EDGE_LOOP('',(#9128,#9129,#9130,#9131));
#1338=EDGE_LOOP('',(#9132,#9133,#9134,#9135));
#1339=EDGE_LOOP('',(#9136,#9137,#9138,#9139));
#1340=EDGE_LOOP('',(#9140,#9141,#9142,#9143));
#1341=EDGE_LOOP('',(#9144,#9145,#9146,#9147));
#1342=EDGE_LOOP('',(#9148,#9149,#9150,#9151));
#1343=EDGE_LOOP('',(#9152,#9153,#9154,#9155,#9156,#9157,#9158,#9159,#9160,
#9161,#9162,#9163));
#1344=EDGE_LOOP('',(#9164,#9165,#9166,#9167));
#1345=EDGE_LOOP('',(#9168,#9169,#9170,#9171));
#1346=EDGE_LOOP('',(#9172,#9173,#9174,#9175));
#1347=EDGE_LOOP('',(#9176,#9177,#9178,#9179));
#1348=EDGE_LOOP('',(#9180,#9181,#9182,#9183));
#1349=EDGE_LOOP('',(#9184,#9185,#9186,#9187));
#1350=EDGE_LOOP('',(#9188,#9189,#9190,#9191));
#1351=EDGE_LOOP('',(#9192,#9193,#9194,#9195));
#1352=EDGE_LOOP('',(#9196,#9197,#9198,#9199));
#1353=EDGE_LOOP('',(#9200,#9201,#9202,#9203));
#1354=EDGE_LOOP('',(#9204,#9205,#9206,#9207));
#1355=EDGE_LOOP('',(#9208,#9209,#9210,#9211));
#1356=EDGE_LOOP('',(#9212,#9213,#9214,#9215,#9216,#9217,#9218,#9219,#9220,
#9221,#9222,#9223));
#1357=EDGE_LOOP('',(#9224,#9225,#9226,#9227));
#1358=EDGE_LOOP('',(#9228,#9229,#9230,#9231));
#1359=EDGE_LOOP('',(#9232,#9233,#9234,#9235));
#1360=EDGE_LOOP('',(#9236,#9237,#9238,#9239));
#1361=EDGE_LOOP('',(#9240,#9241,#9242,#9243));
#1362=EDGE_LOOP('',(#9244,#9245,#9246,#9247));
#1363=EDGE_LOOP('',(#9248,#9249,#9250,#9251));
#1364=EDGE_LOOP('',(#9252,#9253,#9254,#9255));
#1365=EDGE_LOOP('',(#9256,#9257,#9258,#9259));
#1366=EDGE_LOOP('',(#9260,#9261,#9262,#9263));
#1367=EDGE_LOOP('',(#9264,#9265,#9266,#9267));
#1368=EDGE_LOOP('',(#9268,#9269,#9270,#9271));
#1369=EDGE_LOOP('',(#9272,#9273,#9274,#9275,#9276,#9277,#9278,#9279,#9280,
#9281,#9282,#9283));
#1370=EDGE_LOOP('',(#9284,#9285,#9286,#9287));
#1371=EDGE_LOOP('',(#9288,#9289,#9290,#9291));
#1372=EDGE_LOOP('',(#9292,#9293,#9294,#9295));
#1373=EDGE_LOOP('',(#9296,#9297,#9298,#9299));
#1374=EDGE_LOOP('',(#9300,#9301,#9302,#9303));
#1375=EDGE_LOOP('',(#9304,#9305,#9306,#9307));
#1376=EDGE_LOOP('',(#9308,#9309,#9310,#9311));
#1377=EDGE_LOOP('',(#9312,#9313,#9314,#9315));
#1378=EDGE_LOOP('',(#9316,#9317,#9318,#9319));
#1379=EDGE_LOOP('',(#9320,#9321,#9322,#9323));
#1380=EDGE_LOOP('',(#9324,#9325,#9326,#9327));
#1381=EDGE_LOOP('',(#9328,#9329,#9330,#9331));
#1382=EDGE_LOOP('',(#9332,#9333,#9334,#9335,#9336,#9337,#9338,#9339,#9340,
#9341,#9342,#9343));
#1383=EDGE_LOOP('',(#9344,#9345,#9346,#9347));
#1384=EDGE_LOOP('',(#9348,#9349,#9350,#9351));
#1385=EDGE_LOOP('',(#9352,#9353,#9354,#9355));
#1386=EDGE_LOOP('',(#9356,#9357,#9358,#9359));
#1387=EDGE_LOOP('',(#9360,#9361,#9362,#9363));
#1388=EDGE_LOOP('',(#9364,#9365,#9366,#9367));
#1389=EDGE_LOOP('',(#9368,#9369,#9370,#9371));
#1390=EDGE_LOOP('',(#9372,#9373,#9374,#9375));
#1391=EDGE_LOOP('',(#9376,#9377,#9378,#9379));
#1392=EDGE_LOOP('',(#9380,#9381,#9382,#9383));
#1393=EDGE_LOOP('',(#9384,#9385,#9386,#9387));
#1394=EDGE_LOOP('',(#9388,#9389,#9390,#9391));
#1395=EDGE_LOOP('',(#9392,#9393,#9394,#9395,#9396,#9397,#9398,#9399,#9400,
#9401,#9402,#9403));
#1396=EDGE_LOOP('',(#9404,#9405,#9406,#9407));
#1397=EDGE_LOOP('',(#9408,#9409,#9410,#9411));
#1398=EDGE_LOOP('',(#9412,#9413,#9414,#9415));
#1399=EDGE_LOOP('',(#9416,#9417,#9418,#9419));
#1400=EDGE_LOOP('',(#9420,#9421,#9422,#9423));
#1401=EDGE_LOOP('',(#9424,#9425,#9426,#9427));
#1402=EDGE_LOOP('',(#9428,#9429,#9430,#9431));
#1403=EDGE_LOOP('',(#9432,#9433,#9434,#9435));
#1404=EDGE_LOOP('',(#9436,#9437,#9438,#9439));
#1405=EDGE_LOOP('',(#9440,#9441,#9442,#9443));
#1406=EDGE_LOOP('',(#9444,#9445,#9446,#9447));
#1407=EDGE_LOOP('',(#9448,#9449,#9450,#9451));
#1408=EDGE_LOOP('',(#9452,#9453,#9454,#9455,#9456,#9457,#9458,#9459,#9460,
#9461,#9462,#9463));
#1409=EDGE_LOOP('',(#9464,#9465,#9466,#9467));
#1410=EDGE_LOOP('',(#9468,#9469,#9470,#9471));
#1411=EDGE_LOOP('',(#9472,#9473,#9474,#9475));
#1412=EDGE_LOOP('',(#9476,#9477,#9478,#9479));
#1413=EDGE_LOOP('',(#9480,#9481,#9482,#9483));
#1414=EDGE_LOOP('',(#9484,#9485,#9486,#9487));
#1415=EDGE_LOOP('',(#9488,#9489,#9490,#9491));
#1416=EDGE_LOOP('',(#9492,#9493,#9494,#9495));
#1417=EDGE_LOOP('',(#9496,#9497,#9498,#9499));
#1418=EDGE_LOOP('',(#9500,#9501,#9502,#9503));
#1419=EDGE_LOOP('',(#9504,#9505,#9506,#9507));
#1420=EDGE_LOOP('',(#9508,#9509,#9510,#9511));
#1421=EDGE_LOOP('',(#9512,#9513,#9514,#9515,#9516,#9517,#9518,#9519,#9520,
#9521,#9522,#9523));
#1422=EDGE_LOOP('',(#9524,#9525,#9526,#9527));
#1423=EDGE_LOOP('',(#9528,#9529,#9530,#9531));
#1424=EDGE_LOOP('',(#9532,#9533,#9534,#9535));
#1425=EDGE_LOOP('',(#9536,#9537,#9538,#9539));
#1426=EDGE_LOOP('',(#9540,#9541,#9542,#9543));
#1427=EDGE_LOOP('',(#9544,#9545,#9546,#9547));
#1428=EDGE_LOOP('',(#9548,#9549,#9550,#9551));
#1429=EDGE_LOOP('',(#9552,#9553,#9554,#9555));
#1430=EDGE_LOOP('',(#9556,#9557,#9558,#9559));
#1431=EDGE_LOOP('',(#9560,#9561,#9562,#9563));
#1432=EDGE_LOOP('',(#9564,#9565,#9566,#9567));
#1433=EDGE_LOOP('',(#9568,#9569,#9570,#9571));
#1434=EDGE_LOOP('',(#9572,#9573,#9574,#9575,#9576,#9577,#9578,#9579,#9580,
#9581,#9582,#9583));
#1435=EDGE_LOOP('',(#9584,#9585,#9586,#9587));
#1436=EDGE_LOOP('',(#9588,#9589,#9590,#9591));
#1437=EDGE_LOOP('',(#9592,#9593,#9594,#9595));
#1438=EDGE_LOOP('',(#9596,#9597,#9598,#9599));
#1439=EDGE_LOOP('',(#9600,#9601,#9602,#9603));
#1440=EDGE_LOOP('',(#9604,#9605,#9606,#9607));
#1441=EDGE_LOOP('',(#9608,#9609,#9610,#9611));
#1442=EDGE_LOOP('',(#9612,#9613,#9614,#9615));
#1443=EDGE_LOOP('',(#9616,#9617,#9618,#9619));
#1444=EDGE_LOOP('',(#9620,#9621,#9622,#9623));
#1445=EDGE_LOOP('',(#9624,#9625,#9626,#9627));
#1446=EDGE_LOOP('',(#9628,#9629,#9630,#9631));
#1447=EDGE_LOOP('',(#9632,#9633,#9634,#9635,#9636,#9637,#9638,#9639,#9640,
#9641,#9642,#9643));
#1448=EDGE_LOOP('',(#9644,#9645,#9646,#9647));
#1449=EDGE_LOOP('',(#9648,#9649,#9650,#9651));
#1450=EDGE_LOOP('',(#9652,#9653,#9654,#9655));
#1451=EDGE_LOOP('',(#9656,#9657,#9658,#9659));
#1452=EDGE_LOOP('',(#9660,#9661,#9662,#9663));
#1453=EDGE_LOOP('',(#9664,#9665,#9666,#9667));
#1454=EDGE_LOOP('',(#9668,#9669,#9670,#9671));
#1455=EDGE_LOOP('',(#9672,#9673,#9674,#9675));
#1456=EDGE_LOOP('',(#9676,#9677,#9678,#9679));
#1457=EDGE_LOOP('',(#9680,#9681,#9682,#9683));
#1458=EDGE_LOOP('',(#9684,#9685,#9686,#9687));
#1459=EDGE_LOOP('',(#9688,#9689,#9690,#9691));
#1460=EDGE_LOOP('',(#9692,#9693,#9694,#9695,#9696,#9697,#9698,#9699,#9700,
#9701,#9702,#9703));
#1461=EDGE_LOOP('',(#9704,#9705,#9706,#9707));
#1462=EDGE_LOOP('',(#9708,#9709,#9710,#9711));
#1463=EDGE_LOOP('',(#9712,#9713,#9714,#9715));
#1464=EDGE_LOOP('',(#9716,#9717,#9718,#9719));
#1465=EDGE_LOOP('',(#9720,#9721,#9722,#9723));
#1466=EDGE_LOOP('',(#9724,#9725,#9726,#9727));
#1467=EDGE_LOOP('',(#9728,#9729,#9730,#9731));
#1468=EDGE_LOOP('',(#9732,#9733,#9734,#9735));
#1469=EDGE_LOOP('',(#9736,#9737,#9738,#9739));
#1470=EDGE_LOOP('',(#9740,#9741,#9742,#9743));
#1471=EDGE_LOOP('',(#9744,#9745,#9746,#9747));
#1472=EDGE_LOOP('',(#9748,#9749,#9750,#9751));
#1473=EDGE_LOOP('',(#9752,#9753,#9754,#9755));
#1474=EDGE_LOOP('',(#9756,#9757,#9758,#9759));
#1475=EDGE_LOOP('',(#9760,#9761,#9762,#9763));
#1476=EDGE_LOOP('',(#9764,#9765,#9766,#9767));
#1477=EDGE_LOOP('',(#9768,#9769,#9770,#9771));
#1478=EDGE_LOOP('',(#9772,#9773,#9774,#9775));
#1479=EDGE_LOOP('',(#9776,#9777,#9778,#9779));
#1480=EDGE_LOOP('',(#9780,#9781,#9782,#9783));
#1481=EDGE_LOOP('',(#9784,#9785,#9786,#9787));
#1482=EDGE_LOOP('',(#9788,#9789,#9790,#9791));
#1483=EDGE_LOOP('',(#9792,#9793,#9794,#9795));
#1484=EDGE_LOOP('',(#9796,#9797,#9798,#9799));
#1485=EDGE_LOOP('',(#9800,#9801,#9802,#9803));
#1486=EDGE_LOOP('',(#9804,#9805,#9806,#9807));
#1487=EDGE_LOOP('',(#9808,#9809,#9810,#9811));
#1488=EDGE_LOOP('',(#9812,#9813,#9814,#9815));
#1489=EDGE_LOOP('',(#9816,#9817,#9818,#9819));
#1490=EDGE_LOOP('',(#9820,#9821,#9822,#9823));
#1491=EDGE_LOOP('',(#9824,#9825,#9826,#9827));
#1492=EDGE_LOOP('',(#9828,#9829,#9830,#9831));
#1493=EDGE_LOOP('',(#9832,#9833,#9834,#9835));
#1494=EDGE_LOOP('',(#9836,#9837,#9838,#9839));
#1495=EDGE_LOOP('',(#9840,#9841,#9842,#9843));
#1496=EDGE_LOOP('',(#9844,#9845,#9846,#9847));
#1497=EDGE_LOOP('',(#9848,#9849,#9850,#9851));
#1498=EDGE_LOOP('',(#9852,#9853,#9854,#9855));
#1499=EDGE_LOOP('',(#9856,#9857,#9858,#9859));
#1500=EDGE_LOOP('',(#9860,#9861,#9862,#9863));
#1501=EDGE_LOOP('',(#9864,#9865,#9866,#9867));
#1502=EDGE_LOOP('',(#9868,#9869,#9870,#9871));
#1503=EDGE_LOOP('',(#9872,#9873,#9874,#9875));
#1504=EDGE_LOOP('',(#9876,#9877,#9878,#9879));
#1505=EDGE_LOOP('',(#9880,#9881,#9882,#9883));
#1506=EDGE_LOOP('',(#9884,#9885,#9886,#9887));
#1507=EDGE_LOOP('',(#9888,#9889,#9890,#9891));
#1508=EDGE_LOOP('',(#9892,#9893,#9894,#9895));
#1509=EDGE_LOOP('',(#9896,#9897,#9898,#9899));
#1510=EDGE_LOOP('',(#9900,#9901,#9902,#9903));
#1511=EDGE_LOOP('',(#9904,#9905,#9906,#9907));
#1512=EDGE_LOOP('',(#9908,#9909,#9910,#9911));
#1513=EDGE_LOOP('',(#9912,#9913,#9914,#9915));
#1514=EDGE_LOOP('',(#9916,#9917,#9918,#9919));
#1515=EDGE_LOOP('',(#9920,#9921,#9922,#9923));
#1516=EDGE_LOOP('',(#9924,#9925,#9926,#9927));
#1517=EDGE_LOOP('',(#9928,#9929,#9930,#9931));
#1518=EDGE_LOOP('',(#9932,#9933,#9934,#9935));
#1519=EDGE_LOOP('',(#9936,#9937,#9938,#9939));
#1520=EDGE_LOOP('',(#9940,#9941,#9942,#9943));
#1521=EDGE_LOOP('',(#9944,#9945,#9946,#9947));
#1522=EDGE_LOOP('',(#9948,#9949,#9950,#9951));
#1523=EDGE_LOOP('',(#9952,#9953,#9954,#9955));
#1524=EDGE_LOOP('',(#9956,#9957,#9958,#9959));
#1525=EDGE_LOOP('',(#9960,#9961,#9962,#9963));
#1526=EDGE_LOOP('',(#9964,#9965,#9966,#9967));
#1527=EDGE_LOOP('',(#9968,#9969,#9970,#9971));
#1528=EDGE_LOOP('',(#9972,#9973,#9974,#9975));
#1529=EDGE_LOOP('',(#9976,#9977,#9978,#9979));
#1530=EDGE_LOOP('',(#9980,#9981,#9982,#9983));
#1531=EDGE_LOOP('',(#9984,#9985,#9986,#9987));
#1532=EDGE_LOOP('',(#9988,#9989,#9990,#9991));
#1533=EDGE_LOOP('',(#9992,#9993,#9994,#9995));
#1534=EDGE_LOOP('',(#9996,#9997,#9998,#9999));
#1535=EDGE_LOOP('',(#10000,#10001,#10002,#10003));
#1536=EDGE_LOOP('',(#10004,#10005,#10006,#10007));
#1537=EDGE_LOOP('',(#10008,#10009,#10010,#10011));
#1538=EDGE_LOOP('',(#10012,#10013,#10014,#10015));
#1539=EDGE_LOOP('',(#10016,#10017,#10018,#10019));
#1540=EDGE_LOOP('',(#10020,#10021,#10022,#10023));
#1541=EDGE_LOOP('',(#10024,#10025,#10026,#10027));
#1542=EDGE_LOOP('',(#10028,#10029,#10030,#10031));
#1543=EDGE_LOOP('',(#10032,#10033,#10034,#10035));
#1544=EDGE_LOOP('',(#10036,#10037,#10038,#10039));
#1545=EDGE_LOOP('',(#10040,#10041,#10042,#10043,#10044,#10045,#10046,#10047,
#10048,#10049,#10050,#10051));
#1546=EDGE_LOOP('',(#10052,#10053,#10054,#10055));
#1547=EDGE_LOOP('',(#10056,#10057,#10058,#10059));
#1548=EDGE_LOOP('',(#10060,#10061,#10062,#10063));
#1549=EDGE_LOOP('',(#10064,#10065,#10066,#10067));
#1550=EDGE_LOOP('',(#10068,#10069,#10070,#10071));
#1551=EDGE_LOOP('',(#10072,#10073,#10074,#10075));
#1552=EDGE_LOOP('',(#10076,#10077,#10078,#10079));
#1553=EDGE_LOOP('',(#10080,#10081,#10082,#10083));
#1554=EDGE_LOOP('',(#10084,#10085,#10086,#10087));
#1555=EDGE_LOOP('',(#10088,#10089,#10090,#10091));
#1556=EDGE_LOOP('',(#10092,#10093,#10094,#10095));
#1557=EDGE_LOOP('',(#10096,#10097,#10098,#10099));
#1558=EDGE_LOOP('',(#10100,#10101,#10102,#10103,#10104,#10105,#10106,#10107,
#10108,#10109,#10110,#10111));
#1559=EDGE_LOOP('',(#10112,#10113,#10114,#10115));
#1560=EDGE_LOOP('',(#10116,#10117,#10118,#10119));
#1561=EDGE_LOOP('',(#10120,#10121,#10122,#10123));
#1562=EDGE_LOOP('',(#10124,#10125,#10126,#10127));
#1563=EDGE_LOOP('',(#10128,#10129,#10130,#10131));
#1564=EDGE_LOOP('',(#10132,#10133,#10134,#10135));
#1565=EDGE_LOOP('',(#10136,#10137,#10138,#10139));
#1566=EDGE_LOOP('',(#10140,#10141,#10142,#10143));
#1567=EDGE_LOOP('',(#10144,#10145,#10146,#10147));
#1568=EDGE_LOOP('',(#10148,#10149,#10150,#10151));
#1569=EDGE_LOOP('',(#10152,#10153,#10154,#10155));
#1570=EDGE_LOOP('',(#10156,#10157,#10158,#10159));
#1571=EDGE_LOOP('',(#10160,#10161,#10162,#10163,#10164,#10165,#10166,#10167,
#10168,#10169,#10170,#10171));
#1572=EDGE_LOOP('',(#10172,#10173,#10174,#10175));
#1573=EDGE_LOOP('',(#10176,#10177,#10178,#10179));
#1574=EDGE_LOOP('',(#10180,#10181,#10182,#10183));
#1575=EDGE_LOOP('',(#10184,#10185,#10186,#10187));
#1576=EDGE_LOOP('',(#10188,#10189,#10190,#10191));
#1577=EDGE_LOOP('',(#10192,#10193,#10194,#10195));
#1578=EDGE_LOOP('',(#10196,#10197,#10198,#10199));
#1579=EDGE_LOOP('',(#10200,#10201,#10202,#10203));
#1580=EDGE_LOOP('',(#10204,#10205,#10206,#10207));
#1581=EDGE_LOOP('',(#10208,#10209,#10210,#10211));
#1582=EDGE_LOOP('',(#10212,#10213,#10214,#10215));
#1583=LINE('',#15626,#2670);
#1584=LINE('',#15630,#2671);
#1585=LINE('',#15634,#2672);
#1586=LINE('',#15638,#2673);
#1587=LINE('',#15642,#2674);
#1588=LINE('',#15645,#2675);
#1589=LINE('',#15651,#2676);
#1590=LINE('',#15655,#2677);
#1591=LINE('',#15659,#2678);
#1592=LINE('',#15663,#2679);
#1593=LINE('',#15667,#2680);
#1594=LINE('',#15670,#2681);
#1595=LINE('',#15676,#2682);
#1596=LINE('',#15680,#2683);
#1597=LINE('',#15684,#2684);
#1598=LINE('',#15688,#2685);
#1599=LINE('',#15692,#2686);
#1600=LINE('',#15695,#2687);
#1601=LINE('',#15701,#2688);
#1602=LINE('',#15705,#2689);
#1603=LINE('',#15709,#2690);
#1604=LINE('',#15713,#2691);
#1605=LINE('',#15717,#2692);
#1606=LINE('',#15720,#2693);
#1607=LINE('',#15726,#2694);
#1608=LINE('',#15730,#2695);
#1609=LINE('',#15734,#2696);
#1610=LINE('',#15738,#2697);
#1611=LINE('',#15742,#2698);
#1612=LINE('',#15745,#2699);
#1613=LINE('',#15751,#2700);
#1614=LINE('',#15755,#2701);
#1615=LINE('',#15759,#2702);
#1616=LINE('',#15763,#2703);
#1617=LINE('',#15767,#2704);
#1618=LINE('',#15770,#2705);
#1619=LINE('',#15776,#2706);
#1620=LINE('',#15780,#2707);
#1621=LINE('',#15784,#2708);
#1622=LINE('',#15788,#2709);
#1623=LINE('',#15792,#2710);
#1624=LINE('',#15795,#2711);
#1625=LINE('',#15801,#2712);
#1626=LINE('',#15804,#2713);
#1627=LINE('',#15807,#2714);
#1628=LINE('',#15809,#2715);
#1629=LINE('',#15810,#2716);
#1630=LINE('',#15816,#2717);
#1631=LINE('',#15819,#2718);
#1632=LINE('',#15821,#2719);
#1633=LINE('',#15823,#2720);
#1634=LINE('',#15825,#2721);
#1635=LINE('',#15827,#2722);
#1636=LINE('',#15829,#2723);
#1637=LINE('',#15831,#2724);
#1638=LINE('',#15833,#2725);
#1639=LINE('',#15835,#2726);
#1640=LINE('',#15837,#2727);
#1641=LINE('',#15838,#2728);
#1642=LINE('',#15841,#2729);
#1643=LINE('',#15845,#2730);
#1644=LINE('',#15849,#2731);
#1645=LINE('',#15855,#2732);
#1646=LINE('',#15859,#2733);
#1647=LINE('',#15863,#2734);
#1648=LINE('',#15867,#2735);
#1649=LINE('',#15871,#2736);
#1650=LINE('',#15874,#2737);
#1651=LINE('',#15879,#2738);
#1652=LINE('',#15883,#2739);
#1653=LINE('',#15887,#2740);
#1654=LINE('',#15891,#2741);
#1655=LINE('',#15895,#2742);
#1656=LINE('',#15898,#2743);
#1657=LINE('',#15903,#2744);
#1658=LINE('',#15907,#2745);
#1659=LINE('',#15911,#2746);
#1660=LINE('',#15915,#2747);
#1661=LINE('',#15919,#2748);
#1662=LINE('',#15922,#2749);
#1663=LINE('',#15927,#2750);
#1664=LINE('',#15931,#2751);
#1665=LINE('',#15935,#2752);
#1666=LINE('',#15939,#2753);
#1667=LINE('',#15943,#2754);
#1668=LINE('',#15946,#2755);
#1669=LINE('',#15951,#2756);
#1670=LINE('',#15955,#2757);
#1671=LINE('',#15959,#2758);
#1672=LINE('',#15963,#2759);
#1673=LINE('',#15967,#2760);
#1674=LINE('',#15970,#2761);
#1675=LINE('',#15975,#2762);
#1676=LINE('',#15979,#2763);
#1677=LINE('',#15983,#2764);
#1678=LINE('',#15987,#2765);
#1679=LINE('',#15991,#2766);
#1680=LINE('',#15994,#2767);
#1681=LINE('',#15999,#2768);
#1682=LINE('',#16003,#2769);
#1683=LINE('',#16007,#2770);
#1684=LINE('',#16011,#2771);
#1685=LINE('',#16015,#2772);
#1686=LINE('',#16018,#2773);
#1687=LINE('',#16023,#2774);
#1688=LINE('',#16027,#2775);
#1689=LINE('',#16031,#2776);
#1690=LINE('',#16035,#2777);
#1691=LINE('',#16039,#2778);
#1692=LINE('',#16042,#2779);
#1693=LINE('',#16047,#2780);
#1694=LINE('',#16051,#2781);
#1695=LINE('',#16055,#2782);
#1696=LINE('',#16059,#2783);
#1697=LINE('',#16063,#2784);
#1698=LINE('',#16066,#2785);
#1699=LINE('',#16069,#2786);
#1700=LINE('',#16073,#2787);
#1701=LINE('',#16077,#2788);
#1702=LINE('',#16081,#2789);
#1703=LINE('',#16085,#2790);
#1704=LINE('',#16089,#2791);
#1705=LINE('',#16093,#2792);
#1706=LINE('',#16096,#2793);
#1707=LINE('',#16099,#2794);
#1708=LINE('',#16101,#2795);
#1709=LINE('',#16103,#2796);
#1710=LINE('',#16105,#2797);
#1711=LINE('',#16107,#2798);
#1712=LINE('',#16109,#2799);
#1713=LINE('',#16111,#2800);
#1714=LINE('',#16113,#2801);
#1715=LINE('',#16115,#2802);
#1716=LINE('',#16116,#2803);
#1717=LINE('',#16124,#2804);
#1718=LINE('',#16128,#2805);
#1719=LINE('',#16130,#2806);
#1720=LINE('',#16131,#2807);
#1721=LINE('',#16138,#2808);
#1722=LINE('',#16142,#2809);
#1723=LINE('',#16146,#2810);
#1724=LINE('',#16150,#2811);
#1725=LINE('',#16154,#2812);
#1726=LINE('',#16157,#2813);
#1727=LINE('',#16162,#2814);
#1728=LINE('',#16166,#2815);
#1729=LINE('',#16170,#2816);
#1730=LINE('',#16174,#2817);
#1731=LINE('',#16178,#2818);
#1732=LINE('',#16181,#2819);
#1733=LINE('',#16186,#2820);
#1734=LINE('',#16190,#2821);
#1735=LINE('',#16194,#2822);
#1736=LINE('',#16198,#2823);
#1737=LINE('',#16202,#2824);
#1738=LINE('',#16205,#2825);
#1739=LINE('',#16210,#2826);
#1740=LINE('',#16214,#2827);
#1741=LINE('',#16218,#2828);
#1742=LINE('',#16222,#2829);
#1743=LINE('',#16226,#2830);
#1744=LINE('',#16229,#2831);
#1745=LINE('',#16234,#2832);
#1746=LINE('',#16238,#2833);
#1747=LINE('',#16242,#2834);
#1748=LINE('',#16246,#2835);
#1749=LINE('',#16250,#2836);
#1750=LINE('',#16253,#2837);
#1751=LINE('',#16258,#2838);
#1752=LINE('',#16262,#2839);
#1753=LINE('',#16266,#2840);
#1754=LINE('',#16270,#2841);
#1755=LINE('',#16274,#2842);
#1756=LINE('',#16277,#2843);
#1757=LINE('',#16282,#2844);
#1758=LINE('',#16286,#2845);
#1759=LINE('',#16290,#2846);
#1760=LINE('',#16294,#2847);
#1761=LINE('',#16298,#2848);
#1762=LINE('',#16301,#2849);
#1763=LINE('',#16306,#2850);
#1764=LINE('',#16310,#2851);
#1765=LINE('',#16314,#2852);
#1766=LINE('',#16318,#2853);
#1767=LINE('',#16322,#2854);
#1768=LINE('',#16325,#2855);
#1769=LINE('',#16330,#2856);
#1770=LINE('',#16334,#2857);
#1771=LINE('',#16338,#2858);
#1772=LINE('',#16342,#2859);
#1773=LINE('',#16346,#2860);
#1774=LINE('',#16349,#2861);
#1775=LINE('',#16352,#2862);
#1776=LINE('',#16356,#2863);
#1777=LINE('',#16360,#2864);
#1778=LINE('',#16364,#2865);
#1779=LINE('',#16368,#2866);
#1780=LINE('',#16372,#2867);
#1781=LINE('',#16377,#2868);
#1782=LINE('',#16378,#2869);
#1783=LINE('',#16380,#2870);
#1784=LINE('',#16382,#2871);
#1785=LINE('',#16384,#2872);
#1786=LINE('',#16385,#2873);
#1787=LINE('',#16387,#2874);
#1788=LINE('',#16389,#2875);
#1789=LINE('',#16391,#2876);
#1790=LINE('',#16392,#2877);
#1791=LINE('',#16394,#2878);
#1792=LINE('',#16396,#2879);
#1793=LINE('',#16405,#2880);
#1794=LINE('',#16408,#2881);
#1795=LINE('',#16411,#2882);
#1796=LINE('',#16415,#2883);
#1797=LINE('',#16419,#2884);
#1798=LINE('',#16423,#2885);
#1799=LINE('',#16427,#2886);
#1800=LINE('',#16430,#2887);
#1801=LINE('',#16433,#2888);
#1802=LINE('',#16434,#2889);
#1803=LINE('',#16438,#2890);
#1804=LINE('',#16441,#2891);
#1805=LINE('',#16444,#2892);
#1806=LINE('',#16447,#2893);
#1807=LINE('',#16448,#2894);
#1808=LINE('',#16452,#2895);
#1809=LINE('',#16455,#2896);
#1810=LINE('',#16458,#2897);
#1811=LINE('',#16461,#2898);
#1812=LINE('',#16462,#2899);
#1813=LINE('',#16466,#2900);
#1814=LINE('',#16468,#2901);
#1815=LINE('',#16470,#2902);
#1816=LINE('',#16472,#2903);
#1817=LINE('',#16477,#2904);
#1818=LINE('',#16478,#2905);
#1819=LINE('',#16481,#2906);
#1820=LINE('',#16485,#2907);
#1821=LINE('',#16489,#2908);
#1822=LINE('',#16493,#2909);
#1823=LINE('',#16497,#2910);
#1824=LINE('',#16500,#2911);
#1825=LINE('',#16502,#2912);
#1826=LINE('',#16504,#2913);
#1827=LINE('',#16506,#2914);
#1828=LINE('',#16507,#2915);
#1829=LINE('',#16509,#2916);
#1830=LINE('',#16511,#2917);
#1831=LINE('',#16513,#2918);
#1832=LINE('',#16514,#2919);
#1833=LINE('',#16516,#2920);
#1834=LINE('',#16518,#2921);
#1835=LINE('',#16527,#2922);
#1836=LINE('',#16530,#2923);
#1837=LINE('',#16533,#2924);
#1838=LINE('',#16537,#2925);
#1839=LINE('',#16541,#2926);
#1840=LINE('',#16545,#2927);
#1841=LINE('',#16549,#2928);
#1842=LINE('',#16552,#2929);
#1843=LINE('',#16555,#2930);
#1844=LINE('',#16556,#2931);
#1845=LINE('',#16560,#2932);
#1846=LINE('',#16563,#2933);
#1847=LINE('',#16566,#2934);
#1848=LINE('',#16569,#2935);
#1849=LINE('',#16570,#2936);
#1850=LINE('',#16574,#2937);
#1851=LINE('',#16577,#2938);
#1852=LINE('',#16580,#2939);
#1853=LINE('',#16583,#2940);
#1854=LINE('',#16584,#2941);
#1855=LINE('',#16588,#2942);
#1856=LINE('',#16590,#2943);
#1857=LINE('',#16592,#2944);
#1858=LINE('',#16594,#2945);
#1859=LINE('',#16605,#2946);
#1860=LINE('',#16608,#2947);
#1861=LINE('',#16610,#2948);
#1862=LINE('',#16611,#2949);
#1863=LINE('',#16625,#2950);
#1864=LINE('',#16629,#2951);
#1865=LINE('',#16633,#2952);
#1866=LINE('',#16637,#2953);
#1867=LINE('',#16641,#2954);
#1868=LINE('',#16644,#2955);
#1869=LINE('',#16649,#2956);
#1870=LINE('',#16653,#2957);
#1871=LINE('',#16657,#2958);
#1872=LINE('',#16661,#2959);
#1873=LINE('',#16665,#2960);
#1874=LINE('',#16668,#2961);
#1875=LINE('',#16673,#2962);
#1876=LINE('',#16677,#2963);
#1877=LINE('',#16681,#2964);
#1878=LINE('',#16685,#2965);
#1879=LINE('',#16689,#2966);
#1880=LINE('',#16692,#2967);
#1881=LINE('',#16697,#2968);
#1882=LINE('',#16701,#2969);
#1883=LINE('',#16705,#2970);
#1884=LINE('',#16709,#2971);
#1885=LINE('',#16713,#2972);
#1886=LINE('',#16716,#2973);
#1887=LINE('',#16721,#2974);
#1888=LINE('',#16725,#2975);
#1889=LINE('',#16729,#2976);
#1890=LINE('',#16733,#2977);
#1891=LINE('',#16737,#2978);
#1892=LINE('',#16740,#2979);
#1893=LINE('',#16745,#2980);
#1894=LINE('',#16749,#2981);
#1895=LINE('',#16753,#2982);
#1896=LINE('',#16757,#2983);
#1897=LINE('',#16761,#2984);
#1898=LINE('',#16764,#2985);
#1899=LINE('',#16769,#2986);
#1900=LINE('',#16773,#2987);
#1901=LINE('',#16777,#2988);
#1902=LINE('',#16781,#2989);
#1903=LINE('',#16785,#2990);
#1904=LINE('',#16788,#2991);
#1905=LINE('',#16793,#2992);
#1906=LINE('',#16797,#2993);
#1907=LINE('',#16801,#2994);
#1908=LINE('',#16805,#2995);
#1909=LINE('',#16809,#2996);
#1910=LINE('',#16812,#2997);
#1911=LINE('',#16817,#2998);
#1912=LINE('',#16821,#2999);
#1913=LINE('',#16825,#3000);
#1914=LINE('',#16829,#3001);
#1915=LINE('',#16833,#3002);
#1916=LINE('',#16836,#3003);
#1917=LINE('',#16838,#3004);
#1918=LINE('',#16843,#3005);
#1919=LINE('',#16847,#3006);
#1920=LINE('',#16851,#3007);
#1921=LINE('',#16855,#3008);
#1922=LINE('',#16859,#3009);
#1923=LINE('',#16862,#3010);
#1924=LINE('',#16867,#3011);
#1925=LINE('',#16871,#3012);
#1926=LINE('',#16875,#3013);
#1927=LINE('',#16879,#3014);
#1928=LINE('',#16883,#3015);
#1929=LINE('',#16886,#3016);
#1930=LINE('',#16891,#3017);
#1931=LINE('',#16895,#3018);
#1932=LINE('',#16899,#3019);
#1933=LINE('',#16903,#3020);
#1934=LINE('',#16907,#3021);
#1935=LINE('',#16910,#3022);
#1936=LINE('',#16915,#3023);
#1937=LINE('',#16919,#3024);
#1938=LINE('',#16923,#3025);
#1939=LINE('',#16927,#3026);
#1940=LINE('',#16931,#3027);
#1941=LINE('',#16934,#3028);
#1942=LINE('',#16939,#3029);
#1943=LINE('',#16943,#3030);
#1944=LINE('',#16947,#3031);
#1945=LINE('',#16951,#3032);
#1946=LINE('',#16955,#3033);
#1947=LINE('',#16958,#3034);
#1948=LINE('',#16963,#3035);
#1949=LINE('',#16967,#3036);
#1950=LINE('',#16971,#3037);
#1951=LINE('',#16975,#3038);
#1952=LINE('',#16979,#3039);
#1953=LINE('',#16982,#3040);
#1954=LINE('',#16987,#3041);
#1955=LINE('',#16991,#3042);
#1956=LINE('',#16995,#3043);
#1957=LINE('',#16999,#3044);
#1958=LINE('',#17003,#3045);
#1959=LINE('',#17006,#3046);
#1960=LINE('',#17011,#3047);
#1961=LINE('',#17015,#3048);
#1962=LINE('',#17019,#3049);
#1963=LINE('',#17023,#3050);
#1964=LINE('',#17027,#3051);
#1965=LINE('',#17030,#3052);
#1966=LINE('',#17035,#3053);
#1967=LINE('',#17039,#3054);
#1968=LINE('',#17043,#3055);
#1969=LINE('',#17047,#3056);
#1970=LINE('',#17051,#3057);
#1971=LINE('',#17054,#3058);
#1972=LINE('',#17063,#3059);
#1973=LINE('',#17066,#3060);
#1974=LINE('',#17067,#3061);
#1975=LINE('',#17078,#3062);
#1976=LINE('',#17080,#3063);
#1977=LINE('',#17082,#3064);
#1978=LINE('',#17088,#3065);
#1979=LINE('',#17093,#3066);
#1980=LINE('',#17101,#3067);
#1981=LINE('',#17105,#3068);
#1982=LINE('',#17109,#3069);
#1983=LINE('',#17111,#3070);
#1984=LINE('',#17112,#3071);
#1985=LINE('',#17116,#3072);
#1986=LINE('',#17120,#3073);
#1987=LINE('',#17121,#3074);
#1988=LINE('',#17125,#3075);
#1989=LINE('',#17129,#3076);
#1990=LINE('',#17130,#3077);
#1991=LINE('',#17134,#3078);
#1992=LINE('',#17138,#3079);
#1993=LINE('',#17143,#3080);
#1994=LINE('',#17144,#3081);
#1995=LINE('',#17145,#3082);
#1996=LINE('',#17149,#3083);
#1997=LINE('',#17155,#3084);
#1998=LINE('',#17156,#3085);
#1999=LINE('',#17157,#3086);
#2000=LINE('',#17161,#3087);
#2001=LINE('',#17167,#3088);
#2002=LINE('',#17168,#3089);
#2003=LINE('',#17169,#3090);
#2004=LINE('',#17173,#3091);
#2005=LINE('',#17177,#3092);
#2006=LINE('',#17178,#3093);
#2007=LINE('',#17181,#3094);
#2008=LINE('',#17182,#3095);
#2009=LINE('',#17183,#3096);
#2010=LINE('',#17185,#3097);
#2011=LINE('',#17188,#3098);
#2012=LINE('',#17190,#3099);
#2013=LINE('',#17193,#3100);
#2014=LINE('',#17195,#3101);
#2015=LINE('',#17197,#3102);
#2016=LINE('',#17201,#3103);
#2017=LINE('',#17202,#3104);
#2018=LINE('',#17210,#3105);
#2019=LINE('',#17217,#3106);
#2020=LINE('',#17220,#3107);
#2021=LINE('',#17224,#3108);
#2022=LINE('',#17228,#3109);
#2023=LINE('',#17233,#3110);
#2024=LINE('',#17234,#3111);
#2025=LINE('',#17235,#3112);
#2026=LINE('',#17239,#3113);
#2027=LINE('',#17245,#3114);
#2028=LINE('',#17246,#3115);
#2029=LINE('',#17247,#3116);
#2030=LINE('',#17251,#3117);
#2031=LINE('',#17257,#3118);
#2032=LINE('',#17258,#3119);
#2033=LINE('',#17259,#3120);
#2034=LINE('',#17263,#3121);
#2035=LINE('',#17267,#3122);
#2036=LINE('',#17268,#3123);
#2037=LINE('',#17271,#3124);
#2038=LINE('',#17273,#3125);
#2039=LINE('',#17274,#3126);
#2040=LINE('',#17277,#3127);
#2041=LINE('',#17281,#3128);
#2042=LINE('',#17282,#3129);
#2043=LINE('',#17285,#3130);
#2044=LINE('',#17289,#3131);
#2045=LINE('',#17290,#3132);
#2046=LINE('',#17292,#3133);
#2047=LINE('',#17295,#3134);
#2048=LINE('',#17296,#3135);
#2049=LINE('',#17300,#3136);
#2050=LINE('',#17301,#3137);
#2051=LINE('',#17305,#3138);
#2052=LINE('',#17306,#3139);
#2053=LINE('',#17309,#3140);
#2054=LINE('',#17311,#3141);
#2055=LINE('',#17314,#3142);
#2056=LINE('',#17317,#3143);
#2057=LINE('',#17319,#3144);
#2058=LINE('',#17327,#3145);
#2059=LINE('',#17328,#3146);
#2060=LINE('',#17331,#3147);
#2061=LINE('',#17335,#3148);
#2062=LINE('',#17339,#3149);
#2063=LINE('',#17343,#3150);
#2064=LINE('',#17347,#3151);
#2065=LINE('',#17350,#3152);
#2066=LINE('',#17352,#3153);
#2067=LINE('',#17354,#3154);
#2068=LINE('',#17356,#3155);
#2069=LINE('',#17357,#3156);
#2070=LINE('',#17359,#3157);
#2071=LINE('',#17361,#3158);
#2072=LINE('',#17363,#3159);
#2073=LINE('',#17364,#3160);
#2074=LINE('',#17366,#3161);
#2075=LINE('',#17368,#3162);
#2076=LINE('',#17376,#3163);
#2077=LINE('',#17377,#3164);
#2078=LINE('',#17380,#3165);
#2079=LINE('',#17384,#3166);
#2080=LINE('',#17388,#3167);
#2081=LINE('',#17392,#3168);
#2082=LINE('',#17396,#3169);
#2083=LINE('',#17399,#3170);
#2084=LINE('',#17401,#3171);
#2085=LINE('',#17403,#3172);
#2086=LINE('',#17405,#3173);
#2087=LINE('',#17406,#3174);
#2088=LINE('',#17408,#3175);
#2089=LINE('',#17410,#3176);
#2090=LINE('',#17412,#3177);
#2091=LINE('',#17413,#3178);
#2092=LINE('',#17415,#3179);
#2093=LINE('',#17417,#3180);
#2094=LINE('',#17425,#3181);
#2095=LINE('',#17426,#3182);
#2096=LINE('',#17429,#3183);
#2097=LINE('',#17433,#3184);
#2098=LINE('',#17437,#3185);
#2099=LINE('',#17441,#3186);
#2100=LINE('',#17445,#3187);
#2101=LINE('',#17448,#3188);
#2102=LINE('',#17450,#3189);
#2103=LINE('',#17452,#3190);
#2104=LINE('',#17454,#3191);
#2105=LINE('',#17455,#3192);
#2106=LINE('',#17457,#3193);
#2107=LINE('',#17459,#3194);
#2108=LINE('',#17461,#3195);
#2109=LINE('',#17462,#3196);
#2110=LINE('',#17464,#3197);
#2111=LINE('',#17466,#3198);
#2112=LINE('',#17474,#3199);
#2113=LINE('',#17475,#3200);
#2114=LINE('',#17478,#3201);
#2115=LINE('',#17482,#3202);
#2116=LINE('',#17486,#3203);
#2117=LINE('',#17490,#3204);
#2118=LINE('',#17494,#3205);
#2119=LINE('',#17497,#3206);
#2120=LINE('',#17499,#3207);
#2121=LINE('',#17501,#3208);
#2122=LINE('',#17503,#3209);
#2123=LINE('',#17504,#3210);
#2124=LINE('',#17506,#3211);
#2125=LINE('',#17508,#3212);
#2126=LINE('',#17510,#3213);
#2127=LINE('',#17511,#3214);
#2128=LINE('',#17513,#3215);
#2129=LINE('',#17515,#3216);
#2130=LINE('',#17523,#3217);
#2131=LINE('',#17524,#3218);
#2132=LINE('',#17527,#3219);
#2133=LINE('',#17531,#3220);
#2134=LINE('',#17535,#3221);
#2135=LINE('',#17539,#3222);
#2136=LINE('',#17543,#3223);
#2137=LINE('',#17546,#3224);
#2138=LINE('',#17548,#3225);
#2139=LINE('',#17550,#3226);
#2140=LINE('',#17552,#3227);
#2141=LINE('',#17553,#3228);
#2142=LINE('',#17555,#3229);
#2143=LINE('',#17557,#3230);
#2144=LINE('',#17559,#3231);
#2145=LINE('',#17560,#3232);
#2146=LINE('',#17562,#3233);
#2147=LINE('',#17564,#3234);
#2148=LINE('',#17572,#3235);
#2149=LINE('',#17573,#3236);
#2150=LINE('',#17576,#3237);
#2151=LINE('',#17580,#3238);
#2152=LINE('',#17584,#3239);
#2153=LINE('',#17588,#3240);
#2154=LINE('',#17592,#3241);
#2155=LINE('',#17595,#3242);
#2156=LINE('',#17597,#3243);
#2157=LINE('',#17599,#3244);
#2158=LINE('',#17601,#3245);
#2159=LINE('',#17602,#3246);
#2160=LINE('',#17604,#3247);
#2161=LINE('',#17606,#3248);
#2162=LINE('',#17608,#3249);
#2163=LINE('',#17609,#3250);
#2164=LINE('',#17611,#3251);
#2165=LINE('',#17613,#3252);
#2166=LINE('',#17621,#3253);
#2167=LINE('',#17622,#3254);
#2168=LINE('',#17625,#3255);
#2169=LINE('',#17629,#3256);
#2170=LINE('',#17633,#3257);
#2171=LINE('',#17637,#3258);
#2172=LINE('',#17641,#3259);
#2173=LINE('',#17644,#3260);
#2174=LINE('',#17646,#3261);
#2175=LINE('',#17648,#3262);
#2176=LINE('',#17650,#3263);
#2177=LINE('',#17651,#3264);
#2178=LINE('',#17653,#3265);
#2179=LINE('',#17655,#3266);
#2180=LINE('',#17657,#3267);
#2181=LINE('',#17658,#3268);
#2182=LINE('',#17660,#3269);
#2183=LINE('',#17662,#3270);
#2184=LINE('',#17670,#3271);
#2185=LINE('',#17671,#3272);
#2186=LINE('',#17674,#3273);
#2187=LINE('',#17678,#3274);
#2188=LINE('',#17682,#3275);
#2189=LINE('',#17686,#3276);
#2190=LINE('',#17690,#3277);
#2191=LINE('',#17693,#3278);
#2192=LINE('',#17695,#3279);
#2193=LINE('',#17697,#3280);
#2194=LINE('',#17699,#3281);
#2195=LINE('',#17700,#3282);
#2196=LINE('',#17702,#3283);
#2197=LINE('',#17704,#3284);
#2198=LINE('',#17706,#3285);
#2199=LINE('',#17707,#3286);
#2200=LINE('',#17709,#3287);
#2201=LINE('',#17711,#3288);
#2202=LINE('',#17719,#3289);
#2203=LINE('',#17720,#3290);
#2204=LINE('',#17723,#3291);
#2205=LINE('',#17727,#3292);
#2206=LINE('',#17731,#3293);
#2207=LINE('',#17735,#3294);
#2208=LINE('',#17739,#3295);
#2209=LINE('',#17742,#3296);
#2210=LINE('',#17744,#3297);
#2211=LINE('',#17746,#3298);
#2212=LINE('',#17748,#3299);
#2213=LINE('',#17749,#3300);
#2214=LINE('',#17751,#3301);
#2215=LINE('',#17753,#3302);
#2216=LINE('',#17755,#3303);
#2217=LINE('',#17756,#3304);
#2218=LINE('',#17758,#3305);
#2219=LINE('',#17760,#3306);
#2220=LINE('',#17768,#3307);
#2221=LINE('',#17769,#3308);
#2222=LINE('',#17772,#3309);
#2223=LINE('',#17776,#3310);
#2224=LINE('',#17780,#3311);
#2225=LINE('',#17784,#3312);
#2226=LINE('',#17788,#3313);
#2227=LINE('',#17791,#3314);
#2228=LINE('',#17793,#3315);
#2229=LINE('',#17795,#3316);
#2230=LINE('',#17797,#3317);
#2231=LINE('',#17798,#3318);
#2232=LINE('',#17800,#3319);
#2233=LINE('',#17802,#3320);
#2234=LINE('',#17804,#3321);
#2235=LINE('',#17805,#3322);
#2236=LINE('',#17807,#3323);
#2237=LINE('',#17809,#3324);
#2238=LINE('',#17817,#3325);
#2239=LINE('',#17818,#3326);
#2240=LINE('',#17821,#3327);
#2241=LINE('',#17825,#3328);
#2242=LINE('',#17829,#3329);
#2243=LINE('',#17833,#3330);
#2244=LINE('',#17837,#3331);
#2245=LINE('',#17840,#3332);
#2246=LINE('',#17842,#3333);
#2247=LINE('',#17844,#3334);
#2248=LINE('',#17846,#3335);
#2249=LINE('',#17847,#3336);
#2250=LINE('',#17849,#3337);
#2251=LINE('',#17851,#3338);
#2252=LINE('',#17853,#3339);
#2253=LINE('',#17854,#3340);
#2254=LINE('',#17856,#3341);
#2255=LINE('',#17858,#3342);
#2256=LINE('',#17866,#3343);
#2257=LINE('',#17867,#3344);
#2258=LINE('',#17870,#3345);
#2259=LINE('',#17874,#3346);
#2260=LINE('',#17878,#3347);
#2261=LINE('',#17882,#3348);
#2262=LINE('',#17886,#3349);
#2263=LINE('',#17889,#3350);
#2264=LINE('',#17891,#3351);
#2265=LINE('',#17893,#3352);
#2266=LINE('',#17895,#3353);
#2267=LINE('',#17896,#3354);
#2268=LINE('',#17898,#3355);
#2269=LINE('',#17900,#3356);
#2270=LINE('',#17902,#3357);
#2271=LINE('',#17903,#3358);
#2272=LINE('',#17905,#3359);
#2273=LINE('',#17907,#3360);
#2274=LINE('',#17915,#3361);
#2275=LINE('',#17916,#3362);
#2276=LINE('',#17919,#3363);
#2277=LINE('',#17923,#3364);
#2278=LINE('',#17927,#3365);
#2279=LINE('',#17931,#3366);
#2280=LINE('',#17935,#3367);
#2281=LINE('',#17938,#3368);
#2282=LINE('',#17940,#3369);
#2283=LINE('',#17942,#3370);
#2284=LINE('',#17944,#3371);
#2285=LINE('',#17945,#3372);
#2286=LINE('',#17947,#3373);
#2287=LINE('',#17949,#3374);
#2288=LINE('',#17951,#3375);
#2289=LINE('',#17952,#3376);
#2290=LINE('',#17954,#3377);
#2291=LINE('',#17956,#3378);
#2292=LINE('',#17964,#3379);
#2293=LINE('',#17965,#3380);
#2294=LINE('',#17968,#3381);
#2295=LINE('',#17972,#3382);
#2296=LINE('',#17976,#3383);
#2297=LINE('',#17980,#3384);
#2298=LINE('',#17984,#3385);
#2299=LINE('',#17987,#3386);
#2300=LINE('',#17989,#3387);
#2301=LINE('',#17991,#3388);
#2302=LINE('',#17993,#3389);
#2303=LINE('',#17994,#3390);
#2304=LINE('',#17996,#3391);
#2305=LINE('',#17998,#3392);
#2306=LINE('',#18000,#3393);
#2307=LINE('',#18001,#3394);
#2308=LINE('',#18003,#3395);
#2309=LINE('',#18005,#3396);
#2310=LINE('',#18013,#3397);
#2311=LINE('',#18014,#3398);
#2312=LINE('',#18017,#3399);
#2313=LINE('',#18021,#3400);
#2314=LINE('',#18025,#3401);
#2315=LINE('',#18029,#3402);
#2316=LINE('',#18033,#3403);
#2317=LINE('',#18036,#3404);
#2318=LINE('',#18038,#3405);
#2319=LINE('',#18040,#3406);
#2320=LINE('',#18042,#3407);
#2321=LINE('',#18043,#3408);
#2322=LINE('',#18045,#3409);
#2323=LINE('',#18047,#3410);
#2324=LINE('',#18049,#3411);
#2325=LINE('',#18050,#3412);
#2326=LINE('',#18052,#3413);
#2327=LINE('',#18054,#3414);
#2328=LINE('',#18062,#3415);
#2329=LINE('',#18063,#3416);
#2330=LINE('',#18066,#3417);
#2331=LINE('',#18070,#3418);
#2332=LINE('',#18074,#3419);
#2333=LINE('',#18078,#3420);
#2334=LINE('',#18082,#3421);
#2335=LINE('',#18085,#3422);
#2336=LINE('',#18087,#3423);
#2337=LINE('',#18089,#3424);
#2338=LINE('',#18091,#3425);
#2339=LINE('',#18092,#3426);
#2340=LINE('',#18094,#3427);
#2341=LINE('',#18096,#3428);
#2342=LINE('',#18098,#3429);
#2343=LINE('',#18099,#3430);
#2344=LINE('',#18101,#3431);
#2345=LINE('',#18103,#3432);
#2346=LINE('',#18111,#3433);
#2347=LINE('',#18112,#3434);
#2348=LINE('',#18115,#3435);
#2349=LINE('',#18119,#3436);
#2350=LINE('',#18123,#3437);
#2351=LINE('',#18127,#3438);
#2352=LINE('',#18131,#3439);
#2353=LINE('',#18134,#3440);
#2354=LINE('',#18136,#3441);
#2355=LINE('',#18138,#3442);
#2356=LINE('',#18140,#3443);
#2357=LINE('',#18141,#3444);
#2358=LINE('',#18143,#3445);
#2359=LINE('',#18145,#3446);
#2360=LINE('',#18147,#3447);
#2361=LINE('',#18148,#3448);
#2362=LINE('',#18150,#3449);
#2363=LINE('',#18152,#3450);
#2364=LINE('',#18160,#3451);
#2365=LINE('',#18161,#3452);
#2366=LINE('',#18164,#3453);
#2367=LINE('',#18168,#3454);
#2368=LINE('',#18172,#3455);
#2369=LINE('',#18176,#3456);
#2370=LINE('',#18180,#3457);
#2371=LINE('',#18183,#3458);
#2372=LINE('',#18185,#3459);
#2373=LINE('',#18187,#3460);
#2374=LINE('',#18189,#3461);
#2375=LINE('',#18190,#3462);
#2376=LINE('',#18192,#3463);
#2377=LINE('',#18194,#3464);
#2378=LINE('',#18196,#3465);
#2379=LINE('',#18197,#3466);
#2380=LINE('',#18199,#3467);
#2381=LINE('',#18201,#3468);
#2382=LINE('',#18209,#3469);
#2383=LINE('',#18210,#3470);
#2384=LINE('',#18213,#3471);
#2385=LINE('',#18217,#3472);
#2386=LINE('',#18221,#3473);
#2387=LINE('',#18225,#3474);
#2388=LINE('',#18229,#3475);
#2389=LINE('',#18232,#3476);
#2390=LINE('',#18234,#3477);
#2391=LINE('',#18236,#3478);
#2392=LINE('',#18238,#3479);
#2393=LINE('',#18239,#3480);
#2394=LINE('',#18241,#3481);
#2395=LINE('',#18243,#3482);
#2396=LINE('',#18245,#3483);
#2397=LINE('',#18246,#3484);
#2398=LINE('',#18248,#3485);
#2399=LINE('',#18250,#3486);
#2400=LINE('',#18258,#3487);
#2401=LINE('',#18259,#3488);
#2402=LINE('',#18262,#3489);
#2403=LINE('',#18266,#3490);
#2404=LINE('',#18270,#3491);
#2405=LINE('',#18274,#3492);
#2406=LINE('',#18278,#3493);
#2407=LINE('',#18281,#3494);
#2408=LINE('',#18283,#3495);
#2409=LINE('',#18285,#3496);
#2410=LINE('',#18287,#3497);
#2411=LINE('',#18288,#3498);
#2412=LINE('',#18290,#3499);
#2413=LINE('',#18292,#3500);
#2414=LINE('',#18294,#3501);
#2415=LINE('',#18295,#3502);
#2416=LINE('',#18297,#3503);
#2417=LINE('',#18299,#3504);
#2418=LINE('',#18307,#3505);
#2419=LINE('',#18308,#3506);
#2420=LINE('',#18311,#3507);
#2421=LINE('',#18315,#3508);
#2422=LINE('',#18319,#3509);
#2423=LINE('',#18323,#3510);
#2424=LINE('',#18327,#3511);
#2425=LINE('',#18330,#3512);
#2426=LINE('',#18332,#3513);
#2427=LINE('',#18334,#3514);
#2428=LINE('',#18336,#3515);
#2429=LINE('',#18337,#3516);
#2430=LINE('',#18339,#3517);
#2431=LINE('',#18341,#3518);
#2432=LINE('',#18343,#3519);
#2433=LINE('',#18344,#3520);
#2434=LINE('',#18346,#3521);
#2435=LINE('',#18348,#3522);
#2436=LINE('',#18356,#3523);
#2437=LINE('',#18357,#3524);
#2438=LINE('',#18360,#3525);
#2439=LINE('',#18364,#3526);
#2440=LINE('',#18368,#3527);
#2441=LINE('',#18372,#3528);
#2442=LINE('',#18376,#3529);
#2443=LINE('',#18379,#3530);
#2444=LINE('',#18381,#3531);
#2445=LINE('',#18383,#3532);
#2446=LINE('',#18385,#3533);
#2447=LINE('',#18386,#3534);
#2448=LINE('',#18388,#3535);
#2449=LINE('',#18390,#3536);
#2450=LINE('',#18392,#3537);
#2451=LINE('',#18393,#3538);
#2452=LINE('',#18395,#3539);
#2453=LINE('',#18397,#3540);
#2454=LINE('',#18405,#3541);
#2455=LINE('',#18406,#3542);
#2456=LINE('',#18409,#3543);
#2457=LINE('',#18413,#3544);
#2458=LINE('',#18417,#3545);
#2459=LINE('',#18421,#3546);
#2460=LINE('',#18425,#3547);
#2461=LINE('',#18428,#3548);
#2462=LINE('',#18430,#3549);
#2463=LINE('',#18432,#3550);
#2464=LINE('',#18434,#3551);
#2465=LINE('',#18435,#3552);
#2466=LINE('',#18437,#3553);
#2467=LINE('',#18439,#3554);
#2468=LINE('',#18441,#3555);
#2469=LINE('',#18442,#3556);
#2470=LINE('',#18444,#3557);
#2471=LINE('',#18446,#3558);
#2472=LINE('',#18454,#3559);
#2473=LINE('',#18455,#3560);
#2474=LINE('',#18458,#3561);
#2475=LINE('',#18462,#3562);
#2476=LINE('',#18466,#3563);
#2477=LINE('',#18470,#3564);
#2478=LINE('',#18474,#3565);
#2479=LINE('',#18477,#3566);
#2480=LINE('',#18479,#3567);
#2481=LINE('',#18481,#3568);
#2482=LINE('',#18483,#3569);
#2483=LINE('',#18484,#3570);
#2484=LINE('',#18486,#3571);
#2485=LINE('',#18488,#3572);
#2486=LINE('',#18490,#3573);
#2487=LINE('',#18491,#3574);
#2488=LINE('',#18493,#3575);
#2489=LINE('',#18495,#3576);
#2490=LINE('',#18503,#3577);
#2491=LINE('',#18504,#3578);
#2492=LINE('',#18507,#3579);
#2493=LINE('',#18511,#3580);
#2494=LINE('',#18515,#3581);
#2495=LINE('',#18519,#3582);
#2496=LINE('',#18523,#3583);
#2497=LINE('',#18526,#3584);
#2498=LINE('',#18528,#3585);
#2499=LINE('',#18530,#3586);
#2500=LINE('',#18532,#3587);
#2501=LINE('',#18533,#3588);
#2502=LINE('',#18535,#3589);
#2503=LINE('',#18537,#3590);
#2504=LINE('',#18539,#3591);
#2505=LINE('',#18540,#3592);
#2506=LINE('',#18542,#3593);
#2507=LINE('',#18544,#3594);
#2508=LINE('',#18552,#3595);
#2509=LINE('',#18553,#3596);
#2510=LINE('',#18556,#3597);
#2511=LINE('',#18560,#3598);
#2512=LINE('',#18564,#3599);
#2513=LINE('',#18568,#3600);
#2514=LINE('',#18572,#3601);
#2515=LINE('',#18575,#3602);
#2516=LINE('',#18577,#3603);
#2517=LINE('',#18579,#3604);
#2518=LINE('',#18581,#3605);
#2519=LINE('',#18582,#3606);
#2520=LINE('',#18584,#3607);
#2521=LINE('',#18586,#3608);
#2522=LINE('',#18588,#3609);
#2523=LINE('',#18589,#3610);
#2524=LINE('',#18591,#3611);
#2525=LINE('',#18593,#3612);
#2526=LINE('',#18601,#3613);
#2527=LINE('',#18602,#3614);
#2528=LINE('',#18605,#3615);
#2529=LINE('',#18609,#3616);
#2530=LINE('',#18613,#3617);
#2531=LINE('',#18617,#3618);
#2532=LINE('',#18621,#3619);
#2533=LINE('',#18624,#3620);
#2534=LINE('',#18626,#3621);
#2535=LINE('',#18628,#3622);
#2536=LINE('',#18630,#3623);
#2537=LINE('',#18631,#3624);
#2538=LINE('',#18633,#3625);
#2539=LINE('',#18635,#3626);
#2540=LINE('',#18637,#3627);
#2541=LINE('',#18638,#3628);
#2542=LINE('',#18640,#3629);
#2543=LINE('',#18642,#3630);
#2544=LINE('',#18647,#3631);
#2545=LINE('',#18648,#3632);
#2546=LINE('',#18650,#3633);
#2547=LINE('',#18652,#3634);
#2548=LINE('',#18654,#3635);
#2549=LINE('',#18655,#3636);
#2550=LINE('',#18657,#3637);
#2551=LINE('',#18659,#3638);
#2552=LINE('',#18661,#3639);
#2553=LINE('',#18662,#3640);
#2554=LINE('',#18664,#3641);
#2555=LINE('',#18666,#3642);
#2556=LINE('',#18671,#3643);
#2557=LINE('',#18672,#3644);
#2558=LINE('',#18674,#3645);
#2559=LINE('',#18676,#3646);
#2560=LINE('',#18678,#3647);
#2561=LINE('',#18679,#3648);
#2562=LINE('',#18681,#3649);
#2563=LINE('',#18683,#3650);
#2564=LINE('',#18685,#3651);
#2565=LINE('',#18686,#3652);
#2566=LINE('',#18688,#3653);
#2567=LINE('',#18690,#3654);
#2568=LINE('',#18695,#3655);
#2569=LINE('',#18696,#3656);
#2570=LINE('',#18698,#3657);
#2571=LINE('',#18700,#3658);
#2572=LINE('',#18702,#3659);
#2573=LINE('',#18703,#3660);
#2574=LINE('',#18705,#3661);
#2575=LINE('',#18707,#3662);
#2576=LINE('',#18709,#3663);
#2577=LINE('',#18710,#3664);
#2578=LINE('',#18712,#3665);
#2579=LINE('',#18714,#3666);
#2580=LINE('',#18719,#3667);
#2581=LINE('',#18720,#3668);
#2582=LINE('',#18722,#3669);
#2583=LINE('',#18724,#3670);
#2584=LINE('',#18726,#3671);
#2585=LINE('',#18727,#3672);
#2586=LINE('',#18729,#3673);
#2587=LINE('',#18731,#3674);
#2588=LINE('',#18733,#3675);
#2589=LINE('',#18734,#3676);
#2590=LINE('',#18736,#3677);
#2591=LINE('',#18738,#3678);
#2592=LINE('',#18743,#3679);
#2593=LINE('',#18744,#3680);
#2594=LINE('',#18746,#3681);
#2595=LINE('',#18748,#3682);
#2596=LINE('',#18750,#3683);
#2597=LINE('',#18751,#3684);
#2598=LINE('',#18753,#3685);
#2599=LINE('',#18755,#3686);
#2600=LINE('',#18757,#3687);
#2601=LINE('',#18758,#3688);
#2602=LINE('',#18760,#3689);
#2603=LINE('',#18762,#3690);
#2604=LINE('',#18767,#3691);
#2605=LINE('',#18768,#3692);
#2606=LINE('',#18770,#3693);
#2607=LINE('',#18772,#3694);
#2608=LINE('',#18774,#3695);
#2609=LINE('',#18775,#3696);
#2610=LINE('',#18777,#3697);
#2611=LINE('',#18779,#3698);
#2612=LINE('',#18781,#3699);
#2613=LINE('',#18782,#3700);
#2614=LINE('',#18784,#3701);
#2615=LINE('',#18786,#3702);
#2616=LINE('',#18794,#3703);
#2617=LINE('',#18795,#3704);
#2618=LINE('',#18798,#3705);
#2619=LINE('',#18802,#3706);
#2620=LINE('',#18806,#3707);
#2621=LINE('',#18810,#3708);
#2622=LINE('',#18814,#3709);
#2623=LINE('',#18817,#3710);
#2624=LINE('',#18819,#3711);
#2625=LINE('',#18821,#3712);
#2626=LINE('',#18823,#3713);
#2627=LINE('',#18824,#3714);
#2628=LINE('',#18826,#3715);
#2629=LINE('',#18828,#3716);
#2630=LINE('',#18830,#3717);
#2631=LINE('',#18831,#3718);
#2632=LINE('',#18833,#3719);
#2633=LINE('',#18835,#3720);
#2634=LINE('',#18843,#3721);
#2635=LINE('',#18844,#3722);
#2636=LINE('',#18847,#3723);
#2637=LINE('',#18851,#3724);
#2638=LINE('',#18855,#3725);
#2639=LINE('',#18859,#3726);
#2640=LINE('',#18863,#3727);
#2641=LINE('',#18866,#3728);
#2642=LINE('',#18868,#3729);
#2643=LINE('',#18870,#3730);
#2644=LINE('',#18872,#3731);
#2645=LINE('',#18873,#3732);
#2646=LINE('',#18875,#3733);
#2647=LINE('',#18877,#3734);
#2648=LINE('',#18879,#3735);
#2649=LINE('',#18880,#3736);
#2650=LINE('',#18882,#3737);
#2651=LINE('',#18884,#3738);
#2652=LINE('',#18892,#3739);
#2653=LINE('',#18893,#3740);
#2654=LINE('',#18896,#3741);
#2655=LINE('',#18900,#3742);
#2656=LINE('',#18904,#3743);
#2657=LINE('',#18908,#3744);
#2658=LINE('',#18912,#3745);
#2659=LINE('',#18915,#3746);
#2660=LINE('',#18917,#3747);
#2661=LINE('',#18919,#3748);
#2662=LINE('',#18921,#3749);
#2663=LINE('',#18922,#3750);
#2664=LINE('',#18924,#3751);
#2665=LINE('',#18926,#3752);
#2666=LINE('',#18928,#3753);
#2667=LINE('',#18929,#3754);
#2668=LINE('',#18931,#3755);
#2669=LINE('',#18933,#3756);
#2670=VECTOR('',#12283,10.);
#2671=VECTOR('',#12286,10.);
#2672=VECTOR('',#12289,10.);
#2673=VECTOR('',#12292,10.);
#2674=VECTOR('',#12295,10.);
#2675=VECTOR('',#12298,10.);
#2676=VECTOR('',#12303,10.);
#2677=VECTOR('',#12306,10.);
#2678=VECTOR('',#12309,10.);
#2679=VECTOR('',#12312,10.);
#2680=VECTOR('',#12315,10.);
#2681=VECTOR('',#12318,10.);
#2682=VECTOR('',#12323,10.);
#2683=VECTOR('',#12326,10.);
#2684=VECTOR('',#12329,10.);
#2685=VECTOR('',#12332,10.);
#2686=VECTOR('',#12335,10.);
#2687=VECTOR('',#12338,10.);
#2688=VECTOR('',#12343,10.);
#2689=VECTOR('',#12346,10.);
#2690=VECTOR('',#12349,10.);
#2691=VECTOR('',#12352,10.);
#2692=VECTOR('',#12355,10.);
#2693=VECTOR('',#12358,10.);
#2694=VECTOR('',#12363,10.);
#2695=VECTOR('',#12366,10.);
#2696=VECTOR('',#12369,10.);
#2697=VECTOR('',#12372,10.);
#2698=VECTOR('',#12375,10.);
#2699=VECTOR('',#12378,10.);
#2700=VECTOR('',#12383,10.);
#2701=VECTOR('',#12386,10.);
#2702=VECTOR('',#12389,10.);
#2703=VECTOR('',#12392,10.);
#2704=VECTOR('',#12395,10.);
#2705=VECTOR('',#12398,10.);
#2706=VECTOR('',#12403,10.);
#2707=VECTOR('',#12406,10.);
#2708=VECTOR('',#12409,10.);
#2709=VECTOR('',#12412,10.);
#2710=VECTOR('',#12415,10.);
#2711=VECTOR('',#12418,10.);
#2712=VECTOR('',#12423,10.);
#2713=VECTOR('',#12426,10.);
#2714=VECTOR('',#12429,10.);
#2715=VECTOR('',#12430,10.);
#2716=VECTOR('',#12431,10.);
#2717=VECTOR('',#12436,10.);
#2718=VECTOR('',#12439,10.);
#2719=VECTOR('',#12442,10.);
#2720=VECTOR('',#12443,10.);
#2721=VECTOR('',#12444,10.);
#2722=VECTOR('',#12445,10.);
#2723=VECTOR('',#12446,10.);
#2724=VECTOR('',#12447,10.);
#2725=VECTOR('',#12448,10.);
#2726=VECTOR('',#12449,10.);
#2727=VECTOR('',#12450,10.);
#2728=VECTOR('',#12451,10.);
#2729=VECTOR('',#12454,10.);
#2730=VECTOR('',#12457,10.);
#2731=VECTOR('',#12460,10.);
#2732=VECTOR('',#12465,10.);
#2733=VECTOR('',#12468,10.);
#2734=VECTOR('',#12471,10.);
#2735=VECTOR('',#12474,10.);
#2736=VECTOR('',#12477,10.);
#2737=VECTOR('',#12480,10.);
#2738=VECTOR('',#12483,10.);
#2739=VECTOR('',#12486,10.);
#2740=VECTOR('',#12489,10.);
#2741=VECTOR('',#12492,10.);
#2742=VECTOR('',#12495,10.);
#2743=VECTOR('',#12498,10.);
#2744=VECTOR('',#12501,10.);
#2745=VECTOR('',#12504,10.);
#2746=VECTOR('',#12507,10.);
#2747=VECTOR('',#12510,10.);
#2748=VECTOR('',#12513,10.);
#2749=VECTOR('',#12516,10.);
#2750=VECTOR('',#12519,10.);
#2751=VECTOR('',#12522,10.);
#2752=VECTOR('',#12525,10.);
#2753=VECTOR('',#12528,10.);
#2754=VECTOR('',#12531,10.);
#2755=VECTOR('',#12534,10.);
#2756=VECTOR('',#12537,10.);
#2757=VECTOR('',#12540,10.);
#2758=VECTOR('',#12543,10.);
#2759=VECTOR('',#12546,10.);
#2760=VECTOR('',#12549,10.);
#2761=VECTOR('',#12552,10.);
#2762=VECTOR('',#12555,10.);
#2763=VECTOR('',#12558,10.);
#2764=VECTOR('',#12561,10.);
#2765=VECTOR('',#12564,10.);
#2766=VECTOR('',#12567,10.);
#2767=VECTOR('',#12570,10.);
#2768=VECTOR('',#12573,10.);
#2769=VECTOR('',#12576,10.);
#2770=VECTOR('',#12579,10.);
#2771=VECTOR('',#12582,10.);
#2772=VECTOR('',#12585,10.);
#2773=VECTOR('',#12588,10.);
#2774=VECTOR('',#12591,10.);
#2775=VECTOR('',#12594,10.);
#2776=VECTOR('',#12597,10.);
#2777=VECTOR('',#12600,10.);
#2778=VECTOR('',#12603,10.);
#2779=VECTOR('',#12606,10.);
#2780=VECTOR('',#12609,10.);
#2781=VECTOR('',#12612,10.);
#2782=VECTOR('',#12615,10.);
#2783=VECTOR('',#12618,10.);
#2784=VECTOR('',#12621,10.);
#2785=VECTOR('',#12624,10.);
#2786=VECTOR('',#12625,10.);
#2787=VECTOR('',#12628,10.);
#2788=VECTOR('',#12631,10.);
#2789=VECTOR('',#12634,10.);
#2790=VECTOR('',#12637,10.);
#2791=VECTOR('',#12640,10.);
#2792=VECTOR('',#12645,10.);
#2793=VECTOR('',#12648,10.);
#2794=VECTOR('',#12651,10.);
#2795=VECTOR('',#12652,10.);
#2796=VECTOR('',#12653,10.);
#2797=VECTOR('',#12654,10.);
#2798=VECTOR('',#12655,10.);
#2799=VECTOR('',#12656,10.);
#2800=VECTOR('',#12657,10.);
#2801=VECTOR('',#12658,10.);
#2802=VECTOR('',#12659,10.);
#2803=VECTOR('',#12660,10.);
#2804=VECTOR('',#12671,10.);
#2805=VECTOR('',#12676,10.);
#2806=VECTOR('',#12677,10.);
#2807=VECTOR('',#12678,10.);
#2808=VECTOR('',#12685,10.);
#2809=VECTOR('',#12688,10.);
#2810=VECTOR('',#12691,10.);
#2811=VECTOR('',#12694,10.);
#2812=VECTOR('',#12697,10.);
#2813=VECTOR('',#12700,10.);
#2814=VECTOR('',#12703,10.);
#2815=VECTOR('',#12706,10.);
#2816=VECTOR('',#12709,10.);
#2817=VECTOR('',#12712,10.);
#2818=VECTOR('',#12715,10.);
#2819=VECTOR('',#12718,10.);
#2820=VECTOR('',#12721,10.);
#2821=VECTOR('',#12724,10.);
#2822=VECTOR('',#12727,10.);
#2823=VECTOR('',#12730,10.);
#2824=VECTOR('',#12733,10.);
#2825=VECTOR('',#12736,10.);
#2826=VECTOR('',#12739,10.);
#2827=VECTOR('',#12742,10.);
#2828=VECTOR('',#12745,10.);
#2829=VECTOR('',#12748,10.);
#2830=VECTOR('',#12751,10.);
#2831=VECTOR('',#12754,10.);
#2832=VECTOR('',#12757,10.);
#2833=VECTOR('',#12760,10.);
#2834=VECTOR('',#12763,10.);
#2835=VECTOR('',#12766,10.);
#2836=VECTOR('',#12769,10.);
#2837=VECTOR('',#12772,10.);
#2838=VECTOR('',#12775,10.);
#2839=VECTOR('',#12778,10.);
#2840=VECTOR('',#12781,10.);
#2841=VECTOR('',#12784,10.);
#2842=VECTOR('',#12787,10.);
#2843=VECTOR('',#12790,10.);
#2844=VECTOR('',#12793,10.);
#2845=VECTOR('',#12796,10.);
#2846=VECTOR('',#12799,10.);
#2847=VECTOR('',#12802,10.);
#2848=VECTOR('',#12805,10.);
#2849=VECTOR('',#12808,10.);
#2850=VECTOR('',#12811,10.);
#2851=VECTOR('',#12814,10.);
#2852=VECTOR('',#12817,10.);
#2853=VECTOR('',#12820,10.);
#2854=VECTOR('',#12823,10.);
#2855=VECTOR('',#12826,10.);
#2856=VECTOR('',#12829,10.);
#2857=VECTOR('',#12832,10.);
#2858=VECTOR('',#12835,10.);
#2859=VECTOR('',#12838,10.);
#2860=VECTOR('',#12841,10.);
#2861=VECTOR('',#12844,10.);
#2862=VECTOR('',#12845,10.);
#2863=VECTOR('',#12848,10.);
#2864=VECTOR('',#12851,10.);
#2865=VECTOR('',#12854,10.);
#2866=VECTOR('',#12857,10.);
#2867=VECTOR('',#12860,10.);
#2868=VECTOR('',#12869,10.);
#2869=VECTOR('',#12870,10.);
#2870=VECTOR('',#12873,10.);
#2871=VECTOR('',#12876,10.);
#2872=VECTOR('',#12879,10.);
#2873=VECTOR('',#12880,10.);
#2874=VECTOR('',#12883,10.);
#2875=VECTOR('',#12886,10.);
#2876=VECTOR('',#12889,10.);
#2877=VECTOR('',#12890,10.);
#2878=VECTOR('',#12893,10.);
#2879=VECTOR('',#12896,10.);
#2880=VECTOR('',#12907,10.);
#2881=VECTOR('',#12910,10.);
#2882=VECTOR('',#12913,10.);
#2883=VECTOR('',#12916,10.);
#2884=VECTOR('',#12919,10.);
#2885=VECTOR('',#12922,10.);
#2886=VECTOR('',#12925,10.);
#2887=VECTOR('',#12928,10.);
#2888=VECTOR('',#12931,10.);
#2889=VECTOR('',#12932,10.);
#2890=VECTOR('',#12937,10.);
#2891=VECTOR('',#12940,10.);
#2892=VECTOR('',#12943,10.);
#2893=VECTOR('',#12946,10.);
#2894=VECTOR('',#12947,10.);
#2895=VECTOR('',#12952,10.);
#2896=VECTOR('',#12955,10.);
#2897=VECTOR('',#12958,10.);
#2898=VECTOR('',#12961,10.);
#2899=VECTOR('',#12962,10.);
#2900=VECTOR('',#12967,10.);
#2901=VECTOR('',#12970,10.);
#2902=VECTOR('',#12973,10.);
#2903=VECTOR('',#12976,10.);
#2904=VECTOR('',#12981,10.);
#2905=VECTOR('',#12982,10.);
#2906=VECTOR('',#12985,10.);
#2907=VECTOR('',#12988,10.);
#2908=VECTOR('',#12991,10.);
#2909=VECTOR('',#12994,10.);
#2910=VECTOR('',#12997,10.);
#2911=VECTOR('',#13000,10.);
#2912=VECTOR('',#13003,10.);
#2913=VECTOR('',#13006,10.);
#2914=VECTOR('',#13009,10.);
#2915=VECTOR('',#13010,10.);
#2916=VECTOR('',#13013,10.);
#2917=VECTOR('',#13016,10.);
#2918=VECTOR('',#13019,10.);
#2919=VECTOR('',#13020,10.);
#2920=VECTOR('',#13023,10.);
#2921=VECTOR('',#13026,10.);
#2922=VECTOR('',#13037,10.);
#2923=VECTOR('',#13040,10.);
#2924=VECTOR('',#13043,10.);
#2925=VECTOR('',#13046,10.);
#2926=VECTOR('',#13049,10.);
#2927=VECTOR('',#13052,10.);
#2928=VECTOR('',#13055,10.);
#2929=VECTOR('',#13058,10.);
#2930=VECTOR('',#13061,10.);
#2931=VECTOR('',#13062,10.);
#2932=VECTOR('',#13067,10.);
#2933=VECTOR('',#13070,10.);
#2934=VECTOR('',#13073,10.);
#2935=VECTOR('',#13076,10.);
#2936=VECTOR('',#13077,10.);
#2937=VECTOR('',#13082,10.);
#2938=VECTOR('',#13085,10.);
#2939=VECTOR('',#13088,10.);
#2940=VECTOR('',#13091,10.);
#2941=VECTOR('',#13092,10.);
#2942=VECTOR('',#13097,10.);
#2943=VECTOR('',#13100,10.);
#2944=VECTOR('',#13103,10.);
#2945=VECTOR('',#13106,10.);
#2946=VECTOR('',#13111,10.);
#2947=VECTOR('',#13114,10.);
#2948=VECTOR('',#13115,10.);
#2949=VECTOR('',#13116,10.);
#2950=VECTOR('',#13125,10.);
#2951=VECTOR('',#13128,10.);
#2952=VECTOR('',#13131,10.);
#2953=VECTOR('',#13134,10.);
#2954=VECTOR('',#13137,10.);
#2955=VECTOR('',#13140,10.);
#2956=VECTOR('',#13143,10.);
#2957=VECTOR('',#13146,10.);
#2958=VECTOR('',#13149,10.);
#2959=VECTOR('',#13152,10.);
#2960=VECTOR('',#13155,10.);
#2961=VECTOR('',#13158,10.);
#2962=VECTOR('',#13161,10.);
#2963=VECTOR('',#13164,10.);
#2964=VECTOR('',#13167,10.);
#2965=VECTOR('',#13170,10.);
#2966=VECTOR('',#13173,10.);
#2967=VECTOR('',#13176,10.);
#2968=VECTOR('',#13179,10.);
#2969=VECTOR('',#13182,10.);
#2970=VECTOR('',#13185,10.);
#2971=VECTOR('',#13188,10.);
#2972=VECTOR('',#13191,10.);
#2973=VECTOR('',#13194,10.);
#2974=VECTOR('',#13197,10.);
#2975=VECTOR('',#13200,10.);
#2976=VECTOR('',#13203,10.);
#2977=VECTOR('',#13206,10.);
#2978=VECTOR('',#13209,10.);
#2979=VECTOR('',#13212,10.);
#2980=VECTOR('',#13215,10.);
#2981=VECTOR('',#13218,10.);
#2982=VECTOR('',#13221,10.);
#2983=VECTOR('',#13224,10.);
#2984=VECTOR('',#13227,10.);
#2985=VECTOR('',#13230,10.);
#2986=VECTOR('',#13233,10.);
#2987=VECTOR('',#13236,10.);
#2988=VECTOR('',#13239,10.);
#2989=VECTOR('',#13242,10.);
#2990=VECTOR('',#13245,10.);
#2991=VECTOR('',#13248,10.);
#2992=VECTOR('',#13251,10.);
#2993=VECTOR('',#13254,10.);
#2994=VECTOR('',#13257,10.);
#2995=VECTOR('',#13260,10.);
#2996=VECTOR('',#13263,10.);
#2997=VECTOR('',#13266,10.);
#2998=VECTOR('',#13269,10.);
#2999=VECTOR('',#13272,10.);
#3000=VECTOR('',#13275,10.);
#3001=VECTOR('',#13278,10.);
#3002=VECTOR('',#13281,10.);
#3003=VECTOR('',#13284,10.);
#3004=VECTOR('',#13287,10.);
#3005=VECTOR('',#13290,10.);
#3006=VECTOR('',#13293,10.);
#3007=VECTOR('',#13296,10.);
#3008=VECTOR('',#13299,10.);
#3009=VECTOR('',#13302,10.);
#3010=VECTOR('',#13305,10.);
#3011=VECTOR('',#13308,10.);
#3012=VECTOR('',#13311,10.);
#3013=VECTOR('',#13314,10.);
#3014=VECTOR('',#13317,10.);
#3015=VECTOR('',#13320,10.);
#3016=VECTOR('',#13323,10.);
#3017=VECTOR('',#13326,10.);
#3018=VECTOR('',#13329,10.);
#3019=VECTOR('',#13332,10.);
#3020=VECTOR('',#13335,10.);
#3021=VECTOR('',#13338,10.);
#3022=VECTOR('',#13341,10.);
#3023=VECTOR('',#13344,10.);
#3024=VECTOR('',#13347,10.);
#3025=VECTOR('',#13350,10.);
#3026=VECTOR('',#13353,10.);
#3027=VECTOR('',#13356,10.);
#3028=VECTOR('',#13359,10.);
#3029=VECTOR('',#13362,10.);
#3030=VECTOR('',#13365,10.);
#3031=VECTOR('',#13368,10.);
#3032=VECTOR('',#13371,10.);
#3033=VECTOR('',#13374,10.);
#3034=VECTOR('',#13377,10.);
#3035=VECTOR('',#13380,10.);
#3036=VECTOR('',#13383,10.);
#3037=VECTOR('',#13386,10.);
#3038=VECTOR('',#13389,10.);
#3039=VECTOR('',#13392,10.);
#3040=VECTOR('',#13395,10.);
#3041=VECTOR('',#13398,10.);
#3042=VECTOR('',#13401,10.);
#3043=VECTOR('',#13404,10.);
#3044=VECTOR('',#13407,10.);
#3045=VECTOR('',#13410,10.);
#3046=VECTOR('',#13413,10.);
#3047=VECTOR('',#13416,10.);
#3048=VECTOR('',#13419,10.);
#3049=VECTOR('',#13422,10.);
#3050=VECTOR('',#13425,10.);
#3051=VECTOR('',#13428,10.);
#3052=VECTOR('',#13431,10.);
#3053=VECTOR('',#13434,10.);
#3054=VECTOR('',#13437,10.);
#3055=VECTOR('',#13440,10.);
#3056=VECTOR('',#13443,10.);
#3057=VECTOR('',#13446,10.);
#3058=VECTOR('',#13449,10.);
#3059=VECTOR('',#13452,10.);
#3060=VECTOR('',#13455,10.);
#3061=VECTOR('',#13456,10.);
#3062=VECTOR('',#13463,10.);
#3063=VECTOR('',#13464,10.);
#3064=VECTOR('',#13465,10.);
#3065=VECTOR('',#13466,10.);
#3066=VECTOR('',#13467,10.);
#3067=VECTOR('',#13470,10.);
#3068=VECTOR('',#13473,10.);
#3069=VECTOR('',#13478,10.);
#3070=VECTOR('',#13479,10.);
#3071=VECTOR('',#13480,10.);
#3072=VECTOR('',#13485,10.);
#3073=VECTOR('',#13490,10.);
#3074=VECTOR('',#13491,10.);
#3075=VECTOR('',#13496,10.);
#3076=VECTOR('',#13501,10.);
#3077=VECTOR('',#13502,10.);
#3078=VECTOR('',#13505,10.);
#3079=VECTOR('',#13508,10.);
#3080=VECTOR('',#13513,10.);
#3081=VECTOR('',#13514,10.);
#3082=VECTOR('',#13515,10.);
#3083=VECTOR('',#13518,10.);
#3084=VECTOR('',#13525,10.);
#3085=VECTOR('',#13526,10.);
#3086=VECTOR('',#13527,10.);
#3087=VECTOR('',#13530,10.);
#3088=VECTOR('',#13537,10.);
#3089=VECTOR('',#13538,10.);
#3090=VECTOR('',#13539,10.);
#3091=VECTOR('',#13542,10.);
#3092=VECTOR('',#13549,10.);
#3093=VECTOR('',#13550,10.);
#3094=VECTOR('',#13553,10.);
#3095=VECTOR('',#13554,10.);
#3096=VECTOR('',#13555,10.);
#3097=VECTOR('',#13558,10.);
#3098=VECTOR('',#13563,10.);
#3099=VECTOR('',#13566,10.);
#3100=VECTOR('',#13571,10.);
#3101=VECTOR('',#13574,10.);
#3102=VECTOR('',#13577,10.);
#3103=VECTOR('',#13582,10.);
#3104=VECTOR('',#13583,10.);
#3105=VECTOR('',#13596,10.);
#3106=VECTOR('',#13599,10.);
#3107=VECTOR('',#13602,10.);
#3108=VECTOR('',#13605,10.);
#3109=VECTOR('',#13608,10.);
#3110=VECTOR('',#13613,10.);
#3111=VECTOR('',#13614,10.);
#3112=VECTOR('',#13615,10.);
#3113=VECTOR('',#13618,10.);
#3114=VECTOR('',#13625,10.);
#3115=VECTOR('',#13626,10.);
#3116=VECTOR('',#13627,10.);
#3117=VECTOR('',#13630,10.);
#3118=VECTOR('',#13637,10.);
#3119=VECTOR('',#13638,10.);
#3120=VECTOR('',#13639,10.);
#3121=VECTOR('',#13642,10.);
#3122=VECTOR('',#13649,10.);
#3123=VECTOR('',#13650,10.);
#3124=VECTOR('',#13653,10.);
#3125=VECTOR('',#13654,10.);
#3126=VECTOR('',#13655,10.);
#3127=VECTOR('',#13658,10.);
#3128=VECTOR('',#13663,10.);
#3129=VECTOR('',#13664,10.);
#3130=VECTOR('',#13667,10.);
#3131=VECTOR('',#13674,10.);
#3132=VECTOR('',#13675,10.);
#3133=VECTOR('',#13678,10.);
#3134=VECTOR('',#13681,10.);
#3135=VECTOR('',#13682,10.);
#3136=VECTOR('',#13689,10.);
#3137=VECTOR('',#13690,10.);
#3138=VECTOR('',#13695,10.);
#3139=VECTOR('',#13696,10.);
#3140=VECTOR('',#13701,10.);
#3141=VECTOR('',#13704,10.);
#3142=VECTOR('',#13709,10.);
#3143=VECTOR('',#13714,10.);
#3144=VECTOR('',#13717,10.);
#3145=VECTOR('',#13728,10.);
#3146=VECTOR('',#13729,10.);
#3147=VECTOR('',#13732,10.);
#3148=VECTOR('',#13735,10.);
#3149=VECTOR('',#13738,10.);
#3150=VECTOR('',#13741,10.);
#3151=VECTOR('',#13744,10.);
#3152=VECTOR('',#13747,10.);
#3153=VECTOR('',#13750,10.);
#3154=VECTOR('',#13753,10.);
#3155=VECTOR('',#13756,10.);
#3156=VECTOR('',#13757,10.);
#3157=VECTOR('',#13760,10.);
#3158=VECTOR('',#13763,10.);
#3159=VECTOR('',#13766,10.);
#3160=VECTOR('',#13767,10.);
#3161=VECTOR('',#13770,10.);
#3162=VECTOR('',#13773,10.);
#3163=VECTOR('',#13784,10.);
#3164=VECTOR('',#13785,10.);
#3165=VECTOR('',#13788,10.);
#3166=VECTOR('',#13791,10.);
#3167=VECTOR('',#13794,10.);
#3168=VECTOR('',#13797,10.);
#3169=VECTOR('',#13800,10.);
#3170=VECTOR('',#13803,10.);
#3171=VECTOR('',#13806,10.);
#3172=VECTOR('',#13809,10.);
#3173=VECTOR('',#13812,10.);
#3174=VECTOR('',#13813,10.);
#3175=VECTOR('',#13816,10.);
#3176=VECTOR('',#13819,10.);
#3177=VECTOR('',#13822,10.);
#3178=VECTOR('',#13823,10.);
#3179=VECTOR('',#13826,10.);
#3180=VECTOR('',#13829,10.);
#3181=VECTOR('',#13840,10.);
#3182=VECTOR('',#13841,10.);
#3183=VECTOR('',#13844,10.);
#3184=VECTOR('',#13847,10.);
#3185=VECTOR('',#13850,10.);
#3186=VECTOR('',#13853,10.);
#3187=VECTOR('',#13856,10.);
#3188=VECTOR('',#13859,10.);
#3189=VECTOR('',#13862,10.);
#3190=VECTOR('',#13865,10.);
#3191=VECTOR('',#13868,10.);
#3192=VECTOR('',#13869,10.);
#3193=VECTOR('',#13872,10.);
#3194=VECTOR('',#13875,10.);
#3195=VECTOR('',#13878,10.);
#3196=VECTOR('',#13879,10.);
#3197=VECTOR('',#13882,10.);
#3198=VECTOR('',#13885,10.);
#3199=VECTOR('',#13896,10.);
#3200=VECTOR('',#13897,10.);
#3201=VECTOR('',#13900,10.);
#3202=VECTOR('',#13903,10.);
#3203=VECTOR('',#13906,10.);
#3204=VECTOR('',#13909,10.);
#3205=VECTOR('',#13912,10.);
#3206=VECTOR('',#13915,10.);
#3207=VECTOR('',#13918,10.);
#3208=VECTOR('',#13921,10.);
#3209=VECTOR('',#13924,10.);
#3210=VECTOR('',#13925,10.);
#3211=VECTOR('',#13928,10.);
#3212=VECTOR('',#13931,10.);
#3213=VECTOR('',#13934,10.);
#3214=VECTOR('',#13935,10.);
#3215=VECTOR('',#13938,10.);
#3216=VECTOR('',#13941,10.);
#3217=VECTOR('',#13952,10.);
#3218=VECTOR('',#13953,10.);
#3219=VECTOR('',#13956,10.);
#3220=VECTOR('',#13959,10.);
#3221=VECTOR('',#13962,10.);
#3222=VECTOR('',#13965,10.);
#3223=VECTOR('',#13968,10.);
#3224=VECTOR('',#13971,10.);
#3225=VECTOR('',#13974,10.);
#3226=VECTOR('',#13977,10.);
#3227=VECTOR('',#13980,10.);
#3228=VECTOR('',#13981,10.);
#3229=VECTOR('',#13984,10.);
#3230=VECTOR('',#13987,10.);
#3231=VECTOR('',#13990,10.);
#3232=VECTOR('',#13991,10.);
#3233=VECTOR('',#13994,10.);
#3234=VECTOR('',#13997,10.);
#3235=VECTOR('',#14008,10.);
#3236=VECTOR('',#14009,10.);
#3237=VECTOR('',#14012,10.);
#3238=VECTOR('',#14015,10.);
#3239=VECTOR('',#14018,10.);
#3240=VECTOR('',#14021,10.);
#3241=VECTOR('',#14024,10.);
#3242=VECTOR('',#14027,10.);
#3243=VECTOR('',#14030,10.);
#3244=VECTOR('',#14033,10.);
#3245=VECTOR('',#14036,10.);
#3246=VECTOR('',#14037,10.);
#3247=VECTOR('',#14040,10.);
#3248=VECTOR('',#14043,10.);
#3249=VECTOR('',#14046,10.);
#3250=VECTOR('',#14047,10.);
#3251=VECTOR('',#14050,10.);
#3252=VECTOR('',#14053,10.);
#3253=VECTOR('',#14064,10.);
#3254=VECTOR('',#14065,10.);
#3255=VECTOR('',#14068,10.);
#3256=VECTOR('',#14071,10.);
#3257=VECTOR('',#14074,10.);
#3258=VECTOR('',#14077,10.);
#3259=VECTOR('',#14080,10.);
#3260=VECTOR('',#14083,10.);
#3261=VECTOR('',#14086,10.);
#3262=VECTOR('',#14089,10.);
#3263=VECTOR('',#14092,10.);
#3264=VECTOR('',#14093,10.);
#3265=VECTOR('',#14096,10.);
#3266=VECTOR('',#14099,10.);
#3267=VECTOR('',#14102,10.);
#3268=VECTOR('',#14103,10.);
#3269=VECTOR('',#14106,10.);
#3270=VECTOR('',#14109,10.);
#3271=VECTOR('',#14120,10.);
#3272=VECTOR('',#14121,10.);
#3273=VECTOR('',#14124,10.);
#3274=VECTOR('',#14127,10.);
#3275=VECTOR('',#14130,10.);
#3276=VECTOR('',#14133,10.);
#3277=VECTOR('',#14136,10.);
#3278=VECTOR('',#14139,10.);
#3279=VECTOR('',#14142,10.);
#3280=VECTOR('',#14145,10.);
#3281=VECTOR('',#14148,10.);
#3282=VECTOR('',#14149,10.);
#3283=VECTOR('',#14152,10.);
#3284=VECTOR('',#14155,10.);
#3285=VECTOR('',#14158,10.);
#3286=VECTOR('',#14159,10.);
#3287=VECTOR('',#14162,10.);
#3288=VECTOR('',#14165,10.);
#3289=VECTOR('',#14176,10.);
#3290=VECTOR('',#14177,10.);
#3291=VECTOR('',#14180,10.);
#3292=VECTOR('',#14183,10.);
#3293=VECTOR('',#14186,10.);
#3294=VECTOR('',#14189,10.);
#3295=VECTOR('',#14192,10.);
#3296=VECTOR('',#14195,10.);
#3297=VECTOR('',#14198,10.);
#3298=VECTOR('',#14201,10.);
#3299=VECTOR('',#14204,10.);
#3300=VECTOR('',#14205,10.);
#3301=VECTOR('',#14208,10.);
#3302=VECTOR('',#14211,10.);
#3303=VECTOR('',#14214,10.);
#3304=VECTOR('',#14215,10.);
#3305=VECTOR('',#14218,10.);
#3306=VECTOR('',#14221,10.);
#3307=VECTOR('',#14232,10.);
#3308=VECTOR('',#14233,10.);
#3309=VECTOR('',#14236,10.);
#3310=VECTOR('',#14239,10.);
#3311=VECTOR('',#14242,10.);
#3312=VECTOR('',#14245,10.);
#3313=VECTOR('',#14248,10.);
#3314=VECTOR('',#14251,10.);
#3315=VECTOR('',#14254,10.);
#3316=VECTOR('',#14257,10.);
#3317=VECTOR('',#14260,10.);
#3318=VECTOR('',#14261,10.);
#3319=VECTOR('',#14264,10.);
#3320=VECTOR('',#14267,10.);
#3321=VECTOR('',#14270,10.);
#3322=VECTOR('',#14271,10.);
#3323=VECTOR('',#14274,10.);
#3324=VECTOR('',#14277,10.);
#3325=VECTOR('',#14288,10.);
#3326=VECTOR('',#14289,10.);
#3327=VECTOR('',#14292,10.);
#3328=VECTOR('',#14295,10.);
#3329=VECTOR('',#14298,10.);
#3330=VECTOR('',#14301,10.);
#3331=VECTOR('',#14304,10.);
#3332=VECTOR('',#14307,10.);
#3333=VECTOR('',#14310,10.);
#3334=VECTOR('',#14313,10.);
#3335=VECTOR('',#14316,10.);
#3336=VECTOR('',#14317,10.);
#3337=VECTOR('',#14320,10.);
#3338=VECTOR('',#14323,10.);
#3339=VECTOR('',#14326,10.);
#3340=VECTOR('',#14327,10.);
#3341=VECTOR('',#14330,10.);
#3342=VECTOR('',#14333,10.);
#3343=VECTOR('',#14344,10.);
#3344=VECTOR('',#14345,10.);
#3345=VECTOR('',#14348,10.);
#3346=VECTOR('',#14351,10.);
#3347=VECTOR('',#14354,10.);
#3348=VECTOR('',#14357,10.);
#3349=VECTOR('',#14360,10.);
#3350=VECTOR('',#14363,10.);
#3351=VECTOR('',#14366,10.);
#3352=VECTOR('',#14369,10.);
#3353=VECTOR('',#14372,10.);
#3354=VECTOR('',#14373,10.);
#3355=VECTOR('',#14376,10.);
#3356=VECTOR('',#14379,10.);
#3357=VECTOR('',#14382,10.);
#3358=VECTOR('',#14383,10.);
#3359=VECTOR('',#14386,10.);
#3360=VECTOR('',#14389,10.);
#3361=VECTOR('',#14400,10.);
#3362=VECTOR('',#14401,10.);
#3363=VECTOR('',#14404,10.);
#3364=VECTOR('',#14407,10.);
#3365=VECTOR('',#14410,10.);
#3366=VECTOR('',#14413,10.);
#3367=VECTOR('',#14416,10.);
#3368=VECTOR('',#14419,10.);
#3369=VECTOR('',#14422,10.);
#3370=VECTOR('',#14425,10.);
#3371=VECTOR('',#14428,10.);
#3372=VECTOR('',#14429,10.);
#3373=VECTOR('',#14432,10.);
#3374=VECTOR('',#14435,10.);
#3375=VECTOR('',#14438,10.);
#3376=VECTOR('',#14439,10.);
#3377=VECTOR('',#14442,10.);
#3378=VECTOR('',#14445,10.);
#3379=VECTOR('',#14456,10.);
#3380=VECTOR('',#14457,10.);
#3381=VECTOR('',#14460,10.);
#3382=VECTOR('',#14463,10.);
#3383=VECTOR('',#14466,10.);
#3384=VECTOR('',#14469,10.);
#3385=VECTOR('',#14472,10.);
#3386=VECTOR('',#14475,10.);
#3387=VECTOR('',#14478,10.);
#3388=VECTOR('',#14481,10.);
#3389=VECTOR('',#14484,10.);
#3390=VECTOR('',#14485,10.);
#3391=VECTOR('',#14488,10.);
#3392=VECTOR('',#14491,10.);
#3393=VECTOR('',#14494,10.);
#3394=VECTOR('',#14495,10.);
#3395=VECTOR('',#14498,10.);
#3396=VECTOR('',#14501,10.);
#3397=VECTOR('',#14512,10.);
#3398=VECTOR('',#14513,10.);
#3399=VECTOR('',#14516,10.);
#3400=VECTOR('',#14519,10.);
#3401=VECTOR('',#14522,10.);
#3402=VECTOR('',#14525,10.);
#3403=VECTOR('',#14528,10.);
#3404=VECTOR('',#14531,10.);
#3405=VECTOR('',#14534,10.);
#3406=VECTOR('',#14537,10.);
#3407=VECTOR('',#14540,10.);
#3408=VECTOR('',#14541,10.);
#3409=VECTOR('',#14544,10.);
#3410=VECTOR('',#14547,10.);
#3411=VECTOR('',#14550,10.);
#3412=VECTOR('',#14551,10.);
#3413=VECTOR('',#14554,10.);
#3414=VECTOR('',#14557,10.);
#3415=VECTOR('',#14568,10.);
#3416=VECTOR('',#14569,10.);
#3417=VECTOR('',#14572,10.);
#3418=VECTOR('',#14575,10.);
#3419=VECTOR('',#14578,10.);
#3420=VECTOR('',#14581,10.);
#3421=VECTOR('',#14584,10.);
#3422=VECTOR('',#14587,10.);
#3423=VECTOR('',#14590,10.);
#3424=VECTOR('',#14593,10.);
#3425=VECTOR('',#14596,10.);
#3426=VECTOR('',#14597,10.);
#3427=VECTOR('',#14600,10.);
#3428=VECTOR('',#14603,10.);
#3429=VECTOR('',#14606,10.);
#3430=VECTOR('',#14607,10.);
#3431=VECTOR('',#14610,10.);
#3432=VECTOR('',#14613,10.);
#3433=VECTOR('',#14624,10.);
#3434=VECTOR('',#14625,10.);
#3435=VECTOR('',#14628,10.);
#3436=VECTOR('',#14631,10.);
#3437=VECTOR('',#14634,10.);
#3438=VECTOR('',#14637,10.);
#3439=VECTOR('',#14640,10.);
#3440=VECTOR('',#14643,10.);
#3441=VECTOR('',#14646,10.);
#3442=VECTOR('',#14649,10.);
#3443=VECTOR('',#14652,10.);
#3444=VECTOR('',#14653,10.);
#3445=VECTOR('',#14656,10.);
#3446=VECTOR('',#14659,10.);
#3447=VECTOR('',#14662,10.);
#3448=VECTOR('',#14663,10.);
#3449=VECTOR('',#14666,10.);
#3450=VECTOR('',#14669,10.);
#3451=VECTOR('',#14680,10.);
#3452=VECTOR('',#14681,10.);
#3453=VECTOR('',#14684,10.);
#3454=VECTOR('',#14687,10.);
#3455=VECTOR('',#14690,10.);
#3456=VECTOR('',#14693,10.);
#3457=VECTOR('',#14696,10.);
#3458=VECTOR('',#14699,10.);
#3459=VECTOR('',#14702,10.);
#3460=VECTOR('',#14705,10.);
#3461=VECTOR('',#14708,10.);
#3462=VECTOR('',#14709,10.);
#3463=VECTOR('',#14712,10.);
#3464=VECTOR('',#14715,10.);
#3465=VECTOR('',#14718,10.);
#3466=VECTOR('',#14719,10.);
#3467=VECTOR('',#14722,10.);
#3468=VECTOR('',#14725,10.);
#3469=VECTOR('',#14736,10.);
#3470=VECTOR('',#14737,10.);
#3471=VECTOR('',#14740,10.);
#3472=VECTOR('',#14743,10.);
#3473=VECTOR('',#14746,10.);
#3474=VECTOR('',#14749,10.);
#3475=VECTOR('',#14752,10.);
#3476=VECTOR('',#14755,10.);
#3477=VECTOR('',#14758,10.);
#3478=VECTOR('',#14761,10.);
#3479=VECTOR('',#14764,10.);
#3480=VECTOR('',#14765,10.);
#3481=VECTOR('',#14768,10.);
#3482=VECTOR('',#14771,10.);
#3483=VECTOR('',#14774,10.);
#3484=VECTOR('',#14775,10.);
#3485=VECTOR('',#14778,10.);
#3486=VECTOR('',#14781,10.);
#3487=VECTOR('',#14792,10.);
#3488=VECTOR('',#14793,10.);
#3489=VECTOR('',#14796,10.);
#3490=VECTOR('',#14799,10.);
#3491=VECTOR('',#14802,10.);
#3492=VECTOR('',#14805,10.);
#3493=VECTOR('',#14808,10.);
#3494=VECTOR('',#14811,10.);
#3495=VECTOR('',#14814,10.);
#3496=VECTOR('',#14817,10.);
#3497=VECTOR('',#14820,10.);
#3498=VECTOR('',#14821,10.);
#3499=VECTOR('',#14824,10.);
#3500=VECTOR('',#14827,10.);
#3501=VECTOR('',#14830,10.);
#3502=VECTOR('',#14831,10.);
#3503=VECTOR('',#14834,10.);
#3504=VECTOR('',#14837,10.);
#3505=VECTOR('',#14848,10.);
#3506=VECTOR('',#14849,10.);
#3507=VECTOR('',#14852,10.);
#3508=VECTOR('',#14855,10.);
#3509=VECTOR('',#14858,10.);
#3510=VECTOR('',#14861,10.);
#3511=VECTOR('',#14864,10.);
#3512=VECTOR('',#14867,10.);
#3513=VECTOR('',#14870,10.);
#3514=VECTOR('',#14873,10.);
#3515=VECTOR('',#14876,10.);
#3516=VECTOR('',#14877,10.);
#3517=VECTOR('',#14880,10.);
#3518=VECTOR('',#14883,10.);
#3519=VECTOR('',#14886,10.);
#3520=VECTOR('',#14887,10.);
#3521=VECTOR('',#14890,10.);
#3522=VECTOR('',#14893,10.);
#3523=VECTOR('',#14904,10.);
#3524=VECTOR('',#14905,10.);
#3525=VECTOR('',#14908,10.);
#3526=VECTOR('',#14911,10.);
#3527=VECTOR('',#14914,10.);
#3528=VECTOR('',#14917,10.);
#3529=VECTOR('',#14920,10.);
#3530=VECTOR('',#14923,10.);
#3531=VECTOR('',#14926,10.);
#3532=VECTOR('',#14929,10.);
#3533=VECTOR('',#14932,10.);
#3534=VECTOR('',#14933,10.);
#3535=VECTOR('',#14936,10.);
#3536=VECTOR('',#14939,10.);
#3537=VECTOR('',#14942,10.);
#3538=VECTOR('',#14943,10.);
#3539=VECTOR('',#14946,10.);
#3540=VECTOR('',#14949,10.);
#3541=VECTOR('',#14960,10.);
#3542=VECTOR('',#14961,10.);
#3543=VECTOR('',#14964,10.);
#3544=VECTOR('',#14967,10.);
#3545=VECTOR('',#14970,10.);
#3546=VECTOR('',#14973,10.);
#3547=VECTOR('',#14976,10.);
#3548=VECTOR('',#14979,10.);
#3549=VECTOR('',#14982,10.);
#3550=VECTOR('',#14985,10.);
#3551=VECTOR('',#14988,10.);
#3552=VECTOR('',#14989,10.);
#3553=VECTOR('',#14992,10.);
#3554=VECTOR('',#14995,10.);
#3555=VECTOR('',#14998,10.);
#3556=VECTOR('',#14999,10.);
#3557=VECTOR('',#15002,10.);
#3558=VECTOR('',#15005,10.);
#3559=VECTOR('',#15016,10.);
#3560=VECTOR('',#15017,10.);
#3561=VECTOR('',#15020,10.);
#3562=VECTOR('',#15023,10.);
#3563=VECTOR('',#15026,10.);
#3564=VECTOR('',#15029,10.);
#3565=VECTOR('',#15032,10.);
#3566=VECTOR('',#15035,10.);
#3567=VECTOR('',#15038,10.);
#3568=VECTOR('',#15041,10.);
#3569=VECTOR('',#15044,10.);
#3570=VECTOR('',#15045,10.);
#3571=VECTOR('',#15048,10.);
#3572=VECTOR('',#15051,10.);
#3573=VECTOR('',#15054,10.);
#3574=VECTOR('',#15055,10.);
#3575=VECTOR('',#15058,10.);
#3576=VECTOR('',#15061,10.);
#3577=VECTOR('',#15072,10.);
#3578=VECTOR('',#15073,10.);
#3579=VECTOR('',#15076,10.);
#3580=VECTOR('',#15079,10.);
#3581=VECTOR('',#15082,10.);
#3582=VECTOR('',#15085,10.);
#3583=VECTOR('',#15088,10.);
#3584=VECTOR('',#15091,10.);
#3585=VECTOR('',#15094,10.);
#3586=VECTOR('',#15097,10.);
#3587=VECTOR('',#15100,10.);
#3588=VECTOR('',#15101,10.);
#3589=VECTOR('',#15104,10.);
#3590=VECTOR('',#15107,10.);
#3591=VECTOR('',#15110,10.);
#3592=VECTOR('',#15111,10.);
#3593=VECTOR('',#15114,10.);
#3594=VECTOR('',#15117,10.);
#3595=VECTOR('',#15128,10.);
#3596=VECTOR('',#15129,10.);
#3597=VECTOR('',#15132,10.);
#3598=VECTOR('',#15135,10.);
#3599=VECTOR('',#15138,10.);
#3600=VECTOR('',#15141,10.);
#3601=VECTOR('',#15144,10.);
#3602=VECTOR('',#15147,10.);
#3603=VECTOR('',#15150,10.);
#3604=VECTOR('',#15153,10.);
#3605=VECTOR('',#15156,10.);
#3606=VECTOR('',#15157,10.);
#3607=VECTOR('',#15160,10.);
#3608=VECTOR('',#15163,10.);
#3609=VECTOR('',#15166,10.);
#3610=VECTOR('',#15167,10.);
#3611=VECTOR('',#15170,10.);
#3612=VECTOR('',#15173,10.);
#3613=VECTOR('',#15184,10.);
#3614=VECTOR('',#15185,10.);
#3615=VECTOR('',#15188,10.);
#3616=VECTOR('',#15191,10.);
#3617=VECTOR('',#15194,10.);
#3618=VECTOR('',#15197,10.);
#3619=VECTOR('',#15200,10.);
#3620=VECTOR('',#15203,10.);
#3621=VECTOR('',#15206,10.);
#3622=VECTOR('',#15209,10.);
#3623=VECTOR('',#15212,10.);
#3624=VECTOR('',#15213,10.);
#3625=VECTOR('',#15216,10.);
#3626=VECTOR('',#15219,10.);
#3627=VECTOR('',#15222,10.);
#3628=VECTOR('',#15223,10.);
#3629=VECTOR('',#15226,10.);
#3630=VECTOR('',#15229,10.);
#3631=VECTOR('',#15238,10.);
#3632=VECTOR('',#15239,10.);
#3633=VECTOR('',#15242,10.);
#3634=VECTOR('',#15245,10.);
#3635=VECTOR('',#15248,10.);
#3636=VECTOR('',#15249,10.);
#3637=VECTOR('',#15252,10.);
#3638=VECTOR('',#15255,10.);
#3639=VECTOR('',#15258,10.);
#3640=VECTOR('',#15259,10.);
#3641=VECTOR('',#15262,10.);
#3642=VECTOR('',#15265,10.);
#3643=VECTOR('',#15274,10.);
#3644=VECTOR('',#15275,10.);
#3645=VECTOR('',#15278,10.);
#3646=VECTOR('',#15281,10.);
#3647=VECTOR('',#15284,10.);
#3648=VECTOR('',#15285,10.);
#3649=VECTOR('',#15288,10.);
#3650=VECTOR('',#15291,10.);
#3651=VECTOR('',#15294,10.);
#3652=VECTOR('',#15295,10.);
#3653=VECTOR('',#15298,10.);
#3654=VECTOR('',#15301,10.);
#3655=VECTOR('',#15310,10.);
#3656=VECTOR('',#15311,10.);
#3657=VECTOR('',#15314,10.);
#3658=VECTOR('',#15317,10.);
#3659=VECTOR('',#15320,10.);
#3660=VECTOR('',#15321,10.);
#3661=VECTOR('',#15324,10.);
#3662=VECTOR('',#15327,10.);
#3663=VECTOR('',#15330,10.);
#3664=VECTOR('',#15331,10.);
#3665=VECTOR('',#15334,10.);
#3666=VECTOR('',#15337,10.);
#3667=VECTOR('',#15346,10.);
#3668=VECTOR('',#15347,10.);
#3669=VECTOR('',#15350,10.);
#3670=VECTOR('',#15353,10.);
#3671=VECTOR('',#15356,10.);
#3672=VECTOR('',#15357,10.);
#3673=VECTOR('',#15360,10.);
#3674=VECTOR('',#15363,10.);
#3675=VECTOR('',#15366,10.);
#3676=VECTOR('',#15367,10.);
#3677=VECTOR('',#15370,10.);
#3678=VECTOR('',#15373,10.);
#3679=VECTOR('',#15382,10.);
#3680=VECTOR('',#15383,10.);
#3681=VECTOR('',#15386,10.);
#3682=VECTOR('',#15389,10.);
#3683=VECTOR('',#15392,10.);
#3684=VECTOR('',#15393,10.);
#3685=VECTOR('',#15396,10.);
#3686=VECTOR('',#15399,10.);
#3687=VECTOR('',#15402,10.);
#3688=VECTOR('',#15403,10.);
#3689=VECTOR('',#15406,10.);
#3690=VECTOR('',#15409,10.);
#3691=VECTOR('',#15418,10.);
#3692=VECTOR('',#15419,10.);
#3693=VECTOR('',#15422,10.);
#3694=VECTOR('',#15425,10.);
#3695=VECTOR('',#15428,10.);
#3696=VECTOR('',#15429,10.);
#3697=VECTOR('',#15432,10.);
#3698=VECTOR('',#15435,10.);
#3699=VECTOR('',#15438,10.);
#3700=VECTOR('',#15439,10.);
#3701=VECTOR('',#15442,10.);
#3702=VECTOR('',#15445,10.);
#3703=VECTOR('',#15456,10.);
#3704=VECTOR('',#15457,10.);
#3705=VECTOR('',#15460,10.);
#3706=VECTOR('',#15463,10.);
#3707=VECTOR('',#15466,10.);
#3708=VECTOR('',#15469,10.);
#3709=VECTOR('',#15472,10.);
#3710=VECTOR('',#15475,10.);
#3711=VECTOR('',#15478,10.);
#3712=VECTOR('',#15481,10.);
#3713=VECTOR('',#15484,10.);
#3714=VECTOR('',#15485,10.);
#3715=VECTOR('',#15488,10.);
#3716=VECTOR('',#15491,10.);
#3717=VECTOR('',#15494,10.);
#3718=VECTOR('',#15495,10.);
#3719=VECTOR('',#15498,10.);
#3720=VECTOR('',#15501,10.);
#3721=VECTOR('',#15512,10.);
#3722=VECTOR('',#15513,10.);
#3723=VECTOR('',#15516,10.);
#3724=VECTOR('',#15519,10.);
#3725=VECTOR('',#15522,10.);
#3726=VECTOR('',#15525,10.);
#3727=VECTOR('',#15528,10.);
#3728=VECTOR('',#15531,10.);
#3729=VECTOR('',#15534,10.);
#3730=VECTOR('',#15537,10.);
#3731=VECTOR('',#15540,10.);
#3732=VECTOR('',#15541,10.);
#3733=VECTOR('',#15544,10.);
#3734=VECTOR('',#15547,10.);
#3735=VECTOR('',#15550,10.);
#3736=VECTOR('',#15551,10.);
#3737=VECTOR('',#15554,10.);
#3738=VECTOR('',#15557,10.);
#3739=VECTOR('',#15568,10.);
#3740=VECTOR('',#15569,10.);
#3741=VECTOR('',#15572,10.);
#3742=VECTOR('',#15575,10.);
#3743=VECTOR('',#15578,10.);
#3744=VECTOR('',#15581,10.);
#3745=VECTOR('',#15584,10.);
#3746=VECTOR('',#15587,10.);
#3747=VECTOR('',#15590,10.);
#3748=VECTOR('',#15593,10.);
#3749=VECTOR('',#15596,10.);
#3750=VECTOR('',#15597,10.);
#3751=VECTOR('',#15600,10.);
#3752=VECTOR('',#15603,10.);
#3753=VECTOR('',#15606,10.);
#3754=VECTOR('',#15607,10.);
#3755=VECTOR('',#15610,10.);
#3756=VECTOR('',#15613,10.);
#3757=CIRCLE('',#11151,0.4);
#3758=CIRCLE('',#11152,0.4);
#3759=CIRCLE('',#11153,0.4);
#3760=CIRCLE('',#11154,0.4);
#3761=CIRCLE('',#11155,0.4);
#3762=CIRCLE('',#11156,0.4);
#3763=CIRCLE('',#11158,0.4);
#3764=CIRCLE('',#11159,0.4);
#3765=CIRCLE('',#11160,0.4);
#3766=CIRCLE('',#11161,0.4);
#3767=CIRCLE('',#11162,0.4);
#3768=CIRCLE('',#11163,0.4);
#3769=CIRCLE('',#11165,0.4);
#3770=CIRCLE('',#11166,0.4);
#3771=CIRCLE('',#11167,0.4);
#3772=CIRCLE('',#11168,0.4);
#3773=CIRCLE('',#11169,0.4);
#3774=CIRCLE('',#11170,0.4);
#3775=CIRCLE('',#11172,0.4);
#3776=CIRCLE('',#11173,0.4);
#3777=CIRCLE('',#11174,0.4);
#3778=CIRCLE('',#11175,0.4);
#3779=CIRCLE('',#11176,0.4);
#3780=CIRCLE('',#11177,0.4);
#3781=CIRCLE('',#11179,0.4);
#3782=CIRCLE('',#11180,0.4);
#3783=CIRCLE('',#11181,0.4);
#3784=CIRCLE('',#11182,0.4);
#3785=CIRCLE('',#11183,0.4);
#3786=CIRCLE('',#11184,0.4);
#3787=CIRCLE('',#11186,0.4);
#3788=CIRCLE('',#11187,0.4);
#3789=CIRCLE('',#11188,0.4);
#3790=CIRCLE('',#11189,0.4);
#3791=CIRCLE('',#11190,0.4);
#3792=CIRCLE('',#11191,0.4);
#3793=CIRCLE('',#11193,0.4);
#3794=CIRCLE('',#11194,0.4);
#3795=CIRCLE('',#11195,0.4);
#3796=CIRCLE('',#11196,0.4);
#3797=CIRCLE('',#11197,0.4);
#3798=CIRCLE('',#11198,0.4);
#3799=CIRCLE('',#11200,3.75);
#3800=CIRCLE('',#11201,3.75);
#3801=CIRCLE('',#11204,3.75);
#3802=CIRCLE('',#11205,3.75);
#3803=CIRCLE('',#11208,3.75);
#3804=CIRCLE('',#11211,0.4);
#3805=CIRCLE('',#11212,0.4);
#3806=CIRCLE('',#11213,0.4);
#3807=CIRCLE('',#11214,0.4);
#3808=CIRCLE('',#11215,0.4);
#3809=CIRCLE('',#11216,0.4);
#3810=CIRCLE('',#11217,0.4);
#3811=CIRCLE('',#11218,0.4);
#3812=CIRCLE('',#11219,0.4);
#3813=CIRCLE('',#11220,0.4);
#3814=CIRCLE('',#11221,0.4);
#3815=CIRCLE('',#11222,0.4);
#3816=CIRCLE('',#11223,0.4);
#3817=CIRCLE('',#11224,0.4);
#3818=CIRCLE('',#11225,0.4);
#3819=CIRCLE('',#11226,0.4);
#3820=CIRCLE('',#11227,0.4);
#3821=CIRCLE('',#11228,0.4);
#3822=CIRCLE('',#11229,0.4);
#3823=CIRCLE('',#11230,0.4);
#3824=CIRCLE('',#11231,0.4);
#3825=CIRCLE('',#11232,0.4);
#3826=CIRCLE('',#11233,0.4);
#3827=CIRCLE('',#11234,0.4);
#3828=CIRCLE('',#11235,0.4);
#3829=CIRCLE('',#11236,0.4);
#3830=CIRCLE('',#11237,0.4);
#3831=CIRCLE('',#11238,0.4);
#3832=CIRCLE('',#11239,0.4);
#3833=CIRCLE('',#11240,0.4);
#3834=CIRCLE('',#11241,0.4);
#3835=CIRCLE('',#11242,0.4);
#3836=CIRCLE('',#11243,0.4);
#3837=CIRCLE('',#11244,0.4);
#3838=CIRCLE('',#11245,0.4);
#3839=CIRCLE('',#11246,0.4);
#3840=CIRCLE('',#11247,0.4);
#3841=CIRCLE('',#11248,0.4);
#3842=CIRCLE('',#11249,0.4);
#3843=CIRCLE('',#11250,0.4);
#3844=CIRCLE('',#11251,0.4);
#3845=CIRCLE('',#11252,0.4);
#3846=CIRCLE('',#11253,0.4);
#3847=CIRCLE('',#11254,0.4);
#3848=CIRCLE('',#11255,0.4);
#3849=CIRCLE('',#11256,0.4);
#3850=CIRCLE('',#11257,0.4);
#3851=CIRCLE('',#11258,0.4);
#3852=CIRCLE('',#11259,0.4);
#3853=CIRCLE('',#11260,0.4);
#3854=CIRCLE('',#11261,0.4);
#3855=CIRCLE('',#11262,0.4);
#3856=CIRCLE('',#11263,0.4);
#3857=CIRCLE('',#11264,0.4);
#3858=CIRCLE('',#11265,0.4);
#3859=CIRCLE('',#11266,0.4);
#3860=CIRCLE('',#11267,0.4);
#3861=CIRCLE('',#11268,0.4);
#3862=CIRCLE('',#11269,0.4);
#3863=CIRCLE('',#11270,0.4);
#3864=CIRCLE('',#11272,3.75);
#3865=CIRCLE('',#11275,3.75);
#3866=CIRCLE('',#11276,3.75);
#3867=CIRCLE('',#11278,3.75);
#3868=CIRCLE('',#11279,3.75);
#3869=CIRCLE('',#11282,3.75);
#3870=CIRCLE('',#11283,0.4);
#3871=CIRCLE('',#11284,0.4);
#3872=CIRCLE('',#11285,0.4);
#3873=CIRCLE('',#11286,0.4);
#3874=CIRCLE('',#11287,0.4);
#3875=CIRCLE('',#11288,0.4);
#3876=CIRCLE('',#11289,0.4);
#3877=CIRCLE('',#11290,0.4);
#3878=CIRCLE('',#11291,0.4);
#3879=CIRCLE('',#11292,0.4);
#3880=CIRCLE('',#11293,0.4);
#3881=CIRCLE('',#11294,0.4);
#3882=CIRCLE('',#11295,0.4);
#3883=CIRCLE('',#11296,0.4);
#3884=CIRCLE('',#11297,0.4);
#3885=CIRCLE('',#11298,0.4);
#3886=CIRCLE('',#11299,0.4);
#3887=CIRCLE('',#11300,0.4);
#3888=CIRCLE('',#11301,0.4);
#3889=CIRCLE('',#11302,0.4);
#3890=CIRCLE('',#11303,0.4);
#3891=CIRCLE('',#11304,0.4);
#3892=CIRCLE('',#11305,0.4);
#3893=CIRCLE('',#11306,0.4);
#3894=CIRCLE('',#11307,0.4);
#3895=CIRCLE('',#11308,0.4);
#3896=CIRCLE('',#11309,0.4);
#3897=CIRCLE('',#11310,0.4);
#3898=CIRCLE('',#11311,0.4);
#3899=CIRCLE('',#11312,0.4);
#3900=CIRCLE('',#11313,0.4);
#3901=CIRCLE('',#11314,0.4);
#3902=CIRCLE('',#11315,0.4);
#3903=CIRCLE('',#11316,0.4);
#3904=CIRCLE('',#11317,0.4);
#3905=CIRCLE('',#11318,0.4);
#3906=CIRCLE('',#11319,0.4);
#3907=CIRCLE('',#11320,0.4);
#3908=CIRCLE('',#11321,0.4);
#3909=CIRCLE('',#11322,0.4);
#3910=CIRCLE('',#11323,0.4);
#3911=CIRCLE('',#11324,0.4);
#3912=CIRCLE('',#11325,0.4);
#3913=CIRCLE('',#11326,0.4);
#3914=CIRCLE('',#11327,0.4);
#3915=CIRCLE('',#11328,0.4);
#3916=CIRCLE('',#11329,0.4);
#3917=CIRCLE('',#11330,0.4);
#3918=CIRCLE('',#11331,0.4);
#3919=CIRCLE('',#11332,0.4);
#3920=CIRCLE('',#11333,0.4);
#3921=CIRCLE('',#11334,0.4);
#3922=CIRCLE('',#11335,0.4);
#3923=CIRCLE('',#11336,0.4);
#3924=CIRCLE('',#11337,0.4);
#3925=CIRCLE('',#11338,0.4);
#3926=CIRCLE('',#11339,0.4);
#3927=CIRCLE('',#11340,0.4);
#3928=CIRCLE('',#11341,0.4);
#3929=CIRCLE('',#11342,0.4);
#3930=CIRCLE('',#11344,3.75);
#3931=CIRCLE('',#11358,0.4);
#3932=CIRCLE('',#11359,0.4);
#3933=CIRCLE('',#11361,0.4);
#3934=CIRCLE('',#11362,0.4);
#3935=CIRCLE('',#11363,0.4);
#3936=CIRCLE('',#11364,0.4);
#3937=CIRCLE('',#11365,0.4);
#3938=CIRCLE('',#11368,0.4);
#3939=CIRCLE('',#11370,0.4);
#3940=CIRCLE('',#11373,0.4);
#3941=CIRCLE('',#11375,0.4);
#3942=CIRCLE('',#11378,0.4);
#3943=CIRCLE('',#11383,0.4);
#3944=CIRCLE('',#11385,0.4);
#3945=CIRCLE('',#11386,0.4);
#3946=CIRCLE('',#11387,0.4);
#3947=CIRCLE('',#11388,0.4);
#3948=CIRCLE('',#11389,0.4);
#3949=CIRCLE('',#11402,0.4);
#3950=CIRCLE('',#11403,0.4);
#3951=CIRCLE('',#11405,0.4);
#3952=CIRCLE('',#11406,0.4);
#3953=CIRCLE('',#11407,0.4);
#3954=CIRCLE('',#11408,0.4);
#3955=CIRCLE('',#11409,0.4);
#3956=CIRCLE('',#11412,0.4);
#3957=CIRCLE('',#11414,0.4);
#3958=CIRCLE('',#11417,0.4);
#3959=CIRCLE('',#11419,0.4);
#3960=CIRCLE('',#11422,0.4);
#3961=CIRCLE('',#11432,0.4);
#3962=CIRCLE('',#11433,0.4);
#3963=CIRCLE('',#11434,0.4);
#3964=CIRCLE('',#11435,0.4);
#3965=CIRCLE('',#11436,0.4);
#3966=CIRCLE('',#11437,0.4);
#3967=CIRCLE('',#11438,0.4);
#3968=CIRCLE('',#11439,0.4);
#3969=CIRCLE('',#11440,0.4);
#3970=CIRCLE('',#11441,0.4);
#3971=CIRCLE('',#11442,0.4);
#3972=CIRCLE('',#11443,0.4);
#3973=CIRCLE('',#11444,0.4);
#3974=CIRCLE('',#11445,0.4);
#3975=CIRCLE('',#11446,0.4);
#3976=CIRCLE('',#11447,0.4);
#3977=CIRCLE('',#11448,0.4);
#3978=CIRCLE('',#11449,0.4);
#3979=CIRCLE('',#11450,0.4);
#3980=CIRCLE('',#11451,0.4);
#3981=CIRCLE('',#11452,0.4);
#3982=CIRCLE('',#11453,0.4);
#3983=CIRCLE('',#11454,0.4);
#3984=CIRCLE('',#11455,0.4);
#3985=CIRCLE('',#11456,0.4);
#3986=CIRCLE('',#11457,0.4);
#3987=CIRCLE('',#11458,0.4);
#3988=CIRCLE('',#11459,0.4);
#3989=CIRCLE('',#11460,0.4);
#3990=CIRCLE('',#11461,0.4);
#3991=CIRCLE('',#11462,0.4);
#3992=CIRCLE('',#11463,0.4);
#3993=CIRCLE('',#11464,0.4);
#3994=CIRCLE('',#11465,0.4);
#3995=CIRCLE('',#11466,0.4);
#3996=CIRCLE('',#11467,0.4);
#3997=CIRCLE('',#11468,0.4);
#3998=CIRCLE('',#11469,0.4);
#3999=CIRCLE('',#11470,0.4);
#4000=CIRCLE('',#11471,0.4);
#4001=CIRCLE('',#11472,0.4);
#4002=CIRCLE('',#11473,0.4);
#4003=CIRCLE('',#11474,0.4);
#4004=CIRCLE('',#11475,0.4);
#4005=CIRCLE('',#11476,0.4);
#4006=CIRCLE('',#11477,0.4);
#4007=CIRCLE('',#11478,0.4);
#4008=CIRCLE('',#11479,0.4);
#4009=CIRCLE('',#11480,0.4);
#4010=CIRCLE('',#11481,0.4);
#4011=CIRCLE('',#11482,0.4);
#4012=CIRCLE('',#11483,0.4);
#4013=CIRCLE('',#11484,0.4);
#4014=CIRCLE('',#11485,0.4);
#4015=CIRCLE('',#11487,0.4);
#4016=CIRCLE('',#11488,0.4);
#4017=CIRCLE('',#11489,0.4);
#4018=CIRCLE('',#11490,0.4);
#4019=CIRCLE('',#11491,0.4);
#4020=CIRCLE('',#11492,0.4);
#4021=CIRCLE('',#11493,0.4);
#4022=CIRCLE('',#11494,0.4);
#4023=CIRCLE('',#11495,0.4);
#4024=CIRCLE('',#11496,0.4);
#4025=CIRCLE('',#11497,0.4);
#4026=CIRCLE('',#11498,0.4);
#4027=CIRCLE('',#11499,0.4);
#4028=CIRCLE('',#11500,0.4);
#4029=CIRCLE('',#11501,0.4);
#4030=CIRCLE('',#11502,0.4);
#4031=CIRCLE('',#11503,0.4);
#4032=CIRCLE('',#11504,0.4);
#4033=CIRCLE('',#11505,0.4);
#4034=CIRCLE('',#11506,0.4);
#4035=CIRCLE('',#11507,0.4);
#4036=CIRCLE('',#11508,0.4);
#4037=CIRCLE('',#11509,0.4);
#4038=CIRCLE('',#11510,0.4);
#4039=CIRCLE('',#11511,0.4);
#4040=CIRCLE('',#11512,0.4);
#4041=CIRCLE('',#11513,0.4);
#4042=CIRCLE('',#11514,0.4);
#4043=CIRCLE('',#11515,0.4);
#4044=CIRCLE('',#11516,0.4);
#4045=CIRCLE('',#11517,0.4);
#4046=CIRCLE('',#11518,0.4);
#4047=CIRCLE('',#11519,0.4);
#4048=CIRCLE('',#11520,0.4);
#4049=CIRCLE('',#11521,0.4);
#4050=CIRCLE('',#11522,0.4);
#4051=CIRCLE('',#11523,0.4);
#4052=CIRCLE('',#11524,0.4);
#4053=CIRCLE('',#11525,0.4);
#4054=CIRCLE('',#11526,0.4);
#4055=CIRCLE('',#11527,0.4);
#4056=CIRCLE('',#11528,0.4);
#4057=CIRCLE('',#11529,0.4);
#4058=CIRCLE('',#11530,0.4);
#4059=CIRCLE('',#11531,0.4);
#4060=CIRCLE('',#11532,0.4);
#4061=CIRCLE('',#11533,0.4);
#4062=CIRCLE('',#11534,0.4);
#4063=CIRCLE('',#11535,0.4);
#4064=CIRCLE('',#11536,0.4);
#4065=CIRCLE('',#11537,0.4);
#4066=CIRCLE('',#11538,0.4);
#4067=CIRCLE('',#11539,0.4);
#4068=CIRCLE('',#11540,0.4);
#4069=CIRCLE('',#11547,1.6);
#4070=CIRCLE('',#11548,4.);
#4071=CIRCLE('',#11551,3.75);
#4072=CIRCLE('',#11552,1.6);
#4073=CIRCLE('',#11555,3.74999999999999);
#4074=CIRCLE('',#11556,1.6);
#4075=CIRCLE('',#11559,0.8);
#4076=CIRCLE('',#11560,1.6);
#4077=CIRCLE('',#11563,0.799999999999999);
#4078=CIRCLE('',#11564,1.6);
#4079=CIRCLE('',#11567,0.8);
#4080=CIRCLE('',#11568,1.6);
#4081=CIRCLE('',#11571,0.8);
#4082=CIRCLE('',#11572,1.6);
#4083=CIRCLE('',#11576,1.6);
#4084=CIRCLE('',#11586,4.);
#4085=CIRCLE('',#11588,4.);
#4086=CIRCLE('',#11590,4.);
#4087=CIRCLE('',#11592,1.6);
#4088=CIRCLE('',#11594,0.8);
#4089=CIRCLE('',#11595,1.6);
#4090=CIRCLE('',#11598,0.799999999999999);
#4091=CIRCLE('',#11599,1.6);
#4092=CIRCLE('',#11602,0.8);
#4093=CIRCLE('',#11603,1.6);
#4094=CIRCLE('',#11606,0.8);
#4095=CIRCLE('',#11607,1.6);
#4096=CIRCLE('',#11611,1.6);
#4097=CIRCLE('',#11614,1.6);
#4098=CIRCLE('',#11620,1.6);
#4099=CIRCLE('',#11625,3.74999999999999);
#4100=CIRCLE('',#11628,3.74999999999998);
#4101=CIRCLE('',#11636,0.4);
#4102=CIRCLE('',#11638,0.4);
#4103=CIRCLE('',#11639,0.4);
#4104=CIRCLE('',#11640,0.4);
#4105=CIRCLE('',#11641,0.4);
#4106=CIRCLE('',#11642,0.4);
#4107=CIRCLE('',#11655,0.4);
#4108=CIRCLE('',#11657,0.4);
#4109=CIRCLE('',#11658,0.4);
#4110=CIRCLE('',#11659,0.4);
#4111=CIRCLE('',#11660,0.4);
#4112=CIRCLE('',#11661,0.4);
#4113=CIRCLE('',#11674,0.4);
#4114=CIRCLE('',#11676,0.4);
#4115=CIRCLE('',#11677,0.4);
#4116=CIRCLE('',#11678,0.4);
#4117=CIRCLE('',#11679,0.4);
#4118=CIRCLE('',#11680,0.4);
#4119=CIRCLE('',#11693,0.4);
#4120=CIRCLE('',#11695,0.4);
#4121=CIRCLE('',#11696,0.4);
#4122=CIRCLE('',#11697,0.4);
#4123=CIRCLE('',#11698,0.4);
#4124=CIRCLE('',#11699,0.4);
#4125=CIRCLE('',#11712,0.4);
#4126=CIRCLE('',#11714,0.4);
#4127=CIRCLE('',#11715,0.4);
#4128=CIRCLE('',#11716,0.4);
#4129=CIRCLE('',#11717,0.4);
#4130=CIRCLE('',#11718,0.4);
#4131=CIRCLE('',#11731,0.4);
#4132=CIRCLE('',#11733,0.4);
#4133=CIRCLE('',#11734,0.4);
#4134=CIRCLE('',#11735,0.4);
#4135=CIRCLE('',#11736,0.4);
#4136=CIRCLE('',#11737,0.4);
#4137=CIRCLE('',#11750,0.4);
#4138=CIRCLE('',#11752,0.4);
#4139=CIRCLE('',#11753,0.4);
#4140=CIRCLE('',#11754,0.4);
#4141=CIRCLE('',#11755,0.4);
#4142=CIRCLE('',#11756,0.4);
#4143=CIRCLE('',#11769,0.4);
#4144=CIRCLE('',#11771,0.4);
#4145=CIRCLE('',#11772,0.4);
#4146=CIRCLE('',#11773,0.4);
#4147=CIRCLE('',#11774,0.4);
#4148=CIRCLE('',#11775,0.4);
#4149=CIRCLE('',#11788,0.4);
#4150=CIRCLE('',#11790,0.4);
#4151=CIRCLE('',#11791,0.4);
#4152=CIRCLE('',#11792,0.4);
#4153=CIRCLE('',#11793,0.4);
#4154=CIRCLE('',#11794,0.4);
#4155=CIRCLE('',#11807,0.4);
#4156=CIRCLE('',#11809,0.4);
#4157=CIRCLE('',#11810,0.4);
#4158=CIRCLE('',#11811,0.4);
#4159=CIRCLE('',#11812,0.4);
#4160=CIRCLE('',#11813,0.4);
#4161=CIRCLE('',#11826,0.4);
#4162=CIRCLE('',#11828,0.4);
#4163=CIRCLE('',#11829,0.4);
#4164=CIRCLE('',#11830,0.4);
#4165=CIRCLE('',#11831,0.4);
#4166=CIRCLE('',#11832,0.4);
#4167=CIRCLE('',#11845,0.4);
#4168=CIRCLE('',#11847,0.4);
#4169=CIRCLE('',#11848,0.4);
#4170=CIRCLE('',#11849,0.4);
#4171=CIRCLE('',#11850,0.4);
#4172=CIRCLE('',#11851,0.4);
#4173=CIRCLE('',#11864,0.4);
#4174=CIRCLE('',#11866,0.4);
#4175=CIRCLE('',#11867,0.4);
#4176=CIRCLE('',#11868,0.4);
#4177=CIRCLE('',#11869,0.4);
#4178=CIRCLE('',#11870,0.4);
#4179=CIRCLE('',#11883,0.4);
#4180=CIRCLE('',#11885,0.4);
#4181=CIRCLE('',#11886,0.4);
#4182=CIRCLE('',#11887,0.4);
#4183=CIRCLE('',#11888,0.4);
#4184=CIRCLE('',#11889,0.4);
#4185=CIRCLE('',#11902,0.4);
#4186=CIRCLE('',#11904,0.4);
#4187=CIRCLE('',#11905,0.4);
#4188=CIRCLE('',#11906,0.4);
#4189=CIRCLE('',#11907,0.4);
#4190=CIRCLE('',#11908,0.4);
#4191=CIRCLE('',#11921,0.4);
#4192=CIRCLE('',#11923,0.4);
#4193=CIRCLE('',#11924,0.4);
#4194=CIRCLE('',#11925,0.4);
#4195=CIRCLE('',#11926,0.4);
#4196=CIRCLE('',#11927,0.4);
#4197=CIRCLE('',#11940,0.4);
#4198=CIRCLE('',#11942,0.4);
#4199=CIRCLE('',#11943,0.4);
#4200=CIRCLE('',#11944,0.4);
#4201=CIRCLE('',#11945,0.4);
#4202=CIRCLE('',#11946,0.4);
#4203=CIRCLE('',#11959,0.4);
#4204=CIRCLE('',#11961,0.4);
#4205=CIRCLE('',#11962,0.4);
#4206=CIRCLE('',#11963,0.4);
#4207=CIRCLE('',#11964,0.4);
#4208=CIRCLE('',#11965,0.4);
#4209=CIRCLE('',#11978,0.4);
#4210=CIRCLE('',#11980,0.4);
#4211=CIRCLE('',#11981,0.4);
#4212=CIRCLE('',#11982,0.4);
#4213=CIRCLE('',#11983,0.4);
#4214=CIRCLE('',#11984,0.4);
#4215=CIRCLE('',#11997,0.4);
#4216=CIRCLE('',#11999,0.4);
#4217=CIRCLE('',#12000,0.4);
#4218=CIRCLE('',#12001,0.4);
#4219=CIRCLE('',#12002,0.4);
#4220=CIRCLE('',#12003,0.4);
#4221=CIRCLE('',#12016,0.4);
#4222=CIRCLE('',#12018,0.4);
#4223=CIRCLE('',#12019,0.4);
#4224=CIRCLE('',#12020,0.4);
#4225=CIRCLE('',#12021,0.4);
#4226=CIRCLE('',#12022,0.4);
#4227=CIRCLE('',#12035,0.4);
#4228=CIRCLE('',#12037,0.4);
#4229=CIRCLE('',#12038,0.4);
#4230=CIRCLE('',#12039,0.4);
#4231=CIRCLE('',#12040,0.4);
#4232=CIRCLE('',#12041,0.4);
#4233=CIRCLE('',#12054,0.4);
#4234=CIRCLE('',#12056,0.4);
#4235=CIRCLE('',#12057,0.4);
#4236=CIRCLE('',#12058,0.4);
#4237=CIRCLE('',#12059,0.4);
#4238=CIRCLE('',#12060,0.4);
#4239=CIRCLE('',#12073,0.4);
#4240=CIRCLE('',#12075,0.4);
#4241=CIRCLE('',#12076,0.4);
#4242=CIRCLE('',#12077,0.4);
#4243=CIRCLE('',#12078,0.4);
#4244=CIRCLE('',#12079,0.4);
#4245=CIRCLE('',#12092,0.4);
#4246=CIRCLE('',#12094,0.4);
#4247=CIRCLE('',#12095,0.4);
#4248=CIRCLE('',#12096,0.4);
#4249=CIRCLE('',#12097,0.4);
#4250=CIRCLE('',#12098,0.4);
#4251=CIRCLE('',#12111,0.4);
#4252=CIRCLE('',#12113,0.4);
#4253=CIRCLE('',#12114,0.4);
#4254=CIRCLE('',#12115,0.4);
#4255=CIRCLE('',#12116,0.4);
#4256=CIRCLE('',#12117,0.4);
#4257=CIRCLE('',#12130,0.4);
#4258=CIRCLE('',#12132,0.4);
#4259=CIRCLE('',#12133,0.4);
#4260=CIRCLE('',#12134,0.4);
#4261=CIRCLE('',#12135,0.4);
#4262=CIRCLE('',#12136,0.4);
#4263=CIRCLE('',#12221,0.4);
#4264=CIRCLE('',#12223,0.4);
#4265=CIRCLE('',#12224,0.4);
#4266=CIRCLE('',#12225,0.4);
#4267=CIRCLE('',#12226,0.4);
#4268=CIRCLE('',#12227,0.4);
#4269=CIRCLE('',#12240,0.4);
#4270=CIRCLE('',#12242,0.4);
#4271=CIRCLE('',#12243,0.4);
#4272=CIRCLE('',#12244,0.4);
#4273=CIRCLE('',#12245,0.4);
#4274=CIRCLE('',#12246,0.4);
#4275=CIRCLE('',#12259,0.4);
#4276=CIRCLE('',#12261,0.4);
#4277=CIRCLE('',#12262,0.4);
#4278=CIRCLE('',#12263,0.4);
#4279=CIRCLE('',#12264,0.4);
#4280=CIRCLE('',#12265,0.4);
#4281=VERTEX_POINT('',#15622);
#4282=VERTEX_POINT('',#15623);
#4283=VERTEX_POINT('',#15625);
#4284=VERTEX_POINT('',#15627);
#4285=VERTEX_POINT('',#15629);
#4286=VERTEX_POINT('',#15631);
#4287=VERTEX_POINT('',#15633);
#4288=VERTEX_POINT('',#15635);
#4289=VERTEX_POINT('',#15637);
#4290=VERTEX_POINT('',#15639);
#4291=VERTEX_POINT('',#15641);
#4292=VERTEX_POINT('',#15643);
#4293=VERTEX_POINT('',#15647);
#4294=VERTEX_POINT('',#15648);
#4295=VERTEX_POINT('',#15650);
#4296=VERTEX_POINT('',#15652);
#4297=VERTEX_POINT('',#15654);
#4298=VERTEX_POINT('',#15656);
#4299=VERTEX_POINT('',#15658);
#4300=VERTEX_POINT('',#15660);
#4301=VERTEX_POINT('',#15662);
#4302=VERTEX_POINT('',#15664);
#4303=VERTEX_POINT('',#15666);
#4304=VERTEX_POINT('',#15668);
#4305=VERTEX_POINT('',#15672);
#4306=VERTEX_POINT('',#15673);
#4307=VERTEX_POINT('',#15675);
#4308=VERTEX_POINT('',#15677);
#4309=VERTEX_POINT('',#15679);
#4310=VERTEX_POINT('',#15681);
#4311=VERTEX_POINT('',#15683);
#4312=VERTEX_POINT('',#15685);
#4313=VERTEX_POINT('',#15687);
#4314=VERTEX_POINT('',#15689);
#4315=VERTEX_POINT('',#15691);
#4316=VERTEX_POINT('',#15693);
#4317=VERTEX_POINT('',#15697);
#4318=VERTEX_POINT('',#15698);
#4319=VERTEX_POINT('',#15700);
#4320=VERTEX_POINT('',#15702);
#4321=VERTEX_POINT('',#15704);
#4322=VERTEX_POINT('',#15706);
#4323=VERTEX_POINT('',#15708);
#4324=VERTEX_POINT('',#15710);
#4325=VERTEX_POINT('',#15712);
#4326=VERTEX_POINT('',#15714);
#4327=VERTEX_POINT('',#15716);
#4328=VERTEX_POINT('',#15718);
#4329=VERTEX_POINT('',#15722);
#4330=VERTEX_POINT('',#15723);
#4331=VERTEX_POINT('',#15725);
#4332=VERTEX_POINT('',#15727);
#4333=VERTEX_POINT('',#15729);
#4334=VERTEX_POINT('',#15731);
#4335=VERTEX_POINT('',#15733);
#4336=VERTEX_POINT('',#15735);
#4337=VERTEX_POINT('',#15737);
#4338=VERTEX_POINT('',#15739);
#4339=VERTEX_POINT('',#15741);
#4340=VERTEX_POINT('',#15743);
#4341=VERTEX_POINT('',#15747);
#4342=VERTEX_POINT('',#15748);
#4343=VERTEX_POINT('',#15750);
#4344=VERTEX_POINT('',#15752);
#4345=VERTEX_POINT('',#15754);
#4346=VERTEX_POINT('',#15756);
#4347=VERTEX_POINT('',#15758);
#4348=VERTEX_POINT('',#15760);
#4349=VERTEX_POINT('',#15762);
#4350=VERTEX_POINT('',#15764);
#4351=VERTEX_POINT('',#15766);
#4352=VERTEX_POINT('',#15768);
#4353=VERTEX_POINT('',#15772);
#4354=VERTEX_POINT('',#15773);
#4355=VERTEX_POINT('',#15775);
#4356=VERTEX_POINT('',#15777);
#4357=VERTEX_POINT('',#15779);
#4358=VERTEX_POINT('',#15781);
#4359=VERTEX_POINT('',#15783);
#4360=VERTEX_POINT('',#15785);
#4361=VERTEX_POINT('',#15787);
#4362=VERTEX_POINT('',#15789);
#4363=VERTEX_POINT('',#15791);
#4364=VERTEX_POINT('',#15793);
#4365=VERTEX_POINT('',#15797);
#4366=VERTEX_POINT('',#15798);
#4367=VERTEX_POINT('',#15800);
#4368=VERTEX_POINT('',#15802);
#4369=VERTEX_POINT('',#15806);
#4370=VERTEX_POINT('',#15808);
#4371=VERTEX_POINT('',#15812);
#4372=VERTEX_POINT('',#15813);
#4373=VERTEX_POINT('',#15815);
#4374=VERTEX_POINT('',#15817);
#4375=VERTEX_POINT('',#15822);
#4376=VERTEX_POINT('',#15824);
#4377=VERTEX_POINT('',#15826);
#4378=VERTEX_POINT('',#15828);
#4379=VERTEX_POINT('',#15830);
#4380=VERTEX_POINT('',#15832);
#4381=VERTEX_POINT('',#15834);
#4382=VERTEX_POINT('',#15836);
#4383=VERTEX_POINT('',#15840);
#4384=VERTEX_POINT('',#15842);
#4385=VERTEX_POINT('',#15844);
#4386=VERTEX_POINT('',#15846);
#4387=VERTEX_POINT('',#15848);
#4388=VERTEX_POINT('',#15851);
#4389=VERTEX_POINT('',#15852);
#4390=VERTEX_POINT('',#15854);
#4391=VERTEX_POINT('',#15856);
#4392=VERTEX_POINT('',#15858);
#4393=VERTEX_POINT('',#15860);
#4394=VERTEX_POINT('',#15862);
#4395=VERTEX_POINT('',#15864);
#4396=VERTEX_POINT('',#15866);
#4397=VERTEX_POINT('',#15868);
#4398=VERTEX_POINT('',#15870);
#4399=VERTEX_POINT('',#15872);
#4400=VERTEX_POINT('',#15875);
#4401=VERTEX_POINT('',#15876);
#4402=VERTEX_POINT('',#15878);
#4403=VERTEX_POINT('',#15880);
#4404=VERTEX_POINT('',#15882);
#4405=VERTEX_POINT('',#15884);
#4406=VERTEX_POINT('',#15886);
#4407=VERTEX_POINT('',#15888);
#4408=VERTEX_POINT('',#15890);
#4409=VERTEX_POINT('',#15892);
#4410=VERTEX_POINT('',#15894);
#4411=VERTEX_POINT('',#15896);
#4412=VERTEX_POINT('',#15899);
#4413=VERTEX_POINT('',#15900);
#4414=VERTEX_POINT('',#15902);
#4415=VERTEX_POINT('',#15904);
#4416=VERTEX_POINT('',#15906);
#4417=VERTEX_POINT('',#15908);
#4418=VERTEX_POINT('',#15910);
#4419=VERTEX_POINT('',#15912);
#4420=VERTEX_POINT('',#15914);
#4421=VERTEX_POINT('',#15916);
#4422=VERTEX_POINT('',#15918);
#4423=VERTEX_POINT('',#15920);
#4424=VERTEX_POINT('',#15923);
#4425=VERTEX_POINT('',#15924);
#4426=VERTEX_POINT('',#15926);
#4427=VERTEX_POINT('',#15928);
#4428=VERTEX_POINT('',#15930);
#4429=VERTEX_POINT('',#15932);
#4430=VERTEX_POINT('',#15934);
#4431=VERTEX_POINT('',#15936);
#4432=VERTEX_POINT('',#15938);
#4433=VERTEX_POINT('',#15940);
#4434=VERTEX_POINT('',#15942);
#4435=VERTEX_POINT('',#15944);
#4436=VERTEX_POINT('',#15947);
#4437=VERTEX_POINT('',#15948);
#4438=VERTEX_POINT('',#15950);
#4439=VERTEX_POINT('',#15952);
#4440=VERTEX_POINT('',#15954);
#4441=VERTEX_POINT('',#15956);
#4442=VERTEX_POINT('',#15958);
#4443=VERTEX_POINT('',#15960);
#4444=VERTEX_POINT('',#15962);
#4445=VERTEX_POINT('',#15964);
#4446=VERTEX_POINT('',#15966);
#4447=VERTEX_POINT('',#15968);
#4448=VERTEX_POINT('',#15971);
#4449=VERTEX_POINT('',#15972);
#4450=VERTEX_POINT('',#15974);
#4451=VERTEX_POINT('',#15976);
#4452=VERTEX_POINT('',#15978);
#4453=VERTEX_POINT('',#15980);
#4454=VERTEX_POINT('',#15982);
#4455=VERTEX_POINT('',#15984);
#4456=VERTEX_POINT('',#15986);
#4457=VERTEX_POINT('',#15988);
#4458=VERTEX_POINT('',#15990);
#4459=VERTEX_POINT('',#15992);
#4460=VERTEX_POINT('',#15995);
#4461=VERTEX_POINT('',#15996);
#4462=VERTEX_POINT('',#15998);
#4463=VERTEX_POINT('',#16000);
#4464=VERTEX_POINT('',#16002);
#4465=VERTEX_POINT('',#16004);
#4466=VERTEX_POINT('',#16006);
#4467=VERTEX_POINT('',#16008);
#4468=VERTEX_POINT('',#16010);
#4469=VERTEX_POINT('',#16012);
#4470=VERTEX_POINT('',#16014);
#4471=VERTEX_POINT('',#16016);
#4472=VERTEX_POINT('',#16019);
#4473=VERTEX_POINT('',#16020);
#4474=VERTEX_POINT('',#16022);
#4475=VERTEX_POINT('',#16024);
#4476=VERTEX_POINT('',#16026);
#4477=VERTEX_POINT('',#16028);
#4478=VERTEX_POINT('',#16030);
#4479=VERTEX_POINT('',#16032);
#4480=VERTEX_POINT('',#16034);
#4481=VERTEX_POINT('',#16036);
#4482=VERTEX_POINT('',#16038);
#4483=VERTEX_POINT('',#16040);
#4484=VERTEX_POINT('',#16043);
#4485=VERTEX_POINT('',#16044);
#4486=VERTEX_POINT('',#16046);
#4487=VERTEX_POINT('',#16048);
#4488=VERTEX_POINT('',#16050);
#4489=VERTEX_POINT('',#16052);
#4490=VERTEX_POINT('',#16054);
#4491=VERTEX_POINT('',#16056);
#4492=VERTEX_POINT('',#16058);
#4493=VERTEX_POINT('',#16060);
#4494=VERTEX_POINT('',#16062);
#4495=VERTEX_POINT('',#16064);
#4496=VERTEX_POINT('',#16067);
#4497=VERTEX_POINT('',#16068);
#4498=VERTEX_POINT('',#16070);
#4499=VERTEX_POINT('',#16072);
#4500=VERTEX_POINT('',#16074);
#4501=VERTEX_POINT('',#16076);
#4502=VERTEX_POINT('',#16078);
#4503=VERTEX_POINT('',#16080);
#4504=VERTEX_POINT('',#16082);
#4505=VERTEX_POINT('',#16084);
#4506=VERTEX_POINT('',#16086);
#4507=VERTEX_POINT('',#16088);
#4508=VERTEX_POINT('',#16092);
#4509=VERTEX_POINT('',#16094);
#4510=VERTEX_POINT('',#16098);
#4511=VERTEX_POINT('',#16100);
#4512=VERTEX_POINT('',#16102);
#4513=VERTEX_POINT('',#16104);
#4514=VERTEX_POINT('',#16106);
#4515=VERTEX_POINT('',#16108);
#4516=VERTEX_POINT('',#16110);
#4517=VERTEX_POINT('',#16112);
#4518=VERTEX_POINT('',#16114);
#4519=VERTEX_POINT('',#16121);
#4520=VERTEX_POINT('',#16123);
#4521=VERTEX_POINT('',#16127);
#4522=VERTEX_POINT('',#16129);
#4523=VERTEX_POINT('',#16134);
#4524=VERTEX_POINT('',#16135);
#4525=VERTEX_POINT('',#16137);
#4526=VERTEX_POINT('',#16139);
#4527=VERTEX_POINT('',#16141);
#4528=VERTEX_POINT('',#16143);
#4529=VERTEX_POINT('',#16145);
#4530=VERTEX_POINT('',#16147);
#4531=VERTEX_POINT('',#16149);
#4532=VERTEX_POINT('',#16151);
#4533=VERTEX_POINT('',#16153);
#4534=VERTEX_POINT('',#16155);
#4535=VERTEX_POINT('',#16158);
#4536=VERTEX_POINT('',#16159);
#4537=VERTEX_POINT('',#16161);
#4538=VERTEX_POINT('',#16163);
#4539=VERTEX_POINT('',#16165);
#4540=VERTEX_POINT('',#16167);
#4541=VERTEX_POINT('',#16169);
#4542=VERTEX_POINT('',#16171);
#4543=VERTEX_POINT('',#16173);
#4544=VERTEX_POINT('',#16175);
#4545=VERTEX_POINT('',#16177);
#4546=VERTEX_POINT('',#16179);
#4547=VERTEX_POINT('',#16182);
#4548=VERTEX_POINT('',#16183);
#4549=VERTEX_POINT('',#16185);
#4550=VERTEX_POINT('',#16187);
#4551=VERTEX_POINT('',#16189);
#4552=VERTEX_POINT('',#16191);
#4553=VERTEX_POINT('',#16193);
#4554=VERTEX_POINT('',#16195);
#4555=VERTEX_POINT('',#16197);
#4556=VERTEX_POINT('',#16199);
#4557=VERTEX_POINT('',#16201);
#4558=VERTEX_POINT('',#16203);
#4559=VERTEX_POINT('',#16206);
#4560=VERTEX_POINT('',#16207);
#4561=VERTEX_POINT('',#16209);
#4562=VERTEX_POINT('',#16211);
#4563=VERTEX_POINT('',#16213);
#4564=VERTEX_POINT('',#16215);
#4565=VERTEX_POINT('',#16217);
#4566=VERTEX_POINT('',#16219);
#4567=VERTEX_POINT('',#16221);
#4568=VERTEX_POINT('',#16223);
#4569=VERTEX_POINT('',#16225);
#4570=VERTEX_POINT('',#16227);
#4571=VERTEX_POINT('',#16230);
#4572=VERTEX_POINT('',#16231);
#4573=VERTEX_POINT('',#16233);
#4574=VERTEX_POINT('',#16235);
#4575=VERTEX_POINT('',#16237);
#4576=VERTEX_POINT('',#16239);
#4577=VERTEX_POINT('',#16241);
#4578=VERTEX_POINT('',#16243);
#4579=VERTEX_POINT('',#16245);
#4580=VERTEX_POINT('',#16247);
#4581=VERTEX_POINT('',#16249);
#4582=VERTEX_POINT('',#16251);
#4583=VERTEX_POINT('',#16254);
#4584=VERTEX_POINT('',#16255);
#4585=VERTEX_POINT('',#16257);
#4586=VERTEX_POINT('',#16259);
#4587=VERTEX_POINT('',#16261);
#4588=VERTEX_POINT('',#16263);
#4589=VERTEX_POINT('',#16265);
#4590=VERTEX_POINT('',#16267);
#4591=VERTEX_POINT('',#16269);
#4592=VERTEX_POINT('',#16271);
#4593=VERTEX_POINT('',#16273);
#4594=VERTEX_POINT('',#16275);
#4595=VERTEX_POINT('',#16278);
#4596=VERTEX_POINT('',#16279);
#4597=VERTEX_POINT('',#16281);
#4598=VERTEX_POINT('',#16283);
#4599=VERTEX_POINT('',#16285);
#4600=VERTEX_POINT('',#16287);
#4601=VERTEX_POINT('',#16289);
#4602=VERTEX_POINT('',#16291);
#4603=VERTEX_POINT('',#16293);
#4604=VERTEX_POINT('',#16295);
#4605=VERTEX_POINT('',#16297);
#4606=VERTEX_POINT('',#16299);
#4607=VERTEX_POINT('',#16302);
#4608=VERTEX_POINT('',#16303);
#4609=VERTEX_POINT('',#16305);
#4610=VERTEX_POINT('',#16307);
#4611=VERTEX_POINT('',#16309);
#4612=VERTEX_POINT('',#16311);
#4613=VERTEX_POINT('',#16313);
#4614=VERTEX_POINT('',#16315);
#4615=VERTEX_POINT('',#16317);
#4616=VERTEX_POINT('',#16319);
#4617=VERTEX_POINT('',#16321);
#4618=VERTEX_POINT('',#16323);
#4619=VERTEX_POINT('',#16326);
#4620=VERTEX_POINT('',#16327);
#4621=VERTEX_POINT('',#16329);
#4622=VERTEX_POINT('',#16331);
#4623=VERTEX_POINT('',#16333);
#4624=VERTEX_POINT('',#16335);
#4625=VERTEX_POINT('',#16337);
#4626=VERTEX_POINT('',#16339);
#4627=VERTEX_POINT('',#16341);
#4628=VERTEX_POINT('',#16343);
#4629=VERTEX_POINT('',#16345);
#4630=VERTEX_POINT('',#16347);
#4631=VERTEX_POINT('',#16350);
#4632=VERTEX_POINT('',#16351);
#4633=VERTEX_POINT('',#16353);
#4634=VERTEX_POINT('',#16355);
#4635=VERTEX_POINT('',#16357);
#4636=VERTEX_POINT('',#16359);
#4637=VERTEX_POINT('',#16361);
#4638=VERTEX_POINT('',#16363);
#4639=VERTEX_POINT('',#16365);
#4640=VERTEX_POINT('',#16367);
#4641=VERTEX_POINT('',#16369);
#4642=VERTEX_POINT('',#16371);
#4643=VERTEX_POINT('',#16401);
#4644=VERTEX_POINT('',#16402);
#4645=VERTEX_POINT('',#16404);
#4646=VERTEX_POINT('',#16406);
#4647=VERTEX_POINT('',#16410);
#4648=VERTEX_POINT('',#16412);
#4649=VERTEX_POINT('',#16414);
#4650=VERTEX_POINT('',#16416);
#4651=VERTEX_POINT('',#16418);
#4652=VERTEX_POINT('',#16420);
#4653=VERTEX_POINT('',#16422);
#4654=VERTEX_POINT('',#16424);
#4655=VERTEX_POINT('',#16426);
#4656=VERTEX_POINT('',#16428);
#4657=VERTEX_POINT('',#16432);
#4658=VERTEX_POINT('',#16436);
#4659=VERTEX_POINT('',#16440);
#4660=VERTEX_POINT('',#16442);
#4661=VERTEX_POINT('',#16446);
#4662=VERTEX_POINT('',#16450);
#4663=VERTEX_POINT('',#16454);
#4664=VERTEX_POINT('',#16456);
#4665=VERTEX_POINT('',#16460);
#4666=VERTEX_POINT('',#16464);
#4667=VERTEX_POINT('',#16474);
#4668=VERTEX_POINT('',#16475);
#4669=VERTEX_POINT('',#16480);
#4670=VERTEX_POINT('',#16482);
#4671=VERTEX_POINT('',#16484);
#4672=VERTEX_POINT('',#16486);
#4673=VERTEX_POINT('',#16488);
#4674=VERTEX_POINT('',#16490);
#4675=VERTEX_POINT('',#16492);
#4676=VERTEX_POINT('',#16494);
#4677=VERTEX_POINT('',#16496);
#4678=VERTEX_POINT('',#16498);
#4679=VERTEX_POINT('',#16523);
#4680=VERTEX_POINT('',#16524);
#4681=VERTEX_POINT('',#16526);
#4682=VERTEX_POINT('',#16528);
#4683=VERTEX_POINT('',#16532);
#4684=VERTEX_POINT('',#16534);
#4685=VERTEX_POINT('',#16536);
#4686=VERTEX_POINT('',#16538);
#4687=VERTEX_POINT('',#16540);
#4688=VERTEX_POINT('',#16542);
#4689=VERTEX_POINT('',#16544);
#4690=VERTEX_POINT('',#16546);
#4691=VERTEX_POINT('',#16548);
#4692=VERTEX_POINT('',#16550);
#4693=VERTEX_POINT('',#16554);
#4694=VERTEX_POINT('',#16558);
#4695=VERTEX_POINT('',#16562);
#4696=VERTEX_POINT('',#16564);
#4697=VERTEX_POINT('',#16568);
#4698=VERTEX_POINT('',#16572);
#4699=VERTEX_POINT('',#16576);
#4700=VERTEX_POINT('',#16578);
#4701=VERTEX_POINT('',#16582);
#4702=VERTEX_POINT('',#16586);
#4703=VERTEX_POINT('',#16601);
#4704=VERTEX_POINT('',#16603);
#4705=VERTEX_POINT('',#16607);
#4706=VERTEX_POINT('',#16609);
#4707=VERTEX_POINT('',#16621);
#4708=VERTEX_POINT('',#16622);
#4709=VERTEX_POINT('',#16624);
#4710=VERTEX_POINT('',#16626);
#4711=VERTEX_POINT('',#16628);
#4712=VERTEX_POINT('',#16630);
#4713=VERTEX_POINT('',#16632);
#4714=VERTEX_POINT('',#16634);
#4715=VERTEX_POINT('',#16636);
#4716=VERTEX_POINT('',#16638);
#4717=VERTEX_POINT('',#16640);
#4718=VERTEX_POINT('',#16642);
#4719=VERTEX_POINT('',#16645);
#4720=VERTEX_POINT('',#16646);
#4721=VERTEX_POINT('',#16648);
#4722=VERTEX_POINT('',#16650);
#4723=VERTEX_POINT('',#16652);
#4724=VERTEX_POINT('',#16654);
#4725=VERTEX_POINT('',#16656);
#4726=VERTEX_POINT('',#16658);
#4727=VERTEX_POINT('',#16660);
#4728=VERTEX_POINT('',#16662);
#4729=VERTEX_POINT('',#16664);
#4730=VERTEX_POINT('',#16666);
#4731=VERTEX_POINT('',#16669);
#4732=VERTEX_POINT('',#16670);
#4733=VERTEX_POINT('',#16672);
#4734=VERTEX_POINT('',#16674);
#4735=VERTEX_POINT('',#16676);
#4736=VERTEX_POINT('',#16678);
#4737=VERTEX_POINT('',#16680);
#4738=VERTEX_POINT('',#16682);
#4739=VERTEX_POINT('',#16684);
#4740=VERTEX_POINT('',#16686);
#4741=VERTEX_POINT('',#16688);
#4742=VERTEX_POINT('',#16690);
#4743=VERTEX_POINT('',#16693);
#4744=VERTEX_POINT('',#16694);
#4745=VERTEX_POINT('',#16696);
#4746=VERTEX_POINT('',#16698);
#4747=VERTEX_POINT('',#16700);
#4748=VERTEX_POINT('',#16702);
#4749=VERTEX_POINT('',#16704);
#4750=VERTEX_POINT('',#16706);
#4751=VERTEX_POINT('',#16708);
#4752=VERTEX_POINT('',#16710);
#4753=VERTEX_POINT('',#16712);
#4754=VERTEX_POINT('',#16714);
#4755=VERTEX_POINT('',#16717);
#4756=VERTEX_POINT('',#16718);
#4757=VERTEX_POINT('',#16720);
#4758=VERTEX_POINT('',#16722);
#4759=VERTEX_POINT('',#16724);
#4760=VERTEX_POINT('',#16726);
#4761=VERTEX_POINT('',#16728);
#4762=VERTEX_POINT('',#16730);
#4763=VERTEX_POINT('',#16732);
#4764=VERTEX_POINT('',#16734);
#4765=VERTEX_POINT('',#16736);
#4766=VERTEX_POINT('',#16738);
#4767=VERTEX_POINT('',#16741);
#4768=VERTEX_POINT('',#16742);
#4769=VERTEX_POINT('',#16744);
#4770=VERTEX_POINT('',#16746);
#4771=VERTEX_POINT('',#16748);
#4772=VERTEX_POINT('',#16750);
#4773=VERTEX_POINT('',#16752);
#4774=VERTEX_POINT('',#16754);
#4775=VERTEX_POINT('',#16756);
#4776=VERTEX_POINT('',#16758);
#4777=VERTEX_POINT('',#16760);
#4778=VERTEX_POINT('',#16762);
#4779=VERTEX_POINT('',#16765);
#4780=VERTEX_POINT('',#16766);
#4781=VERTEX_POINT('',#16768);
#4782=VERTEX_POINT('',#16770);
#4783=VERTEX_POINT('',#16772);
#4784=VERTEX_POINT('',#16774);
#4785=VERTEX_POINT('',#16776);
#4786=VERTEX_POINT('',#16778);
#4787=VERTEX_POINT('',#16780);
#4788=VERTEX_POINT('',#16782);
#4789=VERTEX_POINT('',#16784);
#4790=VERTEX_POINT('',#16786);
#4791=VERTEX_POINT('',#16789);
#4792=VERTEX_POINT('',#16790);
#4793=VERTEX_POINT('',#16792);
#4794=VERTEX_POINT('',#16794);
#4795=VERTEX_POINT('',#16796);
#4796=VERTEX_POINT('',#16798);
#4797=VERTEX_POINT('',#16800);
#4798=VERTEX_POINT('',#16802);
#4799=VERTEX_POINT('',#16804);
#4800=VERTEX_POINT('',#16806);
#4801=VERTEX_POINT('',#16808);
#4802=VERTEX_POINT('',#16810);
#4803=VERTEX_POINT('',#16813);
#4804=VERTEX_POINT('',#16814);
#4805=VERTEX_POINT('',#16816);
#4806=VERTEX_POINT('',#16818);
#4807=VERTEX_POINT('',#16820);
#4808=VERTEX_POINT('',#16822);
#4809=VERTEX_POINT('',#16824);
#4810=VERTEX_POINT('',#16826);
#4811=VERTEX_POINT('',#16828);
#4812=VERTEX_POINT('',#16830);
#4813=VERTEX_POINT('',#16832);
#4814=VERTEX_POINT('',#16834);
#4815=VERTEX_POINT('',#16839);
#4816=VERTEX_POINT('',#16840);
#4817=VERTEX_POINT('',#16842);
#4818=VERTEX_POINT('',#16844);
#4819=VERTEX_POINT('',#16846);
#4820=VERTEX_POINT('',#16848);
#4821=VERTEX_POINT('',#16850);
#4822=VERTEX_POINT('',#16852);
#4823=VERTEX_POINT('',#16854);
#4824=VERTEX_POINT('',#16856);
#4825=VERTEX_POINT('',#16858);
#4826=VERTEX_POINT('',#16860);
#4827=VERTEX_POINT('',#16863);
#4828=VERTEX_POINT('',#16864);
#4829=VERTEX_POINT('',#16866);
#4830=VERTEX_POINT('',#16868);
#4831=VERTEX_POINT('',#16870);
#4832=VERTEX_POINT('',#16872);
#4833=VERTEX_POINT('',#16874);
#4834=VERTEX_POINT('',#16876);
#4835=VERTEX_POINT('',#16878);
#4836=VERTEX_POINT('',#16880);
#4837=VERTEX_POINT('',#16882);
#4838=VERTEX_POINT('',#16884);
#4839=VERTEX_POINT('',#16887);
#4840=VERTEX_POINT('',#16888);
#4841=VERTEX_POINT('',#16890);
#4842=VERTEX_POINT('',#16892);
#4843=VERTEX_POINT('',#16894);
#4844=VERTEX_POINT('',#16896);
#4845=VERTEX_POINT('',#16898);
#4846=VERTEX_POINT('',#16900);
#4847=VERTEX_POINT('',#16902);
#4848=VERTEX_POINT('',#16904);
#4849=VERTEX_POINT('',#16906);
#4850=VERTEX_POINT('',#16908);
#4851=VERTEX_POINT('',#16911);
#4852=VERTEX_POINT('',#16912);
#4853=VERTEX_POINT('',#16914);
#4854=VERTEX_POINT('',#16916);
#4855=VERTEX_POINT('',#16918);
#4856=VERTEX_POINT('',#16920);
#4857=VERTEX_POINT('',#16922);
#4858=VERTEX_POINT('',#16924);
#4859=VERTEX_POINT('',#16926);
#4860=VERTEX_POINT('',#16928);
#4861=VERTEX_POINT('',#16930);
#4862=VERTEX_POINT('',#16932);
#4863=VERTEX_POINT('',#16935);
#4864=VERTEX_POINT('',#16936);
#4865=VERTEX_POINT('',#16938);
#4866=VERTEX_POINT('',#16940);
#4867=VERTEX_POINT('',#16942);
#4868=VERTEX_POINT('',#16944);
#4869=VERTEX_POINT('',#16946);
#4870=VERTEX_POINT('',#16948);
#4871=VERTEX_POINT('',#16950);
#4872=VERTEX_POINT('',#16952);
#4873=VERTEX_POINT('',#16954);
#4874=VERTEX_POINT('',#16956);
#4875=VERTEX_POINT('',#16959);
#4876=VERTEX_POINT('',#16960);
#4877=VERTEX_POINT('',#16962);
#4878=VERTEX_POINT('',#16964);
#4879=VERTEX_POINT('',#16966);
#4880=VERTEX_POINT('',#16968);
#4881=VERTEX_POINT('',#16970);
#4882=VERTEX_POINT('',#16972);
#4883=VERTEX_POINT('',#16974);
#4884=VERTEX_POINT('',#16976);
#4885=VERTEX_POINT('',#16978);
#4886=VERTEX_POINT('',#16980);
#4887=VERTEX_POINT('',#16983);
#4888=VERTEX_POINT('',#16984);
#4889=VERTEX_POINT('',#16986);
#4890=VERTEX_POINT('',#16988);
#4891=VERTEX_POINT('',#16990);
#4892=VERTEX_POINT('',#16992);
#4893=VERTEX_POINT('',#16994);
#4894=VERTEX_POINT('',#16996);
#4895=VERTEX_POINT('',#16998);
#4896=VERTEX_POINT('',#17000);
#4897=VERTEX_POINT('',#17002);
#4898=VERTEX_POINT('',#17004);
#4899=VERTEX_POINT('',#17007);
#4900=VERTEX_POINT('',#17008);
#4901=VERTEX_POINT('',#17010);
#4902=VERTEX_POINT('',#17012);
#4903=VERTEX_POINT('',#17014);
#4904=VERTEX_POINT('',#17016);
#4905=VERTEX_POINT('',#17018);
#4906=VERTEX_POINT('',#17020);
#4907=VERTEX_POINT('',#17022);
#4908=VERTEX_POINT('',#17024);
#4909=VERTEX_POINT('',#17026);
#4910=VERTEX_POINT('',#17028);
#4911=VERTEX_POINT('',#17031);
#4912=VERTEX_POINT('',#17032);
#4913=VERTEX_POINT('',#17034);
#4914=VERTEX_POINT('',#17036);
#4915=VERTEX_POINT('',#17038);
#4916=VERTEX_POINT('',#17040);
#4917=VERTEX_POINT('',#17042);
#4918=VERTEX_POINT('',#17044);
#4919=VERTEX_POINT('',#17046);
#4920=VERTEX_POINT('',#17048);
#4921=VERTEX_POINT('',#17050);
#4922=VERTEX_POINT('',#17052);
#4923=VERTEX_POINT('',#17061);
#4924=VERTEX_POINT('',#17065);
#4925=VERTEX_POINT('',#17077);
#4926=VERTEX_POINT('',#17079);
#4927=VERTEX_POINT('',#17081);
#4928=VERTEX_POINT('',#17083);
#4929=VERTEX_POINT('',#17087);
#4930=VERTEX_POINT('',#17089);
#4931=VERTEX_POINT('',#17095);
#4932=VERTEX_POINT('',#17096);
#4933=VERTEX_POINT('',#17100);
#4934=VERTEX_POINT('',#17102);
#4935=VERTEX_POINT('',#17104);
#4936=VERTEX_POINT('',#17108);
#4937=VERTEX_POINT('',#17110);
#4938=VERTEX_POINT('',#17115);
#4939=VERTEX_POINT('',#17119);
#4940=VERTEX_POINT('',#17124);
#4941=VERTEX_POINT('',#17128);
#4942=VERTEX_POINT('',#17132);
#4943=VERTEX_POINT('',#17133);
#4944=VERTEX_POINT('',#17135);
#4945=VERTEX_POINT('',#17137);
#4946=VERTEX_POINT('',#17141);
#4947=VERTEX_POINT('',#17142);
#4948=VERTEX_POINT('',#17147);
#4949=VERTEX_POINT('',#17148);
#4950=VERTEX_POINT('',#17153);
#4951=VERTEX_POINT('',#17154);
#4952=VERTEX_POINT('',#17159);
#4953=VERTEX_POINT('',#17160);
#4954=VERTEX_POINT('',#17165);
#4955=VERTEX_POINT('',#17166);
#4956=VERTEX_POINT('',#17171);
#4957=VERTEX_POINT('',#17172);
#4958=VERTEX_POINT('',#17180);
#4959=VERTEX_POINT('',#17200);
#4960=VERTEX_POINT('',#17208);
#4961=VERTEX_POINT('',#17212);
#4962=VERTEX_POINT('',#17216);
#4963=VERTEX_POINT('',#17218);
#4964=VERTEX_POINT('',#17222);
#4965=VERTEX_POINT('',#17223);
#4966=VERTEX_POINT('',#17225);
#4967=VERTEX_POINT('',#17227);
#4968=VERTEX_POINT('',#17231);
#4969=VERTEX_POINT('',#17232);
#4970=VERTEX_POINT('',#17237);
#4971=VERTEX_POINT('',#17238);
#4972=VERTEX_POINT('',#17243);
#4973=VERTEX_POINT('',#17244);
#4974=VERTEX_POINT('',#17249);
#4975=VERTEX_POINT('',#17250);
#4976=VERTEX_POINT('',#17255);
#4977=VERTEX_POINT('',#17256);
#4978=VERTEX_POINT('',#17261);
#4979=VERTEX_POINT('',#17262);
#4980=VERTEX_POINT('',#17270);
#4981=VERTEX_POINT('',#17272);
#4982=VERTEX_POINT('',#17276);
#4983=VERTEX_POINT('',#17280);
#4984=VERTEX_POINT('',#17284);
#4985=VERTEX_POINT('',#17294);
#4986=VERTEX_POINT('',#17304);
#4987=VERTEX_POINT('',#17324);
#4988=VERTEX_POINT('',#17325);
#4989=VERTEX_POINT('',#17330);
#4990=VERTEX_POINT('',#17332);
#4991=VERTEX_POINT('',#17334);
#4992=VERTEX_POINT('',#17336);
#4993=VERTEX_POINT('',#17338);
#4994=VERTEX_POINT('',#17340);
#4995=VERTEX_POINT('',#17342);
#4996=VERTEX_POINT('',#17344);
#4997=VERTEX_POINT('',#17346);
#4998=VERTEX_POINT('',#17348);
#4999=VERTEX_POINT('',#17373);
#5000=VERTEX_POINT('',#17374);
#5001=VERTEX_POINT('',#17379);
#5002=VERTEX_POINT('',#17381);
#5003=VERTEX_POINT('',#17383);
#5004=VERTEX_POINT('',#17385);
#5005=VERTEX_POINT('',#17387);
#5006=VERTEX_POINT('',#17389);
#5007=VERTEX_POINT('',#17391);
#5008=VERTEX_POINT('',#17393);
#5009=VERTEX_POINT('',#17395);
#5010=VERTEX_POINT('',#17397);
#5011=VERTEX_POINT('',#17422);
#5012=VERTEX_POINT('',#17423);
#5013=VERTEX_POINT('',#17428);
#5014=VERTEX_POINT('',#17430);
#5015=VERTEX_POINT('',#17432);
#5016=VERTEX_POINT('',#17434);
#5017=VERTEX_POINT('',#17436);
#5018=VERTEX_POINT('',#17438);
#5019=VERTEX_POINT('',#17440);
#5020=VERTEX_POINT('',#17442);
#5021=VERTEX_POINT('',#17444);
#5022=VERTEX_POINT('',#17446);
#5023=VERTEX_POINT('',#17471);
#5024=VERTEX_POINT('',#17472);
#5025=VERTEX_POINT('',#17477);
#5026=VERTEX_POINT('',#17479);
#5027=VERTEX_POINT('',#17481);
#5028=VERTEX_POINT('',#17483);
#5029=VERTEX_POINT('',#17485);
#5030=VERTEX_POINT('',#17487);
#5031=VERTEX_POINT('',#17489);
#5032=VERTEX_POINT('',#17491);
#5033=VERTEX_POINT('',#17493);
#5034=VERTEX_POINT('',#17495);
#5035=VERTEX_POINT('',#17520);
#5036=VERTEX_POINT('',#17521);
#5037=VERTEX_POINT('',#17526);
#5038=VERTEX_POINT('',#17528);
#5039=VERTEX_POINT('',#17530);
#5040=VERTEX_POINT('',#17532);
#5041=VERTEX_POINT('',#17534);
#5042=VERTEX_POINT('',#17536);
#5043=VERTEX_POINT('',#17538);
#5044=VERTEX_POINT('',#17540);
#5045=VERTEX_POINT('',#17542);
#5046=VERTEX_POINT('',#17544);
#5047=VERTEX_POINT('',#17569);
#5048=VERTEX_POINT('',#17570);
#5049=VERTEX_POINT('',#17575);
#5050=VERTEX_POINT('',#17577);
#5051=VERTEX_POINT('',#17579);
#5052=VERTEX_POINT('',#17581);
#5053=VERTEX_POINT('',#17583);
#5054=VERTEX_POINT('',#17585);
#5055=VERTEX_POINT('',#17587);
#5056=VERTEX_POINT('',#17589);
#5057=VERTEX_POINT('',#17591);
#5058=VERTEX_POINT('',#17593);
#5059=VERTEX_POINT('',#17618);
#5060=VERTEX_POINT('',#17619);
#5061=VERTEX_POINT('',#17624);
#5062=VERTEX_POINT('',#17626);
#5063=VERTEX_POINT('',#17628);
#5064=VERTEX_POINT('',#17630);
#5065=VERTEX_POINT('',#17632);
#5066=VERTEX_POINT('',#17634);
#5067=VERTEX_POINT('',#17636);
#5068=VERTEX_POINT('',#17638);
#5069=VERTEX_POINT('',#17640);
#5070=VERTEX_POINT('',#17642);
#5071=VERTEX_POINT('',#17667);
#5072=VERTEX_POINT('',#17668);
#5073=VERTEX_POINT('',#17673);
#5074=VERTEX_POINT('',#17675);
#5075=VERTEX_POINT('',#17677);
#5076=VERTEX_POINT('',#17679);
#5077=VERTEX_POINT('',#17681);
#5078=VERTEX_POINT('',#17683);
#5079=VERTEX_POINT('',#17685);
#5080=VERTEX_POINT('',#17687);
#5081=VERTEX_POINT('',#17689);
#5082=VERTEX_POINT('',#17691);
#5083=VERTEX_POINT('',#17716);
#5084=VERTEX_POINT('',#17717);
#5085=VERTEX_POINT('',#17722);
#5086=VERTEX_POINT('',#17724);
#5087=VERTEX_POINT('',#17726);
#5088=VERTEX_POINT('',#17728);
#5089=VERTEX_POINT('',#17730);
#5090=VERTEX_POINT('',#17732);
#5091=VERTEX_POINT('',#17734);
#5092=VERTEX_POINT('',#17736);
#5093=VERTEX_POINT('',#17738);
#5094=VERTEX_POINT('',#17740);
#5095=VERTEX_POINT('',#17765);
#5096=VERTEX_POINT('',#17766);
#5097=VERTEX_POINT('',#17771);
#5098=VERTEX_POINT('',#17773);
#5099=VERTEX_POINT('',#17775);
#5100=VERTEX_POINT('',#17777);
#5101=VERTEX_POINT('',#17779);
#5102=VERTEX_POINT('',#17781);
#5103=VERTEX_POINT('',#17783);
#5104=VERTEX_POINT('',#17785);
#5105=VERTEX_POINT('',#17787);
#5106=VERTEX_POINT('',#17789);
#5107=VERTEX_POINT('',#17814);
#5108=VERTEX_POINT('',#17815);
#5109=VERTEX_POINT('',#17820);
#5110=VERTEX_POINT('',#17822);
#5111=VERTEX_POINT('',#17824);
#5112=VERTEX_POINT('',#17826);
#5113=VERTEX_POINT('',#17828);
#5114=VERTEX_POINT('',#17830);
#5115=VERTEX_POINT('',#17832);
#5116=VERTEX_POINT('',#17834);
#5117=VERTEX_POINT('',#17836);
#5118=VERTEX_POINT('',#17838);
#5119=VERTEX_POINT('',#17863);
#5120=VERTEX_POINT('',#17864);
#5121=VERTEX_POINT('',#17869);
#5122=VERTEX_POINT('',#17871);
#5123=VERTEX_POINT('',#17873);
#5124=VERTEX_POINT('',#17875);
#5125=VERTEX_POINT('',#17877);
#5126=VERTEX_POINT('',#17879);
#5127=VERTEX_POINT('',#17881);
#5128=VERTEX_POINT('',#17883);
#5129=VERTEX_POINT('',#17885);
#5130=VERTEX_POINT('',#17887);
#5131=VERTEX_POINT('',#17912);
#5132=VERTEX_POINT('',#17913);
#5133=VERTEX_POINT('',#17918);
#5134=VERTEX_POINT('',#17920);
#5135=VERTEX_POINT('',#17922);
#5136=VERTEX_POINT('',#17924);
#5137=VERTEX_POINT('',#17926);
#5138=VERTEX_POINT('',#17928);
#5139=VERTEX_POINT('',#17930);
#5140=VERTEX_POINT('',#17932);
#5141=VERTEX_POINT('',#17934);
#5142=VERTEX_POINT('',#17936);
#5143=VERTEX_POINT('',#17961);
#5144=VERTEX_POINT('',#17962);
#5145=VERTEX_POINT('',#17967);
#5146=VERTEX_POINT('',#17969);
#5147=VERTEX_POINT('',#17971);
#5148=VERTEX_POINT('',#17973);
#5149=VERTEX_POINT('',#17975);
#5150=VERTEX_POINT('',#17977);
#5151=VERTEX_POINT('',#17979);
#5152=VERTEX_POINT('',#17981);
#5153=VERTEX_POINT('',#17983);
#5154=VERTEX_POINT('',#17985);
#5155=VERTEX_POINT('',#18010);
#5156=VERTEX_POINT('',#18011);
#5157=VERTEX_POINT('',#18016);
#5158=VERTEX_POINT('',#18018);
#5159=VERTEX_POINT('',#18020);
#5160=VERTEX_POINT('',#18022);
#5161=VERTEX_POINT('',#18024);
#5162=VERTEX_POINT('',#18026);
#5163=VERTEX_POINT('',#18028);
#5164=VERTEX_POINT('',#18030);
#5165=VERTEX_POINT('',#18032);
#5166=VERTEX_POINT('',#18034);
#5167=VERTEX_POINT('',#18059);
#5168=VERTEX_POINT('',#18060);
#5169=VERTEX_POINT('',#18065);
#5170=VERTEX_POINT('',#18067);
#5171=VERTEX_POINT('',#18069);
#5172=VERTEX_POINT('',#18071);
#5173=VERTEX_POINT('',#18073);
#5174=VERTEX_POINT('',#18075);
#5175=VERTEX_POINT('',#18077);
#5176=VERTEX_POINT('',#18079);
#5177=VERTEX_POINT('',#18081);
#5178=VERTEX_POINT('',#18083);
#5179=VERTEX_POINT('',#18108);
#5180=VERTEX_POINT('',#18109);
#5181=VERTEX_POINT('',#18114);
#5182=VERTEX_POINT('',#18116);
#5183=VERTEX_POINT('',#18118);
#5184=VERTEX_POINT('',#18120);
#5185=VERTEX_POINT('',#18122);
#5186=VERTEX_POINT('',#18124);
#5187=VERTEX_POINT('',#18126);
#5188=VERTEX_POINT('',#18128);
#5189=VERTEX_POINT('',#18130);
#5190=VERTEX_POINT('',#18132);
#5191=VERTEX_POINT('',#18157);
#5192=VERTEX_POINT('',#18158);
#5193=VERTEX_POINT('',#18163);
#5194=VERTEX_POINT('',#18165);
#5195=VERTEX_POINT('',#18167);
#5196=VERTEX_POINT('',#18169);
#5197=VERTEX_POINT('',#18171);
#5198=VERTEX_POINT('',#18173);
#5199=VERTEX_POINT('',#18175);
#5200=VERTEX_POINT('',#18177);
#5201=VERTEX_POINT('',#18179);
#5202=VERTEX_POINT('',#18181);
#5203=VERTEX_POINT('',#18206);
#5204=VERTEX_POINT('',#18207);
#5205=VERTEX_POINT('',#18212);
#5206=VERTEX_POINT('',#18214);
#5207=VERTEX_POINT('',#18216);
#5208=VERTEX_POINT('',#18218);
#5209=VERTEX_POINT('',#18220);
#5210=VERTEX_POINT('',#18222);
#5211=VERTEX_POINT('',#18224);
#5212=VERTEX_POINT('',#18226);
#5213=VERTEX_POINT('',#18228);
#5214=VERTEX_POINT('',#18230);
#5215=VERTEX_POINT('',#18255);
#5216=VERTEX_POINT('',#18256);
#5217=VERTEX_POINT('',#18261);
#5218=VERTEX_POINT('',#18263);
#5219=VERTEX_POINT('',#18265);
#5220=VERTEX_POINT('',#18267);
#5221=VERTEX_POINT('',#18269);
#5222=VERTEX_POINT('',#18271);
#5223=VERTEX_POINT('',#18273);
#5224=VERTEX_POINT('',#18275);
#5225=VERTEX_POINT('',#18277);
#5226=VERTEX_POINT('',#18279);
#5227=VERTEX_POINT('',#18304);
#5228=VERTEX_POINT('',#18305);
#5229=VERTEX_POINT('',#18310);
#5230=VERTEX_POINT('',#18312);
#5231=VERTEX_POINT('',#18314);
#5232=VERTEX_POINT('',#18316);
#5233=VERTEX_POINT('',#18318);
#5234=VERTEX_POINT('',#18320);
#5235=VERTEX_POINT('',#18322);
#5236=VERTEX_POINT('',#18324);
#5237=VERTEX_POINT('',#18326);
#5238=VERTEX_POINT('',#18328);
#5239=VERTEX_POINT('',#18353);
#5240=VERTEX_POINT('',#18354);
#5241=VERTEX_POINT('',#18359);
#5242=VERTEX_POINT('',#18361);
#5243=VERTEX_POINT('',#18363);
#5244=VERTEX_POINT('',#18365);
#5245=VERTEX_POINT('',#18367);
#5246=VERTEX_POINT('',#18369);
#5247=VERTEX_POINT('',#18371);
#5248=VERTEX_POINT('',#18373);
#5249=VERTEX_POINT('',#18375);
#5250=VERTEX_POINT('',#18377);
#5251=VERTEX_POINT('',#18402);
#5252=VERTEX_POINT('',#18403);
#5253=VERTEX_POINT('',#18408);
#5254=VERTEX_POINT('',#18410);
#5255=VERTEX_POINT('',#18412);
#5256=VERTEX_POINT('',#18414);
#5257=VERTEX_POINT('',#18416);
#5258=VERTEX_POINT('',#18418);
#5259=VERTEX_POINT('',#18420);
#5260=VERTEX_POINT('',#18422);
#5261=VERTEX_POINT('',#18424);
#5262=VERTEX_POINT('',#18426);
#5263=VERTEX_POINT('',#18451);
#5264=VERTEX_POINT('',#18452);
#5265=VERTEX_POINT('',#18457);
#5266=VERTEX_POINT('',#18459);
#5267=VERTEX_POINT('',#18461);
#5268=VERTEX_POINT('',#18463);
#5269=VERTEX_POINT('',#18465);
#5270=VERTEX_POINT('',#18467);
#5271=VERTEX_POINT('',#18469);
#5272=VERTEX_POINT('',#18471);
#5273=VERTEX_POINT('',#18473);
#5274=VERTEX_POINT('',#18475);
#5275=VERTEX_POINT('',#18500);
#5276=VERTEX_POINT('',#18501);
#5277=VERTEX_POINT('',#18506);
#5278=VERTEX_POINT('',#18508);
#5279=VERTEX_POINT('',#18510);
#5280=VERTEX_POINT('',#18512);
#5281=VERTEX_POINT('',#18514);
#5282=VERTEX_POINT('',#18516);
#5283=VERTEX_POINT('',#18518);
#5284=VERTEX_POINT('',#18520);
#5285=VERTEX_POINT('',#18522);
#5286=VERTEX_POINT('',#18524);
#5287=VERTEX_POINT('',#18549);
#5288=VERTEX_POINT('',#18550);
#5289=VERTEX_POINT('',#18555);
#5290=VERTEX_POINT('',#18557);
#5291=VERTEX_POINT('',#18559);
#5292=VERTEX_POINT('',#18561);
#5293=VERTEX_POINT('',#18563);
#5294=VERTEX_POINT('',#18565);
#5295=VERTEX_POINT('',#18567);
#5296=VERTEX_POINT('',#18569);
#5297=VERTEX_POINT('',#18571);
#5298=VERTEX_POINT('',#18573);
#5299=VERTEX_POINT('',#18598);
#5300=VERTEX_POINT('',#18599);
#5301=VERTEX_POINT('',#18604);
#5302=VERTEX_POINT('',#18606);
#5303=VERTEX_POINT('',#18608);
#5304=VERTEX_POINT('',#18610);
#5305=VERTEX_POINT('',#18612);
#5306=VERTEX_POINT('',#18614);
#5307=VERTEX_POINT('',#18616);
#5308=VERTEX_POINT('',#18618);
#5309=VERTEX_POINT('',#18620);
#5310=VERTEX_POINT('',#18622);
#5311=VERTEX_POINT('',#18791);
#5312=VERTEX_POINT('',#18792);
#5313=VERTEX_POINT('',#18797);
#5314=VERTEX_POINT('',#18799);
#5315=VERTEX_POINT('',#18801);
#5316=VERTEX_POINT('',#18803);
#5317=VERTEX_POINT('',#18805);
#5318=VERTEX_POINT('',#18807);
#5319=VERTEX_POINT('',#18809);
#5320=VERTEX_POINT('',#18811);
#5321=VERTEX_POINT('',#18813);
#5322=VERTEX_POINT('',#18815);
#5323=VERTEX_POINT('',#18840);
#5324=VERTEX_POINT('',#18841);
#5325=VERTEX_POINT('',#18846);
#5326=VERTEX_POINT('',#18848);
#5327=VERTEX_POINT('',#18850);
#5328=VERTEX_POINT('',#18852);
#5329=VERTEX_POINT('',#18854);
#5330=VERTEX_POINT('',#18856);
#5331=VERTEX_POINT('',#18858);
#5332=VERTEX_POINT('',#18860);
#5333=VERTEX_POINT('',#18862);
#5334=VERTEX_POINT('',#18864);
#5335=VERTEX_POINT('',#18889);
#5336=VERTEX_POINT('',#18890);
#5337=VERTEX_POINT('',#18895);
#5338=VERTEX_POINT('',#18897);
#5339=VERTEX_POINT('',#18899);
#5340=VERTEX_POINT('',#18901);
#5341=VERTEX_POINT('',#18903);
#5342=VERTEX_POINT('',#18905);
#5343=VERTEX_POINT('',#18907);
#5344=VERTEX_POINT('',#18909);
#5345=VERTEX_POINT('',#18911);
#5346=VERTEX_POINT('',#18913);
#5347=EDGE_CURVE('',#4281,#4282,#3757,.T.);
#5348=EDGE_CURVE('',#4283,#4281,#1583,.T.);
#5349=EDGE_CURVE('',#4284,#4283,#3758,.T.);
#5350=EDGE_CURVE('',#4285,#4284,#1584,.T.);
#5351=EDGE_CURVE('',#4286,#4285,#3759,.T.);
#5352=EDGE_CURVE('',#4287,#4286,#1585,.T.);
#5353=EDGE_CURVE('',#4288,#4287,#3760,.T.);
#5354=EDGE_CURVE('',#4289,#4288,#1586,.T.);
#5355=EDGE_CURVE('',#4290,#4289,#3761,.T.);
#5356=EDGE_CURVE('',#4291,#4290,#1587,.T.);
#5357=EDGE_CURVE('',#4292,#4291,#3762,.T.);
#5358=EDGE_CURVE('',#4282,#4292,#1588,.T.);
#5359=EDGE_CURVE('',#4293,#4294,#3763,.T.);
#5360=EDGE_CURVE('',#4295,#4293,#1589,.T.);
#5361=EDGE_CURVE('',#4296,#4295,#3764,.T.);
#5362=EDGE_CURVE('',#4297,#4296,#1590,.T.);
#5363=EDGE_CURVE('',#4298,#4297,#3765,.T.);
#5364=EDGE_CURVE('',#4299,#4298,#1591,.T.);
#5365=EDGE_CURVE('',#4300,#4299,#3766,.T.);
#5366=EDGE_CURVE('',#4301,#4300,#1592,.T.);
#5367=EDGE_CURVE('',#4302,#4301,#3767,.T.);
#5368=EDGE_CURVE('',#4303,#4302,#1593,.T.);
#5369=EDGE_CURVE('',#4304,#4303,#3768,.T.);
#5370=EDGE_CURVE('',#4294,#4304,#1594,.T.);
#5371=EDGE_CURVE('',#4305,#4306,#3769,.T.);
#5372=EDGE_CURVE('',#4307,#4305,#1595,.T.);
#5373=EDGE_CURVE('',#4308,#4307,#3770,.T.);
#5374=EDGE_CURVE('',#4309,#4308,#1596,.T.);
#5375=EDGE_CURVE('',#4310,#4309,#3771,.T.);
#5376=EDGE_CURVE('',#4311,#4310,#1597,.T.);
#5377=EDGE_CURVE('',#4312,#4311,#3772,.T.);
#5378=EDGE_CURVE('',#4313,#4312,#1598,.T.);
#5379=EDGE_CURVE('',#4314,#4313,#3773,.T.);
#5380=EDGE_CURVE('',#4315,#4314,#1599,.T.);
#5381=EDGE_CURVE('',#4316,#4315,#3774,.T.);
#5382=EDGE_CURVE('',#4306,#4316,#1600,.T.);
#5383=EDGE_CURVE('',#4317,#4318,#3775,.T.);
#5384=EDGE_CURVE('',#4319,#4317,#1601,.T.);
#5385=EDGE_CURVE('',#4320,#4319,#3776,.T.);
#5386=EDGE_CURVE('',#4321,#4320,#1602,.T.);
#5387=EDGE_CURVE('',#4322,#4321,#3777,.T.);
#5388=EDGE_CURVE('',#4323,#4322,#1603,.T.);
#5389=EDGE_CURVE('',#4324,#4323,#3778,.T.);
#5390=EDGE_CURVE('',#4325,#4324,#1604,.T.);
#5391=EDGE_CURVE('',#4326,#4325,#3779,.T.);
#5392=EDGE_CURVE('',#4327,#4326,#1605,.T.);
#5393=EDGE_CURVE('',#4328,#4327,#3780,.T.);
#5394=EDGE_CURVE('',#4318,#4328,#1606,.T.);
#5395=EDGE_CURVE('',#4329,#4330,#3781,.T.);
#5396=EDGE_CURVE('',#4331,#4329,#1607,.T.);
#5397=EDGE_CURVE('',#4332,#4331,#3782,.T.);
#5398=EDGE_CURVE('',#4333,#4332,#1608,.T.);
#5399=EDGE_CURVE('',#4334,#4333,#3783,.T.);
#5400=EDGE_CURVE('',#4335,#4334,#1609,.T.);
#5401=EDGE_CURVE('',#4336,#4335,#3784,.T.);
#5402=EDGE_CURVE('',#4337,#4336,#1610,.T.);
#5403=EDGE_CURVE('',#4338,#4337,#3785,.T.);
#5404=EDGE_CURVE('',#4339,#4338,#1611,.T.);
#5405=EDGE_CURVE('',#4340,#4339,#3786,.T.);
#5406=EDGE_CURVE('',#4330,#4340,#1612,.T.);
#5407=EDGE_CURVE('',#4341,#4342,#3787,.T.);
#5408=EDGE_CURVE('',#4343,#4341,#1613,.T.);
#5409=EDGE_CURVE('',#4344,#4343,#3788,.T.);
#5410=EDGE_CURVE('',#4345,#4344,#1614,.T.);
#5411=EDGE_CURVE('',#4346,#4345,#3789,.T.);
#5412=EDGE_CURVE('',#4347,#4346,#1615,.T.);
#5413=EDGE_CURVE('',#4348,#4347,#3790,.T.);
#5414=EDGE_CURVE('',#4349,#4348,#1616,.T.);
#5415=EDGE_CURVE('',#4350,#4349,#3791,.T.);
#5416=EDGE_CURVE('',#4351,#4350,#1617,.T.);
#5417=EDGE_CURVE('',#4352,#4351,#3792,.T.);
#5418=EDGE_CURVE('',#4342,#4352,#1618,.T.);
#5419=EDGE_CURVE('',#4353,#4354,#3793,.T.);
#5420=EDGE_CURVE('',#4355,#4353,#1619,.T.);
#5421=EDGE_CURVE('',#4356,#4355,#3794,.T.);
#5422=EDGE_CURVE('',#4357,#4356,#1620,.T.);
#5423=EDGE_CURVE('',#4358,#4357,#3795,.T.);
#5424=EDGE_CURVE('',#4359,#4358,#1621,.T.);
#5425=EDGE_CURVE('',#4360,#4359,#3796,.T.);
#5426=EDGE_CURVE('',#4361,#4360,#1622,.T.);
#5427=EDGE_CURVE('',#4362,#4361,#3797,.T.);
#5428=EDGE_CURVE('',#4363,#4362,#1623,.T.);
#5429=EDGE_CURVE('',#4364,#4363,#3798,.T.);
#5430=EDGE_CURVE('',#4354,#4364,#1624,.T.);
#5431=EDGE_CURVE('',#4365,#4366,#3799,.T.);
#5432=EDGE_CURVE('',#4366,#4367,#1625,.T.);
#5433=EDGE_CURVE('',#4367,#4368,#3800,.F.);
#5434=EDGE_CURVE('',#4368,#4365,#1626,.T.);
#5435=EDGE_CURVE('',#4368,#4369,#1627,.T.);
#5436=EDGE_CURVE('',#4370,#4369,#1628,.T.);
#5437=EDGE_CURVE('',#4365,#4370,#1629,.T.);
#5438=EDGE_CURVE('',#4371,#4372,#3801,.T.);
#5439=EDGE_CURVE('',#4372,#4373,#1630,.T.);
#5440=EDGE_CURVE('',#4373,#4374,#3802,.F.);
#5441=EDGE_CURVE('',#4374,#4371,#1631,.T.);
#5442=EDGE_CURVE('',#4373,#4366,#1632,.T.);
#5443=EDGE_CURVE('',#4375,#4372,#1633,.T.);
#5444=EDGE_CURVE('',#4376,#4375,#1634,.T.);
#5445=EDGE_CURVE('',#4377,#4376,#1635,.T.);
#5446=EDGE_CURVE('',#4378,#4377,#1636,.T.);
#5447=EDGE_CURVE('',#4379,#4378,#1637,.T.);
#5448=EDGE_CURVE('',#4379,#4380,#1638,.T.);
#5449=EDGE_CURVE('',#4381,#4380,#1639,.T.);
#5450=EDGE_CURVE('',#4382,#4381,#1640,.T.);
#5451=EDGE_CURVE('',#4367,#4382,#1641,.T.);
#5452=EDGE_CURVE('',#4371,#4383,#1642,.T.);
#5453=EDGE_CURVE('',#4384,#4383,#3803,.T.);
#5454=EDGE_CURVE('',#4384,#4385,#1643,.T.);
#5455=EDGE_CURVE('',#4385,#4386,#79,.T.);
#5456=EDGE_CURVE('',#4386,#4387,#1644,.T.);
#5457=EDGE_CURVE('',#4387,#4375,#80,.T.);
#5458=EDGE_CURVE('',#4388,#4389,#3804,.T.);
#5459=EDGE_CURVE('',#4388,#4390,#1645,.T.);
#5460=EDGE_CURVE('',#4391,#4390,#3805,.T.);
#5461=EDGE_CURVE('',#4391,#4392,#1646,.T.);
#5462=EDGE_CURVE('',#4393,#4392,#3806,.T.);
#5463=EDGE_CURVE('',#4393,#4394,#1647,.T.);
#5464=EDGE_CURVE('',#4395,#4394,#3807,.T.);
#5465=EDGE_CURVE('',#4395,#4396,#1648,.T.);
#5466=EDGE_CURVE('',#4397,#4396,#3808,.T.);
#5467=EDGE_CURVE('',#4397,#4398,#1649,.T.);
#5468=EDGE_CURVE('',#4399,#4398,#3809,.T.);
#5469=EDGE_CURVE('',#4399,#4389,#1650,.T.);
#5470=EDGE_CURVE('',#4400,#4401,#3810,.T.);
#5471=EDGE_CURVE('',#4400,#4402,#1651,.T.);
#5472=EDGE_CURVE('',#4403,#4402,#3811,.T.);
#5473=EDGE_CURVE('',#4403,#4404,#1652,.T.);
#5474=EDGE_CURVE('',#4405,#4404,#3812,.T.);
#5475=EDGE_CURVE('',#4405,#4406,#1653,.T.);
#5476=EDGE_CURVE('',#4407,#4406,#3813,.T.);
#5477=EDGE_CURVE('',#4407,#4408,#1654,.T.);
#5478=EDGE_CURVE('',#4409,#4408,#3814,.T.);
#5479=EDGE_CURVE('',#4409,#4410,#1655,.T.);
#5480=EDGE_CURVE('',#4411,#4410,#3815,.T.);
#5481=EDGE_CURVE('',#4411,#4401,#1656,.T.);
#5482=EDGE_CURVE('',#4412,#4413,#3816,.T.);
#5483=EDGE_CURVE('',#4412,#4414,#1657,.T.);
#5484=EDGE_CURVE('',#4415,#4414,#3817,.T.);
#5485=EDGE_CURVE('',#4415,#4416,#1658,.T.);
#5486=EDGE_CURVE('',#4417,#4416,#3818,.T.);
#5487=EDGE_CURVE('',#4417,#4418,#1659,.T.);
#5488=EDGE_CURVE('',#4419,#4418,#3819,.T.);
#5489=EDGE_CURVE('',#4419,#4420,#1660,.T.);
#5490=EDGE_CURVE('',#4421,#4420,#3820,.T.);
#5491=EDGE_CURVE('',#4421,#4422,#1661,.T.);
#5492=EDGE_CURVE('',#4423,#4422,#3821,.T.);
#5493=EDGE_CURVE('',#4423,#4413,#1662,.T.);
#5494=EDGE_CURVE('',#4424,#4425,#3822,.T.);
#5495=EDGE_CURVE('',#4424,#4426,#1663,.T.);
#5496=EDGE_CURVE('',#4427,#4426,#3823,.T.);
#5497=EDGE_CURVE('',#4427,#4428,#1664,.T.);
#5498=EDGE_CURVE('',#4429,#4428,#3824,.T.);
#5499=EDGE_CURVE('',#4429,#4430,#1665,.T.);
#5500=EDGE_CURVE('',#4431,#4430,#3825,.T.);
#5501=EDGE_CURVE('',#4431,#4432,#1666,.T.);
#5502=EDGE_CURVE('',#4433,#4432,#3826,.T.);
#5503=EDGE_CURVE('',#4433,#4434,#1667,.T.);
#5504=EDGE_CURVE('',#4435,#4434,#3827,.T.);
#5505=EDGE_CURVE('',#4435,#4425,#1668,.T.);
#5506=EDGE_CURVE('',#4436,#4437,#3828,.T.);
#5507=EDGE_CURVE('',#4436,#4438,#1669,.T.);
#5508=EDGE_CURVE('',#4439,#4438,#3829,.T.);
#5509=EDGE_CURVE('',#4439,#4440,#1670,.T.);
#5510=EDGE_CURVE('',#4441,#4440,#3830,.T.);
#5511=EDGE_CURVE('',#4441,#4442,#1671,.T.);
#5512=EDGE_CURVE('',#4443,#4442,#3831,.T.);
#5513=EDGE_CURVE('',#4443,#4444,#1672,.T.);
#5514=EDGE_CURVE('',#4445,#4444,#3832,.T.);
#5515=EDGE_CURVE('',#4445,#4446,#1673,.T.);
#5516=EDGE_CURVE('',#4447,#4446,#3833,.T.);
#5517=EDGE_CURVE('',#4447,#4437,#1674,.T.);
#5518=EDGE_CURVE('',#4448,#4449,#3834,.T.);
#5519=EDGE_CURVE('',#4448,#4450,#1675,.T.);
#5520=EDGE_CURVE('',#4451,#4450,#3835,.T.);
#5521=EDGE_CURVE('',#4451,#4452,#1676,.T.);
#5522=EDGE_CURVE('',#4453,#4452,#3836,.T.);
#5523=EDGE_CURVE('',#4453,#4454,#1677,.T.);
#5524=EDGE_CURVE('',#4455,#4454,#3837,.T.);
#5525=EDGE_CURVE('',#4455,#4456,#1678,.T.);
#5526=EDGE_CURVE('',#4457,#4456,#3838,.T.);
#5527=EDGE_CURVE('',#4457,#4458,#1679,.T.);
#5528=EDGE_CURVE('',#4459,#4458,#3839,.T.);
#5529=EDGE_CURVE('',#4459,#4449,#1680,.T.);
#5530=EDGE_CURVE('',#4460,#4461,#3840,.T.);
#5531=EDGE_CURVE('',#4460,#4462,#1681,.T.);
#5532=EDGE_CURVE('',#4463,#4462,#3841,.T.);
#5533=EDGE_CURVE('',#4463,#4464,#1682,.T.);
#5534=EDGE_CURVE('',#4465,#4464,#3842,.T.);
#5535=EDGE_CURVE('',#4465,#4466,#1683,.T.);
#5536=EDGE_CURVE('',#4467,#4466,#3843,.T.);
#5537=EDGE_CURVE('',#4467,#4468,#1684,.T.);
#5538=EDGE_CURVE('',#4469,#4468,#3844,.T.);
#5539=EDGE_CURVE('',#4469,#4470,#1685,.T.);
#5540=EDGE_CURVE('',#4471,#4470,#3845,.T.);
#5541=EDGE_CURVE('',#4471,#4461,#1686,.T.);
#5542=EDGE_CURVE('',#4472,#4473,#3846,.T.);
#5543=EDGE_CURVE('',#4472,#4474,#1687,.T.);
#5544=EDGE_CURVE('',#4475,#4474,#3847,.T.);
#5545=EDGE_CURVE('',#4475,#4476,#1688,.T.);
#5546=EDGE_CURVE('',#4477,#4476,#3848,.T.);
#5547=EDGE_CURVE('',#4477,#4478,#1689,.T.);
#5548=EDGE_CURVE('',#4479,#4478,#3849,.T.);
#5549=EDGE_CURVE('',#4479,#4480,#1690,.T.);
#5550=EDGE_CURVE('',#4481,#4480,#3850,.T.);
#5551=EDGE_CURVE('',#4481,#4482,#1691,.T.);
#5552=EDGE_CURVE('',#4483,#4482,#3851,.T.);
#5553=EDGE_CURVE('',#4483,#4473,#1692,.T.);
#5554=EDGE_CURVE('',#4484,#4485,#3852,.T.);
#5555=EDGE_CURVE('',#4484,#4486,#1693,.T.);
#5556=EDGE_CURVE('',#4487,#4486,#3853,.T.);
#5557=EDGE_CURVE('',#4487,#4488,#1694,.T.);
#5558=EDGE_CURVE('',#4489,#4488,#3854,.T.);
#5559=EDGE_CURVE('',#4489,#4490,#1695,.T.);
#5560=EDGE_CURVE('',#4491,#4490,#3855,.T.);
#5561=EDGE_CURVE('',#4491,#4492,#1696,.T.);
#5562=EDGE_CURVE('',#4493,#4492,#3856,.T.);
#5563=EDGE_CURVE('',#4493,#4494,#1697,.T.);
#5564=EDGE_CURVE('',#4495,#4494,#3857,.T.);
#5565=EDGE_CURVE('',#4495,#4485,#1698,.T.);
#5566=EDGE_CURVE('',#4496,#4497,#1699,.T.);
#5567=EDGE_CURVE('',#4498,#4497,#3858,.T.);
#5568=EDGE_CURVE('',#4498,#4499,#1700,.T.);
#5569=EDGE_CURVE('',#4500,#4499,#3859,.T.);
#5570=EDGE_CURVE('',#4500,#4501,#1701,.T.);
#5571=EDGE_CURVE('',#4502,#4501,#3860,.T.);
#5572=EDGE_CURVE('',#4502,#4503,#1702,.T.);
#5573=EDGE_CURVE('',#4504,#4503,#3861,.T.);
#5574=EDGE_CURVE('',#4504,#4505,#1703,.T.);
#5575=EDGE_CURVE('',#4506,#4505,#3862,.T.);
#5576=EDGE_CURVE('',#4506,#4507,#1704,.T.);
#5577=EDGE_CURVE('',#4496,#4507,#3863,.T.);
#5578=EDGE_CURVE('',#4383,#4508,#1705,.T.);
#5579=EDGE_CURVE('',#4508,#4509,#3864,.F.);
#5580=EDGE_CURVE('',#4509,#4384,#1706,.T.);
#5581=EDGE_CURVE('',#4510,#4509,#1707,.T.);
#5582=EDGE_CURVE('',#4511,#4510,#1708,.T.);
#5583=EDGE_CURVE('',#4512,#4511,#1709,.T.);
#5584=EDGE_CURVE('',#4513,#4512,#1710,.T.);
#5585=EDGE_CURVE('',#4514,#4513,#1711,.T.);
#5586=EDGE_CURVE('',#4515,#4514,#1712,.T.);
#5587=EDGE_CURVE('',#4516,#4515,#1713,.T.);
#5588=EDGE_CURVE('',#4517,#4516,#1714,.T.);
#5589=EDGE_CURVE('',#4518,#4517,#1715,.T.);
#5590=EDGE_CURVE('',#4518,#4385,#1716,.T.);
#5591=EDGE_CURVE('',#4510,#4370,#3865,.T.);
#5592=EDGE_CURVE('',#4369,#4511,#3866,.F.);
#5593=EDGE_CURVE('',#4512,#4519,#3867,.T.);
#5594=EDGE_CURVE('',#4519,#4520,#1717,.T.);
#5595=EDGE_CURVE('',#4520,#4513,#3868,.F.);
#5596=EDGE_CURVE('',#4521,#4519,#1718,.T.);
#5597=EDGE_CURVE('',#4522,#4521,#1719,.T.);
#5598=EDGE_CURVE('',#4522,#4520,#1720,.T.);
#5599=EDGE_CURVE('',#4521,#4382,#3869,.T.);
#5600=EDGE_CURVE('',#4523,#4524,#3870,.T.);
#5601=EDGE_CURVE('',#4523,#4525,#1721,.T.);
#5602=EDGE_CURVE('',#4526,#4525,#3871,.T.);
#5603=EDGE_CURVE('',#4526,#4527,#1722,.T.);
#5604=EDGE_CURVE('',#4528,#4527,#3872,.T.);
#5605=EDGE_CURVE('',#4528,#4529,#1723,.T.);
#5606=EDGE_CURVE('',#4530,#4529,#3873,.T.);
#5607=EDGE_CURVE('',#4530,#4531,#1724,.T.);
#5608=EDGE_CURVE('',#4532,#4531,#3874,.T.);
#5609=EDGE_CURVE('',#4532,#4533,#1725,.T.);
#5610=EDGE_CURVE('',#4534,#4533,#3875,.T.);
#5611=EDGE_CURVE('',#4534,#4524,#1726,.T.);
#5612=EDGE_CURVE('',#4535,#4536,#3876,.T.);
#5613=EDGE_CURVE('',#4535,#4537,#1727,.T.);
#5614=EDGE_CURVE('',#4538,#4537,#3877,.T.);
#5615=EDGE_CURVE('',#4538,#4539,#1728,.T.);
#5616=EDGE_CURVE('',#4540,#4539,#3878,.T.);
#5617=EDGE_CURVE('',#4540,#4541,#1729,.T.);
#5618=EDGE_CURVE('',#4542,#4541,#3879,.T.);
#5619=EDGE_CURVE('',#4542,#4543,#1730,.T.);
#5620=EDGE_CURVE('',#4544,#4543,#3880,.T.);
#5621=EDGE_CURVE('',#4544,#4545,#1731,.T.);
#5622=EDGE_CURVE('',#4546,#4545,#3881,.T.);
#5623=EDGE_CURVE('',#4546,#4536,#1732,.T.);
#5624=EDGE_CURVE('',#4547,#4548,#3882,.T.);
#5625=EDGE_CURVE('',#4547,#4549,#1733,.T.);
#5626=EDGE_CURVE('',#4550,#4549,#3883,.T.);
#5627=EDGE_CURVE('',#4550,#4551,#1734,.T.);
#5628=EDGE_CURVE('',#4552,#4551,#3884,.T.);
#5629=EDGE_CURVE('',#4552,#4553,#1735,.T.);
#5630=EDGE_CURVE('',#4554,#4553,#3885,.T.);
#5631=EDGE_CURVE('',#4554,#4555,#1736,.T.);
#5632=EDGE_CURVE('',#4556,#4555,#3886,.T.);
#5633=EDGE_CURVE('',#4556,#4557,#1737,.T.);
#5634=EDGE_CURVE('',#4558,#4557,#3887,.T.);
#5635=EDGE_CURVE('',#4558,#4548,#1738,.T.);
#5636=EDGE_CURVE('',#4559,#4560,#3888,.T.);
#5637=EDGE_CURVE('',#4559,#4561,#1739,.T.);
#5638=EDGE_CURVE('',#4562,#4561,#3889,.T.);
#5639=EDGE_CURVE('',#4562,#4563,#1740,.T.);
#5640=EDGE_CURVE('',#4564,#4563,#3890,.T.);
#5641=EDGE_CURVE('',#4564,#4565,#1741,.T.);
#5642=EDGE_CURVE('',#4566,#4565,#3891,.T.);
#5643=EDGE_CURVE('',#4566,#4567,#1742,.T.);
#5644=EDGE_CURVE('',#4568,#4567,#3892,.T.);
#5645=EDGE_CURVE('',#4568,#4569,#1743,.T.);
#5646=EDGE_CURVE('',#4570,#4569,#3893,.T.);
#5647=EDGE_CURVE('',#4570,#4560,#1744,.T.);
#5648=EDGE_CURVE('',#4571,#4572,#3894,.T.);
#5649=EDGE_CURVE('',#4571,#4573,#1745,.T.);
#5650=EDGE_CURVE('',#4574,#4573,#3895,.T.);
#5651=EDGE_CURVE('',#4574,#4575,#1746,.T.);
#5652=EDGE_CURVE('',#4576,#4575,#3896,.T.);
#5653=EDGE_CURVE('',#4576,#4577,#1747,.T.);
#5654=EDGE_CURVE('',#4578,#4577,#3897,.T.);
#5655=EDGE_CURVE('',#4578,#4579,#1748,.T.);
#5656=EDGE_CURVE('',#4580,#4579,#3898,.T.);
#5657=EDGE_CURVE('',#4580,#4581,#1749,.T.);
#5658=EDGE_CURVE('',#4582,#4581,#3899,.T.);
#5659=EDGE_CURVE('',#4582,#4572,#1750,.T.);
#5660=EDGE_CURVE('',#4583,#4584,#3900,.T.);
#5661=EDGE_CURVE('',#4583,#4585,#1751,.T.);
#5662=EDGE_CURVE('',#4586,#4585,#3901,.T.);
#5663=EDGE_CURVE('',#4586,#4587,#1752,.T.);
#5664=EDGE_CURVE('',#4588,#4587,#3902,.T.);
#5665=EDGE_CURVE('',#4588,#4589,#1753,.T.);
#5666=EDGE_CURVE('',#4590,#4589,#3903,.T.);
#5667=EDGE_CURVE('',#4590,#4591,#1754,.T.);
#5668=EDGE_CURVE('',#4592,#4591,#3904,.T.);
#5669=EDGE_CURVE('',#4592,#4593,#1755,.T.);
#5670=EDGE_CURVE('',#4594,#4593,#3905,.T.);
#5671=EDGE_CURVE('',#4594,#4584,#1756,.T.);
#5672=EDGE_CURVE('',#4595,#4596,#3906,.T.);
#5673=EDGE_CURVE('',#4595,#4597,#1757,.T.);
#5674=EDGE_CURVE('',#4598,#4597,#3907,.T.);
#5675=EDGE_CURVE('',#4598,#4599,#1758,.T.);
#5676=EDGE_CURVE('',#4600,#4599,#3908,.T.);
#5677=EDGE_CURVE('',#4600,#4601,#1759,.T.);
#5678=EDGE_CURVE('',#4602,#4601,#3909,.T.);
#5679=EDGE_CURVE('',#4602,#4603,#1760,.T.);
#5680=EDGE_CURVE('',#4604,#4603,#3910,.T.);
#5681=EDGE_CURVE('',#4604,#4605,#1761,.T.);
#5682=EDGE_CURVE('',#4606,#4605,#3911,.T.);
#5683=EDGE_CURVE('',#4606,#4596,#1762,.T.);
#5684=EDGE_CURVE('',#4607,#4608,#3912,.T.);
#5685=EDGE_CURVE('',#4607,#4609,#1763,.T.);
#5686=EDGE_CURVE('',#4610,#4609,#3913,.T.);
#5687=EDGE_CURVE('',#4610,#4611,#1764,.T.);
#5688=EDGE_CURVE('',#4612,#4611,#3914,.T.);
#5689=EDGE_CURVE('',#4612,#4613,#1765,.T.);
#5690=EDGE_CURVE('',#4614,#4613,#3915,.T.);
#5691=EDGE_CURVE('',#4614,#4615,#1766,.T.);
#5692=EDGE_CURVE('',#4616,#4615,#3916,.T.);
#5693=EDGE_CURVE('',#4616,#4617,#1767,.T.);
#5694=EDGE_CURVE('',#4618,#4617,#3917,.T.);
#5695=EDGE_CURVE('',#4618,#4608,#1768,.T.);
#5696=EDGE_CURVE('',#4619,#4620,#3918,.T.);
#5697=EDGE_CURVE('',#4619,#4621,#1769,.T.);
#5698=EDGE_CURVE('',#4622,#4621,#3919,.T.);
#5699=EDGE_CURVE('',#4622,#4623,#1770,.T.);
#5700=EDGE_CURVE('',#4624,#4623,#3920,.T.);
#5701=EDGE_CURVE('',#4624,#4625,#1771,.T.);
#5702=EDGE_CURVE('',#4626,#4625,#3921,.T.);
#5703=EDGE_CURVE('',#4626,#4627,#1772,.T.);
#5704=EDGE_CURVE('',#4628,#4627,#3922,.T.);
#5705=EDGE_CURVE('',#4628,#4629,#1773,.T.);
#5706=EDGE_CURVE('',#4630,#4629,#3923,.T.);
#5707=EDGE_CURVE('',#4630,#4620,#1774,.T.);
#5708=EDGE_CURVE('',#4631,#4632,#1775,.T.);
#5709=EDGE_CURVE('',#4633,#4632,#3924,.T.);
#5710=EDGE_CURVE('',#4633,#4634,#1776,.T.);
#5711=EDGE_CURVE('',#4635,#4634,#3925,.T.);
#5712=EDGE_CURVE('',#4635,#4636,#1777,.T.);
#5713=EDGE_CURVE('',#4637,#4636,#3926,.T.);
#5714=EDGE_CURVE('',#4637,#4638,#1778,.T.);
#5715=EDGE_CURVE('',#4639,#4638,#3927,.T.);
#5716=EDGE_CURVE('',#4639,#4640,#1779,.T.);
#5717=EDGE_CURVE('',#4641,#4640,#3928,.T.);
#5718=EDGE_CURVE('',#4641,#4642,#1780,.T.);
#5719=EDGE_CURVE('',#4631,#4642,#3929,.T.);
#5720=EDGE_CURVE('',#4381,#4522,#3930,.F.);
#5721=EDGE_CURVE('',#4506,#4342,#1781,.T.);
#5722=EDGE_CURVE('',#4505,#4341,#1782,.T.);
#5723=EDGE_CURVE('',#4504,#4343,#1783,.T.);
#5724=EDGE_CURVE('',#4503,#4344,#1784,.T.);
#5725=EDGE_CURVE('',#4502,#4345,#1785,.T.);
#5726=EDGE_CURVE('',#4501,#4346,#1786,.T.);
#5727=EDGE_CURVE('',#4500,#4347,#1787,.T.);
#5728=EDGE_CURVE('',#4499,#4348,#1788,.T.);
#5729=EDGE_CURVE('',#4498,#4349,#1789,.T.);
#5730=EDGE_CURVE('',#4497,#4350,#1790,.T.);
#5731=EDGE_CURVE('',#4496,#4351,#1791,.T.);
#5732=EDGE_CURVE('',#4507,#4352,#1792,.T.);
#5733=EDGE_CURVE('',#4643,#4644,#3931,.T.);
#5734=EDGE_CURVE('',#4643,#4645,#1793,.T.);
#5735=EDGE_CURVE('',#4645,#4646,#3932,.T.);
#5736=EDGE_CURVE('',#4646,#4644,#1794,.T.);
#5737=EDGE_CURVE('',#4647,#4644,#1795,.F.);
#5738=EDGE_CURVE('',#4647,#4648,#3933,.T.);
#5739=EDGE_CURVE('',#4649,#4648,#1796,.F.);
#5740=EDGE_CURVE('',#4649,#4650,#3934,.T.);
#5741=EDGE_CURVE('',#4651,#4650,#1797,.F.);
#5742=EDGE_CURVE('',#4651,#4652,#3935,.T.);
#5743=EDGE_CURVE('',#4653,#4652,#1798,.F.);
#5744=EDGE_CURVE('',#4653,#4654,#3936,.T.);
#5745=EDGE_CURVE('',#4655,#4654,#1799,.F.);
#5746=EDGE_CURVE('',#4655,#4656,#3937,.T.);
#5747=EDGE_CURVE('',#4643,#4656,#1800,.F.);
#5748=EDGE_CURVE('',#4657,#4646,#1801,.T.);
#5749=EDGE_CURVE('',#4647,#4657,#1802,.T.);
#5750=EDGE_CURVE('',#4657,#4658,#3938,.T.);
#5751=EDGE_CURVE('',#4658,#4648,#1803,.T.);
#5752=EDGE_CURVE('',#4649,#4659,#1804,.T.);
#5753=EDGE_CURVE('',#4659,#4660,#3939,.T.);
#5754=EDGE_CURVE('',#4660,#4650,#1805,.T.);
#5755=EDGE_CURVE('',#4661,#4660,#1806,.T.);
#5756=EDGE_CURVE('',#4651,#4661,#1807,.T.);
#5757=EDGE_CURVE('',#4661,#4662,#3940,.T.);
#5758=EDGE_CURVE('',#4662,#4652,#1808,.T.);
#5759=EDGE_CURVE('',#4653,#4663,#1809,.T.);
#5760=EDGE_CURVE('',#4663,#4664,#3941,.T.);
#5761=EDGE_CURVE('',#4664,#4654,#1810,.T.);
#5762=EDGE_CURVE('',#4665,#4664,#1811,.T.);
#5763=EDGE_CURVE('',#4655,#4665,#1812,.T.);
#5764=EDGE_CURVE('',#4665,#4666,#3942,.T.);
#5765=EDGE_CURVE('',#4666,#4656,#1813,.T.);
#5766=EDGE_CURVE('',#4645,#4666,#1814,.T.);
#5767=EDGE_CURVE('',#4659,#4658,#1815,.T.);
#5768=EDGE_CURVE('',#4663,#4662,#1816,.T.);
#5769=EDGE_CURVE('',#4667,#4668,#3943,.T.);
#5770=EDGE_CURVE('',#4667,#4641,#1817,.T.);
#5771=EDGE_CURVE('',#4640,#4668,#1818,.T.);
#5772=EDGE_CURVE('',#4669,#4668,#1819,.F.);
#5773=EDGE_CURVE('',#4669,#4670,#3944,.T.);
#5774=EDGE_CURVE('',#4671,#4670,#1820,.F.);
#5775=EDGE_CURVE('',#4671,#4672,#3945,.T.);
#5776=EDGE_CURVE('',#4673,#4672,#1821,.F.);
#5777=EDGE_CURVE('',#4673,#4674,#3946,.T.);
#5778=EDGE_CURVE('',#4675,#4674,#1822,.F.);
#5779=EDGE_CURVE('',#4675,#4676,#3947,.T.);
#5780=EDGE_CURVE('',#4677,#4676,#1823,.F.);
#5781=EDGE_CURVE('',#4677,#4678,#3948,.T.);
#5782=EDGE_CURVE('',#4667,#4678,#1824,.F.);
#5783=EDGE_CURVE('',#4669,#4639,#1825,.T.);
#5784=EDGE_CURVE('',#4638,#4670,#1826,.T.);
#5785=EDGE_CURVE('',#4671,#4637,#1827,.T.);
#5786=EDGE_CURVE('',#4636,#4672,#1828,.T.);
#5787=EDGE_CURVE('',#4673,#4635,#1829,.T.);
#5788=EDGE_CURVE('',#4634,#4674,#1830,.T.);
#5789=EDGE_CURVE('',#4675,#4633,#1831,.T.);
#5790=EDGE_CURVE('',#4632,#4676,#1832,.T.);
#5791=EDGE_CURVE('',#4677,#4631,#1833,.T.);
#5792=EDGE_CURVE('',#4642,#4678,#1834,.T.);
#5793=EDGE_CURVE('',#4679,#4680,#3949,.T.);
#5794=EDGE_CURVE('',#4679,#4681,#1835,.T.);
#5795=EDGE_CURVE('',#4681,#4682,#3950,.T.);
#5796=EDGE_CURVE('',#4682,#4680,#1836,.T.);
#5797=EDGE_CURVE('',#4683,#4680,#1837,.F.);
#5798=EDGE_CURVE('',#4683,#4684,#3951,.T.);
#5799=EDGE_CURVE('',#4685,#4684,#1838,.F.);
#5800=EDGE_CURVE('',#4685,#4686,#3952,.T.);
#5801=EDGE_CURVE('',#4687,#4686,#1839,.F.);
#5802=EDGE_CURVE('',#4687,#4688,#3953,.T.);
#5803=EDGE_CURVE('',#4689,#4688,#1840,.F.);
#5804=EDGE_CURVE('',#4689,#4690,#3954,.T.);
#5805=EDGE_CURVE('',#4691,#4690,#1841,.F.);
#5806=EDGE_CURVE('',#4691,#4692,#3955,.T.);
#5807=EDGE_CURVE('',#4679,#4692,#1842,.F.);
#5808=EDGE_CURVE('',#4693,#4682,#1843,.T.);
#5809=EDGE_CURVE('',#4683,#4693,#1844,.T.);
#5810=EDGE_CURVE('',#4693,#4694,#3956,.T.);
#5811=EDGE_CURVE('',#4694,#4684,#1845,.T.);
#5812=EDGE_CURVE('',#4685,#4695,#1846,.T.);
#5813=EDGE_CURVE('',#4695,#4696,#3957,.T.);
#5814=EDGE_CURVE('',#4696,#4686,#1847,.T.);
#5815=EDGE_CURVE('',#4697,#4696,#1848,.T.);
#5816=EDGE_CURVE('',#4687,#4697,#1849,.T.);
#5817=EDGE_CURVE('',#4697,#4698,#3958,.T.);
#5818=EDGE_CURVE('',#4698,#4688,#1850,.T.);
#5819=EDGE_CURVE('',#4689,#4699,#1851,.T.);
#5820=EDGE_CURVE('',#4699,#4700,#3959,.T.);
#5821=EDGE_CURVE('',#4700,#4690,#1852,.T.);
#5822=EDGE_CURVE('',#4701,#4700,#1853,.T.);
#5823=EDGE_CURVE('',#4691,#4701,#1854,.T.);
#5824=EDGE_CURVE('',#4701,#4702,#3960,.T.);
#5825=EDGE_CURVE('',#4702,#4692,#1855,.T.);
#5826=EDGE_CURVE('',#4681,#4702,#1856,.T.);
#5827=EDGE_CURVE('',#4695,#4694,#1857,.T.);
#5828=EDGE_CURVE('',#4699,#4698,#1858,.T.);
#5829=EDGE_CURVE('',#4515,#4703,#81,.T.);
#5830=EDGE_CURVE('',#4704,#4514,#82,.T.);
#5831=EDGE_CURVE('',#4703,#4704,#1859,.T.);
#5832=EDGE_CURVE('',#4705,#4703,#1860,.T.);
#5833=EDGE_CURVE('',#4706,#4704,#1861,.T.);
#5834=EDGE_CURVE('',#4705,#4706,#1862,.T.);
#5835=EDGE_CURVE('',#4705,#4379,#83,.T.);
#5836=EDGE_CURVE('',#4380,#4706,#84,.T.);
#5837=EDGE_CURVE('',#4707,#4708,#3961,.T.);
#5838=EDGE_CURVE('',#4707,#4709,#1863,.T.);
#5839=EDGE_CURVE('',#4710,#4709,#3962,.T.);
#5840=EDGE_CURVE('',#4710,#4711,#1864,.T.);
#5841=EDGE_CURVE('',#4712,#4711,#3963,.T.);
#5842=EDGE_CURVE('',#4712,#4713,#1865,.T.);
#5843=EDGE_CURVE('',#4714,#4713,#3964,.T.);
#5844=EDGE_CURVE('',#4714,#4715,#1866,.T.);
#5845=EDGE_CURVE('',#4716,#4715,#3965,.T.);
#5846=EDGE_CURVE('',#4716,#4717,#1867,.T.);
#5847=EDGE_CURVE('',#4718,#4717,#3966,.T.);
#5848=EDGE_CURVE('',#4718,#4708,#1868,.T.);
#5849=EDGE_CURVE('',#4719,#4720,#3967,.T.);
#5850=EDGE_CURVE('',#4719,#4721,#1869,.T.);
#5851=EDGE_CURVE('',#4722,#4721,#3968,.T.);
#5852=EDGE_CURVE('',#4722,#4723,#1870,.T.);
#5853=EDGE_CURVE('',#4724,#4723,#3969,.T.);
#5854=EDGE_CURVE('',#4724,#4725,#1871,.T.);
#5855=EDGE_CURVE('',#4726,#4725,#3970,.T.);
#5856=EDGE_CURVE('',#4726,#4727,#1872,.T.);
#5857=EDGE_CURVE('',#4728,#4727,#3971,.T.);
#5858=EDGE_CURVE('',#4728,#4729,#1873,.T.);
#5859=EDGE_CURVE('',#4730,#4729,#3972,.T.);
#5860=EDGE_CURVE('',#4730,#4720,#1874,.T.);
#5861=EDGE_CURVE('',#4731,#4732,#3973,.T.);
#5862=EDGE_CURVE('',#4731,#4733,#1875,.T.);
#5863=EDGE_CURVE('',#4734,#4733,#3974,.T.);
#5864=EDGE_CURVE('',#4734,#4735,#1876,.T.);
#5865=EDGE_CURVE('',#4736,#4735,#3975,.T.);
#5866=EDGE_CURVE('',#4736,#4737,#1877,.T.);
#5867=EDGE_CURVE('',#4738,#4737,#3976,.T.);
#5868=EDGE_CURVE('',#4738,#4739,#1878,.T.);
#5869=EDGE_CURVE('',#4740,#4739,#3977,.T.);
#5870=EDGE_CURVE('',#4740,#4741,#1879,.T.);
#5871=EDGE_CURVE('',#4742,#4741,#3978,.T.);
#5872=EDGE_CURVE('',#4742,#4732,#1880,.T.);
#5873=EDGE_CURVE('',#4743,#4744,#3979,.T.);
#5874=EDGE_CURVE('',#4743,#4745,#1881,.T.);
#5875=EDGE_CURVE('',#4746,#4745,#3980,.T.);
#5876=EDGE_CURVE('',#4746,#4747,#1882,.T.);
#5877=EDGE_CURVE('',#4748,#4747,#3981,.T.);
#5878=EDGE_CURVE('',#4748,#4749,#1883,.T.);
#5879=EDGE_CURVE('',#4750,#4749,#3982,.T.);
#5880=EDGE_CURVE('',#4750,#4751,#1884,.T.);
#5881=EDGE_CURVE('',#4752,#4751,#3983,.T.);
#5882=EDGE_CURVE('',#4752,#4753,#1885,.T.);
#5883=EDGE_CURVE('',#4754,#4753,#3984,.T.);
#5884=EDGE_CURVE('',#4754,#4744,#1886,.T.);
#5885=EDGE_CURVE('',#4755,#4756,#3985,.T.);
#5886=EDGE_CURVE('',#4755,#4757,#1887,.T.);
#5887=EDGE_CURVE('',#4758,#4757,#3986,.T.);
#5888=EDGE_CURVE('',#4758,#4759,#1888,.T.);
#5889=EDGE_CURVE('',#4760,#4759,#3987,.T.);
#5890=EDGE_CURVE('',#4760,#4761,#1889,.T.);
#5891=EDGE_CURVE('',#4762,#4761,#3988,.T.);
#5892=EDGE_CURVE('',#4762,#4763,#1890,.T.);
#5893=EDGE_CURVE('',#4764,#4763,#3989,.T.);
#5894=EDGE_CURVE('',#4764,#4765,#1891,.T.);
#5895=EDGE_CURVE('',#4766,#4765,#3990,.T.);
#5896=EDGE_CURVE('',#4766,#4756,#1892,.T.);
#5897=EDGE_CURVE('',#4767,#4768,#3991,.T.);
#5898=EDGE_CURVE('',#4767,#4769,#1893,.T.);
#5899=EDGE_CURVE('',#4770,#4769,#3992,.T.);
#5900=EDGE_CURVE('',#4770,#4771,#1894,.T.);
#5901=EDGE_CURVE('',#4772,#4771,#3993,.T.);
#5902=EDGE_CURVE('',#4772,#4773,#1895,.T.);
#5903=EDGE_CURVE('',#4774,#4773,#3994,.T.);
#5904=EDGE_CURVE('',#4774,#4775,#1896,.T.);
#5905=EDGE_CURVE('',#4776,#4775,#3995,.T.);
#5906=EDGE_CURVE('',#4776,#4777,#1897,.T.);
#5907=EDGE_CURVE('',#4778,#4777,#3996,.T.);
#5908=EDGE_CURVE('',#4778,#4768,#1898,.T.);
#5909=EDGE_CURVE('',#4779,#4780,#3997,.T.);
#5910=EDGE_CURVE('',#4779,#4781,#1899,.T.);
#5911=EDGE_CURVE('',#4782,#4781,#3998,.T.);
#5912=EDGE_CURVE('',#4782,#4783,#1900,.T.);
#5913=EDGE_CURVE('',#4784,#4783,#3999,.T.);
#5914=EDGE_CURVE('',#4784,#4785,#1901,.T.);
#5915=EDGE_CURVE('',#4786,#4785,#4000,.T.);
#5916=EDGE_CURVE('',#4786,#4787,#1902,.T.);
#5917=EDGE_CURVE('',#4788,#4787,#4001,.T.);
#5918=EDGE_CURVE('',#4788,#4789,#1903,.T.);
#5919=EDGE_CURVE('',#4790,#4789,#4002,.T.);
#5920=EDGE_CURVE('',#4790,#4780,#1904,.T.);
#5921=EDGE_CURVE('',#4791,#4792,#4003,.T.);
#5922=EDGE_CURVE('',#4791,#4793,#1905,.T.);
#5923=EDGE_CURVE('',#4794,#4793,#4004,.T.);
#5924=EDGE_CURVE('',#4794,#4795,#1906,.T.);
#5925=EDGE_CURVE('',#4796,#4795,#4005,.T.);
#5926=EDGE_CURVE('',#4796,#4797,#1907,.T.);
#5927=EDGE_CURVE('',#4798,#4797,#4006,.T.);
#5928=EDGE_CURVE('',#4798,#4799,#1908,.T.);
#5929=EDGE_CURVE('',#4800,#4799,#4007,.T.);
#5930=EDGE_CURVE('',#4800,#4801,#1909,.T.);
#5931=EDGE_CURVE('',#4802,#4801,#4008,.T.);
#5932=EDGE_CURVE('',#4802,#4792,#1910,.T.);
#5933=EDGE_CURVE('',#4803,#4804,#4009,.T.);
#5934=EDGE_CURVE('',#4803,#4805,#1911,.T.);
#5935=EDGE_CURVE('',#4806,#4805,#4010,.T.);
#5936=EDGE_CURVE('',#4806,#4807,#1912,.T.);
#5937=EDGE_CURVE('',#4808,#4807,#4011,.T.);
#5938=EDGE_CURVE('',#4808,#4809,#1913,.T.);
#5939=EDGE_CURVE('',#4810,#4809,#4012,.T.);
#5940=EDGE_CURVE('',#4810,#4811,#1914,.T.);
#5941=EDGE_CURVE('',#4812,#4811,#4013,.T.);
#5942=EDGE_CURVE('',#4812,#4813,#1915,.T.);
#5943=EDGE_CURVE('',#4814,#4813,#4014,.T.);
#5944=EDGE_CURVE('',#4814,#4804,#1916,.T.);
#5945=EDGE_CURVE('',#4374,#4508,#1917,.T.);
#5946=EDGE_CURVE('',#4815,#4816,#4015,.T.);
#5947=EDGE_CURVE('',#4815,#4817,#1918,.T.);
#5948=EDGE_CURVE('',#4818,#4817,#4016,.T.);
#5949=EDGE_CURVE('',#4818,#4819,#1919,.T.);
#5950=EDGE_CURVE('',#4820,#4819,#4017,.T.);
#5951=EDGE_CURVE('',#4820,#4821,#1920,.T.);
#5952=EDGE_CURVE('',#4822,#4821,#4018,.T.);
#5953=EDGE_CURVE('',#4822,#4823,#1921,.T.);
#5954=EDGE_CURVE('',#4824,#4823,#4019,.T.);
#5955=EDGE_CURVE('',#4824,#4825,#1922,.T.);
#5956=EDGE_CURVE('',#4826,#4825,#4020,.T.);
#5957=EDGE_CURVE('',#4826,#4816,#1923,.T.);
#5958=EDGE_CURVE('',#4827,#4828,#4021,.T.);
#5959=EDGE_CURVE('',#4827,#4829,#1924,.T.);
#5960=EDGE_CURVE('',#4830,#4829,#4022,.T.);
#5961=EDGE_CURVE('',#4830,#4831,#1925,.T.);
#5962=EDGE_CURVE('',#4832,#4831,#4023,.T.);
#5963=EDGE_CURVE('',#4832,#4833,#1926,.T.);
#5964=EDGE_CURVE('',#4834,#4833,#4024,.T.);
#5965=EDGE_CURVE('',#4834,#4835,#1927,.T.);
#5966=EDGE_CURVE('',#4836,#4835,#4025,.T.);
#5967=EDGE_CURVE('',#4836,#4837,#1928,.T.);
#5968=EDGE_CURVE('',#4838,#4837,#4026,.T.);
#5969=EDGE_CURVE('',#4838,#4828,#1929,.T.);
#5970=EDGE_CURVE('',#4839,#4840,#4027,.T.);
#5971=EDGE_CURVE('',#4839,#4841,#1930,.T.);
#5972=EDGE_CURVE('',#4842,#4841,#4028,.T.);
#5973=EDGE_CURVE('',#4842,#4843,#1931,.T.);
#5974=EDGE_CURVE('',#4844,#4843,#4029,.T.);
#5975=EDGE_CURVE('',#4844,#4845,#1932,.T.);
#5976=EDGE_CURVE('',#4846,#4845,#4030,.T.);
#5977=EDGE_CURVE('',#4846,#4847,#1933,.T.);
#5978=EDGE_CURVE('',#4848,#4847,#4031,.T.);
#5979=EDGE_CURVE('',#4848,#4849,#1934,.T.);
#5980=EDGE_CURVE('',#4850,#4849,#4032,.T.);
#5981=EDGE_CURVE('',#4850,#4840,#1935,.T.);
#5982=EDGE_CURVE('',#4851,#4852,#4033,.T.);
#5983=EDGE_CURVE('',#4851,#4853,#1936,.T.);
#5984=EDGE_CURVE('',#4854,#4853,#4034,.T.);
#5985=EDGE_CURVE('',#4854,#4855,#1937,.T.);
#5986=EDGE_CURVE('',#4856,#4855,#4035,.T.);
#5987=EDGE_CURVE('',#4856,#4857,#1938,.T.);
#5988=EDGE_CURVE('',#4858,#4857,#4036,.T.);
#5989=EDGE_CURVE('',#4858,#4859,#1939,.T.);
#5990=EDGE_CURVE('',#4860,#4859,#4037,.T.);
#5991=EDGE_CURVE('',#4860,#4861,#1940,.T.);
#5992=EDGE_CURVE('',#4862,#4861,#4038,.T.);
#5993=EDGE_CURVE('',#4862,#4852,#1941,.T.);
#5994=EDGE_CURVE('',#4863,#4864,#4039,.T.);
#5995=EDGE_CURVE('',#4863,#4865,#1942,.T.);
#5996=EDGE_CURVE('',#4866,#4865,#4040,.T.);
#5997=EDGE_CURVE('',#4866,#4867,#1943,.T.);
#5998=EDGE_CURVE('',#4868,#4867,#4041,.T.);
#5999=EDGE_CURVE('',#4868,#4869,#1944,.T.);
#6000=EDGE_CURVE('',#4870,#4869,#4042,.T.);
#6001=EDGE_CURVE('',#4870,#4871,#1945,.T.);
#6002=EDGE_CURVE('',#4872,#4871,#4043,.T.);
#6003=EDGE_CURVE('',#4872,#4873,#1946,.T.);
#6004=EDGE_CURVE('',#4874,#4873,#4044,.T.);
#6005=EDGE_CURVE('',#4874,#4864,#1947,.T.);
#6006=EDGE_CURVE('',#4875,#4876,#4045,.T.);
#6007=EDGE_CURVE('',#4875,#4877,#1948,.T.);
#6008=EDGE_CURVE('',#4878,#4877,#4046,.T.);
#6009=EDGE_CURVE('',#4878,#4879,#1949,.T.);
#6010=EDGE_CURVE('',#4880,#4879,#4047,.T.);
#6011=EDGE_CURVE('',#4880,#4881,#1950,.T.);
#6012=EDGE_CURVE('',#4882,#4881,#4048,.T.);
#6013=EDGE_CURVE('',#4882,#4883,#1951,.T.);
#6014=EDGE_CURVE('',#4884,#4883,#4049,.T.);
#6015=EDGE_CURVE('',#4884,#4885,#1952,.T.);
#6016=EDGE_CURVE('',#4886,#4885,#4050,.T.);
#6017=EDGE_CURVE('',#4886,#4876,#1953,.T.);
#6018=EDGE_CURVE('',#4887,#4888,#4051,.T.);
#6019=EDGE_CURVE('',#4887,#4889,#1954,.T.);
#6020=EDGE_CURVE('',#4890,#4889,#4052,.T.);
#6021=EDGE_CURVE('',#4890,#4891,#1955,.T.);
#6022=EDGE_CURVE('',#4892,#4891,#4053,.T.);
#6023=EDGE_CURVE('',#4892,#4893,#1956,.T.);
#6024=EDGE_CURVE('',#4894,#4893,#4054,.T.);
#6025=EDGE_CURVE('',#4894,#4895,#1957,.T.);
#6026=EDGE_CURVE('',#4896,#4895,#4055,.T.);
#6027=EDGE_CURVE('',#4896,#4897,#1958,.T.);
#6028=EDGE_CURVE('',#4898,#4897,#4056,.T.);
#6029=EDGE_CURVE('',#4898,#4888,#1959,.T.);
#6030=EDGE_CURVE('',#4899,#4900,#4057,.T.);
#6031=EDGE_CURVE('',#4899,#4901,#1960,.T.);
#6032=EDGE_CURVE('',#4902,#4901,#4058,.T.);
#6033=EDGE_CURVE('',#4902,#4903,#1961,.T.);
#6034=EDGE_CURVE('',#4904,#4903,#4059,.T.);
#6035=EDGE_CURVE('',#4904,#4905,#1962,.T.);
#6036=EDGE_CURVE('',#4906,#4905,#4060,.T.);
#6037=EDGE_CURVE('',#4906,#4907,#1963,.T.);
#6038=EDGE_CURVE('',#4908,#4907,#4061,.T.);
#6039=EDGE_CURVE('',#4908,#4909,#1964,.T.);
#6040=EDGE_CURVE('',#4910,#4909,#4062,.T.);
#6041=EDGE_CURVE('',#4910,#4900,#1965,.T.);
#6042=EDGE_CURVE('',#4911,#4912,#4063,.T.);
#6043=EDGE_CURVE('',#4911,#4913,#1966,.T.);
#6044=EDGE_CURVE('',#4914,#4913,#4064,.T.);
#6045=EDGE_CURVE('',#4914,#4915,#1967,.T.);
#6046=EDGE_CURVE('',#4916,#4915,#4065,.T.);
#6047=EDGE_CURVE('',#4916,#4917,#1968,.T.);
#6048=EDGE_CURVE('',#4918,#4917,#4066,.T.);
#6049=EDGE_CURVE('',#4918,#4919,#1969,.T.);
#6050=EDGE_CURVE('',#4920,#4919,#4067,.T.);
#6051=EDGE_CURVE('',#4920,#4921,#1970,.T.);
#6052=EDGE_CURVE('',#4922,#4921,#4068,.T.);
#6053=EDGE_CURVE('',#4922,#4912,#1971,.T.);
#6054=EDGE_CURVE('',#4376,#4923,#85,.T.);
#6055=EDGE_CURVE('',#4923,#4387,#1972,.T.);
#6056=EDGE_CURVE('',#4923,#4924,#1973,.T.);
#6057=EDGE_CURVE('',#4924,#4386,#1974,.T.);
#6058=EDGE_CURVE('',#4924,#4518,#86,.T.);
#6059=EDGE_CURVE('',#4925,#4923,#1975,.T.);
#6060=EDGE_CURVE('',#4926,#4924,#1976,.T.);
#6061=EDGE_CURVE('',#4927,#4926,#1977,.T.);
#6062=EDGE_CURVE('',#4928,#4927,#31,.T.);
#6063=EDGE_CURVE('',#4928,#4929,#1978,.T.);
#6064=EDGE_CURVE('',#4930,#4929,#32,.T.);
#6065=EDGE_CURVE('',#4925,#4930,#1979,.T.);
#6066=EDGE_CURVE('',#4931,#4932,#33,.T.);
#6067=EDGE_CURVE('',#4933,#4932,#1980,.T.);
#6068=EDGE_CURVE('',#4933,#4934,#4069,.T.);
#6069=EDGE_CURVE('',#4934,#4935,#1981,.T.);
#6070=EDGE_CURVE('',#4931,#4935,#4070,.T.);
#6071=EDGE_CURVE('',#4932,#4936,#1982,.T.);
#6072=EDGE_CURVE('',#4937,#4936,#1983,.T.);
#6073=EDGE_CURVE('',#4937,#4933,#1984,.T.);
#6074=EDGE_CURVE('',#4936,#4378,#4071,.T.);
#6075=EDGE_CURVE('',#4938,#4378,#1985,.T.);
#6076=EDGE_CURVE('',#4938,#4937,#4072,.T.);
#6077=EDGE_CURVE('',#4939,#4377,#1986,.T.);
#6078=EDGE_CURVE('',#4939,#4938,#1987,.T.);
#6079=EDGE_CURVE('',#4377,#4925,#4073,.T.);
#6080=EDGE_CURVE('',#4925,#4940,#1988,.T.);
#6081=EDGE_CURVE('',#4940,#4939,#4074,.T.);
#6082=EDGE_CURVE('',#4941,#4930,#1989,.T.);
#6083=EDGE_CURVE('',#4941,#4940,#1990,.T.);
#6084=EDGE_CURVE('',#4942,#4943,#1991,.T.);
#6085=EDGE_CURVE('',#4943,#4944,#4075,.T.);
#6086=EDGE_CURVE('',#4944,#4945,#1992,.T.);
#6087=EDGE_CURVE('',#4945,#4942,#4076,.T.);
#6088=EDGE_CURVE('',#4946,#4947,#1993,.T.);
#6089=EDGE_CURVE('',#4947,#4943,#1994,.T.);
#6090=EDGE_CURVE('',#4942,#4946,#1995,.T.);
#6091=EDGE_CURVE('',#4948,#4949,#1996,.T.);
#6092=EDGE_CURVE('',#4949,#4947,#4077,.T.);
#6093=EDGE_CURVE('',#4946,#4948,#4078,.T.);
#6094=EDGE_CURVE('',#4950,#4951,#1997,.T.);
#6095=EDGE_CURVE('',#4951,#4949,#1998,.T.);
#6096=EDGE_CURVE('',#4948,#4950,#1999,.T.);
#6097=EDGE_CURVE('',#4952,#4953,#2000,.T.);
#6098=EDGE_CURVE('',#4953,#4951,#4079,.T.);
#6099=EDGE_CURVE('',#4950,#4952,#4080,.T.);
#6100=EDGE_CURVE('',#4954,#4955,#2001,.T.);
#6101=EDGE_CURVE('',#4955,#4953,#2002,.T.);
#6102=EDGE_CURVE('',#4952,#4954,#2003,.T.);
#6103=EDGE_CURVE('',#4956,#4957,#2004,.T.);
#6104=EDGE_CURVE('',#4957,#4955,#4081,.T.);
#6105=EDGE_CURVE('',#4954,#4956,#4082,.T.);
#6106=EDGE_CURVE('',#4944,#4957,#2005,.T.);
#6107=EDGE_CURVE('',#4956,#4945,#2006,.T.);
#6108=EDGE_CURVE('',#4958,#4948,#2007,.T.);
#6109=EDGE_CURVE('',#4934,#4958,#2008,.T.);
#6110=EDGE_CURVE('',#4934,#4950,#2009,.T.);
#6111=EDGE_CURVE('',#4941,#4946,#2010,.T.);
#6112=EDGE_CURVE('',#4958,#4941,#4083,.T.);
#6113=EDGE_CURVE('',#4940,#4942,#2011,.T.);
#6114=EDGE_CURVE('',#4939,#4945,#2012,.T.);
#6115=EDGE_CURVE('',#4938,#4956,#2013,.T.);
#6116=EDGE_CURVE('',#4937,#4954,#2014,.T.);
#6117=EDGE_CURVE('',#4933,#4952,#2015,.T.);
#6118=EDGE_CURVE('',#4958,#4959,#2016,.T.);
#6119=EDGE_CURVE('',#4959,#4935,#2017,.T.);
#6120=EDGE_CURVE('',#4959,#4929,#4084,.T.);
#6121=EDGE_CURVE('',#4928,#4959,#4085,.T.);
#6122=EDGE_CURVE('',#4935,#4960,#4086,.T.);
#6123=EDGE_CURVE('',#4931,#4960,#2018,.T.);
#6124=EDGE_CURVE('',#4961,#4960,#34,.T.);
#6125=EDGE_CURVE('',#4962,#4935,#2019,.T.);
#6126=EDGE_CURVE('',#4962,#4963,#4087,.T.);
#6127=EDGE_CURVE('',#4963,#4961,#2020,.T.);
#6128=EDGE_CURVE('',#4964,#4965,#2021,.T.);
#6129=EDGE_CURVE('',#4965,#4966,#4088,.T.);
#6130=EDGE_CURVE('',#4966,#4967,#2022,.T.);
#6131=EDGE_CURVE('',#4967,#4964,#4089,.T.);
#6132=EDGE_CURVE('',#4968,#4969,#2023,.T.);
#6133=EDGE_CURVE('',#4969,#4965,#2024,.T.);
#6134=EDGE_CURVE('',#4964,#4968,#2025,.T.);
#6135=EDGE_CURVE('',#4970,#4971,#2026,.T.);
#6136=EDGE_CURVE('',#4971,#4969,#4090,.T.);
#6137=EDGE_CURVE('',#4968,#4970,#4091,.T.);
#6138=EDGE_CURVE('',#4972,#4973,#2027,.T.);
#6139=EDGE_CURVE('',#4973,#4971,#2028,.T.);
#6140=EDGE_CURVE('',#4970,#4972,#2029,.T.);
#6141=EDGE_CURVE('',#4974,#4975,#2030,.T.);
#6142=EDGE_CURVE('',#4975,#4973,#4092,.T.);
#6143=EDGE_CURVE('',#4972,#4974,#4093,.T.);
#6144=EDGE_CURVE('',#4976,#4977,#2031,.T.);
#6145=EDGE_CURVE('',#4977,#4975,#2032,.T.);
#6146=EDGE_CURVE('',#4974,#4976,#2033,.T.);
#6147=EDGE_CURVE('',#4978,#4979,#2034,.T.);
#6148=EDGE_CURVE('',#4979,#4977,#4094,.T.);
#6149=EDGE_CURVE('',#4976,#4978,#4095,.T.);
#6150=EDGE_CURVE('',#4966,#4979,#2035,.T.);
#6151=EDGE_CURVE('',#4978,#4967,#2036,.T.);
#6152=EDGE_CURVE('',#4980,#4970,#2037,.T.);
#6153=EDGE_CURVE('',#4981,#4980,#2038,.T.);
#6154=EDGE_CURVE('',#4981,#4972,#2039,.T.);
#6155=EDGE_CURVE('',#4982,#4968,#2040,.T.);
#6156=EDGE_CURVE('',#4980,#4982,#4096,.T.);
#6157=EDGE_CURVE('',#4983,#4964,#2041,.T.);
#6158=EDGE_CURVE('',#4982,#4983,#2042,.T.);
#6159=EDGE_CURVE('',#4984,#4967,#2043,.T.);
#6160=EDGE_CURVE('',#4983,#4984,#4097,.T.);
#6161=EDGE_CURVE('',#4962,#4978,#2044,.T.);
#6162=EDGE_CURVE('',#4984,#4962,#2045,.T.);
#6163=EDGE_CURVE('',#4963,#4976,#2046,.T.);
#6164=EDGE_CURVE('',#4985,#4974,#2047,.T.);
#6165=EDGE_CURVE('',#4963,#4985,#2048,.T.);
#6166=EDGE_CURVE('',#4985,#4981,#4098,.T.);
#6167=EDGE_CURVE('',#4927,#4983,#2049,.T.);
#6168=EDGE_CURVE('',#4984,#4959,#2050,.T.);
#6169=EDGE_CURVE('',#4986,#4961,#2051,.T.);
#6170=EDGE_CURVE('',#4985,#4986,#2052,.T.);
#6171=EDGE_CURVE('',#4516,#4986,#4099,.T.);
#6172=EDGE_CURVE('',#4981,#4516,#2053,.T.);
#6173=EDGE_CURVE('',#4980,#4517,#2054,.T.);
#6174=EDGE_CURVE('',#4926,#4517,#4100,.T.);
#6175=EDGE_CURVE('',#4982,#4926,#2055,.T.);
#6176=EDGE_CURVE('',#4705,#4936,#2056,.T.);
#6177=EDGE_CURVE('',#4986,#4703,#2057,.T.);
#6178=EDGE_CURVE('',#4987,#4988,#4101,.T.);
#6179=EDGE_CURVE('',#4987,#4803,#2058,.T.);
#6180=EDGE_CURVE('',#4804,#4988,#2059,.T.);
#6181=EDGE_CURVE('',#4989,#4988,#2060,.F.);
#6182=EDGE_CURVE('',#4989,#4990,#4102,.T.);
#6183=EDGE_CURVE('',#4991,#4990,#2061,.F.);
#6184=EDGE_CURVE('',#4991,#4992,#4103,.T.);
#6185=EDGE_CURVE('',#4993,#4992,#2062,.F.);
#6186=EDGE_CURVE('',#4993,#4994,#4104,.T.);
#6187=EDGE_CURVE('',#4995,#4994,#2063,.F.);
#6188=EDGE_CURVE('',#4995,#4996,#4105,.T.);
#6189=EDGE_CURVE('',#4997,#4996,#2064,.F.);
#6190=EDGE_CURVE('',#4997,#4998,#4106,.T.);
#6191=EDGE_CURVE('',#4987,#4998,#2065,.F.);
#6192=EDGE_CURVE('',#4989,#4814,#2066,.T.);
#6193=EDGE_CURVE('',#4813,#4990,#2067,.T.);
#6194=EDGE_CURVE('',#4991,#4812,#2068,.T.);
#6195=EDGE_CURVE('',#4811,#4992,#2069,.T.);
#6196=EDGE_CURVE('',#4993,#4810,#2070,.T.);
#6197=EDGE_CURVE('',#4809,#4994,#2071,.T.);
#6198=EDGE_CURVE('',#4995,#4808,#2072,.T.);
#6199=EDGE_CURVE('',#4807,#4996,#2073,.T.);
#6200=EDGE_CURVE('',#4997,#4806,#2074,.T.);
#6201=EDGE_CURVE('',#4805,#4998,#2075,.T.);
#6202=EDGE_CURVE('',#4999,#5000,#4107,.T.);
#6203=EDGE_CURVE('',#4999,#4791,#2076,.T.);
#6204=EDGE_CURVE('',#4792,#5000,#2077,.T.);
#6205=EDGE_CURVE('',#5001,#5000,#2078,.F.);
#6206=EDGE_CURVE('',#5001,#5002,#4108,.T.);
#6207=EDGE_CURVE('',#5003,#5002,#2079,.F.);
#6208=EDGE_CURVE('',#5003,#5004,#4109,.T.);
#6209=EDGE_CURVE('',#5005,#5004,#2080,.F.);
#6210=EDGE_CURVE('',#5005,#5006,#4110,.T.);
#6211=EDGE_CURVE('',#5007,#5006,#2081,.F.);
#6212=EDGE_CURVE('',#5007,#5008,#4111,.T.);
#6213=EDGE_CURVE('',#5009,#5008,#2082,.F.);
#6214=EDGE_CURVE('',#5009,#5010,#4112,.T.);
#6215=EDGE_CURVE('',#4999,#5010,#2083,.F.);
#6216=EDGE_CURVE('',#5001,#4802,#2084,.T.);
#6217=EDGE_CURVE('',#4801,#5002,#2085,.T.);
#6218=EDGE_CURVE('',#5003,#4800,#2086,.T.);
#6219=EDGE_CURVE('',#4799,#5004,#2087,.T.);
#6220=EDGE_CURVE('',#5005,#4798,#2088,.T.);
#6221=EDGE_CURVE('',#4797,#5006,#2089,.T.);
#6222=EDGE_CURVE('',#5007,#4796,#2090,.T.);
#6223=EDGE_CURVE('',#4795,#5008,#2091,.T.);
#6224=EDGE_CURVE('',#5009,#4794,#2092,.T.);
#6225=EDGE_CURVE('',#4793,#5010,#2093,.T.);
#6226=EDGE_CURVE('',#5011,#5012,#4113,.T.);
#6227=EDGE_CURVE('',#5011,#4779,#2094,.T.);
#6228=EDGE_CURVE('',#4780,#5012,#2095,.T.);
#6229=EDGE_CURVE('',#5013,#5012,#2096,.F.);
#6230=EDGE_CURVE('',#5013,#5014,#4114,.T.);
#6231=EDGE_CURVE('',#5015,#5014,#2097,.F.);
#6232=EDGE_CURVE('',#5015,#5016,#4115,.T.);
#6233=EDGE_CURVE('',#5017,#5016,#2098,.F.);
#6234=EDGE_CURVE('',#5017,#5018,#4116,.T.);
#6235=EDGE_CURVE('',#5019,#5018,#2099,.F.);
#6236=EDGE_CURVE('',#5019,#5020,#4117,.T.);
#6237=EDGE_CURVE('',#5021,#5020,#2100,.F.);
#6238=EDGE_CURVE('',#5021,#5022,#4118,.T.);
#6239=EDGE_CURVE('',#5011,#5022,#2101,.F.);
#6240=EDGE_CURVE('',#5013,#4790,#2102,.T.);
#6241=EDGE_CURVE('',#4789,#5014,#2103,.T.);
#6242=EDGE_CURVE('',#5015,#4788,#2104,.T.);
#6243=EDGE_CURVE('',#4787,#5016,#2105,.T.);
#6244=EDGE_CURVE('',#5017,#4786,#2106,.T.);
#6245=EDGE_CURVE('',#4785,#5018,#2107,.T.);
#6246=EDGE_CURVE('',#5019,#4784,#2108,.T.);
#6247=EDGE_CURVE('',#4783,#5020,#2109,.T.);
#6248=EDGE_CURVE('',#5021,#4782,#2110,.T.);
#6249=EDGE_CURVE('',#4781,#5022,#2111,.T.);
#6250=EDGE_CURVE('',#5023,#5024,#4119,.T.);
#6251=EDGE_CURVE('',#5023,#4767,#2112,.T.);
#6252=EDGE_CURVE('',#4768,#5024,#2113,.T.);
#6253=EDGE_CURVE('',#5025,#5024,#2114,.F.);
#6254=EDGE_CURVE('',#5025,#5026,#4120,.T.);
#6255=EDGE_CURVE('',#5027,#5026,#2115,.F.);
#6256=EDGE_CURVE('',#5027,#5028,#4121,.T.);
#6257=EDGE_CURVE('',#5029,#5028,#2116,.F.);
#6258=EDGE_CURVE('',#5029,#5030,#4122,.T.);
#6259=EDGE_CURVE('',#5031,#5030,#2117,.F.);
#6260=EDGE_CURVE('',#5031,#5032,#4123,.T.);
#6261=EDGE_CURVE('',#5033,#5032,#2118,.F.);
#6262=EDGE_CURVE('',#5033,#5034,#4124,.T.);
#6263=EDGE_CURVE('',#5023,#5034,#2119,.F.);
#6264=EDGE_CURVE('',#5025,#4778,#2120,.T.);
#6265=EDGE_CURVE('',#4777,#5026,#2121,.T.);
#6266=EDGE_CURVE('',#5027,#4776,#2122,.T.);
#6267=EDGE_CURVE('',#4775,#5028,#2123,.T.);
#6268=EDGE_CURVE('',#5029,#4774,#2124,.T.);
#6269=EDGE_CURVE('',#4773,#5030,#2125,.T.);
#6270=EDGE_CURVE('',#5031,#4772,#2126,.T.);
#6271=EDGE_CURVE('',#4771,#5032,#2127,.T.);
#6272=EDGE_CURVE('',#5033,#4770,#2128,.T.);
#6273=EDGE_CURVE('',#4769,#5034,#2129,.T.);
#6274=EDGE_CURVE('',#5035,#5036,#4125,.T.);
#6275=EDGE_CURVE('',#5035,#4755,#2130,.T.);
#6276=EDGE_CURVE('',#4756,#5036,#2131,.T.);
#6277=EDGE_CURVE('',#5037,#5036,#2132,.F.);
#6278=EDGE_CURVE('',#5037,#5038,#4126,.T.);
#6279=EDGE_CURVE('',#5039,#5038,#2133,.F.);
#6280=EDGE_CURVE('',#5039,#5040,#4127,.T.);
#6281=EDGE_CURVE('',#5041,#5040,#2134,.F.);
#6282=EDGE_CURVE('',#5041,#5042,#4128,.T.);
#6283=EDGE_CURVE('',#5043,#5042,#2135,.F.);
#6284=EDGE_CURVE('',#5043,#5044,#4129,.T.);
#6285=EDGE_CURVE('',#5045,#5044,#2136,.F.);
#6286=EDGE_CURVE('',#5045,#5046,#4130,.T.);
#6287=EDGE_CURVE('',#5035,#5046,#2137,.F.);
#6288=EDGE_CURVE('',#5037,#4766,#2138,.T.);
#6289=EDGE_CURVE('',#4765,#5038,#2139,.T.);
#6290=EDGE_CURVE('',#5039,#4764,#2140,.T.);
#6291=EDGE_CURVE('',#4763,#5040,#2141,.T.);
#6292=EDGE_CURVE('',#5041,#4762,#2142,.T.);
#6293=EDGE_CURVE('',#4761,#5042,#2143,.T.);
#6294=EDGE_CURVE('',#5043,#4760,#2144,.T.);
#6295=EDGE_CURVE('',#4759,#5044,#2145,.T.);
#6296=EDGE_CURVE('',#5045,#4758,#2146,.T.);
#6297=EDGE_CURVE('',#4757,#5046,#2147,.T.);
#6298=EDGE_CURVE('',#5047,#5048,#4131,.T.);
#6299=EDGE_CURVE('',#5047,#4743,#2148,.T.);
#6300=EDGE_CURVE('',#4744,#5048,#2149,.T.);
#6301=EDGE_CURVE('',#5049,#5048,#2150,.F.);
#6302=EDGE_CURVE('',#5049,#5050,#4132,.T.);
#6303=EDGE_CURVE('',#5051,#5050,#2151,.F.);
#6304=EDGE_CURVE('',#5051,#5052,#4133,.T.);
#6305=EDGE_CURVE('',#5053,#5052,#2152,.F.);
#6306=EDGE_CURVE('',#5053,#5054,#4134,.T.);
#6307=EDGE_CURVE('',#5055,#5054,#2153,.F.);
#6308=EDGE_CURVE('',#5055,#5056,#4135,.T.);
#6309=EDGE_CURVE('',#5057,#5056,#2154,.F.);
#6310=EDGE_CURVE('',#5057,#5058,#4136,.T.);
#6311=EDGE_CURVE('',#5047,#5058,#2155,.F.);
#6312=EDGE_CURVE('',#5049,#4754,#2156,.T.);
#6313=EDGE_CURVE('',#4753,#5050,#2157,.T.);
#6314=EDGE_CURVE('',#5051,#4752,#2158,.T.);
#6315=EDGE_CURVE('',#4751,#5052,#2159,.T.);
#6316=EDGE_CURVE('',#5053,#4750,#2160,.T.);
#6317=EDGE_CURVE('',#4749,#5054,#2161,.T.);
#6318=EDGE_CURVE('',#5055,#4748,#2162,.T.);
#6319=EDGE_CURVE('',#4747,#5056,#2163,.T.);
#6320=EDGE_CURVE('',#5057,#4746,#2164,.T.);
#6321=EDGE_CURVE('',#4745,#5058,#2165,.T.);
#6322=EDGE_CURVE('',#5059,#5060,#4137,.T.);
#6323=EDGE_CURVE('',#5059,#4731,#2166,.T.);
#6324=EDGE_CURVE('',#4732,#5060,#2167,.T.);
#6325=EDGE_CURVE('',#5061,#5060,#2168,.F.);
#6326=EDGE_CURVE('',#5061,#5062,#4138,.T.);
#6327=EDGE_CURVE('',#5063,#5062,#2169,.F.);
#6328=EDGE_CURVE('',#5063,#5064,#4139,.T.);
#6329=EDGE_CURVE('',#5065,#5064,#2170,.F.);
#6330=EDGE_CURVE('',#5065,#5066,#4140,.T.);
#6331=EDGE_CURVE('',#5067,#5066,#2171,.F.);
#6332=EDGE_CURVE('',#5067,#5068,#4141,.T.);
#6333=EDGE_CURVE('',#5069,#5068,#2172,.F.);
#6334=EDGE_CURVE('',#5069,#5070,#4142,.T.);
#6335=EDGE_CURVE('',#5059,#5070,#2173,.F.);
#6336=EDGE_CURVE('',#5061,#4742,#2174,.T.);
#6337=EDGE_CURVE('',#4741,#5062,#2175,.T.);
#6338=EDGE_CURVE('',#5063,#4740,#2176,.T.);
#6339=EDGE_CURVE('',#4739,#5064,#2177,.T.);
#6340=EDGE_CURVE('',#5065,#4738,#2178,.T.);
#6341=EDGE_CURVE('',#4737,#5066,#2179,.T.);
#6342=EDGE_CURVE('',#5067,#4736,#2180,.T.);
#6343=EDGE_CURVE('',#4735,#5068,#2181,.T.);
#6344=EDGE_CURVE('',#5069,#4734,#2182,.T.);
#6345=EDGE_CURVE('',#4733,#5070,#2183,.T.);
#6346=EDGE_CURVE('',#5071,#5072,#4143,.T.);
#6347=EDGE_CURVE('',#5071,#4719,#2184,.T.);
#6348=EDGE_CURVE('',#4720,#5072,#2185,.T.);
#6349=EDGE_CURVE('',#5073,#5072,#2186,.F.);
#6350=EDGE_CURVE('',#5073,#5074,#4144,.T.);
#6351=EDGE_CURVE('',#5075,#5074,#2187,.F.);
#6352=EDGE_CURVE('',#5075,#5076,#4145,.T.);
#6353=EDGE_CURVE('',#5077,#5076,#2188,.F.);
#6354=EDGE_CURVE('',#5077,#5078,#4146,.T.);
#6355=EDGE_CURVE('',#5079,#5078,#2189,.F.);
#6356=EDGE_CURVE('',#5079,#5080,#4147,.T.);
#6357=EDGE_CURVE('',#5081,#5080,#2190,.F.);
#6358=EDGE_CURVE('',#5081,#5082,#4148,.T.);
#6359=EDGE_CURVE('',#5071,#5082,#2191,.F.);
#6360=EDGE_CURVE('',#5073,#4730,#2192,.T.);
#6361=EDGE_CURVE('',#4729,#5074,#2193,.T.);
#6362=EDGE_CURVE('',#5075,#4728,#2194,.T.);
#6363=EDGE_CURVE('',#4727,#5076,#2195,.T.);
#6364=EDGE_CURVE('',#5077,#4726,#2196,.T.);
#6365=EDGE_CURVE('',#4725,#5078,#2197,.T.);
#6366=EDGE_CURVE('',#5079,#4724,#2198,.T.);
#6367=EDGE_CURVE('',#4723,#5080,#2199,.T.);
#6368=EDGE_CURVE('',#5081,#4722,#2200,.T.);
#6369=EDGE_CURVE('',#4721,#5082,#2201,.T.);
#6370=EDGE_CURVE('',#5083,#5084,#4149,.T.);
#6371=EDGE_CURVE('',#5083,#4707,#2202,.T.);
#6372=EDGE_CURVE('',#4708,#5084,#2203,.T.);
#6373=EDGE_CURVE('',#5085,#5084,#2204,.F.);
#6374=EDGE_CURVE('',#5085,#5086,#4150,.T.);
#6375=EDGE_CURVE('',#5087,#5086,#2205,.F.);
#6376=EDGE_CURVE('',#5087,#5088,#4151,.T.);
#6377=EDGE_CURVE('',#5089,#5088,#2206,.F.);
#6378=EDGE_CURVE('',#5089,#5090,#4152,.T.);
#6379=EDGE_CURVE('',#5091,#5090,#2207,.F.);
#6380=EDGE_CURVE('',#5091,#5092,#4153,.T.);
#6381=EDGE_CURVE('',#5093,#5092,#2208,.F.);
#6382=EDGE_CURVE('',#5093,#5094,#4154,.T.);
#6383=EDGE_CURVE('',#5083,#5094,#2209,.F.);
#6384=EDGE_CURVE('',#5085,#4718,#2210,.T.);
#6385=EDGE_CURVE('',#4717,#5086,#2211,.T.);
#6386=EDGE_CURVE('',#5087,#4716,#2212,.T.);
#6387=EDGE_CURVE('',#4715,#5088,#2213,.T.);
#6388=EDGE_CURVE('',#5089,#4714,#2214,.T.);
#6389=EDGE_CURVE('',#4713,#5090,#2215,.T.);
#6390=EDGE_CURVE('',#5091,#4712,#2216,.T.);
#6391=EDGE_CURVE('',#4711,#5092,#2217,.T.);
#6392=EDGE_CURVE('',#5093,#4710,#2218,.T.);
#6393=EDGE_CURVE('',#4709,#5094,#2219,.T.);
#6394=EDGE_CURVE('',#5095,#5096,#4155,.T.);
#6395=EDGE_CURVE('',#5095,#4619,#2220,.T.);
#6396=EDGE_CURVE('',#4620,#5096,#2221,.T.);
#6397=EDGE_CURVE('',#5097,#5096,#2222,.F.);
#6398=EDGE_CURVE('',#5097,#5098,#4156,.T.);
#6399=EDGE_CURVE('',#5099,#5098,#2223,.F.);
#6400=EDGE_CURVE('',#5099,#5100,#4157,.T.);
#6401=EDGE_CURVE('',#5101,#5100,#2224,.F.);
#6402=EDGE_CURVE('',#5101,#5102,#4158,.T.);
#6403=EDGE_CURVE('',#5103,#5102,#2225,.F.);
#6404=EDGE_CURVE('',#5103,#5104,#4159,.T.);
#6405=EDGE_CURVE('',#5105,#5104,#2226,.F.);
#6406=EDGE_CURVE('',#5105,#5106,#4160,.T.);
#6407=EDGE_CURVE('',#5095,#5106,#2227,.F.);
#6408=EDGE_CURVE('',#5097,#4630,#2228,.T.);
#6409=EDGE_CURVE('',#4629,#5098,#2229,.T.);
#6410=EDGE_CURVE('',#5099,#4628,#2230,.T.);
#6411=EDGE_CURVE('',#4627,#5100,#2231,.T.);
#6412=EDGE_CURVE('',#5101,#4626,#2232,.T.);
#6413=EDGE_CURVE('',#4625,#5102,#2233,.T.);
#6414=EDGE_CURVE('',#5103,#4624,#2234,.T.);
#6415=EDGE_CURVE('',#4623,#5104,#2235,.T.);
#6416=EDGE_CURVE('',#5105,#4622,#2236,.T.);
#6417=EDGE_CURVE('',#4621,#5106,#2237,.T.);
#6418=EDGE_CURVE('',#5107,#5108,#4161,.T.);
#6419=EDGE_CURVE('',#5107,#4607,#2238,.T.);
#6420=EDGE_CURVE('',#4608,#5108,#2239,.T.);
#6421=EDGE_CURVE('',#5109,#5108,#2240,.F.);
#6422=EDGE_CURVE('',#5109,#5110,#4162,.T.);
#6423=EDGE_CURVE('',#5111,#5110,#2241,.F.);
#6424=EDGE_CURVE('',#5111,#5112,#4163,.T.);
#6425=EDGE_CURVE('',#5113,#5112,#2242,.F.);
#6426=EDGE_CURVE('',#5113,#5114,#4164,.T.);
#6427=EDGE_CURVE('',#5115,#5114,#2243,.F.);
#6428=EDGE_CURVE('',#5115,#5116,#4165,.T.);
#6429=EDGE_CURVE('',#5117,#5116,#2244,.F.);
#6430=EDGE_CURVE('',#5117,#5118,#4166,.T.);
#6431=EDGE_CURVE('',#5107,#5118,#2245,.F.);
#6432=EDGE_CURVE('',#5109,#4618,#2246,.T.);
#6433=EDGE_CURVE('',#4617,#5110,#2247,.T.);
#6434=EDGE_CURVE('',#5111,#4616,#2248,.T.);
#6435=EDGE_CURVE('',#4615,#5112,#2249,.T.);
#6436=EDGE_CURVE('',#5113,#4614,#2250,.T.);
#6437=EDGE_CURVE('',#4613,#5114,#2251,.T.);
#6438=EDGE_CURVE('',#5115,#4612,#2252,.T.);
#6439=EDGE_CURVE('',#4611,#5116,#2253,.T.);
#6440=EDGE_CURVE('',#5117,#4610,#2254,.T.);
#6441=EDGE_CURVE('',#4609,#5118,#2255,.T.);
#6442=EDGE_CURVE('',#5119,#5120,#4167,.T.);
#6443=EDGE_CURVE('',#5119,#4595,#2256,.T.);
#6444=EDGE_CURVE('',#4596,#5120,#2257,.T.);
#6445=EDGE_CURVE('',#5121,#5120,#2258,.F.);
#6446=EDGE_CURVE('',#5121,#5122,#4168,.T.);
#6447=EDGE_CURVE('',#5123,#5122,#2259,.F.);
#6448=EDGE_CURVE('',#5123,#5124,#4169,.T.);
#6449=EDGE_CURVE('',#5125,#5124,#2260,.F.);
#6450=EDGE_CURVE('',#5125,#5126,#4170,.T.);
#6451=EDGE_CURVE('',#5127,#5126,#2261,.F.);
#6452=EDGE_CURVE('',#5127,#5128,#4171,.T.);
#6453=EDGE_CURVE('',#5129,#5128,#2262,.F.);
#6454=EDGE_CURVE('',#5129,#5130,#4172,.T.);
#6455=EDGE_CURVE('',#5119,#5130,#2263,.F.);
#6456=EDGE_CURVE('',#5121,#4606,#2264,.T.);
#6457=EDGE_CURVE('',#4605,#5122,#2265,.T.);
#6458=EDGE_CURVE('',#5123,#4604,#2266,.T.);
#6459=EDGE_CURVE('',#4603,#5124,#2267,.T.);
#6460=EDGE_CURVE('',#5125,#4602,#2268,.T.);
#6461=EDGE_CURVE('',#4601,#5126,#2269,.T.);
#6462=EDGE_CURVE('',#5127,#4600,#2270,.T.);
#6463=EDGE_CURVE('',#4599,#5128,#2271,.T.);
#6464=EDGE_CURVE('',#5129,#4598,#2272,.T.);
#6465=EDGE_CURVE('',#4597,#5130,#2273,.T.);
#6466=EDGE_CURVE('',#5131,#5132,#4173,.T.);
#6467=EDGE_CURVE('',#5131,#4583,#2274,.T.);
#6468=EDGE_CURVE('',#4584,#5132,#2275,.T.);
#6469=EDGE_CURVE('',#5133,#5132,#2276,.F.);
#6470=EDGE_CURVE('',#5133,#5134,#4174,.T.);
#6471=EDGE_CURVE('',#5135,#5134,#2277,.F.);
#6472=EDGE_CURVE('',#5135,#5136,#4175,.T.);
#6473=EDGE_CURVE('',#5137,#5136,#2278,.F.);
#6474=EDGE_CURVE('',#5137,#5138,#4176,.T.);
#6475=EDGE_CURVE('',#5139,#5138,#2279,.F.);
#6476=EDGE_CURVE('',#5139,#5140,#4177,.T.);
#6477=EDGE_CURVE('',#5141,#5140,#2280,.F.);
#6478=EDGE_CURVE('',#5141,#5142,#4178,.T.);
#6479=EDGE_CURVE('',#5131,#5142,#2281,.F.);
#6480=EDGE_CURVE('',#5133,#4594,#2282,.T.);
#6481=EDGE_CURVE('',#4593,#5134,#2283,.T.);
#6482=EDGE_CURVE('',#5135,#4592,#2284,.T.);
#6483=EDGE_CURVE('',#4591,#5136,#2285,.T.);
#6484=EDGE_CURVE('',#5137,#4590,#2286,.T.);
#6485=EDGE_CURVE('',#4589,#5138,#2287,.T.);
#6486=EDGE_CURVE('',#5139,#4588,#2288,.T.);
#6487=EDGE_CURVE('',#4587,#5140,#2289,.T.);
#6488=EDGE_CURVE('',#5141,#4586,#2290,.T.);
#6489=EDGE_CURVE('',#4585,#5142,#2291,.T.);
#6490=EDGE_CURVE('',#5143,#5144,#4179,.T.);
#6491=EDGE_CURVE('',#5143,#4571,#2292,.T.);
#6492=EDGE_CURVE('',#4572,#5144,#2293,.T.);
#6493=EDGE_CURVE('',#5145,#5144,#2294,.F.);
#6494=EDGE_CURVE('',#5145,#5146,#4180,.T.);
#6495=EDGE_CURVE('',#5147,#5146,#2295,.F.);
#6496=EDGE_CURVE('',#5147,#5148,#4181,.T.);
#6497=EDGE_CURVE('',#5149,#5148,#2296,.F.);
#6498=EDGE_CURVE('',#5149,#5150,#4182,.T.);
#6499=EDGE_CURVE('',#5151,#5150,#2297,.F.);
#6500=EDGE_CURVE('',#5151,#5152,#4183,.T.);
#6501=EDGE_CURVE('',#5153,#5152,#2298,.F.);
#6502=EDGE_CURVE('',#5153,#5154,#4184,.T.);
#6503=EDGE_CURVE('',#5143,#5154,#2299,.F.);
#6504=EDGE_CURVE('',#5145,#4582,#2300,.T.);
#6505=EDGE_CURVE('',#4581,#5146,#2301,.T.);
#6506=EDGE_CURVE('',#5147,#4580,#2302,.T.);
#6507=EDGE_CURVE('',#4579,#5148,#2303,.T.);
#6508=EDGE_CURVE('',#5149,#4578,#2304,.T.);
#6509=EDGE_CURVE('',#4577,#5150,#2305,.T.);
#6510=EDGE_CURVE('',#5151,#4576,#2306,.T.);
#6511=EDGE_CURVE('',#4575,#5152,#2307,.T.);
#6512=EDGE_CURVE('',#5153,#4574,#2308,.T.);
#6513=EDGE_CURVE('',#4573,#5154,#2309,.T.);
#6514=EDGE_CURVE('',#5155,#5156,#4185,.T.);
#6515=EDGE_CURVE('',#5155,#4559,#2310,.T.);
#6516=EDGE_CURVE('',#4560,#5156,#2311,.T.);
#6517=EDGE_CURVE('',#5157,#5156,#2312,.F.);
#6518=EDGE_CURVE('',#5157,#5158,#4186,.T.);
#6519=EDGE_CURVE('',#5159,#5158,#2313,.F.);
#6520=EDGE_CURVE('',#5159,#5160,#4187,.T.);
#6521=EDGE_CURVE('',#5161,#5160,#2314,.F.);
#6522=EDGE_CURVE('',#5161,#5162,#4188,.T.);
#6523=EDGE_CURVE('',#5163,#5162,#2315,.F.);
#6524=EDGE_CURVE('',#5163,#5164,#4189,.T.);
#6525=EDGE_CURVE('',#5165,#5164,#2316,.F.);
#6526=EDGE_CURVE('',#5165,#5166,#4190,.T.);
#6527=EDGE_CURVE('',#5155,#5166,#2317,.F.);
#6528=EDGE_CURVE('',#5157,#4570,#2318,.T.);
#6529=EDGE_CURVE('',#4569,#5158,#2319,.T.);
#6530=EDGE_CURVE('',#5159,#4568,#2320,.T.);
#6531=EDGE_CURVE('',#4567,#5160,#2321,.T.);
#6532=EDGE_CURVE('',#5161,#4566,#2322,.T.);
#6533=EDGE_CURVE('',#4565,#5162,#2323,.T.);
#6534=EDGE_CURVE('',#5163,#4564,#2324,.T.);
#6535=EDGE_CURVE('',#4563,#5164,#2325,.T.);
#6536=EDGE_CURVE('',#5165,#4562,#2326,.T.);
#6537=EDGE_CURVE('',#4561,#5166,#2327,.T.);
#6538=EDGE_CURVE('',#5167,#5168,#4191,.T.);
#6539=EDGE_CURVE('',#5167,#4547,#2328,.T.);
#6540=EDGE_CURVE('',#4548,#5168,#2329,.T.);
#6541=EDGE_CURVE('',#5169,#5168,#2330,.F.);
#6542=EDGE_CURVE('',#5169,#5170,#4192,.T.);
#6543=EDGE_CURVE('',#5171,#5170,#2331,.F.);
#6544=EDGE_CURVE('',#5171,#5172,#4193,.T.);
#6545=EDGE_CURVE('',#5173,#5172,#2332,.F.);
#6546=EDGE_CURVE('',#5173,#5174,#4194,.T.);
#6547=EDGE_CURVE('',#5175,#5174,#2333,.F.);
#6548=EDGE_CURVE('',#5175,#5176,#4195,.T.);
#6549=EDGE_CURVE('',#5177,#5176,#2334,.F.);
#6550=EDGE_CURVE('',#5177,#5178,#4196,.T.);
#6551=EDGE_CURVE('',#5167,#5178,#2335,.F.);
#6552=EDGE_CURVE('',#5169,#4558,#2336,.T.);
#6553=EDGE_CURVE('',#4557,#5170,#2337,.T.);
#6554=EDGE_CURVE('',#5171,#4556,#2338,.T.);
#6555=EDGE_CURVE('',#4555,#5172,#2339,.T.);
#6556=EDGE_CURVE('',#5173,#4554,#2340,.T.);
#6557=EDGE_CURVE('',#4553,#5174,#2341,.T.);
#6558=EDGE_CURVE('',#5175,#4552,#2342,.T.);
#6559=EDGE_CURVE('',#4551,#5176,#2343,.T.);
#6560=EDGE_CURVE('',#5177,#4550,#2344,.T.);
#6561=EDGE_CURVE('',#4549,#5178,#2345,.T.);
#6562=EDGE_CURVE('',#5179,#5180,#4197,.T.);
#6563=EDGE_CURVE('',#5179,#4535,#2346,.T.);
#6564=EDGE_CURVE('',#4536,#5180,#2347,.T.);
#6565=EDGE_CURVE('',#5181,#5180,#2348,.F.);
#6566=EDGE_CURVE('',#5181,#5182,#4198,.T.);
#6567=EDGE_CURVE('',#5183,#5182,#2349,.F.);
#6568=EDGE_CURVE('',#5183,#5184,#4199,.T.);
#6569=EDGE_CURVE('',#5185,#5184,#2350,.F.);
#6570=EDGE_CURVE('',#5185,#5186,#4200,.T.);
#6571=EDGE_CURVE('',#5187,#5186,#2351,.F.);
#6572=EDGE_CURVE('',#5187,#5188,#4201,.T.);
#6573=EDGE_CURVE('',#5189,#5188,#2352,.F.);
#6574=EDGE_CURVE('',#5189,#5190,#4202,.T.);
#6575=EDGE_CURVE('',#5179,#5190,#2353,.F.);
#6576=EDGE_CURVE('',#5181,#4546,#2354,.T.);
#6577=EDGE_CURVE('',#4545,#5182,#2355,.T.);
#6578=EDGE_CURVE('',#5183,#4544,#2356,.T.);
#6579=EDGE_CURVE('',#4543,#5184,#2357,.T.);
#6580=EDGE_CURVE('',#5185,#4542,#2358,.T.);
#6581=EDGE_CURVE('',#4541,#5186,#2359,.T.);
#6582=EDGE_CURVE('',#5187,#4540,#2360,.T.);
#6583=EDGE_CURVE('',#4539,#5188,#2361,.T.);
#6584=EDGE_CURVE('',#5189,#4538,#2362,.T.);
#6585=EDGE_CURVE('',#4537,#5190,#2363,.T.);
#6586=EDGE_CURVE('',#5191,#5192,#4203,.T.);
#6587=EDGE_CURVE('',#5191,#4523,#2364,.T.);
#6588=EDGE_CURVE('',#4524,#5192,#2365,.T.);
#6589=EDGE_CURVE('',#5193,#5192,#2366,.F.);
#6590=EDGE_CURVE('',#5193,#5194,#4204,.T.);
#6591=EDGE_CURVE('',#5195,#5194,#2367,.F.);
#6592=EDGE_CURVE('',#5195,#5196,#4205,.T.);
#6593=EDGE_CURVE('',#5197,#5196,#2368,.F.);
#6594=EDGE_CURVE('',#5197,#5198,#4206,.T.);
#6595=EDGE_CURVE('',#5199,#5198,#2369,.F.);
#6596=EDGE_CURVE('',#5199,#5200,#4207,.T.);
#6597=EDGE_CURVE('',#5201,#5200,#2370,.F.);
#6598=EDGE_CURVE('',#5201,#5202,#4208,.T.);
#6599=EDGE_CURVE('',#5191,#5202,#2371,.F.);
#6600=EDGE_CURVE('',#5193,#4534,#2372,.T.);
#6601=EDGE_CURVE('',#4533,#5194,#2373,.T.);
#6602=EDGE_CURVE('',#5195,#4532,#2374,.T.);
#6603=EDGE_CURVE('',#4531,#5196,#2375,.T.);
#6604=EDGE_CURVE('',#5197,#4530,#2376,.T.);
#6605=EDGE_CURVE('',#4529,#5198,#2377,.T.);
#6606=EDGE_CURVE('',#5199,#4528,#2378,.T.);
#6607=EDGE_CURVE('',#4527,#5200,#2379,.T.);
#6608=EDGE_CURVE('',#5201,#4526,#2380,.T.);
#6609=EDGE_CURVE('',#4525,#5202,#2381,.T.);
#6610=EDGE_CURVE('',#5203,#5204,#4209,.T.);
#6611=EDGE_CURVE('',#5203,#4911,#2382,.T.);
#6612=EDGE_CURVE('',#4912,#5204,#2383,.T.);
#6613=EDGE_CURVE('',#5205,#5204,#2384,.F.);
#6614=EDGE_CURVE('',#5205,#5206,#4210,.T.);
#6615=EDGE_CURVE('',#5207,#5206,#2385,.F.);
#6616=EDGE_CURVE('',#5207,#5208,#4211,.T.);
#6617=EDGE_CURVE('',#5209,#5208,#2386,.F.);
#6618=EDGE_CURVE('',#5209,#5210,#4212,.T.);
#6619=EDGE_CURVE('',#5211,#5210,#2387,.F.);
#6620=EDGE_CURVE('',#5211,#5212,#4213,.T.);
#6621=EDGE_CURVE('',#5213,#5212,#2388,.F.);
#6622=EDGE_CURVE('',#5213,#5214,#4214,.T.);
#6623=EDGE_CURVE('',#5203,#5214,#2389,.F.);
#6624=EDGE_CURVE('',#5205,#4922,#2390,.T.);
#6625=EDGE_CURVE('',#4921,#5206,#2391,.T.);
#6626=EDGE_CURVE('',#5207,#4920,#2392,.T.);
#6627=EDGE_CURVE('',#4919,#5208,#2393,.T.);
#6628=EDGE_CURVE('',#5209,#4918,#2394,.T.);
#6629=EDGE_CURVE('',#4917,#5210,#2395,.T.);
#6630=EDGE_CURVE('',#5211,#4916,#2396,.T.);
#6631=EDGE_CURVE('',#4915,#5212,#2397,.T.);
#6632=EDGE_CURVE('',#5213,#4914,#2398,.T.);
#6633=EDGE_CURVE('',#4913,#5214,#2399,.T.);
#6634=EDGE_CURVE('',#5215,#5216,#4215,.T.);
#6635=EDGE_CURVE('',#5215,#4899,#2400,.T.);
#6636=EDGE_CURVE('',#4900,#5216,#2401,.T.);
#6637=EDGE_CURVE('',#5217,#5216,#2402,.F.);
#6638=EDGE_CURVE('',#5217,#5218,#4216,.T.);
#6639=EDGE_CURVE('',#5219,#5218,#2403,.F.);
#6640=EDGE_CURVE('',#5219,#5220,#4217,.T.);
#6641=EDGE_CURVE('',#5221,#5220,#2404,.F.);
#6642=EDGE_CURVE('',#5221,#5222,#4218,.T.);
#6643=EDGE_CURVE('',#5223,#5222,#2405,.F.);
#6644=EDGE_CURVE('',#5223,#5224,#4219,.T.);
#6645=EDGE_CURVE('',#5225,#5224,#2406,.F.);
#6646=EDGE_CURVE('',#5225,#5226,#4220,.T.);
#6647=EDGE_CURVE('',#5215,#5226,#2407,.F.);
#6648=EDGE_CURVE('',#5217,#4910,#2408,.T.);
#6649=EDGE_CURVE('',#4909,#5218,#2409,.T.);
#6650=EDGE_CURVE('',#5219,#4908,#2410,.T.);
#6651=EDGE_CURVE('',#4907,#5220,#2411,.T.);
#6652=EDGE_CURVE('',#5221,#4906,#2412,.T.);
#6653=EDGE_CURVE('',#4905,#5222,#2413,.T.);
#6654=EDGE_CURVE('',#5223,#4904,#2414,.T.);
#6655=EDGE_CURVE('',#4903,#5224,#2415,.T.);
#6656=EDGE_CURVE('',#5225,#4902,#2416,.T.);
#6657=EDGE_CURVE('',#4901,#5226,#2417,.T.);
#6658=EDGE_CURVE('',#5227,#5228,#4221,.T.);
#6659=EDGE_CURVE('',#5227,#4887,#2418,.T.);
#6660=EDGE_CURVE('',#4888,#5228,#2419,.T.);
#6661=EDGE_CURVE('',#5229,#5228,#2420,.F.);
#6662=EDGE_CURVE('',#5229,#5230,#4222,.T.);
#6663=EDGE_CURVE('',#5231,#5230,#2421,.F.);
#6664=EDGE_CURVE('',#5231,#5232,#4223,.T.);
#6665=EDGE_CURVE('',#5233,#5232,#2422,.F.);
#6666=EDGE_CURVE('',#5233,#5234,#4224,.T.);
#6667=EDGE_CURVE('',#5235,#5234,#2423,.F.);
#6668=EDGE_CURVE('',#5235,#5236,#4225,.T.);
#6669=EDGE_CURVE('',#5237,#5236,#2424,.F.);
#6670=EDGE_CURVE('',#5237,#5238,#4226,.T.);
#6671=EDGE_CURVE('',#5227,#5238,#2425,.F.);
#6672=EDGE_CURVE('',#5229,#4898,#2426,.T.);
#6673=EDGE_CURVE('',#4897,#5230,#2427,.T.);
#6674=EDGE_CURVE('',#5231,#4896,#2428,.T.);
#6675=EDGE_CURVE('',#4895,#5232,#2429,.T.);
#6676=EDGE_CURVE('',#5233,#4894,#2430,.T.);
#6677=EDGE_CURVE('',#4893,#5234,#2431,.T.);
#6678=EDGE_CURVE('',#5235,#4892,#2432,.T.);
#6679=EDGE_CURVE('',#4891,#5236,#2433,.T.);
#6680=EDGE_CURVE('',#5237,#4890,#2434,.T.);
#6681=EDGE_CURVE('',#4889,#5238,#2435,.T.);
#6682=EDGE_CURVE('',#5239,#5240,#4227,.T.);
#6683=EDGE_CURVE('',#5239,#4875,#2436,.T.);
#6684=EDGE_CURVE('',#4876,#5240,#2437,.T.);
#6685=EDGE_CURVE('',#5241,#5240,#2438,.F.);
#6686=EDGE_CURVE('',#5241,#5242,#4228,.T.);
#6687=EDGE_CURVE('',#5243,#5242,#2439,.F.);
#6688=EDGE_CURVE('',#5243,#5244,#4229,.T.);
#6689=EDGE_CURVE('',#5245,#5244,#2440,.F.);
#6690=EDGE_CURVE('',#5245,#5246,#4230,.T.);
#6691=EDGE_CURVE('',#5247,#5246,#2441,.F.);
#6692=EDGE_CURVE('',#5247,#5248,#4231,.T.);
#6693=EDGE_CURVE('',#5249,#5248,#2442,.F.);
#6694=EDGE_CURVE('',#5249,#5250,#4232,.T.);
#6695=EDGE_CURVE('',#5239,#5250,#2443,.F.);
#6696=EDGE_CURVE('',#5241,#4886,#2444,.T.);
#6697=EDGE_CURVE('',#4885,#5242,#2445,.T.);
#6698=EDGE_CURVE('',#5243,#4884,#2446,.T.);
#6699=EDGE_CURVE('',#4883,#5244,#2447,.T.);
#6700=EDGE_CURVE('',#5245,#4882,#2448,.T.);
#6701=EDGE_CURVE('',#4881,#5246,#2449,.T.);
#6702=EDGE_CURVE('',#5247,#4880,#2450,.T.);
#6703=EDGE_CURVE('',#4879,#5248,#2451,.T.);
#6704=EDGE_CURVE('',#5249,#4878,#2452,.T.);
#6705=EDGE_CURVE('',#4877,#5250,#2453,.T.);
#6706=EDGE_CURVE('',#5251,#5252,#4233,.T.);
#6707=EDGE_CURVE('',#5251,#4863,#2454,.T.);
#6708=EDGE_CURVE('',#4864,#5252,#2455,.T.);
#6709=EDGE_CURVE('',#5253,#5252,#2456,.F.);
#6710=EDGE_CURVE('',#5253,#5254,#4234,.T.);
#6711=EDGE_CURVE('',#5255,#5254,#2457,.F.);
#6712=EDGE_CURVE('',#5255,#5256,#4235,.T.);
#6713=EDGE_CURVE('',#5257,#5256,#2458,.F.);
#6714=EDGE_CURVE('',#5257,#5258,#4236,.T.);
#6715=EDGE_CURVE('',#5259,#5258,#2459,.F.);
#6716=EDGE_CURVE('',#5259,#5260,#4237,.T.);
#6717=EDGE_CURVE('',#5261,#5260,#2460,.F.);
#6718=EDGE_CURVE('',#5261,#5262,#4238,.T.);
#6719=EDGE_CURVE('',#5251,#5262,#2461,.F.);
#6720=EDGE_CURVE('',#5253,#4874,#2462,.T.);
#6721=EDGE_CURVE('',#4873,#5254,#2463,.T.);
#6722=EDGE_CURVE('',#5255,#4872,#2464,.T.);
#6723=EDGE_CURVE('',#4871,#5256,#2465,.T.);
#6724=EDGE_CURVE('',#5257,#4870,#2466,.T.);
#6725=EDGE_CURVE('',#4869,#5258,#2467,.T.);
#6726=EDGE_CURVE('',#5259,#4868,#2468,.T.);
#6727=EDGE_CURVE('',#4867,#5260,#2469,.T.);
#6728=EDGE_CURVE('',#5261,#4866,#2470,.T.);
#6729=EDGE_CURVE('',#4865,#5262,#2471,.T.);
#6730=EDGE_CURVE('',#5263,#5264,#4239,.T.);
#6731=EDGE_CURVE('',#5263,#4851,#2472,.T.);
#6732=EDGE_CURVE('',#4852,#5264,#2473,.T.);
#6733=EDGE_CURVE('',#5265,#5264,#2474,.F.);
#6734=EDGE_CURVE('',#5265,#5266,#4240,.T.);
#6735=EDGE_CURVE('',#5267,#5266,#2475,.F.);
#6736=EDGE_CURVE('',#5267,#5268,#4241,.T.);
#6737=EDGE_CURVE('',#5269,#5268,#2476,.F.);
#6738=EDGE_CURVE('',#5269,#5270,#4242,.T.);
#6739=EDGE_CURVE('',#5271,#5270,#2477,.F.);
#6740=EDGE_CURVE('',#5271,#5272,#4243,.T.);
#6741=EDGE_CURVE('',#5273,#5272,#2478,.F.);
#6742=EDGE_CURVE('',#5273,#5274,#4244,.T.);
#6743=EDGE_CURVE('',#5263,#5274,#2479,.F.);
#6744=EDGE_CURVE('',#5265,#4862,#2480,.T.);
#6745=EDGE_CURVE('',#4861,#5266,#2481,.T.);
#6746=EDGE_CURVE('',#5267,#4860,#2482,.T.);
#6747=EDGE_CURVE('',#4859,#5268,#2483,.T.);
#6748=EDGE_CURVE('',#5269,#4858,#2484,.T.);
#6749=EDGE_CURVE('',#4857,#5270,#2485,.T.);
#6750=EDGE_CURVE('',#5271,#4856,#2486,.T.);
#6751=EDGE_CURVE('',#4855,#5272,#2487,.T.);
#6752=EDGE_CURVE('',#5273,#4854,#2488,.T.);
#6753=EDGE_CURVE('',#4853,#5274,#2489,.T.);
#6754=EDGE_CURVE('',#5275,#5276,#4245,.T.);
#6755=EDGE_CURVE('',#5275,#4839,#2490,.T.);
#6756=EDGE_CURVE('',#4840,#5276,#2491,.T.);
#6757=EDGE_CURVE('',#5277,#5276,#2492,.F.);
#6758=EDGE_CURVE('',#5277,#5278,#4246,.T.);
#6759=EDGE_CURVE('',#5279,#5278,#2493,.F.);
#6760=EDGE_CURVE('',#5279,#5280,#4247,.T.);
#6761=EDGE_CURVE('',#5281,#5280,#2494,.F.);
#6762=EDGE_CURVE('',#5281,#5282,#4248,.T.);
#6763=EDGE_CURVE('',#5283,#5282,#2495,.F.);
#6764=EDGE_CURVE('',#5283,#5284,#4249,.T.);
#6765=EDGE_CURVE('',#5285,#5284,#2496,.F.);
#6766=EDGE_CURVE('',#5285,#5286,#4250,.T.);
#6767=EDGE_CURVE('',#5275,#5286,#2497,.F.);
#6768=EDGE_CURVE('',#5277,#4850,#2498,.T.);
#6769=EDGE_CURVE('',#4849,#5278,#2499,.T.);
#6770=EDGE_CURVE('',#5279,#4848,#2500,.T.);
#6771=EDGE_CURVE('',#4847,#5280,#2501,.T.);
#6772=EDGE_CURVE('',#5281,#4846,#2502,.T.);
#6773=EDGE_CURVE('',#4845,#5282,#2503,.T.);
#6774=EDGE_CURVE('',#5283,#4844,#2504,.T.);
#6775=EDGE_CURVE('',#4843,#5284,#2505,.T.);
#6776=EDGE_CURVE('',#5285,#4842,#2506,.T.);
#6777=EDGE_CURVE('',#4841,#5286,#2507,.T.);
#6778=EDGE_CURVE('',#5287,#5288,#4251,.T.);
#6779=EDGE_CURVE('',#5287,#4827,#2508,.T.);
#6780=EDGE_CURVE('',#4828,#5288,#2509,.T.);
#6781=EDGE_CURVE('',#5289,#5288,#2510,.F.);
#6782=EDGE_CURVE('',#5289,#5290,#4252,.T.);
#6783=EDGE_CURVE('',#5291,#5290,#2511,.F.);
#6784=EDGE_CURVE('',#5291,#5292,#4253,.T.);
#6785=EDGE_CURVE('',#5293,#5292,#2512,.F.);
#6786=EDGE_CURVE('',#5293,#5294,#4254,.T.);
#6787=EDGE_CURVE('',#5295,#5294,#2513,.F.);
#6788=EDGE_CURVE('',#5295,#5296,#4255,.T.);
#6789=EDGE_CURVE('',#5297,#5296,#2514,.F.);
#6790=EDGE_CURVE('',#5297,#5298,#4256,.T.);
#6791=EDGE_CURVE('',#5287,#5298,#2515,.F.);
#6792=EDGE_CURVE('',#5289,#4838,#2516,.T.);
#6793=EDGE_CURVE('',#4837,#5290,#2517,.T.);
#6794=EDGE_CURVE('',#5291,#4836,#2518,.T.);
#6795=EDGE_CURVE('',#4835,#5292,#2519,.T.);
#6796=EDGE_CURVE('',#5293,#4834,#2520,.T.);
#6797=EDGE_CURVE('',#4833,#5294,#2521,.T.);
#6798=EDGE_CURVE('',#5295,#4832,#2522,.T.);
#6799=EDGE_CURVE('',#4831,#5296,#2523,.T.);
#6800=EDGE_CURVE('',#5297,#4830,#2524,.T.);
#6801=EDGE_CURVE('',#4829,#5298,#2525,.T.);
#6802=EDGE_CURVE('',#5299,#5300,#4257,.T.);
#6803=EDGE_CURVE('',#5299,#4815,#2526,.T.);
#6804=EDGE_CURVE('',#4816,#5300,#2527,.T.);
#6805=EDGE_CURVE('',#5301,#5300,#2528,.F.);
#6806=EDGE_CURVE('',#5301,#5302,#4258,.T.);
#6807=EDGE_CURVE('',#5303,#5302,#2529,.F.);
#6808=EDGE_CURVE('',#5303,#5304,#4259,.T.);
#6809=EDGE_CURVE('',#5305,#5304,#2530,.F.);
#6810=EDGE_CURVE('',#5305,#5306,#4260,.T.);
#6811=EDGE_CURVE('',#5307,#5306,#2531,.F.);
#6812=EDGE_CURVE('',#5307,#5308,#4261,.T.);
#6813=EDGE_CURVE('',#5309,#5308,#2532,.F.);
#6814=EDGE_CURVE('',#5309,#5310,#4262,.T.);
#6815=EDGE_CURVE('',#5299,#5310,#2533,.F.);
#6816=EDGE_CURVE('',#5301,#4826,#2534,.T.);
#6817=EDGE_CURVE('',#4825,#5302,#2535,.T.);
#6818=EDGE_CURVE('',#5303,#4824,#2536,.T.);
#6819=EDGE_CURVE('',#4823,#5304,#2537,.T.);
#6820=EDGE_CURVE('',#5305,#4822,#2538,.T.);
#6821=EDGE_CURVE('',#4821,#5306,#2539,.T.);
#6822=EDGE_CURVE('',#5307,#4820,#2540,.T.);
#6823=EDGE_CURVE('',#4819,#5308,#2541,.T.);
#6824=EDGE_CURVE('',#5309,#4818,#2542,.T.);
#6825=EDGE_CURVE('',#4817,#5310,#2543,.T.);
#6826=EDGE_CURVE('',#4318,#4484,#2544,.T.);
#6827=EDGE_CURVE('',#4485,#4317,#2545,.T.);
#6828=EDGE_CURVE('',#4319,#4495,#2546,.T.);
#6829=EDGE_CURVE('',#4494,#4320,#2547,.T.);
#6830=EDGE_CURVE('',#4493,#4321,#2548,.T.);
#6831=EDGE_CURVE('',#4492,#4322,#2549,.T.);
#6832=EDGE_CURVE('',#4491,#4323,#2550,.T.);
#6833=EDGE_CURVE('',#4490,#4324,#2551,.T.);
#6834=EDGE_CURVE('',#4489,#4325,#2552,.T.);
#6835=EDGE_CURVE('',#4488,#4326,#2553,.T.);
#6836=EDGE_CURVE('',#4487,#4327,#2554,.T.);
#6837=EDGE_CURVE('',#4486,#4328,#2555,.T.);
#6838=EDGE_CURVE('',#4306,#4472,#2556,.T.);
#6839=EDGE_CURVE('',#4473,#4305,#2557,.T.);
#6840=EDGE_CURVE('',#4307,#4483,#2558,.T.);
#6841=EDGE_CURVE('',#4482,#4308,#2559,.T.);
#6842=EDGE_CURVE('',#4481,#4309,#2560,.T.);
#6843=EDGE_CURVE('',#4480,#4310,#2561,.T.);
#6844=EDGE_CURVE('',#4479,#4311,#2562,.T.);
#6845=EDGE_CURVE('',#4478,#4312,#2563,.T.);
#6846=EDGE_CURVE('',#4477,#4313,#2564,.T.);
#6847=EDGE_CURVE('',#4476,#4314,#2565,.T.);
#6848=EDGE_CURVE('',#4475,#4315,#2566,.T.);
#6849=EDGE_CURVE('',#4474,#4316,#2567,.T.);
#6850=EDGE_CURVE('',#4330,#4460,#2568,.T.);
#6851=EDGE_CURVE('',#4461,#4329,#2569,.T.);
#6852=EDGE_CURVE('',#4331,#4471,#2570,.T.);
#6853=EDGE_CURVE('',#4470,#4332,#2571,.T.);
#6854=EDGE_CURVE('',#4469,#4333,#2572,.T.);
#6855=EDGE_CURVE('',#4468,#4334,#2573,.T.);
#6856=EDGE_CURVE('',#4467,#4335,#2574,.T.);
#6857=EDGE_CURVE('',#4466,#4336,#2575,.T.);
#6858=EDGE_CURVE('',#4465,#4337,#2576,.T.);
#6859=EDGE_CURVE('',#4464,#4338,#2577,.T.);
#6860=EDGE_CURVE('',#4463,#4339,#2578,.T.);
#6861=EDGE_CURVE('',#4462,#4340,#2579,.T.);
#6862=EDGE_CURVE('',#4294,#4448,#2580,.T.);
#6863=EDGE_CURVE('',#4449,#4293,#2581,.T.);
#6864=EDGE_CURVE('',#4295,#4459,#2582,.T.);
#6865=EDGE_CURVE('',#4458,#4296,#2583,.T.);
#6866=EDGE_CURVE('',#4457,#4297,#2584,.T.);
#6867=EDGE_CURVE('',#4456,#4298,#2585,.T.);
#6868=EDGE_CURVE('',#4455,#4299,#2586,.T.);
#6869=EDGE_CURVE('',#4454,#4300,#2587,.T.);
#6870=EDGE_CURVE('',#4453,#4301,#2588,.T.);
#6871=EDGE_CURVE('',#4452,#4302,#2589,.T.);
#6872=EDGE_CURVE('',#4451,#4303,#2590,.T.);
#6873=EDGE_CURVE('',#4450,#4304,#2591,.T.);
#6874=EDGE_CURVE('',#4282,#4436,#2592,.T.);
#6875=EDGE_CURVE('',#4437,#4281,#2593,.T.);
#6876=EDGE_CURVE('',#4283,#4447,#2594,.T.);
#6877=EDGE_CURVE('',#4446,#4284,#2595,.T.);
#6878=EDGE_CURVE('',#4445,#4285,#2596,.T.);
#6879=EDGE_CURVE('',#4444,#4286,#2597,.T.);
#6880=EDGE_CURVE('',#4443,#4287,#2598,.T.);
#6881=EDGE_CURVE('',#4442,#4288,#2599,.T.);
#6882=EDGE_CURVE('',#4441,#4289,#2600,.T.);
#6883=EDGE_CURVE('',#4440,#4290,#2601,.T.);
#6884=EDGE_CURVE('',#4439,#4291,#2602,.T.);
#6885=EDGE_CURVE('',#4438,#4292,#2603,.T.);
#6886=EDGE_CURVE('',#4354,#4424,#2604,.T.);
#6887=EDGE_CURVE('',#4425,#4353,#2605,.T.);
#6888=EDGE_CURVE('',#4355,#4435,#2606,.T.);
#6889=EDGE_CURVE('',#4434,#4356,#2607,.T.);
#6890=EDGE_CURVE('',#4433,#4357,#2608,.T.);
#6891=EDGE_CURVE('',#4432,#4358,#2609,.T.);
#6892=EDGE_CURVE('',#4431,#4359,#2610,.T.);
#6893=EDGE_CURVE('',#4430,#4360,#2611,.T.);
#6894=EDGE_CURVE('',#4429,#4361,#2612,.T.);
#6895=EDGE_CURVE('',#4428,#4362,#2613,.T.);
#6896=EDGE_CURVE('',#4427,#4363,#2614,.T.);
#6897=EDGE_CURVE('',#4426,#4364,#2615,.T.);
#6898=EDGE_CURVE('',#5311,#5312,#4263,.T.);
#6899=EDGE_CURVE('',#5311,#4412,#2616,.T.);
#6900=EDGE_CURVE('',#4413,#5312,#2617,.T.);
#6901=EDGE_CURVE('',#5313,#5312,#2618,.F.);
#6902=EDGE_CURVE('',#5313,#5314,#4264,.T.);
#6903=EDGE_CURVE('',#5315,#5314,#2619,.F.);
#6904=EDGE_CURVE('',#5315,#5316,#4265,.T.);
#6905=EDGE_CURVE('',#5317,#5316,#2620,.F.);
#6906=EDGE_CURVE('',#5317,#5318,#4266,.T.);
#6907=EDGE_CURVE('',#5319,#5318,#2621,.F.);
#6908=EDGE_CURVE('',#5319,#5320,#4267,.T.);
#6909=EDGE_CURVE('',#5321,#5320,#2622,.F.);
#6910=EDGE_CURVE('',#5321,#5322,#4268,.T.);
#6911=EDGE_CURVE('',#5311,#5322,#2623,.F.);
#6912=EDGE_CURVE('',#5313,#4423,#2624,.T.);
#6913=EDGE_CURVE('',#4422,#5314,#2625,.T.);
#6914=EDGE_CURVE('',#5315,#4421,#2626,.T.);
#6915=EDGE_CURVE('',#4420,#5316,#2627,.T.);
#6916=EDGE_CURVE('',#5317,#4419,#2628,.T.);
#6917=EDGE_CURVE('',#4418,#5318,#2629,.T.);
#6918=EDGE_CURVE('',#5319,#4417,#2630,.T.);
#6919=EDGE_CURVE('',#4416,#5320,#2631,.T.);
#6920=EDGE_CURVE('',#5321,#4415,#2632,.T.);
#6921=EDGE_CURVE('',#4414,#5322,#2633,.T.);
#6922=EDGE_CURVE('',#5323,#5324,#4269,.T.);
#6923=EDGE_CURVE('',#5323,#4400,#2634,.T.);
#6924=EDGE_CURVE('',#4401,#5324,#2635,.T.);
#6925=EDGE_CURVE('',#5325,#5324,#2636,.F.);
#6926=EDGE_CURVE('',#5325,#5326,#4270,.T.);
#6927=EDGE_CURVE('',#5327,#5326,#2637,.F.);
#6928=EDGE_CURVE('',#5327,#5328,#4271,.T.);
#6929=EDGE_CURVE('',#5329,#5328,#2638,.F.);
#6930=EDGE_CURVE('',#5329,#5330,#4272,.T.);
#6931=EDGE_CURVE('',#5331,#5330,#2639,.F.);
#6932=EDGE_CURVE('',#5331,#5332,#4273,.T.);
#6933=EDGE_CURVE('',#5333,#5332,#2640,.F.);
#6934=EDGE_CURVE('',#5333,#5334,#4274,.T.);
#6935=EDGE_CURVE('',#5323,#5334,#2641,.F.);
#6936=EDGE_CURVE('',#5325,#4411,#2642,.T.);
#6937=EDGE_CURVE('',#4410,#5326,#2643,.T.);
#6938=EDGE_CURVE('',#5327,#4409,#2644,.T.);
#6939=EDGE_CURVE('',#4408,#5328,#2645,.T.);
#6940=EDGE_CURVE('',#5329,#4407,#2646,.T.);
#6941=EDGE_CURVE('',#4406,#5330,#2647,.T.);
#6942=EDGE_CURVE('',#5331,#4405,#2648,.T.);
#6943=EDGE_CURVE('',#4404,#5332,#2649,.T.);
#6944=EDGE_CURVE('',#5333,#4403,#2650,.T.);
#6945=EDGE_CURVE('',#4402,#5334,#2651,.T.);
#6946=EDGE_CURVE('',#5335,#5336,#4275,.T.);
#6947=EDGE_CURVE('',#5335,#4388,#2652,.T.);
#6948=EDGE_CURVE('',#4389,#5336,#2653,.T.);
#6949=EDGE_CURVE('',#5337,#5336,#2654,.F.);
#6950=EDGE_CURVE('',#5337,#5338,#4276,.T.);
#6951=EDGE_CURVE('',#5339,#5338,#2655,.F.);
#6952=EDGE_CURVE('',#5339,#5340,#4277,.T.);
#6953=EDGE_CURVE('',#5341,#5340,#2656,.F.);
#6954=EDGE_CURVE('',#5341,#5342,#4278,.T.);
#6955=EDGE_CURVE('',#5343,#5342,#2657,.F.);
#6956=EDGE_CURVE('',#5343,#5344,#4279,.T.);
#6957=EDGE_CURVE('',#5345,#5344,#2658,.F.);
#6958=EDGE_CURVE('',#5345,#5346,#4280,.T.);
#6959=EDGE_CURVE('',#5335,#5346,#2659,.F.);
#6960=EDGE_CURVE('',#5337,#4399,#2660,.T.);
#6961=EDGE_CURVE('',#4398,#5338,#2661,.T.);
#6962=EDGE_CURVE('',#5339,#4397,#2662,.T.);
#6963=EDGE_CURVE('',#4396,#5340,#2663,.T.);
#6964=EDGE_CURVE('',#5341,#4395,#2664,.T.);
#6965=EDGE_CURVE('',#4394,#5342,#2665,.T.);
#6966=EDGE_CURVE('',#5343,#4393,#2666,.T.);
#6967=EDGE_CURVE('',#4392,#5344,#2667,.T.);
#6968=EDGE_CURVE('',#5345,#4391,#2668,.T.);
#6969=EDGE_CURVE('',#4390,#5346,#2669,.T.);
#6970=ORIENTED_EDGE('',*,*,#5347,.F.);
#6971=ORIENTED_EDGE('',*,*,#5348,.F.);
#6972=ORIENTED_EDGE('',*,*,#5349,.F.);
#6973=ORIENTED_EDGE('',*,*,#5350,.F.);
#6974=ORIENTED_EDGE('',*,*,#5351,.F.);
#6975=ORIENTED_EDGE('',*,*,#5352,.F.);
#6976=ORIENTED_EDGE('',*,*,#5353,.F.);
#6977=ORIENTED_EDGE('',*,*,#5354,.F.);
#6978=ORIENTED_EDGE('',*,*,#5355,.F.);
#6979=ORIENTED_EDGE('',*,*,#5356,.F.);
#6980=ORIENTED_EDGE('',*,*,#5357,.F.);
#6981=ORIENTED_EDGE('',*,*,#5358,.F.);
#6982=ORIENTED_EDGE('',*,*,#5359,.F.);
#6983=ORIENTED_EDGE('',*,*,#5360,.F.);
#6984=ORIENTED_EDGE('',*,*,#5361,.F.);
#6985=ORIENTED_EDGE('',*,*,#5362,.F.);
#6986=ORIENTED_EDGE('',*,*,#5363,.F.);
#6987=ORIENTED_EDGE('',*,*,#5364,.F.);
#6988=ORIENTED_EDGE('',*,*,#5365,.F.);
#6989=ORIENTED_EDGE('',*,*,#5366,.F.);
#6990=ORIENTED_EDGE('',*,*,#5367,.F.);
#6991=ORIENTED_EDGE('',*,*,#5368,.F.);
#6992=ORIENTED_EDGE('',*,*,#5369,.F.);
#6993=ORIENTED_EDGE('',*,*,#5370,.F.);
#6994=ORIENTED_EDGE('',*,*,#5371,.F.);
#6995=ORIENTED_EDGE('',*,*,#5372,.F.);
#6996=ORIENTED_EDGE('',*,*,#5373,.F.);
#6997=ORIENTED_EDGE('',*,*,#5374,.F.);
#6998=ORIENTED_EDGE('',*,*,#5375,.F.);
#6999=ORIENTED_EDGE('',*,*,#5376,.F.);
#7000=ORIENTED_EDGE('',*,*,#5377,.F.);
#7001=ORIENTED_EDGE('',*,*,#5378,.F.);
#7002=ORIENTED_EDGE('',*,*,#5379,.F.);
#7003=ORIENTED_EDGE('',*,*,#5380,.F.);
#7004=ORIENTED_EDGE('',*,*,#5381,.F.);
#7005=ORIENTED_EDGE('',*,*,#5382,.F.);
#7006=ORIENTED_EDGE('',*,*,#5383,.F.);
#7007=ORIENTED_EDGE('',*,*,#5384,.F.);
#7008=ORIENTED_EDGE('',*,*,#5385,.F.);
#7009=ORIENTED_EDGE('',*,*,#5386,.F.);
#7010=ORIENTED_EDGE('',*,*,#5387,.F.);
#7011=ORIENTED_EDGE('',*,*,#5388,.F.);
#7012=ORIENTED_EDGE('',*,*,#5389,.F.);
#7013=ORIENTED_EDGE('',*,*,#5390,.F.);
#7014=ORIENTED_EDGE('',*,*,#5391,.F.);
#7015=ORIENTED_EDGE('',*,*,#5392,.F.);
#7016=ORIENTED_EDGE('',*,*,#5393,.F.);
#7017=ORIENTED_EDGE('',*,*,#5394,.F.);
#7018=ORIENTED_EDGE('',*,*,#5395,.F.);
#7019=ORIENTED_EDGE('',*,*,#5396,.F.);
#7020=ORIENTED_EDGE('',*,*,#5397,.F.);
#7021=ORIENTED_EDGE('',*,*,#5398,.F.);
#7022=ORIENTED_EDGE('',*,*,#5399,.F.);
#7023=ORIENTED_EDGE('',*,*,#5400,.F.);
#7024=ORIENTED_EDGE('',*,*,#5401,.F.);
#7025=ORIENTED_EDGE('',*,*,#5402,.F.);
#7026=ORIENTED_EDGE('',*,*,#5403,.F.);
#7027=ORIENTED_EDGE('',*,*,#5404,.F.);
#7028=ORIENTED_EDGE('',*,*,#5405,.F.);
#7029=ORIENTED_EDGE('',*,*,#5406,.F.);
#7030=ORIENTED_EDGE('',*,*,#5407,.F.);
#7031=ORIENTED_EDGE('',*,*,#5408,.F.);
#7032=ORIENTED_EDGE('',*,*,#5409,.F.);
#7033=ORIENTED_EDGE('',*,*,#5410,.F.);
#7034=ORIENTED_EDGE('',*,*,#5411,.F.);
#7035=ORIENTED_EDGE('',*,*,#5412,.F.);
#7036=ORIENTED_EDGE('',*,*,#5413,.F.);
#7037=ORIENTED_EDGE('',*,*,#5414,.F.);
#7038=ORIENTED_EDGE('',*,*,#5415,.F.);
#7039=ORIENTED_EDGE('',*,*,#5416,.F.);
#7040=ORIENTED_EDGE('',*,*,#5417,.F.);
#7041=ORIENTED_EDGE('',*,*,#5418,.F.);
#7042=ORIENTED_EDGE('',*,*,#5419,.F.);
#7043=ORIENTED_EDGE('',*,*,#5420,.F.);
#7044=ORIENTED_EDGE('',*,*,#5421,.F.);
#7045=ORIENTED_EDGE('',*,*,#5422,.F.);
#7046=ORIENTED_EDGE('',*,*,#5423,.F.);
#7047=ORIENTED_EDGE('',*,*,#5424,.F.);
#7048=ORIENTED_EDGE('',*,*,#5425,.F.);
#7049=ORIENTED_EDGE('',*,*,#5426,.F.);
#7050=ORIENTED_EDGE('',*,*,#5427,.F.);
#7051=ORIENTED_EDGE('',*,*,#5428,.F.);
#7052=ORIENTED_EDGE('',*,*,#5429,.F.);
#7053=ORIENTED_EDGE('',*,*,#5430,.F.);
#7054=ORIENTED_EDGE('',*,*,#5431,.T.);
#7055=ORIENTED_EDGE('',*,*,#5432,.T.);
#7056=ORIENTED_EDGE('',*,*,#5433,.T.);
#7057=ORIENTED_EDGE('',*,*,#5434,.T.);
#7058=ORIENTED_EDGE('',*,*,#5434,.F.);
#7059=ORIENTED_EDGE('',*,*,#5435,.T.);
#7060=ORIENTED_EDGE('',*,*,#5436,.F.);
#7061=ORIENTED_EDGE('',*,*,#5437,.F.);
#7062=ORIENTED_EDGE('',*,*,#5438,.T.);
#7063=ORIENTED_EDGE('',*,*,#5439,.T.);
#7064=ORIENTED_EDGE('',*,*,#5440,.T.);
#7065=ORIENTED_EDGE('',*,*,#5441,.T.);
#7066=ORIENTED_EDGE('',*,*,#5432,.F.);
#7067=ORIENTED_EDGE('',*,*,#5442,.F.);
#7068=ORIENTED_EDGE('',*,*,#5439,.F.);
#7069=ORIENTED_EDGE('',*,*,#5443,.F.);
#7070=ORIENTED_EDGE('',*,*,#5444,.F.);
#7071=ORIENTED_EDGE('',*,*,#5445,.F.);
#7072=ORIENTED_EDGE('',*,*,#5446,.F.);
#7073=ORIENTED_EDGE('',*,*,#5447,.F.);
#7074=ORIENTED_EDGE('',*,*,#5448,.T.);
#7075=ORIENTED_EDGE('',*,*,#5449,.F.);
#7076=ORIENTED_EDGE('',*,*,#5450,.F.);
#7077=ORIENTED_EDGE('',*,*,#5451,.F.);
#7078=ORIENTED_EDGE('',*,*,#5438,.F.);
#7079=ORIENTED_EDGE('',*,*,#5452,.T.);
#7080=ORIENTED_EDGE('',*,*,#5453,.F.);
#7081=ORIENTED_EDGE('',*,*,#5454,.T.);
#7082=ORIENTED_EDGE('',*,*,#5455,.T.);
#7083=ORIENTED_EDGE('',*,*,#5456,.T.);
#7084=ORIENTED_EDGE('',*,*,#5457,.T.);
#7085=ORIENTED_EDGE('',*,*,#5443,.T.);
#7086=ORIENTED_EDGE('',*,*,#5458,.F.);
#7087=ORIENTED_EDGE('',*,*,#5459,.T.);
#7088=ORIENTED_EDGE('',*,*,#5460,.F.);
#7089=ORIENTED_EDGE('',*,*,#5461,.T.);
#7090=ORIENTED_EDGE('',*,*,#5462,.F.);
#7091=ORIENTED_EDGE('',*,*,#5463,.T.);
#7092=ORIENTED_EDGE('',*,*,#5464,.F.);
#7093=ORIENTED_EDGE('',*,*,#5465,.T.);
#7094=ORIENTED_EDGE('',*,*,#5466,.F.);
#7095=ORIENTED_EDGE('',*,*,#5467,.T.);
#7096=ORIENTED_EDGE('',*,*,#5468,.F.);
#7097=ORIENTED_EDGE('',*,*,#5469,.T.);
#7098=ORIENTED_EDGE('',*,*,#5470,.F.);
#7099=ORIENTED_EDGE('',*,*,#5471,.T.);
#7100=ORIENTED_EDGE('',*,*,#5472,.F.);
#7101=ORIENTED_EDGE('',*,*,#5473,.T.);
#7102=ORIENTED_EDGE('',*,*,#5474,.F.);
#7103=ORIENTED_EDGE('',*,*,#5475,.T.);
#7104=ORIENTED_EDGE('',*,*,#5476,.F.);
#7105=ORIENTED_EDGE('',*,*,#5477,.T.);
#7106=ORIENTED_EDGE('',*,*,#5478,.F.);
#7107=ORIENTED_EDGE('',*,*,#5479,.T.);
#7108=ORIENTED_EDGE('',*,*,#5480,.F.);
#7109=ORIENTED_EDGE('',*,*,#5481,.T.);
#7110=ORIENTED_EDGE('',*,*,#5482,.F.);
#7111=ORIENTED_EDGE('',*,*,#5483,.T.);
#7112=ORIENTED_EDGE('',*,*,#5484,.F.);
#7113=ORIENTED_EDGE('',*,*,#5485,.T.);
#7114=ORIENTED_EDGE('',*,*,#5486,.F.);
#7115=ORIENTED_EDGE('',*,*,#5487,.T.);
#7116=ORIENTED_EDGE('',*,*,#5488,.F.);
#7117=ORIENTED_EDGE('',*,*,#5489,.T.);
#7118=ORIENTED_EDGE('',*,*,#5490,.F.);
#7119=ORIENTED_EDGE('',*,*,#5491,.T.);
#7120=ORIENTED_EDGE('',*,*,#5492,.F.);
#7121=ORIENTED_EDGE('',*,*,#5493,.T.);
#7122=ORIENTED_EDGE('',*,*,#5494,.F.);
#7123=ORIENTED_EDGE('',*,*,#5495,.T.);
#7124=ORIENTED_EDGE('',*,*,#5496,.F.);
#7125=ORIENTED_EDGE('',*,*,#5497,.T.);
#7126=ORIENTED_EDGE('',*,*,#5498,.F.);
#7127=ORIENTED_EDGE('',*,*,#5499,.T.);
#7128=ORIENTED_EDGE('',*,*,#5500,.F.);
#7129=ORIENTED_EDGE('',*,*,#5501,.T.);
#7130=ORIENTED_EDGE('',*,*,#5502,.F.);
#7131=ORIENTED_EDGE('',*,*,#5503,.T.);
#7132=ORIENTED_EDGE('',*,*,#5504,.F.);
#7133=ORIENTED_EDGE('',*,*,#5505,.T.);
#7134=ORIENTED_EDGE('',*,*,#5506,.F.);
#7135=ORIENTED_EDGE('',*,*,#5507,.T.);
#7136=ORIENTED_EDGE('',*,*,#5508,.F.);
#7137=ORIENTED_EDGE('',*,*,#5509,.T.);
#7138=ORIENTED_EDGE('',*,*,#5510,.F.);
#7139=ORIENTED_EDGE('',*,*,#5511,.T.);
#7140=ORIENTED_EDGE('',*,*,#5512,.F.);
#7141=ORIENTED_EDGE('',*,*,#5513,.T.);
#7142=ORIENTED_EDGE('',*,*,#5514,.F.);
#7143=ORIENTED_EDGE('',*,*,#5515,.T.);
#7144=ORIENTED_EDGE('',*,*,#5516,.F.);
#7145=ORIENTED_EDGE('',*,*,#5517,.T.);
#7146=ORIENTED_EDGE('',*,*,#5518,.F.);
#7147=ORIENTED_EDGE('',*,*,#5519,.T.);
#7148=ORIENTED_EDGE('',*,*,#5520,.F.);
#7149=ORIENTED_EDGE('',*,*,#5521,.T.);
#7150=ORIENTED_EDGE('',*,*,#5522,.F.);
#7151=ORIENTED_EDGE('',*,*,#5523,.T.);
#7152=ORIENTED_EDGE('',*,*,#5524,.F.);
#7153=ORIENTED_EDGE('',*,*,#5525,.T.);
#7154=ORIENTED_EDGE('',*,*,#5526,.F.);
#7155=ORIENTED_EDGE('',*,*,#5527,.T.);
#7156=ORIENTED_EDGE('',*,*,#5528,.F.);
#7157=ORIENTED_EDGE('',*,*,#5529,.T.);
#7158=ORIENTED_EDGE('',*,*,#5530,.F.);
#7159=ORIENTED_EDGE('',*,*,#5531,.T.);
#7160=ORIENTED_EDGE('',*,*,#5532,.F.);
#7161=ORIENTED_EDGE('',*,*,#5533,.T.);
#7162=ORIENTED_EDGE('',*,*,#5534,.F.);
#7163=ORIENTED_EDGE('',*,*,#5535,.T.);
#7164=ORIENTED_EDGE('',*,*,#5536,.F.);
#7165=ORIENTED_EDGE('',*,*,#5537,.T.);
#7166=ORIENTED_EDGE('',*,*,#5538,.F.);
#7167=ORIENTED_EDGE('',*,*,#5539,.T.);
#7168=ORIENTED_EDGE('',*,*,#5540,.F.);
#7169=ORIENTED_EDGE('',*,*,#5541,.T.);
#7170=ORIENTED_EDGE('',*,*,#5542,.F.);
#7171=ORIENTED_EDGE('',*,*,#5543,.T.);
#7172=ORIENTED_EDGE('',*,*,#5544,.F.);
#7173=ORIENTED_EDGE('',*,*,#5545,.T.);
#7174=ORIENTED_EDGE('',*,*,#5546,.F.);
#7175=ORIENTED_EDGE('',*,*,#5547,.T.);
#7176=ORIENTED_EDGE('',*,*,#5548,.F.);
#7177=ORIENTED_EDGE('',*,*,#5549,.T.);
#7178=ORIENTED_EDGE('',*,*,#5550,.F.);
#7179=ORIENTED_EDGE('',*,*,#5551,.T.);
#7180=ORIENTED_EDGE('',*,*,#5552,.F.);
#7181=ORIENTED_EDGE('',*,*,#5553,.T.);
#7182=ORIENTED_EDGE('',*,*,#5554,.F.);
#7183=ORIENTED_EDGE('',*,*,#5555,.T.);
#7184=ORIENTED_EDGE('',*,*,#5556,.F.);
#7185=ORIENTED_EDGE('',*,*,#5557,.T.);
#7186=ORIENTED_EDGE('',*,*,#5558,.F.);
#7187=ORIENTED_EDGE('',*,*,#5559,.T.);
#7188=ORIENTED_EDGE('',*,*,#5560,.F.);
#7189=ORIENTED_EDGE('',*,*,#5561,.T.);
#7190=ORIENTED_EDGE('',*,*,#5562,.F.);
#7191=ORIENTED_EDGE('',*,*,#5563,.T.);
#7192=ORIENTED_EDGE('',*,*,#5564,.F.);
#7193=ORIENTED_EDGE('',*,*,#5565,.T.);
#7194=ORIENTED_EDGE('',*,*,#5566,.T.);
#7195=ORIENTED_EDGE('',*,*,#5567,.F.);
#7196=ORIENTED_EDGE('',*,*,#5568,.T.);
#7197=ORIENTED_EDGE('',*,*,#5569,.F.);
#7198=ORIENTED_EDGE('',*,*,#5570,.T.);
#7199=ORIENTED_EDGE('',*,*,#5571,.F.);
#7200=ORIENTED_EDGE('',*,*,#5572,.T.);
#7201=ORIENTED_EDGE('',*,*,#5573,.F.);
#7202=ORIENTED_EDGE('',*,*,#5574,.T.);
#7203=ORIENTED_EDGE('',*,*,#5575,.F.);
#7204=ORIENTED_EDGE('',*,*,#5576,.T.);
#7205=ORIENTED_EDGE('',*,*,#5577,.F.);
#7206=ORIENTED_EDGE('',*,*,#5453,.T.);
#7207=ORIENTED_EDGE('',*,*,#5578,.T.);
#7208=ORIENTED_EDGE('',*,*,#5579,.T.);
#7209=ORIENTED_EDGE('',*,*,#5580,.T.);
#7210=ORIENTED_EDGE('',*,*,#5580,.F.);
#7211=ORIENTED_EDGE('',*,*,#5581,.F.);
#7212=ORIENTED_EDGE('',*,*,#5582,.F.);
#7213=ORIENTED_EDGE('',*,*,#5583,.F.);
#7214=ORIENTED_EDGE('',*,*,#5584,.F.);
#7215=ORIENTED_EDGE('',*,*,#5585,.F.);
#7216=ORIENTED_EDGE('',*,*,#5586,.F.);
#7217=ORIENTED_EDGE('',*,*,#5587,.F.);
#7218=ORIENTED_EDGE('',*,*,#5588,.F.);
#7219=ORIENTED_EDGE('',*,*,#5589,.F.);
#7220=ORIENTED_EDGE('',*,*,#5590,.T.);
#7221=ORIENTED_EDGE('',*,*,#5454,.F.);
#7222=ORIENTED_EDGE('',*,*,#5591,.T.);
#7223=ORIENTED_EDGE('',*,*,#5436,.T.);
#7224=ORIENTED_EDGE('',*,*,#5592,.T.);
#7225=ORIENTED_EDGE('',*,*,#5582,.T.);
#7226=ORIENTED_EDGE('',*,*,#5593,.T.);
#7227=ORIENTED_EDGE('',*,*,#5594,.T.);
#7228=ORIENTED_EDGE('',*,*,#5595,.T.);
#7229=ORIENTED_EDGE('',*,*,#5584,.T.);
#7230=ORIENTED_EDGE('',*,*,#5594,.F.);
#7231=ORIENTED_EDGE('',*,*,#5596,.F.);
#7232=ORIENTED_EDGE('',*,*,#5597,.F.);
#7233=ORIENTED_EDGE('',*,*,#5598,.T.);
#7234=ORIENTED_EDGE('',*,*,#5593,.F.);
#7235=ORIENTED_EDGE('',*,*,#5583,.T.);
#7236=ORIENTED_EDGE('',*,*,#5592,.F.);
#7237=ORIENTED_EDGE('',*,*,#5435,.F.);
#7238=ORIENTED_EDGE('',*,*,#5433,.F.);
#7239=ORIENTED_EDGE('',*,*,#5451,.T.);
#7240=ORIENTED_EDGE('',*,*,#5599,.F.);
#7241=ORIENTED_EDGE('',*,*,#5596,.T.);
#7242=ORIENTED_EDGE('',*,*,#5600,.F.);
#7243=ORIENTED_EDGE('',*,*,#5601,.T.);
#7244=ORIENTED_EDGE('',*,*,#5602,.F.);
#7245=ORIENTED_EDGE('',*,*,#5603,.T.);
#7246=ORIENTED_EDGE('',*,*,#5604,.F.);
#7247=ORIENTED_EDGE('',*,*,#5605,.T.);
#7248=ORIENTED_EDGE('',*,*,#5606,.F.);
#7249=ORIENTED_EDGE('',*,*,#5607,.T.);
#7250=ORIENTED_EDGE('',*,*,#5608,.F.);
#7251=ORIENTED_EDGE('',*,*,#5609,.T.);
#7252=ORIENTED_EDGE('',*,*,#5610,.F.);
#7253=ORIENTED_EDGE('',*,*,#5611,.T.);
#7254=ORIENTED_EDGE('',*,*,#5612,.F.);
#7255=ORIENTED_EDGE('',*,*,#5613,.T.);
#7256=ORIENTED_EDGE('',*,*,#5614,.F.);
#7257=ORIENTED_EDGE('',*,*,#5615,.T.);
#7258=ORIENTED_EDGE('',*,*,#5616,.F.);
#7259=ORIENTED_EDGE('',*,*,#5617,.T.);
#7260=ORIENTED_EDGE('',*,*,#5618,.F.);
#7261=ORIENTED_EDGE('',*,*,#5619,.T.);
#7262=ORIENTED_EDGE('',*,*,#5620,.F.);
#7263=ORIENTED_EDGE('',*,*,#5621,.T.);
#7264=ORIENTED_EDGE('',*,*,#5622,.F.);
#7265=ORIENTED_EDGE('',*,*,#5623,.T.);
#7266=ORIENTED_EDGE('',*,*,#5624,.F.);
#7267=ORIENTED_EDGE('',*,*,#5625,.T.);
#7268=ORIENTED_EDGE('',*,*,#5626,.F.);
#7269=ORIENTED_EDGE('',*,*,#5627,.T.);
#7270=ORIENTED_EDGE('',*,*,#5628,.F.);
#7271=ORIENTED_EDGE('',*,*,#5629,.T.);
#7272=ORIENTED_EDGE('',*,*,#5630,.F.);
#7273=ORIENTED_EDGE('',*,*,#5631,.T.);
#7274=ORIENTED_EDGE('',*,*,#5632,.F.);
#7275=ORIENTED_EDGE('',*,*,#5633,.T.);
#7276=ORIENTED_EDGE('',*,*,#5634,.F.);
#7277=ORIENTED_EDGE('',*,*,#5635,.T.);
#7278=ORIENTED_EDGE('',*,*,#5636,.F.);
#7279=ORIENTED_EDGE('',*,*,#5637,.T.);
#7280=ORIENTED_EDGE('',*,*,#5638,.F.);
#7281=ORIENTED_EDGE('',*,*,#5639,.T.);
#7282=ORIENTED_EDGE('',*,*,#5640,.F.);
#7283=ORIENTED_EDGE('',*,*,#5641,.T.);
#7284=ORIENTED_EDGE('',*,*,#5642,.F.);
#7285=ORIENTED_EDGE('',*,*,#5643,.T.);
#7286=ORIENTED_EDGE('',*,*,#5644,.F.);
#7287=ORIENTED_EDGE('',*,*,#5645,.T.);
#7288=ORIENTED_EDGE('',*,*,#5646,.F.);
#7289=ORIENTED_EDGE('',*,*,#5647,.T.);
#7290=ORIENTED_EDGE('',*,*,#5648,.F.);
#7291=ORIENTED_EDGE('',*,*,#5649,.T.);
#7292=ORIENTED_EDGE('',*,*,#5650,.F.);
#7293=ORIENTED_EDGE('',*,*,#5651,.T.);
#7294=ORIENTED_EDGE('',*,*,#5652,.F.);
#7295=ORIENTED_EDGE('',*,*,#5653,.T.);
#7296=ORIENTED_EDGE('',*,*,#5654,.F.);
#7297=ORIENTED_EDGE('',*,*,#5655,.T.);
#7298=ORIENTED_EDGE('',*,*,#5656,.F.);
#7299=ORIENTED_EDGE('',*,*,#5657,.T.);
#7300=ORIENTED_EDGE('',*,*,#5658,.F.);
#7301=ORIENTED_EDGE('',*,*,#5659,.T.);
#7302=ORIENTED_EDGE('',*,*,#5660,.F.);
#7303=ORIENTED_EDGE('',*,*,#5661,.T.);
#7304=ORIENTED_EDGE('',*,*,#5662,.F.);
#7305=ORIENTED_EDGE('',*,*,#5663,.T.);
#7306=ORIENTED_EDGE('',*,*,#5664,.F.);
#7307=ORIENTED_EDGE('',*,*,#5665,.T.);
#7308=ORIENTED_EDGE('',*,*,#5666,.F.);
#7309=ORIENTED_EDGE('',*,*,#5667,.T.);
#7310=ORIENTED_EDGE('',*,*,#5668,.F.);
#7311=ORIENTED_EDGE('',*,*,#5669,.T.);
#7312=ORIENTED_EDGE('',*,*,#5670,.F.);
#7313=ORIENTED_EDGE('',*,*,#5671,.T.);
#7314=ORIENTED_EDGE('',*,*,#5672,.F.);
#7315=ORIENTED_EDGE('',*,*,#5673,.T.);
#7316=ORIENTED_EDGE('',*,*,#5674,.F.);
#7317=ORIENTED_EDGE('',*,*,#5675,.T.);
#7318=ORIENTED_EDGE('',*,*,#5676,.F.);
#7319=ORIENTED_EDGE('',*,*,#5677,.T.);
#7320=ORIENTED_EDGE('',*,*,#5678,.F.);
#7321=ORIENTED_EDGE('',*,*,#5679,.T.);
#7322=ORIENTED_EDGE('',*,*,#5680,.F.);
#7323=ORIENTED_EDGE('',*,*,#5681,.T.);
#7324=ORIENTED_EDGE('',*,*,#5682,.F.);
#7325=ORIENTED_EDGE('',*,*,#5683,.T.);
#7326=ORIENTED_EDGE('',*,*,#5684,.F.);
#7327=ORIENTED_EDGE('',*,*,#5685,.T.);
#7328=ORIENTED_EDGE('',*,*,#5686,.F.);
#7329=ORIENTED_EDGE('',*,*,#5687,.T.);
#7330=ORIENTED_EDGE('',*,*,#5688,.F.);
#7331=ORIENTED_EDGE('',*,*,#5689,.T.);
#7332=ORIENTED_EDGE('',*,*,#5690,.F.);
#7333=ORIENTED_EDGE('',*,*,#5691,.T.);
#7334=ORIENTED_EDGE('',*,*,#5692,.F.);
#7335=ORIENTED_EDGE('',*,*,#5693,.T.);
#7336=ORIENTED_EDGE('',*,*,#5694,.F.);
#7337=ORIENTED_EDGE('',*,*,#5695,.T.);
#7338=ORIENTED_EDGE('',*,*,#5696,.F.);
#7339=ORIENTED_EDGE('',*,*,#5697,.T.);
#7340=ORIENTED_EDGE('',*,*,#5698,.F.);
#7341=ORIENTED_EDGE('',*,*,#5699,.T.);
#7342=ORIENTED_EDGE('',*,*,#5700,.F.);
#7343=ORIENTED_EDGE('',*,*,#5701,.T.);
#7344=ORIENTED_EDGE('',*,*,#5702,.F.);
#7345=ORIENTED_EDGE('',*,*,#5703,.T.);
#7346=ORIENTED_EDGE('',*,*,#5704,.F.);
#7347=ORIENTED_EDGE('',*,*,#5705,.T.);
#7348=ORIENTED_EDGE('',*,*,#5706,.F.);
#7349=ORIENTED_EDGE('',*,*,#5707,.T.);
#7350=ORIENTED_EDGE('',*,*,#5708,.T.);
#7351=ORIENTED_EDGE('',*,*,#5709,.F.);
#7352=ORIENTED_EDGE('',*,*,#5710,.T.);
#7353=ORIENTED_EDGE('',*,*,#5711,.F.);
#7354=ORIENTED_EDGE('',*,*,#5712,.T.);
#7355=ORIENTED_EDGE('',*,*,#5713,.F.);
#7356=ORIENTED_EDGE('',*,*,#5714,.T.);
#7357=ORIENTED_EDGE('',*,*,#5715,.F.);
#7358=ORIENTED_EDGE('',*,*,#5716,.T.);
#7359=ORIENTED_EDGE('',*,*,#5717,.F.);
#7360=ORIENTED_EDGE('',*,*,#5718,.T.);
#7361=ORIENTED_EDGE('',*,*,#5719,.F.);
#7362=ORIENTED_EDGE('',*,*,#5599,.T.);
#7363=ORIENTED_EDGE('',*,*,#5450,.T.);
#7364=ORIENTED_EDGE('',*,*,#5720,.T.);
#7365=ORIENTED_EDGE('',*,*,#5597,.T.);
#7366=ORIENTED_EDGE('',*,*,#5721,.F.);
#7367=ORIENTED_EDGE('',*,*,#5575,.T.);
#7368=ORIENTED_EDGE('',*,*,#5722,.T.);
#7369=ORIENTED_EDGE('',*,*,#5407,.T.);
#7370=ORIENTED_EDGE('',*,*,#5722,.F.);
#7371=ORIENTED_EDGE('',*,*,#5574,.F.);
#7372=ORIENTED_EDGE('',*,*,#5723,.T.);
#7373=ORIENTED_EDGE('',*,*,#5408,.T.);
#7374=ORIENTED_EDGE('',*,*,#5723,.F.);
#7375=ORIENTED_EDGE('',*,*,#5573,.T.);
#7376=ORIENTED_EDGE('',*,*,#5724,.T.);
#7377=ORIENTED_EDGE('',*,*,#5409,.T.);
#7378=ORIENTED_EDGE('',*,*,#5725,.F.);
#7379=ORIENTED_EDGE('',*,*,#5571,.T.);
#7380=ORIENTED_EDGE('',*,*,#5726,.T.);
#7381=ORIENTED_EDGE('',*,*,#5411,.T.);
#7382=ORIENTED_EDGE('',*,*,#5726,.F.);
#7383=ORIENTED_EDGE('',*,*,#5570,.F.);
#7384=ORIENTED_EDGE('',*,*,#5727,.T.);
#7385=ORIENTED_EDGE('',*,*,#5412,.T.);
#7386=ORIENTED_EDGE('',*,*,#5727,.F.);
#7387=ORIENTED_EDGE('',*,*,#5569,.T.);
#7388=ORIENTED_EDGE('',*,*,#5728,.T.);
#7389=ORIENTED_EDGE('',*,*,#5413,.T.);
#7390=ORIENTED_EDGE('',*,*,#5729,.F.);
#7391=ORIENTED_EDGE('',*,*,#5567,.T.);
#7392=ORIENTED_EDGE('',*,*,#5730,.T.);
#7393=ORIENTED_EDGE('',*,*,#5415,.T.);
#7394=ORIENTED_EDGE('',*,*,#5730,.F.);
#7395=ORIENTED_EDGE('',*,*,#5566,.F.);
#7396=ORIENTED_EDGE('',*,*,#5731,.T.);
#7397=ORIENTED_EDGE('',*,*,#5416,.T.);
#7398=ORIENTED_EDGE('',*,*,#5731,.F.);
#7399=ORIENTED_EDGE('',*,*,#5577,.T.);
#7400=ORIENTED_EDGE('',*,*,#5732,.T.);
#7401=ORIENTED_EDGE('',*,*,#5417,.T.);
#7402=ORIENTED_EDGE('',*,*,#5721,.T.);
#7403=ORIENTED_EDGE('',*,*,#5418,.T.);
#7404=ORIENTED_EDGE('',*,*,#5732,.F.);
#7405=ORIENTED_EDGE('',*,*,#5576,.F.);
#7406=ORIENTED_EDGE('',*,*,#5724,.F.);
#7407=ORIENTED_EDGE('',*,*,#5572,.F.);
#7408=ORIENTED_EDGE('',*,*,#5725,.T.);
#7409=ORIENTED_EDGE('',*,*,#5410,.T.);
#7410=ORIENTED_EDGE('',*,*,#5728,.F.);
#7411=ORIENTED_EDGE('',*,*,#5568,.F.);
#7412=ORIENTED_EDGE('',*,*,#5729,.T.);
#7413=ORIENTED_EDGE('',*,*,#5414,.T.);
#7414=ORIENTED_EDGE('',*,*,#5733,.F.);
#7415=ORIENTED_EDGE('',*,*,#5734,.T.);
#7416=ORIENTED_EDGE('',*,*,#5735,.T.);
#7417=ORIENTED_EDGE('',*,*,#5736,.T.);
#7418=ORIENTED_EDGE('',*,*,#5733,.T.);
#7419=ORIENTED_EDGE('',*,*,#5737,.F.);
#7420=ORIENTED_EDGE('',*,*,#5738,.T.);
#7421=ORIENTED_EDGE('',*,*,#5739,.F.);
#7422=ORIENTED_EDGE('',*,*,#5740,.T.);
#7423=ORIENTED_EDGE('',*,*,#5741,.F.);
#7424=ORIENTED_EDGE('',*,*,#5742,.T.);
#7425=ORIENTED_EDGE('',*,*,#5743,.F.);
#7426=ORIENTED_EDGE('',*,*,#5744,.T.);
#7427=ORIENTED_EDGE('',*,*,#5745,.F.);
#7428=ORIENTED_EDGE('',*,*,#5746,.T.);
#7429=ORIENTED_EDGE('',*,*,#5747,.F.);
#7430=ORIENTED_EDGE('',*,*,#5736,.F.);
#7431=ORIENTED_EDGE('',*,*,#5748,.F.);
#7432=ORIENTED_EDGE('',*,*,#5749,.F.);
#7433=ORIENTED_EDGE('',*,*,#5737,.T.);
#7434=ORIENTED_EDGE('',*,*,#5738,.F.);
#7435=ORIENTED_EDGE('',*,*,#5749,.T.);
#7436=ORIENTED_EDGE('',*,*,#5750,.T.);
#7437=ORIENTED_EDGE('',*,*,#5751,.T.);
#7438=ORIENTED_EDGE('',*,*,#5740,.F.);
#7439=ORIENTED_EDGE('',*,*,#5752,.T.);
#7440=ORIENTED_EDGE('',*,*,#5753,.T.);
#7441=ORIENTED_EDGE('',*,*,#5754,.T.);
#7442=ORIENTED_EDGE('',*,*,#5754,.F.);
#7443=ORIENTED_EDGE('',*,*,#5755,.F.);
#7444=ORIENTED_EDGE('',*,*,#5756,.F.);
#7445=ORIENTED_EDGE('',*,*,#5741,.T.);
#7446=ORIENTED_EDGE('',*,*,#5742,.F.);
#7447=ORIENTED_EDGE('',*,*,#5756,.T.);
#7448=ORIENTED_EDGE('',*,*,#5757,.T.);
#7449=ORIENTED_EDGE('',*,*,#5758,.T.);
#7450=ORIENTED_EDGE('',*,*,#5744,.F.);
#7451=ORIENTED_EDGE('',*,*,#5759,.T.);
#7452=ORIENTED_EDGE('',*,*,#5760,.T.);
#7453=ORIENTED_EDGE('',*,*,#5761,.T.);
#7454=ORIENTED_EDGE('',*,*,#5761,.F.);
#7455=ORIENTED_EDGE('',*,*,#5762,.F.);
#7456=ORIENTED_EDGE('',*,*,#5763,.F.);
#7457=ORIENTED_EDGE('',*,*,#5745,.T.);
#7458=ORIENTED_EDGE('',*,*,#5746,.F.);
#7459=ORIENTED_EDGE('',*,*,#5763,.T.);
#7460=ORIENTED_EDGE('',*,*,#5764,.T.);
#7461=ORIENTED_EDGE('',*,*,#5765,.T.);
#7462=ORIENTED_EDGE('',*,*,#5734,.F.);
#7463=ORIENTED_EDGE('',*,*,#5747,.T.);
#7464=ORIENTED_EDGE('',*,*,#5765,.F.);
#7465=ORIENTED_EDGE('',*,*,#5766,.F.);
#7466=ORIENTED_EDGE('',*,*,#5751,.F.);
#7467=ORIENTED_EDGE('',*,*,#5767,.F.);
#7468=ORIENTED_EDGE('',*,*,#5752,.F.);
#7469=ORIENTED_EDGE('',*,*,#5739,.T.);
#7470=ORIENTED_EDGE('',*,*,#5758,.F.);
#7471=ORIENTED_EDGE('',*,*,#5768,.F.);
#7472=ORIENTED_EDGE('',*,*,#5759,.F.);
#7473=ORIENTED_EDGE('',*,*,#5743,.T.);
#7474=ORIENTED_EDGE('',*,*,#5769,.F.);
#7475=ORIENTED_EDGE('',*,*,#5770,.T.);
#7476=ORIENTED_EDGE('',*,*,#5717,.T.);
#7477=ORIENTED_EDGE('',*,*,#5771,.T.);
#7478=ORIENTED_EDGE('',*,*,#5769,.T.);
#7479=ORIENTED_EDGE('',*,*,#5772,.F.);
#7480=ORIENTED_EDGE('',*,*,#5773,.T.);
#7481=ORIENTED_EDGE('',*,*,#5774,.F.);
#7482=ORIENTED_EDGE('',*,*,#5775,.T.);
#7483=ORIENTED_EDGE('',*,*,#5776,.F.);
#7484=ORIENTED_EDGE('',*,*,#5777,.T.);
#7485=ORIENTED_EDGE('',*,*,#5778,.F.);
#7486=ORIENTED_EDGE('',*,*,#5779,.T.);
#7487=ORIENTED_EDGE('',*,*,#5780,.F.);
#7488=ORIENTED_EDGE('',*,*,#5781,.T.);
#7489=ORIENTED_EDGE('',*,*,#5782,.F.);
#7490=ORIENTED_EDGE('',*,*,#5771,.F.);
#7491=ORIENTED_EDGE('',*,*,#5716,.F.);
#7492=ORIENTED_EDGE('',*,*,#5783,.F.);
#7493=ORIENTED_EDGE('',*,*,#5772,.T.);
#7494=ORIENTED_EDGE('',*,*,#5773,.F.);
#7495=ORIENTED_EDGE('',*,*,#5783,.T.);
#7496=ORIENTED_EDGE('',*,*,#5715,.T.);
#7497=ORIENTED_EDGE('',*,*,#5784,.T.);
#7498=ORIENTED_EDGE('',*,*,#5775,.F.);
#7499=ORIENTED_EDGE('',*,*,#5785,.T.);
#7500=ORIENTED_EDGE('',*,*,#5713,.T.);
#7501=ORIENTED_EDGE('',*,*,#5786,.T.);
#7502=ORIENTED_EDGE('',*,*,#5786,.F.);
#7503=ORIENTED_EDGE('',*,*,#5712,.F.);
#7504=ORIENTED_EDGE('',*,*,#5787,.F.);
#7505=ORIENTED_EDGE('',*,*,#5776,.T.);
#7506=ORIENTED_EDGE('',*,*,#5777,.F.);
#7507=ORIENTED_EDGE('',*,*,#5787,.T.);
#7508=ORIENTED_EDGE('',*,*,#5711,.T.);
#7509=ORIENTED_EDGE('',*,*,#5788,.T.);
#7510=ORIENTED_EDGE('',*,*,#5779,.F.);
#7511=ORIENTED_EDGE('',*,*,#5789,.T.);
#7512=ORIENTED_EDGE('',*,*,#5709,.T.);
#7513=ORIENTED_EDGE('',*,*,#5790,.T.);
#7514=ORIENTED_EDGE('',*,*,#5790,.F.);
#7515=ORIENTED_EDGE('',*,*,#5708,.F.);
#7516=ORIENTED_EDGE('',*,*,#5791,.F.);
#7517=ORIENTED_EDGE('',*,*,#5780,.T.);
#7518=ORIENTED_EDGE('',*,*,#5781,.F.);
#7519=ORIENTED_EDGE('',*,*,#5791,.T.);
#7520=ORIENTED_EDGE('',*,*,#5719,.T.);
#7521=ORIENTED_EDGE('',*,*,#5792,.T.);
#7522=ORIENTED_EDGE('',*,*,#5770,.F.);
#7523=ORIENTED_EDGE('',*,*,#5782,.T.);
#7524=ORIENTED_EDGE('',*,*,#5792,.F.);
#7525=ORIENTED_EDGE('',*,*,#5718,.F.);
#7526=ORIENTED_EDGE('',*,*,#5784,.F.);
#7527=ORIENTED_EDGE('',*,*,#5714,.F.);
#7528=ORIENTED_EDGE('',*,*,#5785,.F.);
#7529=ORIENTED_EDGE('',*,*,#5774,.T.);
#7530=ORIENTED_EDGE('',*,*,#5788,.F.);
#7531=ORIENTED_EDGE('',*,*,#5710,.F.);
#7532=ORIENTED_EDGE('',*,*,#5789,.F.);
#7533=ORIENTED_EDGE('',*,*,#5778,.T.);
#7534=ORIENTED_EDGE('',*,*,#5793,.F.);
#7535=ORIENTED_EDGE('',*,*,#5794,.T.);
#7536=ORIENTED_EDGE('',*,*,#5795,.T.);
#7537=ORIENTED_EDGE('',*,*,#5796,.T.);
#7538=ORIENTED_EDGE('',*,*,#5793,.T.);
#7539=ORIENTED_EDGE('',*,*,#5797,.F.);
#7540=ORIENTED_EDGE('',*,*,#5798,.T.);
#7541=ORIENTED_EDGE('',*,*,#5799,.F.);
#7542=ORIENTED_EDGE('',*,*,#5800,.T.);
#7543=ORIENTED_EDGE('',*,*,#5801,.F.);
#7544=ORIENTED_EDGE('',*,*,#5802,.T.);
#7545=ORIENTED_EDGE('',*,*,#5803,.F.);
#7546=ORIENTED_EDGE('',*,*,#5804,.T.);
#7547=ORIENTED_EDGE('',*,*,#5805,.F.);
#7548=ORIENTED_EDGE('',*,*,#5806,.T.);
#7549=ORIENTED_EDGE('',*,*,#5807,.F.);
#7550=ORIENTED_EDGE('',*,*,#5796,.F.);
#7551=ORIENTED_EDGE('',*,*,#5808,.F.);
#7552=ORIENTED_EDGE('',*,*,#5809,.F.);
#7553=ORIENTED_EDGE('',*,*,#5797,.T.);
#7554=ORIENTED_EDGE('',*,*,#5798,.F.);
#7555=ORIENTED_EDGE('',*,*,#5809,.T.);
#7556=ORIENTED_EDGE('',*,*,#5810,.T.);
#7557=ORIENTED_EDGE('',*,*,#5811,.T.);
#7558=ORIENTED_EDGE('',*,*,#5800,.F.);
#7559=ORIENTED_EDGE('',*,*,#5812,.T.);
#7560=ORIENTED_EDGE('',*,*,#5813,.T.);
#7561=ORIENTED_EDGE('',*,*,#5814,.T.);
#7562=ORIENTED_EDGE('',*,*,#5814,.F.);
#7563=ORIENTED_EDGE('',*,*,#5815,.F.);
#7564=ORIENTED_EDGE('',*,*,#5816,.F.);
#7565=ORIENTED_EDGE('',*,*,#5801,.T.);
#7566=ORIENTED_EDGE('',*,*,#5802,.F.);
#7567=ORIENTED_EDGE('',*,*,#5816,.T.);
#7568=ORIENTED_EDGE('',*,*,#5817,.T.);
#7569=ORIENTED_EDGE('',*,*,#5818,.T.);
#7570=ORIENTED_EDGE('',*,*,#5804,.F.);
#7571=ORIENTED_EDGE('',*,*,#5819,.T.);
#7572=ORIENTED_EDGE('',*,*,#5820,.T.);
#7573=ORIENTED_EDGE('',*,*,#5821,.T.);
#7574=ORIENTED_EDGE('',*,*,#5821,.F.);
#7575=ORIENTED_EDGE('',*,*,#5822,.F.);
#7576=ORIENTED_EDGE('',*,*,#5823,.F.);
#7577=ORIENTED_EDGE('',*,*,#5805,.T.);
#7578=ORIENTED_EDGE('',*,*,#5806,.F.);
#7579=ORIENTED_EDGE('',*,*,#5823,.T.);
#7580=ORIENTED_EDGE('',*,*,#5824,.T.);
#7581=ORIENTED_EDGE('',*,*,#5825,.T.);
#7582=ORIENTED_EDGE('',*,*,#5794,.F.);
#7583=ORIENTED_EDGE('',*,*,#5807,.T.);
#7584=ORIENTED_EDGE('',*,*,#5825,.F.);
#7585=ORIENTED_EDGE('',*,*,#5826,.F.);
#7586=ORIENTED_EDGE('',*,*,#5811,.F.);
#7587=ORIENTED_EDGE('',*,*,#5827,.F.);
#7588=ORIENTED_EDGE('',*,*,#5812,.F.);
#7589=ORIENTED_EDGE('',*,*,#5799,.T.);
#7590=ORIENTED_EDGE('',*,*,#5818,.F.);
#7591=ORIENTED_EDGE('',*,*,#5828,.F.);
#7592=ORIENTED_EDGE('',*,*,#5819,.F.);
#7593=ORIENTED_EDGE('',*,*,#5803,.T.);
#7594=ORIENTED_EDGE('',*,*,#5829,.F.);
#7595=ORIENTED_EDGE('',*,*,#5586,.T.);
#7596=ORIENTED_EDGE('',*,*,#5830,.F.);
#7597=ORIENTED_EDGE('',*,*,#5831,.F.);
#7598=ORIENTED_EDGE('',*,*,#5832,.T.);
#7599=ORIENTED_EDGE('',*,*,#5831,.T.);
#7600=ORIENTED_EDGE('',*,*,#5833,.F.);
#7601=ORIENTED_EDGE('',*,*,#5834,.F.);
#7602=ORIENTED_EDGE('',*,*,#5835,.F.);
#7603=ORIENTED_EDGE('',*,*,#5834,.T.);
#7604=ORIENTED_EDGE('',*,*,#5836,.F.);
#7605=ORIENTED_EDGE('',*,*,#5448,.F.);
#7606=ORIENTED_EDGE('',*,*,#5449,.T.);
#7607=ORIENTED_EDGE('',*,*,#5836,.T.);
#7608=ORIENTED_EDGE('',*,*,#5833,.T.);
#7609=ORIENTED_EDGE('',*,*,#5830,.T.);
#7610=ORIENTED_EDGE('',*,*,#5585,.T.);
#7611=ORIENTED_EDGE('',*,*,#5595,.F.);
#7612=ORIENTED_EDGE('',*,*,#5598,.F.);
#7613=ORIENTED_EDGE('',*,*,#5720,.F.);
#7614=ORIENTED_EDGE('',*,*,#5837,.F.);
#7615=ORIENTED_EDGE('',*,*,#5838,.T.);
#7616=ORIENTED_EDGE('',*,*,#5839,.F.);
#7617=ORIENTED_EDGE('',*,*,#5840,.T.);
#7618=ORIENTED_EDGE('',*,*,#5841,.F.);
#7619=ORIENTED_EDGE('',*,*,#5842,.T.);
#7620=ORIENTED_EDGE('',*,*,#5843,.F.);
#7621=ORIENTED_EDGE('',*,*,#5844,.T.);
#7622=ORIENTED_EDGE('',*,*,#5845,.F.);
#7623=ORIENTED_EDGE('',*,*,#5846,.T.);
#7624=ORIENTED_EDGE('',*,*,#5847,.F.);
#7625=ORIENTED_EDGE('',*,*,#5848,.T.);
#7626=ORIENTED_EDGE('',*,*,#5849,.F.);
#7627=ORIENTED_EDGE('',*,*,#5850,.T.);
#7628=ORIENTED_EDGE('',*,*,#5851,.F.);
#7629=ORIENTED_EDGE('',*,*,#5852,.T.);
#7630=ORIENTED_EDGE('',*,*,#5853,.F.);
#7631=ORIENTED_EDGE('',*,*,#5854,.T.);
#7632=ORIENTED_EDGE('',*,*,#5855,.F.);
#7633=ORIENTED_EDGE('',*,*,#5856,.T.);
#7634=ORIENTED_EDGE('',*,*,#5857,.F.);
#7635=ORIENTED_EDGE('',*,*,#5858,.T.);
#7636=ORIENTED_EDGE('',*,*,#5859,.F.);
#7637=ORIENTED_EDGE('',*,*,#5860,.T.);
#7638=ORIENTED_EDGE('',*,*,#5861,.F.);
#7639=ORIENTED_EDGE('',*,*,#5862,.T.);
#7640=ORIENTED_EDGE('',*,*,#5863,.F.);
#7641=ORIENTED_EDGE('',*,*,#5864,.T.);
#7642=ORIENTED_EDGE('',*,*,#5865,.F.);
#7643=ORIENTED_EDGE('',*,*,#5866,.T.);
#7644=ORIENTED_EDGE('',*,*,#5867,.F.);
#7645=ORIENTED_EDGE('',*,*,#5868,.T.);
#7646=ORIENTED_EDGE('',*,*,#5869,.F.);
#7647=ORIENTED_EDGE('',*,*,#5870,.T.);
#7648=ORIENTED_EDGE('',*,*,#5871,.F.);
#7649=ORIENTED_EDGE('',*,*,#5872,.T.);
#7650=ORIENTED_EDGE('',*,*,#5873,.F.);
#7651=ORIENTED_EDGE('',*,*,#5874,.T.);
#7652=ORIENTED_EDGE('',*,*,#5875,.F.);
#7653=ORIENTED_EDGE('',*,*,#5876,.T.);
#7654=ORIENTED_EDGE('',*,*,#5877,.F.);
#7655=ORIENTED_EDGE('',*,*,#5878,.T.);
#7656=ORIENTED_EDGE('',*,*,#5879,.F.);
#7657=ORIENTED_EDGE('',*,*,#5880,.T.);
#7658=ORIENTED_EDGE('',*,*,#5881,.F.);
#7659=ORIENTED_EDGE('',*,*,#5882,.T.);
#7660=ORIENTED_EDGE('',*,*,#5883,.F.);
#7661=ORIENTED_EDGE('',*,*,#5884,.T.);
#7662=ORIENTED_EDGE('',*,*,#5885,.F.);
#7663=ORIENTED_EDGE('',*,*,#5886,.T.);
#7664=ORIENTED_EDGE('',*,*,#5887,.F.);
#7665=ORIENTED_EDGE('',*,*,#5888,.T.);
#7666=ORIENTED_EDGE('',*,*,#5889,.F.);
#7667=ORIENTED_EDGE('',*,*,#5890,.T.);
#7668=ORIENTED_EDGE('',*,*,#5891,.F.);
#7669=ORIENTED_EDGE('',*,*,#5892,.T.);
#7670=ORIENTED_EDGE('',*,*,#5893,.F.);
#7671=ORIENTED_EDGE('',*,*,#5894,.T.);
#7672=ORIENTED_EDGE('',*,*,#5895,.F.);
#7673=ORIENTED_EDGE('',*,*,#5896,.T.);
#7674=ORIENTED_EDGE('',*,*,#5897,.F.);
#7675=ORIENTED_EDGE('',*,*,#5898,.T.);
#7676=ORIENTED_EDGE('',*,*,#5899,.F.);
#7677=ORIENTED_EDGE('',*,*,#5900,.T.);
#7678=ORIENTED_EDGE('',*,*,#5901,.F.);
#7679=ORIENTED_EDGE('',*,*,#5902,.T.);
#7680=ORIENTED_EDGE('',*,*,#5903,.F.);
#7681=ORIENTED_EDGE('',*,*,#5904,.T.);
#7682=ORIENTED_EDGE('',*,*,#5905,.F.);
#7683=ORIENTED_EDGE('',*,*,#5906,.T.);
#7684=ORIENTED_EDGE('',*,*,#5907,.F.);
#7685=ORIENTED_EDGE('',*,*,#5908,.T.);
#7686=ORIENTED_EDGE('',*,*,#5909,.F.);
#7687=ORIENTED_EDGE('',*,*,#5910,.T.);
#7688=ORIENTED_EDGE('',*,*,#5911,.F.);
#7689=ORIENTED_EDGE('',*,*,#5912,.T.);
#7690=ORIENTED_EDGE('',*,*,#5913,.F.);
#7691=ORIENTED_EDGE('',*,*,#5914,.T.);
#7692=ORIENTED_EDGE('',*,*,#5915,.F.);
#7693=ORIENTED_EDGE('',*,*,#5916,.T.);
#7694=ORIENTED_EDGE('',*,*,#5917,.F.);
#7695=ORIENTED_EDGE('',*,*,#5918,.T.);
#7696=ORIENTED_EDGE('',*,*,#5919,.F.);
#7697=ORIENTED_EDGE('',*,*,#5920,.T.);
#7698=ORIENTED_EDGE('',*,*,#5921,.F.);
#7699=ORIENTED_EDGE('',*,*,#5922,.T.);
#7700=ORIENTED_EDGE('',*,*,#5923,.F.);
#7701=ORIENTED_EDGE('',*,*,#5924,.T.);
#7702=ORIENTED_EDGE('',*,*,#5925,.F.);
#7703=ORIENTED_EDGE('',*,*,#5926,.T.);
#7704=ORIENTED_EDGE('',*,*,#5927,.F.);
#7705=ORIENTED_EDGE('',*,*,#5928,.T.);
#7706=ORIENTED_EDGE('',*,*,#5929,.F.);
#7707=ORIENTED_EDGE('',*,*,#5930,.T.);
#7708=ORIENTED_EDGE('',*,*,#5931,.F.);
#7709=ORIENTED_EDGE('',*,*,#5932,.T.);
#7710=ORIENTED_EDGE('',*,*,#5933,.F.);
#7711=ORIENTED_EDGE('',*,*,#5934,.T.);
#7712=ORIENTED_EDGE('',*,*,#5935,.F.);
#7713=ORIENTED_EDGE('',*,*,#5936,.T.);
#7714=ORIENTED_EDGE('',*,*,#5937,.F.);
#7715=ORIENTED_EDGE('',*,*,#5938,.T.);
#7716=ORIENTED_EDGE('',*,*,#5939,.F.);
#7717=ORIENTED_EDGE('',*,*,#5940,.T.);
#7718=ORIENTED_EDGE('',*,*,#5941,.F.);
#7719=ORIENTED_EDGE('',*,*,#5942,.T.);
#7720=ORIENTED_EDGE('',*,*,#5943,.F.);
#7721=ORIENTED_EDGE('',*,*,#5944,.T.);
#7722=ORIENTED_EDGE('',*,*,#5822,.T.);
#7723=ORIENTED_EDGE('',*,*,#5820,.F.);
#7724=ORIENTED_EDGE('',*,*,#5828,.T.);
#7725=ORIENTED_EDGE('',*,*,#5817,.F.);
#7726=ORIENTED_EDGE('',*,*,#5815,.T.);
#7727=ORIENTED_EDGE('',*,*,#5813,.F.);
#7728=ORIENTED_EDGE('',*,*,#5827,.T.);
#7729=ORIENTED_EDGE('',*,*,#5810,.F.);
#7730=ORIENTED_EDGE('',*,*,#5808,.T.);
#7731=ORIENTED_EDGE('',*,*,#5795,.F.);
#7732=ORIENTED_EDGE('',*,*,#5826,.T.);
#7733=ORIENTED_EDGE('',*,*,#5824,.F.);
#7734=ORIENTED_EDGE('',*,*,#5431,.F.);
#7735=ORIENTED_EDGE('',*,*,#5437,.T.);
#7736=ORIENTED_EDGE('',*,*,#5591,.F.);
#7737=ORIENTED_EDGE('',*,*,#5581,.T.);
#7738=ORIENTED_EDGE('',*,*,#5579,.F.);
#7739=ORIENTED_EDGE('',*,*,#5945,.F.);
#7740=ORIENTED_EDGE('',*,*,#5440,.F.);
#7741=ORIENTED_EDGE('',*,*,#5442,.T.);
#7742=ORIENTED_EDGE('',*,*,#5946,.F.);
#7743=ORIENTED_EDGE('',*,*,#5947,.T.);
#7744=ORIENTED_EDGE('',*,*,#5948,.F.);
#7745=ORIENTED_EDGE('',*,*,#5949,.T.);
#7746=ORIENTED_EDGE('',*,*,#5950,.F.);
#7747=ORIENTED_EDGE('',*,*,#5951,.T.);
#7748=ORIENTED_EDGE('',*,*,#5952,.F.);
#7749=ORIENTED_EDGE('',*,*,#5953,.T.);
#7750=ORIENTED_EDGE('',*,*,#5954,.F.);
#7751=ORIENTED_EDGE('',*,*,#5955,.T.);
#7752=ORIENTED_EDGE('',*,*,#5956,.F.);
#7753=ORIENTED_EDGE('',*,*,#5957,.T.);
#7754=ORIENTED_EDGE('',*,*,#5958,.F.);
#7755=ORIENTED_EDGE('',*,*,#5959,.T.);
#7756=ORIENTED_EDGE('',*,*,#5960,.F.);
#7757=ORIENTED_EDGE('',*,*,#5961,.T.);
#7758=ORIENTED_EDGE('',*,*,#5962,.F.);
#7759=ORIENTED_EDGE('',*,*,#5963,.T.);
#7760=ORIENTED_EDGE('',*,*,#5964,.F.);
#7761=ORIENTED_EDGE('',*,*,#5965,.T.);
#7762=ORIENTED_EDGE('',*,*,#5966,.F.);
#7763=ORIENTED_EDGE('',*,*,#5967,.T.);
#7764=ORIENTED_EDGE('',*,*,#5968,.F.);
#7765=ORIENTED_EDGE('',*,*,#5969,.T.);
#7766=ORIENTED_EDGE('',*,*,#5970,.F.);
#7767=ORIENTED_EDGE('',*,*,#5971,.T.);
#7768=ORIENTED_EDGE('',*,*,#5972,.F.);
#7769=ORIENTED_EDGE('',*,*,#5973,.T.);
#7770=ORIENTED_EDGE('',*,*,#5974,.F.);
#7771=ORIENTED_EDGE('',*,*,#5975,.T.);
#7772=ORIENTED_EDGE('',*,*,#5976,.F.);
#7773=ORIENTED_EDGE('',*,*,#5977,.T.);
#7774=ORIENTED_EDGE('',*,*,#5978,.F.);
#7775=ORIENTED_EDGE('',*,*,#5979,.T.);
#7776=ORIENTED_EDGE('',*,*,#5980,.F.);
#7777=ORIENTED_EDGE('',*,*,#5981,.T.);
#7778=ORIENTED_EDGE('',*,*,#5982,.F.);
#7779=ORIENTED_EDGE('',*,*,#5983,.T.);
#7780=ORIENTED_EDGE('',*,*,#5984,.F.);
#7781=ORIENTED_EDGE('',*,*,#5985,.T.);
#7782=ORIENTED_EDGE('',*,*,#5986,.F.);
#7783=ORIENTED_EDGE('',*,*,#5987,.T.);
#7784=ORIENTED_EDGE('',*,*,#5988,.F.);
#7785=ORIENTED_EDGE('',*,*,#5989,.T.);
#7786=ORIENTED_EDGE('',*,*,#5990,.F.);
#7787=ORIENTED_EDGE('',*,*,#5991,.T.);
#7788=ORIENTED_EDGE('',*,*,#5992,.F.);
#7789=ORIENTED_EDGE('',*,*,#5993,.T.);
#7790=ORIENTED_EDGE('',*,*,#5994,.F.);
#7791=ORIENTED_EDGE('',*,*,#5995,.T.);
#7792=ORIENTED_EDGE('',*,*,#5996,.F.);
#7793=ORIENTED_EDGE('',*,*,#5997,.T.);
#7794=ORIENTED_EDGE('',*,*,#5998,.F.);
#7795=ORIENTED_EDGE('',*,*,#5999,.T.);
#7796=ORIENTED_EDGE('',*,*,#6000,.F.);
#7797=ORIENTED_EDGE('',*,*,#6001,.T.);
#7798=ORIENTED_EDGE('',*,*,#6002,.F.);
#7799=ORIENTED_EDGE('',*,*,#6003,.T.);
#7800=ORIENTED_EDGE('',*,*,#6004,.F.);
#7801=ORIENTED_EDGE('',*,*,#6005,.T.);
#7802=ORIENTED_EDGE('',*,*,#6006,.F.);
#7803=ORIENTED_EDGE('',*,*,#6007,.T.);
#7804=ORIENTED_EDGE('',*,*,#6008,.F.);
#7805=ORIENTED_EDGE('',*,*,#6009,.T.);
#7806=ORIENTED_EDGE('',*,*,#6010,.F.);
#7807=ORIENTED_EDGE('',*,*,#6011,.T.);
#7808=ORIENTED_EDGE('',*,*,#6012,.F.);
#7809=ORIENTED_EDGE('',*,*,#6013,.T.);
#7810=ORIENTED_EDGE('',*,*,#6014,.F.);
#7811=ORIENTED_EDGE('',*,*,#6015,.T.);
#7812=ORIENTED_EDGE('',*,*,#6016,.F.);
#7813=ORIENTED_EDGE('',*,*,#6017,.T.);
#7814=ORIENTED_EDGE('',*,*,#6018,.F.);
#7815=ORIENTED_EDGE('',*,*,#6019,.T.);
#7816=ORIENTED_EDGE('',*,*,#6020,.F.);
#7817=ORIENTED_EDGE('',*,*,#6021,.T.);
#7818=ORIENTED_EDGE('',*,*,#6022,.F.);
#7819=ORIENTED_EDGE('',*,*,#6023,.T.);
#7820=ORIENTED_EDGE('',*,*,#6024,.F.);
#7821=ORIENTED_EDGE('',*,*,#6025,.T.);
#7822=ORIENTED_EDGE('',*,*,#6026,.F.);
#7823=ORIENTED_EDGE('',*,*,#6027,.T.);
#7824=ORIENTED_EDGE('',*,*,#6028,.F.);
#7825=ORIENTED_EDGE('',*,*,#6029,.T.);
#7826=ORIENTED_EDGE('',*,*,#6030,.F.);
#7827=ORIENTED_EDGE('',*,*,#6031,.T.);
#7828=ORIENTED_EDGE('',*,*,#6032,.F.);
#7829=ORIENTED_EDGE('',*,*,#6033,.T.);
#7830=ORIENTED_EDGE('',*,*,#6034,.F.);
#7831=ORIENTED_EDGE('',*,*,#6035,.T.);
#7832=ORIENTED_EDGE('',*,*,#6036,.F.);
#7833=ORIENTED_EDGE('',*,*,#6037,.T.);
#7834=ORIENTED_EDGE('',*,*,#6038,.F.);
#7835=ORIENTED_EDGE('',*,*,#6039,.T.);
#7836=ORIENTED_EDGE('',*,*,#6040,.F.);
#7837=ORIENTED_EDGE('',*,*,#6041,.T.);
#7838=ORIENTED_EDGE('',*,*,#6042,.F.);
#7839=ORIENTED_EDGE('',*,*,#6043,.T.);
#7840=ORIENTED_EDGE('',*,*,#6044,.F.);
#7841=ORIENTED_EDGE('',*,*,#6045,.T.);
#7842=ORIENTED_EDGE('',*,*,#6046,.F.);
#7843=ORIENTED_EDGE('',*,*,#6047,.T.);
#7844=ORIENTED_EDGE('',*,*,#6048,.F.);
#7845=ORIENTED_EDGE('',*,*,#6049,.T.);
#7846=ORIENTED_EDGE('',*,*,#6050,.F.);
#7847=ORIENTED_EDGE('',*,*,#6051,.T.);
#7848=ORIENTED_EDGE('',*,*,#6052,.F.);
#7849=ORIENTED_EDGE('',*,*,#6053,.T.);
#7850=ORIENTED_EDGE('',*,*,#5762,.T.);
#7851=ORIENTED_EDGE('',*,*,#5760,.F.);
#7852=ORIENTED_EDGE('',*,*,#5768,.T.);
#7853=ORIENTED_EDGE('',*,*,#5757,.F.);
#7854=ORIENTED_EDGE('',*,*,#5755,.T.);
#7855=ORIENTED_EDGE('',*,*,#5753,.F.);
#7856=ORIENTED_EDGE('',*,*,#5767,.T.);
#7857=ORIENTED_EDGE('',*,*,#5750,.F.);
#7858=ORIENTED_EDGE('',*,*,#5748,.T.);
#7859=ORIENTED_EDGE('',*,*,#5735,.F.);
#7860=ORIENTED_EDGE('',*,*,#5766,.T.);
#7861=ORIENTED_EDGE('',*,*,#5764,.F.);
#7862=ORIENTED_EDGE('',*,*,#6054,.F.);
#7863=ORIENTED_EDGE('',*,*,#5444,.T.);
#7864=ORIENTED_EDGE('',*,*,#5457,.F.);
#7865=ORIENTED_EDGE('',*,*,#6055,.F.);
#7866=ORIENTED_EDGE('',*,*,#6056,.F.);
#7867=ORIENTED_EDGE('',*,*,#6055,.T.);
#7868=ORIENTED_EDGE('',*,*,#5456,.F.);
#7869=ORIENTED_EDGE('',*,*,#6057,.F.);
#7870=ORIENTED_EDGE('',*,*,#6058,.F.);
#7871=ORIENTED_EDGE('',*,*,#6057,.T.);
#7872=ORIENTED_EDGE('',*,*,#5455,.F.);
#7873=ORIENTED_EDGE('',*,*,#5590,.F.);
#7874=ORIENTED_EDGE('',*,*,#5441,.F.);
#7875=ORIENTED_EDGE('',*,*,#5945,.T.);
#7876=ORIENTED_EDGE('',*,*,#5578,.F.);
#7877=ORIENTED_EDGE('',*,*,#5452,.F.);
#7878=ORIENTED_EDGE('',*,*,#6059,.T.);
#7879=ORIENTED_EDGE('',*,*,#6056,.T.);
#7880=ORIENTED_EDGE('',*,*,#6060,.F.);
#7881=ORIENTED_EDGE('',*,*,#6061,.F.);
#7882=ORIENTED_EDGE('',*,*,#6062,.F.);
#7883=ORIENTED_EDGE('',*,*,#6063,.T.);
#7884=ORIENTED_EDGE('',*,*,#6064,.F.);
#7885=ORIENTED_EDGE('',*,*,#6065,.F.);
#7886=ORIENTED_EDGE('',*,*,#6066,.T.);
#7887=ORIENTED_EDGE('',*,*,#6067,.F.);
#7888=ORIENTED_EDGE('',*,*,#6068,.T.);
#7889=ORIENTED_EDGE('',*,*,#6069,.T.);
#7890=ORIENTED_EDGE('',*,*,#6070,.F.);
#7891=ORIENTED_EDGE('',*,*,#6071,.T.);
#7892=ORIENTED_EDGE('',*,*,#6072,.F.);
#7893=ORIENTED_EDGE('',*,*,#6073,.T.);
#7894=ORIENTED_EDGE('',*,*,#6067,.T.);
#7895=ORIENTED_EDGE('',*,*,#6074,.T.);
#7896=ORIENTED_EDGE('',*,*,#6075,.F.);
#7897=ORIENTED_EDGE('',*,*,#6076,.T.);
#7898=ORIENTED_EDGE('',*,*,#6072,.T.);
#7899=ORIENTED_EDGE('',*,*,#5446,.T.);
#7900=ORIENTED_EDGE('',*,*,#6077,.F.);
#7901=ORIENTED_EDGE('',*,*,#6078,.T.);
#7902=ORIENTED_EDGE('',*,*,#6075,.T.);
#7903=ORIENTED_EDGE('',*,*,#6079,.T.);
#7904=ORIENTED_EDGE('',*,*,#6080,.T.);
#7905=ORIENTED_EDGE('',*,*,#6081,.T.);
#7906=ORIENTED_EDGE('',*,*,#6077,.T.);
#7907=ORIENTED_EDGE('',*,*,#6065,.T.);
#7908=ORIENTED_EDGE('',*,*,#6082,.F.);
#7909=ORIENTED_EDGE('',*,*,#6083,.T.);
#7910=ORIENTED_EDGE('',*,*,#6080,.F.);
#7911=ORIENTED_EDGE('',*,*,#6084,.T.);
#7912=ORIENTED_EDGE('',*,*,#6085,.T.);
#7913=ORIENTED_EDGE('',*,*,#6086,.T.);
#7914=ORIENTED_EDGE('',*,*,#6087,.T.);
#7915=ORIENTED_EDGE('',*,*,#6088,.T.);
#7916=ORIENTED_EDGE('',*,*,#6089,.T.);
#7917=ORIENTED_EDGE('',*,*,#6084,.F.);
#7918=ORIENTED_EDGE('',*,*,#6090,.T.);
#7919=ORIENTED_EDGE('',*,*,#6091,.T.);
#7920=ORIENTED_EDGE('',*,*,#6092,.T.);
#7921=ORIENTED_EDGE('',*,*,#6088,.F.);
#7922=ORIENTED_EDGE('',*,*,#6093,.T.);
#7923=ORIENTED_EDGE('',*,*,#6094,.T.);
#7924=ORIENTED_EDGE('',*,*,#6095,.T.);
#7925=ORIENTED_EDGE('',*,*,#6091,.F.);
#7926=ORIENTED_EDGE('',*,*,#6096,.T.);
#7927=ORIENTED_EDGE('',*,*,#6097,.T.);
#7928=ORIENTED_EDGE('',*,*,#6098,.T.);
#7929=ORIENTED_EDGE('',*,*,#6094,.F.);
#7930=ORIENTED_EDGE('',*,*,#6099,.T.);
#7931=ORIENTED_EDGE('',*,*,#6100,.T.);
#7932=ORIENTED_EDGE('',*,*,#6101,.T.);
#7933=ORIENTED_EDGE('',*,*,#6097,.F.);
#7934=ORIENTED_EDGE('',*,*,#6102,.T.);
#7935=ORIENTED_EDGE('',*,*,#6103,.T.);
#7936=ORIENTED_EDGE('',*,*,#6104,.T.);
#7937=ORIENTED_EDGE('',*,*,#6100,.F.);
#7938=ORIENTED_EDGE('',*,*,#6105,.T.);
#7939=ORIENTED_EDGE('',*,*,#6086,.F.);
#7940=ORIENTED_EDGE('',*,*,#6106,.T.);
#7941=ORIENTED_EDGE('',*,*,#6103,.F.);
#7942=ORIENTED_EDGE('',*,*,#6107,.T.);
#7943=ORIENTED_EDGE('',*,*,#6096,.F.);
#7944=ORIENTED_EDGE('',*,*,#6108,.F.);
#7945=ORIENTED_EDGE('',*,*,#6109,.F.);
#7946=ORIENTED_EDGE('',*,*,#6110,.T.);
#7947=ORIENTED_EDGE('',*,*,#6093,.F.);
#7948=ORIENTED_EDGE('',*,*,#6111,.F.);
#7949=ORIENTED_EDGE('',*,*,#6112,.F.);
#7950=ORIENTED_EDGE('',*,*,#6108,.T.);
#7951=ORIENTED_EDGE('',*,*,#6090,.F.);
#7952=ORIENTED_EDGE('',*,*,#6113,.F.);
#7953=ORIENTED_EDGE('',*,*,#6083,.F.);
#7954=ORIENTED_EDGE('',*,*,#6111,.T.);
#7955=ORIENTED_EDGE('',*,*,#6087,.F.);
#7956=ORIENTED_EDGE('',*,*,#6114,.F.);
#7957=ORIENTED_EDGE('',*,*,#6081,.F.);
#7958=ORIENTED_EDGE('',*,*,#6113,.T.);
#7959=ORIENTED_EDGE('',*,*,#6085,.F.);
#7960=ORIENTED_EDGE('',*,*,#6089,.F.);
#7961=ORIENTED_EDGE('',*,*,#6092,.F.);
#7962=ORIENTED_EDGE('',*,*,#6095,.F.);
#7963=ORIENTED_EDGE('',*,*,#6098,.F.);
#7964=ORIENTED_EDGE('',*,*,#6101,.F.);
#7965=ORIENTED_EDGE('',*,*,#6104,.F.);
#7966=ORIENTED_EDGE('',*,*,#6106,.F.);
#7967=ORIENTED_EDGE('',*,*,#6107,.F.);
#7968=ORIENTED_EDGE('',*,*,#6115,.F.);
#7969=ORIENTED_EDGE('',*,*,#6078,.F.);
#7970=ORIENTED_EDGE('',*,*,#6114,.T.);
#7971=ORIENTED_EDGE('',*,*,#6105,.F.);
#7972=ORIENTED_EDGE('',*,*,#6116,.F.);
#7973=ORIENTED_EDGE('',*,*,#6076,.F.);
#7974=ORIENTED_EDGE('',*,*,#6115,.T.);
#7975=ORIENTED_EDGE('',*,*,#6102,.F.);
#7976=ORIENTED_EDGE('',*,*,#6117,.F.);
#7977=ORIENTED_EDGE('',*,*,#6073,.F.);
#7978=ORIENTED_EDGE('',*,*,#6116,.T.);
#7979=ORIENTED_EDGE('',*,*,#6099,.F.);
#7980=ORIENTED_EDGE('',*,*,#6110,.F.);
#7981=ORIENTED_EDGE('',*,*,#6068,.F.);
#7982=ORIENTED_EDGE('',*,*,#6117,.T.);
#7983=ORIENTED_EDGE('',*,*,#6069,.F.);
#7984=ORIENTED_EDGE('',*,*,#6109,.T.);
#7985=ORIENTED_EDGE('',*,*,#6118,.T.);
#7986=ORIENTED_EDGE('',*,*,#6119,.T.);
#7987=ORIENTED_EDGE('',*,*,#6064,.T.);
#7988=ORIENTED_EDGE('',*,*,#6120,.F.);
#7989=ORIENTED_EDGE('',*,*,#6118,.F.);
#7990=ORIENTED_EDGE('',*,*,#6112,.T.);
#7991=ORIENTED_EDGE('',*,*,#6082,.T.);
#7992=ORIENTED_EDGE('',*,*,#6120,.T.);
#7993=ORIENTED_EDGE('',*,*,#6063,.F.);
#7994=ORIENTED_EDGE('',*,*,#6121,.T.);
#7995=ORIENTED_EDGE('',*,*,#6070,.T.);
#7996=ORIENTED_EDGE('',*,*,#6122,.T.);
#7997=ORIENTED_EDGE('',*,*,#6123,.F.);
#7998=ORIENTED_EDGE('',*,*,#6124,.T.);
#7999=ORIENTED_EDGE('',*,*,#6122,.F.);
#8000=ORIENTED_EDGE('',*,*,#6125,.F.);
#8001=ORIENTED_EDGE('',*,*,#6126,.T.);
#8002=ORIENTED_EDGE('',*,*,#6127,.T.);
#8003=ORIENTED_EDGE('',*,*,#6128,.T.);
#8004=ORIENTED_EDGE('',*,*,#6129,.T.);
#8005=ORIENTED_EDGE('',*,*,#6130,.T.);
#8006=ORIENTED_EDGE('',*,*,#6131,.T.);
#8007=ORIENTED_EDGE('',*,*,#6132,.T.);
#8008=ORIENTED_EDGE('',*,*,#6133,.T.);
#8009=ORIENTED_EDGE('',*,*,#6128,.F.);
#8010=ORIENTED_EDGE('',*,*,#6134,.T.);
#8011=ORIENTED_EDGE('',*,*,#6135,.T.);
#8012=ORIENTED_EDGE('',*,*,#6136,.T.);
#8013=ORIENTED_EDGE('',*,*,#6132,.F.);
#8014=ORIENTED_EDGE('',*,*,#6137,.T.);
#8015=ORIENTED_EDGE('',*,*,#6138,.T.);
#8016=ORIENTED_EDGE('',*,*,#6139,.T.);
#8017=ORIENTED_EDGE('',*,*,#6135,.F.);
#8018=ORIENTED_EDGE('',*,*,#6140,.T.);
#8019=ORIENTED_EDGE('',*,*,#6141,.T.);
#8020=ORIENTED_EDGE('',*,*,#6142,.T.);
#8021=ORIENTED_EDGE('',*,*,#6138,.F.);
#8022=ORIENTED_EDGE('',*,*,#6143,.T.);
#8023=ORIENTED_EDGE('',*,*,#6144,.T.);
#8024=ORIENTED_EDGE('',*,*,#6145,.T.);
#8025=ORIENTED_EDGE('',*,*,#6141,.F.);
#8026=ORIENTED_EDGE('',*,*,#6146,.T.);
#8027=ORIENTED_EDGE('',*,*,#6147,.T.);
#8028=ORIENTED_EDGE('',*,*,#6148,.T.);
#8029=ORIENTED_EDGE('',*,*,#6144,.F.);
#8030=ORIENTED_EDGE('',*,*,#6149,.T.);
#8031=ORIENTED_EDGE('',*,*,#6130,.F.);
#8032=ORIENTED_EDGE('',*,*,#6150,.T.);
#8033=ORIENTED_EDGE('',*,*,#6147,.F.);
#8034=ORIENTED_EDGE('',*,*,#6151,.T.);
#8035=ORIENTED_EDGE('',*,*,#6140,.F.);
#8036=ORIENTED_EDGE('',*,*,#6152,.F.);
#8037=ORIENTED_EDGE('',*,*,#6153,.F.);
#8038=ORIENTED_EDGE('',*,*,#6154,.T.);
#8039=ORIENTED_EDGE('',*,*,#6137,.F.);
#8040=ORIENTED_EDGE('',*,*,#6155,.F.);
#8041=ORIENTED_EDGE('',*,*,#6156,.F.);
#8042=ORIENTED_EDGE('',*,*,#6152,.T.);
#8043=ORIENTED_EDGE('',*,*,#6134,.F.);
#8044=ORIENTED_EDGE('',*,*,#6157,.F.);
#8045=ORIENTED_EDGE('',*,*,#6158,.F.);
#8046=ORIENTED_EDGE('',*,*,#6155,.T.);
#8047=ORIENTED_EDGE('',*,*,#6131,.F.);
#8048=ORIENTED_EDGE('',*,*,#6159,.F.);
#8049=ORIENTED_EDGE('',*,*,#6160,.F.);
#8050=ORIENTED_EDGE('',*,*,#6157,.T.);
#8051=ORIENTED_EDGE('',*,*,#6129,.F.);
#8052=ORIENTED_EDGE('',*,*,#6133,.F.);
#8053=ORIENTED_EDGE('',*,*,#6136,.F.);
#8054=ORIENTED_EDGE('',*,*,#6139,.F.);
#8055=ORIENTED_EDGE('',*,*,#6142,.F.);
#8056=ORIENTED_EDGE('',*,*,#6145,.F.);
#8057=ORIENTED_EDGE('',*,*,#6148,.F.);
#8058=ORIENTED_EDGE('',*,*,#6150,.F.);
#8059=ORIENTED_EDGE('',*,*,#6151,.F.);
#8060=ORIENTED_EDGE('',*,*,#6161,.F.);
#8061=ORIENTED_EDGE('',*,*,#6162,.F.);
#8062=ORIENTED_EDGE('',*,*,#6159,.T.);
#8063=ORIENTED_EDGE('',*,*,#6149,.F.);
#8064=ORIENTED_EDGE('',*,*,#6163,.F.);
#8065=ORIENTED_EDGE('',*,*,#6126,.F.);
#8066=ORIENTED_EDGE('',*,*,#6161,.T.);
#8067=ORIENTED_EDGE('',*,*,#6146,.F.);
#8068=ORIENTED_EDGE('',*,*,#6164,.F.);
#8069=ORIENTED_EDGE('',*,*,#6165,.F.);
#8070=ORIENTED_EDGE('',*,*,#6163,.T.);
#8071=ORIENTED_EDGE('',*,*,#6143,.F.);
#8072=ORIENTED_EDGE('',*,*,#6154,.F.);
#8073=ORIENTED_EDGE('',*,*,#6166,.F.);
#8074=ORIENTED_EDGE('',*,*,#6164,.T.);
#8075=ORIENTED_EDGE('',*,*,#6062,.T.);
#8076=ORIENTED_EDGE('',*,*,#6167,.T.);
#8077=ORIENTED_EDGE('',*,*,#6160,.T.);
#8078=ORIENTED_EDGE('',*,*,#6168,.T.);
#8079=ORIENTED_EDGE('',*,*,#6121,.F.);
#8080=ORIENTED_EDGE('',*,*,#6168,.F.);
#8081=ORIENTED_EDGE('',*,*,#6162,.T.);
#8082=ORIENTED_EDGE('',*,*,#6125,.T.);
#8083=ORIENTED_EDGE('',*,*,#6119,.F.);
#8084=ORIENTED_EDGE('',*,*,#6169,.T.);
#8085=ORIENTED_EDGE('',*,*,#6127,.F.);
#8086=ORIENTED_EDGE('',*,*,#6165,.T.);
#8087=ORIENTED_EDGE('',*,*,#6170,.T.);
#8088=ORIENTED_EDGE('',*,*,#6171,.T.);
#8089=ORIENTED_EDGE('',*,*,#6170,.F.);
#8090=ORIENTED_EDGE('',*,*,#6166,.T.);
#8091=ORIENTED_EDGE('',*,*,#6172,.T.);
#8092=ORIENTED_EDGE('',*,*,#5588,.T.);
#8093=ORIENTED_EDGE('',*,*,#6172,.F.);
#8094=ORIENTED_EDGE('',*,*,#6153,.T.);
#8095=ORIENTED_EDGE('',*,*,#6173,.T.);
#8096=ORIENTED_EDGE('',*,*,#6174,.T.);
#8097=ORIENTED_EDGE('',*,*,#6173,.F.);
#8098=ORIENTED_EDGE('',*,*,#6156,.T.);
#8099=ORIENTED_EDGE('',*,*,#6175,.T.);
#8100=ORIENTED_EDGE('',*,*,#6061,.T.);
#8101=ORIENTED_EDGE('',*,*,#6175,.F.);
#8102=ORIENTED_EDGE('',*,*,#6158,.T.);
#8103=ORIENTED_EDGE('',*,*,#6167,.F.);
#8104=ORIENTED_EDGE('',*,*,#6176,.F.);
#8105=ORIENTED_EDGE('',*,*,#5835,.T.);
#8106=ORIENTED_EDGE('',*,*,#5447,.T.);
#8107=ORIENTED_EDGE('',*,*,#6074,.F.);
#8108=ORIENTED_EDGE('',*,*,#6177,.F.);
#8109=ORIENTED_EDGE('',*,*,#6171,.F.);
#8110=ORIENTED_EDGE('',*,*,#5587,.T.);
#8111=ORIENTED_EDGE('',*,*,#5829,.T.);
#8112=ORIENTED_EDGE('',*,*,#5589,.T.);
#8113=ORIENTED_EDGE('',*,*,#6174,.F.);
#8114=ORIENTED_EDGE('',*,*,#6060,.T.);
#8115=ORIENTED_EDGE('',*,*,#6058,.T.);
#8116=ORIENTED_EDGE('',*,*,#5445,.T.);
#8117=ORIENTED_EDGE('',*,*,#6054,.T.);
#8118=ORIENTED_EDGE('',*,*,#6059,.F.);
#8119=ORIENTED_EDGE('',*,*,#6079,.F.);
#8120=ORIENTED_EDGE('',*,*,#6123,.T.);
#8121=ORIENTED_EDGE('',*,*,#6124,.F.);
#8122=ORIENTED_EDGE('',*,*,#6169,.F.);
#8123=ORIENTED_EDGE('',*,*,#6177,.T.);
#8124=ORIENTED_EDGE('',*,*,#5832,.F.);
#8125=ORIENTED_EDGE('',*,*,#6176,.T.);
#8126=ORIENTED_EDGE('',*,*,#6071,.F.);
#8127=ORIENTED_EDGE('',*,*,#6066,.F.);
#8128=ORIENTED_EDGE('',*,*,#6178,.F.);
#8129=ORIENTED_EDGE('',*,*,#6179,.T.);
#8130=ORIENTED_EDGE('',*,*,#5933,.T.);
#8131=ORIENTED_EDGE('',*,*,#6180,.T.);
#8132=ORIENTED_EDGE('',*,*,#6178,.T.);
#8133=ORIENTED_EDGE('',*,*,#6181,.F.);
#8134=ORIENTED_EDGE('',*,*,#6182,.T.);
#8135=ORIENTED_EDGE('',*,*,#6183,.F.);
#8136=ORIENTED_EDGE('',*,*,#6184,.T.);
#8137=ORIENTED_EDGE('',*,*,#6185,.F.);
#8138=ORIENTED_EDGE('',*,*,#6186,.T.);
#8139=ORIENTED_EDGE('',*,*,#6187,.F.);
#8140=ORIENTED_EDGE('',*,*,#6188,.T.);
#8141=ORIENTED_EDGE('',*,*,#6189,.F.);
#8142=ORIENTED_EDGE('',*,*,#6190,.T.);
#8143=ORIENTED_EDGE('',*,*,#6191,.F.);
#8144=ORIENTED_EDGE('',*,*,#6180,.F.);
#8145=ORIENTED_EDGE('',*,*,#5944,.F.);
#8146=ORIENTED_EDGE('',*,*,#6192,.F.);
#8147=ORIENTED_EDGE('',*,*,#6181,.T.);
#8148=ORIENTED_EDGE('',*,*,#6182,.F.);
#8149=ORIENTED_EDGE('',*,*,#6192,.T.);
#8150=ORIENTED_EDGE('',*,*,#5943,.T.);
#8151=ORIENTED_EDGE('',*,*,#6193,.T.);
#8152=ORIENTED_EDGE('',*,*,#6184,.F.);
#8153=ORIENTED_EDGE('',*,*,#6194,.T.);
#8154=ORIENTED_EDGE('',*,*,#5941,.T.);
#8155=ORIENTED_EDGE('',*,*,#6195,.T.);
#8156=ORIENTED_EDGE('',*,*,#6195,.F.);
#8157=ORIENTED_EDGE('',*,*,#5940,.F.);
#8158=ORIENTED_EDGE('',*,*,#6196,.F.);
#8159=ORIENTED_EDGE('',*,*,#6185,.T.);
#8160=ORIENTED_EDGE('',*,*,#6186,.F.);
#8161=ORIENTED_EDGE('',*,*,#6196,.T.);
#8162=ORIENTED_EDGE('',*,*,#5939,.T.);
#8163=ORIENTED_EDGE('',*,*,#6197,.T.);
#8164=ORIENTED_EDGE('',*,*,#6188,.F.);
#8165=ORIENTED_EDGE('',*,*,#6198,.T.);
#8166=ORIENTED_EDGE('',*,*,#5937,.T.);
#8167=ORIENTED_EDGE('',*,*,#6199,.T.);
#8168=ORIENTED_EDGE('',*,*,#6199,.F.);
#8169=ORIENTED_EDGE('',*,*,#5936,.F.);
#8170=ORIENTED_EDGE('',*,*,#6200,.F.);
#8171=ORIENTED_EDGE('',*,*,#6189,.T.);
#8172=ORIENTED_EDGE('',*,*,#6190,.F.);
#8173=ORIENTED_EDGE('',*,*,#6200,.T.);
#8174=ORIENTED_EDGE('',*,*,#5935,.T.);
#8175=ORIENTED_EDGE('',*,*,#6201,.T.);
#8176=ORIENTED_EDGE('',*,*,#6179,.F.);
#8177=ORIENTED_EDGE('',*,*,#6191,.T.);
#8178=ORIENTED_EDGE('',*,*,#6201,.F.);
#8179=ORIENTED_EDGE('',*,*,#5934,.F.);
#8180=ORIENTED_EDGE('',*,*,#6193,.F.);
#8181=ORIENTED_EDGE('',*,*,#5942,.F.);
#8182=ORIENTED_EDGE('',*,*,#6194,.F.);
#8183=ORIENTED_EDGE('',*,*,#6183,.T.);
#8184=ORIENTED_EDGE('',*,*,#6197,.F.);
#8185=ORIENTED_EDGE('',*,*,#5938,.F.);
#8186=ORIENTED_EDGE('',*,*,#6198,.F.);
#8187=ORIENTED_EDGE('',*,*,#6187,.T.);
#8188=ORIENTED_EDGE('',*,*,#6202,.F.);
#8189=ORIENTED_EDGE('',*,*,#6203,.T.);
#8190=ORIENTED_EDGE('',*,*,#5921,.T.);
#8191=ORIENTED_EDGE('',*,*,#6204,.T.);
#8192=ORIENTED_EDGE('',*,*,#6202,.T.);
#8193=ORIENTED_EDGE('',*,*,#6205,.F.);
#8194=ORIENTED_EDGE('',*,*,#6206,.T.);
#8195=ORIENTED_EDGE('',*,*,#6207,.F.);
#8196=ORIENTED_EDGE('',*,*,#6208,.T.);
#8197=ORIENTED_EDGE('',*,*,#6209,.F.);
#8198=ORIENTED_EDGE('',*,*,#6210,.T.);
#8199=ORIENTED_EDGE('',*,*,#6211,.F.);
#8200=ORIENTED_EDGE('',*,*,#6212,.T.);
#8201=ORIENTED_EDGE('',*,*,#6213,.F.);
#8202=ORIENTED_EDGE('',*,*,#6214,.T.);
#8203=ORIENTED_EDGE('',*,*,#6215,.F.);
#8204=ORIENTED_EDGE('',*,*,#6204,.F.);
#8205=ORIENTED_EDGE('',*,*,#5932,.F.);
#8206=ORIENTED_EDGE('',*,*,#6216,.F.);
#8207=ORIENTED_EDGE('',*,*,#6205,.T.);
#8208=ORIENTED_EDGE('',*,*,#6206,.F.);
#8209=ORIENTED_EDGE('',*,*,#6216,.T.);
#8210=ORIENTED_EDGE('',*,*,#5931,.T.);
#8211=ORIENTED_EDGE('',*,*,#6217,.T.);
#8212=ORIENTED_EDGE('',*,*,#6208,.F.);
#8213=ORIENTED_EDGE('',*,*,#6218,.T.);
#8214=ORIENTED_EDGE('',*,*,#5929,.T.);
#8215=ORIENTED_EDGE('',*,*,#6219,.T.);
#8216=ORIENTED_EDGE('',*,*,#6219,.F.);
#8217=ORIENTED_EDGE('',*,*,#5928,.F.);
#8218=ORIENTED_EDGE('',*,*,#6220,.F.);
#8219=ORIENTED_EDGE('',*,*,#6209,.T.);
#8220=ORIENTED_EDGE('',*,*,#6210,.F.);
#8221=ORIENTED_EDGE('',*,*,#6220,.T.);
#8222=ORIENTED_EDGE('',*,*,#5927,.T.);
#8223=ORIENTED_EDGE('',*,*,#6221,.T.);
#8224=ORIENTED_EDGE('',*,*,#6212,.F.);
#8225=ORIENTED_EDGE('',*,*,#6222,.T.);
#8226=ORIENTED_EDGE('',*,*,#5925,.T.);
#8227=ORIENTED_EDGE('',*,*,#6223,.T.);
#8228=ORIENTED_EDGE('',*,*,#6223,.F.);
#8229=ORIENTED_EDGE('',*,*,#5924,.F.);
#8230=ORIENTED_EDGE('',*,*,#6224,.F.);
#8231=ORIENTED_EDGE('',*,*,#6213,.T.);
#8232=ORIENTED_EDGE('',*,*,#6214,.F.);
#8233=ORIENTED_EDGE('',*,*,#6224,.T.);
#8234=ORIENTED_EDGE('',*,*,#5923,.T.);
#8235=ORIENTED_EDGE('',*,*,#6225,.T.);
#8236=ORIENTED_EDGE('',*,*,#6203,.F.);
#8237=ORIENTED_EDGE('',*,*,#6215,.T.);
#8238=ORIENTED_EDGE('',*,*,#6225,.F.);
#8239=ORIENTED_EDGE('',*,*,#5922,.F.);
#8240=ORIENTED_EDGE('',*,*,#6217,.F.);
#8241=ORIENTED_EDGE('',*,*,#5930,.F.);
#8242=ORIENTED_EDGE('',*,*,#6218,.F.);
#8243=ORIENTED_EDGE('',*,*,#6207,.T.);
#8244=ORIENTED_EDGE('',*,*,#6221,.F.);
#8245=ORIENTED_EDGE('',*,*,#5926,.F.);
#8246=ORIENTED_EDGE('',*,*,#6222,.F.);
#8247=ORIENTED_EDGE('',*,*,#6211,.T.);
#8248=ORIENTED_EDGE('',*,*,#6226,.F.);
#8249=ORIENTED_EDGE('',*,*,#6227,.T.);
#8250=ORIENTED_EDGE('',*,*,#5909,.T.);
#8251=ORIENTED_EDGE('',*,*,#6228,.T.);
#8252=ORIENTED_EDGE('',*,*,#6226,.T.);
#8253=ORIENTED_EDGE('',*,*,#6229,.F.);
#8254=ORIENTED_EDGE('',*,*,#6230,.T.);
#8255=ORIENTED_EDGE('',*,*,#6231,.F.);
#8256=ORIENTED_EDGE('',*,*,#6232,.T.);
#8257=ORIENTED_EDGE('',*,*,#6233,.F.);
#8258=ORIENTED_EDGE('',*,*,#6234,.T.);
#8259=ORIENTED_EDGE('',*,*,#6235,.F.);
#8260=ORIENTED_EDGE('',*,*,#6236,.T.);
#8261=ORIENTED_EDGE('',*,*,#6237,.F.);
#8262=ORIENTED_EDGE('',*,*,#6238,.T.);
#8263=ORIENTED_EDGE('',*,*,#6239,.F.);
#8264=ORIENTED_EDGE('',*,*,#6228,.F.);
#8265=ORIENTED_EDGE('',*,*,#5920,.F.);
#8266=ORIENTED_EDGE('',*,*,#6240,.F.);
#8267=ORIENTED_EDGE('',*,*,#6229,.T.);
#8268=ORIENTED_EDGE('',*,*,#6230,.F.);
#8269=ORIENTED_EDGE('',*,*,#6240,.T.);
#8270=ORIENTED_EDGE('',*,*,#5919,.T.);
#8271=ORIENTED_EDGE('',*,*,#6241,.T.);
#8272=ORIENTED_EDGE('',*,*,#6232,.F.);
#8273=ORIENTED_EDGE('',*,*,#6242,.T.);
#8274=ORIENTED_EDGE('',*,*,#5917,.T.);
#8275=ORIENTED_EDGE('',*,*,#6243,.T.);
#8276=ORIENTED_EDGE('',*,*,#6243,.F.);
#8277=ORIENTED_EDGE('',*,*,#5916,.F.);
#8278=ORIENTED_EDGE('',*,*,#6244,.F.);
#8279=ORIENTED_EDGE('',*,*,#6233,.T.);
#8280=ORIENTED_EDGE('',*,*,#6234,.F.);
#8281=ORIENTED_EDGE('',*,*,#6244,.T.);
#8282=ORIENTED_EDGE('',*,*,#5915,.T.);
#8283=ORIENTED_EDGE('',*,*,#6245,.T.);
#8284=ORIENTED_EDGE('',*,*,#6236,.F.);
#8285=ORIENTED_EDGE('',*,*,#6246,.T.);
#8286=ORIENTED_EDGE('',*,*,#5913,.T.);
#8287=ORIENTED_EDGE('',*,*,#6247,.T.);
#8288=ORIENTED_EDGE('',*,*,#6247,.F.);
#8289=ORIENTED_EDGE('',*,*,#5912,.F.);
#8290=ORIENTED_EDGE('',*,*,#6248,.F.);
#8291=ORIENTED_EDGE('',*,*,#6237,.T.);
#8292=ORIENTED_EDGE('',*,*,#6238,.F.);
#8293=ORIENTED_EDGE('',*,*,#6248,.T.);
#8294=ORIENTED_EDGE('',*,*,#5911,.T.);
#8295=ORIENTED_EDGE('',*,*,#6249,.T.);
#8296=ORIENTED_EDGE('',*,*,#6227,.F.);
#8297=ORIENTED_EDGE('',*,*,#6239,.T.);
#8298=ORIENTED_EDGE('',*,*,#6249,.F.);
#8299=ORIENTED_EDGE('',*,*,#5910,.F.);
#8300=ORIENTED_EDGE('',*,*,#6241,.F.);
#8301=ORIENTED_EDGE('',*,*,#5918,.F.);
#8302=ORIENTED_EDGE('',*,*,#6242,.F.);
#8303=ORIENTED_EDGE('',*,*,#6231,.T.);
#8304=ORIENTED_EDGE('',*,*,#6245,.F.);
#8305=ORIENTED_EDGE('',*,*,#5914,.F.);
#8306=ORIENTED_EDGE('',*,*,#6246,.F.);
#8307=ORIENTED_EDGE('',*,*,#6235,.T.);
#8308=ORIENTED_EDGE('',*,*,#6250,.F.);
#8309=ORIENTED_EDGE('',*,*,#6251,.T.);
#8310=ORIENTED_EDGE('',*,*,#5897,.T.);
#8311=ORIENTED_EDGE('',*,*,#6252,.T.);
#8312=ORIENTED_EDGE('',*,*,#6250,.T.);
#8313=ORIENTED_EDGE('',*,*,#6253,.F.);
#8314=ORIENTED_EDGE('',*,*,#6254,.T.);
#8315=ORIENTED_EDGE('',*,*,#6255,.F.);
#8316=ORIENTED_EDGE('',*,*,#6256,.T.);
#8317=ORIENTED_EDGE('',*,*,#6257,.F.);
#8318=ORIENTED_EDGE('',*,*,#6258,.T.);
#8319=ORIENTED_EDGE('',*,*,#6259,.F.);
#8320=ORIENTED_EDGE('',*,*,#6260,.T.);
#8321=ORIENTED_EDGE('',*,*,#6261,.F.);
#8322=ORIENTED_EDGE('',*,*,#6262,.T.);
#8323=ORIENTED_EDGE('',*,*,#6263,.F.);
#8324=ORIENTED_EDGE('',*,*,#6252,.F.);
#8325=ORIENTED_EDGE('',*,*,#5908,.F.);
#8326=ORIENTED_EDGE('',*,*,#6264,.F.);
#8327=ORIENTED_EDGE('',*,*,#6253,.T.);
#8328=ORIENTED_EDGE('',*,*,#6254,.F.);
#8329=ORIENTED_EDGE('',*,*,#6264,.T.);
#8330=ORIENTED_EDGE('',*,*,#5907,.T.);
#8331=ORIENTED_EDGE('',*,*,#6265,.T.);
#8332=ORIENTED_EDGE('',*,*,#6256,.F.);
#8333=ORIENTED_EDGE('',*,*,#6266,.T.);
#8334=ORIENTED_EDGE('',*,*,#5905,.T.);
#8335=ORIENTED_EDGE('',*,*,#6267,.T.);
#8336=ORIENTED_EDGE('',*,*,#6267,.F.);
#8337=ORIENTED_EDGE('',*,*,#5904,.F.);
#8338=ORIENTED_EDGE('',*,*,#6268,.F.);
#8339=ORIENTED_EDGE('',*,*,#6257,.T.);
#8340=ORIENTED_EDGE('',*,*,#6258,.F.);
#8341=ORIENTED_EDGE('',*,*,#6268,.T.);
#8342=ORIENTED_EDGE('',*,*,#5903,.T.);
#8343=ORIENTED_EDGE('',*,*,#6269,.T.);
#8344=ORIENTED_EDGE('',*,*,#6260,.F.);
#8345=ORIENTED_EDGE('',*,*,#6270,.T.);
#8346=ORIENTED_EDGE('',*,*,#5901,.T.);
#8347=ORIENTED_EDGE('',*,*,#6271,.T.);
#8348=ORIENTED_EDGE('',*,*,#6271,.F.);
#8349=ORIENTED_EDGE('',*,*,#5900,.F.);
#8350=ORIENTED_EDGE('',*,*,#6272,.F.);
#8351=ORIENTED_EDGE('',*,*,#6261,.T.);
#8352=ORIENTED_EDGE('',*,*,#6262,.F.);
#8353=ORIENTED_EDGE('',*,*,#6272,.T.);
#8354=ORIENTED_EDGE('',*,*,#5899,.T.);
#8355=ORIENTED_EDGE('',*,*,#6273,.T.);
#8356=ORIENTED_EDGE('',*,*,#6251,.F.);
#8357=ORIENTED_EDGE('',*,*,#6263,.T.);
#8358=ORIENTED_EDGE('',*,*,#6273,.F.);
#8359=ORIENTED_EDGE('',*,*,#5898,.F.);
#8360=ORIENTED_EDGE('',*,*,#6265,.F.);
#8361=ORIENTED_EDGE('',*,*,#5906,.F.);
#8362=ORIENTED_EDGE('',*,*,#6266,.F.);
#8363=ORIENTED_EDGE('',*,*,#6255,.T.);
#8364=ORIENTED_EDGE('',*,*,#6269,.F.);
#8365=ORIENTED_EDGE('',*,*,#5902,.F.);
#8366=ORIENTED_EDGE('',*,*,#6270,.F.);
#8367=ORIENTED_EDGE('',*,*,#6259,.T.);
#8368=ORIENTED_EDGE('',*,*,#6274,.F.);
#8369=ORIENTED_EDGE('',*,*,#6275,.T.);
#8370=ORIENTED_EDGE('',*,*,#5885,.T.);
#8371=ORIENTED_EDGE('',*,*,#6276,.T.);
#8372=ORIENTED_EDGE('',*,*,#6274,.T.);
#8373=ORIENTED_EDGE('',*,*,#6277,.F.);
#8374=ORIENTED_EDGE('',*,*,#6278,.T.);
#8375=ORIENTED_EDGE('',*,*,#6279,.F.);
#8376=ORIENTED_EDGE('',*,*,#6280,.T.);
#8377=ORIENTED_EDGE('',*,*,#6281,.F.);
#8378=ORIENTED_EDGE('',*,*,#6282,.T.);
#8379=ORIENTED_EDGE('',*,*,#6283,.F.);
#8380=ORIENTED_EDGE('',*,*,#6284,.T.);
#8381=ORIENTED_EDGE('',*,*,#6285,.F.);
#8382=ORIENTED_EDGE('',*,*,#6286,.T.);
#8383=ORIENTED_EDGE('',*,*,#6287,.F.);
#8384=ORIENTED_EDGE('',*,*,#6276,.F.);
#8385=ORIENTED_EDGE('',*,*,#5896,.F.);
#8386=ORIENTED_EDGE('',*,*,#6288,.F.);
#8387=ORIENTED_EDGE('',*,*,#6277,.T.);
#8388=ORIENTED_EDGE('',*,*,#6278,.F.);
#8389=ORIENTED_EDGE('',*,*,#6288,.T.);
#8390=ORIENTED_EDGE('',*,*,#5895,.T.);
#8391=ORIENTED_EDGE('',*,*,#6289,.T.);
#8392=ORIENTED_EDGE('',*,*,#6280,.F.);
#8393=ORIENTED_EDGE('',*,*,#6290,.T.);
#8394=ORIENTED_EDGE('',*,*,#5893,.T.);
#8395=ORIENTED_EDGE('',*,*,#6291,.T.);
#8396=ORIENTED_EDGE('',*,*,#6291,.F.);
#8397=ORIENTED_EDGE('',*,*,#5892,.F.);
#8398=ORIENTED_EDGE('',*,*,#6292,.F.);
#8399=ORIENTED_EDGE('',*,*,#6281,.T.);
#8400=ORIENTED_EDGE('',*,*,#6282,.F.);
#8401=ORIENTED_EDGE('',*,*,#6292,.T.);
#8402=ORIENTED_EDGE('',*,*,#5891,.T.);
#8403=ORIENTED_EDGE('',*,*,#6293,.T.);
#8404=ORIENTED_EDGE('',*,*,#6284,.F.);
#8405=ORIENTED_EDGE('',*,*,#6294,.T.);
#8406=ORIENTED_EDGE('',*,*,#5889,.T.);
#8407=ORIENTED_EDGE('',*,*,#6295,.T.);
#8408=ORIENTED_EDGE('',*,*,#6295,.F.);
#8409=ORIENTED_EDGE('',*,*,#5888,.F.);
#8410=ORIENTED_EDGE('',*,*,#6296,.F.);
#8411=ORIENTED_EDGE('',*,*,#6285,.T.);
#8412=ORIENTED_EDGE('',*,*,#6286,.F.);
#8413=ORIENTED_EDGE('',*,*,#6296,.T.);
#8414=ORIENTED_EDGE('',*,*,#5887,.T.);
#8415=ORIENTED_EDGE('',*,*,#6297,.T.);
#8416=ORIENTED_EDGE('',*,*,#6275,.F.);
#8417=ORIENTED_EDGE('',*,*,#6287,.T.);
#8418=ORIENTED_EDGE('',*,*,#6297,.F.);
#8419=ORIENTED_EDGE('',*,*,#5886,.F.);
#8420=ORIENTED_EDGE('',*,*,#6289,.F.);
#8421=ORIENTED_EDGE('',*,*,#5894,.F.);
#8422=ORIENTED_EDGE('',*,*,#6290,.F.);
#8423=ORIENTED_EDGE('',*,*,#6279,.T.);
#8424=ORIENTED_EDGE('',*,*,#6293,.F.);
#8425=ORIENTED_EDGE('',*,*,#5890,.F.);
#8426=ORIENTED_EDGE('',*,*,#6294,.F.);
#8427=ORIENTED_EDGE('',*,*,#6283,.T.);
#8428=ORIENTED_EDGE('',*,*,#6298,.F.);
#8429=ORIENTED_EDGE('',*,*,#6299,.T.);
#8430=ORIENTED_EDGE('',*,*,#5873,.T.);
#8431=ORIENTED_EDGE('',*,*,#6300,.T.);
#8432=ORIENTED_EDGE('',*,*,#6298,.T.);
#8433=ORIENTED_EDGE('',*,*,#6301,.F.);
#8434=ORIENTED_EDGE('',*,*,#6302,.T.);
#8435=ORIENTED_EDGE('',*,*,#6303,.F.);
#8436=ORIENTED_EDGE('',*,*,#6304,.T.);
#8437=ORIENTED_EDGE('',*,*,#6305,.F.);
#8438=ORIENTED_EDGE('',*,*,#6306,.T.);
#8439=ORIENTED_EDGE('',*,*,#6307,.F.);
#8440=ORIENTED_EDGE('',*,*,#6308,.T.);
#8441=ORIENTED_EDGE('',*,*,#6309,.F.);
#8442=ORIENTED_EDGE('',*,*,#6310,.T.);
#8443=ORIENTED_EDGE('',*,*,#6311,.F.);
#8444=ORIENTED_EDGE('',*,*,#6300,.F.);
#8445=ORIENTED_EDGE('',*,*,#5884,.F.);
#8446=ORIENTED_EDGE('',*,*,#6312,.F.);
#8447=ORIENTED_EDGE('',*,*,#6301,.T.);
#8448=ORIENTED_EDGE('',*,*,#6302,.F.);
#8449=ORIENTED_EDGE('',*,*,#6312,.T.);
#8450=ORIENTED_EDGE('',*,*,#5883,.T.);
#8451=ORIENTED_EDGE('',*,*,#6313,.T.);
#8452=ORIENTED_EDGE('',*,*,#6304,.F.);
#8453=ORIENTED_EDGE('',*,*,#6314,.T.);
#8454=ORIENTED_EDGE('',*,*,#5881,.T.);
#8455=ORIENTED_EDGE('',*,*,#6315,.T.);
#8456=ORIENTED_EDGE('',*,*,#6315,.F.);
#8457=ORIENTED_EDGE('',*,*,#5880,.F.);
#8458=ORIENTED_EDGE('',*,*,#6316,.F.);
#8459=ORIENTED_EDGE('',*,*,#6305,.T.);
#8460=ORIENTED_EDGE('',*,*,#6306,.F.);
#8461=ORIENTED_EDGE('',*,*,#6316,.T.);
#8462=ORIENTED_EDGE('',*,*,#5879,.T.);
#8463=ORIENTED_EDGE('',*,*,#6317,.T.);
#8464=ORIENTED_EDGE('',*,*,#6308,.F.);
#8465=ORIENTED_EDGE('',*,*,#6318,.T.);
#8466=ORIENTED_EDGE('',*,*,#5877,.T.);
#8467=ORIENTED_EDGE('',*,*,#6319,.T.);
#8468=ORIENTED_EDGE('',*,*,#6319,.F.);
#8469=ORIENTED_EDGE('',*,*,#5876,.F.);
#8470=ORIENTED_EDGE('',*,*,#6320,.F.);
#8471=ORIENTED_EDGE('',*,*,#6309,.T.);
#8472=ORIENTED_EDGE('',*,*,#6310,.F.);
#8473=ORIENTED_EDGE('',*,*,#6320,.T.);
#8474=ORIENTED_EDGE('',*,*,#5875,.T.);
#8475=ORIENTED_EDGE('',*,*,#6321,.T.);
#8476=ORIENTED_EDGE('',*,*,#6299,.F.);
#8477=ORIENTED_EDGE('',*,*,#6311,.T.);
#8478=ORIENTED_EDGE('',*,*,#6321,.F.);
#8479=ORIENTED_EDGE('',*,*,#5874,.F.);
#8480=ORIENTED_EDGE('',*,*,#6313,.F.);
#8481=ORIENTED_EDGE('',*,*,#5882,.F.);
#8482=ORIENTED_EDGE('',*,*,#6314,.F.);
#8483=ORIENTED_EDGE('',*,*,#6303,.T.);
#8484=ORIENTED_EDGE('',*,*,#6317,.F.);
#8485=ORIENTED_EDGE('',*,*,#5878,.F.);
#8486=ORIENTED_EDGE('',*,*,#6318,.F.);
#8487=ORIENTED_EDGE('',*,*,#6307,.T.);
#8488=ORIENTED_EDGE('',*,*,#6322,.F.);
#8489=ORIENTED_EDGE('',*,*,#6323,.T.);
#8490=ORIENTED_EDGE('',*,*,#5861,.T.);
#8491=ORIENTED_EDGE('',*,*,#6324,.T.);
#8492=ORIENTED_EDGE('',*,*,#6322,.T.);
#8493=ORIENTED_EDGE('',*,*,#6325,.F.);
#8494=ORIENTED_EDGE('',*,*,#6326,.T.);
#8495=ORIENTED_EDGE('',*,*,#6327,.F.);
#8496=ORIENTED_EDGE('',*,*,#6328,.T.);
#8497=ORIENTED_EDGE('',*,*,#6329,.F.);
#8498=ORIENTED_EDGE('',*,*,#6330,.T.);
#8499=ORIENTED_EDGE('',*,*,#6331,.F.);
#8500=ORIENTED_EDGE('',*,*,#6332,.T.);
#8501=ORIENTED_EDGE('',*,*,#6333,.F.);
#8502=ORIENTED_EDGE('',*,*,#6334,.T.);
#8503=ORIENTED_EDGE('',*,*,#6335,.F.);
#8504=ORIENTED_EDGE('',*,*,#6324,.F.);
#8505=ORIENTED_EDGE('',*,*,#5872,.F.);
#8506=ORIENTED_EDGE('',*,*,#6336,.F.);
#8507=ORIENTED_EDGE('',*,*,#6325,.T.);
#8508=ORIENTED_EDGE('',*,*,#6326,.F.);
#8509=ORIENTED_EDGE('',*,*,#6336,.T.);
#8510=ORIENTED_EDGE('',*,*,#5871,.T.);
#8511=ORIENTED_EDGE('',*,*,#6337,.T.);
#8512=ORIENTED_EDGE('',*,*,#6328,.F.);
#8513=ORIENTED_EDGE('',*,*,#6338,.T.);
#8514=ORIENTED_EDGE('',*,*,#5869,.T.);
#8515=ORIENTED_EDGE('',*,*,#6339,.T.);
#8516=ORIENTED_EDGE('',*,*,#6339,.F.);
#8517=ORIENTED_EDGE('',*,*,#5868,.F.);
#8518=ORIENTED_EDGE('',*,*,#6340,.F.);
#8519=ORIENTED_EDGE('',*,*,#6329,.T.);
#8520=ORIENTED_EDGE('',*,*,#6330,.F.);
#8521=ORIENTED_EDGE('',*,*,#6340,.T.);
#8522=ORIENTED_EDGE('',*,*,#5867,.T.);
#8523=ORIENTED_EDGE('',*,*,#6341,.T.);
#8524=ORIENTED_EDGE('',*,*,#6332,.F.);
#8525=ORIENTED_EDGE('',*,*,#6342,.T.);
#8526=ORIENTED_EDGE('',*,*,#5865,.T.);
#8527=ORIENTED_EDGE('',*,*,#6343,.T.);
#8528=ORIENTED_EDGE('',*,*,#6343,.F.);
#8529=ORIENTED_EDGE('',*,*,#5864,.F.);
#8530=ORIENTED_EDGE('',*,*,#6344,.F.);
#8531=ORIENTED_EDGE('',*,*,#6333,.T.);
#8532=ORIENTED_EDGE('',*,*,#6334,.F.);
#8533=ORIENTED_EDGE('',*,*,#6344,.T.);
#8534=ORIENTED_EDGE('',*,*,#5863,.T.);
#8535=ORIENTED_EDGE('',*,*,#6345,.T.);
#8536=ORIENTED_EDGE('',*,*,#6323,.F.);
#8537=ORIENTED_EDGE('',*,*,#6335,.T.);
#8538=ORIENTED_EDGE('',*,*,#6345,.F.);
#8539=ORIENTED_EDGE('',*,*,#5862,.F.);
#8540=ORIENTED_EDGE('',*,*,#6337,.F.);
#8541=ORIENTED_EDGE('',*,*,#5870,.F.);
#8542=ORIENTED_EDGE('',*,*,#6338,.F.);
#8543=ORIENTED_EDGE('',*,*,#6327,.T.);
#8544=ORIENTED_EDGE('',*,*,#6341,.F.);
#8545=ORIENTED_EDGE('',*,*,#5866,.F.);
#8546=ORIENTED_EDGE('',*,*,#6342,.F.);
#8547=ORIENTED_EDGE('',*,*,#6331,.T.);
#8548=ORIENTED_EDGE('',*,*,#6346,.F.);
#8549=ORIENTED_EDGE('',*,*,#6347,.T.);
#8550=ORIENTED_EDGE('',*,*,#5849,.T.);
#8551=ORIENTED_EDGE('',*,*,#6348,.T.);
#8552=ORIENTED_EDGE('',*,*,#6346,.T.);
#8553=ORIENTED_EDGE('',*,*,#6349,.F.);
#8554=ORIENTED_EDGE('',*,*,#6350,.T.);
#8555=ORIENTED_EDGE('',*,*,#6351,.F.);
#8556=ORIENTED_EDGE('',*,*,#6352,.T.);
#8557=ORIENTED_EDGE('',*,*,#6353,.F.);
#8558=ORIENTED_EDGE('',*,*,#6354,.T.);
#8559=ORIENTED_EDGE('',*,*,#6355,.F.);
#8560=ORIENTED_EDGE('',*,*,#6356,.T.);
#8561=ORIENTED_EDGE('',*,*,#6357,.F.);
#8562=ORIENTED_EDGE('',*,*,#6358,.T.);
#8563=ORIENTED_EDGE('',*,*,#6359,.F.);
#8564=ORIENTED_EDGE('',*,*,#6348,.F.);
#8565=ORIENTED_EDGE('',*,*,#5860,.F.);
#8566=ORIENTED_EDGE('',*,*,#6360,.F.);
#8567=ORIENTED_EDGE('',*,*,#6349,.T.);
#8568=ORIENTED_EDGE('',*,*,#6350,.F.);
#8569=ORIENTED_EDGE('',*,*,#6360,.T.);
#8570=ORIENTED_EDGE('',*,*,#5859,.T.);
#8571=ORIENTED_EDGE('',*,*,#6361,.T.);
#8572=ORIENTED_EDGE('',*,*,#6352,.F.);
#8573=ORIENTED_EDGE('',*,*,#6362,.T.);
#8574=ORIENTED_EDGE('',*,*,#5857,.T.);
#8575=ORIENTED_EDGE('',*,*,#6363,.T.);
#8576=ORIENTED_EDGE('',*,*,#6363,.F.);
#8577=ORIENTED_EDGE('',*,*,#5856,.F.);
#8578=ORIENTED_EDGE('',*,*,#6364,.F.);
#8579=ORIENTED_EDGE('',*,*,#6353,.T.);
#8580=ORIENTED_EDGE('',*,*,#6354,.F.);
#8581=ORIENTED_EDGE('',*,*,#6364,.T.);
#8582=ORIENTED_EDGE('',*,*,#5855,.T.);
#8583=ORIENTED_EDGE('',*,*,#6365,.T.);
#8584=ORIENTED_EDGE('',*,*,#6356,.F.);
#8585=ORIENTED_EDGE('',*,*,#6366,.T.);
#8586=ORIENTED_EDGE('',*,*,#5853,.T.);
#8587=ORIENTED_EDGE('',*,*,#6367,.T.);
#8588=ORIENTED_EDGE('',*,*,#6367,.F.);
#8589=ORIENTED_EDGE('',*,*,#5852,.F.);
#8590=ORIENTED_EDGE('',*,*,#6368,.F.);
#8591=ORIENTED_EDGE('',*,*,#6357,.T.);
#8592=ORIENTED_EDGE('',*,*,#6358,.F.);
#8593=ORIENTED_EDGE('',*,*,#6368,.T.);
#8594=ORIENTED_EDGE('',*,*,#5851,.T.);
#8595=ORIENTED_EDGE('',*,*,#6369,.T.);
#8596=ORIENTED_EDGE('',*,*,#6347,.F.);
#8597=ORIENTED_EDGE('',*,*,#6359,.T.);
#8598=ORIENTED_EDGE('',*,*,#6369,.F.);
#8599=ORIENTED_EDGE('',*,*,#5850,.F.);
#8600=ORIENTED_EDGE('',*,*,#6361,.F.);
#8601=ORIENTED_EDGE('',*,*,#5858,.F.);
#8602=ORIENTED_EDGE('',*,*,#6362,.F.);
#8603=ORIENTED_EDGE('',*,*,#6351,.T.);
#8604=ORIENTED_EDGE('',*,*,#6365,.F.);
#8605=ORIENTED_EDGE('',*,*,#5854,.F.);
#8606=ORIENTED_EDGE('',*,*,#6366,.F.);
#8607=ORIENTED_EDGE('',*,*,#6355,.T.);
#8608=ORIENTED_EDGE('',*,*,#6370,.F.);
#8609=ORIENTED_EDGE('',*,*,#6371,.T.);
#8610=ORIENTED_EDGE('',*,*,#5837,.T.);
#8611=ORIENTED_EDGE('',*,*,#6372,.T.);
#8612=ORIENTED_EDGE('',*,*,#6370,.T.);
#8613=ORIENTED_EDGE('',*,*,#6373,.F.);
#8614=ORIENTED_EDGE('',*,*,#6374,.T.);
#8615=ORIENTED_EDGE('',*,*,#6375,.F.);
#8616=ORIENTED_EDGE('',*,*,#6376,.T.);
#8617=ORIENTED_EDGE('',*,*,#6377,.F.);
#8618=ORIENTED_EDGE('',*,*,#6378,.T.);
#8619=ORIENTED_EDGE('',*,*,#6379,.F.);
#8620=ORIENTED_EDGE('',*,*,#6380,.T.);
#8621=ORIENTED_EDGE('',*,*,#6381,.F.);
#8622=ORIENTED_EDGE('',*,*,#6382,.T.);
#8623=ORIENTED_EDGE('',*,*,#6383,.F.);
#8624=ORIENTED_EDGE('',*,*,#6372,.F.);
#8625=ORIENTED_EDGE('',*,*,#5848,.F.);
#8626=ORIENTED_EDGE('',*,*,#6384,.F.);
#8627=ORIENTED_EDGE('',*,*,#6373,.T.);
#8628=ORIENTED_EDGE('',*,*,#6374,.F.);
#8629=ORIENTED_EDGE('',*,*,#6384,.T.);
#8630=ORIENTED_EDGE('',*,*,#5847,.T.);
#8631=ORIENTED_EDGE('',*,*,#6385,.T.);
#8632=ORIENTED_EDGE('',*,*,#6376,.F.);
#8633=ORIENTED_EDGE('',*,*,#6386,.T.);
#8634=ORIENTED_EDGE('',*,*,#5845,.T.);
#8635=ORIENTED_EDGE('',*,*,#6387,.T.);
#8636=ORIENTED_EDGE('',*,*,#6387,.F.);
#8637=ORIENTED_EDGE('',*,*,#5844,.F.);
#8638=ORIENTED_EDGE('',*,*,#6388,.F.);
#8639=ORIENTED_EDGE('',*,*,#6377,.T.);
#8640=ORIENTED_EDGE('',*,*,#6378,.F.);
#8641=ORIENTED_EDGE('',*,*,#6388,.T.);
#8642=ORIENTED_EDGE('',*,*,#5843,.T.);
#8643=ORIENTED_EDGE('',*,*,#6389,.T.);
#8644=ORIENTED_EDGE('',*,*,#6380,.F.);
#8645=ORIENTED_EDGE('',*,*,#6390,.T.);
#8646=ORIENTED_EDGE('',*,*,#5841,.T.);
#8647=ORIENTED_EDGE('',*,*,#6391,.T.);
#8648=ORIENTED_EDGE('',*,*,#6391,.F.);
#8649=ORIENTED_EDGE('',*,*,#5840,.F.);
#8650=ORIENTED_EDGE('',*,*,#6392,.F.);
#8651=ORIENTED_EDGE('',*,*,#6381,.T.);
#8652=ORIENTED_EDGE('',*,*,#6382,.F.);
#8653=ORIENTED_EDGE('',*,*,#6392,.T.);
#8654=ORIENTED_EDGE('',*,*,#5839,.T.);
#8655=ORIENTED_EDGE('',*,*,#6393,.T.);
#8656=ORIENTED_EDGE('',*,*,#6371,.F.);
#8657=ORIENTED_EDGE('',*,*,#6383,.T.);
#8658=ORIENTED_EDGE('',*,*,#6393,.F.);
#8659=ORIENTED_EDGE('',*,*,#5838,.F.);
#8660=ORIENTED_EDGE('',*,*,#6385,.F.);
#8661=ORIENTED_EDGE('',*,*,#5846,.F.);
#8662=ORIENTED_EDGE('',*,*,#6386,.F.);
#8663=ORIENTED_EDGE('',*,*,#6375,.T.);
#8664=ORIENTED_EDGE('',*,*,#6389,.F.);
#8665=ORIENTED_EDGE('',*,*,#5842,.F.);
#8666=ORIENTED_EDGE('',*,*,#6390,.F.);
#8667=ORIENTED_EDGE('',*,*,#6379,.T.);
#8668=ORIENTED_EDGE('',*,*,#6394,.F.);
#8669=ORIENTED_EDGE('',*,*,#6395,.T.);
#8670=ORIENTED_EDGE('',*,*,#5696,.T.);
#8671=ORIENTED_EDGE('',*,*,#6396,.T.);
#8672=ORIENTED_EDGE('',*,*,#6394,.T.);
#8673=ORIENTED_EDGE('',*,*,#6397,.F.);
#8674=ORIENTED_EDGE('',*,*,#6398,.T.);
#8675=ORIENTED_EDGE('',*,*,#6399,.F.);
#8676=ORIENTED_EDGE('',*,*,#6400,.T.);
#8677=ORIENTED_EDGE('',*,*,#6401,.F.);
#8678=ORIENTED_EDGE('',*,*,#6402,.T.);
#8679=ORIENTED_EDGE('',*,*,#6403,.F.);
#8680=ORIENTED_EDGE('',*,*,#6404,.T.);
#8681=ORIENTED_EDGE('',*,*,#6405,.F.);
#8682=ORIENTED_EDGE('',*,*,#6406,.T.);
#8683=ORIENTED_EDGE('',*,*,#6407,.F.);
#8684=ORIENTED_EDGE('',*,*,#6396,.F.);
#8685=ORIENTED_EDGE('',*,*,#5707,.F.);
#8686=ORIENTED_EDGE('',*,*,#6408,.F.);
#8687=ORIENTED_EDGE('',*,*,#6397,.T.);
#8688=ORIENTED_EDGE('',*,*,#6398,.F.);
#8689=ORIENTED_EDGE('',*,*,#6408,.T.);
#8690=ORIENTED_EDGE('',*,*,#5706,.T.);
#8691=ORIENTED_EDGE('',*,*,#6409,.T.);
#8692=ORIENTED_EDGE('',*,*,#6400,.F.);
#8693=ORIENTED_EDGE('',*,*,#6410,.T.);
#8694=ORIENTED_EDGE('',*,*,#5704,.T.);
#8695=ORIENTED_EDGE('',*,*,#6411,.T.);
#8696=ORIENTED_EDGE('',*,*,#6411,.F.);
#8697=ORIENTED_EDGE('',*,*,#5703,.F.);
#8698=ORIENTED_EDGE('',*,*,#6412,.F.);
#8699=ORIENTED_EDGE('',*,*,#6401,.T.);
#8700=ORIENTED_EDGE('',*,*,#6402,.F.);
#8701=ORIENTED_EDGE('',*,*,#6412,.T.);
#8702=ORIENTED_EDGE('',*,*,#5702,.T.);
#8703=ORIENTED_EDGE('',*,*,#6413,.T.);
#8704=ORIENTED_EDGE('',*,*,#6404,.F.);
#8705=ORIENTED_EDGE('',*,*,#6414,.T.);
#8706=ORIENTED_EDGE('',*,*,#5700,.T.);
#8707=ORIENTED_EDGE('',*,*,#6415,.T.);
#8708=ORIENTED_EDGE('',*,*,#6415,.F.);
#8709=ORIENTED_EDGE('',*,*,#5699,.F.);
#8710=ORIENTED_EDGE('',*,*,#6416,.F.);
#8711=ORIENTED_EDGE('',*,*,#6405,.T.);
#8712=ORIENTED_EDGE('',*,*,#6406,.F.);
#8713=ORIENTED_EDGE('',*,*,#6416,.T.);
#8714=ORIENTED_EDGE('',*,*,#5698,.T.);
#8715=ORIENTED_EDGE('',*,*,#6417,.T.);
#8716=ORIENTED_EDGE('',*,*,#6395,.F.);
#8717=ORIENTED_EDGE('',*,*,#6407,.T.);
#8718=ORIENTED_EDGE('',*,*,#6417,.F.);
#8719=ORIENTED_EDGE('',*,*,#5697,.F.);
#8720=ORIENTED_EDGE('',*,*,#6409,.F.);
#8721=ORIENTED_EDGE('',*,*,#5705,.F.);
#8722=ORIENTED_EDGE('',*,*,#6410,.F.);
#8723=ORIENTED_EDGE('',*,*,#6399,.T.);
#8724=ORIENTED_EDGE('',*,*,#6413,.F.);
#8725=ORIENTED_EDGE('',*,*,#5701,.F.);
#8726=ORIENTED_EDGE('',*,*,#6414,.F.);
#8727=ORIENTED_EDGE('',*,*,#6403,.T.);
#8728=ORIENTED_EDGE('',*,*,#6418,.F.);
#8729=ORIENTED_EDGE('',*,*,#6419,.T.);
#8730=ORIENTED_EDGE('',*,*,#5684,.T.);
#8731=ORIENTED_EDGE('',*,*,#6420,.T.);
#8732=ORIENTED_EDGE('',*,*,#6418,.T.);
#8733=ORIENTED_EDGE('',*,*,#6421,.F.);
#8734=ORIENTED_EDGE('',*,*,#6422,.T.);
#8735=ORIENTED_EDGE('',*,*,#6423,.F.);
#8736=ORIENTED_EDGE('',*,*,#6424,.T.);
#8737=ORIENTED_EDGE('',*,*,#6425,.F.);
#8738=ORIENTED_EDGE('',*,*,#6426,.T.);
#8739=ORIENTED_EDGE('',*,*,#6427,.F.);
#8740=ORIENTED_EDGE('',*,*,#6428,.T.);
#8741=ORIENTED_EDGE('',*,*,#6429,.F.);
#8742=ORIENTED_EDGE('',*,*,#6430,.T.);
#8743=ORIENTED_EDGE('',*,*,#6431,.F.);
#8744=ORIENTED_EDGE('',*,*,#6420,.F.);
#8745=ORIENTED_EDGE('',*,*,#5695,.F.);
#8746=ORIENTED_EDGE('',*,*,#6432,.F.);
#8747=ORIENTED_EDGE('',*,*,#6421,.T.);
#8748=ORIENTED_EDGE('',*,*,#6422,.F.);
#8749=ORIENTED_EDGE('',*,*,#6432,.T.);
#8750=ORIENTED_EDGE('',*,*,#5694,.T.);
#8751=ORIENTED_EDGE('',*,*,#6433,.T.);
#8752=ORIENTED_EDGE('',*,*,#6424,.F.);
#8753=ORIENTED_EDGE('',*,*,#6434,.T.);
#8754=ORIENTED_EDGE('',*,*,#5692,.T.);
#8755=ORIENTED_EDGE('',*,*,#6435,.T.);
#8756=ORIENTED_EDGE('',*,*,#6435,.F.);
#8757=ORIENTED_EDGE('',*,*,#5691,.F.);
#8758=ORIENTED_EDGE('',*,*,#6436,.F.);
#8759=ORIENTED_EDGE('',*,*,#6425,.T.);
#8760=ORIENTED_EDGE('',*,*,#6426,.F.);
#8761=ORIENTED_EDGE('',*,*,#6436,.T.);
#8762=ORIENTED_EDGE('',*,*,#5690,.T.);
#8763=ORIENTED_EDGE('',*,*,#6437,.T.);
#8764=ORIENTED_EDGE('',*,*,#6428,.F.);
#8765=ORIENTED_EDGE('',*,*,#6438,.T.);
#8766=ORIENTED_EDGE('',*,*,#5688,.T.);
#8767=ORIENTED_EDGE('',*,*,#6439,.T.);
#8768=ORIENTED_EDGE('',*,*,#6439,.F.);
#8769=ORIENTED_EDGE('',*,*,#5687,.F.);
#8770=ORIENTED_EDGE('',*,*,#6440,.F.);
#8771=ORIENTED_EDGE('',*,*,#6429,.T.);
#8772=ORIENTED_EDGE('',*,*,#6430,.F.);
#8773=ORIENTED_EDGE('',*,*,#6440,.T.);
#8774=ORIENTED_EDGE('',*,*,#5686,.T.);
#8775=ORIENTED_EDGE('',*,*,#6441,.T.);
#8776=ORIENTED_EDGE('',*,*,#6419,.F.);
#8777=ORIENTED_EDGE('',*,*,#6431,.T.);
#8778=ORIENTED_EDGE('',*,*,#6441,.F.);
#8779=ORIENTED_EDGE('',*,*,#5685,.F.);
#8780=ORIENTED_EDGE('',*,*,#6433,.F.);
#8781=ORIENTED_EDGE('',*,*,#5693,.F.);
#8782=ORIENTED_EDGE('',*,*,#6434,.F.);
#8783=ORIENTED_EDGE('',*,*,#6423,.T.);
#8784=ORIENTED_EDGE('',*,*,#6437,.F.);
#8785=ORIENTED_EDGE('',*,*,#5689,.F.);
#8786=ORIENTED_EDGE('',*,*,#6438,.F.);
#8787=ORIENTED_EDGE('',*,*,#6427,.T.);
#8788=ORIENTED_EDGE('',*,*,#6442,.F.);
#8789=ORIENTED_EDGE('',*,*,#6443,.T.);
#8790=ORIENTED_EDGE('',*,*,#5672,.T.);
#8791=ORIENTED_EDGE('',*,*,#6444,.T.);
#8792=ORIENTED_EDGE('',*,*,#6442,.T.);
#8793=ORIENTED_EDGE('',*,*,#6445,.F.);
#8794=ORIENTED_EDGE('',*,*,#6446,.T.);
#8795=ORIENTED_EDGE('',*,*,#6447,.F.);
#8796=ORIENTED_EDGE('',*,*,#6448,.T.);
#8797=ORIENTED_EDGE('',*,*,#6449,.F.);
#8798=ORIENTED_EDGE('',*,*,#6450,.T.);
#8799=ORIENTED_EDGE('',*,*,#6451,.F.);
#8800=ORIENTED_EDGE('',*,*,#6452,.T.);
#8801=ORIENTED_EDGE('',*,*,#6453,.F.);
#8802=ORIENTED_EDGE('',*,*,#6454,.T.);
#8803=ORIENTED_EDGE('',*,*,#6455,.F.);
#8804=ORIENTED_EDGE('',*,*,#6444,.F.);
#8805=ORIENTED_EDGE('',*,*,#5683,.F.);
#8806=ORIENTED_EDGE('',*,*,#6456,.F.);
#8807=ORIENTED_EDGE('',*,*,#6445,.T.);
#8808=ORIENTED_EDGE('',*,*,#6446,.F.);
#8809=ORIENTED_EDGE('',*,*,#6456,.T.);
#8810=ORIENTED_EDGE('',*,*,#5682,.T.);
#8811=ORIENTED_EDGE('',*,*,#6457,.T.);
#8812=ORIENTED_EDGE('',*,*,#6448,.F.);
#8813=ORIENTED_EDGE('',*,*,#6458,.T.);
#8814=ORIENTED_EDGE('',*,*,#5680,.T.);
#8815=ORIENTED_EDGE('',*,*,#6459,.T.);
#8816=ORIENTED_EDGE('',*,*,#6459,.F.);
#8817=ORIENTED_EDGE('',*,*,#5679,.F.);
#8818=ORIENTED_EDGE('',*,*,#6460,.F.);
#8819=ORIENTED_EDGE('',*,*,#6449,.T.);
#8820=ORIENTED_EDGE('',*,*,#6450,.F.);
#8821=ORIENTED_EDGE('',*,*,#6460,.T.);
#8822=ORIENTED_EDGE('',*,*,#5678,.T.);
#8823=ORIENTED_EDGE('',*,*,#6461,.T.);
#8824=ORIENTED_EDGE('',*,*,#6452,.F.);
#8825=ORIENTED_EDGE('',*,*,#6462,.T.);
#8826=ORIENTED_EDGE('',*,*,#5676,.T.);
#8827=ORIENTED_EDGE('',*,*,#6463,.T.);
#8828=ORIENTED_EDGE('',*,*,#6463,.F.);
#8829=ORIENTED_EDGE('',*,*,#5675,.F.);
#8830=ORIENTED_EDGE('',*,*,#6464,.F.);
#8831=ORIENTED_EDGE('',*,*,#6453,.T.);
#8832=ORIENTED_EDGE('',*,*,#6454,.F.);
#8833=ORIENTED_EDGE('',*,*,#6464,.T.);
#8834=ORIENTED_EDGE('',*,*,#5674,.T.);
#8835=ORIENTED_EDGE('',*,*,#6465,.T.);
#8836=ORIENTED_EDGE('',*,*,#6443,.F.);
#8837=ORIENTED_EDGE('',*,*,#6455,.T.);
#8838=ORIENTED_EDGE('',*,*,#6465,.F.);
#8839=ORIENTED_EDGE('',*,*,#5673,.F.);
#8840=ORIENTED_EDGE('',*,*,#6457,.F.);
#8841=ORIENTED_EDGE('',*,*,#5681,.F.);
#8842=ORIENTED_EDGE('',*,*,#6458,.F.);
#8843=ORIENTED_EDGE('',*,*,#6447,.T.);
#8844=ORIENTED_EDGE('',*,*,#6461,.F.);
#8845=ORIENTED_EDGE('',*,*,#5677,.F.);
#8846=ORIENTED_EDGE('',*,*,#6462,.F.);
#8847=ORIENTED_EDGE('',*,*,#6451,.T.);
#8848=ORIENTED_EDGE('',*,*,#6466,.F.);
#8849=ORIENTED_EDGE('',*,*,#6467,.T.);
#8850=ORIENTED_EDGE('',*,*,#5660,.T.);
#8851=ORIENTED_EDGE('',*,*,#6468,.T.);
#8852=ORIENTED_EDGE('',*,*,#6466,.T.);
#8853=ORIENTED_EDGE('',*,*,#6469,.F.);
#8854=ORIENTED_EDGE('',*,*,#6470,.T.);
#8855=ORIENTED_EDGE('',*,*,#6471,.F.);
#8856=ORIENTED_EDGE('',*,*,#6472,.T.);
#8857=ORIENTED_EDGE('',*,*,#6473,.F.);
#8858=ORIENTED_EDGE('',*,*,#6474,.T.);
#8859=ORIENTED_EDGE('',*,*,#6475,.F.);
#8860=ORIENTED_EDGE('',*,*,#6476,.T.);
#8861=ORIENTED_EDGE('',*,*,#6477,.F.);
#8862=ORIENTED_EDGE('',*,*,#6478,.T.);
#8863=ORIENTED_EDGE('',*,*,#6479,.F.);
#8864=ORIENTED_EDGE('',*,*,#6468,.F.);
#8865=ORIENTED_EDGE('',*,*,#5671,.F.);
#8866=ORIENTED_EDGE('',*,*,#6480,.F.);
#8867=ORIENTED_EDGE('',*,*,#6469,.T.);
#8868=ORIENTED_EDGE('',*,*,#6470,.F.);
#8869=ORIENTED_EDGE('',*,*,#6480,.T.);
#8870=ORIENTED_EDGE('',*,*,#5670,.T.);
#8871=ORIENTED_EDGE('',*,*,#6481,.T.);
#8872=ORIENTED_EDGE('',*,*,#6472,.F.);
#8873=ORIENTED_EDGE('',*,*,#6482,.T.);
#8874=ORIENTED_EDGE('',*,*,#5668,.T.);
#8875=ORIENTED_EDGE('',*,*,#6483,.T.);
#8876=ORIENTED_EDGE('',*,*,#6483,.F.);
#8877=ORIENTED_EDGE('',*,*,#5667,.F.);
#8878=ORIENTED_EDGE('',*,*,#6484,.F.);
#8879=ORIENTED_EDGE('',*,*,#6473,.T.);
#8880=ORIENTED_EDGE('',*,*,#6474,.F.);
#8881=ORIENTED_EDGE('',*,*,#6484,.T.);
#8882=ORIENTED_EDGE('',*,*,#5666,.T.);
#8883=ORIENTED_EDGE('',*,*,#6485,.T.);
#8884=ORIENTED_EDGE('',*,*,#6476,.F.);
#8885=ORIENTED_EDGE('',*,*,#6486,.T.);
#8886=ORIENTED_EDGE('',*,*,#5664,.T.);
#8887=ORIENTED_EDGE('',*,*,#6487,.T.);
#8888=ORIENTED_EDGE('',*,*,#6487,.F.);
#8889=ORIENTED_EDGE('',*,*,#5663,.F.);
#8890=ORIENTED_EDGE('',*,*,#6488,.F.);
#8891=ORIENTED_EDGE('',*,*,#6477,.T.);
#8892=ORIENTED_EDGE('',*,*,#6478,.F.);
#8893=ORIENTED_EDGE('',*,*,#6488,.T.);
#8894=ORIENTED_EDGE('',*,*,#5662,.T.);
#8895=ORIENTED_EDGE('',*,*,#6489,.T.);
#8896=ORIENTED_EDGE('',*,*,#6467,.F.);
#8897=ORIENTED_EDGE('',*,*,#6479,.T.);
#8898=ORIENTED_EDGE('',*,*,#6489,.F.);
#8899=ORIENTED_EDGE('',*,*,#5661,.F.);
#8900=ORIENTED_EDGE('',*,*,#6481,.F.);
#8901=ORIENTED_EDGE('',*,*,#5669,.F.);
#8902=ORIENTED_EDGE('',*,*,#6482,.F.);
#8903=ORIENTED_EDGE('',*,*,#6471,.T.);
#8904=ORIENTED_EDGE('',*,*,#6485,.F.);
#8905=ORIENTED_EDGE('',*,*,#5665,.F.);
#8906=ORIENTED_EDGE('',*,*,#6486,.F.);
#8907=ORIENTED_EDGE('',*,*,#6475,.T.);
#8908=ORIENTED_EDGE('',*,*,#6490,.F.);
#8909=ORIENTED_EDGE('',*,*,#6491,.T.);
#8910=ORIENTED_EDGE('',*,*,#5648,.T.);
#8911=ORIENTED_EDGE('',*,*,#6492,.T.);
#8912=ORIENTED_EDGE('',*,*,#6490,.T.);
#8913=ORIENTED_EDGE('',*,*,#6493,.F.);
#8914=ORIENTED_EDGE('',*,*,#6494,.T.);
#8915=ORIENTED_EDGE('',*,*,#6495,.F.);
#8916=ORIENTED_EDGE('',*,*,#6496,.T.);
#8917=ORIENTED_EDGE('',*,*,#6497,.F.);
#8918=ORIENTED_EDGE('',*,*,#6498,.T.);
#8919=ORIENTED_EDGE('',*,*,#6499,.F.);
#8920=ORIENTED_EDGE('',*,*,#6500,.T.);
#8921=ORIENTED_EDGE('',*,*,#6501,.F.);
#8922=ORIENTED_EDGE('',*,*,#6502,.T.);
#8923=ORIENTED_EDGE('',*,*,#6503,.F.);
#8924=ORIENTED_EDGE('',*,*,#6492,.F.);
#8925=ORIENTED_EDGE('',*,*,#5659,.F.);
#8926=ORIENTED_EDGE('',*,*,#6504,.F.);
#8927=ORIENTED_EDGE('',*,*,#6493,.T.);
#8928=ORIENTED_EDGE('',*,*,#6494,.F.);
#8929=ORIENTED_EDGE('',*,*,#6504,.T.);
#8930=ORIENTED_EDGE('',*,*,#5658,.T.);
#8931=ORIENTED_EDGE('',*,*,#6505,.T.);
#8932=ORIENTED_EDGE('',*,*,#6496,.F.);
#8933=ORIENTED_EDGE('',*,*,#6506,.T.);
#8934=ORIENTED_EDGE('',*,*,#5656,.T.);
#8935=ORIENTED_EDGE('',*,*,#6507,.T.);
#8936=ORIENTED_EDGE('',*,*,#6507,.F.);
#8937=ORIENTED_EDGE('',*,*,#5655,.F.);
#8938=ORIENTED_EDGE('',*,*,#6508,.F.);
#8939=ORIENTED_EDGE('',*,*,#6497,.T.);
#8940=ORIENTED_EDGE('',*,*,#6498,.F.);
#8941=ORIENTED_EDGE('',*,*,#6508,.T.);
#8942=ORIENTED_EDGE('',*,*,#5654,.T.);
#8943=ORIENTED_EDGE('',*,*,#6509,.T.);
#8944=ORIENTED_EDGE('',*,*,#6500,.F.);
#8945=ORIENTED_EDGE('',*,*,#6510,.T.);
#8946=ORIENTED_EDGE('',*,*,#5652,.T.);
#8947=ORIENTED_EDGE('',*,*,#6511,.T.);
#8948=ORIENTED_EDGE('',*,*,#6511,.F.);
#8949=ORIENTED_EDGE('',*,*,#5651,.F.);
#8950=ORIENTED_EDGE('',*,*,#6512,.F.);
#8951=ORIENTED_EDGE('',*,*,#6501,.T.);
#8952=ORIENTED_EDGE('',*,*,#6502,.F.);
#8953=ORIENTED_EDGE('',*,*,#6512,.T.);
#8954=ORIENTED_EDGE('',*,*,#5650,.T.);
#8955=ORIENTED_EDGE('',*,*,#6513,.T.);
#8956=ORIENTED_EDGE('',*,*,#6491,.F.);
#8957=ORIENTED_EDGE('',*,*,#6503,.T.);
#8958=ORIENTED_EDGE('',*,*,#6513,.F.);
#8959=ORIENTED_EDGE('',*,*,#5649,.F.);
#8960=ORIENTED_EDGE('',*,*,#6505,.F.);
#8961=ORIENTED_EDGE('',*,*,#5657,.F.);
#8962=ORIENTED_EDGE('',*,*,#6506,.F.);
#8963=ORIENTED_EDGE('',*,*,#6495,.T.);
#8964=ORIENTED_EDGE('',*,*,#6509,.F.);
#8965=ORIENTED_EDGE('',*,*,#5653,.F.);
#8966=ORIENTED_EDGE('',*,*,#6510,.F.);
#8967=ORIENTED_EDGE('',*,*,#6499,.T.);
#8968=ORIENTED_EDGE('',*,*,#6514,.F.);
#8969=ORIENTED_EDGE('',*,*,#6515,.T.);
#8970=ORIENTED_EDGE('',*,*,#5636,.T.);
#8971=ORIENTED_EDGE('',*,*,#6516,.T.);
#8972=ORIENTED_EDGE('',*,*,#6514,.T.);
#8973=ORIENTED_EDGE('',*,*,#6517,.F.);
#8974=ORIENTED_EDGE('',*,*,#6518,.T.);
#8975=ORIENTED_EDGE('',*,*,#6519,.F.);
#8976=ORIENTED_EDGE('',*,*,#6520,.T.);
#8977=ORIENTED_EDGE('',*,*,#6521,.F.);
#8978=ORIENTED_EDGE('',*,*,#6522,.T.);
#8979=ORIENTED_EDGE('',*,*,#6523,.F.);
#8980=ORIENTED_EDGE('',*,*,#6524,.T.);
#8981=ORIENTED_EDGE('',*,*,#6525,.F.);
#8982=ORIENTED_EDGE('',*,*,#6526,.T.);
#8983=ORIENTED_EDGE('',*,*,#6527,.F.);
#8984=ORIENTED_EDGE('',*,*,#6516,.F.);
#8985=ORIENTED_EDGE('',*,*,#5647,.F.);
#8986=ORIENTED_EDGE('',*,*,#6528,.F.);
#8987=ORIENTED_EDGE('',*,*,#6517,.T.);
#8988=ORIENTED_EDGE('',*,*,#6518,.F.);
#8989=ORIENTED_EDGE('',*,*,#6528,.T.);
#8990=ORIENTED_EDGE('',*,*,#5646,.T.);
#8991=ORIENTED_EDGE('',*,*,#6529,.T.);
#8992=ORIENTED_EDGE('',*,*,#6520,.F.);
#8993=ORIENTED_EDGE('',*,*,#6530,.T.);
#8994=ORIENTED_EDGE('',*,*,#5644,.T.);
#8995=ORIENTED_EDGE('',*,*,#6531,.T.);
#8996=ORIENTED_EDGE('',*,*,#6531,.F.);
#8997=ORIENTED_EDGE('',*,*,#5643,.F.);
#8998=ORIENTED_EDGE('',*,*,#6532,.F.);
#8999=ORIENTED_EDGE('',*,*,#6521,.T.);
#9000=ORIENTED_EDGE('',*,*,#6522,.F.);
#9001=ORIENTED_EDGE('',*,*,#6532,.T.);
#9002=ORIENTED_EDGE('',*,*,#5642,.T.);
#9003=ORIENTED_EDGE('',*,*,#6533,.T.);
#9004=ORIENTED_EDGE('',*,*,#6524,.F.);
#9005=ORIENTED_EDGE('',*,*,#6534,.T.);
#9006=ORIENTED_EDGE('',*,*,#5640,.T.);
#9007=ORIENTED_EDGE('',*,*,#6535,.T.);
#9008=ORIENTED_EDGE('',*,*,#6535,.F.);
#9009=ORIENTED_EDGE('',*,*,#5639,.F.);
#9010=ORIENTED_EDGE('',*,*,#6536,.F.);
#9011=ORIENTED_EDGE('',*,*,#6525,.T.);
#9012=ORIENTED_EDGE('',*,*,#6526,.F.);
#9013=ORIENTED_EDGE('',*,*,#6536,.T.);
#9014=ORIENTED_EDGE('',*,*,#5638,.T.);
#9015=ORIENTED_EDGE('',*,*,#6537,.T.);
#9016=ORIENTED_EDGE('',*,*,#6515,.F.);
#9017=ORIENTED_EDGE('',*,*,#6527,.T.);
#9018=ORIENTED_EDGE('',*,*,#6537,.F.);
#9019=ORIENTED_EDGE('',*,*,#5637,.F.);
#9020=ORIENTED_EDGE('',*,*,#6529,.F.);
#9021=ORIENTED_EDGE('',*,*,#5645,.F.);
#9022=ORIENTED_EDGE('',*,*,#6530,.F.);
#9023=ORIENTED_EDGE('',*,*,#6519,.T.);
#9024=ORIENTED_EDGE('',*,*,#6533,.F.);
#9025=ORIENTED_EDGE('',*,*,#5641,.F.);
#9026=ORIENTED_EDGE('',*,*,#6534,.F.);
#9027=ORIENTED_EDGE('',*,*,#6523,.T.);
#9028=ORIENTED_EDGE('',*,*,#6538,.F.);
#9029=ORIENTED_EDGE('',*,*,#6539,.T.);
#9030=ORIENTED_EDGE('',*,*,#5624,.T.);
#9031=ORIENTED_EDGE('',*,*,#6540,.T.);
#9032=ORIENTED_EDGE('',*,*,#6538,.T.);
#9033=ORIENTED_EDGE('',*,*,#6541,.F.);
#9034=ORIENTED_EDGE('',*,*,#6542,.T.);
#9035=ORIENTED_EDGE('',*,*,#6543,.F.);
#9036=ORIENTED_EDGE('',*,*,#6544,.T.);
#9037=ORIENTED_EDGE('',*,*,#6545,.F.);
#9038=ORIENTED_EDGE('',*,*,#6546,.T.);
#9039=ORIENTED_EDGE('',*,*,#6547,.F.);
#9040=ORIENTED_EDGE('',*,*,#6548,.T.);
#9041=ORIENTED_EDGE('',*,*,#6549,.F.);
#9042=ORIENTED_EDGE('',*,*,#6550,.T.);
#9043=ORIENTED_EDGE('',*,*,#6551,.F.);
#9044=ORIENTED_EDGE('',*,*,#6540,.F.);
#9045=ORIENTED_EDGE('',*,*,#5635,.F.);
#9046=ORIENTED_EDGE('',*,*,#6552,.F.);
#9047=ORIENTED_EDGE('',*,*,#6541,.T.);
#9048=ORIENTED_EDGE('',*,*,#6542,.F.);
#9049=ORIENTED_EDGE('',*,*,#6552,.T.);
#9050=ORIENTED_EDGE('',*,*,#5634,.T.);
#9051=ORIENTED_EDGE('',*,*,#6553,.T.);
#9052=ORIENTED_EDGE('',*,*,#6544,.F.);
#9053=ORIENTED_EDGE('',*,*,#6554,.T.);
#9054=ORIENTED_EDGE('',*,*,#5632,.T.);
#9055=ORIENTED_EDGE('',*,*,#6555,.T.);
#9056=ORIENTED_EDGE('',*,*,#6555,.F.);
#9057=ORIENTED_EDGE('',*,*,#5631,.F.);
#9058=ORIENTED_EDGE('',*,*,#6556,.F.);
#9059=ORIENTED_EDGE('',*,*,#6545,.T.);
#9060=ORIENTED_EDGE('',*,*,#6546,.F.);
#9061=ORIENTED_EDGE('',*,*,#6556,.T.);
#9062=ORIENTED_EDGE('',*,*,#5630,.T.);
#9063=ORIENTED_EDGE('',*,*,#6557,.T.);
#9064=ORIENTED_EDGE('',*,*,#6548,.F.);
#9065=ORIENTED_EDGE('',*,*,#6558,.T.);
#9066=ORIENTED_EDGE('',*,*,#5628,.T.);
#9067=ORIENTED_EDGE('',*,*,#6559,.T.);
#9068=ORIENTED_EDGE('',*,*,#6559,.F.);
#9069=ORIENTED_EDGE('',*,*,#5627,.F.);
#9070=ORIENTED_EDGE('',*,*,#6560,.F.);
#9071=ORIENTED_EDGE('',*,*,#6549,.T.);
#9072=ORIENTED_EDGE('',*,*,#6550,.F.);
#9073=ORIENTED_EDGE('',*,*,#6560,.T.);
#9074=ORIENTED_EDGE('',*,*,#5626,.T.);
#9075=ORIENTED_EDGE('',*,*,#6561,.T.);
#9076=ORIENTED_EDGE('',*,*,#6539,.F.);
#9077=ORIENTED_EDGE('',*,*,#6551,.T.);
#9078=ORIENTED_EDGE('',*,*,#6561,.F.);
#9079=ORIENTED_EDGE('',*,*,#5625,.F.);
#9080=ORIENTED_EDGE('',*,*,#6553,.F.);
#9081=ORIENTED_EDGE('',*,*,#5633,.F.);
#9082=ORIENTED_EDGE('',*,*,#6554,.F.);
#9083=ORIENTED_EDGE('',*,*,#6543,.T.);
#9084=ORIENTED_EDGE('',*,*,#6557,.F.);
#9085=ORIENTED_EDGE('',*,*,#5629,.F.);
#9086=ORIENTED_EDGE('',*,*,#6558,.F.);
#9087=ORIENTED_EDGE('',*,*,#6547,.T.);
#9088=ORIENTED_EDGE('',*,*,#6562,.F.);
#9089=ORIENTED_EDGE('',*,*,#6563,.T.);
#9090=ORIENTED_EDGE('',*,*,#5612,.T.);
#9091=ORIENTED_EDGE('',*,*,#6564,.T.);
#9092=ORIENTED_EDGE('',*,*,#6562,.T.);
#9093=ORIENTED_EDGE('',*,*,#6565,.F.);
#9094=ORIENTED_EDGE('',*,*,#6566,.T.);
#9095=ORIENTED_EDGE('',*,*,#6567,.F.);
#9096=ORIENTED_EDGE('',*,*,#6568,.T.);
#9097=ORIENTED_EDGE('',*,*,#6569,.F.);
#9098=ORIENTED_EDGE('',*,*,#6570,.T.);
#9099=ORIENTED_EDGE('',*,*,#6571,.F.);
#9100=ORIENTED_EDGE('',*,*,#6572,.T.);
#9101=ORIENTED_EDGE('',*,*,#6573,.F.);
#9102=ORIENTED_EDGE('',*,*,#6574,.T.);
#9103=ORIENTED_EDGE('',*,*,#6575,.F.);
#9104=ORIENTED_EDGE('',*,*,#6564,.F.);
#9105=ORIENTED_EDGE('',*,*,#5623,.F.);
#9106=ORIENTED_EDGE('',*,*,#6576,.F.);
#9107=ORIENTED_EDGE('',*,*,#6565,.T.);
#9108=ORIENTED_EDGE('',*,*,#6566,.F.);
#9109=ORIENTED_EDGE('',*,*,#6576,.T.);
#9110=ORIENTED_EDGE('',*,*,#5622,.T.);
#9111=ORIENTED_EDGE('',*,*,#6577,.T.);
#9112=ORIENTED_EDGE('',*,*,#6568,.F.);
#9113=ORIENTED_EDGE('',*,*,#6578,.T.);
#9114=ORIENTED_EDGE('',*,*,#5620,.T.);
#9115=ORIENTED_EDGE('',*,*,#6579,.T.);
#9116=ORIENTED_EDGE('',*,*,#6579,.F.);
#9117=ORIENTED_EDGE('',*,*,#5619,.F.);
#9118=ORIENTED_EDGE('',*,*,#6580,.F.);
#9119=ORIENTED_EDGE('',*,*,#6569,.T.);
#9120=ORIENTED_EDGE('',*,*,#6570,.F.);
#9121=ORIENTED_EDGE('',*,*,#6580,.T.);
#9122=ORIENTED_EDGE('',*,*,#5618,.T.);
#9123=ORIENTED_EDGE('',*,*,#6581,.T.);
#9124=ORIENTED_EDGE('',*,*,#6572,.F.);
#9125=ORIENTED_EDGE('',*,*,#6582,.T.);
#9126=ORIENTED_EDGE('',*,*,#5616,.T.);
#9127=ORIENTED_EDGE('',*,*,#6583,.T.);
#9128=ORIENTED_EDGE('',*,*,#6583,.F.);
#9129=ORIENTED_EDGE('',*,*,#5615,.F.);
#9130=ORIENTED_EDGE('',*,*,#6584,.F.);
#9131=ORIENTED_EDGE('',*,*,#6573,.T.);
#9132=ORIENTED_EDGE('',*,*,#6574,.F.);
#9133=ORIENTED_EDGE('',*,*,#6584,.T.);
#9134=ORIENTED_EDGE('',*,*,#5614,.T.);
#9135=ORIENTED_EDGE('',*,*,#6585,.T.);
#9136=ORIENTED_EDGE('',*,*,#6563,.F.);
#9137=ORIENTED_EDGE('',*,*,#6575,.T.);
#9138=ORIENTED_EDGE('',*,*,#6585,.F.);
#9139=ORIENTED_EDGE('',*,*,#5613,.F.);
#9140=ORIENTED_EDGE('',*,*,#6577,.F.);
#9141=ORIENTED_EDGE('',*,*,#5621,.F.);
#9142=ORIENTED_EDGE('',*,*,#6578,.F.);
#9143=ORIENTED_EDGE('',*,*,#6567,.T.);
#9144=ORIENTED_EDGE('',*,*,#6581,.F.);
#9145=ORIENTED_EDGE('',*,*,#5617,.F.);
#9146=ORIENTED_EDGE('',*,*,#6582,.F.);
#9147=ORIENTED_EDGE('',*,*,#6571,.T.);
#9148=ORIENTED_EDGE('',*,*,#6586,.F.);
#9149=ORIENTED_EDGE('',*,*,#6587,.T.);
#9150=ORIENTED_EDGE('',*,*,#5600,.T.);
#9151=ORIENTED_EDGE('',*,*,#6588,.T.);
#9152=ORIENTED_EDGE('',*,*,#6586,.T.);
#9153=ORIENTED_EDGE('',*,*,#6589,.F.);
#9154=ORIENTED_EDGE('',*,*,#6590,.T.);
#9155=ORIENTED_EDGE('',*,*,#6591,.F.);
#9156=ORIENTED_EDGE('',*,*,#6592,.T.);
#9157=ORIENTED_EDGE('',*,*,#6593,.F.);
#9158=ORIENTED_EDGE('',*,*,#6594,.T.);
#9159=ORIENTED_EDGE('',*,*,#6595,.F.);
#9160=ORIENTED_EDGE('',*,*,#6596,.T.);
#9161=ORIENTED_EDGE('',*,*,#6597,.F.);
#9162=ORIENTED_EDGE('',*,*,#6598,.T.);
#9163=ORIENTED_EDGE('',*,*,#6599,.F.);
#9164=ORIENTED_EDGE('',*,*,#6588,.F.);
#9165=ORIENTED_EDGE('',*,*,#5611,.F.);
#9166=ORIENTED_EDGE('',*,*,#6600,.F.);
#9167=ORIENTED_EDGE('',*,*,#6589,.T.);
#9168=ORIENTED_EDGE('',*,*,#6590,.F.);
#9169=ORIENTED_EDGE('',*,*,#6600,.T.);
#9170=ORIENTED_EDGE('',*,*,#5610,.T.);
#9171=ORIENTED_EDGE('',*,*,#6601,.T.);
#9172=ORIENTED_EDGE('',*,*,#6592,.F.);
#9173=ORIENTED_EDGE('',*,*,#6602,.T.);
#9174=ORIENTED_EDGE('',*,*,#5608,.T.);
#9175=ORIENTED_EDGE('',*,*,#6603,.T.);
#9176=ORIENTED_EDGE('',*,*,#6603,.F.);
#9177=ORIENTED_EDGE('',*,*,#5607,.F.);
#9178=ORIENTED_EDGE('',*,*,#6604,.F.);
#9179=ORIENTED_EDGE('',*,*,#6593,.T.);
#9180=ORIENTED_EDGE('',*,*,#6594,.F.);
#9181=ORIENTED_EDGE('',*,*,#6604,.T.);
#9182=ORIENTED_EDGE('',*,*,#5606,.T.);
#9183=ORIENTED_EDGE('',*,*,#6605,.T.);
#9184=ORIENTED_EDGE('',*,*,#6596,.F.);
#9185=ORIENTED_EDGE('',*,*,#6606,.T.);
#9186=ORIENTED_EDGE('',*,*,#5604,.T.);
#9187=ORIENTED_EDGE('',*,*,#6607,.T.);
#9188=ORIENTED_EDGE('',*,*,#6607,.F.);
#9189=ORIENTED_EDGE('',*,*,#5603,.F.);
#9190=ORIENTED_EDGE('',*,*,#6608,.F.);
#9191=ORIENTED_EDGE('',*,*,#6597,.T.);
#9192=ORIENTED_EDGE('',*,*,#6598,.F.);
#9193=ORIENTED_EDGE('',*,*,#6608,.T.);
#9194=ORIENTED_EDGE('',*,*,#5602,.T.);
#9195=ORIENTED_EDGE('',*,*,#6609,.T.);
#9196=ORIENTED_EDGE('',*,*,#6587,.F.);
#9197=ORIENTED_EDGE('',*,*,#6599,.T.);
#9198=ORIENTED_EDGE('',*,*,#6609,.F.);
#9199=ORIENTED_EDGE('',*,*,#5601,.F.);
#9200=ORIENTED_EDGE('',*,*,#6601,.F.);
#9201=ORIENTED_EDGE('',*,*,#5609,.F.);
#9202=ORIENTED_EDGE('',*,*,#6602,.F.);
#9203=ORIENTED_EDGE('',*,*,#6591,.T.);
#9204=ORIENTED_EDGE('',*,*,#6605,.F.);
#9205=ORIENTED_EDGE('',*,*,#5605,.F.);
#9206=ORIENTED_EDGE('',*,*,#6606,.F.);
#9207=ORIENTED_EDGE('',*,*,#6595,.T.);
#9208=ORIENTED_EDGE('',*,*,#6610,.F.);
#9209=ORIENTED_EDGE('',*,*,#6611,.T.);
#9210=ORIENTED_EDGE('',*,*,#6042,.T.);
#9211=ORIENTED_EDGE('',*,*,#6612,.T.);
#9212=ORIENTED_EDGE('',*,*,#6610,.T.);
#9213=ORIENTED_EDGE('',*,*,#6613,.F.);
#9214=ORIENTED_EDGE('',*,*,#6614,.T.);
#9215=ORIENTED_EDGE('',*,*,#6615,.F.);
#9216=ORIENTED_EDGE('',*,*,#6616,.T.);
#9217=ORIENTED_EDGE('',*,*,#6617,.F.);
#9218=ORIENTED_EDGE('',*,*,#6618,.T.);
#9219=ORIENTED_EDGE('',*,*,#6619,.F.);
#9220=ORIENTED_EDGE('',*,*,#6620,.T.);
#9221=ORIENTED_EDGE('',*,*,#6621,.F.);
#9222=ORIENTED_EDGE('',*,*,#6622,.T.);
#9223=ORIENTED_EDGE('',*,*,#6623,.F.);
#9224=ORIENTED_EDGE('',*,*,#6612,.F.);
#9225=ORIENTED_EDGE('',*,*,#6053,.F.);
#9226=ORIENTED_EDGE('',*,*,#6624,.F.);
#9227=ORIENTED_EDGE('',*,*,#6613,.T.);
#9228=ORIENTED_EDGE('',*,*,#6614,.F.);
#9229=ORIENTED_EDGE('',*,*,#6624,.T.);
#9230=ORIENTED_EDGE('',*,*,#6052,.T.);
#9231=ORIENTED_EDGE('',*,*,#6625,.T.);
#9232=ORIENTED_EDGE('',*,*,#6616,.F.);
#9233=ORIENTED_EDGE('',*,*,#6626,.T.);
#9234=ORIENTED_EDGE('',*,*,#6050,.T.);
#9235=ORIENTED_EDGE('',*,*,#6627,.T.);
#9236=ORIENTED_EDGE('',*,*,#6627,.F.);
#9237=ORIENTED_EDGE('',*,*,#6049,.F.);
#9238=ORIENTED_EDGE('',*,*,#6628,.F.);
#9239=ORIENTED_EDGE('',*,*,#6617,.T.);
#9240=ORIENTED_EDGE('',*,*,#6618,.F.);
#9241=ORIENTED_EDGE('',*,*,#6628,.T.);
#9242=ORIENTED_EDGE('',*,*,#6048,.T.);
#9243=ORIENTED_EDGE('',*,*,#6629,.T.);
#9244=ORIENTED_EDGE('',*,*,#6620,.F.);
#9245=ORIENTED_EDGE('',*,*,#6630,.T.);
#9246=ORIENTED_EDGE('',*,*,#6046,.T.);
#9247=ORIENTED_EDGE('',*,*,#6631,.T.);
#9248=ORIENTED_EDGE('',*,*,#6631,.F.);
#9249=ORIENTED_EDGE('',*,*,#6045,.F.);
#9250=ORIENTED_EDGE('',*,*,#6632,.F.);
#9251=ORIENTED_EDGE('',*,*,#6621,.T.);
#9252=ORIENTED_EDGE('',*,*,#6622,.F.);
#9253=ORIENTED_EDGE('',*,*,#6632,.T.);
#9254=ORIENTED_EDGE('',*,*,#6044,.T.);
#9255=ORIENTED_EDGE('',*,*,#6633,.T.);
#9256=ORIENTED_EDGE('',*,*,#6611,.F.);
#9257=ORIENTED_EDGE('',*,*,#6623,.T.);
#9258=ORIENTED_EDGE('',*,*,#6633,.F.);
#9259=ORIENTED_EDGE('',*,*,#6043,.F.);
#9260=ORIENTED_EDGE('',*,*,#6625,.F.);
#9261=ORIENTED_EDGE('',*,*,#6051,.F.);
#9262=ORIENTED_EDGE('',*,*,#6626,.F.);
#9263=ORIENTED_EDGE('',*,*,#6615,.T.);
#9264=ORIENTED_EDGE('',*,*,#6629,.F.);
#9265=ORIENTED_EDGE('',*,*,#6047,.F.);
#9266=ORIENTED_EDGE('',*,*,#6630,.F.);
#9267=ORIENTED_EDGE('',*,*,#6619,.T.);
#9268=ORIENTED_EDGE('',*,*,#6634,.F.);
#9269=ORIENTED_EDGE('',*,*,#6635,.T.);
#9270=ORIENTED_EDGE('',*,*,#6030,.T.);
#9271=ORIENTED_EDGE('',*,*,#6636,.T.);
#9272=ORIENTED_EDGE('',*,*,#6634,.T.);
#9273=ORIENTED_EDGE('',*,*,#6637,.F.);
#9274=ORIENTED_EDGE('',*,*,#6638,.T.);
#9275=ORIENTED_EDGE('',*,*,#6639,.F.);
#9276=ORIENTED_EDGE('',*,*,#6640,.T.);
#9277=ORIENTED_EDGE('',*,*,#6641,.F.);
#9278=ORIENTED_EDGE('',*,*,#6642,.T.);
#9279=ORIENTED_EDGE('',*,*,#6643,.F.);
#9280=ORIENTED_EDGE('',*,*,#6644,.T.);
#9281=ORIENTED_EDGE('',*,*,#6645,.F.);
#9282=ORIENTED_EDGE('',*,*,#6646,.T.);
#9283=ORIENTED_EDGE('',*,*,#6647,.F.);
#9284=ORIENTED_EDGE('',*,*,#6636,.F.);
#9285=ORIENTED_EDGE('',*,*,#6041,.F.);
#9286=ORIENTED_EDGE('',*,*,#6648,.F.);
#9287=ORIENTED_EDGE('',*,*,#6637,.T.);
#9288=ORIENTED_EDGE('',*,*,#6638,.F.);
#9289=ORIENTED_EDGE('',*,*,#6648,.T.);
#9290=ORIENTED_EDGE('',*,*,#6040,.T.);
#9291=ORIENTED_EDGE('',*,*,#6649,.T.);
#9292=ORIENTED_EDGE('',*,*,#6640,.F.);
#9293=ORIENTED_EDGE('',*,*,#6650,.T.);
#9294=ORIENTED_EDGE('',*,*,#6038,.T.);
#9295=ORIENTED_EDGE('',*,*,#6651,.T.);
#9296=ORIENTED_EDGE('',*,*,#6651,.F.);
#9297=ORIENTED_EDGE('',*,*,#6037,.F.);
#9298=ORIENTED_EDGE('',*,*,#6652,.F.);
#9299=ORIENTED_EDGE('',*,*,#6641,.T.);
#9300=ORIENTED_EDGE('',*,*,#6642,.F.);
#9301=ORIENTED_EDGE('',*,*,#6652,.T.);
#9302=ORIENTED_EDGE('',*,*,#6036,.T.);
#9303=ORIENTED_EDGE('',*,*,#6653,.T.);
#9304=ORIENTED_EDGE('',*,*,#6644,.F.);
#9305=ORIENTED_EDGE('',*,*,#6654,.T.);
#9306=ORIENTED_EDGE('',*,*,#6034,.T.);
#9307=ORIENTED_EDGE('',*,*,#6655,.T.);
#9308=ORIENTED_EDGE('',*,*,#6655,.F.);
#9309=ORIENTED_EDGE('',*,*,#6033,.F.);
#9310=ORIENTED_EDGE('',*,*,#6656,.F.);
#9311=ORIENTED_EDGE('',*,*,#6645,.T.);
#9312=ORIENTED_EDGE('',*,*,#6646,.F.);
#9313=ORIENTED_EDGE('',*,*,#6656,.T.);
#9314=ORIENTED_EDGE('',*,*,#6032,.T.);
#9315=ORIENTED_EDGE('',*,*,#6657,.T.);
#9316=ORIENTED_EDGE('',*,*,#6635,.F.);
#9317=ORIENTED_EDGE('',*,*,#6647,.T.);
#9318=ORIENTED_EDGE('',*,*,#6657,.F.);
#9319=ORIENTED_EDGE('',*,*,#6031,.F.);
#9320=ORIENTED_EDGE('',*,*,#6649,.F.);
#9321=ORIENTED_EDGE('',*,*,#6039,.F.);
#9322=ORIENTED_EDGE('',*,*,#6650,.F.);
#9323=ORIENTED_EDGE('',*,*,#6639,.T.);
#9324=ORIENTED_EDGE('',*,*,#6653,.F.);
#9325=ORIENTED_EDGE('',*,*,#6035,.F.);
#9326=ORIENTED_EDGE('',*,*,#6654,.F.);
#9327=ORIENTED_EDGE('',*,*,#6643,.T.);
#9328=ORIENTED_EDGE('',*,*,#6658,.F.);
#9329=ORIENTED_EDGE('',*,*,#6659,.T.);
#9330=ORIENTED_EDGE('',*,*,#6018,.T.);
#9331=ORIENTED_EDGE('',*,*,#6660,.T.);
#9332=ORIENTED_EDGE('',*,*,#6658,.T.);
#9333=ORIENTED_EDGE('',*,*,#6661,.F.);
#9334=ORIENTED_EDGE('',*,*,#6662,.T.);
#9335=ORIENTED_EDGE('',*,*,#6663,.F.);
#9336=ORIENTED_EDGE('',*,*,#6664,.T.);
#9337=ORIENTED_EDGE('',*,*,#6665,.F.);
#9338=ORIENTED_EDGE('',*,*,#6666,.T.);
#9339=ORIENTED_EDGE('',*,*,#6667,.F.);
#9340=ORIENTED_EDGE('',*,*,#6668,.T.);
#9341=ORIENTED_EDGE('',*,*,#6669,.F.);
#9342=ORIENTED_EDGE('',*,*,#6670,.T.);
#9343=ORIENTED_EDGE('',*,*,#6671,.F.);
#9344=ORIENTED_EDGE('',*,*,#6660,.F.);
#9345=ORIENTED_EDGE('',*,*,#6029,.F.);
#9346=ORIENTED_EDGE('',*,*,#6672,.F.);
#9347=ORIENTED_EDGE('',*,*,#6661,.T.);
#9348=ORIENTED_EDGE('',*,*,#6662,.F.);
#9349=ORIENTED_EDGE('',*,*,#6672,.T.);
#9350=ORIENTED_EDGE('',*,*,#6028,.T.);
#9351=ORIENTED_EDGE('',*,*,#6673,.T.);
#9352=ORIENTED_EDGE('',*,*,#6664,.F.);
#9353=ORIENTED_EDGE('',*,*,#6674,.T.);
#9354=ORIENTED_EDGE('',*,*,#6026,.T.);
#9355=ORIENTED_EDGE('',*,*,#6675,.T.);
#9356=ORIENTED_EDGE('',*,*,#6675,.F.);
#9357=ORIENTED_EDGE('',*,*,#6025,.F.);
#9358=ORIENTED_EDGE('',*,*,#6676,.F.);
#9359=ORIENTED_EDGE('',*,*,#6665,.T.);
#9360=ORIENTED_EDGE('',*,*,#6666,.F.);
#9361=ORIENTED_EDGE('',*,*,#6676,.T.);
#9362=ORIENTED_EDGE('',*,*,#6024,.T.);
#9363=ORIENTED_EDGE('',*,*,#6677,.T.);
#9364=ORIENTED_EDGE('',*,*,#6668,.F.);
#9365=ORIENTED_EDGE('',*,*,#6678,.T.);
#9366=ORIENTED_EDGE('',*,*,#6022,.T.);
#9367=ORIENTED_EDGE('',*,*,#6679,.T.);
#9368=ORIENTED_EDGE('',*,*,#6679,.F.);
#9369=ORIENTED_EDGE('',*,*,#6021,.F.);
#9370=ORIENTED_EDGE('',*,*,#6680,.F.);
#9371=ORIENTED_EDGE('',*,*,#6669,.T.);
#9372=ORIENTED_EDGE('',*,*,#6670,.F.);
#9373=ORIENTED_EDGE('',*,*,#6680,.T.);
#9374=ORIENTED_EDGE('',*,*,#6020,.T.);
#9375=ORIENTED_EDGE('',*,*,#6681,.T.);
#9376=ORIENTED_EDGE('',*,*,#6659,.F.);
#9377=ORIENTED_EDGE('',*,*,#6671,.T.);
#9378=ORIENTED_EDGE('',*,*,#6681,.F.);
#9379=ORIENTED_EDGE('',*,*,#6019,.F.);
#9380=ORIENTED_EDGE('',*,*,#6673,.F.);
#9381=ORIENTED_EDGE('',*,*,#6027,.F.);
#9382=ORIENTED_EDGE('',*,*,#6674,.F.);
#9383=ORIENTED_EDGE('',*,*,#6663,.T.);
#9384=ORIENTED_EDGE('',*,*,#6677,.F.);
#9385=ORIENTED_EDGE('',*,*,#6023,.F.);
#9386=ORIENTED_EDGE('',*,*,#6678,.F.);
#9387=ORIENTED_EDGE('',*,*,#6667,.T.);
#9388=ORIENTED_EDGE('',*,*,#6682,.F.);
#9389=ORIENTED_EDGE('',*,*,#6683,.T.);
#9390=ORIENTED_EDGE('',*,*,#6006,.T.);
#9391=ORIENTED_EDGE('',*,*,#6684,.T.);
#9392=ORIENTED_EDGE('',*,*,#6682,.T.);
#9393=ORIENTED_EDGE('',*,*,#6685,.F.);
#9394=ORIENTED_EDGE('',*,*,#6686,.T.);
#9395=ORIENTED_EDGE('',*,*,#6687,.F.);
#9396=ORIENTED_EDGE('',*,*,#6688,.T.);
#9397=ORIENTED_EDGE('',*,*,#6689,.F.);
#9398=ORIENTED_EDGE('',*,*,#6690,.T.);
#9399=ORIENTED_EDGE('',*,*,#6691,.F.);
#9400=ORIENTED_EDGE('',*,*,#6692,.T.);
#9401=ORIENTED_EDGE('',*,*,#6693,.F.);
#9402=ORIENTED_EDGE('',*,*,#6694,.T.);
#9403=ORIENTED_EDGE('',*,*,#6695,.F.);
#9404=ORIENTED_EDGE('',*,*,#6684,.F.);
#9405=ORIENTED_EDGE('',*,*,#6017,.F.);
#9406=ORIENTED_EDGE('',*,*,#6696,.F.);
#9407=ORIENTED_EDGE('',*,*,#6685,.T.);
#9408=ORIENTED_EDGE('',*,*,#6686,.F.);
#9409=ORIENTED_EDGE('',*,*,#6696,.T.);
#9410=ORIENTED_EDGE('',*,*,#6016,.T.);
#9411=ORIENTED_EDGE('',*,*,#6697,.T.);
#9412=ORIENTED_EDGE('',*,*,#6688,.F.);
#9413=ORIENTED_EDGE('',*,*,#6698,.T.);
#9414=ORIENTED_EDGE('',*,*,#6014,.T.);
#9415=ORIENTED_EDGE('',*,*,#6699,.T.);
#9416=ORIENTED_EDGE('',*,*,#6699,.F.);
#9417=ORIENTED_EDGE('',*,*,#6013,.F.);
#9418=ORIENTED_EDGE('',*,*,#6700,.F.);
#9419=ORIENTED_EDGE('',*,*,#6689,.T.);
#9420=ORIENTED_EDGE('',*,*,#6690,.F.);
#9421=ORIENTED_EDGE('',*,*,#6700,.T.);
#9422=ORIENTED_EDGE('',*,*,#6012,.T.);
#9423=ORIENTED_EDGE('',*,*,#6701,.T.);
#9424=ORIENTED_EDGE('',*,*,#6692,.F.);
#9425=ORIENTED_EDGE('',*,*,#6702,.T.);
#9426=ORIENTED_EDGE('',*,*,#6010,.T.);
#9427=ORIENTED_EDGE('',*,*,#6703,.T.);
#9428=ORIENTED_EDGE('',*,*,#6703,.F.);
#9429=ORIENTED_EDGE('',*,*,#6009,.F.);
#9430=ORIENTED_EDGE('',*,*,#6704,.F.);
#9431=ORIENTED_EDGE('',*,*,#6693,.T.);
#9432=ORIENTED_EDGE('',*,*,#6694,.F.);
#9433=ORIENTED_EDGE('',*,*,#6704,.T.);
#9434=ORIENTED_EDGE('',*,*,#6008,.T.);
#9435=ORIENTED_EDGE('',*,*,#6705,.T.);
#9436=ORIENTED_EDGE('',*,*,#6683,.F.);
#9437=ORIENTED_EDGE('',*,*,#6695,.T.);
#9438=ORIENTED_EDGE('',*,*,#6705,.F.);
#9439=ORIENTED_EDGE('',*,*,#6007,.F.);
#9440=ORIENTED_EDGE('',*,*,#6697,.F.);
#9441=ORIENTED_EDGE('',*,*,#6015,.F.);
#9442=ORIENTED_EDGE('',*,*,#6698,.F.);
#9443=ORIENTED_EDGE('',*,*,#6687,.T.);
#9444=ORIENTED_EDGE('',*,*,#6701,.F.);
#9445=ORIENTED_EDGE('',*,*,#6011,.F.);
#9446=ORIENTED_EDGE('',*,*,#6702,.F.);
#9447=ORIENTED_EDGE('',*,*,#6691,.T.);
#9448=ORIENTED_EDGE('',*,*,#6706,.F.);
#9449=ORIENTED_EDGE('',*,*,#6707,.T.);
#9450=ORIENTED_EDGE('',*,*,#5994,.T.);
#9451=ORIENTED_EDGE('',*,*,#6708,.T.);
#9452=ORIENTED_EDGE('',*,*,#6706,.T.);
#9453=ORIENTED_EDGE('',*,*,#6709,.F.);
#9454=ORIENTED_EDGE('',*,*,#6710,.T.);
#9455=ORIENTED_EDGE('',*,*,#6711,.F.);
#9456=ORIENTED_EDGE('',*,*,#6712,.T.);
#9457=ORIENTED_EDGE('',*,*,#6713,.F.);
#9458=ORIENTED_EDGE('',*,*,#6714,.T.);
#9459=ORIENTED_EDGE('',*,*,#6715,.F.);
#9460=ORIENTED_EDGE('',*,*,#6716,.T.);
#9461=ORIENTED_EDGE('',*,*,#6717,.F.);
#9462=ORIENTED_EDGE('',*,*,#6718,.T.);
#9463=ORIENTED_EDGE('',*,*,#6719,.F.);
#9464=ORIENTED_EDGE('',*,*,#6708,.F.);
#9465=ORIENTED_EDGE('',*,*,#6005,.F.);
#9466=ORIENTED_EDGE('',*,*,#6720,.F.);
#9467=ORIENTED_EDGE('',*,*,#6709,.T.);
#9468=ORIENTED_EDGE('',*,*,#6710,.F.);
#9469=ORIENTED_EDGE('',*,*,#6720,.T.);
#9470=ORIENTED_EDGE('',*,*,#6004,.T.);
#9471=ORIENTED_EDGE('',*,*,#6721,.T.);
#9472=ORIENTED_EDGE('',*,*,#6712,.F.);
#9473=ORIENTED_EDGE('',*,*,#6722,.T.);
#9474=ORIENTED_EDGE('',*,*,#6002,.T.);
#9475=ORIENTED_EDGE('',*,*,#6723,.T.);
#9476=ORIENTED_EDGE('',*,*,#6723,.F.);
#9477=ORIENTED_EDGE('',*,*,#6001,.F.);
#9478=ORIENTED_EDGE('',*,*,#6724,.F.);
#9479=ORIENTED_EDGE('',*,*,#6713,.T.);
#9480=ORIENTED_EDGE('',*,*,#6714,.F.);
#9481=ORIENTED_EDGE('',*,*,#6724,.T.);
#9482=ORIENTED_EDGE('',*,*,#6000,.T.);
#9483=ORIENTED_EDGE('',*,*,#6725,.T.);
#9484=ORIENTED_EDGE('',*,*,#6716,.F.);
#9485=ORIENTED_EDGE('',*,*,#6726,.T.);
#9486=ORIENTED_EDGE('',*,*,#5998,.T.);
#9487=ORIENTED_EDGE('',*,*,#6727,.T.);
#9488=ORIENTED_EDGE('',*,*,#6727,.F.);
#9489=ORIENTED_EDGE('',*,*,#5997,.F.);
#9490=ORIENTED_EDGE('',*,*,#6728,.F.);
#9491=ORIENTED_EDGE('',*,*,#6717,.T.);
#9492=ORIENTED_EDGE('',*,*,#6718,.F.);
#9493=ORIENTED_EDGE('',*,*,#6728,.T.);
#9494=ORIENTED_EDGE('',*,*,#5996,.T.);
#9495=ORIENTED_EDGE('',*,*,#6729,.T.);
#9496=ORIENTED_EDGE('',*,*,#6707,.F.);
#9497=ORIENTED_EDGE('',*,*,#6719,.T.);
#9498=ORIENTED_EDGE('',*,*,#6729,.F.);
#9499=ORIENTED_EDGE('',*,*,#5995,.F.);
#9500=ORIENTED_EDGE('',*,*,#6721,.F.);
#9501=ORIENTED_EDGE('',*,*,#6003,.F.);
#9502=ORIENTED_EDGE('',*,*,#6722,.F.);
#9503=ORIENTED_EDGE('',*,*,#6711,.T.);
#9504=ORIENTED_EDGE('',*,*,#6725,.F.);
#9505=ORIENTED_EDGE('',*,*,#5999,.F.);
#9506=ORIENTED_EDGE('',*,*,#6726,.F.);
#9507=ORIENTED_EDGE('',*,*,#6715,.T.);
#9508=ORIENTED_EDGE('',*,*,#6730,.F.);
#9509=ORIENTED_EDGE('',*,*,#6731,.T.);
#9510=ORIENTED_EDGE('',*,*,#5982,.T.);
#9511=ORIENTED_EDGE('',*,*,#6732,.T.);
#9512=ORIENTED_EDGE('',*,*,#6730,.T.);
#9513=ORIENTED_EDGE('',*,*,#6733,.F.);
#9514=ORIENTED_EDGE('',*,*,#6734,.T.);
#9515=ORIENTED_EDGE('',*,*,#6735,.F.);
#9516=ORIENTED_EDGE('',*,*,#6736,.T.);
#9517=ORIENTED_EDGE('',*,*,#6737,.F.);
#9518=ORIENTED_EDGE('',*,*,#6738,.T.);
#9519=ORIENTED_EDGE('',*,*,#6739,.F.);
#9520=ORIENTED_EDGE('',*,*,#6740,.T.);
#9521=ORIENTED_EDGE('',*,*,#6741,.F.);
#9522=ORIENTED_EDGE('',*,*,#6742,.T.);
#9523=ORIENTED_EDGE('',*,*,#6743,.F.);
#9524=ORIENTED_EDGE('',*,*,#6732,.F.);
#9525=ORIENTED_EDGE('',*,*,#5993,.F.);
#9526=ORIENTED_EDGE('',*,*,#6744,.F.);
#9527=ORIENTED_EDGE('',*,*,#6733,.T.);
#9528=ORIENTED_EDGE('',*,*,#6734,.F.);
#9529=ORIENTED_EDGE('',*,*,#6744,.T.);
#9530=ORIENTED_EDGE('',*,*,#5992,.T.);
#9531=ORIENTED_EDGE('',*,*,#6745,.T.);
#9532=ORIENTED_EDGE('',*,*,#6736,.F.);
#9533=ORIENTED_EDGE('',*,*,#6746,.T.);
#9534=ORIENTED_EDGE('',*,*,#5990,.T.);
#9535=ORIENTED_EDGE('',*,*,#6747,.T.);
#9536=ORIENTED_EDGE('',*,*,#6747,.F.);
#9537=ORIENTED_EDGE('',*,*,#5989,.F.);
#9538=ORIENTED_EDGE('',*,*,#6748,.F.);
#9539=ORIENTED_EDGE('',*,*,#6737,.T.);
#9540=ORIENTED_EDGE('',*,*,#6738,.F.);
#9541=ORIENTED_EDGE('',*,*,#6748,.T.);
#9542=ORIENTED_EDGE('',*,*,#5988,.T.);
#9543=ORIENTED_EDGE('',*,*,#6749,.T.);
#9544=ORIENTED_EDGE('',*,*,#6740,.F.);
#9545=ORIENTED_EDGE('',*,*,#6750,.T.);
#9546=ORIENTED_EDGE('',*,*,#5986,.T.);
#9547=ORIENTED_EDGE('',*,*,#6751,.T.);
#9548=ORIENTED_EDGE('',*,*,#6751,.F.);
#9549=ORIENTED_EDGE('',*,*,#5985,.F.);
#9550=ORIENTED_EDGE('',*,*,#6752,.F.);
#9551=ORIENTED_EDGE('',*,*,#6741,.T.);
#9552=ORIENTED_EDGE('',*,*,#6742,.F.);
#9553=ORIENTED_EDGE('',*,*,#6752,.T.);
#9554=ORIENTED_EDGE('',*,*,#5984,.T.);
#9555=ORIENTED_EDGE('',*,*,#6753,.T.);
#9556=ORIENTED_EDGE('',*,*,#6731,.F.);
#9557=ORIENTED_EDGE('',*,*,#6743,.T.);
#9558=ORIENTED_EDGE('',*,*,#6753,.F.);
#9559=ORIENTED_EDGE('',*,*,#5983,.F.);
#9560=ORIENTED_EDGE('',*,*,#6745,.F.);
#9561=ORIENTED_EDGE('',*,*,#5991,.F.);
#9562=ORIENTED_EDGE('',*,*,#6746,.F.);
#9563=ORIENTED_EDGE('',*,*,#6735,.T.);
#9564=ORIENTED_EDGE('',*,*,#6749,.F.);
#9565=ORIENTED_EDGE('',*,*,#5987,.F.);
#9566=ORIENTED_EDGE('',*,*,#6750,.F.);
#9567=ORIENTED_EDGE('',*,*,#6739,.T.);
#9568=ORIENTED_EDGE('',*,*,#6754,.F.);
#9569=ORIENTED_EDGE('',*,*,#6755,.T.);
#9570=ORIENTED_EDGE('',*,*,#5970,.T.);
#9571=ORIENTED_EDGE('',*,*,#6756,.T.);
#9572=ORIENTED_EDGE('',*,*,#6754,.T.);
#9573=ORIENTED_EDGE('',*,*,#6757,.F.);
#9574=ORIENTED_EDGE('',*,*,#6758,.T.);
#9575=ORIENTED_EDGE('',*,*,#6759,.F.);
#9576=ORIENTED_EDGE('',*,*,#6760,.T.);
#9577=ORIENTED_EDGE('',*,*,#6761,.F.);
#9578=ORIENTED_EDGE('',*,*,#6762,.T.);
#9579=ORIENTED_EDGE('',*,*,#6763,.F.);
#9580=ORIENTED_EDGE('',*,*,#6764,.T.);
#9581=ORIENTED_EDGE('',*,*,#6765,.F.);
#9582=ORIENTED_EDGE('',*,*,#6766,.T.);
#9583=ORIENTED_EDGE('',*,*,#6767,.F.);
#9584=ORIENTED_EDGE('',*,*,#6756,.F.);
#9585=ORIENTED_EDGE('',*,*,#5981,.F.);
#9586=ORIENTED_EDGE('',*,*,#6768,.F.);
#9587=ORIENTED_EDGE('',*,*,#6757,.T.);
#9588=ORIENTED_EDGE('',*,*,#6758,.F.);
#9589=ORIENTED_EDGE('',*,*,#6768,.T.);
#9590=ORIENTED_EDGE('',*,*,#5980,.T.);
#9591=ORIENTED_EDGE('',*,*,#6769,.T.);
#9592=ORIENTED_EDGE('',*,*,#6760,.F.);
#9593=ORIENTED_EDGE('',*,*,#6770,.T.);
#9594=ORIENTED_EDGE('',*,*,#5978,.T.);
#9595=ORIENTED_EDGE('',*,*,#6771,.T.);
#9596=ORIENTED_EDGE('',*,*,#6771,.F.);
#9597=ORIENTED_EDGE('',*,*,#5977,.F.);
#9598=ORIENTED_EDGE('',*,*,#6772,.F.);
#9599=ORIENTED_EDGE('',*,*,#6761,.T.);
#9600=ORIENTED_EDGE('',*,*,#6762,.F.);
#9601=ORIENTED_EDGE('',*,*,#6772,.T.);
#9602=ORIENTED_EDGE('',*,*,#5976,.T.);
#9603=ORIENTED_EDGE('',*,*,#6773,.T.);
#9604=ORIENTED_EDGE('',*,*,#6764,.F.);
#9605=ORIENTED_EDGE('',*,*,#6774,.T.);
#9606=ORIENTED_EDGE('',*,*,#5974,.T.);
#9607=ORIENTED_EDGE('',*,*,#6775,.T.);
#9608=ORIENTED_EDGE('',*,*,#6775,.F.);
#9609=ORIENTED_EDGE('',*,*,#5973,.F.);
#9610=ORIENTED_EDGE('',*,*,#6776,.F.);
#9611=ORIENTED_EDGE('',*,*,#6765,.T.);
#9612=ORIENTED_EDGE('',*,*,#6766,.F.);
#9613=ORIENTED_EDGE('',*,*,#6776,.T.);
#9614=ORIENTED_EDGE('',*,*,#5972,.T.);
#9615=ORIENTED_EDGE('',*,*,#6777,.T.);
#9616=ORIENTED_EDGE('',*,*,#6755,.F.);
#9617=ORIENTED_EDGE('',*,*,#6767,.T.);
#9618=ORIENTED_EDGE('',*,*,#6777,.F.);
#9619=ORIENTED_EDGE('',*,*,#5971,.F.);
#9620=ORIENTED_EDGE('',*,*,#6769,.F.);
#9621=ORIENTED_EDGE('',*,*,#5979,.F.);
#9622=ORIENTED_EDGE('',*,*,#6770,.F.);
#9623=ORIENTED_EDGE('',*,*,#6759,.T.);
#9624=ORIENTED_EDGE('',*,*,#6773,.F.);
#9625=ORIENTED_EDGE('',*,*,#5975,.F.);
#9626=ORIENTED_EDGE('',*,*,#6774,.F.);
#9627=ORIENTED_EDGE('',*,*,#6763,.T.);
#9628=ORIENTED_EDGE('',*,*,#6778,.F.);
#9629=ORIENTED_EDGE('',*,*,#6779,.T.);
#9630=ORIENTED_EDGE('',*,*,#5958,.T.);
#9631=ORIENTED_EDGE('',*,*,#6780,.T.);
#9632=ORIENTED_EDGE('',*,*,#6778,.T.);
#9633=ORIENTED_EDGE('',*,*,#6781,.F.);
#9634=ORIENTED_EDGE('',*,*,#6782,.T.);
#9635=ORIENTED_EDGE('',*,*,#6783,.F.);
#9636=ORIENTED_EDGE('',*,*,#6784,.T.);
#9637=ORIENTED_EDGE('',*,*,#6785,.F.);
#9638=ORIENTED_EDGE('',*,*,#6786,.T.);
#9639=ORIENTED_EDGE('',*,*,#6787,.F.);
#9640=ORIENTED_EDGE('',*,*,#6788,.T.);
#9641=ORIENTED_EDGE('',*,*,#6789,.F.);
#9642=ORIENTED_EDGE('',*,*,#6790,.T.);
#9643=ORIENTED_EDGE('',*,*,#6791,.F.);
#9644=ORIENTED_EDGE('',*,*,#6780,.F.);
#9645=ORIENTED_EDGE('',*,*,#5969,.F.);
#9646=ORIENTED_EDGE('',*,*,#6792,.F.);
#9647=ORIENTED_EDGE('',*,*,#6781,.T.);
#9648=ORIENTED_EDGE('',*,*,#6782,.F.);
#9649=ORIENTED_EDGE('',*,*,#6792,.T.);
#9650=ORIENTED_EDGE('',*,*,#5968,.T.);
#9651=ORIENTED_EDGE('',*,*,#6793,.T.);
#9652=ORIENTED_EDGE('',*,*,#6784,.F.);
#9653=ORIENTED_EDGE('',*,*,#6794,.T.);
#9654=ORIENTED_EDGE('',*,*,#5966,.T.);
#9655=ORIENTED_EDGE('',*,*,#6795,.T.);
#9656=ORIENTED_EDGE('',*,*,#6795,.F.);
#9657=ORIENTED_EDGE('',*,*,#5965,.F.);
#9658=ORIENTED_EDGE('',*,*,#6796,.F.);
#9659=ORIENTED_EDGE('',*,*,#6785,.T.);
#9660=ORIENTED_EDGE('',*,*,#6786,.F.);
#9661=ORIENTED_EDGE('',*,*,#6796,.T.);
#9662=ORIENTED_EDGE('',*,*,#5964,.T.);
#9663=ORIENTED_EDGE('',*,*,#6797,.T.);
#9664=ORIENTED_EDGE('',*,*,#6788,.F.);
#9665=ORIENTED_EDGE('',*,*,#6798,.T.);
#9666=ORIENTED_EDGE('',*,*,#5962,.T.);
#9667=ORIENTED_EDGE('',*,*,#6799,.T.);
#9668=ORIENTED_EDGE('',*,*,#6799,.F.);
#9669=ORIENTED_EDGE('',*,*,#5961,.F.);
#9670=ORIENTED_EDGE('',*,*,#6800,.F.);
#9671=ORIENTED_EDGE('',*,*,#6789,.T.);
#9672=ORIENTED_EDGE('',*,*,#6790,.F.);
#9673=ORIENTED_EDGE('',*,*,#6800,.T.);
#9674=ORIENTED_EDGE('',*,*,#5960,.T.);
#9675=ORIENTED_EDGE('',*,*,#6801,.T.);
#9676=ORIENTED_EDGE('',*,*,#6779,.F.);
#9677=ORIENTED_EDGE('',*,*,#6791,.T.);
#9678=ORIENTED_EDGE('',*,*,#6801,.F.);
#9679=ORIENTED_EDGE('',*,*,#5959,.F.);
#9680=ORIENTED_EDGE('',*,*,#6793,.F.);
#9681=ORIENTED_EDGE('',*,*,#5967,.F.);
#9682=ORIENTED_EDGE('',*,*,#6794,.F.);
#9683=ORIENTED_EDGE('',*,*,#6783,.T.);
#9684=ORIENTED_EDGE('',*,*,#6797,.F.);
#9685=ORIENTED_EDGE('',*,*,#5963,.F.);
#9686=ORIENTED_EDGE('',*,*,#6798,.F.);
#9687=ORIENTED_EDGE('',*,*,#6787,.T.);
#9688=ORIENTED_EDGE('',*,*,#6802,.F.);
#9689=ORIENTED_EDGE('',*,*,#6803,.T.);
#9690=ORIENTED_EDGE('',*,*,#5946,.T.);
#9691=ORIENTED_EDGE('',*,*,#6804,.T.);
#9692=ORIENTED_EDGE('',*,*,#6802,.T.);
#9693=ORIENTED_EDGE('',*,*,#6805,.F.);
#9694=ORIENTED_EDGE('',*,*,#6806,.T.);
#9695=ORIENTED_EDGE('',*,*,#6807,.F.);
#9696=ORIENTED_EDGE('',*,*,#6808,.T.);
#9697=ORIENTED_EDGE('',*,*,#6809,.F.);
#9698=ORIENTED_EDGE('',*,*,#6810,.T.);
#9699=ORIENTED_EDGE('',*,*,#6811,.F.);
#9700=ORIENTED_EDGE('',*,*,#6812,.T.);
#9701=ORIENTED_EDGE('',*,*,#6813,.F.);
#9702=ORIENTED_EDGE('',*,*,#6814,.T.);
#9703=ORIENTED_EDGE('',*,*,#6815,.F.);
#9704=ORIENTED_EDGE('',*,*,#6804,.F.);
#9705=ORIENTED_EDGE('',*,*,#5957,.F.);
#9706=ORIENTED_EDGE('',*,*,#6816,.F.);
#9707=ORIENTED_EDGE('',*,*,#6805,.T.);
#9708=ORIENTED_EDGE('',*,*,#6806,.F.);
#9709=ORIENTED_EDGE('',*,*,#6816,.T.);
#9710=ORIENTED_EDGE('',*,*,#5956,.T.);
#9711=ORIENTED_EDGE('',*,*,#6817,.T.);
#9712=ORIENTED_EDGE('',*,*,#6808,.F.);
#9713=ORIENTED_EDGE('',*,*,#6818,.T.);
#9714=ORIENTED_EDGE('',*,*,#5954,.T.);
#9715=ORIENTED_EDGE('',*,*,#6819,.T.);
#9716=ORIENTED_EDGE('',*,*,#6819,.F.);
#9717=ORIENTED_EDGE('',*,*,#5953,.F.);
#9718=ORIENTED_EDGE('',*,*,#6820,.F.);
#9719=ORIENTED_EDGE('',*,*,#6809,.T.);
#9720=ORIENTED_EDGE('',*,*,#6810,.F.);
#9721=ORIENTED_EDGE('',*,*,#6820,.T.);
#9722=ORIENTED_EDGE('',*,*,#5952,.T.);
#9723=ORIENTED_EDGE('',*,*,#6821,.T.);
#9724=ORIENTED_EDGE('',*,*,#6812,.F.);
#9725=ORIENTED_EDGE('',*,*,#6822,.T.);
#9726=ORIENTED_EDGE('',*,*,#5950,.T.);
#9727=ORIENTED_EDGE('',*,*,#6823,.T.);
#9728=ORIENTED_EDGE('',*,*,#6823,.F.);
#9729=ORIENTED_EDGE('',*,*,#5949,.F.);
#9730=ORIENTED_EDGE('',*,*,#6824,.F.);
#9731=ORIENTED_EDGE('',*,*,#6813,.T.);
#9732=ORIENTED_EDGE('',*,*,#6814,.F.);
#9733=ORIENTED_EDGE('',*,*,#6824,.T.);
#9734=ORIENTED_EDGE('',*,*,#5948,.T.);
#9735=ORIENTED_EDGE('',*,*,#6825,.T.);
#9736=ORIENTED_EDGE('',*,*,#6803,.F.);
#9737=ORIENTED_EDGE('',*,*,#6815,.T.);
#9738=ORIENTED_EDGE('',*,*,#6825,.F.);
#9739=ORIENTED_EDGE('',*,*,#5947,.F.);
#9740=ORIENTED_EDGE('',*,*,#6817,.F.);
#9741=ORIENTED_EDGE('',*,*,#5955,.F.);
#9742=ORIENTED_EDGE('',*,*,#6818,.F.);
#9743=ORIENTED_EDGE('',*,*,#6807,.T.);
#9744=ORIENTED_EDGE('',*,*,#6821,.F.);
#9745=ORIENTED_EDGE('',*,*,#5951,.F.);
#9746=ORIENTED_EDGE('',*,*,#6822,.F.);
#9747=ORIENTED_EDGE('',*,*,#6811,.T.);
#9748=ORIENTED_EDGE('',*,*,#6826,.T.);
#9749=ORIENTED_EDGE('',*,*,#5554,.T.);
#9750=ORIENTED_EDGE('',*,*,#6827,.T.);
#9751=ORIENTED_EDGE('',*,*,#5383,.T.);
#9752=ORIENTED_EDGE('',*,*,#6827,.F.);
#9753=ORIENTED_EDGE('',*,*,#5565,.F.);
#9754=ORIENTED_EDGE('',*,*,#6828,.F.);
#9755=ORIENTED_EDGE('',*,*,#5384,.T.);
#9756=ORIENTED_EDGE('',*,*,#6828,.T.);
#9757=ORIENTED_EDGE('',*,*,#5564,.T.);
#9758=ORIENTED_EDGE('',*,*,#6829,.T.);
#9759=ORIENTED_EDGE('',*,*,#5385,.T.);
#9760=ORIENTED_EDGE('',*,*,#6830,.F.);
#9761=ORIENTED_EDGE('',*,*,#5562,.T.);
#9762=ORIENTED_EDGE('',*,*,#6831,.T.);
#9763=ORIENTED_EDGE('',*,*,#5387,.T.);
#9764=ORIENTED_EDGE('',*,*,#6831,.F.);
#9765=ORIENTED_EDGE('',*,*,#5561,.F.);
#9766=ORIENTED_EDGE('',*,*,#6832,.T.);
#9767=ORIENTED_EDGE('',*,*,#5388,.T.);
#9768=ORIENTED_EDGE('',*,*,#6832,.F.);
#9769=ORIENTED_EDGE('',*,*,#5560,.T.);
#9770=ORIENTED_EDGE('',*,*,#6833,.T.);
#9771=ORIENTED_EDGE('',*,*,#5389,.T.);
#9772=ORIENTED_EDGE('',*,*,#6834,.F.);
#9773=ORIENTED_EDGE('',*,*,#5558,.T.);
#9774=ORIENTED_EDGE('',*,*,#6835,.T.);
#9775=ORIENTED_EDGE('',*,*,#5391,.T.);
#9776=ORIENTED_EDGE('',*,*,#6835,.F.);
#9777=ORIENTED_EDGE('',*,*,#5557,.F.);
#9778=ORIENTED_EDGE('',*,*,#6836,.T.);
#9779=ORIENTED_EDGE('',*,*,#5392,.T.);
#9780=ORIENTED_EDGE('',*,*,#6836,.F.);
#9781=ORIENTED_EDGE('',*,*,#5556,.T.);
#9782=ORIENTED_EDGE('',*,*,#6837,.T.);
#9783=ORIENTED_EDGE('',*,*,#5393,.T.);
#9784=ORIENTED_EDGE('',*,*,#6826,.F.);
#9785=ORIENTED_EDGE('',*,*,#5394,.T.);
#9786=ORIENTED_EDGE('',*,*,#6837,.F.);
#9787=ORIENTED_EDGE('',*,*,#5555,.F.);
#9788=ORIENTED_EDGE('',*,*,#6829,.F.);
#9789=ORIENTED_EDGE('',*,*,#5563,.F.);
#9790=ORIENTED_EDGE('',*,*,#6830,.T.);
#9791=ORIENTED_EDGE('',*,*,#5386,.T.);
#9792=ORIENTED_EDGE('',*,*,#6833,.F.);
#9793=ORIENTED_EDGE('',*,*,#5559,.F.);
#9794=ORIENTED_EDGE('',*,*,#6834,.T.);
#9795=ORIENTED_EDGE('',*,*,#5390,.T.);
#9796=ORIENTED_EDGE('',*,*,#6838,.T.);
#9797=ORIENTED_EDGE('',*,*,#5542,.T.);
#9798=ORIENTED_EDGE('',*,*,#6839,.T.);
#9799=ORIENTED_EDGE('',*,*,#5371,.T.);
#9800=ORIENTED_EDGE('',*,*,#6839,.F.);
#9801=ORIENTED_EDGE('',*,*,#5553,.F.);
#9802=ORIENTED_EDGE('',*,*,#6840,.F.);
#9803=ORIENTED_EDGE('',*,*,#5372,.T.);
#9804=ORIENTED_EDGE('',*,*,#6840,.T.);
#9805=ORIENTED_EDGE('',*,*,#5552,.T.);
#9806=ORIENTED_EDGE('',*,*,#6841,.T.);
#9807=ORIENTED_EDGE('',*,*,#5373,.T.);
#9808=ORIENTED_EDGE('',*,*,#6842,.F.);
#9809=ORIENTED_EDGE('',*,*,#5550,.T.);
#9810=ORIENTED_EDGE('',*,*,#6843,.T.);
#9811=ORIENTED_EDGE('',*,*,#5375,.T.);
#9812=ORIENTED_EDGE('',*,*,#6843,.F.);
#9813=ORIENTED_EDGE('',*,*,#5549,.F.);
#9814=ORIENTED_EDGE('',*,*,#6844,.T.);
#9815=ORIENTED_EDGE('',*,*,#5376,.T.);
#9816=ORIENTED_EDGE('',*,*,#6844,.F.);
#9817=ORIENTED_EDGE('',*,*,#5548,.T.);
#9818=ORIENTED_EDGE('',*,*,#6845,.T.);
#9819=ORIENTED_EDGE('',*,*,#5377,.T.);
#9820=ORIENTED_EDGE('',*,*,#6846,.F.);
#9821=ORIENTED_EDGE('',*,*,#5546,.T.);
#9822=ORIENTED_EDGE('',*,*,#6847,.T.);
#9823=ORIENTED_EDGE('',*,*,#5379,.T.);
#9824=ORIENTED_EDGE('',*,*,#6847,.F.);
#9825=ORIENTED_EDGE('',*,*,#5545,.F.);
#9826=ORIENTED_EDGE('',*,*,#6848,.T.);
#9827=ORIENTED_EDGE('',*,*,#5380,.T.);
#9828=ORIENTED_EDGE('',*,*,#6848,.F.);
#9829=ORIENTED_EDGE('',*,*,#5544,.T.);
#9830=ORIENTED_EDGE('',*,*,#6849,.T.);
#9831=ORIENTED_EDGE('',*,*,#5381,.T.);
#9832=ORIENTED_EDGE('',*,*,#6838,.F.);
#9833=ORIENTED_EDGE('',*,*,#5382,.T.);
#9834=ORIENTED_EDGE('',*,*,#6849,.F.);
#9835=ORIENTED_EDGE('',*,*,#5543,.F.);
#9836=ORIENTED_EDGE('',*,*,#6841,.F.);
#9837=ORIENTED_EDGE('',*,*,#5551,.F.);
#9838=ORIENTED_EDGE('',*,*,#6842,.T.);
#9839=ORIENTED_EDGE('',*,*,#5374,.T.);
#9840=ORIENTED_EDGE('',*,*,#6845,.F.);
#9841=ORIENTED_EDGE('',*,*,#5547,.F.);
#9842=ORIENTED_EDGE('',*,*,#6846,.T.);
#9843=ORIENTED_EDGE('',*,*,#5378,.T.);
#9844=ORIENTED_EDGE('',*,*,#6850,.T.);
#9845=ORIENTED_EDGE('',*,*,#5530,.T.);
#9846=ORIENTED_EDGE('',*,*,#6851,.T.);
#9847=ORIENTED_EDGE('',*,*,#5395,.T.);
#9848=ORIENTED_EDGE('',*,*,#6851,.F.);
#9849=ORIENTED_EDGE('',*,*,#5541,.F.);
#9850=ORIENTED_EDGE('',*,*,#6852,.F.);
#9851=ORIENTED_EDGE('',*,*,#5396,.T.);
#9852=ORIENTED_EDGE('',*,*,#6852,.T.);
#9853=ORIENTED_EDGE('',*,*,#5540,.T.);
#9854=ORIENTED_EDGE('',*,*,#6853,.T.);
#9855=ORIENTED_EDGE('',*,*,#5397,.T.);
#9856=ORIENTED_EDGE('',*,*,#6854,.F.);
#9857=ORIENTED_EDGE('',*,*,#5538,.T.);
#9858=ORIENTED_EDGE('',*,*,#6855,.T.);
#9859=ORIENTED_EDGE('',*,*,#5399,.T.);
#9860=ORIENTED_EDGE('',*,*,#6855,.F.);
#9861=ORIENTED_EDGE('',*,*,#5537,.F.);
#9862=ORIENTED_EDGE('',*,*,#6856,.T.);
#9863=ORIENTED_EDGE('',*,*,#5400,.T.);
#9864=ORIENTED_EDGE('',*,*,#6856,.F.);
#9865=ORIENTED_EDGE('',*,*,#5536,.T.);
#9866=ORIENTED_EDGE('',*,*,#6857,.T.);
#9867=ORIENTED_EDGE('',*,*,#5401,.T.);
#9868=ORIENTED_EDGE('',*,*,#6858,.F.);
#9869=ORIENTED_EDGE('',*,*,#5534,.T.);
#9870=ORIENTED_EDGE('',*,*,#6859,.T.);
#9871=ORIENTED_EDGE('',*,*,#5403,.T.);
#9872=ORIENTED_EDGE('',*,*,#6859,.F.);
#9873=ORIENTED_EDGE('',*,*,#5533,.F.);
#9874=ORIENTED_EDGE('',*,*,#6860,.T.);
#9875=ORIENTED_EDGE('',*,*,#5404,.T.);
#9876=ORIENTED_EDGE('',*,*,#6860,.F.);
#9877=ORIENTED_EDGE('',*,*,#5532,.T.);
#9878=ORIENTED_EDGE('',*,*,#6861,.T.);
#9879=ORIENTED_EDGE('',*,*,#5405,.T.);
#9880=ORIENTED_EDGE('',*,*,#6850,.F.);
#9881=ORIENTED_EDGE('',*,*,#5406,.T.);
#9882=ORIENTED_EDGE('',*,*,#6861,.F.);
#9883=ORIENTED_EDGE('',*,*,#5531,.F.);
#9884=ORIENTED_EDGE('',*,*,#6853,.F.);
#9885=ORIENTED_EDGE('',*,*,#5539,.F.);
#9886=ORIENTED_EDGE('',*,*,#6854,.T.);
#9887=ORIENTED_EDGE('',*,*,#5398,.T.);
#9888=ORIENTED_EDGE('',*,*,#6857,.F.);
#9889=ORIENTED_EDGE('',*,*,#5535,.F.);
#9890=ORIENTED_EDGE('',*,*,#6858,.T.);
#9891=ORIENTED_EDGE('',*,*,#5402,.T.);
#9892=ORIENTED_EDGE('',*,*,#6862,.T.);
#9893=ORIENTED_EDGE('',*,*,#5518,.T.);
#9894=ORIENTED_EDGE('',*,*,#6863,.T.);
#9895=ORIENTED_EDGE('',*,*,#5359,.T.);
#9896=ORIENTED_EDGE('',*,*,#6863,.F.);
#9897=ORIENTED_EDGE('',*,*,#5529,.F.);
#9898=ORIENTED_EDGE('',*,*,#6864,.F.);
#9899=ORIENTED_EDGE('',*,*,#5360,.T.);
#9900=ORIENTED_EDGE('',*,*,#6864,.T.);
#9901=ORIENTED_EDGE('',*,*,#5528,.T.);
#9902=ORIENTED_EDGE('',*,*,#6865,.T.);
#9903=ORIENTED_EDGE('',*,*,#5361,.T.);
#9904=ORIENTED_EDGE('',*,*,#6866,.F.);
#9905=ORIENTED_EDGE('',*,*,#5526,.T.);
#9906=ORIENTED_EDGE('',*,*,#6867,.T.);
#9907=ORIENTED_EDGE('',*,*,#5363,.T.);
#9908=ORIENTED_EDGE('',*,*,#6867,.F.);
#9909=ORIENTED_EDGE('',*,*,#5525,.F.);
#9910=ORIENTED_EDGE('',*,*,#6868,.T.);
#9911=ORIENTED_EDGE('',*,*,#5364,.T.);
#9912=ORIENTED_EDGE('',*,*,#6868,.F.);
#9913=ORIENTED_EDGE('',*,*,#5524,.T.);
#9914=ORIENTED_EDGE('',*,*,#6869,.T.);
#9915=ORIENTED_EDGE('',*,*,#5365,.T.);
#9916=ORIENTED_EDGE('',*,*,#6870,.F.);
#9917=ORIENTED_EDGE('',*,*,#5522,.T.);
#9918=ORIENTED_EDGE('',*,*,#6871,.T.);
#9919=ORIENTED_EDGE('',*,*,#5367,.T.);
#9920=ORIENTED_EDGE('',*,*,#6871,.F.);
#9921=ORIENTED_EDGE('',*,*,#5521,.F.);
#9922=ORIENTED_EDGE('',*,*,#6872,.T.);
#9923=ORIENTED_EDGE('',*,*,#5368,.T.);
#9924=ORIENTED_EDGE('',*,*,#6872,.F.);
#9925=ORIENTED_EDGE('',*,*,#5520,.T.);
#9926=ORIENTED_EDGE('',*,*,#6873,.T.);
#9927=ORIENTED_EDGE('',*,*,#5369,.T.);
#9928=ORIENTED_EDGE('',*,*,#6862,.F.);
#9929=ORIENTED_EDGE('',*,*,#5370,.T.);
#9930=ORIENTED_EDGE('',*,*,#6873,.F.);
#9931=ORIENTED_EDGE('',*,*,#5519,.F.);
#9932=ORIENTED_EDGE('',*,*,#6865,.F.);
#9933=ORIENTED_EDGE('',*,*,#5527,.F.);
#9934=ORIENTED_EDGE('',*,*,#6866,.T.);
#9935=ORIENTED_EDGE('',*,*,#5362,.T.);
#9936=ORIENTED_EDGE('',*,*,#6869,.F.);
#9937=ORIENTED_EDGE('',*,*,#5523,.F.);
#9938=ORIENTED_EDGE('',*,*,#6870,.T.);
#9939=ORIENTED_EDGE('',*,*,#5366,.T.);
#9940=ORIENTED_EDGE('',*,*,#6874,.T.);
#9941=ORIENTED_EDGE('',*,*,#5506,.T.);
#9942=ORIENTED_EDGE('',*,*,#6875,.T.);
#9943=ORIENTED_EDGE('',*,*,#5347,.T.);
#9944=ORIENTED_EDGE('',*,*,#6875,.F.);
#9945=ORIENTED_EDGE('',*,*,#5517,.F.);
#9946=ORIENTED_EDGE('',*,*,#6876,.F.);
#9947=ORIENTED_EDGE('',*,*,#5348,.T.);
#9948=ORIENTED_EDGE('',*,*,#6876,.T.);
#9949=ORIENTED_EDGE('',*,*,#5516,.T.);
#9950=ORIENTED_EDGE('',*,*,#6877,.T.);
#9951=ORIENTED_EDGE('',*,*,#5349,.T.);
#9952=ORIENTED_EDGE('',*,*,#6878,.F.);
#9953=ORIENTED_EDGE('',*,*,#5514,.T.);
#9954=ORIENTED_EDGE('',*,*,#6879,.T.);
#9955=ORIENTED_EDGE('',*,*,#5351,.T.);
#9956=ORIENTED_EDGE('',*,*,#6879,.F.);
#9957=ORIENTED_EDGE('',*,*,#5513,.F.);
#9958=ORIENTED_EDGE('',*,*,#6880,.T.);
#9959=ORIENTED_EDGE('',*,*,#5352,.T.);
#9960=ORIENTED_EDGE('',*,*,#6880,.F.);
#9961=ORIENTED_EDGE('',*,*,#5512,.T.);
#9962=ORIENTED_EDGE('',*,*,#6881,.T.);
#9963=ORIENTED_EDGE('',*,*,#5353,.T.);
#9964=ORIENTED_EDGE('',*,*,#6882,.F.);
#9965=ORIENTED_EDGE('',*,*,#5510,.T.);
#9966=ORIENTED_EDGE('',*,*,#6883,.T.);
#9967=ORIENTED_EDGE('',*,*,#5355,.T.);
#9968=ORIENTED_EDGE('',*,*,#6883,.F.);
#9969=ORIENTED_EDGE('',*,*,#5509,.F.);
#9970=ORIENTED_EDGE('',*,*,#6884,.T.);
#9971=ORIENTED_EDGE('',*,*,#5356,.T.);
#9972=ORIENTED_EDGE('',*,*,#6884,.F.);
#9973=ORIENTED_EDGE('',*,*,#5508,.T.);
#9974=ORIENTED_EDGE('',*,*,#6885,.T.);
#9975=ORIENTED_EDGE('',*,*,#5357,.T.);
#9976=ORIENTED_EDGE('',*,*,#6874,.F.);
#9977=ORIENTED_EDGE('',*,*,#5358,.T.);
#9978=ORIENTED_EDGE('',*,*,#6885,.F.);
#9979=ORIENTED_EDGE('',*,*,#5507,.F.);
#9980=ORIENTED_EDGE('',*,*,#6877,.F.);
#9981=ORIENTED_EDGE('',*,*,#5515,.F.);
#9982=ORIENTED_EDGE('',*,*,#6878,.T.);
#9983=ORIENTED_EDGE('',*,*,#5350,.T.);
#9984=ORIENTED_EDGE('',*,*,#6881,.F.);
#9985=ORIENTED_EDGE('',*,*,#5511,.F.);
#9986=ORIENTED_EDGE('',*,*,#6882,.T.);
#9987=ORIENTED_EDGE('',*,*,#5354,.T.);
#9988=ORIENTED_EDGE('',*,*,#6886,.T.);
#9989=ORIENTED_EDGE('',*,*,#5494,.T.);
#9990=ORIENTED_EDGE('',*,*,#6887,.T.);
#9991=ORIENTED_EDGE('',*,*,#5419,.T.);
#9992=ORIENTED_EDGE('',*,*,#6887,.F.);
#9993=ORIENTED_EDGE('',*,*,#5505,.F.);
#9994=ORIENTED_EDGE('',*,*,#6888,.F.);
#9995=ORIENTED_EDGE('',*,*,#5420,.T.);
#9996=ORIENTED_EDGE('',*,*,#6888,.T.);
#9997=ORIENTED_EDGE('',*,*,#5504,.T.);
#9998=ORIENTED_EDGE('',*,*,#6889,.T.);
#9999=ORIENTED_EDGE('',*,*,#5421,.T.);
#10000=ORIENTED_EDGE('',*,*,#6890,.F.);
#10001=ORIENTED_EDGE('',*,*,#5502,.T.);
#10002=ORIENTED_EDGE('',*,*,#6891,.T.);
#10003=ORIENTED_EDGE('',*,*,#5423,.T.);
#10004=ORIENTED_EDGE('',*,*,#6891,.F.);
#10005=ORIENTED_EDGE('',*,*,#5501,.F.);
#10006=ORIENTED_EDGE('',*,*,#6892,.T.);
#10007=ORIENTED_EDGE('',*,*,#5424,.T.);
#10008=ORIENTED_EDGE('',*,*,#6892,.F.);
#10009=ORIENTED_EDGE('',*,*,#5500,.T.);
#10010=ORIENTED_EDGE('',*,*,#6893,.T.);
#10011=ORIENTED_EDGE('',*,*,#5425,.T.);
#10012=ORIENTED_EDGE('',*,*,#6894,.F.);
#10013=ORIENTED_EDGE('',*,*,#5498,.T.);
#10014=ORIENTED_EDGE('',*,*,#6895,.T.);
#10015=ORIENTED_EDGE('',*,*,#5427,.T.);
#10016=ORIENTED_EDGE('',*,*,#6895,.F.);
#10017=ORIENTED_EDGE('',*,*,#5497,.F.);
#10018=ORIENTED_EDGE('',*,*,#6896,.T.);
#10019=ORIENTED_EDGE('',*,*,#5428,.T.);
#10020=ORIENTED_EDGE('',*,*,#6896,.F.);
#10021=ORIENTED_EDGE('',*,*,#5496,.T.);
#10022=ORIENTED_EDGE('',*,*,#6897,.T.);
#10023=ORIENTED_EDGE('',*,*,#5429,.T.);
#10024=ORIENTED_EDGE('',*,*,#6886,.F.);
#10025=ORIENTED_EDGE('',*,*,#5430,.T.);
#10026=ORIENTED_EDGE('',*,*,#6897,.F.);
#10027=ORIENTED_EDGE('',*,*,#5495,.F.);
#10028=ORIENTED_EDGE('',*,*,#6889,.F.);
#10029=ORIENTED_EDGE('',*,*,#5503,.F.);
#10030=ORIENTED_EDGE('',*,*,#6890,.T.);
#10031=ORIENTED_EDGE('',*,*,#5422,.T.);
#10032=ORIENTED_EDGE('',*,*,#6893,.F.);
#10033=ORIENTED_EDGE('',*,*,#5499,.F.);
#10034=ORIENTED_EDGE('',*,*,#6894,.T.);
#10035=ORIENTED_EDGE('',*,*,#5426,.T.);
#10036=ORIENTED_EDGE('',*,*,#6898,.F.);
#10037=ORIENTED_EDGE('',*,*,#6899,.T.);
#10038=ORIENTED_EDGE('',*,*,#5482,.T.);
#10039=ORIENTED_EDGE('',*,*,#6900,.T.);
#10040=ORIENTED_EDGE('',*,*,#6898,.T.);
#10041=ORIENTED_EDGE('',*,*,#6901,.F.);
#10042=ORIENTED_EDGE('',*,*,#6902,.T.);
#10043=ORIENTED_EDGE('',*,*,#6903,.F.);
#10044=ORIENTED_EDGE('',*,*,#6904,.T.);
#10045=ORIENTED_EDGE('',*,*,#6905,.F.);
#10046=ORIENTED_EDGE('',*,*,#6906,.T.);
#10047=ORIENTED_EDGE('',*,*,#6907,.F.);
#10048=ORIENTED_EDGE('',*,*,#6908,.T.);
#10049=ORIENTED_EDGE('',*,*,#6909,.F.);
#10050=ORIENTED_EDGE('',*,*,#6910,.T.);
#10051=ORIENTED_EDGE('',*,*,#6911,.F.);
#10052=ORIENTED_EDGE('',*,*,#6900,.F.);
#10053=ORIENTED_EDGE('',*,*,#5493,.F.);
#10054=ORIENTED_EDGE('',*,*,#6912,.F.);
#10055=ORIENTED_EDGE('',*,*,#6901,.T.);
#10056=ORIENTED_EDGE('',*,*,#6902,.F.);
#10057=ORIENTED_EDGE('',*,*,#6912,.T.);
#10058=ORIENTED_EDGE('',*,*,#5492,.T.);
#10059=ORIENTED_EDGE('',*,*,#6913,.T.);
#10060=ORIENTED_EDGE('',*,*,#6904,.F.);
#10061=ORIENTED_EDGE('',*,*,#6914,.T.);
#10062=ORIENTED_EDGE('',*,*,#5490,.T.);
#10063=ORIENTED_EDGE('',*,*,#6915,.T.);
#10064=ORIENTED_EDGE('',*,*,#6915,.F.);
#10065=ORIENTED_EDGE('',*,*,#5489,.F.);
#10066=ORIENTED_EDGE('',*,*,#6916,.F.);
#10067=ORIENTED_EDGE('',*,*,#6905,.T.);
#10068=ORIENTED_EDGE('',*,*,#6906,.F.);
#10069=ORIENTED_EDGE('',*,*,#6916,.T.);
#10070=ORIENTED_EDGE('',*,*,#5488,.T.);
#10071=ORIENTED_EDGE('',*,*,#6917,.T.);
#10072=ORIENTED_EDGE('',*,*,#6908,.F.);
#10073=ORIENTED_EDGE('',*,*,#6918,.T.);
#10074=ORIENTED_EDGE('',*,*,#5486,.T.);
#10075=ORIENTED_EDGE('',*,*,#6919,.T.);
#10076=ORIENTED_EDGE('',*,*,#6919,.F.);
#10077=ORIENTED_EDGE('',*,*,#5485,.F.);
#10078=ORIENTED_EDGE('',*,*,#6920,.F.);
#10079=ORIENTED_EDGE('',*,*,#6909,.T.);
#10080=ORIENTED_EDGE('',*,*,#6910,.F.);
#10081=ORIENTED_EDGE('',*,*,#6920,.T.);
#10082=ORIENTED_EDGE('',*,*,#5484,.T.);
#10083=ORIENTED_EDGE('',*,*,#6921,.T.);
#10084=ORIENTED_EDGE('',*,*,#6899,.F.);
#10085=ORIENTED_EDGE('',*,*,#6911,.T.);
#10086=ORIENTED_EDGE('',*,*,#6921,.F.);
#10087=ORIENTED_EDGE('',*,*,#5483,.F.);
#10088=ORIENTED_EDGE('',*,*,#6913,.F.);
#10089=ORIENTED_EDGE('',*,*,#5491,.F.);
#10090=ORIENTED_EDGE('',*,*,#6914,.F.);
#10091=ORIENTED_EDGE('',*,*,#6903,.T.);
#10092=ORIENTED_EDGE('',*,*,#6917,.F.);
#10093=ORIENTED_EDGE('',*,*,#5487,.F.);
#10094=ORIENTED_EDGE('',*,*,#6918,.F.);
#10095=ORIENTED_EDGE('',*,*,#6907,.T.);
#10096=ORIENTED_EDGE('',*,*,#6922,.F.);
#10097=ORIENTED_EDGE('',*,*,#6923,.T.);
#10098=ORIENTED_EDGE('',*,*,#5470,.T.);
#10099=ORIENTED_EDGE('',*,*,#6924,.T.);
#10100=ORIENTED_EDGE('',*,*,#6922,.T.);
#10101=ORIENTED_EDGE('',*,*,#6925,.F.);
#10102=ORIENTED_EDGE('',*,*,#6926,.T.);
#10103=ORIENTED_EDGE('',*,*,#6927,.F.);
#10104=ORIENTED_EDGE('',*,*,#6928,.T.);
#10105=ORIENTED_EDGE('',*,*,#6929,.F.);
#10106=ORIENTED_EDGE('',*,*,#6930,.T.);
#10107=ORIENTED_EDGE('',*,*,#6931,.F.);
#10108=ORIENTED_EDGE('',*,*,#6932,.T.);
#10109=ORIENTED_EDGE('',*,*,#6933,.F.);
#10110=ORIENTED_EDGE('',*,*,#6934,.T.);
#10111=ORIENTED_EDGE('',*,*,#6935,.F.);
#10112=ORIENTED_EDGE('',*,*,#6924,.F.);
#10113=ORIENTED_EDGE('',*,*,#5481,.F.);
#10114=ORIENTED_EDGE('',*,*,#6936,.F.);
#10115=ORIENTED_EDGE('',*,*,#6925,.T.);
#10116=ORIENTED_EDGE('',*,*,#6926,.F.);
#10117=ORIENTED_EDGE('',*,*,#6936,.T.);
#10118=ORIENTED_EDGE('',*,*,#5480,.T.);
#10119=ORIENTED_EDGE('',*,*,#6937,.T.);
#10120=ORIENTED_EDGE('',*,*,#6928,.F.);
#10121=ORIENTED_EDGE('',*,*,#6938,.T.);
#10122=ORIENTED_EDGE('',*,*,#5478,.T.);
#10123=ORIENTED_EDGE('',*,*,#6939,.T.);
#10124=ORIENTED_EDGE('',*,*,#6939,.F.);
#10125=ORIENTED_EDGE('',*,*,#5477,.F.);
#10126=ORIENTED_EDGE('',*,*,#6940,.F.);
#10127=ORIENTED_EDGE('',*,*,#6929,.T.);
#10128=ORIENTED_EDGE('',*,*,#6930,.F.);
#10129=ORIENTED_EDGE('',*,*,#6940,.T.);
#10130=ORIENTED_EDGE('',*,*,#5476,.T.);
#10131=ORIENTED_EDGE('',*,*,#6941,.T.);
#10132=ORIENTED_EDGE('',*,*,#6932,.F.);
#10133=ORIENTED_EDGE('',*,*,#6942,.T.);
#10134=ORIENTED_EDGE('',*,*,#5474,.T.);
#10135=ORIENTED_EDGE('',*,*,#6943,.T.);
#10136=ORIENTED_EDGE('',*,*,#6943,.F.);
#10137=ORIENTED_EDGE('',*,*,#5473,.F.);
#10138=ORIENTED_EDGE('',*,*,#6944,.F.);
#10139=ORIENTED_EDGE('',*,*,#6933,.T.);
#10140=ORIENTED_EDGE('',*,*,#6934,.F.);
#10141=ORIENTED_EDGE('',*,*,#6944,.T.);
#10142=ORIENTED_EDGE('',*,*,#5472,.T.);
#10143=ORIENTED_EDGE('',*,*,#6945,.T.);
#10144=ORIENTED_EDGE('',*,*,#6923,.F.);
#10145=ORIENTED_EDGE('',*,*,#6935,.T.);
#10146=ORIENTED_EDGE('',*,*,#6945,.F.);
#10147=ORIENTED_EDGE('',*,*,#5471,.F.);
#10148=ORIENTED_EDGE('',*,*,#6937,.F.);
#10149=ORIENTED_EDGE('',*,*,#5479,.F.);
#10150=ORIENTED_EDGE('',*,*,#6938,.F.);
#10151=ORIENTED_EDGE('',*,*,#6927,.T.);
#10152=ORIENTED_EDGE('',*,*,#6941,.F.);
#10153=ORIENTED_EDGE('',*,*,#5475,.F.);
#10154=ORIENTED_EDGE('',*,*,#6942,.F.);
#10155=ORIENTED_EDGE('',*,*,#6931,.T.);
#10156=ORIENTED_EDGE('',*,*,#6946,.F.);
#10157=ORIENTED_EDGE('',*,*,#6947,.T.);
#10158=ORIENTED_EDGE('',*,*,#5458,.T.);
#10159=ORIENTED_EDGE('',*,*,#6948,.T.);
#10160=ORIENTED_EDGE('',*,*,#6946,.T.);
#10161=ORIENTED_EDGE('',*,*,#6949,.F.);
#10162=ORIENTED_EDGE('',*,*,#6950,.T.);
#10163=ORIENTED_EDGE('',*,*,#6951,.F.);
#10164=ORIENTED_EDGE('',*,*,#6952,.T.);
#10165=ORIENTED_EDGE('',*,*,#6953,.F.);
#10166=ORIENTED_EDGE('',*,*,#6954,.T.);
#10167=ORIENTED_EDGE('',*,*,#6955,.F.);
#10168=ORIENTED_EDGE('',*,*,#6956,.T.);
#10169=ORIENTED_EDGE('',*,*,#6957,.F.);
#10170=ORIENTED_EDGE('',*,*,#6958,.T.);
#10171=ORIENTED_EDGE('',*,*,#6959,.F.);
#10172=ORIENTED_EDGE('',*,*,#6948,.F.);
#10173=ORIENTED_EDGE('',*,*,#5469,.F.);
#10174=ORIENTED_EDGE('',*,*,#6960,.F.);
#10175=ORIENTED_EDGE('',*,*,#6949,.T.);
#10176=ORIENTED_EDGE('',*,*,#6950,.F.);
#10177=ORIENTED_EDGE('',*,*,#6960,.T.);
#10178=ORIENTED_EDGE('',*,*,#5468,.T.);
#10179=ORIENTED_EDGE('',*,*,#6961,.T.);
#10180=ORIENTED_EDGE('',*,*,#6952,.F.);
#10181=ORIENTED_EDGE('',*,*,#6962,.T.);
#10182=ORIENTED_EDGE('',*,*,#5466,.T.);
#10183=ORIENTED_EDGE('',*,*,#6963,.T.);
#10184=ORIENTED_EDGE('',*,*,#6963,.F.);
#10185=ORIENTED_EDGE('',*,*,#5465,.F.);
#10186=ORIENTED_EDGE('',*,*,#6964,.F.);
#10187=ORIENTED_EDGE('',*,*,#6953,.T.);
#10188=ORIENTED_EDGE('',*,*,#6954,.F.);
#10189=ORIENTED_EDGE('',*,*,#6964,.T.);
#10190=ORIENTED_EDGE('',*,*,#5464,.T.);
#10191=ORIENTED_EDGE('',*,*,#6965,.T.);
#10192=ORIENTED_EDGE('',*,*,#6956,.F.);
#10193=ORIENTED_EDGE('',*,*,#6966,.T.);
#10194=ORIENTED_EDGE('',*,*,#5462,.T.);
#10195=ORIENTED_EDGE('',*,*,#6967,.T.);
#10196=ORIENTED_EDGE('',*,*,#6967,.F.);
#10197=ORIENTED_EDGE('',*,*,#5461,.F.);
#10198=ORIENTED_EDGE('',*,*,#6968,.F.);
#10199=ORIENTED_EDGE('',*,*,#6957,.T.);
#10200=ORIENTED_EDGE('',*,*,#6958,.F.);
#10201=ORIENTED_EDGE('',*,*,#6968,.T.);
#10202=ORIENTED_EDGE('',*,*,#5460,.T.);
#10203=ORIENTED_EDGE('',*,*,#6969,.T.);
#10204=ORIENTED_EDGE('',*,*,#6947,.F.);
#10205=ORIENTED_EDGE('',*,*,#6959,.T.);
#10206=ORIENTED_EDGE('',*,*,#6969,.F.);
#10207=ORIENTED_EDGE('',*,*,#5459,.F.);
#10208=ORIENTED_EDGE('',*,*,#6961,.F.);
#10209=ORIENTED_EDGE('',*,*,#5467,.F.);
#10210=ORIENTED_EDGE('',*,*,#6962,.F.);
#10211=ORIENTED_EDGE('',*,*,#6951,.T.);
#10212=ORIENTED_EDGE('',*,*,#6965,.F.);
#10213=ORIENTED_EDGE('',*,*,#5463,.F.);
#10214=ORIENTED_EDGE('',*,*,#6966,.F.);
#10215=ORIENTED_EDGE('',*,*,#6955,.T.);
#10216=PLANE('',#11150);
#10217=PLANE('',#11157);
#10218=PLANE('',#11164);
#10219=PLANE('',#11171);
#10220=PLANE('',#11178);
#10221=PLANE('',#11185);
#10222=PLANE('',#11192);
#10223=PLANE('',#11202);
#10224=PLANE('',#11206);
#10225=PLANE('',#11207);
#10226=PLANE('',#11273);
#10227=PLANE('',#11280);
#10228=PLANE('',#11281);
#10229=PLANE('',#11346);
#10230=PLANE('',#11349);
#10231=PLANE('',#11352);
#10232=PLANE('',#11354);
#10233=PLANE('',#11355);
#10234=PLANE('',#11356);
#10235=PLANE('',#11360);
#10236=PLANE('',#11366);
#10237=PLANE('',#11371);
#10238=PLANE('',#11376);
#10239=PLANE('',#11379);
#10240=PLANE('',#11380);
#10241=PLANE('',#11381);
#10242=PLANE('',#11384);
#10243=PLANE('',#11390);
#10244=PLANE('',#11393);
#10245=PLANE('',#11396);
#10246=PLANE('',#11398);
#10247=PLANE('',#11399);
#10248=PLANE('',#11400);
#10249=PLANE('',#11404);
#10250=PLANE('',#11410);
#10251=PLANE('',#11415);
#10252=PLANE('',#11420);
#10253=PLANE('',#11423);
#10254=PLANE('',#11424);
#10255=PLANE('',#11425);
#10256=PLANE('',#11428);
#10257=PLANE('',#11431);
#10258=PLANE('',#11486);
#10259=PLANE('',#11542);
#10260=PLANE('',#11544);
#10261=PLANE('',#11545);
#10262=PLANE('',#11549);
#10263=PLANE('',#11553);
#10264=PLANE('',#11557);
#10265=PLANE('',#11561);
#10266=PLANE('',#11565);
#10267=PLANE('',#11569);
#10268=PLANE('',#11573);
#10269=PLANE('',#11574);
#10270=PLANE('',#11577);
#10271=PLANE('',#11579);
#10272=PLANE('',#11580);
#10273=PLANE('',#11582);
#10274=PLANE('',#11584);
#10275=PLANE('',#11587);
#10276=PLANE('',#11589);
#10277=PLANE('',#11596);
#10278=PLANE('',#11600);
#10279=PLANE('',#11604);
#10280=PLANE('',#11608);
#10281=PLANE('',#11609);
#10282=PLANE('',#11612);
#10283=PLANE('',#11615);
#10284=PLANE('',#11616);
#10285=PLANE('',#11618);
#10286=PLANE('',#11622);
#10287=PLANE('',#11623);
#10288=PLANE('',#11626);
#10289=PLANE('',#11629);
#10290=PLANE('',#11634);
#10291=PLANE('',#11637);
#10292=PLANE('',#11643);
#10293=PLANE('',#11646);
#10294=PLANE('',#11649);
#10295=PLANE('',#11651);
#10296=PLANE('',#11652);
#10297=PLANE('',#11653);
#10298=PLANE('',#11656);
#10299=PLANE('',#11662);
#10300=PLANE('',#11665);
#10301=PLANE('',#11668);
#10302=PLANE('',#11670);
#10303=PLANE('',#11671);
#10304=PLANE('',#11672);
#10305=PLANE('',#11675);
#10306=PLANE('',#11681);
#10307=PLANE('',#11684);
#10308=PLANE('',#11687);
#10309=PLANE('',#11689);
#10310=PLANE('',#11690);
#10311=PLANE('',#11691);
#10312=PLANE('',#11694);
#10313=PLANE('',#11700);
#10314=PLANE('',#11703);
#10315=PLANE('',#11706);
#10316=PLANE('',#11708);
#10317=PLANE('',#11709);
#10318=PLANE('',#11710);
#10319=PLANE('',#11713);
#10320=PLANE('',#11719);
#10321=PLANE('',#11722);
#10322=PLANE('',#11725);
#10323=PLANE('',#11727);
#10324=PLANE('',#11728);
#10325=PLANE('',#11729);
#10326=PLANE('',#11732);
#10327=PLANE('',#11738);
#10328=PLANE('',#11741);
#10329=PLANE('',#11744);
#10330=PLANE('',#11746);
#10331=PLANE('',#11747);
#10332=PLANE('',#11748);
#10333=PLANE('',#11751);
#10334=PLANE('',#11757);
#10335=PLANE('',#11760);
#10336=PLANE('',#11763);
#10337=PLANE('',#11765);
#10338=PLANE('',#11766);
#10339=PLANE('',#11767);
#10340=PLANE('',#11770);
#10341=PLANE('',#11776);
#10342=PLANE('',#11779);
#10343=PLANE('',#11782);
#10344=PLANE('',#11784);
#10345=PLANE('',#11785);
#10346=PLANE('',#11786);
#10347=PLANE('',#11789);
#10348=PLANE('',#11795);
#10349=PLANE('',#11798);
#10350=PLANE('',#11801);
#10351=PLANE('',#11803);
#10352=PLANE('',#11804);
#10353=PLANE('',#11805);
#10354=PLANE('',#11808);
#10355=PLANE('',#11814);
#10356=PLANE('',#11817);
#10357=PLANE('',#11820);
#10358=PLANE('',#11822);
#10359=PLANE('',#11823);
#10360=PLANE('',#11824);
#10361=PLANE('',#11827);
#10362=PLANE('',#11833);
#10363=PLANE('',#11836);
#10364=PLANE('',#11839);
#10365=PLANE('',#11841);
#10366=PLANE('',#11842);
#10367=PLANE('',#11843);
#10368=PLANE('',#11846);
#10369=PLANE('',#11852);
#10370=PLANE('',#11855);
#10371=PLANE('',#11858);
#10372=PLANE('',#11860);
#10373=PLANE('',#11861);
#10374=PLANE('',#11862);
#10375=PLANE('',#11865);
#10376=PLANE('',#11871);
#10377=PLANE('',#11874);
#10378=PLANE('',#11877);
#10379=PLANE('',#11879);
#10380=PLANE('',#11880);
#10381=PLANE('',#11881);
#10382=PLANE('',#11884);
#10383=PLANE('',#11890);
#10384=PLANE('',#11893);
#10385=PLANE('',#11896);
#10386=PLANE('',#11898);
#10387=PLANE('',#11899);
#10388=PLANE('',#11900);
#10389=PLANE('',#11903);
#10390=PLANE('',#11909);
#10391=PLANE('',#11912);
#10392=PLANE('',#11915);
#10393=PLANE('',#11917);
#10394=PLANE('',#11918);
#10395=PLANE('',#11919);
#10396=PLANE('',#11922);
#10397=PLANE('',#11928);
#10398=PLANE('',#11931);
#10399=PLANE('',#11934);
#10400=PLANE('',#11936);
#10401=PLANE('',#11937);
#10402=PLANE('',#11938);
#10403=PLANE('',#11941);
#10404=PLANE('',#11947);
#10405=PLANE('',#11950);
#10406=PLANE('',#11953);
#10407=PLANE('',#11955);
#10408=PLANE('',#11956);
#10409=PLANE('',#11957);
#10410=PLANE('',#11960);
#10411=PLANE('',#11966);
#10412=PLANE('',#11969);
#10413=PLANE('',#11972);
#10414=PLANE('',#11974);
#10415=PLANE('',#11975);
#10416=PLANE('',#11976);
#10417=PLANE('',#11979);
#10418=PLANE('',#11985);
#10419=PLANE('',#11988);
#10420=PLANE('',#11991);
#10421=PLANE('',#11993);
#10422=PLANE('',#11994);
#10423=PLANE('',#11995);
#10424=PLANE('',#11998);
#10425=PLANE('',#12004);
#10426=PLANE('',#12007);
#10427=PLANE('',#12010);
#10428=PLANE('',#12012);
#10429=PLANE('',#12013);
#10430=PLANE('',#12014);
#10431=PLANE('',#12017);
#10432=PLANE('',#12023);
#10433=PLANE('',#12026);
#10434=PLANE('',#12029);
#10435=PLANE('',#12031);
#10436=PLANE('',#12032);
#10437=PLANE('',#12033);
#10438=PLANE('',#12036);
#10439=PLANE('',#12042);
#10440=PLANE('',#12045);
#10441=PLANE('',#12048);
#10442=PLANE('',#12050);
#10443=PLANE('',#12051);
#10444=PLANE('',#12052);
#10445=PLANE('',#12055);
#10446=PLANE('',#12061);
#10447=PLANE('',#12064);
#10448=PLANE('',#12067);
#10449=PLANE('',#12069);
#10450=PLANE('',#12070);
#10451=PLANE('',#12071);
#10452=PLANE('',#12074);
#10453=PLANE('',#12080);
#10454=PLANE('',#12083);
#10455=PLANE('',#12086);
#10456=PLANE('',#12088);
#10457=PLANE('',#12089);
#10458=PLANE('',#12090);
#10459=PLANE('',#12093);
#10460=PLANE('',#12099);
#10461=PLANE('',#12102);
#10462=PLANE('',#12105);
#10463=PLANE('',#12107);
#10464=PLANE('',#12108);
#10465=PLANE('',#12109);
#10466=PLANE('',#12112);
#10467=PLANE('',#12118);
#10468=PLANE('',#12121);
#10469=PLANE('',#12124);
#10470=PLANE('',#12126);
#10471=PLANE('',#12127);
#10472=PLANE('',#12128);
#10473=PLANE('',#12131);
#10474=PLANE('',#12137);
#10475=PLANE('',#12140);
#10476=PLANE('',#12143);
#10477=PLANE('',#12145);
#10478=PLANE('',#12146);
#10479=PLANE('',#12147);
#10480=PLANE('',#12149);
#10481=PLANE('',#12152);
#10482=PLANE('',#12155);
#10483=PLANE('',#12157);
#10484=PLANE('',#12158);
#10485=PLANE('',#12159);
#10486=PLANE('',#12161);
#10487=PLANE('',#12164);
#10488=PLANE('',#12167);
#10489=PLANE('',#12169);
#10490=PLANE('',#12170);
#10491=PLANE('',#12171);
#10492=PLANE('',#12173);
#10493=PLANE('',#12176);
#10494=PLANE('',#12179);
#10495=PLANE('',#12181);
#10496=PLANE('',#12182);
#10497=PLANE('',#12183);
#10498=PLANE('',#12185);
#10499=PLANE('',#12188);
#10500=PLANE('',#12191);
#10501=PLANE('',#12193);
#10502=PLANE('',#12194);
#10503=PLANE('',#12195);
#10504=PLANE('',#12197);
#10505=PLANE('',#12200);
#10506=PLANE('',#12203);
#10507=PLANE('',#12205);
#10508=PLANE('',#12206);
#10509=PLANE('',#12207);
#10510=PLANE('',#12209);
#10511=PLANE('',#12212);
#10512=PLANE('',#12215);
#10513=PLANE('',#12217);
#10514=PLANE('',#12218);
#10515=PLANE('',#12219);
#10516=PLANE('',#12222);
#10517=PLANE('',#12228);
#10518=PLANE('',#12231);
#10519=PLANE('',#12234);
#10520=PLANE('',#12236);
#10521=PLANE('',#12237);
#10522=PLANE('',#12238);
#10523=PLANE('',#12241);
#10524=PLANE('',#12247);
#10525=PLANE('',#12250);
#10526=PLANE('',#12253);
#10527=PLANE('',#12255);
#10528=PLANE('',#12256);
#10529=PLANE('',#12257);
#10530=PLANE('',#12260);
#10531=PLANE('',#12266);
#10532=PLANE('',#12269);
#10533=PLANE('',#12272);
#10534=PLANE('',#12274);
#10535=PLANE('',#12275);
#10536=PLANE('',#12276);
#10537=ADVANCED_FACE('',(#345),#10216,.F.);
#10538=ADVANCED_FACE('',(#346),#10217,.F.);
#10539=ADVANCED_FACE('',(#347),#10218,.F.);
#10540=ADVANCED_FACE('',(#348),#10219,.F.);
#10541=ADVANCED_FACE('',(#349),#10220,.F.);
#10542=ADVANCED_FACE('',(#350),#10221,.F.);
#10543=ADVANCED_FACE('',(#351),#10222,.F.);
#10544=ADVANCED_FACE('',(#352),#87,.T.);
#10545=ADVANCED_FACE('',(#353),#10223,.T.);
#10546=ADVANCED_FACE('',(#354),#88,.T.);
#10547=ADVANCED_FACE('',(#355),#10224,.T.);
#10548=ADVANCED_FACE('',(#356,#39,#40,#41,#42,#43,#44,#45,#46,#47,#48),
#10225,.T.);
#10549=ADVANCED_FACE('',(#357),#89,.T.);
#10550=ADVANCED_FACE('',(#358),#10226,.T.);
#10551=ADVANCED_FACE('',(#359),#90,.T.);
#10552=ADVANCED_FACE('',(#360),#91,.T.);
#10553=ADVANCED_FACE('',(#361),#10227,.T.);
#10554=ADVANCED_FACE('',(#362,#49,#50,#51,#52,#53,#54,#55,#56,#57,#58),
#10228,.T.);
#10555=ADVANCED_FACE('',(#363),#92,.T.);
#10556=ADVANCED_FACE('',(#364),#93,.F.);
#10557=ADVANCED_FACE('',(#365),#10229,.F.);
#10558=ADVANCED_FACE('',(#366),#94,.F.);
#10559=ADVANCED_FACE('',(#367),#95,.F.);
#10560=ADVANCED_FACE('',(#368),#10230,.F.);
#10561=ADVANCED_FACE('',(#369),#96,.F.);
#10562=ADVANCED_FACE('',(#370),#97,.F.);
#10563=ADVANCED_FACE('',(#371),#10231,.F.);
#10564=ADVANCED_FACE('',(#372),#98,.F.);
#10565=ADVANCED_FACE('',(#373),#10232,.F.);
#10566=ADVANCED_FACE('',(#374),#10233,.F.);
#10567=ADVANCED_FACE('',(#375),#10234,.F.);
#10568=ADVANCED_FACE('',(#376),#99,.F.);
#10569=ADVANCED_FACE('',(#377),#10235,.F.);
#10570=ADVANCED_FACE('',(#378),#10236,.F.);
#10571=ADVANCED_FACE('',(#379),#100,.F.);
#10572=ADVANCED_FACE('',(#380),#101,.F.);
#10573=ADVANCED_FACE('',(#381),#10237,.F.);
#10574=ADVANCED_FACE('',(#382),#102,.F.);
#10575=ADVANCED_FACE('',(#383),#103,.F.);
#10576=ADVANCED_FACE('',(#384),#10238,.F.);
#10577=ADVANCED_FACE('',(#385),#104,.F.);
#10578=ADVANCED_FACE('',(#386),#10239,.F.);
#10579=ADVANCED_FACE('',(#387),#10240,.F.);
#10580=ADVANCED_FACE('',(#388),#10241,.F.);
#10581=ADVANCED_FACE('',(#389),#105,.F.);
#10582=ADVANCED_FACE('',(#390),#10242,.F.);
#10583=ADVANCED_FACE('',(#391),#10243,.F.);
#10584=ADVANCED_FACE('',(#392),#106,.F.);
#10585=ADVANCED_FACE('',(#393),#107,.F.);
#10586=ADVANCED_FACE('',(#394),#10244,.F.);
#10587=ADVANCED_FACE('',(#395),#108,.F.);
#10588=ADVANCED_FACE('',(#396),#109,.F.);
#10589=ADVANCED_FACE('',(#397),#10245,.F.);
#10590=ADVANCED_FACE('',(#398),#110,.F.);
#10591=ADVANCED_FACE('',(#399),#10246,.F.);
#10592=ADVANCED_FACE('',(#400),#10247,.F.);
#10593=ADVANCED_FACE('',(#401),#10248,.F.);
#10594=ADVANCED_FACE('',(#402),#111,.F.);
#10595=ADVANCED_FACE('',(#403),#10249,.F.);
#10596=ADVANCED_FACE('',(#404),#10250,.F.);
#10597=ADVANCED_FACE('',(#405),#112,.F.);
#10598=ADVANCED_FACE('',(#406),#113,.F.);
#10599=ADVANCED_FACE('',(#407),#10251,.F.);
#10600=ADVANCED_FACE('',(#408),#114,.F.);
#10601=ADVANCED_FACE('',(#409),#115,.F.);
#10602=ADVANCED_FACE('',(#410),#10252,.F.);
#10603=ADVANCED_FACE('',(#411),#116,.F.);
#10604=ADVANCED_FACE('',(#412),#10253,.F.);
#10605=ADVANCED_FACE('',(#413),#10254,.F.);
#10606=ADVANCED_FACE('',(#414),#10255,.F.);
#10607=ADVANCED_FACE('',(#415),#35,.F.);
#10608=ADVANCED_FACE('',(#416),#10256,.T.);
#10609=ADVANCED_FACE('',(#417),#36,.F.);
#10610=ADVANCED_FACE('',(#418,#59,#60,#61,#62,#63,#64,#65,#66,#67,#68),
#10257,.T.);
#10611=ADVANCED_FACE('',(#419,#69,#70,#71,#72,#73,#74,#75,#76,#77,#78),
#10258,.T.);
#10612=ADVANCED_FACE('',(#420),#37,.F.);
#10613=ADVANCED_FACE('',(#421),#10259,.T.);
#10614=ADVANCED_FACE('',(#422),#38,.F.);
#10615=ADVANCED_FACE('',(#423),#10260,.T.);
#10616=ADVANCED_FACE('',(#424),#10261,.T.);
#10617=ADVANCED_FACE('',(#425),#15,.T.);
#10618=ADVANCED_FACE('',(#426),#10262,.T.);
#10619=ADVANCED_FACE('',(#427),#16,.T.);
#10620=ADVANCED_FACE('',(#428),#10263,.T.);
#10621=ADVANCED_FACE('',(#429),#17,.T.);
#10622=ADVANCED_FACE('',(#430),#10264,.T.);
#10623=ADVANCED_FACE('',(#431),#18,.T.);
#10624=ADVANCED_FACE('',(#432),#10265,.T.);
#10625=ADVANCED_FACE('',(#433),#19,.T.);
#10626=ADVANCED_FACE('',(#434),#10266,.T.);
#10627=ADVANCED_FACE('',(#435),#20,.T.);
#10628=ADVANCED_FACE('',(#436),#10267,.T.);
#10629=ADVANCED_FACE('',(#437),#21,.T.);
#10630=ADVANCED_FACE('',(#438),#10268,.T.);
#10631=ADVANCED_FACE('',(#439),#10269,.T.);
#10632=ADVANCED_FACE('',(#440),#117,.T.);
#10633=ADVANCED_FACE('',(#441),#10270,.T.);
#10634=ADVANCED_FACE('',(#442),#118,.T.);
#10635=ADVANCED_FACE('',(#443),#10271,.T.);
#10636=ADVANCED_FACE('',(#444),#10272,.T.);
#10637=ADVANCED_FACE('',(#445),#119,.T.);
#10638=ADVANCED_FACE('',(#446),#10273,.T.);
#10639=ADVANCED_FACE('',(#447),#120,.T.);
#10640=ADVANCED_FACE('',(#448),#10274,.T.);
#10641=ADVANCED_FACE('',(#449),#22,.T.);
#10642=ADVANCED_FACE('',(#450),#10275,.F.);
#10643=ADVANCED_FACE('',(#451),#10276,.F.);
#10644=ADVANCED_FACE('',(#452),#23,.T.);
#10645=ADVANCED_FACE('',(#453),#24,.T.);
#10646=ADVANCED_FACE('',(#454),#10277,.T.);
#10647=ADVANCED_FACE('',(#455),#25,.T.);
#10648=ADVANCED_FACE('',(#456),#10278,.T.);
#10649=ADVANCED_FACE('',(#457),#26,.T.);
#10650=ADVANCED_FACE('',(#458),#10279,.T.);
#10651=ADVANCED_FACE('',(#459),#27,.T.);
#10652=ADVANCED_FACE('',(#460),#10280,.T.);
#10653=ADVANCED_FACE('',(#461),#10281,.T.);
#10654=ADVANCED_FACE('',(#462),#121,.T.);
#10655=ADVANCED_FACE('',(#463),#10282,.T.);
#10656=ADVANCED_FACE('',(#464),#122,.T.);
#10657=ADVANCED_FACE('',(#465),#10283,.T.);
#10658=ADVANCED_FACE('',(#466),#10284,.T.);
#10659=ADVANCED_FACE('',(#467),#123,.T.);
#10660=ADVANCED_FACE('',(#468),#10285,.T.);
#10661=ADVANCED_FACE('',(#469),#124,.T.);
#10662=ADVANCED_FACE('',(#470),#28,.T.);
#10663=ADVANCED_FACE('',(#471),#10286,.T.);
#10664=ADVANCED_FACE('',(#472),#10287,.T.);
#10665=ADVANCED_FACE('',(#473),#29,.T.);
#10666=ADVANCED_FACE('',(#474),#10288,.T.);
#10667=ADVANCED_FACE('',(#475),#30,.T.);
#10668=ADVANCED_FACE('',(#476),#10289,.T.);
#10669=ADVANCED_FACE('',(#477),#125,.T.);
#10670=ADVANCED_FACE('',(#478),#126,.T.);
#10671=ADVANCED_FACE('',(#479),#127,.T.);
#10672=ADVANCED_FACE('',(#480),#128,.T.);
#10673=ADVANCED_FACE('',(#481),#10290,.T.);
#10674=ADVANCED_FACE('',(#482),#129,.F.);
#10675=ADVANCED_FACE('',(#483),#10291,.F.);
#10676=ADVANCED_FACE('',(#484),#10292,.F.);
#10677=ADVANCED_FACE('',(#485),#130,.F.);
#10678=ADVANCED_FACE('',(#486),#131,.F.);
#10679=ADVANCED_FACE('',(#487),#10293,.F.);
#10680=ADVANCED_FACE('',(#488),#132,.F.);
#10681=ADVANCED_FACE('',(#489),#133,.F.);
#10682=ADVANCED_FACE('',(#490),#10294,.F.);
#10683=ADVANCED_FACE('',(#491),#134,.F.);
#10684=ADVANCED_FACE('',(#492),#10295,.F.);
#10685=ADVANCED_FACE('',(#493),#10296,.F.);
#10686=ADVANCED_FACE('',(#494),#10297,.F.);
#10687=ADVANCED_FACE('',(#495),#135,.F.);
#10688=ADVANCED_FACE('',(#496),#10298,.F.);
#10689=ADVANCED_FACE('',(#497),#10299,.F.);
#10690=ADVANCED_FACE('',(#498),#136,.F.);
#10691=ADVANCED_FACE('',(#499),#137,.F.);
#10692=ADVANCED_FACE('',(#500),#10300,.F.);
#10693=ADVANCED_FACE('',(#501),#138,.F.);
#10694=ADVANCED_FACE('',(#502),#139,.F.);
#10695=ADVANCED_FACE('',(#503),#10301,.F.);
#10696=ADVANCED_FACE('',(#504),#140,.F.);
#10697=ADVANCED_FACE('',(#505),#10302,.F.);
#10698=ADVANCED_FACE('',(#506),#10303,.F.);
#10699=ADVANCED_FACE('',(#507),#10304,.F.);
#10700=ADVANCED_FACE('',(#508),#141,.F.);
#10701=ADVANCED_FACE('',(#509),#10305,.F.);
#10702=ADVANCED_FACE('',(#510),#10306,.F.);
#10703=ADVANCED_FACE('',(#511),#142,.F.);
#10704=ADVANCED_FACE('',(#512),#143,.F.);
#10705=ADVANCED_FACE('',(#513),#10307,.F.);
#10706=ADVANCED_FACE('',(#514),#144,.F.);
#10707=ADVANCED_FACE('',(#515),#145,.F.);
#10708=ADVANCED_FACE('',(#516),#10308,.F.);
#10709=ADVANCED_FACE('',(#517),#146,.F.);
#10710=ADVANCED_FACE('',(#518),#10309,.F.);
#10711=ADVANCED_FACE('',(#519),#10310,.F.);
#10712=ADVANCED_FACE('',(#520),#10311,.F.);
#10713=ADVANCED_FACE('',(#521),#147,.F.);
#10714=ADVANCED_FACE('',(#522),#10312,.F.);
#10715=ADVANCED_FACE('',(#523),#10313,.F.);
#10716=ADVANCED_FACE('',(#524),#148,.F.);
#10717=ADVANCED_FACE('',(#525),#149,.F.);
#10718=ADVANCED_FACE('',(#526),#10314,.F.);
#10719=ADVANCED_FACE('',(#527),#150,.F.);
#10720=ADVANCED_FACE('',(#528),#151,.F.);
#10721=ADVANCED_FACE('',(#529),#10315,.F.);
#10722=ADVANCED_FACE('',(#530),#152,.F.);
#10723=ADVANCED_FACE('',(#531),#10316,.F.);
#10724=ADVANCED_FACE('',(#532),#10317,.F.);
#10725=ADVANCED_FACE('',(#533),#10318,.F.);
#10726=ADVANCED_FACE('',(#534),#153,.F.);
#10727=ADVANCED_FACE('',(#535),#10319,.F.);
#10728=ADVANCED_FACE('',(#536),#10320,.F.);
#10729=ADVANCED_FACE('',(#537),#154,.F.);
#10730=ADVANCED_FACE('',(#538),#155,.F.);
#10731=ADVANCED_FACE('',(#539),#10321,.F.);
#10732=ADVANCED_FACE('',(#540),#156,.F.);
#10733=ADVANCED_FACE('',(#541),#157,.F.);
#10734=ADVANCED_FACE('',(#542),#10322,.F.);
#10735=ADVANCED_FACE('',(#543),#158,.F.);
#10736=ADVANCED_FACE('',(#544),#10323,.F.);
#10737=ADVANCED_FACE('',(#545),#10324,.F.);
#10738=ADVANCED_FACE('',(#546),#10325,.F.);
#10739=ADVANCED_FACE('',(#547),#159,.F.);
#10740=ADVANCED_FACE('',(#548),#10326,.F.);
#10741=ADVANCED_FACE('',(#549),#10327,.F.);
#10742=ADVANCED_FACE('',(#550),#160,.F.);
#10743=ADVANCED_FACE('',(#551),#161,.F.);
#10744=ADVANCED_FACE('',(#552),#10328,.F.);
#10745=ADVANCED_FACE('',(#553),#162,.F.);
#10746=ADVANCED_FACE('',(#554),#163,.F.);
#10747=ADVANCED_FACE('',(#555),#10329,.F.);
#10748=ADVANCED_FACE('',(#556),#164,.F.);
#10749=ADVANCED_FACE('',(#557),#10330,.F.);
#10750=ADVANCED_FACE('',(#558),#10331,.F.);
#10751=ADVANCED_FACE('',(#559),#10332,.F.);
#10752=ADVANCED_FACE('',(#560),#165,.F.);
#10753=ADVANCED_FACE('',(#561),#10333,.F.);
#10754=ADVANCED_FACE('',(#562),#10334,.F.);
#10755=ADVANCED_FACE('',(#563),#166,.F.);
#10756=ADVANCED_FACE('',(#564),#167,.F.);
#10757=ADVANCED_FACE('',(#565),#10335,.F.);
#10758=ADVANCED_FACE('',(#566),#168,.F.);
#10759=ADVANCED_FACE('',(#567),#169,.F.);
#10760=ADVANCED_FACE('',(#568),#10336,.F.);
#10761=ADVANCED_FACE('',(#569),#170,.F.);
#10762=ADVANCED_FACE('',(#570),#10337,.F.);
#10763=ADVANCED_FACE('',(#571),#10338,.F.);
#10764=ADVANCED_FACE('',(#572),#10339,.F.);
#10765=ADVANCED_FACE('',(#573),#171,.F.);
#10766=ADVANCED_FACE('',(#574),#10340,.F.);
#10767=ADVANCED_FACE('',(#575),#10341,.F.);
#10768=ADVANCED_FACE('',(#576),#172,.F.);
#10769=ADVANCED_FACE('',(#577),#173,.F.);
#10770=ADVANCED_FACE('',(#578),#10342,.F.);
#10771=ADVANCED_FACE('',(#579),#174,.F.);
#10772=ADVANCED_FACE('',(#580),#175,.F.);
#10773=ADVANCED_FACE('',(#581),#10343,.F.);
#10774=ADVANCED_FACE('',(#582),#176,.F.);
#10775=ADVANCED_FACE('',(#583),#10344,.F.);
#10776=ADVANCED_FACE('',(#584),#10345,.F.);
#10777=ADVANCED_FACE('',(#585),#10346,.F.);
#10778=ADVANCED_FACE('',(#586),#177,.F.);
#10779=ADVANCED_FACE('',(#587),#10347,.F.);
#10780=ADVANCED_FACE('',(#588),#10348,.F.);
#10781=ADVANCED_FACE('',(#589),#178,.F.);
#10782=ADVANCED_FACE('',(#590),#179,.F.);
#10783=ADVANCED_FACE('',(#591),#10349,.F.);
#10784=ADVANCED_FACE('',(#592),#180,.F.);
#10785=ADVANCED_FACE('',(#593),#181,.F.);
#10786=ADVANCED_FACE('',(#594),#10350,.F.);
#10787=ADVANCED_FACE('',(#595),#182,.F.);
#10788=ADVANCED_FACE('',(#596),#10351,.F.);
#10789=ADVANCED_FACE('',(#597),#10352,.F.);
#10790=ADVANCED_FACE('',(#598),#10353,.F.);
#10791=ADVANCED_FACE('',(#599),#183,.F.);
#10792=ADVANCED_FACE('',(#600),#10354,.F.);
#10793=ADVANCED_FACE('',(#601),#10355,.F.);
#10794=ADVANCED_FACE('',(#602),#184,.F.);
#10795=ADVANCED_FACE('',(#603),#185,.F.);
#10796=ADVANCED_FACE('',(#604),#10356,.F.);
#10797=ADVANCED_FACE('',(#605),#186,.F.);
#10798=ADVANCED_FACE('',(#606),#187,.F.);
#10799=ADVANCED_FACE('',(#607),#10357,.F.);
#10800=ADVANCED_FACE('',(#608),#188,.F.);
#10801=ADVANCED_FACE('',(#609),#10358,.F.);
#10802=ADVANCED_FACE('',(#610),#10359,.F.);
#10803=ADVANCED_FACE('',(#611),#10360,.F.);
#10804=ADVANCED_FACE('',(#612),#189,.F.);
#10805=ADVANCED_FACE('',(#613),#10361,.F.);
#10806=ADVANCED_FACE('',(#614),#10362,.F.);
#10807=ADVANCED_FACE('',(#615),#190,.F.);
#10808=ADVANCED_FACE('',(#616),#191,.F.);
#10809=ADVANCED_FACE('',(#617),#10363,.F.);
#10810=ADVANCED_FACE('',(#618),#192,.F.);
#10811=ADVANCED_FACE('',(#619),#193,.F.);
#10812=ADVANCED_FACE('',(#620),#10364,.F.);
#10813=ADVANCED_FACE('',(#621),#194,.F.);
#10814=ADVANCED_FACE('',(#622),#10365,.F.);
#10815=ADVANCED_FACE('',(#623),#10366,.F.);
#10816=ADVANCED_FACE('',(#624),#10367,.F.);
#10817=ADVANCED_FACE('',(#625),#195,.F.);
#10818=ADVANCED_FACE('',(#626),#10368,.F.);
#10819=ADVANCED_FACE('',(#627),#10369,.F.);
#10820=ADVANCED_FACE('',(#628),#196,.F.);
#10821=ADVANCED_FACE('',(#629),#197,.F.);
#10822=ADVANCED_FACE('',(#630),#10370,.F.);
#10823=ADVANCED_FACE('',(#631),#198,.F.);
#10824=ADVANCED_FACE('',(#632),#199,.F.);
#10825=ADVANCED_FACE('',(#633),#10371,.F.);
#10826=ADVANCED_FACE('',(#634),#200,.F.);
#10827=ADVANCED_FACE('',(#635),#10372,.F.);
#10828=ADVANCED_FACE('',(#636),#10373,.F.);
#10829=ADVANCED_FACE('',(#637),#10374,.F.);
#10830=ADVANCED_FACE('',(#638),#201,.F.);
#10831=ADVANCED_FACE('',(#639),#10375,.F.);
#10832=ADVANCED_FACE('',(#640),#10376,.F.);
#10833=ADVANCED_FACE('',(#641),#202,.F.);
#10834=ADVANCED_FACE('',(#642),#203,.F.);
#10835=ADVANCED_FACE('',(#643),#10377,.F.);
#10836=ADVANCED_FACE('',(#644),#204,.F.);
#10837=ADVANCED_FACE('',(#645),#205,.F.);
#10838=ADVANCED_FACE('',(#646),#10378,.F.);
#10839=ADVANCED_FACE('',(#647),#206,.F.);
#10840=ADVANCED_FACE('',(#648),#10379,.F.);
#10841=ADVANCED_FACE('',(#649),#10380,.F.);
#10842=ADVANCED_FACE('',(#650),#10381,.F.);
#10843=ADVANCED_FACE('',(#651),#207,.F.);
#10844=ADVANCED_FACE('',(#652),#10382,.F.);
#10845=ADVANCED_FACE('',(#653),#10383,.F.);
#10846=ADVANCED_FACE('',(#654),#208,.F.);
#10847=ADVANCED_FACE('',(#655),#209,.F.);
#10848=ADVANCED_FACE('',(#656),#10384,.F.);
#10849=ADVANCED_FACE('',(#657),#210,.F.);
#10850=ADVANCED_FACE('',(#658),#211,.F.);
#10851=ADVANCED_FACE('',(#659),#10385,.F.);
#10852=ADVANCED_FACE('',(#660),#212,.F.);
#10853=ADVANCED_FACE('',(#661),#10386,.F.);
#10854=ADVANCED_FACE('',(#662),#10387,.F.);
#10855=ADVANCED_FACE('',(#663),#10388,.F.);
#10856=ADVANCED_FACE('',(#664),#213,.F.);
#10857=ADVANCED_FACE('',(#665),#10389,.F.);
#10858=ADVANCED_FACE('',(#666),#10390,.F.);
#10859=ADVANCED_FACE('',(#667),#214,.F.);
#10860=ADVANCED_FACE('',(#668),#215,.F.);
#10861=ADVANCED_FACE('',(#669),#10391,.F.);
#10862=ADVANCED_FACE('',(#670),#216,.F.);
#10863=ADVANCED_FACE('',(#671),#217,.F.);
#10864=ADVANCED_FACE('',(#672),#10392,.F.);
#10865=ADVANCED_FACE('',(#673),#218,.F.);
#10866=ADVANCED_FACE('',(#674),#10393,.F.);
#10867=ADVANCED_FACE('',(#675),#10394,.F.);
#10868=ADVANCED_FACE('',(#676),#10395,.F.);
#10869=ADVANCED_FACE('',(#677),#219,.F.);
#10870=ADVANCED_FACE('',(#678),#10396,.F.);
#10871=ADVANCED_FACE('',(#679),#10397,.F.);
#10872=ADVANCED_FACE('',(#680),#220,.F.);
#10873=ADVANCED_FACE('',(#681),#221,.F.);
#10874=ADVANCED_FACE('',(#682),#10398,.F.);
#10875=ADVANCED_FACE('',(#683),#222,.F.);
#10876=ADVANCED_FACE('',(#684),#223,.F.);
#10877=ADVANCED_FACE('',(#685),#10399,.F.);
#10878=ADVANCED_FACE('',(#686),#224,.F.);
#10879=ADVANCED_FACE('',(#687),#10400,.F.);
#10880=ADVANCED_FACE('',(#688),#10401,.F.);
#10881=ADVANCED_FACE('',(#689),#10402,.F.);
#10882=ADVANCED_FACE('',(#690),#225,.F.);
#10883=ADVANCED_FACE('',(#691),#10403,.F.);
#10884=ADVANCED_FACE('',(#692),#10404,.F.);
#10885=ADVANCED_FACE('',(#693),#226,.F.);
#10886=ADVANCED_FACE('',(#694),#227,.F.);
#10887=ADVANCED_FACE('',(#695),#10405,.F.);
#10888=ADVANCED_FACE('',(#696),#228,.F.);
#10889=ADVANCED_FACE('',(#697),#229,.F.);
#10890=ADVANCED_FACE('',(#698),#10406,.F.);
#10891=ADVANCED_FACE('',(#699),#230,.F.);
#10892=ADVANCED_FACE('',(#700),#10407,.F.);
#10893=ADVANCED_FACE('',(#701),#10408,.F.);
#10894=ADVANCED_FACE('',(#702),#10409,.F.);
#10895=ADVANCED_FACE('',(#703),#231,.F.);
#10896=ADVANCED_FACE('',(#704),#10410,.F.);
#10897=ADVANCED_FACE('',(#705),#10411,.F.);
#10898=ADVANCED_FACE('',(#706),#232,.F.);
#10899=ADVANCED_FACE('',(#707),#233,.F.);
#10900=ADVANCED_FACE('',(#708),#10412,.F.);
#10901=ADVANCED_FACE('',(#709),#234,.F.);
#10902=ADVANCED_FACE('',(#710),#235,.F.);
#10903=ADVANCED_FACE('',(#711),#10413,.F.);
#10904=ADVANCED_FACE('',(#712),#236,.F.);
#10905=ADVANCED_FACE('',(#713),#10414,.F.);
#10906=ADVANCED_FACE('',(#714),#10415,.F.);
#10907=ADVANCED_FACE('',(#715),#10416,.F.);
#10908=ADVANCED_FACE('',(#716),#237,.F.);
#10909=ADVANCED_FACE('',(#717),#10417,.F.);
#10910=ADVANCED_FACE('',(#718),#10418,.F.);
#10911=ADVANCED_FACE('',(#719),#238,.F.);
#10912=ADVANCED_FACE('',(#720),#239,.F.);
#10913=ADVANCED_FACE('',(#721),#10419,.F.);
#10914=ADVANCED_FACE('',(#722),#240,.F.);
#10915=ADVANCED_FACE('',(#723),#241,.F.);
#10916=ADVANCED_FACE('',(#724),#10420,.F.);
#10917=ADVANCED_FACE('',(#725),#242,.F.);
#10918=ADVANCED_FACE('',(#726),#10421,.F.);
#10919=ADVANCED_FACE('',(#727),#10422,.F.);
#10920=ADVANCED_FACE('',(#728),#10423,.F.);
#10921=ADVANCED_FACE('',(#729),#243,.F.);
#10922=ADVANCED_FACE('',(#730),#10424,.F.);
#10923=ADVANCED_FACE('',(#731),#10425,.F.);
#10924=ADVANCED_FACE('',(#732),#244,.F.);
#10925=ADVANCED_FACE('',(#733),#245,.F.);
#10926=ADVANCED_FACE('',(#734),#10426,.F.);
#10927=ADVANCED_FACE('',(#735),#246,.F.);
#10928=ADVANCED_FACE('',(#736),#247,.F.);
#10929=ADVANCED_FACE('',(#737),#10427,.F.);
#10930=ADVANCED_FACE('',(#738),#248,.F.);
#10931=ADVANCED_FACE('',(#739),#10428,.F.);
#10932=ADVANCED_FACE('',(#740),#10429,.F.);
#10933=ADVANCED_FACE('',(#741),#10430,.F.);
#10934=ADVANCED_FACE('',(#742),#249,.F.);
#10935=ADVANCED_FACE('',(#743),#10431,.F.);
#10936=ADVANCED_FACE('',(#744),#10432,.F.);
#10937=ADVANCED_FACE('',(#745),#250,.F.);
#10938=ADVANCED_FACE('',(#746),#251,.F.);
#10939=ADVANCED_FACE('',(#747),#10433,.F.);
#10940=ADVANCED_FACE('',(#748),#252,.F.);
#10941=ADVANCED_FACE('',(#749),#253,.F.);
#10942=ADVANCED_FACE('',(#750),#10434,.F.);
#10943=ADVANCED_FACE('',(#751),#254,.F.);
#10944=ADVANCED_FACE('',(#752),#10435,.F.);
#10945=ADVANCED_FACE('',(#753),#10436,.F.);
#10946=ADVANCED_FACE('',(#754),#10437,.F.);
#10947=ADVANCED_FACE('',(#755),#255,.F.);
#10948=ADVANCED_FACE('',(#756),#10438,.F.);
#10949=ADVANCED_FACE('',(#757),#10439,.F.);
#10950=ADVANCED_FACE('',(#758),#256,.F.);
#10951=ADVANCED_FACE('',(#759),#257,.F.);
#10952=ADVANCED_FACE('',(#760),#10440,.F.);
#10953=ADVANCED_FACE('',(#761),#258,.F.);
#10954=ADVANCED_FACE('',(#762),#259,.F.);
#10955=ADVANCED_FACE('',(#763),#10441,.F.);
#10956=ADVANCED_FACE('',(#764),#260,.F.);
#10957=ADVANCED_FACE('',(#765),#10442,.F.);
#10958=ADVANCED_FACE('',(#766),#10443,.F.);
#10959=ADVANCED_FACE('',(#767),#10444,.F.);
#10960=ADVANCED_FACE('',(#768),#261,.F.);
#10961=ADVANCED_FACE('',(#769),#10445,.F.);
#10962=ADVANCED_FACE('',(#770),#10446,.F.);
#10963=ADVANCED_FACE('',(#771),#262,.F.);
#10964=ADVANCED_FACE('',(#772),#263,.F.);
#10965=ADVANCED_FACE('',(#773),#10447,.F.);
#10966=ADVANCED_FACE('',(#774),#264,.F.);
#10967=ADVANCED_FACE('',(#775),#265,.F.);
#10968=ADVANCED_FACE('',(#776),#10448,.F.);
#10969=ADVANCED_FACE('',(#777),#266,.F.);
#10970=ADVANCED_FACE('',(#778),#10449,.F.);
#10971=ADVANCED_FACE('',(#779),#10450,.F.);
#10972=ADVANCED_FACE('',(#780),#10451,.F.);
#10973=ADVANCED_FACE('',(#781),#267,.F.);
#10974=ADVANCED_FACE('',(#782),#10452,.F.);
#10975=ADVANCED_FACE('',(#783),#10453,.F.);
#10976=ADVANCED_FACE('',(#784),#268,.F.);
#10977=ADVANCED_FACE('',(#785),#269,.F.);
#10978=ADVANCED_FACE('',(#786),#10454,.F.);
#10979=ADVANCED_FACE('',(#787),#270,.F.);
#10980=ADVANCED_FACE('',(#788),#271,.F.);
#10981=ADVANCED_FACE('',(#789),#10455,.F.);
#10982=ADVANCED_FACE('',(#790),#272,.F.);
#10983=ADVANCED_FACE('',(#791),#10456,.F.);
#10984=ADVANCED_FACE('',(#792),#10457,.F.);
#10985=ADVANCED_FACE('',(#793),#10458,.F.);
#10986=ADVANCED_FACE('',(#794),#273,.F.);
#10987=ADVANCED_FACE('',(#795),#10459,.F.);
#10988=ADVANCED_FACE('',(#796),#10460,.F.);
#10989=ADVANCED_FACE('',(#797),#274,.F.);
#10990=ADVANCED_FACE('',(#798),#275,.F.);
#10991=ADVANCED_FACE('',(#799),#10461,.F.);
#10992=ADVANCED_FACE('',(#800),#276,.F.);
#10993=ADVANCED_FACE('',(#801),#277,.F.);
#10994=ADVANCED_FACE('',(#802),#10462,.F.);
#10995=ADVANCED_FACE('',(#803),#278,.F.);
#10996=ADVANCED_FACE('',(#804),#10463,.F.);
#10997=ADVANCED_FACE('',(#805),#10464,.F.);
#10998=ADVANCED_FACE('',(#806),#10465,.F.);
#10999=ADVANCED_FACE('',(#807),#279,.F.);
#11000=ADVANCED_FACE('',(#808),#10466,.F.);
#11001=ADVANCED_FACE('',(#809),#10467,.F.);
#11002=ADVANCED_FACE('',(#810),#280,.F.);
#11003=ADVANCED_FACE('',(#811),#281,.F.);
#11004=ADVANCED_FACE('',(#812),#10468,.F.);
#11005=ADVANCED_FACE('',(#813),#282,.F.);
#11006=ADVANCED_FACE('',(#814),#283,.F.);
#11007=ADVANCED_FACE('',(#815),#10469,.F.);
#11008=ADVANCED_FACE('',(#816),#284,.F.);
#11009=ADVANCED_FACE('',(#817),#10470,.F.);
#11010=ADVANCED_FACE('',(#818),#10471,.F.);
#11011=ADVANCED_FACE('',(#819),#10472,.F.);
#11012=ADVANCED_FACE('',(#820),#285,.F.);
#11013=ADVANCED_FACE('',(#821),#10473,.F.);
#11014=ADVANCED_FACE('',(#822),#10474,.F.);
#11015=ADVANCED_FACE('',(#823),#286,.F.);
#11016=ADVANCED_FACE('',(#824),#287,.F.);
#11017=ADVANCED_FACE('',(#825),#10475,.F.);
#11018=ADVANCED_FACE('',(#826),#288,.F.);
#11019=ADVANCED_FACE('',(#827),#289,.F.);
#11020=ADVANCED_FACE('',(#828),#10476,.F.);
#11021=ADVANCED_FACE('',(#829),#290,.F.);
#11022=ADVANCED_FACE('',(#830),#10477,.F.);
#11023=ADVANCED_FACE('',(#831),#10478,.F.);
#11024=ADVANCED_FACE('',(#832),#10479,.F.);
#11025=ADVANCED_FACE('',(#833),#291,.F.);
#11026=ADVANCED_FACE('',(#834),#10480,.F.);
#11027=ADVANCED_FACE('',(#835),#292,.F.);
#11028=ADVANCED_FACE('',(#836),#293,.F.);
#11029=ADVANCED_FACE('',(#837),#10481,.F.);
#11030=ADVANCED_FACE('',(#838),#294,.F.);
#11031=ADVANCED_FACE('',(#839),#295,.F.);
#11032=ADVANCED_FACE('',(#840),#10482,.F.);
#11033=ADVANCED_FACE('',(#841),#296,.F.);
#11034=ADVANCED_FACE('',(#842),#10483,.F.);
#11035=ADVANCED_FACE('',(#843),#10484,.F.);
#11036=ADVANCED_FACE('',(#844),#10485,.F.);
#11037=ADVANCED_FACE('',(#845),#297,.F.);
#11038=ADVANCED_FACE('',(#846),#10486,.F.);
#11039=ADVANCED_FACE('',(#847),#298,.F.);
#11040=ADVANCED_FACE('',(#848),#299,.F.);
#11041=ADVANCED_FACE('',(#849),#10487,.F.);
#11042=ADVANCED_FACE('',(#850),#300,.F.);
#11043=ADVANCED_FACE('',(#851),#301,.F.);
#11044=ADVANCED_FACE('',(#852),#10488,.F.);
#11045=ADVANCED_FACE('',(#853),#302,.F.);
#11046=ADVANCED_FACE('',(#854),#10489,.F.);
#11047=ADVANCED_FACE('',(#855),#10490,.F.);
#11048=ADVANCED_FACE('',(#856),#10491,.F.);
#11049=ADVANCED_FACE('',(#857),#303,.F.);
#11050=ADVANCED_FACE('',(#858),#10492,.F.);
#11051=ADVANCED_FACE('',(#859),#304,.F.);
#11052=ADVANCED_FACE('',(#860),#305,.F.);
#11053=ADVANCED_FACE('',(#861),#10493,.F.);
#11054=ADVANCED_FACE('',(#862),#306,.F.);
#11055=ADVANCED_FACE('',(#863),#307,.F.);
#11056=ADVANCED_FACE('',(#864),#10494,.F.);
#11057=ADVANCED_FACE('',(#865),#308,.F.);
#11058=ADVANCED_FACE('',(#866),#10495,.F.);
#11059=ADVANCED_FACE('',(#867),#10496,.F.);
#11060=ADVANCED_FACE('',(#868),#10497,.F.);
#11061=ADVANCED_FACE('',(#869),#309,.F.);
#11062=ADVANCED_FACE('',(#870),#10498,.F.);
#11063=ADVANCED_FACE('',(#871),#310,.F.);
#11064=ADVANCED_FACE('',(#872),#311,.F.);
#11065=ADVANCED_FACE('',(#873),#10499,.F.);
#11066=ADVANCED_FACE('',(#874),#312,.F.);
#11067=ADVANCED_FACE('',(#875),#313,.F.);
#11068=ADVANCED_FACE('',(#876),#10500,.F.);
#11069=ADVANCED_FACE('',(#877),#314,.F.);
#11070=ADVANCED_FACE('',(#878),#10501,.F.);
#11071=ADVANCED_FACE('',(#879),#10502,.F.);
#11072=ADVANCED_FACE('',(#880),#10503,.F.);
#11073=ADVANCED_FACE('',(#881),#315,.F.);
#11074=ADVANCED_FACE('',(#882),#10504,.F.);
#11075=ADVANCED_FACE('',(#883),#316,.F.);
#11076=ADVANCED_FACE('',(#884),#317,.F.);
#11077=ADVANCED_FACE('',(#885),#10505,.F.);
#11078=ADVANCED_FACE('',(#886),#318,.F.);
#11079=ADVANCED_FACE('',(#887),#319,.F.);
#11080=ADVANCED_FACE('',(#888),#10506,.F.);
#11081=ADVANCED_FACE('',(#889),#320,.F.);
#11082=ADVANCED_FACE('',(#890),#10507,.F.);
#11083=ADVANCED_FACE('',(#891),#10508,.F.);
#11084=ADVANCED_FACE('',(#892),#10509,.F.);
#11085=ADVANCED_FACE('',(#893),#321,.F.);
#11086=ADVANCED_FACE('',(#894),#10510,.F.);
#11087=ADVANCED_FACE('',(#895),#322,.F.);
#11088=ADVANCED_FACE('',(#896),#323,.F.);
#11089=ADVANCED_FACE('',(#897),#10511,.F.);
#11090=ADVANCED_FACE('',(#898),#324,.F.);
#11091=ADVANCED_FACE('',(#899),#325,.F.);
#11092=ADVANCED_FACE('',(#900),#10512,.F.);
#11093=ADVANCED_FACE('',(#901),#326,.F.);
#11094=ADVANCED_FACE('',(#902),#10513,.F.);
#11095=ADVANCED_FACE('',(#903),#10514,.F.);
#11096=ADVANCED_FACE('',(#904),#10515,.F.);
#11097=ADVANCED_FACE('',(#905),#327,.F.);
#11098=ADVANCED_FACE('',(#906),#10516,.F.);
#11099=ADVANCED_FACE('',(#907),#10517,.F.);
#11100=ADVANCED_FACE('',(#908),#328,.F.);
#11101=ADVANCED_FACE('',(#909),#329,.F.);
#11102=ADVANCED_FACE('',(#910),#10518,.F.);
#11103=ADVANCED_FACE('',(#911),#330,.F.);
#11104=ADVANCED_FACE('',(#912),#331,.F.);
#11105=ADVANCED_FACE('',(#913),#10519,.F.);
#11106=ADVANCED_FACE('',(#914),#332,.F.);
#11107=ADVANCED_FACE('',(#915),#10520,.F.);
#11108=ADVANCED_FACE('',(#916),#10521,.F.);
#11109=ADVANCED_FACE('',(#917),#10522,.F.);
#11110=ADVANCED_FACE('',(#918),#333,.F.);
#11111=ADVANCED_FACE('',(#919),#10523,.F.);
#11112=ADVANCED_FACE('',(#920),#10524,.F.);
#11113=ADVANCED_FACE('',(#921),#334,.F.);
#11114=ADVANCED_FACE('',(#922),#335,.F.);
#11115=ADVANCED_FACE('',(#923),#10525,.F.);
#11116=ADVANCED_FACE('',(#924),#336,.F.);
#11117=ADVANCED_FACE('',(#925),#337,.F.);
#11118=ADVANCED_FACE('',(#926),#10526,.F.);
#11119=ADVANCED_FACE('',(#927),#338,.F.);
#11120=ADVANCED_FACE('',(#928),#10527,.F.);
#11121=ADVANCED_FACE('',(#929),#10528,.F.);
#11122=ADVANCED_FACE('',(#930),#10529,.F.);
#11123=ADVANCED_FACE('',(#931),#339,.F.);
#11124=ADVANCED_FACE('',(#932),#10530,.F.);
#11125=ADVANCED_FACE('',(#933),#10531,.F.);
#11126=ADVANCED_FACE('',(#934),#340,.F.);
#11127=ADVANCED_FACE('',(#935),#341,.F.);
#11128=ADVANCED_FACE('',(#936),#10532,.F.);
#11129=ADVANCED_FACE('',(#937),#342,.F.);
#11130=ADVANCED_FACE('',(#938),#343,.F.);
#11131=ADVANCED_FACE('',(#939),#10533,.F.);
#11132=ADVANCED_FACE('',(#940),#344,.F.);
#11133=ADVANCED_FACE('',(#941),#10534,.F.);
#11134=ADVANCED_FACE('',(#942),#10535,.F.);
#11135=ADVANCED_FACE('',(#943),#10536,.F.);
#11136=CLOSED_SHELL('',(#10537,#10538,#10539,#10540,#10541,#10542,#10543,
#10544,#10545,#10546,#10547,#10548,#10549,#10550,#10551,#10552,#10553,#10554,
#10555,#10556,#10557,#10558,#10559,#10560,#10561,#10562,#10563,#10564,#10565,
#10566,#10567,#10568,#10569,#10570,#10571,#10572,#10573,#10574,#10575,#10576,
#10577,#10578,#10579,#10580,#10581,#10582,#10583,#10584,#10585,#10586,#10587,
#10588,#10589,#10590,#10591,#10592,#10593,#10594,#10595,#10596,#10597,#10598,
#10599,#10600,#10601,#10602,#10603,#10604,#10605,#10606,#10607,#10608,#10609,
#10610,#10611,#10612,#10613,#10614,#10615,#10616,#10617,#10618,#10619,#10620,
#10621,#10622,#10623,#10624,#10625,#10626,#10627,#10628,#10629,#10630,#10631,
#10632,#10633,#10634,#10635,#10636,#10637,#10638,#10639,#10640,#10641,#10642,
#10643,#10644,#10645,#10646,#10647,#10648,#10649,#10650,#10651,#10652,#10653,
#10654,#10655,#10656,#10657,#10658,#10659,#10660,#10661,#10662,#10663,#10664,
#10665,#10666,#10667,#10668,#10669,#10670,#10671,#10672,#10673,#10674,#10675,
#10676,#10677,#10678,#10679,#10680,#10681,#10682,#10683,#10684,#10685,#10686,
#10687,#10688,#10689,#10690,#10691,#10692,#10693,#10694,#10695,#10696,#10697,
#10698,#10699,#10700,#10701,#10702,#10703,#10704,#10705,#10706,#10707,#10708,
#10709,#10710,#10711,#10712,#10713,#10714,#10715,#10716,#10717,#10718,#10719,
#10720,#10721,#10722,#10723,#10724,#10725,#10726,#10727,#10728,#10729,#10730,
#10731,#10732,#10733,#10734,#10735,#10736,#10737,#10738,#10739,#10740,#10741,
#10742,#10743,#10744,#10745,#10746,#10747,#10748,#10749,#10750,#10751,#10752,
#10753,#10754,#10755,#10756,#10757,#10758,#10759,#10760,#10761,#10762,#10763,
#10764,#10765,#10766,#10767,#10768,#10769,#10770,#10771,#10772,#10773,#10774,
#10775,#10776,#10777,#10778,#10779,#10780,#10781,#10782,#10783,#10784,#10785,
#10786,#10787,#10788,#10789,#10790,#10791,#10792,#10793,#10794,#10795,#10796,
#10797,#10798,#10799,#10800,#10801,#10802,#10803,#10804,#10805,#10806,#10807,
#10808,#10809,#10810,#10811,#10812,#10813,#10814,#10815,#10816,#10817,#10818,
#10819,#10820,#10821,#10822,#10823,#10824,#10825,#10826,#10827,#10828,#10829,
#10830,#10831,#10832,#10833,#10834,#10835,#10836,#10837,#10838,#10839,#10840,
#10841,#10842,#10843,#10844,#10845,#10846,#10847,#10848,#10849,#10850,#10851,
#10852,#10853,#10854,#10855,#10856,#10857,#10858,#10859,#10860,#10861,#10862,
#10863,#10864,#10865,#10866,#10867,#10868,#10869,#10870,#10871,#10872,#10873,
#10874,#10875,#10876,#10877,#10878,#10879,#10880,#10881,#10882,#10883,#10884,
#10885,#10886,#10887,#10888,#10889,#10890,#10891,#10892,#10893,#10894,#10895,
#10896,#10897,#10898,#10899,#10900,#10901,#10902,#10903,#10904,#10905,#10906,
#10907,#10908,#10909,#10910,#10911,#10912,#10913,#10914,#10915,#10916,#10917,
#10918,#10919,#10920,#10921,#10922,#10923,#10924,#10925,#10926,#10927,#10928,
#10929,#10930,#10931,#10932,#10933,#10934,#10935,#10936,#10937,#10938,#10939,
#10940,#10941,#10942,#10943,#10944,#10945,#10946,#10947,#10948,#10949,#10950,
#10951,#10952,#10953,#10954,#10955,#10956,#10957,#10958,#10959,#10960,#10961,
#10962,#10963,#10964,#10965,#10966,#10967,#10968,#10969,#10970,#10971,#10972,
#10973,#10974,#10975,#10976,#10977,#10978,#10979,#10980,#10981,#10982,#10983,
#10984,#10985,#10986,#10987,#10988,#10989,#10990,#10991,#10992,#10993,#10994,
#10995,#10996,#10997,#10998,#10999,#11000,#11001,#11002,#11003,#11004,#11005,
#11006,#11007,#11008,#11009,#11010,#11011,#11012,#11013,#11014,#11015,#11016,
#11017,#11018,#11019,#11020,#11021,#11022,#11023,#11024,#11025,#11026,#11027,
#11028,#11029,#11030,#11031,#11032,#11033,#11034,#11035,#11036,#11037,#11038,
#11039,#11040,#11041,#11042,#11043,#11044,#11045,#11046,#11047,#11048,#11049,
#11050,#11051,#11052,#11053,#11054,#11055,#11056,#11057,#11058,#11059,#11060,
#11061,#11062,#11063,#11064,#11065,#11066,#11067,#11068,#11069,#11070,#11071,
#11072,#11073,#11074,#11075,#11076,#11077,#11078,#11079,#11080,#11081,#11082,
#11083,#11084,#11085,#11086,#11087,#11088,#11089,#11090,#11091,#11092,#11093,
#11094,#11095,#11096,#11097,#11098,#11099,#11100,#11101,#11102,#11103,#11104,
#11105,#11106,#11107,#11108,#11109,#11110,#11111,#11112,#11113,#11114,#11115,
#11116,#11117,#11118,#11119,#11120,#11121,#11122,#11123,#11124,#11125,#11126,
#11127,#11128,#11129,#11130,#11131,#11132,#11133,#11134,#11135));
#11137=DERIVED_UNIT_ELEMENT(#11139,1.);
#11138=DERIVED_UNIT_ELEMENT(#18942,-3.);
#11139=(
MASS_UNIT()
NAMED_UNIT(*)
SI_UNIT(.KILO.,.GRAM.)
);
#11140=DERIVED_UNIT((#11137,#11138));
#11141=MEASURE_REPRESENTATION_ITEM('density measure',
POSITIVE_RATIO_MEASURE(7850.),#11140);
#11142=PROPERTY_DEFINITION_REPRESENTATION(#11147,#11144);
#11143=PROPERTY_DEFINITION_REPRESENTATION(#11148,#11145);
#11144=REPRESENTATION('material name',(#11146),#18939);
#11145=REPRESENTATION('density',(#11141),#18939);
#11146=DESCRIPTIVE_REPRESENTATION_ITEM('Steel','Steel');
#11147=PROPERTY_DEFINITION('material property','material name',#18949);
#11148=PROPERTY_DEFINITION('material property','density of part',#18949);
#11149=AXIS2_PLACEMENT_3D('',#15620,#12277,#12278);
#11150=AXIS2_PLACEMENT_3D('',#15621,#12279,#12280);
#11151=AXIS2_PLACEMENT_3D('',#15624,#12281,#12282);
#11152=AXIS2_PLACEMENT_3D('',#15628,#12284,#12285);
#11153=AXIS2_PLACEMENT_3D('',#15632,#12287,#12288);
#11154=AXIS2_PLACEMENT_3D('',#15636,#12290,#12291);
#11155=AXIS2_PLACEMENT_3D('',#15640,#12293,#12294);
#11156=AXIS2_PLACEMENT_3D('',#15644,#12296,#12297);
#11157=AXIS2_PLACEMENT_3D('',#15646,#12299,#12300);
#11158=AXIS2_PLACEMENT_3D('',#15649,#12301,#12302);
#11159=AXIS2_PLACEMENT_3D('',#15653,#12304,#12305);
#11160=AXIS2_PLACEMENT_3D('',#15657,#12307,#12308);
#11161=AXIS2_PLACEMENT_3D('',#15661,#12310,#12311);
#11162=AXIS2_PLACEMENT_3D('',#15665,#12313,#12314);
#11163=AXIS2_PLACEMENT_3D('',#15669,#12316,#12317);
#11164=AXIS2_PLACEMENT_3D('',#15671,#12319,#12320);
#11165=AXIS2_PLACEMENT_3D('',#15674,#12321,#12322);
#11166=AXIS2_PLACEMENT_3D('',#15678,#12324,#12325);
#11167=AXIS2_PLACEMENT_3D('',#15682,#12327,#12328);
#11168=AXIS2_PLACEMENT_3D('',#15686,#12330,#12331);
#11169=AXIS2_PLACEMENT_3D('',#15690,#12333,#12334);
#11170=AXIS2_PLACEMENT_3D('',#15694,#12336,#12337);
#11171=AXIS2_PLACEMENT_3D('',#15696,#12339,#12340);
#11172=AXIS2_PLACEMENT_3D('',#15699,#12341,#12342);
#11173=AXIS2_PLACEMENT_3D('',#15703,#12344,#12345);
#11174=AXIS2_PLACEMENT_3D('',#15707,#12347,#12348);
#11175=AXIS2_PLACEMENT_3D('',#15711,#12350,#12351);
#11176=AXIS2_PLACEMENT_3D('',#15715,#12353,#12354);
#11177=AXIS2_PLACEMENT_3D('',#15719,#12356,#12357);
#11178=AXIS2_PLACEMENT_3D('',#15721,#12359,#12360);
#11179=AXIS2_PLACEMENT_3D('',#15724,#12361,#12362);
#11180=AXIS2_PLACEMENT_3D('',#15728,#12364,#12365);
#11181=AXIS2_PLACEMENT_3D('',#15732,#12367,#12368);
#11182=AXIS2_PLACEMENT_3D('',#15736,#12370,#12371);
#11183=AXIS2_PLACEMENT_3D('',#15740,#12373,#12374);
#11184=AXIS2_PLACEMENT_3D('',#15744,#12376,#12377);
#11185=AXIS2_PLACEMENT_3D('',#15746,#12379,#12380);
#11186=AXIS2_PLACEMENT_3D('',#15749,#12381,#12382);
#11187=AXIS2_PLACEMENT_3D('',#15753,#12384,#12385);
#11188=AXIS2_PLACEMENT_3D('',#15757,#12387,#12388);
#11189=AXIS2_PLACEMENT_3D('',#15761,#12390,#12391);
#11190=AXIS2_PLACEMENT_3D('',#15765,#12393,#12394);
#11191=AXIS2_PLACEMENT_3D('',#15769,#12396,#12397);
#11192=AXIS2_PLACEMENT_3D('',#15771,#12399,#12400);
#11193=AXIS2_PLACEMENT_3D('',#15774,#12401,#12402);
#11194=AXIS2_PLACEMENT_3D('',#15778,#12404,#12405);
#11195=AXIS2_PLACEMENT_3D('',#15782,#12407,#12408);
#11196=AXIS2_PLACEMENT_3D('',#15786,#12410,#12411);
#11197=AXIS2_PLACEMENT_3D('',#15790,#12413,#12414);
#11198=AXIS2_PLACEMENT_3D('',#15794,#12416,#12417);
#11199=AXIS2_PLACEMENT_3D('',#15796,#12419,#12420);
#11200=AXIS2_PLACEMENT_3D('',#15799,#12421,#12422);
#11201=AXIS2_PLACEMENT_3D('',#15803,#12424,#12425);
#11202=AXIS2_PLACEMENT_3D('',#15805,#12427,#12428);
#11203=AXIS2_PLACEMENT_3D('',#15811,#12432,#12433);
#11204=AXIS2_PLACEMENT_3D('',#15814,#12434,#12435);
#11205=AXIS2_PLACEMENT_3D('',#15818,#12437,#12438);
#11206=AXIS2_PLACEMENT_3D('',#15820,#12440,#12441);
#11207=AXIS2_PLACEMENT_3D('',#15839,#12452,#12453);
#11208=AXIS2_PLACEMENT_3D('',#15843,#12455,#12456);
#11209=AXIS2_PLACEMENT_3D('',#15847,#12458,#12459);
#11210=AXIS2_PLACEMENT_3D('',#15850,#12461,#12462);
#11211=AXIS2_PLACEMENT_3D('',#15853,#12463,#12464);
#11212=AXIS2_PLACEMENT_3D('',#15857,#12466,#12467);
#11213=AXIS2_PLACEMENT_3D('',#15861,#12469,#12470);
#11214=AXIS2_PLACEMENT_3D('',#15865,#12472,#12473);
#11215=AXIS2_PLACEMENT_3D('',#15869,#12475,#12476);
#11216=AXIS2_PLACEMENT_3D('',#15873,#12478,#12479);
#11217=AXIS2_PLACEMENT_3D('',#15877,#12481,#12482);
#11218=AXIS2_PLACEMENT_3D('',#15881,#12484,#12485);
#11219=AXIS2_PLACEMENT_3D('',#15885,#12487,#12488);
#11220=AXIS2_PLACEMENT_3D('',#15889,#12490,#12491);
#11221=AXIS2_PLACEMENT_3D('',#15893,#12493,#12494);
#11222=AXIS2_PLACEMENT_3D('',#15897,#12496,#12497);
#11223=AXIS2_PLACEMENT_3D('',#15901,#12499,#12500);
#11224=AXIS2_PLACEMENT_3D('',#15905,#12502,#12503);
#11225=AXIS2_PLACEMENT_3D('',#15909,#12505,#12506);
#11226=AXIS2_PLACEMENT_3D('',#15913,#12508,#12509);
#11227=AXIS2_PLACEMENT_3D('',#15917,#12511,#12512);
#11228=AXIS2_PLACEMENT_3D('',#15921,#12514,#12515);
#11229=AXIS2_PLACEMENT_3D('',#15925,#12517,#12518);
#11230=AXIS2_PLACEMENT_3D('',#15929,#12520,#12521);
#11231=AXIS2_PLACEMENT_3D('',#15933,#12523,#12524);
#11232=AXIS2_PLACEMENT_3D('',#15937,#12526,#12527);
#11233=AXIS2_PLACEMENT_3D('',#15941,#12529,#12530);
#11234=AXIS2_PLACEMENT_3D('',#15945,#12532,#12533);
#11235=AXIS2_PLACEMENT_3D('',#15949,#12535,#12536);
#11236=AXIS2_PLACEMENT_3D('',#15953,#12538,#12539);
#11237=AXIS2_PLACEMENT_3D('',#15957,#12541,#12542);
#11238=AXIS2_PLACEMENT_3D('',#15961,#12544,#12545);
#11239=AXIS2_PLACEMENT_3D('',#15965,#12547,#12548);
#11240=AXIS2_PLACEMENT_3D('',#15969,#12550,#12551);
#11241=AXIS2_PLACEMENT_3D('',#15973,#12553,#12554);
#11242=AXIS2_PLACEMENT_3D('',#15977,#12556,#12557);
#11243=AXIS2_PLACEMENT_3D('',#15981,#12559,#12560);
#11244=AXIS2_PLACEMENT_3D('',#15985,#12562,#12563);
#11245=AXIS2_PLACEMENT_3D('',#15989,#12565,#12566);
#11246=AXIS2_PLACEMENT_3D('',#15993,#12568,#12569);
#11247=AXIS2_PLACEMENT_3D('',#15997,#12571,#12572);
#11248=AXIS2_PLACEMENT_3D('',#16001,#12574,#12575);
#11249=AXIS2_PLACEMENT_3D('',#16005,#12577,#12578);
#11250=AXIS2_PLACEMENT_3D('',#16009,#12580,#12581);
#11251=AXIS2_PLACEMENT_3D('',#16013,#12583,#12584);
#11252=AXIS2_PLACEMENT_3D('',#16017,#12586,#12587);
#11253=AXIS2_PLACEMENT_3D('',#16021,#12589,#12590);
#11254=AXIS2_PLACEMENT_3D('',#16025,#12592,#12593);
#11255=AXIS2_PLACEMENT_3D('',#16029,#12595,#12596);
#11256=AXIS2_PLACEMENT_3D('',#16033,#12598,#12599);
#11257=AXIS2_PLACEMENT_3D('',#16037,#12601,#12602);
#11258=AXIS2_PLACEMENT_3D('',#16041,#12604,#12605);
#11259=AXIS2_PLACEMENT_3D('',#16045,#12607,#12608);
#11260=AXIS2_PLACEMENT_3D('',#16049,#12610,#12611);
#11261=AXIS2_PLACEMENT_3D('',#16053,#12613,#12614);
#11262=AXIS2_PLACEMENT_3D('',#16057,#12616,#12617);
#11263=AXIS2_PLACEMENT_3D('',#16061,#12619,#12620);
#11264=AXIS2_PLACEMENT_3D('',#16065,#12622,#12623);
#11265=AXIS2_PLACEMENT_3D('',#16071,#12626,#12627);
#11266=AXIS2_PLACEMENT_3D('',#16075,#12629,#12630);
#11267=AXIS2_PLACEMENT_3D('',#16079,#12632,#12633);
#11268=AXIS2_PLACEMENT_3D('',#16083,#12635,#12636);
#11269=AXIS2_PLACEMENT_3D('',#16087,#12638,#12639);
#11270=AXIS2_PLACEMENT_3D('',#16090,#12641,#12642);
#11271=AXIS2_PLACEMENT_3D('',#16091,#12643,#12644);
#11272=AXIS2_PLACEMENT_3D('',#16095,#12646,#12647);
#11273=AXIS2_PLACEMENT_3D('',#16097,#12649,#12650);
#11274=AXIS2_PLACEMENT_3D('',#16117,#12661,#12662);
#11275=AXIS2_PLACEMENT_3D('',#16118,#12663,#12664);
#11276=AXIS2_PLACEMENT_3D('',#16119,#12665,#12666);
#11277=AXIS2_PLACEMENT_3D('',#16120,#12667,#12668);
#11278=AXIS2_PLACEMENT_3D('',#16122,#12669,#12670);
#11279=AXIS2_PLACEMENT_3D('',#16125,#12672,#12673);
#11280=AXIS2_PLACEMENT_3D('',#16126,#12674,#12675);
#11281=AXIS2_PLACEMENT_3D('',#16132,#12679,#12680);
#11282=AXIS2_PLACEMENT_3D('',#16133,#12681,#12682);
#11283=AXIS2_PLACEMENT_3D('',#16136,#12683,#12684);
#11284=AXIS2_PLACEMENT_3D('',#16140,#12686,#12687);
#11285=AXIS2_PLACEMENT_3D('',#16144,#12689,#12690);
#11286=AXIS2_PLACEMENT_3D('',#16148,#12692,#12693);
#11287=AXIS2_PLACEMENT_3D('',#16152,#12695,#12696);
#11288=AXIS2_PLACEMENT_3D('',#16156,#12698,#12699);
#11289=AXIS2_PLACEMENT_3D('',#16160,#12701,#12702);
#11290=AXIS2_PLACEMENT_3D('',#16164,#12704,#12705);
#11291=AXIS2_PLACEMENT_3D('',#16168,#12707,#12708);
#11292=AXIS2_PLACEMENT_3D('',#16172,#12710,#12711);
#11293=AXIS2_PLACEMENT_3D('',#16176,#12713,#12714);
#11294=AXIS2_PLACEMENT_3D('',#16180,#12716,#12717);
#11295=AXIS2_PLACEMENT_3D('',#16184,#12719,#12720);
#11296=AXIS2_PLACEMENT_3D('',#16188,#12722,#12723);
#11297=AXIS2_PLACEMENT_3D('',#16192,#12725,#12726);
#11298=AXIS2_PLACEMENT_3D('',#16196,#12728,#12729);
#11299=AXIS2_PLACEMENT_3D('',#16200,#12731,#12732);
#11300=AXIS2_PLACEMENT_3D('',#16204,#12734,#12735);
#11301=AXIS2_PLACEMENT_3D('',#16208,#12737,#12738);
#11302=AXIS2_PLACEMENT_3D('',#16212,#12740,#12741);
#11303=AXIS2_PLACEMENT_3D('',#16216,#12743,#12744);
#11304=AXIS2_PLACEMENT_3D('',#16220,#12746,#12747);
#11305=AXIS2_PLACEMENT_3D('',#16224,#12749,#12750);
#11306=AXIS2_PLACEMENT_3D('',#16228,#12752,#12753);
#11307=AXIS2_PLACEMENT_3D('',#16232,#12755,#12756);
#11308=AXIS2_PLACEMENT_3D('',#16236,#12758,#12759);
#11309=AXIS2_PLACEMENT_3D('',#16240,#12761,#12762);
#11310=AXIS2_PLACEMENT_3D('',#16244,#12764,#12765);
#11311=AXIS2_PLACEMENT_3D('',#16248,#12767,#12768);
#11312=AXIS2_PLACEMENT_3D('',#16252,#12770,#12771);
#11313=AXIS2_PLACEMENT_3D('',#16256,#12773,#12774);
#11314=AXIS2_PLACEMENT_3D('',#16260,#12776,#12777);
#11315=AXIS2_PLACEMENT_3D('',#16264,#12779,#12780);
#11316=AXIS2_PLACEMENT_3D('',#16268,#12782,#12783);
#11317=AXIS2_PLACEMENT_3D('',#16272,#12785,#12786);
#11318=AXIS2_PLACEMENT_3D('',#16276,#12788,#12789);
#11319=AXIS2_PLACEMENT_3D('',#16280,#12791,#12792);
#11320=AXIS2_PLACEMENT_3D('',#16284,#12794,#12795);
#11321=AXIS2_PLACEMENT_3D('',#16288,#12797,#12798);
#11322=AXIS2_PLACEMENT_3D('',#16292,#12800,#12801);
#11323=AXIS2_PLACEMENT_3D('',#16296,#12803,#12804);
#11324=AXIS2_PLACEMENT_3D('',#16300,#12806,#12807);
#11325=AXIS2_PLACEMENT_3D('',#16304,#12809,#12810);
#11326=AXIS2_PLACEMENT_3D('',#16308,#12812,#12813);
#11327=AXIS2_PLACEMENT_3D('',#16312,#12815,#12816);
#11328=AXIS2_PLACEMENT_3D('',#16316,#12818,#12819);
#11329=AXIS2_PLACEMENT_3D('',#16320,#12821,#12822);
#11330=AXIS2_PLACEMENT_3D('',#16324,#12824,#12825);
#11331=AXIS2_PLACEMENT_3D('',#16328,#12827,#12828);
#11332=AXIS2_PLACEMENT_3D('',#16332,#12830,#12831);
#11333=AXIS2_PLACEMENT_3D('',#16336,#12833,#12834);
#11334=AXIS2_PLACEMENT_3D('',#16340,#12836,#12837);
#11335=AXIS2_PLACEMENT_3D('',#16344,#12839,#12840);
#11336=AXIS2_PLACEMENT_3D('',#16348,#12842,#12843);
#11337=AXIS2_PLACEMENT_3D('',#16354,#12846,#12847);
#11338=AXIS2_PLACEMENT_3D('',#16358,#12849,#12850);
#11339=AXIS2_PLACEMENT_3D('',#16362,#12852,#12853);
#11340=AXIS2_PLACEMENT_3D('',#16366,#12855,#12856);
#11341=AXIS2_PLACEMENT_3D('',#16370,#12858,#12859);
#11342=AXIS2_PLACEMENT_3D('',#16373,#12861,#12862);
#11343=AXIS2_PLACEMENT_3D('',#16374,#12863,#12864);
#11344=AXIS2_PLACEMENT_3D('',#16375,#12865,#12866);
#11345=AXIS2_PLACEMENT_3D('',#16376,#12867,#12868);
#11346=AXIS2_PLACEMENT_3D('',#16379,#12871,#12872);
#11347=AXIS2_PLACEMENT_3D('',#16381,#12874,#12875);
#11348=AXIS2_PLACEMENT_3D('',#16383,#12877,#12878);
#11349=AXIS2_PLACEMENT_3D('',#16386,#12881,#12882);
#11350=AXIS2_PLACEMENT_3D('',#16388,#12884,#12885);
#11351=AXIS2_PLACEMENT_3D('',#16390,#12887,#12888);
#11352=AXIS2_PLACEMENT_3D('',#16393,#12891,#12892);
#11353=AXIS2_PLACEMENT_3D('',#16395,#12894,#12895);
#11354=AXIS2_PLACEMENT_3D('',#16397,#12897,#12898);
#11355=AXIS2_PLACEMENT_3D('',#16398,#12899,#12900);
#11356=AXIS2_PLACEMENT_3D('',#16399,#12901,#12902);
#11357=AXIS2_PLACEMENT_3D('',#16400,#12903,#12904);
#11358=AXIS2_PLACEMENT_3D('',#16403,#12905,#12906);
#11359=AXIS2_PLACEMENT_3D('',#16407,#12908,#12909);
#11360=AXIS2_PLACEMENT_3D('',#16409,#12911,#12912);
#11361=AXIS2_PLACEMENT_3D('',#16413,#12914,#12915);
#11362=AXIS2_PLACEMENT_3D('',#16417,#12917,#12918);
#11363=AXIS2_PLACEMENT_3D('',#16421,#12920,#12921);
#11364=AXIS2_PLACEMENT_3D('',#16425,#12923,#12924);
#11365=AXIS2_PLACEMENT_3D('',#16429,#12926,#12927);
#11366=AXIS2_PLACEMENT_3D('',#16431,#12929,#12930);
#11367=AXIS2_PLACEMENT_3D('',#16435,#12933,#12934);
#11368=AXIS2_PLACEMENT_3D('',#16437,#12935,#12936);
#11369=AXIS2_PLACEMENT_3D('',#16439,#12938,#12939);
#11370=AXIS2_PLACEMENT_3D('',#16443,#12941,#12942);
#11371=AXIS2_PLACEMENT_3D('',#16445,#12944,#12945);
#11372=AXIS2_PLACEMENT_3D('',#16449,#12948,#12949);
#11373=AXIS2_PLACEMENT_3D('',#16451,#12950,#12951);
#11374=AXIS2_PLACEMENT_3D('',#16453,#12953,#12954);
#11375=AXIS2_PLACEMENT_3D('',#16457,#12956,#12957);
#11376=AXIS2_PLACEMENT_3D('',#16459,#12959,#12960);
#11377=AXIS2_PLACEMENT_3D('',#16463,#12963,#12964);
#11378=AXIS2_PLACEMENT_3D('',#16465,#12965,#12966);
#11379=AXIS2_PLACEMENT_3D('',#16467,#12968,#12969);
#11380=AXIS2_PLACEMENT_3D('',#16469,#12971,#12972);
#11381=AXIS2_PLACEMENT_3D('',#16471,#12974,#12975);
#11382=AXIS2_PLACEMENT_3D('',#16473,#12977,#12978);
#11383=AXIS2_PLACEMENT_3D('',#16476,#12979,#12980);
#11384=AXIS2_PLACEMENT_3D('',#16479,#12983,#12984);
#11385=AXIS2_PLACEMENT_3D('',#16483,#12986,#12987);
#11386=AXIS2_PLACEMENT_3D('',#16487,#12989,#12990);
#11387=AXIS2_PLACEMENT_3D('',#16491,#12992,#12993);
#11388=AXIS2_PLACEMENT_3D('',#16495,#12995,#12996);
#11389=AXIS2_PLACEMENT_3D('',#16499,#12998,#12999);
#11390=AXIS2_PLACEMENT_3D('',#16501,#13001,#13002);
#11391=AXIS2_PLACEMENT_3D('',#16503,#13004,#13005);
#11392=AXIS2_PLACEMENT_3D('',#16505,#13007,#13008);
#11393=AXIS2_PLACEMENT_3D('',#16508,#13011,#13012);
#11394=AXIS2_PLACEMENT_3D('',#16510,#13014,#13015);
#11395=AXIS2_PLACEMENT_3D('',#16512,#13017,#13018);
#11396=AXIS2_PLACEMENT_3D('',#16515,#13021,#13022);
#11397=AXIS2_PLACEMENT_3D('',#16517,#13024,#13025);
#11398=AXIS2_PLACEMENT_3D('',#16519,#13027,#13028);
#11399=AXIS2_PLACEMENT_3D('',#16520,#13029,#13030);
#11400=AXIS2_PLACEMENT_3D('',#16521,#13031,#13032);
#11401=AXIS2_PLACEMENT_3D('',#16522,#13033,#13034);
#11402=AXIS2_PLACEMENT_3D('',#16525,#13035,#13036);
#11403=AXIS2_PLACEMENT_3D('',#16529,#13038,#13039);
#11404=AXIS2_PLACEMENT_3D('',#16531,#13041,#13042);
#11405=AXIS2_PLACEMENT_3D('',#16535,#13044,#13045);
#11406=AXIS2_PLACEMENT_3D('',#16539,#13047,#13048);
#11407=AXIS2_PLACEMENT_3D('',#16543,#13050,#13051);
#11408=AXIS2_PLACEMENT_3D('',#16547,#13053,#13054);
#11409=AXIS2_PLACEMENT_3D('',#16551,#13056,#13057);
#11410=AXIS2_PLACEMENT_3D('',#16553,#13059,#13060);
#11411=AXIS2_PLACEMENT_3D('',#16557,#13063,#13064);
#11412=AXIS2_PLACEMENT_3D('',#16559,#13065,#13066);
#11413=AXIS2_PLACEMENT_3D('',#16561,#13068,#13069);
#11414=AXIS2_PLACEMENT_3D('',#16565,#13071,#13072);
#11415=AXIS2_PLACEMENT_3D('',#16567,#13074,#13075);
#11416=AXIS2_PLACEMENT_3D('',#16571,#13078,#13079);
#11417=AXIS2_PLACEMENT_3D('',#16573,#13080,#13081);
#11418=AXIS2_PLACEMENT_3D('',#16575,#13083,#13084);
#11419=AXIS2_PLACEMENT_3D('',#16579,#13086,#13087);
#11420=AXIS2_PLACEMENT_3D('',#16581,#13089,#13090);
#11421=AXIS2_PLACEMENT_3D('',#16585,#13093,#13094);
#11422=AXIS2_PLACEMENT_3D('',#16587,#13095,#13096);
#11423=AXIS2_PLACEMENT_3D('',#16589,#13098,#13099);
#11424=AXIS2_PLACEMENT_3D('',#16591,#13101,#13102);
#11425=AXIS2_PLACEMENT_3D('',#16593,#13104,#13105);
#11426=AXIS2_PLACEMENT_3D('',#16602,#13107,#13108);
#11427=AXIS2_PLACEMENT_3D('',#16604,#13109,#13110);
#11428=AXIS2_PLACEMENT_3D('',#16606,#13112,#13113);
#11429=AXIS2_PLACEMENT_3D('',#16618,#13117,#13118);
#11430=AXIS2_PLACEMENT_3D('',#16619,#13119,#13120);
#11431=AXIS2_PLACEMENT_3D('',#16620,#13121,#13122);
#11432=AXIS2_PLACEMENT_3D('',#16623,#13123,#13124);
#11433=AXIS2_PLACEMENT_3D('',#16627,#13126,#13127);
#11434=AXIS2_PLACEMENT_3D('',#16631,#13129,#13130);
#11435=AXIS2_PLACEMENT_3D('',#16635,#13132,#13133);
#11436=AXIS2_PLACEMENT_3D('',#16639,#13135,#13136);
#11437=AXIS2_PLACEMENT_3D('',#16643,#13138,#13139);
#11438=AXIS2_PLACEMENT_3D('',#16647,#13141,#13142);
#11439=AXIS2_PLACEMENT_3D('',#16651,#13144,#13145);
#11440=AXIS2_PLACEMENT_3D('',#16655,#13147,#13148);
#11441=AXIS2_PLACEMENT_3D('',#16659,#13150,#13151);
#11442=AXIS2_PLACEMENT_3D('',#16663,#13153,#13154);
#11443=AXIS2_PLACEMENT_3D('',#16667,#13156,#13157);
#11444=AXIS2_PLACEMENT_3D('',#16671,#13159,#13160);
#11445=AXIS2_PLACEMENT_3D('',#16675,#13162,#13163);
#11446=AXIS2_PLACEMENT_3D('',#16679,#13165,#13166);
#11447=AXIS2_PLACEMENT_3D('',#16683,#13168,#13169);
#11448=AXIS2_PLACEMENT_3D('',#16687,#13171,#13172);
#11449=AXIS2_PLACEMENT_3D('',#16691,#13174,#13175);
#11450=AXIS2_PLACEMENT_3D('',#16695,#13177,#13178);
#11451=AXIS2_PLACEMENT_3D('',#16699,#13180,#13181);
#11452=AXIS2_PLACEMENT_3D('',#16703,#13183,#13184);
#11453=AXIS2_PLACEMENT_3D('',#16707,#13186,#13187);
#11454=AXIS2_PLACEMENT_3D('',#16711,#13189,#13190);
#11455=AXIS2_PLACEMENT_3D('',#16715,#13192,#13193);
#11456=AXIS2_PLACEMENT_3D('',#16719,#13195,#13196);
#11457=AXIS2_PLACEMENT_3D('',#16723,#13198,#13199);
#11458=AXIS2_PLACEMENT_3D('',#16727,#13201,#13202);
#11459=AXIS2_PLACEMENT_3D('',#16731,#13204,#13205);
#11460=AXIS2_PLACEMENT_3D('',#16735,#13207,#13208);
#11461=AXIS2_PLACEMENT_3D('',#16739,#13210,#13211);
#11462=AXIS2_PLACEMENT_3D('',#16743,#13213,#13214);
#11463=AXIS2_PLACEMENT_3D('',#16747,#13216,#13217);
#11464=AXIS2_PLACEMENT_3D('',#16751,#13219,#13220);
#11465=AXIS2_PLACEMENT_3D('',#16755,#13222,#13223);
#11466=AXIS2_PLACEMENT_3D('',#16759,#13225,#13226);
#11467=AXIS2_PLACEMENT_3D('',#16763,#13228,#13229);
#11468=AXIS2_PLACEMENT_3D('',#16767,#13231,#13232);
#11469=AXIS2_PLACEMENT_3D('',#16771,#13234,#13235);
#11470=AXIS2_PLACEMENT_3D('',#16775,#13237,#13238);
#11471=AXIS2_PLACEMENT_3D('',#16779,#13240,#13241);
#11472=AXIS2_PLACEMENT_3D('',#16783,#13243,#13244);
#11473=AXIS2_PLACEMENT_3D('',#16787,#13246,#13247);
#11474=AXIS2_PLACEMENT_3D('',#16791,#13249,#13250);
#11475=AXIS2_PLACEMENT_3D('',#16795,#13252,#13253);
#11476=AXIS2_PLACEMENT_3D('',#16799,#13255,#13256);
#11477=AXIS2_PLACEMENT_3D('',#16803,#13258,#13259);
#11478=AXIS2_PLACEMENT_3D('',#16807,#13261,#13262);
#11479=AXIS2_PLACEMENT_3D('',#16811,#13264,#13265);
#11480=AXIS2_PLACEMENT_3D('',#16815,#13267,#13268);
#11481=AXIS2_PLACEMENT_3D('',#16819,#13270,#13271);
#11482=AXIS2_PLACEMENT_3D('',#16823,#13273,#13274);
#11483=AXIS2_PLACEMENT_3D('',#16827,#13276,#13277);
#11484=AXIS2_PLACEMENT_3D('',#16831,#13279,#13280);
#11485=AXIS2_PLACEMENT_3D('',#16835,#13282,#13283);
#11486=AXIS2_PLACEMENT_3D('',#16837,#13285,#13286);
#11487=AXIS2_PLACEMENT_3D('',#16841,#13288,#13289);
#11488=AXIS2_PLACEMENT_3D('',#16845,#13291,#13292);
#11489=AXIS2_PLACEMENT_3D('',#16849,#13294,#13295);
#11490=AXIS2_PLACEMENT_3D('',#16853,#13297,#13298);
#11491=AXIS2_PLACEMENT_3D('',#16857,#13300,#13301);
#11492=AXIS2_PLACEMENT_3D('',#16861,#13303,#13304);
#11493=AXIS2_PLACEMENT_3D('',#16865,#13306,#13307);
#11494=AXIS2_PLACEMENT_3D('',#16869,#13309,#13310);
#11495=AXIS2_PLACEMENT_3D('',#16873,#13312,#13313);
#11496=AXIS2_PLACEMENT_3D('',#16877,#13315,#13316);
#11497=AXIS2_PLACEMENT_3D('',#16881,#13318,#13319);
#11498=AXIS2_PLACEMENT_3D('',#16885,#13321,#13322);
#11499=AXIS2_PLACEMENT_3D('',#16889,#13324,#13325);
#11500=AXIS2_PLACEMENT_3D('',#16893,#13327,#13328);
#11501=AXIS2_PLACEMENT_3D('',#16897,#13330,#13331);
#11502=AXIS2_PLACEMENT_3D('',#16901,#13333,#13334);
#11503=AXIS2_PLACEMENT_3D('',#16905,#13336,#13337);
#11504=AXIS2_PLACEMENT_3D('',#16909,#13339,#13340);
#11505=AXIS2_PLACEMENT_3D('',#16913,#13342,#13343);
#11506=AXIS2_PLACEMENT_3D('',#16917,#13345,#13346);
#11507=AXIS2_PLACEMENT_3D('',#16921,#13348,#13349);
#11508=AXIS2_PLACEMENT_3D('',#16925,#13351,#13352);
#11509=AXIS2_PLACEMENT_3D('',#16929,#13354,#13355);
#11510=AXIS2_PLACEMENT_3D('',#16933,#13357,#13358);
#11511=AXIS2_PLACEMENT_3D('',#16937,#13360,#13361);
#11512=AXIS2_PLACEMENT_3D('',#16941,#13363,#13364);
#11513=AXIS2_PLACEMENT_3D('',#16945,#13366,#13367);
#11514=AXIS2_PLACEMENT_3D('',#16949,#13369,#13370);
#11515=AXIS2_PLACEMENT_3D('',#16953,#13372,#13373);
#11516=AXIS2_PLACEMENT_3D('',#16957,#13375,#13376);
#11517=AXIS2_PLACEMENT_3D('',#16961,#13378,#13379);
#11518=AXIS2_PLACEMENT_3D('',#16965,#13381,#13382);
#11519=AXIS2_PLACEMENT_3D('',#16969,#13384,#13385);
#11520=AXIS2_PLACEMENT_3D('',#16973,#13387,#13388);
#11521=AXIS2_PLACEMENT_3D('',#16977,#13390,#13391);
#11522=AXIS2_PLACEMENT_3D('',#16981,#13393,#13394);
#11523=AXIS2_PLACEMENT_3D('',#16985,#13396,#13397);
#11524=AXIS2_PLACEMENT_3D('',#16989,#13399,#13400);
#11525=AXIS2_PLACEMENT_3D('',#16993,#13402,#13403);
#11526=AXIS2_PLACEMENT_3D('',#16997,#13405,#13406);
#11527=AXIS2_PLACEMENT_3D('',#17001,#13408,#13409);
#11528=AXIS2_PLACEMENT_3D('',#17005,#13411,#13412);
#11529=AXIS2_PLACEMENT_3D('',#17009,#13414,#13415);
#11530=AXIS2_PLACEMENT_3D('',#17013,#13417,#13418);
#11531=AXIS2_PLACEMENT_3D('',#17017,#13420,#13421);
#11532=AXIS2_PLACEMENT_3D('',#17021,#13423,#13424);
#11533=AXIS2_PLACEMENT_3D('',#17025,#13426,#13427);
#11534=AXIS2_PLACEMENT_3D('',#17029,#13429,#13430);
#11535=AXIS2_PLACEMENT_3D('',#17033,#13432,#13433);
#11536=AXIS2_PLACEMENT_3D('',#17037,#13435,#13436);
#11537=AXIS2_PLACEMENT_3D('',#17041,#13438,#13439);
#11538=AXIS2_PLACEMENT_3D('',#17045,#13441,#13442);
#11539=AXIS2_PLACEMENT_3D('',#17049,#13444,#13445);
#11540=AXIS2_PLACEMENT_3D('',#17053,#13447,#13448);
#11541=AXIS2_PLACEMENT_3D('',#17062,#13450,#13451);
#11542=AXIS2_PLACEMENT_3D('',#17064,#13453,#13454);
#11543=AXIS2_PLACEMENT_3D('',#17074,#13457,#13458);
#11544=AXIS2_PLACEMENT_3D('',#17075,#13459,#13460);
#11545=AXIS2_PLACEMENT_3D('',#17076,#13461,#13462);
#11546=AXIS2_PLACEMENT_3D('',#17094,#13468,#13469);
#11547=AXIS2_PLACEMENT_3D('',#17103,#13471,#13472);
#11548=AXIS2_PLACEMENT_3D('',#17106,#13474,#13475);
#11549=AXIS2_PLACEMENT_3D('',#17107,#13476,#13477);
#11550=AXIS2_PLACEMENT_3D('',#17113,#13481,#13482);
#11551=AXIS2_PLACEMENT_3D('',#17114,#13483,#13484);
#11552=AXIS2_PLACEMENT_3D('',#17117,#13486,#13487);
#11553=AXIS2_PLACEMENT_3D('',#17118,#13488,#13489);
#11554=AXIS2_PLACEMENT_3D('',#17122,#13492,#13493);
#11555=AXIS2_PLACEMENT_3D('',#17123,#13494,#13495);
#11556=AXIS2_PLACEMENT_3D('',#17126,#13497,#13498);
#11557=AXIS2_PLACEMENT_3D('',#17127,#13499,#13500);
#11558=AXIS2_PLACEMENT_3D('',#17131,#13503,#13504);
#11559=AXIS2_PLACEMENT_3D('',#17136,#13506,#13507);
#11560=AXIS2_PLACEMENT_3D('',#17139,#13509,#13510);
#11561=AXIS2_PLACEMENT_3D('',#17140,#13511,#13512);
#11562=AXIS2_PLACEMENT_3D('',#17146,#13516,#13517);
#11563=AXIS2_PLACEMENT_3D('',#17150,#13519,#13520);
#11564=AXIS2_PLACEMENT_3D('',#17151,#13521,#13522);
#11565=AXIS2_PLACEMENT_3D('',#17152,#13523,#13524);
#11566=AXIS2_PLACEMENT_3D('',#17158,#13528,#13529);
#11567=AXIS2_PLACEMENT_3D('',#17162,#13531,#13532);
#11568=AXIS2_PLACEMENT_3D('',#17163,#13533,#13534);
#11569=AXIS2_PLACEMENT_3D('',#17164,#13535,#13536);
#11570=AXIS2_PLACEMENT_3D('',#17170,#13540,#13541);
#11571=AXIS2_PLACEMENT_3D('',#17174,#13543,#13544);
#11572=AXIS2_PLACEMENT_3D('',#17175,#13545,#13546);
#11573=AXIS2_PLACEMENT_3D('',#17176,#13547,#13548);
#11574=AXIS2_PLACEMENT_3D('',#17179,#13551,#13552);
#11575=AXIS2_PLACEMENT_3D('',#17184,#13556,#13557);
#11576=AXIS2_PLACEMENT_3D('',#17186,#13559,#13560);
#11577=AXIS2_PLACEMENT_3D('',#17187,#13561,#13562);
#11578=AXIS2_PLACEMENT_3D('',#17189,#13564,#13565);
#11579=AXIS2_PLACEMENT_3D('',#17191,#13567,#13568);
#11580=AXIS2_PLACEMENT_3D('',#17192,#13569,#13570);
#11581=AXIS2_PLACEMENT_3D('',#17194,#13572,#13573);
#11582=AXIS2_PLACEMENT_3D('',#17196,#13575,#13576);
#11583=AXIS2_PLACEMENT_3D('',#17198,#13578,#13579);
#11584=AXIS2_PLACEMENT_3D('',#17199,#13580,#13581);
#11585=AXIS2_PLACEMENT_3D('',#17203,#13584,#13585);
#11586=AXIS2_PLACEMENT_3D('',#17204,#13586,#13587);
#11587=AXIS2_PLACEMENT_3D('',#17205,#13588,#13589);
#11588=AXIS2_PLACEMENT_3D('',#17206,#13590,#13591);
#11589=AXIS2_PLACEMENT_3D('',#17207,#13592,#13593);
#11590=AXIS2_PLACEMENT_3D('',#17209,#13594,#13595);
#11591=AXIS2_PLACEMENT_3D('',#17211,#13597,#13598);
#11592=AXIS2_PLACEMENT_3D('',#17219,#13600,#13601);
#11593=AXIS2_PLACEMENT_3D('',#17221,#13603,#13604);
#11594=AXIS2_PLACEMENT_3D('',#17226,#13606,#13607);
#11595=AXIS2_PLACEMENT_3D('',#17229,#13609,#13610);
#11596=AXIS2_PLACEMENT_3D('',#17230,#13611,#13612);
#11597=AXIS2_PLACEMENT_3D('',#17236,#13616,#13617);
#11598=AXIS2_PLACEMENT_3D('',#17240,#13619,#13620);
#11599=AXIS2_PLACEMENT_3D('',#17241,#13621,#13622);
#11600=AXIS2_PLACEMENT_3D('',#17242,#13623,#13624);
#11601=AXIS2_PLACEMENT_3D('',#17248,#13628,#13629);
#11602=AXIS2_PLACEMENT_3D('',#17252,#13631,#13632);
#11603=AXIS2_PLACEMENT_3D('',#17253,#13633,#13634);
#11604=AXIS2_PLACEMENT_3D('',#17254,#13635,#13636);
#11605=AXIS2_PLACEMENT_3D('',#17260,#13640,#13641);
#11606=AXIS2_PLACEMENT_3D('',#17264,#13643,#13644);
#11607=AXIS2_PLACEMENT_3D('',#17265,#13645,#13646);
#11608=AXIS2_PLACEMENT_3D('',#17266,#13647,#13648);
#11609=AXIS2_PLACEMENT_3D('',#17269,#13651,#13652);
#11610=AXIS2_PLACEMENT_3D('',#17275,#13656,#13657);
#11611=AXIS2_PLACEMENT_3D('',#17278,#13659,#13660);
#11612=AXIS2_PLACEMENT_3D('',#17279,#13661,#13662);
#11613=AXIS2_PLACEMENT_3D('',#17283,#13665,#13666);
#11614=AXIS2_PLACEMENT_3D('',#17286,#13668,#13669);
#11615=AXIS2_PLACEMENT_3D('',#17287,#13670,#13671);
#11616=AXIS2_PLACEMENT_3D('',#17288,#13672,#13673);
#11617=AXIS2_PLACEMENT_3D('',#17291,#13676,#13677);
#11618=AXIS2_PLACEMENT_3D('',#17293,#13679,#13680);
#11619=AXIS2_PLACEMENT_3D('',#17297,#13683,#13684);
#11620=AXIS2_PLACEMENT_3D('',#17298,#13685,#13686);
#11621=AXIS2_PLACEMENT_3D('',#17299,#13687,#13688);
#11622=AXIS2_PLACEMENT_3D('',#17302,#13691,#13692);
#11623=AXIS2_PLACEMENT_3D('',#17303,#13693,#13694);
#11624=AXIS2_PLACEMENT_3D('',#17307,#13697,#13698);
#11625=AXIS2_PLACEMENT_3D('',#17308,#13699,#13700);
#11626=AXIS2_PLACEMENT_3D('',#17310,#13702,#13703);
#11627=AXIS2_PLACEMENT_3D('',#17312,#13705,#13706);
#11628=AXIS2_PLACEMENT_3D('',#17313,#13707,#13708);
#11629=AXIS2_PLACEMENT_3D('',#17315,#13710,#13711);
#11630=AXIS2_PLACEMENT_3D('',#17316,#13712,#13713);
#11631=AXIS2_PLACEMENT_3D('',#17318,#13715,#13716);
#11632=AXIS2_PLACEMENT_3D('',#17320,#13718,#13719);
#11633=AXIS2_PLACEMENT_3D('',#17321,#13720,#13721);
#11634=AXIS2_PLACEMENT_3D('',#17322,#13722,#13723);
#11635=AXIS2_PLACEMENT_3D('',#17323,#13724,#13725);
#11636=AXIS2_PLACEMENT_3D('',#17326,#13726,#13727);
#11637=AXIS2_PLACEMENT_3D('',#17329,#13730,#13731);
#11638=AXIS2_PLACEMENT_3D('',#17333,#13733,#13734);
#11639=AXIS2_PLACEMENT_3D('',#17337,#13736,#13737);
#11640=AXIS2_PLACEMENT_3D('',#17341,#13739,#13740);
#11641=AXIS2_PLACEMENT_3D('',#17345,#13742,#13743);
#11642=AXIS2_PLACEMENT_3D('',#17349,#13745,#13746);
#11643=AXIS2_PLACEMENT_3D('',#17351,#13748,#13749);
#11644=AXIS2_PLACEMENT_3D('',#17353,#13751,#13752);
#11645=AXIS2_PLACEMENT_3D('',#17355,#13754,#13755);
#11646=AXIS2_PLACEMENT_3D('',#17358,#13758,#13759);
#11647=AXIS2_PLACEMENT_3D('',#17360,#13761,#13762);
#11648=AXIS2_PLACEMENT_3D('',#17362,#13764,#13765);
#11649=AXIS2_PLACEMENT_3D('',#17365,#13768,#13769);
#11650=AXIS2_PLACEMENT_3D('',#17367,#13771,#13772);
#11651=AXIS2_PLACEMENT_3D('',#17369,#13774,#13775);
#11652=AXIS2_PLACEMENT_3D('',#17370,#13776,#13777);
#11653=AXIS2_PLACEMENT_3D('',#17371,#13778,#13779);
#11654=AXIS2_PLACEMENT_3D('',#17372,#13780,#13781);
#11655=AXIS2_PLACEMENT_3D('',#17375,#13782,#13783);
#11656=AXIS2_PLACEMENT_3D('',#17378,#13786,#13787);
#11657=AXIS2_PLACEMENT_3D('',#17382,#13789,#13790);
#11658=AXIS2_PLACEMENT_3D('',#17386,#13792,#13793);
#11659=AXIS2_PLACEMENT_3D('',#17390,#13795,#13796);
#11660=AXIS2_PLACEMENT_3D('',#17394,#13798,#13799);
#11661=AXIS2_PLACEMENT_3D('',#17398,#13801,#13802);
#11662=AXIS2_PLACEMENT_3D('',#17400,#13804,#13805);
#11663=AXIS2_PLACEMENT_3D('',#17402,#13807,#13808);
#11664=AXIS2_PLACEMENT_3D('',#17404,#13810,#13811);
#11665=AXIS2_PLACEMENT_3D('',#17407,#13814,#13815);
#11666=AXIS2_PLACEMENT_3D('',#17409,#13817,#13818);
#11667=AXIS2_PLACEMENT_3D('',#17411,#13820,#13821);
#11668=AXIS2_PLACEMENT_3D('',#17414,#13824,#13825);
#11669=AXIS2_PLACEMENT_3D('',#17416,#13827,#13828);
#11670=AXIS2_PLACEMENT_3D('',#17418,#13830,#13831);
#11671=AXIS2_PLACEMENT_3D('',#17419,#13832,#13833);
#11672=AXIS2_PLACEMENT_3D('',#17420,#13834,#13835);
#11673=AXIS2_PLACEMENT_3D('',#17421,#13836,#13837);
#11674=AXIS2_PLACEMENT_3D('',#17424,#13838,#13839);
#11675=AXIS2_PLACEMENT_3D('',#17427,#13842,#13843);
#11676=AXIS2_PLACEMENT_3D('',#17431,#13845,#13846);
#11677=AXIS2_PLACEMENT_3D('',#17435,#13848,#13849);
#11678=AXIS2_PLACEMENT_3D('',#17439,#13851,#13852);
#11679=AXIS2_PLACEMENT_3D('',#17443,#13854,#13855);
#11680=AXIS2_PLACEMENT_3D('',#17447,#13857,#13858);
#11681=AXIS2_PLACEMENT_3D('',#17449,#13860,#13861);
#11682=AXIS2_PLACEMENT_3D('',#17451,#13863,#13864);
#11683=AXIS2_PLACEMENT_3D('',#17453,#13866,#13867);
#11684=AXIS2_PLACEMENT_3D('',#17456,#13870,#13871);
#11685=AXIS2_PLACEMENT_3D('',#17458,#13873,#13874);
#11686=AXIS2_PLACEMENT_3D('',#17460,#13876,#13877);
#11687=AXIS2_PLACEMENT_3D('',#17463,#13880,#13881);
#11688=AXIS2_PLACEMENT_3D('',#17465,#13883,#13884);
#11689=AXIS2_PLACEMENT_3D('',#17467,#13886,#13887);
#11690=AXIS2_PLACEMENT_3D('',#17468,#13888,#13889);
#11691=AXIS2_PLACEMENT_3D('',#17469,#13890,#13891);
#11692=AXIS2_PLACEMENT_3D('',#17470,#13892,#13893);
#11693=AXIS2_PLACEMENT_3D('',#17473,#13894,#13895);
#11694=AXIS2_PLACEMENT_3D('',#17476,#13898,#13899);
#11695=AXIS2_PLACEMENT_3D('',#17480,#13901,#13902);
#11696=AXIS2_PLACEMENT_3D('',#17484,#13904,#13905);
#11697=AXIS2_PLACEMENT_3D('',#17488,#13907,#13908);
#11698=AXIS2_PLACEMENT_3D('',#17492,#13910,#13911);
#11699=AXIS2_PLACEMENT_3D('',#17496,#13913,#13914);
#11700=AXIS2_PLACEMENT_3D('',#17498,#13916,#13917);
#11701=AXIS2_PLACEMENT_3D('',#17500,#13919,#13920);
#11702=AXIS2_PLACEMENT_3D('',#17502,#13922,#13923);
#11703=AXIS2_PLACEMENT_3D('',#17505,#13926,#13927);
#11704=AXIS2_PLACEMENT_3D('',#17507,#13929,#13930);
#11705=AXIS2_PLACEMENT_3D('',#17509,#13932,#13933);
#11706=AXIS2_PLACEMENT_3D('',#17512,#13936,#13937);
#11707=AXIS2_PLACEMENT_3D('',#17514,#13939,#13940);
#11708=AXIS2_PLACEMENT_3D('',#17516,#13942,#13943);
#11709=AXIS2_PLACEMENT_3D('',#17517,#13944,#13945);
#11710=AXIS2_PLACEMENT_3D('',#17518,#13946,#13947);
#11711=AXIS2_PLACEMENT_3D('',#17519,#13948,#13949);
#11712=AXIS2_PLACEMENT_3D('',#17522,#13950,#13951);
#11713=AXIS2_PLACEMENT_3D('',#17525,#13954,#13955);
#11714=AXIS2_PLACEMENT_3D('',#17529,#13957,#13958);
#11715=AXIS2_PLACEMENT_3D('',#17533,#13960,#13961);
#11716=AXIS2_PLACEMENT_3D('',#17537,#13963,#13964);
#11717=AXIS2_PLACEMENT_3D('',#17541,#13966,#13967);
#11718=AXIS2_PLACEMENT_3D('',#17545,#13969,#13970);
#11719=AXIS2_PLACEMENT_3D('',#17547,#13972,#13973);
#11720=AXIS2_PLACEMENT_3D('',#17549,#13975,#13976);
#11721=AXIS2_PLACEMENT_3D('',#17551,#13978,#13979);
#11722=AXIS2_PLACEMENT_3D('',#17554,#13982,#13983);
#11723=AXIS2_PLACEMENT_3D('',#17556,#13985,#13986);
#11724=AXIS2_PLACEMENT_3D('',#17558,#13988,#13989);
#11725=AXIS2_PLACEMENT_3D('',#17561,#13992,#13993);
#11726=AXIS2_PLACEMENT_3D('',#17563,#13995,#13996);
#11727=AXIS2_PLACEMENT_3D('',#17565,#13998,#13999);
#11728=AXIS2_PLACEMENT_3D('',#17566,#14000,#14001);
#11729=AXIS2_PLACEMENT_3D('',#17567,#14002,#14003);
#11730=AXIS2_PLACEMENT_3D('',#17568,#14004,#14005);
#11731=AXIS2_PLACEMENT_3D('',#17571,#14006,#14007);
#11732=AXIS2_PLACEMENT_3D('',#17574,#14010,#14011);
#11733=AXIS2_PLACEMENT_3D('',#17578,#14013,#14014);
#11734=AXIS2_PLACEMENT_3D('',#17582,#14016,#14017);
#11735=AXIS2_PLACEMENT_3D('',#17586,#14019,#14020);
#11736=AXIS2_PLACEMENT_3D('',#17590,#14022,#14023);
#11737=AXIS2_PLACEMENT_3D('',#17594,#14025,#14026);
#11738=AXIS2_PLACEMENT_3D('',#17596,#14028,#14029);
#11739=AXIS2_PLACEMENT_3D('',#17598,#14031,#14032);
#11740=AXIS2_PLACEMENT_3D('',#17600,#14034,#14035);
#11741=AXIS2_PLACEMENT_3D('',#17603,#14038,#14039);
#11742=AXIS2_PLACEMENT_3D('',#17605,#14041,#14042);
#11743=AXIS2_PLACEMENT_3D('',#17607,#14044,#14045);
#11744=AXIS2_PLACEMENT_3D('',#17610,#14048,#14049);
#11745=AXIS2_PLACEMENT_3D('',#17612,#14051,#14052);
#11746=AXIS2_PLACEMENT_3D('',#17614,#14054,#14055);
#11747=AXIS2_PLACEMENT_3D('',#17615,#14056,#14057);
#11748=AXIS2_PLACEMENT_3D('',#17616,#14058,#14059);
#11749=AXIS2_PLACEMENT_3D('',#17617,#14060,#14061);
#11750=AXIS2_PLACEMENT_3D('',#17620,#14062,#14063);
#11751=AXIS2_PLACEMENT_3D('',#17623,#14066,#14067);
#11752=AXIS2_PLACEMENT_3D('',#17627,#14069,#14070);
#11753=AXIS2_PLACEMENT_3D('',#17631,#14072,#14073);
#11754=AXIS2_PLACEMENT_3D('',#17635,#14075,#14076);
#11755=AXIS2_PLACEMENT_3D('',#17639,#14078,#14079);
#11756=AXIS2_PLACEMENT_3D('',#17643,#14081,#14082);
#11757=AXIS2_PLACEMENT_3D('',#17645,#14084,#14085);
#11758=AXIS2_PLACEMENT_3D('',#17647,#14087,#14088);
#11759=AXIS2_PLACEMENT_3D('',#17649,#14090,#14091);
#11760=AXIS2_PLACEMENT_3D('',#17652,#14094,#14095);
#11761=AXIS2_PLACEMENT_3D('',#17654,#14097,#14098);
#11762=AXIS2_PLACEMENT_3D('',#17656,#14100,#14101);
#11763=AXIS2_PLACEMENT_3D('',#17659,#14104,#14105);
#11764=AXIS2_PLACEMENT_3D('',#17661,#14107,#14108);
#11765=AXIS2_PLACEMENT_3D('',#17663,#14110,#14111);
#11766=AXIS2_PLACEMENT_3D('',#17664,#14112,#14113);
#11767=AXIS2_PLACEMENT_3D('',#17665,#14114,#14115);
#11768=AXIS2_PLACEMENT_3D('',#17666,#14116,#14117);
#11769=AXIS2_PLACEMENT_3D('',#17669,#14118,#14119);
#11770=AXIS2_PLACEMENT_3D('',#17672,#14122,#14123);
#11771=AXIS2_PLACEMENT_3D('',#17676,#14125,#14126);
#11772=AXIS2_PLACEMENT_3D('',#17680,#14128,#14129);
#11773=AXIS2_PLACEMENT_3D('',#17684,#14131,#14132);
#11774=AXIS2_PLACEMENT_3D('',#17688,#14134,#14135);
#11775=AXIS2_PLACEMENT_3D('',#17692,#14137,#14138);
#11776=AXIS2_PLACEMENT_3D('',#17694,#14140,#14141);
#11777=AXIS2_PLACEMENT_3D('',#17696,#14143,#14144);
#11778=AXIS2_PLACEMENT_3D('',#17698,#14146,#14147);
#11779=AXIS2_PLACEMENT_3D('',#17701,#14150,#14151);
#11780=AXIS2_PLACEMENT_3D('',#17703,#14153,#14154);
#11781=AXIS2_PLACEMENT_3D('',#17705,#14156,#14157);
#11782=AXIS2_PLACEMENT_3D('',#17708,#14160,#14161);
#11783=AXIS2_PLACEMENT_3D('',#17710,#14163,#14164);
#11784=AXIS2_PLACEMENT_3D('',#17712,#14166,#14167);
#11785=AXIS2_PLACEMENT_3D('',#17713,#14168,#14169);
#11786=AXIS2_PLACEMENT_3D('',#17714,#14170,#14171);
#11787=AXIS2_PLACEMENT_3D('',#17715,#14172,#14173);
#11788=AXIS2_PLACEMENT_3D('',#17718,#14174,#14175);
#11789=AXIS2_PLACEMENT_3D('',#17721,#14178,#14179);
#11790=AXIS2_PLACEMENT_3D('',#17725,#14181,#14182);
#11791=AXIS2_PLACEMENT_3D('',#17729,#14184,#14185);
#11792=AXIS2_PLACEMENT_3D('',#17733,#14187,#14188);
#11793=AXIS2_PLACEMENT_3D('',#17737,#14190,#14191);
#11794=AXIS2_PLACEMENT_3D('',#17741,#14193,#14194);
#11795=AXIS2_PLACEMENT_3D('',#17743,#14196,#14197);
#11796=AXIS2_PLACEMENT_3D('',#17745,#14199,#14200);
#11797=AXIS2_PLACEMENT_3D('',#17747,#14202,#14203);
#11798=AXIS2_PLACEMENT_3D('',#17750,#14206,#14207);
#11799=AXIS2_PLACEMENT_3D('',#17752,#14209,#14210);
#11800=AXIS2_PLACEMENT_3D('',#17754,#14212,#14213);
#11801=AXIS2_PLACEMENT_3D('',#17757,#14216,#14217);
#11802=AXIS2_PLACEMENT_3D('',#17759,#14219,#14220);
#11803=AXIS2_PLACEMENT_3D('',#17761,#14222,#14223);
#11804=AXIS2_PLACEMENT_3D('',#17762,#14224,#14225);
#11805=AXIS2_PLACEMENT_3D('',#17763,#14226,#14227);
#11806=AXIS2_PLACEMENT_3D('',#17764,#14228,#14229);
#11807=AXIS2_PLACEMENT_3D('',#17767,#14230,#14231);
#11808=AXIS2_PLACEMENT_3D('',#17770,#14234,#14235);
#11809=AXIS2_PLACEMENT_3D('',#17774,#14237,#14238);
#11810=AXIS2_PLACEMENT_3D('',#17778,#14240,#14241);
#11811=AXIS2_PLACEMENT_3D('',#17782,#14243,#14244);
#11812=AXIS2_PLACEMENT_3D('',#17786,#14246,#14247);
#11813=AXIS2_PLACEMENT_3D('',#17790,#14249,#14250);
#11814=AXIS2_PLACEMENT_3D('',#17792,#14252,#14253);
#11815=AXIS2_PLACEMENT_3D('',#17794,#14255,#14256);
#11816=AXIS2_PLACEMENT_3D('',#17796,#14258,#14259);
#11817=AXIS2_PLACEMENT_3D('',#17799,#14262,#14263);
#11818=AXIS2_PLACEMENT_3D('',#17801,#14265,#14266);
#11819=AXIS2_PLACEMENT_3D('',#17803,#14268,#14269);
#11820=AXIS2_PLACEMENT_3D('',#17806,#14272,#14273);
#11821=AXIS2_PLACEMENT_3D('',#17808,#14275,#14276);
#11822=AXIS2_PLACEMENT_3D('',#17810,#14278,#14279);
#11823=AXIS2_PLACEMENT_3D('',#17811,#14280,#14281);
#11824=AXIS2_PLACEMENT_3D('',#17812,#14282,#14283);
#11825=AXIS2_PLACEMENT_3D('',#17813,#14284,#14285);
#11826=AXIS2_PLACEMENT_3D('',#17816,#14286,#14287);
#11827=AXIS2_PLACEMENT_3D('',#17819,#14290,#14291);
#11828=AXIS2_PLACEMENT_3D('',#17823,#14293,#14294);
#11829=AXIS2_PLACEMENT_3D('',#17827,#14296,#14297);
#11830=AXIS2_PLACEMENT_3D('',#17831,#14299,#14300);
#11831=AXIS2_PLACEMENT_3D('',#17835,#14302,#14303);
#11832=AXIS2_PLACEMENT_3D('',#17839,#14305,#14306);
#11833=AXIS2_PLACEMENT_3D('',#17841,#14308,#14309);
#11834=AXIS2_PLACEMENT_3D('',#17843,#14311,#14312);
#11835=AXIS2_PLACEMENT_3D('',#17845,#14314,#14315);
#11836=AXIS2_PLACEMENT_3D('',#17848,#14318,#14319);
#11837=AXIS2_PLACEMENT_3D('',#17850,#14321,#14322);
#11838=AXIS2_PLACEMENT_3D('',#17852,#14324,#14325);
#11839=AXIS2_PLACEMENT_3D('',#17855,#14328,#14329);
#11840=AXIS2_PLACEMENT_3D('',#17857,#14331,#14332);
#11841=AXIS2_PLACEMENT_3D('',#17859,#14334,#14335);
#11842=AXIS2_PLACEMENT_3D('',#17860,#14336,#14337);
#11843=AXIS2_PLACEMENT_3D('',#17861,#14338,#14339);
#11844=AXIS2_PLACEMENT_3D('',#17862,#14340,#14341);
#11845=AXIS2_PLACEMENT_3D('',#17865,#14342,#14343);
#11846=AXIS2_PLACEMENT_3D('',#17868,#14346,#14347);
#11847=AXIS2_PLACEMENT_3D('',#17872,#14349,#14350);
#11848=AXIS2_PLACEMENT_3D('',#17876,#14352,#14353);
#11849=AXIS2_PLACEMENT_3D('',#17880,#14355,#14356);
#11850=AXIS2_PLACEMENT_3D('',#17884,#14358,#14359);
#11851=AXIS2_PLACEMENT_3D('',#17888,#14361,#14362);
#11852=AXIS2_PLACEMENT_3D('',#17890,#14364,#14365);
#11853=AXIS2_PLACEMENT_3D('',#17892,#14367,#14368);
#11854=AXIS2_PLACEMENT_3D('',#17894,#14370,#14371);
#11855=AXIS2_PLACEMENT_3D('',#17897,#14374,#14375);
#11856=AXIS2_PLACEMENT_3D('',#17899,#14377,#14378);
#11857=AXIS2_PLACEMENT_3D('',#17901,#14380,#14381);
#11858=AXIS2_PLACEMENT_3D('',#17904,#14384,#14385);
#11859=AXIS2_PLACEMENT_3D('',#17906,#14387,#14388);
#11860=AXIS2_PLACEMENT_3D('',#17908,#14390,#14391);
#11861=AXIS2_PLACEMENT_3D('',#17909,#14392,#14393);
#11862=AXIS2_PLACEMENT_3D('',#17910,#14394,#14395);
#11863=AXIS2_PLACEMENT_3D('',#17911,#14396,#14397);
#11864=AXIS2_PLACEMENT_3D('',#17914,#14398,#14399);
#11865=AXIS2_PLACEMENT_3D('',#17917,#14402,#14403);
#11866=AXIS2_PLACEMENT_3D('',#17921,#14405,#14406);
#11867=AXIS2_PLACEMENT_3D('',#17925,#14408,#14409);
#11868=AXIS2_PLACEMENT_3D('',#17929,#14411,#14412);
#11869=AXIS2_PLACEMENT_3D('',#17933,#14414,#14415);
#11870=AXIS2_PLACEMENT_3D('',#17937,#14417,#14418);
#11871=AXIS2_PLACEMENT_3D('',#17939,#14420,#14421);
#11872=AXIS2_PLACEMENT_3D('',#17941,#14423,#14424);
#11873=AXIS2_PLACEMENT_3D('',#17943,#14426,#14427);
#11874=AXIS2_PLACEMENT_3D('',#17946,#14430,#14431);
#11875=AXIS2_PLACEMENT_3D('',#17948,#14433,#14434);
#11876=AXIS2_PLACEMENT_3D('',#17950,#14436,#14437);
#11877=AXIS2_PLACEMENT_3D('',#17953,#14440,#14441);
#11878=AXIS2_PLACEMENT_3D('',#17955,#14443,#14444);
#11879=AXIS2_PLACEMENT_3D('',#17957,#14446,#14447);
#11880=AXIS2_PLACEMENT_3D('',#17958,#14448,#14449);
#11881=AXIS2_PLACEMENT_3D('',#17959,#14450,#14451);
#11882=AXIS2_PLACEMENT_3D('',#17960,#14452,#14453);
#11883=AXIS2_PLACEMENT_3D('',#17963,#14454,#14455);
#11884=AXIS2_PLACEMENT_3D('',#17966,#14458,#14459);
#11885=AXIS2_PLACEMENT_3D('',#17970,#14461,#14462);
#11886=AXIS2_PLACEMENT_3D('',#17974,#14464,#14465);
#11887=AXIS2_PLACEMENT_3D('',#17978,#14467,#14468);
#11888=AXIS2_PLACEMENT_3D('',#17982,#14470,#14471);
#11889=AXIS2_PLACEMENT_3D('',#17986,#14473,#14474);
#11890=AXIS2_PLACEMENT_3D('',#17988,#14476,#14477);
#11891=AXIS2_PLACEMENT_3D('',#17990,#14479,#14480);
#11892=AXIS2_PLACEMENT_3D('',#17992,#14482,#14483);
#11893=AXIS2_PLACEMENT_3D('',#17995,#14486,#14487);
#11894=AXIS2_PLACEMENT_3D('',#17997,#14489,#14490);
#11895=AXIS2_PLACEMENT_3D('',#17999,#14492,#14493);
#11896=AXIS2_PLACEMENT_3D('',#18002,#14496,#14497);
#11897=AXIS2_PLACEMENT_3D('',#18004,#14499,#14500);
#11898=AXIS2_PLACEMENT_3D('',#18006,#14502,#14503);
#11899=AXIS2_PLACEMENT_3D('',#18007,#14504,#14505);
#11900=AXIS2_PLACEMENT_3D('',#18008,#14506,#14507);
#11901=AXIS2_PLACEMENT_3D('',#18009,#14508,#14509);
#11902=AXIS2_PLACEMENT_3D('',#18012,#14510,#14511);
#11903=AXIS2_PLACEMENT_3D('',#18015,#14514,#14515);
#11904=AXIS2_PLACEMENT_3D('',#18019,#14517,#14518);
#11905=AXIS2_PLACEMENT_3D('',#18023,#14520,#14521);
#11906=AXIS2_PLACEMENT_3D('',#18027,#14523,#14524);
#11907=AXIS2_PLACEMENT_3D('',#18031,#14526,#14527);
#11908=AXIS2_PLACEMENT_3D('',#18035,#14529,#14530);
#11909=AXIS2_PLACEMENT_3D('',#18037,#14532,#14533);
#11910=AXIS2_PLACEMENT_3D('',#18039,#14535,#14536);
#11911=AXIS2_PLACEMENT_3D('',#18041,#14538,#14539);
#11912=AXIS2_PLACEMENT_3D('',#18044,#14542,#14543);
#11913=AXIS2_PLACEMENT_3D('',#18046,#14545,#14546);
#11914=AXIS2_PLACEMENT_3D('',#18048,#14548,#14549);
#11915=AXIS2_PLACEMENT_3D('',#18051,#14552,#14553);
#11916=AXIS2_PLACEMENT_3D('',#18053,#14555,#14556);
#11917=AXIS2_PLACEMENT_3D('',#18055,#14558,#14559);
#11918=AXIS2_PLACEMENT_3D('',#18056,#14560,#14561);
#11919=AXIS2_PLACEMENT_3D('',#18057,#14562,#14563);
#11920=AXIS2_PLACEMENT_3D('',#18058,#14564,#14565);
#11921=AXIS2_PLACEMENT_3D('',#18061,#14566,#14567);
#11922=AXIS2_PLACEMENT_3D('',#18064,#14570,#14571);
#11923=AXIS2_PLACEMENT_3D('',#18068,#14573,#14574);
#11924=AXIS2_PLACEMENT_3D('',#18072,#14576,#14577);
#11925=AXIS2_PLACEMENT_3D('',#18076,#14579,#14580);
#11926=AXIS2_PLACEMENT_3D('',#18080,#14582,#14583);
#11927=AXIS2_PLACEMENT_3D('',#18084,#14585,#14586);
#11928=AXIS2_PLACEMENT_3D('',#18086,#14588,#14589);
#11929=AXIS2_PLACEMENT_3D('',#18088,#14591,#14592);
#11930=AXIS2_PLACEMENT_3D('',#18090,#14594,#14595);
#11931=AXIS2_PLACEMENT_3D('',#18093,#14598,#14599);
#11932=AXIS2_PLACEMENT_3D('',#18095,#14601,#14602);
#11933=AXIS2_PLACEMENT_3D('',#18097,#14604,#14605);
#11934=AXIS2_PLACEMENT_3D('',#18100,#14608,#14609);
#11935=AXIS2_PLACEMENT_3D('',#18102,#14611,#14612);
#11936=AXIS2_PLACEMENT_3D('',#18104,#14614,#14615);
#11937=AXIS2_PLACEMENT_3D('',#18105,#14616,#14617);
#11938=AXIS2_PLACEMENT_3D('',#18106,#14618,#14619);
#11939=AXIS2_PLACEMENT_3D('',#18107,#14620,#14621);
#11940=AXIS2_PLACEMENT_3D('',#18110,#14622,#14623);
#11941=AXIS2_PLACEMENT_3D('',#18113,#14626,#14627);
#11942=AXIS2_PLACEMENT_3D('',#18117,#14629,#14630);
#11943=AXIS2_PLACEMENT_3D('',#18121,#14632,#14633);
#11944=AXIS2_PLACEMENT_3D('',#18125,#14635,#14636);
#11945=AXIS2_PLACEMENT_3D('',#18129,#14638,#14639);
#11946=AXIS2_PLACEMENT_3D('',#18133,#14641,#14642);
#11947=AXIS2_PLACEMENT_3D('',#18135,#14644,#14645);
#11948=AXIS2_PLACEMENT_3D('',#18137,#14647,#14648);
#11949=AXIS2_PLACEMENT_3D('',#18139,#14650,#14651);
#11950=AXIS2_PLACEMENT_3D('',#18142,#14654,#14655);
#11951=AXIS2_PLACEMENT_3D('',#18144,#14657,#14658);
#11952=AXIS2_PLACEMENT_3D('',#18146,#14660,#14661);
#11953=AXIS2_PLACEMENT_3D('',#18149,#14664,#14665);
#11954=AXIS2_PLACEMENT_3D('',#18151,#14667,#14668);
#11955=AXIS2_PLACEMENT_3D('',#18153,#14670,#14671);
#11956=AXIS2_PLACEMENT_3D('',#18154,#14672,#14673);
#11957=AXIS2_PLACEMENT_3D('',#18155,#14674,#14675);
#11958=AXIS2_PLACEMENT_3D('',#18156,#14676,#14677);
#11959=AXIS2_PLACEMENT_3D('',#18159,#14678,#14679);
#11960=AXIS2_PLACEMENT_3D('',#18162,#14682,#14683);
#11961=AXIS2_PLACEMENT_3D('',#18166,#14685,#14686);
#11962=AXIS2_PLACEMENT_3D('',#18170,#14688,#14689);
#11963=AXIS2_PLACEMENT_3D('',#18174,#14691,#14692);
#11964=AXIS2_PLACEMENT_3D('',#18178,#14694,#14695);
#11965=AXIS2_PLACEMENT_3D('',#18182,#14697,#14698);
#11966=AXIS2_PLACEMENT_3D('',#18184,#14700,#14701);
#11967=AXIS2_PLACEMENT_3D('',#18186,#14703,#14704);
#11968=AXIS2_PLACEMENT_3D('',#18188,#14706,#14707);
#11969=AXIS2_PLACEMENT_3D('',#18191,#14710,#14711);
#11970=AXIS2_PLACEMENT_3D('',#18193,#14713,#14714);
#11971=AXIS2_PLACEMENT_3D('',#18195,#14716,#14717);
#11972=AXIS2_PLACEMENT_3D('',#18198,#14720,#14721);
#11973=AXIS2_PLACEMENT_3D('',#18200,#14723,#14724);
#11974=AXIS2_PLACEMENT_3D('',#18202,#14726,#14727);
#11975=AXIS2_PLACEMENT_3D('',#18203,#14728,#14729);
#11976=AXIS2_PLACEMENT_3D('',#18204,#14730,#14731);
#11977=AXIS2_PLACEMENT_3D('',#18205,#14732,#14733);
#11978=AXIS2_PLACEMENT_3D('',#18208,#14734,#14735);
#11979=AXIS2_PLACEMENT_3D('',#18211,#14738,#14739);
#11980=AXIS2_PLACEMENT_3D('',#18215,#14741,#14742);
#11981=AXIS2_PLACEMENT_3D('',#18219,#14744,#14745);
#11982=AXIS2_PLACEMENT_3D('',#18223,#14747,#14748);
#11983=AXIS2_PLACEMENT_3D('',#18227,#14750,#14751);
#11984=AXIS2_PLACEMENT_3D('',#18231,#14753,#14754);
#11985=AXIS2_PLACEMENT_3D('',#18233,#14756,#14757);
#11986=AXIS2_PLACEMENT_3D('',#18235,#14759,#14760);
#11987=AXIS2_PLACEMENT_3D('',#18237,#14762,#14763);
#11988=AXIS2_PLACEMENT_3D('',#18240,#14766,#14767);
#11989=AXIS2_PLACEMENT_3D('',#18242,#14769,#14770);
#11990=AXIS2_PLACEMENT_3D('',#18244,#14772,#14773);
#11991=AXIS2_PLACEMENT_3D('',#18247,#14776,#14777);
#11992=AXIS2_PLACEMENT_3D('',#18249,#14779,#14780);
#11993=AXIS2_PLACEMENT_3D('',#18251,#14782,#14783);
#11994=AXIS2_PLACEMENT_3D('',#18252,#14784,#14785);
#11995=AXIS2_PLACEMENT_3D('',#18253,#14786,#14787);
#11996=AXIS2_PLACEMENT_3D('',#18254,#14788,#14789);
#11997=AXIS2_PLACEMENT_3D('',#18257,#14790,#14791);
#11998=AXIS2_PLACEMENT_3D('',#18260,#14794,#14795);
#11999=AXIS2_PLACEMENT_3D('',#18264,#14797,#14798);
#12000=AXIS2_PLACEMENT_3D('',#18268,#14800,#14801);
#12001=AXIS2_PLACEMENT_3D('',#18272,#14803,#14804);
#12002=AXIS2_PLACEMENT_3D('',#18276,#14806,#14807);
#12003=AXIS2_PLACEMENT_3D('',#18280,#14809,#14810);
#12004=AXIS2_PLACEMENT_3D('',#18282,#14812,#14813);
#12005=AXIS2_PLACEMENT_3D('',#18284,#14815,#14816);
#12006=AXIS2_PLACEMENT_3D('',#18286,#14818,#14819);
#12007=AXIS2_PLACEMENT_3D('',#18289,#14822,#14823);
#12008=AXIS2_PLACEMENT_3D('',#18291,#14825,#14826);
#12009=AXIS2_PLACEMENT_3D('',#18293,#14828,#14829);
#12010=AXIS2_PLACEMENT_3D('',#18296,#14832,#14833);
#12011=AXIS2_PLACEMENT_3D('',#18298,#14835,#14836);
#12012=AXIS2_PLACEMENT_3D('',#18300,#14838,#14839);
#12013=AXIS2_PLACEMENT_3D('',#18301,#14840,#14841);
#12014=AXIS2_PLACEMENT_3D('',#18302,#14842,#14843);
#12015=AXIS2_PLACEMENT_3D('',#18303,#14844,#14845);
#12016=AXIS2_PLACEMENT_3D('',#18306,#14846,#14847);
#12017=AXIS2_PLACEMENT_3D('',#18309,#14850,#14851);
#12018=AXIS2_PLACEMENT_3D('',#18313,#14853,#14854);
#12019=AXIS2_PLACEMENT_3D('',#18317,#14856,#14857);
#12020=AXIS2_PLACEMENT_3D('',#18321,#14859,#14860);
#12021=AXIS2_PLACEMENT_3D('',#18325,#14862,#14863);
#12022=AXIS2_PLACEMENT_3D('',#18329,#14865,#14866);
#12023=AXIS2_PLACEMENT_3D('',#18331,#14868,#14869);
#12024=AXIS2_PLACEMENT_3D('',#18333,#14871,#14872);
#12025=AXIS2_PLACEMENT_3D('',#18335,#14874,#14875);
#12026=AXIS2_PLACEMENT_3D('',#18338,#14878,#14879);
#12027=AXIS2_PLACEMENT_3D('',#18340,#14881,#14882);
#12028=AXIS2_PLACEMENT_3D('',#18342,#14884,#14885);
#12029=AXIS2_PLACEMENT_3D('',#18345,#14888,#14889);
#12030=AXIS2_PLACEMENT_3D('',#18347,#14891,#14892);
#12031=AXIS2_PLACEMENT_3D('',#18349,#14894,#14895);
#12032=AXIS2_PLACEMENT_3D('',#18350,#14896,#14897);
#12033=AXIS2_PLACEMENT_3D('',#18351,#14898,#14899);
#12034=AXIS2_PLACEMENT_3D('',#18352,#14900,#14901);
#12035=AXIS2_PLACEMENT_3D('',#18355,#14902,#14903);
#12036=AXIS2_PLACEMENT_3D('',#18358,#14906,#14907);
#12037=AXIS2_PLACEMENT_3D('',#18362,#14909,#14910);
#12038=AXIS2_PLACEMENT_3D('',#18366,#14912,#14913);
#12039=AXIS2_PLACEMENT_3D('',#18370,#14915,#14916);
#12040=AXIS2_PLACEMENT_3D('',#18374,#14918,#14919);
#12041=AXIS2_PLACEMENT_3D('',#18378,#14921,#14922);
#12042=AXIS2_PLACEMENT_3D('',#18380,#14924,#14925);
#12043=AXIS2_PLACEMENT_3D('',#18382,#14927,#14928);
#12044=AXIS2_PLACEMENT_3D('',#18384,#14930,#14931);
#12045=AXIS2_PLACEMENT_3D('',#18387,#14934,#14935);
#12046=AXIS2_PLACEMENT_3D('',#18389,#14937,#14938);
#12047=AXIS2_PLACEMENT_3D('',#18391,#14940,#14941);
#12048=AXIS2_PLACEMENT_3D('',#18394,#14944,#14945);
#12049=AXIS2_PLACEMENT_3D('',#18396,#14947,#14948);
#12050=AXIS2_PLACEMENT_3D('',#18398,#14950,#14951);
#12051=AXIS2_PLACEMENT_3D('',#18399,#14952,#14953);
#12052=AXIS2_PLACEMENT_3D('',#18400,#14954,#14955);
#12053=AXIS2_PLACEMENT_3D('',#18401,#14956,#14957);
#12054=AXIS2_PLACEMENT_3D('',#18404,#14958,#14959);
#12055=AXIS2_PLACEMENT_3D('',#18407,#14962,#14963);
#12056=AXIS2_PLACEMENT_3D('',#18411,#14965,#14966);
#12057=AXIS2_PLACEMENT_3D('',#18415,#14968,#14969);
#12058=AXIS2_PLACEMENT_3D('',#18419,#14971,#14972);
#12059=AXIS2_PLACEMENT_3D('',#18423,#14974,#14975);
#12060=AXIS2_PLACEMENT_3D('',#18427,#14977,#14978);
#12061=AXIS2_PLACEMENT_3D('',#18429,#14980,#14981);
#12062=AXIS2_PLACEMENT_3D('',#18431,#14983,#14984);
#12063=AXIS2_PLACEMENT_3D('',#18433,#14986,#14987);
#12064=AXIS2_PLACEMENT_3D('',#18436,#14990,#14991);
#12065=AXIS2_PLACEMENT_3D('',#18438,#14993,#14994);
#12066=AXIS2_PLACEMENT_3D('',#18440,#14996,#14997);
#12067=AXIS2_PLACEMENT_3D('',#18443,#15000,#15001);
#12068=AXIS2_PLACEMENT_3D('',#18445,#15003,#15004);
#12069=AXIS2_PLACEMENT_3D('',#18447,#15006,#15007);
#12070=AXIS2_PLACEMENT_3D('',#18448,#15008,#15009);
#12071=AXIS2_PLACEMENT_3D('',#18449,#15010,#15011);
#12072=AXIS2_PLACEMENT_3D('',#18450,#15012,#15013);
#12073=AXIS2_PLACEMENT_3D('',#18453,#15014,#15015);
#12074=AXIS2_PLACEMENT_3D('',#18456,#15018,#15019);
#12075=AXIS2_PLACEMENT_3D('',#18460,#15021,#15022);
#12076=AXIS2_PLACEMENT_3D('',#18464,#15024,#15025);
#12077=AXIS2_PLACEMENT_3D('',#18468,#15027,#15028);
#12078=AXIS2_PLACEMENT_3D('',#18472,#15030,#15031);
#12079=AXIS2_PLACEMENT_3D('',#18476,#15033,#15034);
#12080=AXIS2_PLACEMENT_3D('',#18478,#15036,#15037);
#12081=AXIS2_PLACEMENT_3D('',#18480,#15039,#15040);
#12082=AXIS2_PLACEMENT_3D('',#18482,#15042,#15043);
#12083=AXIS2_PLACEMENT_3D('',#18485,#15046,#15047);
#12084=AXIS2_PLACEMENT_3D('',#18487,#15049,#15050);
#12085=AXIS2_PLACEMENT_3D('',#18489,#15052,#15053);
#12086=AXIS2_PLACEMENT_3D('',#18492,#15056,#15057);
#12087=AXIS2_PLACEMENT_3D('',#18494,#15059,#15060);
#12088=AXIS2_PLACEMENT_3D('',#18496,#15062,#15063);
#12089=AXIS2_PLACEMENT_3D('',#18497,#15064,#15065);
#12090=AXIS2_PLACEMENT_3D('',#18498,#15066,#15067);
#12091=AXIS2_PLACEMENT_3D('',#18499,#15068,#15069);
#12092=AXIS2_PLACEMENT_3D('',#18502,#15070,#15071);
#12093=AXIS2_PLACEMENT_3D('',#18505,#15074,#15075);
#12094=AXIS2_PLACEMENT_3D('',#18509,#15077,#15078);
#12095=AXIS2_PLACEMENT_3D('',#18513,#15080,#15081);
#12096=AXIS2_PLACEMENT_3D('',#18517,#15083,#15084);
#12097=AXIS2_PLACEMENT_3D('',#18521,#15086,#15087);
#12098=AXIS2_PLACEMENT_3D('',#18525,#15089,#15090);
#12099=AXIS2_PLACEMENT_3D('',#18527,#15092,#15093);
#12100=AXIS2_PLACEMENT_3D('',#18529,#15095,#15096);
#12101=AXIS2_PLACEMENT_3D('',#18531,#15098,#15099);
#12102=AXIS2_PLACEMENT_3D('',#18534,#15102,#15103);
#12103=AXIS2_PLACEMENT_3D('',#18536,#15105,#15106);
#12104=AXIS2_PLACEMENT_3D('',#18538,#15108,#15109);
#12105=AXIS2_PLACEMENT_3D('',#18541,#15112,#15113);
#12106=AXIS2_PLACEMENT_3D('',#18543,#15115,#15116);
#12107=AXIS2_PLACEMENT_3D('',#18545,#15118,#15119);
#12108=AXIS2_PLACEMENT_3D('',#18546,#15120,#15121);
#12109=AXIS2_PLACEMENT_3D('',#18547,#15122,#15123);
#12110=AXIS2_PLACEMENT_3D('',#18548,#15124,#15125);
#12111=AXIS2_PLACEMENT_3D('',#18551,#15126,#15127);
#12112=AXIS2_PLACEMENT_3D('',#18554,#15130,#15131);
#12113=AXIS2_PLACEMENT_3D('',#18558,#15133,#15134);
#12114=AXIS2_PLACEMENT_3D('',#18562,#15136,#15137);
#12115=AXIS2_PLACEMENT_3D('',#18566,#15139,#15140);
#12116=AXIS2_PLACEMENT_3D('',#18570,#15142,#15143);
#12117=AXIS2_PLACEMENT_3D('',#18574,#15145,#15146);
#12118=AXIS2_PLACEMENT_3D('',#18576,#15148,#15149);
#12119=AXIS2_PLACEMENT_3D('',#18578,#15151,#15152);
#12120=AXIS2_PLACEMENT_3D('',#18580,#15154,#15155);
#12121=AXIS2_PLACEMENT_3D('',#18583,#15158,#15159);
#12122=AXIS2_PLACEMENT_3D('',#18585,#15161,#15162);
#12123=AXIS2_PLACEMENT_3D('',#18587,#15164,#15165);
#12124=AXIS2_PLACEMENT_3D('',#18590,#15168,#15169);
#12125=AXIS2_PLACEMENT_3D('',#18592,#15171,#15172);
#12126=AXIS2_PLACEMENT_3D('',#18594,#15174,#15175);
#12127=AXIS2_PLACEMENT_3D('',#18595,#15176,#15177);
#12128=AXIS2_PLACEMENT_3D('',#18596,#15178,#15179);
#12129=AXIS2_PLACEMENT_3D('',#18597,#15180,#15181);
#12130=AXIS2_PLACEMENT_3D('',#18600,#15182,#15183);
#12131=AXIS2_PLACEMENT_3D('',#18603,#15186,#15187);
#12132=AXIS2_PLACEMENT_3D('',#18607,#15189,#15190);
#12133=AXIS2_PLACEMENT_3D('',#18611,#15192,#15193);
#12134=AXIS2_PLACEMENT_3D('',#18615,#15195,#15196);
#12135=AXIS2_PLACEMENT_3D('',#18619,#15198,#15199);
#12136=AXIS2_PLACEMENT_3D('',#18623,#15201,#15202);
#12137=AXIS2_PLACEMENT_3D('',#18625,#15204,#15205);
#12138=AXIS2_PLACEMENT_3D('',#18627,#15207,#15208);
#12139=AXIS2_PLACEMENT_3D('',#18629,#15210,#15211);
#12140=AXIS2_PLACEMENT_3D('',#18632,#15214,#15215);
#12141=AXIS2_PLACEMENT_3D('',#18634,#15217,#15218);
#12142=AXIS2_PLACEMENT_3D('',#18636,#15220,#15221);
#12143=AXIS2_PLACEMENT_3D('',#18639,#15224,#15225);
#12144=AXIS2_PLACEMENT_3D('',#18641,#15227,#15228);
#12145=AXIS2_PLACEMENT_3D('',#18643,#15230,#15231);
#12146=AXIS2_PLACEMENT_3D('',#18644,#15232,#15233);
#12147=AXIS2_PLACEMENT_3D('',#18645,#15234,#15235);
#12148=AXIS2_PLACEMENT_3D('',#18646,#15236,#15237);
#12149=AXIS2_PLACEMENT_3D('',#18649,#15240,#15241);
#12150=AXIS2_PLACEMENT_3D('',#18651,#15243,#15244);
#12151=AXIS2_PLACEMENT_3D('',#18653,#15246,#15247);
#12152=AXIS2_PLACEMENT_3D('',#18656,#15250,#15251);
#12153=AXIS2_PLACEMENT_3D('',#18658,#15253,#15254);
#12154=AXIS2_PLACEMENT_3D('',#18660,#15256,#15257);
#12155=AXIS2_PLACEMENT_3D('',#18663,#15260,#15261);
#12156=AXIS2_PLACEMENT_3D('',#18665,#15263,#15264);
#12157=AXIS2_PLACEMENT_3D('',#18667,#15266,#15267);
#12158=AXIS2_PLACEMENT_3D('',#18668,#15268,#15269);
#12159=AXIS2_PLACEMENT_3D('',#18669,#15270,#15271);
#12160=AXIS2_PLACEMENT_3D('',#18670,#15272,#15273);
#12161=AXIS2_PLACEMENT_3D('',#18673,#15276,#15277);
#12162=AXIS2_PLACEMENT_3D('',#18675,#15279,#15280);
#12163=AXIS2_PLACEMENT_3D('',#18677,#15282,#15283);
#12164=AXIS2_PLACEMENT_3D('',#18680,#15286,#15287);
#12165=AXIS2_PLACEMENT_3D('',#18682,#15289,#15290);
#12166=AXIS2_PLACEMENT_3D('',#18684,#15292,#15293);
#12167=AXIS2_PLACEMENT_3D('',#18687,#15296,#15297);
#12168=AXIS2_PLACEMENT_3D('',#18689,#15299,#15300);
#12169=AXIS2_PLACEMENT_3D('',#18691,#15302,#15303);
#12170=AXIS2_PLACEMENT_3D('',#18692,#15304,#15305);
#12171=AXIS2_PLACEMENT_3D('',#18693,#15306,#15307);
#12172=AXIS2_PLACEMENT_3D('',#18694,#15308,#15309);
#12173=AXIS2_PLACEMENT_3D('',#18697,#15312,#15313);
#12174=AXIS2_PLACEMENT_3D('',#18699,#15315,#15316);
#12175=AXIS2_PLACEMENT_3D('',#18701,#15318,#15319);
#12176=AXIS2_PLACEMENT_3D('',#18704,#15322,#15323);
#12177=AXIS2_PLACEMENT_3D('',#18706,#15325,#15326);
#12178=AXIS2_PLACEMENT_3D('',#18708,#15328,#15329);
#12179=AXIS2_PLACEMENT_3D('',#18711,#15332,#15333);
#12180=AXIS2_PLACEMENT_3D('',#18713,#15335,#15336);
#12181=AXIS2_PLACEMENT_3D('',#18715,#15338,#15339);
#12182=AXIS2_PLACEMENT_3D('',#18716,#15340,#15341);
#12183=AXIS2_PLACEMENT_3D('',#18717,#15342,#15343);
#12184=AXIS2_PLACEMENT_3D('',#18718,#15344,#15345);
#12185=AXIS2_PLACEMENT_3D('',#18721,#15348,#15349);
#12186=AXIS2_PLACEMENT_3D('',#18723,#15351,#15352);
#12187=AXIS2_PLACEMENT_3D('',#18725,#15354,#15355);
#12188=AXIS2_PLACEMENT_3D('',#18728,#15358,#15359);
#12189=AXIS2_PLACEMENT_3D('',#18730,#15361,#15362);
#12190=AXIS2_PLACEMENT_3D('',#18732,#15364,#15365);
#12191=AXIS2_PLACEMENT_3D('',#18735,#15368,#15369);
#12192=AXIS2_PLACEMENT_3D('',#18737,#15371,#15372);
#12193=AXIS2_PLACEMENT_3D('',#18739,#15374,#15375);
#12194=AXIS2_PLACEMENT_3D('',#18740,#15376,#15377);
#12195=AXIS2_PLACEMENT_3D('',#18741,#15378,#15379);
#12196=AXIS2_PLACEMENT_3D('',#18742,#15380,#15381);
#12197=AXIS2_PLACEMENT_3D('',#18745,#15384,#15385);
#12198=AXIS2_PLACEMENT_3D('',#18747,#15387,#15388);
#12199=AXIS2_PLACEMENT_3D('',#18749,#15390,#15391);
#12200=AXIS2_PLACEMENT_3D('',#18752,#15394,#15395);
#12201=AXIS2_PLACEMENT_3D('',#18754,#15397,#15398);
#12202=AXIS2_PLACEMENT_3D('',#18756,#15400,#15401);
#12203=AXIS2_PLACEMENT_3D('',#18759,#15404,#15405);
#12204=AXIS2_PLACEMENT_3D('',#18761,#15407,#15408);
#12205=AXIS2_PLACEMENT_3D('',#18763,#15410,#15411);
#12206=AXIS2_PLACEMENT_3D('',#18764,#15412,#15413);
#12207=AXIS2_PLACEMENT_3D('',#18765,#15414,#15415);
#12208=AXIS2_PLACEMENT_3D('',#18766,#15416,#15417);
#12209=AXIS2_PLACEMENT_3D('',#18769,#15420,#15421);
#12210=AXIS2_PLACEMENT_3D('',#18771,#15423,#15424);
#12211=AXIS2_PLACEMENT_3D('',#18773,#15426,#15427);
#12212=AXIS2_PLACEMENT_3D('',#18776,#15430,#15431);
#12213=AXIS2_PLACEMENT_3D('',#18778,#15433,#15434);
#12214=AXIS2_PLACEMENT_3D('',#18780,#15436,#15437);
#12215=AXIS2_PLACEMENT_3D('',#18783,#15440,#15441);
#12216=AXIS2_PLACEMENT_3D('',#18785,#15443,#15444);
#12217=AXIS2_PLACEMENT_3D('',#18787,#15446,#15447);
#12218=AXIS2_PLACEMENT_3D('',#18788,#15448,#15449);
#12219=AXIS2_PLACEMENT_3D('',#18789,#15450,#15451);
#12220=AXIS2_PLACEMENT_3D('',#18790,#15452,#15453);
#12221=AXIS2_PLACEMENT_3D('',#18793,#15454,#15455);
#12222=AXIS2_PLACEMENT_3D('',#18796,#15458,#15459);
#12223=AXIS2_PLACEMENT_3D('',#18800,#15461,#15462);
#12224=AXIS2_PLACEMENT_3D('',#18804,#15464,#15465);
#12225=AXIS2_PLACEMENT_3D('',#18808,#15467,#15468);
#12226=AXIS2_PLACEMENT_3D('',#18812,#15470,#15471);
#12227=AXIS2_PLACEMENT_3D('',#18816,#15473,#15474);
#12228=AXIS2_PLACEMENT_3D('',#18818,#15476,#15477);
#12229=AXIS2_PLACEMENT_3D('',#18820,#15479,#15480);
#12230=AXIS2_PLACEMENT_3D('',#18822,#15482,#15483);
#12231=AXIS2_PLACEMENT_3D('',#18825,#15486,#15487);
#12232=AXIS2_PLACEMENT_3D('',#18827,#15489,#15490);
#12233=AXIS2_PLACEMENT_3D('',#18829,#15492,#15493);
#12234=AXIS2_PLACEMENT_3D('',#18832,#15496,#15497);
#12235=AXIS2_PLACEMENT_3D('',#18834,#15499,#15500);
#12236=AXIS2_PLACEMENT_3D('',#18836,#15502,#15503);
#12237=AXIS2_PLACEMENT_3D('',#18837,#15504,#15505);
#12238=AXIS2_PLACEMENT_3D('',#18838,#15506,#15507);
#12239=AXIS2_PLACEMENT_3D('',#18839,#15508,#15509);
#12240=AXIS2_PLACEMENT_3D('',#18842,#15510,#15511);
#12241=AXIS2_PLACEMENT_3D('',#18845,#15514,#15515);
#12242=AXIS2_PLACEMENT_3D('',#18849,#15517,#15518);
#12243=AXIS2_PLACEMENT_3D('',#18853,#15520,#15521);
#12244=AXIS2_PLACEMENT_3D('',#18857,#15523,#15524);
#12245=AXIS2_PLACEMENT_3D('',#18861,#15526,#15527);
#12246=AXIS2_PLACEMENT_3D('',#18865,#15529,#15530);
#12247=AXIS2_PLACEMENT_3D('',#18867,#15532,#15533);
#12248=AXIS2_PLACEMENT_3D('',#18869,#15535,#15536);
#12249=AXIS2_PLACEMENT_3D('',#18871,#15538,#15539);
#12250=AXIS2_PLACEMENT_3D('',#18874,#15542,#15543);
#12251=AXIS2_PLACEMENT_3D('',#18876,#15545,#15546);
#12252=AXIS2_PLACEMENT_3D('',#18878,#15548,#15549);
#12253=AXIS2_PLACEMENT_3D('',#18881,#15552,#15553);
#12254=AXIS2_PLACEMENT_3D('',#18883,#15555,#15556);
#12255=AXIS2_PLACEMENT_3D('',#18885,#15558,#15559);
#12256=AXIS2_PLACEMENT_3D('',#18886,#15560,#15561);
#12257=AXIS2_PLACEMENT_3D('',#18887,#15562,#15563);
#12258=AXIS2_PLACEMENT_3D('',#18888,#15564,#15565);
#12259=AXIS2_PLACEMENT_3D('',#18891,#15566,#15567);
#12260=AXIS2_PLACEMENT_3D('',#18894,#15570,#15571);
#12261=AXIS2_PLACEMENT_3D('',#18898,#15573,#15574);
#12262=AXIS2_PLACEMENT_3D('',#18902,#15576,#15577);
#12263=AXIS2_PLACEMENT_3D('',#18906,#15579,#15580);
#12264=AXIS2_PLACEMENT_3D('',#18910,#15582,#15583);
#12265=AXIS2_PLACEMENT_3D('',#18914,#15585,#15586);
#12266=AXIS2_PLACEMENT_3D('',#18916,#15588,#15589);
#12267=AXIS2_PLACEMENT_3D('',#18918,#15591,#15592);
#12268=AXIS2_PLACEMENT_3D('',#18920,#15594,#15595);
#12269=AXIS2_PLACEMENT_3D('',#18923,#15598,#15599);
#12270=AXIS2_PLACEMENT_3D('',#18925,#15601,#15602);
#12271=AXIS2_PLACEMENT_3D('',#18927,#15604,#15605);
#12272=AXIS2_PLACEMENT_3D('',#18930,#15608,#15609);
#12273=AXIS2_PLACEMENT_3D('',#18932,#15611,#15612);
#12274=AXIS2_PLACEMENT_3D('',#18934,#15614,#15615);
#12275=AXIS2_PLACEMENT_3D('',#18935,#15616,#15617);
#12276=AXIS2_PLACEMENT_3D('',#18936,#15618,#15619);
#12277=DIRECTION('axis',(0.,0.,1.));
#12278=DIRECTION('refdir',(1.,0.,0.));
#12279=DIRECTION('center_axis',(0.,0.258819045102521,-0.965925826289068));
#12280=DIRECTION('ref_axis',(-1.,0.,0.));
#12281=DIRECTION('center_axis',(0.,0.258819045102521,-0.965925826289068));
#12282=DIRECTION('ref_axis',(-0.866025403784431,0.482962913144548,0.129409522551263));
#12283=DIRECTION('',(0.,0.965925826289068,0.258819045102521));
#12284=DIRECTION('center_axis',(0.,0.258819045102521,-0.965925826289068));
#12285=DIRECTION('ref_axis',(-0.866025403784436,-0.482962913144538,-0.129409522551264));
#12286=DIRECTION('',(-0.866025403784439,0.482962913144534,0.12940952255126));
#12287=DIRECTION('center_axis',(0.,0.258819045102521,-0.965925826289068));
#12288=DIRECTION('ref_axis',(0.,-0.965925826289067,-0.258819045102525));
#12289=DIRECTION('',(-0.866025403784439,-0.482962913144534,-0.12940952255126));
#12290=DIRECTION('center_axis',(0.,0.258819045102521,-0.965925826289068));
#12291=DIRECTION('ref_axis',(0.866025403784436,-0.482962913144538,-0.129409522551264));
#12292=DIRECTION('',(0.,-0.965925826289068,-0.258819045102521));
#12293=DIRECTION('center_axis',(0.,0.258819045102521,-0.965925826289068));
#12294=DIRECTION('ref_axis',(0.866025403784437,0.482962913144537,0.12940952255126));
#12295=DIRECTION('',(0.866025403784436,-0.482962913144538,-0.129409522551261));
#12296=DIRECTION('center_axis',(0.,0.258819045102521,-0.965925826289068));
#12297=DIRECTION('ref_axis',(0.,0.965925826289067,0.258819045102525));
#12298=DIRECTION('',(0.866025403784439,0.482962913144534,0.12940952255126));
#12299=DIRECTION('center_axis',(0.,0.258819045102521,-0.965925826289068));
#12300=DIRECTION('ref_axis',(-1.,0.,0.));
#12301=DIRECTION('center_axis',(0.,0.258819045102521,-0.965925826289068));
#12302=DIRECTION('ref_axis',(-0.866025403784431,0.482962913144548,0.129409522551263));
#12303=DIRECTION('',(0.,0.965925826289068,0.258819045102521));
#12304=DIRECTION('center_axis',(0.,0.258819045102521,-0.965925826289068));
#12305=DIRECTION('ref_axis',(-0.866025403784436,-0.482962913144538,-0.129409522551264));
#12306=DIRECTION('',(-0.866025403784439,0.482962913144534,0.12940952255126));
#12307=DIRECTION('center_axis',(0.,0.258819045102521,-0.965925826289068));
#12308=DIRECTION('ref_axis',(0.,-0.965925826289067,-0.258819045102525));
#12309=DIRECTION('',(-0.866025403784439,-0.482962913144534,-0.12940952255126));
#12310=DIRECTION('center_axis',(0.,0.258819045102521,-0.965925826289068));
#12311=DIRECTION('ref_axis',(0.866025403784436,-0.482962913144538,-0.129409522551264));
#12312=DIRECTION('',(0.,-0.965925826289068,-0.258819045102521));
#12313=DIRECTION('center_axis',(0.,0.258819045102521,-0.965925826289068));
#12314=DIRECTION('ref_axis',(0.866025403784437,0.482962913144537,0.12940952255126));
#12315=DIRECTION('',(0.866025403784436,-0.482962913144538,-0.129409522551261));
#12316=DIRECTION('center_axis',(0.,0.258819045102521,-0.965925826289068));
#12317=DIRECTION('ref_axis',(0.,0.965925826289067,0.258819045102525));
#12318=DIRECTION('',(0.866025403784439,0.482962913144534,0.12940952255126));
#12319=DIRECTION('center_axis',(0.,0.258819045102521,-0.965925826289068));
#12320=DIRECTION('ref_axis',(-1.,0.,0.));
#12321=DIRECTION('center_axis',(0.,0.258819045102521,-0.965925826289068));
#12322=DIRECTION('ref_axis',(-0.866025403784431,0.482962913144548,0.129409522551263));
#12323=DIRECTION('',(0.,0.965925826289068,0.258819045102521));
#12324=DIRECTION('center_axis',(0.,0.258819045102521,-0.965925826289068));
#12325=DIRECTION('ref_axis',(-0.866025403784436,-0.482962913144538,-0.129409522551264));
#12326=DIRECTION('',(-0.866025403784439,0.482962913144534,0.12940952255126));
#12327=DIRECTION('center_axis',(0.,0.258819045102521,-0.965925826289068));
#12328=DIRECTION('ref_axis',(0.,-0.965925826289067,-0.258819045102525));
#12329=DIRECTION('',(-0.866025403784439,-0.482962913144534,-0.12940952255126));
#12330=DIRECTION('center_axis',(0.,0.258819045102521,-0.965925826289068));
#12331=DIRECTION('ref_axis',(0.866025403784436,-0.482962913144538,-0.129409522551264));
#12332=DIRECTION('',(0.,-0.965925826289068,-0.258819045102521));
#12333=DIRECTION('center_axis',(0.,0.258819045102521,-0.965925826289068));
#12334=DIRECTION('ref_axis',(0.866025403784437,0.482962913144537,0.12940952255126));
#12335=DIRECTION('',(0.866025403784436,-0.482962913144538,-0.129409522551261));
#12336=DIRECTION('center_axis',(0.,0.258819045102521,-0.965925826289068));
#12337=DIRECTION('ref_axis',(0.,0.965925826289067,0.258819045102525));
#12338=DIRECTION('',(0.866025403784439,0.482962913144534,0.12940952255126));
#12339=DIRECTION('center_axis',(0.,0.258819045102521,-0.965925826289068));
#12340=DIRECTION('ref_axis',(-1.,0.,0.));
#12341=DIRECTION('center_axis',(0.,0.258819045102521,-0.965925826289068));
#12342=DIRECTION('ref_axis',(-0.866025403784431,0.482962913144548,0.129409522551263));
#12343=DIRECTION('',(0.,0.965925826289068,0.258819045102521));
#12344=DIRECTION('center_axis',(0.,0.258819045102521,-0.965925826289068));
#12345=DIRECTION('ref_axis',(-0.866025403784436,-0.482962913144538,-0.129409522551264));
#12346=DIRECTION('',(-0.866025403784439,0.482962913144534,0.12940952255126));
#12347=DIRECTION('center_axis',(0.,0.258819045102521,-0.965925826289068));
#12348=DIRECTION('ref_axis',(0.,-0.965925826289067,-0.258819045102525));
#12349=DIRECTION('',(-0.866025403784439,-0.482962913144534,-0.12940952255126));
#12350=DIRECTION('center_axis',(0.,0.258819045102521,-0.965925826289068));
#12351=DIRECTION('ref_axis',(0.866025403784436,-0.482962913144538,-0.129409522551264));
#12352=DIRECTION('',(0.,-0.965925826289068,-0.258819045102521));
#12353=DIRECTION('center_axis',(0.,0.258819045102521,-0.965925826289068));
#12354=DIRECTION('ref_axis',(0.866025403784437,0.482962913144537,0.12940952255126));
#12355=DIRECTION('',(0.866025403784436,-0.482962913144538,-0.129409522551261));
#12356=DIRECTION('center_axis',(0.,0.258819045102521,-0.965925826289068));
#12357=DIRECTION('ref_axis',(0.,0.965925826289067,0.258819045102525));
#12358=DIRECTION('',(0.866025403784439,0.482962913144534,0.12940952255126));
#12359=DIRECTION('center_axis',(0.,0.258819045102521,-0.965925826289068));
#12360=DIRECTION('ref_axis',(-1.,0.,0.));
#12361=DIRECTION('center_axis',(0.,0.258819045102521,-0.965925826289068));
#12362=DIRECTION('ref_axis',(-0.866025403784431,0.482962913144548,0.129409522551263));
#12363=DIRECTION('',(0.,0.965925826289068,0.258819045102521));
#12364=DIRECTION('center_axis',(0.,0.258819045102521,-0.965925826289068));
#12365=DIRECTION('ref_axis',(-0.866025403784436,-0.482962913144538,-0.129409522551264));
#12366=DIRECTION('',(-0.866025403784439,0.482962913144534,0.12940952255126));
#12367=DIRECTION('center_axis',(0.,0.258819045102521,-0.965925826289068));
#12368=DIRECTION('ref_axis',(0.,-0.965925826289067,-0.258819045102525));
#12369=DIRECTION('',(-0.866025403784439,-0.482962913144534,-0.12940952255126));
#12370=DIRECTION('center_axis',(0.,0.258819045102521,-0.965925826289068));
#12371=DIRECTION('ref_axis',(0.866025403784436,-0.482962913144538,-0.129409522551264));
#12372=DIRECTION('',(0.,-0.965925826289068,-0.258819045102521));
#12373=DIRECTION('center_axis',(0.,0.258819045102521,-0.965925826289068));
#12374=DIRECTION('ref_axis',(0.866025403784437,0.482962913144537,0.12940952255126));
#12375=DIRECTION('',(0.866025403784436,-0.482962913144538,-0.129409522551261));
#12376=DIRECTION('center_axis',(0.,0.258819045102521,-0.965925826289068));
#12377=DIRECTION('ref_axis',(0.,0.965925826289067,0.258819045102525));
#12378=DIRECTION('',(0.866025403784439,0.482962913144534,0.12940952255126));
#12379=DIRECTION('center_axis',(0.,0.258819045102521,-0.965925826289068));
#12380=DIRECTION('ref_axis',(-1.,0.,0.));
#12381=DIRECTION('center_axis',(0.,0.258819045102521,-0.965925826289068));
#12382=DIRECTION('ref_axis',(-0.866025403784431,0.482962913144548,0.129409522551263));
#12383=DIRECTION('',(0.,0.965925826289068,0.258819045102521));
#12384=DIRECTION('center_axis',(0.,0.258819045102521,-0.965925826289068));
#12385=DIRECTION('ref_axis',(-0.866025403784436,-0.482962913144538,-0.129409522551264));
#12386=DIRECTION('',(-0.866025403784439,0.482962913144534,0.12940952255126));
#12387=DIRECTION('center_axis',(0.,0.258819045102521,-0.965925826289068));
#12388=DIRECTION('ref_axis',(0.,-0.965925826289067,-0.258819045102525));
#12389=DIRECTION('',(-0.866025403784439,-0.482962913144534,-0.12940952255126));
#12390=DIRECTION('center_axis',(0.,0.258819045102521,-0.965925826289068));
#12391=DIRECTION('ref_axis',(0.866025403784436,-0.482962913144538,-0.129409522551264));
#12392=DIRECTION('',(0.,-0.965925826289068,-0.258819045102521));
#12393=DIRECTION('center_axis',(0.,0.258819045102521,-0.965925826289068));
#12394=DIRECTION('ref_axis',(0.866025403784437,0.482962913144537,0.12940952255126));
#12395=DIRECTION('',(0.866025403784436,-0.482962913144538,-0.129409522551261));
#12396=DIRECTION('center_axis',(0.,0.258819045102521,-0.965925826289068));
#12397=DIRECTION('ref_axis',(0.,0.965925826289067,0.258819045102525));
#12398=DIRECTION('',(0.866025403784439,0.482962913144534,0.12940952255126));
#12399=DIRECTION('center_axis',(0.,0.258819045102521,-0.965925826289068));
#12400=DIRECTION('ref_axis',(-1.,0.,0.));
#12401=DIRECTION('center_axis',(0.,0.258819045102521,-0.965925826289068));
#12402=DIRECTION('ref_axis',(-0.866025403784431,0.482962913144548,0.129409522551263));
#12403=DIRECTION('',(0.,0.965925826289068,0.258819045102521));
#12404=DIRECTION('center_axis',(0.,0.258819045102521,-0.965925826289068));
#12405=DIRECTION('ref_axis',(-0.866025403784436,-0.482962913144538,-0.129409522551264));
#12406=DIRECTION('',(-0.866025403784439,0.482962913144534,0.12940952255126));
#12407=DIRECTION('center_axis',(0.,0.258819045102521,-0.965925826289068));
#12408=DIRECTION('ref_axis',(0.,-0.965925826289067,-0.258819045102525));
#12409=DIRECTION('',(-0.866025403784439,-0.482962913144534,-0.12940952255126));
#12410=DIRECTION('center_axis',(0.,0.258819045102521,-0.965925826289068));
#12411=DIRECTION('ref_axis',(0.866025403784436,-0.482962913144538,-0.129409522551264));
#12412=DIRECTION('',(0.,-0.965925826289068,-0.258819045102521));
#12413=DIRECTION('center_axis',(0.,0.258819045102521,-0.965925826289068));
#12414=DIRECTION('ref_axis',(0.866025403784437,0.482962913144537,0.12940952255126));
#12415=DIRECTION('',(0.866025403784436,-0.482962913144538,-0.129409522551261));
#12416=DIRECTION('center_axis',(0.,0.258819045102521,-0.965925826289068));
#12417=DIRECTION('ref_axis',(0.,0.965925826289067,0.258819045102525));
#12418=DIRECTION('',(0.866025403784439,0.482962913144534,0.12940952255126));
#12419=DIRECTION('center_axis',(0.,-0.258819045102521,0.965925826289068));
#12420=DIRECTION('ref_axis',(-0.707106781186547,-0.683012701892219,-0.183012701892219));
#12421=DIRECTION('center_axis',(8.36851526099364E-18,0.258819045102521,
-0.965925826289068));
#12422=DIRECTION('ref_axis',(-0.707106781186547,-0.683012701892219,-0.183012701892219));
#12423=DIRECTION('',(0.,0.258819045102521,-0.965925826289068));
#12424=DIRECTION('center_axis',(8.36851526099364E-18,0.258819045102521,
-0.965925826289068));
#12425=DIRECTION('ref_axis',(-0.707106781186547,-0.683012701892219,-0.183012701892219));
#12426=DIRECTION('',(0.,-0.258819045102521,0.965925826289068));
#12427=DIRECTION('center_axis',(4.46320813919661E-17,-0.965925826289068,
-0.258819045102521));
#12428=DIRECTION('ref_axis',(1.,4.09453489687596E-17,1.96349977050946E-17));
#12429=DIRECTION('',(1.,4.09453489687595E-17,1.96349977050946E-17));
#12430=DIRECTION('',(0.,0.258819045102521,-0.965925826289068));
#12431=DIRECTION('',(1.,4.09453489687595E-17,1.96349977050946E-17));
#12432=DIRECTION('center_axis',(0.,-0.258819045102521,0.965925826289068));
#12433=DIRECTION('ref_axis',(-0.707106781186547,-0.68301270189222,-0.183012701892219));
#12434=DIRECTION('center_axis',(0.,0.258819045102521,-0.965925826289068));
#12435=DIRECTION('ref_axis',(-0.707106781186547,-0.68301270189222,-0.183012701892219));
#12436=DIRECTION('',(0.,0.258819045102521,-0.965925826289068));
#12437=DIRECTION('center_axis',(8.36851526099364E-18,0.258819045102521,
-0.965925826289068));
#12438=DIRECTION('ref_axis',(-0.707106781186547,-0.68301270189222,-0.183012701892219));
#12439=DIRECTION('',(0.,-0.258819045102521,0.965925826289068));
#12440=DIRECTION('center_axis',(-1.,0.,0.));
#12441=DIRECTION('ref_axis',(0.,-1.,0.));
#12442=DIRECTION('',(7.81328298620982E-33,-0.965925826289068,-0.258819045102521));
#12443=DIRECTION('',(0.,-0.965925826289068,-0.258819045102521));
#12444=DIRECTION('',(0.,-0.258819045102521,0.965925826289068));
#12445=DIRECTION('',(0.,0.,1.));
#12446=DIRECTION('',(7.93016446160826E-17,1.,-7.93016446160826E-17));
#12447=DIRECTION('',(0.,0.,-1.));
#12448=DIRECTION('',(0.,-0.258819045102521,0.965925826289068));
#12449=DIRECTION('',(0.,-0.965925826289068,-0.258819045102521));
#12450=DIRECTION('',(0.,0.258819045102521,-0.965925826289068));
#12451=DIRECTION('',(-4.46473313497704E-33,-0.965925826289068,-0.258819045102521));
#12452=DIRECTION('center_axis',(0.,-0.258819045102521,0.965925826289068));
#12453=DIRECTION('ref_axis',(1.,0.,0.));
#12454=DIRECTION('',(1.,0.,0.));
#12455=DIRECTION('center_axis',(0.,0.258819045102521,-0.965925826289068));
#12456=DIRECTION('ref_axis',(0.707106781186547,-0.68301270189222,-0.183012701892219));
#12457=DIRECTION('',(0.,0.965925826289068,0.258819045102521));
#12458=DIRECTION('center_axis',(0.,-0.258819045102521,0.965925826289068));
#12459=DIRECTION('ref_axis',(0.,0.965925826289068,0.258819045102521));
#12460=DIRECTION('',(-1.,-6.24667093661555E-18,2.33128933136131E-17));
#12461=DIRECTION('center_axis',(0.,-0.258819045102521,0.965925826289068));
#12462=DIRECTION('ref_axis',(0.,0.965925826289068,0.258819045102521));
#12463=DIRECTION('center_axis',(0.,-0.258819045102521,0.965925826289068));
#12464=DIRECTION('ref_axis',(-0.866025403784431,0.482962913144548,0.129409522551263));
#12465=DIRECTION('',(0.866025403784438,0.482962913144534,0.12940952255126));
#12466=DIRECTION('center_axis',(0.,-0.258819045102521,0.965925826289068));
#12467=DIRECTION('ref_axis',(0.,0.965925826289067,0.258819045102525));
#12468=DIRECTION('',(0.866025403784436,-0.482962913144538,-0.129409522551261));
#12469=DIRECTION('center_axis',(0.,-0.258819045102521,0.965925826289068));
#12470=DIRECTION('ref_axis',(0.866025403784437,0.482962913144537,0.12940952255126));
#12471=DIRECTION('',(0.,-0.965925826289068,-0.258819045102521));
#12472=DIRECTION('center_axis',(0.,-0.258819045102521,0.965925826289068));
#12473=DIRECTION('ref_axis',(0.866025403784436,-0.482962913144538,-0.129409522551264));
#12474=DIRECTION('',(-0.866025403784438,-0.482962913144534,-0.12940952255126));
#12475=DIRECTION('center_axis',(0.,-0.258819045102521,0.965925826289068));
#12476=DIRECTION('ref_axis',(0.,-0.965925826289067,-0.258819045102525));
#12477=DIRECTION('',(-0.866025403784438,0.482962913144534,0.12940952255126));
#12478=DIRECTION('center_axis',(0.,-0.258819045102521,0.965925826289068));
#12479=DIRECTION('ref_axis',(-0.866025403784436,-0.482962913144538,-0.129409522551264));
#12480=DIRECTION('',(0.,0.965925826289068,0.258819045102521));
#12481=DIRECTION('center_axis',(0.,-0.258819045102521,0.965925826289068));
#12482=DIRECTION('ref_axis',(-0.866025403784431,0.482962913144548,0.129409522551263));
#12483=DIRECTION('',(0.866025403784438,0.482962913144534,0.12940952255126));
#12484=DIRECTION('center_axis',(0.,-0.258819045102521,0.965925826289068));
#12485=DIRECTION('ref_axis',(0.,0.965925826289067,0.258819045102525));
#12486=DIRECTION('',(0.866025403784436,-0.482962913144538,-0.129409522551261));
#12487=DIRECTION('center_axis',(0.,-0.258819045102521,0.965925826289068));
#12488=DIRECTION('ref_axis',(0.866025403784437,0.482962913144537,0.12940952255126));
#12489=DIRECTION('',(0.,-0.965925826289068,-0.258819045102521));
#12490=DIRECTION('center_axis',(0.,-0.258819045102521,0.965925826289068));
#12491=DIRECTION('ref_axis',(0.866025403784436,-0.482962913144538,-0.129409522551264));
#12492=DIRECTION('',(-0.866025403784438,-0.482962913144534,-0.12940952255126));
#12493=DIRECTION('center_axis',(0.,-0.258819045102521,0.965925826289068));
#12494=DIRECTION('ref_axis',(0.,-0.965925826289067,-0.258819045102525));
#12495=DIRECTION('',(-0.866025403784438,0.482962913144534,0.12940952255126));
#12496=DIRECTION('center_axis',(0.,-0.258819045102521,0.965925826289068));
#12497=DIRECTION('ref_axis',(-0.866025403784436,-0.482962913144538,-0.129409522551264));
#12498=DIRECTION('',(0.,0.965925826289068,0.258819045102521));
#12499=DIRECTION('center_axis',(0.,-0.258819045102521,0.965925826289068));
#12500=DIRECTION('ref_axis',(-0.866025403784431,0.482962913144548,0.129409522551263));
#12501=DIRECTION('',(0.866025403784438,0.482962913144534,0.12940952255126));
#12502=DIRECTION('center_axis',(0.,-0.258819045102521,0.965925826289068));
#12503=DIRECTION('ref_axis',(0.,0.965925826289067,0.258819045102525));
#12504=DIRECTION('',(0.866025403784436,-0.482962913144538,-0.129409522551261));
#12505=DIRECTION('center_axis',(0.,-0.258819045102521,0.965925826289068));
#12506=DIRECTION('ref_axis',(0.866025403784437,0.482962913144537,0.12940952255126));
#12507=DIRECTION('',(0.,-0.965925826289068,-0.258819045102521));
#12508=DIRECTION('center_axis',(0.,-0.258819045102521,0.965925826289068));
#12509=DIRECTION('ref_axis',(0.866025403784436,-0.482962913144538,-0.129409522551264));
#12510=DIRECTION('',(-0.866025403784438,-0.482962913144534,-0.12940952255126));
#12511=DIRECTION('center_axis',(0.,-0.258819045102521,0.965925826289068));
#12512=DIRECTION('ref_axis',(0.,-0.965925826289067,-0.258819045102525));
#12513=DIRECTION('',(-0.866025403784438,0.482962913144534,0.12940952255126));
#12514=DIRECTION('center_axis',(0.,-0.258819045102521,0.965925826289068));
#12515=DIRECTION('ref_axis',(-0.866025403784436,-0.482962913144538,-0.129409522551264));
#12516=DIRECTION('',(0.,0.965925826289068,0.258819045102521));
#12517=DIRECTION('center_axis',(0.,-0.258819045102521,0.965925826289068));
#12518=DIRECTION('ref_axis',(-0.866025403784431,0.482962913144548,0.129409522551263));
#12519=DIRECTION('',(0.866025403784438,0.482962913144534,0.12940952255126));
#12520=DIRECTION('center_axis',(0.,-0.258819045102521,0.965925826289068));
#12521=DIRECTION('ref_axis',(0.,0.965925826289067,0.258819045102525));
#12522=DIRECTION('',(0.866025403784436,-0.482962913144538,-0.129409522551261));
#12523=DIRECTION('center_axis',(0.,-0.258819045102521,0.965925826289068));
#12524=DIRECTION('ref_axis',(0.866025403784437,0.482962913144537,0.12940952255126));
#12525=DIRECTION('',(0.,-0.965925826289068,-0.258819045102521));
#12526=DIRECTION('center_axis',(0.,-0.258819045102521,0.965925826289068));
#12527=DIRECTION('ref_axis',(0.866025403784436,-0.482962913144538,-0.129409522551264));
#12528=DIRECTION('',(-0.866025403784438,-0.482962913144534,-0.12940952255126));
#12529=DIRECTION('center_axis',(0.,-0.258819045102521,0.965925826289068));
#12530=DIRECTION('ref_axis',(0.,-0.965925826289067,-0.258819045102525));
#12531=DIRECTION('',(-0.866025403784438,0.482962913144534,0.12940952255126));
#12532=DIRECTION('center_axis',(0.,-0.258819045102521,0.965925826289068));
#12533=DIRECTION('ref_axis',(-0.866025403784436,-0.482962913144538,-0.129409522551264));
#12534=DIRECTION('',(0.,0.965925826289068,0.258819045102521));
#12535=DIRECTION('center_axis',(0.,-0.258819045102521,0.965925826289068));
#12536=DIRECTION('ref_axis',(-0.866025403784431,0.482962913144548,0.129409522551263));
#12537=DIRECTION('',(0.866025403784438,0.482962913144534,0.12940952255126));
#12538=DIRECTION('center_axis',(0.,-0.258819045102521,0.965925826289068));
#12539=DIRECTION('ref_axis',(0.,0.965925826289067,0.258819045102525));
#12540=DIRECTION('',(0.866025403784436,-0.482962913144538,-0.129409522551261));
#12541=DIRECTION('center_axis',(0.,-0.258819045102521,0.965925826289068));
#12542=DIRECTION('ref_axis',(0.866025403784437,0.482962913144537,0.12940952255126));
#12543=DIRECTION('',(0.,-0.965925826289068,-0.258819045102521));
#12544=DIRECTION('center_axis',(0.,-0.258819045102521,0.965925826289068));
#12545=DIRECTION('ref_axis',(0.866025403784436,-0.482962913144538,-0.129409522551264));
#12546=DIRECTION('',(-0.866025403784438,-0.482962913144534,-0.12940952255126));
#12547=DIRECTION('center_axis',(0.,-0.258819045102521,0.965925826289068));
#12548=DIRECTION('ref_axis',(0.,-0.965925826289067,-0.258819045102525));
#12549=DIRECTION('',(-0.866025403784438,0.482962913144534,0.12940952255126));
#12550=DIRECTION('center_axis',(0.,-0.258819045102521,0.965925826289068));
#12551=DIRECTION('ref_axis',(-0.866025403784436,-0.482962913144538,-0.129409522551264));
#12552=DIRECTION('',(0.,0.965925826289068,0.258819045102521));
#12553=DIRECTION('center_axis',(0.,-0.258819045102521,0.965925826289068));
#12554=DIRECTION('ref_axis',(-0.866025403784431,0.482962913144548,0.129409522551263));
#12555=DIRECTION('',(0.866025403784438,0.482962913144534,0.12940952255126));
#12556=DIRECTION('center_axis',(0.,-0.258819045102521,0.965925826289068));
#12557=DIRECTION('ref_axis',(0.,0.965925826289067,0.258819045102525));
#12558=DIRECTION('',(0.866025403784436,-0.482962913144538,-0.129409522551261));
#12559=DIRECTION('center_axis',(0.,-0.258819045102521,0.965925826289068));
#12560=DIRECTION('ref_axis',(0.866025403784437,0.482962913144537,0.12940952255126));
#12561=DIRECTION('',(0.,-0.965925826289068,-0.258819045102521));
#12562=DIRECTION('center_axis',(0.,-0.258819045102521,0.965925826289068));
#12563=DIRECTION('ref_axis',(0.866025403784436,-0.482962913144538,-0.129409522551264));
#12564=DIRECTION('',(-0.866025403784438,-0.482962913144534,-0.12940952255126));
#12565=DIRECTION('center_axis',(0.,-0.258819045102521,0.965925826289068));
#12566=DIRECTION('ref_axis',(0.,-0.965925826289067,-0.258819045102525));
#12567=DIRECTION('',(-0.866025403784438,0.482962913144534,0.12940952255126));
#12568=DIRECTION('center_axis',(0.,-0.258819045102521,0.965925826289068));
#12569=DIRECTION('ref_axis',(-0.866025403784436,-0.482962913144538,-0.129409522551264));
#12570=DIRECTION('',(0.,0.965925826289068,0.258819045102521));
#12571=DIRECTION('center_axis',(0.,-0.258819045102521,0.965925826289068));
#12572=DIRECTION('ref_axis',(-0.866025403784431,0.482962913144548,0.129409522551263));
#12573=DIRECTION('',(0.866025403784438,0.482962913144534,0.12940952255126));
#12574=DIRECTION('center_axis',(0.,-0.258819045102521,0.965925826289068));
#12575=DIRECTION('ref_axis',(0.,0.965925826289067,0.258819045102525));
#12576=DIRECTION('',(0.866025403784436,-0.482962913144538,-0.129409522551261));
#12577=DIRECTION('center_axis',(0.,-0.258819045102521,0.965925826289068));
#12578=DIRECTION('ref_axis',(0.866025403784437,0.482962913144537,0.12940952255126));
#12579=DIRECTION('',(0.,-0.965925826289068,-0.258819045102521));
#12580=DIRECTION('center_axis',(0.,-0.258819045102521,0.965925826289068));
#12581=DIRECTION('ref_axis',(0.866025403784436,-0.482962913144538,-0.129409522551264));
#12582=DIRECTION('',(-0.866025403784438,-0.482962913144534,-0.12940952255126));
#12583=DIRECTION('center_axis',(0.,-0.258819045102521,0.965925826289068));
#12584=DIRECTION('ref_axis',(0.,-0.965925826289067,-0.258819045102525));
#12585=DIRECTION('',(-0.866025403784438,0.482962913144534,0.12940952255126));
#12586=DIRECTION('center_axis',(0.,-0.258819045102521,0.965925826289068));
#12587=DIRECTION('ref_axis',(-0.866025403784436,-0.482962913144538,-0.129409522551264));
#12588=DIRECTION('',(0.,0.965925826289068,0.258819045102521));
#12589=DIRECTION('center_axis',(0.,-0.258819045102521,0.965925826289068));
#12590=DIRECTION('ref_axis',(-0.866025403784431,0.482962913144548,0.129409522551263));
#12591=DIRECTION('',(0.866025403784438,0.482962913144534,0.12940952255126));
#12592=DIRECTION('center_axis',(0.,-0.258819045102521,0.965925826289068));
#12593=DIRECTION('ref_axis',(0.,0.965925826289067,0.258819045102525));
#12594=DIRECTION('',(0.866025403784436,-0.482962913144538,-0.129409522551261));
#12595=DIRECTION('center_axis',(0.,-0.258819045102521,0.965925826289068));
#12596=DIRECTION('ref_axis',(0.866025403784437,0.482962913144537,0.12940952255126));
#12597=DIRECTION('',(0.,-0.965925826289068,-0.258819045102521));
#12598=DIRECTION('center_axis',(0.,-0.258819045102521,0.965925826289068));
#12599=DIRECTION('ref_axis',(0.866025403784436,-0.482962913144538,-0.129409522551264));
#12600=DIRECTION('',(-0.866025403784438,-0.482962913144534,-0.12940952255126));
#12601=DIRECTION('center_axis',(0.,-0.258819045102521,0.965925826289068));
#12602=DIRECTION('ref_axis',(0.,-0.965925826289067,-0.258819045102525));
#12603=DIRECTION('',(-0.866025403784438,0.482962913144534,0.12940952255126));
#12604=DIRECTION('center_axis',(0.,-0.258819045102521,0.965925826289068));
#12605=DIRECTION('ref_axis',(-0.866025403784436,-0.482962913144538,-0.129409522551264));
#12606=DIRECTION('',(0.,0.965925826289068,0.258819045102521));
#12607=DIRECTION('center_axis',(0.,-0.258819045102521,0.965925826289068));
#12608=DIRECTION('ref_axis',(-0.866025403784431,0.482962913144548,0.129409522551263));
#12609=DIRECTION('',(0.866025403784438,0.482962913144534,0.12940952255126));
#12610=DIRECTION('center_axis',(0.,-0.258819045102521,0.965925826289068));
#12611=DIRECTION('ref_axis',(0.,0.965925826289067,0.258819045102525));
#12612=DIRECTION('',(0.866025403784436,-0.482962913144538,-0.129409522551261));
#12613=DIRECTION('center_axis',(0.,-0.258819045102521,0.965925826289068));
#12614=DIRECTION('ref_axis',(0.866025403784437,0.482962913144537,0.12940952255126));
#12615=DIRECTION('',(0.,-0.965925826289068,-0.258819045102521));
#12616=DIRECTION('center_axis',(0.,-0.258819045102521,0.965925826289068));
#12617=DIRECTION('ref_axis',(0.866025403784436,-0.482962913144538,-0.129409522551264));
#12618=DIRECTION('',(-0.866025403784438,-0.482962913144534,-0.12940952255126));
#12619=DIRECTION('center_axis',(0.,-0.258819045102521,0.965925826289068));
#12620=DIRECTION('ref_axis',(0.,-0.965925826289067,-0.258819045102525));
#12621=DIRECTION('',(-0.866025403784438,0.482962913144534,0.12940952255126));
#12622=DIRECTION('center_axis',(0.,-0.258819045102521,0.965925826289068));
#12623=DIRECTION('ref_axis',(-0.866025403784436,-0.482962913144538,-0.129409522551264));
#12624=DIRECTION('',(0.,0.965925826289068,0.258819045102521));
#12625=DIRECTION('',(0.866025403784436,-0.482962913144538,-0.129409522551261));
#12626=DIRECTION('center_axis',(0.,-0.258819045102521,0.965925826289068));
#12627=DIRECTION('ref_axis',(0.866025403784437,0.482962913144537,0.12940952255126));
#12628=DIRECTION('',(0.,-0.965925826289068,-0.258819045102521));
#12629=DIRECTION('center_axis',(0.,-0.258819045102521,0.965925826289068));
#12630=DIRECTION('ref_axis',(0.866025403784436,-0.482962913144538,-0.129409522551264));
#12631=DIRECTION('',(-0.866025403784438,-0.482962913144534,-0.12940952255126));
#12632=DIRECTION('center_axis',(0.,-0.258819045102521,0.965925826289068));
#12633=DIRECTION('ref_axis',(0.,-0.965925826289067,-0.258819045102525));
#12634=DIRECTION('',(-0.866025403784438,0.482962913144534,0.12940952255126));
#12635=DIRECTION('center_axis',(0.,-0.258819045102521,0.965925826289068));
#12636=DIRECTION('ref_axis',(-0.866025403784436,-0.482962913144538,-0.129409522551264));
#12637=DIRECTION('',(0.,0.965925826289068,0.258819045102521));
#12638=DIRECTION('center_axis',(0.,-0.258819045102521,0.965925826289068));
#12639=DIRECTION('ref_axis',(-0.866025403784431,0.482962913144548,0.129409522551263));
#12640=DIRECTION('',(0.866025403784438,0.482962913144534,0.12940952255126));
#12641=DIRECTION('center_axis',(0.,-0.258819045102521,0.965925826289068));
#12642=DIRECTION('ref_axis',(0.,0.965925826289067,0.258819045102525));
#12643=DIRECTION('center_axis',(0.,-0.258819045102521,0.965925826289068));
#12644=DIRECTION('ref_axis',(0.707106781186547,-0.68301270189222,-0.183012701892219));
#12645=DIRECTION('',(0.,0.258819045102521,-0.965925826289068));
#12646=DIRECTION('center_axis',(8.36851526099364E-18,0.258819045102521,
-0.965925826289068));
#12647=DIRECTION('ref_axis',(0.707106781186547,-0.68301270189222,-0.183012701892219));
#12648=DIRECTION('',(0.,-0.258819045102521,0.965925826289068));
#12649=DIRECTION('center_axis',(1.,0.,0.));
#12650=DIRECTION('ref_axis',(0.,1.,0.));
#12651=DIRECTION('',(-7.81328298620982E-33,0.965925826289068,0.258819045102521));
#12652=DIRECTION('',(0.,-0.258819045102521,0.965925826289068));
#12653=DIRECTION('',(4.46473313497704E-33,0.965925826289068,0.258819045102521));
#12654=DIRECTION('',(0.,-0.258819045102521,0.965925826289068));
#12655=DIRECTION('',(0.,0.965925826289068,0.258819045102521));
#12656=DIRECTION('',(0.,-0.258819045102521,0.965925826289068));
#12657=DIRECTION('',(0.,0.,1.));
#12658=DIRECTION('',(4.22942104619107E-16,-1.,4.22942104619107E-16));
#12659=DIRECTION('',(0.,0.,-1.));
#12660=DIRECTION('',(0.,-0.258819045102521,0.965925826289068));
#12661=DIRECTION('center_axis',(0.,-0.258819045102521,0.965925826289068));
#12662=DIRECTION('ref_axis',(0.707106781186548,-0.683012701892218,-0.18301270189222));
#12663=DIRECTION('center_axis',(8.36851526099364E-18,0.258819045102521,
-0.965925826289068));
#12664=DIRECTION('ref_axis',(0.707106781186548,-0.683012701892218,-0.18301270189222));
#12665=DIRECTION('center_axis',(8.36851526099364E-18,0.258819045102521,
-0.965925826289068));
#12666=DIRECTION('ref_axis',(0.707106781186548,-0.683012701892218,-0.18301270189222));
#12667=DIRECTION('center_axis',(0.,-0.258819045102521,0.965925826289068));
#12668=DIRECTION('ref_axis',(0.707106781186547,-0.683012701892219,-0.183012701892219));
#12669=DIRECTION('center_axis',(8.36851526099364E-18,0.258819045102521,
-0.965925826289068));
#12670=DIRECTION('ref_axis',(0.707106781186547,-0.683012701892219,-0.183012701892219));
#12671=DIRECTION('',(0.,0.258819045102521,-0.965925826289068));
#12672=DIRECTION('center_axis',(0.,0.258819045102521,-0.965925826289068));
#12673=DIRECTION('ref_axis',(0.707106781186547,-0.683012701892219,-0.183012701892219));
#12674=DIRECTION('center_axis',(2.9010852904778E-16,-0.965925826289068,
-0.258819045102521));
#12675=DIRECTION('ref_axis',(1.,2.80223320633983E-16,7.50856124642432E-17));
#12676=DIRECTION('',(1.,2.80223320633983E-16,7.50856124642432E-17));
#12677=DIRECTION('',(0.,-0.258819045102521,0.965925826289068));
#12678=DIRECTION('',(1.,2.80223320633983E-16,7.50856124642432E-17));
#12679=DIRECTION('center_axis',(-8.36851526099364E-18,-0.258819045102521,
0.965925826289068));
#12680=DIRECTION('ref_axis',(1.,0.,8.66372451510499E-18));
#12681=DIRECTION('center_axis',(8.36851526099364E-18,0.258819045102521,
-0.965925826289068));
#12682=DIRECTION('ref_axis',(-0.707106781186547,-0.68301270189222,-0.183012701892219));
#12683=DIRECTION('center_axis',(-8.36851526099364E-18,-0.258819045102521,
0.965925826289068));
#12684=DIRECTION('ref_axis',(-0.866025403784436,0.482962913144538,0.129409522551264));
#12685=DIRECTION('',(0.866025403784439,0.482962913144533,0.12940952255126));
#12686=DIRECTION('center_axis',(-8.36851526099364E-18,-0.258819045102521,
0.965925826289068));
#12687=DIRECTION('ref_axis',(0.,0.965925826289068,0.258819045102522));
#12688=DIRECTION('',(0.866025403784439,-0.482962913144534,-0.12940952255126));
#12689=DIRECTION('center_axis',(-8.36851526099364E-18,-0.258819045102521,
0.965925826289068));
#12690=DIRECTION('ref_axis',(0.866025403784436,0.482962913144538,0.129409522551264));
#12691=DIRECTION('',(-3.12317241379438E-17,-0.965925826289068,-0.258819045102521));
#12692=DIRECTION('center_axis',(-8.36851526099364E-18,-0.258819045102521,
0.965925826289068));
#12693=DIRECTION('ref_axis',(0.866025403784433,-0.482962913144543,-0.129409522551263));
#12694=DIRECTION('',(-0.866025403784439,-0.482962913144533,-0.12940952255126));
#12695=DIRECTION('center_axis',(-8.36851526099364E-18,-0.258819045102521,
0.965925826289068));
#12696=DIRECTION('ref_axis',(0.,-0.965925826289068,-0.258819045102523));
#12697=DIRECTION('',(-0.866025403784439,0.482962913144534,0.12940952255126));
#12698=DIRECTION('center_axis',(-8.36851526099364E-18,-0.258819045102521,
0.965925826289068));
#12699=DIRECTION('ref_axis',(-0.866025403784433,-0.482962913144543,-0.129409522551263));
#12700=DIRECTION('',(3.12317241379438E-17,0.965925826289068,0.258819045102521));
#12701=DIRECTION('center_axis',(-8.36851526099364E-18,-0.258819045102521,
0.965925826289068));
#12702=DIRECTION('ref_axis',(-0.866025403784436,0.482962913144538,0.129409522551264));
#12703=DIRECTION('',(0.866025403784439,0.482962913144533,0.12940952255126));
#12704=DIRECTION('center_axis',(-8.36851526099364E-18,-0.258819045102521,
0.965925826289068));
#12705=DIRECTION('ref_axis',(0.,0.965925826289068,0.258819045102522));
#12706=DIRECTION('',(0.866025403784439,-0.482962913144534,-0.12940952255126));
#12707=DIRECTION('center_axis',(-8.36851526099364E-18,-0.258819045102521,
0.965925826289068));
#12708=DIRECTION('ref_axis',(0.866025403784436,0.482962913144538,0.129409522551264));
#12709=DIRECTION('',(-3.12317241379438E-17,-0.965925826289068,-0.258819045102521));
#12710=DIRECTION('center_axis',(-8.36851526099364E-18,-0.258819045102521,
0.965925826289068));
#12711=DIRECTION('ref_axis',(0.866025403784433,-0.482962913144543,-0.129409522551263));
#12712=DIRECTION('',(-0.866025403784439,-0.482962913144533,-0.12940952255126));
#12713=DIRECTION('center_axis',(-8.36851526099364E-18,-0.258819045102521,
0.965925826289068));
#12714=DIRECTION('ref_axis',(0.,-0.965925826289068,-0.258819045102523));
#12715=DIRECTION('',(-0.866025403784439,0.482962913144534,0.12940952255126));
#12716=DIRECTION('center_axis',(-8.36851526099364E-18,-0.258819045102521,
0.965925826289068));
#12717=DIRECTION('ref_axis',(-0.866025403784433,-0.482962913144543,-0.129409522551263));
#12718=DIRECTION('',(3.12317241379438E-17,0.965925826289068,0.258819045102521));
#12719=DIRECTION('center_axis',(-8.36851526099364E-18,-0.258819045102521,
0.965925826289068));
#12720=DIRECTION('ref_axis',(-0.866025403784436,0.482962913144538,0.129409522551264));
#12721=DIRECTION('',(0.866025403784439,0.482962913144533,0.12940952255126));
#12722=DIRECTION('center_axis',(-8.36851526099364E-18,-0.258819045102521,
0.965925826289068));
#12723=DIRECTION('ref_axis',(0.,0.965925826289068,0.258819045102522));
#12724=DIRECTION('',(0.866025403784439,-0.482962913144534,-0.12940952255126));
#12725=DIRECTION('center_axis',(-8.36851526099364E-18,-0.258819045102521,
0.965925826289068));
#12726=DIRECTION('ref_axis',(0.866025403784436,0.482962913144538,0.129409522551264));
#12727=DIRECTION('',(-3.12317241379438E-17,-0.965925826289068,-0.258819045102521));
#12728=DIRECTION('center_axis',(-8.36851526099364E-18,-0.258819045102521,
0.965925826289068));
#12729=DIRECTION('ref_axis',(0.866025403784433,-0.482962913144543,-0.129409522551263));
#12730=DIRECTION('',(-0.866025403784439,-0.482962913144533,-0.12940952255126));
#12731=DIRECTION('center_axis',(-8.36851526099364E-18,-0.258819045102521,
0.965925826289068));
#12732=DIRECTION('ref_axis',(0.,-0.965925826289068,-0.258819045102523));
#12733=DIRECTION('',(-0.866025403784439,0.482962913144534,0.12940952255126));
#12734=DIRECTION('center_axis',(-8.36851526099364E-18,-0.258819045102521,
0.965925826289068));
#12735=DIRECTION('ref_axis',(-0.866025403784433,-0.482962913144543,-0.129409522551263));
#12736=DIRECTION('',(3.12317241379438E-17,0.965925826289068,0.258819045102521));
#12737=DIRECTION('center_axis',(-8.36851526099364E-18,-0.258819045102521,
0.965925826289068));
#12738=DIRECTION('ref_axis',(-0.866025403784436,0.482962913144538,0.129409522551264));
#12739=DIRECTION('',(0.866025403784439,0.482962913144533,0.12940952255126));
#12740=DIRECTION('center_axis',(-8.36851526099364E-18,-0.258819045102521,
0.965925826289068));
#12741=DIRECTION('ref_axis',(0.,0.965925826289068,0.258819045102522));
#12742=DIRECTION('',(0.866025403784439,-0.482962913144534,-0.12940952255126));
#12743=DIRECTION('center_axis',(-8.36851526099364E-18,-0.258819045102521,
0.965925826289068));
#12744=DIRECTION('ref_axis',(0.866025403784436,0.482962913144538,0.129409522551264));
#12745=DIRECTION('',(-3.12317241379438E-17,-0.965925826289068,-0.258819045102521));
#12746=DIRECTION('center_axis',(-8.36851526099364E-18,-0.258819045102521,
0.965925826289068));
#12747=DIRECTION('ref_axis',(0.866025403784433,-0.482962913144543,-0.129409522551263));
#12748=DIRECTION('',(-0.866025403784439,-0.482962913144533,-0.12940952255126));
#12749=DIRECTION('center_axis',(-8.36851526099364E-18,-0.258819045102521,
0.965925826289068));
#12750=DIRECTION('ref_axis',(0.,-0.965925826289068,-0.258819045102523));
#12751=DIRECTION('',(-0.866025403784439,0.482962913144534,0.12940952255126));
#12752=DIRECTION('center_axis',(-8.36851526099364E-18,-0.258819045102521,
0.965925826289068));
#12753=DIRECTION('ref_axis',(-0.866025403784433,-0.482962913144543,-0.129409522551263));
#12754=DIRECTION('',(3.12317241379438E-17,0.965925826289068,0.258819045102521));
#12755=DIRECTION('center_axis',(-8.36851526099364E-18,-0.258819045102521,
0.965925826289068));
#12756=DIRECTION('ref_axis',(-0.866025403784436,0.482962913144538,0.129409522551264));
#12757=DIRECTION('',(0.866025403784439,0.482962913144533,0.12940952255126));
#12758=DIRECTION('center_axis',(-8.36851526099364E-18,-0.258819045102521,
0.965925826289068));
#12759=DIRECTION('ref_axis',(0.,0.965925826289068,0.258819045102522));
#12760=DIRECTION('',(0.866025403784439,-0.482962913144534,-0.12940952255126));
#12761=DIRECTION('center_axis',(-8.36851526099364E-18,-0.258819045102521,
0.965925826289068));
#12762=DIRECTION('ref_axis',(0.866025403784436,0.482962913144538,0.129409522551264));
#12763=DIRECTION('',(-3.12317241379438E-17,-0.965925826289068,-0.258819045102521));
#12764=DIRECTION('center_axis',(-8.36851526099364E-18,-0.258819045102521,
0.965925826289068));
#12765=DIRECTION('ref_axis',(0.866025403784433,-0.482962913144543,-0.129409522551263));
#12766=DIRECTION('',(-0.866025403784439,-0.482962913144533,-0.12940952255126));
#12767=DIRECTION('center_axis',(-8.36851526099364E-18,-0.258819045102521,
0.965925826289068));
#12768=DIRECTION('ref_axis',(0.,-0.965925826289068,-0.258819045102523));
#12769=DIRECTION('',(-0.866025403784439,0.482962913144534,0.12940952255126));
#12770=DIRECTION('center_axis',(-8.36851526099364E-18,-0.258819045102521,
0.965925826289068));
#12771=DIRECTION('ref_axis',(-0.866025403784433,-0.482962913144543,-0.129409522551263));
#12772=DIRECTION('',(3.12317241379438E-17,0.965925826289068,0.258819045102521));
#12773=DIRECTION('center_axis',(-8.36851526099364E-18,-0.258819045102521,
0.965925826289068));
#12774=DIRECTION('ref_axis',(-0.866025403784436,0.482962913144538,0.129409522551264));
#12775=DIRECTION('',(0.866025403784439,0.482962913144533,0.12940952255126));
#12776=DIRECTION('center_axis',(-8.36851526099364E-18,-0.258819045102521,
0.965925826289068));
#12777=DIRECTION('ref_axis',(0.,0.965925826289068,0.258819045102522));
#12778=DIRECTION('',(0.866025403784439,-0.482962913144534,-0.12940952255126));
#12779=DIRECTION('center_axis',(-8.36851526099364E-18,-0.258819045102521,
0.965925826289068));
#12780=DIRECTION('ref_axis',(0.866025403784436,0.482962913144538,0.129409522551264));
#12781=DIRECTION('',(-3.12317241379438E-17,-0.965925826289068,-0.258819045102521));
#12782=DIRECTION('center_axis',(-8.36851526099364E-18,-0.258819045102521,
0.965925826289068));
#12783=DIRECTION('ref_axis',(0.866025403784433,-0.482962913144543,-0.129409522551263));
#12784=DIRECTION('',(-0.866025403784439,-0.482962913144533,-0.12940952255126));
#12785=DIRECTION('center_axis',(-8.36851526099364E-18,-0.258819045102521,
0.965925826289068));
#12786=DIRECTION('ref_axis',(0.,-0.965925826289068,-0.258819045102523));
#12787=DIRECTION('',(-0.866025403784439,0.482962913144534,0.12940952255126));
#12788=DIRECTION('center_axis',(-8.36851526099364E-18,-0.258819045102521,
0.965925826289068));
#12789=DIRECTION('ref_axis',(-0.866025403784433,-0.482962913144543,-0.129409522551263));
#12790=DIRECTION('',(3.12317241379438E-17,0.965925826289068,0.258819045102521));
#12791=DIRECTION('center_axis',(-8.36851526099364E-18,-0.258819045102521,
0.965925826289068));
#12792=DIRECTION('ref_axis',(-0.866025403784436,0.482962913144538,0.129409522551264));
#12793=DIRECTION('',(0.866025403784439,0.482962913144533,0.12940952255126));
#12794=DIRECTION('center_axis',(-8.36851526099364E-18,-0.258819045102521,
0.965925826289068));
#12795=DIRECTION('ref_axis',(0.,0.965925826289068,0.258819045102522));
#12796=DIRECTION('',(0.866025403784439,-0.482962913144534,-0.12940952255126));
#12797=DIRECTION('center_axis',(-8.36851526099364E-18,-0.258819045102521,
0.965925826289068));
#12798=DIRECTION('ref_axis',(0.866025403784436,0.482962913144538,0.129409522551264));
#12799=DIRECTION('',(-3.12317241379438E-17,-0.965925826289068,-0.258819045102521));
#12800=DIRECTION('center_axis',(-8.36851526099364E-18,-0.258819045102521,
0.965925826289068));
#12801=DIRECTION('ref_axis',(0.866025403784433,-0.482962913144543,-0.129409522551263));
#12802=DIRECTION('',(-0.866025403784439,-0.482962913144533,-0.12940952255126));
#12803=DIRECTION('center_axis',(-8.36851526099364E-18,-0.258819045102521,
0.965925826289068));
#12804=DIRECTION('ref_axis',(0.,-0.965925826289068,-0.258819045102523));
#12805=DIRECTION('',(-0.866025403784439,0.482962913144534,0.12940952255126));
#12806=DIRECTION('center_axis',(-8.36851526099364E-18,-0.258819045102521,
0.965925826289068));
#12807=DIRECTION('ref_axis',(-0.866025403784433,-0.482962913144543,-0.129409522551263));
#12808=DIRECTION('',(3.12317241379438E-17,0.965925826289068,0.258819045102521));
#12809=DIRECTION('center_axis',(-8.36851526099364E-18,-0.258819045102521,
0.965925826289068));
#12810=DIRECTION('ref_axis',(-0.866025403784436,0.482962913144538,0.129409522551264));
#12811=DIRECTION('',(0.866025403784439,0.482962913144533,0.12940952255126));
#12812=DIRECTION('center_axis',(-8.36851526099364E-18,-0.258819045102521,
0.965925826289068));
#12813=DIRECTION('ref_axis',(0.,0.965925826289068,0.258819045102522));
#12814=DIRECTION('',(0.866025403784439,-0.482962913144534,-0.12940952255126));
#12815=DIRECTION('center_axis',(-8.36851526099364E-18,-0.258819045102521,
0.965925826289068));
#12816=DIRECTION('ref_axis',(0.866025403784436,0.482962913144538,0.129409522551264));
#12817=DIRECTION('',(-3.12317241379438E-17,-0.965925826289068,-0.258819045102521));
#12818=DIRECTION('center_axis',(-8.36851526099364E-18,-0.258819045102521,
0.965925826289068));
#12819=DIRECTION('ref_axis',(0.866025403784433,-0.482962913144543,-0.129409522551263));
#12820=DIRECTION('',(-0.866025403784439,-0.482962913144533,-0.12940952255126));
#12821=DIRECTION('center_axis',(-8.36851526099364E-18,-0.258819045102521,
0.965925826289068));
#12822=DIRECTION('ref_axis',(0.,-0.965925826289068,-0.258819045102523));
#12823=DIRECTION('',(-0.866025403784439,0.482962913144534,0.12940952255126));
#12824=DIRECTION('center_axis',(-8.36851526099364E-18,-0.258819045102521,
0.965925826289068));
#12825=DIRECTION('ref_axis',(-0.866025403784433,-0.482962913144543,-0.129409522551263));
#12826=DIRECTION('',(3.12317241379438E-17,0.965925826289068,0.258819045102521));
#12827=DIRECTION('center_axis',(-8.36851526099364E-18,-0.258819045102521,
0.965925826289068));
#12828=DIRECTION('ref_axis',(-0.866025403784436,0.482962913144538,0.129409522551264));
#12829=DIRECTION('',(0.866025403784439,0.482962913144533,0.12940952255126));
#12830=DIRECTION('center_axis',(-8.36851526099364E-18,-0.258819045102521,
0.965925826289068));
#12831=DIRECTION('ref_axis',(0.,0.965925826289068,0.258819045102522));
#12832=DIRECTION('',(0.866025403784439,-0.482962913144534,-0.12940952255126));
#12833=DIRECTION('center_axis',(-8.36851526099364E-18,-0.258819045102521,
0.965925826289068));
#12834=DIRECTION('ref_axis',(0.866025403784436,0.482962913144538,0.129409522551264));
#12835=DIRECTION('',(-3.12317241379438E-17,-0.965925826289068,-0.258819045102521));
#12836=DIRECTION('center_axis',(-8.36851526099364E-18,-0.258819045102521,
0.965925826289068));
#12837=DIRECTION('ref_axis',(0.866025403784433,-0.482962913144543,-0.129409522551263));
#12838=DIRECTION('',(-0.866025403784439,-0.482962913144533,-0.12940952255126));
#12839=DIRECTION('center_axis',(-8.36851526099364E-18,-0.258819045102521,
0.965925826289068));
#12840=DIRECTION('ref_axis',(0.,-0.965925826289068,-0.258819045102523));
#12841=DIRECTION('',(-0.866025403784439,0.482962913144534,0.12940952255126));
#12842=DIRECTION('center_axis',(-8.36851526099364E-18,-0.258819045102521,
0.965925826289068));
#12843=DIRECTION('ref_axis',(-0.866025403784433,-0.482962913144543,-0.129409522551263));
#12844=DIRECTION('',(3.12317241379438E-17,0.965925826289068,0.258819045102521));
#12845=DIRECTION('',(0.866025403784439,-0.482962913144534,-0.12940952255126));
#12846=DIRECTION('center_axis',(-8.36851526099364E-18,-0.258819045102521,
0.965925826289068));
#12847=DIRECTION('ref_axis',(0.866025403784436,0.482962913144538,0.129409522551264));
#12848=DIRECTION('',(-3.12317241379438E-17,-0.965925826289068,-0.258819045102521));
#12849=DIRECTION('center_axis',(-8.36851526099364E-18,-0.258819045102521,
0.965925826289068));
#12850=DIRECTION('ref_axis',(0.866025403784433,-0.482962913144543,-0.129409522551263));
#12851=DIRECTION('',(-0.866025403784439,-0.482962913144533,-0.12940952255126));
#12852=DIRECTION('center_axis',(-8.36851526099364E-18,-0.258819045102521,
0.965925826289068));
#12853=DIRECTION('ref_axis',(0.,-0.965925826289068,-0.258819045102523));
#12854=DIRECTION('',(-0.866025403784439,0.482962913144534,0.12940952255126));
#12855=DIRECTION('center_axis',(-8.36851526099364E-18,-0.258819045102521,
0.965925826289068));
#12856=DIRECTION('ref_axis',(-0.866025403784433,-0.482962913144543,-0.129409522551263));
#12857=DIRECTION('',(3.12317241379438E-17,0.965925826289068,0.258819045102521));
#12858=DIRECTION('center_axis',(-8.36851526099364E-18,-0.258819045102521,
0.965925826289068));
#12859=DIRECTION('ref_axis',(-0.866025403784436,0.482962913144538,0.129409522551264));
#12860=DIRECTION('',(0.866025403784439,0.482962913144533,0.12940952255126));
#12861=DIRECTION('center_axis',(-8.36851526099364E-18,-0.258819045102521,
0.965925826289068));
#12862=DIRECTION('ref_axis',(0.,0.965925826289068,0.258819045102522));
#12863=DIRECTION('center_axis',(0.,-0.258819045102521,0.965925826289068));
#12864=DIRECTION('ref_axis',(-0.707106781186547,-0.68301270189222,-0.183012701892219));
#12865=DIRECTION('center_axis',(0.,0.258819045102521,-0.965925826289068));
#12866=DIRECTION('ref_axis',(-0.707106781186547,-0.68301270189222,-0.183012701892219));
#12867=DIRECTION('center_axis',(0.,0.258819045102521,-0.965925826289068));
#12868=DIRECTION('ref_axis',(-0.866025403784431,0.482962913144548,0.129409522551263));
#12869=DIRECTION('',(0.,0.258819045102521,-0.965925826289068));
#12870=DIRECTION('',(0.,0.258819045102521,-0.965925826289068));
#12871=DIRECTION('center_axis',(-1.,0.,0.));
#12872=DIRECTION('ref_axis',(0.,0.965925826289068,0.25881904510252));
#12873=DIRECTION('',(0.,0.258819045102521,-0.965925826289068));
#12874=DIRECTION('center_axis',(0.,0.258819045102521,-0.965925826289068));
#12875=DIRECTION('ref_axis',(-0.866025403784436,-0.482962913144538,-0.129409522551264));
#12876=DIRECTION('',(0.,0.258819045102521,-0.965925826289068));
#12877=DIRECTION('center_axis',(0.,0.258819045102521,-0.965925826289068));
#12878=DIRECTION('ref_axis',(0.,-0.965925826289067,-0.258819045102525));
#12879=DIRECTION('',(0.,0.258819045102521,-0.965925826289068));
#12880=DIRECTION('',(0.,0.258819045102521,-0.965925826289068));
#12881=DIRECTION('center_axis',(0.5,-0.836516303737808,-0.224143868042013));
#12882=DIRECTION('ref_axis',(-0.866025403784439,-0.482962913144534,-0.12940952255126));
#12883=DIRECTION('',(0.,0.258819045102521,-0.965925826289068));
#12884=DIRECTION('center_axis',(0.,0.258819045102521,-0.965925826289068));
#12885=DIRECTION('ref_axis',(0.866025403784436,-0.482962913144538,-0.129409522551264));
#12886=DIRECTION('',(0.,0.258819045102521,-0.965925826289068));
#12887=DIRECTION('center_axis',(0.,0.258819045102521,-0.965925826289068));
#12888=DIRECTION('ref_axis',(0.866025403784437,0.482962913144537,0.12940952255126));
#12889=DIRECTION('',(0.,0.258819045102521,-0.965925826289068));
#12890=DIRECTION('',(0.,0.258819045102521,-0.965925826289068));
#12891=DIRECTION('center_axis',(0.500000000000004,0.836516303737806,0.224143868042013));
#12892=DIRECTION('ref_axis',(0.866025403784436,-0.482962913144538,-0.129409522551261));
#12893=DIRECTION('',(0.,0.258819045102521,-0.965925826289068));
#12894=DIRECTION('center_axis',(-3.20493781063926E-17,0.258819045102521,
-0.965925826289068));
#12895=DIRECTION('ref_axis',(0.,0.965925826289067,0.258819045102525));
#12896=DIRECTION('',(-3.20493781063926E-17,0.258819045102521,-0.965925826289068));
#12897=DIRECTION('center_axis',(-0.5,0.836516303737808,0.224143868042013));
#12898=DIRECTION('ref_axis',(0.866025403784439,0.482962913144534,0.12940952255126));
#12899=DIRECTION('center_axis',(-0.5,-0.836516303737808,-0.224143868042013));
#12900=DIRECTION('ref_axis',(-0.866025403784439,0.482962913144534,0.12940952255126));
#12901=DIRECTION('center_axis',(1.,0.,0.));
#12902=DIRECTION('ref_axis',(0.,-0.965925826289068,-0.25881904510252));
#12903=DIRECTION('center_axis',(0.,0.258819045102521,-0.965925826289068));
#12904=DIRECTION('ref_axis',(-0.866025403784442,0.482962913144527,0.129409522551261));
#12905=DIRECTION('center_axis',(0.,-0.258819045102521,0.965925826289068));
#12906=DIRECTION('ref_axis',(-0.866025403784442,0.482962913144527,0.129409522551261));
#12907=DIRECTION('',(1.38777878078145E-17,-0.258819045102521,0.965925826289068));
#12908=DIRECTION('center_axis',(-8.36851526099364E-18,-0.258819045102521,
0.965925826289068));
#12909=DIRECTION('ref_axis',(-0.866025403784442,0.482962913144527,0.129409522551261));
#12910=DIRECTION('',(0.,0.258819045102521,-0.965925826289068));
#12911=DIRECTION('center_axis',(0.,0.258819045102521,-0.965925826289068));
#12912=DIRECTION('ref_axis',(-1.,0.,0.));
#12913=DIRECTION('',(0.,-0.965925826289068,-0.258819045102521));
#12914=DIRECTION('center_axis',(0.,-0.258819045102521,0.965925826289068));
#12915=DIRECTION('ref_axis',(-0.866025403784436,-0.482962913144538,-0.129409522551264));
#12916=DIRECTION('',(0.866025403784438,-0.482962913144534,-0.129409522551261));
#12917=DIRECTION('center_axis',(0.,-0.258819045102521,0.965925826289068));
#12918=DIRECTION('ref_axis',(2.56395024851141E-14,-0.965925826289068,-0.258819045102522));
#12919=DIRECTION('',(0.866025403784438,0.482962913144534,0.129409522551261));
#12920=DIRECTION('center_axis',(0.,-0.258819045102521,0.965925826289068));
#12921=DIRECTION('ref_axis',(0.866025403784442,-0.482962913144527,-0.129409522551261));
#12922=DIRECTION('',(0.,0.965925826289068,0.258819045102521));
#12923=DIRECTION('center_axis',(0.,-0.258819045102521,0.965925826289068));
#12924=DIRECTION('ref_axis',(0.866025403784436,0.482962913144538,0.129409522551264));
#12925=DIRECTION('',(-0.866025403784438,0.482962913144534,0.129409522551261));
#12926=DIRECTION('center_axis',(0.,-0.258819045102521,0.965925826289068));
#12927=DIRECTION('ref_axis',(0.,0.965925826289067,0.258819045102525));
#12928=DIRECTION('',(-0.866025403784438,-0.482962913144534,-0.129409522551261));
#12929=DIRECTION('center_axis',(-1.,0.,0.));
#12930=DIRECTION('ref_axis',(0.,0.965925826289068,0.258819045102521));
#12931=DIRECTION('',(0.,0.965925826289068,0.258819045102521));
#12932=DIRECTION('',(0.,-0.258819045102521,0.965925826289068));
#12933=DIRECTION('center_axis',(0.,0.258819045102521,-0.965925826289068));
#12934=DIRECTION('ref_axis',(-0.866025403784436,-0.482962913144538,-0.129409522551264));
#12935=DIRECTION('center_axis',(-8.36851526099364E-18,-0.258819045102521,
0.965925826289068));
#12936=DIRECTION('ref_axis',(-0.866025403784436,-0.482962913144538,-0.129409522551264));
#12937=DIRECTION('',(1.38777878078145E-17,0.258819045102521,-0.965925826289068));
#12938=DIRECTION('center_axis',(0.,0.258819045102521,-0.965925826289068));
#12939=DIRECTION('ref_axis',(2.56395024851141E-14,-0.965925826289068,-0.258819045102522));
#12940=DIRECTION('',(0.,-0.258819045102521,0.965925826289068));
#12941=DIRECTION('center_axis',(-8.36851526099364E-18,-0.258819045102521,
0.965925826289068));
#12942=DIRECTION('ref_axis',(2.56395024851141E-14,-0.965925826289068,-0.258819045102522));
#12943=DIRECTION('',(0.,0.258819045102521,-0.965925826289068));
#12944=DIRECTION('center_axis',(0.5,-0.836516303737808,-0.224143868042014));
#12945=DIRECTION('ref_axis',(-0.866025403784438,-0.482962913144534,-0.129409522551261));
#12946=DIRECTION('',(-0.866025403784438,-0.482962913144534,-0.129409522551261));
#12947=DIRECTION('',(1.38777878078145E-17,-0.258819045102521,0.965925826289068));
#12948=DIRECTION('center_axis',(0.,0.258819045102521,-0.965925826289068));
#12949=DIRECTION('ref_axis',(0.866025403784442,-0.482962913144527,-0.129409522551261));
#12950=DIRECTION('center_axis',(-8.36851526099364E-18,-0.258819045102521,
0.965925826289068));
#12951=DIRECTION('ref_axis',(0.866025403784442,-0.482962913144527,-0.129409522551261));
#12952=DIRECTION('',(0.,0.258819045102521,-0.965925826289068));
#12953=DIRECTION('center_axis',(0.,0.258819045102521,-0.965925826289068));
#12954=DIRECTION('ref_axis',(0.866025403784436,0.482962913144538,0.129409522551264));
#12955=DIRECTION('',(0.,-0.258819045102521,0.965925826289068));
#12956=DIRECTION('center_axis',(-8.36851526099364E-18,-0.258819045102521,
0.965925826289068));
#12957=DIRECTION('ref_axis',(0.866025403784436,0.482962913144538,0.129409522551264));
#12958=DIRECTION('',(1.38777878078145E-17,0.258819045102521,-0.965925826289068));
#12959=DIRECTION('center_axis',(0.5,0.836516303737808,0.224143868042014));
#12960=DIRECTION('ref_axis',(0.866025403784438,-0.482962913144534,-0.129409522551261));
#12961=DIRECTION('',(0.866025403784438,-0.482962913144534,-0.129409522551261));
#12962=DIRECTION('',(0.,-0.258819045102521,0.965925826289068));
#12963=DIRECTION('center_axis',(0.,0.258819045102521,-0.965925826289068));
#12964=DIRECTION('ref_axis',(0.,0.965925826289067,0.258819045102525));
#12965=DIRECTION('center_axis',(-8.36851526099364E-18,-0.258819045102521,
0.965925826289068));
#12966=DIRECTION('ref_axis',(0.,0.965925826289067,0.258819045102525));
#12967=DIRECTION('',(0.,0.258819045102521,-0.965925826289068));
#12968=DIRECTION('center_axis',(-0.5,0.836516303737808,0.224143868042014));
#12969=DIRECTION('ref_axis',(0.866025403784438,0.482962913144534,0.129409522551261));
#12970=DIRECTION('',(0.866025403784438,0.482962913144534,0.129409522551261));
#12971=DIRECTION('center_axis',(-0.5,-0.836516303737808,-0.224143868042014));
#12972=DIRECTION('ref_axis',(-0.866025403784438,0.482962913144534,0.129409522551261));
#12973=DIRECTION('',(-0.866025403784438,0.482962913144534,0.129409522551261));
#12974=DIRECTION('center_axis',(1.,0.,0.));
#12975=DIRECTION('ref_axis',(0.,-0.965925826289068,-0.258819045102521));
#12976=DIRECTION('',(0.,-0.965925826289068,-0.258819045102521));
#12977=DIRECTION('center_axis',(-8.89548937465865E-34,0.258819045102521,
-0.965925826289068));
#12978=DIRECTION('ref_axis',(-0.866025403784436,0.482962913144538,0.129409522551264));
#12979=DIRECTION('center_axis',(0.,-0.258819045102521,0.965925826289068));
#12980=DIRECTION('ref_axis',(-0.866025403784436,0.482962913144538,0.129409522551264));
#12981=DIRECTION('',(1.38777878078144E-17,-0.258819045102521,0.965925826289068));
#12982=DIRECTION('',(-8.89548937465865E-34,0.258819045102521,-0.965925826289068));
#12983=DIRECTION('center_axis',(0.,0.258819045102521,-0.965925826289068));
#12984=DIRECTION('ref_axis',(-1.,0.,0.));
#12985=DIRECTION('',(-3.12317241379438E-17,-0.965925826289068,-0.258819045102521));
#12986=DIRECTION('center_axis',(0.,-0.258819045102521,0.965925826289068));
#12987=DIRECTION('ref_axis',(-0.866025403784433,-0.482962913144543,-0.129409522551263));
#12988=DIRECTION('',(0.866025403784439,-0.482962913144534,-0.12940952255126));
#12989=DIRECTION('center_axis',(0.,-0.258819045102521,0.965925826289068));
#12990=DIRECTION('ref_axis',(0.,-0.965925826289068,-0.258819045102523));
#12991=DIRECTION('',(0.866025403784439,0.482962913144533,0.12940952255126));
#12992=DIRECTION('center_axis',(0.,-0.258819045102521,0.965925826289068));
#12993=DIRECTION('ref_axis',(0.866025403784433,-0.482962913144543,-0.129409522551263));
#12994=DIRECTION('',(3.12317241379438E-17,0.965925826289068,0.258819045102521));
#12995=DIRECTION('center_axis',(0.,-0.258819045102521,0.965925826289068));
#12996=DIRECTION('ref_axis',(0.866025403784436,0.482962913144538,0.129409522551264));
#12997=DIRECTION('',(-0.866025403784439,0.482962913144534,0.12940952255126));
#12998=DIRECTION('center_axis',(0.,-0.258819045102521,0.965925826289068));
#12999=DIRECTION('ref_axis',(0.,0.965925826289068,0.258819045102522));
#13000=DIRECTION('',(-0.866025403784439,-0.482962913144533,-0.12940952255126));
#13001=DIRECTION('center_axis',(-1.,3.01675289443756E-17,8.08336501828797E-18));
#13002=DIRECTION('ref_axis',(3.12317241379438E-17,0.965925826289068,0.258819045102521));
#13003=DIRECTION('',(8.89548937465865E-34,-0.258819045102521,0.965925826289068));
#13004=DIRECTION('center_axis',(-8.89548937465865E-34,0.258819045102521,
-0.965925826289068));
#13005=DIRECTION('ref_axis',(-0.866025403784433,-0.482962913144543,-0.129409522551263));
#13006=DIRECTION('',(-1.38777878078144E-17,0.258819045102521,-0.965925826289068));
#13007=DIRECTION('center_axis',(0.,0.258819045102521,-0.965925826289068));
#13008=DIRECTION('ref_axis',(0.,-0.965925826289068,-0.258819045102523));
#13009=DIRECTION('',(-1.38777878078144E-17,-0.258819045102521,0.965925826289068));
#13010=DIRECTION('',(0.,0.258819045102521,-0.965925826289068));
#13011=DIRECTION('center_axis',(0.499999999999999,-0.836516303737808,-0.224143868042014));
#13012=DIRECTION('ref_axis',(-0.866025403784439,-0.482962913144533,-0.12940952255126));
#13013=DIRECTION('',(8.89548937465865E-34,-0.258819045102521,0.965925826289068));
#13014=DIRECTION('center_axis',(-8.89548937465865E-34,0.258819045102521,
-0.965925826289068));
#13015=DIRECTION('ref_axis',(0.866025403784433,-0.482962913144543,-0.129409522551263));
#13016=DIRECTION('',(-8.89548937465865E-34,0.258819045102521,-0.965925826289068));
#13017=DIRECTION('center_axis',(-8.89548937465865E-34,0.258819045102521,
-0.965925826289068));
#13018=DIRECTION('ref_axis',(0.866025403784436,0.482962913144538,0.129409522551264));
#13019=DIRECTION('',(8.89548937465865E-34,-0.258819045102521,0.965925826289068));
#13020=DIRECTION('',(1.38777878078144E-17,0.258819045102521,-0.965925826289068));
#13021=DIRECTION('center_axis',(0.5,0.836516303737808,0.224143868042014));
#13022=DIRECTION('ref_axis',(0.866025403784439,-0.482962913144534,-0.12940952255126));
#13023=DIRECTION('',(-1.38777878078144E-17,-0.258819045102521,0.965925826289068));
#13024=DIRECTION('center_axis',(0.,0.258819045102521,-0.965925826289068));
#13025=DIRECTION('ref_axis',(0.,0.965925826289068,0.258819045102522));
#13026=DIRECTION('',(-1.38777878078144E-17,0.258819045102521,-0.965925826289068));
#13027=DIRECTION('center_axis',(-0.499999999999999,0.836516303737808,0.224143868042014));
#13028=DIRECTION('ref_axis',(0.866025403784439,0.482962913144533,0.12940952255126));
#13029=DIRECTION('center_axis',(-0.499999999999999,-0.836516303737808,-0.224143868042014));
#13030=DIRECTION('ref_axis',(-0.866025403784439,0.482962913144534,0.12940952255126));
#13031=DIRECTION('center_axis',(1.,-3.01675289443756E-17,-8.08336501828797E-18));
#13032=DIRECTION('ref_axis',(-3.12317241379438E-17,-0.965925826289068,-0.258819045102521));
#13033=DIRECTION('center_axis',(0.,0.25881904510252,-0.965925826289068));
#13034=DIRECTION('ref_axis',(-0.866025403784438,0.482962913144535,0.12940952255126));
#13035=DIRECTION('center_axis',(0.,-0.25881904510252,0.965925826289068));
#13036=DIRECTION('ref_axis',(-0.866025403784438,0.482962913144535,0.12940952255126));
#13037=DIRECTION('',(0.,-0.25881904510252,0.965925826289068));
#13038=DIRECTION('center_axis',(0.,-0.258819045102521,0.965925826289068));
#13039=DIRECTION('ref_axis',(-0.866025403784438,0.482962913144535,0.12940952255126));
#13040=DIRECTION('',(0.,0.25881904510252,-0.965925826289068));
#13041=DIRECTION('center_axis',(0.,0.25881904510252,-0.965925826289068));
#13042=DIRECTION('ref_axis',(-1.,0.,0.));
#13043=DIRECTION('',(0.,-0.965925826289068,-0.25881904510252));
#13044=DIRECTION('center_axis',(0.,-0.25881904510252,0.965925826289068));
#13045=DIRECTION('ref_axis',(-0.866025403784434,-0.482962913144541,-0.129409522551263));
#13046=DIRECTION('',(0.866025403784439,-0.482962913144534,-0.12940952255126));
#13047=DIRECTION('center_axis',(0.,-0.25881904510252,0.965925826289068));
#13048=DIRECTION('ref_axis',(0.,-0.965925826289068,-0.258819045102522));
#13049=DIRECTION('',(0.866025403784439,0.482962913144534,0.12940952255126));
#13050=DIRECTION('center_axis',(0.,-0.25881904510252,0.965925826289068));
#13051=DIRECTION('ref_axis',(0.866025403784434,-0.482962913144541,-0.129409522551263));
#13052=DIRECTION('',(0.,0.965925826289068,0.25881904510252));
#13053=DIRECTION('center_axis',(0.,-0.25881904510252,0.965925826289068));
#13054=DIRECTION('ref_axis',(0.866025403784434,0.482962913144541,0.129409522551263));
#13055=DIRECTION('',(-0.866025403784439,0.482962913144534,0.12940952255126));
#13056=DIRECTION('center_axis',(0.,-0.25881904510252,0.965925826289068));
#13057=DIRECTION('ref_axis',(-2.56395024851141E-14,0.965925826289068,0.258819045102522));
#13058=DIRECTION('',(-0.866025403784438,-0.482962913144535,-0.12940952255126));
#13059=DIRECTION('center_axis',(-1.,0.,0.));
#13060=DIRECTION('ref_axis',(0.,0.965925826289068,0.25881904510252));
#13061=DIRECTION('',(0.,0.965925826289068,0.258819045102521));
#13062=DIRECTION('',(0.,-0.25881904510252,0.965925826289068));
#13063=DIRECTION('center_axis',(0.,0.25881904510252,-0.965925826289068));
#13064=DIRECTION('ref_axis',(-0.866025403784434,-0.482962913144541,-0.129409522551263));
#13065=DIRECTION('center_axis',(0.,-0.258819045102521,0.965925826289068));
#13066=DIRECTION('ref_axis',(-0.866025403784434,-0.482962913144541,-0.129409522551263));
#13067=DIRECTION('',(0.,0.25881904510252,-0.965925826289068));
#13068=DIRECTION('center_axis',(0.,0.25881904510252,-0.965925826289068));
#13069=DIRECTION('ref_axis',(0.,-0.965925826289068,-0.258819045102522));
#13070=DIRECTION('',(0.,-0.25881904510252,0.965925826289068));
#13071=DIRECTION('center_axis',(0.,-0.258819045102521,0.965925826289068));
#13072=DIRECTION('ref_axis',(0.,-0.965925826289068,-0.258819045102522));
#13073=DIRECTION('',(0.,0.25881904510252,-0.965925826289068));
#13074=DIRECTION('center_axis',(0.5,-0.836516303737808,-0.224143868042013));
#13075=DIRECTION('ref_axis',(-0.866025403784439,-0.482962913144534,-0.12940952255126));
#13076=DIRECTION('',(-0.866025403784439,-0.482962913144534,-0.12940952255126));
#13077=DIRECTION('',(0.,-0.25881904510252,0.965925826289068));
#13078=DIRECTION('center_axis',(0.,0.25881904510252,-0.965925826289068));
#13079=DIRECTION('ref_axis',(0.866025403784434,-0.482962913144541,-0.129409522551263));
#13080=DIRECTION('center_axis',(0.,-0.258819045102521,0.965925826289068));
#13081=DIRECTION('ref_axis',(0.866025403784434,-0.482962913144541,-0.129409522551263));
#13082=DIRECTION('',(0.,0.25881904510252,-0.965925826289068));
#13083=DIRECTION('center_axis',(0.,0.25881904510252,-0.965925826289068));
#13084=DIRECTION('ref_axis',(0.866025403784434,0.482962913144541,0.129409522551263));
#13085=DIRECTION('',(0.,-0.25881904510252,0.965925826289068));
#13086=DIRECTION('center_axis',(0.,-0.258819045102521,0.965925826289068));
#13087=DIRECTION('ref_axis',(0.866025403784434,0.482962913144541,0.129409522551263));
#13088=DIRECTION('',(0.,0.25881904510252,-0.965925826289068));
#13089=DIRECTION('center_axis',(0.5,0.836516303737808,0.224143868042013));
#13090=DIRECTION('ref_axis',(0.866025403784439,-0.482962913144534,-0.12940952255126));
#13091=DIRECTION('',(0.866025403784439,-0.482962913144534,-0.12940952255126));
#13092=DIRECTION('',(-1.38777878078145E-17,-0.25881904510252,0.965925826289068));
#13093=DIRECTION('center_axis',(0.,0.25881904510252,-0.965925826289068));
#13094=DIRECTION('ref_axis',(-2.56395024851141E-14,0.965925826289068,0.258819045102522));
#13095=DIRECTION('center_axis',(0.,-0.258819045102521,0.965925826289068));
#13096=DIRECTION('ref_axis',(-2.56395024851141E-14,0.965925826289068,0.258819045102522));
#13097=DIRECTION('',(-1.38777878078145E-17,0.25881904510252,-0.965925826289068));
#13098=DIRECTION('center_axis',(-0.500000000000001,0.836516303737808,0.224143868042013));
#13099=DIRECTION('ref_axis',(0.866025403784438,0.482962913144535,0.12940952255126));
#13100=DIRECTION('',(0.866025403784438,0.482962913144535,0.129409522551261));
#13101=DIRECTION('center_axis',(-0.5,-0.836516303737808,-0.224143868042013));
#13102=DIRECTION('ref_axis',(-0.866025403784439,0.482962913144534,0.12940952255126));
#13103=DIRECTION('',(-0.866025403784439,0.482962913144534,0.12940952255126));
#13104=DIRECTION('center_axis',(1.,0.,0.));
#13105=DIRECTION('ref_axis',(0.,-0.965925826289068,-0.25881904510252));
#13106=DIRECTION('',(0.,-0.965925826289068,-0.258819045102521));
#13107=DIRECTION('center_axis',(0.,0.258819045102521,-0.965925826289068));
#13108=DIRECTION('ref_axis',(0.,-0.965925826289068,-0.258819045102521));
#13109=DIRECTION('center_axis',(0.,-0.258819045102521,0.965925826289068));
#13110=DIRECTION('ref_axis',(0.,-0.965925826289068,-0.258819045102521));
#13111=DIRECTION('',(0.,-0.258819045102521,0.965925826289068));
#13112=DIRECTION('center_axis',(0.,-0.965925826289068,-0.258819045102521));
#13113=DIRECTION('ref_axis',(1.,0.,0.));
#13114=DIRECTION('',(1.,0.,0.));
#13115=DIRECTION('',(1.,0.,0.));
#13116=DIRECTION('',(0.,-0.258819045102521,0.965925826289068));
#13117=DIRECTION('center_axis',(0.,0.258819045102521,-0.965925826289068));
#13118=DIRECTION('ref_axis',(0.,-0.965925826289068,-0.258819045102521));
#13119=DIRECTION('center_axis',(0.,-0.258819045102521,0.965925826289068));
#13120=DIRECTION('ref_axis',(0.,-0.965925826289068,-0.258819045102521));
#13121=DIRECTION('center_axis',(0.,-0.258819045102521,0.965925826289068));
#13122=DIRECTION('ref_axis',(1.,0.,0.));
#13123=DIRECTION('center_axis',(0.,-0.258819045102521,0.965925826289068));
#13124=DIRECTION('ref_axis',(-0.866025403784438,0.482962913144535,0.12940952255126));
#13125=DIRECTION('',(0.866025403784438,0.482962913144535,0.129409522551261));
#13126=DIRECTION('center_axis',(0.,-0.258819045102521,0.965925826289068));
#13127=DIRECTION('ref_axis',(-2.56395024851141E-14,0.965925826289068,0.258819045102522));
#13128=DIRECTION('',(0.866025403784439,-0.482962913144534,-0.12940952255126));
#13129=DIRECTION('center_axis',(0.,-0.258819045102521,0.965925826289068));
#13130=DIRECTION('ref_axis',(0.866025403784434,0.482962913144541,0.129409522551263));
#13131=DIRECTION('',(0.,-0.965925826289068,-0.258819045102521));
#13132=DIRECTION('center_axis',(0.,-0.258819045102521,0.965925826289068));
#13133=DIRECTION('ref_axis',(0.866025403784434,-0.482962913144541,-0.129409522551263));
#13134=DIRECTION('',(-0.866025403784439,-0.482962913144534,-0.12940952255126));
#13135=DIRECTION('center_axis',(0.,-0.258819045102521,0.965925826289068));
#13136=DIRECTION('ref_axis',(0.,-0.965925826289068,-0.258819045102522));
#13137=DIRECTION('',(-0.866025403784439,0.482962913144534,0.12940952255126));
#13138=DIRECTION('center_axis',(0.,-0.258819045102521,0.965925826289068));
#13139=DIRECTION('ref_axis',(-0.866025403784434,-0.482962913144541,-0.129409522551263));
#13140=DIRECTION('',(0.,0.965925826289068,0.258819045102521));
#13141=DIRECTION('center_axis',(0.,-0.258819045102521,0.965925826289068));
#13142=DIRECTION('ref_axis',(-0.866025403784438,0.482962913144535,0.12940952255126));
#13143=DIRECTION('',(0.866025403784438,0.482962913144535,0.129409522551261));
#13144=DIRECTION('center_axis',(0.,-0.258819045102521,0.965925826289068));
#13145=DIRECTION('ref_axis',(-2.56395024851141E-14,0.965925826289068,0.258819045102522));
#13146=DIRECTION('',(0.866025403784439,-0.482962913144534,-0.12940952255126));
#13147=DIRECTION('center_axis',(0.,-0.258819045102521,0.965925826289068));
#13148=DIRECTION('ref_axis',(0.866025403784434,0.482962913144541,0.129409522551263));
#13149=DIRECTION('',(0.,-0.965925826289068,-0.258819045102521));
#13150=DIRECTION('center_axis',(0.,-0.258819045102521,0.965925826289068));
#13151=DIRECTION('ref_axis',(0.866025403784434,-0.482962913144541,-0.129409522551263));
#13152=DIRECTION('',(-0.866025403784439,-0.482962913144534,-0.12940952255126));
#13153=DIRECTION('center_axis',(0.,-0.258819045102521,0.965925826289068));
#13154=DIRECTION('ref_axis',(0.,-0.965925826289068,-0.258819045102522));
#13155=DIRECTION('',(-0.866025403784439,0.482962913144534,0.12940952255126));
#13156=DIRECTION('center_axis',(0.,-0.258819045102521,0.965925826289068));
#13157=DIRECTION('ref_axis',(-0.866025403784434,-0.482962913144541,-0.129409522551263));
#13158=DIRECTION('',(0.,0.965925826289068,0.258819045102521));
#13159=DIRECTION('center_axis',(0.,-0.258819045102521,0.965925826289068));
#13160=DIRECTION('ref_axis',(-0.866025403784438,0.482962913144535,0.12940952255126));
#13161=DIRECTION('',(0.866025403784438,0.482962913144535,0.129409522551261));
#13162=DIRECTION('center_axis',(0.,-0.258819045102521,0.965925826289068));
#13163=DIRECTION('ref_axis',(-2.56395024851141E-14,0.965925826289068,0.258819045102522));
#13164=DIRECTION('',(0.866025403784439,-0.482962913144534,-0.12940952255126));
#13165=DIRECTION('center_axis',(0.,-0.258819045102521,0.965925826289068));
#13166=DIRECTION('ref_axis',(0.866025403784434,0.482962913144541,0.129409522551263));
#13167=DIRECTION('',(0.,-0.965925826289068,-0.258819045102521));
#13168=DIRECTION('center_axis',(0.,-0.258819045102521,0.965925826289068));
#13169=DIRECTION('ref_axis',(0.866025403784434,-0.482962913144541,-0.129409522551263));
#13170=DIRECTION('',(-0.866025403784439,-0.482962913144534,-0.12940952255126));
#13171=DIRECTION('center_axis',(0.,-0.258819045102521,0.965925826289068));
#13172=DIRECTION('ref_axis',(0.,-0.965925826289068,-0.258819045102522));
#13173=DIRECTION('',(-0.866025403784439,0.482962913144534,0.12940952255126));
#13174=DIRECTION('center_axis',(0.,-0.258819045102521,0.965925826289068));
#13175=DIRECTION('ref_axis',(-0.866025403784434,-0.482962913144541,-0.129409522551263));
#13176=DIRECTION('',(0.,0.965925826289068,0.258819045102521));
#13177=DIRECTION('center_axis',(0.,-0.258819045102521,0.965925826289068));
#13178=DIRECTION('ref_axis',(-0.866025403784438,0.482962913144535,0.12940952255126));
#13179=DIRECTION('',(0.866025403784438,0.482962913144535,0.129409522551261));
#13180=DIRECTION('center_axis',(0.,-0.258819045102521,0.965925826289068));
#13181=DIRECTION('ref_axis',(-2.56395024851141E-14,0.965925826289068,0.258819045102522));
#13182=DIRECTION('',(0.866025403784439,-0.482962913144534,-0.12940952255126));
#13183=DIRECTION('center_axis',(0.,-0.258819045102521,0.965925826289068));
#13184=DIRECTION('ref_axis',(0.866025403784434,0.482962913144541,0.129409522551263));
#13185=DIRECTION('',(0.,-0.965925826289068,-0.258819045102521));
#13186=DIRECTION('center_axis',(0.,-0.258819045102521,0.965925826289068));
#13187=DIRECTION('ref_axis',(0.866025403784434,-0.482962913144541,-0.129409522551263));
#13188=DIRECTION('',(-0.866025403784439,-0.482962913144534,-0.12940952255126));
#13189=DIRECTION('center_axis',(0.,-0.258819045102521,0.965925826289068));
#13190=DIRECTION('ref_axis',(0.,-0.965925826289068,-0.258819045102522));
#13191=DIRECTION('',(-0.866025403784439,0.482962913144534,0.12940952255126));
#13192=DIRECTION('center_axis',(0.,-0.258819045102521,0.965925826289068));
#13193=DIRECTION('ref_axis',(-0.866025403784434,-0.482962913144541,-0.129409522551263));
#13194=DIRECTION('',(0.,0.965925826289068,0.258819045102521));
#13195=DIRECTION('center_axis',(0.,-0.258819045102521,0.965925826289068));
#13196=DIRECTION('ref_axis',(-0.866025403784438,0.482962913144535,0.12940952255126));
#13197=DIRECTION('',(0.866025403784438,0.482962913144535,0.129409522551261));
#13198=DIRECTION('center_axis',(0.,-0.258819045102521,0.965925826289068));
#13199=DIRECTION('ref_axis',(-2.56395024851141E-14,0.965925826289068,0.258819045102522));
#13200=DIRECTION('',(0.866025403784439,-0.482962913144534,-0.12940952255126));
#13201=DIRECTION('center_axis',(0.,-0.258819045102521,0.965925826289068));
#13202=DIRECTION('ref_axis',(0.866025403784434,0.482962913144541,0.129409522551263));
#13203=DIRECTION('',(0.,-0.965925826289068,-0.258819045102521));
#13204=DIRECTION('center_axis',(0.,-0.258819045102521,0.965925826289068));
#13205=DIRECTION('ref_axis',(0.866025403784434,-0.482962913144541,-0.129409522551263));
#13206=DIRECTION('',(-0.866025403784439,-0.482962913144534,-0.12940952255126));
#13207=DIRECTION('center_axis',(0.,-0.258819045102521,0.965925826289068));
#13208=DIRECTION('ref_axis',(0.,-0.965925826289068,-0.258819045102522));
#13209=DIRECTION('',(-0.866025403784439,0.482962913144534,0.12940952255126));
#13210=DIRECTION('center_axis',(0.,-0.258819045102521,0.965925826289068));
#13211=DIRECTION('ref_axis',(-0.866025403784434,-0.482962913144541,-0.129409522551263));
#13212=DIRECTION('',(0.,0.965925826289068,0.258819045102521));
#13213=DIRECTION('center_axis',(0.,-0.258819045102521,0.965925826289068));
#13214=DIRECTION('ref_axis',(-0.866025403784438,0.482962913144535,0.12940952255126));
#13215=DIRECTION('',(0.866025403784438,0.482962913144535,0.129409522551261));
#13216=DIRECTION('center_axis',(0.,-0.258819045102521,0.965925826289068));
#13217=DIRECTION('ref_axis',(-2.56395024851141E-14,0.965925826289068,0.258819045102522));
#13218=DIRECTION('',(0.866025403784439,-0.482962913144534,-0.12940952255126));
#13219=DIRECTION('center_axis',(0.,-0.258819045102521,0.965925826289068));
#13220=DIRECTION('ref_axis',(0.866025403784434,0.482962913144541,0.129409522551263));
#13221=DIRECTION('',(0.,-0.965925826289068,-0.258819045102521));
#13222=DIRECTION('center_axis',(0.,-0.258819045102521,0.965925826289068));
#13223=DIRECTION('ref_axis',(0.866025403784434,-0.482962913144541,-0.129409522551263));
#13224=DIRECTION('',(-0.866025403784439,-0.482962913144534,-0.12940952255126));
#13225=DIRECTION('center_axis',(0.,-0.258819045102521,0.965925826289068));
#13226=DIRECTION('ref_axis',(0.,-0.965925826289068,-0.258819045102522));
#13227=DIRECTION('',(-0.866025403784439,0.482962913144534,0.12940952255126));
#13228=DIRECTION('center_axis',(0.,-0.258819045102521,0.965925826289068));
#13229=DIRECTION('ref_axis',(-0.866025403784434,-0.482962913144541,-0.129409522551263));
#13230=DIRECTION('',(0.,0.965925826289068,0.258819045102521));
#13231=DIRECTION('center_axis',(0.,-0.258819045102521,0.965925826289068));
#13232=DIRECTION('ref_axis',(-0.866025403784438,0.482962913144535,0.12940952255126));
#13233=DIRECTION('',(0.866025403784438,0.482962913144535,0.129409522551261));
#13234=DIRECTION('center_axis',(0.,-0.258819045102521,0.965925826289068));
#13235=DIRECTION('ref_axis',(-2.56395024851141E-14,0.965925826289068,0.258819045102522));
#13236=DIRECTION('',(0.866025403784439,-0.482962913144534,-0.12940952255126));
#13237=DIRECTION('center_axis',(0.,-0.258819045102521,0.965925826289068));
#13238=DIRECTION('ref_axis',(0.866025403784434,0.482962913144541,0.129409522551263));
#13239=DIRECTION('',(0.,-0.965925826289068,-0.258819045102521));
#13240=DIRECTION('center_axis',(0.,-0.258819045102521,0.965925826289068));
#13241=DIRECTION('ref_axis',(0.866025403784434,-0.482962913144541,-0.129409522551263));
#13242=DIRECTION('',(-0.866025403784439,-0.482962913144534,-0.12940952255126));
#13243=DIRECTION('center_axis',(0.,-0.258819045102521,0.965925826289068));
#13244=DIRECTION('ref_axis',(0.,-0.965925826289068,-0.258819045102522));
#13245=DIRECTION('',(-0.866025403784439,0.482962913144534,0.12940952255126));
#13246=DIRECTION('center_axis',(0.,-0.258819045102521,0.965925826289068));
#13247=DIRECTION('ref_axis',(-0.866025403784434,-0.482962913144541,-0.129409522551263));
#13248=DIRECTION('',(0.,0.965925826289068,0.258819045102521));
#13249=DIRECTION('center_axis',(0.,-0.258819045102521,0.965925826289068));
#13250=DIRECTION('ref_axis',(-0.866025403784438,0.482962913144535,0.12940952255126));
#13251=DIRECTION('',(0.866025403784438,0.482962913144535,0.129409522551261));
#13252=DIRECTION('center_axis',(0.,-0.258819045102521,0.965925826289068));
#13253=DIRECTION('ref_axis',(-2.56395024851141E-14,0.965925826289068,0.258819045102522));
#13254=DIRECTION('',(0.866025403784439,-0.482962913144534,-0.12940952255126));
#13255=DIRECTION('center_axis',(0.,-0.258819045102521,0.965925826289068));
#13256=DIRECTION('ref_axis',(0.866025403784434,0.482962913144541,0.129409522551263));
#13257=DIRECTION('',(0.,-0.965925826289068,-0.258819045102521));
#13258=DIRECTION('center_axis',(0.,-0.258819045102521,0.965925826289068));
#13259=DIRECTION('ref_axis',(0.866025403784434,-0.482962913144541,-0.129409522551263));
#13260=DIRECTION('',(-0.866025403784439,-0.482962913144534,-0.12940952255126));
#13261=DIRECTION('center_axis',(0.,-0.258819045102521,0.965925826289068));
#13262=DIRECTION('ref_axis',(0.,-0.965925826289068,-0.258819045102522));
#13263=DIRECTION('',(-0.866025403784439,0.482962913144534,0.12940952255126));
#13264=DIRECTION('center_axis',(0.,-0.258819045102521,0.965925826289068));
#13265=DIRECTION('ref_axis',(-0.866025403784434,-0.482962913144541,-0.129409522551263));
#13266=DIRECTION('',(0.,0.965925826289068,0.258819045102521));
#13267=DIRECTION('center_axis',(0.,-0.258819045102521,0.965925826289068));
#13268=DIRECTION('ref_axis',(-0.866025403784438,0.482962913144535,0.12940952255126));
#13269=DIRECTION('',(0.866025403784438,0.482962913144535,0.129409522551261));
#13270=DIRECTION('center_axis',(0.,-0.258819045102521,0.965925826289068));
#13271=DIRECTION('ref_axis',(-2.56395024851141E-14,0.965925826289068,0.258819045102522));
#13272=DIRECTION('',(0.866025403784439,-0.482962913144534,-0.12940952255126));
#13273=DIRECTION('center_axis',(0.,-0.258819045102521,0.965925826289068));
#13274=DIRECTION('ref_axis',(0.866025403784434,0.482962913144541,0.129409522551263));
#13275=DIRECTION('',(0.,-0.965925826289068,-0.258819045102521));
#13276=DIRECTION('center_axis',(0.,-0.258819045102521,0.965925826289068));
#13277=DIRECTION('ref_axis',(0.866025403784434,-0.482962913144541,-0.129409522551263));
#13278=DIRECTION('',(-0.866025403784439,-0.482962913144534,-0.12940952255126));
#13279=DIRECTION('center_axis',(0.,-0.258819045102521,0.965925826289068));
#13280=DIRECTION('ref_axis',(0.,-0.965925826289068,-0.258819045102522));
#13281=DIRECTION('',(-0.866025403784439,0.482962913144534,0.12940952255126));
#13282=DIRECTION('center_axis',(0.,-0.258819045102521,0.965925826289068));
#13283=DIRECTION('ref_axis',(-0.866025403784434,-0.482962913144541,-0.129409522551263));
#13284=DIRECTION('',(0.,0.965925826289068,0.258819045102521));
#13285=DIRECTION('center_axis',(-8.36851526099364E-18,-0.258819045102521,
0.965925826289068));
#13286=DIRECTION('ref_axis',(1.,0.,8.66372451510499E-18));
#13287=DIRECTION('',(1.,-2.16593112877625E-18,8.08336501828796E-18));
#13288=DIRECTION('center_axis',(-8.36851526099364E-18,-0.258819045102521,
0.965925826289068));
#13289=DIRECTION('ref_axis',(-0.866025403784442,0.482962913144527,0.129409522551261));
#13290=DIRECTION('',(0.866025403784438,0.482962913144534,0.129409522551261));
#13291=DIRECTION('center_axis',(-8.36851526099364E-18,-0.258819045102521,
0.965925826289068));
#13292=DIRECTION('ref_axis',(0.,0.965925826289067,0.258819045102525));
#13293=DIRECTION('',(0.866025403784438,-0.482962913144534,-0.129409522551261));
#13294=DIRECTION('center_axis',(-8.36851526099364E-18,-0.258819045102521,
0.965925826289068));
#13295=DIRECTION('ref_axis',(0.866025403784436,0.482962913144538,0.129409522551264));
#13296=DIRECTION('',(0.,-0.965925826289068,-0.258819045102521));
#13297=DIRECTION('center_axis',(-8.36851526099364E-18,-0.258819045102521,
0.965925826289068));
#13298=DIRECTION('ref_axis',(0.866025403784442,-0.482962913144527,-0.129409522551261));
#13299=DIRECTION('',(-0.866025403784438,-0.482962913144534,-0.129409522551261));
#13300=DIRECTION('center_axis',(-8.36851526099364E-18,-0.258819045102521,
0.965925826289068));
#13301=DIRECTION('ref_axis',(2.56395024851141E-14,-0.965925826289068,-0.258819045102522));
#13302=DIRECTION('',(-0.866025403784438,0.482962913144534,0.129409522551261));
#13303=DIRECTION('center_axis',(-8.36851526099364E-18,-0.258819045102521,
0.965925826289068));
#13304=DIRECTION('ref_axis',(-0.866025403784436,-0.482962913144538,-0.129409522551264));
#13305=DIRECTION('',(0.,0.965925826289068,0.258819045102521));
#13306=DIRECTION('center_axis',(-8.36851526099364E-18,-0.258819045102521,
0.965925826289068));
#13307=DIRECTION('ref_axis',(-0.866025403784442,0.482962913144527,0.129409522551261));
#13308=DIRECTION('',(0.866025403784438,0.482962913144534,0.129409522551261));
#13309=DIRECTION('center_axis',(-8.36851526099364E-18,-0.258819045102521,
0.965925826289068));
#13310=DIRECTION('ref_axis',(0.,0.965925826289067,0.258819045102525));
#13311=DIRECTION('',(0.866025403784438,-0.482962913144534,-0.129409522551261));
#13312=DIRECTION('center_axis',(-8.36851526099364E-18,-0.258819045102521,
0.965925826289068));
#13313=DIRECTION('ref_axis',(0.866025403784436,0.482962913144538,0.129409522551264));
#13314=DIRECTION('',(0.,-0.965925826289068,-0.258819045102521));
#13315=DIRECTION('center_axis',(-8.36851526099364E-18,-0.258819045102521,
0.965925826289068));
#13316=DIRECTION('ref_axis',(0.866025403784442,-0.482962913144527,-0.129409522551261));
#13317=DIRECTION('',(-0.866025403784438,-0.482962913144534,-0.129409522551261));
#13318=DIRECTION('center_axis',(-8.36851526099364E-18,-0.258819045102521,
0.965925826289068));
#13319=DIRECTION('ref_axis',(2.56395024851141E-14,-0.965925826289068,-0.258819045102522));
#13320=DIRECTION('',(-0.866025403784438,0.482962913144534,0.129409522551261));
#13321=DIRECTION('center_axis',(-8.36851526099364E-18,-0.258819045102521,
0.965925826289068));
#13322=DIRECTION('ref_axis',(-0.866025403784436,-0.482962913144538,-0.129409522551264));
#13323=DIRECTION('',(0.,0.965925826289068,0.258819045102521));
#13324=DIRECTION('center_axis',(-8.36851526099364E-18,-0.258819045102521,
0.965925826289068));
#13325=DIRECTION('ref_axis',(-0.866025403784442,0.482962913144527,0.129409522551261));
#13326=DIRECTION('',(0.866025403784438,0.482962913144534,0.129409522551261));
#13327=DIRECTION('center_axis',(-8.36851526099364E-18,-0.258819045102521,
0.965925826289068));
#13328=DIRECTION('ref_axis',(0.,0.965925826289067,0.258819045102525));
#13329=DIRECTION('',(0.866025403784438,-0.482962913144534,-0.129409522551261));
#13330=DIRECTION('center_axis',(-8.36851526099364E-18,-0.258819045102521,
0.965925826289068));
#13331=DIRECTION('ref_axis',(0.866025403784436,0.482962913144538,0.129409522551264));
#13332=DIRECTION('',(0.,-0.965925826289068,-0.258819045102521));
#13333=DIRECTION('center_axis',(-8.36851526099364E-18,-0.258819045102521,
0.965925826289068));
#13334=DIRECTION('ref_axis',(0.866025403784442,-0.482962913144527,-0.129409522551261));
#13335=DIRECTION('',(-0.866025403784438,-0.482962913144534,-0.129409522551261));
#13336=DIRECTION('center_axis',(-8.36851526099364E-18,-0.258819045102521,
0.965925826289068));
#13337=DIRECTION('ref_axis',(2.56395024851141E-14,-0.965925826289068,-0.258819045102522));
#13338=DIRECTION('',(-0.866025403784438,0.482962913144534,0.129409522551261));
#13339=DIRECTION('center_axis',(-8.36851526099364E-18,-0.258819045102521,
0.965925826289068));
#13340=DIRECTION('ref_axis',(-0.866025403784436,-0.482962913144538,-0.129409522551264));
#13341=DIRECTION('',(0.,0.965925826289068,0.258819045102521));
#13342=DIRECTION('center_axis',(-8.36851526099364E-18,-0.258819045102521,
0.965925826289068));
#13343=DIRECTION('ref_axis',(-0.866025403784442,0.482962913144527,0.129409522551261));
#13344=DIRECTION('',(0.866025403784438,0.482962913144534,0.129409522551261));
#13345=DIRECTION('center_axis',(-8.36851526099364E-18,-0.258819045102521,
0.965925826289068));
#13346=DIRECTION('ref_axis',(0.,0.965925826289067,0.258819045102525));
#13347=DIRECTION('',(0.866025403784438,-0.482962913144534,-0.129409522551261));
#13348=DIRECTION('center_axis',(-8.36851526099364E-18,-0.258819045102521,
0.965925826289068));
#13349=DIRECTION('ref_axis',(0.866025403784436,0.482962913144538,0.129409522551264));
#13350=DIRECTION('',(0.,-0.965925826289068,-0.258819045102521));
#13351=DIRECTION('center_axis',(-8.36851526099364E-18,-0.258819045102521,
0.965925826289068));
#13352=DIRECTION('ref_axis',(0.866025403784442,-0.482962913144527,-0.129409522551261));
#13353=DIRECTION('',(-0.866025403784438,-0.482962913144534,-0.129409522551261));
#13354=DIRECTION('center_axis',(-8.36851526099364E-18,-0.258819045102521,
0.965925826289068));
#13355=DIRECTION('ref_axis',(2.56395024851141E-14,-0.965925826289068,-0.258819045102522));
#13356=DIRECTION('',(-0.866025403784438,0.482962913144534,0.129409522551261));
#13357=DIRECTION('center_axis',(-8.36851526099364E-18,-0.258819045102521,
0.965925826289068));
#13358=DIRECTION('ref_axis',(-0.866025403784436,-0.482962913144538,-0.129409522551264));
#13359=DIRECTION('',(0.,0.965925826289068,0.258819045102521));
#13360=DIRECTION('center_axis',(-8.36851526099364E-18,-0.258819045102521,
0.965925826289068));
#13361=DIRECTION('ref_axis',(-0.866025403784442,0.482962913144527,0.129409522551261));
#13362=DIRECTION('',(0.866025403784438,0.482962913144534,0.129409522551261));
#13363=DIRECTION('center_axis',(-8.36851526099364E-18,-0.258819045102521,
0.965925826289068));
#13364=DIRECTION('ref_axis',(0.,0.965925826289067,0.258819045102525));
#13365=DIRECTION('',(0.866025403784438,-0.482962913144534,-0.129409522551261));
#13366=DIRECTION('center_axis',(-8.36851526099364E-18,-0.258819045102521,
0.965925826289068));
#13367=DIRECTION('ref_axis',(0.866025403784436,0.482962913144538,0.129409522551264));
#13368=DIRECTION('',(0.,-0.965925826289068,-0.258819045102521));
#13369=DIRECTION('center_axis',(-8.36851526099364E-18,-0.258819045102521,
0.965925826289068));
#13370=DIRECTION('ref_axis',(0.866025403784442,-0.482962913144527,-0.129409522551261));
#13371=DIRECTION('',(-0.866025403784438,-0.482962913144534,-0.129409522551261));
#13372=DIRECTION('center_axis',(-8.36851526099364E-18,-0.258819045102521,
0.965925826289068));
#13373=DIRECTION('ref_axis',(2.56395024851141E-14,-0.965925826289068,-0.258819045102522));
#13374=DIRECTION('',(-0.866025403784438,0.482962913144534,0.129409522551261));
#13375=DIRECTION('center_axis',(-8.36851526099364E-18,-0.258819045102521,
0.965925826289068));
#13376=DIRECTION('ref_axis',(-0.866025403784436,-0.482962913144538,-0.129409522551264));
#13377=DIRECTION('',(0.,0.965925826289068,0.258819045102521));
#13378=DIRECTION('center_axis',(-8.36851526099364E-18,-0.258819045102521,
0.965925826289068));
#13379=DIRECTION('ref_axis',(-0.866025403784442,0.482962913144527,0.129409522551261));
#13380=DIRECTION('',(0.866025403784438,0.482962913144534,0.129409522551261));
#13381=DIRECTION('center_axis',(-8.36851526099364E-18,-0.258819045102521,
0.965925826289068));
#13382=DIRECTION('ref_axis',(0.,0.965925826289067,0.258819045102525));
#13383=DIRECTION('',(0.866025403784438,-0.482962913144534,-0.129409522551261));
#13384=DIRECTION('center_axis',(-8.36851526099364E-18,-0.258819045102521,
0.965925826289068));
#13385=DIRECTION('ref_axis',(0.866025403784436,0.482962913144538,0.129409522551264));
#13386=DIRECTION('',(0.,-0.965925826289068,-0.258819045102521));
#13387=DIRECTION('center_axis',(-8.36851526099364E-18,-0.258819045102521,
0.965925826289068));
#13388=DIRECTION('ref_axis',(0.866025403784442,-0.482962913144527,-0.129409522551261));
#13389=DIRECTION('',(-0.866025403784438,-0.482962913144534,-0.129409522551261));
#13390=DIRECTION('center_axis',(-8.36851526099364E-18,-0.258819045102521,
0.965925826289068));
#13391=DIRECTION('ref_axis',(2.56395024851141E-14,-0.965925826289068,-0.258819045102522));
#13392=DIRECTION('',(-0.866025403784438,0.482962913144534,0.129409522551261));
#13393=DIRECTION('center_axis',(-8.36851526099364E-18,-0.258819045102521,
0.965925826289068));
#13394=DIRECTION('ref_axis',(-0.866025403784436,-0.482962913144538,-0.129409522551264));
#13395=DIRECTION('',(0.,0.965925826289068,0.258819045102521));
#13396=DIRECTION('center_axis',(-8.36851526099364E-18,-0.258819045102521,
0.965925826289068));
#13397=DIRECTION('ref_axis',(-0.866025403784442,0.482962913144527,0.129409522551261));
#13398=DIRECTION('',(0.866025403784438,0.482962913144534,0.129409522551261));
#13399=DIRECTION('center_axis',(-8.36851526099364E-18,-0.258819045102521,
0.965925826289068));
#13400=DIRECTION('ref_axis',(0.,0.965925826289067,0.258819045102525));
#13401=DIRECTION('',(0.866025403784438,-0.482962913144534,-0.129409522551261));
#13402=DIRECTION('center_axis',(-8.36851526099364E-18,-0.258819045102521,
0.965925826289068));
#13403=DIRECTION('ref_axis',(0.866025403784436,0.482962913144538,0.129409522551264));
#13404=DIRECTION('',(0.,-0.965925826289068,-0.258819045102521));
#13405=DIRECTION('center_axis',(-8.36851526099364E-18,-0.258819045102521,
0.965925826289068));
#13406=DIRECTION('ref_axis',(0.866025403784442,-0.482962913144527,-0.129409522551261));
#13407=DIRECTION('',(-0.866025403784438,-0.482962913144534,-0.129409522551261));
#13408=DIRECTION('center_axis',(-8.36851526099364E-18,-0.258819045102521,
0.965925826289068));
#13409=DIRECTION('ref_axis',(2.56395024851141E-14,-0.965925826289068,-0.258819045102522));
#13410=DIRECTION('',(-0.866025403784438,0.482962913144534,0.129409522551261));
#13411=DIRECTION('center_axis',(-8.36851526099364E-18,-0.258819045102521,
0.965925826289068));
#13412=DIRECTION('ref_axis',(-0.866025403784436,-0.482962913144538,-0.129409522551264));
#13413=DIRECTION('',(0.,0.965925826289068,0.258819045102521));
#13414=DIRECTION('center_axis',(-8.36851526099364E-18,-0.258819045102521,
0.965925826289068));
#13415=DIRECTION('ref_axis',(-0.866025403784442,0.482962913144527,0.129409522551261));
#13416=DIRECTION('',(0.866025403784438,0.482962913144534,0.129409522551261));
#13417=DIRECTION('center_axis',(-8.36851526099364E-18,-0.258819045102521,
0.965925826289068));
#13418=DIRECTION('ref_axis',(0.,0.965925826289067,0.258819045102525));
#13419=DIRECTION('',(0.866025403784438,-0.482962913144534,-0.129409522551261));
#13420=DIRECTION('center_axis',(-8.36851526099364E-18,-0.258819045102521,
0.965925826289068));
#13421=DIRECTION('ref_axis',(0.866025403784436,0.482962913144538,0.129409522551264));
#13422=DIRECTION('',(0.,-0.965925826289068,-0.258819045102521));
#13423=DIRECTION('center_axis',(-8.36851526099364E-18,-0.258819045102521,
0.965925826289068));
#13424=DIRECTION('ref_axis',(0.866025403784442,-0.482962913144527,-0.129409522551261));
#13425=DIRECTION('',(-0.866025403784438,-0.482962913144534,-0.129409522551261));
#13426=DIRECTION('center_axis',(-8.36851526099364E-18,-0.258819045102521,
0.965925826289068));
#13427=DIRECTION('ref_axis',(2.56395024851141E-14,-0.965925826289068,-0.258819045102522));
#13428=DIRECTION('',(-0.866025403784438,0.482962913144534,0.129409522551261));
#13429=DIRECTION('center_axis',(-8.36851526099364E-18,-0.258819045102521,
0.965925826289068));
#13430=DIRECTION('ref_axis',(-0.866025403784436,-0.482962913144538,-0.129409522551264));
#13431=DIRECTION('',(0.,0.965925826289068,0.258819045102521));
#13432=DIRECTION('center_axis',(-8.36851526099364E-18,-0.258819045102521,
0.965925826289068));
#13433=DIRECTION('ref_axis',(-0.866025403784442,0.482962913144527,0.129409522551261));
#13434=DIRECTION('',(0.866025403784438,0.482962913144534,0.129409522551261));
#13435=DIRECTION('center_axis',(-8.36851526099364E-18,-0.258819045102521,
0.965925826289068));
#13436=DIRECTION('ref_axis',(0.,0.965925826289067,0.258819045102525));
#13437=DIRECTION('',(0.866025403784438,-0.482962913144534,-0.129409522551261));
#13438=DIRECTION('center_axis',(-8.36851526099364E-18,-0.258819045102521,
0.965925826289068));
#13439=DIRECTION('ref_axis',(0.866025403784436,0.482962913144538,0.129409522551264));
#13440=DIRECTION('',(0.,-0.965925826289068,-0.258819045102521));
#13441=DIRECTION('center_axis',(-8.36851526099364E-18,-0.258819045102521,
0.965925826289068));
#13442=DIRECTION('ref_axis',(0.866025403784442,-0.482962913144527,-0.129409522551261));
#13443=DIRECTION('',(-0.866025403784438,-0.482962913144534,-0.129409522551261));
#13444=DIRECTION('center_axis',(-8.36851526099364E-18,-0.258819045102521,
0.965925826289068));
#13445=DIRECTION('ref_axis',(2.56395024851141E-14,-0.965925826289068,-0.258819045102522));
#13446=DIRECTION('',(-0.866025403784438,0.482962913144534,0.129409522551261));
#13447=DIRECTION('center_axis',(-8.36851526099364E-18,-0.258819045102521,
0.965925826289068));
#13448=DIRECTION('ref_axis',(-0.866025403784436,-0.482962913144538,-0.129409522551264));
#13449=DIRECTION('',(0.,0.965925826289068,0.258819045102521));
#13450=DIRECTION('center_axis',(0.,0.258819045102521,-0.965925826289068));
#13451=DIRECTION('ref_axis',(0.,0.965925826289068,0.258819045102521));
#13452=DIRECTION('',(0.,-0.258819045102521,0.965925826289068));
#13453=DIRECTION('center_axis',(-1.54074395550979E-33,0.965925826289068,
0.258819045102521));
#13454=DIRECTION('ref_axis',(-1.,-6.24667093661555E-18,2.33128933136131E-17));
#13455=DIRECTION('',(1.,0.,0.));
#13456=DIRECTION('',(0.,-0.258819045102521,0.965925826289068));
#13457=DIRECTION('center_axis',(0.,0.258819045102521,-0.965925826289068));
#13458=DIRECTION('ref_axis',(0.,0.965925826289068,0.258819045102521));
#13459=DIRECTION('center_axis',(0.,-0.965925826289068,-0.258819045102521));
#13460=DIRECTION('ref_axis',(1.,0.,0.));
#13461=DIRECTION('center_axis',(0.,1.,0.));
#13462=DIRECTION('ref_axis',(-1.,0.,0.));
#13463=DIRECTION('',(0.,0.,1.));
#13464=DIRECTION('',(0.,0.,1.));
#13465=DIRECTION('',(1.,-9.65411325761006E-17,-9.65411325761005E-17));
#13466=DIRECTION('',(-1.,0.,0.));
#13467=DIRECTION('',(1.,-9.65411325761006E-17,-9.65411325761005E-17));
#13468=DIRECTION('center_axis',(0.,0.,1.));
#13469=DIRECTION('ref_axis',(0.707106781186548,-0.707106781186547,0.));
#13470=DIRECTION('',(0.,-0.707106781186548,0.707106781186547));
#13471=DIRECTION('center_axis',(0.,0.,1.));
#13472=DIRECTION('ref_axis',(0.707106781186548,-0.707106781186547,0.));
#13473=DIRECTION('',(0.707106781186548,0.,0.707106781186547));
#13474=DIRECTION('center_axis',(0.,0.,1.));
#13475=DIRECTION('ref_axis',(0.707106781186548,-0.707106781186547,0.));
#13476=DIRECTION('center_axis',(0.,-0.707106781186547,-0.707106781186548));
#13477=DIRECTION('ref_axis',(-1.,0.,0.));
#13478=DIRECTION('',(-1.,-6.03382078600629E-18,6.03382078600628E-18));
#13479=DIRECTION('',(0.,-0.707106781186547,0.707106781186548));
#13480=DIRECTION('',(1.,0.,0.));
#13481=DIRECTION('center_axis',(0.,0.,1.));
#13482=DIRECTION('ref_axis',(-0.707106781186547,-0.707106781186547,0.));
#13483=DIRECTION('center_axis',(0.,0.,-1.));
#13484=DIRECTION('ref_axis',(-1.,4.44089209850063E-16,0.));
#13485=DIRECTION('',(-0.707106781186548,0.,0.707106781186547));
#13486=DIRECTION('center_axis',(0.,0.,1.));
#13487=DIRECTION('ref_axis',(-0.707106781186547,-0.707106781186547,0.));
#13488=DIRECTION('center_axis',(-0.707106781186547,0.,-0.707106781186548));
#13489=DIRECTION('ref_axis',(-0.707106781186548,0.,0.707106781186547));
#13490=DIRECTION('',(-0.707106781186547,0.,0.707106781186548));
#13491=DIRECTION('',(0.,-1.,0.));
#13492=DIRECTION('center_axis',(0.,0.,1.));
#13493=DIRECTION('ref_axis',(-0.707106781186547,0.707106781186548,0.));
#13494=DIRECTION('center_axis',(0.,0.,-1.));
#13495=DIRECTION('ref_axis',(1.62832710278357E-15,1.,0.));
#13496=DIRECTION('',(0.,-0.707106781186548,-0.707106781186547));
#13497=DIRECTION('center_axis',(0.,0.,1.));
#13498=DIRECTION('ref_axis',(-0.707106781186547,0.707106781186548,0.));
#13499=DIRECTION('center_axis',(0.,0.707106781186547,-0.707106781186548));
#13500=DIRECTION('ref_axis',(-1.,0.,0.));
#13501=DIRECTION('',(0.,0.707106781186548,0.707106781186547));
#13502=DIRECTION('',(-1.,0.,0.));
#13503=DIRECTION('center_axis',(0.,0.,1.));
#13504=DIRECTION('ref_axis',(-0.707106781186547,0.707106781186548,0.));
#13505=DIRECTION('',(0.,-0.707106781186548,-0.707106781186547));
#13506=DIRECTION('center_axis',(0.,0.,1.));
#13507=DIRECTION('ref_axis',(-0.707106781186547,0.707106781186548,0.));
#13508=DIRECTION('',(-0.707106781186549,0.,0.707106781186546));
#13509=DIRECTION('center_axis',(0.,0.,-1.));
#13510=DIRECTION('ref_axis',(-0.707106781186547,0.707106781186548,0.));
#13511=DIRECTION('center_axis',(0.,0.707106781186548,-0.707106781186548));
#13512=DIRECTION('ref_axis',(-1.,0.,0.));
#13513=DIRECTION('',(0.,-0.707106781186548,-0.707106781186548));
#13514=DIRECTION('',(-1.,0.,0.));
#13515=DIRECTION('',(1.,0.,0.));
#13516=DIRECTION('center_axis',(0.,0.,1.));
#13517=DIRECTION('ref_axis',(0.707106781186547,0.707106781186547,0.));
#13518=DIRECTION('',(-0.707106781186548,0.,-0.707106781186547));
#13519=DIRECTION('center_axis',(0.,0.,1.));
#13520=DIRECTION('ref_axis',(0.707106781186548,0.707106781186548,0.));
#13521=DIRECTION('center_axis',(0.,0.,-1.));
#13522=DIRECTION('ref_axis',(0.707106781186547,0.707106781186547,0.));
#13523=DIRECTION('center_axis',(0.707106781186548,0.,-0.707106781186548));
#13524=DIRECTION('ref_axis',(-0.707106781186548,0.,-0.707106781186548));
#13525=DIRECTION('',(-0.707106781186548,0.,-0.707106781186548));
#13526=DIRECTION('',(0.,1.,0.));
#13527=DIRECTION('',(0.,-1.,0.));
#13528=DIRECTION('center_axis',(0.,0.,1.));
#13529=DIRECTION('ref_axis',(0.707106781186548,-0.707106781186547,0.));
#13530=DIRECTION('',(0.,0.707106781186547,-0.707106781186548));
#13531=DIRECTION('center_axis',(0.,0.,1.));
#13532=DIRECTION('ref_axis',(0.707106781186548,-0.707106781186547,0.));
#13533=DIRECTION('center_axis',(0.,0.,-1.));
#13534=DIRECTION('ref_axis',(0.707106781186548,-0.707106781186547,0.));
#13535=DIRECTION('center_axis',(0.,-0.707106781186548,-0.707106781186548));
#13536=DIRECTION('ref_axis',(-1.,0.,0.));
#13537=DIRECTION('',(0.,0.707106781186548,-0.707106781186547));
#13538=DIRECTION('',(1.,0.,0.));
#13539=DIRECTION('',(-1.,0.,0.));
#13540=DIRECTION('center_axis',(0.,0.,1.));
#13541=DIRECTION('ref_axis',(-0.707106781186547,-0.707106781186547,0.));
#13542=DIRECTION('',(0.707106781186547,0.,-0.707106781186548));
#13543=DIRECTION('center_axis',(0.,0.,1.));
#13544=DIRECTION('ref_axis',(-0.707106781186547,-0.707106781186547,0.));
#13545=DIRECTION('center_axis',(0.,0.,-1.));
#13546=DIRECTION('ref_axis',(-0.707106781186547,-0.707106781186547,0.));
#13547=DIRECTION('center_axis',(-0.707106781186548,0.,-0.707106781186548));
#13548=DIRECTION('ref_axis',(-0.707106781186548,0.,0.707106781186548));
#13549=DIRECTION('',(0.,-1.,0.));
#13550=DIRECTION('',(0.,1.,0.));
#13551=DIRECTION('center_axis',(1.,0.,0.));
#13552=DIRECTION('ref_axis',(0.,-1.,0.));
#13553=DIRECTION('',(0.,0.,-1.));
#13554=DIRECTION('',(0.,1.,0.));
#13555=DIRECTION('',(0.,0.,-1.));
#13556=DIRECTION('center_axis',(0.,0.,-1.));
#13557=DIRECTION('ref_axis',(0.707106781186547,0.707106781186547,0.));
#13558=DIRECTION('',(0.,0.,-1.));
#13559=DIRECTION('center_axis',(0.,0.,1.));
#13560=DIRECTION('ref_axis',(0.707106781186547,0.707106781186547,0.));
#13561=DIRECTION('center_axis',(0.,1.,0.));
#13562=DIRECTION('ref_axis',(1.,0.,0.));
#13563=DIRECTION('',(0.,0.,-1.));
#13564=DIRECTION('center_axis',(0.,0.,-1.));
#13565=DIRECTION('ref_axis',(-0.707106781186547,0.707106781186548,0.));
#13566=DIRECTION('',(0.,0.,-1.));
#13567=DIRECTION('center_axis',(0.,0.,-1.));
#13568=DIRECTION('ref_axis',(-1.,0.,0.));
#13569=DIRECTION('center_axis',(-1.,0.,0.));
#13570=DIRECTION('ref_axis',(0.,1.,0.));
#13571=DIRECTION('',(0.,0.,-1.));
#13572=DIRECTION('center_axis',(0.,0.,-1.));
#13573=DIRECTION('ref_axis',(-0.707106781186547,-0.707106781186547,0.));
#13574=DIRECTION('',(0.,0.,-1.));
#13575=DIRECTION('center_axis',(0.,-1.,0.));
#13576=DIRECTION('ref_axis',(-1.,0.,0.));
#13577=DIRECTION('',(0.,0.,-1.));
#13578=DIRECTION('center_axis',(0.,0.,-1.));
#13579=DIRECTION('ref_axis',(0.707106781186548,-0.707106781186547,0.));
#13580=DIRECTION('center_axis',(0.707106781186547,0.,-0.707106781186548));
#13581=DIRECTION('ref_axis',(-0.707106781186548,0.,-0.707106781186547));
#13582=DIRECTION('',(0.707106781186548,0.,0.707106781186547));
#13583=DIRECTION('',(0.,-1.,0.));
#13584=DIRECTION('center_axis',(0.,0.,1.));
#13585=DIRECTION('ref_axis',(0.707106781186547,0.707106781186547,0.));
#13586=DIRECTION('center_axis',(0.,0.,1.));
#13587=DIRECTION('ref_axis',(0.707106781186548,0.707106781186548,0.));
#13588=DIRECTION('center_axis',(0.,0.,1.));
#13589=DIRECTION('ref_axis',(1.,0.,0.));
#13590=DIRECTION('center_axis',(0.,0.,1.));
#13591=DIRECTION('ref_axis',(-0.707106781186547,0.707106781186548,0.));
#13592=DIRECTION('center_axis',(0.,0.,1.));
#13593=DIRECTION('ref_axis',(1.,0.,0.));
#13594=DIRECTION('center_axis',(0.,0.,1.));
#13595=DIRECTION('ref_axis',(-0.707106781186548,-0.707106781186548,0.));
#13596=DIRECTION('',(1.,0.,0.));
#13597=DIRECTION('center_axis',(0.,0.,1.));
#13598=DIRECTION('ref_axis',(-0.707106781186547,-0.707106781186547,0.));
#13599=DIRECTION('',(-0.707106781186548,0.,0.707106781186547));
#13600=DIRECTION('center_axis',(0.,0.,1.));
#13601=DIRECTION('ref_axis',(-0.707106781186547,-0.707106781186547,0.));
#13602=DIRECTION('',(0.,-0.707106781186547,0.707106781186548));
#13603=DIRECTION('center_axis',(0.,0.,1.));
#13604=DIRECTION('ref_axis',(-0.707106781186547,0.707106781186548,0.));
#13605=DIRECTION('',(0.,-0.707106781186548,-0.707106781186547));
#13606=DIRECTION('center_axis',(0.,0.,1.));
#13607=DIRECTION('ref_axis',(-0.707106781186547,0.707106781186548,0.));
#13608=DIRECTION('',(-0.707106781186549,0.,0.707106781186546));
#13609=DIRECTION('center_axis',(0.,0.,-1.));
#13610=DIRECTION('ref_axis',(-0.707106781186547,0.707106781186548,0.));
#13611=DIRECTION('center_axis',(0.,0.707106781186548,-0.707106781186548));
#13612=DIRECTION('ref_axis',(-1.,0.,0.));
#13613=DIRECTION('',(0.,-0.707106781186548,-0.707106781186548));
#13614=DIRECTION('',(-1.,0.,0.));
#13615=DIRECTION('',(1.,0.,0.));
#13616=DIRECTION('center_axis',(0.,0.,1.));
#13617=DIRECTION('ref_axis',(0.707106781186547,0.707106781186547,0.));
#13618=DIRECTION('',(-0.707106781186548,0.,-0.707106781186547));
#13619=DIRECTION('center_axis',(0.,0.,1.));
#13620=DIRECTION('ref_axis',(0.707106781186548,0.707106781186548,0.));
#13621=DIRECTION('center_axis',(0.,0.,-1.));
#13622=DIRECTION('ref_axis',(0.707106781186547,0.707106781186547,0.));
#13623=DIRECTION('center_axis',(0.707106781186548,0.,-0.707106781186548));
#13624=DIRECTION('ref_axis',(-0.707106781186548,0.,-0.707106781186548));
#13625=DIRECTION('',(-0.707106781186548,0.,-0.707106781186548));
#13626=DIRECTION('',(0.,1.,0.));
#13627=DIRECTION('',(0.,-1.,0.));
#13628=DIRECTION('center_axis',(0.,0.,1.));
#13629=DIRECTION('ref_axis',(0.707106781186548,-0.707106781186547,0.));
#13630=DIRECTION('',(0.,0.707106781186547,-0.707106781186548));
#13631=DIRECTION('center_axis',(0.,0.,1.));
#13632=DIRECTION('ref_axis',(0.707106781186548,-0.707106781186547,0.));
#13633=DIRECTION('center_axis',(0.,0.,-1.));
#13634=DIRECTION('ref_axis',(0.707106781186548,-0.707106781186547,0.));
#13635=DIRECTION('center_axis',(0.,-0.707106781186548,-0.707106781186548));
#13636=DIRECTION('ref_axis',(-1.,0.,0.));
#13637=DIRECTION('',(0.,0.707106781186548,-0.707106781186547));
#13638=DIRECTION('',(1.,0.,0.));
#13639=DIRECTION('',(-1.,0.,0.));
#13640=DIRECTION('center_axis',(0.,0.,1.));
#13641=DIRECTION('ref_axis',(-0.707106781186547,-0.707106781186547,0.));
#13642=DIRECTION('',(0.707106781186547,0.,-0.707106781186548));
#13643=DIRECTION('center_axis',(0.,0.,1.));
#13644=DIRECTION('ref_axis',(-0.707106781186547,-0.707106781186547,0.));
#13645=DIRECTION('center_axis',(0.,0.,-1.));
#13646=DIRECTION('ref_axis',(-0.707106781186547,-0.707106781186547,0.));
#13647=DIRECTION('center_axis',(-0.707106781186548,0.,-0.707106781186548));
#13648=DIRECTION('ref_axis',(-0.707106781186548,0.,0.707106781186548));
#13649=DIRECTION('',(0.,-1.,0.));
#13650=DIRECTION('',(0.,1.,0.));
#13651=DIRECTION('center_axis',(1.,0.,0.));
#13652=DIRECTION('ref_axis',(0.,-1.,0.));
#13653=DIRECTION('',(0.,0.,-1.));
#13654=DIRECTION('',(0.,1.,0.));
#13655=DIRECTION('',(0.,0.,-1.));
#13656=DIRECTION('center_axis',(0.,0.,-1.));
#13657=DIRECTION('ref_axis',(0.707106781186547,0.707106781186547,0.));
#13658=DIRECTION('',(0.,0.,-1.));
#13659=DIRECTION('center_axis',(0.,0.,1.));
#13660=DIRECTION('ref_axis',(0.707106781186547,0.707106781186547,0.));
#13661=DIRECTION('center_axis',(0.,1.,0.));
#13662=DIRECTION('ref_axis',(1.,0.,0.));
#13663=DIRECTION('',(0.,0.,-1.));
#13664=DIRECTION('',(-1.,0.,0.));
#13665=DIRECTION('center_axis',(0.,0.,-1.));
#13666=DIRECTION('ref_axis',(-0.707106781186547,0.707106781186548,0.));
#13667=DIRECTION('',(0.,0.,-1.));
#13668=DIRECTION('center_axis',(0.,0.,1.));
#13669=DIRECTION('ref_axis',(-0.707106781186547,0.707106781186548,0.));
#13670=DIRECTION('center_axis',(0.,0.,-1.));
#13671=DIRECTION('ref_axis',(-1.,0.,0.));
#13672=DIRECTION('center_axis',(-1.,0.,0.));
#13673=DIRECTION('ref_axis',(0.,1.,0.));
#13674=DIRECTION('',(0.,0.,-1.));
#13675=DIRECTION('',(0.,-1.,0.));
#13676=DIRECTION('center_axis',(0.,0.,-1.));
#13677=DIRECTION('ref_axis',(-0.707106781186547,-0.707106781186547,0.));
#13678=DIRECTION('',(0.,0.,-1.));
#13679=DIRECTION('center_axis',(0.,-1.,0.));
#13680=DIRECTION('ref_axis',(-1.,0.,0.));
#13681=DIRECTION('',(0.,0.,-1.));
#13682=DIRECTION('',(1.,0.,0.));
#13683=DIRECTION('center_axis',(0.,0.,-1.));
#13684=DIRECTION('ref_axis',(0.707106781186548,-0.707106781186547,0.));
#13685=DIRECTION('center_axis',(0.,0.,1.));
#13686=DIRECTION('ref_axis',(0.707106781186548,-0.707106781186547,0.));
#13687=DIRECTION('center_axis',(0.,0.,1.));
#13688=DIRECTION('ref_axis',(-0.707106781186547,0.707106781186548,0.));
#13689=DIRECTION('',(0.,-0.707106781186548,-0.707106781186547));
#13690=DIRECTION('',(-0.707106781186547,0.,0.707106781186548));
#13691=DIRECTION('center_axis',(-0.707106781186547,0.,-0.707106781186548));
#13692=DIRECTION('ref_axis',(-0.707106781186548,0.,0.707106781186547));
#13693=DIRECTION('center_axis',(0.,-0.707106781186547,-0.707106781186548));
#13694=DIRECTION('ref_axis',(-1.,0.,0.));
#13695=DIRECTION('',(-1.,-6.03382078600629E-18,6.03382078600628E-18));
#13696=DIRECTION('',(0.,-0.707106781186548,0.707106781186547));
#13697=DIRECTION('center_axis',(0.,0.,1.));
#13698=DIRECTION('ref_axis',(0.707106781186548,-0.707106781186547,0.));
#13699=DIRECTION('center_axis',(0.,0.,-1.));
#13700=DIRECTION('ref_axis',(-4.73695157173401E-15,-1.,0.));
#13701=DIRECTION('',(0.707106781186548,0.,0.707106781186547));
#13702=DIRECTION('center_axis',(0.707106781186547,0.,-0.707106781186548));
#13703=DIRECTION('ref_axis',(-0.707106781186548,0.,-0.707106781186547));
#13704=DIRECTION('',(0.707106781186548,0.,0.707106781186547));
#13705=DIRECTION('center_axis',(0.,0.,1.));
#13706=DIRECTION('ref_axis',(0.707106781186547,0.707106781186547,0.));
#13707=DIRECTION('center_axis',(0.,0.,-1.));
#13708=DIRECTION('ref_axis',(1.,-2.36847578586701E-15,0.));
#13709=DIRECTION('',(0.,0.707106781186548,0.707106781186547));
#13710=DIRECTION('center_axis',(0.,0.707106781186547,-0.707106781186548));
#13711=DIRECTION('ref_axis',(-1.,0.,0.));
#13712=DIRECTION('center_axis',(0.,0.,1.));
#13713=DIRECTION('ref_axis',(-0.707106781186547,-0.707106781186547,0.));
#13714=DIRECTION('',(0.,0.,-1.));
#13715=DIRECTION('center_axis',(0.,0.,1.));
#13716=DIRECTION('ref_axis',(0.707106781186547,-0.707106781186547,0.));
#13717=DIRECTION('',(0.,0.,1.));
#13718=DIRECTION('center_axis',(0.,0.,1.));
#13719=DIRECTION('ref_axis',(0.707106781186547,0.707106781186547,0.));
#13720=DIRECTION('center_axis',(0.,0.,1.));
#13721=DIRECTION('ref_axis',(-0.707106781186547,0.707106781186547,0.));
#13722=DIRECTION('center_axis',(0.,-1.,0.));
#13723=DIRECTION('ref_axis',(1.,0.,0.));
#13724=DIRECTION('center_axis',(0.,0.25881904510252,-0.965925826289068));
#13725=DIRECTION('ref_axis',(-0.866025403784438,0.482962913144535,0.12940952255126));
#13726=DIRECTION('center_axis',(0.,-0.25881904510252,0.965925826289068));
#13727=DIRECTION('ref_axis',(-0.866025403784438,0.482962913144535,0.12940952255126));
#13728=DIRECTION('',(0.,-0.25881904510252,0.965925826289068));
#13729=DIRECTION('',(0.,0.25881904510252,-0.965925826289068));
#13730=DIRECTION('center_axis',(0.,0.25881904510252,-0.965925826289068));
#13731=DIRECTION('ref_axis',(-1.,0.,0.));
#13732=DIRECTION('',(0.,-0.965925826289068,-0.25881904510252));
#13733=DIRECTION('center_axis',(0.,-0.25881904510252,0.965925826289068));
#13734=DIRECTION('ref_axis',(-0.866025403784434,-0.482962913144541,-0.129409522551263));
#13735=DIRECTION('',(0.866025403784439,-0.482962913144534,-0.12940952255126));
#13736=DIRECTION('center_axis',(0.,-0.25881904510252,0.965925826289068));
#13737=DIRECTION('ref_axis',(0.,-0.965925826289068,-0.258819045102522));
#13738=DIRECTION('',(0.866025403784439,0.482962913144534,0.12940952255126));
#13739=DIRECTION('center_axis',(0.,-0.25881904510252,0.965925826289068));
#13740=DIRECTION('ref_axis',(0.866025403784434,-0.482962913144541,-0.129409522551263));
#13741=DIRECTION('',(0.,0.965925826289068,0.25881904510252));
#13742=DIRECTION('center_axis',(0.,-0.25881904510252,0.965925826289068));
#13743=DIRECTION('ref_axis',(0.866025403784434,0.482962913144541,0.129409522551263));
#13744=DIRECTION('',(-0.866025403784439,0.482962913144534,0.12940952255126));
#13745=DIRECTION('center_axis',(0.,-0.25881904510252,0.965925826289068));
#13746=DIRECTION('ref_axis',(-2.56395024851141E-14,0.965925826289068,0.258819045102522));
#13747=DIRECTION('',(-0.866025403784438,-0.482962913144535,-0.12940952255126));
#13748=DIRECTION('center_axis',(-1.,0.,0.));
#13749=DIRECTION('ref_axis',(0.,0.965925826289068,0.25881904510252));
#13750=DIRECTION('',(0.,-0.25881904510252,0.965925826289068));
#13751=DIRECTION('center_axis',(0.,0.25881904510252,-0.965925826289068));
#13752=DIRECTION('ref_axis',(-0.866025403784434,-0.482962913144541,-0.129409522551263));
#13753=DIRECTION('',(0.,0.25881904510252,-0.965925826289068));
#13754=DIRECTION('center_axis',(0.,0.25881904510252,-0.965925826289068));
#13755=DIRECTION('ref_axis',(0.,-0.965925826289068,-0.258819045102522));
#13756=DIRECTION('',(0.,-0.25881904510252,0.965925826289068));
#13757=DIRECTION('',(0.,0.25881904510252,-0.965925826289068));
#13758=DIRECTION('center_axis',(0.5,-0.836516303737808,-0.224143868042013));
#13759=DIRECTION('ref_axis',(-0.866025403784439,-0.482962913144534,-0.12940952255126));
#13760=DIRECTION('',(0.,-0.25881904510252,0.965925826289068));
#13761=DIRECTION('center_axis',(0.,0.25881904510252,-0.965925826289068));
#13762=DIRECTION('ref_axis',(0.866025403784434,-0.482962913144541,-0.129409522551263));
#13763=DIRECTION('',(0.,0.25881904510252,-0.965925826289068));
#13764=DIRECTION('center_axis',(0.,0.25881904510252,-0.965925826289068));
#13765=DIRECTION('ref_axis',(0.866025403784434,0.482962913144541,0.129409522551263));
#13766=DIRECTION('',(0.,-0.25881904510252,0.965925826289068));
#13767=DIRECTION('',(0.,0.25881904510252,-0.965925826289068));
#13768=DIRECTION('center_axis',(0.5,0.836516303737808,0.224143868042013));
#13769=DIRECTION('ref_axis',(0.866025403784439,-0.482962913144534,-0.12940952255126));
#13770=DIRECTION('',(-1.38777878078145E-17,-0.25881904510252,0.965925826289068));
#13771=DIRECTION('center_axis',(0.,0.25881904510252,-0.965925826289068));
#13772=DIRECTION('ref_axis',(-2.56395024851141E-14,0.965925826289068,0.258819045102522));
#13773=DIRECTION('',(-1.38777878078145E-17,0.25881904510252,-0.965925826289068));
#13774=DIRECTION('center_axis',(-0.500000000000001,0.836516303737808,0.224143868042013));
#13775=DIRECTION('ref_axis',(0.866025403784438,0.482962913144535,0.12940952255126));
#13776=DIRECTION('center_axis',(-0.5,-0.836516303737808,-0.224143868042013));
#13777=DIRECTION('ref_axis',(-0.866025403784439,0.482962913144534,0.12940952255126));
#13778=DIRECTION('center_axis',(1.,0.,0.));
#13779=DIRECTION('ref_axis',(0.,-0.965925826289068,-0.25881904510252));
#13780=DIRECTION('center_axis',(0.,0.25881904510252,-0.965925826289068));
#13781=DIRECTION('ref_axis',(-0.866025403784438,0.482962913144535,0.12940952255126));
#13782=DIRECTION('center_axis',(0.,-0.25881904510252,0.965925826289068));
#13783=DIRECTION('ref_axis',(-0.866025403784438,0.482962913144535,0.12940952255126));
#13784=DIRECTION('',(0.,-0.25881904510252,0.965925826289068));
#13785=DIRECTION('',(0.,0.25881904510252,-0.965925826289068));
#13786=DIRECTION('center_axis',(0.,0.25881904510252,-0.965925826289068));
#13787=DIRECTION('ref_axis',(-1.,0.,0.));
#13788=DIRECTION('',(0.,-0.965925826289068,-0.25881904510252));
#13789=DIRECTION('center_axis',(0.,-0.25881904510252,0.965925826289068));
#13790=DIRECTION('ref_axis',(-0.866025403784434,-0.482962913144541,-0.129409522551263));
#13791=DIRECTION('',(0.866025403784439,-0.482962913144534,-0.12940952255126));
#13792=DIRECTION('center_axis',(0.,-0.25881904510252,0.965925826289068));
#13793=DIRECTION('ref_axis',(0.,-0.965925826289068,-0.258819045102522));
#13794=DIRECTION('',(0.866025403784439,0.482962913144534,0.12940952255126));
#13795=DIRECTION('center_axis',(0.,-0.25881904510252,0.965925826289068));
#13796=DIRECTION('ref_axis',(0.866025403784434,-0.482962913144541,-0.129409522551263));
#13797=DIRECTION('',(0.,0.965925826289068,0.25881904510252));
#13798=DIRECTION('center_axis',(0.,-0.25881904510252,0.965925826289068));
#13799=DIRECTION('ref_axis',(0.866025403784434,0.482962913144541,0.129409522551263));
#13800=DIRECTION('',(-0.866025403784439,0.482962913144534,0.12940952255126));
#13801=DIRECTION('center_axis',(0.,-0.25881904510252,0.965925826289068));
#13802=DIRECTION('ref_axis',(-2.56395024851141E-14,0.965925826289068,0.258819045102522));
#13803=DIRECTION('',(-0.866025403784438,-0.482962913144535,-0.12940952255126));
#13804=DIRECTION('center_axis',(-1.,0.,0.));
#13805=DIRECTION('ref_axis',(0.,0.965925826289068,0.25881904510252));
#13806=DIRECTION('',(0.,-0.25881904510252,0.965925826289068));
#13807=DIRECTION('center_axis',(0.,0.25881904510252,-0.965925826289068));
#13808=DIRECTION('ref_axis',(-0.866025403784434,-0.482962913144541,-0.129409522551263));
#13809=DIRECTION('',(0.,0.25881904510252,-0.965925826289068));
#13810=DIRECTION('center_axis',(0.,0.25881904510252,-0.965925826289068));
#13811=DIRECTION('ref_axis',(0.,-0.965925826289068,-0.258819045102522));
#13812=DIRECTION('',(0.,-0.25881904510252,0.965925826289068));
#13813=DIRECTION('',(0.,0.25881904510252,-0.965925826289068));
#13814=DIRECTION('center_axis',(0.5,-0.836516303737808,-0.224143868042013));
#13815=DIRECTION('ref_axis',(-0.866025403784439,-0.482962913144534,-0.12940952255126));
#13816=DIRECTION('',(0.,-0.25881904510252,0.965925826289068));
#13817=DIRECTION('center_axis',(0.,0.25881904510252,-0.965925826289068));
#13818=DIRECTION('ref_axis',(0.866025403784434,-0.482962913144541,-0.129409522551263));
#13819=DIRECTION('',(0.,0.25881904510252,-0.965925826289068));
#13820=DIRECTION('center_axis',(0.,0.25881904510252,-0.965925826289068));
#13821=DIRECTION('ref_axis',(0.866025403784434,0.482962913144541,0.129409522551263));
#13822=DIRECTION('',(0.,-0.25881904510252,0.965925826289068));
#13823=DIRECTION('',(0.,0.25881904510252,-0.965925826289068));
#13824=DIRECTION('center_axis',(0.5,0.836516303737808,0.224143868042013));
#13825=DIRECTION('ref_axis',(0.866025403784439,-0.482962913144534,-0.12940952255126));
#13826=DIRECTION('',(-1.38777878078145E-17,-0.25881904510252,0.965925826289068));
#13827=DIRECTION('center_axis',(0.,0.25881904510252,-0.965925826289068));
#13828=DIRECTION('ref_axis',(-2.56395024851141E-14,0.965925826289068,0.258819045102522));
#13829=DIRECTION('',(-1.38777878078145E-17,0.25881904510252,-0.965925826289068));
#13830=DIRECTION('center_axis',(-0.500000000000001,0.836516303737808,0.224143868042013));
#13831=DIRECTION('ref_axis',(0.866025403784438,0.482962913144535,0.12940952255126));
#13832=DIRECTION('center_axis',(-0.5,-0.836516303737808,-0.224143868042013));
#13833=DIRECTION('ref_axis',(-0.866025403784439,0.482962913144534,0.12940952255126));
#13834=DIRECTION('center_axis',(1.,0.,0.));
#13835=DIRECTION('ref_axis',(0.,-0.965925826289068,-0.25881904510252));
#13836=DIRECTION('center_axis',(0.,0.25881904510252,-0.965925826289068));
#13837=DIRECTION('ref_axis',(-0.866025403784438,0.482962913144535,0.12940952255126));
#13838=DIRECTION('center_axis',(0.,-0.25881904510252,0.965925826289068));
#13839=DIRECTION('ref_axis',(-0.866025403784438,0.482962913144535,0.12940952255126));
#13840=DIRECTION('',(0.,-0.25881904510252,0.965925826289068));
#13841=DIRECTION('',(0.,0.25881904510252,-0.965925826289068));
#13842=DIRECTION('center_axis',(0.,0.25881904510252,-0.965925826289068));
#13843=DIRECTION('ref_axis',(-1.,0.,0.));
#13844=DIRECTION('',(0.,-0.965925826289068,-0.25881904510252));
#13845=DIRECTION('center_axis',(0.,-0.25881904510252,0.965925826289068));
#13846=DIRECTION('ref_axis',(-0.866025403784434,-0.482962913144541,-0.129409522551263));
#13847=DIRECTION('',(0.866025403784439,-0.482962913144534,-0.12940952255126));
#13848=DIRECTION('center_axis',(0.,-0.25881904510252,0.965925826289068));
#13849=DIRECTION('ref_axis',(0.,-0.965925826289068,-0.258819045102522));
#13850=DIRECTION('',(0.866025403784439,0.482962913144534,0.12940952255126));
#13851=DIRECTION('center_axis',(0.,-0.25881904510252,0.965925826289068));
#13852=DIRECTION('ref_axis',(0.866025403784434,-0.482962913144541,-0.129409522551263));
#13853=DIRECTION('',(0.,0.965925826289068,0.25881904510252));
#13854=DIRECTION('center_axis',(0.,-0.25881904510252,0.965925826289068));
#13855=DIRECTION('ref_axis',(0.866025403784434,0.482962913144541,0.129409522551263));
#13856=DIRECTION('',(-0.866025403784439,0.482962913144534,0.12940952255126));
#13857=DIRECTION('center_axis',(0.,-0.25881904510252,0.965925826289068));
#13858=DIRECTION('ref_axis',(-2.56395024851141E-14,0.965925826289068,0.258819045102522));
#13859=DIRECTION('',(-0.866025403784438,-0.482962913144535,-0.12940952255126));
#13860=DIRECTION('center_axis',(-1.,0.,0.));
#13861=DIRECTION('ref_axis',(0.,0.965925826289068,0.25881904510252));
#13862=DIRECTION('',(0.,-0.25881904510252,0.965925826289068));
#13863=DIRECTION('center_axis',(0.,0.25881904510252,-0.965925826289068));
#13864=DIRECTION('ref_axis',(-0.866025403784434,-0.482962913144541,-0.129409522551263));
#13865=DIRECTION('',(0.,0.25881904510252,-0.965925826289068));
#13866=DIRECTION('center_axis',(0.,0.25881904510252,-0.965925826289068));
#13867=DIRECTION('ref_axis',(0.,-0.965925826289068,-0.258819045102522));
#13868=DIRECTION('',(0.,-0.25881904510252,0.965925826289068));
#13869=DIRECTION('',(0.,0.25881904510252,-0.965925826289068));
#13870=DIRECTION('center_axis',(0.5,-0.836516303737808,-0.224143868042013));
#13871=DIRECTION('ref_axis',(-0.866025403784439,-0.482962913144534,-0.12940952255126));
#13872=DIRECTION('',(0.,-0.25881904510252,0.965925826289068));
#13873=DIRECTION('center_axis',(0.,0.25881904510252,-0.965925826289068));
#13874=DIRECTION('ref_axis',(0.866025403784434,-0.482962913144541,-0.129409522551263));
#13875=DIRECTION('',(0.,0.25881904510252,-0.965925826289068));
#13876=DIRECTION('center_axis',(0.,0.25881904510252,-0.965925826289068));
#13877=DIRECTION('ref_axis',(0.866025403784434,0.482962913144541,0.129409522551263));
#13878=DIRECTION('',(0.,-0.25881904510252,0.965925826289068));
#13879=DIRECTION('',(0.,0.25881904510252,-0.965925826289068));
#13880=DIRECTION('center_axis',(0.5,0.836516303737808,0.224143868042013));
#13881=DIRECTION('ref_axis',(0.866025403784439,-0.482962913144534,-0.12940952255126));
#13882=DIRECTION('',(-1.38777878078145E-17,-0.25881904510252,0.965925826289068));
#13883=DIRECTION('center_axis',(0.,0.25881904510252,-0.965925826289068));
#13884=DIRECTION('ref_axis',(-2.56395024851141E-14,0.965925826289068,0.258819045102522));
#13885=DIRECTION('',(-1.38777878078145E-17,0.25881904510252,-0.965925826289068));
#13886=DIRECTION('center_axis',(-0.500000000000001,0.836516303737808,0.224143868042013));
#13887=DIRECTION('ref_axis',(0.866025403784438,0.482962913144535,0.12940952255126));
#13888=DIRECTION('center_axis',(-0.5,-0.836516303737808,-0.224143868042013));
#13889=DIRECTION('ref_axis',(-0.866025403784439,0.482962913144534,0.12940952255126));
#13890=DIRECTION('center_axis',(1.,0.,0.));
#13891=DIRECTION('ref_axis',(0.,-0.965925826289068,-0.25881904510252));
#13892=DIRECTION('center_axis',(0.,0.25881904510252,-0.965925826289068));
#13893=DIRECTION('ref_axis',(-0.866025403784438,0.482962913144535,0.12940952255126));
#13894=DIRECTION('center_axis',(0.,-0.25881904510252,0.965925826289068));
#13895=DIRECTION('ref_axis',(-0.866025403784438,0.482962913144535,0.12940952255126));
#13896=DIRECTION('',(0.,-0.25881904510252,0.965925826289068));
#13897=DIRECTION('',(0.,0.25881904510252,-0.965925826289068));
#13898=DIRECTION('center_axis',(0.,0.25881904510252,-0.965925826289068));
#13899=DIRECTION('ref_axis',(-1.,0.,0.));
#13900=DIRECTION('',(0.,-0.965925826289068,-0.25881904510252));
#13901=DIRECTION('center_axis',(0.,-0.25881904510252,0.965925826289068));
#13902=DIRECTION('ref_axis',(-0.866025403784434,-0.482962913144541,-0.129409522551263));
#13903=DIRECTION('',(0.866025403784439,-0.482962913144534,-0.12940952255126));
#13904=DIRECTION('center_axis',(0.,-0.25881904510252,0.965925826289068));
#13905=DIRECTION('ref_axis',(0.,-0.965925826289068,-0.258819045102522));
#13906=DIRECTION('',(0.866025403784439,0.482962913144534,0.12940952255126));
#13907=DIRECTION('center_axis',(0.,-0.25881904510252,0.965925826289068));
#13908=DIRECTION('ref_axis',(0.866025403784434,-0.482962913144541,-0.129409522551263));
#13909=DIRECTION('',(0.,0.965925826289068,0.25881904510252));
#13910=DIRECTION('center_axis',(0.,-0.25881904510252,0.965925826289068));
#13911=DIRECTION('ref_axis',(0.866025403784434,0.482962913144541,0.129409522551263));
#13912=DIRECTION('',(-0.866025403784439,0.482962913144534,0.12940952255126));
#13913=DIRECTION('center_axis',(0.,-0.25881904510252,0.965925826289068));
#13914=DIRECTION('ref_axis',(-2.56395024851141E-14,0.965925826289068,0.258819045102522));
#13915=DIRECTION('',(-0.866025403784438,-0.482962913144535,-0.12940952255126));
#13916=DIRECTION('center_axis',(-1.,0.,0.));
#13917=DIRECTION('ref_axis',(0.,0.965925826289068,0.25881904510252));
#13918=DIRECTION('',(0.,-0.25881904510252,0.965925826289068));
#13919=DIRECTION('center_axis',(0.,0.25881904510252,-0.965925826289068));
#13920=DIRECTION('ref_axis',(-0.866025403784434,-0.482962913144541,-0.129409522551263));
#13921=DIRECTION('',(0.,0.25881904510252,-0.965925826289068));
#13922=DIRECTION('center_axis',(0.,0.25881904510252,-0.965925826289068));
#13923=DIRECTION('ref_axis',(0.,-0.965925826289068,-0.258819045102522));
#13924=DIRECTION('',(0.,-0.25881904510252,0.965925826289068));
#13925=DIRECTION('',(0.,0.25881904510252,-0.965925826289068));
#13926=DIRECTION('center_axis',(0.5,-0.836516303737808,-0.224143868042013));
#13927=DIRECTION('ref_axis',(-0.866025403784439,-0.482962913144534,-0.12940952255126));
#13928=DIRECTION('',(0.,-0.25881904510252,0.965925826289068));
#13929=DIRECTION('center_axis',(0.,0.25881904510252,-0.965925826289068));
#13930=DIRECTION('ref_axis',(0.866025403784434,-0.482962913144541,-0.129409522551263));
#13931=DIRECTION('',(0.,0.25881904510252,-0.965925826289068));
#13932=DIRECTION('center_axis',(0.,0.25881904510252,-0.965925826289068));
#13933=DIRECTION('ref_axis',(0.866025403784434,0.482962913144541,0.129409522551263));
#13934=DIRECTION('',(0.,-0.25881904510252,0.965925826289068));
#13935=DIRECTION('',(0.,0.25881904510252,-0.965925826289068));
#13936=DIRECTION('center_axis',(0.5,0.836516303737808,0.224143868042013));
#13937=DIRECTION('ref_axis',(0.866025403784439,-0.482962913144534,-0.12940952255126));
#13938=DIRECTION('',(-1.38777878078145E-17,-0.25881904510252,0.965925826289068));
#13939=DIRECTION('center_axis',(0.,0.25881904510252,-0.965925826289068));
#13940=DIRECTION('ref_axis',(-2.56395024851141E-14,0.965925826289068,0.258819045102522));
#13941=DIRECTION('',(-1.38777878078145E-17,0.25881904510252,-0.965925826289068));
#13942=DIRECTION('center_axis',(-0.500000000000001,0.836516303737808,0.224143868042013));
#13943=DIRECTION('ref_axis',(0.866025403784438,0.482962913144535,0.12940952255126));
#13944=DIRECTION('center_axis',(-0.5,-0.836516303737808,-0.224143868042013));
#13945=DIRECTION('ref_axis',(-0.866025403784439,0.482962913144534,0.12940952255126));
#13946=DIRECTION('center_axis',(1.,0.,0.));
#13947=DIRECTION('ref_axis',(0.,-0.965925826289068,-0.25881904510252));
#13948=DIRECTION('center_axis',(0.,0.25881904510252,-0.965925826289068));
#13949=DIRECTION('ref_axis',(-0.866025403784438,0.482962913144535,0.12940952255126));
#13950=DIRECTION('center_axis',(0.,-0.25881904510252,0.965925826289068));
#13951=DIRECTION('ref_axis',(-0.866025403784438,0.482962913144535,0.12940952255126));
#13952=DIRECTION('',(0.,-0.25881904510252,0.965925826289068));
#13953=DIRECTION('',(0.,0.25881904510252,-0.965925826289068));
#13954=DIRECTION('center_axis',(0.,0.25881904510252,-0.965925826289068));
#13955=DIRECTION('ref_axis',(-1.,0.,0.));
#13956=DIRECTION('',(0.,-0.965925826289068,-0.25881904510252));
#13957=DIRECTION('center_axis',(0.,-0.25881904510252,0.965925826289068));
#13958=DIRECTION('ref_axis',(-0.866025403784434,-0.482962913144541,-0.129409522551263));
#13959=DIRECTION('',(0.866025403784439,-0.482962913144534,-0.12940952255126));
#13960=DIRECTION('center_axis',(0.,-0.25881904510252,0.965925826289068));
#13961=DIRECTION('ref_axis',(0.,-0.965925826289068,-0.258819045102522));
#13962=DIRECTION('',(0.866025403784439,0.482962913144534,0.12940952255126));
#13963=DIRECTION('center_axis',(0.,-0.25881904510252,0.965925826289068));
#13964=DIRECTION('ref_axis',(0.866025403784434,-0.482962913144541,-0.129409522551263));
#13965=DIRECTION('',(0.,0.965925826289068,0.25881904510252));
#13966=DIRECTION('center_axis',(0.,-0.25881904510252,0.965925826289068));
#13967=DIRECTION('ref_axis',(0.866025403784434,0.482962913144541,0.129409522551263));
#13968=DIRECTION('',(-0.866025403784439,0.482962913144534,0.12940952255126));
#13969=DIRECTION('center_axis',(0.,-0.25881904510252,0.965925826289068));
#13970=DIRECTION('ref_axis',(-2.56395024851141E-14,0.965925826289068,0.258819045102522));
#13971=DIRECTION('',(-0.866025403784438,-0.482962913144535,-0.12940952255126));
#13972=DIRECTION('center_axis',(-1.,0.,0.));
#13973=DIRECTION('ref_axis',(0.,0.965925826289068,0.25881904510252));
#13974=DIRECTION('',(0.,-0.25881904510252,0.965925826289068));
#13975=DIRECTION('center_axis',(0.,0.25881904510252,-0.965925826289068));
#13976=DIRECTION('ref_axis',(-0.866025403784434,-0.482962913144541,-0.129409522551263));
#13977=DIRECTION('',(0.,0.25881904510252,-0.965925826289068));
#13978=DIRECTION('center_axis',(0.,0.25881904510252,-0.965925826289068));
#13979=DIRECTION('ref_axis',(0.,-0.965925826289068,-0.258819045102522));
#13980=DIRECTION('',(0.,-0.25881904510252,0.965925826289068));
#13981=DIRECTION('',(0.,0.25881904510252,-0.965925826289068));
#13982=DIRECTION('center_axis',(0.5,-0.836516303737808,-0.224143868042013));
#13983=DIRECTION('ref_axis',(-0.866025403784439,-0.482962913144534,-0.12940952255126));
#13984=DIRECTION('',(0.,-0.25881904510252,0.965925826289068));
#13985=DIRECTION('center_axis',(0.,0.25881904510252,-0.965925826289068));
#13986=DIRECTION('ref_axis',(0.866025403784434,-0.482962913144541,-0.129409522551263));
#13987=DIRECTION('',(0.,0.25881904510252,-0.965925826289068));
#13988=DIRECTION('center_axis',(0.,0.25881904510252,-0.965925826289068));
#13989=DIRECTION('ref_axis',(0.866025403784434,0.482962913144541,0.129409522551263));
#13990=DIRECTION('',(0.,-0.25881904510252,0.965925826289068));
#13991=DIRECTION('',(0.,0.25881904510252,-0.965925826289068));
#13992=DIRECTION('center_axis',(0.5,0.836516303737808,0.224143868042013));
#13993=DIRECTION('ref_axis',(0.866025403784439,-0.482962913144534,-0.12940952255126));
#13994=DIRECTION('',(-1.38777878078145E-17,-0.25881904510252,0.965925826289068));
#13995=DIRECTION('center_axis',(0.,0.25881904510252,-0.965925826289068));
#13996=DIRECTION('ref_axis',(-2.56395024851141E-14,0.965925826289068,0.258819045102522));
#13997=DIRECTION('',(-1.38777878078145E-17,0.25881904510252,-0.965925826289068));
#13998=DIRECTION('center_axis',(-0.500000000000001,0.836516303737808,0.224143868042013));
#13999=DIRECTION('ref_axis',(0.866025403784438,0.482962913144535,0.12940952255126));
#14000=DIRECTION('center_axis',(-0.5,-0.836516303737808,-0.224143868042013));
#14001=DIRECTION('ref_axis',(-0.866025403784439,0.482962913144534,0.12940952255126));
#14002=DIRECTION('center_axis',(1.,0.,0.));
#14003=DIRECTION('ref_axis',(0.,-0.965925826289068,-0.25881904510252));
#14004=DIRECTION('center_axis',(0.,0.25881904510252,-0.965925826289068));
#14005=DIRECTION('ref_axis',(-0.866025403784438,0.482962913144535,0.12940952255126));
#14006=DIRECTION('center_axis',(0.,-0.25881904510252,0.965925826289068));
#14007=DIRECTION('ref_axis',(-0.866025403784438,0.482962913144535,0.12940952255126));
#14008=DIRECTION('',(0.,-0.25881904510252,0.965925826289068));
#14009=DIRECTION('',(0.,0.25881904510252,-0.965925826289068));
#14010=DIRECTION('center_axis',(0.,0.25881904510252,-0.965925826289068));
#14011=DIRECTION('ref_axis',(-1.,0.,0.));
#14012=DIRECTION('',(0.,-0.965925826289068,-0.25881904510252));
#14013=DIRECTION('center_axis',(0.,-0.25881904510252,0.965925826289068));
#14014=DIRECTION('ref_axis',(-0.866025403784434,-0.482962913144541,-0.129409522551263));
#14015=DIRECTION('',(0.866025403784439,-0.482962913144534,-0.12940952255126));
#14016=DIRECTION('center_axis',(0.,-0.25881904510252,0.965925826289068));
#14017=DIRECTION('ref_axis',(0.,-0.965925826289068,-0.258819045102522));
#14018=DIRECTION('',(0.866025403784439,0.482962913144534,0.12940952255126));
#14019=DIRECTION('center_axis',(0.,-0.25881904510252,0.965925826289068));
#14020=DIRECTION('ref_axis',(0.866025403784434,-0.482962913144541,-0.129409522551263));
#14021=DIRECTION('',(0.,0.965925826289068,0.25881904510252));
#14022=DIRECTION('center_axis',(0.,-0.25881904510252,0.965925826289068));
#14023=DIRECTION('ref_axis',(0.866025403784434,0.482962913144541,0.129409522551263));
#14024=DIRECTION('',(-0.866025403784439,0.482962913144534,0.12940952255126));
#14025=DIRECTION('center_axis',(0.,-0.25881904510252,0.965925826289068));
#14026=DIRECTION('ref_axis',(-2.56395024851141E-14,0.965925826289068,0.258819045102522));
#14027=DIRECTION('',(-0.866025403784438,-0.482962913144535,-0.12940952255126));
#14028=DIRECTION('center_axis',(-1.,0.,0.));
#14029=DIRECTION('ref_axis',(0.,0.965925826289068,0.25881904510252));
#14030=DIRECTION('',(0.,-0.25881904510252,0.965925826289068));
#14031=DIRECTION('center_axis',(0.,0.25881904510252,-0.965925826289068));
#14032=DIRECTION('ref_axis',(-0.866025403784434,-0.482962913144541,-0.129409522551263));
#14033=DIRECTION('',(0.,0.25881904510252,-0.965925826289068));
#14034=DIRECTION('center_axis',(0.,0.25881904510252,-0.965925826289068));
#14035=DIRECTION('ref_axis',(0.,-0.965925826289068,-0.258819045102522));
#14036=DIRECTION('',(0.,-0.25881904510252,0.965925826289068));
#14037=DIRECTION('',(0.,0.25881904510252,-0.965925826289068));
#14038=DIRECTION('center_axis',(0.5,-0.836516303737808,-0.224143868042013));
#14039=DIRECTION('ref_axis',(-0.866025403784439,-0.482962913144534,-0.12940952255126));
#14040=DIRECTION('',(0.,-0.25881904510252,0.965925826289068));
#14041=DIRECTION('center_axis',(0.,0.25881904510252,-0.965925826289068));
#14042=DIRECTION('ref_axis',(0.866025403784434,-0.482962913144541,-0.129409522551263));
#14043=DIRECTION('',(0.,0.25881904510252,-0.965925826289068));
#14044=DIRECTION('center_axis',(0.,0.25881904510252,-0.965925826289068));
#14045=DIRECTION('ref_axis',(0.866025403784434,0.482962913144541,0.129409522551263));
#14046=DIRECTION('',(0.,-0.25881904510252,0.965925826289068));
#14047=DIRECTION('',(0.,0.25881904510252,-0.965925826289068));
#14048=DIRECTION('center_axis',(0.5,0.836516303737808,0.224143868042013));
#14049=DIRECTION('ref_axis',(0.866025403784439,-0.482962913144534,-0.12940952255126));
#14050=DIRECTION('',(-1.38777878078145E-17,-0.25881904510252,0.965925826289068));
#14051=DIRECTION('center_axis',(0.,0.25881904510252,-0.965925826289068));
#14052=DIRECTION('ref_axis',(-2.56395024851141E-14,0.965925826289068,0.258819045102522));
#14053=DIRECTION('',(-1.38777878078145E-17,0.25881904510252,-0.965925826289068));
#14054=DIRECTION('center_axis',(-0.500000000000001,0.836516303737808,0.224143868042013));
#14055=DIRECTION('ref_axis',(0.866025403784438,0.482962913144535,0.12940952255126));
#14056=DIRECTION('center_axis',(-0.5,-0.836516303737808,-0.224143868042013));
#14057=DIRECTION('ref_axis',(-0.866025403784439,0.482962913144534,0.12940952255126));
#14058=DIRECTION('center_axis',(1.,0.,0.));
#14059=DIRECTION('ref_axis',(0.,-0.965925826289068,-0.25881904510252));
#14060=DIRECTION('center_axis',(0.,0.25881904510252,-0.965925826289068));
#14061=DIRECTION('ref_axis',(-0.866025403784438,0.482962913144535,0.12940952255126));
#14062=DIRECTION('center_axis',(0.,-0.25881904510252,0.965925826289068));
#14063=DIRECTION('ref_axis',(-0.866025403784438,0.482962913144535,0.12940952255126));
#14064=DIRECTION('',(0.,-0.25881904510252,0.965925826289068));
#14065=DIRECTION('',(0.,0.25881904510252,-0.965925826289068));
#14066=DIRECTION('center_axis',(0.,0.25881904510252,-0.965925826289068));
#14067=DIRECTION('ref_axis',(-1.,0.,0.));
#14068=DIRECTION('',(0.,-0.965925826289068,-0.25881904510252));
#14069=DIRECTION('center_axis',(0.,-0.25881904510252,0.965925826289068));
#14070=DIRECTION('ref_axis',(-0.866025403784434,-0.482962913144541,-0.129409522551263));
#14071=DIRECTION('',(0.866025403784439,-0.482962913144534,-0.12940952255126));
#14072=DIRECTION('center_axis',(0.,-0.25881904510252,0.965925826289068));
#14073=DIRECTION('ref_axis',(0.,-0.965925826289068,-0.258819045102522));
#14074=DIRECTION('',(0.866025403784439,0.482962913144534,0.12940952255126));
#14075=DIRECTION('center_axis',(0.,-0.25881904510252,0.965925826289068));
#14076=DIRECTION('ref_axis',(0.866025403784434,-0.482962913144541,-0.129409522551263));
#14077=DIRECTION('',(0.,0.965925826289068,0.25881904510252));
#14078=DIRECTION('center_axis',(0.,-0.25881904510252,0.965925826289068));
#14079=DIRECTION('ref_axis',(0.866025403784434,0.482962913144541,0.129409522551263));
#14080=DIRECTION('',(-0.866025403784439,0.482962913144534,0.12940952255126));
#14081=DIRECTION('center_axis',(0.,-0.25881904510252,0.965925826289068));
#14082=DIRECTION('ref_axis',(-2.56395024851141E-14,0.965925826289068,0.258819045102522));
#14083=DIRECTION('',(-0.866025403784438,-0.482962913144535,-0.12940952255126));
#14084=DIRECTION('center_axis',(-1.,0.,0.));
#14085=DIRECTION('ref_axis',(0.,0.965925826289068,0.25881904510252));
#14086=DIRECTION('',(0.,-0.25881904510252,0.965925826289068));
#14087=DIRECTION('center_axis',(0.,0.25881904510252,-0.965925826289068));
#14088=DIRECTION('ref_axis',(-0.866025403784434,-0.482962913144541,-0.129409522551263));
#14089=DIRECTION('',(0.,0.25881904510252,-0.965925826289068));
#14090=DIRECTION('center_axis',(0.,0.25881904510252,-0.965925826289068));
#14091=DIRECTION('ref_axis',(0.,-0.965925826289068,-0.258819045102522));
#14092=DIRECTION('',(0.,-0.25881904510252,0.965925826289068));
#14093=DIRECTION('',(0.,0.25881904510252,-0.965925826289068));
#14094=DIRECTION('center_axis',(0.5,-0.836516303737808,-0.224143868042013));
#14095=DIRECTION('ref_axis',(-0.866025403784439,-0.482962913144534,-0.12940952255126));
#14096=DIRECTION('',(0.,-0.25881904510252,0.965925826289068));
#14097=DIRECTION('center_axis',(0.,0.25881904510252,-0.965925826289068));
#14098=DIRECTION('ref_axis',(0.866025403784434,-0.482962913144541,-0.129409522551263));
#14099=DIRECTION('',(0.,0.25881904510252,-0.965925826289068));
#14100=DIRECTION('center_axis',(0.,0.25881904510252,-0.965925826289068));
#14101=DIRECTION('ref_axis',(0.866025403784434,0.482962913144541,0.129409522551263));
#14102=DIRECTION('',(0.,-0.25881904510252,0.965925826289068));
#14103=DIRECTION('',(0.,0.25881904510252,-0.965925826289068));
#14104=DIRECTION('center_axis',(0.5,0.836516303737808,0.224143868042013));
#14105=DIRECTION('ref_axis',(0.866025403784439,-0.482962913144534,-0.12940952255126));
#14106=DIRECTION('',(-1.38777878078145E-17,-0.25881904510252,0.965925826289068));
#14107=DIRECTION('center_axis',(0.,0.25881904510252,-0.965925826289068));
#14108=DIRECTION('ref_axis',(-2.56395024851141E-14,0.965925826289068,0.258819045102522));
#14109=DIRECTION('',(-1.38777878078145E-17,0.25881904510252,-0.965925826289068));
#14110=DIRECTION('center_axis',(-0.500000000000001,0.836516303737808,0.224143868042013));
#14111=DIRECTION('ref_axis',(0.866025403784438,0.482962913144535,0.12940952255126));
#14112=DIRECTION('center_axis',(-0.5,-0.836516303737808,-0.224143868042013));
#14113=DIRECTION('ref_axis',(-0.866025403784439,0.482962913144534,0.12940952255126));
#14114=DIRECTION('center_axis',(1.,0.,0.));
#14115=DIRECTION('ref_axis',(0.,-0.965925826289068,-0.25881904510252));
#14116=DIRECTION('center_axis',(0.,0.25881904510252,-0.965925826289068));
#14117=DIRECTION('ref_axis',(-0.866025403784438,0.482962913144535,0.12940952255126));
#14118=DIRECTION('center_axis',(0.,-0.25881904510252,0.965925826289068));
#14119=DIRECTION('ref_axis',(-0.866025403784438,0.482962913144535,0.12940952255126));
#14120=DIRECTION('',(0.,-0.25881904510252,0.965925826289068));
#14121=DIRECTION('',(0.,0.25881904510252,-0.965925826289068));
#14122=DIRECTION('center_axis',(0.,0.25881904510252,-0.965925826289068));
#14123=DIRECTION('ref_axis',(-1.,0.,0.));
#14124=DIRECTION('',(0.,-0.965925826289068,-0.25881904510252));
#14125=DIRECTION('center_axis',(0.,-0.25881904510252,0.965925826289068));
#14126=DIRECTION('ref_axis',(-0.866025403784434,-0.482962913144541,-0.129409522551263));
#14127=DIRECTION('',(0.866025403784439,-0.482962913144534,-0.12940952255126));
#14128=DIRECTION('center_axis',(0.,-0.25881904510252,0.965925826289068));
#14129=DIRECTION('ref_axis',(0.,-0.965925826289068,-0.258819045102522));
#14130=DIRECTION('',(0.866025403784439,0.482962913144534,0.12940952255126));
#14131=DIRECTION('center_axis',(0.,-0.25881904510252,0.965925826289068));
#14132=DIRECTION('ref_axis',(0.866025403784434,-0.482962913144541,-0.129409522551263));
#14133=DIRECTION('',(0.,0.965925826289068,0.25881904510252));
#14134=DIRECTION('center_axis',(0.,-0.25881904510252,0.965925826289068));
#14135=DIRECTION('ref_axis',(0.866025403784434,0.482962913144541,0.129409522551263));
#14136=DIRECTION('',(-0.866025403784439,0.482962913144534,0.12940952255126));
#14137=DIRECTION('center_axis',(0.,-0.25881904510252,0.965925826289068));
#14138=DIRECTION('ref_axis',(-2.56395024851141E-14,0.965925826289068,0.258819045102522));
#14139=DIRECTION('',(-0.866025403784438,-0.482962913144535,-0.12940952255126));
#14140=DIRECTION('center_axis',(-1.,0.,0.));
#14141=DIRECTION('ref_axis',(0.,0.965925826289068,0.25881904510252));
#14142=DIRECTION('',(0.,-0.25881904510252,0.965925826289068));
#14143=DIRECTION('center_axis',(0.,0.25881904510252,-0.965925826289068));
#14144=DIRECTION('ref_axis',(-0.866025403784434,-0.482962913144541,-0.129409522551263));
#14145=DIRECTION('',(0.,0.25881904510252,-0.965925826289068));
#14146=DIRECTION('center_axis',(0.,0.25881904510252,-0.965925826289068));
#14147=DIRECTION('ref_axis',(0.,-0.965925826289068,-0.258819045102522));
#14148=DIRECTION('',(0.,-0.25881904510252,0.965925826289068));
#14149=DIRECTION('',(0.,0.25881904510252,-0.965925826289068));
#14150=DIRECTION('center_axis',(0.5,-0.836516303737808,-0.224143868042013));
#14151=DIRECTION('ref_axis',(-0.866025403784439,-0.482962913144534,-0.12940952255126));
#14152=DIRECTION('',(0.,-0.25881904510252,0.965925826289068));
#14153=DIRECTION('center_axis',(0.,0.25881904510252,-0.965925826289068));
#14154=DIRECTION('ref_axis',(0.866025403784434,-0.482962913144541,-0.129409522551263));
#14155=DIRECTION('',(0.,0.25881904510252,-0.965925826289068));
#14156=DIRECTION('center_axis',(0.,0.25881904510252,-0.965925826289068));
#14157=DIRECTION('ref_axis',(0.866025403784434,0.482962913144541,0.129409522551263));
#14158=DIRECTION('',(0.,-0.25881904510252,0.965925826289068));
#14159=DIRECTION('',(0.,0.25881904510252,-0.965925826289068));
#14160=DIRECTION('center_axis',(0.5,0.836516303737808,0.224143868042013));
#14161=DIRECTION('ref_axis',(0.866025403784439,-0.482962913144534,-0.12940952255126));
#14162=DIRECTION('',(-1.38777878078145E-17,-0.25881904510252,0.965925826289068));
#14163=DIRECTION('center_axis',(0.,0.25881904510252,-0.965925826289068));
#14164=DIRECTION('ref_axis',(-2.56395024851141E-14,0.965925826289068,0.258819045102522));
#14165=DIRECTION('',(-1.38777878078145E-17,0.25881904510252,-0.965925826289068));
#14166=DIRECTION('center_axis',(-0.500000000000001,0.836516303737808,0.224143868042013));
#14167=DIRECTION('ref_axis',(0.866025403784438,0.482962913144535,0.12940952255126));
#14168=DIRECTION('center_axis',(-0.5,-0.836516303737808,-0.224143868042013));
#14169=DIRECTION('ref_axis',(-0.866025403784439,0.482962913144534,0.12940952255126));
#14170=DIRECTION('center_axis',(1.,0.,0.));
#14171=DIRECTION('ref_axis',(0.,-0.965925826289068,-0.25881904510252));
#14172=DIRECTION('center_axis',(0.,0.25881904510252,-0.965925826289068));
#14173=DIRECTION('ref_axis',(-0.866025403784438,0.482962913144535,0.12940952255126));
#14174=DIRECTION('center_axis',(0.,-0.25881904510252,0.965925826289068));
#14175=DIRECTION('ref_axis',(-0.866025403784438,0.482962913144535,0.12940952255126));
#14176=DIRECTION('',(0.,-0.25881904510252,0.965925826289068));
#14177=DIRECTION('',(0.,0.25881904510252,-0.965925826289068));
#14178=DIRECTION('center_axis',(0.,0.25881904510252,-0.965925826289068));
#14179=DIRECTION('ref_axis',(-1.,0.,0.));
#14180=DIRECTION('',(0.,-0.965925826289068,-0.25881904510252));
#14181=DIRECTION('center_axis',(0.,-0.25881904510252,0.965925826289068));
#14182=DIRECTION('ref_axis',(-0.866025403784434,-0.482962913144541,-0.129409522551263));
#14183=DIRECTION('',(0.866025403784439,-0.482962913144534,-0.12940952255126));
#14184=DIRECTION('center_axis',(0.,-0.25881904510252,0.965925826289068));
#14185=DIRECTION('ref_axis',(0.,-0.965925826289068,-0.258819045102522));
#14186=DIRECTION('',(0.866025403784439,0.482962913144534,0.12940952255126));
#14187=DIRECTION('center_axis',(0.,-0.25881904510252,0.965925826289068));
#14188=DIRECTION('ref_axis',(0.866025403784434,-0.482962913144541,-0.129409522551263));
#14189=DIRECTION('',(0.,0.965925826289068,0.25881904510252));
#14190=DIRECTION('center_axis',(0.,-0.25881904510252,0.965925826289068));
#14191=DIRECTION('ref_axis',(0.866025403784434,0.482962913144541,0.129409522551263));
#14192=DIRECTION('',(-0.866025403784439,0.482962913144534,0.12940952255126));
#14193=DIRECTION('center_axis',(0.,-0.25881904510252,0.965925826289068));
#14194=DIRECTION('ref_axis',(-2.56395024851141E-14,0.965925826289068,0.258819045102522));
#14195=DIRECTION('',(-0.866025403784438,-0.482962913144535,-0.12940952255126));
#14196=DIRECTION('center_axis',(-1.,0.,0.));
#14197=DIRECTION('ref_axis',(0.,0.965925826289068,0.25881904510252));
#14198=DIRECTION('',(0.,-0.25881904510252,0.965925826289068));
#14199=DIRECTION('center_axis',(0.,0.25881904510252,-0.965925826289068));
#14200=DIRECTION('ref_axis',(-0.866025403784434,-0.482962913144541,-0.129409522551263));
#14201=DIRECTION('',(0.,0.25881904510252,-0.965925826289068));
#14202=DIRECTION('center_axis',(0.,0.25881904510252,-0.965925826289068));
#14203=DIRECTION('ref_axis',(0.,-0.965925826289068,-0.258819045102522));
#14204=DIRECTION('',(0.,-0.25881904510252,0.965925826289068));
#14205=DIRECTION('',(0.,0.25881904510252,-0.965925826289068));
#14206=DIRECTION('center_axis',(0.5,-0.836516303737808,-0.224143868042013));
#14207=DIRECTION('ref_axis',(-0.866025403784439,-0.482962913144534,-0.12940952255126));
#14208=DIRECTION('',(0.,-0.25881904510252,0.965925826289068));
#14209=DIRECTION('center_axis',(0.,0.25881904510252,-0.965925826289068));
#14210=DIRECTION('ref_axis',(0.866025403784434,-0.482962913144541,-0.129409522551263));
#14211=DIRECTION('',(0.,0.25881904510252,-0.965925826289068));
#14212=DIRECTION('center_axis',(0.,0.25881904510252,-0.965925826289068));
#14213=DIRECTION('ref_axis',(0.866025403784434,0.482962913144541,0.129409522551263));
#14214=DIRECTION('',(0.,-0.25881904510252,0.965925826289068));
#14215=DIRECTION('',(0.,0.25881904510252,-0.965925826289068));
#14216=DIRECTION('center_axis',(0.5,0.836516303737808,0.224143868042013));
#14217=DIRECTION('ref_axis',(0.866025403784439,-0.482962913144534,-0.12940952255126));
#14218=DIRECTION('',(-1.38777878078145E-17,-0.25881904510252,0.965925826289068));
#14219=DIRECTION('center_axis',(0.,0.25881904510252,-0.965925826289068));
#14220=DIRECTION('ref_axis',(-2.56395024851141E-14,0.965925826289068,0.258819045102522));
#14221=DIRECTION('',(-1.38777878078145E-17,0.25881904510252,-0.965925826289068));
#14222=DIRECTION('center_axis',(-0.500000000000001,0.836516303737808,0.224143868042013));
#14223=DIRECTION('ref_axis',(0.866025403784438,0.482962913144535,0.12940952255126));
#14224=DIRECTION('center_axis',(-0.5,-0.836516303737808,-0.224143868042013));
#14225=DIRECTION('ref_axis',(-0.866025403784439,0.482962913144534,0.12940952255126));
#14226=DIRECTION('center_axis',(1.,0.,0.));
#14227=DIRECTION('ref_axis',(0.,-0.965925826289068,-0.25881904510252));
#14228=DIRECTION('center_axis',(-8.89548937465865E-34,0.258819045102521,
-0.965925826289068));
#14229=DIRECTION('ref_axis',(-0.866025403784436,0.482962913144538,0.129409522551264));
#14230=DIRECTION('center_axis',(0.,-0.258819045102521,0.965925826289068));
#14231=DIRECTION('ref_axis',(-0.866025403784436,0.482962913144538,0.129409522551264));
#14232=DIRECTION('',(1.38777878078144E-17,-0.258819045102521,0.965925826289068));
#14233=DIRECTION('',(-8.89548937465865E-34,0.258819045102521,-0.965925826289068));
#14234=DIRECTION('center_axis',(0.,0.258819045102521,-0.965925826289068));
#14235=DIRECTION('ref_axis',(-1.,0.,0.));
#14236=DIRECTION('',(-3.12317241379438E-17,-0.965925826289068,-0.258819045102521));
#14237=DIRECTION('center_axis',(0.,-0.258819045102521,0.965925826289068));
#14238=DIRECTION('ref_axis',(-0.866025403784433,-0.482962913144543,-0.129409522551263));
#14239=DIRECTION('',(0.866025403784439,-0.482962913144534,-0.12940952255126));
#14240=DIRECTION('center_axis',(0.,-0.258819045102521,0.965925826289068));
#14241=DIRECTION('ref_axis',(0.,-0.965925826289068,-0.258819045102523));
#14242=DIRECTION('',(0.866025403784439,0.482962913144533,0.12940952255126));
#14243=DIRECTION('center_axis',(0.,-0.258819045102521,0.965925826289068));
#14244=DIRECTION('ref_axis',(0.866025403784433,-0.482962913144543,-0.129409522551263));
#14245=DIRECTION('',(3.12317241379438E-17,0.965925826289068,0.258819045102521));
#14246=DIRECTION('center_axis',(0.,-0.258819045102521,0.965925826289068));
#14247=DIRECTION('ref_axis',(0.866025403784436,0.482962913144538,0.129409522551264));
#14248=DIRECTION('',(-0.866025403784439,0.482962913144534,0.12940952255126));
#14249=DIRECTION('center_axis',(0.,-0.258819045102521,0.965925826289068));
#14250=DIRECTION('ref_axis',(0.,0.965925826289068,0.258819045102522));
#14251=DIRECTION('',(-0.866025403784439,-0.482962913144533,-0.12940952255126));
#14252=DIRECTION('center_axis',(-1.,3.01675289443756E-17,8.08336501828797E-18));
#14253=DIRECTION('ref_axis',(3.12317241379438E-17,0.965925826289068,0.258819045102521));
#14254=DIRECTION('',(8.89548937465865E-34,-0.258819045102521,0.965925826289068));
#14255=DIRECTION('center_axis',(-8.89548937465865E-34,0.258819045102521,
-0.965925826289068));
#14256=DIRECTION('ref_axis',(-0.866025403784433,-0.482962913144543,-0.129409522551263));
#14257=DIRECTION('',(-1.38777878078144E-17,0.258819045102521,-0.965925826289068));
#14258=DIRECTION('center_axis',(0.,0.258819045102521,-0.965925826289068));
#14259=DIRECTION('ref_axis',(0.,-0.965925826289068,-0.258819045102523));
#14260=DIRECTION('',(-1.38777878078144E-17,-0.258819045102521,0.965925826289068));
#14261=DIRECTION('',(0.,0.258819045102521,-0.965925826289068));
#14262=DIRECTION('center_axis',(0.499999999999999,-0.836516303737808,-0.224143868042014));
#14263=DIRECTION('ref_axis',(-0.866025403784439,-0.482962913144533,-0.12940952255126));
#14264=DIRECTION('',(8.89548937465865E-34,-0.258819045102521,0.965925826289068));
#14265=DIRECTION('center_axis',(-8.89548937465865E-34,0.258819045102521,
-0.965925826289068));
#14266=DIRECTION('ref_axis',(0.866025403784433,-0.482962913144543,-0.129409522551263));
#14267=DIRECTION('',(-8.89548937465865E-34,0.258819045102521,-0.965925826289068));
#14268=DIRECTION('center_axis',(-8.89548937465865E-34,0.258819045102521,
-0.965925826289068));
#14269=DIRECTION('ref_axis',(0.866025403784436,0.482962913144538,0.129409522551264));
#14270=DIRECTION('',(8.89548937465865E-34,-0.258819045102521,0.965925826289068));
#14271=DIRECTION('',(1.38777878078144E-17,0.258819045102521,-0.965925826289068));
#14272=DIRECTION('center_axis',(0.5,0.836516303737808,0.224143868042014));
#14273=DIRECTION('ref_axis',(0.866025403784439,-0.482962913144534,-0.12940952255126));
#14274=DIRECTION('',(-1.38777878078144E-17,-0.258819045102521,0.965925826289068));
#14275=DIRECTION('center_axis',(0.,0.258819045102521,-0.965925826289068));
#14276=DIRECTION('ref_axis',(0.,0.965925826289068,0.258819045102522));
#14277=DIRECTION('',(-1.38777878078144E-17,0.258819045102521,-0.965925826289068));
#14278=DIRECTION('center_axis',(-0.499999999999999,0.836516303737808,0.224143868042014));
#14279=DIRECTION('ref_axis',(0.866025403784439,0.482962913144533,0.12940952255126));
#14280=DIRECTION('center_axis',(-0.499999999999999,-0.836516303737808,-0.224143868042014));
#14281=DIRECTION('ref_axis',(-0.866025403784439,0.482962913144534,0.12940952255126));
#14282=DIRECTION('center_axis',(1.,-3.01675289443756E-17,-8.08336501828797E-18));
#14283=DIRECTION('ref_axis',(-3.12317241379438E-17,-0.965925826289068,-0.258819045102521));
#14284=DIRECTION('center_axis',(-8.89548937465865E-34,0.258819045102521,
-0.965925826289068));
#14285=DIRECTION('ref_axis',(-0.866025403784436,0.482962913144538,0.129409522551264));
#14286=DIRECTION('center_axis',(0.,-0.258819045102521,0.965925826289068));
#14287=DIRECTION('ref_axis',(-0.866025403784436,0.482962913144538,0.129409522551264));
#14288=DIRECTION('',(1.38777878078144E-17,-0.258819045102521,0.965925826289068));
#14289=DIRECTION('',(-8.89548937465865E-34,0.258819045102521,-0.965925826289068));
#14290=DIRECTION('center_axis',(0.,0.258819045102521,-0.965925826289068));
#14291=DIRECTION('ref_axis',(-1.,0.,0.));
#14292=DIRECTION('',(-3.12317241379438E-17,-0.965925826289068,-0.258819045102521));
#14293=DIRECTION('center_axis',(0.,-0.258819045102521,0.965925826289068));
#14294=DIRECTION('ref_axis',(-0.866025403784433,-0.482962913144543,-0.129409522551263));
#14295=DIRECTION('',(0.866025403784439,-0.482962913144534,-0.12940952255126));
#14296=DIRECTION('center_axis',(0.,-0.258819045102521,0.965925826289068));
#14297=DIRECTION('ref_axis',(0.,-0.965925826289068,-0.258819045102523));
#14298=DIRECTION('',(0.866025403784439,0.482962913144533,0.12940952255126));
#14299=DIRECTION('center_axis',(0.,-0.258819045102521,0.965925826289068));
#14300=DIRECTION('ref_axis',(0.866025403784433,-0.482962913144543,-0.129409522551263));
#14301=DIRECTION('',(3.12317241379438E-17,0.965925826289068,0.258819045102521));
#14302=DIRECTION('center_axis',(0.,-0.258819045102521,0.965925826289068));
#14303=DIRECTION('ref_axis',(0.866025403784436,0.482962913144538,0.129409522551264));
#14304=DIRECTION('',(-0.866025403784439,0.482962913144534,0.12940952255126));
#14305=DIRECTION('center_axis',(0.,-0.258819045102521,0.965925826289068));
#14306=DIRECTION('ref_axis',(0.,0.965925826289068,0.258819045102522));
#14307=DIRECTION('',(-0.866025403784439,-0.482962913144533,-0.12940952255126));
#14308=DIRECTION('center_axis',(-1.,3.01675289443756E-17,8.08336501828797E-18));
#14309=DIRECTION('ref_axis',(3.12317241379438E-17,0.965925826289068,0.258819045102521));
#14310=DIRECTION('',(8.89548937465865E-34,-0.258819045102521,0.965925826289068));
#14311=DIRECTION('center_axis',(-8.89548937465865E-34,0.258819045102521,
-0.965925826289068));
#14312=DIRECTION('ref_axis',(-0.866025403784433,-0.482962913144543,-0.129409522551263));
#14313=DIRECTION('',(-1.38777878078144E-17,0.258819045102521,-0.965925826289068));
#14314=DIRECTION('center_axis',(0.,0.258819045102521,-0.965925826289068));
#14315=DIRECTION('ref_axis',(0.,-0.965925826289068,-0.258819045102523));
#14316=DIRECTION('',(-1.38777878078144E-17,-0.258819045102521,0.965925826289068));
#14317=DIRECTION('',(0.,0.258819045102521,-0.965925826289068));
#14318=DIRECTION('center_axis',(0.499999999999999,-0.836516303737808,-0.224143868042014));
#14319=DIRECTION('ref_axis',(-0.866025403784439,-0.482962913144533,-0.12940952255126));
#14320=DIRECTION('',(8.89548937465865E-34,-0.258819045102521,0.965925826289068));
#14321=DIRECTION('center_axis',(-8.89548937465865E-34,0.258819045102521,
-0.965925826289068));
#14322=DIRECTION('ref_axis',(0.866025403784433,-0.482962913144543,-0.129409522551263));
#14323=DIRECTION('',(-8.89548937465865E-34,0.258819045102521,-0.965925826289068));
#14324=DIRECTION('center_axis',(-8.89548937465865E-34,0.258819045102521,
-0.965925826289068));
#14325=DIRECTION('ref_axis',(0.866025403784436,0.482962913144538,0.129409522551264));
#14326=DIRECTION('',(8.89548937465865E-34,-0.258819045102521,0.965925826289068));
#14327=DIRECTION('',(1.38777878078144E-17,0.258819045102521,-0.965925826289068));
#14328=DIRECTION('center_axis',(0.5,0.836516303737808,0.224143868042014));
#14329=DIRECTION('ref_axis',(0.866025403784439,-0.482962913144534,-0.12940952255126));
#14330=DIRECTION('',(-1.38777878078144E-17,-0.258819045102521,0.965925826289068));
#14331=DIRECTION('center_axis',(0.,0.258819045102521,-0.965925826289068));
#14332=DIRECTION('ref_axis',(0.,0.965925826289068,0.258819045102522));
#14333=DIRECTION('',(-1.38777878078144E-17,0.258819045102521,-0.965925826289068));
#14334=DIRECTION('center_axis',(-0.499999999999999,0.836516303737808,0.224143868042014));
#14335=DIRECTION('ref_axis',(0.866025403784439,0.482962913144533,0.12940952255126));
#14336=DIRECTION('center_axis',(-0.499999999999999,-0.836516303737808,-0.224143868042014));
#14337=DIRECTION('ref_axis',(-0.866025403784439,0.482962913144534,0.12940952255126));
#14338=DIRECTION('center_axis',(1.,-3.01675289443756E-17,-8.08336501828797E-18));
#14339=DIRECTION('ref_axis',(-3.12317241379438E-17,-0.965925826289068,-0.258819045102521));
#14340=DIRECTION('center_axis',(-8.89548937465865E-34,0.258819045102521,
-0.965925826289068));
#14341=DIRECTION('ref_axis',(-0.866025403784436,0.482962913144538,0.129409522551264));
#14342=DIRECTION('center_axis',(0.,-0.258819045102521,0.965925826289068));
#14343=DIRECTION('ref_axis',(-0.866025403784436,0.482962913144538,0.129409522551264));
#14344=DIRECTION('',(1.38777878078144E-17,-0.258819045102521,0.965925826289068));
#14345=DIRECTION('',(-8.89548937465865E-34,0.258819045102521,-0.965925826289068));
#14346=DIRECTION('center_axis',(0.,0.258819045102521,-0.965925826289068));
#14347=DIRECTION('ref_axis',(-1.,0.,0.));
#14348=DIRECTION('',(-3.12317241379438E-17,-0.965925826289068,-0.258819045102521));
#14349=DIRECTION('center_axis',(0.,-0.258819045102521,0.965925826289068));
#14350=DIRECTION('ref_axis',(-0.866025403784433,-0.482962913144543,-0.129409522551263));
#14351=DIRECTION('',(0.866025403784439,-0.482962913144534,-0.12940952255126));
#14352=DIRECTION('center_axis',(0.,-0.258819045102521,0.965925826289068));
#14353=DIRECTION('ref_axis',(0.,-0.965925826289068,-0.258819045102523));
#14354=DIRECTION('',(0.866025403784439,0.482962913144533,0.12940952255126));
#14355=DIRECTION('center_axis',(0.,-0.258819045102521,0.965925826289068));
#14356=DIRECTION('ref_axis',(0.866025403784433,-0.482962913144543,-0.129409522551263));
#14357=DIRECTION('',(3.12317241379438E-17,0.965925826289068,0.258819045102521));
#14358=DIRECTION('center_axis',(0.,-0.258819045102521,0.965925826289068));
#14359=DIRECTION('ref_axis',(0.866025403784436,0.482962913144538,0.129409522551264));
#14360=DIRECTION('',(-0.866025403784439,0.482962913144534,0.12940952255126));
#14361=DIRECTION('center_axis',(0.,-0.258819045102521,0.965925826289068));
#14362=DIRECTION('ref_axis',(0.,0.965925826289068,0.258819045102522));
#14363=DIRECTION('',(-0.866025403784439,-0.482962913144533,-0.12940952255126));
#14364=DIRECTION('center_axis',(-1.,3.01675289443756E-17,8.08336501828797E-18));
#14365=DIRECTION('ref_axis',(3.12317241379438E-17,0.965925826289068,0.258819045102521));
#14366=DIRECTION('',(8.89548937465865E-34,-0.258819045102521,0.965925826289068));
#14367=DIRECTION('center_axis',(-8.89548937465865E-34,0.258819045102521,
-0.965925826289068));
#14368=DIRECTION('ref_axis',(-0.866025403784433,-0.482962913144543,-0.129409522551263));
#14369=DIRECTION('',(-1.38777878078144E-17,0.258819045102521,-0.965925826289068));
#14370=DIRECTION('center_axis',(0.,0.258819045102521,-0.965925826289068));
#14371=DIRECTION('ref_axis',(0.,-0.965925826289068,-0.258819045102523));
#14372=DIRECTION('',(-1.38777878078144E-17,-0.258819045102521,0.965925826289068));
#14373=DIRECTION('',(0.,0.258819045102521,-0.965925826289068));
#14374=DIRECTION('center_axis',(0.499999999999999,-0.836516303737808,-0.224143868042014));
#14375=DIRECTION('ref_axis',(-0.866025403784439,-0.482962913144533,-0.12940952255126));
#14376=DIRECTION('',(8.89548937465865E-34,-0.258819045102521,0.965925826289068));
#14377=DIRECTION('center_axis',(-8.89548937465865E-34,0.258819045102521,
-0.965925826289068));
#14378=DIRECTION('ref_axis',(0.866025403784433,-0.482962913144543,-0.129409522551263));
#14379=DIRECTION('',(-8.89548937465865E-34,0.258819045102521,-0.965925826289068));
#14380=DIRECTION('center_axis',(-8.89548937465865E-34,0.258819045102521,
-0.965925826289068));
#14381=DIRECTION('ref_axis',(0.866025403784436,0.482962913144538,0.129409522551264));
#14382=DIRECTION('',(8.89548937465865E-34,-0.258819045102521,0.965925826289068));
#14383=DIRECTION('',(1.38777878078144E-17,0.258819045102521,-0.965925826289068));
#14384=DIRECTION('center_axis',(0.5,0.836516303737808,0.224143868042014));
#14385=DIRECTION('ref_axis',(0.866025403784439,-0.482962913144534,-0.12940952255126));
#14386=DIRECTION('',(-1.38777878078144E-17,-0.258819045102521,0.965925826289068));
#14387=DIRECTION('center_axis',(0.,0.258819045102521,-0.965925826289068));
#14388=DIRECTION('ref_axis',(0.,0.965925826289068,0.258819045102522));
#14389=DIRECTION('',(-1.38777878078144E-17,0.258819045102521,-0.965925826289068));
#14390=DIRECTION('center_axis',(-0.499999999999999,0.836516303737808,0.224143868042014));
#14391=DIRECTION('ref_axis',(0.866025403784439,0.482962913144533,0.12940952255126));
#14392=DIRECTION('center_axis',(-0.499999999999999,-0.836516303737808,-0.224143868042014));
#14393=DIRECTION('ref_axis',(-0.866025403784439,0.482962913144534,0.12940952255126));
#14394=DIRECTION('center_axis',(1.,-3.01675289443756E-17,-8.08336501828797E-18));
#14395=DIRECTION('ref_axis',(-3.12317241379438E-17,-0.965925826289068,-0.258819045102521));
#14396=DIRECTION('center_axis',(-8.89548937465865E-34,0.258819045102521,
-0.965925826289068));
#14397=DIRECTION('ref_axis',(-0.866025403784436,0.482962913144538,0.129409522551264));
#14398=DIRECTION('center_axis',(0.,-0.258819045102521,0.965925826289068));
#14399=DIRECTION('ref_axis',(-0.866025403784436,0.482962913144538,0.129409522551264));
#14400=DIRECTION('',(1.38777878078144E-17,-0.258819045102521,0.965925826289068));
#14401=DIRECTION('',(-8.89548937465865E-34,0.258819045102521,-0.965925826289068));
#14402=DIRECTION('center_axis',(0.,0.258819045102521,-0.965925826289068));
#14403=DIRECTION('ref_axis',(-1.,0.,0.));
#14404=DIRECTION('',(-3.12317241379438E-17,-0.965925826289068,-0.258819045102521));
#14405=DIRECTION('center_axis',(0.,-0.258819045102521,0.965925826289068));
#14406=DIRECTION('ref_axis',(-0.866025403784433,-0.482962913144543,-0.129409522551263));
#14407=DIRECTION('',(0.866025403784439,-0.482962913144534,-0.12940952255126));
#14408=DIRECTION('center_axis',(0.,-0.258819045102521,0.965925826289068));
#14409=DIRECTION('ref_axis',(0.,-0.965925826289068,-0.258819045102523));
#14410=DIRECTION('',(0.866025403784439,0.482962913144533,0.12940952255126));
#14411=DIRECTION('center_axis',(0.,-0.258819045102521,0.965925826289068));
#14412=DIRECTION('ref_axis',(0.866025403784433,-0.482962913144543,-0.129409522551263));
#14413=DIRECTION('',(3.12317241379438E-17,0.965925826289068,0.258819045102521));
#14414=DIRECTION('center_axis',(0.,-0.258819045102521,0.965925826289068));
#14415=DIRECTION('ref_axis',(0.866025403784436,0.482962913144538,0.129409522551264));
#14416=DIRECTION('',(-0.866025403784439,0.482962913144534,0.12940952255126));
#14417=DIRECTION('center_axis',(0.,-0.258819045102521,0.965925826289068));
#14418=DIRECTION('ref_axis',(0.,0.965925826289068,0.258819045102522));
#14419=DIRECTION('',(-0.866025403784439,-0.482962913144533,-0.12940952255126));
#14420=DIRECTION('center_axis',(-1.,3.01675289443756E-17,8.08336501828797E-18));
#14421=DIRECTION('ref_axis',(3.12317241379438E-17,0.965925826289068,0.258819045102521));
#14422=DIRECTION('',(8.89548937465865E-34,-0.258819045102521,0.965925826289068));
#14423=DIRECTION('center_axis',(-8.89548937465865E-34,0.258819045102521,
-0.965925826289068));
#14424=DIRECTION('ref_axis',(-0.866025403784433,-0.482962913144543,-0.129409522551263));
#14425=DIRECTION('',(-1.38777878078144E-17,0.258819045102521,-0.965925826289068));
#14426=DIRECTION('center_axis',(0.,0.258819045102521,-0.965925826289068));
#14427=DIRECTION('ref_axis',(0.,-0.965925826289068,-0.258819045102523));
#14428=DIRECTION('',(-1.38777878078144E-17,-0.258819045102521,0.965925826289068));
#14429=DIRECTION('',(0.,0.258819045102521,-0.965925826289068));
#14430=DIRECTION('center_axis',(0.499999999999999,-0.836516303737808,-0.224143868042014));
#14431=DIRECTION('ref_axis',(-0.866025403784439,-0.482962913144533,-0.12940952255126));
#14432=DIRECTION('',(8.89548937465865E-34,-0.258819045102521,0.965925826289068));
#14433=DIRECTION('center_axis',(-8.89548937465865E-34,0.258819045102521,
-0.965925826289068));
#14434=DIRECTION('ref_axis',(0.866025403784433,-0.482962913144543,-0.129409522551263));
#14435=DIRECTION('',(-8.89548937465865E-34,0.258819045102521,-0.965925826289068));
#14436=DIRECTION('center_axis',(-8.89548937465865E-34,0.258819045102521,
-0.965925826289068));
#14437=DIRECTION('ref_axis',(0.866025403784436,0.482962913144538,0.129409522551264));
#14438=DIRECTION('',(8.89548937465865E-34,-0.258819045102521,0.965925826289068));
#14439=DIRECTION('',(1.38777878078144E-17,0.258819045102521,-0.965925826289068));
#14440=DIRECTION('center_axis',(0.5,0.836516303737808,0.224143868042014));
#14441=DIRECTION('ref_axis',(0.866025403784439,-0.482962913144534,-0.12940952255126));
#14442=DIRECTION('',(-1.38777878078144E-17,-0.258819045102521,0.965925826289068));
#14443=DIRECTION('center_axis',(0.,0.258819045102521,-0.965925826289068));
#14444=DIRECTION('ref_axis',(0.,0.965925826289068,0.258819045102522));
#14445=DIRECTION('',(-1.38777878078144E-17,0.258819045102521,-0.965925826289068));
#14446=DIRECTION('center_axis',(-0.499999999999999,0.836516303737808,0.224143868042014));
#14447=DIRECTION('ref_axis',(0.866025403784439,0.482962913144533,0.12940952255126));
#14448=DIRECTION('center_axis',(-0.499999999999999,-0.836516303737808,-0.224143868042014));
#14449=DIRECTION('ref_axis',(-0.866025403784439,0.482962913144534,0.12940952255126));
#14450=DIRECTION('center_axis',(1.,-3.01675289443756E-17,-8.08336501828797E-18));
#14451=DIRECTION('ref_axis',(-3.12317241379438E-17,-0.965925826289068,-0.258819045102521));
#14452=DIRECTION('center_axis',(-8.89548937465865E-34,0.258819045102521,
-0.965925826289068));
#14453=DIRECTION('ref_axis',(-0.866025403784436,0.482962913144538,0.129409522551264));
#14454=DIRECTION('center_axis',(0.,-0.258819045102521,0.965925826289068));
#14455=DIRECTION('ref_axis',(-0.866025403784436,0.482962913144538,0.129409522551264));
#14456=DIRECTION('',(1.38777878078144E-17,-0.258819045102521,0.965925826289068));
#14457=DIRECTION('',(-8.89548937465865E-34,0.258819045102521,-0.965925826289068));
#14458=DIRECTION('center_axis',(0.,0.258819045102521,-0.965925826289068));
#14459=DIRECTION('ref_axis',(-1.,0.,0.));
#14460=DIRECTION('',(-3.12317241379438E-17,-0.965925826289068,-0.258819045102521));
#14461=DIRECTION('center_axis',(0.,-0.258819045102521,0.965925826289068));
#14462=DIRECTION('ref_axis',(-0.866025403784433,-0.482962913144543,-0.129409522551263));
#14463=DIRECTION('',(0.866025403784439,-0.482962913144534,-0.12940952255126));
#14464=DIRECTION('center_axis',(0.,-0.258819045102521,0.965925826289068));
#14465=DIRECTION('ref_axis',(0.,-0.965925826289068,-0.258819045102523));
#14466=DIRECTION('',(0.866025403784439,0.482962913144533,0.12940952255126));
#14467=DIRECTION('center_axis',(0.,-0.258819045102521,0.965925826289068));
#14468=DIRECTION('ref_axis',(0.866025403784433,-0.482962913144543,-0.129409522551263));
#14469=DIRECTION('',(3.12317241379438E-17,0.965925826289068,0.258819045102521));
#14470=DIRECTION('center_axis',(0.,-0.258819045102521,0.965925826289068));
#14471=DIRECTION('ref_axis',(0.866025403784436,0.482962913144538,0.129409522551264));
#14472=DIRECTION('',(-0.866025403784439,0.482962913144534,0.12940952255126));
#14473=DIRECTION('center_axis',(0.,-0.258819045102521,0.965925826289068));
#14474=DIRECTION('ref_axis',(0.,0.965925826289068,0.258819045102522));
#14475=DIRECTION('',(-0.866025403784439,-0.482962913144533,-0.12940952255126));
#14476=DIRECTION('center_axis',(-1.,3.01675289443756E-17,8.08336501828797E-18));
#14477=DIRECTION('ref_axis',(3.12317241379438E-17,0.965925826289068,0.258819045102521));
#14478=DIRECTION('',(8.89548937465865E-34,-0.258819045102521,0.965925826289068));
#14479=DIRECTION('center_axis',(-8.89548937465865E-34,0.258819045102521,
-0.965925826289068));
#14480=DIRECTION('ref_axis',(-0.866025403784433,-0.482962913144543,-0.129409522551263));
#14481=DIRECTION('',(-1.38777878078144E-17,0.258819045102521,-0.965925826289068));
#14482=DIRECTION('center_axis',(0.,0.258819045102521,-0.965925826289068));
#14483=DIRECTION('ref_axis',(0.,-0.965925826289068,-0.258819045102523));
#14484=DIRECTION('',(-1.38777878078144E-17,-0.258819045102521,0.965925826289068));
#14485=DIRECTION('',(0.,0.258819045102521,-0.965925826289068));
#14486=DIRECTION('center_axis',(0.499999999999999,-0.836516303737808,-0.224143868042014));
#14487=DIRECTION('ref_axis',(-0.866025403784439,-0.482962913144533,-0.12940952255126));
#14488=DIRECTION('',(8.89548937465865E-34,-0.258819045102521,0.965925826289068));
#14489=DIRECTION('center_axis',(-8.89548937465865E-34,0.258819045102521,
-0.965925826289068));
#14490=DIRECTION('ref_axis',(0.866025403784433,-0.482962913144543,-0.129409522551263));
#14491=DIRECTION('',(-8.89548937465865E-34,0.258819045102521,-0.965925826289068));
#14492=DIRECTION('center_axis',(-8.89548937465865E-34,0.258819045102521,
-0.965925826289068));
#14493=DIRECTION('ref_axis',(0.866025403784436,0.482962913144538,0.129409522551264));
#14494=DIRECTION('',(8.89548937465865E-34,-0.258819045102521,0.965925826289068));
#14495=DIRECTION('',(1.38777878078144E-17,0.258819045102521,-0.965925826289068));
#14496=DIRECTION('center_axis',(0.5,0.836516303737808,0.224143868042014));
#14497=DIRECTION('ref_axis',(0.866025403784439,-0.482962913144534,-0.12940952255126));
#14498=DIRECTION('',(-1.38777878078144E-17,-0.258819045102521,0.965925826289068));
#14499=DIRECTION('center_axis',(0.,0.258819045102521,-0.965925826289068));
#14500=DIRECTION('ref_axis',(0.,0.965925826289068,0.258819045102522));
#14501=DIRECTION('',(-1.38777878078144E-17,0.258819045102521,-0.965925826289068));
#14502=DIRECTION('center_axis',(-0.499999999999999,0.836516303737808,0.224143868042014));
#14503=DIRECTION('ref_axis',(0.866025403784439,0.482962913144533,0.12940952255126));
#14504=DIRECTION('center_axis',(-0.499999999999999,-0.836516303737808,-0.224143868042014));
#14505=DIRECTION('ref_axis',(-0.866025403784439,0.482962913144534,0.12940952255126));
#14506=DIRECTION('center_axis',(1.,-3.01675289443756E-17,-8.08336501828797E-18));
#14507=DIRECTION('ref_axis',(-3.12317241379438E-17,-0.965925826289068,-0.258819045102521));
#14508=DIRECTION('center_axis',(-8.89548937465865E-34,0.258819045102521,
-0.965925826289068));
#14509=DIRECTION('ref_axis',(-0.866025403784436,0.482962913144538,0.129409522551264));
#14510=DIRECTION('center_axis',(0.,-0.258819045102521,0.965925826289068));
#14511=DIRECTION('ref_axis',(-0.866025403784436,0.482962913144538,0.129409522551264));
#14512=DIRECTION('',(1.38777878078144E-17,-0.258819045102521,0.965925826289068));
#14513=DIRECTION('',(-8.89548937465865E-34,0.258819045102521,-0.965925826289068));
#14514=DIRECTION('center_axis',(0.,0.258819045102521,-0.965925826289068));
#14515=DIRECTION('ref_axis',(-1.,0.,0.));
#14516=DIRECTION('',(-3.12317241379438E-17,-0.965925826289068,-0.258819045102521));
#14517=DIRECTION('center_axis',(0.,-0.258819045102521,0.965925826289068));
#14518=DIRECTION('ref_axis',(-0.866025403784433,-0.482962913144543,-0.129409522551263));
#14519=DIRECTION('',(0.866025403784439,-0.482962913144534,-0.12940952255126));
#14520=DIRECTION('center_axis',(0.,-0.258819045102521,0.965925826289068));
#14521=DIRECTION('ref_axis',(0.,-0.965925826289068,-0.258819045102523));
#14522=DIRECTION('',(0.866025403784439,0.482962913144533,0.12940952255126));
#14523=DIRECTION('center_axis',(0.,-0.258819045102521,0.965925826289068));
#14524=DIRECTION('ref_axis',(0.866025403784433,-0.482962913144543,-0.129409522551263));
#14525=DIRECTION('',(3.12317241379438E-17,0.965925826289068,0.258819045102521));
#14526=DIRECTION('center_axis',(0.,-0.258819045102521,0.965925826289068));
#14527=DIRECTION('ref_axis',(0.866025403784436,0.482962913144538,0.129409522551264));
#14528=DIRECTION('',(-0.866025403784439,0.482962913144534,0.12940952255126));
#14529=DIRECTION('center_axis',(0.,-0.258819045102521,0.965925826289068));
#14530=DIRECTION('ref_axis',(0.,0.965925826289068,0.258819045102522));
#14531=DIRECTION('',(-0.866025403784439,-0.482962913144533,-0.12940952255126));
#14532=DIRECTION('center_axis',(-1.,3.01675289443756E-17,8.08336501828797E-18));
#14533=DIRECTION('ref_axis',(3.12317241379438E-17,0.965925826289068,0.258819045102521));
#14534=DIRECTION('',(8.89548937465865E-34,-0.258819045102521,0.965925826289068));
#14535=DIRECTION('center_axis',(-8.89548937465865E-34,0.258819045102521,
-0.965925826289068));
#14536=DIRECTION('ref_axis',(-0.866025403784433,-0.482962913144543,-0.129409522551263));
#14537=DIRECTION('',(-1.38777878078144E-17,0.258819045102521,-0.965925826289068));
#14538=DIRECTION('center_axis',(0.,0.258819045102521,-0.965925826289068));
#14539=DIRECTION('ref_axis',(0.,-0.965925826289068,-0.258819045102523));
#14540=DIRECTION('',(-1.38777878078144E-17,-0.258819045102521,0.965925826289068));
#14541=DIRECTION('',(0.,0.258819045102521,-0.965925826289068));
#14542=DIRECTION('center_axis',(0.499999999999999,-0.836516303737808,-0.224143868042014));
#14543=DIRECTION('ref_axis',(-0.866025403784439,-0.482962913144533,-0.12940952255126));
#14544=DIRECTION('',(8.89548937465865E-34,-0.258819045102521,0.965925826289068));
#14545=DIRECTION('center_axis',(-8.89548937465865E-34,0.258819045102521,
-0.965925826289068));
#14546=DIRECTION('ref_axis',(0.866025403784433,-0.482962913144543,-0.129409522551263));
#14547=DIRECTION('',(-8.89548937465865E-34,0.258819045102521,-0.965925826289068));
#14548=DIRECTION('center_axis',(-8.89548937465865E-34,0.258819045102521,
-0.965925826289068));
#14549=DIRECTION('ref_axis',(0.866025403784436,0.482962913144538,0.129409522551264));
#14550=DIRECTION('',(8.89548937465865E-34,-0.258819045102521,0.965925826289068));
#14551=DIRECTION('',(1.38777878078144E-17,0.258819045102521,-0.965925826289068));
#14552=DIRECTION('center_axis',(0.5,0.836516303737808,0.224143868042014));
#14553=DIRECTION('ref_axis',(0.866025403784439,-0.482962913144534,-0.12940952255126));
#14554=DIRECTION('',(-1.38777878078144E-17,-0.258819045102521,0.965925826289068));
#14555=DIRECTION('center_axis',(0.,0.258819045102521,-0.965925826289068));
#14556=DIRECTION('ref_axis',(0.,0.965925826289068,0.258819045102522));
#14557=DIRECTION('',(-1.38777878078144E-17,0.258819045102521,-0.965925826289068));
#14558=DIRECTION('center_axis',(-0.499999999999999,0.836516303737808,0.224143868042014));
#14559=DIRECTION('ref_axis',(0.866025403784439,0.482962913144533,0.12940952255126));
#14560=DIRECTION('center_axis',(-0.499999999999999,-0.836516303737808,-0.224143868042014));
#14561=DIRECTION('ref_axis',(-0.866025403784439,0.482962913144534,0.12940952255126));
#14562=DIRECTION('center_axis',(1.,-3.01675289443756E-17,-8.08336501828797E-18));
#14563=DIRECTION('ref_axis',(-3.12317241379438E-17,-0.965925826289068,-0.258819045102521));
#14564=DIRECTION('center_axis',(-8.89548937465865E-34,0.258819045102521,
-0.965925826289068));
#14565=DIRECTION('ref_axis',(-0.866025403784436,0.482962913144538,0.129409522551264));
#14566=DIRECTION('center_axis',(0.,-0.258819045102521,0.965925826289068));
#14567=DIRECTION('ref_axis',(-0.866025403784436,0.482962913144538,0.129409522551264));
#14568=DIRECTION('',(1.38777878078144E-17,-0.258819045102521,0.965925826289068));
#14569=DIRECTION('',(-8.89548937465865E-34,0.258819045102521,-0.965925826289068));
#14570=DIRECTION('center_axis',(0.,0.258819045102521,-0.965925826289068));
#14571=DIRECTION('ref_axis',(-1.,0.,0.));
#14572=DIRECTION('',(-3.12317241379438E-17,-0.965925826289068,-0.258819045102521));
#14573=DIRECTION('center_axis',(0.,-0.258819045102521,0.965925826289068));
#14574=DIRECTION('ref_axis',(-0.866025403784433,-0.482962913144543,-0.129409522551263));
#14575=DIRECTION('',(0.866025403784439,-0.482962913144534,-0.12940952255126));
#14576=DIRECTION('center_axis',(0.,-0.258819045102521,0.965925826289068));
#14577=DIRECTION('ref_axis',(0.,-0.965925826289068,-0.258819045102523));
#14578=DIRECTION('',(0.866025403784439,0.482962913144533,0.12940952255126));
#14579=DIRECTION('center_axis',(0.,-0.258819045102521,0.965925826289068));
#14580=DIRECTION('ref_axis',(0.866025403784433,-0.482962913144543,-0.129409522551263));
#14581=DIRECTION('',(3.12317241379438E-17,0.965925826289068,0.258819045102521));
#14582=DIRECTION('center_axis',(0.,-0.258819045102521,0.965925826289068));
#14583=DIRECTION('ref_axis',(0.866025403784436,0.482962913144538,0.129409522551264));
#14584=DIRECTION('',(-0.866025403784439,0.482962913144534,0.12940952255126));
#14585=DIRECTION('center_axis',(0.,-0.258819045102521,0.965925826289068));
#14586=DIRECTION('ref_axis',(0.,0.965925826289068,0.258819045102522));
#14587=DIRECTION('',(-0.866025403784439,-0.482962913144533,-0.12940952255126));
#14588=DIRECTION('center_axis',(-1.,3.01675289443756E-17,8.08336501828797E-18));
#14589=DIRECTION('ref_axis',(3.12317241379438E-17,0.965925826289068,0.258819045102521));
#14590=DIRECTION('',(8.89548937465865E-34,-0.258819045102521,0.965925826289068));
#14591=DIRECTION('center_axis',(-8.89548937465865E-34,0.258819045102521,
-0.965925826289068));
#14592=DIRECTION('ref_axis',(-0.866025403784433,-0.482962913144543,-0.129409522551263));
#14593=DIRECTION('',(-1.38777878078144E-17,0.258819045102521,-0.965925826289068));
#14594=DIRECTION('center_axis',(0.,0.258819045102521,-0.965925826289068));
#14595=DIRECTION('ref_axis',(0.,-0.965925826289068,-0.258819045102523));
#14596=DIRECTION('',(-1.38777878078144E-17,-0.258819045102521,0.965925826289068));
#14597=DIRECTION('',(0.,0.258819045102521,-0.965925826289068));
#14598=DIRECTION('center_axis',(0.499999999999999,-0.836516303737808,-0.224143868042014));
#14599=DIRECTION('ref_axis',(-0.866025403784439,-0.482962913144533,-0.12940952255126));
#14600=DIRECTION('',(8.89548937465865E-34,-0.258819045102521,0.965925826289068));
#14601=DIRECTION('center_axis',(-8.89548937465865E-34,0.258819045102521,
-0.965925826289068));
#14602=DIRECTION('ref_axis',(0.866025403784433,-0.482962913144543,-0.129409522551263));
#14603=DIRECTION('',(-8.89548937465865E-34,0.258819045102521,-0.965925826289068));
#14604=DIRECTION('center_axis',(-8.89548937465865E-34,0.258819045102521,
-0.965925826289068));
#14605=DIRECTION('ref_axis',(0.866025403784436,0.482962913144538,0.129409522551264));
#14606=DIRECTION('',(8.89548937465865E-34,-0.258819045102521,0.965925826289068));
#14607=DIRECTION('',(1.38777878078144E-17,0.258819045102521,-0.965925826289068));
#14608=DIRECTION('center_axis',(0.5,0.836516303737808,0.224143868042014));
#14609=DIRECTION('ref_axis',(0.866025403784439,-0.482962913144534,-0.12940952255126));
#14610=DIRECTION('',(-1.38777878078144E-17,-0.258819045102521,0.965925826289068));
#14611=DIRECTION('center_axis',(0.,0.258819045102521,-0.965925826289068));
#14612=DIRECTION('ref_axis',(0.,0.965925826289068,0.258819045102522));
#14613=DIRECTION('',(-1.38777878078144E-17,0.258819045102521,-0.965925826289068));
#14614=DIRECTION('center_axis',(-0.499999999999999,0.836516303737808,0.224143868042014));
#14615=DIRECTION('ref_axis',(0.866025403784439,0.482962913144533,0.12940952255126));
#14616=DIRECTION('center_axis',(-0.499999999999999,-0.836516303737808,-0.224143868042014));
#14617=DIRECTION('ref_axis',(-0.866025403784439,0.482962913144534,0.12940952255126));
#14618=DIRECTION('center_axis',(1.,-3.01675289443756E-17,-8.08336501828797E-18));
#14619=DIRECTION('ref_axis',(-3.12317241379438E-17,-0.965925826289068,-0.258819045102521));
#14620=DIRECTION('center_axis',(-8.89548937465865E-34,0.258819045102521,
-0.965925826289068));
#14621=DIRECTION('ref_axis',(-0.866025403784436,0.482962913144538,0.129409522551264));
#14622=DIRECTION('center_axis',(0.,-0.258819045102521,0.965925826289068));
#14623=DIRECTION('ref_axis',(-0.866025403784436,0.482962913144538,0.129409522551264));
#14624=DIRECTION('',(1.38777878078144E-17,-0.258819045102521,0.965925826289068));
#14625=DIRECTION('',(-8.89548937465865E-34,0.258819045102521,-0.965925826289068));
#14626=DIRECTION('center_axis',(0.,0.258819045102521,-0.965925826289068));
#14627=DIRECTION('ref_axis',(-1.,0.,0.));
#14628=DIRECTION('',(-3.12317241379438E-17,-0.965925826289068,-0.258819045102521));
#14629=DIRECTION('center_axis',(0.,-0.258819045102521,0.965925826289068));
#14630=DIRECTION('ref_axis',(-0.866025403784433,-0.482962913144543,-0.129409522551263));
#14631=DIRECTION('',(0.866025403784439,-0.482962913144534,-0.12940952255126));
#14632=DIRECTION('center_axis',(0.,-0.258819045102521,0.965925826289068));
#14633=DIRECTION('ref_axis',(0.,-0.965925826289068,-0.258819045102523));
#14634=DIRECTION('',(0.866025403784439,0.482962913144533,0.12940952255126));
#14635=DIRECTION('center_axis',(0.,-0.258819045102521,0.965925826289068));
#14636=DIRECTION('ref_axis',(0.866025403784433,-0.482962913144543,-0.129409522551263));
#14637=DIRECTION('',(3.12317241379438E-17,0.965925826289068,0.258819045102521));
#14638=DIRECTION('center_axis',(0.,-0.258819045102521,0.965925826289068));
#14639=DIRECTION('ref_axis',(0.866025403784436,0.482962913144538,0.129409522551264));
#14640=DIRECTION('',(-0.866025403784439,0.482962913144534,0.12940952255126));
#14641=DIRECTION('center_axis',(0.,-0.258819045102521,0.965925826289068));
#14642=DIRECTION('ref_axis',(0.,0.965925826289068,0.258819045102522));
#14643=DIRECTION('',(-0.866025403784439,-0.482962913144533,-0.12940952255126));
#14644=DIRECTION('center_axis',(-1.,3.01675289443756E-17,8.08336501828797E-18));
#14645=DIRECTION('ref_axis',(3.12317241379438E-17,0.965925826289068,0.258819045102521));
#14646=DIRECTION('',(8.89548937465865E-34,-0.258819045102521,0.965925826289068));
#14647=DIRECTION('center_axis',(-8.89548937465865E-34,0.258819045102521,
-0.965925826289068));
#14648=DIRECTION('ref_axis',(-0.866025403784433,-0.482962913144543,-0.129409522551263));
#14649=DIRECTION('',(-1.38777878078144E-17,0.258819045102521,-0.965925826289068));
#14650=DIRECTION('center_axis',(0.,0.258819045102521,-0.965925826289068));
#14651=DIRECTION('ref_axis',(0.,-0.965925826289068,-0.258819045102523));
#14652=DIRECTION('',(-1.38777878078144E-17,-0.258819045102521,0.965925826289068));
#14653=DIRECTION('',(0.,0.258819045102521,-0.965925826289068));
#14654=DIRECTION('center_axis',(0.499999999999999,-0.836516303737808,-0.224143868042014));
#14655=DIRECTION('ref_axis',(-0.866025403784439,-0.482962913144533,-0.12940952255126));
#14656=DIRECTION('',(8.89548937465865E-34,-0.258819045102521,0.965925826289068));
#14657=DIRECTION('center_axis',(-8.89548937465865E-34,0.258819045102521,
-0.965925826289068));
#14658=DIRECTION('ref_axis',(0.866025403784433,-0.482962913144543,-0.129409522551263));
#14659=DIRECTION('',(-8.89548937465865E-34,0.258819045102521,-0.965925826289068));
#14660=DIRECTION('center_axis',(-8.89548937465865E-34,0.258819045102521,
-0.965925826289068));
#14661=DIRECTION('ref_axis',(0.866025403784436,0.482962913144538,0.129409522551264));
#14662=DIRECTION('',(8.89548937465865E-34,-0.258819045102521,0.965925826289068));
#14663=DIRECTION('',(1.38777878078144E-17,0.258819045102521,-0.965925826289068));
#14664=DIRECTION('center_axis',(0.5,0.836516303737808,0.224143868042014));
#14665=DIRECTION('ref_axis',(0.866025403784439,-0.482962913144534,-0.12940952255126));
#14666=DIRECTION('',(-1.38777878078144E-17,-0.258819045102521,0.965925826289068));
#14667=DIRECTION('center_axis',(0.,0.258819045102521,-0.965925826289068));
#14668=DIRECTION('ref_axis',(0.,0.965925826289068,0.258819045102522));
#14669=DIRECTION('',(-1.38777878078144E-17,0.258819045102521,-0.965925826289068));
#14670=DIRECTION('center_axis',(-0.499999999999999,0.836516303737808,0.224143868042014));
#14671=DIRECTION('ref_axis',(0.866025403784439,0.482962913144533,0.12940952255126));
#14672=DIRECTION('center_axis',(-0.499999999999999,-0.836516303737808,-0.224143868042014));
#14673=DIRECTION('ref_axis',(-0.866025403784439,0.482962913144534,0.12940952255126));
#14674=DIRECTION('center_axis',(1.,-3.01675289443756E-17,-8.08336501828797E-18));
#14675=DIRECTION('ref_axis',(-3.12317241379438E-17,-0.965925826289068,-0.258819045102521));
#14676=DIRECTION('center_axis',(-8.89548937465865E-34,0.258819045102521,
-0.965925826289068));
#14677=DIRECTION('ref_axis',(-0.866025403784436,0.482962913144538,0.129409522551264));
#14678=DIRECTION('center_axis',(0.,-0.258819045102521,0.965925826289068));
#14679=DIRECTION('ref_axis',(-0.866025403784436,0.482962913144538,0.129409522551264));
#14680=DIRECTION('',(1.38777878078144E-17,-0.258819045102521,0.965925826289068));
#14681=DIRECTION('',(-8.89548937465865E-34,0.258819045102521,-0.965925826289068));
#14682=DIRECTION('center_axis',(0.,0.258819045102521,-0.965925826289068));
#14683=DIRECTION('ref_axis',(-1.,0.,0.));
#14684=DIRECTION('',(-3.12317241379438E-17,-0.965925826289068,-0.258819045102521));
#14685=DIRECTION('center_axis',(0.,-0.258819045102521,0.965925826289068));
#14686=DIRECTION('ref_axis',(-0.866025403784433,-0.482962913144543,-0.129409522551263));
#14687=DIRECTION('',(0.866025403784439,-0.482962913144534,-0.12940952255126));
#14688=DIRECTION('center_axis',(0.,-0.258819045102521,0.965925826289068));
#14689=DIRECTION('ref_axis',(0.,-0.965925826289068,-0.258819045102523));
#14690=DIRECTION('',(0.866025403784439,0.482962913144533,0.12940952255126));
#14691=DIRECTION('center_axis',(0.,-0.258819045102521,0.965925826289068));
#14692=DIRECTION('ref_axis',(0.866025403784433,-0.482962913144543,-0.129409522551263));
#14693=DIRECTION('',(3.12317241379438E-17,0.965925826289068,0.258819045102521));
#14694=DIRECTION('center_axis',(0.,-0.258819045102521,0.965925826289068));
#14695=DIRECTION('ref_axis',(0.866025403784436,0.482962913144538,0.129409522551264));
#14696=DIRECTION('',(-0.866025403784439,0.482962913144534,0.12940952255126));
#14697=DIRECTION('center_axis',(0.,-0.258819045102521,0.965925826289068));
#14698=DIRECTION('ref_axis',(0.,0.965925826289068,0.258819045102522));
#14699=DIRECTION('',(-0.866025403784439,-0.482962913144533,-0.12940952255126));
#14700=DIRECTION('center_axis',(-1.,3.01675289443756E-17,8.08336501828797E-18));
#14701=DIRECTION('ref_axis',(3.12317241379438E-17,0.965925826289068,0.258819045102521));
#14702=DIRECTION('',(8.89548937465865E-34,-0.258819045102521,0.965925826289068));
#14703=DIRECTION('center_axis',(-8.89548937465865E-34,0.258819045102521,
-0.965925826289068));
#14704=DIRECTION('ref_axis',(-0.866025403784433,-0.482962913144543,-0.129409522551263));
#14705=DIRECTION('',(-1.38777878078144E-17,0.258819045102521,-0.965925826289068));
#14706=DIRECTION('center_axis',(0.,0.258819045102521,-0.965925826289068));
#14707=DIRECTION('ref_axis',(0.,-0.965925826289068,-0.258819045102523));
#14708=DIRECTION('',(-1.38777878078144E-17,-0.258819045102521,0.965925826289068));
#14709=DIRECTION('',(0.,0.258819045102521,-0.965925826289068));
#14710=DIRECTION('center_axis',(0.499999999999999,-0.836516303737808,-0.224143868042014));
#14711=DIRECTION('ref_axis',(-0.866025403784439,-0.482962913144533,-0.12940952255126));
#14712=DIRECTION('',(8.89548937465865E-34,-0.258819045102521,0.965925826289068));
#14713=DIRECTION('center_axis',(-8.89548937465865E-34,0.258819045102521,
-0.965925826289068));
#14714=DIRECTION('ref_axis',(0.866025403784433,-0.482962913144543,-0.129409522551263));
#14715=DIRECTION('',(-8.89548937465865E-34,0.258819045102521,-0.965925826289068));
#14716=DIRECTION('center_axis',(-8.89548937465865E-34,0.258819045102521,
-0.965925826289068));
#14717=DIRECTION('ref_axis',(0.866025403784436,0.482962913144538,0.129409522551264));
#14718=DIRECTION('',(8.89548937465865E-34,-0.258819045102521,0.965925826289068));
#14719=DIRECTION('',(1.38777878078144E-17,0.258819045102521,-0.965925826289068));
#14720=DIRECTION('center_axis',(0.5,0.836516303737808,0.224143868042014));
#14721=DIRECTION('ref_axis',(0.866025403784439,-0.482962913144534,-0.12940952255126));
#14722=DIRECTION('',(-1.38777878078144E-17,-0.258819045102521,0.965925826289068));
#14723=DIRECTION('center_axis',(0.,0.258819045102521,-0.965925826289068));
#14724=DIRECTION('ref_axis',(0.,0.965925826289068,0.258819045102522));
#14725=DIRECTION('',(-1.38777878078144E-17,0.258819045102521,-0.965925826289068));
#14726=DIRECTION('center_axis',(-0.499999999999999,0.836516303737808,0.224143868042014));
#14727=DIRECTION('ref_axis',(0.866025403784439,0.482962913144533,0.12940952255126));
#14728=DIRECTION('center_axis',(-0.499999999999999,-0.836516303737808,-0.224143868042014));
#14729=DIRECTION('ref_axis',(-0.866025403784439,0.482962913144534,0.12940952255126));
#14730=DIRECTION('center_axis',(1.,-3.01675289443756E-17,-8.08336501828797E-18));
#14731=DIRECTION('ref_axis',(-3.12317241379438E-17,-0.965925826289068,-0.258819045102521));
#14732=DIRECTION('center_axis',(0.,0.258819045102521,-0.965925826289068));
#14733=DIRECTION('ref_axis',(-0.866025403784442,0.482962913144527,0.129409522551261));
#14734=DIRECTION('center_axis',(0.,-0.258819045102521,0.965925826289068));
#14735=DIRECTION('ref_axis',(-0.866025403784442,0.482962913144527,0.129409522551261));
#14736=DIRECTION('',(1.38777878078145E-17,-0.258819045102521,0.965925826289068));
#14737=DIRECTION('',(0.,0.258819045102521,-0.965925826289068));
#14738=DIRECTION('center_axis',(0.,0.258819045102521,-0.965925826289068));
#14739=DIRECTION('ref_axis',(-1.,0.,0.));
#14740=DIRECTION('',(0.,-0.965925826289068,-0.258819045102521));
#14741=DIRECTION('center_axis',(0.,-0.258819045102521,0.965925826289068));
#14742=DIRECTION('ref_axis',(-0.866025403784436,-0.482962913144538,-0.129409522551264));
#14743=DIRECTION('',(0.866025403784438,-0.482962913144534,-0.129409522551261));
#14744=DIRECTION('center_axis',(0.,-0.258819045102521,0.965925826289068));
#14745=DIRECTION('ref_axis',(2.56395024851141E-14,-0.965925826289068,-0.258819045102522));
#14746=DIRECTION('',(0.866025403784438,0.482962913144534,0.129409522551261));
#14747=DIRECTION('center_axis',(0.,-0.258819045102521,0.965925826289068));
#14748=DIRECTION('ref_axis',(0.866025403784442,-0.482962913144527,-0.129409522551261));
#14749=DIRECTION('',(0.,0.965925826289068,0.258819045102521));
#14750=DIRECTION('center_axis',(0.,-0.258819045102521,0.965925826289068));
#14751=DIRECTION('ref_axis',(0.866025403784436,0.482962913144538,0.129409522551264));
#14752=DIRECTION('',(-0.866025403784438,0.482962913144534,0.129409522551261));
#14753=DIRECTION('center_axis',(0.,-0.258819045102521,0.965925826289068));
#14754=DIRECTION('ref_axis',(0.,0.965925826289067,0.258819045102525));
#14755=DIRECTION('',(-0.866025403784438,-0.482962913144534,-0.129409522551261));
#14756=DIRECTION('center_axis',(-1.,0.,0.));
#14757=DIRECTION('ref_axis',(0.,0.965925826289068,0.258819045102521));
#14758=DIRECTION('',(0.,-0.258819045102521,0.965925826289068));
#14759=DIRECTION('center_axis',(0.,0.258819045102521,-0.965925826289068));
#14760=DIRECTION('ref_axis',(-0.866025403784436,-0.482962913144538,-0.129409522551264));
#14761=DIRECTION('',(1.38777878078145E-17,0.258819045102521,-0.965925826289068));
#14762=DIRECTION('center_axis',(0.,0.258819045102521,-0.965925826289068));
#14763=DIRECTION('ref_axis',(2.56395024851141E-14,-0.965925826289068,-0.258819045102522));
#14764=DIRECTION('',(0.,-0.258819045102521,0.965925826289068));
#14765=DIRECTION('',(0.,0.258819045102521,-0.965925826289068));
#14766=DIRECTION('center_axis',(0.5,-0.836516303737808,-0.224143868042014));
#14767=DIRECTION('ref_axis',(-0.866025403784438,-0.482962913144534,-0.129409522551261));
#14768=DIRECTION('',(1.38777878078145E-17,-0.258819045102521,0.965925826289068));
#14769=DIRECTION('center_axis',(0.,0.258819045102521,-0.965925826289068));
#14770=DIRECTION('ref_axis',(0.866025403784442,-0.482962913144527,-0.129409522551261));
#14771=DIRECTION('',(0.,0.258819045102521,-0.965925826289068));
#14772=DIRECTION('center_axis',(0.,0.258819045102521,-0.965925826289068));
#14773=DIRECTION('ref_axis',(0.866025403784436,0.482962913144538,0.129409522551264));
#14774=DIRECTION('',(0.,-0.258819045102521,0.965925826289068));
#14775=DIRECTION('',(1.38777878078145E-17,0.258819045102521,-0.965925826289068));
#14776=DIRECTION('center_axis',(0.5,0.836516303737808,0.224143868042014));
#14777=DIRECTION('ref_axis',(0.866025403784438,-0.482962913144534,-0.129409522551261));
#14778=DIRECTION('',(0.,-0.258819045102521,0.965925826289068));
#14779=DIRECTION('center_axis',(0.,0.258819045102521,-0.965925826289068));
#14780=DIRECTION('ref_axis',(0.,0.965925826289067,0.258819045102525));
#14781=DIRECTION('',(0.,0.258819045102521,-0.965925826289068));
#14782=DIRECTION('center_axis',(-0.5,0.836516303737808,0.224143868042014));
#14783=DIRECTION('ref_axis',(0.866025403784438,0.482962913144534,0.129409522551261));
#14784=DIRECTION('center_axis',(-0.5,-0.836516303737808,-0.224143868042014));
#14785=DIRECTION('ref_axis',(-0.866025403784438,0.482962913144534,0.129409522551261));
#14786=DIRECTION('center_axis',(1.,0.,0.));
#14787=DIRECTION('ref_axis',(0.,-0.965925826289068,-0.258819045102521));
#14788=DIRECTION('center_axis',(0.,0.258819045102521,-0.965925826289068));
#14789=DIRECTION('ref_axis',(-0.866025403784442,0.482962913144527,0.129409522551261));
#14790=DIRECTION('center_axis',(0.,-0.258819045102521,0.965925826289068));
#14791=DIRECTION('ref_axis',(-0.866025403784442,0.482962913144527,0.129409522551261));
#14792=DIRECTION('',(1.38777878078145E-17,-0.258819045102521,0.965925826289068));
#14793=DIRECTION('',(0.,0.258819045102521,-0.965925826289068));
#14794=DIRECTION('center_axis',(0.,0.258819045102521,-0.965925826289068));
#14795=DIRECTION('ref_axis',(-1.,0.,0.));
#14796=DIRECTION('',(0.,-0.965925826289068,-0.258819045102521));
#14797=DIRECTION('center_axis',(0.,-0.258819045102521,0.965925826289068));
#14798=DIRECTION('ref_axis',(-0.866025403784436,-0.482962913144538,-0.129409522551264));
#14799=DIRECTION('',(0.866025403784438,-0.482962913144534,-0.129409522551261));
#14800=DIRECTION('center_axis',(0.,-0.258819045102521,0.965925826289068));
#14801=DIRECTION('ref_axis',(2.56395024851141E-14,-0.965925826289068,-0.258819045102522));
#14802=DIRECTION('',(0.866025403784438,0.482962913144534,0.129409522551261));
#14803=DIRECTION('center_axis',(0.,-0.258819045102521,0.965925826289068));
#14804=DIRECTION('ref_axis',(0.866025403784442,-0.482962913144527,-0.129409522551261));
#14805=DIRECTION('',(0.,0.965925826289068,0.258819045102521));
#14806=DIRECTION('center_axis',(0.,-0.258819045102521,0.965925826289068));
#14807=DIRECTION('ref_axis',(0.866025403784436,0.482962913144538,0.129409522551264));
#14808=DIRECTION('',(-0.866025403784438,0.482962913144534,0.129409522551261));
#14809=DIRECTION('center_axis',(0.,-0.258819045102521,0.965925826289068));
#14810=DIRECTION('ref_axis',(0.,0.965925826289067,0.258819045102525));
#14811=DIRECTION('',(-0.866025403784438,-0.482962913144534,-0.129409522551261));
#14812=DIRECTION('center_axis',(-1.,0.,0.));
#14813=DIRECTION('ref_axis',(0.,0.965925826289068,0.258819045102521));
#14814=DIRECTION('',(0.,-0.258819045102521,0.965925826289068));
#14815=DIRECTION('center_axis',(0.,0.258819045102521,-0.965925826289068));
#14816=DIRECTION('ref_axis',(-0.866025403784436,-0.482962913144538,-0.129409522551264));
#14817=DIRECTION('',(1.38777878078145E-17,0.258819045102521,-0.965925826289068));
#14818=DIRECTION('center_axis',(0.,0.258819045102521,-0.965925826289068));
#14819=DIRECTION('ref_axis',(2.56395024851141E-14,-0.965925826289068,-0.258819045102522));
#14820=DIRECTION('',(0.,-0.258819045102521,0.965925826289068));
#14821=DIRECTION('',(0.,0.258819045102521,-0.965925826289068));
#14822=DIRECTION('center_axis',(0.5,-0.836516303737808,-0.224143868042014));
#14823=DIRECTION('ref_axis',(-0.866025403784438,-0.482962913144534,-0.129409522551261));
#14824=DIRECTION('',(1.38777878078145E-17,-0.258819045102521,0.965925826289068));
#14825=DIRECTION('center_axis',(0.,0.258819045102521,-0.965925826289068));
#14826=DIRECTION('ref_axis',(0.866025403784442,-0.482962913144527,-0.129409522551261));
#14827=DIRECTION('',(0.,0.258819045102521,-0.965925826289068));
#14828=DIRECTION('center_axis',(0.,0.258819045102521,-0.965925826289068));
#14829=DIRECTION('ref_axis',(0.866025403784436,0.482962913144538,0.129409522551264));
#14830=DIRECTION('',(0.,-0.258819045102521,0.965925826289068));
#14831=DIRECTION('',(1.38777878078145E-17,0.258819045102521,-0.965925826289068));
#14832=DIRECTION('center_axis',(0.5,0.836516303737808,0.224143868042014));
#14833=DIRECTION('ref_axis',(0.866025403784438,-0.482962913144534,-0.129409522551261));
#14834=DIRECTION('',(0.,-0.258819045102521,0.965925826289068));
#14835=DIRECTION('center_axis',(0.,0.258819045102521,-0.965925826289068));
#14836=DIRECTION('ref_axis',(0.,0.965925826289067,0.258819045102525));
#14837=DIRECTION('',(0.,0.258819045102521,-0.965925826289068));
#14838=DIRECTION('center_axis',(-0.5,0.836516303737808,0.224143868042014));
#14839=DIRECTION('ref_axis',(0.866025403784438,0.482962913144534,0.129409522551261));
#14840=DIRECTION('center_axis',(-0.5,-0.836516303737808,-0.224143868042014));
#14841=DIRECTION('ref_axis',(-0.866025403784438,0.482962913144534,0.129409522551261));
#14842=DIRECTION('center_axis',(1.,0.,0.));
#14843=DIRECTION('ref_axis',(0.,-0.965925826289068,-0.258819045102521));
#14844=DIRECTION('center_axis',(0.,0.258819045102521,-0.965925826289068));
#14845=DIRECTION('ref_axis',(-0.866025403784442,0.482962913144527,0.129409522551261));
#14846=DIRECTION('center_axis',(0.,-0.258819045102521,0.965925826289068));
#14847=DIRECTION('ref_axis',(-0.866025403784442,0.482962913144527,0.129409522551261));
#14848=DIRECTION('',(1.38777878078145E-17,-0.258819045102521,0.965925826289068));
#14849=DIRECTION('',(0.,0.258819045102521,-0.965925826289068));
#14850=DIRECTION('center_axis',(0.,0.258819045102521,-0.965925826289068));
#14851=DIRECTION('ref_axis',(-1.,0.,0.));
#14852=DIRECTION('',(0.,-0.965925826289068,-0.258819045102521));
#14853=DIRECTION('center_axis',(0.,-0.258819045102521,0.965925826289068));
#14854=DIRECTION('ref_axis',(-0.866025403784436,-0.482962913144538,-0.129409522551264));
#14855=DIRECTION('',(0.866025403784438,-0.482962913144534,-0.129409522551261));
#14856=DIRECTION('center_axis',(0.,-0.258819045102521,0.965925826289068));
#14857=DIRECTION('ref_axis',(2.56395024851141E-14,-0.965925826289068,-0.258819045102522));
#14858=DIRECTION('',(0.866025403784438,0.482962913144534,0.129409522551261));
#14859=DIRECTION('center_axis',(0.,-0.258819045102521,0.965925826289068));
#14860=DIRECTION('ref_axis',(0.866025403784442,-0.482962913144527,-0.129409522551261));
#14861=DIRECTION('',(0.,0.965925826289068,0.258819045102521));
#14862=DIRECTION('center_axis',(0.,-0.258819045102521,0.965925826289068));
#14863=DIRECTION('ref_axis',(0.866025403784436,0.482962913144538,0.129409522551264));
#14864=DIRECTION('',(-0.866025403784438,0.482962913144534,0.129409522551261));
#14865=DIRECTION('center_axis',(0.,-0.258819045102521,0.965925826289068));
#14866=DIRECTION('ref_axis',(0.,0.965925826289067,0.258819045102525));
#14867=DIRECTION('',(-0.866025403784438,-0.482962913144534,-0.129409522551261));
#14868=DIRECTION('center_axis',(-1.,0.,0.));
#14869=DIRECTION('ref_axis',(0.,0.965925826289068,0.258819045102521));
#14870=DIRECTION('',(0.,-0.258819045102521,0.965925826289068));
#14871=DIRECTION('center_axis',(0.,0.258819045102521,-0.965925826289068));
#14872=DIRECTION('ref_axis',(-0.866025403784436,-0.482962913144538,-0.129409522551264));
#14873=DIRECTION('',(1.38777878078145E-17,0.258819045102521,-0.965925826289068));
#14874=DIRECTION('center_axis',(0.,0.258819045102521,-0.965925826289068));
#14875=DIRECTION('ref_axis',(2.56395024851141E-14,-0.965925826289068,-0.258819045102522));
#14876=DIRECTION('',(0.,-0.258819045102521,0.965925826289068));
#14877=DIRECTION('',(0.,0.258819045102521,-0.965925826289068));
#14878=DIRECTION('center_axis',(0.5,-0.836516303737808,-0.224143868042014));
#14879=DIRECTION('ref_axis',(-0.866025403784438,-0.482962913144534,-0.129409522551261));
#14880=DIRECTION('',(1.38777878078145E-17,-0.258819045102521,0.965925826289068));
#14881=DIRECTION('center_axis',(0.,0.258819045102521,-0.965925826289068));
#14882=DIRECTION('ref_axis',(0.866025403784442,-0.482962913144527,-0.129409522551261));
#14883=DIRECTION('',(0.,0.258819045102521,-0.965925826289068));
#14884=DIRECTION('center_axis',(0.,0.258819045102521,-0.965925826289068));
#14885=DIRECTION('ref_axis',(0.866025403784436,0.482962913144538,0.129409522551264));
#14886=DIRECTION('',(0.,-0.258819045102521,0.965925826289068));
#14887=DIRECTION('',(1.38777878078145E-17,0.258819045102521,-0.965925826289068));
#14888=DIRECTION('center_axis',(0.5,0.836516303737808,0.224143868042014));
#14889=DIRECTION('ref_axis',(0.866025403784438,-0.482962913144534,-0.129409522551261));
#14890=DIRECTION('',(0.,-0.258819045102521,0.965925826289068));
#14891=DIRECTION('center_axis',(0.,0.258819045102521,-0.965925826289068));
#14892=DIRECTION('ref_axis',(0.,0.965925826289067,0.258819045102525));
#14893=DIRECTION('',(0.,0.258819045102521,-0.965925826289068));
#14894=DIRECTION('center_axis',(-0.5,0.836516303737808,0.224143868042014));
#14895=DIRECTION('ref_axis',(0.866025403784438,0.482962913144534,0.129409522551261));
#14896=DIRECTION('center_axis',(-0.5,-0.836516303737808,-0.224143868042014));
#14897=DIRECTION('ref_axis',(-0.866025403784438,0.482962913144534,0.129409522551261));
#14898=DIRECTION('center_axis',(1.,0.,0.));
#14899=DIRECTION('ref_axis',(0.,-0.965925826289068,-0.258819045102521));
#14900=DIRECTION('center_axis',(0.,0.258819045102521,-0.965925826289068));
#14901=DIRECTION('ref_axis',(-0.866025403784442,0.482962913144527,0.129409522551261));
#14902=DIRECTION('center_axis',(0.,-0.258819045102521,0.965925826289068));
#14903=DIRECTION('ref_axis',(-0.866025403784442,0.482962913144527,0.129409522551261));
#14904=DIRECTION('',(1.38777878078145E-17,-0.258819045102521,0.965925826289068));
#14905=DIRECTION('',(0.,0.258819045102521,-0.965925826289068));
#14906=DIRECTION('center_axis',(0.,0.258819045102521,-0.965925826289068));
#14907=DIRECTION('ref_axis',(-1.,0.,0.));
#14908=DIRECTION('',(0.,-0.965925826289068,-0.258819045102521));
#14909=DIRECTION('center_axis',(0.,-0.258819045102521,0.965925826289068));
#14910=DIRECTION('ref_axis',(-0.866025403784436,-0.482962913144538,-0.129409522551264));
#14911=DIRECTION('',(0.866025403784438,-0.482962913144534,-0.129409522551261));
#14912=DIRECTION('center_axis',(0.,-0.258819045102521,0.965925826289068));
#14913=DIRECTION('ref_axis',(2.56395024851141E-14,-0.965925826289068,-0.258819045102522));
#14914=DIRECTION('',(0.866025403784438,0.482962913144534,0.129409522551261));
#14915=DIRECTION('center_axis',(0.,-0.258819045102521,0.965925826289068));
#14916=DIRECTION('ref_axis',(0.866025403784442,-0.482962913144527,-0.129409522551261));
#14917=DIRECTION('',(0.,0.965925826289068,0.258819045102521));
#14918=DIRECTION('center_axis',(0.,-0.258819045102521,0.965925826289068));
#14919=DIRECTION('ref_axis',(0.866025403784436,0.482962913144538,0.129409522551264));
#14920=DIRECTION('',(-0.866025403784438,0.482962913144534,0.129409522551261));
#14921=DIRECTION('center_axis',(0.,-0.258819045102521,0.965925826289068));
#14922=DIRECTION('ref_axis',(0.,0.965925826289067,0.258819045102525));
#14923=DIRECTION('',(-0.866025403784438,-0.482962913144534,-0.129409522551261));
#14924=DIRECTION('center_axis',(-1.,0.,0.));
#14925=DIRECTION('ref_axis',(0.,0.965925826289068,0.258819045102521));
#14926=DIRECTION('',(0.,-0.258819045102521,0.965925826289068));
#14927=DIRECTION('center_axis',(0.,0.258819045102521,-0.965925826289068));
#14928=DIRECTION('ref_axis',(-0.866025403784436,-0.482962913144538,-0.129409522551264));
#14929=DIRECTION('',(1.38777878078145E-17,0.258819045102521,-0.965925826289068));
#14930=DIRECTION('center_axis',(0.,0.258819045102521,-0.965925826289068));
#14931=DIRECTION('ref_axis',(2.56395024851141E-14,-0.965925826289068,-0.258819045102522));
#14932=DIRECTION('',(0.,-0.258819045102521,0.965925826289068));
#14933=DIRECTION('',(0.,0.258819045102521,-0.965925826289068));
#14934=DIRECTION('center_axis',(0.5,-0.836516303737808,-0.224143868042014));
#14935=DIRECTION('ref_axis',(-0.866025403784438,-0.482962913144534,-0.129409522551261));
#14936=DIRECTION('',(1.38777878078145E-17,-0.258819045102521,0.965925826289068));
#14937=DIRECTION('center_axis',(0.,0.258819045102521,-0.965925826289068));
#14938=DIRECTION('ref_axis',(0.866025403784442,-0.482962913144527,-0.129409522551261));
#14939=DIRECTION('',(0.,0.258819045102521,-0.965925826289068));
#14940=DIRECTION('center_axis',(0.,0.258819045102521,-0.965925826289068));
#14941=DIRECTION('ref_axis',(0.866025403784436,0.482962913144538,0.129409522551264));
#14942=DIRECTION('',(0.,-0.258819045102521,0.965925826289068));
#14943=DIRECTION('',(1.38777878078145E-17,0.258819045102521,-0.965925826289068));
#14944=DIRECTION('center_axis',(0.5,0.836516303737808,0.224143868042014));
#14945=DIRECTION('ref_axis',(0.866025403784438,-0.482962913144534,-0.129409522551261));
#14946=DIRECTION('',(0.,-0.258819045102521,0.965925826289068));
#14947=DIRECTION('center_axis',(0.,0.258819045102521,-0.965925826289068));
#14948=DIRECTION('ref_axis',(0.,0.965925826289067,0.258819045102525));
#14949=DIRECTION('',(0.,0.258819045102521,-0.965925826289068));
#14950=DIRECTION('center_axis',(-0.5,0.836516303737808,0.224143868042014));
#14951=DIRECTION('ref_axis',(0.866025403784438,0.482962913144534,0.129409522551261));
#14952=DIRECTION('center_axis',(-0.5,-0.836516303737808,-0.224143868042014));
#14953=DIRECTION('ref_axis',(-0.866025403784438,0.482962913144534,0.129409522551261));
#14954=DIRECTION('center_axis',(1.,0.,0.));
#14955=DIRECTION('ref_axis',(0.,-0.965925826289068,-0.258819045102521));
#14956=DIRECTION('center_axis',(0.,0.258819045102521,-0.965925826289068));
#14957=DIRECTION('ref_axis',(-0.866025403784442,0.482962913144527,0.129409522551261));
#14958=DIRECTION('center_axis',(0.,-0.258819045102521,0.965925826289068));
#14959=DIRECTION('ref_axis',(-0.866025403784442,0.482962913144527,0.129409522551261));
#14960=DIRECTION('',(1.38777878078145E-17,-0.258819045102521,0.965925826289068));
#14961=DIRECTION('',(0.,0.258819045102521,-0.965925826289068));
#14962=DIRECTION('center_axis',(0.,0.258819045102521,-0.965925826289068));
#14963=DIRECTION('ref_axis',(-1.,0.,0.));
#14964=DIRECTION('',(0.,-0.965925826289068,-0.258819045102521));
#14965=DIRECTION('center_axis',(0.,-0.258819045102521,0.965925826289068));
#14966=DIRECTION('ref_axis',(-0.866025403784436,-0.482962913144538,-0.129409522551264));
#14967=DIRECTION('',(0.866025403784438,-0.482962913144534,-0.129409522551261));
#14968=DIRECTION('center_axis',(0.,-0.258819045102521,0.965925826289068));
#14969=DIRECTION('ref_axis',(2.56395024851141E-14,-0.965925826289068,-0.258819045102522));
#14970=DIRECTION('',(0.866025403784438,0.482962913144534,0.129409522551261));
#14971=DIRECTION('center_axis',(0.,-0.258819045102521,0.965925826289068));
#14972=DIRECTION('ref_axis',(0.866025403784442,-0.482962913144527,-0.129409522551261));
#14973=DIRECTION('',(0.,0.965925826289068,0.258819045102521));
#14974=DIRECTION('center_axis',(0.,-0.258819045102521,0.965925826289068));
#14975=DIRECTION('ref_axis',(0.866025403784436,0.482962913144538,0.129409522551264));
#14976=DIRECTION('',(-0.866025403784438,0.482962913144534,0.129409522551261));
#14977=DIRECTION('center_axis',(0.,-0.258819045102521,0.965925826289068));
#14978=DIRECTION('ref_axis',(0.,0.965925826289067,0.258819045102525));
#14979=DIRECTION('',(-0.866025403784438,-0.482962913144534,-0.129409522551261));
#14980=DIRECTION('center_axis',(-1.,0.,0.));
#14981=DIRECTION('ref_axis',(0.,0.965925826289068,0.258819045102521));
#14982=DIRECTION('',(0.,-0.258819045102521,0.965925826289068));
#14983=DIRECTION('center_axis',(0.,0.258819045102521,-0.965925826289068));
#14984=DIRECTION('ref_axis',(-0.866025403784436,-0.482962913144538,-0.129409522551264));
#14985=DIRECTION('',(1.38777878078145E-17,0.258819045102521,-0.965925826289068));
#14986=DIRECTION('center_axis',(0.,0.258819045102521,-0.965925826289068));
#14987=DIRECTION('ref_axis',(2.56395024851141E-14,-0.965925826289068,-0.258819045102522));
#14988=DIRECTION('',(0.,-0.258819045102521,0.965925826289068));
#14989=DIRECTION('',(0.,0.258819045102521,-0.965925826289068));
#14990=DIRECTION('center_axis',(0.5,-0.836516303737808,-0.224143868042014));
#14991=DIRECTION('ref_axis',(-0.866025403784438,-0.482962913144534,-0.129409522551261));
#14992=DIRECTION('',(1.38777878078145E-17,-0.258819045102521,0.965925826289068));
#14993=DIRECTION('center_axis',(0.,0.258819045102521,-0.965925826289068));
#14994=DIRECTION('ref_axis',(0.866025403784442,-0.482962913144527,-0.129409522551261));
#14995=DIRECTION('',(0.,0.258819045102521,-0.965925826289068));
#14996=DIRECTION('center_axis',(0.,0.258819045102521,-0.965925826289068));
#14997=DIRECTION('ref_axis',(0.866025403784436,0.482962913144538,0.129409522551264));
#14998=DIRECTION('',(0.,-0.258819045102521,0.965925826289068));
#14999=DIRECTION('',(1.38777878078145E-17,0.258819045102521,-0.965925826289068));
#15000=DIRECTION('center_axis',(0.5,0.836516303737808,0.224143868042014));
#15001=DIRECTION('ref_axis',(0.866025403784438,-0.482962913144534,-0.129409522551261));
#15002=DIRECTION('',(0.,-0.258819045102521,0.965925826289068));
#15003=DIRECTION('center_axis',(0.,0.258819045102521,-0.965925826289068));
#15004=DIRECTION('ref_axis',(0.,0.965925826289067,0.258819045102525));
#15005=DIRECTION('',(0.,0.258819045102521,-0.965925826289068));
#15006=DIRECTION('center_axis',(-0.5,0.836516303737808,0.224143868042014));
#15007=DIRECTION('ref_axis',(0.866025403784438,0.482962913144534,0.129409522551261));
#15008=DIRECTION('center_axis',(-0.5,-0.836516303737808,-0.224143868042014));
#15009=DIRECTION('ref_axis',(-0.866025403784438,0.482962913144534,0.129409522551261));
#15010=DIRECTION('center_axis',(1.,0.,0.));
#15011=DIRECTION('ref_axis',(0.,-0.965925826289068,-0.258819045102521));
#15012=DIRECTION('center_axis',(0.,0.258819045102521,-0.965925826289068));
#15013=DIRECTION('ref_axis',(-0.866025403784442,0.482962913144527,0.129409522551261));
#15014=DIRECTION('center_axis',(0.,-0.258819045102521,0.965925826289068));
#15015=DIRECTION('ref_axis',(-0.866025403784442,0.482962913144527,0.129409522551261));
#15016=DIRECTION('',(1.38777878078145E-17,-0.258819045102521,0.965925826289068));
#15017=DIRECTION('',(0.,0.258819045102521,-0.965925826289068));
#15018=DIRECTION('center_axis',(0.,0.258819045102521,-0.965925826289068));
#15019=DIRECTION('ref_axis',(-1.,0.,0.));
#15020=DIRECTION('',(0.,-0.965925826289068,-0.258819045102521));
#15021=DIRECTION('center_axis',(0.,-0.258819045102521,0.965925826289068));
#15022=DIRECTION('ref_axis',(-0.866025403784436,-0.482962913144538,-0.129409522551264));
#15023=DIRECTION('',(0.866025403784438,-0.482962913144534,-0.129409522551261));
#15024=DIRECTION('center_axis',(0.,-0.258819045102521,0.965925826289068));
#15025=DIRECTION('ref_axis',(2.56395024851141E-14,-0.965925826289068,-0.258819045102522));
#15026=DIRECTION('',(0.866025403784438,0.482962913144534,0.129409522551261));
#15027=DIRECTION('center_axis',(0.,-0.258819045102521,0.965925826289068));
#15028=DIRECTION('ref_axis',(0.866025403784442,-0.482962913144527,-0.129409522551261));
#15029=DIRECTION('',(0.,0.965925826289068,0.258819045102521));
#15030=DIRECTION('center_axis',(0.,-0.258819045102521,0.965925826289068));
#15031=DIRECTION('ref_axis',(0.866025403784436,0.482962913144538,0.129409522551264));
#15032=DIRECTION('',(-0.866025403784438,0.482962913144534,0.129409522551261));
#15033=DIRECTION('center_axis',(0.,-0.258819045102521,0.965925826289068));
#15034=DIRECTION('ref_axis',(0.,0.965925826289067,0.258819045102525));
#15035=DIRECTION('',(-0.866025403784438,-0.482962913144534,-0.129409522551261));
#15036=DIRECTION('center_axis',(-1.,0.,0.));
#15037=DIRECTION('ref_axis',(0.,0.965925826289068,0.258819045102521));
#15038=DIRECTION('',(0.,-0.258819045102521,0.965925826289068));
#15039=DIRECTION('center_axis',(0.,0.258819045102521,-0.965925826289068));
#15040=DIRECTION('ref_axis',(-0.866025403784436,-0.482962913144538,-0.129409522551264));
#15041=DIRECTION('',(1.38777878078145E-17,0.258819045102521,-0.965925826289068));
#15042=DIRECTION('center_axis',(0.,0.258819045102521,-0.965925826289068));
#15043=DIRECTION('ref_axis',(2.56395024851141E-14,-0.965925826289068,-0.258819045102522));
#15044=DIRECTION('',(0.,-0.258819045102521,0.965925826289068));
#15045=DIRECTION('',(0.,0.258819045102521,-0.965925826289068));
#15046=DIRECTION('center_axis',(0.5,-0.836516303737808,-0.224143868042014));
#15047=DIRECTION('ref_axis',(-0.866025403784438,-0.482962913144534,-0.129409522551261));
#15048=DIRECTION('',(1.38777878078145E-17,-0.258819045102521,0.965925826289068));
#15049=DIRECTION('center_axis',(0.,0.258819045102521,-0.965925826289068));
#15050=DIRECTION('ref_axis',(0.866025403784442,-0.482962913144527,-0.129409522551261));
#15051=DIRECTION('',(0.,0.258819045102521,-0.965925826289068));
#15052=DIRECTION('center_axis',(0.,0.258819045102521,-0.965925826289068));
#15053=DIRECTION('ref_axis',(0.866025403784436,0.482962913144538,0.129409522551264));
#15054=DIRECTION('',(0.,-0.258819045102521,0.965925826289068));
#15055=DIRECTION('',(1.38777878078145E-17,0.258819045102521,-0.965925826289068));
#15056=DIRECTION('center_axis',(0.5,0.836516303737808,0.224143868042014));
#15057=DIRECTION('ref_axis',(0.866025403784438,-0.482962913144534,-0.129409522551261));
#15058=DIRECTION('',(0.,-0.258819045102521,0.965925826289068));
#15059=DIRECTION('center_axis',(0.,0.258819045102521,-0.965925826289068));
#15060=DIRECTION('ref_axis',(0.,0.965925826289067,0.258819045102525));
#15061=DIRECTION('',(0.,0.258819045102521,-0.965925826289068));
#15062=DIRECTION('center_axis',(-0.5,0.836516303737808,0.224143868042014));
#15063=DIRECTION('ref_axis',(0.866025403784438,0.482962913144534,0.129409522551261));
#15064=DIRECTION('center_axis',(-0.5,-0.836516303737808,-0.224143868042014));
#15065=DIRECTION('ref_axis',(-0.866025403784438,0.482962913144534,0.129409522551261));
#15066=DIRECTION('center_axis',(1.,0.,0.));
#15067=DIRECTION('ref_axis',(0.,-0.965925826289068,-0.258819045102521));
#15068=DIRECTION('center_axis',(0.,0.258819045102521,-0.965925826289068));
#15069=DIRECTION('ref_axis',(-0.866025403784442,0.482962913144527,0.129409522551261));
#15070=DIRECTION('center_axis',(0.,-0.258819045102521,0.965925826289068));
#15071=DIRECTION('ref_axis',(-0.866025403784442,0.482962913144527,0.129409522551261));
#15072=DIRECTION('',(1.38777878078145E-17,-0.258819045102521,0.965925826289068));
#15073=DIRECTION('',(0.,0.258819045102521,-0.965925826289068));
#15074=DIRECTION('center_axis',(0.,0.258819045102521,-0.965925826289068));
#15075=DIRECTION('ref_axis',(-1.,0.,0.));
#15076=DIRECTION('',(0.,-0.965925826289068,-0.258819045102521));
#15077=DIRECTION('center_axis',(0.,-0.258819045102521,0.965925826289068));
#15078=DIRECTION('ref_axis',(-0.866025403784436,-0.482962913144538,-0.129409522551264));
#15079=DIRECTION('',(0.866025403784438,-0.482962913144534,-0.129409522551261));
#15080=DIRECTION('center_axis',(0.,-0.258819045102521,0.965925826289068));
#15081=DIRECTION('ref_axis',(2.56395024851141E-14,-0.965925826289068,-0.258819045102522));
#15082=DIRECTION('',(0.866025403784438,0.482962913144534,0.129409522551261));
#15083=DIRECTION('center_axis',(0.,-0.258819045102521,0.965925826289068));
#15084=DIRECTION('ref_axis',(0.866025403784442,-0.482962913144527,-0.129409522551261));
#15085=DIRECTION('',(0.,0.965925826289068,0.258819045102521));
#15086=DIRECTION('center_axis',(0.,-0.258819045102521,0.965925826289068));
#15087=DIRECTION('ref_axis',(0.866025403784436,0.482962913144538,0.129409522551264));
#15088=DIRECTION('',(-0.866025403784438,0.482962913144534,0.129409522551261));
#15089=DIRECTION('center_axis',(0.,-0.258819045102521,0.965925826289068));
#15090=DIRECTION('ref_axis',(0.,0.965925826289067,0.258819045102525));
#15091=DIRECTION('',(-0.866025403784438,-0.482962913144534,-0.129409522551261));
#15092=DIRECTION('center_axis',(-1.,0.,0.));
#15093=DIRECTION('ref_axis',(0.,0.965925826289068,0.258819045102521));
#15094=DIRECTION('',(0.,-0.258819045102521,0.965925826289068));
#15095=DIRECTION('center_axis',(0.,0.258819045102521,-0.965925826289068));
#15096=DIRECTION('ref_axis',(-0.866025403784436,-0.482962913144538,-0.129409522551264));
#15097=DIRECTION('',(1.38777878078145E-17,0.258819045102521,-0.965925826289068));
#15098=DIRECTION('center_axis',(0.,0.258819045102521,-0.965925826289068));
#15099=DIRECTION('ref_axis',(2.56395024851141E-14,-0.965925826289068,-0.258819045102522));
#15100=DIRECTION('',(0.,-0.258819045102521,0.965925826289068));
#15101=DIRECTION('',(0.,0.258819045102521,-0.965925826289068));
#15102=DIRECTION('center_axis',(0.5,-0.836516303737808,-0.224143868042014));
#15103=DIRECTION('ref_axis',(-0.866025403784438,-0.482962913144534,-0.129409522551261));
#15104=DIRECTION('',(1.38777878078145E-17,-0.258819045102521,0.965925826289068));
#15105=DIRECTION('center_axis',(0.,0.258819045102521,-0.965925826289068));
#15106=DIRECTION('ref_axis',(0.866025403784442,-0.482962913144527,-0.129409522551261));
#15107=DIRECTION('',(0.,0.258819045102521,-0.965925826289068));
#15108=DIRECTION('center_axis',(0.,0.258819045102521,-0.965925826289068));
#15109=DIRECTION('ref_axis',(0.866025403784436,0.482962913144538,0.129409522551264));
#15110=DIRECTION('',(0.,-0.258819045102521,0.965925826289068));
#15111=DIRECTION('',(1.38777878078145E-17,0.258819045102521,-0.965925826289068));
#15112=DIRECTION('center_axis',(0.5,0.836516303737808,0.224143868042014));
#15113=DIRECTION('ref_axis',(0.866025403784438,-0.482962913144534,-0.129409522551261));
#15114=DIRECTION('',(0.,-0.258819045102521,0.965925826289068));
#15115=DIRECTION('center_axis',(0.,0.258819045102521,-0.965925826289068));
#15116=DIRECTION('ref_axis',(0.,0.965925826289067,0.258819045102525));
#15117=DIRECTION('',(0.,0.258819045102521,-0.965925826289068));
#15118=DIRECTION('center_axis',(-0.5,0.836516303737808,0.224143868042014));
#15119=DIRECTION('ref_axis',(0.866025403784438,0.482962913144534,0.129409522551261));
#15120=DIRECTION('center_axis',(-0.5,-0.836516303737808,-0.224143868042014));
#15121=DIRECTION('ref_axis',(-0.866025403784438,0.482962913144534,0.129409522551261));
#15122=DIRECTION('center_axis',(1.,0.,0.));
#15123=DIRECTION('ref_axis',(0.,-0.965925826289068,-0.258819045102521));
#15124=DIRECTION('center_axis',(0.,0.258819045102521,-0.965925826289068));
#15125=DIRECTION('ref_axis',(-0.866025403784442,0.482962913144527,0.129409522551261));
#15126=DIRECTION('center_axis',(0.,-0.258819045102521,0.965925826289068));
#15127=DIRECTION('ref_axis',(-0.866025403784442,0.482962913144527,0.129409522551261));
#15128=DIRECTION('',(1.38777878078145E-17,-0.258819045102521,0.965925826289068));
#15129=DIRECTION('',(0.,0.258819045102521,-0.965925826289068));
#15130=DIRECTION('center_axis',(0.,0.258819045102521,-0.965925826289068));
#15131=DIRECTION('ref_axis',(-1.,0.,0.));
#15132=DIRECTION('',(0.,-0.965925826289068,-0.258819045102521));
#15133=DIRECTION('center_axis',(0.,-0.258819045102521,0.965925826289068));
#15134=DIRECTION('ref_axis',(-0.866025403784436,-0.482962913144538,-0.129409522551264));
#15135=DIRECTION('',(0.866025403784438,-0.482962913144534,-0.129409522551261));
#15136=DIRECTION('center_axis',(0.,-0.258819045102521,0.965925826289068));
#15137=DIRECTION('ref_axis',(2.56395024851141E-14,-0.965925826289068,-0.258819045102522));
#15138=DIRECTION('',(0.866025403784438,0.482962913144534,0.129409522551261));
#15139=DIRECTION('center_axis',(0.,-0.258819045102521,0.965925826289068));
#15140=DIRECTION('ref_axis',(0.866025403784442,-0.482962913144527,-0.129409522551261));
#15141=DIRECTION('',(0.,0.965925826289068,0.258819045102521));
#15142=DIRECTION('center_axis',(0.,-0.258819045102521,0.965925826289068));
#15143=DIRECTION('ref_axis',(0.866025403784436,0.482962913144538,0.129409522551264));
#15144=DIRECTION('',(-0.866025403784438,0.482962913144534,0.129409522551261));
#15145=DIRECTION('center_axis',(0.,-0.258819045102521,0.965925826289068));
#15146=DIRECTION('ref_axis',(0.,0.965925826289067,0.258819045102525));
#15147=DIRECTION('',(-0.866025403784438,-0.482962913144534,-0.129409522551261));
#15148=DIRECTION('center_axis',(-1.,0.,0.));
#15149=DIRECTION('ref_axis',(0.,0.965925826289068,0.258819045102521));
#15150=DIRECTION('',(0.,-0.258819045102521,0.965925826289068));
#15151=DIRECTION('center_axis',(0.,0.258819045102521,-0.965925826289068));
#15152=DIRECTION('ref_axis',(-0.866025403784436,-0.482962913144538,-0.129409522551264));
#15153=DIRECTION('',(1.38777878078145E-17,0.258819045102521,-0.965925826289068));
#15154=DIRECTION('center_axis',(0.,0.258819045102521,-0.965925826289068));
#15155=DIRECTION('ref_axis',(2.56395024851141E-14,-0.965925826289068,-0.258819045102522));
#15156=DIRECTION('',(0.,-0.258819045102521,0.965925826289068));
#15157=DIRECTION('',(0.,0.258819045102521,-0.965925826289068));
#15158=DIRECTION('center_axis',(0.5,-0.836516303737808,-0.224143868042014));
#15159=DIRECTION('ref_axis',(-0.866025403784438,-0.482962913144534,-0.129409522551261));
#15160=DIRECTION('',(1.38777878078145E-17,-0.258819045102521,0.965925826289068));
#15161=DIRECTION('center_axis',(0.,0.258819045102521,-0.965925826289068));
#15162=DIRECTION('ref_axis',(0.866025403784442,-0.482962913144527,-0.129409522551261));
#15163=DIRECTION('',(0.,0.258819045102521,-0.965925826289068));
#15164=DIRECTION('center_axis',(0.,0.258819045102521,-0.965925826289068));
#15165=DIRECTION('ref_axis',(0.866025403784436,0.482962913144538,0.129409522551264));
#15166=DIRECTION('',(0.,-0.258819045102521,0.965925826289068));
#15167=DIRECTION('',(1.38777878078145E-17,0.258819045102521,-0.965925826289068));
#15168=DIRECTION('center_axis',(0.5,0.836516303737808,0.224143868042014));
#15169=DIRECTION('ref_axis',(0.866025403784438,-0.482962913144534,-0.129409522551261));
#15170=DIRECTION('',(0.,-0.258819045102521,0.965925826289068));
#15171=DIRECTION('center_axis',(0.,0.258819045102521,-0.965925826289068));
#15172=DIRECTION('ref_axis',(0.,0.965925826289067,0.258819045102525));
#15173=DIRECTION('',(0.,0.258819045102521,-0.965925826289068));
#15174=DIRECTION('center_axis',(-0.5,0.836516303737808,0.224143868042014));
#15175=DIRECTION('ref_axis',(0.866025403784438,0.482962913144534,0.129409522551261));
#15176=DIRECTION('center_axis',(-0.5,-0.836516303737808,-0.224143868042014));
#15177=DIRECTION('ref_axis',(-0.866025403784438,0.482962913144534,0.129409522551261));
#15178=DIRECTION('center_axis',(1.,0.,0.));
#15179=DIRECTION('ref_axis',(0.,-0.965925826289068,-0.258819045102521));
#15180=DIRECTION('center_axis',(0.,0.258819045102521,-0.965925826289068));
#15181=DIRECTION('ref_axis',(-0.866025403784442,0.482962913144527,0.129409522551261));
#15182=DIRECTION('center_axis',(0.,-0.258819045102521,0.965925826289068));
#15183=DIRECTION('ref_axis',(-0.866025403784442,0.482962913144527,0.129409522551261));
#15184=DIRECTION('',(1.38777878078145E-17,-0.258819045102521,0.965925826289068));
#15185=DIRECTION('',(0.,0.258819045102521,-0.965925826289068));
#15186=DIRECTION('center_axis',(0.,0.258819045102521,-0.965925826289068));
#15187=DIRECTION('ref_axis',(-1.,0.,0.));
#15188=DIRECTION('',(0.,-0.965925826289068,-0.258819045102521));
#15189=DIRECTION('center_axis',(0.,-0.258819045102521,0.965925826289068));
#15190=DIRECTION('ref_axis',(-0.866025403784436,-0.482962913144538,-0.129409522551264));
#15191=DIRECTION('',(0.866025403784438,-0.482962913144534,-0.129409522551261));
#15192=DIRECTION('center_axis',(0.,-0.258819045102521,0.965925826289068));
#15193=DIRECTION('ref_axis',(2.56395024851141E-14,-0.965925826289068,-0.258819045102522));
#15194=DIRECTION('',(0.866025403784438,0.482962913144534,0.129409522551261));
#15195=DIRECTION('center_axis',(0.,-0.258819045102521,0.965925826289068));
#15196=DIRECTION('ref_axis',(0.866025403784442,-0.482962913144527,-0.129409522551261));
#15197=DIRECTION('',(0.,0.965925826289068,0.258819045102521));
#15198=DIRECTION('center_axis',(0.,-0.258819045102521,0.965925826289068));
#15199=DIRECTION('ref_axis',(0.866025403784436,0.482962913144538,0.129409522551264));
#15200=DIRECTION('',(-0.866025403784438,0.482962913144534,0.129409522551261));
#15201=DIRECTION('center_axis',(0.,-0.258819045102521,0.965925826289068));
#15202=DIRECTION('ref_axis',(0.,0.965925826289067,0.258819045102525));
#15203=DIRECTION('',(-0.866025403784438,-0.482962913144534,-0.129409522551261));
#15204=DIRECTION('center_axis',(-1.,0.,0.));
#15205=DIRECTION('ref_axis',(0.,0.965925826289068,0.258819045102521));
#15206=DIRECTION('',(0.,-0.258819045102521,0.965925826289068));
#15207=DIRECTION('center_axis',(0.,0.258819045102521,-0.965925826289068));
#15208=DIRECTION('ref_axis',(-0.866025403784436,-0.482962913144538,-0.129409522551264));
#15209=DIRECTION('',(1.38777878078145E-17,0.258819045102521,-0.965925826289068));
#15210=DIRECTION('center_axis',(0.,0.258819045102521,-0.965925826289068));
#15211=DIRECTION('ref_axis',(2.56395024851141E-14,-0.965925826289068,-0.258819045102522));
#15212=DIRECTION('',(0.,-0.258819045102521,0.965925826289068));
#15213=DIRECTION('',(0.,0.258819045102521,-0.965925826289068));
#15214=DIRECTION('center_axis',(0.5,-0.836516303737808,-0.224143868042014));
#15215=DIRECTION('ref_axis',(-0.866025403784438,-0.482962913144534,-0.129409522551261));
#15216=DIRECTION('',(1.38777878078145E-17,-0.258819045102521,0.965925826289068));
#15217=DIRECTION('center_axis',(0.,0.258819045102521,-0.965925826289068));
#15218=DIRECTION('ref_axis',(0.866025403784442,-0.482962913144527,-0.129409522551261));
#15219=DIRECTION('',(0.,0.258819045102521,-0.965925826289068));
#15220=DIRECTION('center_axis',(0.,0.258819045102521,-0.965925826289068));
#15221=DIRECTION('ref_axis',(0.866025403784436,0.482962913144538,0.129409522551264));
#15222=DIRECTION('',(0.,-0.258819045102521,0.965925826289068));
#15223=DIRECTION('',(1.38777878078145E-17,0.258819045102521,-0.965925826289068));
#15224=DIRECTION('center_axis',(0.5,0.836516303737808,0.224143868042014));
#15225=DIRECTION('ref_axis',(0.866025403784438,-0.482962913144534,-0.129409522551261));
#15226=DIRECTION('',(0.,-0.258819045102521,0.965925826289068));
#15227=DIRECTION('center_axis',(0.,0.258819045102521,-0.965925826289068));
#15228=DIRECTION('ref_axis',(0.,0.965925826289067,0.258819045102525));
#15229=DIRECTION('',(0.,0.258819045102521,-0.965925826289068));
#15230=DIRECTION('center_axis',(-0.5,0.836516303737808,0.224143868042014));
#15231=DIRECTION('ref_axis',(0.866025403784438,0.482962913144534,0.129409522551261));
#15232=DIRECTION('center_axis',(-0.5,-0.836516303737808,-0.224143868042014));
#15233=DIRECTION('ref_axis',(-0.866025403784438,0.482962913144534,0.129409522551261));
#15234=DIRECTION('center_axis',(1.,0.,0.));
#15235=DIRECTION('ref_axis',(0.,-0.965925826289068,-0.258819045102521));
#15236=DIRECTION('center_axis',(0.,0.258819045102521,-0.965925826289068));
#15237=DIRECTION('ref_axis',(-0.866025403784431,0.482962913144548,0.129409522551263));
#15238=DIRECTION('',(0.,-0.258819045102521,0.965925826289068));
#15239=DIRECTION('',(0.,0.258819045102521,-0.965925826289068));
#15240=DIRECTION('center_axis',(-1.,0.,0.));
#15241=DIRECTION('ref_axis',(0.,0.965925826289068,0.25881904510252));
#15242=DIRECTION('',(0.,-0.258819045102521,0.965925826289068));
#15243=DIRECTION('center_axis',(0.,0.258819045102521,-0.965925826289068));
#15244=DIRECTION('ref_axis',(-0.866025403784436,-0.482962913144538,-0.129409522551264));
#15245=DIRECTION('',(0.,0.258819045102521,-0.965925826289068));
#15246=DIRECTION('center_axis',(0.,0.258819045102521,-0.965925826289068));
#15247=DIRECTION('ref_axis',(0.,-0.965925826289067,-0.258819045102525));
#15248=DIRECTION('',(0.,0.258819045102521,-0.965925826289068));
#15249=DIRECTION('',(0.,0.258819045102521,-0.965925826289068));
#15250=DIRECTION('center_axis',(0.5,-0.836516303737808,-0.224143868042013));
#15251=DIRECTION('ref_axis',(-0.866025403784439,-0.482962913144534,-0.12940952255126));
#15252=DIRECTION('',(0.,0.258819045102521,-0.965925826289068));
#15253=DIRECTION('center_axis',(0.,0.258819045102521,-0.965925826289068));
#15254=DIRECTION('ref_axis',(0.866025403784436,-0.482962913144538,-0.129409522551264));
#15255=DIRECTION('',(0.,0.258819045102521,-0.965925826289068));
#15256=DIRECTION('center_axis',(0.,0.258819045102521,-0.965925826289068));
#15257=DIRECTION('ref_axis',(0.866025403784437,0.482962913144537,0.12940952255126));
#15258=DIRECTION('',(0.,0.258819045102521,-0.965925826289068));
#15259=DIRECTION('',(0.,0.258819045102521,-0.965925826289068));
#15260=DIRECTION('center_axis',(0.500000000000004,0.836516303737806,0.224143868042013));
#15261=DIRECTION('ref_axis',(0.866025403784436,-0.482962913144538,-0.129409522551261));
#15262=DIRECTION('',(0.,0.258819045102521,-0.965925826289068));
#15263=DIRECTION('center_axis',(-3.20493781063926E-17,0.258819045102521,
-0.965925826289068));
#15264=DIRECTION('ref_axis',(0.,0.965925826289067,0.258819045102525));
#15265=DIRECTION('',(0.,0.258819045102521,-0.965925826289068));
#15266=DIRECTION('center_axis',(-0.5,0.836516303737808,0.224143868042013));
#15267=DIRECTION('ref_axis',(0.866025403784439,0.482962913144534,0.12940952255126));
#15268=DIRECTION('center_axis',(-0.5,-0.836516303737808,-0.224143868042013));
#15269=DIRECTION('ref_axis',(-0.866025403784439,0.482962913144534,0.12940952255126));
#15270=DIRECTION('center_axis',(1.,0.,0.));
#15271=DIRECTION('ref_axis',(0.,-0.965925826289068,-0.25881904510252));
#15272=DIRECTION('center_axis',(0.,0.258819045102521,-0.965925826289068));
#15273=DIRECTION('ref_axis',(-0.866025403784431,0.482962913144548,0.129409522551263));
#15274=DIRECTION('',(0.,-0.258819045102521,0.965925826289068));
#15275=DIRECTION('',(0.,0.258819045102521,-0.965925826289068));
#15276=DIRECTION('center_axis',(-1.,0.,0.));
#15277=DIRECTION('ref_axis',(0.,0.965925826289068,0.25881904510252));
#15278=DIRECTION('',(0.,-0.258819045102521,0.965925826289068));
#15279=DIRECTION('center_axis',(0.,0.258819045102521,-0.965925826289068));
#15280=DIRECTION('ref_axis',(-0.866025403784436,-0.482962913144538,-0.129409522551264));
#15281=DIRECTION('',(0.,0.258819045102521,-0.965925826289068));
#15282=DIRECTION('center_axis',(0.,0.258819045102521,-0.965925826289068));
#15283=DIRECTION('ref_axis',(0.,-0.965925826289067,-0.258819045102525));
#15284=DIRECTION('',(0.,0.258819045102521,-0.965925826289068));
#15285=DIRECTION('',(0.,0.258819045102521,-0.965925826289068));
#15286=DIRECTION('center_axis',(0.5,-0.836516303737808,-0.224143868042013));
#15287=DIRECTION('ref_axis',(-0.866025403784439,-0.482962913144534,-0.12940952255126));
#15288=DIRECTION('',(0.,0.258819045102521,-0.965925826289068));
#15289=DIRECTION('center_axis',(0.,0.258819045102521,-0.965925826289068));
#15290=DIRECTION('ref_axis',(0.866025403784436,-0.482962913144538,-0.129409522551264));
#15291=DIRECTION('',(0.,0.258819045102521,-0.965925826289068));
#15292=DIRECTION('center_axis',(0.,0.258819045102521,-0.965925826289068));
#15293=DIRECTION('ref_axis',(0.866025403784437,0.482962913144537,0.12940952255126));
#15294=DIRECTION('',(0.,0.258819045102521,-0.965925826289068));
#15295=DIRECTION('',(0.,0.258819045102521,-0.965925826289068));
#15296=DIRECTION('center_axis',(0.500000000000004,0.836516303737806,0.224143868042013));
#15297=DIRECTION('ref_axis',(0.866025403784436,-0.482962913144538,-0.129409522551261));
#15298=DIRECTION('',(0.,0.258819045102521,-0.965925826289068));
#15299=DIRECTION('center_axis',(-3.20493781063926E-17,0.258819045102521,
-0.965925826289068));
#15300=DIRECTION('ref_axis',(0.,0.965925826289067,0.258819045102525));
#15301=DIRECTION('',(0.,0.258819045102521,-0.965925826289068));
#15302=DIRECTION('center_axis',(-0.5,0.836516303737808,0.224143868042013));
#15303=DIRECTION('ref_axis',(0.866025403784439,0.482962913144534,0.12940952255126));
#15304=DIRECTION('center_axis',(-0.5,-0.836516303737808,-0.224143868042013));
#15305=DIRECTION('ref_axis',(-0.866025403784439,0.482962913144534,0.12940952255126));
#15306=DIRECTION('center_axis',(1.,0.,0.));
#15307=DIRECTION('ref_axis',(0.,-0.965925826289068,-0.25881904510252));
#15308=DIRECTION('center_axis',(0.,0.258819045102521,-0.965925826289068));
#15309=DIRECTION('ref_axis',(-0.866025403784431,0.482962913144548,0.129409522551263));
#15310=DIRECTION('',(0.,-0.258819045102521,0.965925826289068));
#15311=DIRECTION('',(0.,0.258819045102521,-0.965925826289068));
#15312=DIRECTION('center_axis',(-1.,0.,0.));
#15313=DIRECTION('ref_axis',(0.,0.965925826289068,0.25881904510252));
#15314=DIRECTION('',(0.,-0.258819045102521,0.965925826289068));
#15315=DIRECTION('center_axis',(0.,0.258819045102521,-0.965925826289068));
#15316=DIRECTION('ref_axis',(-0.866025403784436,-0.482962913144538,-0.129409522551264));
#15317=DIRECTION('',(0.,0.258819045102521,-0.965925826289068));
#15318=DIRECTION('center_axis',(0.,0.258819045102521,-0.965925826289068));
#15319=DIRECTION('ref_axis',(0.,-0.965925826289067,-0.258819045102525));
#15320=DIRECTION('',(0.,0.258819045102521,-0.965925826289068));
#15321=DIRECTION('',(0.,0.258819045102521,-0.965925826289068));
#15322=DIRECTION('center_axis',(0.5,-0.836516303737808,-0.224143868042013));
#15323=DIRECTION('ref_axis',(-0.866025403784439,-0.482962913144534,-0.12940952255126));
#15324=DIRECTION('',(0.,0.258819045102521,-0.965925826289068));
#15325=DIRECTION('center_axis',(0.,0.258819045102521,-0.965925826289068));
#15326=DIRECTION('ref_axis',(0.866025403784436,-0.482962913144538,-0.129409522551264));
#15327=DIRECTION('',(0.,0.258819045102521,-0.965925826289068));
#15328=DIRECTION('center_axis',(0.,0.258819045102521,-0.965925826289068));
#15329=DIRECTION('ref_axis',(0.866025403784437,0.482962913144537,0.12940952255126));
#15330=DIRECTION('',(0.,0.258819045102521,-0.965925826289068));
#15331=DIRECTION('',(0.,0.258819045102521,-0.965925826289068));
#15332=DIRECTION('center_axis',(0.500000000000004,0.836516303737806,0.224143868042013));
#15333=DIRECTION('ref_axis',(0.866025403784436,-0.482962913144538,-0.129409522551261));
#15334=DIRECTION('',(0.,0.258819045102521,-0.965925826289068));
#15335=DIRECTION('center_axis',(-3.20493781063926E-17,0.258819045102521,
-0.965925826289068));
#15336=DIRECTION('ref_axis',(0.,0.965925826289067,0.258819045102525));
#15337=DIRECTION('',(0.,0.258819045102521,-0.965925826289068));
#15338=DIRECTION('center_axis',(-0.5,0.836516303737808,0.224143868042013));
#15339=DIRECTION('ref_axis',(0.866025403784439,0.482962913144534,0.12940952255126));
#15340=DIRECTION('center_axis',(-0.5,-0.836516303737808,-0.224143868042013));
#15341=DIRECTION('ref_axis',(-0.866025403784439,0.482962913144534,0.12940952255126));
#15342=DIRECTION('center_axis',(1.,0.,0.));
#15343=DIRECTION('ref_axis',(0.,-0.965925826289068,-0.25881904510252));
#15344=DIRECTION('center_axis',(0.,0.258819045102521,-0.965925826289068));
#15345=DIRECTION('ref_axis',(-0.866025403784431,0.482962913144548,0.129409522551263));
#15346=DIRECTION('',(0.,-0.258819045102521,0.965925826289068));
#15347=DIRECTION('',(0.,0.258819045102521,-0.965925826289068));
#15348=DIRECTION('center_axis',(-1.,0.,0.));
#15349=DIRECTION('ref_axis',(0.,0.965925826289068,0.25881904510252));
#15350=DIRECTION('',(0.,-0.258819045102521,0.965925826289068));
#15351=DIRECTION('center_axis',(0.,0.258819045102521,-0.965925826289068));
#15352=DIRECTION('ref_axis',(-0.866025403784436,-0.482962913144538,-0.129409522551264));
#15353=DIRECTION('',(0.,0.258819045102521,-0.965925826289068));
#15354=DIRECTION('center_axis',(0.,0.258819045102521,-0.965925826289068));
#15355=DIRECTION('ref_axis',(0.,-0.965925826289067,-0.258819045102525));
#15356=DIRECTION('',(0.,0.258819045102521,-0.965925826289068));
#15357=DIRECTION('',(0.,0.258819045102521,-0.965925826289068));
#15358=DIRECTION('center_axis',(0.5,-0.836516303737808,-0.224143868042013));
#15359=DIRECTION('ref_axis',(-0.866025403784439,-0.482962913144534,-0.12940952255126));
#15360=DIRECTION('',(0.,0.258819045102521,-0.965925826289068));
#15361=DIRECTION('center_axis',(0.,0.258819045102521,-0.965925826289068));
#15362=DIRECTION('ref_axis',(0.866025403784436,-0.482962913144538,-0.129409522551264));
#15363=DIRECTION('',(0.,0.258819045102521,-0.965925826289068));
#15364=DIRECTION('center_axis',(0.,0.258819045102521,-0.965925826289068));
#15365=DIRECTION('ref_axis',(0.866025403784437,0.482962913144537,0.12940952255126));
#15366=DIRECTION('',(0.,0.258819045102521,-0.965925826289068));
#15367=DIRECTION('',(0.,0.258819045102521,-0.965925826289068));
#15368=DIRECTION('center_axis',(0.500000000000004,0.836516303737806,0.224143868042013));
#15369=DIRECTION('ref_axis',(0.866025403784436,-0.482962913144538,-0.129409522551261));
#15370=DIRECTION('',(0.,0.258819045102521,-0.965925826289068));
#15371=DIRECTION('center_axis',(-3.20493781063926E-17,0.258819045102521,
-0.965925826289068));
#15372=DIRECTION('ref_axis',(0.,0.965925826289067,0.258819045102525));
#15373=DIRECTION('',(0.,0.258819045102521,-0.965925826289068));
#15374=DIRECTION('center_axis',(-0.5,0.836516303737808,0.224143868042013));
#15375=DIRECTION('ref_axis',(0.866025403784439,0.482962913144534,0.12940952255126));
#15376=DIRECTION('center_axis',(-0.5,-0.836516303737808,-0.224143868042013));
#15377=DIRECTION('ref_axis',(-0.866025403784439,0.482962913144534,0.12940952255126));
#15378=DIRECTION('center_axis',(1.,0.,0.));
#15379=DIRECTION('ref_axis',(0.,-0.965925826289068,-0.25881904510252));
#15380=DIRECTION('center_axis',(0.,0.258819045102521,-0.965925826289068));
#15381=DIRECTION('ref_axis',(-0.866025403784431,0.482962913144548,0.129409522551263));
#15382=DIRECTION('',(0.,-0.258819045102521,0.965925826289068));
#15383=DIRECTION('',(0.,0.258819045102521,-0.965925826289068));
#15384=DIRECTION('center_axis',(-1.,0.,0.));
#15385=DIRECTION('ref_axis',(0.,0.965925826289068,0.25881904510252));
#15386=DIRECTION('',(0.,-0.258819045102521,0.965925826289068));
#15387=DIRECTION('center_axis',(0.,0.258819045102521,-0.965925826289068));
#15388=DIRECTION('ref_axis',(-0.866025403784436,-0.482962913144538,-0.129409522551264));
#15389=DIRECTION('',(0.,0.258819045102521,-0.965925826289068));
#15390=DIRECTION('center_axis',(0.,0.258819045102521,-0.965925826289068));
#15391=DIRECTION('ref_axis',(0.,-0.965925826289067,-0.258819045102525));
#15392=DIRECTION('',(0.,0.258819045102521,-0.965925826289068));
#15393=DIRECTION('',(0.,0.258819045102521,-0.965925826289068));
#15394=DIRECTION('center_axis',(0.5,-0.836516303737808,-0.224143868042013));
#15395=DIRECTION('ref_axis',(-0.866025403784439,-0.482962913144534,-0.12940952255126));
#15396=DIRECTION('',(0.,0.258819045102521,-0.965925826289068));
#15397=DIRECTION('center_axis',(0.,0.258819045102521,-0.965925826289068));
#15398=DIRECTION('ref_axis',(0.866025403784436,-0.482962913144538,-0.129409522551264));
#15399=DIRECTION('',(0.,0.258819045102521,-0.965925826289068));
#15400=DIRECTION('center_axis',(0.,0.258819045102521,-0.965925826289068));
#15401=DIRECTION('ref_axis',(0.866025403784437,0.482962913144537,0.12940952255126));
#15402=DIRECTION('',(0.,0.258819045102521,-0.965925826289068));
#15403=DIRECTION('',(0.,0.258819045102521,-0.965925826289068));
#15404=DIRECTION('center_axis',(0.500000000000004,0.836516303737806,0.224143868042013));
#15405=DIRECTION('ref_axis',(0.866025403784436,-0.482962913144538,-0.129409522551261));
#15406=DIRECTION('',(0.,0.258819045102521,-0.965925826289068));
#15407=DIRECTION('center_axis',(-3.20493781063926E-17,0.258819045102521,
-0.965925826289068));
#15408=DIRECTION('ref_axis',(0.,0.965925826289067,0.258819045102525));
#15409=DIRECTION('',(0.,0.258819045102521,-0.965925826289068));
#15410=DIRECTION('center_axis',(-0.5,0.836516303737808,0.224143868042013));
#15411=DIRECTION('ref_axis',(0.866025403784439,0.482962913144534,0.12940952255126));
#15412=DIRECTION('center_axis',(-0.5,-0.836516303737808,-0.224143868042013));
#15413=DIRECTION('ref_axis',(-0.866025403784439,0.482962913144534,0.12940952255126));
#15414=DIRECTION('center_axis',(1.,0.,0.));
#15415=DIRECTION('ref_axis',(0.,-0.965925826289068,-0.25881904510252));
#15416=DIRECTION('center_axis',(0.,0.258819045102521,-0.965925826289068));
#15417=DIRECTION('ref_axis',(-0.866025403784431,0.482962913144548,0.129409522551263));
#15418=DIRECTION('',(0.,-0.258819045102521,0.965925826289068));
#15419=DIRECTION('',(0.,0.258819045102521,-0.965925826289068));
#15420=DIRECTION('center_axis',(-1.,0.,0.));
#15421=DIRECTION('ref_axis',(0.,0.965925826289068,0.25881904510252));
#15422=DIRECTION('',(0.,-0.258819045102521,0.965925826289068));
#15423=DIRECTION('center_axis',(0.,0.258819045102521,-0.965925826289068));
#15424=DIRECTION('ref_axis',(-0.866025403784436,-0.482962913144538,-0.129409522551264));
#15425=DIRECTION('',(0.,0.258819045102521,-0.965925826289068));
#15426=DIRECTION('center_axis',(0.,0.258819045102521,-0.965925826289068));
#15427=DIRECTION('ref_axis',(0.,-0.965925826289067,-0.258819045102525));
#15428=DIRECTION('',(0.,0.258819045102521,-0.965925826289068));
#15429=DIRECTION('',(0.,0.258819045102521,-0.965925826289068));
#15430=DIRECTION('center_axis',(0.5,-0.836516303737808,-0.224143868042013));
#15431=DIRECTION('ref_axis',(-0.866025403784439,-0.482962913144534,-0.12940952255126));
#15432=DIRECTION('',(0.,0.258819045102521,-0.965925826289068));
#15433=DIRECTION('center_axis',(0.,0.258819045102521,-0.965925826289068));
#15434=DIRECTION('ref_axis',(0.866025403784436,-0.482962913144538,-0.129409522551264));
#15435=DIRECTION('',(0.,0.258819045102521,-0.965925826289068));
#15436=DIRECTION('center_axis',(0.,0.258819045102521,-0.965925826289068));
#15437=DIRECTION('ref_axis',(0.866025403784437,0.482962913144537,0.12940952255126));
#15438=DIRECTION('',(0.,0.258819045102521,-0.965925826289068));
#15439=DIRECTION('',(0.,0.258819045102521,-0.965925826289068));
#15440=DIRECTION('center_axis',(0.500000000000004,0.836516303737806,0.224143868042013));
#15441=DIRECTION('ref_axis',(0.866025403784436,-0.482962913144538,-0.129409522551261));
#15442=DIRECTION('',(0.,0.258819045102521,-0.965925826289068));
#15443=DIRECTION('center_axis',(-3.20493781063926E-17,0.258819045102521,
-0.965925826289068));
#15444=DIRECTION('ref_axis',(0.,0.965925826289067,0.258819045102525));
#15445=DIRECTION('',(0.,0.258819045102521,-0.965925826289068));
#15446=DIRECTION('center_axis',(-0.5,0.836516303737808,0.224143868042013));
#15447=DIRECTION('ref_axis',(0.866025403784439,0.482962913144534,0.12940952255126));
#15448=DIRECTION('center_axis',(-0.5,-0.836516303737808,-0.224143868042013));
#15449=DIRECTION('ref_axis',(-0.866025403784439,0.482962913144534,0.12940952255126));
#15450=DIRECTION('center_axis',(1.,0.,0.));
#15451=DIRECTION('ref_axis',(0.,-0.965925826289068,-0.25881904510252));
#15452=DIRECTION('center_axis',(0.,0.258819045102521,-0.965925826289068));
#15453=DIRECTION('ref_axis',(-0.866025403784431,0.482962913144548,0.129409522551263));
#15454=DIRECTION('center_axis',(0.,-0.258819045102521,0.965925826289068));
#15455=DIRECTION('ref_axis',(-0.866025403784431,0.482962913144548,0.129409522551263));
#15456=DIRECTION('',(0.,-0.258819045102521,0.965925826289068));
#15457=DIRECTION('',(0.,0.258819045102521,-0.965925826289068));
#15458=DIRECTION('center_axis',(0.,0.258819045102521,-0.965925826289068));
#15459=DIRECTION('ref_axis',(-1.,0.,0.));
#15460=DIRECTION('',(0.,-0.965925826289068,-0.258819045102521));
#15461=DIRECTION('center_axis',(0.,-0.258819045102521,0.965925826289068));
#15462=DIRECTION('ref_axis',(-0.866025403784436,-0.482962913144538,-0.129409522551264));
#15463=DIRECTION('',(0.866025403784439,-0.482962913144534,-0.12940952255126));
#15464=DIRECTION('center_axis',(0.,-0.258819045102521,0.965925826289068));
#15465=DIRECTION('ref_axis',(0.,-0.965925826289067,-0.258819045102525));
#15466=DIRECTION('',(0.866025403784439,0.482962913144534,0.12940952255126));
#15467=DIRECTION('center_axis',(0.,-0.258819045102521,0.965925826289068));
#15468=DIRECTION('ref_axis',(0.866025403784436,-0.482962913144538,-0.129409522551264));
#15469=DIRECTION('',(0.,0.965925826289068,0.258819045102521));
#15470=DIRECTION('center_axis',(0.,-0.258819045102521,0.965925826289068));
#15471=DIRECTION('ref_axis',(0.866025403784437,0.482962913144537,0.12940952255126));
#15472=DIRECTION('',(-0.866025403784436,0.482962913144538,0.129409522551261));
#15473=DIRECTION('center_axis',(0.,-0.258819045102521,0.965925826289068));
#15474=DIRECTION('ref_axis',(0.,0.965925826289067,0.258819045102525));
#15475=DIRECTION('',(-0.866025403784439,-0.482962913144534,-0.12940952255126));
#15476=DIRECTION('center_axis',(-1.,0.,0.));
#15477=DIRECTION('ref_axis',(0.,0.965925826289068,0.25881904510252));
#15478=DIRECTION('',(0.,-0.258819045102521,0.965925826289068));
#15479=DIRECTION('center_axis',(0.,0.258819045102521,-0.965925826289068));
#15480=DIRECTION('ref_axis',(-0.866025403784436,-0.482962913144538,-0.129409522551264));
#15481=DIRECTION('',(0.,0.258819045102521,-0.965925826289068));
#15482=DIRECTION('center_axis',(0.,0.258819045102521,-0.965925826289068));
#15483=DIRECTION('ref_axis',(0.,-0.965925826289067,-0.258819045102525));
#15484=DIRECTION('',(0.,-0.258819045102521,0.965925826289068));
#15485=DIRECTION('',(0.,0.258819045102521,-0.965925826289068));
#15486=DIRECTION('center_axis',(0.5,-0.836516303737808,-0.224143868042013));
#15487=DIRECTION('ref_axis',(-0.866025403784439,-0.482962913144534,-0.12940952255126));
#15488=DIRECTION('',(0.,-0.258819045102521,0.965925826289068));
#15489=DIRECTION('center_axis',(0.,0.258819045102521,-0.965925826289068));
#15490=DIRECTION('ref_axis',(0.866025403784436,-0.482962913144538,-0.129409522551264));
#15491=DIRECTION('',(0.,0.258819045102521,-0.965925826289068));
#15492=DIRECTION('center_axis',(0.,0.258819045102521,-0.965925826289068));
#15493=DIRECTION('ref_axis',(0.866025403784437,0.482962913144537,0.12940952255126));
#15494=DIRECTION('',(0.,-0.258819045102521,0.965925826289068));
#15495=DIRECTION('',(0.,0.258819045102521,-0.965925826289068));
#15496=DIRECTION('center_axis',(0.500000000000004,0.836516303737806,0.224143868042013));
#15497=DIRECTION('ref_axis',(0.866025403784436,-0.482962913144538,-0.129409522551261));
#15498=DIRECTION('',(1.81715902985781E-17,-0.258819045102521,0.965925826289068));
#15499=DIRECTION('center_axis',(-3.20493781063926E-17,0.258819045102521,
-0.965925826289068));
#15500=DIRECTION('ref_axis',(0.,0.965925826289067,0.258819045102525));
#15501=DIRECTION('',(-3.20493781063926E-17,0.258819045102521,-0.965925826289068));
#15502=DIRECTION('center_axis',(-0.5,0.836516303737808,0.224143868042013));
#15503=DIRECTION('ref_axis',(0.866025403784439,0.482962913144534,0.12940952255126));
#15504=DIRECTION('center_axis',(-0.5,-0.836516303737808,-0.224143868042013));
#15505=DIRECTION('ref_axis',(-0.866025403784439,0.482962913144534,0.12940952255126));
#15506=DIRECTION('center_axis',(1.,0.,0.));
#15507=DIRECTION('ref_axis',(0.,-0.965925826289068,-0.25881904510252));
#15508=DIRECTION('center_axis',(0.,0.258819045102521,-0.965925826289068));
#15509=DIRECTION('ref_axis',(-0.866025403784431,0.482962913144548,0.129409522551263));
#15510=DIRECTION('center_axis',(0.,-0.258819045102521,0.965925826289068));
#15511=DIRECTION('ref_axis',(-0.866025403784431,0.482962913144548,0.129409522551263));
#15512=DIRECTION('',(0.,-0.258819045102521,0.965925826289068));
#15513=DIRECTION('',(0.,0.258819045102521,-0.965925826289068));
#15514=DIRECTION('center_axis',(0.,0.258819045102521,-0.965925826289068));
#15515=DIRECTION('ref_axis',(-1.,0.,0.));
#15516=DIRECTION('',(0.,-0.965925826289068,-0.258819045102521));
#15517=DIRECTION('center_axis',(0.,-0.258819045102521,0.965925826289068));
#15518=DIRECTION('ref_axis',(-0.866025403784436,-0.482962913144538,-0.129409522551264));
#15519=DIRECTION('',(0.866025403784439,-0.482962913144534,-0.12940952255126));
#15520=DIRECTION('center_axis',(0.,-0.258819045102521,0.965925826289068));
#15521=DIRECTION('ref_axis',(0.,-0.965925826289067,-0.258819045102525));
#15522=DIRECTION('',(0.866025403784439,0.482962913144534,0.12940952255126));
#15523=DIRECTION('center_axis',(0.,-0.258819045102521,0.965925826289068));
#15524=DIRECTION('ref_axis',(0.866025403784436,-0.482962913144538,-0.129409522551264));
#15525=DIRECTION('',(0.,0.965925826289068,0.258819045102521));
#15526=DIRECTION('center_axis',(0.,-0.258819045102521,0.965925826289068));
#15527=DIRECTION('ref_axis',(0.866025403784437,0.482962913144537,0.12940952255126));
#15528=DIRECTION('',(-0.866025403784436,0.482962913144538,0.129409522551261));
#15529=DIRECTION('center_axis',(0.,-0.258819045102521,0.965925826289068));
#15530=DIRECTION('ref_axis',(0.,0.965925826289067,0.258819045102525));
#15531=DIRECTION('',(-0.866025403784439,-0.482962913144534,-0.12940952255126));
#15532=DIRECTION('center_axis',(-1.,0.,0.));
#15533=DIRECTION('ref_axis',(0.,0.965925826289068,0.25881904510252));
#15534=DIRECTION('',(0.,-0.258819045102521,0.965925826289068));
#15535=DIRECTION('center_axis',(0.,0.258819045102521,-0.965925826289068));
#15536=DIRECTION('ref_axis',(-0.866025403784436,-0.482962913144538,-0.129409522551264));
#15537=DIRECTION('',(0.,0.258819045102521,-0.965925826289068));
#15538=DIRECTION('center_axis',(0.,0.258819045102521,-0.965925826289068));
#15539=DIRECTION('ref_axis',(0.,-0.965925826289067,-0.258819045102525));
#15540=DIRECTION('',(0.,-0.258819045102521,0.965925826289068));
#15541=DIRECTION('',(0.,0.258819045102521,-0.965925826289068));
#15542=DIRECTION('center_axis',(0.5,-0.836516303737808,-0.224143868042013));
#15543=DIRECTION('ref_axis',(-0.866025403784439,-0.482962913144534,-0.12940952255126));
#15544=DIRECTION('',(0.,-0.258819045102521,0.965925826289068));
#15545=DIRECTION('center_axis',(0.,0.258819045102521,-0.965925826289068));
#15546=DIRECTION('ref_axis',(0.866025403784436,-0.482962913144538,-0.129409522551264));
#15547=DIRECTION('',(0.,0.258819045102521,-0.965925826289068));
#15548=DIRECTION('center_axis',(0.,0.258819045102521,-0.965925826289068));
#15549=DIRECTION('ref_axis',(0.866025403784437,0.482962913144537,0.12940952255126));
#15550=DIRECTION('',(0.,-0.258819045102521,0.965925826289068));
#15551=DIRECTION('',(0.,0.258819045102521,-0.965925826289068));
#15552=DIRECTION('center_axis',(0.500000000000004,0.836516303737806,0.224143868042013));
#15553=DIRECTION('ref_axis',(0.866025403784436,-0.482962913144538,-0.129409522551261));
#15554=DIRECTION('',(1.81715902985781E-17,-0.258819045102521,0.965925826289068));
#15555=DIRECTION('center_axis',(-3.20493781063926E-17,0.258819045102521,
-0.965925826289068));
#15556=DIRECTION('ref_axis',(0.,0.965925826289067,0.258819045102525));
#15557=DIRECTION('',(-3.20493781063926E-17,0.258819045102521,-0.965925826289068));
#15558=DIRECTION('center_axis',(-0.5,0.836516303737808,0.224143868042013));
#15559=DIRECTION('ref_axis',(0.866025403784439,0.482962913144534,0.12940952255126));
#15560=DIRECTION('center_axis',(-0.5,-0.836516303737808,-0.224143868042013));
#15561=DIRECTION('ref_axis',(-0.866025403784439,0.482962913144534,0.12940952255126));
#15562=DIRECTION('center_axis',(1.,0.,0.));
#15563=DIRECTION('ref_axis',(0.,-0.965925826289068,-0.25881904510252));
#15564=DIRECTION('center_axis',(0.,0.258819045102521,-0.965925826289068));
#15565=DIRECTION('ref_axis',(-0.866025403784431,0.482962913144548,0.129409522551263));
#15566=DIRECTION('center_axis',(0.,-0.258819045102521,0.965925826289068));
#15567=DIRECTION('ref_axis',(-0.866025403784431,0.482962913144548,0.129409522551263));
#15568=DIRECTION('',(0.,-0.258819045102521,0.965925826289068));
#15569=DIRECTION('',(0.,0.258819045102521,-0.965925826289068));
#15570=DIRECTION('center_axis',(0.,0.258819045102521,-0.965925826289068));
#15571=DIRECTION('ref_axis',(-1.,0.,0.));
#15572=DIRECTION('',(0.,-0.965925826289068,-0.258819045102521));
#15573=DIRECTION('center_axis',(0.,-0.258819045102521,0.965925826289068));
#15574=DIRECTION('ref_axis',(-0.866025403784436,-0.482962913144538,-0.129409522551264));
#15575=DIRECTION('',(0.866025403784439,-0.482962913144534,-0.12940952255126));
#15576=DIRECTION('center_axis',(0.,-0.258819045102521,0.965925826289068));
#15577=DIRECTION('ref_axis',(0.,-0.965925826289067,-0.258819045102525));
#15578=DIRECTION('',(0.866025403784439,0.482962913144534,0.12940952255126));
#15579=DIRECTION('center_axis',(0.,-0.258819045102521,0.965925826289068));
#15580=DIRECTION('ref_axis',(0.866025403784436,-0.482962913144538,-0.129409522551264));
#15581=DIRECTION('',(0.,0.965925826289068,0.258819045102521));
#15582=DIRECTION('center_axis',(0.,-0.258819045102521,0.965925826289068));
#15583=DIRECTION('ref_axis',(0.866025403784437,0.482962913144537,0.12940952255126));
#15584=DIRECTION('',(-0.866025403784436,0.482962913144538,0.129409522551261));
#15585=DIRECTION('center_axis',(0.,-0.258819045102521,0.965925826289068));
#15586=DIRECTION('ref_axis',(0.,0.965925826289067,0.258819045102525));
#15587=DIRECTION('',(-0.866025403784439,-0.482962913144534,-0.12940952255126));
#15588=DIRECTION('center_axis',(-1.,0.,0.));
#15589=DIRECTION('ref_axis',(0.,0.965925826289068,0.25881904510252));
#15590=DIRECTION('',(0.,-0.258819045102521,0.965925826289068));
#15591=DIRECTION('center_axis',(0.,0.258819045102521,-0.965925826289068));
#15592=DIRECTION('ref_axis',(-0.866025403784436,-0.482962913144538,-0.129409522551264));
#15593=DIRECTION('',(0.,0.258819045102521,-0.965925826289068));
#15594=DIRECTION('center_axis',(0.,0.258819045102521,-0.965925826289068));
#15595=DIRECTION('ref_axis',(0.,-0.965925826289067,-0.258819045102525));
#15596=DIRECTION('',(0.,-0.258819045102521,0.965925826289068));
#15597=DIRECTION('',(0.,0.258819045102521,-0.965925826289068));
#15598=DIRECTION('center_axis',(0.5,-0.836516303737808,-0.224143868042013));
#15599=DIRECTION('ref_axis',(-0.866025403784439,-0.482962913144534,-0.12940952255126));
#15600=DIRECTION('',(0.,-0.258819045102521,0.965925826289068));
#15601=DIRECTION('center_axis',(0.,0.258819045102521,-0.965925826289068));
#15602=DIRECTION('ref_axis',(0.866025403784436,-0.482962913144538,-0.129409522551264));
#15603=DIRECTION('',(0.,0.258819045102521,-0.965925826289068));
#15604=DIRECTION('center_axis',(0.,0.258819045102521,-0.965925826289068));
#15605=DIRECTION('ref_axis',(0.866025403784437,0.482962913144537,0.12940952255126));
#15606=DIRECTION('',(0.,-0.258819045102521,0.965925826289068));
#15607=DIRECTION('',(0.,0.258819045102521,-0.965925826289068));
#15608=DIRECTION('center_axis',(0.500000000000004,0.836516303737806,0.224143868042013));
#15609=DIRECTION('ref_axis',(0.866025403784436,-0.482962913144538,-0.129409522551261));
#15610=DIRECTION('',(1.81715902985781E-17,-0.258819045102521,0.965925826289068));
#15611=DIRECTION('center_axis',(-3.20493781063926E-17,0.258819045102521,
-0.965925826289068));
#15612=DIRECTION('ref_axis',(0.,0.965925826289067,0.258819045102525));
#15613=DIRECTION('',(-3.20493781063926E-17,0.258819045102521,-0.965925826289068));
#15614=DIRECTION('center_axis',(-0.5,0.836516303737808,0.224143868042013));
#15615=DIRECTION('ref_axis',(0.866025403784439,0.482962913144534,0.12940952255126));
#15616=DIRECTION('center_axis',(-0.5,-0.836516303737808,-0.224143868042013));
#15617=DIRECTION('ref_axis',(-0.866025403784439,0.482962913144534,0.12940952255126));
#15618=DIRECTION('center_axis',(1.,0.,0.));
#15619=DIRECTION('ref_axis',(0.,-0.965925826289068,-0.25881904510252));
#15620=CARTESIAN_POINT('',(0.,0.,0.));
#15621=CARTESIAN_POINT('Origin',(54.425,43.3125,13.605549397173));
#15622=CARTESIAN_POINT('',(50.85,45.083126176245,14.0799872511953));
#15623=CARTESIAN_POINT('',(51.05,45.4177326977401,14.1696447984121));
#15624=CARTESIAN_POINT('Origin',(51.25,45.083126176245,14.0799872511953));
#15625=CARTESIAN_POINT('',(50.85,41.541873823755,13.1311115431507));
#15626=CARTESIAN_POINT('',(50.85,42.4271869118775,13.3683304701619));
#15627=CARTESIAN_POINT('',(51.05,41.2072673022599,13.0414539959339));
#15628=CARTESIAN_POINT('Origin',(51.25,41.541873823755,13.1311115431507));
#15629=CARTESIAN_POINT('',(54.225,39.4366411260148,12.5670161419117));
#15630=CARTESIAN_POINT('',(53.43125,39.8792976700761,12.6856256054172));
#15631=CARTESIAN_POINT('',(54.625,39.4366411260148,12.5670161419117));
#15632=CARTESIAN_POINT('Origin',(54.425,39.77124764751,12.6566736891285));
#15633=CARTESIAN_POINT('',(57.8,41.2072673022599,13.0414539959339));
#15634=CARTESIAN_POINT('',(57.00625,40.7646107581986,12.9228445324284));
#15635=CARTESIAN_POINT('',(58.,41.541873823755,13.1311115431507));
#15636=CARTESIAN_POINT('Origin',(57.6,41.541873823755,13.1311115431507));
#15637=CARTESIAN_POINT('',(58.,45.083126176245,14.0799872511953));
#15638=CARTESIAN_POINT('',(58.,44.1978130881225,13.8427683241841));
#15639=CARTESIAN_POINT('',(57.8,45.4177326977401,14.1696447984121));
#15640=CARTESIAN_POINT('Origin',(57.6,45.083126176245,14.0799872511953));
#15641=CARTESIAN_POINT('',(54.625,47.1883588739852,14.6440826524343));
#15642=CARTESIAN_POINT('',(55.41875,46.7457023299239,14.5254731889288));
#15643=CARTESIAN_POINT('',(54.225,47.1883588739852,14.6440826524343));
#15644=CARTESIAN_POINT('Origin',(54.425,46.85375235249,14.5544251052175));
#15645=CARTESIAN_POINT('',(51.84375,45.8603892418014,14.2882542619176));
#15646=CARTESIAN_POINT('Origin',(35.725,43.3125,13.605549397173));
#15647=CARTESIAN_POINT('',(32.15,45.083126176245,14.0799872511953));
#15648=CARTESIAN_POINT('',(32.35,45.4177326977401,14.1696447984121));
#15649=CARTESIAN_POINT('Origin',(32.55,45.083126176245,14.0799872511953));
#15650=CARTESIAN_POINT('',(32.15,41.541873823755,13.1311115431507));
#15651=CARTESIAN_POINT('',(32.15,42.4271869118775,13.3683304701619));
#15652=CARTESIAN_POINT('',(32.35,41.2072673022599,13.0414539959339));
#15653=CARTESIAN_POINT('Origin',(32.55,41.541873823755,13.1311115431507));
#15654=CARTESIAN_POINT('',(35.525,39.4366411260148,12.5670161419117));
#15655=CARTESIAN_POINT('',(34.73125,39.8792976700761,12.6856256054172));
#15656=CARTESIAN_POINT('',(35.925,39.4366411260148,12.5670161419117));
#15657=CARTESIAN_POINT('Origin',(35.725,39.77124764751,12.6566736891285));
#15658=CARTESIAN_POINT('',(39.1,41.2072673022599,13.0414539959339));
#15659=CARTESIAN_POINT('',(38.30625,40.7646107581986,12.9228445324284));
#15660=CARTESIAN_POINT('',(39.3,41.541873823755,13.1311115431507));
#15661=CARTESIAN_POINT('Origin',(38.9,41.541873823755,13.1311115431507));
#15662=CARTESIAN_POINT('',(39.3,45.083126176245,14.0799872511953));
#15663=CARTESIAN_POINT('',(39.3,44.1978130881225,13.8427683241841));
#15664=CARTESIAN_POINT('',(39.1,45.4177326977401,14.1696447984121));
#15665=CARTESIAN_POINT('Origin',(38.9,45.083126176245,14.0799872511953));
#15666=CARTESIAN_POINT('',(35.925,47.1883588739852,14.6440826524343));
#15667=CARTESIAN_POINT('',(36.71875,46.7457023299239,14.5254731889288));
#15668=CARTESIAN_POINT('',(35.525,47.1883588739852,14.6440826524343));
#15669=CARTESIAN_POINT('Origin',(35.725,46.85375235249,14.5544251052175));
#15670=CARTESIAN_POINT('',(33.14375,45.8603892418014,14.2882542619176));
#15671=CARTESIAN_POINT('Origin',(17.025,43.3125,13.605549397173));
#15672=CARTESIAN_POINT('',(13.45,45.083126176245,14.0799872511953));
#15673=CARTESIAN_POINT('',(13.65,45.4177326977401,14.1696447984121));
#15674=CARTESIAN_POINT('Origin',(13.85,45.083126176245,14.0799872511953));
#15675=CARTESIAN_POINT('',(13.45,41.541873823755,13.1311115431507));
#15676=CARTESIAN_POINT('',(13.45,42.4271869118775,13.3683304701619));
#15677=CARTESIAN_POINT('',(13.65,41.2072673022599,13.0414539959339));
#15678=CARTESIAN_POINT('Origin',(13.85,41.541873823755,13.1311115431507));
#15679=CARTESIAN_POINT('',(16.825,39.4366411260148,12.5670161419117));
#15680=CARTESIAN_POINT('',(16.03125,39.8792976700761,12.6856256054172));
#15681=CARTESIAN_POINT('',(17.225,39.4366411260148,12.5670161419117));
#15682=CARTESIAN_POINT('Origin',(17.025,39.7712476475099,12.6566736891285));
#15683=CARTESIAN_POINT('',(20.4,41.2072673022599,13.0414539959339));
#15684=CARTESIAN_POINT('',(19.60625,40.7646107581986,12.9228445324284));
#15685=CARTESIAN_POINT('',(20.6,41.541873823755,13.1311115431507));
#15686=CARTESIAN_POINT('Origin',(20.2,41.541873823755,13.1311115431507));
#15687=CARTESIAN_POINT('',(20.6,45.083126176245,14.0799872511953));
#15688=CARTESIAN_POINT('',(20.6,44.1978130881225,13.8427683241841));
#15689=CARTESIAN_POINT('',(20.4,45.4177326977401,14.1696447984121));
#15690=CARTESIAN_POINT('Origin',(20.2,45.083126176245,14.0799872511953));
#15691=CARTESIAN_POINT('',(17.225,47.1883588739852,14.6440826524343));
#15692=CARTESIAN_POINT('',(18.01875,46.7457023299239,14.5254731889288));
#15693=CARTESIAN_POINT('',(16.825,47.1883588739852,14.6440826524343));
#15694=CARTESIAN_POINT('Origin',(17.025,46.85375235249,14.5544251052175));
#15695=CARTESIAN_POINT('',(14.44375,45.8603892418014,14.2882542619176));
#15696=CARTESIAN_POINT('Origin',(7.67499999999999,43.3125,13.605549397173));
#15697=CARTESIAN_POINT('',(4.09999999999999,45.083126176245,14.0799872511953));
#15698=CARTESIAN_POINT('',(4.3,45.4177326977401,14.1696447984121));
#15699=CARTESIAN_POINT('Origin',(4.49999999999999,45.083126176245,14.0799872511953));
#15700=CARTESIAN_POINT('',(4.09999999999999,41.541873823755,13.1311115431507));
#15701=CARTESIAN_POINT('',(4.09999999999999,42.4271869118775,13.3683304701619));
#15702=CARTESIAN_POINT('',(4.3,41.2072673022599,13.0414539959339));
#15703=CARTESIAN_POINT('Origin',(4.49999999999999,41.541873823755,13.1311115431507));
#15704=CARTESIAN_POINT('',(7.47499999999999,39.4366411260148,12.5670161419117));
#15705=CARTESIAN_POINT('',(6.68124999999998,39.8792976700761,12.6856256054172));
#15706=CARTESIAN_POINT('',(7.87499999999999,39.4366411260148,12.5670161419117));
#15707=CARTESIAN_POINT('Origin',(7.67499999999998,39.7712476475099,12.6566736891285));
#15708=CARTESIAN_POINT('',(11.05,41.2072673022599,13.0414539959339));
#15709=CARTESIAN_POINT('',(10.25625,40.7646107581986,12.9228445324284));
#15710=CARTESIAN_POINT('',(11.25,41.541873823755,13.1311115431507));
#15711=CARTESIAN_POINT('Origin',(10.85,41.541873823755,13.1311115431507));
#15712=CARTESIAN_POINT('',(11.25,45.083126176245,14.0799872511953));
#15713=CARTESIAN_POINT('',(11.25,44.1978130881225,13.8427683241841));
#15714=CARTESIAN_POINT('',(11.05,45.4177326977401,14.1696447984121));
#15715=CARTESIAN_POINT('Origin',(10.85,45.083126176245,14.0799872511953));
#15716=CARTESIAN_POINT('',(7.875,47.1883588739852,14.6440826524343));
#15717=CARTESIAN_POINT('',(8.66875,46.7457023299239,14.5254731889288));
#15718=CARTESIAN_POINT('',(7.47499999999999,47.1883588739852,14.6440826524343));
#15719=CARTESIAN_POINT('Origin',(7.67499999999998,46.85375235249,14.5544251052175));
#15720=CARTESIAN_POINT('',(5.09374999999999,45.8603892418014,14.2882542619176));
#15721=CARTESIAN_POINT('Origin',(26.375,43.3125,13.605549397173));
#15722=CARTESIAN_POINT('',(22.8,45.083126176245,14.0799872511953));
#15723=CARTESIAN_POINT('',(23.,45.4177326977401,14.1696447984121));
#15724=CARTESIAN_POINT('Origin',(23.2,45.083126176245,14.0799872511953));
#15725=CARTESIAN_POINT('',(22.8,41.541873823755,13.1311115431507));
#15726=CARTESIAN_POINT('',(22.8,42.4271869118775,13.3683304701619));
#15727=CARTESIAN_POINT('',(23.,41.2072673022599,13.0414539959339));
#15728=CARTESIAN_POINT('Origin',(23.2,41.541873823755,13.1311115431507));
#15729=CARTESIAN_POINT('',(26.175,39.4366411260148,12.5670161419117));
#15730=CARTESIAN_POINT('',(25.38125,39.8792976700761,12.6856256054172));
#15731=CARTESIAN_POINT('',(26.575,39.4366411260148,12.5670161419117));
#15732=CARTESIAN_POINT('Origin',(26.375,39.77124764751,12.6566736891285));
#15733=CARTESIAN_POINT('',(29.75,41.2072673022599,13.0414539959339));
#15734=CARTESIAN_POINT('',(28.95625,40.7646107581986,12.9228445324284));
#15735=CARTESIAN_POINT('',(29.95,41.541873823755,13.1311115431507));
#15736=CARTESIAN_POINT('Origin',(29.55,41.541873823755,13.1311115431507));
#15737=CARTESIAN_POINT('',(29.95,45.083126176245,14.0799872511953));
#15738=CARTESIAN_POINT('',(29.95,44.1978130881225,13.8427683241841));
#15739=CARTESIAN_POINT('',(29.75,45.4177326977401,14.1696447984121));
#15740=CARTESIAN_POINT('Origin',(29.55,45.083126176245,14.0799872511953));
#15741=CARTESIAN_POINT('',(26.575,47.1883588739852,14.6440826524343));
#15742=CARTESIAN_POINT('',(27.36875,46.7457023299239,14.5254731889288));
#15743=CARTESIAN_POINT('',(26.175,47.1883588739852,14.6440826524343));
#15744=CARTESIAN_POINT('Origin',(26.375,46.85375235249,14.5544251052175));
#15745=CARTESIAN_POINT('',(23.79375,45.8603892418014,14.2882542619176));
#15746=CARTESIAN_POINT('Origin',(45.075,43.3125,13.605549397173));
#15747=CARTESIAN_POINT('',(41.5,45.083126176245,14.0799872511953));
#15748=CARTESIAN_POINT('',(41.7,45.4177326977401,14.1696447984121));
#15749=CARTESIAN_POINT('Origin',(41.9,45.083126176245,14.0799872511953));
#15750=CARTESIAN_POINT('',(41.5,41.541873823755,13.1311115431507));
#15751=CARTESIAN_POINT('',(41.5,42.4271869118775,13.3683304701619));
#15752=CARTESIAN_POINT('',(41.7,41.2072673022599,13.0414539959339));
#15753=CARTESIAN_POINT('Origin',(41.9,41.541873823755,13.1311115431507));
#15754=CARTESIAN_POINT('',(44.875,39.4366411260148,12.5670161419117));
#15755=CARTESIAN_POINT('',(44.08125,39.8792976700761,12.6856256054172));
#15756=CARTESIAN_POINT('',(45.275,39.4366411260148,12.5670161419117));
#15757=CARTESIAN_POINT('Origin',(45.075,39.77124764751,12.6566736891285));
#15758=CARTESIAN_POINT('',(48.45,41.2072673022599,13.0414539959339));
#15759=CARTESIAN_POINT('',(47.65625,40.7646107581986,12.9228445324284));
#15760=CARTESIAN_POINT('',(48.65,41.541873823755,13.1311115431507));
#15761=CARTESIAN_POINT('Origin',(48.25,41.541873823755,13.1311115431507));
#15762=CARTESIAN_POINT('',(48.65,45.083126176245,14.0799872511953));
#15763=CARTESIAN_POINT('',(48.65,44.1978130881225,13.8427683241841));
#15764=CARTESIAN_POINT('',(48.45,45.4177326977401,14.1696447984121));
#15765=CARTESIAN_POINT('Origin',(48.25,45.083126176245,14.0799872511953));
#15766=CARTESIAN_POINT('',(45.275,47.1883588739852,14.6440826524343));
#15767=CARTESIAN_POINT('',(46.06875,46.7457023299239,14.5254731889288));
#15768=CARTESIAN_POINT('',(44.875,47.1883588739852,14.6440826524343));
#15769=CARTESIAN_POINT('Origin',(45.075,46.85375235249,14.5544251052175));
#15770=CARTESIAN_POINT('',(42.49375,45.8603892418014,14.2882542619176));
#15771=CARTESIAN_POINT('Origin',(63.775,43.3125,13.605549397173));
#15772=CARTESIAN_POINT('',(60.2,45.083126176245,14.0799872511953));
#15773=CARTESIAN_POINT('',(60.4,45.4177326977401,14.1696447984121));
#15774=CARTESIAN_POINT('Origin',(60.6,45.083126176245,14.0799872511953));
#15775=CARTESIAN_POINT('',(60.2,41.541873823755,13.1311115431507));
#15776=CARTESIAN_POINT('',(60.2,42.4271869118775,13.3683304701619));
#15777=CARTESIAN_POINT('',(60.4,41.2072673022599,13.0414539959339));
#15778=CARTESIAN_POINT('Origin',(60.6,41.541873823755,13.1311115431507));
#15779=CARTESIAN_POINT('',(63.575,39.4366411260148,12.5670161419117));
#15780=CARTESIAN_POINT('',(62.78125,39.8792976700761,12.6856256054172));
#15781=CARTESIAN_POINT('',(63.975,39.4366411260148,12.5670161419117));
#15782=CARTESIAN_POINT('Origin',(63.775,39.77124764751,12.6566736891285));
#15783=CARTESIAN_POINT('',(67.15,41.2072673022599,13.0414539959339));
#15784=CARTESIAN_POINT('',(66.35625,40.7646107581986,12.9228445324284));
#15785=CARTESIAN_POINT('',(67.35,41.541873823755,13.1311115431507));
#15786=CARTESIAN_POINT('Origin',(66.95,41.541873823755,13.1311115431507));
#15787=CARTESIAN_POINT('',(67.35,45.083126176245,14.0799872511953));
#15788=CARTESIAN_POINT('',(67.35,44.1978130881225,13.8427683241841));
#15789=CARTESIAN_POINT('',(67.15,45.4177326977401,14.1696447984121));
#15790=CARTESIAN_POINT('Origin',(66.95,45.083126176245,14.0799872511953));
#15791=CARTESIAN_POINT('',(63.975,47.1883588739852,14.6440826524343));
#15792=CARTESIAN_POINT('',(64.76875,46.7457023299239,14.5254731889288));
#15793=CARTESIAN_POINT('',(63.575,47.1883588739852,14.6440826524343));
#15794=CARTESIAN_POINT('Origin',(63.775,46.85375235249,14.5544251052175));
#15795=CARTESIAN_POINT('',(61.19375,45.8603892418014,14.2882542619176));
#15796=CARTESIAN_POINT('Origin',(3.75,30.2801574767516,2.48180122991252));
#15797=CARTESIAN_POINT('',(3.75,20.6412476589975,23.9658150050092));
#15798=CARTESIAN_POINT('',(-1.32850179768274E-16,24.2634695075815,24.9363864241437));
#15799=CARTESIAN_POINT('Origin',(3.75,24.2634695075815,24.9363864241437));
#15800=CARTESIAN_POINT('',(0.,25.085219975782,21.8695719256759));
#15801=CARTESIAN_POINT('',(0.,30.2801574767516,2.48180122991252));
#15802=CARTESIAN_POINT('',(3.75,21.462998127198,20.8990005065414));
#15803=CARTESIAN_POINT('Origin',(3.75,25.085219975782,21.8695719256759));
#15804=CARTESIAN_POINT('',(3.75,26.6579356281676,1.51122981077807));
#15805=CARTESIAN_POINT('Origin',(0.,24.75,8.63174251267029));
#15806=CARTESIAN_POINT('',(95.75,21.462998127198,20.8990005065414));
#15807=CARTESIAN_POINT('',(24.875,21.462998127198,20.8990005065414));
#15808=CARTESIAN_POINT('',(95.75,20.6412476589975,23.9658150050092));
#15809=CARTESIAN_POINT('',(95.75,25.,7.69872981077807));
#15810=CARTESIAN_POINT('',(-1.32850179768274E-16,20.6412476589975,23.9658150050092));
#15811=CARTESIAN_POINT('Origin',(3.75,42.6551574767516,5.79767248624767));
#15812=CARTESIAN_POINT('',(3.75,32.194497190797,30.3485007598122));
#15813=CARTESIAN_POINT('',(0.,35.816719039381,31.3190721789466));
#15814=CARTESIAN_POINT('Origin',(3.75,35.816719039381,31.3190721789466));
#15815=CARTESIAN_POINT('',(0.,36.6384695075815,28.2522576804788));
#15816=CARTESIAN_POINT('',(0.,42.6551574767516,5.79767248624767));
#15817=CARTESIAN_POINT('',(3.75,33.0162476589975,27.2816862613444));
#15818=CARTESIAN_POINT('Origin',(3.75,36.6384695075815,28.2522576804788));
#15819=CARTESIAN_POINT('',(3.75,39.0329356281676,4.82710106711321));
#15820=CARTESIAN_POINT('Origin',(0.,49.5,0.));
#15821=CARTESIAN_POINT('',(-1.32850179768274E-16,41.6412476589975,29.5927480460628));
#15822=CARTESIAN_POINT('',(-5.55111512312578E-16,40.819497190797,32.6595625445306));
#15823=CARTESIAN_POINT('',(0.,40.819497190797,32.6595625445306));
#15824=CARTESIAN_POINT('',(0.,45.75,14.2586755537239));
#15825=CARTESIAN_POINT('',(-5.55111512312578E-16,45.75,14.2586755537239));
#15826=CARTESIAN_POINT('',(2.77555756156289E-15,45.75,-0.250000000000003));
#15827=CARTESIAN_POINT('',(2.77555756156289E-15,45.75,0.));
#15828=CARTESIAN_POINT('',(0.,3.75,-0.25));
#15829=CARTESIAN_POINT('',(3.46944695195361E-16,8.,-0.25));
#15830=CARTESIAN_POINT('',(0.,3.75,3.00480947161671));
#15831=CARTESIAN_POINT('',(0.,3.75,0.));
#15832=CARTESIAN_POINT('',(0.,1.28474859539849,12.2052529670201));
#15833=CARTESIAN_POINT('',(0.,3.75,3.00480947161671));
#15834=CARTESIAN_POINT('',(0.,13.5319704439825,15.486886170873));
#15835=CARTESIAN_POINT('',(0.,31.252414151183,20.2350647517385));
#15836=CARTESIAN_POINT('',(-1.06280143814619E-16,12.710219975782,18.5537006693408));
#15837=CARTESIAN_POINT('',(0.,17.9051574767516,-0.834070026422626));
#15838=CARTESIAN_POINT('',(-1.06280143814619E-16,42.462998127198,26.525933547595));
#15839=CARTESIAN_POINT('Origin',(49.75,38.381997190797,32.0064363879798));
#15840=CARTESIAN_POINT('',(95.75,32.194497190797,30.3485007598122));
#15841=CARTESIAN_POINT('',(0.,32.194497190797,30.3485007598122));
#15842=CARTESIAN_POINT('',(99.5,35.816719039381,31.3190721789466));
#15843=CARTESIAN_POINT('Origin',(95.75,35.816719039381,31.3190721789466));
#15844=CARTESIAN_POINT('',(99.5,40.819497190797,32.6595625445306));
#15845=CARTESIAN_POINT('',(99.5,-1.18050280920301,21.4056964624235));
#15846=CARTESIAN_POINT('',(95.75,44.569497190797,33.6643720161473));
#15847=CARTESIAN_POINT('Origin',(95.75,40.819497190797,32.6595625445306));
#15848=CARTESIAN_POINT('',(3.75,44.569497190797,33.6643720161473));
#15849=CARTESIAN_POINT('',(95.75,44.569497190797,33.6643720161473));
#15850=CARTESIAN_POINT('Origin',(3.75,40.819497190797,32.6595625445306));
#15851=CARTESIAN_POINT('',(88.45,40.4872298885371,32.5705317892188));
#15852=CARTESIAN_POINT('',(88.25,40.152623367042,32.480874242002));
#15853=CARTESIAN_POINT('Origin',(88.65,40.152623367042,32.480874242002));
#15854=CARTESIAN_POINT('',(91.625,42.2578560647822,33.0449696432411));
#15855=CARTESIAN_POINT('',(90.996875,41.907564862592,32.9511093984985));
#15856=CARTESIAN_POINT('',(92.025,42.2578560647822,33.0449696432411));
#15857=CARTESIAN_POINT('Origin',(91.825,41.923249543287,32.9553120960243));
#15858=CARTESIAN_POINT('',(95.2,40.4872298885371,32.5705317892188));
#15859=CARTESIAN_POINT('',(94.571875,40.8375210907273,32.6643920339614));
#15860=CARTESIAN_POINT('',(95.4,40.152623367042,32.480874242002));
#15861=CARTESIAN_POINT('Origin',(95.,40.152623367042,32.480874242002));
#15862=CARTESIAN_POINT('',(95.4,36.611371014552,31.5319985339575));
#15863=CARTESIAN_POINT('',(95.4,39.2673102789195,32.2436553149909));
#15864=CARTESIAN_POINT('',(95.2,36.2767644930568,31.4423409867407));
#15865=CARTESIAN_POINT('Origin',(95.,36.611371014552,31.5319985339575));
#15866=CARTESIAN_POINT('',(92.025,34.5061383168118,30.9679031327184));
#15867=CARTESIAN_POINT('',(96.159375,36.8117863789892,31.5856996690092));
#15868=CARTESIAN_POINT('',(91.625,34.5061383168118,30.9679031327184));
#15869=CARTESIAN_POINT('Origin',(91.825,34.8407448383069,31.0575606799352));
#15870=CARTESIAN_POINT('',(88.45,36.2767644930568,31.4423409867407));
#15871=CARTESIAN_POINT('',(92.584375,33.9711164308795,30.8245444504499));
#15872=CARTESIAN_POINT('',(88.25,36.611371014552,31.5319985339575));
#15873=CARTESIAN_POINT('Origin',(88.65,36.611371014552,31.5319985339575));
#15874=CARTESIAN_POINT('',(88.25,37.4966841026745,31.7692174609686));
#15875=CARTESIAN_POINT('',(79.1,40.4872298885371,32.5705317892188));
#15876=CARTESIAN_POINT('',(78.9,40.152623367042,32.480874242002));
#15877=CARTESIAN_POINT('Origin',(79.3,40.152623367042,32.480874242002));
#15878=CARTESIAN_POINT('',(82.275,42.2578560647822,33.0449696432411));
#15879=CARTESIAN_POINT('',(81.646875,41.907564862592,32.9511093984985));
#15880=CARTESIAN_POINT('',(82.675,42.2578560647822,33.0449696432411));
#15881=CARTESIAN_POINT('Origin',(82.475,41.923249543287,32.9553120960243));
#15882=CARTESIAN_POINT('',(85.85,40.4872298885371,32.5705317892188));
#15883=CARTESIAN_POINT('',(85.221875,40.8375210907273,32.6643920339614));
#15884=CARTESIAN_POINT('',(86.05,40.152623367042,32.480874242002));
#15885=CARTESIAN_POINT('Origin',(85.65,40.152623367042,32.480874242002));
#15886=CARTESIAN_POINT('',(86.05,36.611371014552,31.5319985339575));
#15887=CARTESIAN_POINT('',(86.05,39.2673102789195,32.2436553149909));
#15888=CARTESIAN_POINT('',(85.85,36.2767644930568,31.4423409867407));
#15889=CARTESIAN_POINT('Origin',(85.65,36.611371014552,31.5319985339575));
#15890=CARTESIAN_POINT('',(82.675,34.5061383168118,30.9679031327184));
#15891=CARTESIAN_POINT('',(86.809375,36.8117863789892,31.5856996690092));
#15892=CARTESIAN_POINT('',(82.275,34.5061383168118,30.9679031327184));
#15893=CARTESIAN_POINT('Origin',(82.475,34.8407448383069,31.0575606799352));
#15894=CARTESIAN_POINT('',(79.1,36.2767644930568,31.4423409867407));
#15895=CARTESIAN_POINT('',(83.234375,33.9711164308795,30.8245444504499));
#15896=CARTESIAN_POINT('',(78.9,36.611371014552,31.5319985339575));
#15897=CARTESIAN_POINT('Origin',(79.3,36.611371014552,31.5319985339575));
#15898=CARTESIAN_POINT('',(78.9,37.4966841026745,31.7692174609686));
#15899=CARTESIAN_POINT('',(69.75,40.4872298885371,32.5705317892188));
#15900=CARTESIAN_POINT('',(69.55,40.152623367042,32.480874242002));
#15901=CARTESIAN_POINT('Origin',(69.95,40.152623367042,32.480874242002));
#15902=CARTESIAN_POINT('',(72.925,42.2578560647822,33.0449696432411));
#15903=CARTESIAN_POINT('',(72.296875,41.907564862592,32.9511093984985));
#15904=CARTESIAN_POINT('',(73.325,42.2578560647822,33.0449696432411));
#15905=CARTESIAN_POINT('Origin',(73.125,41.923249543287,32.9553120960243));
#15906=CARTESIAN_POINT('',(76.5,40.4872298885371,32.5705317892188));
#15907=CARTESIAN_POINT('',(75.871875,40.8375210907273,32.6643920339614));
#15908=CARTESIAN_POINT('',(76.7,40.152623367042,32.480874242002));
#15909=CARTESIAN_POINT('Origin',(76.3,40.152623367042,32.480874242002));
#15910=CARTESIAN_POINT('',(76.7,36.611371014552,31.5319985339575));
#15911=CARTESIAN_POINT('',(76.7,39.2673102789195,32.2436553149909));
#15912=CARTESIAN_POINT('',(76.5,36.2767644930568,31.4423409867407));
#15913=CARTESIAN_POINT('Origin',(76.3,36.611371014552,31.5319985339575));
#15914=CARTESIAN_POINT('',(73.325,34.5061383168118,30.9679031327184));
#15915=CARTESIAN_POINT('',(77.459375,36.8117863789892,31.5856996690092));
#15916=CARTESIAN_POINT('',(72.925,34.5061383168118,30.9679031327184));
#15917=CARTESIAN_POINT('Origin',(73.125,34.8407448383069,31.0575606799352));
#15918=CARTESIAN_POINT('',(69.75,36.2767644930568,31.4423409867407));
#15919=CARTESIAN_POINT('',(73.884375,33.9711164308795,30.8245444504499));
#15920=CARTESIAN_POINT('',(69.55,36.611371014552,31.5319985339575));
#15921=CARTESIAN_POINT('Origin',(69.95,36.611371014552,31.5319985339575));
#15922=CARTESIAN_POINT('',(69.55,37.4966841026745,31.7692174609686));
#15923=CARTESIAN_POINT('',(60.4,40.4872298885371,32.5705317892188));
#15924=CARTESIAN_POINT('',(60.2,40.152623367042,32.480874242002));
#15925=CARTESIAN_POINT('Origin',(60.6,40.152623367042,32.480874242002));
#15926=CARTESIAN_POINT('',(63.575,42.2578560647822,33.0449696432411));
#15927=CARTESIAN_POINT('',(62.946875,41.907564862592,32.9511093984985));
#15928=CARTESIAN_POINT('',(63.975,42.2578560647822,33.0449696432411));
#15929=CARTESIAN_POINT('Origin',(63.775,41.923249543287,32.9553120960243));
#15930=CARTESIAN_POINT('',(67.15,40.4872298885371,32.5705317892188));
#15931=CARTESIAN_POINT('',(66.521875,40.8375210907273,32.6643920339614));
#15932=CARTESIAN_POINT('',(67.35,40.152623367042,32.480874242002));
#15933=CARTESIAN_POINT('Origin',(66.95,40.152623367042,32.480874242002));
#15934=CARTESIAN_POINT('',(67.35,36.611371014552,31.5319985339575));
#15935=CARTESIAN_POINT('',(67.35,39.2673102789195,32.2436553149909));
#15936=CARTESIAN_POINT('',(67.15,36.2767644930568,31.4423409867407));
#15937=CARTESIAN_POINT('Origin',(66.95,36.611371014552,31.5319985339575));
#15938=CARTESIAN_POINT('',(63.975,34.5061383168118,30.9679031327184));
#15939=CARTESIAN_POINT('',(68.109375,36.8117863789892,31.5856996690092));
#15940=CARTESIAN_POINT('',(63.575,34.5061383168118,30.9679031327184));
#15941=CARTESIAN_POINT('Origin',(63.775,34.8407448383069,31.0575606799352));
#15942=CARTESIAN_POINT('',(60.4,36.2767644930568,31.4423409867407));
#15943=CARTESIAN_POINT('',(64.534375,33.9711164308795,30.8245444504499));
#15944=CARTESIAN_POINT('',(60.2,36.611371014552,31.5319985339575));
#15945=CARTESIAN_POINT('Origin',(60.6,36.611371014552,31.5319985339575));
#15946=CARTESIAN_POINT('',(60.2,37.4966841026745,31.7692174609686));
#15947=CARTESIAN_POINT('',(51.05,40.4872298885371,32.5705317892188));
#15948=CARTESIAN_POINT('',(50.85,40.152623367042,32.480874242002));
#15949=CARTESIAN_POINT('Origin',(51.25,40.152623367042,32.480874242002));
#15950=CARTESIAN_POINT('',(54.225,42.2578560647822,33.0449696432411));
#15951=CARTESIAN_POINT('',(53.596875,41.907564862592,32.9511093984985));
#15952=CARTESIAN_POINT('',(54.625,42.2578560647822,33.0449696432411));
#15953=CARTESIAN_POINT('Origin',(54.425,41.923249543287,32.9553120960243));
#15954=CARTESIAN_POINT('',(57.8,40.4872298885371,32.5705317892188));
#15955=CARTESIAN_POINT('',(57.171875,40.8375210907273,32.6643920339614));
#15956=CARTESIAN_POINT('',(58.,40.152623367042,32.480874242002));
#15957=CARTESIAN_POINT('Origin',(57.6,40.152623367042,32.480874242002));
#15958=CARTESIAN_POINT('',(58.,36.611371014552,31.5319985339575));
#15959=CARTESIAN_POINT('',(58.,39.2673102789195,32.2436553149909));
#15960=CARTESIAN_POINT('',(57.8,36.2767644930568,31.4423409867407));
#15961=CARTESIAN_POINT('Origin',(57.6,36.611371014552,31.5319985339575));
#15962=CARTESIAN_POINT('',(54.625,34.5061383168118,30.9679031327184));
#15963=CARTESIAN_POINT('',(58.759375,36.8117863789892,31.5856996690092));
#15964=CARTESIAN_POINT('',(54.225,34.5061383168118,30.9679031327184));
#15965=CARTESIAN_POINT('Origin',(54.425,34.8407448383069,31.0575606799352));
#15966=CARTESIAN_POINT('',(51.05,36.2767644930568,31.4423409867407));
#15967=CARTESIAN_POINT('',(55.184375,33.9711164308795,30.8245444504499));
#15968=CARTESIAN_POINT('',(50.85,36.611371014552,31.5319985339575));
#15969=CARTESIAN_POINT('Origin',(51.25,36.611371014552,31.5319985339575));
#15970=CARTESIAN_POINT('',(50.85,37.4966841026745,31.7692174609686));
#15971=CARTESIAN_POINT('',(32.35,40.4872298885371,32.5705317892188));
#15972=CARTESIAN_POINT('',(32.15,40.152623367042,32.480874242002));
#15973=CARTESIAN_POINT('Origin',(32.55,40.152623367042,32.480874242002));
#15974=CARTESIAN_POINT('',(35.525,42.2578560647822,33.0449696432411));
#15975=CARTESIAN_POINT('',(34.896875,41.907564862592,32.9511093984985));
#15976=CARTESIAN_POINT('',(35.925,42.2578560647822,33.0449696432411));
#15977=CARTESIAN_POINT('Origin',(35.725,41.923249543287,32.9553120960243));
#15978=CARTESIAN_POINT('',(39.1,40.4872298885371,32.5705317892188));
#15979=CARTESIAN_POINT('',(38.471875,40.8375210907273,32.6643920339614));
#15980=CARTESIAN_POINT('',(39.3,40.152623367042,32.480874242002));
#15981=CARTESIAN_POINT('Origin',(38.9,40.152623367042,32.480874242002));
#15982=CARTESIAN_POINT('',(39.3,36.611371014552,31.5319985339575));
#15983=CARTESIAN_POINT('',(39.3,39.2673102789195,32.2436553149909));
#15984=CARTESIAN_POINT('',(39.1,36.2767644930568,31.4423409867407));
#15985=CARTESIAN_POINT('Origin',(38.9,36.611371014552,31.5319985339575));
#15986=CARTESIAN_POINT('',(35.925,34.5061383168118,30.9679031327184));
#15987=CARTESIAN_POINT('',(40.059375,36.8117863789892,31.5856996690092));
#15988=CARTESIAN_POINT('',(35.525,34.5061383168118,30.9679031327184));
#15989=CARTESIAN_POINT('Origin',(35.725,34.8407448383069,31.0575606799352));
#15990=CARTESIAN_POINT('',(32.35,36.2767644930568,31.4423409867407));
#15991=CARTESIAN_POINT('',(36.484375,33.9711164308795,30.8245444504499));
#15992=CARTESIAN_POINT('',(32.15,36.611371014552,31.5319985339575));
#15993=CARTESIAN_POINT('Origin',(32.55,36.611371014552,31.5319985339575));
#15994=CARTESIAN_POINT('',(32.15,37.4966841026745,31.7692174609686));
#15995=CARTESIAN_POINT('',(23.,40.4872298885371,32.5705317892188));
#15996=CARTESIAN_POINT('',(22.8,40.152623367042,32.480874242002));
#15997=CARTESIAN_POINT('Origin',(23.2,40.152623367042,32.480874242002));
#15998=CARTESIAN_POINT('',(26.175,42.2578560647822,33.0449696432411));
#15999=CARTESIAN_POINT('',(25.546875,41.907564862592,32.9511093984985));
#16000=CARTESIAN_POINT('',(26.575,42.2578560647822,33.0449696432411));
#16001=CARTESIAN_POINT('Origin',(26.375,41.923249543287,32.9553120960243));
#16002=CARTESIAN_POINT('',(29.75,40.4872298885371,32.5705317892188));
#16003=CARTESIAN_POINT('',(29.121875,40.8375210907273,32.6643920339614));
#16004=CARTESIAN_POINT('',(29.95,40.152623367042,32.480874242002));
#16005=CARTESIAN_POINT('Origin',(29.55,40.152623367042,32.480874242002));
#16006=CARTESIAN_POINT('',(29.95,36.611371014552,31.5319985339575));
#16007=CARTESIAN_POINT('',(29.95,39.2673102789195,32.2436553149909));
#16008=CARTESIAN_POINT('',(29.75,36.2767644930568,31.4423409867407));
#16009=CARTESIAN_POINT('Origin',(29.55,36.611371014552,31.5319985339575));
#16010=CARTESIAN_POINT('',(26.575,34.5061383168118,30.9679031327184));
#16011=CARTESIAN_POINT('',(30.709375,36.8117863789892,31.5856996690092));
#16012=CARTESIAN_POINT('',(26.175,34.5061383168118,30.9679031327184));
#16013=CARTESIAN_POINT('Origin',(26.375,34.8407448383069,31.0575606799352));
#16014=CARTESIAN_POINT('',(23.,36.2767644930568,31.4423409867407));
#16015=CARTESIAN_POINT('',(27.134375,33.9711164308795,30.8245444504499));
#16016=CARTESIAN_POINT('',(22.8,36.611371014552,31.5319985339575));
#16017=CARTESIAN_POINT('Origin',(23.2,36.611371014552,31.5319985339575));
#16018=CARTESIAN_POINT('',(22.8,37.4966841026745,31.7692174609686));
#16019=CARTESIAN_POINT('',(13.65,40.4872298885371,32.5705317892188));
#16020=CARTESIAN_POINT('',(13.45,40.152623367042,32.480874242002));
#16021=CARTESIAN_POINT('Origin',(13.85,40.152623367042,32.480874242002));
#16022=CARTESIAN_POINT('',(16.825,42.2578560647822,33.0449696432411));
#16023=CARTESIAN_POINT('',(16.196875,41.907564862592,32.9511093984985));
#16024=CARTESIAN_POINT('',(17.225,42.2578560647822,33.0449696432411));
#16025=CARTESIAN_POINT('Origin',(17.025,41.923249543287,32.9553120960243));
#16026=CARTESIAN_POINT('',(20.4,40.4872298885371,32.5705317892188));
#16027=CARTESIAN_POINT('',(19.771875,40.8375210907273,32.6643920339614));
#16028=CARTESIAN_POINT('',(20.6,40.152623367042,32.480874242002));
#16029=CARTESIAN_POINT('Origin',(20.2,40.152623367042,32.480874242002));
#16030=CARTESIAN_POINT('',(20.6,36.611371014552,31.5319985339575));
#16031=CARTESIAN_POINT('',(20.6,39.2673102789195,32.2436553149909));
#16032=CARTESIAN_POINT('',(20.4,36.2767644930568,31.4423409867407));
#16033=CARTESIAN_POINT('Origin',(20.2,36.611371014552,31.5319985339575));
#16034=CARTESIAN_POINT('',(17.225,34.5061383168118,30.9679031327184));
#16035=CARTESIAN_POINT('',(21.359375,36.8117863789891,31.5856996690092));
#16036=CARTESIAN_POINT('',(16.825,34.5061383168118,30.9679031327184));
#16037=CARTESIAN_POINT('Origin',(17.025,34.8407448383069,31.0575606799352));
#16038=CARTESIAN_POINT('',(13.65,36.2767644930568,31.4423409867407));
#16039=CARTESIAN_POINT('',(17.784375,33.9711164308795,30.8245444504499));
#16040=CARTESIAN_POINT('',(13.45,36.6113710145519,31.5319985339575));
#16041=CARTESIAN_POINT('Origin',(13.85,36.6113710145519,31.5319985339575));
#16042=CARTESIAN_POINT('',(13.45,37.4966841026745,31.7692174609686));
#16043=CARTESIAN_POINT('',(4.3,40.4872298885371,32.5705317892188));
#16044=CARTESIAN_POINT('',(4.1,40.152623367042,32.480874242002));
#16045=CARTESIAN_POINT('Origin',(4.49999999999999,40.152623367042,32.480874242002));
#16046=CARTESIAN_POINT('',(7.47499999999999,42.2578560647822,33.0449696432411));
#16047=CARTESIAN_POINT('',(6.846875,41.907564862592,32.9511093984985));
#16048=CARTESIAN_POINT('',(7.87499999999999,42.2578560647822,33.0449696432411));
#16049=CARTESIAN_POINT('Origin',(7.67499999999998,41.923249543287,32.9553120960243));
#16050=CARTESIAN_POINT('',(11.05,40.4872298885371,32.5705317892188));
#16051=CARTESIAN_POINT('',(10.421875,40.8375210907273,32.6643920339614));
#16052=CARTESIAN_POINT('',(11.25,40.152623367042,32.480874242002));
#16053=CARTESIAN_POINT('Origin',(10.85,40.152623367042,32.480874242002));
#16054=CARTESIAN_POINT('',(11.25,36.611371014552,31.5319985339575));
#16055=CARTESIAN_POINT('',(11.25,39.2673102789195,32.2436553149909));
#16056=CARTESIAN_POINT('',(11.05,36.2767644930568,31.4423409867407));
#16057=CARTESIAN_POINT('Origin',(10.85,36.611371014552,31.5319985339575));
#16058=CARTESIAN_POINT('',(7.87499999999998,34.5061383168118,30.9679031327184));
#16059=CARTESIAN_POINT('',(12.009375,36.8117863789891,31.5856996690092));
#16060=CARTESIAN_POINT('',(7.47499999999999,34.5061383168118,30.9679031327184));
#16061=CARTESIAN_POINT('Origin',(7.67499999999998,34.8407448383069,31.0575606799352));
#16062=CARTESIAN_POINT('',(4.3,36.2767644930568,31.4423409867407));
#16063=CARTESIAN_POINT('',(8.43437499999999,33.9711164308795,30.8245444504499));
#16064=CARTESIAN_POINT('',(4.1,36.6113710145519,31.5319985339575));
#16065=CARTESIAN_POINT('Origin',(4.49999999999999,36.6113710145519,31.5319985339575));
#16066=CARTESIAN_POINT('',(4.1,37.4966841026745,31.7692174609686));
#16067=CARTESIAN_POINT('',(45.275,42.2578560647822,33.0449696432411));
#16068=CARTESIAN_POINT('',(48.45,40.4872298885371,32.5705317892188));
#16069=CARTESIAN_POINT('',(47.821875,40.8375210907273,32.6643920339614));
#16070=CARTESIAN_POINT('',(48.65,40.152623367042,32.480874242002));
#16071=CARTESIAN_POINT('Origin',(48.25,40.152623367042,32.480874242002));
#16072=CARTESIAN_POINT('',(48.65,36.611371014552,31.5319985339575));
#16073=CARTESIAN_POINT('',(48.65,39.2673102789195,32.2436553149909));
#16074=CARTESIAN_POINT('',(48.45,36.2767644930568,31.4423409867407));
#16075=CARTESIAN_POINT('Origin',(48.25,36.611371014552,31.5319985339575));
#16076=CARTESIAN_POINT('',(45.275,34.5061383168118,30.9679031327184));
#16077=CARTESIAN_POINT('',(49.409375,36.8117863789892,31.5856996690092));
#16078=CARTESIAN_POINT('',(44.875,34.5061383168118,30.9679031327184));
#16079=CARTESIAN_POINT('Origin',(45.075,34.8407448383069,31.0575606799352));
#16080=CARTESIAN_POINT('',(41.7,36.2767644930568,31.4423409867407));
#16081=CARTESIAN_POINT('',(45.834375,33.9711164308795,30.8245444504499));
#16082=CARTESIAN_POINT('',(41.5,36.611371014552,31.5319985339575));
#16083=CARTESIAN_POINT('Origin',(41.9,36.611371014552,31.5319985339575));
#16084=CARTESIAN_POINT('',(41.5,40.152623367042,32.480874242002));
#16085=CARTESIAN_POINT('',(41.5,37.4966841026745,31.7692174609686));
#16086=CARTESIAN_POINT('',(41.7,40.4872298885371,32.5705317892188));
#16087=CARTESIAN_POINT('Origin',(41.9,40.152623367042,32.480874242002));
#16088=CARTESIAN_POINT('',(44.875,42.2578560647822,33.0449696432411));
#16089=CARTESIAN_POINT('',(44.246875,41.907564862592,32.9511093984985));
#16090=CARTESIAN_POINT('Origin',(45.075,41.923249543287,32.9553120960243));
#16091=CARTESIAN_POINT('Origin',(95.75,40.997221848584,11.9851724862477));
#16092=CARTESIAN_POINT('',(95.75,33.0162476589975,27.2816862613444));
#16093=CARTESIAN_POINT('',(95.75,37.375,11.0146010671132));
#16094=CARTESIAN_POINT('',(99.5,36.6384695075815,28.2522576804789));
#16095=CARTESIAN_POINT('Origin',(95.75,36.6384695075815,28.2522576804788));
#16096=CARTESIAN_POINT('',(99.5,40.997221848584,11.9851724862477));
#16097=CARTESIAN_POINT('Origin',(99.5,0.,0.));
#16098=CARTESIAN_POINT('',(99.5,24.2634695075815,24.9363864241437));
#16099=CARTESIAN_POINT('',(99.5,-0.358752341002515,18.3388819639557));
#16100=CARTESIAN_POINT('',(99.5,25.085219975782,21.8695719256759));
#16101=CARTESIAN_POINT('',(99.5,28.622221848584,8.66930122991252));
#16102=CARTESIAN_POINT('',(99.5,12.710219975782,18.5537006693408));
#16103=CARTESIAN_POINT('',(99.5,0.462998127197982,15.2720674654879));
#16104=CARTESIAN_POINT('',(99.5,13.5319704439825,15.486886170873));
#16105=CARTESIAN_POINT('',(99.5,16.247221848584,5.35342997357738));
#16106=CARTESIAN_POINT('',(99.5,1.28474859539849,12.2052529670201));
#16107=CARTESIAN_POINT('',(99.5,11.6591474114464,14.9850647517385));
#16108=CARTESIAN_POINT('',(99.5,3.75,3.00480947161671));
#16109=CARTESIAN_POINT('',(99.5,3.75,3.00480947161671));
#16110=CARTESIAN_POINT('',(99.5,3.75,-0.249999999999972));
#16111=CARTESIAN_POINT('',(99.5,3.75,0.));
#16112=CARTESIAN_POINT('',(99.5,45.75,-0.250000000000012));
#16113=CARTESIAN_POINT('',(99.5,41.5,-0.250000000000012));
#16114=CARTESIAN_POINT('',(99.5,45.75,14.2586755537239));
#16115=CARTESIAN_POINT('',(99.5,45.75,0.));
#16116=CARTESIAN_POINT('',(99.5,45.75,14.2586755537239));
#16117=CARTESIAN_POINT('Origin',(95.75,28.622221848584,8.66930122991252));
#16118=CARTESIAN_POINT('Origin',(95.75,24.2634695075815,24.9363864241437));
#16119=CARTESIAN_POINT('Origin',(95.75,25.085219975782,21.8695719256759));
#16120=CARTESIAN_POINT('Origin',(95.75,16.247221848584,5.35342997357738));
#16121=CARTESIAN_POINT('',(95.75,9.08799812719801,17.5831292502063));
#16122=CARTESIAN_POINT('Origin',(95.75,12.710219975782,18.5537006693408));
#16123=CARTESIAN_POINT('',(95.75,9.90974859539851,14.5163147517385));
#16124=CARTESIAN_POINT('',(95.75,12.625,4.38285855444293));
#16125=CARTESIAN_POINT('Origin',(95.75,13.5319704439825,15.486886170873));
#16126=CARTESIAN_POINT('Origin',(2.39785493678978E-15,12.375,5.31587125633514));
#16127=CARTESIAN_POINT('',(3.75,9.08799812719798,17.5831292502063));
#16128=CARTESIAN_POINT('',(2.29157479297516E-15,9.08799812719798,17.5831292502063));
#16129=CARTESIAN_POINT('',(3.75,9.90974859539848,14.5163147517385));
#16130=CARTESIAN_POINT('',(3.75,14.2829356281676,-1.80464144555708));
#16131=CARTESIAN_POINT('',(24.875,9.90974859539849,14.5163147517385));
#16132=CARTESIAN_POINT('Origin',(49.75,15.275498127198,19.2410648783739));
#16133=CARTESIAN_POINT('Origin',(3.75,12.710219975782,18.5537006693408));
#16134=CARTESIAN_POINT('',(88.4499999999999,17.3807308249382,19.805160279613));
#16135=CARTESIAN_POINT('',(88.2499999999999,17.0461243034431,19.7155027323961));
#16136=CARTESIAN_POINT('Origin',(88.6499999999999,17.0461243034431,19.7155027323961));
#16137=CARTESIAN_POINT('',(91.6249999999999,19.1513570011832,20.2795981336352));
#16138=CARTESIAN_POINT('',(90.9968749999999,18.801065798993,20.1857378888926));
#16139=CARTESIAN_POINT('',(92.0249999999999,19.1513570011832,20.2795981336352));
#16140=CARTESIAN_POINT('Origin',(91.8249999999999,18.8167504796881,20.1899405864184));
#16141=CARTESIAN_POINT('',(95.2,17.3807308249382,19.805160279613));
#16142=CARTESIAN_POINT('',(94.571875,17.7310220271284,19.8990205243555));
#16143=CARTESIAN_POINT('',(95.4,17.0461243034431,19.7155027323961));
#16144=CARTESIAN_POINT('Origin',(95.,17.0461243034431,19.7155027323961));
#16145=CARTESIAN_POINT('',(95.4,13.5048719509529,18.7666270243516));
#16146=CARTESIAN_POINT('',(95.4,16.1608112153205,19.478283805385));
#16147=CARTESIAN_POINT('',(95.2,13.1702654294578,18.6769694771348));
#16148=CARTESIAN_POINT('Origin',(95.,13.5048719509529,18.7666270243516));
#16149=CARTESIAN_POINT('',(92.0249999999999,11.3996392532128,18.2025316231125));
#16150=CARTESIAN_POINT('',(96.159375,13.7052873153901,18.8203281594033));
#16151=CARTESIAN_POINT('',(91.6249999999999,11.3996392532128,18.2025316231125));
#16152=CARTESIAN_POINT('Origin',(91.8249999999999,11.7342457747079,18.2921891703293));
#16153=CARTESIAN_POINT('',(88.4499999999999,13.1702654294578,18.6769694771348));
#16154=CARTESIAN_POINT('',(92.584375,10.8646173672804,18.059172940844));
#16155=CARTESIAN_POINT('',(88.2499999999999,13.5048719509529,18.7666270243516));
#16156=CARTESIAN_POINT('Origin',(88.6499999999999,13.5048719509529,18.7666270243516));
#16157=CARTESIAN_POINT('',(88.2499999999999,14.3901850390755,19.0038459513627));
#16158=CARTESIAN_POINT('',(79.0999999999999,17.3807308249382,19.805160279613));
#16159=CARTESIAN_POINT('',(78.8999999999999,17.0461243034431,19.7155027323961));
#16160=CARTESIAN_POINT('Origin',(79.2999999999999,17.0461243034431,19.7155027323961));
#16161=CARTESIAN_POINT('',(82.2749999999999,19.1513570011832,20.2795981336352));
#16162=CARTESIAN_POINT('',(81.6468749999999,18.801065798993,20.1857378888926));
#16163=CARTESIAN_POINT('',(82.675,19.1513570011832,20.2795981336352));
#16164=CARTESIAN_POINT('Origin',(82.4749999999999,18.8167504796881,20.1899405864184));
#16165=CARTESIAN_POINT('',(85.85,17.3807308249382,19.805160279613));
#16166=CARTESIAN_POINT('',(85.221875,17.7310220271284,19.8990205243555));
#16167=CARTESIAN_POINT('',(86.05,17.0461243034431,19.7155027323961));
#16168=CARTESIAN_POINT('Origin',(85.65,17.0461243034431,19.7155027323961));
#16169=CARTESIAN_POINT('',(86.05,13.5048719509529,18.7666270243516));
#16170=CARTESIAN_POINT('',(86.05,16.1608112153205,19.478283805385));
#16171=CARTESIAN_POINT('',(85.85,13.1702654294578,18.6769694771348));
#16172=CARTESIAN_POINT('Origin',(85.65,13.5048719509529,18.7666270243516));
#16173=CARTESIAN_POINT('',(82.6749999999999,11.3996392532128,18.2025316231125));
#16174=CARTESIAN_POINT('',(86.809375,13.7052873153901,18.8203281594033));
#16175=CARTESIAN_POINT('',(82.2749999999999,11.3996392532128,18.2025316231125));
#16176=CARTESIAN_POINT('Origin',(82.4749999999999,11.7342457747079,18.2921891703293));
#16177=CARTESIAN_POINT('',(79.0999999999999,13.1702654294578,18.6769694771348));
#16178=CARTESIAN_POINT('',(83.234375,10.8646173672804,18.059172940844));
#16179=CARTESIAN_POINT('',(78.8999999999999,13.5048719509529,18.7666270243516));
#16180=CARTESIAN_POINT('Origin',(79.2999999999999,13.5048719509529,18.7666270243516));
#16181=CARTESIAN_POINT('',(78.8999999999999,14.3901850390755,19.0038459513627));
#16182=CARTESIAN_POINT('',(69.7499999999999,17.3807308249382,19.805160279613));
#16183=CARTESIAN_POINT('',(69.5499999999999,17.0461243034431,19.7155027323961));
#16184=CARTESIAN_POINT('Origin',(69.9499999999999,17.0461243034431,19.7155027323961));
#16185=CARTESIAN_POINT('',(72.9249999999999,19.1513570011832,20.2795981336352));
#16186=CARTESIAN_POINT('',(72.2968749999999,18.801065798993,20.1857378888926));
#16187=CARTESIAN_POINT('',(73.3249999999999,19.1513570011832,20.2795981336352));
#16188=CARTESIAN_POINT('Origin',(73.1249999999999,18.8167504796881,20.1899405864184));
#16189=CARTESIAN_POINT('',(76.5,17.3807308249382,19.805160279613));
#16190=CARTESIAN_POINT('',(75.871875,17.7310220271284,19.8990205243555));
#16191=CARTESIAN_POINT('',(76.7,17.0461243034431,19.7155027323961));
#16192=CARTESIAN_POINT('Origin',(76.3,17.0461243034431,19.7155027323961));
#16193=CARTESIAN_POINT('',(76.7,13.5048719509529,18.7666270243516));
#16194=CARTESIAN_POINT('',(76.7,16.1608112153205,19.478283805385));
#16195=CARTESIAN_POINT('',(76.5,13.1702654294578,18.6769694771348));
#16196=CARTESIAN_POINT('Origin',(76.3,13.5048719509529,18.7666270243516));
#16197=CARTESIAN_POINT('',(73.3249999999999,11.3996392532128,18.2025316231125));
#16198=CARTESIAN_POINT('',(77.459375,13.7052873153901,18.8203281594033));
#16199=CARTESIAN_POINT('',(72.9249999999999,11.3996392532128,18.2025316231125));
#16200=CARTESIAN_POINT('Origin',(73.1249999999999,11.7342457747079,18.2921891703293));
#16201=CARTESIAN_POINT('',(69.7499999999999,13.1702654294578,18.6769694771348));
#16202=CARTESIAN_POINT('',(73.8843749999999,10.8646173672804,18.059172940844));
#16203=CARTESIAN_POINT('',(69.5499999999999,13.5048719509529,18.7666270243516));
#16204=CARTESIAN_POINT('Origin',(69.9499999999999,13.5048719509529,18.7666270243516));
#16205=CARTESIAN_POINT('',(69.5499999999999,14.3901850390755,19.0038459513627));
#16206=CARTESIAN_POINT('',(60.3999999999999,17.3807308249382,19.805160279613));
#16207=CARTESIAN_POINT('',(60.1999999999999,17.0461243034431,19.7155027323961));
#16208=CARTESIAN_POINT('Origin',(60.5999999999999,17.0461243034431,19.7155027323961));
#16209=CARTESIAN_POINT('',(63.5749999999999,19.1513570011832,20.2795981336352));
#16210=CARTESIAN_POINT('',(62.9468749999999,18.801065798993,20.1857378888926));
#16211=CARTESIAN_POINT('',(63.9749999999999,19.1513570011832,20.2795981336352));
#16212=CARTESIAN_POINT('Origin',(63.7749999999999,18.8167504796881,20.1899405864184));
#16213=CARTESIAN_POINT('',(67.15,17.3807308249382,19.805160279613));
#16214=CARTESIAN_POINT('',(66.521875,17.7310220271284,19.8990205243555));
#16215=CARTESIAN_POINT('',(67.35,17.0461243034431,19.7155027323961));
#16216=CARTESIAN_POINT('Origin',(66.95,17.0461243034431,19.7155027323961));
#16217=CARTESIAN_POINT('',(67.35,13.5048719509529,18.7666270243516));
#16218=CARTESIAN_POINT('',(67.35,16.1608112153205,19.478283805385));
#16219=CARTESIAN_POINT('',(67.15,13.1702654294578,18.6769694771348));
#16220=CARTESIAN_POINT('Origin',(66.95,13.5048719509529,18.7666270243516));
#16221=CARTESIAN_POINT('',(63.9749999999999,11.3996392532128,18.2025316231125));
#16222=CARTESIAN_POINT('',(68.109375,13.7052873153901,18.8203281594033));
#16223=CARTESIAN_POINT('',(63.5749999999999,11.3996392532128,18.2025316231125));
#16224=CARTESIAN_POINT('Origin',(63.7749999999999,11.7342457747079,18.2921891703293));
#16225=CARTESIAN_POINT('',(60.3999999999999,13.1702654294578,18.6769694771348));
#16226=CARTESIAN_POINT('',(64.534375,10.8646173672804,18.059172940844));
#16227=CARTESIAN_POINT('',(60.1999999999999,13.5048719509529,18.7666270243516));
#16228=CARTESIAN_POINT('Origin',(60.5999999999999,13.5048719509529,18.7666270243516));
#16229=CARTESIAN_POINT('',(60.1999999999999,14.3901850390755,19.0038459513627));
#16230=CARTESIAN_POINT('',(51.0499999999999,17.3807308249382,19.805160279613));
#16231=CARTESIAN_POINT('',(50.8499999999999,17.0461243034431,19.7155027323961));
#16232=CARTESIAN_POINT('Origin',(51.2499999999999,17.0461243034431,19.7155027323961));
#16233=CARTESIAN_POINT('',(54.2249999999999,19.1513570011832,20.2795981336352));
#16234=CARTESIAN_POINT('',(53.5968749999999,18.801065798993,20.1857378888926));
#16235=CARTESIAN_POINT('',(54.6249999999999,19.1513570011832,20.2795981336352));
#16236=CARTESIAN_POINT('Origin',(54.4249999999999,18.8167504796881,20.1899405864184));
#16237=CARTESIAN_POINT('',(57.8,17.3807308249382,19.805160279613));
#16238=CARTESIAN_POINT('',(57.171875,17.7310220271284,19.8990205243555));
#16239=CARTESIAN_POINT('',(58.,17.0461243034431,19.7155027323961));
#16240=CARTESIAN_POINT('Origin',(57.6,17.0461243034431,19.7155027323961));
#16241=CARTESIAN_POINT('',(58.,13.5048719509529,18.7666270243516));
#16242=CARTESIAN_POINT('',(58.,16.1608112153205,19.478283805385));
#16243=CARTESIAN_POINT('',(57.8,13.1702654294578,18.6769694771348));
#16244=CARTESIAN_POINT('Origin',(57.6,13.5048719509529,18.7666270243516));
#16245=CARTESIAN_POINT('',(54.6249999999999,11.3996392532128,18.2025316231125));
#16246=CARTESIAN_POINT('',(58.759375,13.7052873153901,18.8203281594033));
#16247=CARTESIAN_POINT('',(54.2249999999999,11.3996392532128,18.2025316231125));
#16248=CARTESIAN_POINT('Origin',(54.4249999999999,11.7342457747079,18.2921891703293));
#16249=CARTESIAN_POINT('',(51.0499999999999,13.1702654294578,18.6769694771348));
#16250=CARTESIAN_POINT('',(55.184375,10.8646173672804,18.059172940844));
#16251=CARTESIAN_POINT('',(50.8499999999999,13.5048719509529,18.7666270243516));
#16252=CARTESIAN_POINT('Origin',(51.2499999999999,13.5048719509529,18.7666270243516));
#16253=CARTESIAN_POINT('',(50.8499999999999,14.3901850390755,19.0038459513627));
#16254=CARTESIAN_POINT('',(32.3499999999999,17.3807308249382,19.805160279613));
#16255=CARTESIAN_POINT('',(32.1499999999999,17.046124303443,19.7155027323961));
#16256=CARTESIAN_POINT('Origin',(32.5499999999999,17.046124303443,19.7155027323961));
#16257=CARTESIAN_POINT('',(35.5249999999999,19.1513570011832,20.2795981336352));
#16258=CARTESIAN_POINT('',(34.8968749999999,18.801065798993,20.1857378888926));
#16259=CARTESIAN_POINT('',(35.9249999999999,19.1513570011832,20.2795981336352));
#16260=CARTESIAN_POINT('Origin',(35.7249999999999,18.8167504796881,20.1899405864184));
#16261=CARTESIAN_POINT('',(39.1,17.3807308249382,19.805160279613));
#16262=CARTESIAN_POINT('',(38.471875,17.7310220271284,19.8990205243555));
#16263=CARTESIAN_POINT('',(39.3,17.0461243034431,19.7155027323961));
#16264=CARTESIAN_POINT('Origin',(38.9,17.0461243034431,19.7155027323961));
#16265=CARTESIAN_POINT('',(39.3,13.5048719509529,18.7666270243516));
#16266=CARTESIAN_POINT('',(39.3,16.1608112153205,19.478283805385));
#16267=CARTESIAN_POINT('',(39.1,13.1702654294578,18.6769694771348));
#16268=CARTESIAN_POINT('Origin',(38.9,13.5048719509529,18.7666270243516));
#16269=CARTESIAN_POINT('',(35.9249999999999,11.3996392532127,18.2025316231125));
#16270=CARTESIAN_POINT('',(40.059375,13.7052873153901,18.8203281594033));
#16271=CARTESIAN_POINT('',(35.5249999999999,11.3996392532128,18.2025316231125));
#16272=CARTESIAN_POINT('Origin',(35.7249999999999,11.7342457747079,18.2921891703293));
#16273=CARTESIAN_POINT('',(32.3499999999999,13.1702654294578,18.6769694771348));
#16274=CARTESIAN_POINT('',(36.484375,10.8646173672804,18.059172940844));
#16275=CARTESIAN_POINT('',(32.1499999999999,13.5048719509529,18.7666270243516));
#16276=CARTESIAN_POINT('Origin',(32.5499999999999,13.5048719509529,18.7666270243516));
#16277=CARTESIAN_POINT('',(32.1499999999999,14.3901850390755,19.0038459513627));
#16278=CARTESIAN_POINT('',(22.9999999999999,17.3807308249382,19.805160279613));
#16279=CARTESIAN_POINT('',(22.7999999999999,17.046124303443,19.7155027323961));
#16280=CARTESIAN_POINT('Origin',(23.1999999999999,17.046124303443,19.7155027323961));
#16281=CARTESIAN_POINT('',(26.1749999999999,19.1513570011832,20.2795981336352));
#16282=CARTESIAN_POINT('',(25.5468749999999,18.801065798993,20.1857378888926));
#16283=CARTESIAN_POINT('',(26.5749999999999,19.1513570011832,20.2795981336352));
#16284=CARTESIAN_POINT('Origin',(26.3749999999999,18.8167504796881,20.1899405864184));
#16285=CARTESIAN_POINT('',(29.75,17.3807308249382,19.805160279613));
#16286=CARTESIAN_POINT('',(29.121875,17.7310220271284,19.8990205243555));
#16287=CARTESIAN_POINT('',(29.95,17.0461243034431,19.7155027323961));
#16288=CARTESIAN_POINT('Origin',(29.55,17.0461243034431,19.7155027323961));
#16289=CARTESIAN_POINT('',(29.95,13.5048719509529,18.7666270243516));
#16290=CARTESIAN_POINT('',(29.95,16.1608112153205,19.478283805385));
#16291=CARTESIAN_POINT('',(29.75,13.1702654294578,18.6769694771348));
#16292=CARTESIAN_POINT('Origin',(29.55,13.5048719509529,18.7666270243516));
#16293=CARTESIAN_POINT('',(26.5749999999999,11.3996392532127,18.2025316231125));
#16294=CARTESIAN_POINT('',(30.709375,13.7052873153901,18.8203281594033));
#16295=CARTESIAN_POINT('',(26.1749999999999,11.3996392532128,18.2025316231125));
#16296=CARTESIAN_POINT('Origin',(26.3749999999999,11.7342457747079,18.2921891703293));
#16297=CARTESIAN_POINT('',(22.9999999999999,13.1702654294578,18.6769694771348));
#16298=CARTESIAN_POINT('',(27.1343749999999,10.8646173672804,18.059172940844));
#16299=CARTESIAN_POINT('',(22.7999999999999,13.5048719509529,18.7666270243516));
#16300=CARTESIAN_POINT('Origin',(23.1999999999999,13.5048719509529,18.7666270243516));
#16301=CARTESIAN_POINT('',(22.7999999999999,14.3901850390755,19.0038459513627));
#16302=CARTESIAN_POINT('',(13.6499999999999,17.3807308249382,19.805160279613));
#16303=CARTESIAN_POINT('',(13.4499999999999,17.046124303443,19.7155027323961));
#16304=CARTESIAN_POINT('Origin',(13.8499999999999,17.046124303443,19.7155027323961));
#16305=CARTESIAN_POINT('',(16.8249999999999,19.1513570011832,20.2795981336352));
#16306=CARTESIAN_POINT('',(16.1968749999999,18.801065798993,20.1857378888926));
#16307=CARTESIAN_POINT('',(17.2249999999999,19.1513570011832,20.2795981336352));
#16308=CARTESIAN_POINT('Origin',(17.0249999999999,18.8167504796881,20.1899405864184));
#16309=CARTESIAN_POINT('',(20.4,17.3807308249382,19.805160279613));
#16310=CARTESIAN_POINT('',(19.771875,17.7310220271284,19.8990205243555));
#16311=CARTESIAN_POINT('',(20.6,17.0461243034431,19.7155027323961));
#16312=CARTESIAN_POINT('Origin',(20.2,17.0461243034431,19.7155027323961));
#16313=CARTESIAN_POINT('',(20.6,13.5048719509529,18.7666270243516));
#16314=CARTESIAN_POINT('',(20.6,16.1608112153205,19.478283805385));
#16315=CARTESIAN_POINT('',(20.4,13.1702654294578,18.6769694771348));
#16316=CARTESIAN_POINT('Origin',(20.2,13.5048719509529,18.7666270243516));
#16317=CARTESIAN_POINT('',(17.2249999999999,11.3996392532127,18.2025316231125));
#16318=CARTESIAN_POINT('',(21.359375,13.7052873153901,18.8203281594033));
#16319=CARTESIAN_POINT('',(16.8249999999999,11.3996392532128,18.2025316231125));
#16320=CARTESIAN_POINT('Origin',(17.0249999999999,11.7342457747079,18.2921891703293));
#16321=CARTESIAN_POINT('',(13.6499999999999,13.1702654294578,18.6769694771348));
#16322=CARTESIAN_POINT('',(17.784375,10.8646173672804,18.059172940844));
#16323=CARTESIAN_POINT('',(13.4499999999999,13.5048719509529,18.7666270243516));
#16324=CARTESIAN_POINT('Origin',(13.8499999999999,13.5048719509529,18.7666270243516));
#16325=CARTESIAN_POINT('',(13.4499999999999,14.3901850390755,19.0038459513627));
#16326=CARTESIAN_POINT('',(4.29999999999987,17.3807308249382,19.805160279613));
#16327=CARTESIAN_POINT('',(4.09999999999986,17.046124303443,19.7155027323961));
#16328=CARTESIAN_POINT('Origin',(4.49999999999987,17.046124303443,19.7155027323961));
#16329=CARTESIAN_POINT('',(7.47499999999993,19.1513570011832,20.2795981336352));
#16330=CARTESIAN_POINT('',(6.84687499999991,18.801065798993,20.1857378888926));
#16331=CARTESIAN_POINT('',(7.87499999999993,19.1513570011832,20.2795981336352));
#16332=CARTESIAN_POINT('Origin',(7.67499999999993,18.8167504796881,20.1899405864184));
#16333=CARTESIAN_POINT('',(11.05,17.3807308249382,19.805160279613));
#16334=CARTESIAN_POINT('',(10.421875,17.7310220271284,19.8990205243555));
#16335=CARTESIAN_POINT('',(11.25,17.046124303443,19.7155027323961));
#16336=CARTESIAN_POINT('Origin',(10.85,17.046124303443,19.7155027323961));
#16337=CARTESIAN_POINT('',(11.25,13.5048719509529,18.7666270243516));
#16338=CARTESIAN_POINT('',(11.25,16.1608112153205,19.478283805385));
#16339=CARTESIAN_POINT('',(11.05,13.1702654294578,18.6769694771348));
#16340=CARTESIAN_POINT('Origin',(10.85,13.5048719509529,18.7666270243516));
#16341=CARTESIAN_POINT('',(7.87499999999992,11.3996392532127,18.2025316231125));
#16342=CARTESIAN_POINT('',(12.009375,13.7052873153901,18.8203281594033));
#16343=CARTESIAN_POINT('',(7.47499999999993,11.3996392532128,18.2025316231125));
#16344=CARTESIAN_POINT('Origin',(7.67499999999992,11.7342457747079,18.2921891703293));
#16345=CARTESIAN_POINT('',(4.29999999999987,13.1702654294578,18.6769694771348));
#16346=CARTESIAN_POINT('',(8.43437499999995,10.8646173672804,18.059172940844));
#16347=CARTESIAN_POINT('',(4.09999999999986,13.5048719509529,18.7666270243516));
#16348=CARTESIAN_POINT('Origin',(4.49999999999987,13.5048719509529,18.7666270243516));
#16349=CARTESIAN_POINT('',(4.09999999999986,14.3901850390755,19.0038459513627));
#16350=CARTESIAN_POINT('',(45.2749999999999,19.1513570011832,20.2795981336352));
#16351=CARTESIAN_POINT('',(48.45,17.3807308249382,19.805160279613));
#16352=CARTESIAN_POINT('',(47.821875,17.7310220271284,19.8990205243555));
#16353=CARTESIAN_POINT('',(48.65,17.0461243034431,19.7155027323961));
#16354=CARTESIAN_POINT('Origin',(48.25,17.0461243034431,19.7155027323961));
#16355=CARTESIAN_POINT('',(48.65,13.5048719509529,18.7666270243516));
#16356=CARTESIAN_POINT('',(48.65,16.1608112153205,19.478283805385));
#16357=CARTESIAN_POINT('',(48.45,13.1702654294578,18.6769694771348));
#16358=CARTESIAN_POINT('Origin',(48.25,13.5048719509529,18.7666270243516));
#16359=CARTESIAN_POINT('',(45.2749999999999,11.3996392532128,18.2025316231125));
#16360=CARTESIAN_POINT('',(49.409375,13.7052873153901,18.8203281594033));
#16361=CARTESIAN_POINT('',(44.8749999999999,11.3996392532128,18.2025316231125));
#16362=CARTESIAN_POINT('Origin',(45.0749999999999,11.7342457747079,18.2921891703293));
#16363=CARTESIAN_POINT('',(41.6999999999999,13.1702654294578,18.6769694771348));
#16364=CARTESIAN_POINT('',(45.834375,10.8646173672804,18.059172940844));
#16365=CARTESIAN_POINT('',(41.4999999999999,13.5048719509529,18.7666270243516));
#16366=CARTESIAN_POINT('Origin',(41.8999999999999,13.5048719509529,18.7666270243516));
#16367=CARTESIAN_POINT('',(41.4999999999999,17.0461243034431,19.7155027323961));
#16368=CARTESIAN_POINT('',(41.4999999999999,14.3901850390755,19.0038459513627));
#16369=CARTESIAN_POINT('',(41.6999999999999,17.3807308249382,19.805160279613));
#16370=CARTESIAN_POINT('Origin',(41.8999999999999,17.0461243034431,19.7155027323961));
#16371=CARTESIAN_POINT('',(44.8749999999999,19.1513570011832,20.2795981336352));
#16372=CARTESIAN_POINT('',(44.2468749999999,18.801065798993,20.1857378888926));
#16373=CARTESIAN_POINT('Origin',(45.0749999999999,18.8167504796881,20.1899405864184));
#16374=CARTESIAN_POINT('Origin',(3.75,17.9051574767516,-0.834070026422626));
#16375=CARTESIAN_POINT('Origin',(3.75,13.5319704439825,15.486886170873));
#16376=CARTESIAN_POINT('Origin',(41.9,40.152623367042,32.480874242002));
#16377=CARTESIAN_POINT('',(41.7,43.7742317613391,20.3032737953476));
#16378=CARTESIAN_POINT('',(41.5,40.152623367042,32.480874242002));
#16379=CARTESIAN_POINT('Origin',(41.5,36.611371014552,31.5319985339575));
#16380=CARTESIAN_POINT('',(41.5,39.898372887354,19.2647405400863));
#16381=CARTESIAN_POINT('Origin',(41.9,36.611371014552,31.5319985339575));
#16382=CARTESIAN_POINT('',(41.7,39.5637663658588,19.1750829928695));
#16383=CARTESIAN_POINT('Origin',(45.075,34.8407448383069,31.0575606799352));
#16384=CARTESIAN_POINT('',(44.875,37.7931401896138,18.7006451388473));
#16385=CARTESIAN_POINT('',(45.275,34.5061383168118,30.9679031327184));
#16386=CARTESIAN_POINT('Origin',(48.45,36.2767644930568,31.4423409867407));
#16387=CARTESIAN_POINT('',(48.45,39.5637663658588,19.1750829928695));
#16388=CARTESIAN_POINT('Origin',(48.25,36.611371014552,31.5319985339575));
#16389=CARTESIAN_POINT('',(48.65,39.898372887354,19.2647405400863));
#16390=CARTESIAN_POINT('Origin',(48.25,40.152623367042,32.480874242002));
#16391=CARTESIAN_POINT('',(48.65,43.439625239844,20.2136162481308));
#16392=CARTESIAN_POINT('',(48.45,40.4872298885371,32.5705317892188));
#16393=CARTESIAN_POINT('Origin',(45.275,42.2578560647822,33.0449696432411));
#16394=CARTESIAN_POINT('',(45.275,45.5448579375842,20.7777116493699));
#16395=CARTESIAN_POINT('Origin',(45.075,41.923249543287,32.9553120960243));
#16396=CARTESIAN_POINT('',(44.875,42.2578560647822,33.0449696432411));
#16397=CARTESIAN_POINT('Origin',(41.7,40.4872298885371,32.5705317892188));
#16398=CARTESIAN_POINT('Origin',(44.875,34.5061383168118,30.9679031327184));
#16399=CARTESIAN_POINT('Origin',(48.65,40.152623367042,32.480874242002));
#16400=CARTESIAN_POINT('Origin',(41.9,28.5993738352425,26.0981884871991));
#16401=CARTESIAN_POINT('',(41.7,32.2209822295397,13.9205880405447));
#16402=CARTESIAN_POINT('',(41.5,31.8863757080445,13.8309304933279));
#16403=CARTESIAN_POINT('Origin',(41.9,31.8863757080445,13.8309304933279));
#16404=CARTESIAN_POINT('',(41.7,28.9339803567376,26.1878460344159));
#16405=CARTESIAN_POINT('',(41.7,28.9339803567376,26.1878460344159));
#16406=CARTESIAN_POINT('',(41.5,28.5993738352425,26.0981884871991));
#16407=CARTESIAN_POINT('Origin',(41.9,28.5993738352425,26.0981884871991));
#16408=CARTESIAN_POINT('',(41.5,28.5993738352425,26.0981884871991));
#16409=CARTESIAN_POINT('Origin',(45.075,30.1157495317995,13.3564926393057));
#16410=CARTESIAN_POINT('',(41.5,28.3451233555545,12.8820547852834));
#16411=CARTESIAN_POINT('',(41.5,29.230436443677,13.1192737122945));
#16412=CARTESIAN_POINT('',(41.7,28.0105168340593,12.7923972380666));
#16413=CARTESIAN_POINT('Origin',(41.9,28.3451233555545,12.8820547852834));
#16414=CARTESIAN_POINT('',(44.875,26.2398906578143,12.3179593840443));
#16415=CARTESIAN_POINT('',(44.08125,26.6825472018756,12.4365688475499));
#16416=CARTESIAN_POINT('',(45.275,26.2398906578143,12.3179593840443));
#16417=CARTESIAN_POINT('Origin',(45.075,26.5744971793094,12.4076169312611));
#16418=CARTESIAN_POINT('',(48.45,28.0105168340593,12.7923972380666));
#16419=CARTESIAN_POINT('',(47.65625,27.5678602899981,12.673787774561));
#16420=CARTESIAN_POINT('',(48.65,28.3451233555545,12.8820547852834));
#16421=CARTESIAN_POINT('Origin',(48.25,28.3451233555545,12.8820547852834));
#16422=CARTESIAN_POINT('',(48.65,31.8863757080445,13.8309304933279));
#16423=CARTESIAN_POINT('',(48.65,31.001062619922,13.5937115663168));
#16424=CARTESIAN_POINT('',(48.45,32.2209822295397,13.9205880405447));
#16425=CARTESIAN_POINT('Origin',(48.25,31.8863757080445,13.8309304933279));
#16426=CARTESIAN_POINT('',(45.275,33.9916084057847,14.395025894567));
#16427=CARTESIAN_POINT('',(46.06875,33.5489518617234,14.2764164310614));
#16428=CARTESIAN_POINT('',(44.875,33.9916084057847,14.395025894567));
#16429=CARTESIAN_POINT('Origin',(45.075,33.6570018842896,14.3053683473502));
#16430=CARTESIAN_POINT('',(42.49375,32.6636387736009,14.0391975040503));
#16431=CARTESIAN_POINT('Origin',(41.5,25.0581214827525,25.1493127791546));
#16432=CARTESIAN_POINT('',(41.5,25.0581214827525,25.1493127791546));
#16433=CARTESIAN_POINT('',(41.5,25.943434570875,25.3865317061657));
#16434=CARTESIAN_POINT('',(41.5,25.0581214827525,25.1493127791546));
#16435=CARTESIAN_POINT('Origin',(41.9,25.0581214827525,25.1493127791546));
#16436=CARTESIAN_POINT('',(41.7,24.7235149612573,25.0596552319378));
#16437=CARTESIAN_POINT('Origin',(41.9,25.0581214827525,25.1493127791546));
#16438=CARTESIAN_POINT('',(41.7,24.7235149612573,25.0596552319378));
#16439=CARTESIAN_POINT('Origin',(45.075,23.2874953065074,24.6748749251323));
#16440=CARTESIAN_POINT('',(44.875,22.9528887850123,24.5852173779155));
#16441=CARTESIAN_POINT('',(44.875,22.9528887850123,24.5852173779155));
#16442=CARTESIAN_POINT('',(45.275,22.9528887850123,24.5852173779155));
#16443=CARTESIAN_POINT('Origin',(45.075,23.2874953065074,24.6748749251323));
#16444=CARTESIAN_POINT('',(45.275,22.9528887850123,24.5852173779155));
#16445=CARTESIAN_POINT('Origin',(48.45,24.7235149612573,25.0596552319378));
#16446=CARTESIAN_POINT('',(48.45,24.7235149612573,25.0596552319378));
#16447=CARTESIAN_POINT('',(49.409375,25.2585368471896,25.2030139142063));
#16448=CARTESIAN_POINT('',(48.45,24.7235149612573,25.0596552319378));
#16449=CARTESIAN_POINT('Origin',(48.25,25.0581214827525,25.1493127791546));
#16450=CARTESIAN_POINT('',(48.65,25.0581214827525,25.1493127791546));
#16451=CARTESIAN_POINT('Origin',(48.25,25.0581214827525,25.1493127791546));
#16452=CARTESIAN_POINT('',(48.65,25.0581214827525,25.1493127791546));
#16453=CARTESIAN_POINT('Origin',(48.25,28.5993738352425,26.0981884871991));
#16454=CARTESIAN_POINT('',(48.65,28.5993738352425,26.0981884871991));
#16455=CARTESIAN_POINT('',(48.65,28.5993738352425,26.0981884871991));
#16456=CARTESIAN_POINT('',(48.45,28.9339803567376,26.1878460344159));
#16457=CARTESIAN_POINT('Origin',(48.25,28.5993738352425,26.0981884871991));
#16458=CARTESIAN_POINT('',(48.45,28.9339803567376,26.1878460344159));
#16459=CARTESIAN_POINT('Origin',(45.275,30.7046065329827,26.6622838884382));
#16460=CARTESIAN_POINT('',(45.275,30.7046065329827,26.6622838884382));
#16461=CARTESIAN_POINT('',(47.821875,29.2842715589278,26.2817062791585));
#16462=CARTESIAN_POINT('',(45.275,30.7046065329827,26.6622838884382));
#16463=CARTESIAN_POINT('Origin',(45.075,30.3700000114875,26.5726263412213));
#16464=CARTESIAN_POINT('',(44.875,30.7046065329827,26.6622838884382));
#16465=CARTESIAN_POINT('Origin',(45.075,30.3700000114875,26.5726263412213));
#16466=CARTESIAN_POINT('',(44.875,30.7046065329827,26.6622838884382));
#16467=CARTESIAN_POINT('Origin',(41.7,28.9339803567376,26.1878460344159));
#16468=CARTESIAN_POINT('',(44.246875,30.3543153307925,26.5684236436956));
#16469=CARTESIAN_POINT('Origin',(44.875,22.9528887850123,24.5852173779155));
#16470=CARTESIAN_POINT('',(45.834375,22.41786689908,24.441858695647));
#16471=CARTESIAN_POINT('Origin',(48.65,28.5993738352425,26.0981884871991));
#16472=CARTESIAN_POINT('',(48.65,27.71406074712,25.860969560188));
#16473=CARTESIAN_POINT('Origin',(41.8999999999999,17.0461243034431,19.7155027323961));
#16474=CARTESIAN_POINT('',(41.6999999999999,20.6677326977402,7.53790228574179));
#16475=CARTESIAN_POINT('',(41.4999999999999,20.3331261762451,7.44824473852498));
#16476=CARTESIAN_POINT('Origin',(41.8999999999999,20.3331261762451,7.44824473852498));
#16477=CARTESIAN_POINT('',(41.6999999999999,17.3807308249382,19.805160279613));
#16478=CARTESIAN_POINT('',(41.4999999999999,17.0461243034431,19.7155027323961));
#16479=CARTESIAN_POINT('Origin',(45.0749999999999,18.5625,6.97380688450271));
#16480=CARTESIAN_POINT('',(41.4999999999999,16.791873823755,6.49936903048044));
#16481=CARTESIAN_POINT('',(41.4999999999999,17.6771869118775,6.73658795749158));
#16482=CARTESIAN_POINT('',(41.6999999999999,16.4572673022598,6.40971148326364));
#16483=CARTESIAN_POINT('Origin',(41.8999999999999,16.791873823755,6.49936903048044));
#16484=CARTESIAN_POINT('',(44.8749999999999,14.6866411260148,5.93527362924136));
#16485=CARTESIAN_POINT('',(44.0812499999999,15.129297670076,6.05388309274693));
#16486=CARTESIAN_POINT('',(45.2749999999999,14.6866411260148,5.93527362924136));
#16487=CARTESIAN_POINT('Origin',(45.0749999999999,15.0212476475099,6.02493117645817));
#16488=CARTESIAN_POINT('',(48.45,16.4572673022598,6.40971148326364));
#16489=CARTESIAN_POINT('',(47.65625,16.0146107581986,6.29110201975807));
#16490=CARTESIAN_POINT('',(48.65,16.7918738237549,6.49936903048044));
#16491=CARTESIAN_POINT('Origin',(48.25,16.791873823755,6.49936903048044));
#16492=CARTESIAN_POINT('',(48.65,20.3331261762451,7.44824473852498));
#16493=CARTESIAN_POINT('',(48.65,19.4478130881225,7.21102581151385));
#16494=CARTESIAN_POINT('',(48.45,20.6677326977402,7.53790228574179));
#16495=CARTESIAN_POINT('Origin',(48.25,20.3331261762451,7.44824473852499));
#16496=CARTESIAN_POINT('',(45.2749999999999,22.4383588739852,8.01234013976406));
#16497=CARTESIAN_POINT('',(46.0687499999999,21.995702329924,7.89373067625849));
#16498=CARTESIAN_POINT('',(44.8749999999999,22.4383588739853,8.01234013976406));
#16499=CARTESIAN_POINT('Origin',(45.0749999999999,22.1037523524901,7.92268259254725));
#16500=CARTESIAN_POINT('',(42.4937499999999,21.1103892418015,7.65651174924736));
#16501=CARTESIAN_POINT('Origin',(41.4999999999999,13.5048719509529,18.7666270243516));
#16502=CARTESIAN_POINT('',(41.4999999999999,13.5048719509529,18.7666270243516));
#16503=CARTESIAN_POINT('Origin',(41.8999999999999,13.5048719509529,18.7666270243516));
#16504=CARTESIAN_POINT('',(41.6999999999999,13.1702654294578,18.6769694771348));
#16505=CARTESIAN_POINT('Origin',(45.0749999999999,11.7342457747079,18.2921891703293));
#16506=CARTESIAN_POINT('',(44.8749999999999,11.3996392532128,18.2025316231125));
#16507=CARTESIAN_POINT('',(45.2749999999999,11.3996392532128,18.2025316231125));
#16508=CARTESIAN_POINT('Origin',(48.45,13.1702654294578,18.6769694771348));
#16509=CARTESIAN_POINT('',(48.45,13.1702654294578,18.6769694771348));
#16510=CARTESIAN_POINT('Origin',(48.25,13.5048719509529,18.7666270243516));
#16511=CARTESIAN_POINT('',(48.65,13.5048719509529,18.7666270243516));
#16512=CARTESIAN_POINT('Origin',(48.25,17.0461243034431,19.7155027323961));
#16513=CARTESIAN_POINT('',(48.65,17.0461243034431,19.7155027323961));
#16514=CARTESIAN_POINT('',(48.45,17.3807308249382,19.805160279613));
#16515=CARTESIAN_POINT('Origin',(45.2749999999999,19.1513570011832,20.2795981336352));
#16516=CARTESIAN_POINT('',(45.2749999999999,19.1513570011832,20.2795981336352));
#16517=CARTESIAN_POINT('Origin',(45.0749999999999,18.8167504796881,20.1899405864184));
#16518=CARTESIAN_POINT('',(44.8749999999999,19.1513570011832,20.2795981336352));
#16519=CARTESIAN_POINT('Origin',(41.6999999999999,17.3807308249382,19.805160279613));
#16520=CARTESIAN_POINT('Origin',(44.8749999999999,11.3996392532128,18.2025316231125));
#16521=CARTESIAN_POINT('Origin',(48.65,17.0461243034431,19.7155027323961));
#16522=CARTESIAN_POINT('Origin',(41.9,5.49287477164352,13.3328169775932));
#16523=CARTESIAN_POINT('',(41.7,9.11448316594065,1.15521653093885));
#16524=CARTESIAN_POINT('',(41.5,8.77987664444553,1.06555898372204));
#16525=CARTESIAN_POINT('Origin',(41.9,8.77987664444553,1.06555898372204));
#16526=CARTESIAN_POINT('',(41.7,5.82748129313864,13.42247452481));
#16527=CARTESIAN_POINT('',(41.7,5.82748129313864,13.42247452481));
#16528=CARTESIAN_POINT('',(41.5,5.49287477164352,13.3328169775932));
#16529=CARTESIAN_POINT('Origin',(41.9,5.49287477164352,13.3328169775932));
#16530=CARTESIAN_POINT('',(41.5,5.49287477164352,13.3328169775932));
#16531=CARTESIAN_POINT('Origin',(45.075,7.00925046820051,0.591121129699783));
#16532=CARTESIAN_POINT('',(41.5,5.23862429195548,0.116683275677521));
#16533=CARTESIAN_POINT('',(41.5,6.12393738007799,0.353902202688652));
#16534=CARTESIAN_POINT('',(41.7,4.90401777046035,0.0270257284607157));
#16535=CARTESIAN_POINT('Origin',(41.9,5.23862429195548,0.116683275677518));
#16536=CARTESIAN_POINT('',(44.875,3.13339159421532,-0.447412125561545));
#16537=CARTESIAN_POINT('',(44.08125,3.57604813827658,-0.328802662055979));
#16538=CARTESIAN_POINT('',(45.275,3.13339159421532,-0.447412125561546));
#16539=CARTESIAN_POINT('Origin',(45.075,3.46799811571045,-0.35775457834474));
#16540=CARTESIAN_POINT('',(48.45,4.90401777046035,0.0270257284607151));
#16541=CARTESIAN_POINT('',(47.65625,4.4613612263991,-0.091583735044849));
#16542=CARTESIAN_POINT('',(48.65,5.23862429195548,0.116683275677522));
#16543=CARTESIAN_POINT('Origin',(48.25,5.23862429195548,0.116683275677518));
#16544=CARTESIAN_POINT('',(48.65,8.77987664444553,1.06555898372204));
#16545=CARTESIAN_POINT('',(48.65,7.89456355632302,0.828340056710913));
#16546=CARTESIAN_POINT('',(48.45,9.11448316594065,1.15521653093885));
#16547=CARTESIAN_POINT('Origin',(48.25,8.77987664444553,1.06555898372204));
#16548=CARTESIAN_POINT('',(45.275,10.8851093421857,1.62965438496111));
#16549=CARTESIAN_POINT('',(46.06875,10.4424527981244,1.51104492145554));
#16550=CARTESIAN_POINT('',(44.875,10.8851093421857,1.62965438496111));
#16551=CARTESIAN_POINT('Origin',(45.075,10.5505028206906,1.53999683774431));
#16552=CARTESIAN_POINT('',(42.49375,9.55713971000191,1.27382599444442));
#16553=CARTESIAN_POINT('Origin',(41.5,1.95162241915347,12.3839412695487));
#16554=CARTESIAN_POINT('',(41.5,1.95162241915346,12.3839412695487));
#16555=CARTESIAN_POINT('',(41.5,12.118185507276,15.1080636388112));
#16556=CARTESIAN_POINT('',(41.5,1.95162241915347,12.3839412695487));
#16557=CARTESIAN_POINT('Origin',(41.9,1.95162241915347,12.3839412695487));
#16558=CARTESIAN_POINT('',(41.7,1.61701589765834,12.2942837223319));
#16559=CARTESIAN_POINT('Origin',(41.9,1.95162241915347,12.3839412695487));
#16560=CARTESIAN_POINT('',(41.7,1.61701589765834,12.2942837223319));
#16561=CARTESIAN_POINT('Origin',(45.075,0.180996242908442,11.9095034155264));
#16562=CARTESIAN_POINT('',(44.875,-0.153610278586687,11.8198458683096));
#16563=CARTESIAN_POINT('',(44.875,-0.153610278586681,11.8198458683096));
#16564=CARTESIAN_POINT('',(45.275,-0.153610278586683,11.8198458683096));
#16565=CARTESIAN_POINT('Origin',(45.075,0.180996242908441,11.9095034155264));
#16566=CARTESIAN_POINT('',(45.275,-0.153610278586681,11.8198458683096));
#16567=CARTESIAN_POINT('Origin',(48.45,1.61701589765834,12.2942837223319));
#16568=CARTESIAN_POINT('',(48.45,1.61701589765834,12.2942837223319));
#16569=CARTESIAN_POINT('',(53.5700455505299,4.47235028359065,13.0593682651633));
#16570=CARTESIAN_POINT('',(48.45,1.61701589765834,12.2942837223319));
#16571=CARTESIAN_POINT('Origin',(48.25,1.95162241915347,12.3839412695487));
#16572=CARTESIAN_POINT('',(48.65,1.95162241915346,12.3839412695487));
#16573=CARTESIAN_POINT('Origin',(48.25,1.95162241915347,12.3839412695487));
#16574=CARTESIAN_POINT('',(48.65,1.95162241915347,12.3839412695487));
#16575=CARTESIAN_POINT('Origin',(48.25,5.49287477164352,13.3328169775932));
#16576=CARTESIAN_POINT('',(48.65,5.49287477164352,13.3328169775932));
#16577=CARTESIAN_POINT('',(48.65,5.49287477164352,13.3328169775932));
#16578=CARTESIAN_POINT('',(48.45,5.82748129313864,13.42247452481));
#16579=CARTESIAN_POINT('Origin',(48.25,5.49287477164352,13.3328169775932));
#16580=CARTESIAN_POINT('',(48.45,5.82748129313864,13.42247452481));
#16581=CARTESIAN_POINT('Origin',(45.275,7.59810746938367,13.8969123788323));
#16582=CARTESIAN_POINT('',(45.275,7.59810746938367,13.8969123788323));
#16583=CARTESIAN_POINT('',(43.6612044494701,8.49808499532885,14.1380606301154));
#16584=CARTESIAN_POINT('',(45.275,7.59810746938367,13.8969123788323));
#16585=CARTESIAN_POINT('Origin',(45.075,7.26350094788855,13.8072548316155));
#16586=CARTESIAN_POINT('',(44.875,7.59810746938367,13.8969123788323));
#16587=CARTESIAN_POINT('Origin',(45.075,7.26350094788855,13.8072548316155));
#16588=CARTESIAN_POINT('',(44.875,7.59810746938367,13.8969123788323));
#16589=CARTESIAN_POINT('Origin',(41.7,5.82748129313864,13.42247452481));
#16590=CARTESIAN_POINT('',(48.4075455505299,9.56812876719347,14.4247779946525));
#16591=CARTESIAN_POINT('Origin',(44.875,-0.153610278586683,11.8198458683096));
#16592=CARTESIAN_POINT('',(41.6737044494701,1.63168033548101,12.2982130466039));
#16593=CARTESIAN_POINT('Origin',(48.65,5.49287477164352,13.3328169775932));
#16594=CARTESIAN_POINT('',(48.65,13.888811683521,15.5825014928334));
#16595=CARTESIAN_POINT('Ctrl Pts',(95.75,-5.55111512312578E-16,2.));
#16596=CARTESIAN_POINT('Ctrl Pts',(99.5,-5.55111512312578E-16,2.));
#16597=CARTESIAN_POINT('Ctrl Pts',(99.5,3.75,3.00480947161671));
#16598=CARTESIAN_POINT('Ctrl Pts',(95.75,-2.46525140460151,11.2004434954034));
#16599=CARTESIAN_POINT('Ctrl Pts',(99.5,-2.46525140460151,11.2004434954034));
#16600=CARTESIAN_POINT('Ctrl Pts',(99.5,1.28474859539849,12.2052529670201));
#16601=CARTESIAN_POINT('',(95.75,0.,2.));
#16602=CARTESIAN_POINT('Origin',(95.75,3.75,3.00480947161671));
#16603=CARTESIAN_POINT('',(95.75,-2.46525140460151,11.2004434954034));
#16604=CARTESIAN_POINT('Origin',(95.75,1.28474859539849,12.2052529670201));
#16605=CARTESIAN_POINT('',(95.75,0.,2.));
#16606=CARTESIAN_POINT('Origin',(3.75,0.,2.));
#16607=CARTESIAN_POINT('',(3.75,0.,2.));
#16608=CARTESIAN_POINT('',(0.,0.,2.));
#16609=CARTESIAN_POINT('',(3.75,-2.46525140460151,11.2004434954034));
#16610=CARTESIAN_POINT('',(0.,-2.46525140460151,11.2004434954034));
#16611=CARTESIAN_POINT('',(3.75,0.,2.));
#16612=CARTESIAN_POINT('Ctrl Pts',(-1.26634813746307E-15,3.75,3.00480947161671));
#16613=CARTESIAN_POINT('Ctrl Pts',(-1.26634813746307E-15,-5.55111512312578E-16,
2.));
#16614=CARTESIAN_POINT('Ctrl Pts',(3.75,-5.55111512312578E-16,2.));
#16615=CARTESIAN_POINT('Ctrl Pts',(-1.26634813746307E-15,1.28474859539849,
12.2052529670201));
#16616=CARTESIAN_POINT('Ctrl Pts',(-1.26634813746307E-15,-2.46525140460151,
11.2004434954034));
#16617=CARTESIAN_POINT('Ctrl Pts',(3.75,-2.46525140460151,11.2004434954034));
#16618=CARTESIAN_POINT('Origin',(3.75,3.75,3.00480947161671));
#16619=CARTESIAN_POINT('Origin',(3.75,1.28474859539849,12.2052529670201));
#16620=CARTESIAN_POINT('Origin',(49.75,22.2847485953985,17.8321860080737));
#16621=CARTESIAN_POINT('',(88.45,5.82748129313864,13.42247452481));
#16622=CARTESIAN_POINT('',(88.25,5.49287477164352,13.3328169775932));
#16623=CARTESIAN_POINT('Origin',(88.65,5.49287477164352,13.3328169775932));
#16624=CARTESIAN_POINT('',(91.625,7.59810746938367,13.8969123788323));
#16625=CARTESIAN_POINT('',(95.1575455505299,9.56812876719347,14.4247779946525));
#16626=CARTESIAN_POINT('',(92.025,7.59810746938367,13.8969123788323));
#16627=CARTESIAN_POINT('Origin',(91.825,7.26350094788855,13.8072548316155));
#16628=CARTESIAN_POINT('',(95.2,5.82748129313864,13.42247452481));
#16629=CARTESIAN_POINT('',(90.4112044494701,8.49808499532885,14.1380606301154));
#16630=CARTESIAN_POINT('',(95.4,5.49287477164352,13.3328169775932));
#16631=CARTESIAN_POINT('Origin',(95.,5.49287477164352,13.3328169775932));
#16632=CARTESIAN_POINT('',(95.4,1.95162241915347,12.3839412695487));
#16633=CARTESIAN_POINT('',(95.4,13.888811683521,15.5825014928334));
#16634=CARTESIAN_POINT('',(95.2,1.61701589765834,12.2942837223319));
#16635=CARTESIAN_POINT('Origin',(95.,1.95162241915347,12.3839412695487));
#16636=CARTESIAN_POINT('',(92.025,-0.153610278586681,11.8198458683096));
#16637=CARTESIAN_POINT('',(100.32004555053,4.47235028359065,13.0593682651633));
#16638=CARTESIAN_POINT('',(91.625,-0.153610278586684,11.8198458683096));
#16639=CARTESIAN_POINT('Origin',(91.825,0.180996242908444,11.9095034155264));
#16640=CARTESIAN_POINT('',(88.45,1.61701589765834,12.2942837223319));
#16641=CARTESIAN_POINT('',(88.4237044494701,1.63168033548101,12.2982130466039));
#16642=CARTESIAN_POINT('',(88.25,1.95162241915347,12.3839412695487));
#16643=CARTESIAN_POINT('Origin',(88.65,1.95162241915347,12.3839412695487));
#16644=CARTESIAN_POINT('',(88.25,12.118185507276,15.1080636388112));
#16645=CARTESIAN_POINT('',(79.1,5.82748129313864,13.42247452481));
#16646=CARTESIAN_POINT('',(78.9,5.49287477164352,13.3328169775932));
#16647=CARTESIAN_POINT('Origin',(79.3,5.49287477164352,13.3328169775932));
#16648=CARTESIAN_POINT('',(82.275,7.59810746938367,13.8969123788323));
#16649=CARTESIAN_POINT('',(85.8075455505299,9.56812876719347,14.4247779946525));
#16650=CARTESIAN_POINT('',(82.675,7.59810746938367,13.8969123788323));
#16651=CARTESIAN_POINT('Origin',(82.475,7.26350094788855,13.8072548316155));
#16652=CARTESIAN_POINT('',(85.85,5.82748129313864,13.42247452481));
#16653=CARTESIAN_POINT('',(81.0612044494701,8.49808499532885,14.1380606301154));
#16654=CARTESIAN_POINT('',(86.05,5.49287477164352,13.3328169775932));
#16655=CARTESIAN_POINT('Origin',(85.65,5.49287477164352,13.3328169775932));
#16656=CARTESIAN_POINT('',(86.05,1.95162241915347,12.3839412695487));
#16657=CARTESIAN_POINT('',(86.05,13.888811683521,15.5825014928334));
#16658=CARTESIAN_POINT('',(85.85,1.61701589765834,12.2942837223319));
#16659=CARTESIAN_POINT('Origin',(85.65,1.95162241915347,12.3839412695487));
#16660=CARTESIAN_POINT('',(82.675,-0.153610278586681,11.8198458683096));
#16661=CARTESIAN_POINT('',(90.9700455505299,4.47235028359065,13.0593682651633));
#16662=CARTESIAN_POINT('',(82.275,-0.153610278586685,11.8198458683096));
#16663=CARTESIAN_POINT('Origin',(82.475,0.180996242908443,11.9095034155264));
#16664=CARTESIAN_POINT('',(79.1,1.61701589765834,12.2942837223319));
#16665=CARTESIAN_POINT('',(79.0737044494701,1.63168033548101,12.2982130466039));
#16666=CARTESIAN_POINT('',(78.9,1.95162241915347,12.3839412695487));
#16667=CARTESIAN_POINT('Origin',(79.3,1.95162241915347,12.3839412695487));
#16668=CARTESIAN_POINT('',(78.9,12.118185507276,15.1080636388112));
#16669=CARTESIAN_POINT('',(69.75,5.82748129313864,13.42247452481));
#16670=CARTESIAN_POINT('',(69.55,5.49287477164352,13.3328169775932));
#16671=CARTESIAN_POINT('Origin',(69.95,5.49287477164352,13.3328169775932));
#16672=CARTESIAN_POINT('',(72.925,7.59810746938367,13.8969123788323));
#16673=CARTESIAN_POINT('',(76.4575455505299,9.56812876719347,14.4247779946525));
#16674=CARTESIAN_POINT('',(73.325,7.59810746938367,13.8969123788323));
#16675=CARTESIAN_POINT('Origin',(73.125,7.26350094788855,13.8072548316155));
#16676=CARTESIAN_POINT('',(76.5,5.82748129313864,13.42247452481));
#16677=CARTESIAN_POINT('',(71.7112044494701,8.49808499532885,14.1380606301154));
#16678=CARTESIAN_POINT('',(76.7,5.49287477164352,13.3328169775932));
#16679=CARTESIAN_POINT('Origin',(76.3,5.49287477164352,13.3328169775932));
#16680=CARTESIAN_POINT('',(76.7,1.95162241915347,12.3839412695487));
#16681=CARTESIAN_POINT('',(76.7,13.888811683521,15.5825014928334));
#16682=CARTESIAN_POINT('',(76.5,1.61701589765834,12.2942837223319));
#16683=CARTESIAN_POINT('Origin',(76.3,1.95162241915347,12.3839412695487));
#16684=CARTESIAN_POINT('',(73.325,-0.153610278586682,11.8198458683096));
#16685=CARTESIAN_POINT('',(81.6200455505299,4.47235028359065,13.0593682651633));
#16686=CARTESIAN_POINT('',(72.925,-0.153610278586685,11.8198458683096));
#16687=CARTESIAN_POINT('Origin',(73.125,0.180996242908443,11.9095034155264));
#16688=CARTESIAN_POINT('',(69.75,1.61701589765834,12.2942837223319));
#16689=CARTESIAN_POINT('',(69.7237044494701,1.63168033548101,12.2982130466039));
#16690=CARTESIAN_POINT('',(69.55,1.95162241915347,12.3839412695487));
#16691=CARTESIAN_POINT('Origin',(69.95,1.95162241915347,12.3839412695487));
#16692=CARTESIAN_POINT('',(69.55,12.118185507276,15.1080636388112));
#16693=CARTESIAN_POINT('',(60.4,5.82748129313864,13.42247452481));
#16694=CARTESIAN_POINT('',(60.2,5.49287477164352,13.3328169775932));
#16695=CARTESIAN_POINT('Origin',(60.6,5.49287477164352,13.3328169775932));
#16696=CARTESIAN_POINT('',(63.575,7.59810746938367,13.8969123788323));
#16697=CARTESIAN_POINT('',(67.1075455505299,9.56812876719347,14.4247779946525));
#16698=CARTESIAN_POINT('',(63.975,7.59810746938367,13.8969123788323));
#16699=CARTESIAN_POINT('Origin',(63.775,7.26350094788855,13.8072548316155));
#16700=CARTESIAN_POINT('',(67.15,5.82748129313864,13.42247452481));
#16701=CARTESIAN_POINT('',(62.3612044494701,8.49808499532885,14.1380606301154));
#16702=CARTESIAN_POINT('',(67.35,5.49287477164352,13.3328169775932));
#16703=CARTESIAN_POINT('Origin',(66.95,5.49287477164352,13.3328169775932));
#16704=CARTESIAN_POINT('',(67.35,1.95162241915347,12.3839412695487));
#16705=CARTESIAN_POINT('',(67.35,13.888811683521,15.5825014928334));
#16706=CARTESIAN_POINT('',(67.15,1.61701589765834,12.2942837223319));
#16707=CARTESIAN_POINT('Origin',(66.95,1.95162241915347,12.3839412695487));
#16708=CARTESIAN_POINT('',(63.975,-0.153610278586682,11.8198458683096));
#16709=CARTESIAN_POINT('',(72.2700455505299,4.47235028359065,13.0593682651633));
#16710=CARTESIAN_POINT('',(63.575,-0.153610278586686,11.8198458683096));
#16711=CARTESIAN_POINT('Origin',(63.775,0.180996242908442,11.9095034155264));
#16712=CARTESIAN_POINT('',(60.4,1.61701589765834,12.2942837223319));
#16713=CARTESIAN_POINT('',(60.3737044494701,1.63168033548101,12.2982130466039));
#16714=CARTESIAN_POINT('',(60.2,1.95162241915347,12.3839412695487));
#16715=CARTESIAN_POINT('Origin',(60.6,1.95162241915347,12.3839412695487));
#16716=CARTESIAN_POINT('',(60.2,12.118185507276,15.1080636388112));
#16717=CARTESIAN_POINT('',(51.05,5.82748129313864,13.42247452481));
#16718=CARTESIAN_POINT('',(50.85,5.49287477164352,13.3328169775932));
#16719=CARTESIAN_POINT('Origin',(51.25,5.49287477164352,13.3328169775932));
#16720=CARTESIAN_POINT('',(54.225,7.59810746938367,13.8969123788323));
#16721=CARTESIAN_POINT('',(57.7575455505299,9.56812876719347,14.4247779946525));
#16722=CARTESIAN_POINT('',(54.625,7.59810746938367,13.8969123788323));
#16723=CARTESIAN_POINT('Origin',(54.425,7.26350094788855,13.8072548316155));
#16724=CARTESIAN_POINT('',(57.8,5.82748129313864,13.42247452481));
#16725=CARTESIAN_POINT('',(53.0112044494701,8.49808499532885,14.1380606301154));
#16726=CARTESIAN_POINT('',(58.,5.49287477164352,13.3328169775932));
#16727=CARTESIAN_POINT('Origin',(57.6,5.49287477164352,13.3328169775932));
#16728=CARTESIAN_POINT('',(58.,1.95162241915347,12.3839412695487));
#16729=CARTESIAN_POINT('',(58.,13.888811683521,15.5825014928334));
#16730=CARTESIAN_POINT('',(57.8,1.61701589765834,12.2942837223319));
#16731=CARTESIAN_POINT('Origin',(57.6,1.95162241915347,12.3839412695487));
#16732=CARTESIAN_POINT('',(54.625,-0.153610278586683,11.8198458683096));
#16733=CARTESIAN_POINT('',(62.9200455505299,4.47235028359065,13.0593682651633));
#16734=CARTESIAN_POINT('',(54.225,-0.153610278586686,11.8198458683096));
#16735=CARTESIAN_POINT('Origin',(54.425,0.180996242908441,11.9095034155264));
#16736=CARTESIAN_POINT('',(51.05,1.61701589765834,12.2942837223319));
#16737=CARTESIAN_POINT('',(51.0237044494701,1.63168033548101,12.2982130466039));
#16738=CARTESIAN_POINT('',(50.85,1.95162241915347,12.3839412695487));
#16739=CARTESIAN_POINT('Origin',(51.25,1.95162241915347,12.3839412695487));
#16740=CARTESIAN_POINT('',(50.85,12.118185507276,15.1080636388112));
#16741=CARTESIAN_POINT('',(32.35,5.82748129313864,13.42247452481));
#16742=CARTESIAN_POINT('',(32.15,5.49287477164352,13.3328169775932));
#16743=CARTESIAN_POINT('Origin',(32.55,5.49287477164352,13.3328169775932));
#16744=CARTESIAN_POINT('',(35.525,7.59810746938367,13.8969123788323));
#16745=CARTESIAN_POINT('',(39.0575455505299,9.56812876719347,14.4247779946525));
#16746=CARTESIAN_POINT('',(35.925,7.59810746938367,13.8969123788323));
#16747=CARTESIAN_POINT('Origin',(35.725,7.26350094788855,13.8072548316155));
#16748=CARTESIAN_POINT('',(39.1,5.82748129313864,13.42247452481));
#16749=CARTESIAN_POINT('',(34.3112044494701,8.49808499532885,14.1380606301154));
#16750=CARTESIAN_POINT('',(39.3,5.49287477164352,13.3328169775932));
#16751=CARTESIAN_POINT('Origin',(38.9,5.49287477164352,13.3328169775932));
#16752=CARTESIAN_POINT('',(39.3,1.95162241915346,12.3839412695487));
#16753=CARTESIAN_POINT('',(39.3,13.888811683521,15.5825014928334));
#16754=CARTESIAN_POINT('',(39.1,1.61701589765834,12.2942837223319));
#16755=CARTESIAN_POINT('Origin',(38.9,1.95162241915347,12.3839412695487));
#16756=CARTESIAN_POINT('',(35.925,-0.153610278586684,11.8198458683096));
#16757=CARTESIAN_POINT('',(44.2200455505299,4.47235028359065,13.0593682651633));
#16758=CARTESIAN_POINT('',(35.525,-0.153610278586687,11.8198458683096));
#16759=CARTESIAN_POINT('Origin',(35.725,0.18099624290844,11.9095034155264));
#16760=CARTESIAN_POINT('',(32.35,1.61701589765834,12.2942837223319));
#16761=CARTESIAN_POINT('',(32.3237044494701,1.63168033548101,12.2982130466039));
#16762=CARTESIAN_POINT('',(32.15,1.95162241915346,12.3839412695487));
#16763=CARTESIAN_POINT('Origin',(32.55,1.95162241915346,12.3839412695487));
#16764=CARTESIAN_POINT('',(32.15,12.118185507276,15.1080636388112));
#16765=CARTESIAN_POINT('',(23.,5.82748129313864,13.42247452481));
#16766=CARTESIAN_POINT('',(22.8,5.49287477164352,13.3328169775932));
#16767=CARTESIAN_POINT('Origin',(23.2,5.49287477164351,13.3328169775932));
#16768=CARTESIAN_POINT('',(26.175,7.59810746938367,13.8969123788323));
#16769=CARTESIAN_POINT('',(29.7075455505299,9.56812876719347,14.4247779946525));
#16770=CARTESIAN_POINT('',(26.575,7.59810746938367,13.8969123788323));
#16771=CARTESIAN_POINT('Origin',(26.375,7.26350094788854,13.8072548316155));
#16772=CARTESIAN_POINT('',(29.75,5.82748129313864,13.42247452481));
#16773=CARTESIAN_POINT('',(24.9612044494701,8.49808499532885,14.1380606301154));
#16774=CARTESIAN_POINT('',(29.95,5.49287477164352,13.3328169775932));
#16775=CARTESIAN_POINT('Origin',(29.55,5.49287477164352,13.3328169775932));
#16776=CARTESIAN_POINT('',(29.95,1.95162241915346,12.3839412695487));
#16777=CARTESIAN_POINT('',(29.95,13.888811683521,15.5825014928334));
#16778=CARTESIAN_POINT('',(29.75,1.61701589765834,12.2942837223319));
#16779=CARTESIAN_POINT('Origin',(29.55,1.95162241915346,12.3839412695487));
#16780=CARTESIAN_POINT('',(26.575,-0.153610278586684,11.8198458683096));
#16781=CARTESIAN_POINT('',(34.8700455505299,4.47235028359065,13.0593682651633));
#16782=CARTESIAN_POINT('',(26.175,-0.153610278586688,11.8198458683096));
#16783=CARTESIAN_POINT('Origin',(26.375,0.18099624290844,11.9095034155264));
#16784=CARTESIAN_POINT('',(23.,1.61701589765834,12.2942837223319));
#16785=CARTESIAN_POINT('',(22.9737044494701,1.63168033548101,12.2982130466039));
#16786=CARTESIAN_POINT('',(22.8,1.95162241915346,12.3839412695487));
#16787=CARTESIAN_POINT('Origin',(23.2,1.95162241915346,12.3839412695487));
#16788=CARTESIAN_POINT('',(22.8,12.118185507276,15.1080636388112));
#16789=CARTESIAN_POINT('',(13.65,5.82748129313864,13.42247452481));
#16790=CARTESIAN_POINT('',(13.45,5.49287477164352,13.3328169775932));
#16791=CARTESIAN_POINT('Origin',(13.85,5.49287477164351,13.3328169775932));
#16792=CARTESIAN_POINT('',(16.825,7.59810746938367,13.8969123788323));
#16793=CARTESIAN_POINT('',(20.3575455505299,9.56812876719347,14.4247779946525));
#16794=CARTESIAN_POINT('',(17.225,7.59810746938367,13.8969123788323));
#16795=CARTESIAN_POINT('Origin',(17.025,7.26350094788854,13.8072548316155));
#16796=CARTESIAN_POINT('',(20.4,5.82748129313864,13.42247452481));
#16797=CARTESIAN_POINT('',(15.6112044494701,8.49808499532885,14.1380606301154));
#16798=CARTESIAN_POINT('',(20.6,5.49287477164352,13.3328169775932));
#16799=CARTESIAN_POINT('Origin',(20.2,5.49287477164352,13.3328169775932));
#16800=CARTESIAN_POINT('',(20.6,1.95162241915346,12.3839412695487));
#16801=CARTESIAN_POINT('',(20.6,13.888811683521,15.5825014928334));
#16802=CARTESIAN_POINT('',(20.4,1.61701589765834,12.2942837223319));
#16803=CARTESIAN_POINT('Origin',(20.2,1.95162241915346,12.3839412695487));
#16804=CARTESIAN_POINT('',(17.225,-0.153610278586685,11.8198458683096));
#16805=CARTESIAN_POINT('',(25.5200455505299,4.47235028359065,13.0593682651633));
#16806=CARTESIAN_POINT('',(16.825,-0.153610278586688,11.8198458683096));
#16807=CARTESIAN_POINT('Origin',(17.025,0.180996242908439,11.9095034155264));
#16808=CARTESIAN_POINT('',(13.65,1.61701589765834,12.2942837223319));
#16809=CARTESIAN_POINT('',(13.6237044494701,1.63168033548101,12.2982130466039));
#16810=CARTESIAN_POINT('',(13.45,1.95162241915346,12.3839412695487));
#16811=CARTESIAN_POINT('Origin',(13.85,1.95162241915346,12.3839412695487));
#16812=CARTESIAN_POINT('',(13.45,12.118185507276,15.1080636388112));
#16813=CARTESIAN_POINT('',(4.29999999999999,5.82748129313864,13.42247452481));
#16814=CARTESIAN_POINT('',(4.1,5.49287477164351,13.3328169775932));
#16815=CARTESIAN_POINT('Origin',(4.49999999999999,5.49287477164351,13.3328169775932));
#16816=CARTESIAN_POINT('',(7.47499999999999,7.59810746938367,13.8969123788323));
#16817=CARTESIAN_POINT('',(11.0075455505299,9.56812876719347,14.4247779946525));
#16818=CARTESIAN_POINT('',(7.87499999999999,7.59810746938367,13.8969123788323));
#16819=CARTESIAN_POINT('Origin',(7.67499999999999,7.26350094788854,13.8072548316155));
#16820=CARTESIAN_POINT('',(11.05,5.82748129313864,13.42247452481));
#16821=CARTESIAN_POINT('',(6.26120444947011,8.49808499532885,14.1380606301154));
#16822=CARTESIAN_POINT('',(11.25,5.49287477164352,13.3328169775932));
#16823=CARTESIAN_POINT('Origin',(10.85,5.49287477164352,13.3328169775932));
#16824=CARTESIAN_POINT('',(11.25,1.95162241915346,12.3839412695487));
#16825=CARTESIAN_POINT('',(11.25,13.888811683521,15.5825014928334));
#16826=CARTESIAN_POINT('',(11.05,1.61701589765834,12.2942837223319));
#16827=CARTESIAN_POINT('Origin',(10.85,1.95162241915346,12.3839412695487));
#16828=CARTESIAN_POINT('',(7.87499999999999,-0.153610278586685,11.8198458683096));
#16829=CARTESIAN_POINT('',(16.1700455505299,4.47235028359065,13.0593682651633));
#16830=CARTESIAN_POINT('',(7.475,-0.153610278586689,11.8198458683096));
#16831=CARTESIAN_POINT('Origin',(7.67499999999999,0.180996242908439,11.9095034155264));
#16832=CARTESIAN_POINT('',(4.3,1.61701589765834,12.2942837223319));
#16833=CARTESIAN_POINT('',(4.27370444947011,1.63168033548101,12.2982130466039));
#16834=CARTESIAN_POINT('',(4.1,1.95162241915346,12.3839412695487));
#16835=CARTESIAN_POINT('Origin',(4.49999999999999,1.95162241915346,12.3839412695487));
#16836=CARTESIAN_POINT('',(4.1,12.118185507276,15.1080636388112));
#16837=CARTESIAN_POINT('Origin',(49.75,26.8287476589975,25.6237506331768));
#16838=CARTESIAN_POINT('',(24.875,33.0162476589975,27.2816862613444));
#16839=CARTESIAN_POINT('',(88.45,28.9339803567376,26.1878460344159));
#16840=CARTESIAN_POINT('',(88.25,28.5993738352425,26.0981884871991));
#16841=CARTESIAN_POINT('Origin',(88.65,28.5993738352425,26.0981884871991));
#16842=CARTESIAN_POINT('',(91.625,30.7046065329827,26.6622838884382));
#16843=CARTESIAN_POINT('',(90.996875,30.3543153307925,26.5684236436956));
#16844=CARTESIAN_POINT('',(92.025,30.7046065329827,26.6622838884382));
#16845=CARTESIAN_POINT('Origin',(91.825,30.3700000114875,26.5726263412213));
#16846=CARTESIAN_POINT('',(95.2,28.9339803567376,26.1878460344159));
#16847=CARTESIAN_POINT('',(94.571875,29.2842715589278,26.2817062791585));
#16848=CARTESIAN_POINT('',(95.4,28.5993738352425,26.0981884871991));
#16849=CARTESIAN_POINT('Origin',(95.,28.5993738352425,26.0981884871991));
#16850=CARTESIAN_POINT('',(95.4,25.0581214827525,25.1493127791546));
#16851=CARTESIAN_POINT('',(95.4,27.71406074712,25.860969560188));
#16852=CARTESIAN_POINT('',(95.2,24.7235149612573,25.0596552319378));
#16853=CARTESIAN_POINT('Origin',(95.,25.0581214827525,25.1493127791546));
#16854=CARTESIAN_POINT('',(92.025,22.9528887850123,24.5852173779155));
#16855=CARTESIAN_POINT('',(96.159375,25.2585368471896,25.2030139142063));
#16856=CARTESIAN_POINT('',(91.625,22.9528887850123,24.5852173779155));
#16857=CARTESIAN_POINT('Origin',(91.825,23.2874953065074,24.6748749251323));
#16858=CARTESIAN_POINT('',(88.45,24.7235149612573,25.0596552319378));
#16859=CARTESIAN_POINT('',(92.584375,22.41786689908,24.441858695647));
#16860=CARTESIAN_POINT('',(88.25,25.0581214827525,25.1493127791546));
#16861=CARTESIAN_POINT('Origin',(88.65,25.0581214827525,25.1493127791546));
#16862=CARTESIAN_POINT('',(88.25,25.943434570875,25.3865317061657));
#16863=CARTESIAN_POINT('',(79.1,28.9339803567376,26.1878460344159));
#16864=CARTESIAN_POINT('',(78.9,28.5993738352425,26.0981884871991));
#16865=CARTESIAN_POINT('Origin',(79.3,28.5993738352425,26.0981884871991));
#16866=CARTESIAN_POINT('',(82.275,30.7046065329827,26.6622838884382));
#16867=CARTESIAN_POINT('',(81.646875,30.3543153307925,26.5684236436956));
#16868=CARTESIAN_POINT('',(82.675,30.7046065329827,26.6622838884382));
#16869=CARTESIAN_POINT('Origin',(82.475,30.3700000114875,26.5726263412213));
#16870=CARTESIAN_POINT('',(85.85,28.9339803567376,26.1878460344159));
#16871=CARTESIAN_POINT('',(85.221875,29.2842715589278,26.2817062791585));
#16872=CARTESIAN_POINT('',(86.05,28.5993738352425,26.0981884871991));
#16873=CARTESIAN_POINT('Origin',(85.65,28.5993738352425,26.0981884871991));
#16874=CARTESIAN_POINT('',(86.05,25.0581214827525,25.1493127791546));
#16875=CARTESIAN_POINT('',(86.05,27.71406074712,25.860969560188));
#16876=CARTESIAN_POINT('',(85.85,24.7235149612573,25.0596552319378));
#16877=CARTESIAN_POINT('Origin',(85.65,25.0581214827525,25.1493127791546));
#16878=CARTESIAN_POINT('',(82.675,22.9528887850123,24.5852173779155));
#16879=CARTESIAN_POINT('',(86.809375,25.2585368471896,25.2030139142063));
#16880=CARTESIAN_POINT('',(82.275,22.9528887850123,24.5852173779155));
#16881=CARTESIAN_POINT('Origin',(82.475,23.2874953065074,24.6748749251323));
#16882=CARTESIAN_POINT('',(79.1,24.7235149612573,25.0596552319378));
#16883=CARTESIAN_POINT('',(83.234375,22.41786689908,24.441858695647));
#16884=CARTESIAN_POINT('',(78.9,25.0581214827525,25.1493127791546));
#16885=CARTESIAN_POINT('Origin',(79.3,25.0581214827525,25.1493127791546));
#16886=CARTESIAN_POINT('',(78.9,25.943434570875,25.3865317061657));
#16887=CARTESIAN_POINT('',(69.75,28.9339803567376,26.1878460344159));
#16888=CARTESIAN_POINT('',(69.55,28.5993738352425,26.0981884871991));
#16889=CARTESIAN_POINT('Origin',(69.95,28.5993738352425,26.0981884871991));
#16890=CARTESIAN_POINT('',(72.925,30.7046065329827,26.6622838884382));
#16891=CARTESIAN_POINT('',(72.296875,30.3543153307925,26.5684236436956));
#16892=CARTESIAN_POINT('',(73.325,30.7046065329827,26.6622838884382));
#16893=CARTESIAN_POINT('Origin',(73.125,30.3700000114875,26.5726263412213));
#16894=CARTESIAN_POINT('',(76.5,28.9339803567376,26.1878460344159));
#16895=CARTESIAN_POINT('',(75.871875,29.2842715589278,26.2817062791585));
#16896=CARTESIAN_POINT('',(76.7,28.5993738352425,26.0981884871991));
#16897=CARTESIAN_POINT('Origin',(76.3,28.5993738352425,26.0981884871991));
#16898=CARTESIAN_POINT('',(76.7,25.0581214827525,25.1493127791546));
#16899=CARTESIAN_POINT('',(76.7,27.71406074712,25.860969560188));
#16900=CARTESIAN_POINT('',(76.5,24.7235149612573,25.0596552319378));
#16901=CARTESIAN_POINT('Origin',(76.3,25.0581214827525,25.1493127791546));
#16902=CARTESIAN_POINT('',(73.325,22.9528887850123,24.5852173779155));
#16903=CARTESIAN_POINT('',(77.459375,25.2585368471896,25.2030139142063));
#16904=CARTESIAN_POINT('',(72.925,22.9528887850123,24.5852173779155));
#16905=CARTESIAN_POINT('Origin',(73.125,23.2874953065074,24.6748749251323));
#16906=CARTESIAN_POINT('',(69.75,24.7235149612573,25.0596552319378));
#16907=CARTESIAN_POINT('',(73.884375,22.41786689908,24.441858695647));
#16908=CARTESIAN_POINT('',(69.55,25.0581214827525,25.1493127791546));
#16909=CARTESIAN_POINT('Origin',(69.95,25.0581214827525,25.1493127791546));
#16910=CARTESIAN_POINT('',(69.55,25.943434570875,25.3865317061657));
#16911=CARTESIAN_POINT('',(60.4,28.9339803567376,26.1878460344159));
#16912=CARTESIAN_POINT('',(60.2,28.5993738352425,26.0981884871991));
#16913=CARTESIAN_POINT('Origin',(60.6,28.5993738352425,26.0981884871991));
#16914=CARTESIAN_POINT('',(63.575,30.7046065329827,26.6622838884382));
#16915=CARTESIAN_POINT('',(62.946875,30.3543153307925,26.5684236436956));
#16916=CARTESIAN_POINT('',(63.975,30.7046065329827,26.6622838884382));
#16917=CARTESIAN_POINT('Origin',(63.775,30.3700000114875,26.5726263412213));
#16918=CARTESIAN_POINT('',(67.15,28.9339803567376,26.1878460344159));
#16919=CARTESIAN_POINT('',(66.521875,29.2842715589278,26.2817062791585));
#16920=CARTESIAN_POINT('',(67.35,28.5993738352425,26.0981884871991));
#16921=CARTESIAN_POINT('Origin',(66.95,28.5993738352425,26.0981884871991));
#16922=CARTESIAN_POINT('',(67.35,25.0581214827525,25.1493127791546));
#16923=CARTESIAN_POINT('',(67.35,27.71406074712,25.860969560188));
#16924=CARTESIAN_POINT('',(67.15,24.7235149612573,25.0596552319378));
#16925=CARTESIAN_POINT('Origin',(66.95,25.0581214827525,25.1493127791546));
#16926=CARTESIAN_POINT('',(63.975,22.9528887850123,24.5852173779155));
#16927=CARTESIAN_POINT('',(68.109375,25.2585368471896,25.2030139142063));
#16928=CARTESIAN_POINT('',(63.575,22.9528887850123,24.5852173779155));
#16929=CARTESIAN_POINT('Origin',(63.775,23.2874953065074,24.6748749251323));
#16930=CARTESIAN_POINT('',(60.4,24.7235149612573,25.0596552319378));
#16931=CARTESIAN_POINT('',(64.534375,22.41786689908,24.441858695647));
#16932=CARTESIAN_POINT('',(60.2,25.0581214827525,25.1493127791546));
#16933=CARTESIAN_POINT('Origin',(60.6,25.0581214827525,25.1493127791546));
#16934=CARTESIAN_POINT('',(60.2,25.943434570875,25.3865317061657));
#16935=CARTESIAN_POINT('',(51.05,28.9339803567376,26.1878460344159));
#16936=CARTESIAN_POINT('',(50.85,28.5993738352425,26.0981884871991));
#16937=CARTESIAN_POINT('Origin',(51.25,28.5993738352425,26.0981884871991));
#16938=CARTESIAN_POINT('',(54.225,30.7046065329827,26.6622838884382));
#16939=CARTESIAN_POINT('',(53.596875,30.3543153307925,26.5684236436956));
#16940=CARTESIAN_POINT('',(54.625,30.7046065329827,26.6622838884382));
#16941=CARTESIAN_POINT('Origin',(54.425,30.3700000114875,26.5726263412213));
#16942=CARTESIAN_POINT('',(57.8,28.9339803567376,26.1878460344159));
#16943=CARTESIAN_POINT('',(57.171875,29.2842715589278,26.2817062791585));
#16944=CARTESIAN_POINT('',(58.,28.5993738352425,26.0981884871991));
#16945=CARTESIAN_POINT('Origin',(57.6,28.5993738352425,26.0981884871991));
#16946=CARTESIAN_POINT('',(58.,25.0581214827525,25.1493127791546));
#16947=CARTESIAN_POINT('',(58.,27.71406074712,25.860969560188));
#16948=CARTESIAN_POINT('',(57.8,24.7235149612573,25.0596552319378));
#16949=CARTESIAN_POINT('Origin',(57.6,25.0581214827525,25.1493127791546));
#16950=CARTESIAN_POINT('',(54.625,22.9528887850123,24.5852173779155));
#16951=CARTESIAN_POINT('',(58.759375,25.2585368471896,25.2030139142063));
#16952=CARTESIAN_POINT('',(54.225,22.9528887850123,24.5852173779155));
#16953=CARTESIAN_POINT('Origin',(54.425,23.2874953065074,24.6748749251323));
#16954=CARTESIAN_POINT('',(51.05,24.7235149612573,25.0596552319378));
#16955=CARTESIAN_POINT('',(55.184375,22.41786689908,24.441858695647));
#16956=CARTESIAN_POINT('',(50.85,25.0581214827525,25.1493127791546));
#16957=CARTESIAN_POINT('Origin',(51.25,25.0581214827525,25.1493127791546));
#16958=CARTESIAN_POINT('',(50.85,25.943434570875,25.3865317061657));
#16959=CARTESIAN_POINT('',(32.35,28.9339803567376,26.1878460344159));
#16960=CARTESIAN_POINT('',(32.15,28.5993738352425,26.0981884871991));
#16961=CARTESIAN_POINT('Origin',(32.55,28.5993738352425,26.0981884871991));
#16962=CARTESIAN_POINT('',(35.525,30.7046065329827,26.6622838884382));
#16963=CARTESIAN_POINT('',(34.896875,30.3543153307925,26.5684236436956));
#16964=CARTESIAN_POINT('',(35.925,30.7046065329827,26.6622838884382));
#16965=CARTESIAN_POINT('Origin',(35.725,30.3700000114875,26.5726263412213));
#16966=CARTESIAN_POINT('',(39.1,28.9339803567376,26.1878460344159));
#16967=CARTESIAN_POINT('',(38.471875,29.2842715589278,26.2817062791585));
#16968=CARTESIAN_POINT('',(39.3,28.5993738352425,26.0981884871991));
#16969=CARTESIAN_POINT('Origin',(38.9,28.5993738352425,26.0981884871991));
#16970=CARTESIAN_POINT('',(39.3,25.0581214827525,25.1493127791546));
#16971=CARTESIAN_POINT('',(39.3,27.71406074712,25.860969560188));
#16972=CARTESIAN_POINT('',(39.1,24.7235149612573,25.0596552319378));
#16973=CARTESIAN_POINT('Origin',(38.9,25.0581214827525,25.1493127791546));
#16974=CARTESIAN_POINT('',(35.925,22.9528887850123,24.5852173779155));
#16975=CARTESIAN_POINT('',(40.059375,25.2585368471896,25.2030139142063));
#16976=CARTESIAN_POINT('',(35.525,22.9528887850123,24.5852173779155));
#16977=CARTESIAN_POINT('Origin',(35.725,23.2874953065074,24.6748749251323));
#16978=CARTESIAN_POINT('',(32.35,24.7235149612573,25.0596552319378));
#16979=CARTESIAN_POINT('',(36.484375,22.41786689908,24.441858695647));
#16980=CARTESIAN_POINT('',(32.15,25.0581214827525,25.1493127791546));
#16981=CARTESIAN_POINT('Origin',(32.55,25.0581214827525,25.1493127791546));
#16982=CARTESIAN_POINT('',(32.15,25.943434570875,25.3865317061657));
#16983=CARTESIAN_POINT('',(23.,28.9339803567376,26.1878460344159));
#16984=CARTESIAN_POINT('',(22.8,28.5993738352425,26.0981884871991));
#16985=CARTESIAN_POINT('Origin',(23.2,28.5993738352425,26.0981884871991));
#16986=CARTESIAN_POINT('',(26.175,30.7046065329827,26.6622838884382));
#16987=CARTESIAN_POINT('',(25.546875,30.3543153307925,26.5684236436956));
#16988=CARTESIAN_POINT('',(26.575,30.7046065329827,26.6622838884382));
#16989=CARTESIAN_POINT('Origin',(26.375,30.3700000114875,26.5726263412213));
#16990=CARTESIAN_POINT('',(29.75,28.9339803567376,26.1878460344159));
#16991=CARTESIAN_POINT('',(29.121875,29.2842715589278,26.2817062791585));
#16992=CARTESIAN_POINT('',(29.95,28.5993738352425,26.0981884871991));
#16993=CARTESIAN_POINT('Origin',(29.55,28.5993738352425,26.0981884871991));
#16994=CARTESIAN_POINT('',(29.95,25.0581214827525,25.1493127791546));
#16995=CARTESIAN_POINT('',(29.95,27.71406074712,25.860969560188));
#16996=CARTESIAN_POINT('',(29.75,24.7235149612573,25.0596552319378));
#16997=CARTESIAN_POINT('Origin',(29.55,25.0581214827525,25.1493127791546));
#16998=CARTESIAN_POINT('',(26.575,22.9528887850123,24.5852173779155));
#16999=CARTESIAN_POINT('',(30.709375,25.2585368471896,25.2030139142063));
#17000=CARTESIAN_POINT('',(26.175,22.9528887850123,24.5852173779155));
#17001=CARTESIAN_POINT('Origin',(26.375,23.2874953065074,24.6748749251323));
#17002=CARTESIAN_POINT('',(23.,24.7235149612573,25.0596552319378));
#17003=CARTESIAN_POINT('',(27.134375,22.41786689908,24.441858695647));
#17004=CARTESIAN_POINT('',(22.8,25.0581214827525,25.1493127791546));
#17005=CARTESIAN_POINT('Origin',(23.2,25.0581214827525,25.1493127791546));
#17006=CARTESIAN_POINT('',(22.8,25.943434570875,25.3865317061657));
#17007=CARTESIAN_POINT('',(13.65,28.9339803567376,26.1878460344159));
#17008=CARTESIAN_POINT('',(13.45,28.5993738352425,26.0981884871991));
#17009=CARTESIAN_POINT('Origin',(13.85,28.5993738352425,26.0981884871991));
#17010=CARTESIAN_POINT('',(16.825,30.7046065329827,26.6622838884382));
#17011=CARTESIAN_POINT('',(16.196875,30.3543153307925,26.5684236436956));
#17012=CARTESIAN_POINT('',(17.225,30.7046065329827,26.6622838884382));
#17013=CARTESIAN_POINT('Origin',(17.025,30.3700000114875,26.5726263412213));
#17014=CARTESIAN_POINT('',(20.4,28.9339803567376,26.1878460344159));
#17015=CARTESIAN_POINT('',(19.771875,29.2842715589278,26.2817062791585));
#17016=CARTESIAN_POINT('',(20.6,28.5993738352425,26.0981884871991));
#17017=CARTESIAN_POINT('Origin',(20.2,28.5993738352425,26.0981884871991));
#17018=CARTESIAN_POINT('',(20.6,25.0581214827525,25.1493127791546));
#17019=CARTESIAN_POINT('',(20.6,27.71406074712,25.860969560188));
#17020=CARTESIAN_POINT('',(20.4,24.7235149612573,25.0596552319378));
#17021=CARTESIAN_POINT('Origin',(20.2,25.0581214827525,25.1493127791546));
#17022=CARTESIAN_POINT('',(17.225,22.9528887850123,24.5852173779155));
#17023=CARTESIAN_POINT('',(21.359375,25.2585368471896,25.2030139142063));
#17024=CARTESIAN_POINT('',(16.825,22.9528887850123,24.5852173779155));
#17025=CARTESIAN_POINT('Origin',(17.025,23.2874953065074,24.6748749251323));
#17026=CARTESIAN_POINT('',(13.65,24.7235149612573,25.0596552319378));
#17027=CARTESIAN_POINT('',(17.784375,22.41786689908,24.441858695647));
#17028=CARTESIAN_POINT('',(13.45,25.0581214827525,25.1493127791546));
#17029=CARTESIAN_POINT('Origin',(13.85,25.0581214827525,25.1493127791546));
#17030=CARTESIAN_POINT('',(13.45,25.943434570875,25.3865317061657));
#17031=CARTESIAN_POINT('',(4.29999999999999,28.9339803567376,26.1878460344159));
#17032=CARTESIAN_POINT('',(4.1,28.5993738352425,26.0981884871991));
#17033=CARTESIAN_POINT('Origin',(4.49999999999999,28.5993738352425,26.0981884871991));
#17034=CARTESIAN_POINT('',(7.475,30.7046065329827,26.6622838884382));
#17035=CARTESIAN_POINT('',(6.84687499999999,30.3543153307925,26.5684236436956));
#17036=CARTESIAN_POINT('',(7.875,30.7046065329827,26.6622838884382));
#17037=CARTESIAN_POINT('Origin',(7.675,30.3700000114875,26.5726263412213));
#17038=CARTESIAN_POINT('',(11.05,28.9339803567376,26.1878460344159));
#17039=CARTESIAN_POINT('',(10.421875,29.2842715589278,26.2817062791585));
#17040=CARTESIAN_POINT('',(11.25,28.5993738352425,26.0981884871991));
#17041=CARTESIAN_POINT('Origin',(10.85,28.5993738352425,26.0981884871991));
#17042=CARTESIAN_POINT('',(11.25,25.0581214827525,25.1493127791546));
#17043=CARTESIAN_POINT('',(11.25,27.71406074712,25.860969560188));
#17044=CARTESIAN_POINT('',(11.05,24.7235149612573,25.0596552319378));
#17045=CARTESIAN_POINT('Origin',(10.85,25.0581214827525,25.1493127791546));
#17046=CARTESIAN_POINT('',(7.875,22.9528887850123,24.5852173779155));
#17047=CARTESIAN_POINT('',(12.009375,25.2585368471896,25.2030139142063));
#17048=CARTESIAN_POINT('',(7.475,22.9528887850123,24.5852173779155));
#17049=CARTESIAN_POINT('Origin',(7.67499999999999,23.2874953065074,24.6748749251323));
#17050=CARTESIAN_POINT('',(4.3,24.7235149612573,25.0596552319378));
#17051=CARTESIAN_POINT('',(8.43437499999999,22.41786689908,24.441858695647));
#17052=CARTESIAN_POINT('',(4.1,25.0581214827525,25.1493127791546));
#17053=CARTESIAN_POINT('Origin',(4.49999999999999,25.0581214827525,25.1493127791546));
#17054=CARTESIAN_POINT('',(4.1,25.943434570875,25.3865317061657));
#17055=CARTESIAN_POINT('Ctrl Pts',(3.75,49.5,15.2634850253406));
#17056=CARTESIAN_POINT('Ctrl Pts',(1.21430643318376E-16,49.5,15.2634850253406));
#17057=CARTESIAN_POINT('Ctrl Pts',(1.21430643318376E-16,45.75,14.2586755537239));
#17058=CARTESIAN_POINT('Ctrl Pts',(3.75,44.569497190797,33.6643720161473));
#17059=CARTESIAN_POINT('Ctrl Pts',(1.21430643318376E-16,44.569497190797,
33.6643720161473));
#17060=CARTESIAN_POINT('Ctrl Pts',(1.21430643318376E-16,40.819497190797,
32.6595625445306));
#17061=CARTESIAN_POINT('',(3.75,49.5,15.2634850253406));
#17062=CARTESIAN_POINT('Origin',(3.75,45.75,14.2586755537239));
#17063=CARTESIAN_POINT('',(3.75,49.5,15.2634850253406));
#17064=CARTESIAN_POINT('Origin',(95.75,49.5,15.2634850253406));
#17065=CARTESIAN_POINT('',(95.75,49.5,15.2634850253406));
#17066=CARTESIAN_POINT('',(72.75,49.5,15.2634850253406));
#17067=CARTESIAN_POINT('',(95.75,49.5,15.2634850253406));
#17068=CARTESIAN_POINT('Ctrl Pts',(99.5,45.75,14.2586755537239));
#17069=CARTESIAN_POINT('Ctrl Pts',(99.5,49.5,15.2634850253406));
#17070=CARTESIAN_POINT('Ctrl Pts',(95.75,49.5,15.2634850253406));
#17071=CARTESIAN_POINT('Ctrl Pts',(99.5,40.819497190797,32.6595625445306));
#17072=CARTESIAN_POINT('Ctrl Pts',(99.5,44.569497190797,33.6643720161473));
#17073=CARTESIAN_POINT('Ctrl Pts',(95.75,44.569497190797,33.6643720161473));
#17074=CARTESIAN_POINT('Origin',(95.75,45.75,14.2586755537239));
#17075=CARTESIAN_POINT('Origin',(0.,37.125,11.9476137690054));
#17076=CARTESIAN_POINT('Origin',(99.5,49.5,0.));
#17077=CARTESIAN_POINT('',(3.75,49.5,-0.249999999999993));
#17078=CARTESIAN_POINT('',(3.75,49.5,0.));
#17079=CARTESIAN_POINT('',(95.75,49.5,-0.250000000000002));
#17080=CARTESIAN_POINT('',(95.75,49.5,0.));
#17081=CARTESIAN_POINT('',(53.75,49.5,-0.249999999999999));
#17082=CARTESIAN_POINT('',(33.,49.5,-0.249999999999994));
#17083=CARTESIAN_POINT('',(52.3580589092925,49.5,0.));
#17084=CARTESIAN_POINT('Ctrl Pts',(52.3580589092925,49.5,-1.66533453693773E-15));
#17085=CARTESIAN_POINT('Ctrl Pts',(53.0764801173996,49.5,-0.25));
#17086=CARTESIAN_POINT('Ctrl Pts',(53.75,49.5,-0.249999999999999));
#17087=CARTESIAN_POINT('',(47.1419410907075,49.5,0.));
#17088=CARTESIAN_POINT('',(99.5,49.5,0.));
#17089=CARTESIAN_POINT('',(45.75,49.5,-0.249999999999999));
#17090=CARTESIAN_POINT('Ctrl Pts',(45.75,49.5,-0.249999999999999));
#17091=CARTESIAN_POINT('Ctrl Pts',(46.4235198826004,49.5,-0.249999999999999));
#17092=CARTESIAN_POINT('Ctrl Pts',(47.1419410907075,49.5,-1.38777878078145E-15));
#17093=CARTESIAN_POINT('',(8.,49.5,-0.249999999999994));
#17094=CARTESIAN_POINT('Origin',(45.75,3.75,-1.2));
#17095=CARTESIAN_POINT('',(47.1419410907075,8.39872308600721E-18,0.));
#17096=CARTESIAN_POINT('',(45.75,-2.77555756156289E-16,-0.249999999999999));
#17097=CARTESIAN_POINT('Ctrl Pts',(47.1419410907075,-1.38777878078145E-16,
8.32667268468867E-16));
#17098=CARTESIAN_POINT('Ctrl Pts',(46.4235198826004,-2.77555756156289E-16,
-0.249999999999999));
#17099=CARTESIAN_POINT('Ctrl Pts',(45.75,-2.77555756156289E-16,-0.249999999999999));
#17100=CARTESIAN_POINT('',(45.75,2.15,-2.4));
#17101=CARTESIAN_POINT('',(45.75,2.15,-2.4));
#17102=CARTESIAN_POINT('',(47.35,3.75,-2.4));
#17103=CARTESIAN_POINT('Origin',(45.75,3.75,-2.4));
#17104=CARTESIAN_POINT('',(49.75,3.75,0.));
#17105=CARTESIAN_POINT('',(47.35,3.75,-2.4));
#17106=CARTESIAN_POINT('Origin',(45.75,3.75,0.));
#17107=CARTESIAN_POINT('Origin',(37.25,0.95,-1.2));
#17108=CARTESIAN_POINT('',(3.75,-5.55111512312578E-16,-0.25));
#17109=CARTESIAN_POINT('',(66.5,-2.08166817117217E-16,-0.25));
#17110=CARTESIAN_POINT('',(3.75,2.15,-2.4));
#17111=CARTESIAN_POINT('',(3.75,2.15,-2.4));
#17112=CARTESIAN_POINT('',(37.25,2.15,-2.4));
#17113=CARTESIAN_POINT('Origin',(3.75,3.75,-1.2));
#17114=CARTESIAN_POINT('Origin',(3.75,3.75,-0.250000000000002));
#17115=CARTESIAN_POINT('',(2.15,3.75,-2.4));
#17116=CARTESIAN_POINT('',(2.15,3.75,-2.4));
#17117=CARTESIAN_POINT('Origin',(3.75,3.75,-2.4));
#17118=CARTESIAN_POINT('Origin',(0.95,12.25,-1.2));
#17119=CARTESIAN_POINT('',(2.15,45.75,-2.4));
#17120=CARTESIAN_POINT('',(2.15,45.75,-2.4));
#17121=CARTESIAN_POINT('',(2.15,12.25,-2.4));
#17122=CARTESIAN_POINT('Origin',(3.75,45.75,-1.2));
#17123=CARTESIAN_POINT('Origin',(3.74999999999999,45.75,-0.250000000000009));
#17124=CARTESIAN_POINT('',(3.75,47.35,-2.4));
#17125=CARTESIAN_POINT('',(3.75,49.75,0.));
#17126=CARTESIAN_POINT('Origin',(3.75,45.75,-2.4));
#17127=CARTESIAN_POINT('Origin',(12.25,48.55,-1.2));
#17128=CARTESIAN_POINT('',(45.75,47.35,-2.4));
#17129=CARTESIAN_POINT('',(45.75,47.35,-2.4));
#17130=CARTESIAN_POINT('',(12.25,47.35,-2.4));
#17131=CARTESIAN_POINT('Origin',(3.75,45.75,-4.6));
#17132=CARTESIAN_POINT('',(3.75,47.35,-4.2));
#17133=CARTESIAN_POINT('',(3.75,46.55,-5.));
#17134=CARTESIAN_POINT('',(3.75,47.35,-4.2));
#17135=CARTESIAN_POINT('',(2.95,45.75,-5.));
#17136=CARTESIAN_POINT('Origin',(3.75,45.75,-5.));
#17137=CARTESIAN_POINT('',(2.15,45.75,-4.2));
#17138=CARTESIAN_POINT('',(2.95,45.75,-5.));
#17139=CARTESIAN_POINT('Origin',(3.75,45.75,-4.2));
#17140=CARTESIAN_POINT('Origin',(14.25,46.95,-4.6));
#17141=CARTESIAN_POINT('',(45.75,47.35,-4.2));
#17142=CARTESIAN_POINT('',(45.75,46.55,-5.));
#17143=CARTESIAN_POINT('',(45.75,47.35,-4.2));
#17144=CARTESIAN_POINT('',(14.25,46.55,-5.));
#17145=CARTESIAN_POINT('',(14.25,47.35,-4.2));
#17146=CARTESIAN_POINT('Origin',(45.75,45.75,-4.6));
#17147=CARTESIAN_POINT('',(47.35,45.75,-4.2));
#17148=CARTESIAN_POINT('',(46.55,45.75,-5.));
#17149=CARTESIAN_POINT('',(47.35,45.75,-4.2));
#17150=CARTESIAN_POINT('Origin',(45.75,45.75,-5.));
#17151=CARTESIAN_POINT('Origin',(45.75,45.75,-4.2));
#17152=CARTESIAN_POINT('Origin',(46.95,35.25,-4.6));
#17153=CARTESIAN_POINT('',(47.35,3.75,-4.2));
#17154=CARTESIAN_POINT('',(46.55,3.75,-5.));
#17155=CARTESIAN_POINT('',(47.35,3.75,-4.2));
#17156=CARTESIAN_POINT('',(46.55,35.25,-5.));
#17157=CARTESIAN_POINT('',(47.35,35.25,-4.2));
#17158=CARTESIAN_POINT('Origin',(45.75,3.75,-4.6));
#17159=CARTESIAN_POINT('',(45.75,2.15,-4.2));
#17160=CARTESIAN_POINT('',(45.75,2.95,-5.));
#17161=CARTESIAN_POINT('',(45.75,2.15,-4.2));
#17162=CARTESIAN_POINT('Origin',(45.75,3.75,-5.));
#17163=CARTESIAN_POINT('Origin',(45.75,3.75,-4.2));
#17164=CARTESIAN_POINT('Origin',(35.25,2.55,-4.6));
#17165=CARTESIAN_POINT('',(3.75,2.15,-4.2));
#17166=CARTESIAN_POINT('',(3.75,2.95,-5.));
#17167=CARTESIAN_POINT('',(3.75,2.15,-4.2));
#17168=CARTESIAN_POINT('',(35.25,2.95,-5.));
#17169=CARTESIAN_POINT('',(35.25,2.15,-4.2));
#17170=CARTESIAN_POINT('Origin',(3.75,3.75,-4.6));
#17171=CARTESIAN_POINT('',(2.15,3.75,-4.2));
#17172=CARTESIAN_POINT('',(2.95,3.75,-5.));
#17173=CARTESIAN_POINT('',(2.15,3.75,-4.2));
#17174=CARTESIAN_POINT('Origin',(3.75,3.75,-5.));
#17175=CARTESIAN_POINT('Origin',(3.75,3.75,-4.2));
#17176=CARTESIAN_POINT('Origin',(2.55,14.25,-4.6));
#17177=CARTESIAN_POINT('',(2.95,14.25,-5.));
#17178=CARTESIAN_POINT('',(2.15,14.25,-4.2));
#17179=CARTESIAN_POINT('Origin',(47.35,45.75,-2.4));
#17180=CARTESIAN_POINT('',(47.35,45.75,-2.4));
#17181=CARTESIAN_POINT('',(47.35,45.75,-2.4));
#17182=CARTESIAN_POINT('',(47.35,37.25,-2.4));
#17183=CARTESIAN_POINT('',(47.35,3.75,-2.4));
#17184=CARTESIAN_POINT('Origin',(45.75,45.75,-2.4));
#17185=CARTESIAN_POINT('',(45.75,47.35,-2.4));
#17186=CARTESIAN_POINT('Origin',(45.75,45.75,-2.4));
#17187=CARTESIAN_POINT('Origin',(3.75,47.35,-2.4));
#17188=CARTESIAN_POINT('',(3.75,47.35,-2.4));
#17189=CARTESIAN_POINT('Origin',(3.75,45.75,-2.4));
#17190=CARTESIAN_POINT('',(2.15,45.75,-2.4));
#17191=CARTESIAN_POINT('Origin',(24.75,24.75,-5.));
#17192=CARTESIAN_POINT('Origin',(2.15,3.75,-2.4));
#17193=CARTESIAN_POINT('',(2.15,3.75,-2.4));
#17194=CARTESIAN_POINT('Origin',(3.75,3.75,-2.4));
#17195=CARTESIAN_POINT('',(3.75,2.15,-2.4));
#17196=CARTESIAN_POINT('Origin',(45.75,2.15,-2.4));
#17197=CARTESIAN_POINT('',(45.75,2.15,-2.4));
#17198=CARTESIAN_POINT('Origin',(45.75,3.75,-2.4));
#17199=CARTESIAN_POINT('Origin',(48.55,37.25,-1.2));
#17200=CARTESIAN_POINT('',(49.75,45.75,0.));
#17201=CARTESIAN_POINT('',(47.35,45.75,-2.4));
#17202=CARTESIAN_POINT('',(49.75,18.5,6.93889390390723E-17));
#17203=CARTESIAN_POINT('Origin',(45.75,45.75,-1.2));
#17204=CARTESIAN_POINT('Origin',(45.75,45.75,0.));
#17205=CARTESIAN_POINT('Origin',(49.75,24.75,0.));
#17206=CARTESIAN_POINT('Origin',(53.75,45.75,0.));
#17207=CARTESIAN_POINT('Origin',(49.75,24.75,0.));
#17208=CARTESIAN_POINT('',(52.3580589092925,-8.39872308600721E-18,0.));
#17209=CARTESIAN_POINT('Origin',(53.75,3.75,0.));
#17210=CARTESIAN_POINT('',(0.,0.,0.));
#17211=CARTESIAN_POINT('Origin',(53.75,3.75,-1.2));
#17212=CARTESIAN_POINT('',(53.75,-2.77555756156289E-16,-0.25));
#17213=CARTESIAN_POINT('Ctrl Pts',(53.75,-2.77555756156289E-16,-0.25));
#17214=CARTESIAN_POINT('Ctrl Pts',(53.0764801173996,-2.77555756156289E-16,
-0.249999999999999));
#17215=CARTESIAN_POINT('Ctrl Pts',(52.3580589092925,0.,4.16333634234434E-16));
#17216=CARTESIAN_POINT('',(52.15,3.75,-2.4));
#17217=CARTESIAN_POINT('',(52.15,3.75,-2.4));
#17218=CARTESIAN_POINT('',(53.75,2.15,-2.4));
#17219=CARTESIAN_POINT('Origin',(53.75,3.75,-2.4));
#17220=CARTESIAN_POINT('',(53.75,2.15,-2.4));
#17221=CARTESIAN_POINT('Origin',(53.75,45.75,-4.6));
#17222=CARTESIAN_POINT('',(53.75,47.35,-4.2));
#17223=CARTESIAN_POINT('',(53.75,46.55,-5.));
#17224=CARTESIAN_POINT('',(53.75,47.35,-4.2));
#17225=CARTESIAN_POINT('',(52.95,45.75,-5.));
#17226=CARTESIAN_POINT('Origin',(53.75,45.75,-5.));
#17227=CARTESIAN_POINT('',(52.15,45.75,-4.2));
#17228=CARTESIAN_POINT('',(52.95,45.75,-5.));
#17229=CARTESIAN_POINT('Origin',(53.75,45.75,-4.2));
#17230=CARTESIAN_POINT('Origin',(64.25,46.95,-4.6));
#17231=CARTESIAN_POINT('',(95.75,47.35,-4.2));
#17232=CARTESIAN_POINT('',(95.75,46.55,-5.));
#17233=CARTESIAN_POINT('',(95.75,47.35,-4.2));
#17234=CARTESIAN_POINT('',(64.25,46.55,-5.));
#17235=CARTESIAN_POINT('',(64.25,47.35,-4.2));
#17236=CARTESIAN_POINT('Origin',(95.75,45.75,-4.6));
#17237=CARTESIAN_POINT('',(97.35,45.75,-4.2));
#17238=CARTESIAN_POINT('',(96.55,45.75,-5.));
#17239=CARTESIAN_POINT('',(97.35,45.75,-4.2));
#17240=CARTESIAN_POINT('Origin',(95.75,45.75,-5.));
#17241=CARTESIAN_POINT('Origin',(95.75,45.75,-4.2));
#17242=CARTESIAN_POINT('Origin',(96.95,35.25,-4.6));
#17243=CARTESIAN_POINT('',(97.35,3.75,-4.2));
#17244=CARTESIAN_POINT('',(96.55,3.75,-5.));
#17245=CARTESIAN_POINT('',(97.35,3.75,-4.2));
#17246=CARTESIAN_POINT('',(96.55,35.25,-5.));
#17247=CARTESIAN_POINT('',(97.35,35.25,-4.2));
#17248=CARTESIAN_POINT('Origin',(95.75,3.75,-4.6));
#17249=CARTESIAN_POINT('',(95.75,2.15,-4.2));
#17250=CARTESIAN_POINT('',(95.75,2.95,-5.));
#17251=CARTESIAN_POINT('',(95.75,2.15,-4.2));
#17252=CARTESIAN_POINT('Origin',(95.75,3.75,-5.));
#17253=CARTESIAN_POINT('Origin',(95.75,3.75,-4.2));
#17254=CARTESIAN_POINT('Origin',(85.25,2.55,-4.6));
#17255=CARTESIAN_POINT('',(53.75,2.15,-4.2));
#17256=CARTESIAN_POINT('',(53.75,2.95,-5.));
#17257=CARTESIAN_POINT('',(53.75,2.15,-4.2));
#17258=CARTESIAN_POINT('',(85.25,2.95,-5.));
#17259=CARTESIAN_POINT('',(85.25,2.15,-4.2));
#17260=CARTESIAN_POINT('Origin',(53.75,3.75,-4.6));
#17261=CARTESIAN_POINT('',(52.15,3.75,-4.2));
#17262=CARTESIAN_POINT('',(52.95,3.75,-5.));
#17263=CARTESIAN_POINT('',(52.15,3.75,-4.2));
#17264=CARTESIAN_POINT('Origin',(53.75,3.75,-5.));
#17265=CARTESIAN_POINT('Origin',(53.75,3.75,-4.2));
#17266=CARTESIAN_POINT('Origin',(52.55,14.25,-4.6));
#17267=CARTESIAN_POINT('',(52.95,14.25,-5.));
#17268=CARTESIAN_POINT('',(52.15,14.25,-4.2));
#17269=CARTESIAN_POINT('Origin',(97.35,45.75,-2.4));
#17270=CARTESIAN_POINT('',(97.35,45.75,-2.4));
#17271=CARTESIAN_POINT('',(97.35,45.75,-2.4));
#17272=CARTESIAN_POINT('',(97.35,3.75,-2.4));
#17273=CARTESIAN_POINT('',(97.35,37.25,-2.4));
#17274=CARTESIAN_POINT('',(97.35,3.75,-2.4));
#17275=CARTESIAN_POINT('Origin',(95.75,45.75,-2.4));
#17276=CARTESIAN_POINT('',(95.75,47.35,-2.4));
#17277=CARTESIAN_POINT('',(95.75,47.35,-2.4));
#17278=CARTESIAN_POINT('Origin',(95.75,45.75,-2.4));
#17279=CARTESIAN_POINT('Origin',(53.75,47.35,-2.4));
#17280=CARTESIAN_POINT('',(53.75,47.35,-2.4));
#17281=CARTESIAN_POINT('',(53.75,47.35,-2.4));
#17282=CARTESIAN_POINT('',(62.25,47.35,-2.4));
#17283=CARTESIAN_POINT('Origin',(53.75,45.75,-2.4));
#17284=CARTESIAN_POINT('',(52.15,45.75,-2.4));
#17285=CARTESIAN_POINT('',(52.15,45.75,-2.4));
#17286=CARTESIAN_POINT('Origin',(53.75,45.75,-2.4));
#17287=CARTESIAN_POINT('Origin',(74.75,24.75,-5.));
#17288=CARTESIAN_POINT('Origin',(52.15,3.75,-2.4));
#17289=CARTESIAN_POINT('',(52.15,3.75,-2.4));
#17290=CARTESIAN_POINT('',(52.15,12.25,-2.4));
#17291=CARTESIAN_POINT('Origin',(53.75,3.75,-2.4));
#17292=CARTESIAN_POINT('',(53.75,2.15,-2.4));
#17293=CARTESIAN_POINT('Origin',(95.75,2.15,-2.4));
#17294=CARTESIAN_POINT('',(95.75,2.15,-2.4));
#17295=CARTESIAN_POINT('',(95.75,2.15,-2.4));
#17296=CARTESIAN_POINT('',(87.25,2.15,-2.4));
#17297=CARTESIAN_POINT('Origin',(95.75,3.75,-2.4));
#17298=CARTESIAN_POINT('Origin',(95.75,3.75,-2.4));
#17299=CARTESIAN_POINT('Origin',(53.75,45.75,-1.2));
#17300=CARTESIAN_POINT('',(53.75,49.75,0.));
#17301=CARTESIAN_POINT('',(52.15,45.75,-2.4));
#17302=CARTESIAN_POINT('Origin',(50.95,12.25,-1.2));
#17303=CARTESIAN_POINT('Origin',(87.25,0.95,-1.2));
#17304=CARTESIAN_POINT('',(95.75,0.,-0.25));
#17305=CARTESIAN_POINT('',(91.5,1.27424476471745E-35,-0.25));
#17306=CARTESIAN_POINT('',(95.75,2.15,-2.4));
#17307=CARTESIAN_POINT('Origin',(95.75,3.75,-1.2));
#17308=CARTESIAN_POINT('Origin',(95.75,3.74999999999999,-0.250000000000008));
#17309=CARTESIAN_POINT('',(97.35,3.75,-2.4));
#17310=CARTESIAN_POINT('Origin',(98.55,37.25,-1.2));
#17311=CARTESIAN_POINT('',(97.35,45.75,-2.4));
#17312=CARTESIAN_POINT('Origin',(95.75,45.75,-1.2));
#17313=CARTESIAN_POINT('Origin',(95.75,45.75,-0.250000000000018));
#17314=CARTESIAN_POINT('',(95.75,47.35,-2.4));
#17315=CARTESIAN_POINT('Origin',(62.25,48.55,-1.2));
#17316=CARTESIAN_POINT('Origin',(3.75,3.75,0.));
#17317=CARTESIAN_POINT('',(3.75,-5.55111512312578E-16,0.));
#17318=CARTESIAN_POINT('Origin',(95.75,3.75,0.));
#17319=CARTESIAN_POINT('',(95.75,0.,0.));
#17320=CARTESIAN_POINT('Origin',(95.75,45.75,0.));
#17321=CARTESIAN_POINT('Origin',(3.75,45.75,0.));
#17322=CARTESIAN_POINT('Origin',(0.,0.,0.));
#17323=CARTESIAN_POINT('Origin',(4.49999999999999,5.49287477164352,13.3328169775932));
#17324=CARTESIAN_POINT('',(4.29999999999999,9.11448316594065,1.15521653093885));
#17325=CARTESIAN_POINT('',(4.09999999999999,8.77987664444552,1.06555898372204));
#17326=CARTESIAN_POINT('Origin',(4.49999999999999,8.77987664444553,1.06555898372204));
#17327=CARTESIAN_POINT('',(4.29999999999999,5.82748129313864,13.42247452481));
#17328=CARTESIAN_POINT('',(4.09999999999999,5.49287477164352,13.3328169775932));
#17329=CARTESIAN_POINT('Origin',(7.67499999999999,7.0092504682005,0.591121129699782));
#17330=CARTESIAN_POINT('',(4.09999999999999,5.23862429195547,0.11668327567752));
#17331=CARTESIAN_POINT('',(4.09999999999999,6.12393738007799,0.353902202688651));
#17332=CARTESIAN_POINT('',(4.3,4.90401777046035,0.0270257284607148));
#17333=CARTESIAN_POINT('Origin',(4.49999999999999,5.23862429195547,0.116683275677517));
#17334=CARTESIAN_POINT('',(7.475,3.13339159421532,-0.447412125561546));
#17335=CARTESIAN_POINT('',(6.68124999999999,3.57604813827658,-0.32880266205598));
#17336=CARTESIAN_POINT('',(7.87499999999999,3.13339159421532,-0.447412125561547));
#17337=CARTESIAN_POINT('Origin',(7.67499999999999,3.46799811571045,-0.357754578344741));
#17338=CARTESIAN_POINT('',(11.05,4.90401777046035,0.0270257284607142));
#17339=CARTESIAN_POINT('',(10.25625,4.46136122639909,-0.0915837350448498));
#17340=CARTESIAN_POINT('',(11.25,5.23862429195547,0.116683275677521));
#17341=CARTESIAN_POINT('Origin',(10.85,5.23862429195547,0.116683275677517));
#17342=CARTESIAN_POINT('',(11.25,8.77987664444553,1.06555898372204));
#17343=CARTESIAN_POINT('',(11.25,7.89456355632302,0.828340056710912));
#17344=CARTESIAN_POINT('',(11.05,9.11448316594065,1.15521653093885));
#17345=CARTESIAN_POINT('Origin',(10.85,8.77987664444553,1.06555898372204));
#17346=CARTESIAN_POINT('',(7.87499999999999,10.8851093421857,1.62965438496111));
#17347=CARTESIAN_POINT('',(8.66874999999999,10.4424527981244,1.51104492145554));
#17348=CARTESIAN_POINT('',(7.47499999999999,10.8851093421857,1.62965438496111));
#17349=CARTESIAN_POINT('Origin',(7.67499999999999,10.5505028206906,1.53999683774431));
#17350=CARTESIAN_POINT('',(5.09374999999999,9.55713971000191,1.27382599444441));
#17351=CARTESIAN_POINT('Origin',(4.09999999999999,1.95162241915346,12.3839412695487));
#17352=CARTESIAN_POINT('',(4.09999999999999,1.95162241915346,12.3839412695487));
#17353=CARTESIAN_POINT('Origin',(4.49999999999999,1.95162241915346,12.3839412695487));
#17354=CARTESIAN_POINT('',(4.3,1.61701589765834,12.2942837223319));
#17355=CARTESIAN_POINT('Origin',(7.67499999999999,0.18099624290844,11.9095034155264));
#17356=CARTESIAN_POINT('',(7.475,-0.153610278586683,11.8198458683096));
#17357=CARTESIAN_POINT('',(7.87499999999999,-0.153610278586683,11.8198458683096));
#17358=CARTESIAN_POINT('Origin',(11.05,1.61701589765834,12.2942837223319));
#17359=CARTESIAN_POINT('',(11.05,1.61701589765834,12.2942837223319));
#17360=CARTESIAN_POINT('Origin',(10.85,1.95162241915346,12.3839412695487));
#17361=CARTESIAN_POINT('',(11.25,1.95162241915346,12.3839412695487));
#17362=CARTESIAN_POINT('Origin',(10.85,5.49287477164352,13.3328169775932));
#17363=CARTESIAN_POINT('',(11.25,5.49287477164352,13.3328169775932));
#17364=CARTESIAN_POINT('',(11.05,5.82748129313864,13.42247452481));
#17365=CARTESIAN_POINT('Origin',(7.87499999999999,7.59810746938367,13.8969123788323));
#17366=CARTESIAN_POINT('',(7.87499999999999,7.59810746938367,13.8969123788323));
#17367=CARTESIAN_POINT('Origin',(7.67499999999999,7.26350094788854,13.8072548316155));
#17368=CARTESIAN_POINT('',(7.47499999999999,7.59810746938367,13.8969123788323));
#17369=CARTESIAN_POINT('Origin',(4.29999999999999,5.82748129313864,13.42247452481));
#17370=CARTESIAN_POINT('Origin',(7.475,-0.153610278586685,11.8198458683096));
#17371=CARTESIAN_POINT('Origin',(11.25,5.49287477164352,13.3328169775932));
#17372=CARTESIAN_POINT('Origin',(13.85,5.49287477164352,13.3328169775932));
#17373=CARTESIAN_POINT('',(13.65,9.11448316594065,1.15521653093885));
#17374=CARTESIAN_POINT('',(13.45,8.77987664444552,1.06555898372204));
#17375=CARTESIAN_POINT('Origin',(13.85,8.77987664444553,1.06555898372204));
#17376=CARTESIAN_POINT('',(13.65,5.82748129313864,13.42247452481));
#17377=CARTESIAN_POINT('',(13.45,5.49287477164352,13.3328169775932));
#17378=CARTESIAN_POINT('Origin',(17.025,7.0092504682005,0.591121129699782));
#17379=CARTESIAN_POINT('',(13.45,5.23862429195547,0.11668327567752));
#17380=CARTESIAN_POINT('',(13.45,6.12393738007799,0.353902202688651));
#17381=CARTESIAN_POINT('',(13.65,4.90401777046035,0.027025728460715));
#17382=CARTESIAN_POINT('Origin',(13.85,5.23862429195547,0.116683275677518));
#17383=CARTESIAN_POINT('',(16.825,3.13339159421532,-0.447412125561546));
#17384=CARTESIAN_POINT('',(16.03125,3.57604813827658,-0.32880266205598));
#17385=CARTESIAN_POINT('',(17.225,3.13339159421532,-0.447412125561546));
#17386=CARTESIAN_POINT('Origin',(17.025,3.46799811571045,-0.357754578344741));
#17387=CARTESIAN_POINT('',(20.4,4.90401777046035,0.0270257284607144));
#17388=CARTESIAN_POINT('',(19.60625,4.46136122639909,-0.0915837350448496));
#17389=CARTESIAN_POINT('',(20.6,5.23862429195547,0.116683275677521));
#17390=CARTESIAN_POINT('Origin',(20.2,5.23862429195548,0.116683275677518));
#17391=CARTESIAN_POINT('',(20.6,8.77987664444553,1.06555898372204));
#17392=CARTESIAN_POINT('',(20.6,7.89456355632302,0.828340056710913));
#17393=CARTESIAN_POINT('',(20.4,9.11448316594065,1.15521653093885));
#17394=CARTESIAN_POINT('Origin',(20.2,8.77987664444553,1.06555898372204));
#17395=CARTESIAN_POINT('',(17.225,10.8851093421857,1.62965438496111));
#17396=CARTESIAN_POINT('',(18.01875,10.4424527981244,1.51104492145554));
#17397=CARTESIAN_POINT('',(16.825,10.8851093421857,1.62965438496111));
#17398=CARTESIAN_POINT('Origin',(17.025,10.5505028206906,1.53999683774431));
#17399=CARTESIAN_POINT('',(14.44375,9.55713971000191,1.27382599444441));
#17400=CARTESIAN_POINT('Origin',(13.45,1.95162241915346,12.3839412695487));
#17401=CARTESIAN_POINT('',(13.45,1.95162241915346,12.3839412695487));
#17402=CARTESIAN_POINT('Origin',(13.85,1.95162241915346,12.3839412695487));
#17403=CARTESIAN_POINT('',(13.65,1.61701589765834,12.2942837223319));
#17404=CARTESIAN_POINT('Origin',(17.025,0.180996242908441,11.9095034155264));
#17405=CARTESIAN_POINT('',(16.825,-0.153610278586682,11.8198458683096));
#17406=CARTESIAN_POINT('',(17.225,-0.153610278586683,11.8198458683096));
#17407=CARTESIAN_POINT('Origin',(20.4,1.61701589765834,12.2942837223319));
#17408=CARTESIAN_POINT('',(20.4,1.61701589765834,12.2942837223319));
#17409=CARTESIAN_POINT('Origin',(20.2,1.95162241915347,12.3839412695487));
#17410=CARTESIAN_POINT('',(20.6,1.95162241915347,12.3839412695487));
#17411=CARTESIAN_POINT('Origin',(20.2,5.49287477164352,13.3328169775932));
#17412=CARTESIAN_POINT('',(20.6,5.49287477164352,13.3328169775932));
#17413=CARTESIAN_POINT('',(20.4,5.82748129313864,13.42247452481));
#17414=CARTESIAN_POINT('Origin',(17.225,7.59810746938367,13.8969123788323));
#17415=CARTESIAN_POINT('',(17.225,7.59810746938367,13.8969123788323));
#17416=CARTESIAN_POINT('Origin',(17.025,7.26350094788855,13.8072548316155));
#17417=CARTESIAN_POINT('',(16.825,7.59810746938367,13.8969123788323));
#17418=CARTESIAN_POINT('Origin',(13.65,5.82748129313864,13.42247452481));
#17419=CARTESIAN_POINT('Origin',(16.825,-0.153610278586684,11.8198458683096));
#17420=CARTESIAN_POINT('Origin',(20.6,5.49287477164352,13.3328169775932));
#17421=CARTESIAN_POINT('Origin',(23.2,5.49287477164352,13.3328169775932));
#17422=CARTESIAN_POINT('',(23.,9.11448316594065,1.15521653093885));
#17423=CARTESIAN_POINT('',(22.8,8.77987664444552,1.06555898372204));
#17424=CARTESIAN_POINT('Origin',(23.2,8.77987664444553,1.06555898372204));
#17425=CARTESIAN_POINT('',(23.,5.82748129313864,13.42247452481));
#17426=CARTESIAN_POINT('',(22.8,5.49287477164352,13.3328169775932));
#17427=CARTESIAN_POINT('Origin',(26.375,7.0092504682005,0.591121129699783));
#17428=CARTESIAN_POINT('',(22.8,5.23862429195547,0.11668327567752));
#17429=CARTESIAN_POINT('',(22.8,6.12393738007799,0.353902202688651));
#17430=CARTESIAN_POINT('',(23.,4.90401777046035,0.0270257284607153));
#17431=CARTESIAN_POINT('Origin',(23.2,5.23862429195547,0.116683275677518));
#17432=CARTESIAN_POINT('',(26.175,3.13339159421532,-0.447412125561545));
#17433=CARTESIAN_POINT('',(25.38125,3.57604813827658,-0.32880266205598));
#17434=CARTESIAN_POINT('',(26.575,3.13339159421532,-0.447412125561546));
#17435=CARTESIAN_POINT('Origin',(26.375,3.46799811571045,-0.35775457834474));
#17436=CARTESIAN_POINT('',(29.75,4.90401777046035,0.0270257284607146));
#17437=CARTESIAN_POINT('',(28.95625,4.4613612263991,-0.0915837350448494));
#17438=CARTESIAN_POINT('',(29.95,5.23862429195547,0.116683275677521));
#17439=CARTESIAN_POINT('Origin',(29.55,5.23862429195548,0.116683275677518));
#17440=CARTESIAN_POINT('',(29.95,8.77987664444553,1.06555898372204));
#17441=CARTESIAN_POINT('',(29.95,7.89456355632302,0.828340056710913));
#17442=CARTESIAN_POINT('',(29.75,9.11448316594065,1.15521653093885));
#17443=CARTESIAN_POINT('Origin',(29.55,8.77987664444553,1.06555898372204));
#17444=CARTESIAN_POINT('',(26.575,10.8851093421857,1.62965438496111));
#17445=CARTESIAN_POINT('',(27.36875,10.4424527981244,1.51104492145554));
#17446=CARTESIAN_POINT('',(26.175,10.8851093421857,1.62965438496111));
#17447=CARTESIAN_POINT('Origin',(26.375,10.5505028206906,1.53999683774431));
#17448=CARTESIAN_POINT('',(23.79375,9.55713971000191,1.27382599444441));
#17449=CARTESIAN_POINT('Origin',(22.8,1.95162241915346,12.3839412695487));
#17450=CARTESIAN_POINT('',(22.8,1.95162241915347,12.3839412695487));
#17451=CARTESIAN_POINT('Origin',(23.2,1.95162241915347,12.3839412695487));
#17452=CARTESIAN_POINT('',(23.,1.61701589765834,12.2942837223319));
#17453=CARTESIAN_POINT('Origin',(26.375,0.180996242908441,11.9095034155264));
#17454=CARTESIAN_POINT('',(26.175,-0.153610278586682,11.8198458683096));
#17455=CARTESIAN_POINT('',(26.575,-0.153610278586682,11.8198458683096));
#17456=CARTESIAN_POINT('Origin',(29.75,1.61701589765834,12.2942837223319));
#17457=CARTESIAN_POINT('',(29.75,1.61701589765834,12.2942837223319));
#17458=CARTESIAN_POINT('Origin',(29.55,1.95162241915347,12.3839412695487));
#17459=CARTESIAN_POINT('',(29.95,1.95162241915347,12.3839412695487));
#17460=CARTESIAN_POINT('Origin',(29.55,5.49287477164352,13.3328169775932));
#17461=CARTESIAN_POINT('',(29.95,5.49287477164352,13.3328169775932));
#17462=CARTESIAN_POINT('',(29.75,5.82748129313864,13.42247452481));
#17463=CARTESIAN_POINT('Origin',(26.575,7.59810746938367,13.8969123788323));
#17464=CARTESIAN_POINT('',(26.575,7.59810746938367,13.8969123788323));
#17465=CARTESIAN_POINT('Origin',(26.375,7.26350094788855,13.8072548316155));
#17466=CARTESIAN_POINT('',(26.175,7.59810746938367,13.8969123788323));
#17467=CARTESIAN_POINT('Origin',(23.,5.82748129313864,13.42247452481));
#17468=CARTESIAN_POINT('Origin',(26.175,-0.153610278586684,11.8198458683096));
#17469=CARTESIAN_POINT('Origin',(29.95,5.49287477164352,13.3328169775932));
#17470=CARTESIAN_POINT('Origin',(32.55,5.49287477164352,13.3328169775932));
#17471=CARTESIAN_POINT('',(32.35,9.11448316594065,1.15521653093885));
#17472=CARTESIAN_POINT('',(32.15,8.77987664444553,1.06555898372204));
#17473=CARTESIAN_POINT('Origin',(32.55,8.77987664444553,1.06555898372204));
#17474=CARTESIAN_POINT('',(32.35,5.82748129313864,13.42247452481));
#17475=CARTESIAN_POINT('',(32.15,5.49287477164352,13.3328169775932));
#17476=CARTESIAN_POINT('Origin',(35.725,7.00925046820051,0.591121129699783));
#17477=CARTESIAN_POINT('',(32.15,5.23862429195548,0.116683275677521));
#17478=CARTESIAN_POINT('',(32.15,6.12393738007799,0.353902202688652));
#17479=CARTESIAN_POINT('',(32.35,4.90401777046035,0.0270257284607155));
#17480=CARTESIAN_POINT('Origin',(32.55,5.23862429195548,0.116683275677518));
#17481=CARTESIAN_POINT('',(35.525,3.13339159421532,-0.447412125561545));
#17482=CARTESIAN_POINT('',(34.73125,3.57604813827658,-0.328802662055979));
#17483=CARTESIAN_POINT('',(35.925,3.13339159421532,-0.447412125561546));
#17484=CARTESIAN_POINT('Origin',(35.725,3.46799811571045,-0.35775457834474));
#17485=CARTESIAN_POINT('',(39.1,4.90401777046035,0.0270257284607149));
#17486=CARTESIAN_POINT('',(38.30625,4.4613612263991,-0.0915837350448492));
#17487=CARTESIAN_POINT('',(39.3,5.23862429195548,0.116683275677521));
#17488=CARTESIAN_POINT('Origin',(38.9,5.23862429195548,0.116683275677518));
#17489=CARTESIAN_POINT('',(39.3,8.77987664444553,1.06555898372204));
#17490=CARTESIAN_POINT('',(39.3,7.89456355632302,0.828340056710913));
#17491=CARTESIAN_POINT('',(39.1,9.11448316594065,1.15521653093885));
#17492=CARTESIAN_POINT('Origin',(38.9,8.77987664444553,1.06555898372204));
#17493=CARTESIAN_POINT('',(35.925,10.8851093421857,1.62965438496111));
#17494=CARTESIAN_POINT('',(36.71875,10.4424527981244,1.51104492145554));
#17495=CARTESIAN_POINT('',(35.525,10.8851093421857,1.62965438496111));
#17496=CARTESIAN_POINT('Origin',(35.725,10.5505028206906,1.53999683774431));
#17497=CARTESIAN_POINT('',(33.14375,9.55713971000191,1.27382599444442));
#17498=CARTESIAN_POINT('Origin',(32.15,1.95162241915347,12.3839412695487));
#17499=CARTESIAN_POINT('',(32.15,1.95162241915347,12.3839412695487));
#17500=CARTESIAN_POINT('Origin',(32.55,1.95162241915347,12.3839412695487));
#17501=CARTESIAN_POINT('',(32.35,1.61701589765834,12.2942837223319));
#17502=CARTESIAN_POINT('Origin',(35.725,0.180996242908442,11.9095034155264));
#17503=CARTESIAN_POINT('',(35.525,-0.153610278586681,11.8198458683096));
#17504=CARTESIAN_POINT('',(35.925,-0.153610278586682,11.8198458683096));
#17505=CARTESIAN_POINT('Origin',(39.1,1.61701589765834,12.2942837223319));
#17506=CARTESIAN_POINT('',(39.1,1.61701589765834,12.2942837223319));
#17507=CARTESIAN_POINT('Origin',(38.9,1.95162241915347,12.3839412695487));
#17508=CARTESIAN_POINT('',(39.3,1.95162241915347,12.3839412695487));
#17509=CARTESIAN_POINT('Origin',(38.9,5.49287477164352,13.3328169775932));
#17510=CARTESIAN_POINT('',(39.3,5.49287477164352,13.3328169775932));
#17511=CARTESIAN_POINT('',(39.1,5.82748129313864,13.42247452481));
#17512=CARTESIAN_POINT('Origin',(35.925,7.59810746938367,13.8969123788323));
#17513=CARTESIAN_POINT('',(35.925,7.59810746938367,13.8969123788323));
#17514=CARTESIAN_POINT('Origin',(35.725,7.26350094788855,13.8072548316155));
#17515=CARTESIAN_POINT('',(35.525,7.59810746938367,13.8969123788323));
#17516=CARTESIAN_POINT('Origin',(32.35,5.82748129313864,13.42247452481));
#17517=CARTESIAN_POINT('Origin',(35.525,-0.153610278586683,11.8198458683096));
#17518=CARTESIAN_POINT('Origin',(39.3,5.49287477164352,13.3328169775932));
#17519=CARTESIAN_POINT('Origin',(51.25,5.49287477164352,13.3328169775932));
#17520=CARTESIAN_POINT('',(51.05,9.11448316594065,1.15521653093885));
#17521=CARTESIAN_POINT('',(50.85,8.77987664444553,1.06555898372204));
#17522=CARTESIAN_POINT('Origin',(51.25,8.77987664444553,1.06555898372204));
#17523=CARTESIAN_POINT('',(51.05,5.82748129313864,13.42247452481));
#17524=CARTESIAN_POINT('',(50.85,5.49287477164352,13.3328169775932));
#17525=CARTESIAN_POINT('Origin',(54.425,7.00925046820051,0.591121129699783));
#17526=CARTESIAN_POINT('',(50.85,5.23862429195548,0.116683275677521));
#17527=CARTESIAN_POINT('',(50.85,6.12393738007799,0.353902202688652));
#17528=CARTESIAN_POINT('',(51.05,4.90401777046035,0.0270257284607159));
#17529=CARTESIAN_POINT('Origin',(51.25,5.23862429195548,0.116683275677518));
#17530=CARTESIAN_POINT('',(54.225,3.13339159421532,-0.447412125561545));
#17531=CARTESIAN_POINT('',(53.43125,3.57604813827658,-0.328802662055979));
#17532=CARTESIAN_POINT('',(54.625,3.13339159421532,-0.447412125561545));
#17533=CARTESIAN_POINT('Origin',(54.425,3.46799811571045,-0.35775457834474));
#17534=CARTESIAN_POINT('',(57.8,4.90401777046035,0.0270257284607153));
#17535=CARTESIAN_POINT('',(57.00625,4.4613612263991,-0.0915837350448487));
#17536=CARTESIAN_POINT('',(58.,5.23862429195548,0.116683275677522));
#17537=CARTESIAN_POINT('Origin',(57.6,5.23862429195548,0.116683275677518));
#17538=CARTESIAN_POINT('',(58.,8.77987664444553,1.06555898372204));
#17539=CARTESIAN_POINT('',(58.,7.89456355632302,0.828340056710914));
#17540=CARTESIAN_POINT('',(57.8,9.11448316594065,1.15521653093885));
#17541=CARTESIAN_POINT('Origin',(57.6,8.77987664444553,1.06555898372204));
#17542=CARTESIAN_POINT('',(54.625,10.8851093421857,1.62965438496111));
#17543=CARTESIAN_POINT('',(55.41875,10.4424527981244,1.51104492145554));
#17544=CARTESIAN_POINT('',(54.225,10.8851093421857,1.62965438496111));
#17545=CARTESIAN_POINT('Origin',(54.425,10.5505028206906,1.53999683774431));
#17546=CARTESIAN_POINT('',(51.84375,9.55713971000191,1.27382599444442));
#17547=CARTESIAN_POINT('Origin',(50.85,1.95162241915347,12.3839412695487));
#17548=CARTESIAN_POINT('',(50.85,1.95162241915347,12.3839412695487));
#17549=CARTESIAN_POINT('Origin',(51.25,1.95162241915347,12.3839412695487));
#17550=CARTESIAN_POINT('',(51.05,1.61701589765835,12.2942837223319));
#17551=CARTESIAN_POINT('Origin',(54.425,0.180996242908443,11.9095034155264));
#17552=CARTESIAN_POINT('',(54.225,-0.15361027858668,11.8198458683096));
#17553=CARTESIAN_POINT('',(54.625,-0.15361027858668,11.8198458683096));
#17554=CARTESIAN_POINT('Origin',(57.8,1.61701589765834,12.2942837223319));
#17555=CARTESIAN_POINT('',(57.8,1.61701589765835,12.2942837223319));
#17556=CARTESIAN_POINT('Origin',(57.6,1.95162241915347,12.3839412695487));
#17557=CARTESIAN_POINT('',(58.,1.95162241915347,12.3839412695487));
#17558=CARTESIAN_POINT('Origin',(57.6,5.49287477164352,13.3328169775932));
#17559=CARTESIAN_POINT('',(58.,5.49287477164352,13.3328169775932));
#17560=CARTESIAN_POINT('',(57.8,5.82748129313864,13.42247452481));
#17561=CARTESIAN_POINT('Origin',(54.625,7.59810746938367,13.8969123788323));
#17562=CARTESIAN_POINT('',(54.625,7.59810746938367,13.8969123788323));
#17563=CARTESIAN_POINT('Origin',(54.425,7.26350094788855,13.8072548316155));
#17564=CARTESIAN_POINT('',(54.225,7.59810746938367,13.8969123788323));
#17565=CARTESIAN_POINT('Origin',(51.05,5.82748129313864,13.42247452481));
#17566=CARTESIAN_POINT('Origin',(54.225,-0.153610278586682,11.8198458683096));
#17567=CARTESIAN_POINT('Origin',(58.,5.49287477164352,13.3328169775932));
#17568=CARTESIAN_POINT('Origin',(60.6,5.49287477164352,13.3328169775932));
#17569=CARTESIAN_POINT('',(60.4,9.11448316594065,1.15521653093885));
#17570=CARTESIAN_POINT('',(60.2,8.77987664444553,1.06555898372204));
#17571=CARTESIAN_POINT('Origin',(60.6,8.77987664444553,1.06555898372204));
#17572=CARTESIAN_POINT('',(60.4,5.82748129313865,13.42247452481));
#17573=CARTESIAN_POINT('',(60.2,5.49287477164352,13.3328169775932));
#17574=CARTESIAN_POINT('Origin',(63.775,7.00925046820051,0.591121129699784));
#17575=CARTESIAN_POINT('',(60.2,5.23862429195548,0.116683275677521));
#17576=CARTESIAN_POINT('',(60.2,6.12393738007799,0.353902202688652));
#17577=CARTESIAN_POINT('',(60.4,4.90401777046035,0.0270257284607161));
#17578=CARTESIAN_POINT('Origin',(60.6,5.23862429195548,0.116683275677519));
#17579=CARTESIAN_POINT('',(63.575,3.13339159421532,-0.447412125561545));
#17580=CARTESIAN_POINT('',(62.78125,3.57604813827658,-0.328802662055979));
#17581=CARTESIAN_POINT('',(63.975,3.13339159421532,-0.447412125561545));
#17582=CARTESIAN_POINT('Origin',(63.775,3.46799811571045,-0.35775457834474));
#17583=CARTESIAN_POINT('',(67.15,4.90401777046035,0.0270257284607155));
#17584=CARTESIAN_POINT('',(66.35625,4.4613612263991,-0.0915837350448485));
#17585=CARTESIAN_POINT('',(67.35,5.23862429195548,0.116683275677522));
#17586=CARTESIAN_POINT('Origin',(66.95,5.23862429195548,0.116683275677519));
#17587=CARTESIAN_POINT('',(67.35,8.77987664444553,1.06555898372204));
#17588=CARTESIAN_POINT('',(67.35,7.89456355632302,0.828340056710914));
#17589=CARTESIAN_POINT('',(67.15,9.11448316594065,1.15521653093885));
#17590=CARTESIAN_POINT('Origin',(66.95,8.77987664444553,1.06555898372204));
#17591=CARTESIAN_POINT('',(63.975,10.8851093421857,1.62965438496111));
#17592=CARTESIAN_POINT('',(64.76875,10.4424527981244,1.51104492145554));
#17593=CARTESIAN_POINT('',(63.575,10.8851093421857,1.62965438496111));
#17594=CARTESIAN_POINT('Origin',(63.775,10.5505028206906,1.53999683774431));
#17595=CARTESIAN_POINT('',(61.19375,9.55713971000191,1.27382599444442));
#17596=CARTESIAN_POINT('Origin',(60.2,1.95162241915347,12.3839412695487));
#17597=CARTESIAN_POINT('',(60.2,1.95162241915347,12.3839412695487));
#17598=CARTESIAN_POINT('Origin',(60.6,1.95162241915347,12.3839412695487));
#17599=CARTESIAN_POINT('',(60.4,1.61701589765835,12.2942837223319));
#17600=CARTESIAN_POINT('Origin',(63.775,0.180996242908443,11.9095034155264));
#17601=CARTESIAN_POINT('',(63.575,-0.15361027858668,11.8198458683096));
#17602=CARTESIAN_POINT('',(63.975,-0.15361027858668,11.8198458683096));
#17603=CARTESIAN_POINT('Origin',(67.15,1.61701589765834,12.2942837223319));
#17604=CARTESIAN_POINT('',(67.15,1.61701589765835,12.2942837223319));
#17605=CARTESIAN_POINT('Origin',(66.95,1.95162241915347,12.3839412695487));
#17606=CARTESIAN_POINT('',(67.35,1.95162241915347,12.3839412695487));
#17607=CARTESIAN_POINT('Origin',(66.95,5.49287477164352,13.3328169775932));
#17608=CARTESIAN_POINT('',(67.35,5.49287477164352,13.3328169775932));
#17609=CARTESIAN_POINT('',(67.15,5.82748129313864,13.42247452481));
#17610=CARTESIAN_POINT('Origin',(63.975,7.59810746938367,13.8969123788323));
#17611=CARTESIAN_POINT('',(63.975,7.59810746938367,13.8969123788323));
#17612=CARTESIAN_POINT('Origin',(63.775,7.26350094788855,13.8072548316155));
#17613=CARTESIAN_POINT('',(63.575,7.59810746938367,13.8969123788323));
#17614=CARTESIAN_POINT('Origin',(60.4,5.82748129313864,13.42247452481));
#17615=CARTESIAN_POINT('Origin',(63.575,-0.153610278586682,11.8198458683096));
#17616=CARTESIAN_POINT('Origin',(67.35,5.49287477164352,13.3328169775932));
#17617=CARTESIAN_POINT('Origin',(69.95,5.49287477164352,13.3328169775932));
#17618=CARTESIAN_POINT('',(69.75,9.11448316594065,1.15521653093885));
#17619=CARTESIAN_POINT('',(69.55,8.77987664444553,1.06555898372204));
#17620=CARTESIAN_POINT('Origin',(69.95,8.77987664444553,1.06555898372204));
#17621=CARTESIAN_POINT('',(69.75,5.82748129313865,13.42247452481));
#17622=CARTESIAN_POINT('',(69.55,5.49287477164352,13.3328169775932));
#17623=CARTESIAN_POINT('Origin',(73.125,7.00925046820051,0.591121129699784));
#17624=CARTESIAN_POINT('',(69.55,5.23862429195548,0.116683275677522));
#17625=CARTESIAN_POINT('',(69.55,6.12393738007799,0.353902202688652));
#17626=CARTESIAN_POINT('',(69.75,4.90401777046035,0.0270257284607163));
#17627=CARTESIAN_POINT('Origin',(69.95,5.23862429195548,0.116683275677519));
#17628=CARTESIAN_POINT('',(72.925,3.13339159421533,-0.447412125561544));
#17629=CARTESIAN_POINT('',(72.13125,3.57604813827658,-0.328802662055979));
#17630=CARTESIAN_POINT('',(73.325,3.13339159421532,-0.447412125561545));
#17631=CARTESIAN_POINT('Origin',(73.125,3.46799811571045,-0.357754578344739));
#17632=CARTESIAN_POINT('',(76.5,4.90401777046035,0.0270257284607157));
#17633=CARTESIAN_POINT('',(75.70625,4.4613612263991,-0.0915837350448483));
#17634=CARTESIAN_POINT('',(76.7,5.23862429195548,0.116683275677522));
#17635=CARTESIAN_POINT('Origin',(76.3,5.23862429195548,0.116683275677519));
#17636=CARTESIAN_POINT('',(76.7,8.77987664444553,1.06555898372204));
#17637=CARTESIAN_POINT('',(76.7,7.89456355632302,0.828340056710914));
#17638=CARTESIAN_POINT('',(76.5,9.11448316594065,1.15521653093885));
#17639=CARTESIAN_POINT('Origin',(76.3,8.77987664444553,1.06555898372204));
#17640=CARTESIAN_POINT('',(73.325,10.8851093421857,1.62965438496111));
#17641=CARTESIAN_POINT('',(74.11875,10.4424527981244,1.51104492145554));
#17642=CARTESIAN_POINT('',(72.925,10.8851093421857,1.62965438496111));
#17643=CARTESIAN_POINT('Origin',(73.125,10.5505028206906,1.53999683774431));
#17644=CARTESIAN_POINT('',(70.54375,9.55713971000191,1.27382599444442));
#17645=CARTESIAN_POINT('Origin',(69.55,1.95162241915347,12.3839412695487));
#17646=CARTESIAN_POINT('',(69.55,1.95162241915347,12.3839412695487));
#17647=CARTESIAN_POINT('Origin',(69.95,1.95162241915347,12.3839412695487));
#17648=CARTESIAN_POINT('',(69.75,1.61701589765835,12.2942837223319));
#17649=CARTESIAN_POINT('Origin',(73.125,0.180996242908444,11.9095034155264));
#17650=CARTESIAN_POINT('',(72.925,-0.153610278586679,11.8198458683096));
#17651=CARTESIAN_POINT('',(73.325,-0.153610278586679,11.8198458683096));
#17652=CARTESIAN_POINT('Origin',(76.5,1.61701589765834,12.2942837223319));
#17653=CARTESIAN_POINT('',(76.5,1.61701589765835,12.2942837223319));
#17654=CARTESIAN_POINT('Origin',(76.3,1.95162241915347,12.3839412695487));
#17655=CARTESIAN_POINT('',(76.7,1.95162241915347,12.3839412695487));
#17656=CARTESIAN_POINT('Origin',(76.3,5.49287477164352,13.3328169775932));
#17657=CARTESIAN_POINT('',(76.7,5.49287477164352,13.3328169775932));
#17658=CARTESIAN_POINT('',(76.5,5.82748129313864,13.42247452481));
#17659=CARTESIAN_POINT('Origin',(73.325,7.59810746938367,13.8969123788323));
#17660=CARTESIAN_POINT('',(73.325,7.59810746938367,13.8969123788323));
#17661=CARTESIAN_POINT('Origin',(73.125,7.26350094788855,13.8072548316155));
#17662=CARTESIAN_POINT('',(72.925,7.59810746938367,13.8969123788323));
#17663=CARTESIAN_POINT('Origin',(69.75,5.82748129313864,13.42247452481));
#17664=CARTESIAN_POINT('Origin',(72.925,-0.153610278586681,11.8198458683096));
#17665=CARTESIAN_POINT('Origin',(76.7,5.49287477164352,13.3328169775932));
#17666=CARTESIAN_POINT('Origin',(79.3,5.49287477164352,13.3328169775932));
#17667=CARTESIAN_POINT('',(79.1,9.11448316594066,1.15521653093885));
#17668=CARTESIAN_POINT('',(78.9,8.77987664444553,1.06555898372204));
#17669=CARTESIAN_POINT('Origin',(79.3,8.77987664444553,1.06555898372204));
#17670=CARTESIAN_POINT('',(79.1,5.82748129313865,13.42247452481));
#17671=CARTESIAN_POINT('',(78.9,5.49287477164352,13.3328169775932));
#17672=CARTESIAN_POINT('Origin',(82.475,7.00925046820051,0.591121129699784));
#17673=CARTESIAN_POINT('',(78.9,5.23862429195548,0.116683275677522));
#17674=CARTESIAN_POINT('',(78.9,6.12393738007799,0.353902202688653));
#17675=CARTESIAN_POINT('',(79.1,4.90401777046035,0.0270257284607165));
#17676=CARTESIAN_POINT('Origin',(79.3,5.23862429195548,0.116683275677519));
#17677=CARTESIAN_POINT('',(82.275,3.13339159421533,-0.447412125561544));
#17678=CARTESIAN_POINT('',(81.48125,3.57604813827658,-0.328802662055978));
#17679=CARTESIAN_POINT('',(82.675,3.13339159421532,-0.447412125561545));
#17680=CARTESIAN_POINT('Origin',(82.475,3.46799811571045,-0.357754578344739));
#17681=CARTESIAN_POINT('',(85.85,4.90401777046035,0.0270257284607159));
#17682=CARTESIAN_POINT('',(85.05625,4.4613612263991,-0.0915837350448481));
#17683=CARTESIAN_POINT('',(86.05,5.23862429195548,0.116683275677522));
#17684=CARTESIAN_POINT('Origin',(85.65,5.23862429195548,0.116683275677519));
#17685=CARTESIAN_POINT('',(86.05,8.77987664444553,1.06555898372204));
#17686=CARTESIAN_POINT('',(86.05,7.89456355632302,0.828340056710914));
#17687=CARTESIAN_POINT('',(85.85,9.11448316594065,1.15521653093885));
#17688=CARTESIAN_POINT('Origin',(85.65,8.77987664444553,1.06555898372204));
#17689=CARTESIAN_POINT('',(82.675,10.8851093421857,1.62965438496111));
#17690=CARTESIAN_POINT('',(83.46875,10.4424527981244,1.51104492145555));
#17691=CARTESIAN_POINT('',(82.275,10.8851093421857,1.62965438496111));
#17692=CARTESIAN_POINT('Origin',(82.475,10.5505028206906,1.53999683774431));
#17693=CARTESIAN_POINT('',(79.89375,9.55713971000191,1.27382599444442));
#17694=CARTESIAN_POINT('Origin',(78.9,1.95162241915347,12.3839412695487));
#17695=CARTESIAN_POINT('',(78.9,1.95162241915347,12.3839412695487));
#17696=CARTESIAN_POINT('Origin',(79.3,1.95162241915347,12.3839412695487));
#17697=CARTESIAN_POINT('',(79.1,1.61701589765835,12.2942837223319));
#17698=CARTESIAN_POINT('Origin',(82.475,0.180996242908444,11.9095034155264));
#17699=CARTESIAN_POINT('',(82.275,-0.153610278586679,11.8198458683096));
#17700=CARTESIAN_POINT('',(82.675,-0.153610278586679,11.8198458683096));
#17701=CARTESIAN_POINT('Origin',(85.85,1.61701589765834,12.2942837223319));
#17702=CARTESIAN_POINT('',(85.85,1.61701589765835,12.2942837223319));
#17703=CARTESIAN_POINT('Origin',(85.65,1.95162241915347,12.3839412695487));
#17704=CARTESIAN_POINT('',(86.05,1.95162241915347,12.3839412695487));
#17705=CARTESIAN_POINT('Origin',(85.65,5.49287477164352,13.3328169775932));
#17706=CARTESIAN_POINT('',(86.05,5.49287477164352,13.3328169775932));
#17707=CARTESIAN_POINT('',(85.85,5.82748129313865,13.42247452481));
#17708=CARTESIAN_POINT('Origin',(82.675,7.59810746938367,13.8969123788323));
#17709=CARTESIAN_POINT('',(82.675,7.59810746938367,13.8969123788323));
#17710=CARTESIAN_POINT('Origin',(82.475,7.26350094788855,13.8072548316155));
#17711=CARTESIAN_POINT('',(82.275,7.59810746938367,13.8969123788323));
#17712=CARTESIAN_POINT('Origin',(79.1,5.82748129313864,13.42247452481));
#17713=CARTESIAN_POINT('Origin',(82.275,-0.153610278586681,11.8198458683096));
#17714=CARTESIAN_POINT('Origin',(86.05,5.49287477164352,13.3328169775932));
#17715=CARTESIAN_POINT('Origin',(88.65,5.49287477164352,13.3328169775932));
#17716=CARTESIAN_POINT('',(88.45,9.11448316594066,1.15521653093885));
#17717=CARTESIAN_POINT('',(88.25,8.77987664444553,1.06555898372204));
#17718=CARTESIAN_POINT('Origin',(88.65,8.77987664444553,1.06555898372204));
#17719=CARTESIAN_POINT('',(88.45,5.82748129313865,13.42247452481));
#17720=CARTESIAN_POINT('',(88.25,5.49287477164352,13.3328169775932));
#17721=CARTESIAN_POINT('Origin',(91.825,7.00925046820051,0.591121129699784));
#17722=CARTESIAN_POINT('',(88.25,5.23862429195548,0.116683275677522));
#17723=CARTESIAN_POINT('',(88.25,6.12393738007799,0.353902202688653));
#17724=CARTESIAN_POINT('',(88.45,4.90401777046035,0.0270257284607167));
#17725=CARTESIAN_POINT('Origin',(88.65,5.23862429195548,0.116683275677519));
#17726=CARTESIAN_POINT('',(91.625,3.13339159421533,-0.447412125561544));
#17727=CARTESIAN_POINT('',(90.83125,3.57604813827659,-0.328802662055978));
#17728=CARTESIAN_POINT('',(92.025,3.13339159421532,-0.447412125561545));
#17729=CARTESIAN_POINT('Origin',(91.825,3.46799811571045,-0.357754578344739));
#17730=CARTESIAN_POINT('',(95.2,4.90401777046035,0.0270257284607161));
#17731=CARTESIAN_POINT('',(94.40625,4.4613612263991,-0.0915837350448479));
#17732=CARTESIAN_POINT('',(95.4,5.23862429195548,0.116683275677523));
#17733=CARTESIAN_POINT('Origin',(95.,5.23862429195548,0.116683275677519));
#17734=CARTESIAN_POINT('',(95.4,8.77987664444553,1.06555898372204));
#17735=CARTESIAN_POINT('',(95.4,7.89456355632302,0.828340056710914));
#17736=CARTESIAN_POINT('',(95.2,9.11448316594065,1.15521653093885));
#17737=CARTESIAN_POINT('Origin',(95.,8.77987664444553,1.06555898372204));
#17738=CARTESIAN_POINT('',(92.025,10.8851093421857,1.62965438496111));
#17739=CARTESIAN_POINT('',(92.81875,10.4424527981244,1.51104492145555));
#17740=CARTESIAN_POINT('',(91.625,10.8851093421857,1.62965438496111));
#17741=CARTESIAN_POINT('Origin',(91.825,10.5505028206906,1.53999683774431));
#17742=CARTESIAN_POINT('',(89.24375,9.55713971000191,1.27382599444442));
#17743=CARTESIAN_POINT('Origin',(88.25,1.95162241915347,12.3839412695487));
#17744=CARTESIAN_POINT('',(88.25,1.95162241915347,12.3839412695487));
#17745=CARTESIAN_POINT('Origin',(88.65,1.95162241915347,12.3839412695487));
#17746=CARTESIAN_POINT('',(88.45,1.61701589765835,12.2942837223319));
#17747=CARTESIAN_POINT('Origin',(91.825,0.180996242908445,11.9095034155264));
#17748=CARTESIAN_POINT('',(91.625,-0.153610278586678,11.8198458683096));
#17749=CARTESIAN_POINT('',(92.025,-0.153610278586678,11.8198458683096));
#17750=CARTESIAN_POINT('Origin',(95.2,1.61701589765835,12.2942837223319));
#17751=CARTESIAN_POINT('',(95.2,1.61701589765835,12.2942837223319));
#17752=CARTESIAN_POINT('Origin',(95.,1.95162241915347,12.3839412695487));
#17753=CARTESIAN_POINT('',(95.4,1.95162241915347,12.3839412695487));
#17754=CARTESIAN_POINT('Origin',(95.,5.49287477164352,13.3328169775932));
#17755=CARTESIAN_POINT('',(95.4,5.49287477164352,13.3328169775932));
#17756=CARTESIAN_POINT('',(95.2,5.82748129313865,13.42247452481));
#17757=CARTESIAN_POINT('Origin',(92.025,7.59810746938367,13.8969123788323));
#17758=CARTESIAN_POINT('',(92.025,7.59810746938367,13.8969123788323));
#17759=CARTESIAN_POINT('Origin',(91.825,7.26350094788855,13.8072548316155));
#17760=CARTESIAN_POINT('',(91.625,7.59810746938367,13.8969123788323));
#17761=CARTESIAN_POINT('Origin',(88.45,5.82748129313864,13.42247452481));
#17762=CARTESIAN_POINT('Origin',(91.625,-0.15361027858668,11.8198458683096));
#17763=CARTESIAN_POINT('Origin',(95.4,5.49287477164352,13.3328169775932));
#17764=CARTESIAN_POINT('Origin',(4.49999999999987,17.046124303443,19.7155027323961));
#17765=CARTESIAN_POINT('',(4.29999999999987,20.6677326977402,7.53790228574179));
#17766=CARTESIAN_POINT('',(4.09999999999988,20.3331261762451,7.44824473852498));
#17767=CARTESIAN_POINT('Origin',(4.49999999999987,20.3331261762451,7.44824473852498));
#17768=CARTESIAN_POINT('',(4.29999999999987,17.3807308249382,19.805160279613));
#17769=CARTESIAN_POINT('',(4.09999999999987,17.046124303443,19.7155027323961));
#17770=CARTESIAN_POINT('Origin',(7.67499999999993,18.5625,6.97380688450271));
#17771=CARTESIAN_POINT('',(4.09999999999988,16.7918738237549,6.49936903048044));
#17772=CARTESIAN_POINT('',(4.09999999999988,17.6771869118775,6.73658795749157));
#17773=CARTESIAN_POINT('',(4.29999999999987,16.4572673022598,6.40971148326363));
#17774=CARTESIAN_POINT('Origin',(4.49999999999987,16.7918738237549,6.49936903048044));
#17775=CARTESIAN_POINT('',(7.47499999999993,14.6866411260148,5.93527362924136));
#17776=CARTESIAN_POINT('',(6.68124999999992,15.129297670076,6.05388309274693));
#17777=CARTESIAN_POINT('',(7.87499999999992,14.6866411260148,5.93527362924136));
#17778=CARTESIAN_POINT('Origin',(7.67499999999992,15.0212476475099,6.02493117645817));
#17779=CARTESIAN_POINT('',(11.05,16.4572673022598,6.40971148326364));
#17780=CARTESIAN_POINT('',(10.25625,16.0146107581986,6.29110201975807));
#17781=CARTESIAN_POINT('',(11.25,16.7918738237549,6.49936903048044));
#17782=CARTESIAN_POINT('Origin',(10.85,16.7918738237549,6.49936903048044));
#17783=CARTESIAN_POINT('',(11.25,20.3331261762451,7.44824473852498));
#17784=CARTESIAN_POINT('',(11.25,19.4478130881225,7.21102581151385));
#17785=CARTESIAN_POINT('',(11.05,20.6677326977402,7.53790228574179));
#17786=CARTESIAN_POINT('Origin',(10.85,20.3331261762451,7.44824473852498));
#17787=CARTESIAN_POINT('',(7.87499999999993,22.4383588739852,8.01234013976406));
#17788=CARTESIAN_POINT('',(8.66874999999994,21.995702329924,7.89373067625849));
#17789=CARTESIAN_POINT('',(7.47499999999993,22.4383588739852,8.01234013976406));
#17790=CARTESIAN_POINT('Origin',(7.67499999999993,22.1037523524901,7.92268259254725));
#17791=CARTESIAN_POINT('',(5.09374999999989,21.1103892418014,7.65651174924735));
#17792=CARTESIAN_POINT('Origin',(4.09999999999987,13.5048719509529,18.7666270243516));
#17793=CARTESIAN_POINT('',(4.09999999999987,13.5048719509529,18.7666270243516));
#17794=CARTESIAN_POINT('Origin',(4.49999999999987,13.5048719509529,18.7666270243516));
#17795=CARTESIAN_POINT('',(4.29999999999987,13.1702654294578,18.6769694771348));
#17796=CARTESIAN_POINT('Origin',(7.67499999999992,11.7342457747079,18.2921891703293));
#17797=CARTESIAN_POINT('',(7.47499999999993,11.3996392532127,18.2025316231125));
#17798=CARTESIAN_POINT('',(7.87499999999992,11.3996392532127,18.2025316231125));
#17799=CARTESIAN_POINT('Origin',(11.05,13.1702654294578,18.6769694771348));
#17800=CARTESIAN_POINT('',(11.05,13.1702654294578,18.6769694771348));
#17801=CARTESIAN_POINT('Origin',(10.85,13.5048719509529,18.7666270243516));
#17802=CARTESIAN_POINT('',(11.25,13.5048719509529,18.7666270243516));
#17803=CARTESIAN_POINT('Origin',(10.85,17.046124303443,19.7155027323961));
#17804=CARTESIAN_POINT('',(11.25,17.046124303443,19.7155027323961));
#17805=CARTESIAN_POINT('',(11.05,17.3807308249382,19.805160279613));
#17806=CARTESIAN_POINT('Origin',(7.87499999999993,19.1513570011832,20.2795981336352));
#17807=CARTESIAN_POINT('',(7.87499999999993,19.1513570011832,20.2795981336352));
#17808=CARTESIAN_POINT('Origin',(7.67499999999993,18.8167504796881,20.1899405864184));
#17809=CARTESIAN_POINT('',(7.47499999999993,19.1513570011832,20.2795981336352));
#17810=CARTESIAN_POINT('Origin',(4.29999999999987,17.3807308249382,19.805160279613));
#17811=CARTESIAN_POINT('Origin',(7.47499999999993,11.3996392532127,18.2025316231125));
#17812=CARTESIAN_POINT('Origin',(11.25,17.046124303443,19.7155027323961));
#17813=CARTESIAN_POINT('Origin',(13.8499999999999,17.046124303443,19.7155027323961));
#17814=CARTESIAN_POINT('',(13.6499999999999,20.6677326977402,7.53790228574179));
#17815=CARTESIAN_POINT('',(13.4499999999999,20.3331261762451,7.44824473852498));
#17816=CARTESIAN_POINT('Origin',(13.8499999999999,20.3331261762451,7.44824473852498));
#17817=CARTESIAN_POINT('',(13.6499999999999,17.3807308249382,19.805160279613));
#17818=CARTESIAN_POINT('',(13.4499999999999,17.046124303443,19.7155027323961));
#17819=CARTESIAN_POINT('Origin',(17.0249999999999,18.5625,6.97380688450271));
#17820=CARTESIAN_POINT('',(13.4499999999999,16.7918738237549,6.49936903048044));
#17821=CARTESIAN_POINT('',(13.4499999999999,17.6771869118775,6.73658795749157));
#17822=CARTESIAN_POINT('',(13.6499999999999,16.4572673022598,6.40971148326363));
#17823=CARTESIAN_POINT('Origin',(13.8499999999999,16.7918738237549,6.49936903048044));
#17824=CARTESIAN_POINT('',(16.8249999999999,14.6866411260148,5.93527362924136));
#17825=CARTESIAN_POINT('',(16.0312499999999,15.129297670076,6.05388309274693));
#17826=CARTESIAN_POINT('',(17.2249999999999,14.6866411260148,5.93527362924136));
#17827=CARTESIAN_POINT('Origin',(17.0249999999999,15.0212476475099,6.02493117645817));
#17828=CARTESIAN_POINT('',(20.4,16.4572673022598,6.40971148326364));
#17829=CARTESIAN_POINT('',(19.60625,16.0146107581986,6.29110201975807));
#17830=CARTESIAN_POINT('',(20.6,16.7918738237549,6.49936903048044));
#17831=CARTESIAN_POINT('Origin',(20.2,16.7918738237549,6.49936903048044));
#17832=CARTESIAN_POINT('',(20.6,20.3331261762451,7.44824473852498));
#17833=CARTESIAN_POINT('',(20.6,19.4478130881225,7.21102581151385));
#17834=CARTESIAN_POINT('',(20.4,20.6677326977402,7.53790228574179));
#17835=CARTESIAN_POINT('Origin',(20.2,20.3331261762451,7.44824473852498));
#17836=CARTESIAN_POINT('',(17.2249999999999,22.4383588739852,8.01234013976406));
#17837=CARTESIAN_POINT('',(18.0187499999999,21.995702329924,7.89373067625849));
#17838=CARTESIAN_POINT('',(16.8249999999999,22.4383588739852,8.01234013976406));
#17839=CARTESIAN_POINT('Origin',(17.0249999999999,22.1037523524901,7.92268259254725));
#17840=CARTESIAN_POINT('',(14.4437499999999,21.1103892418015,7.65651174924735));
#17841=CARTESIAN_POINT('Origin',(13.4499999999999,13.5048719509529,18.7666270243516));
#17842=CARTESIAN_POINT('',(13.4499999999999,13.5048719509529,18.7666270243516));
#17843=CARTESIAN_POINT('Origin',(13.8499999999999,13.5048719509529,18.7666270243516));
#17844=CARTESIAN_POINT('',(13.6499999999999,13.1702654294578,18.6769694771348));
#17845=CARTESIAN_POINT('Origin',(17.0249999999999,11.7342457747079,18.2921891703293));
#17846=CARTESIAN_POINT('',(16.8249999999999,11.3996392532128,18.2025316231125));
#17847=CARTESIAN_POINT('',(17.2249999999999,11.3996392532127,18.2025316231125));
#17848=CARTESIAN_POINT('Origin',(20.4,13.1702654294578,18.6769694771348));
#17849=CARTESIAN_POINT('',(20.4,13.1702654294578,18.6769694771348));
#17850=CARTESIAN_POINT('Origin',(20.2,13.5048719509529,18.7666270243516));
#17851=CARTESIAN_POINT('',(20.6,13.5048719509529,18.7666270243516));
#17852=CARTESIAN_POINT('Origin',(20.2,17.0461243034431,19.7155027323961));
#17853=CARTESIAN_POINT('',(20.6,17.0461243034431,19.7155027323961));
#17854=CARTESIAN_POINT('',(20.4,17.3807308249382,19.805160279613));
#17855=CARTESIAN_POINT('Origin',(17.2249999999999,19.1513570011832,20.2795981336352));
#17856=CARTESIAN_POINT('',(17.2249999999999,19.1513570011832,20.2795981336352));
#17857=CARTESIAN_POINT('Origin',(17.0249999999999,18.8167504796881,20.1899405864184));
#17858=CARTESIAN_POINT('',(16.8249999999999,19.1513570011832,20.2795981336352));
#17859=CARTESIAN_POINT('Origin',(13.6499999999999,17.3807308249382,19.805160279613));
#17860=CARTESIAN_POINT('Origin',(16.8249999999999,11.3996392532127,18.2025316231125));
#17861=CARTESIAN_POINT('Origin',(20.6,17.0461243034431,19.7155027323961));
#17862=CARTESIAN_POINT('Origin',(23.1999999999999,17.046124303443,19.7155027323961));
#17863=CARTESIAN_POINT('',(22.9999999999999,20.6677326977402,7.53790228574179));
#17864=CARTESIAN_POINT('',(22.7999999999999,20.3331261762451,7.44824473852498));
#17865=CARTESIAN_POINT('Origin',(23.1999999999999,20.3331261762451,7.44824473852498));
#17866=CARTESIAN_POINT('',(22.9999999999999,17.3807308249382,19.805160279613));
#17867=CARTESIAN_POINT('',(22.7999999999999,17.046124303443,19.7155027323961));
#17868=CARTESIAN_POINT('Origin',(26.3749999999999,18.5625,6.97380688450271));
#17869=CARTESIAN_POINT('',(22.7999999999999,16.7918738237549,6.49936903048044));
#17870=CARTESIAN_POINT('',(22.7999999999999,17.6771869118775,6.73658795749158));
#17871=CARTESIAN_POINT('',(22.9999999999999,16.4572673022598,6.40971148326364));
#17872=CARTESIAN_POINT('Origin',(23.1999999999999,16.7918738237549,6.49936903048044));
#17873=CARTESIAN_POINT('',(26.1749999999999,14.6866411260148,5.93527362924136));
#17874=CARTESIAN_POINT('',(25.3812499999999,15.129297670076,6.05388309274693));
#17875=CARTESIAN_POINT('',(26.5749999999999,14.6866411260148,5.93527362924136));
#17876=CARTESIAN_POINT('Origin',(26.3749999999999,15.0212476475099,6.02493117645817));
#17877=CARTESIAN_POINT('',(29.75,16.4572673022598,6.40971148326364));
#17878=CARTESIAN_POINT('',(28.95625,16.0146107581986,6.29110201975807));
#17879=CARTESIAN_POINT('',(29.95,16.7918738237549,6.49936903048044));
#17880=CARTESIAN_POINT('Origin',(29.55,16.7918738237549,6.49936903048044));
#17881=CARTESIAN_POINT('',(29.95,20.3331261762451,7.44824473852498));
#17882=CARTESIAN_POINT('',(29.95,19.4478130881225,7.21102581151385));
#17883=CARTESIAN_POINT('',(29.75,20.6677326977402,7.53790228574179));
#17884=CARTESIAN_POINT('Origin',(29.55,20.3331261762451,7.44824473852499));
#17885=CARTESIAN_POINT('',(26.5749999999999,22.4383588739852,8.01234013976406));
#17886=CARTESIAN_POINT('',(27.3687499999999,21.995702329924,7.89373067625849));
#17887=CARTESIAN_POINT('',(26.1749999999999,22.4383588739852,8.01234013976406));
#17888=CARTESIAN_POINT('Origin',(26.3749999999999,22.1037523524901,7.92268259254725));
#17889=CARTESIAN_POINT('',(23.7937499999999,21.1103892418015,7.65651174924736));
#17890=CARTESIAN_POINT('Origin',(22.7999999999999,13.5048719509529,18.7666270243516));
#17891=CARTESIAN_POINT('',(22.7999999999999,13.5048719509529,18.7666270243516));
#17892=CARTESIAN_POINT('Origin',(23.1999999999999,13.5048719509529,18.7666270243516));
#17893=CARTESIAN_POINT('',(22.9999999999999,13.1702654294578,18.6769694771348));
#17894=CARTESIAN_POINT('Origin',(26.3749999999999,11.7342457747079,18.2921891703293));
#17895=CARTESIAN_POINT('',(26.1749999999999,11.3996392532128,18.2025316231125));
#17896=CARTESIAN_POINT('',(26.5749999999999,11.3996392532127,18.2025316231125));
#17897=CARTESIAN_POINT('Origin',(29.75,13.1702654294578,18.6769694771348));
#17898=CARTESIAN_POINT('',(29.75,13.1702654294578,18.6769694771348));
#17899=CARTESIAN_POINT('Origin',(29.55,13.5048719509529,18.7666270243516));
#17900=CARTESIAN_POINT('',(29.95,13.5048719509529,18.7666270243516));
#17901=CARTESIAN_POINT('Origin',(29.55,17.0461243034431,19.7155027323961));
#17902=CARTESIAN_POINT('',(29.95,17.0461243034431,19.7155027323961));
#17903=CARTESIAN_POINT('',(29.75,17.3807308249382,19.805160279613));
#17904=CARTESIAN_POINT('Origin',(26.5749999999999,19.1513570011832,20.2795981336352));
#17905=CARTESIAN_POINT('',(26.5749999999999,19.1513570011832,20.2795981336352));
#17906=CARTESIAN_POINT('Origin',(26.3749999999999,18.8167504796881,20.1899405864184));
#17907=CARTESIAN_POINT('',(26.1749999999999,19.1513570011832,20.2795981336352));
#17908=CARTESIAN_POINT('Origin',(22.9999999999999,17.3807308249382,19.805160279613));
#17909=CARTESIAN_POINT('Origin',(26.1749999999999,11.3996392532127,18.2025316231125));
#17910=CARTESIAN_POINT('Origin',(29.95,17.0461243034431,19.7155027323961));
#17911=CARTESIAN_POINT('Origin',(32.5499999999999,17.046124303443,19.7155027323961));
#17912=CARTESIAN_POINT('',(32.3499999999999,20.6677326977402,7.53790228574179));
#17913=CARTESIAN_POINT('',(32.1499999999999,20.3331261762451,7.44824473852498));
#17914=CARTESIAN_POINT('Origin',(32.5499999999999,20.3331261762451,7.44824473852498));
#17915=CARTESIAN_POINT('',(32.3499999999999,17.3807308249382,19.805160279613));
#17916=CARTESIAN_POINT('',(32.1499999999999,17.046124303443,19.7155027323961));
#17917=CARTESIAN_POINT('Origin',(35.7249999999999,18.5625,6.97380688450271));
#17918=CARTESIAN_POINT('',(32.1499999999999,16.7918738237549,6.49936903048044));
#17919=CARTESIAN_POINT('',(32.1499999999999,17.6771869118775,6.73658795749158));
#17920=CARTESIAN_POINT('',(32.3499999999999,16.4572673022598,6.40971148326364));
#17921=CARTESIAN_POINT('Origin',(32.5499999999999,16.7918738237549,6.49936903048044));
#17922=CARTESIAN_POINT('',(35.5249999999999,14.6866411260148,5.93527362924136));
#17923=CARTESIAN_POINT('',(34.7312499999999,15.129297670076,6.05388309274693));
#17924=CARTESIAN_POINT('',(35.9249999999999,14.6866411260148,5.93527362924136));
#17925=CARTESIAN_POINT('Origin',(35.7249999999999,15.0212476475099,6.02493117645817));
#17926=CARTESIAN_POINT('',(39.1,16.4572673022598,6.40971148326364));
#17927=CARTESIAN_POINT('',(38.30625,16.0146107581986,6.29110201975807));
#17928=CARTESIAN_POINT('',(39.3,16.7918738237549,6.49936903048044));
#17929=CARTESIAN_POINT('Origin',(38.9,16.7918738237549,6.49936903048044));
#17930=CARTESIAN_POINT('',(39.3,20.3331261762451,7.44824473852498));
#17931=CARTESIAN_POINT('',(39.3,19.4478130881225,7.21102581151385));
#17932=CARTESIAN_POINT('',(39.1,20.6677326977402,7.53790228574179));
#17933=CARTESIAN_POINT('Origin',(38.9,20.3331261762451,7.44824473852499));
#17934=CARTESIAN_POINT('',(35.9249999999999,22.4383588739852,8.01234013976406));
#17935=CARTESIAN_POINT('',(36.7187499999999,21.995702329924,7.89373067625849));
#17936=CARTESIAN_POINT('',(35.5249999999999,22.4383588739853,8.01234013976406));
#17937=CARTESIAN_POINT('Origin',(35.7249999999999,22.1037523524901,7.92268259254725));
#17938=CARTESIAN_POINT('',(33.1437499999999,21.1103892418015,7.65651174924736));
#17939=CARTESIAN_POINT('Origin',(32.1499999999999,13.5048719509529,18.7666270243516));
#17940=CARTESIAN_POINT('',(32.1499999999999,13.5048719509529,18.7666270243516));
#17941=CARTESIAN_POINT('Origin',(32.5499999999999,13.5048719509529,18.7666270243516));
#17942=CARTESIAN_POINT('',(32.3499999999999,13.1702654294578,18.6769694771348));
#17943=CARTESIAN_POINT('Origin',(35.7249999999999,11.7342457747079,18.2921891703293));
#17944=CARTESIAN_POINT('',(35.5249999999999,11.3996392532128,18.2025316231125));
#17945=CARTESIAN_POINT('',(35.9249999999999,11.3996392532127,18.2025316231125));
#17946=CARTESIAN_POINT('Origin',(39.1,13.1702654294578,18.6769694771348));
#17947=CARTESIAN_POINT('',(39.1,13.1702654294578,18.6769694771348));
#17948=CARTESIAN_POINT('Origin',(38.9,13.5048719509529,18.7666270243516));
#17949=CARTESIAN_POINT('',(39.3,13.5048719509529,18.7666270243516));
#17950=CARTESIAN_POINT('Origin',(38.9,17.0461243034431,19.7155027323961));
#17951=CARTESIAN_POINT('',(39.3,17.0461243034431,19.7155027323961));
#17952=CARTESIAN_POINT('',(39.1,17.3807308249382,19.805160279613));
#17953=CARTESIAN_POINT('Origin',(35.9249999999999,19.1513570011832,20.2795981336352));
#17954=CARTESIAN_POINT('',(35.9249999999999,19.1513570011832,20.2795981336352));
#17955=CARTESIAN_POINT('Origin',(35.7249999999999,18.8167504796881,20.1899405864184));
#17956=CARTESIAN_POINT('',(35.5249999999999,19.1513570011832,20.2795981336352));
#17957=CARTESIAN_POINT('Origin',(32.3499999999999,17.3807308249382,19.805160279613));
#17958=CARTESIAN_POINT('Origin',(35.5249999999999,11.3996392532127,18.2025316231125));
#17959=CARTESIAN_POINT('Origin',(39.3,17.0461243034431,19.7155027323961));
#17960=CARTESIAN_POINT('Origin',(51.2499999999999,17.0461243034431,19.7155027323961));
#17961=CARTESIAN_POINT('',(51.0499999999999,20.6677326977402,7.53790228574179));
#17962=CARTESIAN_POINT('',(50.8499999999999,20.3331261762451,7.44824473852498));
#17963=CARTESIAN_POINT('Origin',(51.2499999999999,20.3331261762451,7.44824473852498));
#17964=CARTESIAN_POINT('',(51.0499999999999,17.3807308249382,19.805160279613));
#17965=CARTESIAN_POINT('',(50.8499999999999,17.0461243034431,19.7155027323961));
#17966=CARTESIAN_POINT('Origin',(54.4249999999999,18.5625,6.97380688450271));
#17967=CARTESIAN_POINT('',(50.8499999999999,16.791873823755,6.49936903048044));
#17968=CARTESIAN_POINT('',(50.8499999999999,17.6771869118775,6.73658795749158));
#17969=CARTESIAN_POINT('',(51.0499999999999,16.4572673022598,6.40971148326364));
#17970=CARTESIAN_POINT('Origin',(51.2499999999999,16.791873823755,6.49936903048044));
#17971=CARTESIAN_POINT('',(54.2249999999999,14.6866411260148,5.93527362924136));
#17972=CARTESIAN_POINT('',(53.4312499999999,15.129297670076,6.05388309274693));
#17973=CARTESIAN_POINT('',(54.6249999999999,14.6866411260148,5.93527362924136));
#17974=CARTESIAN_POINT('Origin',(54.4249999999999,15.0212476475099,6.02493117645817));
#17975=CARTESIAN_POINT('',(57.8,16.4572673022598,6.40971148326364));
#17976=CARTESIAN_POINT('',(57.00625,16.0146107581986,6.29110201975807));
#17977=CARTESIAN_POINT('',(58.,16.791873823755,6.49936903048044));
#17978=CARTESIAN_POINT('Origin',(57.6,16.791873823755,6.49936903048044));
#17979=CARTESIAN_POINT('',(58.,20.3331261762451,7.44824473852498));
#17980=CARTESIAN_POINT('',(58.,19.4478130881225,7.21102581151385));
#17981=CARTESIAN_POINT('',(57.8,20.6677326977402,7.53790228574179));
#17982=CARTESIAN_POINT('Origin',(57.6,20.3331261762451,7.44824473852499));
#17983=CARTESIAN_POINT('',(54.6249999999999,22.4383588739852,8.01234013976406));
#17984=CARTESIAN_POINT('',(55.4187499999999,21.995702329924,7.89373067625849));
#17985=CARTESIAN_POINT('',(54.2249999999999,22.4383588739853,8.01234013976406));
#17986=CARTESIAN_POINT('Origin',(54.4249999999999,22.1037523524901,7.92268259254725));
#17987=CARTESIAN_POINT('',(51.8437499999999,21.1103892418015,7.65651174924736));
#17988=CARTESIAN_POINT('Origin',(50.8499999999999,13.5048719509529,18.7666270243516));
#17989=CARTESIAN_POINT('',(50.8499999999999,13.5048719509529,18.7666270243516));
#17990=CARTESIAN_POINT('Origin',(51.2499999999999,13.5048719509529,18.7666270243516));
#17991=CARTESIAN_POINT('',(51.0499999999999,13.1702654294578,18.6769694771348));
#17992=CARTESIAN_POINT('Origin',(54.4249999999999,11.7342457747079,18.2921891703293));
#17993=CARTESIAN_POINT('',(54.2249999999999,11.3996392532128,18.2025316231125));
#17994=CARTESIAN_POINT('',(54.6249999999999,11.3996392532128,18.2025316231125));
#17995=CARTESIAN_POINT('Origin',(57.8,13.1702654294578,18.6769694771348));
#17996=CARTESIAN_POINT('',(57.8,13.1702654294578,18.6769694771348));
#17997=CARTESIAN_POINT('Origin',(57.6,13.5048719509529,18.7666270243516));
#17998=CARTESIAN_POINT('',(58.,13.5048719509529,18.7666270243516));
#17999=CARTESIAN_POINT('Origin',(57.6,17.0461243034431,19.7155027323961));
#18000=CARTESIAN_POINT('',(58.,17.0461243034431,19.7155027323961));
#18001=CARTESIAN_POINT('',(57.8,17.3807308249382,19.805160279613));
#18002=CARTESIAN_POINT('Origin',(54.6249999999999,19.1513570011832,20.2795981336352));
#18003=CARTESIAN_POINT('',(54.6249999999999,19.1513570011832,20.2795981336352));
#18004=CARTESIAN_POINT('Origin',(54.4249999999999,18.8167504796881,20.1899405864184));
#18005=CARTESIAN_POINT('',(54.2249999999999,19.1513570011832,20.2795981336352));
#18006=CARTESIAN_POINT('Origin',(51.0499999999999,17.3807308249382,19.805160279613));
#18007=CARTESIAN_POINT('Origin',(54.2249999999999,11.3996392532128,18.2025316231125));
#18008=CARTESIAN_POINT('Origin',(58.,17.0461243034431,19.7155027323961));
#18009=CARTESIAN_POINT('Origin',(60.5999999999999,17.0461243034431,19.7155027323961));
#18010=CARTESIAN_POINT('',(60.3999999999999,20.6677326977402,7.53790228574179));
#18011=CARTESIAN_POINT('',(60.1999999999999,20.3331261762451,7.44824473852498));
#18012=CARTESIAN_POINT('Origin',(60.5999999999999,20.3331261762451,7.44824473852498));
#18013=CARTESIAN_POINT('',(60.3999999999999,17.3807308249382,19.805160279613));
#18014=CARTESIAN_POINT('',(60.1999999999999,17.0461243034431,19.7155027323961));
#18015=CARTESIAN_POINT('Origin',(63.7749999999999,18.5625,6.97380688450271));
#18016=CARTESIAN_POINT('',(60.1999999999999,16.791873823755,6.49936903048044));
#18017=CARTESIAN_POINT('',(60.1999999999999,17.6771869118775,6.73658795749158));
#18018=CARTESIAN_POINT('',(60.3999999999999,16.4572673022598,6.40971148326364));
#18019=CARTESIAN_POINT('Origin',(60.5999999999999,16.791873823755,6.49936903048044));
#18020=CARTESIAN_POINT('',(63.5749999999999,14.6866411260148,5.93527362924136));
#18021=CARTESIAN_POINT('',(62.7812499999999,15.129297670076,6.05388309274693));
#18022=CARTESIAN_POINT('',(63.9749999999999,14.6866411260148,5.93527362924136));
#18023=CARTESIAN_POINT('Origin',(63.7749999999999,15.0212476475099,6.02493117645817));
#18024=CARTESIAN_POINT('',(67.15,16.4572673022598,6.40971148326364));
#18025=CARTESIAN_POINT('',(66.35625,16.0146107581986,6.29110201975807));
#18026=CARTESIAN_POINT('',(67.35,16.791873823755,6.49936903048044));
#18027=CARTESIAN_POINT('Origin',(66.95,16.791873823755,6.49936903048044));
#18028=CARTESIAN_POINT('',(67.35,20.3331261762451,7.44824473852498));
#18029=CARTESIAN_POINT('',(67.35,19.4478130881225,7.21102581151385));
#18030=CARTESIAN_POINT('',(67.15,20.6677326977402,7.53790228574179));
#18031=CARTESIAN_POINT('Origin',(66.95,20.3331261762451,7.44824473852499));
#18032=CARTESIAN_POINT('',(63.9749999999999,22.4383588739853,8.01234013976406));
#18033=CARTESIAN_POINT('',(64.7687499999999,21.995702329924,7.89373067625849));
#18034=CARTESIAN_POINT('',(63.5749999999999,22.4383588739853,8.01234013976406));
#18035=CARTESIAN_POINT('Origin',(63.7749999999999,22.1037523524901,7.92268259254725));
#18036=CARTESIAN_POINT('',(61.1937499999999,21.1103892418015,7.65651174924736));
#18037=CARTESIAN_POINT('Origin',(60.1999999999999,13.5048719509529,18.7666270243516));
#18038=CARTESIAN_POINT('',(60.1999999999999,13.5048719509529,18.7666270243516));
#18039=CARTESIAN_POINT('Origin',(60.5999999999999,13.5048719509529,18.7666270243516));
#18040=CARTESIAN_POINT('',(60.3999999999999,13.1702654294578,18.6769694771348));
#18041=CARTESIAN_POINT('Origin',(63.7749999999999,11.7342457747079,18.2921891703293));
#18042=CARTESIAN_POINT('',(63.5749999999999,11.3996392532128,18.2025316231125));
#18043=CARTESIAN_POINT('',(63.9749999999999,11.3996392532128,18.2025316231125));
#18044=CARTESIAN_POINT('Origin',(67.15,13.1702654294578,18.6769694771348));
#18045=CARTESIAN_POINT('',(67.15,13.1702654294578,18.6769694771348));
#18046=CARTESIAN_POINT('Origin',(66.95,13.5048719509529,18.7666270243516));
#18047=CARTESIAN_POINT('',(67.35,13.5048719509529,18.7666270243516));
#18048=CARTESIAN_POINT('Origin',(66.95,17.0461243034431,19.7155027323961));
#18049=CARTESIAN_POINT('',(67.35,17.0461243034431,19.7155027323961));
#18050=CARTESIAN_POINT('',(67.15,17.3807308249382,19.805160279613));
#18051=CARTESIAN_POINT('Origin',(63.9749999999999,19.1513570011832,20.2795981336352));
#18052=CARTESIAN_POINT('',(63.9749999999999,19.1513570011832,20.2795981336352));
#18053=CARTESIAN_POINT('Origin',(63.7749999999999,18.8167504796881,20.1899405864184));
#18054=CARTESIAN_POINT('',(63.5749999999999,19.1513570011832,20.2795981336352));
#18055=CARTESIAN_POINT('Origin',(60.3999999999999,17.3807308249382,19.805160279613));
#18056=CARTESIAN_POINT('Origin',(63.5749999999999,11.3996392532128,18.2025316231125));
#18057=CARTESIAN_POINT('Origin',(67.35,17.0461243034431,19.7155027323961));
#18058=CARTESIAN_POINT('Origin',(69.9499999999999,17.0461243034431,19.7155027323961));
#18059=CARTESIAN_POINT('',(69.7499999999999,20.6677326977402,7.53790228574179));
#18060=CARTESIAN_POINT('',(69.5499999999999,20.3331261762451,7.44824473852498));
#18061=CARTESIAN_POINT('Origin',(69.9499999999999,20.3331261762451,7.44824473852498));
#18062=CARTESIAN_POINT('',(69.7499999999999,17.3807308249382,19.805160279613));
#18063=CARTESIAN_POINT('',(69.5499999999999,17.0461243034431,19.7155027323961));
#18064=CARTESIAN_POINT('Origin',(73.1249999999999,18.5625,6.97380688450271));
#18065=CARTESIAN_POINT('',(69.5499999999999,16.791873823755,6.49936903048044));
#18066=CARTESIAN_POINT('',(69.5499999999999,17.6771869118775,6.73658795749158));
#18067=CARTESIAN_POINT('',(69.7499999999999,16.4572673022598,6.40971148326364));
#18068=CARTESIAN_POINT('Origin',(69.9499999999999,16.791873823755,6.49936903048044));
#18069=CARTESIAN_POINT('',(72.9249999999999,14.6866411260148,5.93527362924137));
#18070=CARTESIAN_POINT('',(72.1312499999999,15.129297670076,6.05388309274693));
#18071=CARTESIAN_POINT('',(73.3249999999999,14.6866411260148,5.93527362924137));
#18072=CARTESIAN_POINT('Origin',(73.1249999999999,15.0212476475099,6.02493117645817));
#18073=CARTESIAN_POINT('',(76.5,16.4572673022598,6.40971148326364));
#18074=CARTESIAN_POINT('',(75.70625,16.0146107581986,6.29110201975807));
#18075=CARTESIAN_POINT('',(76.7,16.791873823755,6.49936903048044));
#18076=CARTESIAN_POINT('Origin',(76.3,16.791873823755,6.49936903048044));
#18077=CARTESIAN_POINT('',(76.7,20.3331261762451,7.44824473852499));
#18078=CARTESIAN_POINT('',(76.7,19.4478130881225,7.21102581151385));
#18079=CARTESIAN_POINT('',(76.5,20.6677326977402,7.53790228574179));
#18080=CARTESIAN_POINT('Origin',(76.3,20.3331261762451,7.44824473852499));
#18081=CARTESIAN_POINT('',(73.3249999999999,22.4383588739853,8.01234013976406));
#18082=CARTESIAN_POINT('',(74.1187499999999,21.995702329924,7.89373067625849));
#18083=CARTESIAN_POINT('',(72.9249999999999,22.4383588739853,8.01234013976406));
#18084=CARTESIAN_POINT('Origin',(73.1249999999999,22.1037523524901,7.92268259254726));
#18085=CARTESIAN_POINT('',(70.5437499999999,21.1103892418015,7.65651174924736));
#18086=CARTESIAN_POINT('Origin',(69.5499999999999,13.5048719509529,18.7666270243516));
#18087=CARTESIAN_POINT('',(69.5499999999999,13.5048719509529,18.7666270243516));
#18088=CARTESIAN_POINT('Origin',(69.9499999999999,13.5048719509529,18.7666270243516));
#18089=CARTESIAN_POINT('',(69.7499999999999,13.1702654294578,18.6769694771348));
#18090=CARTESIAN_POINT('Origin',(73.1249999999999,11.7342457747079,18.2921891703293));
#18091=CARTESIAN_POINT('',(72.9249999999999,11.3996392532128,18.2025316231125));
#18092=CARTESIAN_POINT('',(73.3249999999999,11.3996392532128,18.2025316231125));
#18093=CARTESIAN_POINT('Origin',(76.5,13.1702654294578,18.6769694771348));
#18094=CARTESIAN_POINT('',(76.5,13.1702654294578,18.6769694771348));
#18095=CARTESIAN_POINT('Origin',(76.3,13.5048719509529,18.7666270243516));
#18096=CARTESIAN_POINT('',(76.7,13.5048719509529,18.7666270243516));
#18097=CARTESIAN_POINT('Origin',(76.3,17.0461243034431,19.7155027323961));
#18098=CARTESIAN_POINT('',(76.7,17.0461243034431,19.7155027323961));
#18099=CARTESIAN_POINT('',(76.5,17.3807308249382,19.805160279613));
#18100=CARTESIAN_POINT('Origin',(73.3249999999999,19.1513570011832,20.2795981336352));
#18101=CARTESIAN_POINT('',(73.3249999999999,19.1513570011832,20.2795981336352));
#18102=CARTESIAN_POINT('Origin',(73.1249999999999,18.8167504796881,20.1899405864184));
#18103=CARTESIAN_POINT('',(72.9249999999999,19.1513570011832,20.2795981336352));
#18104=CARTESIAN_POINT('Origin',(69.7499999999999,17.3807308249382,19.805160279613));
#18105=CARTESIAN_POINT('Origin',(72.9249999999999,11.3996392532128,18.2025316231125));
#18106=CARTESIAN_POINT('Origin',(76.7,17.0461243034431,19.7155027323961));
#18107=CARTESIAN_POINT('Origin',(79.2999999999999,17.0461243034431,19.7155027323961));
#18108=CARTESIAN_POINT('',(79.0999999999999,20.6677326977402,7.53790228574179));
#18109=CARTESIAN_POINT('',(78.8999999999999,20.3331261762451,7.44824473852498));
#18110=CARTESIAN_POINT('Origin',(79.2999999999999,20.3331261762451,7.44824473852498));
#18111=CARTESIAN_POINT('',(79.0999999999999,17.3807308249382,19.805160279613));
#18112=CARTESIAN_POINT('',(78.8999999999999,17.0461243034431,19.7155027323961));
#18113=CARTESIAN_POINT('Origin',(82.4749999999999,18.5625,6.97380688450271));
#18114=CARTESIAN_POINT('',(78.8999999999999,16.791873823755,6.49936903048044));
#18115=CARTESIAN_POINT('',(78.8999999999999,17.6771869118775,6.73658795749158));
#18116=CARTESIAN_POINT('',(79.0999999999999,16.4572673022598,6.40971148326364));
#18117=CARTESIAN_POINT('Origin',(79.2999999999999,16.791873823755,6.49936903048044));
#18118=CARTESIAN_POINT('',(82.2749999999999,14.6866411260148,5.93527362924137));
#18119=CARTESIAN_POINT('',(81.4812499999999,15.129297670076,6.05388309274693));
#18120=CARTESIAN_POINT('',(82.6749999999999,14.6866411260148,5.93527362924137));
#18121=CARTESIAN_POINT('Origin',(82.4749999999999,15.0212476475099,6.02493117645817));
#18122=CARTESIAN_POINT('',(85.85,16.4572673022598,6.40971148326364));
#18123=CARTESIAN_POINT('',(85.05625,16.0146107581986,6.29110201975807));
#18124=CARTESIAN_POINT('',(86.05,16.791873823755,6.49936903048044));
#18125=CARTESIAN_POINT('Origin',(85.65,16.791873823755,6.49936903048044));
#18126=CARTESIAN_POINT('',(86.05,20.3331261762451,7.44824473852499));
#18127=CARTESIAN_POINT('',(86.05,19.4478130881225,7.21102581151385));
#18128=CARTESIAN_POINT('',(85.85,20.6677326977402,7.53790228574179));
#18129=CARTESIAN_POINT('Origin',(85.65,20.3331261762451,7.44824473852499));
#18130=CARTESIAN_POINT('',(82.675,22.4383588739853,8.01234013976406));
#18131=CARTESIAN_POINT('',(83.4687499999999,21.995702329924,7.89373067625849));
#18132=CARTESIAN_POINT('',(82.2749999999999,22.4383588739853,8.01234013976406));
#18133=CARTESIAN_POINT('Origin',(82.4749999999999,22.1037523524901,7.92268259254726));
#18134=CARTESIAN_POINT('',(79.8937499999999,21.1103892418015,7.65651174924736));
#18135=CARTESIAN_POINT('Origin',(78.8999999999999,13.5048719509529,18.7666270243516));
#18136=CARTESIAN_POINT('',(78.8999999999999,13.5048719509529,18.7666270243516));
#18137=CARTESIAN_POINT('Origin',(79.2999999999999,13.5048719509529,18.7666270243516));
#18138=CARTESIAN_POINT('',(79.0999999999999,13.1702654294578,18.6769694771348));
#18139=CARTESIAN_POINT('Origin',(82.4749999999999,11.7342457747079,18.2921891703293));
#18140=CARTESIAN_POINT('',(82.2749999999999,11.3996392532128,18.2025316231125));
#18141=CARTESIAN_POINT('',(82.6749999999999,11.3996392532128,18.2025316231125));
#18142=CARTESIAN_POINT('Origin',(85.85,13.1702654294578,18.6769694771348));
#18143=CARTESIAN_POINT('',(85.85,13.1702654294578,18.6769694771348));
#18144=CARTESIAN_POINT('Origin',(85.65,13.5048719509529,18.7666270243516));
#18145=CARTESIAN_POINT('',(86.05,13.5048719509529,18.7666270243516));
#18146=CARTESIAN_POINT('Origin',(85.65,17.0461243034431,19.7155027323961));
#18147=CARTESIAN_POINT('',(86.05,17.0461243034431,19.7155027323961));
#18148=CARTESIAN_POINT('',(85.85,17.3807308249382,19.805160279613));
#18149=CARTESIAN_POINT('Origin',(82.675,19.1513570011832,20.2795981336352));
#18150=CARTESIAN_POINT('',(82.675,19.1513570011832,20.2795981336352));
#18151=CARTESIAN_POINT('Origin',(82.4749999999999,18.8167504796881,20.1899405864184));
#18152=CARTESIAN_POINT('',(82.2749999999999,19.1513570011832,20.2795981336352));
#18153=CARTESIAN_POINT('Origin',(79.0999999999999,17.3807308249382,19.805160279613));
#18154=CARTESIAN_POINT('Origin',(82.2749999999999,11.3996392532128,18.2025316231125));
#18155=CARTESIAN_POINT('Origin',(86.05,17.0461243034431,19.7155027323961));
#18156=CARTESIAN_POINT('Origin',(88.6499999999999,17.0461243034431,19.7155027323961));
#18157=CARTESIAN_POINT('',(88.4499999999999,20.6677326977402,7.53790228574179));
#18158=CARTESIAN_POINT('',(88.2499999999999,20.3331261762451,7.44824473852498));
#18159=CARTESIAN_POINT('Origin',(88.6499999999999,20.3331261762451,7.44824473852498));
#18160=CARTESIAN_POINT('',(88.4499999999999,17.3807308249382,19.805160279613));
#18161=CARTESIAN_POINT('',(88.2499999999999,17.0461243034431,19.7155027323961));
#18162=CARTESIAN_POINT('Origin',(91.8249999999999,18.5625,6.97380688450271));
#18163=CARTESIAN_POINT('',(88.2499999999999,16.791873823755,6.49936903048044));
#18164=CARTESIAN_POINT('',(88.2499999999999,17.6771869118775,6.73658795749158));
#18165=CARTESIAN_POINT('',(88.4499999999999,16.4572673022598,6.40971148326364));
#18166=CARTESIAN_POINT('Origin',(88.6499999999999,16.791873823755,6.49936903048044));
#18167=CARTESIAN_POINT('',(91.6249999999999,14.6866411260148,5.93527362924137));
#18168=CARTESIAN_POINT('',(90.8312499999999,15.129297670076,6.05388309274693));
#18169=CARTESIAN_POINT('',(92.0249999999999,14.6866411260148,5.93527362924137));
#18170=CARTESIAN_POINT('Origin',(91.8249999999999,15.0212476475099,6.02493117645817));
#18171=CARTESIAN_POINT('',(95.2,16.4572673022598,6.40971148326364));
#18172=CARTESIAN_POINT('',(94.40625,16.0146107581986,6.29110201975807));
#18173=CARTESIAN_POINT('',(95.4,16.791873823755,6.49936903048044));
#18174=CARTESIAN_POINT('Origin',(95.,16.791873823755,6.49936903048044));
#18175=CARTESIAN_POINT('',(95.4,20.3331261762451,7.44824473852499));
#18176=CARTESIAN_POINT('',(95.4,19.4478130881226,7.21102581151385));
#18177=CARTESIAN_POINT('',(95.2,20.6677326977402,7.53790228574179));
#18178=CARTESIAN_POINT('Origin',(95.,20.3331261762451,7.44824473852499));
#18179=CARTESIAN_POINT('',(92.0249999999999,22.4383588739853,8.01234013976406));
#18180=CARTESIAN_POINT('',(92.81875,21.995702329924,7.89373067625849));
#18181=CARTESIAN_POINT('',(91.6249999999999,22.4383588739853,8.01234013976406));
#18182=CARTESIAN_POINT('Origin',(91.8249999999999,22.1037523524901,7.92268259254726));
#18183=CARTESIAN_POINT('',(89.2437499999999,21.1103892418015,7.65651174924736));
#18184=CARTESIAN_POINT('Origin',(88.2499999999999,13.5048719509529,18.7666270243516));
#18185=CARTESIAN_POINT('',(88.2499999999999,13.5048719509529,18.7666270243516));
#18186=CARTESIAN_POINT('Origin',(88.6499999999999,13.5048719509529,18.7666270243516));
#18187=CARTESIAN_POINT('',(88.4499999999999,13.1702654294578,18.6769694771348));
#18188=CARTESIAN_POINT('Origin',(91.8249999999999,11.7342457747079,18.2921891703293));
#18189=CARTESIAN_POINT('',(91.6249999999999,11.3996392532128,18.2025316231125));
#18190=CARTESIAN_POINT('',(92.0249999999999,11.3996392532128,18.2025316231125));
#18191=CARTESIAN_POINT('Origin',(95.2,13.1702654294578,18.6769694771348));
#18192=CARTESIAN_POINT('',(95.2,13.1702654294578,18.6769694771348));
#18193=CARTESIAN_POINT('Origin',(95.,13.5048719509529,18.7666270243516));
#18194=CARTESIAN_POINT('',(95.4,13.5048719509529,18.7666270243516));
#18195=CARTESIAN_POINT('Origin',(95.,17.0461243034431,19.7155027323961));
#18196=CARTESIAN_POINT('',(95.4,17.0461243034431,19.7155027323961));
#18197=CARTESIAN_POINT('',(95.2,17.3807308249382,19.805160279613));
#18198=CARTESIAN_POINT('Origin',(92.0249999999999,19.1513570011832,20.2795981336352));
#18199=CARTESIAN_POINT('',(92.0249999999999,19.1513570011832,20.2795981336352));
#18200=CARTESIAN_POINT('Origin',(91.8249999999999,18.8167504796881,20.1899405864184));
#18201=CARTESIAN_POINT('',(91.6249999999999,19.1513570011832,20.2795981336352));
#18202=CARTESIAN_POINT('Origin',(88.4499999999999,17.3807308249382,19.805160279613));
#18203=CARTESIAN_POINT('Origin',(91.6249999999999,11.3996392532128,18.2025316231125));
#18204=CARTESIAN_POINT('Origin',(95.4,17.0461243034431,19.7155027323961));
#18205=CARTESIAN_POINT('Origin',(4.49999999999999,28.5993738352425,26.0981884871991));
#18206=CARTESIAN_POINT('',(4.29999999999999,32.2209822295397,13.9205880405447));
#18207=CARTESIAN_POINT('',(4.09999999999999,31.8863757080445,13.8309304933279));
#18208=CARTESIAN_POINT('Origin',(4.49999999999999,31.8863757080445,13.8309304933279));
#18209=CARTESIAN_POINT('',(4.29999999999999,28.9339803567376,26.1878460344159));
#18210=CARTESIAN_POINT('',(4.09999999999999,28.5993738352425,26.0981884871991));
#18211=CARTESIAN_POINT('Origin',(7.67499999999999,30.1157495317995,13.3564926393057));
#18212=CARTESIAN_POINT('',(4.09999999999999,28.3451233555545,12.8820547852834));
#18213=CARTESIAN_POINT('',(4.09999999999999,29.230436443677,13.1192737122945));
#18214=CARTESIAN_POINT('',(4.3,28.0105168340593,12.7923972380666));
#18215=CARTESIAN_POINT('Origin',(4.49999999999999,28.3451233555545,12.8820547852834));
#18216=CARTESIAN_POINT('',(7.475,26.2398906578143,12.3179593840443));
#18217=CARTESIAN_POINT('',(6.68124999999998,26.6825472018756,12.4365688475499));
#18218=CARTESIAN_POINT('',(7.875,26.2398906578143,12.3179593840443));
#18219=CARTESIAN_POINT('Origin',(7.67499999999999,26.5744971793094,12.4076169312611));
#18220=CARTESIAN_POINT('',(11.05,28.0105168340593,12.7923972380666));
#18221=CARTESIAN_POINT('',(10.25625,27.5678602899981,12.673787774561));
#18222=CARTESIAN_POINT('',(11.25,28.3451233555545,12.8820547852834));
#18223=CARTESIAN_POINT('Origin',(10.85,28.3451233555545,12.8820547852834));
#18224=CARTESIAN_POINT('',(11.25,31.8863757080445,13.8309304933279));
#18225=CARTESIAN_POINT('',(11.25,31.001062619922,13.5937115663168));
#18226=CARTESIAN_POINT('',(11.05,32.2209822295397,13.9205880405447));
#18227=CARTESIAN_POINT('Origin',(10.85,31.8863757080445,13.8309304933279));
#18228=CARTESIAN_POINT('',(7.875,33.9916084057847,14.395025894567));
#18229=CARTESIAN_POINT('',(8.66875,33.5489518617234,14.2764164310614));
#18230=CARTESIAN_POINT('',(7.475,33.9916084057847,14.395025894567));
#18231=CARTESIAN_POINT('Origin',(7.675,33.6570018842896,14.3053683473502));
#18232=CARTESIAN_POINT('',(5.09374999999999,32.6636387736009,14.0391975040503));
#18233=CARTESIAN_POINT('Origin',(4.09999999999999,25.0581214827525,25.1493127791546));
#18234=CARTESIAN_POINT('',(4.09999999999999,25.0581214827525,25.1493127791546));
#18235=CARTESIAN_POINT('Origin',(4.49999999999999,25.0581214827525,25.1493127791546));
#18236=CARTESIAN_POINT('',(4.3,24.7235149612573,25.0596552319378));
#18237=CARTESIAN_POINT('Origin',(7.67499999999999,23.2874953065074,24.6748749251323));
#18238=CARTESIAN_POINT('',(7.475,22.9528887850123,24.5852173779155));
#18239=CARTESIAN_POINT('',(7.875,22.9528887850123,24.5852173779155));
#18240=CARTESIAN_POINT('Origin',(11.05,24.7235149612573,25.0596552319378));
#18241=CARTESIAN_POINT('',(11.05,24.7235149612573,25.0596552319378));
#18242=CARTESIAN_POINT('Origin',(10.85,25.0581214827525,25.1493127791546));
#18243=CARTESIAN_POINT('',(11.25,25.0581214827525,25.1493127791546));
#18244=CARTESIAN_POINT('Origin',(10.85,28.5993738352425,26.0981884871991));
#18245=CARTESIAN_POINT('',(11.25,28.5993738352425,26.0981884871991));
#18246=CARTESIAN_POINT('',(11.05,28.9339803567376,26.1878460344159));
#18247=CARTESIAN_POINT('Origin',(7.875,30.7046065329827,26.6622838884382));
#18248=CARTESIAN_POINT('',(7.875,30.7046065329827,26.6622838884382));
#18249=CARTESIAN_POINT('Origin',(7.675,30.3700000114875,26.5726263412213));
#18250=CARTESIAN_POINT('',(7.475,30.7046065329827,26.6622838884382));
#18251=CARTESIAN_POINT('Origin',(4.3,28.9339803567376,26.1878460344159));
#18252=CARTESIAN_POINT('Origin',(7.47499999999999,22.9528887850123,24.5852173779155));
#18253=CARTESIAN_POINT('Origin',(11.25,28.5993738352425,26.0981884871991));
#18254=CARTESIAN_POINT('Origin',(13.85,28.5993738352425,26.0981884871991));
#18255=CARTESIAN_POINT('',(13.65,32.2209822295397,13.9205880405447));
#18256=CARTESIAN_POINT('',(13.45,31.8863757080445,13.8309304933279));
#18257=CARTESIAN_POINT('Origin',(13.85,31.8863757080445,13.8309304933279));
#18258=CARTESIAN_POINT('',(13.65,28.9339803567376,26.1878460344159));
#18259=CARTESIAN_POINT('',(13.45,28.5993738352425,26.0981884871991));
#18260=CARTESIAN_POINT('Origin',(17.025,30.1157495317995,13.3564926393057));
#18261=CARTESIAN_POINT('',(13.45,28.3451233555545,12.8820547852834));
#18262=CARTESIAN_POINT('',(13.45,29.230436443677,13.1192737122945));
#18263=CARTESIAN_POINT('',(13.65,28.0105168340593,12.7923972380666));
#18264=CARTESIAN_POINT('Origin',(13.85,28.3451233555545,12.8820547852834));
#18265=CARTESIAN_POINT('',(16.825,26.2398906578143,12.3179593840443));
#18266=CARTESIAN_POINT('',(16.03125,26.6825472018756,12.4365688475499));
#18267=CARTESIAN_POINT('',(17.225,26.2398906578143,12.3179593840443));
#18268=CARTESIAN_POINT('Origin',(17.025,26.5744971793094,12.4076169312611));
#18269=CARTESIAN_POINT('',(20.4,28.0105168340593,12.7923972380666));
#18270=CARTESIAN_POINT('',(19.60625,27.5678602899981,12.673787774561));
#18271=CARTESIAN_POINT('',(20.6,28.3451233555545,12.8820547852834));
#18272=CARTESIAN_POINT('Origin',(20.2,28.3451233555545,12.8820547852834));
#18273=CARTESIAN_POINT('',(20.6,31.8863757080445,13.8309304933279));
#18274=CARTESIAN_POINT('',(20.6,31.001062619922,13.5937115663168));
#18275=CARTESIAN_POINT('',(20.4,32.2209822295397,13.9205880405447));
#18276=CARTESIAN_POINT('Origin',(20.2,31.8863757080445,13.8309304933279));
#18277=CARTESIAN_POINT('',(17.225,33.9916084057847,14.395025894567));
#18278=CARTESIAN_POINT('',(18.01875,33.5489518617234,14.2764164310614));
#18279=CARTESIAN_POINT('',(16.825,33.9916084057847,14.395025894567));
#18280=CARTESIAN_POINT('Origin',(17.025,33.6570018842896,14.3053683473502));
#18281=CARTESIAN_POINT('',(14.44375,32.6636387736009,14.0391975040503));
#18282=CARTESIAN_POINT('Origin',(13.45,25.0581214827525,25.1493127791546));
#18283=CARTESIAN_POINT('',(13.45,25.0581214827525,25.1493127791546));
#18284=CARTESIAN_POINT('Origin',(13.85,25.0581214827525,25.1493127791546));
#18285=CARTESIAN_POINT('',(13.65,24.7235149612573,25.0596552319378));
#18286=CARTESIAN_POINT('Origin',(17.025,23.2874953065074,24.6748749251323));
#18287=CARTESIAN_POINT('',(16.825,22.9528887850123,24.5852173779155));
#18288=CARTESIAN_POINT('',(17.225,22.9528887850123,24.5852173779155));
#18289=CARTESIAN_POINT('Origin',(20.4,24.7235149612573,25.0596552319378));
#18290=CARTESIAN_POINT('',(20.4,24.7235149612573,25.0596552319378));
#18291=CARTESIAN_POINT('Origin',(20.2,25.0581214827525,25.1493127791546));
#18292=CARTESIAN_POINT('',(20.6,25.0581214827525,25.1493127791546));
#18293=CARTESIAN_POINT('Origin',(20.2,28.5993738352425,26.0981884871991));
#18294=CARTESIAN_POINT('',(20.6,28.5993738352425,26.0981884871991));
#18295=CARTESIAN_POINT('',(20.4,28.9339803567376,26.1878460344159));
#18296=CARTESIAN_POINT('Origin',(17.225,30.7046065329827,26.6622838884382));
#18297=CARTESIAN_POINT('',(17.225,30.7046065329827,26.6622838884382));
#18298=CARTESIAN_POINT('Origin',(17.025,30.3700000114875,26.5726263412213));
#18299=CARTESIAN_POINT('',(16.825,30.7046065329827,26.6622838884382));
#18300=CARTESIAN_POINT('Origin',(13.65,28.9339803567376,26.1878460344159));
#18301=CARTESIAN_POINT('Origin',(16.825,22.9528887850123,24.5852173779155));
#18302=CARTESIAN_POINT('Origin',(20.6,28.5993738352425,26.0981884871991));
#18303=CARTESIAN_POINT('Origin',(23.2,28.5993738352425,26.0981884871991));
#18304=CARTESIAN_POINT('',(23.,32.2209822295397,13.9205880405447));
#18305=CARTESIAN_POINT('',(22.8,31.8863757080445,13.8309304933279));
#18306=CARTESIAN_POINT('Origin',(23.2,31.8863757080445,13.8309304933279));
#18307=CARTESIAN_POINT('',(23.,28.9339803567376,26.1878460344159));
#18308=CARTESIAN_POINT('',(22.8,28.5993738352425,26.0981884871991));
#18309=CARTESIAN_POINT('Origin',(26.375,30.1157495317995,13.3564926393057));
#18310=CARTESIAN_POINT('',(22.8,28.3451233555545,12.8820547852834));
#18311=CARTESIAN_POINT('',(22.8,29.230436443677,13.1192737122945));
#18312=CARTESIAN_POINT('',(23.,28.0105168340593,12.7923972380666));
#18313=CARTESIAN_POINT('Origin',(23.2,28.3451233555545,12.8820547852834));
#18314=CARTESIAN_POINT('',(26.175,26.2398906578143,12.3179593840443));
#18315=CARTESIAN_POINT('',(25.38125,26.6825472018756,12.4365688475499));
#18316=CARTESIAN_POINT('',(26.575,26.2398906578143,12.3179593840443));
#18317=CARTESIAN_POINT('Origin',(26.375,26.5744971793094,12.4076169312611));
#18318=CARTESIAN_POINT('',(29.75,28.0105168340593,12.7923972380666));
#18319=CARTESIAN_POINT('',(28.95625,27.5678602899981,12.673787774561));
#18320=CARTESIAN_POINT('',(29.95,28.3451233555545,12.8820547852834));
#18321=CARTESIAN_POINT('Origin',(29.55,28.3451233555545,12.8820547852834));
#18322=CARTESIAN_POINT('',(29.95,31.8863757080445,13.8309304933279));
#18323=CARTESIAN_POINT('',(29.95,31.001062619922,13.5937115663168));
#18324=CARTESIAN_POINT('',(29.75,32.2209822295397,13.9205880405447));
#18325=CARTESIAN_POINT('Origin',(29.55,31.8863757080445,13.8309304933279));
#18326=CARTESIAN_POINT('',(26.575,33.9916084057847,14.395025894567));
#18327=CARTESIAN_POINT('',(27.36875,33.5489518617234,14.2764164310614));
#18328=CARTESIAN_POINT('',(26.175,33.9916084057847,14.395025894567));
#18329=CARTESIAN_POINT('Origin',(26.375,33.6570018842896,14.3053683473502));
#18330=CARTESIAN_POINT('',(23.79375,32.6636387736009,14.0391975040503));
#18331=CARTESIAN_POINT('Origin',(22.8,25.0581214827525,25.1493127791546));
#18332=CARTESIAN_POINT('',(22.8,25.0581214827525,25.1493127791546));
#18333=CARTESIAN_POINT('Origin',(23.2,25.0581214827525,25.1493127791546));
#18334=CARTESIAN_POINT('',(23.,24.7235149612573,25.0596552319378));
#18335=CARTESIAN_POINT('Origin',(26.375,23.2874953065074,24.6748749251323));
#18336=CARTESIAN_POINT('',(26.175,22.9528887850123,24.5852173779155));
#18337=CARTESIAN_POINT('',(26.575,22.9528887850123,24.5852173779155));
#18338=CARTESIAN_POINT('Origin',(29.75,24.7235149612573,25.0596552319378));
#18339=CARTESIAN_POINT('',(29.75,24.7235149612573,25.0596552319378));
#18340=CARTESIAN_POINT('Origin',(29.55,25.0581214827525,25.1493127791546));
#18341=CARTESIAN_POINT('',(29.95,25.0581214827525,25.1493127791546));
#18342=CARTESIAN_POINT('Origin',(29.55,28.5993738352425,26.0981884871991));
#18343=CARTESIAN_POINT('',(29.95,28.5993738352425,26.0981884871991));
#18344=CARTESIAN_POINT('',(29.75,28.9339803567376,26.1878460344159));
#18345=CARTESIAN_POINT('Origin',(26.575,30.7046065329827,26.6622838884382));
#18346=CARTESIAN_POINT('',(26.575,30.7046065329827,26.6622838884382));
#18347=CARTESIAN_POINT('Origin',(26.375,30.3700000114875,26.5726263412213));
#18348=CARTESIAN_POINT('',(26.175,30.7046065329827,26.6622838884382));
#18349=CARTESIAN_POINT('Origin',(23.,28.9339803567376,26.1878460344159));
#18350=CARTESIAN_POINT('Origin',(26.175,22.9528887850123,24.5852173779155));
#18351=CARTESIAN_POINT('Origin',(29.95,28.5993738352425,26.0981884871991));
#18352=CARTESIAN_POINT('Origin',(32.55,28.5993738352425,26.0981884871991));
#18353=CARTESIAN_POINT('',(32.35,32.2209822295397,13.9205880405447));
#18354=CARTESIAN_POINT('',(32.15,31.8863757080445,13.8309304933279));
#18355=CARTESIAN_POINT('Origin',(32.55,31.8863757080445,13.8309304933279));
#18356=CARTESIAN_POINT('',(32.35,28.9339803567376,26.1878460344159));
#18357=CARTESIAN_POINT('',(32.15,28.5993738352425,26.0981884871991));
#18358=CARTESIAN_POINT('Origin',(35.725,30.1157495317995,13.3564926393057));
#18359=CARTESIAN_POINT('',(32.15,28.3451233555545,12.8820547852834));
#18360=CARTESIAN_POINT('',(32.15,29.230436443677,13.1192737122945));
#18361=CARTESIAN_POINT('',(32.35,28.0105168340593,12.7923972380666));
#18362=CARTESIAN_POINT('Origin',(32.55,28.3451233555545,12.8820547852834));
#18363=CARTESIAN_POINT('',(35.525,26.2398906578143,12.3179593840443));
#18364=CARTESIAN_POINT('',(34.73125,26.6825472018756,12.4365688475499));
#18365=CARTESIAN_POINT('',(35.925,26.2398906578143,12.3179593840443));
#18366=CARTESIAN_POINT('Origin',(35.725,26.5744971793094,12.4076169312611));
#18367=CARTESIAN_POINT('',(39.1,28.0105168340593,12.7923972380666));
#18368=CARTESIAN_POINT('',(38.30625,27.5678602899981,12.673787774561));
#18369=CARTESIAN_POINT('',(39.3,28.3451233555545,12.8820547852834));
#18370=CARTESIAN_POINT('Origin',(38.9,28.3451233555545,12.8820547852834));
#18371=CARTESIAN_POINT('',(39.3,31.8863757080445,13.8309304933279));
#18372=CARTESIAN_POINT('',(39.3,31.001062619922,13.5937115663168));
#18373=CARTESIAN_POINT('',(39.1,32.2209822295397,13.9205880405447));
#18374=CARTESIAN_POINT('Origin',(38.9,31.8863757080445,13.8309304933279));
#18375=CARTESIAN_POINT('',(35.925,33.9916084057847,14.395025894567));
#18376=CARTESIAN_POINT('',(36.71875,33.5489518617234,14.2764164310614));
#18377=CARTESIAN_POINT('',(35.525,33.9916084057847,14.395025894567));
#18378=CARTESIAN_POINT('Origin',(35.725,33.6570018842896,14.3053683473502));
#18379=CARTESIAN_POINT('',(33.14375,32.6636387736009,14.0391975040503));
#18380=CARTESIAN_POINT('Origin',(32.15,25.0581214827525,25.1493127791546));
#18381=CARTESIAN_POINT('',(32.15,25.0581214827525,25.1493127791546));
#18382=CARTESIAN_POINT('Origin',(32.55,25.0581214827525,25.1493127791546));
#18383=CARTESIAN_POINT('',(32.35,24.7235149612573,25.0596552319378));
#18384=CARTESIAN_POINT('Origin',(35.725,23.2874953065074,24.6748749251323));
#18385=CARTESIAN_POINT('',(35.525,22.9528887850123,24.5852173779155));
#18386=CARTESIAN_POINT('',(35.925,22.9528887850123,24.5852173779155));
#18387=CARTESIAN_POINT('Origin',(39.1,24.7235149612573,25.0596552319378));
#18388=CARTESIAN_POINT('',(39.1,24.7235149612573,25.0596552319378));
#18389=CARTESIAN_POINT('Origin',(38.9,25.0581214827525,25.1493127791546));
#18390=CARTESIAN_POINT('',(39.3,25.0581214827525,25.1493127791546));
#18391=CARTESIAN_POINT('Origin',(38.9,28.5993738352425,26.0981884871991));
#18392=CARTESIAN_POINT('',(39.3,28.5993738352425,26.0981884871991));
#18393=CARTESIAN_POINT('',(39.1,28.9339803567376,26.1878460344159));
#18394=CARTESIAN_POINT('Origin',(35.925,30.7046065329827,26.6622838884382));
#18395=CARTESIAN_POINT('',(35.925,30.7046065329827,26.6622838884382));
#18396=CARTESIAN_POINT('Origin',(35.725,30.3700000114875,26.5726263412213));
#18397=CARTESIAN_POINT('',(35.525,30.7046065329827,26.6622838884382));
#18398=CARTESIAN_POINT('Origin',(32.35,28.9339803567376,26.1878460344159));
#18399=CARTESIAN_POINT('Origin',(35.525,22.9528887850123,24.5852173779155));
#18400=CARTESIAN_POINT('Origin',(39.3,28.5993738352425,26.0981884871991));
#18401=CARTESIAN_POINT('Origin',(51.25,28.5993738352425,26.0981884871991));
#18402=CARTESIAN_POINT('',(51.05,32.2209822295397,13.9205880405447));
#18403=CARTESIAN_POINT('',(50.85,31.8863757080445,13.8309304933279));
#18404=CARTESIAN_POINT('Origin',(51.25,31.8863757080445,13.8309304933279));
#18405=CARTESIAN_POINT('',(51.05,28.9339803567376,26.1878460344159));
#18406=CARTESIAN_POINT('',(50.85,28.5993738352425,26.0981884871991));
#18407=CARTESIAN_POINT('Origin',(54.425,30.1157495317995,13.3564926393057));
#18408=CARTESIAN_POINT('',(50.85,28.3451233555545,12.8820547852834));
#18409=CARTESIAN_POINT('',(50.85,29.230436443677,13.1192737122945));
#18410=CARTESIAN_POINT('',(51.05,28.0105168340593,12.7923972380666));
#18411=CARTESIAN_POINT('Origin',(51.25,28.3451233555545,12.8820547852834));
#18412=CARTESIAN_POINT('',(54.225,26.2398906578143,12.3179593840443));
#18413=CARTESIAN_POINT('',(53.43125,26.6825472018756,12.4365688475499));
#18414=CARTESIAN_POINT('',(54.625,26.2398906578143,12.3179593840443));
#18415=CARTESIAN_POINT('Origin',(54.425,26.5744971793094,12.4076169312611));
#18416=CARTESIAN_POINT('',(57.8,28.0105168340593,12.7923972380666));
#18417=CARTESIAN_POINT('',(57.00625,27.5678602899981,12.673787774561));
#18418=CARTESIAN_POINT('',(58.,28.3451233555545,12.8820547852834));
#18419=CARTESIAN_POINT('Origin',(57.6,28.3451233555545,12.8820547852834));
#18420=CARTESIAN_POINT('',(58.,31.8863757080445,13.8309304933279));
#18421=CARTESIAN_POINT('',(58.,31.001062619922,13.5937115663168));
#18422=CARTESIAN_POINT('',(57.8,32.2209822295397,13.9205880405447));
#18423=CARTESIAN_POINT('Origin',(57.6,31.8863757080445,13.8309304933279));
#18424=CARTESIAN_POINT('',(54.625,33.9916084057847,14.395025894567));
#18425=CARTESIAN_POINT('',(55.41875,33.5489518617234,14.2764164310614));
#18426=CARTESIAN_POINT('',(54.225,33.9916084057847,14.395025894567));
#18427=CARTESIAN_POINT('Origin',(54.425,33.6570018842896,14.3053683473502));
#18428=CARTESIAN_POINT('',(51.84375,32.6636387736009,14.0391975040503));
#18429=CARTESIAN_POINT('Origin',(50.85,25.0581214827525,25.1493127791546));
#18430=CARTESIAN_POINT('',(50.85,25.0581214827525,25.1493127791546));
#18431=CARTESIAN_POINT('Origin',(51.25,25.0581214827525,25.1493127791546));
#18432=CARTESIAN_POINT('',(51.05,24.7235149612573,25.0596552319378));
#18433=CARTESIAN_POINT('Origin',(54.425,23.2874953065074,24.6748749251323));
#18434=CARTESIAN_POINT('',(54.225,22.9528887850123,24.5852173779155));
#18435=CARTESIAN_POINT('',(54.625,22.9528887850123,24.5852173779155));
#18436=CARTESIAN_POINT('Origin',(57.8,24.7235149612573,25.0596552319378));
#18437=CARTESIAN_POINT('',(57.8,24.7235149612573,25.0596552319378));
#18438=CARTESIAN_POINT('Origin',(57.6,25.0581214827525,25.1493127791546));
#18439=CARTESIAN_POINT('',(58.,25.0581214827525,25.1493127791546));
#18440=CARTESIAN_POINT('Origin',(57.6,28.5993738352425,26.0981884871991));
#18441=CARTESIAN_POINT('',(58.,28.5993738352425,26.0981884871991));
#18442=CARTESIAN_POINT('',(57.8,28.9339803567376,26.1878460344159));
#18443=CARTESIAN_POINT('Origin',(54.625,30.7046065329827,26.6622838884382));
#18444=CARTESIAN_POINT('',(54.625,30.7046065329827,26.6622838884382));
#18445=CARTESIAN_POINT('Origin',(54.425,30.3700000114875,26.5726263412213));
#18446=CARTESIAN_POINT('',(54.225,30.7046065329827,26.6622838884382));
#18447=CARTESIAN_POINT('Origin',(51.05,28.9339803567376,26.1878460344159));
#18448=CARTESIAN_POINT('Origin',(54.225,22.9528887850123,24.5852173779155));
#18449=CARTESIAN_POINT('Origin',(58.,28.5993738352425,26.0981884871991));
#18450=CARTESIAN_POINT('Origin',(60.6,28.5993738352425,26.0981884871991));
#18451=CARTESIAN_POINT('',(60.4,32.2209822295397,13.9205880405447));
#18452=CARTESIAN_POINT('',(60.2,31.8863757080445,13.8309304933279));
#18453=CARTESIAN_POINT('Origin',(60.6,31.8863757080445,13.8309304933279));
#18454=CARTESIAN_POINT('',(60.4,28.9339803567376,26.1878460344159));
#18455=CARTESIAN_POINT('',(60.2,28.5993738352425,26.0981884871991));
#18456=CARTESIAN_POINT('Origin',(63.775,30.1157495317995,13.3564926393057));
#18457=CARTESIAN_POINT('',(60.2,28.3451233555545,12.8820547852834));
#18458=CARTESIAN_POINT('',(60.2,29.230436443677,13.1192737122945));
#18459=CARTESIAN_POINT('',(60.4,28.0105168340593,12.7923972380666));
#18460=CARTESIAN_POINT('Origin',(60.6,28.3451233555545,12.8820547852834));
#18461=CARTESIAN_POINT('',(63.575,26.2398906578143,12.3179593840443));
#18462=CARTESIAN_POINT('',(62.78125,26.6825472018756,12.4365688475499));
#18463=CARTESIAN_POINT('',(63.975,26.2398906578143,12.3179593840443));
#18464=CARTESIAN_POINT('Origin',(63.775,26.5744971793094,12.4076169312611));
#18465=CARTESIAN_POINT('',(67.15,28.0105168340593,12.7923972380666));
#18466=CARTESIAN_POINT('',(66.35625,27.5678602899981,12.673787774561));
#18467=CARTESIAN_POINT('',(67.35,28.3451233555545,12.8820547852834));
#18468=CARTESIAN_POINT('Origin',(66.95,28.3451233555545,12.8820547852834));
#18469=CARTESIAN_POINT('',(67.35,31.8863757080445,13.8309304933279));
#18470=CARTESIAN_POINT('',(67.35,31.001062619922,13.5937115663168));
#18471=CARTESIAN_POINT('',(67.15,32.2209822295397,13.9205880405447));
#18472=CARTESIAN_POINT('Origin',(66.95,31.8863757080445,13.8309304933279));
#18473=CARTESIAN_POINT('',(63.975,33.9916084057847,14.395025894567));
#18474=CARTESIAN_POINT('',(64.76875,33.5489518617234,14.2764164310614));
#18475=CARTESIAN_POINT('',(63.575,33.9916084057847,14.395025894567));
#18476=CARTESIAN_POINT('Origin',(63.775,33.6570018842896,14.3053683473502));
#18477=CARTESIAN_POINT('',(61.19375,32.6636387736009,14.0391975040503));
#18478=CARTESIAN_POINT('Origin',(60.2,25.0581214827525,25.1493127791546));
#18479=CARTESIAN_POINT('',(60.2,25.0581214827525,25.1493127791546));
#18480=CARTESIAN_POINT('Origin',(60.6,25.0581214827525,25.1493127791546));
#18481=CARTESIAN_POINT('',(60.4,24.7235149612573,25.0596552319378));
#18482=CARTESIAN_POINT('Origin',(63.775,23.2874953065074,24.6748749251323));
#18483=CARTESIAN_POINT('',(63.575,22.9528887850123,24.5852173779155));
#18484=CARTESIAN_POINT('',(63.975,22.9528887850123,24.5852173779155));
#18485=CARTESIAN_POINT('Origin',(67.15,24.7235149612573,25.0596552319378));
#18486=CARTESIAN_POINT('',(67.15,24.7235149612573,25.0596552319378));
#18487=CARTESIAN_POINT('Origin',(66.95,25.0581214827525,25.1493127791546));
#18488=CARTESIAN_POINT('',(67.35,25.0581214827525,25.1493127791546));
#18489=CARTESIAN_POINT('Origin',(66.95,28.5993738352425,26.0981884871991));
#18490=CARTESIAN_POINT('',(67.35,28.5993738352425,26.0981884871991));
#18491=CARTESIAN_POINT('',(67.15,28.9339803567376,26.1878460344159));
#18492=CARTESIAN_POINT('Origin',(63.975,30.7046065329827,26.6622838884382));
#18493=CARTESIAN_POINT('',(63.975,30.7046065329827,26.6622838884382));
#18494=CARTESIAN_POINT('Origin',(63.775,30.3700000114875,26.5726263412213));
#18495=CARTESIAN_POINT('',(63.575,30.7046065329827,26.6622838884382));
#18496=CARTESIAN_POINT('Origin',(60.4,28.9339803567376,26.1878460344159));
#18497=CARTESIAN_POINT('Origin',(63.575,22.9528887850123,24.5852173779155));
#18498=CARTESIAN_POINT('Origin',(67.35,28.5993738352425,26.0981884871991));
#18499=CARTESIAN_POINT('Origin',(69.95,28.5993738352425,26.0981884871991));
#18500=CARTESIAN_POINT('',(69.75,32.2209822295397,13.9205880405447));
#18501=CARTESIAN_POINT('',(69.55,31.8863757080445,13.8309304933279));
#18502=CARTESIAN_POINT('Origin',(69.95,31.8863757080445,13.8309304933279));
#18503=CARTESIAN_POINT('',(69.75,28.9339803567376,26.1878460344159));
#18504=CARTESIAN_POINT('',(69.55,28.5993738352425,26.0981884871991));
#18505=CARTESIAN_POINT('Origin',(73.125,30.1157495317995,13.3564926393057));
#18506=CARTESIAN_POINT('',(69.55,28.3451233555545,12.8820547852834));
#18507=CARTESIAN_POINT('',(69.55,29.230436443677,13.1192737122945));
#18508=CARTESIAN_POINT('',(69.75,28.0105168340593,12.7923972380666));
#18509=CARTESIAN_POINT('Origin',(69.95,28.3451233555545,12.8820547852834));
#18510=CARTESIAN_POINT('',(72.925,26.2398906578143,12.3179593840443));
#18511=CARTESIAN_POINT('',(72.13125,26.6825472018756,12.4365688475499));
#18512=CARTESIAN_POINT('',(73.325,26.2398906578143,12.3179593840443));
#18513=CARTESIAN_POINT('Origin',(73.125,26.5744971793094,12.4076169312611));
#18514=CARTESIAN_POINT('',(76.5,28.0105168340593,12.7923972380666));
#18515=CARTESIAN_POINT('',(75.70625,27.5678602899981,12.673787774561));
#18516=CARTESIAN_POINT('',(76.7,28.3451233555545,12.8820547852834));
#18517=CARTESIAN_POINT('Origin',(76.3,28.3451233555545,12.8820547852834));
#18518=CARTESIAN_POINT('',(76.7,31.8863757080445,13.8309304933279));
#18519=CARTESIAN_POINT('',(76.7,31.001062619922,13.5937115663168));
#18520=CARTESIAN_POINT('',(76.5,32.2209822295397,13.9205880405447));
#18521=CARTESIAN_POINT('Origin',(76.3,31.8863757080445,13.8309304933279));
#18522=CARTESIAN_POINT('',(73.325,33.9916084057847,14.395025894567));
#18523=CARTESIAN_POINT('',(74.11875,33.5489518617234,14.2764164310614));
#18524=CARTESIAN_POINT('',(72.925,33.9916084057847,14.395025894567));
#18525=CARTESIAN_POINT('Origin',(73.125,33.6570018842896,14.3053683473502));
#18526=CARTESIAN_POINT('',(70.54375,32.6636387736009,14.0391975040503));
#18527=CARTESIAN_POINT('Origin',(69.55,25.0581214827525,25.1493127791546));
#18528=CARTESIAN_POINT('',(69.55,25.0581214827525,25.1493127791546));
#18529=CARTESIAN_POINT('Origin',(69.95,25.0581214827525,25.1493127791546));
#18530=CARTESIAN_POINT('',(69.75,24.7235149612573,25.0596552319378));
#18531=CARTESIAN_POINT('Origin',(73.125,23.2874953065074,24.6748749251323));
#18532=CARTESIAN_POINT('',(72.925,22.9528887850123,24.5852173779155));
#18533=CARTESIAN_POINT('',(73.325,22.9528887850123,24.5852173779155));
#18534=CARTESIAN_POINT('Origin',(76.5,24.7235149612573,25.0596552319378));
#18535=CARTESIAN_POINT('',(76.5,24.7235149612573,25.0596552319378));
#18536=CARTESIAN_POINT('Origin',(76.3,25.0581214827525,25.1493127791546));
#18537=CARTESIAN_POINT('',(76.7,25.0581214827525,25.1493127791546));
#18538=CARTESIAN_POINT('Origin',(76.3,28.5993738352425,26.0981884871991));
#18539=CARTESIAN_POINT('',(76.7,28.5993738352425,26.0981884871991));
#18540=CARTESIAN_POINT('',(76.5,28.9339803567376,26.1878460344159));
#18541=CARTESIAN_POINT('Origin',(73.325,30.7046065329827,26.6622838884382));
#18542=CARTESIAN_POINT('',(73.325,30.7046065329827,26.6622838884382));
#18543=CARTESIAN_POINT('Origin',(73.125,30.3700000114875,26.5726263412213));
#18544=CARTESIAN_POINT('',(72.925,30.7046065329827,26.6622838884382));
#18545=CARTESIAN_POINT('Origin',(69.75,28.9339803567376,26.1878460344159));
#18546=CARTESIAN_POINT('Origin',(72.925,22.9528887850123,24.5852173779155));
#18547=CARTESIAN_POINT('Origin',(76.7,28.5993738352425,26.0981884871991));
#18548=CARTESIAN_POINT('Origin',(79.3,28.5993738352425,26.0981884871991));
#18549=CARTESIAN_POINT('',(79.1,32.2209822295397,13.9205880405447));
#18550=CARTESIAN_POINT('',(78.9,31.8863757080445,13.8309304933279));
#18551=CARTESIAN_POINT('Origin',(79.3,31.8863757080445,13.8309304933279));
#18552=CARTESIAN_POINT('',(79.1,28.9339803567376,26.1878460344159));
#18553=CARTESIAN_POINT('',(78.9,28.5993738352425,26.0981884871991));
#18554=CARTESIAN_POINT('Origin',(82.475,30.1157495317995,13.3564926393057));
#18555=CARTESIAN_POINT('',(78.9,28.3451233555545,12.8820547852834));
#18556=CARTESIAN_POINT('',(78.9,29.230436443677,13.1192737122945));
#18557=CARTESIAN_POINT('',(79.1,28.0105168340593,12.7923972380666));
#18558=CARTESIAN_POINT('Origin',(79.3,28.3451233555545,12.8820547852834));
#18559=CARTESIAN_POINT('',(82.275,26.2398906578143,12.3179593840443));
#18560=CARTESIAN_POINT('',(81.48125,26.6825472018756,12.4365688475499));
#18561=CARTESIAN_POINT('',(82.675,26.2398906578143,12.3179593840443));
#18562=CARTESIAN_POINT('Origin',(82.475,26.5744971793094,12.4076169312611));
#18563=CARTESIAN_POINT('',(85.85,28.0105168340593,12.7923972380666));
#18564=CARTESIAN_POINT('',(85.05625,27.5678602899981,12.673787774561));
#18565=CARTESIAN_POINT('',(86.05,28.3451233555545,12.8820547852834));
#18566=CARTESIAN_POINT('Origin',(85.65,28.3451233555545,12.8820547852834));
#18567=CARTESIAN_POINT('',(86.05,31.8863757080445,13.8309304933279));
#18568=CARTESIAN_POINT('',(86.05,31.001062619922,13.5937115663168));
#18569=CARTESIAN_POINT('',(85.85,32.2209822295397,13.9205880405447));
#18570=CARTESIAN_POINT('Origin',(85.65,31.8863757080445,13.8309304933279));
#18571=CARTESIAN_POINT('',(82.675,33.9916084057847,14.395025894567));
#18572=CARTESIAN_POINT('',(83.46875,33.5489518617234,14.2764164310614));
#18573=CARTESIAN_POINT('',(82.275,33.9916084057847,14.395025894567));
#18574=CARTESIAN_POINT('Origin',(82.475,33.6570018842896,14.3053683473502));
#18575=CARTESIAN_POINT('',(79.89375,32.6636387736009,14.0391975040503));
#18576=CARTESIAN_POINT('Origin',(78.9,25.0581214827525,25.1493127791546));
#18577=CARTESIAN_POINT('',(78.9,25.0581214827525,25.1493127791546));
#18578=CARTESIAN_POINT('Origin',(79.3,25.0581214827525,25.1493127791546));
#18579=CARTESIAN_POINT('',(79.1,24.7235149612573,25.0596552319378));
#18580=CARTESIAN_POINT('Origin',(82.475,23.2874953065074,24.6748749251323));
#18581=CARTESIAN_POINT('',(82.275,22.9528887850123,24.5852173779155));
#18582=CARTESIAN_POINT('',(82.675,22.9528887850123,24.5852173779155));
#18583=CARTESIAN_POINT('Origin',(85.85,24.7235149612573,25.0596552319378));
#18584=CARTESIAN_POINT('',(85.85,24.7235149612573,25.0596552319378));
#18585=CARTESIAN_POINT('Origin',(85.65,25.0581214827525,25.1493127791546));
#18586=CARTESIAN_POINT('',(86.05,25.0581214827525,25.1493127791546));
#18587=CARTESIAN_POINT('Origin',(85.65,28.5993738352425,26.0981884871991));
#18588=CARTESIAN_POINT('',(86.05,28.5993738352425,26.0981884871991));
#18589=CARTESIAN_POINT('',(85.85,28.9339803567376,26.1878460344159));
#18590=CARTESIAN_POINT('Origin',(82.675,30.7046065329827,26.6622838884382));
#18591=CARTESIAN_POINT('',(82.675,30.7046065329827,26.6622838884382));
#18592=CARTESIAN_POINT('Origin',(82.475,30.3700000114875,26.5726263412213));
#18593=CARTESIAN_POINT('',(82.275,30.7046065329827,26.6622838884382));
#18594=CARTESIAN_POINT('Origin',(79.1,28.9339803567376,26.1878460344159));
#18595=CARTESIAN_POINT('Origin',(82.275,22.9528887850123,24.5852173779155));
#18596=CARTESIAN_POINT('Origin',(86.05,28.5993738352425,26.0981884871991));
#18597=CARTESIAN_POINT('Origin',(88.65,28.5993738352425,26.0981884871991));
#18598=CARTESIAN_POINT('',(88.45,32.2209822295397,13.9205880405447));
#18599=CARTESIAN_POINT('',(88.25,31.8863757080445,13.8309304933279));
#18600=CARTESIAN_POINT('Origin',(88.65,31.8863757080445,13.8309304933279));
#18601=CARTESIAN_POINT('',(88.45,28.9339803567376,26.1878460344159));
#18602=CARTESIAN_POINT('',(88.25,28.5993738352425,26.0981884871991));
#18603=CARTESIAN_POINT('Origin',(91.825,30.1157495317995,13.3564926393057));
#18604=CARTESIAN_POINT('',(88.25,28.3451233555545,12.8820547852834));
#18605=CARTESIAN_POINT('',(88.25,29.230436443677,13.1192737122945));
#18606=CARTESIAN_POINT('',(88.45,28.0105168340593,12.7923972380666));
#18607=CARTESIAN_POINT('Origin',(88.65,28.3451233555545,12.8820547852834));
#18608=CARTESIAN_POINT('',(91.625,26.2398906578143,12.3179593840443));
#18609=CARTESIAN_POINT('',(90.83125,26.6825472018756,12.4365688475499));
#18610=CARTESIAN_POINT('',(92.025,26.2398906578143,12.3179593840443));
#18611=CARTESIAN_POINT('Origin',(91.825,26.5744971793094,12.4076169312611));
#18612=CARTESIAN_POINT('',(95.2,28.0105168340593,12.7923972380666));
#18613=CARTESIAN_POINT('',(94.40625,27.5678602899981,12.673787774561));
#18614=CARTESIAN_POINT('',(95.4,28.3451233555545,12.8820547852834));
#18615=CARTESIAN_POINT('Origin',(95.,28.3451233555545,12.8820547852834));
#18616=CARTESIAN_POINT('',(95.4,31.8863757080445,13.8309304933279));
#18617=CARTESIAN_POINT('',(95.4,31.001062619922,13.5937115663168));
#18618=CARTESIAN_POINT('',(95.2,32.2209822295397,13.9205880405447));
#18619=CARTESIAN_POINT('Origin',(95.,31.8863757080445,13.8309304933279));
#18620=CARTESIAN_POINT('',(92.025,33.9916084057847,14.395025894567));
#18621=CARTESIAN_POINT('',(92.81875,33.5489518617234,14.2764164310614));
#18622=CARTESIAN_POINT('',(91.625,33.9916084057847,14.395025894567));
#18623=CARTESIAN_POINT('Origin',(91.825,33.6570018842896,14.3053683473502));
#18624=CARTESIAN_POINT('',(89.24375,32.6636387736009,14.0391975040503));
#18625=CARTESIAN_POINT('Origin',(88.25,25.0581214827525,25.1493127791546));
#18626=CARTESIAN_POINT('',(88.25,25.0581214827525,25.1493127791546));
#18627=CARTESIAN_POINT('Origin',(88.65,25.0581214827525,25.1493127791546));
#18628=CARTESIAN_POINT('',(88.45,24.7235149612573,25.0596552319378));
#18629=CARTESIAN_POINT('Origin',(91.825,23.2874953065074,24.6748749251323));
#18630=CARTESIAN_POINT('',(91.625,22.9528887850123,24.5852173779155));
#18631=CARTESIAN_POINT('',(92.025,22.9528887850123,24.5852173779155));
#18632=CARTESIAN_POINT('Origin',(95.2,24.7235149612573,25.0596552319378));
#18633=CARTESIAN_POINT('',(95.2,24.7235149612573,25.0596552319378));
#18634=CARTESIAN_POINT('Origin',(95.,25.0581214827525,25.1493127791546));
#18635=CARTESIAN_POINT('',(95.4,25.0581214827525,25.1493127791546));
#18636=CARTESIAN_POINT('Origin',(95.,28.5993738352425,26.0981884871991));
#18637=CARTESIAN_POINT('',(95.4,28.5993738352425,26.0981884871991));
#18638=CARTESIAN_POINT('',(95.2,28.9339803567376,26.1878460344159));
#18639=CARTESIAN_POINT('Origin',(92.025,30.7046065329827,26.6622838884382));
#18640=CARTESIAN_POINT('',(92.025,30.7046065329827,26.6622838884382));
#18641=CARTESIAN_POINT('Origin',(91.825,30.3700000114875,26.5726263412213));
#18642=CARTESIAN_POINT('',(91.625,30.7046065329827,26.6622838884382));
#18643=CARTESIAN_POINT('Origin',(88.45,28.9339803567376,26.1878460344159));
#18644=CARTESIAN_POINT('Origin',(91.625,22.9528887850123,24.5852173779155));
#18645=CARTESIAN_POINT('Origin',(95.4,28.5993738352425,26.0981884871991));
#18646=CARTESIAN_POINT('Origin',(4.49999999999999,40.152623367042,32.480874242002));
#18647=CARTESIAN_POINT('',(4.3,40.4872298885371,32.5705317892188));
#18648=CARTESIAN_POINT('',(4.09999999999999,43.439625239844,20.2136162481308));
#18649=CARTESIAN_POINT('Origin',(4.09999999999999,36.611371014552,31.5319985339575));
#18650=CARTESIAN_POINT('',(4.09999999999999,36.6113710145519,31.5319985339575));
#18651=CARTESIAN_POINT('Origin',(4.49999999999999,36.6113710145519,31.5319985339575));
#18652=CARTESIAN_POINT('',(4.3,39.5637663658588,19.1750829928695));
#18653=CARTESIAN_POINT('Origin',(7.67499999999998,34.8407448383069,31.0575606799352));
#18654=CARTESIAN_POINT('',(7.47499999999999,37.7931401896138,18.7006451388473));
#18655=CARTESIAN_POINT('',(7.87499999999999,37.7931401896138,18.7006451388472));
#18656=CARTESIAN_POINT('Origin',(11.05,36.2767644930568,31.4423409867407));
#18657=CARTESIAN_POINT('',(11.05,39.5637663658588,19.1750829928695));
#18658=CARTESIAN_POINT('Origin',(10.85,36.611371014552,31.5319985339575));
#18659=CARTESIAN_POINT('',(11.25,39.898372887354,19.2647405400863));
#18660=CARTESIAN_POINT('Origin',(10.85,40.152623367042,32.480874242002));
#18661=CARTESIAN_POINT('',(11.25,43.439625239844,20.2136162481308));
#18662=CARTESIAN_POINT('',(11.05,43.7742317613391,20.3032737953476));
#18663=CARTESIAN_POINT('Origin',(7.875,42.2578560647822,33.0449696432411));
#18664=CARTESIAN_POINT('',(7.875,45.5448579375842,20.7777116493699));
#18665=CARTESIAN_POINT('Origin',(7.67499999999998,41.923249543287,32.9553120960243));
#18666=CARTESIAN_POINT('',(7.47499999999999,45.5448579375842,20.7777116493699));
#18667=CARTESIAN_POINT('Origin',(4.3,40.4872298885371,32.5705317892188));
#18668=CARTESIAN_POINT('Origin',(7.47499999999999,34.5061383168118,30.9679031327184));
#18669=CARTESIAN_POINT('Origin',(11.25,40.152623367042,32.480874242002));
#18670=CARTESIAN_POINT('Origin',(13.85,40.152623367042,32.480874242002));
#18671=CARTESIAN_POINT('',(13.65,40.4872298885371,32.5705317892188));
#18672=CARTESIAN_POINT('',(13.45,43.439625239844,20.2136162481308));
#18673=CARTESIAN_POINT('Origin',(13.45,36.611371014552,31.5319985339575));
#18674=CARTESIAN_POINT('',(13.45,36.6113710145519,31.5319985339575));
#18675=CARTESIAN_POINT('Origin',(13.85,36.6113710145519,31.5319985339575));
#18676=CARTESIAN_POINT('',(13.65,39.5637663658588,19.1750829928695));
#18677=CARTESIAN_POINT('Origin',(17.025,34.8407448383069,31.0575606799352));
#18678=CARTESIAN_POINT('',(16.825,37.7931401896138,18.7006451388473));
#18679=CARTESIAN_POINT('',(17.225,37.7931401896138,18.7006451388472));
#18680=CARTESIAN_POINT('Origin',(20.4,36.2767644930568,31.4423409867407));
#18681=CARTESIAN_POINT('',(20.4,39.5637663658588,19.1750829928695));
#18682=CARTESIAN_POINT('Origin',(20.2,36.611371014552,31.5319985339575));
#18683=CARTESIAN_POINT('',(20.6,39.898372887354,19.2647405400863));
#18684=CARTESIAN_POINT('Origin',(20.2,40.152623367042,32.480874242002));
#18685=CARTESIAN_POINT('',(20.6,43.439625239844,20.2136162481308));
#18686=CARTESIAN_POINT('',(20.4,43.7742317613391,20.3032737953476));
#18687=CARTESIAN_POINT('Origin',(17.225,42.2578560647822,33.0449696432411));
#18688=CARTESIAN_POINT('',(17.225,45.5448579375842,20.7777116493699));
#18689=CARTESIAN_POINT('Origin',(17.025,41.923249543287,32.9553120960243));
#18690=CARTESIAN_POINT('',(16.825,45.5448579375842,20.7777116493699));
#18691=CARTESIAN_POINT('Origin',(13.65,40.4872298885371,32.5705317892188));
#18692=CARTESIAN_POINT('Origin',(16.825,34.5061383168118,30.9679031327184));
#18693=CARTESIAN_POINT('Origin',(20.6,40.152623367042,32.480874242002));
#18694=CARTESIAN_POINT('Origin',(23.2,40.152623367042,32.480874242002));
#18695=CARTESIAN_POINT('',(23.,40.4872298885371,32.5705317892188));
#18696=CARTESIAN_POINT('',(22.8,43.439625239844,20.2136162481308));
#18697=CARTESIAN_POINT('Origin',(22.8,36.611371014552,31.5319985339575));
#18698=CARTESIAN_POINT('',(22.8,36.611371014552,31.5319985339575));
#18699=CARTESIAN_POINT('Origin',(23.2,36.611371014552,31.5319985339575));
#18700=CARTESIAN_POINT('',(23.,39.5637663658588,19.1750829928695));
#18701=CARTESIAN_POINT('Origin',(26.375,34.8407448383069,31.0575606799352));
#18702=CARTESIAN_POINT('',(26.175,37.7931401896138,18.7006451388473));
#18703=CARTESIAN_POINT('',(26.575,37.7931401896138,18.7006451388473));
#18704=CARTESIAN_POINT('Origin',(29.75,36.2767644930568,31.4423409867407));
#18705=CARTESIAN_POINT('',(29.75,39.5637663658588,19.1750829928695));
#18706=CARTESIAN_POINT('Origin',(29.55,36.611371014552,31.5319985339575));
#18707=CARTESIAN_POINT('',(29.95,39.898372887354,19.2647405400863));
#18708=CARTESIAN_POINT('Origin',(29.55,40.152623367042,32.480874242002));
#18709=CARTESIAN_POINT('',(29.95,43.439625239844,20.2136162481308));
#18710=CARTESIAN_POINT('',(29.75,43.7742317613391,20.3032737953476));
#18711=CARTESIAN_POINT('Origin',(26.575,42.2578560647822,33.0449696432411));
#18712=CARTESIAN_POINT('',(26.575,45.5448579375842,20.7777116493699));
#18713=CARTESIAN_POINT('Origin',(26.375,41.923249543287,32.9553120960243));
#18714=CARTESIAN_POINT('',(26.175,45.5448579375842,20.7777116493699));
#18715=CARTESIAN_POINT('Origin',(23.,40.4872298885371,32.5705317892188));
#18716=CARTESIAN_POINT('Origin',(26.175,34.5061383168118,30.9679031327184));
#18717=CARTESIAN_POINT('Origin',(29.95,40.152623367042,32.480874242002));
#18718=CARTESIAN_POINT('Origin',(32.55,40.152623367042,32.480874242002));
#18719=CARTESIAN_POINT('',(32.35,40.4872298885371,32.5705317892188));
#18720=CARTESIAN_POINT('',(32.15,43.439625239844,20.2136162481308));
#18721=CARTESIAN_POINT('Origin',(32.15,36.611371014552,31.5319985339575));
#18722=CARTESIAN_POINT('',(32.15,36.611371014552,31.5319985339575));
#18723=CARTESIAN_POINT('Origin',(32.55,36.611371014552,31.5319985339575));
#18724=CARTESIAN_POINT('',(32.35,39.5637663658588,19.1750829928695));
#18725=CARTESIAN_POINT('Origin',(35.725,34.8407448383069,31.0575606799352));
#18726=CARTESIAN_POINT('',(35.525,37.7931401896138,18.7006451388473));
#18727=CARTESIAN_POINT('',(35.925,37.7931401896138,18.7006451388473));
#18728=CARTESIAN_POINT('Origin',(39.1,36.2767644930568,31.4423409867407));
#18729=CARTESIAN_POINT('',(39.1,39.5637663658588,19.1750829928695));
#18730=CARTESIAN_POINT('Origin',(38.9,36.611371014552,31.5319985339575));
#18731=CARTESIAN_POINT('',(39.3,39.898372887354,19.2647405400863));
#18732=CARTESIAN_POINT('Origin',(38.9,40.152623367042,32.480874242002));
#18733=CARTESIAN_POINT('',(39.3,43.439625239844,20.2136162481308));
#18734=CARTESIAN_POINT('',(39.1,43.7742317613391,20.3032737953476));
#18735=CARTESIAN_POINT('Origin',(35.925,42.2578560647822,33.0449696432411));
#18736=CARTESIAN_POINT('',(35.925,45.5448579375842,20.7777116493699));
#18737=CARTESIAN_POINT('Origin',(35.725,41.923249543287,32.9553120960243));
#18738=CARTESIAN_POINT('',(35.525,45.5448579375842,20.7777116493699));
#18739=CARTESIAN_POINT('Origin',(32.35,40.4872298885371,32.5705317892188));
#18740=CARTESIAN_POINT('Origin',(35.525,34.5061383168118,30.9679031327184));
#18741=CARTESIAN_POINT('Origin',(39.3,40.152623367042,32.480874242002));
#18742=CARTESIAN_POINT('Origin',(51.25,40.152623367042,32.480874242002));
#18743=CARTESIAN_POINT('',(51.05,40.4872298885371,32.5705317892188));
#18744=CARTESIAN_POINT('',(50.85,43.439625239844,20.2136162481308));
#18745=CARTESIAN_POINT('Origin',(50.85,36.611371014552,31.5319985339575));
#18746=CARTESIAN_POINT('',(50.85,36.611371014552,31.5319985339575));
#18747=CARTESIAN_POINT('Origin',(51.25,36.611371014552,31.5319985339575));
#18748=CARTESIAN_POINT('',(51.05,39.5637663658588,19.1750829928695));
#18749=CARTESIAN_POINT('Origin',(54.425,34.8407448383069,31.0575606799352));
#18750=CARTESIAN_POINT('',(54.225,37.7931401896138,18.7006451388473));
#18751=CARTESIAN_POINT('',(54.625,37.7931401896138,18.7006451388473));
#18752=CARTESIAN_POINT('Origin',(57.8,36.2767644930568,31.4423409867407));
#18753=CARTESIAN_POINT('',(57.8,39.5637663658588,19.1750829928695));
#18754=CARTESIAN_POINT('Origin',(57.6,36.611371014552,31.5319985339575));
#18755=CARTESIAN_POINT('',(58.,39.898372887354,19.2647405400863));
#18756=CARTESIAN_POINT('Origin',(57.6,40.152623367042,32.480874242002));
#18757=CARTESIAN_POINT('',(58.,43.439625239844,20.2136162481308));
#18758=CARTESIAN_POINT('',(57.8,43.7742317613391,20.3032737953476));
#18759=CARTESIAN_POINT('Origin',(54.625,42.2578560647822,33.0449696432411));
#18760=CARTESIAN_POINT('',(54.625,45.5448579375842,20.7777116493699));
#18761=CARTESIAN_POINT('Origin',(54.425,41.923249543287,32.9553120960243));
#18762=CARTESIAN_POINT('',(54.225,45.5448579375842,20.7777116493699));
#18763=CARTESIAN_POINT('Origin',(51.05,40.4872298885371,32.5705317892188));
#18764=CARTESIAN_POINT('Origin',(54.225,34.5061383168118,30.9679031327184));
#18765=CARTESIAN_POINT('Origin',(58.,40.152623367042,32.480874242002));
#18766=CARTESIAN_POINT('Origin',(60.6,40.152623367042,32.480874242002));
#18767=CARTESIAN_POINT('',(60.4,40.4872298885371,32.5705317892188));
#18768=CARTESIAN_POINT('',(60.2,43.439625239844,20.2136162481308));
#18769=CARTESIAN_POINT('Origin',(60.2,36.611371014552,31.5319985339575));
#18770=CARTESIAN_POINT('',(60.2,36.611371014552,31.5319985339575));
#18771=CARTESIAN_POINT('Origin',(60.6,36.611371014552,31.5319985339575));
#18772=CARTESIAN_POINT('',(60.4,39.5637663658588,19.1750829928695));
#18773=CARTESIAN_POINT('Origin',(63.775,34.8407448383069,31.0575606799352));
#18774=CARTESIAN_POINT('',(63.575,37.7931401896138,18.7006451388473));
#18775=CARTESIAN_POINT('',(63.975,37.7931401896138,18.7006451388473));
#18776=CARTESIAN_POINT('Origin',(67.15,36.2767644930568,31.4423409867407));
#18777=CARTESIAN_POINT('',(67.15,39.5637663658588,19.1750829928695));
#18778=CARTESIAN_POINT('Origin',(66.95,36.611371014552,31.5319985339575));
#18779=CARTESIAN_POINT('',(67.35,39.898372887354,19.2647405400863));
#18780=CARTESIAN_POINT('Origin',(66.95,40.152623367042,32.480874242002));
#18781=CARTESIAN_POINT('',(67.35,43.439625239844,20.2136162481308));
#18782=CARTESIAN_POINT('',(67.15,43.7742317613391,20.3032737953476));
#18783=CARTESIAN_POINT('Origin',(63.975,42.2578560647822,33.0449696432411));
#18784=CARTESIAN_POINT('',(63.975,45.5448579375842,20.7777116493699));
#18785=CARTESIAN_POINT('Origin',(63.775,41.923249543287,32.9553120960243));
#18786=CARTESIAN_POINT('',(63.575,45.5448579375842,20.7777116493699));
#18787=CARTESIAN_POINT('Origin',(60.4,40.4872298885371,32.5705317892188));
#18788=CARTESIAN_POINT('Origin',(63.575,34.5061383168118,30.9679031327184));
#18789=CARTESIAN_POINT('Origin',(67.35,40.152623367042,32.480874242002));
#18790=CARTESIAN_POINT('Origin',(69.95,40.152623367042,32.480874242002));
#18791=CARTESIAN_POINT('',(69.75,43.7742317613391,20.3032737953476));
#18792=CARTESIAN_POINT('',(69.55,43.439625239844,20.2136162481308));
#18793=CARTESIAN_POINT('Origin',(69.95,43.439625239844,20.2136162481308));
#18794=CARTESIAN_POINT('',(69.75,40.4872298885371,32.5705317892188));
#18795=CARTESIAN_POINT('',(69.55,40.152623367042,32.480874242002));
#18796=CARTESIAN_POINT('Origin',(73.125,41.668999063599,19.7391783941086));
#18797=CARTESIAN_POINT('',(69.55,39.898372887354,19.2647405400863));
#18798=CARTESIAN_POINT('',(69.55,40.7836859754765,19.5019594670975));
#18799=CARTESIAN_POINT('',(69.75,39.5637663658588,19.1750829928695));
#18800=CARTESIAN_POINT('Origin',(69.95,39.898372887354,19.2647405400863));
#18801=CARTESIAN_POINT('',(72.925,37.7931401896138,18.7006451388473));
#18802=CARTESIAN_POINT('',(72.13125,38.2357967336751,18.8192546023528));
#18803=CARTESIAN_POINT('',(73.325,37.7931401896138,18.7006451388473));
#18804=CARTESIAN_POINT('Origin',(73.125,38.1277467111089,18.7903026860641));
#18805=CARTESIAN_POINT('',(76.5,39.5637663658589,19.1750829928695));
#18806=CARTESIAN_POINT('',(75.70625,39.1211098217976,19.056473529364));
#18807=CARTESIAN_POINT('',(76.7,39.898372887354,19.2647405400863));
#18808=CARTESIAN_POINT('Origin',(76.3,39.898372887354,19.2647405400863));
#18809=CARTESIAN_POINT('',(76.7,43.439625239844,20.2136162481308));
#18810=CARTESIAN_POINT('',(76.7,42.5543121517215,19.9763973211197));
#18811=CARTESIAN_POINT('',(76.5,43.7742317613391,20.3032737953476));
#18812=CARTESIAN_POINT('Origin',(76.3,43.439625239844,20.2136162481308));
#18813=CARTESIAN_POINT('',(73.325,45.5448579375842,20.7777116493699));
#18814=CARTESIAN_POINT('',(74.11875,45.1022013935229,20.6591021858643));
#18815=CARTESIAN_POINT('',(72.925,45.5448579375842,20.7777116493699));
#18816=CARTESIAN_POINT('Origin',(73.125,45.210251416089,20.6880541021531));
#18817=CARTESIAN_POINT('',(70.54375,44.2168883054004,20.4218832588532));
#18818=CARTESIAN_POINT('Origin',(69.55,36.611371014552,31.5319985339575));
#18819=CARTESIAN_POINT('',(69.55,36.611371014552,31.5319985339575));
#18820=CARTESIAN_POINT('Origin',(69.95,36.611371014552,31.5319985339575));
#18821=CARTESIAN_POINT('',(69.75,36.2767644930568,31.4423409867407));
#18822=CARTESIAN_POINT('Origin',(73.125,34.8407448383069,31.0575606799352));
#18823=CARTESIAN_POINT('',(72.925,34.5061383168118,30.9679031327184));
#18824=CARTESIAN_POINT('',(73.325,34.5061383168118,30.9679031327184));
#18825=CARTESIAN_POINT('Origin',(76.5,36.2767644930568,31.4423409867407));
#18826=CARTESIAN_POINT('',(76.5,36.2767644930568,31.4423409867407));
#18827=CARTESIAN_POINT('Origin',(76.3,36.611371014552,31.5319985339575));
#18828=CARTESIAN_POINT('',(76.7,36.611371014552,31.5319985339575));
#18829=CARTESIAN_POINT('Origin',(76.3,40.152623367042,32.480874242002));
#18830=CARTESIAN_POINT('',(76.7,40.152623367042,32.480874242002));
#18831=CARTESIAN_POINT('',(76.5,40.4872298885371,32.5705317892188));
#18832=CARTESIAN_POINT('Origin',(73.325,42.2578560647822,33.0449696432411));
#18833=CARTESIAN_POINT('',(73.325,42.2578560647822,33.0449696432411));
#18834=CARTESIAN_POINT('Origin',(73.125,41.923249543287,32.9553120960243));
#18835=CARTESIAN_POINT('',(72.925,42.2578560647822,33.0449696432411));
#18836=CARTESIAN_POINT('Origin',(69.75,40.4872298885371,32.5705317892188));
#18837=CARTESIAN_POINT('Origin',(72.925,34.5061383168118,30.9679031327184));
#18838=CARTESIAN_POINT('Origin',(76.7,40.152623367042,32.480874242002));
#18839=CARTESIAN_POINT('Origin',(79.3,40.152623367042,32.480874242002));
#18840=CARTESIAN_POINT('',(79.1,43.7742317613391,20.3032737953476));
#18841=CARTESIAN_POINT('',(78.9,43.439625239844,20.2136162481308));
#18842=CARTESIAN_POINT('Origin',(79.3,43.439625239844,20.2136162481308));
#18843=CARTESIAN_POINT('',(79.1,40.4872298885371,32.5705317892188));
#18844=CARTESIAN_POINT('',(78.9,40.152623367042,32.480874242002));
#18845=CARTESIAN_POINT('Origin',(82.475,41.668999063599,19.7391783941086));
#18846=CARTESIAN_POINT('',(78.9,39.898372887354,19.2647405400863));
#18847=CARTESIAN_POINT('',(78.9,40.7836859754765,19.5019594670975));
#18848=CARTESIAN_POINT('',(79.1,39.5637663658588,19.1750829928695));
#18849=CARTESIAN_POINT('Origin',(79.3,39.898372887354,19.2647405400863));
#18850=CARTESIAN_POINT('',(82.275,37.7931401896138,18.7006451388473));
#18851=CARTESIAN_POINT('',(81.48125,38.2357967336751,18.8192546023528));
#18852=CARTESIAN_POINT('',(82.675,37.7931401896138,18.7006451388473));
#18853=CARTESIAN_POINT('Origin',(82.475,38.1277467111089,18.7903026860641));
#18854=CARTESIAN_POINT('',(85.85,39.5637663658589,19.1750829928695));
#18855=CARTESIAN_POINT('',(85.05625,39.1211098217976,19.056473529364));
#18856=CARTESIAN_POINT('',(86.05,39.898372887354,19.2647405400863));
#18857=CARTESIAN_POINT('Origin',(85.65,39.898372887354,19.2647405400863));
#18858=CARTESIAN_POINT('',(86.05,43.439625239844,20.2136162481308));
#18859=CARTESIAN_POINT('',(86.05,42.5543121517215,19.9763973211197));
#18860=CARTESIAN_POINT('',(85.85,43.7742317613391,20.3032737953476));
#18861=CARTESIAN_POINT('Origin',(85.65,43.439625239844,20.2136162481308));
#18862=CARTESIAN_POINT('',(82.675,45.5448579375842,20.7777116493699));
#18863=CARTESIAN_POINT('',(83.46875,45.1022013935229,20.6591021858643));
#18864=CARTESIAN_POINT('',(82.275,45.5448579375842,20.7777116493699));
#18865=CARTESIAN_POINT('Origin',(82.475,45.210251416089,20.6880541021531));
#18866=CARTESIAN_POINT('',(79.89375,44.2168883054004,20.4218832588532));
#18867=CARTESIAN_POINT('Origin',(78.9,36.611371014552,31.5319985339575));
#18868=CARTESIAN_POINT('',(78.9,36.611371014552,31.5319985339575));
#18869=CARTESIAN_POINT('Origin',(79.3,36.611371014552,31.5319985339575));
#18870=CARTESIAN_POINT('',(79.1,36.2767644930568,31.4423409867407));
#18871=CARTESIAN_POINT('Origin',(82.475,34.8407448383069,31.0575606799352));
#18872=CARTESIAN_POINT('',(82.275,34.5061383168118,30.9679031327184));
#18873=CARTESIAN_POINT('',(82.675,34.5061383168118,30.9679031327184));
#18874=CARTESIAN_POINT('Origin',(85.85,36.2767644930568,31.4423409867407));
#18875=CARTESIAN_POINT('',(85.85,36.2767644930568,31.4423409867407));
#18876=CARTESIAN_POINT('Origin',(85.65,36.611371014552,31.5319985339575));
#18877=CARTESIAN_POINT('',(86.05,36.611371014552,31.5319985339575));
#18878=CARTESIAN_POINT('Origin',(85.65,40.152623367042,32.480874242002));
#18879=CARTESIAN_POINT('',(86.05,40.152623367042,32.480874242002));
#18880=CARTESIAN_POINT('',(85.85,40.4872298885371,32.5705317892188));
#18881=CARTESIAN_POINT('Origin',(82.675,42.2578560647822,33.0449696432411));
#18882=CARTESIAN_POINT('',(82.675,42.2578560647822,33.0449696432411));
#18883=CARTESIAN_POINT('Origin',(82.475,41.923249543287,32.9553120960243));
#18884=CARTESIAN_POINT('',(82.275,42.2578560647822,33.0449696432411));
#18885=CARTESIAN_POINT('Origin',(79.1,40.4872298885371,32.5705317892188));
#18886=CARTESIAN_POINT('Origin',(82.275,34.5061383168118,30.9679031327184));
#18887=CARTESIAN_POINT('Origin',(86.05,40.152623367042,32.480874242002));
#18888=CARTESIAN_POINT('Origin',(88.65,40.152623367042,32.480874242002));
#18889=CARTESIAN_POINT('',(88.45,43.7742317613391,20.3032737953476));
#18890=CARTESIAN_POINT('',(88.25,43.439625239844,20.2136162481308));
#18891=CARTESIAN_POINT('Origin',(88.65,43.439625239844,20.2136162481308));
#18892=CARTESIAN_POINT('',(88.45,40.4872298885371,32.5705317892188));
#18893=CARTESIAN_POINT('',(88.25,40.152623367042,32.480874242002));
#18894=CARTESIAN_POINT('Origin',(91.825,41.668999063599,19.7391783941086));
#18895=CARTESIAN_POINT('',(88.25,39.898372887354,19.2647405400863));
#18896=CARTESIAN_POINT('',(88.25,40.7836859754765,19.5019594670975));
#18897=CARTESIAN_POINT('',(88.45,39.5637663658588,19.1750829928695));
#18898=CARTESIAN_POINT('Origin',(88.65,39.898372887354,19.2647405400863));
#18899=CARTESIAN_POINT('',(91.625,37.7931401896138,18.7006451388473));
#18900=CARTESIAN_POINT('',(90.83125,38.2357967336751,18.8192546023528));
#18901=CARTESIAN_POINT('',(92.025,37.7931401896138,18.7006451388473));
#18902=CARTESIAN_POINT('Origin',(91.825,38.1277467111089,18.7903026860641));
#18903=CARTESIAN_POINT('',(95.2,39.5637663658589,19.1750829928695));
#18904=CARTESIAN_POINT('',(94.40625,39.1211098217976,19.056473529364));
#18905=CARTESIAN_POINT('',(95.4,39.898372887354,19.2647405400863));
#18906=CARTESIAN_POINT('Origin',(95.,39.898372887354,19.2647405400863));
#18907=CARTESIAN_POINT('',(95.4,43.439625239844,20.2136162481308));
#18908=CARTESIAN_POINT('',(95.4,42.5543121517215,19.9763973211197));
#18909=CARTESIAN_POINT('',(95.2,43.7742317613391,20.3032737953476));
#18910=CARTESIAN_POINT('Origin',(95.,43.439625239844,20.2136162481308));
#18911=CARTESIAN_POINT('',(92.025,45.5448579375842,20.7777116493699));
#18912=CARTESIAN_POINT('',(92.81875,45.1022013935229,20.6591021858643));
#18913=CARTESIAN_POINT('',(91.625,45.5448579375842,20.7777116493699));
#18914=CARTESIAN_POINT('Origin',(91.825,45.210251416089,20.6880541021531));
#18915=CARTESIAN_POINT('',(89.24375,44.2168883054004,20.4218832588532));
#18916=CARTESIAN_POINT('Origin',(88.25,36.611371014552,31.5319985339575));
#18917=CARTESIAN_POINT('',(88.25,36.611371014552,31.5319985339575));
#18918=CARTESIAN_POINT('Origin',(88.65,36.611371014552,31.5319985339575));
#18919=CARTESIAN_POINT('',(88.45,36.2767644930568,31.4423409867407));
#18920=CARTESIAN_POINT('Origin',(91.825,34.8407448383069,31.0575606799352));
#18921=CARTESIAN_POINT('',(91.625,34.5061383168118,30.9679031327184));
#18922=CARTESIAN_POINT('',(92.025,34.5061383168118,30.9679031327184));
#18923=CARTESIAN_POINT('Origin',(95.2,36.2767644930568,31.4423409867407));
#18924=CARTESIAN_POINT('',(95.2,36.2767644930568,31.4423409867407));
#18925=CARTESIAN_POINT('Origin',(95.,36.611371014552,31.5319985339575));
#18926=CARTESIAN_POINT('',(95.4,36.611371014552,31.5319985339575));
#18927=CARTESIAN_POINT('Origin',(95.,40.152623367042,32.480874242002));
#18928=CARTESIAN_POINT('',(95.4,40.152623367042,32.480874242002));
#18929=CARTESIAN_POINT('',(95.2,40.4872298885371,32.5705317892188));
#18930=CARTESIAN_POINT('Origin',(92.025,42.2578560647822,33.0449696432411));
#18931=CARTESIAN_POINT('',(92.025,42.2578560647822,33.0449696432411));
#18932=CARTESIAN_POINT('Origin',(91.825,41.923249543287,32.9553120960243));
#18933=CARTESIAN_POINT('',(91.625,42.2578560647822,33.0449696432411));
#18934=CARTESIAN_POINT('Origin',(88.45,40.4872298885371,32.5705317892188));
#18935=CARTESIAN_POINT('Origin',(91.625,34.5061383168118,30.9679031327184));
#18936=CARTESIAN_POINT('Origin',(95.4,40.152623367042,32.480874242002));
#18937=UNCERTAINTY_MEASURE_WITH_UNIT(LENGTH_MEASURE(0.01),#18941,
'DISTANCE_ACCURACY_VALUE',
'Maximum model space distance between geometric entities at asserted c
onnectivities');
#18938=UNCERTAINTY_MEASURE_WITH_UNIT(LENGTH_MEASURE(0.01),#18941,
'DISTANCE_ACCURACY_VALUE',
'Maximum model space distance between geometric entities at asserted c
onnectivities');
#18939=(
GEOMETRIC_REPRESENTATION_CONTEXT(3)
GLOBAL_UNCERTAINTY_ASSIGNED_CONTEXT((#18937))
GLOBAL_UNIT_ASSIGNED_CONTEXT((#18941,#18943,#18944))
REPRESENTATION_CONTEXT('','3D')
);
#18940=(
GEOMETRIC_REPRESENTATION_CONTEXT(3)
GLOBAL_UNCERTAINTY_ASSIGNED_CONTEXT((#18938))
GLOBAL_UNIT_ASSIGNED_CONTEXT((#18941,#18943,#18944))
REPRESENTATION_CONTEXT('','3D')
);
#18941=(
LENGTH_UNIT()
NAMED_UNIT(*)
SI_UNIT(.MILLI.,.METRE.)
);
#18942=(
LENGTH_UNIT()
NAMED_UNIT(*)
SI_UNIT($,.METRE.)
);
#18943=(
NAMED_UNIT(*)
PLANE_ANGLE_UNIT()
SI_UNIT($,.RADIAN.)
);
#18944=(
NAMED_UNIT(*)
SI_UNIT($,.STERADIAN.)
SOLID_ANGLE_UNIT()
);
#18945=SHAPE_DEFINITION_REPRESENTATION(#18946,#18947);
#18946=PRODUCT_DEFINITION_SHAPE('',$,#18949);
#18947=SHAPE_REPRESENTATION('',(#11149),#18939);
#18948=PRODUCT_DEFINITION_CONTEXT('part definition',#18953,'design');
#18949=PRODUCT_DEFINITION('1/4" Driver Bit Tray x 40',
'1/4" Driver Bit Tray x 40 v1',#18950,#18948);
#18950=PRODUCT_DEFINITION_FORMATION('',$,#18955);
#18951=PRODUCT_RELATED_PRODUCT_CATEGORY('1/4" Driver Bit Tray x 40 v1',
'1/4" Driver Bit Tray x 40 v1',(#18955));
#18952=APPLICATION_PROTOCOL_DEFINITION('international standard',
'automotive_design',2009,#18953);
#18953=APPLICATION_CONTEXT(
'Core Data for Automotive Mechanical Design Process');
#18954=PRODUCT_CONTEXT('part definition',#18953,'mechanical');
#18955=PRODUCT('1/4" Driver Bit Tray x 40',
'1/4" Driver Bit Tray x 40 v1',$,(#18954));
#18956=PRESENTATION_STYLE_ASSIGNMENT((#18957));
#18957=SURFACE_STYLE_USAGE(.BOTH.,#18958);
#18958=SURFACE_SIDE_STYLE('',(#18959));
#18959=SURFACE_STYLE_FILL_AREA(#18960);
#18960=FILL_AREA_STYLE('Steel - Satin',(#18961));
#18961=FILL_AREA_STYLE_COLOUR('Steel - Satin',#18962);
#18962=COLOUR_RGB('Steel - Satin',0.627450980392157,0.627450980392157,0.627450980392157);
ENDSEC;
END-ISO-10303-21;
